name,phone,website,email,address,street,city,state,zip,rating,review_count,category,hours_status,hours_detail,google_maps_url,search_keyword,search_place,search_type,search_state,scraped_at,place_id
AMMO Automotive & Recovery LLC,(302) 312-1101,https://www.ammoar.com/,,,,,DE,,4.7,15,Car repair and maintenance service,,,https://www.google.com/maps/place/AMMO+Automotive+%26+Recovery+LLC/data=!4m7!3m6!1s0x69cb3196f722a289:0x6737a2ccc3ac87cd!8m2!3d39.2057054!4d-75.8012036!16s%2Fg%2F11y6kggy4n!19sChIJiaIi95Yxy2kRzYesw8yiN2c?authuser=0&hl=en&rclk=1,auto repair shop,Kent County,county,DE,2026-07-23T02:02:36,0x69cb3196f722a289:0x6737a2ccc3ac87cd
Delaware Auto Keys,(302) 752-5229,https://www.delawareautokeys.com/,,,,,DE,,4.9,453,Key duplication service,,,https://www.google.com/maps/place/Delaware+Auto+Keys/data=!4m7!3m6!1s0x89b88597633fd6cd:0x8d2d3dfe5ebbd826!8m2!3d38.8630605!4d-77.235908!16s%2Fg%2F1hc1rxgkr!19sChIJzdY_Y5eFuIkRJti7Xv49LY0?authuser=0&hl=en&rclk=1,auto repair shop,Kent County,county,DE,2026-07-23T02:02:36,0x89b88597633fd6cd:0x8d2d3dfe5ebbd826
Dover AFB Auto Hobby Shop,(302) 677-3249,https://www.doverfss.com/auto-hobby,,"Dover, DE 19901, United States",,,DE,,4.6,16,Auto repair shop,,,https://www.google.com/maps/place/Dover+AFB+Auto+Hobby+Shop/data=!4m7!3m6!1s0x89c763adc56aae47:0x98f325b04ab07748!8m2!3d39.1267416!4d-75.4855588!16s%2Fg%2F11gmwmk84r!19sChIJR65qxa1jx4kRSHewSrAl85g?authuser=0&hl=en&rclk=1,auto repair shop,Kent County,county,DE,2026-07-23T02:02:36,0x89c763adc56aae47:0x98f325b04ab07748
Dre's home and auto repair,(302) 612-6728,,,,,,DE,,4.4,8,Repair service,,,https://www.google.com/maps/place/Dre%27s+home+and+auto+repair/data=!4m7!3m6!1s0x89c77b39df1d001d:0xa73bf18b588412f!8m2!3d38.8630605!4d-77.235908!16s%2Fg%2F11jm12fbph!19sChIJHQAd3zl7x4kRL0GItRi_cwo?authuser=0&hl=en&rclk=1,auto repair shop,Kent County,county,DE,2026-07-23T02:02:36,0x89c77b39df1d001d:0xa73bf18b588412f
Ruggiers Auto Repair LLC,(302) 505-0538,,,,,,DE,,5.0,23,Mechanic,,,https://www.google.com/maps/place/Ruggiers+Auto+Repair+LLC/data=!4m7!3m6!1s0x89b89905e5fff233:0x5f0f1770d2209854!8m2!3d40.2003813!4d-77.2024542!16s%2Fg%2F11ygx2j_j2!19sChIJM_L_5QWZuIkRVJgg0nAXD18?authuser=0&hl=en&rclk=1,auto repair shop,Kent County,county,DE,2026-07-23T02:02:36,0x89b89905e5fff233:0x5f0f1770d2209854
Trentec Automotive,(302) 268-4994,,,"Newark, DE 19711, United States",,,DE,,4.7,42,Auto repair shop,,,https://www.google.com/maps/place/Trentec+Automotive/data=!4m7!3m6!1s0x89c700a08e219553:0x617c5850245fa08a!8m2!3d39.6828114!4d-75.7077524!16s%2Fg%2F11g9d6bslc!19sChIJU5UhjqAAx4kRiqBfJFBYfGE?authuser=0&hl=en&rclk=1,auto repair shop,Newark,city,DE,2026-07-23T02:45:38,0x89c700a08e219553:0x617c5850245fa08a
Vital Repairs,(302) 572-4630,https://www.vitalsrepair.com/,,,,,DE,,5.0,27,Mechanic,,,https://www.google.com/maps/place/Vital+Repairs/data=!4m7!3m6!1s0x89c76599e675906b:0x7e670dc6347673fe!8m2!3d39.145324!4d-75.386594!16s%2Fg%2F11x95y5vv6!19sChIJa5B15pllx4kR_nN2NMYNZ34?authuser=0&hl=en&rclk=1,auto repair shop,Kent County,county,DE,2026-07-23T02:02:36,0x89c76599e675906b:0x7e670dc6347673fe
Wrench On The Go,(434) 321-3685,https://www.wrenchonthego.com/,,,,,DE,,4.9,135,Car repair and maintenance service,,,https://www.google.com/maps/place/Wrench+On+The+Go/data=!4m7!3m6!1s0x4354718e9d0f6c2d:0xa182771b7af26cac!8m2!3d39.049962!4d-75.613326!16s%2Fg%2F11vbs1nf1m!19sChIJLWwPnY5xVEMRrGzyeht3gqE?authuser=0&hl=en&rclk=1,auto repair shop,Kent County,county,DE,2026-07-23T02:02:36,0x4354718e9d0f6c2d:0xa182771b7af26cac
ASAP Automotive,(302) 328-1550,http://asapatt.com/,,"807 Pulaski Hwy #3, Bear, DE 19701, United States",807 Pulaski Hwy #3,Bear,DE,19701,4.9,582,Auto repair shop,,,https://www.google.com/maps/place/ASAP+Automotive/data=!4m7!3m6!1s0x89c706c0b9536b93:0x76f5b146af8a5b8d!8m2!3d39.6419277!4d-75.6453924!16s%2Fg%2F1tk1z_tr!19sChIJk2tTucAGx4kRjVuKr0ax9XY?authuser=0&hl=en&rclk=1,auto repair shop,New Castle County,county,DE,2026-07-23T02:12:24,0x89c706c0b9536b93:0x76f5b146af8a5b8d
Fairwinds Automotive,(302) 322-5296,http://www.fairwindsautomotive.com/,,"814 Pulaski Hwy, Bear, DE 19701, United States",814 Pulaski Hwy,Bear,DE,19701,4.6,47,Auto repair shop,,,https://www.google.com/maps/place/Fairwinds+Automotive/data=!4m7!3m6!1s0x89c706c055a87141:0x5e579c8e42c964e9!8m2!3d39.6407443!4d-75.6456169!16s%2Fg%2F1tknldlr!19sChIJQXGoVcAGx4kR6WTJQo6cV14?authuser=0&hl=en&rclk=1,auto repair shop,New Castle County,county,DE,2026-07-23T02:12:24,0x89c706c055a87141:0x5e579c8e42c964e9
Fox Run Auto,(302) 834-1200,https://www.foxrunauto.com/,,"610 Connor Blvd, Bear, DE 19701, United States",610 Connor Blvd,Bear,DE,19701,4.7,1661,Auto repair shop,,,https://www.google.com/maps/place/Fox+Run+Auto/data=!4m7!3m6!1s0x89c7078c2f0c9739:0xee2602e3042e6c!8m2!3d39.6095503!4d-75.7052632!16s%2Fg%2F1v42grzc!19sChIJOZcML4wHx4kRbC4E4wIm7gA?authuser=0&hl=en&rclk=1,auto repair shop,Newark,city,DE,2026-07-23T02:45:38,0x89c7078c2f0c9739:0xee2602e3042e6c
Integrity Auto Repair,(302) 836-4016,http://www.integrityfixed.com/,,"463 County Rd, Bear, DE 19701, United States",463 County Rd,Bear,DE,19701,4.8,165,Auto repair shop,,,https://www.google.com/maps/place/Integrity+Auto+Repair/data=!4m7!3m6!1s0x89c707c530ee3195:0xa1704ecb104fe215!8m2!3d39.5925979!4d-75.6805953!16s%2Fg%2F11b5yl3lq8!19sChIJlTHuMMUHx4kRFeJPEMtOcKE?authuser=0&hl=en&rclk=1,auto repair shop,New Castle County,county,DE,2026-07-23T02:12:24,0x89c707c530ee3195:0xa1704ecb104fe215
Kikes auto repair,(302) 584-6915,http://kikes-auto-repair-bear.poi.place/,,"3310 Wrangle Hill Rd, Bear, DE 19701, United States",3310 Wrangle Hill Rd,Bear,DE,19701,4.4,114,Auto repair shop,,,https://www.google.com/maps/place/Kikes+auto+repair/data=!4m7!3m6!1s0x89c707e70b5016fd:0x5deb5faa89df4568!8m2!3d39.5902519!4d-75.6920471!16s%2Fg%2F11btrqwyqt!19sChIJ_RZQC-cHx4kRaEXfiapf610?authuser=0&hl=en&rclk=1,auto repair shop,Newark,city,DE,2026-07-23T02:45:38,0x89c707e70b5016fd:0x5deb5faa89df4568
Latinos Auto Repair,(856) 625-7616,,,"3310 Wrangle Hill Rd, Bear, DE 19701, United States",3310 Wrangle Hill Rd,Bear,DE,19701,4.8,40,Auto repair shop,,,https://www.google.com/maps/place/Latinos+Auto+Repair/data=!4m7!3m6!1s0x89c707e773f9c85d:0x36d70119cc402bf6!8m2!3d39.590144!4d-75.692078!16s%2Fg%2F11c5hydmv5!19sChIJXcj5c-cHx4kR9itAzBkB1zY?authuser=0&hl=en&rclk=1,auto repair shop,New Castle County,county,DE,2026-07-23T02:12:24,0x89c707e773f9c85d:0x36d70119cc402bf6
US GOLD AUTO REPAIR LLC,(302) 357-2712,,,"3310 Wrangle Hill Rd #113, Bear, DE 19701, United States",3310 Wrangle Hill Rd #113,Bear,DE,19701,4.9,62,Auto repair shop,,,https://www.google.com/maps/place/US+GOLD+AUTO+REPAIR+LLC/data=!4m7!3m6!1s0x89c7074c5af8e3a7:0x57454d3c60659df7!8m2!3d39.590142!4d-75.691755!16s%2Fg%2F11rfb_g2j7!19sChIJp-P4WkwHx4kR951lYDxNRVc?authuser=0&hl=en&rclk=1,auto repair shop,New Castle County,county,DE,2026-07-23T02:12:24,0x89c7074c5af8e3a7:0x57454d3c60659df7
ATLANTIC AUTO REPAIR OF BETHANY BEACH,(302) 539-7352,http://www.atlanticautobethany.com/,,"790 Garfield Pkwy, Bethany Beach, DE 19930, United States",790 Garfield Pkwy,Bethany Beach,DE,19930,4.8,33,Auto repair shop,,,https://www.google.com/maps/place/ATLANTIC+AUTO+REPAIR+OF+BETHANY+BEACH/data=!4m7!3m6!1s0x89b8ce0dfc700001:0x76b2a10d1f22062c!8m2!3d38.5400878!4d-75.0723119!16s%2Fg%2F11kjzr8930!19sChIJAQBw_A3OuIkRLAYiHw2hsnY?authuser=0&hl=en&rclk=1,auto repair shop,Sussex County,county,DE,2026-07-23T02:22:51,0x89b8ce0dfc700001:0x76b2a10d1f22062c
Affordable Auto Repair 2597 Dublin Hill Rd Bridgeville De 19933,(410) 739-2034,,,"2597 Dublin Hill Rd, Bridgeville, DE 19933, United States",2597 Dublin Hill Rd,Bridgeville,DE,19933,5.0,2,Auto repair shop,,,https://www.google.com/maps/place/Affordable+Auto+Repair+2597+Dublin+Hill+Rd+Bridgeville+De+19933/data=!4m7!3m6!1s0x89b8f5fdc1343497:0x40ec686b503e97a4!8m2!3d38.7423088!4d-75.7014275!16s%2Fg%2F11j4ph1mw2!19sChIJlzQ0wf31uIkRpJc-UGto7EA?authuser=0&hl=en&rclk=1,auto repair shop,Sussex County,county,DE,2026-07-15T07:24:48,0x89b8f5fdc1343497:0x40ec686b503e97a4
CJ's Autos,(302) 308-1020,http://bridgevillemechanic.com/,,"20354 Sussex Hwy, Bridgeville, DE 19933, United States",20354 Sussex Hwy,Bridgeville,DE,19933,3.1,12,Auto repair shop,,,https://www.google.com/maps/place/CJ%27s+Autos/data=!4m7!3m6!1s0x89b8f35e831d16db:0xaf11a7ba155205f7!8m2!3d38.7049056!4d-75.589481!16s%2Fg%2F11h9kzkl55!19sChIJ2xYdg17zuIkR9wVSFbqnEa8?authuser=0&hl=en&rclk=1,auto repair shop,Sussex County,county,DE,2026-07-15T07:24:48,0x89b8f35e831d16db:0xaf11a7ba155205f7
Reliable Auto Services,(302) 337-7377,,,"114 N Main St, Bridgeville, DE 19933, United States",114 N Main St,Bridgeville,DE,19933,4.4,25,Auto repair shop,,,https://www.google.com/maps/place/Reliable+Auto+Services/data=!4m7!3m6!1s0x89b8f349f964b55d:0x1307a8373baf1254!8m2!3d38.7458477!4d-75.6004046!16s%2Fg%2F1tjs5v80!19sChIJXbVk-UnzuIkRVBKvOzeoBxM?authuser=0&hl=en&rclk=1,auto repair shop,Sussex County,county,DE,2026-07-23T02:22:52,0x89b8f349f964b55d:0x1307a8373baf1254
Shark's Service Center,(302) 337-8233,http://www.sharksservicecenter.com/,,"7451 Federalsburg Rd, Bridgeville, DE 19933, United States",7451 Federalsburg Rd,Bridgeville,DE,19933,4.8,12,Auto repair shop,,,https://www.google.com/maps/place/Shark%27s+Service+Center/data=!4m7!3m6!1s0x89b8f360493e114b:0xab112e714dcb0167!8m2!3d38.740865!4d-75.60967!16s%2Fg%2F1td1qslq!19sChIJSxE-SWDzuIkRZwHLTXEuEas?authuser=0&hl=en&rclk=1,auto repair shop,Sussex County,county,DE,2026-07-15T07:24:48,0x89b8f360493e114b:0xab112e714dcb0167
First State Repair,(302) 632-8462,,,"475 Darling Farm Rd, Camden, DE 19934, United States",475 Darling Farm Rd,Camden,DE,19934,4.9,15,Auto body shop,,,https://www.google.com/maps/place/First+State+Repair/data=!4m7!3m6!1s0x89b88028b52596db:0x8f024b16135bc5b0!8m2!3d39.0882072!4d-75.6782079!16s%2Fg%2F11hy9nynv9!19sChIJ25YltSiAuIkRsMVbExZLAo8?authuser=0&hl=en&rclk=1,auto repair shop,Sussex County,county,DE,2026-07-23T02:22:52,0x89b88028b52596db:0x8f024b16135bc5b0
Gperformance,(302) 233-4914,,,"23 Cochran Rd, Camden, DE 19934, United States",23 Cochran Rd,Camden,DE,19934,5.0,39,Auto repair shop,,,https://www.google.com/maps/place/Gperformance/data=!4m7!3m6!1s0x89c77d5daee32f4d:0xe8e4ec22e75f2c59!8m2!3d39.1079738!4d-75.5636398!16s%2Fg%2F11h3fv7zyt!19sChIJTS_jrl19x4kRWSxf5yLs5Og?authuser=0&hl=en&rclk=1,auto repair shop,Kent County,county,DE,2026-07-23T02:02:36,0x89c77d5daee32f4d:0xe8e4ec22e75f2c59
S & G Auto Repair,(302) 612-4072,,,"3148 S State St, Camden, DE 19934, United States",3148 S State St,Camden,DE,19934,4.9,21,Auto repair shop,,,https://www.google.com/maps/place/S+%26+G+Auto+Repair/data=!4m7!3m6!1s0x89c7635c6a0342ef:0x98ca3a58ddaead09!8m2!3d39.0951968!4d-75.5083254!16s%2Fg%2F11ygps3qv5!19sChIJ70IDalxjx4kRCa2u3Vg6ypg?authuser=0&hl=en&rclk=1,auto repair shop,Kent County,county,DE,2026-07-23T02:02:36,0x89c7635c6a0342ef:0x98ca3a58ddaead09
A2Z Services,(302) 387-0880,https://a2zservicesllc.net/,,"4 Milbourn Manor Dr, Camden Wyoming, DE 19934, United States",4 Milbourn Manor Dr,Camden Wyoming,DE,19934,5.0,96,Auto repair shop,,,https://www.google.com/maps/place/A2Z+Services/data=!4m7!3m6!1s0x89c77d27d9e77c71:0xe896abc3e10adddc!8m2!3d39.1021006!4d-75.6101244!16s%2Fg%2F11rg2p430m!19sChIJcXzn2Sd9x4kR3N0K4cOrlug?authuser=0&hl=en&rclk=1,auto repair shop,Kent County,county,DE,2026-07-23T02:02:36,0x89c77d27d9e77c71:0xe896abc3e10adddc
Elite Automotive Services & Detailing LLC,(223) 270-9066,,,"170 Campbell Ln, Camden Wyoming, DE 19934, United States",170 Campbell Ln,Camden Wyoming,DE,19934,5.0,1,Auto repair shop,,,https://www.google.com/maps/place/Elite+Automotive+Services+%26+Detailing+LLC/data=!4m7!3m6!1s0x89b87fa6c5347b91:0xcb6153c0ac5404ce!8m2!3d39.0522515!4d-75.7395666!16s%2Fg%2F11yqxy48f3!19sChIJkXs0xaZ_uIkRzgRUrMBTYcs?authuser=0&hl=en&rclk=1,auto repair shop,Kent County,county,DE,2026-07-23T02:02:36,0x89b87fa6c5347b91:0xcb6153c0ac5404ce
Precision Automotive,(302) 423-5659,,,"6131 Mud Mill Rd, Camden Wyoming, DE 19934, United States",6131 Mud Mill Rd,Camden Wyoming,DE,19934,5.0,5,Auto repair shop,,,https://www.google.com/maps/place/Precision+Automotive/data=!4m7!3m6!1s0x89b881769f378ad1:0xe48ef3cb790ac1ee!8m2!3d39.0718505!4d-75.6392431!16s%2Fg%2F11sw04ktg0!19sChIJ0Yo3n3aBuIkR7sEKecvzjuQ?authuser=0&hl=en&rclk=1,auto repair shop,Kent County,county,DE,2026-07-23T02:02:36,0x89b881769f378ad1:0xe48ef3cb790ac1ee
State Street Motors,(302) 697-2886,,,"3100 S State St, Camden Wyoming, DE 19934, United States",3100 S State St,Camden Wyoming,DE,19934,4.7,139,Auto repair shop,,,https://www.google.com/maps/place/State+Street+Motors/data=!4m7!3m6!1s0x89c762c115c36ec7:0x7964f61619e382bc!8m2!3d39.0956241!4d-75.5090084!16s%2Fg%2F1263gvmj3!19sChIJx27DFcFix4kRvILjGRb2ZHk?authuser=0&hl=en&rclk=1,auto repair shop,Kent County,county,DE,2026-07-23T02:02:36,0x89c762c115c36ec7:0x7964f61619e382bc
East Coast Auto Solutions,(302) 900-1381,https://www.eastcoastautosolutions.com/,,"3942 Downs Chapel Rd, Clayton, DE 19938, United States",3942 Downs Chapel Rd,Clayton,DE,19938,5.0,1,Auto repair shop,,,https://www.google.com/maps/place/East+Coast+Auto+Solutions/data=!4m7!3m6!1s0x89c783967cf6c263:0x19bcaa2bf290e0c!8m2!3d39.231!4d-75.7457118!16s%2Fg%2F11jzfmt5rf!19sChIJY8L2fJaDx4kRDA4pv6LKmwE?authuser=0&hl=en&rclk=1,auto repair shop,Kent County,county,DE,2026-07-23T02:02:36,0x89c783967cf6c263:0x19bcaa2bf290e0c
B&E Tire and Auto,(302) 732-6091,https://www.bandetireandalignment.com/,,"28597 Quarter Mile Dr, Dagsboro, DE 19939, United States",28597 Quarter Mile Dr,Dagsboro,DE,19939,4.7,223,Tire shop,,,https://www.google.com/maps/place/B%26E+Tire+and+Auto/data=!4m7!3m6!1s0x89b8dcb331368e51:0x5515291e3617a0bb!8m2!3d38.5378757!4d-75.2538505!16s%2Fg%2F1tgdv0rl!19sChIJUY42MbPcuIkRu6AXNh4pFVU?authuser=0&hl=en&rclk=1,auto repair shop,Sussex County,county,DE,2026-07-15T07:24:48,0x89b8dcb331368e51:0x5515291e3617a0bb
Charlie's Repair Shop,(302) 732-9454,,,"DE-26, Dagsboro, DE 19939, United States",DE-26,Dagsboro,DE,19939,4.9,35,Auto repair shop,,,https://www.google.com/maps/place/Charlie%27s+Repair+Shop/data=!4m7!3m6!1s0x89b8c4aaf78f5839:0xe608fd6b9eba056e!8m2!3d38.5495681!4d-75.2303314!16s%2Fg%2F1tcv_9qc!19sChIJOViP96rEuIkRbgW6nmv9COY?authuser=0&hl=en&rclk=1,auto repair shop,Sussex County,county,DE,2026-07-23T02:22:51,0x89b8c4aaf78f5839:0xe608fd6b9eba056e
Eastern Shore Auto Repairs,(302) 732-1111,,,"30028 Vines Creek Rd, Dagsboro, DE 19939, United States",30028 Vines Creek Rd,Dagsboro,DE,19939,5.0,86,Auto repair shop,,,https://www.google.com/maps/place/Eastern+Shore+Auto+Repairs/data=!4m7!3m6!1s0x89b8c4c8b7a9e8d5:0x83c1c8495cc6958f!8m2!3d38.5496739!4d-75.2288085!16s%2Fg%2F11gzjyy7g!19sChIJ1eipt8jEuIkRj5XGXEnIwYM?authuser=0&hl=en&rclk=1,auto repair shop,Sussex County,county,DE,2026-07-23T02:22:51,0x89b8c4c8b7a9e8d5:0x83c1c8495cc6958f
Steadfast Automotive & Towing,(302) 834-2837,,,"704 5th St, Delaware City, DE 19706, United States",704 5th St,Delaware City,DE,19706,4.7,44,Auto repair shop,,,https://www.google.com/maps/place/Steadfast+Automotive+%26+Towing/data=!4m7!3m6!1s0x89c7058b472bbd11:0x6960d814588e0ef3!8m2!3d39.5745697!4d-75.5966511!16s%2Fg%2F11c1wxxcr0!19sChIJEb0rR4sFx4kR8w6OWBTYYGk?authuser=0&hl=en&rclk=1,auto repair shop,New Castle County,county,DE,2026-07-23T02:12:24,0x89c7058b472bbd11:0x6960d814588e0ef3
Reynolds Auto Repair,(302) 875-2526,,,"3396 34936 Sussex Hwy, Delmar, DE 19940, United States",3396 34936 Sussex Hwy,Delmar,DE,19940,4.7,100,Auto repair shop,,,https://www.google.com/maps/place/Reynolds+Auto+Repair/data=!4m7!3m6!1s0x89b8fce20bc73d17:0x3f8dee2bae416d7c!8m2!3d38.498555!4d-75.558083!16s%2Fg%2F1v3lqvyb!19sChIJFz3HC-L8uIkRfG1BrivujT8?authuser=0&hl=en&rclk=1,auto repair shop,Sussex County,county,DE,2026-07-23T02:22:52,0x89b8fce20bc73d17:0x3f8dee2bae416d7c
A1 Auto repair & transmission,(302) 538-0098,,,"119 N Dupont Hwy, Dover, DE 19901, United States",119 N Dupont Hwy,Dover,DE,19901,4.2,33,Auto repair shop,,,https://www.google.com/maps/place/A1+Auto+repair+%26+transmission/data=!4m7!3m6!1s0x89c765fdfed89cb9:0x85ab020206bef37a!8m2!3d39.16644!4d-75.5161939!16s%2Fg%2F11vrfnylr1!19sChIJuZzY_v1lx4kRevO-BgICq4U?authuser=0&hl=en&rclk=1,auto repair shop,Kent County,county,DE,2026-07-23T02:02:36,0x89c765fdfed89cb9:0x85ab020206bef37a
AAA Dover Car Care Insurance Travel Center,(302) 674-8020,https://cluballiance.aaa.com/locations/aaa-stores/MA028/aaa-dover-car-care-insurance-travel-center-124-greentree-drive-dover?utm_source=google&utm_medium=organic&utm_campaign=gmb,,"124 Greentree Dr, Dover, DE 19904, United States",124 Greentree Dr,Dover,DE,19904,4.2,302,Auto repair shop,,,https://www.google.com/maps/place/AAA+Dover+Car+Care+Insurance+Travel+Center/data=!4m7!3m6!1s0x89c77b61cc757deb:0x62eb5b69ad2714f2!8m2!3d39.1595283!4d-75.5559189!16s%2Fg%2F1tf8815j!19sChIJ6311zGF7x4kR8hQnrWlb62I?authuser=0&hl=en&rclk=1,auto repair shop,Dover,city,DE,2026-07-23T02:38:04,0x89c77b61cc757deb:0x62eb5b69ad2714f2
AUTO PLUS,(302) 678-8400,https://autoplusretail.com/,,"120 S Governors Ave, Dover, DE 19904, United States",120 S Governors Ave,Dover,DE,19904,4.3,13,Auto parts store,,,https://www.google.com/maps/place/AUTO+PLUS/data=!4m7!3m6!1s0x89c764ab2c44094f:0xec6d8c354bec1574!8m2!3d39.158507!4d-75.527948!16s%2Fg%2F1tjrqyg5!19sChIJTwlELKtkx4kRdBXsSzWMbew?authuser=0&hl=en&rclk=1,auto repair shop,Dover,city,DE,2026-07-15T07:40:06,0x89c764ab2c44094f:0xec6d8c354bec1574
Aki's Allied,(833) 599-2547,http://dovertowtruck.com/,,"603 W Division St, Dover, DE 19904, United States",603 W Division St,Dover,DE,19904,4.9,132,Towing service,,,https://www.google.com/maps/place/Aki%27s+Allied/data=!4m7!3m6!1s0x89c7631332bcfe07:0xa70dbe7865386e6c!8m2!3d39.1599635!4d-75.5339482!16s%2Fg%2F11m7s6tlxt!19sChIJB_68MhNjx4kRbG44ZXi-Dac?authuser=0&hl=en&rclk=1,auto repair shop,Dover,city,DE,2026-07-23T02:38:04,0x89c7631332bcfe07:0xa70dbe7865386e6c
All Star Automotive,(302) 864-8352,,,"4123 Forrest Ave, Dover, DE 19904, United States",4123 Forrest Ave,Dover,DE,19904,3.5,13,Auto repair shop,,,https://www.google.com/maps/place/All+Star+Automotive/data=!4m7!3m6!1s0x89c77b57152b46c5:0x237b914804c02c1f!8m2!3d39.1555438!4d-75.6165124!16s%2Fg%2F11dyzdzs1r!19sChIJxUYrFVd7x4kRHyzABEiReyM?authuser=0&hl=en&rclk=1,auto repair shop,Kent County,county,DE,2026-07-23T02:02:36,0x89c77b57152b46c5:0x237b914804c02c1f
Allison's Auto Body,(302) 492-8710,,,"2357 Pearsons Corner Rd, Dover, DE 19904, United States",2357 Pearsons Corner Rd,Dover,DE,19904,4.7,114,Auto body shop,,,https://www.google.com/maps/place/Allison%27s+Auto+Body/data=!4m7!3m6!1s0x89c77ec1319fadbf:0xb2adf70d00ed6fb9!8m2!3d39.1551126!4d-75.6478989!16s%2Fg%2F1tctyj1h!19sChIJv62fMcF-x4kRuW_tAA33rbI?authuser=0&hl=en&rclk=1,auto repair shop,Dover,city,DE,2026-07-23T02:38:04,0x89c77ec1319fadbf:0xb2adf70d00ed6fb9
American Rides LLC,(302) 883-2449,http://www.americanridesllc.com/,,"3985 N Dupont Hwy, Dover, DE 19901, United States",3985 N Dupont Hwy,Dover,DE,19901,4.5,33,Auto repair shop,,,https://www.google.com/maps/place/American+Rides+LLC/data=!4m7!3m6!1s0x89c764a6de75a9bb:0x45cbd9373818f141!8m2!3d39.2054607!4d-75.5640222!16s%2Fg%2F119vtjn5m!19sChIJu6l13qZkx4kRQfEYODfZy0U?authuser=0&hl=en&rclk=1,auto repair shop,Dover,city,DE,2026-07-23T02:38:04,0x89c764a6de75a9bb:0x45cbd9373818f141
Anayat & Son's New And Used Tires,(302) 724-5723,http://anayat-tires.edan.io/,,"4128 Forrest Ave, Dover, DE 19904, United States",4128 Forrest Ave,Dover,DE,19904,4.5,93,Used tire shop,,,https://www.google.com/maps/place/Anayat+%26+Son%27s+New+And+Used+Tires/data=!4m7!3m6!1s0x89c77c1cc7af419d:0xe6e0ba1a55322fa0!8m2!3d39.1562194!4d-75.6167602!16s%2Fg%2F11csq0_j1t!19sChIJnUGvxxx8x4kRoC8yVRq64OY?authuser=0&hl=en&rclk=1,auto repair shop,Dover,city,DE,2026-07-23T02:38:04,0x89c77c1cc7af419d:0xe6e0ba1a55322fa0
Avenue Imparts,(302) 697-0990,,,"29 S West St, Dover, DE 19904, United States",29 S West St,Dover,DE,19904,4.7,81,Auto parts store,,,https://www.google.com/maps/place/Avenue+Imparts/data=!4m7!3m6!1s0x89c77ce273c87043:0x66225ef572610e23!8m2!3d39.159489!4d-75.5325304!16s%2Fg%2F1tctmrt6!19sChIJQ3DIc-J8x4kRIw5hcvVeImY?authuser=0&hl=en&rclk=1,auto repair shop,Dover,city,DE,2026-07-15T07:40:06,0x89c77ce273c87043:0x66225ef572610e23
"BOSS LADY AUTO SALES, SERVICE & CONSULTING",(302) 883-3676,,,"1276 S Little Creek Rd, Dover, DE 19901, United States",1276 S Little Creek Rd,Dover,DE,19901,5.0,2,Auto repair shop,,,"https://www.google.com/maps/place/BOSS+LADY+AUTO+SALES,+SERVICE+%26+CONSULTING/data=!4m7!3m6!1s0x89c765007a3cf857:0xc593c1d9675214ff!8m2!3d39.1561416!4d-75.4890193!16s%2Fg%2F11zk43pzd7!19sChIJV_g8egBlx4kR_xRSZ9nBk8U?authuser=0&hl=en&rclk=1",auto repair shop,Dover,city,DE,2026-07-23T02:38:04,0x89c765007a3cf857:0xc593c1d9675214ff
Biker 2 Biker,(302) 612-0817,,,"249 Kentwood Dr, Dover, DE 19901, United States",249 Kentwood Dr,Dover,DE,19901,,,Auto repair shop,,,https://www.google.com/maps/place/Biker+2+Biker/data=!4m7!3m6!1s0x89c776d874fddb89:0x579a820b8288d033!8m2!3d39.2027854!4d-75.5456269!16s%2Fg%2F11cm03w3pd!19sChIJidv9dNh2x4kRM9CIgguCmlc?authuser=0&hl=en&rclk=1,auto repair shop,Dover,city,DE,2026-07-23T02:38:04,0x89c776d874fddb89:0x579a820b8288d033
Blairs Auto Repair,(302) 465-5946,https://blairs-auto-repair.ueniweb.com/?utm_campaign=gmb,,"6 Congress Pl, Dover, DE 19901, United States",6 Congress Pl,Dover,DE,19901,4.6,5,Auto repair shop,,,https://www.google.com/maps/place/Blairs+Auto+Repair/data=!4m7!3m6!1s0x89c763c659e8c6a7:0x897a754499d4e15c!8m2!3d39.1406406!4d-75.5051996!16s%2Fg%2F11ng6lg6r2!19sChIJp8boWcZjx4kRXOHUmUR1eok?authuser=0&hl=en&rclk=1,auto repair shop,Dover,city,DE,2026-07-23T02:38:04,0x89c763c659e8c6a7:0x897a754499d4e15c
Brian's Auto Service,(302) 565-5045,,,"135 Quail Hollow Dr, Dover, DE 19904, United States",135 Quail Hollow Dr,Dover,DE,19904,1.0,2,Auto repair shop,,,https://www.google.com/maps/place/Brian%27s+Auto+Service/data=!4m7!3m6!1s0x89c77b42164422a7:0x18e75ab51a9eabcf!8m2!3d39.173084!4d-75.549621!16s%2Fg%2F1vvr74wv!19sChIJpyJEFkJ7x4kRz6ueGrVa5xg?authuser=0&hl=en&rclk=1,auto repair shop,Dover,city,DE,2026-07-23T02:38:04,0x89c77b42164422a7:0x18e75ab51a9eabcf
Buick GMC Service at Kent County Motors,(302) 387-0970,https://www.kentcountymotors.com/service,,"2181 S Dupont Hwy, Dover, DE 19901, United States",2181 S Dupont Hwy,Dover,DE,19901,5.0,1,Auto repair shop,,,https://www.google.com/maps/place/Buick+GMC+Service+at+Kent+County+Motors/data=!4m7!3m6!1s0x89c77dc93646587d:0xae8b24b6e1da4e9!8m2!3d39.1166596!4d-75.5343015!16s%2Fg%2F11mcscwkq1!19sChIJfVhGNsl9x4kR6aQdbkuy6Ao?authuser=0&hl=en&rclk=1,auto repair shop,Kent County,county,DE,2026-07-23T02:02:36,0x89c77dc93646587d:0xae8b24b6e1da4e9
Burke Tires & Auto Repair North Dover Store,(302) 264-9256,http://www.burkestire.com/?utm_source=google&utm_medium=wix_google_business_profile&utm_campaign=8212057795388687633,,"3892 N Dupont Hwy, Dover, DE 19901, United States",3892 N Dupont Hwy,Dover,DE,19901,4.1,396,Tire shop,,,https://www.google.com/maps/place/Burke+Tires+%26+Auto+Repair+North+Dover+Store/data=!4m7!3m6!1s0x89c77ae3361c0e7b:0xfecdeec776f6317c!8m2!3d39.2049777!4d-75.562217!16s%2Fg%2F1wfcq2xm!19sChIJew4cNuN6x4kRfDH2dsfuzf4?authuser=0&hl=en&rclk=1,auto repair shop,Dover,city,DE,2026-07-23T02:38:04,0x89c77ae3361c0e7b:0xfecdeec776f6317c
Burke Tires & Auto Repair S Dover Store,(302) 883-2043,http://www.burkestire.com/?utm_source=google&utm_medium=wix_google_business_profile&utm_campaign=3709444851326410065,,"1300 S Dupont Hwy, Dover, DE 19901, United States",1300 S Dupont Hwy,Dover,DE,19901,4.4,307,Tire shop,,,https://www.google.com/maps/place/Burke+Tires+%26+Auto+Repair+S+Dover+Store/data=!4m7!3m6!1s0x89c7634ea08b4de7:0x71d3f3ed4310d0cc!8m2!3d39.1396518!4d-75.5244881!16s%2Fg%2F1tfzswqt!19sChIJ502LoE5jx4kRzNAQQ-3z03E?authuser=0&hl=en&rclk=1,auto repair shop,Dover,city,DE,2026-07-23T02:38:04,0x89c7634ea08b4de7:0x71d3f3ed4310d0cc
Caliber Collision,(302) 674-4525,https://www.caliber.com/find-a-location/dover?utm_source=google&utm_medium=gbp-profile&utm_campaign=webform-GBPwebsite&utm_content=&utm_term=&utm_id=0966,,"5825 W Denneys Rd, Dover, DE 19904, United States",5825 W Denneys Rd,Dover,DE,19904,4.7,447,Auto body shop,,,https://www.google.com/maps/place/Caliber+Collision/data=!4m7!3m6!1s0x89c77b02b7a44a4b:0xf1d5710c9313f5fb!8m2!3d39.2022814!4d-75.5600829!16s%2Fg%2F1td5mnwh!19sChIJS0qktwJ7x4kR-_UTkwxx1fE?authuser=0&hl=en&rclk=1,auto repair shop,Dover,city,DE,2026-07-23T02:38:04,0x89c77b02b7a44a4b:0xf1d5710c9313f5fb
Caliber Collision,(302) 590-0120,https://www.caliber.com/find-a-location/dover-southeast?utm_source=google&utm_medium=gbp-profile&utm_campaign=webform-GBPwebsite&utm_content=&utm_term=&utm_id=0966,,"1258 S Bay Rd, Dover, DE 19901, United States",1258 S Bay Rd,Dover,DE,19901,4.8,65,Auto body shop,,,https://www.google.com/maps/place/Caliber+Collision/data=!4m7!3m6!1s0x89c763dabc7d2473:0x8d4afa1e35d2b486!8m2!3d39.1364689!4d-75.4960144!16s%2Fg%2F11ykpnp5zh!19sChIJcyR9vNpjx4kRhrTSNR76So0?authuser=0&hl=en&rclk=1,auto repair shop,Dover,city,DE,2026-07-23T02:38:04,0x89c763dabc7d2473:0x8d4afa1e35d2b486
Capitol A/C & Radiator Service.,(302) 674-1130,,,"70 N West St, Dover, DE 19904, United States",70 N West St,Dover,DE,19904,4.6,40,Car repair and maintenance service,,,https://www.google.com/maps/place/Capitol+A%2FC+%26+Radiator+Service./data=!4m7!3m6!1s0x89c77b56a79dd07b:0x7083ddb7b6ee4436!8m2!3d39.161027!4d-75.5338006!16s%2Fg%2F1tfcd41y!19sChIJe9Cdp1Z7x4kRNkTutrfdg3A?authuser=0&hl=en&rclk=1,auto repair shop,Dover,city,DE,2026-07-23T02:38:04,0x89c77b56a79dd07b:0x7083ddb7b6ee4436
Capitol Tire & Auto Service,(302) 734-1212,http://www.capitoltireandauto.com/,,"1155 S Governors Ave, Dover, DE 19904, United States",1155 S Governors Ave,Dover,DE,19904,4.3,38,Tire shop,,,https://www.google.com/maps/place/Capitol+Tire+%26+Auto+Service/data=!4m7!3m6!1s0x89c7634b2238c91d:0x52047b8c6f779755!8m2!3d39.1382907!4d-75.526291!16s%2Fg%2F1tdzbcqk!19sChIJHck4Iktjx4kRVZd3b4x7BFI?authuser=0&hl=en&rclk=1,auto repair shop,Dover,city,DE,2026-07-23T02:38:04,0x89c7634b2238c91d:0x52047b8c6f779755
Car Zone,(302) 736-3070,https://www.carzonedover.com/,,"1041 S Dupont Hwy, Dover, DE 19901, United States",1041 S Dupont Hwy,Dover,DE,19901,4.0,255,Used car dealer,,,https://www.google.com/maps/place/Car+Zone/data=!4m7!3m6!1s0x89c76350031e2b5f:0x164bcb422adc1170!8m2!3d39.144681!4d-75.5163416!16s%2Fg%2F1vr3f3p3!19sChIJXyseA1Bjx4kRcBHcKkLLSxY?authuser=0&hl=en&rclk=1,auto repair shop,Dover,city,DE,2026-07-23T02:38:04,0x89c76350031e2b5f:0x164bcb422adc1170
Collision Center - Kent County Motors,(302) 387-0977,https://www.kentcountymotors.com/body-center,,"2181 S Dupont Hwy, Dover, DE 19901, United States",2181 S Dupont Hwy,Dover,DE,19901,5.0,25,Auto body shop,,,https://www.google.com/maps/place/Collision+Center+-+Kent+County+Motors/data=!4m7!3m6!1s0x89c77de662b35eef:0xa38fe315ffbffe2b!8m2!3d39.1166596!4d-75.5343015!16s%2Fg%2F11x6lvr31w!19sChIJ716zYuZ9x4kRK_6__xXjj6M?authuser=0&hl=en&rclk=1,auto repair shop,Kent County,county,DE,2026-07-23T02:02:36,0x89c77de662b35eef:0xa38fe315ffbffe2b
Delaware Auto Mall,(302) 787-2277,https://www.delawareautomall.com/,,"5493 N Dupont Hwy, Dover, DE 19901, United States",5493 N Dupont Hwy,Dover,DE,19901,5.0,64,Used car dealer,,,https://www.google.com/maps/place/Delaware+Auto+Mall/data=!4m7!3m6!1s0x89c77bae615adcad:0x36471a19ada1d9f6!8m2!3d39.224385!4d-75.5773947!16s%2Fg%2F11x6z6f9x2!19sChIJrdxaYa57x4kR9tmhrRkaRzY?authuser=0&hl=en&rclk=1,auto repair shop,Kent County,county,DE,2026-07-23T02:02:36,0x89c77bae615adcad:0x36471a19ada1d9f6
Delaware Tire Centers,(302) 674-0234,http://www.delawaretire.com/,,"207 S Governors Ave, Dover, DE 19904, United States",207 S Governors Ave,Dover,DE,19904,4.6,107,Tire shop,,,https://www.google.com/maps/place/Delaware+Tire+Centers/data=!4m7!3m6!1s0x89c764aac6b722d7:0x385d4648cba091b7!8m2!3d39.1572699!4d-75.5265554!16s%2Fg%2F1td1qvqd!19sChIJ1yK3xqpkx4kRt5Ggy0hGXTg?authuser=0&hl=en&rclk=1,auto repair shop,Dover,city,DE,2026-07-23T02:38:04,0x89c764aac6b722d7:0x385d4648cba091b7
Dills Repair,(302) 674-3444,https://www.facebook.com/share/15F6qT39KC/?mibextid=wwXIfr,,"4508 N Dupont Hwy, Dover, DE 19901, United States",4508 N Dupont Hwy,Dover,DE,19901,5.0,21,Electric motor repair shop,,,https://www.google.com/maps/place/Dills+Repair/data=!4m7!3m6!1s0x89c77b00569d7771:0x4b4c7ffbc7339840!8m2!3d39.2116904!4d-75.567726!16s%2Fg%2F11x5wy36pl!19sChIJcXedVgB7x4kRQJgzx_t_TEs?authuser=0&hl=en&rclk=1,auto repair shop,Dover,city,DE,2026-07-23T02:38:04,0x89c77b00569d7771:0x4b4c7ffbc7339840
Dominion Cars,(302) 730-3882,,,"622 W Division St, Dover, DE 19904, United States",622 W Division St,Dover,DE,19904,3.7,6,Auto repair shop,,,https://www.google.com/maps/place/Dominion+Cars/data=!4m7!3m6!1s0x89c77b568f24ffdb:0x3888c4449fa8ced5!8m2!3d39.1596404!4d-75.534368!16s%2Fg%2F11h3vbps1j!19sChIJ2_8kj1Z7x4kR1c6on0TEiDg?authuser=0&hl=en&rclk=1,auto repair shop,Dover,city,DE,2026-07-23T02:38:04,0x89c77b568f24ffdb:0x3888c4449fa8ced5
Dover Auto Repair,(302) 736-6391,,,"5102 N Dupont Hwy, Dover, DE 19901, United States",5102 N Dupont Hwy,Dover,DE,19901,4.8,57,Auto repair shop,,,https://www.google.com/maps/place/Dover+Auto+Repair/data=!4m7!3m6!1s0x89c77af607ec1051:0xd3455a6ca77ad4db!8m2!3d39.2192754!4d-75.5739!16s%2Fg%2F1tp30bd8!19sChIJURDsB_Z6x4kR29R6p2xaRdM?authuser=0&hl=en&rclk=1,auto repair shop,Kent County,county,DE,2026-07-23T02:02:35,0x89c77af607ec1051:0xd3455a6ca77ad4db
Dover Mobile Truck Repair,(302) 493-5061,https://www.mobiletruckrepairdover.com/,,"1531 S Governors Ave, Dover, DE 19901, United States",1531 S Governors Ave,Dover,DE,19901,2.0,3,Truck repair shop,,,https://www.google.com/maps/place/Dover+Mobile+Truck+Repair/data=!4m7!3m6!1s0x89c77d84322c9d2f:0xe7aabdf141c9601!8m2!3d39.1296672!4d-75.5303055!16s%2Fg%2F11t3897rcw!19sChIJL50sMoR9x4kRAZYcFN-reg4?authuser=0&hl=en&rclk=1,auto repair shop,Dover,city,DE,2026-07-23T02:38:04,0x89c77d84322c9d2f:0xe7aabdf141c9601
Elite Automotive Services,(302) 554-3398,,,"101 Weston Dr #8, Dover, DE 19904, United States",101 Weston Dr #8,Dover,DE,19904,5.0,4,Mechanic,,,https://www.google.com/maps/place/Elite+Automotive+Services/data=!4m7!3m6!1s0x89c77bcf2aad40cb:0xf7332c3a95f80201!8m2!3d39.161149!4d-75.5374556!16s%2Fg%2F11ybdlp7hl!19sChIJy0CtKs97x4kRAQL4lTosM_c?authuser=0&hl=en&rclk=1,auto repair shop,Dover,city,DE,2026-07-23T02:38:04,0x89c77bcf2aad40cb:0xf7332c3a95f80201
Empire Auto Protect,(888) 345-0084,https://empireautoprotect.com/,,"8 The Green Ste 11230, Dover, DE 19901, United States",8 The Green Ste 11230,Dover,DE,19901,4.4,3084,Car repair and maintenance service,,,https://www.google.com/maps/place/Empire+Auto+Protect/data=!4m7!3m6!1s0x89c7651e908e7173:0x1611d3f80e71da12!8m2!3d39.1570544!4d-75.5207632!16s%2Fg%2F11t8c6h8yf!19sChIJc3GOkB5lx4kREtpxDvjTERY?authuser=0&hl=en&rclk=1,auto repair shop,Dover,city,DE,2026-07-23T02:38:04,0x89c7651e908e7173:0x1611d3f80e71da12
Er Auto Repair,(201) 281-5779,,,"5079 N Dupont Hwy, Dover, DE 19901, United States",5079 N Dupont Hwy,Dover,DE,19901,4.7,27,Auto repair shop,,,https://www.google.com/maps/place/Er+Auto+Repair/data=!4m7!3m6!1s0x89c77a5f2c39e899:0x51a9fab18b207302!8m2!3d39.2189146!4d-75.5749025!16s%2Fg%2F11h3vbrv19!19sChIJmeg5LF96x4kRAnMgi7H6qVE?authuser=0&hl=en&rclk=1,auto repair shop,Kent County,county,DE,2026-07-23T02:02:36,0x89c77a5f2c39e899:0x51a9fab18b207302
Evans PitStop Mobile Auto Service,(302) 857-0803,https://evanspitstop.com/,,"567 Sharon Hill Rd, Dover, DE 19904, United States",567 Sharon Hill Rd,Dover,DE,19904,4.8,62,Car repair and maintenance service,,,https://www.google.com/maps/place/Evans+PitStop+Mobile+Auto+Service/data=!4m7!3m6!1s0x89c779a6c271377d:0x99ff3ab097bb7f14!8m2!3d39.1695022!4d-75.6239449!16s%2Fg%2F11rn23v22q!19sChIJfTdxwqZ5x4kRFH-7l7A6_5k?authuser=0&hl=en&rclk=1,auto repair shop,Kent County,county,DE,2026-07-23T02:02:36,0x89c779a6c271377d:0x99ff3ab097bb7f14
Ew Auto & Collision Repair,(302) 450-3540,,,"19 Ridgely St, Dover, DE 19904, United States",19 Ridgely St,Dover,DE,19904,,,Auto repair shop,,,https://www.google.com/maps/place/Ew+Auto+%26+Collision+Repair/data=!4m7!3m6!1s0x89c77b56ee66655b:0xa865fd0a53e6909a!8m2!3d39.1601647!4d-75.535373!16s%2Fg%2F11k5lvkkn3!19sChIJW2Vm7lZ7x4kRmpDmUwr9Zag?authuser=0&hl=en&rclk=1,auto repair shop,Dover,city,DE,2026-07-23T02:38:04,0x89c77b56ee66655b:0xa865fd0a53e6909a
"First Class Car Care, LLC | Auto Repair Shop Dover DE",(302) 305-7277,https://firstclasscarcarerepair.com/,,"5360 N Dupont Hwy, Dover, DE 19901, United States",5360 N Dupont Hwy,Dover,DE,19901,4.3,6,Auto repair shop,,,"https://www.google.com/maps/place/First+Class+Car+Care,+LLC+%7C+Auto+Repair+Shop+Dover+DE/data=!4m7!3m6!1s0x89c77bf9834917bf:0x63d5931b4a4e9b30!8m2!3d39.222919!4d-75.5752472!16s%2Fg%2F11gjtb9dzm!19sChIJvxdJg_l7x4kRMJtOShuT1WM?authuser=0&hl=en&rclk=1",auto repair shop,Kent County,county,DE,2026-07-23T02:02:36,0x89c77bf9834917bf:0x63d5931b4a4e9b30
Furr's Tire Service,(302) 678-0800,https://furrstire.com/,,"1251 S Bay Rd, Dover, DE 19901, United States",1251 S Bay Rd,Dover,DE,19901,4.8,196,Tire shop,,,https://www.google.com/maps/place/Furr%27s+Tire+Service/data=!4m7!3m6!1s0x89c7636e70d535cf:0x952e52fa1472a7c4!8m2!3d39.1369509!4d-75.4944117!16s%2Fg%2F1td3sg9v!19sChIJzzXVcG5jx4kRxKdyFPpSLpU?authuser=0&hl=en&rclk=1,auto repair shop,Dover,city,DE,2026-07-23T02:38:04,0x89c7636e70d535cf:0x952e52fa1472a7c4
Gill Brothers,(302) 514-9271,,,"5410 N Dupont Hwy, Dover, DE 19901, United States",5410 N Dupont Hwy,Dover,DE,19901,4.3,187,Tire shop,,,https://www.google.com/maps/place/Gill+Brothers/data=!4m7!3m6!1s0x89c77a6073dbd3cd:0x67dc2f75794a4dac!8m2!3d39.2236427!4d-75.5760805!16s%2Fg%2F11f3tst2q9!19sChIJzdPbc2B6x4kRrE1KeXUv3Gc?authuser=0&hl=en&rclk=1,auto repair shop,Dover,city,DE,2026-07-23T02:38:04,0x89c77a6073dbd3cd:0x67dc2f75794a4dac
Harris Towing Group - Towing & Recovery Dover,(302) 736-9901,https://www.harristowing.com/,,"5360 N Dupont Hwy, Dover, DE 19901, United States",5360 N Dupont Hwy,Dover,DE,19901,4.3,78,Towing service,,,https://www.google.com/maps/place/Harris+Towing+Group+-+Towing+%26+Recovery+Dover/data=!4m7!3m6!1s0x89c77a5fdd178c57:0x400a3d0963664194!8m2!3d39.2229674!4d-75.575611!16s%2Fg%2F1thpxsyz!19sChIJV4wX3V96x4kRlEFmYwk9CkA?authuser=0&hl=en&rclk=1,auto repair shop,Dover,city,DE,2026-07-23T02:38:04,0x89c77a5fdd178c57:0x400a3d0963664194
Hertrich Chevrolet of Dover Service,(302) 724-4164,https://www.hertrichchevroletdover.com/service.htm?utm_source=GMB&utm_medium=Service&utm_campaign=Info&utm_id=organic,,"1450 S Dupont Hwy, Dover, DE 19901, United States",1450 S Dupont Hwy,Dover,DE,19901,4.2,78,Auto repair shop,,,https://www.google.com/maps/place/Hertrich+Chevrolet+of+Dover+Service/data=!4m7!3m6!1s0x89c77d565428d04d:0x7478f9376d075385!8m2!3d39.1345485!4d-75.5279685!16s%2Fg%2F11b6wf1qw_!19sChIJTdAoVFZ9x4kRhVMHbTf5eHQ?authuser=0&hl=en&rclk=1,auto repair shop,Dover,city,DE,2026-07-23T02:38:04,0x89c77d565428d04d:0x7478f9376d075385
Hertrich Collision Center of Dover,(302) 526-2821,https://www.hertrichcollision.com/hertrich-collision-dover.htm?utm_source=gmb&utm_medium=google&utm_campaign=mar2022_collision_center,,"1261 S Governors Ave, Dover, DE 19904, United States",1261 S Governors Ave,Dover,DE,19904,4.5,29,Auto body shop,,,https://www.google.com/maps/place/Hertrich+Collision+Center+of+Dover/data=!4m7!3m6!1s0x89c77dd89c59e4ef:0x8eeb634b027b1507!8m2!3d39.1360346!4d-75.5283296!16s%2Fg%2F11ft8wdwzc!19sChIJ7-RZnNh9x4kRBxV7Aktj644?authuser=0&hl=en&rclk=1,auto repair shop,Dover,city,DE,2026-07-23T02:38:04,0x89c77dd89c59e4ef:0x8eeb634b027b1507
Hertrich Nissan Service,(302) 678-4553,https://www.hertrichnissan.com/schedule-service.htm,,"1378 S Dupont Hwy, Dover, DE 19901, United States",1378 S Dupont Hwy,Dover,DE,19901,3.8,27,Auto repair shop,,,https://www.google.com/maps/place/Hertrich+Nissan+Service/data=!4m7!3m6!1s0x89c77dca2ed43487:0x3c1f830e3847f3a1!8m2!3d39.1363504!4d-75.5276652!16s%2Fg%2F11gxnq_3td!19sChIJhzTULsp9x4kRofNHOA6DHzw?authuser=0&hl=en&rclk=1,auto repair shop,Dover,city,DE,2026-07-23T02:38:04,0x89c77dca2ed43487:0x3c1f830e3847f3a1
Hertrich's Capitol Lincoln Service,(302) 674-8900,https://www.hertrichcapitollincoln.com/,,"1127 S Dupont Hwy, Dover, DE 19901, United States",1127 S Dupont Hwy,Dover,DE,19901,2.3,3,Auto repair shop,,,https://www.google.com/maps/place/Hertrich%27s+Capitol+Lincoln+Service/data=!4m7!3m6!1s0x89c76368935a5c93:0xac6bbf038cd379cc!8m2!3d39.1420655!4d-75.5172315!16s%2Fg%2F11ll7hflph!19sChIJk1xak2hjx4kRzHnTjAO_a6w?authuser=0&hl=en&rclk=1,auto repair shop,Dover,city,DE,2026-07-23T02:38:04,0x89c76368935a5c93:0xac6bbf038cd379cc
Integrity Tire,(302) 747-7887,https://integritytire.us/?utm_source=gbp&utm_medium=organic&utm_campaign=maps,,"93 S Saulsbury Rd C, Dover, DE 19904, United States",93 S Saulsbury Rd C,Dover,DE,19904,4.9,249,Tire shop,,,https://www.google.com/maps/place/Integrity+Tire/data=!4m7!3m6!1s0x89c77b596cbf9485:0xe01b9f6c8547a442!8m2!3d39.1617393!4d-75.5432319!16s%2Fg%2F11c2ql8v6v!19sChIJhZS_bFl7x4kRQqRHhWyfG-A?authuser=0&hl=en&rclk=1,auto repair shop,Dover,city,DE,2026-07-23T02:38:04,0x89c77b596cbf9485:0xe01b9f6c8547a442
J's R Us Auto Sales,(302) 747-7551,http://www.jsrusauto.com/,,"5520 N Dupont Hwy, Dover, DE 19901, United States",5520 N Dupont Hwy,Dover,DE,19901,4.7,67,Auto repair shop,,,https://www.google.com/maps/place/J%27s+R+Us+Auto+Sales/data=!4m7!3m6!1s0x89c77a605ae12e89:0x46e8aebcaf15f2be!8m2!3d39.2249227!4d-75.57672!16s%2Fg%2F1tcx7zvl!19sChIJiS7hWmB6x4kRvvIVr7yu6EY?authuser=0&hl=en&rclk=1,auto repair shop,Dover,city,DE,2026-07-23T02:38:04,0x89c77a605ae12e89:0x46e8aebcaf15f2be
JP's Garage,(302) 632-2176,,,"5627 N Dupont Hwy, Dover, DE 19901, United States",5627 N Dupont Hwy,Dover,DE,19901,4.8,19,Auto repair shop,,,https://www.google.com/maps/place/JP%27s+Garage/data=!4m7!3m6!1s0x89c77a61190364d9:0x2dd4facf5a12cae4!8m2!3d39.226284!4d-75.5782318!16s%2Fg%2F11_sbbcwx!19sChIJ2WQDGWF6x4kR5MoSWs_61C0?authuser=0&hl=en&rclk=1,auto repair shop,Dover,city,DE,2026-07-15T07:40:06,0x89c77a61190364d9:0x2dd4facf5a12cae4
Jeffery Hall's Auto Repair,(302) 674-3595,,,"1367 Wyoming Mill Rd, Dover, DE 19904, United States",1367 Wyoming Mill Rd,Dover,DE,19904,,,Auto repair shop,,,https://www.google.com/maps/place/Jeffery+Hall%27s+Auto+Repair/data=!4m7!3m6!1s0x89c77c91171e92e7:0x79b51bf0295ae865!8m2!3d39.1424696!4d-75.5568819!16s%2Fg%2F1td2vw4t!19sChIJ55IeF5F8x4kRZehaKfAbtXk?authuser=0&hl=en&rclk=1,auto repair shop,Dover,city,DE,2026-07-23T02:38:04,0x89c77c91171e92e7:0x79b51bf0295ae865
Kent County Motors,(302) 697-3000,http://www.kentcountymotors.com/?utm_source=google&utm_medium=organic&utm_campaign=googlemybusiness,,"2181 S Dupont Hwy, Dover, DE 19901, United States",2181 S Dupont Hwy,Dover,DE,19901,4.7,1071,Car dealer,,,https://www.google.com/maps/place/Kent+County+Motors/data=!4m7!3m6!1s0x89c77cd61045fe51:0x7b6205613ae7d41b!8m2!3d39.1175558!4d-75.5345909!16s%2Fg%2F1tflndcj!19sChIJUf5FENZ8x4kRG9TnOmEFYns?authuser=0&hl=en&rclk=1,auto repair shop,Kent County,county,DE,2026-07-23T02:02:36,0x89c77cd61045fe51:0x7b6205613ae7d41b
Kyle's Workshop LLC,(302) 554-6168,https://kylesworkshopllc.com/,,"16 Lincoln St, Dover, DE 19904, United States",16 Lincoln St,Dover,DE,19904,4.7,44,Car repair and maintenance service,,,https://www.google.com/maps/place/Kyle%27s+Workshop+LLC/data=!4m7!3m6!1s0x89c77b0008bd1463:0x84073f2be680e1e3!8m2!3d39.1576534!4d-75.5344862!16s%2Fg%2F11vy3t9tb6!19sChIJYxS9CAB7x4kR4-GA5is_B4Q?authuser=0&hl=en&rclk=1,auto repair shop,Kent County,county,DE,2026-07-23T02:02:36,0x89c77b0008bd1463:0x84073f2be680e1e3
Lockwood Automotive,(302) 399-4668,https://www.facebook.com/share/18Nnus6Wn2/?mibextid=wwXIfr,,"2823 Lockwood Chapel Rd, Dover, DE 19904, United States",2823 Lockwood Chapel Rd,Dover,DE,19904,4.9,27,Auto repair shop,,,https://www.google.com/maps/place/Lockwood+Automotive/data=!4m7!3m6!1s0x89c7791fa5eb2483:0x7a88d5cf170baa24!8m2!3d39.1743483!4d-75.6540946!16s%2Fg%2F11mywvpc8f!19sChIJgyTrpR95x4kRJKoLF8_ViHo?authuser=0&hl=en&rclk=1,auto repair shop,Dover,city,DE,2026-07-23T02:38:04,0x89c7791fa5eb2483:0x7a88d5cf170baa24
Martel's Foreign Car Center,(302) 674-5556,https://www.martelsforeigncar.com/,,"1161 Horsepond Rd, Dover, DE 19901, United States",1161 Horsepond Rd,Dover,DE,19901,4.0,89,Brake shop,,,https://www.google.com/maps/place/Martel%27s+Foreign+Car+Center/data=!4m7!3m6!1s0x89c7637f833bd25b:0xe23eacac064ff0d8!8m2!3d39.1478443!4d-75.4814664!16s%2Fg%2F1tdjxzw7!19sChIJW9I7g39jx4kR2PBPBqysPuI?authuser=0&hl=en&rclk=1,auto repair shop,Kent County,county,DE,2026-07-23T02:02:36,0x89c7637f833bd25b:0xe23eacac064ff0d8
Mavis Tires & Brakes,(302) 307-4752,https://www.mavis.com/locations/dover-de?utm_source=yext&utm_medium=organic&utm_campaign=gmb&stnum=2104,,"280 Cowgill St, Dover, DE 19901, United States",280 Cowgill St,Dover,DE,19901,4.8,535,Tire shop,,,https://www.google.com/maps/place/Mavis+Tires+%26+Brakes/data=!4m7!3m6!1s0x89c765788388c3b3:0xf4400462356c81a9!8m2!3d39.1571543!4d-75.5135212!16s%2Fg%2F11v9ff1sfv!19sChIJs8OIg3hlx4kRqYFsNWIEQPQ?authuser=0&hl=en&rclk=1,auto repair shop,Dover,city,DE,2026-07-23T02:38:04,0x89c765788388c3b3:0xf4400462356c81a9
Mc Kinney's Towing & Road Services,(302) 734-7584,https://mckinneystowing.com/,,"5336 N Dupont Hwy, Dover, DE 19901, United States",5336 N Dupont Hwy,Dover,DE,19901,4.3,140,Towing service,,,https://www.google.com/maps/place/Mc+Kinney%27s+Towing+%26+Road+Services/data=!4m7!3m6!1s0x89c77a5fe9d84743:0xc0f6e253e752ac00!8m2!3d39.222229!4d-75.5753326!16s%2Fg%2F1tdb9t6r!19sChIJQ0fY6V96x4kRAKxS51Pi9sA?authuser=0&hl=en&rclk=1,auto repair shop,Dover,city,DE,2026-07-23T02:38:04,0x89c77a5fe9d84743:0xc0f6e253e752ac00
Melvin's Service Center,(302) 678-9978,https://www.melvins-sc.com/,,"1020 S State St, Dover, DE 19901, United States",1020 S State St,Dover,DE,19901,4.7,95,Car repair and maintenance service,,,https://www.google.com/maps/place/Melvin%27s+Service+Center/data=!4m7!3m6!1s0x89c7634dc8335cc7:0xb907a1f6af3f1de5!8m2!3d39.1430474!4d-75.5230248!16s%2Fg%2F1tdfv2yg!19sChIJx1wzyE1jx4kR5R0_r_ahB7k?authuser=0&hl=en&rclk=1,auto repair shop,Kent County,county,DE,2026-07-23T02:02:36,0x89c7634dc8335cc7:0xb907a1f6af3f1de5
Miller Brothers Automotive Service,(302) 343-9034,,,"2624 Pearsons Corner Rd, Dover, DE 19904, United States",2624 Pearsons Corner Rd,Dover,DE,19904,4.8,60,Auto repair shop,,,https://www.google.com/maps/place/Miller+Brothers+Automotive+Service/data=!4m7!3m6!1s0x89c77f8bd3621641:0x4f4c1b705660e9e2!8m2!3d39.1591977!4d-75.6457556!16s%2Fg%2F11fkldxh6s!19sChIJQRZi04t_x4kR4ulgVnAbTE8?authuser=0&hl=en&rclk=1,auto repair shop,Kent County,county,DE,2026-07-23T02:02:36,0x89c77f8bd3621641:0x4f4c1b705660e9e2
Mot Auto Glass,(302) 378-6243,http://motauto1.wixsite.com/website,,"3603 W Denneys Rd, Dover, DE 19904, United States",3603 W Denneys Rd,Dover,DE,19904,4.6,50,Auto glass shop,,,https://www.google.com/maps/place/Mot+Auto+Glass/data=!4m7!3m6!1s0x89c70b30c911095b:0x7a307f54eaf8accd!8m2!3d39.1816256!4d-75.5872201!16s%2Fg%2F1tcyl_kr!19sChIJWwkRyTALx4kRzaz46lR_MHo?authuser=0&hl=en&rclk=1,auto repair shop,Dover,city,DE,2026-07-23T02:38:04,0x89c70b30c911095b:0x7a307f54eaf8accd
Nault Auto Care LLC,(302) 535-9243,https://naultautocare.com/,,"1806 Nault Rd, Dover, DE 19904, United States",1806 Nault Rd,Dover,DE,19904,4.9,95,Auto repair shop,,,https://www.google.com/maps/place/Nault+Auto+Care+LLC/data=!4m7!3m6!1s0x89c77d1ddf4bcaf5:0x80e796b52bf0c665!8m2!3d39.1517663!4d-75.6156031!16s%2Fg%2F11s07q13z7!19sChIJ9cpL3x19x4kRZcbwK7WW54A?authuser=0&hl=en&rclk=1,auto repair shop,Kent County,county,DE,2026-07-23T02:02:36,0x89c77d1ddf4bcaf5:0x80e796b52bf0c665
New York Auto Repair,(302) 374-0245,,,"3140 N Dupont Hwy, Dover, DE 19901, United States",3140 N Dupont Hwy,Dover,DE,19901,5.0,1,Auto repair shop,,,https://www.google.com/maps/place/New+York+Auto+Repair/data=!4m7!3m6!1s0x89c77b005afad891:0x1a5f8c1dfd624921!8m2!3d39.1976634!4d-75.5518656!16s%2Fg%2F11xlf7s0t1!19sChIJkdj6WgB7x4kRIUli_R2MXxo?authuser=0&hl=en&rclk=1,auto repair shop,Dover,city,DE,2026-07-23T02:38:04,0x89c77b005afad891:0x1a5f8c1dfd624921
Peezy Auto Repair,(302) 272-2430,,,"5299 S Dupont Hwy, Dover, DE 19901, United States",5299 S Dupont Hwy,Dover,DE,19901,4.7,13,Auto repair shop,,,https://www.google.com/maps/place/Peezy+Auto+Repair/data=!4m7!3m6!1s0x89c77d4bdf5845d9:0x3f04bb78ded2b8a0!8m2!3d39.0737825!4d-75.5523884!16s%2Fg%2F11h7ft2qmq!19sChIJ2UVY30t9x4kRoLjS3ni7BD8?authuser=0&hl=en&rclk=1,auto repair shop,Kent County,county,DE,2026-07-23T02:02:36,0x89c77d4bdf5845d9:0x3f04bb78ded2b8a0
Powell Mobile Auto,(302) 465-1840,https://www.facebook.com/powellmobileauto,,"58 Winding Creek Rd, Dover, DE 19904, United States",58 Winding Creek Rd,Dover,DE,19904,,,Auto repair shop,,,https://www.google.com/maps/place/Powell+Mobile+Auto/data=!4m7!3m6!1s0x89c77deaf95f7883:0xf995cf637f44c74f!8m2!3d39.1566049!4d-75.6203569!16s%2Fg%2F11z7n1l75c!19sChIJg3hf-ep9x4kRT8dEf2PPlfk?authuser=0&hl=en&rclk=1,auto repair shop,Dover,city,DE,2026-07-23T02:38:04,0x89c77deaf95f7883:0xf995cf637f44c74f
Preston Auto Body Of Dover,(302) 734-5708,https://www.dovercollision.com/,,"1362 Forrest Ave, Dover, DE 19904, United States",1362 Forrest Ave,Dover,DE,19904,4.8,54,Auto body shop,,,https://www.google.com/maps/place/Preston+Auto+Body+Of+Dover/data=!4m7!3m6!1s0x89c7630e8610aed7:0xecd677087e28e1c5!8m2!3d39.1584623!4d-75.5562729!16s%2Fg%2F11y321gvyz!19sChIJ164Qhg5jx4kRxeEofgh31uw?authuser=0&hl=en&rclk=1,auto repair shop,Dover,city,DE,2026-07-23T02:38:04,0x89c7630e8610aed7:0xecd677087e28e1c5
Price Auto Group Collision Center,(302) 697-4623,https://www.pricehonda.com/body-shop,,"1062 Lafferty Ln, Dover, DE 19901, United States",1062 Lafferty Ln,Dover,DE,19901,5.0,1,Auto body shop,,,https://www.google.com/maps/place/Price+Auto+Group+Collision+Center/data=!4m7!3m6!1s0x89c763fac2f1cc9d:0xee5c68cd51fd3e3c!8m2!3d39.140714!4d-75.4962315!16s%2Fg%2F11vd7gts1g!19sChIJnczxwvpjx4kRPD79Uc1oXO4?authuser=0&hl=en&rclk=1,auto repair shop,Dover,city,DE,2026-07-23T02:38:04,0x89c763fac2f1cc9d:0xee5c68cd51fd3e3c
Pugh's Automotive Service,(302) 734-4231,https://www.pughsservice.com/,,"728 Leipsic Rd, Dover, DE 19901, United States",728 Leipsic Rd,Dover,DE,19901,3.2,109,Auto repair shop,,,https://www.google.com/maps/place/Pugh%27s+Automotive+Service/data=!4m7!3m6!1s0x89c765cf5caaf505:0xaeb9daf61dacabc!8m2!3d39.1816565!4d-75.5286966!16s%2Fg%2F1tdqjfr7!19sChIJBfWqXM9lx4kRvMraYa-d6wo?authuser=0&hl=en&rclk=1,auto repair shop,Kent County,county,DE,2026-07-23T02:02:36,0x89c765cf5caaf505:0xaeb9daf61dacabc
Quality Auto Repair,(302) 674-2183,,,"604 Forest St, Dover, DE 19904, United States",604 Forest St,Dover,DE,19904,3.0,43,Auto repair shop,,,https://www.google.com/maps/place/Quality+Auto+Repair/data=!4m7!3m6!1s0x89c77b56750876d5:0x1d4091261bdad825!8m2!3d39.1574967!4d-75.5328737!16s%2Fg%2F1vhklhxz!19sChIJ1XYIdVZ7x4kRJdjaGyaRQB0?authuser=0&hl=en&rclk=1,auto repair shop,Kent County,county,DE,2026-07-23T02:02:36,0x89c77b56750876d5:0x1d4091261bdad825
Quick Lane,(302) 734-0446,https://www.quicklane.com/store-search.html,,"591 S Dupont Hwy, Dover, DE 19901, United States",591 S Dupont Hwy,Dover,DE,19901,4.7,3,Oil change service,,,https://www.google.com/maps/place/Quick+Lane/data=!4m7!3m6!1s0x89c76358ed4f0601:0xc0dd26fabfc7dac4!8m2!3d39.1525391!4d-75.5127958!16s%2Fg%2F11h4xm_qrg!19sChIJAQZP7Vhjx4kRxNrHv_om3cA?authuser=0&hl=en&rclk=1,auto repair shop,Dover,city,DE,2026-07-23T02:38:04,0x89c76358ed4f0601:0xc0dd26fabfc7dac4
RPM Automotive,(302) 734-9495,https://www.rpmautodover.com/,,"101 Weston Dr, Dover, DE 19904, United States",101 Weston Dr,Dover,DE,19904,4.6,132,Auto repair shop,,,https://www.google.com/maps/place/RPM+Automotive/data=!4m7!3m6!1s0x89c77b57152d46d5:0x610ededf155f580d!8m2!3d39.1611243!4d-75.5374853!16s%2Fg%2F1vq9n79p!19sChIJ1UYtFVd7x4kRDVhfFd_eDmE?authuser=0&hl=en&rclk=1,auto repair shop,Kent County,county,DE,2026-07-23T02:02:36,0x89c77b57152d46d5:0x610ededf155f580d
Scotti Muffler & Tire Center,(302) 674-8280,https://www.scottimufflercentermiddletown.com/,,"1465 S Governors Ave, Dover, DE 19904, United States",1465 S Governors Ave,Dover,DE,19904,4.3,344,Auto repair shop,,,https://www.google.com/maps/place/Scotti+Muffler+%26+Tire+Center/data=!4m7!3m6!1s0x89c77ccb64dee6a9:0x905bb9d3eeb2b088!8m2!3d39.1311094!4d-75.5297928!16s%2Fg%2F1thd2r_8!19sChIJqebeZMt8x4kRiLCy7tO5W5A?authuser=0&hl=en&rclk=1,auto repair shop,Kent County,county,DE,2026-07-23T02:02:36,0x89c77ccb64dee6a9:0x905bb9d3eeb2b088
The Best's Way Mechanic Shop,(302) 382-2112,http://thebestsway.com/,,"5382 N Dupont Hwy, Dover, DE 19901, United States",5382 N Dupont Hwy,Dover,DE,19901,,,Mechanic,,,https://www.google.com/maps/place/The+Best%27s+Way+Mechanic+Shop/data=!4m7!3m6!1s0x89c77b799e1bd84b:0x52a3d73b64152598!8m2!3d39.2231751!4d-75.5756392!16s%2Fg%2F11w_ksqq0h!19sChIJS9gbnnl7x4kRmCUVZDvXo1I?authuser=0&hl=en&rclk=1,auto repair shop,Kent County,county,DE,2026-07-23T02:02:36,0x89c77b799e1bd84b:0x52a3d73b64152598
Tire King,(302) 674-1942,http://tirekingdover.com/,,"502 S Governors Ave, Dover, DE 19904, United States",502 S Governors Ave,Dover,DE,19904,4.4,177,Tire shop,,,https://www.google.com/maps/place/Tire+King/data=!4m7!3m6!1s0x89c7635510b5c83d:0xa705f582adb7783!8m2!3d39.153822!4d-75.52589!16s%2Fg%2F1tfgkshx!19sChIJPci1EFVjx4kRg3fbKlhfcAo?authuser=0&hl=en&rclk=1,auto repair shop,Kent County,county,DE,2026-07-23T02:02:36,0x89c7635510b5c83d:0xa705f582adb7783
Toyota Service & Tire Center at i.g. Burton Toyota of Dover,(302) 734-7962,https://www.igburtontoyota.com/toyota-service-care.htm,,"1536 N Dupont Hwy, Dover, DE 19901, United States",1536 N Dupont Hwy,Dover,DE,19901,4.4,114,Auto repair shop,,,https://www.google.com/maps/place/Toyota+Service+%26+Tire+Center+at+i.g.+Burton+Toyota+of+Dover/data=!4m7!3m6!1s0x89c77b62eb9cd217:0xdc05ec89a8db885!8m2!3d39.1939632!4d-75.5489523!16s%2Fg%2F11fk0qsf_d!19sChIJF9Kc62J7x4kRhbiNmshewA0?authuser=0&hl=en&rclk=1,auto repair shop,Dover,city,DE,2026-07-23T02:38:04,0x89c77b62eb9cd217:0xdc05ec89a8db885
US Gas Services and Tony’s Auto Repair,(302) 734-1363,,,"461 N Dupont Hwy, Dover, DE 19901, United States",461 N Dupont Hwy,Dover,DE,19901,3.6,44,Gas station,,,https://www.google.com/maps/place/US+Gas+Services+and+Tony%E2%80%99s+Auto+Repair/data=!4m7!3m6!1s0x89c764b676186687:0x68621a7cb770e67e!8m2!3d39.1741008!4d-75.5217897!16s%2Fg%2F1v2pr543!19sChIJh2YYdrZkx4kRfuZwt3waYmg?authuser=0&hl=en&rclk=1,auto repair shop,Dover,city,DE,2026-07-23T02:38:04,0x89c764b676186687:0x68621a7cb770e67e
Winner Dover Auto Body Shop,(302) 735-8484,https://winnerauto.com/collision-centers/,,"591 S Dupont Hwy, Dover, DE 19901, United States",591 S Dupont Hwy,Dover,DE,19901,3.7,100,Auto body shop,,,https://www.google.com/maps/place/Winner+Dover+Auto+Body+Shop/data=!4m7!3m6!1s0x89c763585c99f961:0xc7c04c779ab628d2!8m2!3d39.151965!4d-75.5120734!16s%2Fg%2F1tk1nyy8!19sChIJYfmZXFhjx4kR0ii2mndMwMc?authuser=0&hl=en&rclk=1,auto repair shop,Dover,city,DE,2026-07-23T02:38:04,0x89c763585c99f961:0xc7c04c779ab628d2
Winner Ford Service,(302) 734-0444,https://www.winnerfordofdover.com/,,"591 S Dupont Hwy, Dover, DE 19901, United States",591 S Dupont Hwy,Dover,DE,19901,3.7,6,Auto repair shop,,,https://www.google.com/maps/place/Winner+Ford+Service/data=!4m7!3m6!1s0x89c763d1c7916dc7:0xa320ad3cfd6d1a93!8m2!3d39.1526705!4d-75.5117468!16s%2Fg%2F11r0vqp4gy!19sChIJx22Rx9Fjx4kRkxpt_TytIKM?authuser=0&hl=en&rclk=1,auto repair shop,Dover,city,DE,2026-07-23T02:38:04,0x89c763d1c7916dc7:0xa320ad3cfd6d1a93
Winner Subaru Parts & Service Center,(302) 734-8200,https://www.winnersubaru.com/service-department?utm_source=google&utm_medium=organic&utm_campaign=gbp_service,,"1387 N Dupont Hwy, Dover, DE 19901, United States",1387 N Dupont Hwy,Dover,DE,19901,4.5,8,Auto repair shop,,,https://www.google.com/maps/place/Winner+Subaru+Parts+%26+Service+Center/data=!4m7!3m6!1s0x89c77b48347470b3:0x6cbafb5fb9983d58!8m2!3d39.1924417!4d-75.5439838!16s%2Fg%2F11mn1b1nx4!19sChIJs3B0NEh7x4kRWD2YuV_7umw?authuser=0&hl=en&rclk=1,auto repair shop,Dover,city,DE,2026-07-23T02:38:04,0x89c77b48347470b3:0x6cbafb5fb9983d58
Winner Volkswagen Parts & Service Center,(302) 734-8200,https://www.winnervw.com/?utm_source=google&utm_medium=organic&utm_campaign=gbp_service,,"1387 N Dupont Hwy, Dover, DE 19901, United States",1387 N Dupont Hwy,Dover,DE,19901,1.0,1,Auto repair shop,,,https://www.google.com/maps/place/Winner+Volkswagen+Parts+%26+Service+Center/data=!4m7!3m6!1s0x89c77bf71aa57607:0xc21cd99cc3e9619f!8m2!3d39.1924417!4d-75.5439838!16s%2Fg%2F11ptnn1w9k!19sChIJB3alGvd7x4kRn2Hpw5zZHMI?authuser=0&hl=en&rclk=1,auto repair shop,Dover,city,DE,2026-07-23T02:38:04,0x89c77bf71aa57607:0xc21cd99cc3e9619f
World Transmissions and Complete Car Care Center,(302) 735-5535,http://www.worldtransmissions.pro/,,"2860 N Dupont Hwy, Dover, DE 19901, United States",2860 N Dupont Hwy,Dover,DE,19901,4.5,108,Transmission shop,,,https://www.google.com/maps/place/World+Transmissions+and+Complete+Car+Care+Center/data=!4m7!3m6!1s0x89c77c1cbe50664b:0xdc6097ac53f9d90d!8m2!3d39.1950802!4d-75.5480057!16s%2Fg%2F1262tsh8y!19sChIJS2ZQvhx8x4kRDdn5U6yXYNw?authuser=0&hl=en&rclk=1,auto repair shop,Dover,city,DE,2026-07-23T02:38:04,0x89c77c1cbe50664b:0xdc6097ac53f9d90d
Wrights Automotive Services,(302) 670-8367,https://wrightsautomotives.wixsite.com/wrightsautomotiveser,,"12 Dwayne Cir, Dover, DE 19904, United States",12 Dwayne Cir,Dover,DE,19904,5.0,50,Car repair and maintenance service,,,https://www.google.com/maps/place/Wrights+Automotive+Services/data=!4m7!3m6!1s0x89c77bef16f8ad95:0xfd121c4e8d4b8cc!8m2!3d39.1666767!4d-75.6034585!16s%2Fg%2F11kn4s_wqb!19sChIJla34Fu97x4kRzLjU6MQh0Q8?authuser=0&hl=en&rclk=1,auto repair shop,Kent County,county,DE,2026-07-23T02:02:36,0x89c77bef16f8ad95:0xfd121c4e8d4b8cc
Ellendale Elite Auto Repair,(302) 265-2165,http://ellendaleeliteauto.com/,,"12622 Holly Tree Rd, Ellendale, DE 19941, United States",12622 Holly Tree Rd,Ellendale,DE,19941,5.0,7,Mechanic,,,https://www.google.com/maps/place/Ellendale+Elite+Auto+Repair/data=!4m7!3m6!1s0x89b89598f8b13841:0xcb23f57da1977edb!8m2!3d38.8113248!4d-75.3985545!16s%2Fg%2F11x95pft41!19sChIJQTix-JiVuIkR236XoX31I8s?authuser=0&hl=en&rclk=1,auto repair shop,Sussex County,county,DE,2026-07-23T02:22:52,0x89b89598f8b13841:0xcb23f57da1977edb
RAW Sales and Service,(302) 448-0618,http://rawsalesnservice.com/,,"1 Mc Caulley Ave, Ellendale, DE 19941, United States",1 Mc Caulley Ave,Ellendale,DE,19941,5.0,26,Diesel engine repair service,,,https://www.google.com/maps/place/RAW+Sales+and+Service/data=!4m7!3m6!1s0x89b895b2f951c317:0x44c2bf442b1f85f9!8m2!3d38.8106299!4d-75.4237071!16s%2Fg%2F11gjttrdr9!19sChIJF8NR-bKVuIkR-YUfK0S_wkQ?authuser=0&hl=en&rclk=1,auto repair shop,Sussex County,county,DE,2026-07-15T07:24:48,0x89b895b2f951c317:0x44c2bf442b1f85f9
Speedway Auto Repair,(302) 430-6769,,,"21102 S Dupont Hwy, Farmington, DE 19950, United States",21102 S Dupont Hwy,Farmington,DE,19950,4.5,17,Auto repair shop,,,https://www.google.com/maps/place/Speedway+Auto+Repair/data=!4m7!3m6!1s0x89b88ef840eef951:0x7d1e1bcf13924b34!8m2!3d38.867656!4d-75.5762244!16s%2Fg%2F1th1dmc_!19sChIJUfnuQPiOuIkRNEuSE88bHn0?authuser=0&hl=en&rclk=1,auto repair shop,Sussex County,county,DE,2026-07-23T02:22:52,0x89b88ef840eef951:0x7d1e1bcf13924b34
Greens Auto Garage LLC,(302) 985-7519,http://www.greensautogaragellc.com/,,"2178 Sandtown Rd, Felton, DE 19943, United States",2178 Sandtown Rd,Felton,DE,19943,5.0,10,Auto dent removal service,,,https://www.google.com/maps/place/Greens+Auto+Garage+LLC/data=!4m7!3m6!1s0x89b88146fb97e8dd:0x8231bef77f672198!8m2!3d39.0227656!4d-75.6827852!16s%2Fg%2F11tn_tk1bm!19sChIJ3eiX-0aBuIkRmCFnf_e-MYI?authuser=0&hl=en&rclk=1,auto repair shop,Kent County,county,DE,2026-07-23T02:02:36,0x89b88146fb97e8dd:0x8231bef77f672198
Martin's Auto & Truck Repair,(302) 284-3040,,,"1408 Willowgrove road sandtown Rd, Felton, DE 19943, United States",1408 Willowgrove road sandtown Rd,Felton,DE,19943,4.3,42,Auto repair shop,,,https://www.google.com/maps/place/Martin%27s+Auto+%26+Truck+Repair/data=!4m7!3m6!1s0x89b87e1ecf2a8487:0x9a062873418e3fb3!8m2!3d39.0331299!4d-75.7193613!16s%2Fg%2F1tjrqwbd!19sChIJh4Qqzx5-uIkRsz-OQXMoBpo?authuser=0&hl=en&rclk=1,auto repair shop,Kent County,county,DE,2026-07-23T02:02:36,0x89b87e1ecf2a8487:0x9a062873418e3fb3
Mechanic To The Rescue,(302) 242-5455,,,"57 St Collom Dr, Felton, DE 19943, United States",57 St Collom Dr,Felton,DE,19943,4.8,60,Auto repair shop,,,https://www.google.com/maps/place/Mechanic+To+The+Rescue/data=!4m7!3m6!1s0x89b89d33df475727:0x5c3d10adc85ff670!8m2!3d39.0190201!4d-75.5210962!16s%2Fg%2F11n5ls_4c4!19sChIJJ1dH3zOduIkRcPZfyK0QPVw?authuser=0&hl=en&rclk=1,auto repair shop,Kent County,county,DE,2026-07-23T02:02:36,0x89b89d33df475727:0x5c3d10adc85ff670
"Busy Bee's Garage, LLC",(302) 648-2339,https://busybeesgarage.square.site/,,"195 Clayton Ave, Frankford, DE 19945, United States",195 Clayton Ave,Frankford,DE,19945,4.9,37,Auto repair shop,,,"https://www.google.com/maps/place/Busy+Bee%27s+Garage,+LLC/data=!4m7!3m6!1s0x89b8db4aedadacd7:0xc500c275352a8128!8m2!3d38.5311581!4d-75.235167!16s%2Fg%2F11k9fvhbmr!19sChIJ16yt7UrbuIkRKIEqNXXCAMU?authuser=0&hl=en&rclk=1",auto repair shop,Sussex County,county,DE,2026-07-23T02:22:52,0x89b8db4aedadacd7:0xc500c275352a8128
Frankford Auto Center,(302) 930-5740,http://www.frankfordautocenter.com/,,"34530 Dupont Blvd, Frankford, DE 19945, United States",34530 Dupont Blvd,Frankford,DE,19945,5.0,21,Auto repair shop,,,https://www.google.com/maps/place/Frankford+Auto+Center/data=!4m7!3m6!1s0x89b8dbe460202029:0xc1a7f87b1cc9c2cb!8m2!3d38.508673!4d-75.238686!16s%2Fg%2F11wmrh2k94!19sChIJKSAgYOTbuIkRy8LJHHv4p8E?authuser=0&hl=en&rclk=1,auto repair shop,Sussex County,county,DE,2026-07-23T02:22:52,0x89b8dbe460202029:0xc1a7f87b1cc9c2cb
Gray's Towing Service & Auto Repairs,(302) 265-4592,https://www.graystowingandautorepair.com/,,"34144 Dupont Blvd, Frankford, DE 19945, United States",34144 Dupont Blvd,Frankford,DE,19945,4.5,131,Towing service,,,https://www.google.com/maps/place/Gray%27s+Towing+Service+%26+Auto+Repairs/data=!4m7!3m6!1s0x89b8db615ab32069:0x66d84f8c9035fce1!8m2!3d38.5184097!4d-75.2413024!16s%2Fg%2F1tm2bky2!19sChIJaSCzWmHbuIkR4fw1kIxP2GY?authuser=0&hl=en&rclk=1,auto repair shop,Sussex County,county,DE,2026-07-15T07:24:48,0x89b8db615ab32069:0x66d84f8c9035fce1
Mark's Auto Care Center LLC,(302) 752-7355,http://marksautocarecenterllc.godaddysites.com/,,"30465 Armory Rd, Frankford, DE 19945, United States",30465 Armory Rd,Frankford,DE,19945,4.7,18,Auto repair shop,,,https://www.google.com/maps/place/Mark%27s+Auto+Care+Center+LLC/data=!4m7!3m6!1s0x89b8db0d65d5fd85:0x81da7f3376dc42ba!8m2!3d38.5389364!4d-75.217971!16s%2Fg%2F11w1hl943q!19sChIJhf3VZQ3buIkRukLcdjN_2oE?authuser=0&hl=en&rclk=1,auto repair shop,Sussex County,county,DE,2026-07-23T02:22:52,0x89b8db0d65d5fd85:0x81da7f3376dc42ba
Roxana Automotive Services,(302) 436-6202,http://roxanaauto.com/,,"35145 Roxana Rd, Frankford, DE 19945, United States",35145 Roxana Rd,Frankford,DE,19945,4.8,52,Auto repair shop,,,https://www.google.com/maps/place/Roxana+Automotive+Services/data=!4m7!3m6!1s0x89b8da89e2bcb9b1:0x72d3aaf68d9bca83!8m2!3d38.4959714!4d-75.1710829!16s%2Fg%2F1tdkn3h9!19sChIJsbm84onauIkRg8qbjfaq03I?authuser=0&hl=en&rclk=1,auto repair shop,Sussex County,county,DE,2026-07-23T02:22:52,0x89b8da89e2bcb9b1:0x72d3aaf68d9bca83
Blue Collar Custom Cycles - Est. 2003,(302) 436-3278,https://bluecollarcustomcycles.com/,,"6975 Old Beach Rd, Frederica, DE 19946, United States",6975 Old Beach Rd,Frederica,DE,19946,4.8,33,Motorcycle repair shop,,,https://www.google.com/maps/place/Blue+Collar+Custom+Cycles+-+Est.+2003/data=!4m7!3m6!1s0x89b89dbca689d94f:0x3514ea14b4f985bb!8m2!3d39.0331009!4d-75.4590076!16s%2Fg%2F11yn6ysjyc!19sChIJT9mJpryduIkRu4X5tBTqFDU?authuser=0&hl=en&rclk=1,auto repair shop,Kent County,county,DE,2026-07-23T02:02:36,0x89b89dbca689d94f:0x3514ea14b4f985bb
Carey Foreign & Domestic Auto,(302) 856-2779,,,"7 Bridgeville Rd, Georgetown, DE 19947, United States",7 Bridgeville Rd,Georgetown,DE,19947,4.8,65,Auto repair shop,,,https://www.google.com/maps/place/Carey+Foreign+%26+Domestic+Auto/data=!4m7!3m6!1s0x89b8eb0491a82e61:0xe795f20b32b35e88!8m2!3d38.6974068!4d-75.395212!16s%2Fg%2F1tgvfjc0!19sChIJYS6okQTruIkRiF6zMgvylec?authuser=0&hl=en&rclk=1,auto repair shop,Kent County,county,DE,2026-07-15T07:08:55,0x89b8eb0491a82e61:0xe795f20b32b35e88
Community Auto Repair,(302) 856-3333,http://communityautorepairgt.com/,,"514 W Market St, Georgetown, DE 19947, United States",514 W Market St,Georgetown,DE,19947,4.5,86,Auto repair shop,,,https://www.google.com/maps/place/Community+Auto+Repair/data=!4m7!3m6!1s0x4077029d06f8b823:0x1d24da884f5f3644!8m2!3d38.6826445!4d-75.3955944!16s%2Fg%2F11b6jk93xh!19sChIJI7j4Bp0Cd0ARRDZfT4jaJB0?authuser=0&hl=en&rclk=1,auto repair shop,Sussex County,county,DE,2026-07-23T02:22:51,0x4077029d06f8b823:0x1d24da884f5f3644
D&D Diesel and Auto,(302) 858-4138,https://www.facebook.com/profile.php?id=61564656874886&mibextid=ZbWKwL,,"23097 Lewes Georgetown Hwy, Georgetown, DE 19947, United States",23097 Lewes Georgetown Hwy,Georgetown,DE,19947,5.0,158,Auto repair shop,,,https://www.google.com/maps/place/D%26D+Diesel+and+Auto/data=!4m7!3m6!1s0x89b8c158babc3c65:0x2d0ae3ddf5e1a5ed!8m2!3d38.7094573!4d-75.334793!16s%2Fg%2F11wc2xp92p!19sChIJZTy8uljBuIkR7aXh9d3jCi0?authuser=0&hl=en&rclk=1,auto repair shop,Sussex County,county,DE,2026-07-23T02:22:51,0x89b8c158babc3c65:0x2d0ae3ddf5e1a5ed
Diaz Auto Repair,(302) 515-1944,,,"511 S Bedford St, Georgetown, DE 19947, United States",511 S Bedford St,Georgetown,DE,19947,4.4,7,Auto repair shop,,,https://www.google.com/maps/place/Diaz+Auto+Repair/data=!4m7!3m6!1s0x89b8ebb58b8a1009:0xb39de309b36de6bb!8m2!3d38.6728099!4d-75.3758992!16s%2Fg%2F11wbyrf7qx!19sChIJCRCKi7XruIkRu-ZtswnjnbM?authuser=0&hl=en&rclk=1,auto repair shop,Sussex County,county,DE,2026-07-23T02:22:52,0x89b8ebb58b8a1009:0xb39de309b36de6bb
Elite Auto Worx LLC.,(302) 727-1414,https://instagram.com/elite_auto_worx?igshid=MmIzYWVlNDQ5Yg==,,"340 S Bedford St, Georgetown, DE 19947, United States",340 S Bedford St,Georgetown,DE,19947,5.0,50,Auto repair shop,,,https://www.google.com/maps/place/Elite+Auto+Worx+LLC./data=!4m7!3m6!1s0x89b8ebdf197cb905:0x267ac4a25bde8833!8m2!3d38.6808912!4d-75.3802453!16s%2Fg%2F11ks6f4wgq!19sChIJBbl8Gd_ruIkRM4jeW6LEeiY?authuser=0&hl=en&rclk=1,auto repair shop,Sussex County,county,DE,2026-07-23T02:22:51,0x89b8ebdf197cb905:0x267ac4a25bde8833
Golden Car Care,(302) 856-2219,https://www.goldencarcare.com/,,"19435 Substation Rd, Georgetown, DE 19947, United States",19435 Substation Rd,Georgetown,DE,19947,4.8,21,Auto repair shop,,,https://www.google.com/maps/place/Golden+Car+Care/data=!4m7!3m6!1s0x89b8ebe985e1c265:0xed8348c985970b1f!8m2!3d38.6651601!4d-75.41194!16s%2Fg%2F1td4w4_b!19sChIJZcLhhenruIkRHwuXhclIg-0?authuser=0&hl=en&rclk=1,auto repair shop,Sussex County,county,DE,2026-07-23T02:22:52,0x89b8ebe985e1c265:0xed8348c985970b1f
Merrill Baker Jr Auto Repair,(302) 337-3104,,,"13684 Wilson Hill Rd, Georgetown, DE 19947, United States",13684 Wilson Hill Rd,Georgetown,DE,19947,4.8,16,Auto repair shop,,,https://www.google.com/maps/place/Merrill+Baker+Jr+Auto+Repair/data=!4m7!3m6!1s0x89b8ed74096da3d3:0x591fbd4618b5718c!8m2!3d38.7072701!4d-75.5114483!16s%2Fg%2F1tc_0dsr!19sChIJ06NtCXTtuIkRjHG1GEa9H1k?authuser=0&hl=en&rclk=1,auto repair shop,Sussex County,county,DE,2026-07-23T02:22:51,0x89b8ed74096da3d3:0x591fbd4618b5718c
Moe's Automotive Repair,(302) 752-8323,,,"24388 Mariner Cir, Georgetown, DE 19947, United States",24388 Mariner Cir,Georgetown,DE,19947,3.8,11,Auto repair shop,,,https://www.google.com/maps/place/Moe%27s+Automotive+Repair/data=!4m7!3m6!1s0x89b8ea1fcdc6fcb9:0x765d8dbb9489a842!8m2!3d38.6441227!4d-75.3621511!16s%2Fg%2F11g6wwr_bk!19sChIJufzGzR_quIkRQqiJlLuNXXY?authuser=0&hl=en&rclk=1,auto repair shop,Sussex County,county,DE,2026-07-23T02:22:52,0x89b8ea1fcdc6fcb9:0x765d8dbb9489a842
RIVAS AUTO REPAIR,(302) 569-0469,,,"24678 Asbury Rd, Georgetown, DE 19947, United States",24678 Asbury Rd,Georgetown,DE,19947,4.9,18,Auto repair shop,,,https://www.google.com/maps/place/RIVAS+AUTO+REPAIR/data=!4m7!3m6!1s0x89b8eff5e028b7f1:0x1b808e30f12ad4f6!8m2!3d38.6534189!4d-75.4533293!16s%2Fg%2F11h5w5023f!19sChIJ8bco4PXvuIkR9tQq8TCOgBs?authuser=0&hl=en&rclk=1,auto repair shop,Sussex County,county,DE,2026-07-23T02:22:51,0x89b8eff5e028b7f1:0x1b808e30f12ad4f6
afterhours motorsports,(302) 228-3712,http://afterhoursmotorsport.com/,,"22713 Lewes Georgetown Hwy, Georgetown, DE 19947, United States",22713 Lewes Georgetown Hwy,Georgetown,DE,19947,,,Auto repair shop,,,https://www.google.com/maps/place/afterhours+motorsports/data=!4m7!3m6!1s0x89b8eb348de1ff91:0x17aace6e6370a48c!8m2!3d38.7060775!4d-75.3451899!16s%2Fg%2F11z6mg389v!19sChIJkf_hjTTruIkRjKRwY27Oqhc?authuser=0&hl=en&rclk=1,auto repair shop,Sussex County,county,DE,2026-07-23T02:22:52,0x89b8eb348de1ff91:0x17aace6e6370a48c
"Delmarva Auto Repair, LLC",(302) 495-7241,http://www.delmarvaautorepair.com/Contact-Us.html,,"12313 Sussex Hwy, Greenwood, DE 19950, United States",12313 Sussex Hwy,Greenwood,DE,19950,4.7,71,Auto repair shop,,,"https://www.google.com/maps/place/Delmarva+Auto+Repair,+LLC/data=!4m7!3m6!1s0x89b88c43a51c0001:0x74eaea61f35dee57!8m2!3d38.8151453!4d-75.5848449!16s%2Fg%2F11g0k1b4dd!19sChIJAQAcpUOMuIkRV-5d82Hq6nQ?authuser=0&hl=en&rclk=1",auto repair shop,Kent County,county,DE,2026-07-23T02:02:36,0x89b88c43a51c0001:0x74eaea61f35dee57
Fonzis Auto Repair,(302) 858-8024,,,"13149 Rd 631, Greenwood, DE 19950, United States",13149 Rd 631,Greenwood,DE,19950,5.0,10,Car repair and maintenance service,,,https://www.google.com/maps/place/Fonzis+Auto+Repair/data=!4m7!3m6!1s0x89b88dbb371bffff:0xacb36293dc4ffec9!8m2!3d38.8025892!4d-75.5584877!16s%2Fg%2F11fll6fxz8!19sChIJ__8bN7uNuIkRyf5P3JNis6w?authuser=0&hl=en&rclk=1,auto repair shop,Sussex County,county,DE,2026-07-23T02:22:52,0x89b88dbb371bffff:0xacb36293dc4ffec9
J A Auto Repair,(302) 349-9028,,,"9414 Paine Ln, Greenwood, DE 19950, United States",9414 Paine Ln,Greenwood,DE,19950,4.8,65,Auto repair shop,,,https://www.google.com/maps/place/J+A+Auto+Repair/data=!4m7!3m6!1s0x89b88c5ad6e43d43:0xfdbe774cc3e9c336!8m2!3d38.7940174!4d-75.5889337!16s%2Fg%2F1tdm96p8!19sChIJQz3k1lqMuIkRNsPpw0x3vv0?authuser=0&hl=en&rclk=1,auto repair shop,Kent County,county,DE,2026-07-23T02:02:36,0x89b88c5ad6e43d43:0xfdbe774cc3e9c336
JW's Auto Repair & Maintenance,(302) 900-1935,http://jwsautorepairandmaintenance.square.site/,,"11021 Blacksmith Shop Rd, Greenwood, DE 19950, United States",11021 Blacksmith Shop Rd,Greenwood,DE,19950,5.0,5,Car repair and maintenance service,,,https://www.google.com/maps/place/JW%27s+Auto+Repair+%26+Maintenance/data=!4m7!3m6!1s0x89b8937ea6ca8d07:0xff1d0af253352113!8m2!3d38.8249735!4d-75.5096767!16s%2Fg%2F11sr01_t5s!19sChIJB43Kpn6TuIkREyE1U_IKHf8?authuser=0&hl=en&rclk=1,auto repair shop,Sussex County,county,DE,2026-07-15T07:24:48,0x89b8937ea6ca8d07:0xff1d0af253352113
Classic Auto Sales & Services,(302) 684-8126,,,"26905 Lewes Georgetown Hwy, Harbeson, DE 19951, United States",26905 Lewes Georgetown Hwy,Harbeson,DE,19951,4.9,77,Car dealer,,,https://www.google.com/maps/place/Classic+Auto+Sales+%26+Services/data=!4m7!3m6!1s0x89b8bf355307f283:0x2f9a45186522637c!8m2!3d38.7284695!4d-75.270338!16s%2Fg%2F1vfwdrp9!19sChIJg_IHUzW_uIkRfGMiZRhFmi8?authuser=0&hl=en&rclk=1,auto repair shop,Sussex County,county,DE,2026-07-15T07:24:48,0x89b8bf355307f283:0x2f9a45186522637c
Crossroads Autoworks,(302) 549-1111,,,"22672 Harbeson Rd, Harbeson, DE 19951, United States",22672 Harbeson Rd,Harbeson,DE,19951,4.8,47,Auto repair shop,,,https://www.google.com/maps/place/Crossroads+Autoworks/data=!4m7!3m6!1s0x89b8c7260870ef87:0x5bcaa617d8fcd32e!8m2!3d38.6737438!4d-75.2356113!16s%2Fg%2F11g2yk52y8!19sChIJh-9wCCbHuIkRLtP82Bemyls?authuser=0&hl=en&rclk=1,auto repair shop,Sussex County,county,DE,2026-07-23T02:22:51,0x89b8c7260870ef87:0x5bcaa617d8fcd32e
1st Stop Mechanic Shop,(302) 566-6753,,,"332 Weiner Ave, Harrington, DE 19952, United States",332 Weiner Ave,Harrington,DE,19952,4.8,19,Auto repair shop,,,https://www.google.com/maps/place/1st+Stop+Mechanic+Shop/data=!4m7!3m6!1s0x89b8850e359ef6e5:0x993c10b5dc1c2e06!8m2!3d38.9310403!4d-75.578178!16s%2Fg%2F11ss5hhwns!19sChIJ5faeNQ6FuIkRBi4c3LUQPJk?authuser=0&hl=en&rclk=1,auto repair shop,Kent County,county,DE,2026-07-23T02:02:36,0x89b8850e359ef6e5:0x993c10b5dc1c2e06
ABC Auto,(302) 922-7248,,,"1664 Little Mastens Corner Rd, Harrington, DE 19952, United States",1664 Little Mastens Corner Rd,Harrington,DE,19952,,,Mechanic,,,https://www.google.com/maps/place/ABC+Auto/data=!4m7!3m6!1s0x89b885fbd47ca831:0xd23b89a92f9398b1!8m2!3d38.95412!4d-75.5924215!16s%2Fg%2F11zcn6mqvw!19sChIJMah81PuFuIkRsZiTL6mJO9I?authuser=0&hl=en&rclk=1,auto repair shop,Kent County,county,DE,2026-07-23T02:02:36,0x89b885fbd47ca831:0xd23b89a92f9398b1
Automotive Solutions LLC,(302) 443-4459,,,"5 Dickerson St, Harrington, DE 19952, United States",5 Dickerson St,Harrington,DE,19952,5.0,6,Auto repair shop,,,https://www.google.com/maps/place/Automotive+Solutions+LLC/data=!4m7!3m6!1s0x89b88584338e8abd:0xcd20b04608254a43!8m2!3d38.9222749!4d-75.5714043!16s%2Fg%2F11zgsnsz73!19sChIJvYqOM4SFuIkRQ0olCEawIM0?authuser=0&hl=en&rclk=1,auto repair shop,Sussex County,county,DE,2026-07-23T02:22:52,0x89b88584338e8abd:0xcd20b04608254a43
DS Mobile Mechanic Services,(302) 265-3618,https://m.facebook.com/MobileMechanic302,,"735 Lobo Rd, Harrington, DE 19952, United States",735 Lobo Rd,Harrington,DE,19952,3.7,12,Auto repair shop,,,https://www.google.com/maps/place/DS+Mobile+Mechanic+Services/data=!4m7!3m6!1s0x89b8891c585ffe4b:0xde70b3fb6ed5e5f0!8m2!3d38.8937123!4d-75.6528343!16s%2Fg%2F11fn98qw5x!19sChIJS_5fWByJuIkR8OXVbvuzcN4?authuser=0&hl=en&rclk=1,auto repair shop,Kent County,county,DE,2026-07-23T02:02:36,0x89b8891c585ffe4b:0xde70b3fb6ed5e5f0
Smitty's Auto Repair,(302) 398-8419,,,"17378 S Dupont Hwy, Harrington, DE 19952, United States",17378 S Dupont Hwy,Harrington,DE,19952,4.6,60,Auto repair shop,,,https://www.google.com/maps/place/Smitty%27s+Auto+Repair/data=!4m7!3m6!1s0x89b8850bbd70e6c1:0x1d6fd1bc26c5ca96!8m2!3d38.920999!4d-75.567994!16s%2Fg%2F11f7726z5h!19sChIJweZwvQuFuIkRlsrFJrzRbx0?authuser=0&hl=en&rclk=1,auto repair shop,Kent County,county,DE,2026-07-23T02:02:36,0x89b8850bbd70e6c1:0x1d6fd1bc26c5ca96
Thompson's Automotive,(302) 566-6538,https://thompsonsautomotive.shop/,,"16962 S Dupont Hwy, Harrington, DE 19952, United States",16962 S Dupont Hwy,Harrington,DE,19952,4.7,87,Auto repair shop,,,https://www.google.com/maps/place/Thompson%27s+Automotive/data=!4m7!3m6!1s0x89b88570963cd019:0x17d97882f8cd4e3e!8m2!3d38.9268162!4d-75.5668071!16s%2Fg%2F11bvt6cqjy!19sChIJGdA8lnCFuIkRPk7N-IJ42Rc?authuser=0&hl=en&rclk=1,auto repair shop,Kent County,county,DE,2026-07-23T02:02:36,0x89b88570963cd019:0x17d97882f8cd4e3e
Independence Automotive,(302) 492-3643,http://www.independence-automotive.com/,,"1987 Judith Rd, Hartly, DE 19953, United States",1987 Judith Rd,Hartly,DE,19953,5.0,224,Auto repair shop,,,https://www.google.com/maps/place/Independence+Automotive/data=!4m7!3m6!1s0x89c77f330f8ff9ad:0x65cb5e5952813c61!8m2!3d39.1645283!4d-75.6825125!16s%2Fg%2F11x0qzkcz8!19sChIJrfmPDzN_x4kRYTyBUlley2U?authuser=0&hl=en&rclk=1,auto repair shop,Kent County,county,DE,2026-07-23T02:02:36,0x89c77f330f8ff9ad:0x65cb5e5952813c61
J & S Repair,(302) 492-3643,,,"1987 Judith Rd, Hartly, DE 19953, United States",1987 Judith Rd,Hartly,DE,19953,5.0,11,Auto repair shop,,,https://www.google.com/maps/place/J+%26+S+Repair/data=!4m7!3m6!1s0x89c77f3a6532b037:0x8f5322afcd998064!8m2!3d39.164504!4d-75.6824929!16s%2Fg%2F11f5dp1g9q!19sChIJN7AyZTp_x4kRZICZza8iU48?authuser=0&hl=en&rclk=1,auto repair shop,Kent County,county,DE,2026-07-23T02:02:36,0x89c77f3a6532b037:0x8f5322afcd998064
K S Automotive Repair,(302) 492-8814,,,"2856 Hartly Rd, Hartly, DE 19953, United States",2856 Hartly Rd,Hartly,DE,19953,4.7,62,Auto repair shop,,,https://www.google.com/maps/place/K+S+Automotive+Repair/data=!4m7!3m6!1s0x89c77edb27b3cda3:0x3e7b4467d10b8af1!8m2!3d39.15921!4d-75.656572!16s%2Fg%2F113j8tz3w!19sChIJo82zJ9t-x4kR8YoL0WdEez4?authuser=0&hl=en&rclk=1,auto repair shop,Kent County,county,DE,2026-07-23T02:02:36,0x89c77edb27b3cda3:0x3e7b4467d10b8af1
Kevin Scott Auto Works,(302) 424-1514,,,"248 School St, Houston, DE 19954, United States",248 School St,Houston,DE,19954,5.0,24,Auto repair shop,,,https://www.google.com/maps/place/Kevin+Scott+Auto+Works/data=!4m7!3m6!1s0x89b89abb57125953:0xe697a0bb95c15fb3!8m2!3d38.9193124!4d-75.5106156!16s%2Fg%2F1vgx1ngs!19sChIJU1kSV7uauIkRs1_Blbugl-Y?authuser=0&hl=en&rclk=1,auto repair shop,Kent County,county,DE,2026-07-23T02:02:36,0x89b89abb57125953:0xe697a0bb95c15fb3
The Service Center,(302) 508-5328,https://yourservicecenter.net/,,"172 Cooper St, Kenton, DE 19955, United States",172 Cooper St,Kenton,DE,19955,5.0,49,Auto repair shop,,,https://www.google.com/maps/place/The+Service+Center/data=!4m7!3m6!1s0x89c7795e10d1988b:0x8aacd67de8738051!8m2!3d39.2307288!4d-75.6657903!16s%2Fg%2F11syz7vt5x!19sChIJi5jREF55x4kRUYBz6H3WrIo?authuser=0&hl=en&rclk=1,auto repair shop,Kent County,county,DE,2026-07-23T02:02:36,0x89c7795e10d1988b:0x8aacd67de8738051
4th St. Auto (OConRT13),(302) 399-8782,,,"540 E 4th St, Laurel, DE 19956, United States",540 E 4th St,Laurel,DE,19956,5.0,58,Auto repair shop,,,https://www.google.com/maps/place/4th+St.+Auto+%28OConRT13%29/data=!4m7!3m6!1s0x89b8fb94c275cec3:0x527dbeaab4983143!8m2!3d38.5558636!4d-75.5630404!16s%2Fg%2F11ph01w2h1!19sChIJw851wpT7uIkRQzGYtKq-fVI?authuser=0&hl=en&rclk=1,auto repair shop,Sussex County,county,DE,2026-07-23T02:22:52,0x89b8fb94c275cec3:0x527dbeaab4983143
"Happy Mechanic ""AUTO REPAIR""",(302) 382-1530,,,"10912 County Seat Hwy, Laurel, DE 19956, United States",10912 County Seat Hwy,Laurel,DE,19956,3.8,17,Auto repair shop,,,https://www.google.com/maps/place/Happy+Mechanic+%22AUTO+REPAIR%22/data=!4m7!3m6!1s0x89b8fa9249f13f37:0xebe4c7b5b33ccb7!8m2!3d38.5700198!4d-75.5600543!16s%2Fg%2F11c67wmcqq!19sChIJNz_xSZL6uIkRt8wzW3tMvg4?authuser=0&hl=en&rclk=1,auto repair shop,Sussex County,county,DE,2026-07-23T02:22:52,0x89b8fa9249f13f37:0xebe4c7b5b33ccb7
New Era Auto Repair,(302) 280-6127,https://internetbusinesslistings.quickbase.com/db/bs3vsmtgm?a=dr&rid=14784#:~:text=https%3A//www.neweraautorepairllc.com/,,"10195 Woodland Ferry Rd, Laurel, DE 19956, United States",10195 Woodland Ferry Rd,Laurel,DE,19956,5.0,40,Auto repair shop,,,https://www.google.com/maps/place/New+Era+Auto+Repair/data=!4m7!3m6!1s0x89b8fbe33e70255d:0x63ce59c7b1d44d7!8m2!3d38.5648597!4d-75.5718902!16s%2Fg%2F11vpnmnxz5!19sChIJXSVwPuP7uIkR10Qde5zlPAY?authuser=0&hl=en&rclk=1,auto repair shop,Sussex County,county,DE,2026-07-23T02:22:51,0x89b8fbe33e70255d:0x63ce59c7b1d44d7
Seaside Auto Repair,(302) 280-6392,https://m.facebook.com/61564965723864/,,"110 West St, Laurel, DE 19956, United States",110 West St,Laurel,DE,19956,4.7,41,Auto repair shop,,,https://www.google.com/maps/place/Seaside+Auto+Repair/data=!4m7!3m6!1s0x89b8fbecba86538f:0x3f2bdc9b322fa437!8m2!3d38.5561971!4d-75.5754446!16s%2Fg%2F11w8tshlwl!19sChIJj1OGuuz7uIkRN6QvMpvcKz8?authuser=0&hl=en&rclk=1,auto repair shop,Sussex County,county,DE,2026-07-23T02:22:51,0x89b8fbecba86538f:0x3f2bdc9b322fa437
D&T Garage,(302) 645-7308,,,"32379 Lewes Georgetown Hwy, Lewes, DE 19958, United States",32379 Lewes Georgetown Hwy,Lewes,DE,19958,4.5,122,Auto repair shop,,,https://www.google.com/maps/place/D%26T+Garage/data=!4m7!3m6!1s0x89b8b9b4ff189e97:0xb86d0a437f764e19!8m2!3d38.746288!4d-75.181269!16s%2Fg%2F1pv6ps_kx!19sChIJl54Y_7S5uIkRGU52f0MKbbg?authuser=0&hl=en&rclk=1,auto repair shop,Sussex County,county,DE,2026-07-23T02:22:51,0x89b8b9b4ff189e97:0xb86d0a437f764e19
Hazzard Auto Repair,(302) 645-4543,http://hazzardautorepair.com/,,"1141 Savannah Rd, Lewes, DE 19958, United States",1141 Savannah Rd,Lewes,DE,19958,4.1,26,Auto repair shop,,,https://www.google.com/maps/place/Hazzard+Auto+Repair/data=!4m7!3m6!1s0x89b8b75ef9b46ff3:0x98b22f651dde95b1!8m2!3d38.7648565!4d-75.1488179!16s%2Fg%2F1tgzc7b6!19sChIJ82-0-V63uIkRsZXeHWUvspg?authuser=0&hl=en&rclk=1,auto repair shop,Sussex County,county,DE,2026-07-23T02:22:52,0x89b8b75ef9b46ff3:0x98b22f651dde95b1
Midway Tire & Auto Center,(302) 703-2302,https://www.midwaydelaware.com/?utm_source=google&utm_medium=gbp,,"18421 Coastal Hwy #2, Lewes, DE 19958, United States",18421 Coastal Hwy #2,Lewes,DE,19958,4.4,204,Tire shop,,,https://www.google.com/maps/place/Midway+Tire+%26+Auto+Center/data=!4m7!3m6!1s0x89b8b77875d00523:0x8caf0be9f4d39e7c!8m2!3d38.7401351!4d-75.1451435!16s%2Fg%2F1vknq8nn!19sChIJIwXQdXi3uIkRfJ7T9OkLr4w?authuser=0&hl=en&rclk=1,auto repair shop,Sussex County,county,DE,2026-07-15T07:24:48,0x89b8b77875d00523:0x8caf0be9f4d39e7c
Rudys European Motorcars,(302) 645-6410,http://www.rudyseurocars.com/,,"17475 Nassau Commons Blvd, Lewes, DE 19958, United States",17475 Nassau Commons Blvd,Lewes,DE,19958,4.6,119,Auto repair shop,,,https://www.google.com/maps/place/Rudys+European+Motorcars/data=!4m7!3m6!1s0x89b8b9b324291835:0xaa38a16b059a8cef!8m2!3d38.7480011!4d-75.1857945!16s%2Fg%2F1hhgvd7tw!19sChIJNRgpJLO5uIkR74yaBWuhOKo?authuser=0&hl=en&rclk=1,auto repair shop,Sussex County,county,DE,2026-07-23T02:22:52,0x89b8b9b324291835:0xaa38a16b059a8cef
Shaffer's Service,(302) 645-8713,https://m.facebook.com/Shaffers-Service-161788700508996/,,"16425 Coastal Hwy, Lewes, DE 19958, United States",16425 Coastal Hwy,Lewes,DE,19958,4.8,117,Tire shop,,,https://www.google.com/maps/place/Shaffer%27s+Service/data=!4m7!3m6!1s0x89b8b909d0bc145f:0xf0848567cd2c3197!8m2!3d38.7614683!4d-75.204526!16s%2Fg%2F1td05z1f!19sChIJXxS80Am5uIkRlzEszWeFhPA?authuser=0&hl=en&rclk=1,auto repair shop,Sussex County,county,DE,2026-07-15T07:24:48,0x89b8b909d0bc145f:0xf0848567cd2c3197
Wiedmann Auto,(302) 226-2407,,,"18013 Robinsonville Rd, Lewes, DE 19958, United States",18013 Robinsonville Rd,Lewes,DE,19958,4.7,13,Auto repair shop,,,https://www.google.com/maps/place/Wiedmann+Auto/data=!4m7!3m6!1s0x89b8b92b0e701b3d:0xf2f906a17b353c25!8m2!3d38.7406676!4d-75.1682869!16s%2Fg%2F11t315r8n5!19sChIJPRtwDiu5uIkRJTw1e6EG-fI?authuser=0&hl=en&rclk=1,auto repair shop,Sussex County,county,DE,2026-07-23T02:22:52,0x89b8b92b0e701b3d:0xf2f906a17b353c25
Wrenches garage llc,(302) 645-7308,http://www.wrenchesgaragellc.com/,,"32379 Lewes Georgetown Hwy, Lewes, DE 19958, United States",32379 Lewes Georgetown Hwy,Lewes,DE,19958,4.7,29,Auto repair shop,,,https://www.google.com/maps/place/Wrenches+garage+llc/data=!4m7!3m6!1s0x89b8b94275072429:0x604fd1db34bc204c!8m2!3d38.7463102!4d-75.1812299!16s%2Fg%2F11xcfr9r4_!19sChIJKSQHdUK5uIkRTCC8NNvRT2A?authuser=0&hl=en&rclk=1,auto repair shop,Sussex County,county,DE,2026-07-23T02:22:52,0x89b8b94275072429:0x604fd1db34bc204c
Bill Holloway's Repair,(302) 422-3944,http://bill-holloways-repair.keeq.io/,,"10255 Clendaniel Pond Rd, Lincoln, DE 19960, United States",10255 Clendaniel Pond Rd,Lincoln,DE,19960,4.7,34,Auto repair shop,,,https://www.google.com/maps/place/Bill+Holloway%27s+Repair/data=!4m7!3m6!1s0x89b896f3bcdebebd:0x781a24fd412952b!8m2!3d38.8448661!4d-75.3956919!16s%2Fg%2F1v3_3l6k!19sChIJvb7evPOWuIkRK5US1E-igQc?authuser=0&hl=en&rclk=1,auto repair shop,Sussex County,county,DE,2026-07-23T02:22:52,0x89b896f3bcdebebd:0x781a24fd412952b
Tom's Repair,(302) 682-7651,,,"18064 Johnson Rd, Lincoln, DE 19960, United States",18064 Johnson Rd,Lincoln,DE,19960,5.0,2,Auto repair shop,,,https://www.google.com/maps/place/Tom%27s+Repair/data=!4m7!3m6!1s0x89b8917f07d45227:0xf7fee406a2acc0e4!8m2!3d38.8687003!4d-75.4363391!16s%2Fg%2F11rb5hyv8l!19sChIJJ1LUB3-RuIkR5MCsogbk_vc?authuser=0&hl=en&rclk=1,auto repair shop,Kent County,county,DE,2026-07-23T02:02:36,0x89b8917f07d45227:0xf7fee406a2acc0e4
Garcia Mobile Mechanics,(302) 401-0416,https://garciamobilemechanics.com/,,"1339 Autumn Moon Ln, Magnolia, DE 19962, United States",1339 Autumn Moon Ln,Magnolia,DE,19962,5.0,30,Auto repair shop,,,https://www.google.com/maps/place/Garcia+Mobile+Mechanics/data=!4m7!3m6!1s0x89c763b37069811f:0x4fc039bbeec8d651!8m2!3d39.0758005!4d-75.5218717!16s%2Fg%2F11x8jlqrpb!19sChIJH4FpcLNjx4kRUdbI7rs5wE8?authuser=0&hl=en&rclk=1,auto repair shop,Kent County,county,DE,2026-07-15T07:08:55,0x89c763b37069811f:0x4fc039bbeec8d651
"301 Cycle, LLC",(302) 376-5115,http://www.301cycle.com/,,"4761 Summit Bridge Rd, Middletown, DE 19709, United States",4761 Summit Bridge Rd,Middletown,DE,19709,4.9,105,Motorcycle repair shop,,,"https://www.google.com/maps/place/301+Cycle,+LLC/data=!4m7!3m6!1s0x89c7a0a81ef4efd5:0x16a160569c961fd8!8m2!3d39.4948329!4d-75.7144304!16s%2Fg%2F1thy0s32!19sChIJ1e_0Hqigx4kR2B-WnFZgoRY?authuser=0&hl=en&rclk=1",auto repair shop,Middletown,city,DE,2026-07-15T07:53:02,0x89c7a0a81ef4efd5:0x16a160569c961fd8
Attention to Detail Mobile Auto Detailing,(201) 921-7107,https://www.atodetailing.com/?utm_source=google&utm_medium=wix_google_business_profile&utm_campaign=3189351526085855857,,"600 N Broad St, Middletown, DE 19709, United States",600 N Broad St,Middletown,DE,19709,5.0,86,Car detailing service,,,https://www.google.com/maps/place/Attention+to+Detail+Mobile+Auto+Detailing/data=!4m7!3m6!1s0x82abe0f9eb3bf7dd:0x1fe7eee17866ae8!8m2!3d39.4544476!4d-75.7198856!16s%2Fg%2F11v19zjw2n!19sChIJ3fc76_ngq4IR6GqGF-5-_gE?authuser=0&hl=en&rclk=1,auto repair shop,Middletown,city,DE,2026-07-23T02:51:16,0x82abe0f9eb3bf7dd:0x1fe7eee17866ae8
Auto Recon Of Middletown,(302) 393-5204,http://autoreconhq.com/,,"693 Industrial Dr, Middletown, DE 19709, United States",693 Industrial Dr,Middletown,DE,19709,5.0,1,Car detailing service,,,https://www.google.com/maps/place/Auto+Recon+Of+Middletown/data=!4m7!3m6!1s0x89c7a1fda73ddf43:0xdb6f615e73b17c5d!8m2!3d39.4438504!4d-75.7209974!16s%2Fg%2F11nb_1hf66!19sChIJQ989p_2hx4kRXXyxc15hb9s?authuser=0&hl=en&rclk=1,auto repair shop,Middletown,city,DE,2026-07-23T02:51:16,0x89c7a1fda73ddf43:0xdb6f615e73b17c5d
B & G Truck & Trailer Repair,(302) 455-9171,http://bgtruckandtrailer.com/,,"4917 Summit Bridge Rd, Middletown, DE 19709, United States",4917 Summit Bridge Rd,Middletown,DE,19709,4.5,76,Truck repair shop,,,https://www.google.com/maps/place/B+%26+G+Truck+%26+Trailer+Repair/data=!4m7!3m6!1s0x89c7a9c44b6fdbfb:0x850190b28b2eef2d!8m2!3d39.4859777!4d-75.7173747!16s%2Fg%2F1tkmnj4g!19sChIJ-9tvS8Spx4kRLe8ui7KQAYU?authuser=0&hl=en&rclk=1,auto repair shop,Middletown,city,DE,2026-07-23T02:51:16,0x89c7a9c44b6fdbfb:0x850190b28b2eef2d
Benchmark Transmission & Auto Care,(302) 376-6510,https://www.benchmarkonline.biz/store/7/,,"128 Patriot Dr, Middletown, DE 19709, United States",128 Patriot Dr,Middletown,DE,19709,4.5,61,Transmission shop,,,https://www.google.com/maps/place/Benchmark+Transmission+%26+Auto+Care/data=!4m7!3m6!1s0x89c7a02ebc3c5ae3:0x9d4b027af19760eb!8m2!3d39.4347868!4d-75.7529246!16s%2Fg%2F1t_wq9qg!19sChIJ41o8vC6gx4kR62CX8XoCS50?authuser=0&hl=en&rclk=1,auto repair shop,Middletown,city,DE,2026-07-23T02:51:16,0x89c7a02ebc3c5ae3:0x9d4b027af19760eb
Caliber Collision,(302) 279-1007,https://www.caliber.com/find-a-location/middletown-de?utm_source=google&utm_medium=gbp-profile&utm_campaign=webform-GBPwebsite&utm_content=&utm_term=&utm_id=0966,,"5077 Summit Bridge Rd, Middletown, DE 19709, United States",5077 Summit Bridge Rd,Middletown,DE,19709,4.8,663,Auto body shop,,,https://www.google.com/maps/place/Caliber+Collision/data=!4m7!3m6!1s0x89c7a09ca8e45793:0x7b98bc56203de4fb!8m2!3d39.4760091!4d-75.7195676!16s%2Fg%2F1tfntzjt!19sChIJk1fkqJygx4kR--Q9IFa8mHs?authuser=0&hl=en&rclk=1,auto repair shop,Middletown,city,DE,2026-07-23T02:51:16,0x89c7a09ca8e45793:0x7b98bc56203de4fb
CleanPRO Detail Center- Middletown,(302) 464-1017,http://cleanprodetailcenter.com/,,"5221 Summit Bridge Rd, Middletown, DE 19709, United States",5221 Summit Bridge Rd,Middletown,DE,19709,5.0,19,Car detailing service,,,https://www.google.com/maps/place/CleanPRO+Detail+Center-+Middletown/data=!4m7!3m6!1s0x89c7a0873bedce77:0x69c63e1f1bf401e6!8m2!3d39.466991!4d-75.7208446!16s%2Fg%2F11c2k2ngsl!19sChIJd87tO4egx4kR5gH0Gx8-xmk?authuser=0&hl=en&rclk=1,auto repair shop,Middletown,city,DE,2026-07-23T02:51:16,0x89c7a0873bedce77:0x69c63e1f1bf401e6
Diamond Town Tire & Auto Care,(302) 464-1077,https://www.diamondtowntireandautocare.com/,,"5221 Summit Bridge Rd, Middletown, DE 19709, United States",5221 Summit Bridge Rd,Middletown,DE,19709,4.5,409,Auto repair shop,,,https://www.google.com/maps/place/Diamond+Town+Tire+%26+Auto+Care/data=!4m7!3m6!1s0x89c7a0873bedce77:0x4164c69d1d86d349!8m2!3d39.46665!4d-75.7209255!16s%2Fg%2F11b7q7jtsz!19sChIJd87tO4egx4kRSdOGHZ3GZEE?authuser=0&hl=en&rclk=1,auto repair shop,Middletown,city,DE,2026-07-23T02:51:16,0x89c7a0873bedce77:0x4164c69d1d86d349
Driven Automotive LLC,(302) 715-3272,https://m.facebook.com/Driven-Automotive-LLC-106626497791313/?ref=page_internal&mt_nav=0,,"4887 Summit Bridge Rd, Middletown, DE 19709, United States",4887 Summit Bridge Rd,Middletown,DE,19709,5.0,23,Auto repair shop,,,https://www.google.com/maps/place/Driven+Automotive+LLC/data=!4m7!3m6!1s0x89c7a17aaf1e732b:0xe4e00de30d73fde5!8m2!3d39.487658!4d-75.7165608!16s%2Fg%2F11kfx6c4hr!19sChIJK3Mer3qhx4kR5f1zDeMN4OQ?authuser=0&hl=en&rclk=1,auto repair shop,Middletown,city,DE,2026-07-23T02:51:16,0x89c7a17aaf1e732b:0xe4e00de30d73fde5
E&J Window Tint & Graphics,(302) 378-9600,https://ejwindowtint.square.site/,,"5458 Peterson Rd, Middletown, DE 19709, United States",5458 Peterson Rd,Middletown,DE,19709,4.8,126,Window tinting service,,,https://www.google.com/maps/place/E%26J+Window+Tint+%26+Graphics/data=!4m7!3m6!1s0x89c7a0714460bac1:0x4b5e29bfd8984605!8m2!3d39.4524661!4d-75.7227479!16s%2Fg%2F11g73cytdm!19sChIJwbpgRHGgx4kRBUaY2L8pXks?authuser=0&hl=en&rclk=1,auto repair shop,Middletown,city,DE,2026-07-23T02:51:16,0x89c7a0714460bac1:0x4b5e29bfd8984605
Exquisite Detailing,(302) 420-1127,https://www.exquisiteautodetail.com/,,"600 N Broad St Suit 5, Middletown, DE 19709, United States",600 N Broad St Suit 5,Middletown,DE,19709,4.9,474,Car detailing service,,,https://www.google.com/maps/place/Exquisite+Detailing/data=!4m7!3m6!1s0x89c70b65e225699f:0xa2f402f5ec1a2afe!8m2!3d39.4547635!4d-75.7196899!16s%2Fg%2F1ts3gl2b!19sChIJn2kl4mULx4kR_ioa7PUC9KI?authuser=0&hl=en&rclk=1,auto repair shop,Middletown,city,DE,2026-07-23T02:51:16,0x89c70b65e225699f:0xa2f402f5ec1a2afe
F and D Equipment & Repair,(302) 378-1999,https://www.facebook.com/fanddequipment/?pnref=story,,"213 W Lake St f, Middletown, DE 19709, United States",213 W Lake St f,Middletown,DE,19709,4.4,28,Small engine repair service,,,https://www.google.com/maps/place/F+and+D+Equipment+%26+Repair/data=!4m7!3m6!1s0x89c7a070e1bc0955:0xa487f6497f63fd48!8m2!3d39.4523878!4d-75.7211607!16s%2Fg%2F11c533m9f1!19sChIJVQm84XCgx4kRSP1jf0n2h6Q?authuser=0&hl=en&rclk=1,auto repair shop,Middletown,city,DE,2026-07-23T02:51:16,0x89c7a070e1bc0955:0xa487f6497f63fd48
Garcia's Auto Repair,(302) 464-1118,,,"213 W Lake St, Middletown, DE 19709, United States",213 W Lake St,Middletown,DE,19709,4.0,16,Auto repair shop,,,https://www.google.com/maps/place/Garcia%27s+Auto+Repair/data=!4m7!3m6!1s0x89c7a073fe32ff85:0x18625ac16d0d5c31!8m2!3d39.4518118!4d-75.7214534!16s%2Fg%2F11h3vbxkvg!19sChIJhf8y_nOgx4kRMVwNbcFaYhg?authuser=0&hl=en&rclk=1,auto repair shop,Middletown,city,DE,2026-07-23T02:51:16,0x89c7a073fe32ff85:0x18625ac16d0d5c31
Great Cars By Maranatha Motors,(302) 378-1402,https://www.mynextgreatcar.com/,,"219 W Main St, Middletown, DE 19709, United States",219 W Main St,Middletown,DE,19709,4.2,30,Used car dealer,,,https://www.google.com/maps/place/Great+Cars+By+Maranatha+Motors/data=!4m7!3m6!1s0x89c7a07158f549ef:0x3360c41b7c8181d6!8m2!3d39.4498053!4d-75.7206077!16s%2Fg%2F1tdkc0nj!19sChIJ70n1WHGgx4kR1oGBfBvEYDM?authuser=0&hl=en&rclk=1,auto repair shop,Middletown,city,DE,2026-07-23T02:51:16,0x89c7a07158f549ef:0x3360c41b7c8181d6
Hertrich Collision Center of Middletown,(302) 464-5550,https://www.hertrichcollision.com/hertrich-collision-center-middletown.htm,,"353 Auto Park Dr, Middletown, DE 19709, United States",353 Auto Park Dr,Middletown,DE,19709,4.2,5,Auto body shop,,,https://www.google.com/maps/place/Hertrich+Collision+Center+of+Middletown/data=!4m7!3m6!1s0x89c7a1f6d635b7a1:0x50e0244d661b3b82!8m2!3d39.4449645!4d-75.7300702!16s%2Fg%2F11yx4lm27d!19sChIJobc11vahx4kRgjsbZk0k4FA?authuser=0&hl=en&rclk=1,auto repair shop,Middletown,city,DE,2026-07-23T02:51:16,0x89c7a1f6d635b7a1:0x50e0244d661b3b82
Mavis Tires & Brakes,(302) 665-9272,https://www.mavis.com/locations/middletown-de/?utm_source=yext&utm_medium=organic&utm_campaign=gmb&stnum=4210,,"235 Celebration Ct, Middletown, DE 19709, United States",235 Celebration Ct,Middletown,DE,19709,4.7,666,Tire shop,,,https://www.google.com/maps/place/Mavis+Tires+%26+Brakes/data=!4m7!3m6!1s0x89c7a19078325265:0xfd9d77fd3d9e97b5!8m2!3d39.4398023!4d-75.7452011!16s%2Fg%2F11r2wycyr5!19sChIJZVIyeJChx4kRtZeePf13nf0?authuser=0&hl=en&rclk=1,auto repair shop,Middletown,city,DE,2026-07-23T02:51:16,0x89c7a19078325265:0xfd9d77fd3d9e97b5
Middletown Auto Sales LLC,(302) 376-3970,https://middletownautosalesllc.com/,,"2518 Dupont Pkwy, Middletown, DE 19709, United States",2518 Dupont Pkwy,Middletown,DE,19709,4.9,35,Car dealer,,,https://www.google.com/maps/place/Middletown+Auto+Sales+LLC/data=!4m7!3m6!1s0x89c70b9d1f578449:0x6eadfc19a49feef8!8m2!3d39.4898795!4d-75.6498344!16s%2Fg%2F11w91flw62!19sChIJSYRXH50Lx4kR-O6fpBn8rW4?authuser=0&hl=en&rclk=1,auto repair shop,Middletown,city,DE,2026-07-23T02:51:16,0x89c70b9d1f578449:0x6eadfc19a49feef8
Mr. Tire Auto Service Centers,(302) 378-3801,https://locations.mrtire.com/de/middletown/430-haveg-road?&utm_source=google&utm_medium=organic&utm_campaign=gbp-listing-store_1212,,"430 Haveg Rd, Middletown, DE 19709, United States",430 Haveg Rd,Middletown,DE,19709,4.3,531,Tire shop,,,https://www.google.com/maps/place/Mr.+Tire+Auto+Service+Centers/data=!4m7!3m6!1s0x89c7a073b5ab1fbd:0x7fd1b03369b0e806!8m2!3d39.4483963!4d-75.7224243!16s%2Fg%2F11b7q_r5tk!19sChIJvR-rtXOgx4kRBuiwaTOw0X8?authuser=0&hl=en&rclk=1,auto repair shop,Middletown,city,DE,2026-07-23T02:51:16,0x89c7a073b5ab1fbd:0x7fd1b03369b0e806
NeoTires,(302) 276-8361,https://neotires.com/,,"651 N Broad St Ste 205 #1233, Middletown, DE 19709, United States",651 N Broad St Ste 205 #1233,Middletown,DE,19709,4.6,16,Tire shop,,,https://www.google.com/maps/place/NeoTires/data=!4m7!3m6!1s0x89c7a18f96913945:0x91659b1431580107!8m2!3d39.4558061!4d-75.7174323!16s%2Fg%2F11j218qm52!19sChIJRTmRlo-hx4kRBwFYMRSbZZE?authuser=0&hl=en&rclk=1,auto repair shop,Middletown,city,DE,2026-07-15T07:53:02,0x89c7a18f96913945:0x91659b1431580107
Patriot Auto & Truck Repair,(302) 449-1550,https://www.patriotautoandtruckrepair.com/,,"50 E Main St, Middletown, DE 19709, United States",50 E Main St,Middletown,DE,19709,4.6,379,Auto repair shop,,,https://www.google.com/maps/place/Patriot+Auto+%26+Truck+Repair/data=!4m7!3m6!1s0x89c7a0760d7553ff:0x317108e23ef5f0c0!8m2!3d39.4495657!4d-75.7151884!16s%2Fg%2F1td9rh2q!19sChIJ_1N1DXagx4kRwPD1PuIIcTE?authuser=0&hl=en&rclk=1,auto repair shop,Kent County,county,DE,2026-07-23T02:02:36,0x89c7a0760d7553ff:0x317108e23ef5f0c0
Scotti Muffler & Tire Center,(302) 378-9247,https://www.scottimufflercentermiddletown.com/auto-service-and-repair-middletown-de/,,"308 W Main St, Middletown, DE 19709, United States",308 W Main St,Middletown,DE,19709,4.7,168,Auto repair shop,,,https://www.google.com/maps/place/Scotti+Muffler+%26+Tire+Center/data=!4m7!3m6!1s0x89c7a073ccda3ac1:0x2a803920a7651769!8m2!3d39.4490865!4d-75.7223892!16s%2Fg%2F1tgcn7nj!19sChIJwTrazHOgx4kRaRdlpyA5gCo?authuser=0&hl=en&rclk=1,auto repair shop,Middletown,city,DE,2026-07-23T02:51:16,0x89c7a073ccda3ac1:0x2a803920a7651769
Smokey's Gulf,(302) 378-2451,,,"48 E Main St, Middletown, DE 19709, United States",48 E Main St,Middletown,DE,19709,5.0,5,Auto repair shop,,,https://www.google.com/maps/place/Smokey%27s+Gulf/data=!4m7!3m6!1s0x89c7a0760da783d3:0x9b6262e4cd0f1278!8m2!3d39.449466!4d-75.715159!16s%2Fg%2F1tdkss1k!19sChIJ04OnDXagx4kReBIPzeRiYps?authuser=0&hl=en&rclk=1,auto repair shop,Middletown,city,DE,2026-07-23T02:51:16,0x89c7a0760da783d3:0x9b6262e4cd0f1278
Technitune II Auto Repair,(302) 376-3554,http://www.technituneautorepair.com/,,"5157 Summit Bridge Rd, Middletown, DE 19709, United States",5157 Summit Bridge Rd,Middletown,DE,19709,4.9,72,Auto repair shop,,,https://www.google.com/maps/place/Technitune+II+Auto+Repair/data=!4m7!3m6!1s0x89c7a0840475ba8f:0x15078b767cd01c9c!8m2!3d39.4702029!4d-75.720577!16s%2Fg%2F1v5k3_53!19sChIJj7p1BISgx4kRnBzQfHaLBxU?authuser=0&hl=en&rclk=1,auto repair shop,Kent County,county,DE,2026-07-23T02:02:36,0x89c7a0840475ba8f:0x15078b767cd01c9c
The RV Doctor,(855) 508-7837,https://rvdoc.app/,,"819 Middletown Warwick Rd, Middletown, DE 19709, United States",819 Middletown Warwick Rd,Middletown,DE,19709,5.0,26,RV repair shop,,,https://www.google.com/maps/place/The+RV+Doctor/data=!4m7!3m6!1s0x89c7a1499e7aa8cf:0x552a82325f5b442e!8m2!3d39.4443558!4d-75.7457808!16s%2Fg%2F11y0q1n4w9!19sChIJz6h6nkmhx4kRLkRbXzKCKlU?authuser=0&hl=en&rclk=1,auto repair shop,Middletown,city,DE,2026-07-23T02:51:16,0x89c7a1499e7aa8cf:0x552a82325f5b442e
"Turn of the Wrench, LLC",(302) 464-1018,http://turnofthewrench.com/,,"4799 Summit Bridge Rd, Middletown, DE 19709, United States",4799 Summit Bridge Rd,Middletown,DE,19709,4.8,150,Auto repair shop,,,"https://www.google.com/maps/place/Turn+of+the+Wrench,+LLC/data=!4m7!3m6!1s0x89c7a0a119a958c7:0x37604ca265e846bf!8m2!3d39.4925469!4d-75.7152909!16s%2Fg%2F1ptwt7fwx!19sChIJx1ipGaGgx4kRv0boZaJMYDc?authuser=0&hl=en&rclk=1",auto repair shop,Middletown,city,DE,2026-07-23T02:51:16,0x89c7a0a119a958c7:0x37604ca265e846bf
WhiteWolfMechanics&Roadside,(443) 571-0743,,,"901 Middletown Warwick Rd, Middletown, DE 19709, United States",901 Middletown Warwick Rd,Middletown,DE,19709,,,Mechanic,,,https://www.google.com/maps/place/WhiteWolfMechanics%26Roadside/data=!4m7!3m6!1s0x89c7a1553ce66727:0xbfd3422b837f723b!8m2!3d39.4386575!4d-75.752389!16s%2Fg%2F11wn0cds9c!19sChIJJ2fmPFWhx4kRO3J_gytC078?authuser=0&hl=en&rclk=1,auto repair shop,Middletown,city,DE,2026-07-15T07:53:02,0x89c7a1553ce66727:0xbfd3422b837f723b
One Stop Auto Shop,(302) 335-1100,http://onestopautoshopde.com/,,"2098 Bay Rd, Milford, DE 19963, United States",2098 Bay Rd,Milford,DE,19963,4.7,179,Auto repair shop,,,https://www.google.com/maps/place/One+Stop+Auto+Shop/data=!4m7!3m6!1s0x89b8995868443f87:0x238f47bf719747bd!8m2!3d38.9683515!4d-75.4324669!16s%2Fg%2F1td0hddq!19sChIJhz9EaFiZuIkRvUeXcb9HjyM?authuser=0&hl=en&rclk=1,auto repair shop,Kent County,county,DE,2026-07-23T02:02:36,0x89b8995868443f87:0x238f47bf719747bd
Short's Auto Repair,(302) 422-2886,,,"7287 N Union Church Rd, Milford, DE 19963, United States",7287 N Union Church Rd,Milford,DE,19963,4.8,26,Auto repair shop,,,https://www.google.com/maps/place/Short%27s+Auto+Repair/data=!4m7!3m6!1s0x89b890bd1635ff6b:0xb797d78e4cedf3b!8m2!3d38.8900258!4d-75.455485!16s%2Fg%2F1td1kwxw!19sChIJa_81Fr2QuIkRO9_O5Hh9eQs?authuser=0&hl=en&rclk=1,auto repair shop,Sussex County,county,DE,2026-07-23T02:22:51,0x89b890bd1635ff6b:0xb797d78e4cedf3b
Tj's Repair,(302) 422-8383,http://tjsrepair.mechanicnet.com/,,"201 Marshall St, Milford, DE 19963, United States",201 Marshall St,Milford,DE,19963,4.7,50,Auto repair shop,,,https://www.google.com/maps/place/Tj%27s+Repair/data=!4m7!3m6!1s0x89b899f1715f0c31:0x3bf6268ff5548777!8m2!3d38.910133!4d-75.4213395!16s%2Fg%2F11gmcgw6j5!19sChIJMQxfcfGZuIkRd4dU9Y8m9js?authuser=0&hl=en&rclk=1,auto repair shop,Kent County,county,DE,2026-07-23T02:02:36,0x89b899f1715f0c31:0x3bf6268ff5548777
Walls Service Center-Automotive Repair,(302) 422-8110,http://wallsservicecenter.com/,,"220 NE Front St, Milford, DE 19963, United States",220 NE Front St,Milford,DE,19963,4.9,201,Car repair and maintenance service,,,https://www.google.com/maps/place/Walls+Service+Center-Automotive+Repair/data=!4m7!3m6!1s0x89b899f248acb429:0x9180b2bd3fb36d80!8m2!3d38.9146881!4d-75.425003!16s%2Fg%2F1thnpnz5!19sChIJKbSsSPKZuIkRgG2zP72ygJE?authuser=0&hl=en&rclk=1,auto repair shop,Kent County,county,DE,2026-07-23T02:02:36,0x89b899f248acb429:0x9180b2bd3fb36d80
Buckley's Auto Care Millsboro,(302) 648-4171,https://www.buckleysautocare.com/location/millsboro-de/,,"28858 Harmons Hill Rd, Millsboro, DE 19966, United States",28858 Harmons Hill Rd,Millsboro,DE,19966,4.9,422,Auto repair shop,,,https://www.google.com/maps/place/Buckley%27s+Auto+Care+Millsboro/data=!4m7!3m6!1s0x89b8c70bf43c282d:0x6b213c618fa19838!8m2!3d38.6546728!4d-75.2423912!16s%2Fg%2F11t5_g9mgt!19sChIJLSg89AvHuIkROJihj2E8IWs?authuser=0&hl=en&rclk=1,auto repair shop,Sussex County,county,DE,2026-07-23T02:22:51,0x89b8c70bf43c282d:0x6b213c618fa19838
Chuck Wayne Auto Repair,(302) 663-0035,,,"26693 Jersey Rd, Millsboro, DE 19966, United States",26693 Jersey Rd,Millsboro,DE,19966,4.5,26,Auto repair shop,,,https://www.google.com/maps/place/Chuck+Wayne+Auto+Repair/data=!4m7!3m6!1s0x89b8c3af70616b0f:0x3a1e9db5ad28130c!8m2!3d38.6000059!4d-75.2837071!16s%2Fg%2F11fy9qcrhb!19sChIJD2thcK_DuIkRDBMorbWdHjo?authuser=0&hl=en&rclk=1,auto repair shop,Sussex County,county,DE,2026-07-23T02:22:51,0x89b8c3af70616b0f:0x3a1e9db5ad28130c
Complete Car Care,(302) 858-3440,,,"26370 Bay Farm Rd, Millsboro, DE 19966, United States",26370 Bay Farm Rd,Millsboro,DE,19966,5.0,2,Car repair and maintenance service,,,https://www.google.com/maps/place/Complete+Car+Care/data=!4m7!3m6!1s0x89b8c7377e340ac7:0x54947934c5cab467!8m2!3d38.5915023!4d-75.2913018!16s%2Fg%2F11k56hdyys!19sChIJxwo0fjfHuIkRZ7TKxTR5lFQ?authuser=0&hl=en&rclk=1,auto repair shop,Sussex County,county,DE,2026-07-15T07:24:48,0x89b8c7377e340ac7:0x54947934c5cab467
DS Auto,(302) 542-3023,,,"20337 Lowes Rd, Millsboro, DE 19966, United States",20337 Lowes Rd,Millsboro,DE,19966,4.9,25,Auto repair shop,,,https://www.google.com/maps/place/DS+Auto/data=!4m7!3m6!1s0x89b8c282841a8d35:0x7796b022ab09bc38!8m2!3d38.4588089!4d-75.3941016!16s%2Fg%2F1tdr469w!19sChIJNY0ahILCuIkROLwJqyKwlnc?authuser=0&hl=en&rclk=1,auto repair shop,Sussex County,county,DE,2026-07-23T02:22:52,0x89b8c282841a8d35:0x7796b022ab09bc38
In & Out Tire & Auto,(302) 934-1900,https://www.inandouttires.com/,,"24572 Betts Pond Rd, Millsboro, DE 19966, United States",24572 Betts Pond Rd,Millsboro,DE,19966,4.7,2006,Auto repair shop,,,https://www.google.com/maps/place/In+%26+Out+Tire+%26+Auto/data=!4m7!3m6!1s0x89b8c25f1c9dcf17:0x9bf0a687c863f28d!8m2!3d38.5984816!4d-75.314023!16s%2Fg%2F1tdfjl5g!19sChIJF8-dHF_CuIkRjfJjyIem8Js?authuser=0&hl=en&rclk=1,auto repair shop,Sussex County,county,DE,2026-07-23T02:22:51,0x89b8c25f1c9dcf17:0x9bf0a687c863f28d
Long Neck Auto,(302) 297-8162,https://longneckauto.com/,,"32909 Long Neck Rd, Millsboro, DE 19966, United States",32909 Long Neck Rd,Millsboro,DE,19966,4.9,133,Car repair and maintenance service,,,https://www.google.com/maps/place/Long+Neck+Auto/data=!4m7!3m6!1s0x89b8c7cfb3dab623:0x57ed47be3b068f42!8m2!3d38.6292557!4d-75.1634989!16s%2Fg%2F11sdvlprz6!19sChIJI7bas8_HuIkRQo8GO75H7Vc?authuser=0&hl=en&rclk=1,auto repair shop,Sussex County,county,DE,2026-07-23T02:22:51,0x89b8c7cfb3dab623:0x57ed47be3b068f42
Ocean Area Tire,(302) 945-8473,https://www.oceanareatire.com/,,"26370 Bay Farm Rd, Millsboro, DE 19966, United States",26370 Bay Farm Rd,Millsboro,DE,19966,4.7,830,Tire shop,,,https://www.google.com/maps/place/Ocean+Area+Tire/data=!4m7!3m6!1s0x89b8c67ebeb3ed37:0x3895544c93cd5ca9!8m2!3d38.6245947!4d-75.1951556!16s%2Fg%2F11b6j98hf9!19sChIJN-2zvn7GuIkRqVzNk0xUlTg?authuser=0&hl=en&rclk=1,auto repair shop,Sussex County,county,DE,2026-07-15T07:24:48,0x89b8c67ebeb3ed37:0x3895544c93cd5ca9
Proficiency Automotive LLC,(302) 934-7700,https://www.proficiencyautomotive.com/,,"30470 Conaway Rd, Millsboro, DE 19966, United States",30470 Conaway Rd,Millsboro,DE,19966,4.9,61,Auto repair shop,,,https://www.google.com/maps/place/Proficiency+Automotive+LLC/data=!4m7!3m6!1s0x89b8e8780fbdb3c3:0xecb78559f2655cb5!8m2!3d38.5636889!4d-75.3770665!16s%2Fg%2F1thsgtvt!19sChIJw7O9D3jouIkRtVxl8lmFt-w?authuser=0&hl=en&rclk=1,auto repair shop,Sussex County,county,DE,2026-07-23T02:22:51,0x89b8e8780fbdb3c3:0xecb78559f2655cb5
S &S REPAIR,(302) 934-8851,,,"430 Union St, Millsboro, DE 19966, United States",430 Union St,Millsboro,DE,19966,4.6,59,Auto repair shop,,,https://www.google.com/maps/place/S+%26S+REPAIR/data=!4m7!3m6!1s0x89b8c33227c3d1b3:0xed00b1a3f5b29211!8m2!3d38.586684!4d-75.2890787!16s%2Fg%2F11j03g685q!19sChIJs9HDJzLDuIkREZKy9aOxAO0?authuser=0&hl=en&rclk=1,auto repair shop,Sussex County,county,DE,2026-07-15T07:24:48,0x89b8c33227c3d1b3:0xed00b1a3f5b29211
Tony Hudson's Garage,(302) 934-6158,http://tony-hudsons-garage.jany.io/,,"28451 DE-24, Millsboro, DE 19966, United States",28451 DE-24,Millsboro,DE,19966,4.6,80,Auto repair shop,,,https://www.google.com/maps/place/Tony+Hudson%27s+Garage/data=!4m7!3m6!1s0x89b8c66465f58a8d:0xb0d8f2770e2821d5!8m2!3d38.6036579!4d-75.2397823!16s%2Fg%2F1tfq5k5_!19sChIJjYr1ZWTGuIkR1SEoDnfy2LA?authuser=0&hl=en&rclk=1,auto repair shop,Sussex County,county,DE,2026-07-23T02:22:52,0x89b8c66465f58a8d:0xb0d8f2770e2821d5
ATLANTIC AUTO REPAIR,(302) 829-1446,http://www.atlanticautorepair.net/,,"35282 Atlantic Ave, Millville, DE 19967, United States",35282 Atlantic Ave,Millville,DE,19967,4.7,198,Auto repair shop,,,https://www.google.com/maps/place/ATLANTIC+AUTO+REPAIR/data=!4m7!3m6!1s0x89b8cfc8f9ec77ef:0xa07f074ed02de41c!8m2!3d38.5483988!4d-75.1199158!16s%2Fg%2F1ty754ns!19sChIJ73fs-cjPuIkRHOQt0E4Hf6A?authuser=0&hl=en&rclk=1,auto repair shop,Kent County,county,DE,2026-07-23T02:02:36,0x89b8cfc8f9ec77ef:0xa07f074ed02de41c
Camco Tire & Auto Center,(302) 664-1264,https://www.camcotireandauto.com/,,"100 Business Park Ln Bldg 200, Milton, DE 19968, United States",100 Business Park Ln Bldg 200,Milton,DE,19968,4.7,67,Auto repair shop,,,https://www.google.com/maps/place/Camco+Tire+%26+Auto+Center/data=!4m7!3m6!1s0x89b8bfd750febb0d:0x9a214ddf9e5726f7!8m2!3d38.7906646!4d-75.3146972!16s%2Fg%2F1tjgqjft!19sChIJDbv-UNe_uIkR9yZXnt9NIZo?authuser=0&hl=en&rclk=1,auto repair shop,Sussex County,county,DE,2026-07-23T02:22:52,0x89b8bfd750febb0d:0x9a214ddf9e5726f7
Emory Chassis Work,(302) 645-9592,,,"15608 Coastal Hwy, Milton, DE 19968, United States",15608 Coastal Hwy,Milton,DE,19968,4.7,50,Auto repair shop,,,https://www.google.com/maps/place/Emory+Chassis+Work/data=!4m7!3m6!1s0x89b8bc1c01053df7:0x1a06505d4da49615!8m2!3d38.7688758!4d-75.2174953!16s%2Fg%2F1v_vtszq!19sChIJ9z0FARy8uIkRFZakTV1QBho?authuser=0&hl=en&rclk=1,auto repair shop,Sussex County,county,DE,2026-07-15T07:24:48,0x89b8bc1c01053df7:0x1a06505d4da49615
Fuel Automotive,(302) 664-2513,http://fuelautomotive.net/,,"26348 Broadkill Rd, Milton, DE 19968, United States",26348 Broadkill Rd,Milton,DE,19968,4.8,45,Auto repair shop,,,https://www.google.com/maps/place/Fuel+Automotive/data=!4m7!3m6!1s0x89b8be83eb2893f1:0xea38896b6fd03eab!8m2!3d38.7944145!4d-75.287384!16s%2Fg%2F11f147xjm6!19sChIJ8ZMo64O-uIkRqz7Qb2uJOOo?authuser=0&hl=en&rclk=1,auto repair shop,Sussex County,county,DE,2026-07-23T02:22:52,0x89b8be83eb2893f1:0xea38896b6fd03eab
Import Professionals Services Center,(302) 645-6777,,,"14657 Coastal Hwy, Milton, DE 19968, United States",14657 Coastal Hwy,Milton,DE,19968,4.9,15,Auto repair shop,,,https://www.google.com/maps/place/Import+Professionals+Services+Center/data=!4m7!3m6!1s0x89b8be43b0067983:0xb534334797472253!8m2!3d38.7859968!4d-75.2420668!16s%2Fg%2F1tkbz3c_!19sChIJg3kGsEO-uIkRUyJHl0czNLU?authuser=0&hl=en&rclk=1,auto repair shop,Sussex County,county,DE,2026-07-23T02:22:52,0x89b8be43b0067983:0xb534334797472253
Milton Auto Care,(302) 684-8688,http://miltonautocare.com/,,"601 Federal St, Milton, DE 19968, United States",601 Federal St,Milton,DE,19968,5.0,59,Auto repair shop,,,https://www.google.com/maps/place/Milton+Auto+Care/data=!4m7!3m6!1s0x89b8bf921ab515d5:0x4663680ebf34bd2a!8m2!3d38.7710257!4d-75.3144102!16s%2Fg%2F11s4rxsh57!19sChIJ1RW1GpK_uIkRKr00vw5oY0Y?authuser=0&hl=en&rclk=1,auto repair shop,Sussex County,county,DE,2026-07-23T02:22:52,0x89b8bf921ab515d5:0x4663680ebf34bd2a
Milton Motor Works,(302) 470-1223,,,"105 Front St, Milton, DE 19968, United States",105 Front St,Milton,DE,19968,4.4,48,Auto repair shop,,,https://www.google.com/maps/place/Milton+Motor+Works/data=!4m7!3m6!1s0x89b8bf33fb8e9455:0xbe22926d7c12de21!8m2!3d38.7779345!4d-75.3102065!16s%2Fg%2F11w3tyt_rb!19sChIJVZSO-zO_uIkRId4SfG2SIr4?authuser=0&hl=en&rclk=1,auto repair shop,Sussex County,county,DE,2026-07-23T02:22:52,0x89b8bf33fb8e9455:0xbe22926d7c12de21
Reese Auto Repair,(302) 344-4490,http://www.nickreeseauto.com/,,"25562 Thomas St, Milton, DE 19968, United States",25562 Thomas St,Milton,DE,19968,5.0,23,Auto repair shop,,,https://www.google.com/maps/place/Reese+Auto+Repair/data=!4m7!3m6!1s0x89b8bdb524c71eb7:0x6a9b23d619f86851!8m2!3d38.8182026!4d-75.3051164!16s%2Fg%2F11tdcnc9rx!19sChIJtx7HJLW9uIkRUWj4GdYjm2o?authuser=0&hl=en&rclk=1,auto repair shop,Sussex County,county,DE,2026-07-23T02:22:52,0x89b8bdb524c71eb7:0x6a9b23d619f86851
Aarons auto services,(302) 333-0844,,,"289 Airport Rd, New Castle, DE 19720, United States",289 Airport Rd,New Castle,DE,19720,4.5,12,Auto repair shop,,,https://www.google.com/maps/place/Aarons+auto+services/data=!4m7!3m6!1s0x89c703f9d751e9e3:0x1a243c6b92e68c76!8m2!3d39.6877967!4d-75.6170833!16s%2Fg%2F11fszf_7d5!19sChIJ4-lR1_kDx4kRdozmkms8JBo?authuser=0&hl=en&rclk=1,auto repair shop,New Castle County,county,DE,2026-07-23T02:12:24,0x89c703f9d751e9e3:0x1a243c6b92e68c76
Allison’s Automotive,(302) 565-8108,https://xn--allisonsautomotive-nq9j.com/,,"791 S Dupont Hwy Unit 7, New Castle, DE 19720, United States",791 S Dupont Hwy Unit 7,New Castle,DE,19720,4.2,5,Auto repair shop,,,https://www.google.com/maps/place/Allison%E2%80%99s+Automotive/data=!4m7!3m6!1s0x89c70189084a426f:0xa7cc89cb93cc7555!8m2!3d39.6269368!4d-75.6379102!16s%2Fg%2F11w3_1tg_z!19sChIJb0JKCIkBx4kRVXXMk8uJzKc?authuser=0&hl=en&rclk=1,auto repair shop,New Castle County,county,DE,2026-07-23T02:12:24,0x89c70189084a426f:0xa7cc89cb93cc7555
American Discount Automotive,(302) 838-9055,,,"867 S Dupont Hwy #6, New Castle, DE 19720, United States",867 S Dupont Hwy #6,New Castle,DE,19720,4.8,36,Auto repair shop,,,https://www.google.com/maps/place/American+Discount+Automotive/data=!4m7!3m6!1s0x89c7068c760cdb9d:0x9f1b1ad054474973!8m2!3d39.6225138!4d-75.6414335!16s%2Fg%2F1tdjs2w_!19sChIJndsMdowGx4kRc0lHVNAaG58?authuser=0&hl=en&rclk=1,auto repair shop,New Castle County,county,DE,2026-07-23T02:12:24,0x89c7068c760cdb9d:0x9f1b1ad054474973
Anthony D's Auto Repair,(302) 325-9100,http://anthonydsauto.com/?page_id=8,,"464 Moores Ln, New Castle, DE 19720, United States",464 Moores Ln,New Castle,DE,19720,4.4,37,Auto repair shop,,,https://www.google.com/maps/place/Anthony+D%27s+Auto+Repair/data=!4m7!3m6!1s0x89c703058ef5ca91:0x24745191add92f65!8m2!3d39.6788695!4d-75.566417!16s%2Fg%2F11bw5zm579!19sChIJkcr1jgUDx4kRZS_ZrZFRdCQ?authuser=0&hl=en&rclk=1,auto repair shop,New Castle County,county,DE,2026-07-23T02:12:24,0x89c703058ef5ca91:0x24745191add92f65
Anthony's Automotive towing&recovery,(302) 420-9804,,,"22 Parkway Cir, New Castle, DE 19720, United States",22 Parkway Cir,New Castle,DE,19720,5.0,20,Mechanic,,,https://www.google.com/maps/place/Anthony%27s+Automotive+towing%26recovery/data=!4m7!3m6!1s0x89c703fcf6afb853:0x28d714d100648306!8m2!3d39.6628926!4d-75.6152369!16s%2Fg%2F11jcmp7qzs!19sChIJU7iv9vwDx4kRBoNkANEU1yg?authuser=0&hl=en&rclk=1,auto repair shop,New Castle County,county,DE,2026-07-23T02:12:24,0x89c703fcf6afb853:0x28d714d100648306
Auto & Tire Max,(302) 374-0319,,,"1400 N Dupont Hwy Unit D, New Castle, DE 19720, United States",1400 N Dupont Hwy Unit D,New Castle,DE,19720,4.8,38,Auto repair shop,,,https://www.google.com/maps/place/Auto+%26+Tire+Max/data=!4m7!3m6!1s0x89c70329ba011bff:0x665b65d1732e1f6b!8m2!3d39.689074!4d-75.5816139!16s%2Fg%2F11w3gqb5xn!19sChIJ_xsBuikDx4kRax8uc9FlW2Y?authuser=0&hl=en&rclk=1,auto repair shop,New Castle County,county,DE,2026-07-23T02:12:24,0x89c70329ba011bff:0x665b65d1732e1f6b
Auto Vision Group,(302) 544-5002,,,"401 S Dupont Hwy, New Castle, DE 19720, United States",401 S Dupont Hwy,New Castle,DE,19720,4.0,41,Auto repair shop,,,https://www.google.com/maps/place/Auto+Vision+Group/data=!4m7!3m6!1s0x89c706a9b0ac8723:0x1d6a172f7d607103!8m2!3d39.6477314!4d-75.6229591!16s%2Fg%2F1263jtt19!19sChIJI4essKkGx4kRA3FgfS8Xah0?authuser=0&hl=en&rclk=1,auto repair shop,New Castle County,county,DE,2026-07-15T07:16:31,0x89c706a9b0ac8723:0x1d6a172f7d607103
Ayers Repairs,(302) 654-2400,https://www.ayersrepair.com/,,"1684 Matassino Rd, New Castle, DE 19720, United States",1684 Matassino Rd,New Castle,DE,19720,4.7,25,Truck repair shop,,,https://www.google.com/maps/place/Ayers+Repairs/data=!4m7!3m6!1s0x89c70255242561f1:0x368b7e904e46cec0!8m2!3d39.6912989!4d-75.5789929!16s%2Fg%2F1v2gfqp2!19sChIJ8WElJFUCx4kRwM5GTpB-izY?authuser=0&hl=en&rclk=1,auto repair shop,New Castle County,county,DE,2026-07-23T02:12:24,0x89c70255242561f1:0x368b7e904e46cec0
BKM Auto Repair & Sales llC,(302) 757-1651,,,"289 Airport Rd Ste B 4-5, New Castle, DE 19720, United States",289 Airport Rd Ste B 4-5,New Castle,DE,19720,5.0,1,Auto repair shop,,,https://www.google.com/maps/place/BKM+Auto+Repair+%26+Sales+llC/data=!4m7!3m6!1s0x89c70392f5a0c141:0x7877ab28cec71093!8m2!3d39.6875332!4d-75.6181546!16s%2Fg%2F11xkh6s4ww!19sChIJQcGg9ZIDx4kRkxDHziird3g?authuser=0&hl=en&rclk=1,auto repair shop,New Castle County,county,DE,2026-07-23T02:12:24,0x89c70392f5a0c141:0x7877ab28cec71093
Blackshire Auto Repair,(302) 324-1784,https://www.blackshiremotors.com/service,,"154 S Dupont Hwy, New Castle, DE 19720, United States",154 S Dupont Hwy,New Castle,DE,19720,4.3,6,Auto repair shop,,,https://www.google.com/maps/place/Blackshire+Auto+Repair/data=!4m7!3m6!1s0x89c703e22e8a2961:0xb16e59e5b475c3dd!8m2!3d39.6592926!4d-75.6102693!16s%2Fg%2F11v19sr25n!19sChIJYSmKLuIDx4kR3cN1tOVZbrE?authuser=0&hl=en&rclk=1,auto repair shop,New Castle County,county,DE,2026-07-15T07:16:31,0x89c703e22e8a2961:0xb16e59e5b475c3dd
"CASTILLO COLLISION CENTER, LLC",(302) 565-8329,http://www.castillocollisioncenter.com/,,"324 S Dupont Hwy, New Castle, DE 19720, United States",324 S Dupont Hwy,New Castle,DE,19720,4.9,29,Auto body shop,,,"https://www.google.com/maps/place/CASTILLO+COLLISION+CENTER,+LLC/data=!4m7!3m6!1s0x89c705e8d29f67cb:0x6359d7ac2a36bcd6!8m2!3d39.649305!4d-75.620637!16s%2Fg%2F11fpmx0zrz!19sChIJy2ef0ugFx4kR1rw2KqzXWWM?authuser=0&hl=en&rclk=1",auto repair shop,New Castle County,county,DE,2026-07-15T07:16:31,0x89c705e8d29f67cb:0x6359d7ac2a36bcd6
Campos Car Shop,(302) 983-7136,http://www.camposcarshop.com/,,"2205 N Dupont Hwy, New Castle, DE 19720, United States",2205 N Dupont Hwy,New Castle,DE,19720,4.0,71,Auto repair shop,,,https://www.google.com/maps/place/Campos+Car+Shop/data=!4m7!3m6!1s0x89c703cb33f28b31:0x6ac23aba6e8038e!8m2!3d39.7022943!4d-75.5713588!16s%2Fg%2F11vq928c2t!19sChIJMYvyM8sDx4kRjgPopqsjrAY?authuser=0&hl=en&rclk=1,auto repair shop,New Castle County,county,DE,2026-07-23T02:12:24,0x89c703cb33f28b31:0x6ac23aba6e8038e
Cottman Transmission and Total Auto Care,(302) 414-0652,https://www.cottman.com/,,"1600 N Dupont Hwy, New Castle, DE 19720, United States",1600 N Dupont Hwy,New Castle,DE,19720,4.6,223,Transmission shop,,,https://www.google.com/maps/place/Cottman+Transmission+and+Total+Auto+Care/data=!4m7!3m6!1s0x89c70254ed9ecb37:0xb7e7b573aad5b6ff!8m2!3d39.691784!4d-75.5792874!16s%2Fg%2F1vp7044b!19sChIJN8ue7VQCx4kR_7bVqnO157c?authuser=0&hl=en&rclk=1,auto repair shop,New Castle County,county,DE,2026-07-23T02:12:24,0x89c70254ed9ecb37:0xb7e7b573aad5b6ff
D.D.M Auto repair,(302) 540-9247,,,"327 Airport Rd, New Castle, DE 19720, United States",327 Airport Rd,New Castle,DE,19720,3.9,15,Auto repair shop,,,https://www.google.com/maps/place/D.D.M+Auto+repair/data=!4m7!3m6!1s0x89c70332118e1f79:0xdd67253130bf58ba!8m2!3d39.6908986!4d-75.6170352!16s%2Fg%2F11rgrnccr2!19sChIJeR-OETIDx4kRuli_MDElZ90?authuser=0&hl=en&rclk=1,auto repair shop,New Castle County,county,DE,2026-07-23T02:12:24,0x89c70332118e1f79:0xdd67253130bf58ba
DJ's Automotive,(302) 322-0606,,,"186 N Dupont Hwy #7, New Castle, DE 19720, United States",186 N Dupont Hwy #7,New Castle,DE,19720,4.5,34,Auto repair shop,,,https://www.google.com/maps/place/DJ%27s+Automotive/data=!4m7!3m6!1s0x89c703b95502e38d:0x25672e930e53efcf!8m2!3d39.6767011!4d-75.5919697!16s%2Fg%2F1tfdztld!19sChIJjeMCVbkDx4kRz-9TDpMuZyU?authuser=0&hl=en&rclk=1,auto repair shop,New Castle County,county,DE,2026-07-23T02:12:24,0x89c703b95502e38d:0x25672e930e53efcf
DYA AUTOMOTIVE LLC,(302) 276-9541,https://dyaautomotive.com/,,"327 Airport Rd, New Castle, DE 19720, United States",327 Airport Rd,New Castle,DE,19720,5.0,6,Auto repair shop,,,https://www.google.com/maps/place/DYA+AUTOMOTIVE+LLC/data=!4m7!3m6!1s0x89c7034c927436cf:0xb7d062e851e13825!8m2!3d39.6909155!4d-75.6170125!16s%2Fg%2F11ysr5jvdj!19sChIJzzZ0kkwDx4kRJTjhUehi0Lc?authuser=0&hl=en&rclk=1,auto repair shop,New Castle County,county,DE,2026-07-23T02:12:24,0x89c7034c927436cf:0xb7d062e851e13825
Duke Cars Auto Service,(302) 419-3290,https://www.dukecars.co/,,"453 Old Airport Rd Bldg 1, New Castle, DE 19720, United States",453 Old Airport Rd Bldg 1,New Castle,DE,19720,4.8,37,Auto repair shop,,,https://www.google.com/maps/place/Duke+Cars+Auto+Service/data=!4m7!3m6!1s0x89c6fdf4579f4ce9:0x80aa5863e8b0037a!8m2!3d39.701343!4d-75.6140213!16s%2Fg%2F11whdj7lx9!19sChIJ6UyfV_T9xokRegOw6GNYqoA?authuser=0&hl=en&rclk=1,auto repair shop,New Castle County,county,DE,2026-07-23T02:12:24,0x89c6fdf4579f4ce9:0x80aa5863e8b0037a
Durango Repair Shop,(908) 361-9228,,,"314 Bay W Blvd, New Castle, DE 19720, United States",314 Bay W Blvd,New Castle,DE,19720,5.0,7,Auto repair shop,,,https://www.google.com/maps/place/Durango+Repair+Shop/data=!4m7!3m6!1s0x89c705805bab4481:0xb8a1ed62f7e4ffa9!8m2!3d39.6450856!4d-75.5938935!16s%2Fg%2F11gtfx5vy_!19sChIJgUSrW4AFx4kRqf_k92Ltobg?authuser=0&hl=en&rclk=1,auto repair shop,New Castle County,county,DE,2026-07-23T02:12:24,0x89c705805bab4481:0xb8a1ed62f7e4ffa9
"England Motorcoach Collision Repair Center (Auto Body, Paint & Insurance Shop)",(302) 444-5260,http://www.englandmotorcoach.com/,,"19 King Ct, New Castle, DE 19720, United States",19 King Ct,New Castle,DE,19720,4.7,67,Auto body shop,,,"https://www.google.com/maps/place/England+Motorcoach+Collision+Repair+Center+%28Auto+Body,+Paint+%26+Insurance+Shop%29/data=!4m7!3m6!1s0x89c7016124e9d621:0xf330432d1b04dda6!8m2!3d39.6788889!4d-75.6255556!16s%2Fg%2F11cn8z8k2r!19sChIJIdbpJGEBx4kRpt0EGy1DMPM?authuser=0&hl=en&rclk=1",auto repair shop,New Castle County,county,DE,2026-07-23T02:12:24,0x89c7016124e9d621:0xf330432d1b04dda6
Evolve - Electric Vehicle Specialists and Collision Repair,(302) 773-8658,https://www.evolve-auto.com/,,"410 Churchmans Rd, New Castle, DE 19720, United States",410 Churchmans Rd,New Castle,DE,19720,4.7,86,Auto repair shop,,,https://www.google.com/maps/place/Evolve+-+Electric+Vehicle+Specialists+and+Collision+Repair/data=!4m7!3m6!1s0x89c70305ff25de77:0xb191415a2113fa76!8m2!3d39.6714351!4d-75.6158077!16s%2Fg%2F11rzp9tz01!19sChIJd94l_wUDx4kRdvoTIVpBkbE?authuser=0&hl=en&rclk=1,auto repair shop,New Castle County,county,DE,2026-07-23T02:12:24,0x89c70305ff25de77:0xb191415a2113fa76
First Choice Auto & Truck Repair,(302) 656-1433,https://www.firstchoicefleet.com/,,"533 Rogers Rd, New Castle, DE 19720, United States",533 Rogers Rd,New Castle,DE,19720,4.3,97,Truck repair shop,,,https://www.google.com/maps/place/First+Choice+Auto+%26+Truck+Repair/data=!4m7!3m6!1s0x89c702bdc654d85d:0x34eb18d34b09cf84!8m2!3d39.712535!4d-75.5490732!16s%2Fg%2F1ts306_6!19sChIJXdhUxr0Cx4kRhM8JS9MY6zQ?authuser=0&hl=en&rclk=1,auto repair shop,New Castle County,county,DE,2026-07-23T02:12:24,0x89c702bdc654d85d:0x34eb18d34b09cf84
First State Fleet Service,(302) 598-9500,https://firststatefleet.com/,,"100 Carroll Dr, New Castle, DE 19720, United States",100 Carroll Dr,New Castle,DE,19720,4.6,65,Auto repair shop,,,https://www.google.com/maps/place/First+State+Fleet+Service/data=!4m7!3m6!1s0x89c70475f38741e9:0x579acd76727cd685!8m2!3d39.6510177!4d-75.5932303!16s%2Fg%2F11cm0pnnjx!19sChIJ6UGH83UEx4kRhdZ8cnbNmlc?authuser=0&hl=en&rclk=1,auto repair shop,New Castle County,county,DE,2026-07-23T02:12:24,0x89c70475f38741e9:0x579acd76727cd685
Integrity Auto Group,(302) 743-6866,https://www.integrityautollc.com/,,"9 Wilson Dr, New Castle, DE 19720, United States",9 Wilson Dr,New Castle,DE,19720,4.7,53,Auto body shop,,,https://www.google.com/maps/place/Integrity+Auto+Group/data=!4m7!3m6!1s0x89c7032ebf2d7085:0x1ff3ecad83d90582!8m2!3d39.6567884!4d-75.6164887!16s%2Fg%2F11lds0v7mm!19sChIJhXAtvy4Dx4kRggXZg63s8x8?authuser=0&hl=en&rclk=1,auto repair shop,New Castle County,county,DE,2026-07-23T02:12:24,0x89c7032ebf2d7085:0x1ff3ecad83d90582
J-MBAH AUTOMOTIVE TIRES & REPAIR,(302) 544-6246,https://www.j-mbahtiresandautoservice.com/,,"401 S Dupont Hwy LOT B, New Castle, DE 19720, United States",401 S Dupont Hwy LOT B,New Castle,DE,19720,4.8,259,Tire shop,,,https://www.google.com/maps/place/J-MBAH+AUTOMOTIVE+TIRES+%26+REPAIR/data=!4m7!3m6!1s0x89c707393737e357:0x7994ae7111a67153!8m2!3d39.6472689!4d-75.623241!16s%2Fg%2F11np6y1jc5!19sChIJV-M3NzkHx4kRU3GmEXGulHk?authuser=0&hl=en&rclk=1,auto repair shop,New Castle County,county,DE,2026-07-23T02:12:24,0x89c707393737e357:0x7994ae7111a67153
JRM Auto Service,(302) 565-7640,,,"26 Parkway Cir B, New Castle, DE 19720, United States",26 Parkway Cir B,New Castle,DE,19720,4.6,21,Auto repair shop,,,https://www.google.com/maps/place/JRM+Auto+Service/data=!4m7!3m6!1s0x89c7038506078a9b:0xa9ba8593242f526f!8m2!3d39.6623156!4d-75.6148984!16s%2Fg%2F11sgklt3f7!19sChIJm4oHBoUDx4kRb1IvJJOFuqk?authuser=0&hl=en&rclk=1,auto repair shop,New Castle County,county,DE,2026-07-15T07:16:31,0x89c7038506078a9b:0xa9ba8593242f526f
Jack's Diesel & Automotive Repair,(302) 981-9135,,,"40 Luray Rd, New Castle, DE 19720, United States",40 Luray Rd,New Castle,DE,19720,,,Truck repair shop,,,https://www.google.com/maps/place/Jack%27s+Diesel+%26+Automotive+Repair/data=!4m7!3m6!1s0x89c703dc44aa7d43:0xc70e980815033766!8m2!3d39.6739005!4d-75.5724294!16s%2Fg%2F11z9bw7wz5!19sChIJQ32qRNwDx4kRZjcDFQiYDsc?authuser=0&hl=en&rclk=1,auto repair shop,New Castle County,county,DE,2026-07-23T02:12:24,0x89c703dc44aa7d43:0xc70e980815033766
Klings Automotive,(302) 444-1082,,,"1705 River Rd, New Castle, DE 19720, United States",1705 River Rd,New Castle,DE,19720,4.9,27,Mechanic,,,https://www.google.com/maps/place/Klings+Automotive/data=!4m7!3m6!1s0x89c707496895b4eb:0xd3ed3f94c4869fa4!8m2!3d39.5984198!4d-75.6252097!16s%2Fg%2F11w8rckp59!19sChIJ67SVaEkHx4kRpJ-GxJQ_7dM?authuser=0&hl=en&rclk=1,auto repair shop,New Castle County,county,DE,2026-07-15T07:16:31,0x89c707496895b4eb:0xd3ed3f94c4869fa4
Logistics Mobile Repairs,(866) 535-0025,http://logisticsmobilerepairs.com/,,"4 Dunning Ct, New Castle, DE 19720, United States",4 Dunning Ct,New Castle,DE,19720,4.3,26,Truck repair shop,,,https://www.google.com/maps/place/Logistics+Mobile+Repairs/data=!4m7!3m6!1s0x89c701b4dbb74f4b:0xa23ee9ea775eb8cd!8m2!3d39.6585117!4d-75.6366065!16s%2Fg%2F11lfzstcqb!19sChIJS0-327QBx4kRzbhed-rpPqI?authuser=0&hl=en&rclk=1,auto repair shop,New Castle County,county,DE,2026-07-23T02:12:24,0x89c701b4dbb74f4b:0xa23ee9ea775eb8cd
M&M Automotive,(302) 325-8140,http://www.mandmautomotivellc.com/,,"800 Frenchtown Rd E, New Castle, DE 19720, United States",800 Frenchtown Rd E,New Castle,DE,19720,4.5,48,Auto repair shop,,,https://www.google.com/maps/place/M%26M+Automotive/data=!4m7!3m6!1s0x89c70393ca914fff:0xa34dad325286f0aa!8m2!3d39.6645317!4d-75.5931015!16s%2Fg%2F11g9m45g35!19sChIJ_0-RypMDx4kRqvCGUjKtTaM?authuser=0&hl=en&rclk=1,auto repair shop,New Castle County,county,DE,2026-07-15T07:16:31,0x89c70393ca914fff:0xa34dad325286f0aa
Malik's Auto Repair,(302) 325-2555,https://newcastleautorepair.com/,,"95 Christiana Rd, New Castle, DE 19720, United States",95 Christiana Rd,New Castle,DE,19720,4.6,405,Auto repair shop,,,https://www.google.com/maps/place/Malik%27s+Auto+Repair/data=!4m7!3m6!1s0x89c703fcb2bffd49:0xbca30b69ea2b06a4!8m2!3d39.6644444!4d-75.6158333!16s%2Fg%2F11xkjb_bq!19sChIJSf2_svwDx4kRpAYr6mkLo7w?authuser=0&hl=en&rclk=1,auto repair shop,New Castle County,county,DE,2026-07-23T02:12:24,0x89c703fcb2bffd49:0xbca30b69ea2b06a4
Parts Plus Auto Repair,(302) 221-0450,https://www.facebook.com/pages/Collins-Penn-Jersey-Parts-Plus/103621656341983?ref=br_tf,,"800 Wilmington Rd, New Castle, DE 19720, United States",800 Wilmington Rd,New Castle,DE,19720,4.5,67,Auto repair shop,,,https://www.google.com/maps/place/Parts+Plus+Auto+Repair/data=!4m7!3m6!1s0x89c703128c40d17b:0xf82fe54b2516cbea!8m2!3d39.670082!4d-75.5613403!16s%2Fg%2F1tcyycz_!19sChIJe9FAjBIDx4kR6ssWJUvlL_g?authuser=0&hl=en&rclk=1,auto repair shop,New Castle County,county,DE,2026-07-15T07:16:31,0x89c703128c40d17b:0xf82fe54b2516cbea
Ponce Auto Repair Mobile Mechanic,(302) 513-7315,,,"14 Mark Dr, New Castle, DE 19720, United States",14 Mark Dr,New Castle,DE,19720,4.5,49,Mechanic,,,https://www.google.com/maps/place/Ponce+Auto+Repair+Mobile+Mechanic/data=!4m7!3m6!1s0x89c707e951c553b1:0x604ee1fb5473de6b!8m2!3d39.6908326!4d-75.5922652!16s%2Fg%2F11jgdctrsv!19sChIJsVPFUekHx4kRa95zVPvhTmA?authuser=0&hl=en&rclk=1,auto repair shop,New Castle County,county,DE,2026-07-23T02:12:24,0x89c707e951c553b1:0x604ee1fb5473de6b
S & W Auto Repair,(302) 655-9217,,,"502 Lambson Ln Ste 2, New Castle, DE 19720, United States",502 Lambson Ln Ste 2,New Castle,DE,19720,4.7,33,Auto repair shop,,,https://www.google.com/maps/place/S+%26+W+Auto+Repair/data=!4m7!3m6!1s0x89c702c78f8194cf:0x670d863b0e1a003f!8m2!3d39.7055755!4d-75.5423683!16s%2Fg%2F1tdxg7rd!19sChIJz5SBj8cCx4kRPwAaDjuGDWc?authuser=0&hl=en&rclk=1,auto repair shop,New Castle County,county,DE,2026-07-23T02:12:24,0x89c702c78f8194cf:0x670d863b0e1a003f
Sevy's Auto Repair,(302) 328-0839,https://www.sevysautorepair.com/,,"245 Christiana Rd, New Castle, DE 19720, United States",245 Christiana Rd,New Castle,DE,19720,4.8,484,Auto repair shop,,,https://www.google.com/maps/place/Sevy%27s+Auto+Repair/data=!4m7!3m6!1s0x89c7014e22d5235f:0x31889332e7c13f9f!8m2!3d39.6630292!4d-75.6331633!16s%2Fg%2F1tdskrgb!19sChIJXyPVIk4Bx4kRnz_B5zKTiDE?authuser=0&hl=en&rclk=1,auto repair shop,New Castle County,county,DE,2026-07-23T02:12:23,0x89c7014e22d5235f:0x31889332e7c13f9f
Stop N Go Automotive Repair & Maintenance,(302) 324-9266,https://www.stopngoautomotive.com/,,"Churchmans Center, 89B Christiana Rd, New Castle, DE 19720, United States","Churchmans Center, 89B Christiana Rd",New Castle,DE,19720,4.6,64,Auto repair shop,,,https://www.google.com/maps/place/Stop+N+Go+Automotive+Repair+%26+Maintenance/data=!4m7!3m6!1s0x89c703e4ac82be1f:0x45d8529e10144410!8m2!3d39.6646441!4d-75.6148032!16s%2Fg%2F1vs1svjf!19sChIJH76CrOQDx4kREEQUEJ5S2EU?authuser=0&hl=en&rclk=1,auto repair shop,New Castle County,county,DE,2026-07-23T02:12:24,0x89c703e4ac82be1f:0x45d8529e10144410
TGO'S AUTO CARE,(302) 442-2772,,,"192 S Dupont Hwy, New Castle, DE 19720, United States",192 S Dupont Hwy,New Castle,DE,19720,4.8,13,Mechanic,,,https://www.google.com/maps/place/TGO%27S+AUTO+CARE/data=!4m7!3m6!1s0x89c703f9220e66bf:0xcd74e86c276408f0!8m2!3d39.6565321!4d-75.6129353!16s%2Fg%2F11c1vrg7b8!19sChIJv2YOIvkDx4kR8AhkJ2zodM0?authuser=0&hl=en&rclk=1,auto repair shop,New Castle County,county,DE,2026-07-23T02:12:24,0x89c703f9220e66bf:0xcd74e86c276408f0
Tito's Auto Services,(302) 276-0312,,,"427 W 7th St, New Castle, DE 19720, United States",427 W 7th St,New Castle,DE,19720,5.0,2,Auto repair shop,,,https://www.google.com/maps/place/Tito%27s+Auto+Services/data=!4m7!3m6!1s0x89c703783c94ee01:0x4cc48ee2d86b8e48!8m2!3d39.6589685!4d-75.5731212!16s%2Fg%2F1tl0y9bd!19sChIJAe6UPHgDx4kRSI5r2OKOxEw?authuser=0&hl=en&rclk=1,auto repair shop,New Castle County,county,DE,2026-07-15T07:16:31,0x89c703783c94ee01:0x4cc48ee2d86b8e48
Trowow Auto,(302) 740-9473,,,"801 S Dupont Hwy # B, New Castle, DE 19720, United States",801 S Dupont Hwy # B,New Castle,DE,19720,4.7,12,Auto repair shop,,,https://www.google.com/maps/place/Trowow+Auto/data=!4m7!3m6!1s0x89c7068dfb13043b:0x1c6c9b690add00e1!8m2!3d39.6263126!4d-75.6393113!16s%2Fg%2F1td6bvht!19sChIJOwQT-40Gx4kR4QDdCmmbbBw?authuser=0&hl=en&rclk=1,auto repair shop,New Castle County,county,DE,2026-07-23T02:12:24,0x89c7068dfb13043b:0x1c6c9b690add00e1
USA Repair Shop,(302) 322-6898,http://www.usarepairshop.com/,,"314 Bay W Blvd Bldg 2, New Castle, DE 19720, United States",314 Bay W Blvd Bldg 2,New Castle,DE,19720,4.4,23,Truck repair shop,,,https://www.google.com/maps/place/USA+Repair+Shop/data=!4m7!3m6!1s0x89c704730b5c888f:0xb53712f07f3d09ae!8m2!3d39.6451947!4d-75.5942234!16s%2Fg%2F1hc6zp_tb!19sChIJj4hcC3MEx4kRrgk9f_ASN7U?authuser=0&hl=en&rclk=1,auto repair shop,New Castle County,county,DE,2026-07-23T02:12:24,0x89c704730b5c888f:0xb53712f07f3d09ae
Vip auto center Delaware,(302) 981-6613,,,"4029 New Castle Ave, New Castle, DE 19720, United States",4029 New Castle Ave,New Castle,DE,19720,5.0,4,Auto repair shop,,,https://www.google.com/maps/place/Vip+auto+center+Delaware/data=!4m7!3m6!1s0x89c70314293cb439:0x32964f5acfa048e3!8m2!3d39.7135162!4d-75.5480155!16s%2Fg%2F11y_sp01hp!19sChIJObQ8KRQDx4kR40igz1pPljI?authuser=0&hl=en&rclk=1,auto repair shop,New Castle County,county,DE,2026-07-23T02:12:24,0x89c70314293cb439:0x32964f5acfa048e3
🚚 Reds & Sons Road Assistance | 24X7 on Call,(302) 326-0170,,,"480 School Ln, New Castle, DE 19720, United States",480 School Ln,New Castle,DE,19720,4.5,90,Auto repair shop,,,https://www.google.com/maps/place/%F0%9F%9A%9A+Reds+%26+Sons+Road+Assistance+%7C+24X7+on+Call/data=!4m7!3m6!1s0x89c703bfd12a5525:0xea41dca1d6275636!8m2!3d39.671866!4d-75.5946923!16s%2Fg%2F1tfkrr23!19sChIJJVUq0b8Dx4kRNlYn1qHcQeo?authuser=0&hl=en&rclk=1,auto repair shop,New Castle County,county,DE,2026-07-23T02:12:24,0x89c703bfd12a5525:0xea41dca1d6275636
12 Volt Specialist,(302) 200-6559,https://www.12voltspecialist.org/,,"42 Albe Dr # A, Newark, DE 19702, United States",42 Albe Dr # A,Newark,DE,19702,5.0,165,Car security system installer,,,https://www.google.com/maps/place/12+Volt+Specialist/data=!4m7!3m6!1s0x89c6e4681ea722db:0x92ec87f0305c95c9!8m2!3d39.6502061!4d-75.7154062!16s%2Fg%2F11f01x6g07!19sChIJ2yKnHmjkxokRyZVcMPCH7JI?authuser=0&hl=en&rclk=1,auto repair shop,Newark,city,DE,2026-07-15T07:47:18,0x89c6e4681ea722db:0x92ec87f0305c95c9
A-Z AUTO SERVICE CENTER,(302) 266-4208,http://www.azautode.com/,,"1001 S Chapel St, Newark, DE 19702, United States",1001 S Chapel St,Newark,DE,19702,4.3,132,Auto repair shop,,,https://www.google.com/maps/place/A-Z+AUTO+SERVICE+CENTER/data=!4m7!3m6!1s0x89c7a9c1ee9a5b19:0xa73955693f6aeb84!8m2!3d39.6478558!4d-75.7321262!16s%2Fg%2F1tfpw71n!19sChIJGVua7sGpx4kRhOtqP2lVOac?authuser=0&hl=en&rclk=1,auto repair shop,Newark,city,DE,2026-07-23T02:45:38,0x89c7a9c1ee9a5b19:0xa73955693f6aeb84
Accurate Auto Service,(302) 737-7998,https://accurateautoservicede.hibuwebsites.com/,,"233 E Main St, Newark, DE 19711, United States",233 E Main St,Newark,DE,19711,4.8,138,Auto repair shop,,,https://www.google.com/maps/place/Accurate+Auto+Service/data=!4m7!3m6!1s0x89c7ab6c4b3a807d:0xfe2081acca4e1b47!8m2!3d39.6829577!4d-75.7436413!16s%2Fg%2F11g3_82wkh!19sChIJfYA6S2yrx4kRRxtOyqyBIP4?authuser=0&hl=en&rclk=1,auto repair shop,New Castle County,county,DE,2026-07-23T02:12:24,0x89c7ab6c4b3a807d:0xfe2081acca4e1b47
Admiral Tire and Auto Center,(302) 737-2460,http://www.admiraltire.com/,,"1929 Kirkwood Hwy, Newark, DE 19711, United States",1929 Kirkwood Hwy,Newark,DE,19711,4.7,240,Auto repair shop,,,https://www.google.com/maps/place/Admiral+Tire+and+Auto+Center/data=!4m7!3m6!1s0x89c700897441faa9:0xa9d572673e209bae!8m2!3d39.7020895!4d-75.6976064!16s%2Fg%2F1td9rh1c!19sChIJqfpBdIkAx4kRrpsgPmdy1ak?authuser=0&hl=en&rclk=1,auto repair shop,Newark,city,DE,2026-07-23T02:45:38,0x89c700897441faa9:0xa9d572673e209bae
B & G Auto Body,(302) 454-7500,http://www.bgautobodyinc.com/,,"863 S Old Baltimore Pike, Newark, DE 19702, United States",863 S Old Baltimore Pike,Newark,DE,19702,4.8,219,Auto body shop,,,https://www.google.com/maps/place/B+%26+G+Auto+Body/data=!4m7!3m6!1s0x89c7a9c380d7ae35:0xd49ad106e1772647!8m2!3d39.6435056!4d-75.7290014!16s%2Fg%2F1txc7_gs!19sChIJNa7XgMOpx4kRRyZ34QbRmtQ?authuser=0&hl=en&rclk=1,auto repair shop,Newark,city,DE,2026-07-23T02:45:38,0x89c7a9c380d7ae35:0xd49ad106e1772647
Benchmark Transmission & Auto Care,(302) 368-4900,https://www.benchmarkonline.biz/store/6/,,"2101 Ogletown Rd, Newark, DE 19711, United States",2101 Ogletown Rd,Newark,DE,19711,4.8,99,Transmission shop,,,https://www.google.com/maps/place/Benchmark+Transmission+%26+Auto+Care/data=!4m7!3m6!1s0x89c7aa0a7ab00c53:0xbb487edc69ee7d34!8m2!3d39.6837402!4d-75.7146231!16s%2Fg%2F1xg5tn80!19sChIJUwywegqqx4kRNH3uadx-SLs?authuser=0&hl=en&rclk=1,auto repair shop,Newark,city,DE,2026-07-23T02:45:38,0x89c7aa0a7ab00c53:0xbb487edc69ee7d34
Brandywine Auto Repair,(302) 292-2155,https://brandywineautorepair.com/?utm_source=omg-listings&utm_medium=webclick,,"1209 Kirkwood Hwy, Newark, DE 19711, United States",1209 Kirkwood Hwy,Newark,DE,19711,4.9,352,Auto repair shop,,,https://www.google.com/maps/place/Brandywine+Auto+Repair/data=!4m7!3m6!1s0x89c7008316283383:0x5ab67a1eff925bc6!8m2!3d39.6974716!4d-75.7116505!16s%2Fg%2F1v42grz5!19sChIJgzMoFoMAx4kRxluS_x56tlo?authuser=0&hl=en&rclk=1,auto repair shop,New Castle County,county,DE,2026-07-23T02:12:24,0x89c7008316283383:0x5ab67a1eff925bc6
Brandywine Motorwerks,(302) 613-2911,http://www.brandywinemotorwerks.com/,,"1526 Capitol Tr, Newark, DE 19711, United States",1526 Capitol Tr,Newark,DE,19711,4.9,66,Auto repair shop,,,https://www.google.com/maps/place/Brandywine+Motorwerks/data=!4m7!3m6!1s0x89c7a9e999d465a3:0xd0b35fbfa9c3999d!8m2!3d39.6985626!4d-75.7043621!16s%2Fg%2F11bt_9bvwf!19sChIJo2XUmempx4kRnZnDqb9fs9A?authuser=0&hl=en&rclk=1,auto repair shop,Newark,city,DE,2026-07-15T07:47:18,0x89c7a9e999d465a3:0xd0b35fbfa9c3999d
Caliber Collision,(302) 731-1200,https://www.caliber.com/find-a-location/red-mill,,"8 Mill Park Ct, Newark, DE 19713, United States",8 Mill Park Ct,Newark,DE,19713,4.8,548,Auto body shop,,,https://www.google.com/maps/place/Caliber+Collision/data=!4m7!3m6!1s0x89c70097cfc0db99:0x19aa1a05043a2f85!8m2!3d39.6858476!4d-75.7000302!16s%2Fg%2F11f0k_216n!19sChIJmdvAz5cAx4kRhS86BAUaqhk?authuser=0&hl=en&rclk=1,auto repair shop,Newark,city,DE,2026-07-23T02:45:38,0x89c70097cfc0db99:0x19aa1a05043a2f85
Car Tech Auto Center,(302) 368-4104,https://cartechautocenter.com/,,"102 Albe Dr Ste A, Newark, DE 19702, United States",102 Albe Dr Ste A,Newark,DE,19702,4.9,75,Auto repair shop,,,https://www.google.com/maps/place/Car+Tech+Auto+Center/data=!4m7!3m6!1s0x89c7a9c1ee9a5b19:0xe12ba004a9f9695d!8m2!3d39.6479036!4d-75.7117251!16s%2Fg%2F1w456ktw!19sChIJGVua7sGpx4kRXWn5qQSgK-E?authuser=0&hl=en&rclk=1,auto repair shop,New Castle County,county,DE,2026-07-23T02:12:24,0x89c7a9c1ee9a5b19:0xe12ba004a9f9695d
Cruz Tire Service,(302) 273-3177,,,"660 Capitol Tr, Newark, DE 19711, United States",660 Capitol Tr,Newark,DE,19711,4.9,62,Tire shop,,,https://www.google.com/maps/place/Cruz+Tire+Service/data=!4m7!3m6!1s0x89c7ab814d102ecf:0x77b334cfba9095cd!8m2!3d39.693739!4d-75.7212713!16s%2Fg%2F11y1bv44n0!19sChIJzy4QTYGrx4kRzZWQus80s3c?authuser=0&hl=en&rclk=1,auto repair shop,Newark,city,DE,2026-07-23T02:45:38,0x89c7ab814d102ecf:0x77b334cfba9095cd
D & J Automotive,(302) 521-2303,,,"79 Albe Dr Ste L, Newark, DE 19702, United States",79 Albe Dr Ste L,Newark,DE,19702,5.0,1,Oil change service,,,https://www.google.com/maps/place/D+%26+J+Automotive/data=!4m7!3m6!1s0x89c7075f6fc5c655:0xb8c59b8c51ab40b1!8m2!3d39.649487!4d-75.713033!16s%2Fg%2F1tklrj46!19sChIJVcbFb18Hx4kRsUCrUYybxbg?authuser=0&hl=en&rclk=1,auto repair shop,Newark,city,DE,2026-07-23T02:45:38,0x89c7075f6fc5c655:0xb8c59b8c51ab40b1
D&D AUTO SERVICE,(302) 312-7060,,,"5 Mill Park Ct D, Newark, DE 19713, United States",5 Mill Park Ct D,Newark,DE,19713,5.0,1,Auto tune up service,,,https://www.google.com/maps/place/D%26D+AUTO+SERVICE/data=!4m7!3m6!1s0x89c701df0bef2c73:0x802e59e5c49ddc0!8m2!3d39.6848322!4d-75.7001211!16s%2Fg%2F11rbyvc3jj!19sChIJcyzvC98Bx4kRwN1JXJ7lAgg?authuser=0&hl=en&rclk=1,auto repair shop,Newark,city,DE,2026-07-23T02:45:38,0x89c701df0bef2c73:0x802e59e5c49ddc0
D&H Automotive,(302) 525-6631,,,"80 Aleph Dr, Newark, DE 19702, United States",80 Aleph Dr,Newark,DE,19702,4.3,47,Auto repair shop,,,https://www.google.com/maps/place/D%26H+Automotive/data=!4m7!3m6!1s0x89c700a0a2bd5959:0x3d75de56a4f3bb2b!8m2!3d39.6455269!4d-75.7290958!16s%2Fg%2F1hc3fxpkd!19sChIJWVm9oqAAx4kRK7vzpFbedT0?authuser=0&hl=en&rclk=1,auto repair shop,Newark,city,DE,2026-07-15T07:47:18,0x89c700a0a2bd5959:0x3d75de56a4f3bb2b
Delaware Tire Centers,(302) 368-2531,http://www.delawaretire.com/,,"616 S College Ave, Newark, DE 19713, United States",616 S College Ave,Newark,DE,19713,4.1,332,Tire shop,,,https://www.google.com/maps/place/Delaware+Tire+Centers/data=!4m7!3m6!1s0x89c7a984c5e4d765:0xeda8fa04a6a2aa2e!8m2!3d39.662018!4d-75.7525157!16s%2Fg%2F1tcws2td!19sChIJZdfkxYSpx4kRLqqipgT6qO0?authuser=0&hl=en&rclk=1,auto repair shop,Newark,city,DE,2026-07-23T02:45:38,0x89c7a984c5e4d765:0xeda8fa04a6a2aa2e
Dempsey's Service Center,(302) 239-4996,https://dempseysservicecenter.com/,,"9 Mill Park Ct, Newark, DE 19713, United States",9 Mill Park Ct,Newark,DE,19713,4.7,71,Auto repair shop,,,https://www.google.com/maps/place/Dempsey%27s+Service+Center/data=!4m7!3m6!1s0x89c7aaafd9511449:0x6c168a2218e745da!8m2!3d39.6851852!4d-75.6993178!16s%2Fg%2F1tg9tnbf!19sChIJSRRR2a-qx4kR2kXnGCKKFmw?authuser=0&hl=en&rclk=1,auto repair shop,Newark,city,DE,2026-07-23T02:45:38,0x89c7aaafd9511449:0x6c168a2218e745da
Dred Auto Service,(302) 562-6623,http://www.facebook.com/dredautoservice,,"42 Albe Dr Ste B, Newark, DE 19702, United States",42 Albe Dr Ste B,Newark,DE,19702,5.0,381,Auto repair shop,,,https://www.google.com/maps/place/Dred+Auto+Service/data=!4m7!3m6!1s0x89c7a96ce850e865:0x223a8312f3bd343!8m2!3d39.6502972!4d-75.7158421!16s%2Fg%2F11px4gvk6y!19sChIJZehQ6Gypx4kRQ9M7LzGoIwI?authuser=0&hl=en&rclk=1,auto repair shop,New Castle County,county,DE,2026-07-23T02:12:24,0x89c7a96ce850e865:0x223a8312f3bd343
DriveThruMechanics,(302) 209-3343,https://nicksroadsideservice.us.com/?utm_source=google&utm_medium=organic&utm_campaign=gbp,,"101 Peoples Dr Unit 2, Newark, DE 19702, United States",101 Peoples Dr Unit 2,Newark,DE,19702,4.8,18,Auto repair shop,,,https://www.google.com/maps/place/DriveThruMechanics/data=!4m7!3m6!1s0x68f6d5dd49884d03:0xf3824ff6ec4b7538!8m2!3d39.6454927!4d-75.7276691!16s%2Fg%2F11ybvpc7st!19sChIJA02ISd3V9mgROHVL7PZPgvM?authuser=0&hl=en&rclk=1,auto repair shop,Newark,city,DE,2026-07-23T02:45:38,0x68f6d5dd49884d03:0xf3824ff6ec4b7538
Empire auto repairs,(302) 772-9228,,,"916 Old Harmony Rd, Newark, DE 19713, United States",916 Old Harmony Rd,Newark,DE,19713,5.0,3,Car repair and maintenance service,,,https://www.google.com/maps/place/Empire+auto+repairs/data=!4m7!3m6!1s0x89c7010dbcdcc53f:0x61336cc6c46be2cf!8m2!3d39.689495!4d-75.6850451!16s%2Fg%2F11xgwcb28n!19sChIJP8XcvA0Bx4kRz-JrxMZsM2E?authuser=0&hl=en&rclk=1,auto repair shop,Newark,city,DE,2026-07-23T02:45:38,0x89c7010dbcdcc53f:0x61336cc6c46be2cf
Everest Auto Repair,(302) 737-8424,https://everestautorepair.com/,,"690 Capitol Tr, Newark, DE 19711, United States",690 Capitol Tr,Newark,DE,19711,4.9,988,Car repair and maintenance service,,,https://www.google.com/maps/place/Everest+Auto+Repair/data=!4m7!3m6!1s0x89c7aa713811f0c9:0xdbfdecfec17803c!8m2!3d39.6939418!4d-75.7205678!16s%2Fg%2F1tl1pdmn!19sChIJyfAROHGqx4kRPIAX7M_evw0?authuser=0&hl=en&rclk=1,auto repair shop,Kent County,county,DE,2026-07-23T02:02:36,0x89c7aa713811f0c9:0xdbfdecfec17803c
Ewing Auto Repair,(302) 366-8801,http://www.ewingautorepairs.com/,,"30 Aleph Dr, Newark, DE 19702, United States",30 Aleph Dr,Newark,DE,19702,3.5,255,Auto repair shop,,,https://www.google.com/maps/place/Ewing+Auto+Repair/data=!4m7!3m6!1s0x89c7a94038aa627d:0x9567ad133ad40a94!8m2!3d39.6440292!4d-75.7276537!16s%2Fg%2F1tfff4kt!19sChIJfWKqOECpx4kRlArUOhOtZ5U?authuser=0&hl=en&rclk=1,auto repair shop,Newark,city,DE,2026-07-23T02:45:38,0x89c7a94038aa627d:0x9567ad133ad40a94
Freedom Auto Repairs,(302) 252-6410,,,"300 Chapman Rd, Newark, DE 19702, United States",300 Chapman Rd,Newark,DE,19702,5.0,2,Auto repair shop,,,https://www.google.com/maps/place/Freedom+Auto+Repairs/data=!4m7!3m6!1s0x89c701eaa6b4cd5b:0x4adeb612e19901b9!8m2!3d39.6684277!4d-75.6716755!16s%2Fg%2F11mppsgtbh!19sChIJW820puoBx4kRuQGZ4RK23ko?authuser=0&hl=en&rclk=1,auto repair shop,Newark,city,DE,2026-07-23T02:45:38,0x89c701eaa6b4cd5b:0x4adeb612e19901b9
Friendly Auto Care,(302) 366-0420,,,"5 Brookmont Dr, Newark, DE 19702, United States",5 Brookmont Dr,Newark,DE,19702,4.5,39,Auto repair shop,,,https://www.google.com/maps/place/Friendly+Auto+Care/data=!4m7!3m6!1s0x89c707a087548387:0x873fa53a84c2efd1!8m2!3d39.6224476!4d-75.6878259!16s%2Fg%2F1260s4wt5!19sChIJh4NUh6AHx4kR0e_ChDqlP4c?authuser=0&hl=en&rclk=1,auto repair shop,Newark,city,DE,2026-07-23T02:45:38,0x89c707a087548387:0x873fa53a84c2efd1
Hertrich Infinity Newark,(302) 368-6300,https://www.hertrichnissannewark.com/service/,,"303 E Cleveland Ave, Newark, DE 19711, United States",303 E Cleveland Ave,Newark,DE,19711,3.0,69,Car repair and maintenance service,,,https://www.google.com/maps/place/Hertrich+Infinity+Newark/data=!4m7!3m6!1s0x89c7aa3f75a343b9:0xf14430375ca2957b!8m2!3d39.6884854!4d-75.740593!16s%2Fg%2F11bxvbychp!19sChIJuUOjdT-qx4kRe5WiXDcwRPE?authuser=0&hl=en&rclk=1,auto repair shop,Newark,city,DE,2026-07-23T02:45:38,0x89c7aa3f75a343b9:0xf14430375ca2957b
Iron Hill Auto Body,(302) 454-1555,https://ironhillautobody.com/,,"90 Albe Dr # A, Newark, DE 19702, United States",90 Albe Dr # A,Newark,DE,19702,4.6,62,Auto body shop,,,https://www.google.com/maps/place/Iron+Hill+Auto+Body/data=!4m7!3m6!1s0x89c7075f03e54977:0xb044042450b7c8b7!8m2!3d39.6488761!4d-75.7117477!16s%2Fg%2F1tfx5w4b!19sChIJd0nlA18Hx4kRt8i3UCQERLA?authuser=0&hl=en&rclk=1,auto repair shop,Newark,city,DE,2026-07-23T02:45:38,0x89c7075f03e54977:0xb044042450b7c8b7
J-Tune Performance,(302) 998-6988,https://www.jtuneperformance.com/,,"679 Dawson Dr, Newark, DE 19713, United States",679 Dawson Dr,Newark,DE,19713,4.8,132,Auto repair shop,,,https://www.google.com/maps/place/J-Tune+Performance/data=!4m7!3m6!1s0x89c702011d037131:0xde116d3c238931e4!8m2!3d39.6501725!4d-75.7300168!16s%2Fg%2F1tdx9npq!19sChIJMXEDHQECx4kR5DGJIzxtEd4?authuser=0&hl=en&rclk=1,auto repair shop,Newark,city,DE,2026-07-23T02:45:38,0x89c702011d037131:0xde116d3c238931e4
Jamie's Auto Repair,(302) 369-3033,http://jamiesautodelaware.com/,,"19 Albe Dr, Newark, DE 19702, United States",19 Albe Dr,Newark,DE,19702,4.8,190,Auto repair shop,,,https://www.google.com/maps/place/Jamie%27s+Auto+Repair/data=!4m7!3m6!1s0x89c7a9e03e7ae327:0xba69ee8e405af9f3!8m2!3d39.648147!4d-75.7145134!16s%2Fg%2F1tfryfrj!19sChIJJ-N6PuCpx4kR8_laQI7uabo?authuser=0&hl=en&rclk=1,auto repair shop,New Castle County,county,DE,2026-07-23T02:12:24,0x89c7a9e03e7ae327:0xba69ee8e405af9f3
Jay's Auto Repair,(302) 273-2811,,,"61 Blue Hen Dr, Newark, DE 19713, United States",61 Blue Hen Dr,Newark,DE,19713,3.9,27,Auto repair shop,,,https://www.google.com/maps/place/Jay%27s+Auto+Repair/data=!4m7!3m6!1s0x89c7a9eb5d683653:0xde66ea8338920adc!8m2!3d39.6535862!4d-75.7358316!16s%2Fg%2F11fnypjv9b!19sChIJUzZoXeupx4kR3AqSOIPqZt4?authuser=0&hl=en&rclk=1,auto repair shop,Newark,city,DE,2026-07-23T02:45:38,0x89c7a9eb5d683653:0xde66ea8338920adc
K & S Garage,(302) 731-7997,,,"1060 S Chapel St, Newark, DE 19702, United States",1060 S Chapel St,Newark,DE,19702,4.6,89,Auto repair shop,,,https://www.google.com/maps/place/K+%26+S+Garage/data=!4m7!3m6!1s0x89c7a9c3cdb6b441:0x327eaeaaa2ae1c5f!8m2!3d39.6455711!4d-75.730719!16s%2Fg%2F1tf49368!19sChIJQbS2zcOpx4kRXxyuoqqufjI?authuser=0&hl=en&rclk=1,auto repair shop,New Castle County,county,DE,2026-07-23T02:12:24,0x89c7a9c3cdb6b441:0x327eaeaaa2ae1c5f
Leading Edge Auto,(302) 533-7492,http://www.leadingedgeautomotivede.com/,,"2213 Ogletown Rd Ste A, Newark, DE 19711, United States",2213 Ogletown Rd Ste A,Newark,DE,19711,4.7,77,Auto repair shop,,,https://www.google.com/maps/place/Leading+Edge+Auto/data=!4m7!3m6!1s0x89c7a9e82eafa973:0x8d4de5d4247ad55d!8m2!3d39.6839586!4d-75.7128891!16s%2Fg%2F1tgnn0wl!19sChIJc6mvLuipx4kRXdV6JNTlTY0?authuser=0&hl=en&rclk=1,auto repair shop,Newark,city,DE,2026-07-23T02:45:38,0x89c7a9e82eafa973:0x8d4de5d4247ad55d
Little's Garage,(302) 731-9595,https://littlesgarage.com/,,"369 Polly Drummond Hill Rd, Newark, DE 19711, United States",369 Polly Drummond Hill Rd,Newark,DE,19711,4.8,198,Auto repair shop,,,https://www.google.com/maps/place/Little%27s+Garage/data=!4m7!3m6!1s0x89c700759e51766f:0x562d883afaaa48ba!8m2!3d39.7246716!4d-75.712601!16s%2Fg%2F1tyyy23d!19sChIJb3ZRnnUAx4kRukiq-jqILVY?authuser=0&hl=en&rclk=1,auto repair shop,New Castle County,county,DE,2026-07-23T02:12:24,0x89c700759e51766f:0x562d883afaaa48ba
LunchBox Garage,(302) 464-8879,https://www.lunchboxgarage.com/,,"2742 Pulaski Hwy, Newark, DE 19702, United States",2742 Pulaski Hwy,Newark,DE,19702,4.7,227,Auto repair shop,,,https://www.google.com/maps/place/LunchBox+Garage/data=!4m7!3m6!1s0x89c7016f1666eaa3:0x79398fe52eb3c340!8m2!3d39.6028343!4d-75.7612688!16s%2Fg%2F11fvbnmh_p!19sChIJo-pmFm8Bx4kRQMOzLuWPOXk?authuser=0&hl=en&rclk=1,auto repair shop,Newark,city,DE,2026-07-23T02:45:38,0x89c7016f1666eaa3:0x79398fe52eb3c340
Maaco Auto Body Shop & Painting,(302) 525-4001,https://www.maaco.com/locations/de/newark-10904/?utm_source=google&utm_medium=organic&utm_campaign=gbp_website,,"729 Dawson Dr, Newark, DE 19713, United States",729 Dawson Dr,Newark,DE,19713,4.0,318,Auto body shop,,,https://www.google.com/maps/place/Maaco+Auto+Body+Shop+%26+Painting/data=!4m7!3m6!1s0x89c7a9e8de66ca4d:0x208e872948146a7d!8m2!3d39.6516668!4d-75.7277881!16s%2Fg%2F1tm0cs84!19sChIJTcpm3uipx4kRfWoUSCmHjiA?authuser=0&hl=en&rclk=1,auto repair shop,Newark,city,DE,2026-07-15T07:47:18,0x89c7a9e8de66ca4d:0x208e872948146a7d
Mavis Tires & Brakes,(302) 601-2620,https://www.mavis.com/locations/newark-pulaski-hwy-de/?utm_source=yext&utm_medium=organic&utm_campaign=gmb&stnum=4212,,"2414 Pulaski Hwy, Newark, DE 19702, United States",2414 Pulaski Hwy,Newark,DE,19702,4.6,1111,Tire shop,,,https://www.google.com/maps/place/Mavis+Tires+%26+Brakes/data=!4m7!3m6!1s0x89c7a8692d6b24c1:0x46fdd702c3875ed5!8m2!3d39.60429!4d-75.74606!16s%2Fg%2F11cfcj92z!19sChIJwSRrLWmox4kR1V6HwwLX_UY?authuser=0&hl=en&rclk=1,auto repair shop,Newark,city,DE,2026-07-23T02:45:38,0x89c7a8692d6b24c1:0x46fdd702c3875ed5
Mopar Service & Tire Center at i.g. Burton Chrysler Dodge Jeep Ram of Newark,(302) 565-6664,https://www.igburtonnewarkcdjr.com/schedule-service.htm,,"244 E Cleveland Ave, Newark, DE 19711, United States",244 E Cleveland Ave,Newark,DE,19711,4.7,69,Auto repair shop,,,https://www.google.com/maps/place/Mopar+Service+%26+Tire+Center+at+i.g.+Burton+Chrysler+Dodge+Jeep+Ram+of+Newark/data=!4m7!3m6!1s0x89c7abaa986ef681:0x5e30bc1db57b2a24!8m2!3d39.6875555!4d-75.7430544!16s%2Fg%2F11vddl1__x!19sChIJgfZumKqrx4kRJCp7tR28MF4?authuser=0&hl=en&rclk=1,auto repair shop,Newark,city,DE,2026-07-23T02:45:38,0x89c7abaa986ef681:0x5e30bc1db57b2a24
Newark ToyotaWorld Service Center,(302) 439-6718,https://www.newarktoyotaworld.com/service?utm_source=google&utm_medium=organic&utm_campaign=gmb%20listing,,"1344 Marrows Rd, Newark, DE 19711, United States",1344 Marrows Rd,Newark,DE,19711,4.0,874,Auto repair shop,,,https://www.google.com/maps/place/Newark+ToyotaWorld+Service+Center/data=!4m7!3m6!1s0x89c7aa1125215b13:0x94306cd3015d8535!8m2!3d39.6821747!4d-75.7303348!16s%2Fg%2F1tfryfrk!19sChIJE1shJRGqx4kRNYVdAdNsMJQ?authuser=0&hl=en&rclk=1,auto repair shop,Newark,city,DE,2026-07-23T02:45:38,0x89c7aa1125215b13:0x94306cd3015d8535
Ourisman Tri-State Subaru Service Center,(302) 453-9900,https://www.tristatesubaru.com/service-scheduler.htm?utm_source=google&utm_medium=organic&utm_campaign=gbp_listings_websitebutton,,"255 E Cleveland Ave, Newark, DE 19711, United States",255 E Cleveland Ave,Newark,DE,19711,4.7,475,Auto repair shop,,,https://www.google.com/maps/place/Ourisman+Tri-State+Subaru+Service+Center/data=!4m7!3m6!1s0x89c7ab414e21e115:0x3c33e7b96b896e8e!8m2!3d39.686925!4d-75.7452802!16s%2Fg%2F11j1d4fg5z!19sChIJFeEhTkGrx4kRjm6Ja7nnMzw?authuser=0&hl=en&rclk=1,auto repair shop,Newark,city,DE,2026-07-23T02:45:38,0x89c7ab414e21e115:0x3c33e7b96b896e8e
Peak Performance Automotive,(302) 731-8822,https://peakautorepairs.com/,,"663 Dawson Dr, Newark, DE 19713, United States",663 Dawson Dr,Newark,DE,19713,4.8,435,Car repair and maintenance service,,,https://www.google.com/maps/place/Peak+Performance+Automotive/data=!4m7!3m6!1s0x89c7a9e990096601:0xf85b6607c00a5ec5!8m2!3d39.650278!4d-75.7311698!16s%2Fg%2F11b66ff6kc!19sChIJAWYJkOmpx4kRxV4KwAdmW_g?authuser=0&hl=en&rclk=1,auto repair shop,New Castle County,county,DE,2026-07-23T02:12:24,0x89c7a9e990096601:0xf85b6607c00a5ec5
Precision Auto Works,(302) 690-0906,,,"945 Branch Rd, Newark, DE 19711, United States",945 Branch Rd,Newark,DE,19711,4.8,23,Auto repair shop,,,https://www.google.com/maps/place/Precision+Auto+Works/data=!4m7!3m6!1s0x89c6558fd056e0a7:0x8f727ba6628bc626!8m2!3d39.7595903!4d-75.7425967!16s%2Fg%2F11xsf0dzwp!19sChIJp-BW0I9VxokRJsaLYqZ7co8?authuser=0&hl=en&rclk=1,auto repair shop,Newark,city,DE,2026-07-23T02:45:38,0x89c6558fd056e0a7:0x8f727ba6628bc626
Racer’s edge performance,(302) 668-6634,https://theracersedge.com/,,"54 Albe Dr, Newark, DE 19702, United States",54 Albe Dr,Newark,DE,19702,4.7,28,Auto repair shop,,,https://www.google.com/maps/place/Racer%E2%80%99s+edge+performance/data=!4m7!3m6!1s0x89c7a934347c867d:0x92a7a2078f3049b0!8m2!3d39.6510706!4d-75.7152572!16s%2Fg%2F11t2y623m0!19sChIJfYZ8NDSpx4kRsEkwjweip5I?authuser=0&hl=en&rclk=1,auto repair shop,Newark,city,DE,2026-07-23T02:45:38,0x89c7a934347c867d:0x92a7a2078f3049b0
Rinehimer’s Body Shop,(302) 737-7350,https://www.carwise.com/auto-body-shops/rinehimers-body-shop-newark-de-19713/475535,,"6 Mill Park Ct, Newark, DE 19713, United States",6 Mill Park Ct,Newark,DE,19713,4.7,76,Auto body shop,,,https://www.google.com/maps/place/Rinehimer%E2%80%99s+Body+Shop/data=!4m7!3m6!1s0x89c70097db1a6bd1:0x164277d275046197!8m2!3d39.6856729!4d-75.7001698!16s%2Fg%2F1tdf29wv!19sChIJ0Wsa25cAx4kRl2EEddJ3QhY?authuser=0&hl=en&rclk=1,auto repair shop,Newark,city,DE,2026-07-23T02:45:38,0x89c70097db1a6bd1:0x164277d275046197
Royal Tech Auto Repair,(302) 737-6852,,,"711 Dawson Dr, Newark, DE 19713, United States",711 Dawson Dr,Newark,DE,19713,4.8,115,Auto repair shop,,,https://www.google.com/maps/place/Royal+Tech+Auto+Repair/data=!4m7!3m6!1s0x89c7a9e91372d437:0x5bf5e2c435f7d6af!8m2!3d39.6509792!4d-75.7294764!16s%2Fg%2F1wk4f02w!19sChIJN9RyE-mpx4kRr9b3NcTi9Vs?authuser=0&hl=en&rclk=1,auto repair shop,New Castle County,county,DE,2026-07-23T02:12:24,0x89c7a9e91372d437:0x5bf5e2c435f7d6af
S & B Auto Service,(302) 738-7990,,,"14 Albe Dr, Newark, DE 19702, United States",14 Albe Dr,Newark,DE,19702,5.0,12,Auto repair shop,,,https://www.google.com/maps/place/S+%26+B+Auto+Service/data=!4m7!3m6!1s0x89c7a9e0693ff7c1:0x3e583bec6a0d0f00!8m2!3d39.6476901!4d-75.7152842!16s%2Fg%2F1vg_dtt_!19sChIJwfc_aeCpx4kRAA8Nauw7WD4?authuser=0&hl=en&rclk=1,auto repair shop,New Castle County,county,DE,2026-07-23T02:12:24,0x89c7a9e0693ff7c1:0x3e583bec6a0d0f00
SWORD AUTO REPAIRS LLC,(856) 212-9412,,,"804 S College Ave, Newark, DE 19713, United States",804 S College Ave,Newark,DE,19713,4.7,13,Auto repair shop,,,https://www.google.com/maps/place/SWORD+AUTO+REPAIRS+LLC/data=!4m7!3m6!1s0x89c71b8268a9ce65:0x5bb3129ad60e1207!8m2!3d39.6551901!4d-75.7515372!16s%2Fg%2F11l23vmfkw!19sChIJZc6paIIbx4kRBxIO1poSs1s?authuser=0&hl=en&rclk=1,auto repair shop,Newark,city,DE,2026-07-23T02:45:38,0x89c71b8268a9ce65:0x5bb3129ad60e1207
Sleeper Tuning,(302) 553-3122,https://sleepertuning.com/,,"30 Albe Dr Ste C, Newark, DE 19702, United States",30 Albe Dr Ste C,Newark,DE,19702,4.9,45,Auto repair shop,,,https://www.google.com/maps/place/Sleeper+Tuning/data=!4m7!3m6!1s0x89c7a9f1140094ad:0xc4d1939340954132!8m2!3d39.6490337!4d-75.715785!16s%2Fg%2F11ph0br5ky!19sChIJrZQAFPGpx4kRMkGVQJOT0cQ?authuser=0&hl=en&rclk=1,auto repair shop,Newark,city,DE,2026-07-23T02:45:38,0x89c7a9f1140094ad:0xc4d1939340954132
Station Auto Body,(302) 999-8229,,,"715 Stanton Christiana Rd A, Newark, DE 19713, United States",715 Stanton Christiana Rd A,Newark,DE,19713,4.6,17,Auto body shop,,,https://www.google.com/maps/place/Station+Auto+Body/data=!4m7!3m6!1s0x89c701ebe3a771cb:0x3e99a7b0e6be3aae!8m2!3d39.704371!4d-75.6527599!16s%2Fg%2F1tk1nyxr!19sChIJy3Gn4-sBx4kRrjq-5rCnmT4?authuser=0&hl=en&rclk=1,auto repair shop,Newark,city,DE,2026-07-23T02:45:38,0x89c701ebe3a771cb:0x3e99a7b0e6be3aae
The Shop DE,(302) 318-6616,,,"41 B Blue Hen Dr, Newark, DE 19713, United States",41 B Blue Hen Dr,Newark,DE,19713,5.0,7,Corporate office,,,https://www.google.com/maps/place/The+Shop+DE/data=!4m7!3m6!1s0x89c7a9f20f8c6ac3:0x258204d952959479!8m2!3d39.6544446!4d-75.7363767!16s%2Fg%2F11mvnrf2f5!19sChIJw2qMD_Kpx4kReZSVUtkEgiU?authuser=0&hl=en&rclk=1,auto repair shop,Newark,city,DE,2026-07-15T07:47:18,0x89c7a9f20f8c6ac3:0x258204d952959479
WAC AUTO REPAIR LLC.,(302) 220-8430,,,"80 Aleph Dr, Newark, DE 19702, United States",80 Aleph Dr,Newark,DE,19702,4.9,11,Auto repair shop,,,https://www.google.com/maps/place/WAC+AUTO+REPAIR+LLC./data=!4m7!3m6!1s0x89c7070c93641bbd:0x22e44891904fe072!8m2!3d39.645403!4d-75.729289!16s%2Fg%2F11rchdbxd1!19sChIJvRtkkwwHx4kRcuBPkJFI5CI?authuser=0&hl=en&rclk=1,auto repair shop,Newark,city,DE,2026-07-23T02:45:38,0x89c7070c93641bbd:0x22e44891904fe072
WAC Auto Repair LLC,(302) 220-8430,,,"80 Aleph Dr, Newark, DE 19702, United States",80 Aleph Dr,Newark,DE,19702,4.7,10,Auto repair shop,,,https://www.google.com/maps/place/WAC+Auto+Repair+LLC/data=!4m7!3m6!1s0x89c7a92257bdbe3f:0xae1ec54c753e67b3!8m2!3d39.645373!4d-75.7292445!16s%2Fg%2F11y3d83xkz!19sChIJP769VyKpx4kRs2c-dUzFHq4?authuser=0&hl=en&rclk=1,auto repair shop,Newark,city,DE,2026-07-23T02:45:38,0x89c7a92257bdbe3f:0xae1ec54c753e67b3
Wrenchtime Auto,(302) 500-5558,,,"42 Albe Dr, Newark, DE 19702, United States",42 Albe Dr,Newark,DE,19702,4.9,94,Auto repair shop,,,https://www.google.com/maps/place/Wrenchtime+Auto/data=!4m7!3m6!1s0x89c7a9e5f393c8cd:0xccb62084641cb571!8m2!3d39.6502972!4d-75.7158421!16s%2Fg%2F11rb60k0y6!19sChIJzciT8-Wpx4kRcbUcZIQgtsw?authuser=0&hl=en&rclk=1,auto repair shop,New Castle County,county,DE,2026-07-23T02:12:24,0x89c7a9e5f393c8cd:0xccb62084641cb571
dave's foreign car,(302) 738-3850,,,"14 Albe Dr, Newark, DE 19702, United States",14 Albe Dr,Newark,DE,19702,5.0,1,Auto repair shop,,,https://www.google.com/maps/place/dave%27s+foreign+car/data=!4m7!3m6!1s0x89c7a9e0693ff7c1:0xe5707b3bed3426db!8m2!3d39.6477006!4d-75.7155894!16s%2Fg%2F1tj1nh05!19sChIJwfc_aeCpx4kR2yY07Tt7cOU?authuser=0&hl=en&rclk=1,auto repair shop,Newark,city,DE,2026-07-23T02:45:38,0x89c7a9e0693ff7c1:0xe5707b3bed3426db
Gonzalez Auto Repair,(610) 241-0992,https://www.facebook.com/adan.gonzalez.5/,,"597 Newport Gap Pike, Newport, DE 19804, United States",597 Newport Gap Pike,Newport,DE,19804,3.5,53,Auto repair shop,,,https://www.google.com/maps/place/Gonzalez+Auto+Repair/data=!4m7!3m6!1s0x89c7021bd7045543:0xee591916c3d7fcc8!8m2!3d39.7196273!4d-75.6125836!16s%2Fg%2F11fx9bk4nn!19sChIJQ1UE1xsCx4kRyPzXwxYZWe4?authuser=0&hl=en&rclk=1,auto repair shop,New Castle County,county,DE,2026-07-23T02:12:24,0x89c7021bd7045543:0xee591916c3d7fcc8
Ocean Area Tire,(302) 539-1700,https://www.oceanareatire.com/,,"34461 Atlantic Ave, Ocean View, DE 19970, United States",34461 Atlantic Ave,Ocean View,DE,19970,4.8,1721,Tire shop,,,https://www.google.com/maps/place/Ocean+Area+Tire/data=!4m7!3m6!1s0x89b8cfca54b2a74d:0xd5fcc61bb940da81!8m2!3d38.5501843!4d-75.146236!16s%2Fg%2F1th6486c!19sChIJTaeyVMrPuIkRgdpAuRvG_NU?authuser=0&hl=en&rclk=1,auto repair shop,Sussex County,county,DE,2026-07-15T07:24:48,0x89b8cfca54b2a74d:0xd5fcc61bb940da81
MOT auto,(302) 376-8744,,,"129 N 6th St, Odessa, DE 19730, United States",129 N 6th St,Odessa,DE,19730,4.9,51,Auto repair shop,,,https://www.google.com/maps/place/MOT+auto/data=!4m7!3m6!1s0x89c70b00bb30718b:0x59f7f9e1cdd8fedf!8m2!3d39.4553866!4d-75.6637265!16s%2Fg%2F1thsgw_6!19sChIJi3EwuwALx4kR3_7YzeH591k?authuser=0&hl=en&rclk=1,auto repair shop,Kent County,county,DE,2026-07-23T02:02:36,0x89c70b00bb30718b:0x59f7f9e1cdd8fedf
REM Auto mobile mechanic,(302) 212-7643,,,"2014 Ramblewood Dr, Rehoboth Beach, DE 19971, United States",2014 Ramblewood Dr,Rehoboth Beach,DE,19971,5.0,23,Auto repair shop,,,https://www.google.com/maps/place/REM+Auto+mobile+mechanic/data=!4m7!3m6!1s0x89b8b787763a0c69:0xa32023479e91cbd4!8m2!3d38.7344689!4d-75.1225837!16s%2Fg%2F11mc_9zv25!19sChIJaQw6doe3uIkR1MuRnkcjIKM?authuser=0&hl=en&rclk=1,auto repair shop,Sussex County,county,DE,2026-07-23T02:22:52,0x89b8b787763a0c69:0xa32023479e91cbd4
Rehoboth Auto Repair,(302) 227-0633,https://rehobothautorepair.com/,,"20669 Coastal Hwy, Rehoboth Beach, DE 19971, United States",20669 Coastal Hwy,Rehoboth Beach,DE,19971,4.7,742,Auto repair shop,,,https://www.google.com/maps/place/Rehoboth+Auto+Repair/data=!4m7!3m6!1s0x89b8b63c2ac63bab:0xf61e12730854b6bb!8m2!3d38.7059609!4d-75.0868596!16s%2Fg%2F1tdh9bjf!19sChIJqzvGKjy2uIkRu7ZUCHMSHvY?authuser=0&hl=en&rclk=1,auto repair shop,Sussex County,county,DE,2026-07-23T02:22:51,0x89b8b63c2ac63bab:0xf61e12730854b6bb
The Garage,(302) 645-7288,,,"18791 Coastal Hwy, Rehoboth Beach, DE 19971, United States",18791 Coastal Hwy,Rehoboth Beach,DE,19971,4.6,220,Auto repair shop,,,https://www.google.com/maps/place/The+Garage/data=!4m7!3m6!1s0x89b8b79ebaea246d:0xc10fb659aac6bf5a!8m2!3d38.733731!4d-75.135941!16s%2Fg%2F1vs5xmdk!19sChIJbSTqup63uIkRWr_Gqlm2D8E?authuser=0&hl=en&rclk=1,auto repair shop,Sussex County,county,DE,2026-07-23T02:22:52,0x89b8b79ebaea246d:0xc10fb659aac6bf5a
Auto Rite,(302) 853-0990,,,"25576 Business Park Dr, Seaford, DE 19973, United States",25576 Business Park Dr,Seaford,DE,19973,4.8,18,Auto repair shop,,,https://www.google.com/maps/place/Auto+Rite/data=!4m7!3m6!1s0x89b8f118d4435f01:0x8922ce44f6eb5416!8m2!3d38.6375515!4d-75.5948424!16s%2Fg%2F1tflbkb4!19sChIJAV9D1BjxuIkRFlTr9kTOIok?authuser=0&hl=en&rclk=1,auto repair shop,Sussex County,county,DE,2026-07-23T02:22:52,0x89b8f118d4435f01:0x8922ce44f6eb5416
Chevrolet Service & Tire Center at i.g. Burton Chevrolet of Seaford,(302) 629-5516,https://www.igburtonchevyseaford.com/ServiceApptForm,,"24799 Sussex Hwy, Seaford, DE 19973, United States",24799 Sussex Hwy,Seaford,DE,19973,4.9,53,Auto repair shop,,,https://www.google.com/maps/place/Chevrolet+Service+%26+Tire+Center+at+i.g.+Burton+Chevrolet+of+Seaford/data=!4m7!3m6!1s0x89b8f11952566015:0x5fa094b5b15b0db9!8m2!3d38.6373062!4d-75.5923003!16s%2Fg%2F11fy2y031v!19sChIJFWBWUhnxuIkRuQ1bsbWUoF8?authuser=0&hl=en&rclk=1,auto repair shop,Sussex County,county,DE,2026-07-15T07:24:48,0x89b8f11952566015:0x5fa094b5b15b0db9
Chris's Car Care,(302) 628-4695,,,"14757 Josephs Rd, Seaford, DE 19973, United States",14757 Josephs Rd,Seaford,DE,19973,4.8,10,Auto repair shop,,,https://www.google.com/maps/place/Chris%27s+Car+Care/data=!4m7!3m6!1s0x89b8ee4dfbabe257:0xf3a52fa2f18e102f!8m2!3d38.624844!4d-75.4944189!16s%2Fg%2F1tj7fz0w!19sChIJV-Kr-03uuIkRLxCO8aIvpfM?authuser=0&hl=en&rclk=1,auto repair shop,Sussex County,county,DE,2026-07-23T02:22:51,0x89b8ee4dfbabe257:0xf3a52fa2f18e102f
Eds Auto Center,(302) 628-6840,http://edsautocenterinc.com/,,"9610 Airport Rd, Seaford, DE 19973, United States",9610 Airport Rd,Seaford,DE,19973,4.4,97,Auto repair shop,,,https://www.google.com/maps/place/Eds+Auto+Center/data=!4m7!3m6!1s0x89b8f102a48df849:0x770d444fd5702fa7!8m2!3d38.622837!4d-75.5811462!16s%2Fg%2F1tc_0dst!19sChIJSfiNpALxuIkRpy9w1U9EDXc?authuser=0&hl=en&rclk=1,auto repair shop,Sussex County,county,DE,2026-07-23T02:22:52,0x89b8f102a48df849:0x770d444fd5702fa7
Russell Auto Store & Service,(302) 629-2666,,,"413 W Stein Hwy, Seaford, DE 19973, United States",413 W Stein Hwy,Seaford,DE,19973,5.0,4,Auto parts store,,,https://www.google.com/maps/place/Russell+Auto+Store+%26+Service/data=!4m7!3m6!1s0x89b8f7254ad5944f:0xd94370daf063543d!8m2!3d38.6458326!4d-75.6230271!16s%2Fg%2F11jtvsh_2_!19sChIJT5TVSiX3uIkRPVRj8NpwQ9k?authuser=0&hl=en&rclk=1,auto repair shop,Sussex County,county,DE,2026-07-23T02:22:52,0x89b8f7254ad5944f:0xd94370daf063543d
Tom and gerry's Auto repair,(302) 396-7819,,,"22572 Bridgeville Hwy, Seaford, DE 19973, United States",22572 Bridgeville Hwy,Seaford,DE,19973,,,Auto repair shop,,,https://www.google.com/maps/place/Tom+and+gerry%27s+Auto+repair/data=!4m7!3m6!1s0x89b8f130e123664f:0xe97e3488d8f85f15!8m2!3d38.6711733!4d-75.5965041!16s%2Fg%2F11z5yx00g1!19sChIJT2Yj4TDxuIkRFV_42Ig0fuk?authuser=0&hl=en&rclk=1,auto repair shop,Sussex County,county,DE,2026-07-15T07:24:48,0x89b8f130e123664f:0xe97e3488d8f85f15
Whitney's Auto Repair,(302) 629-2808,http://whitneysautorepair.com/,,"8648 Ockels Rd, Seaford, DE 19973, United States",8648 Ockels Rd,Seaford,DE,19973,4.7,36,Auto repair shop,,,https://www.google.com/maps/place/Whitney%27s+Auto+Repair/data=!4m7!3m6!1s0x89b8f092cda06785:0xeb00b5b30bac798d!8m2!3d38.6175556!4d-75.6013735!16s%2Fg%2F1tcylyj2!19sChIJhWegzZLwuIkRjXmsC7O1AOs?authuser=0&hl=en&rclk=1,auto repair shop,Sussex County,county,DE,2026-07-23T02:22:51,0x89b8f092cda06785:0xeb00b5b30bac798d
Aki’s Overhaul LLC,(302) 423-1073,,,"258 Holly Hill Dr, Smyrna, DE 19977, United States",258 Holly Hill Dr,Smyrna,DE,19977,4.7,19,Towing service,,,https://www.google.com/maps/place/Aki%E2%80%99s+Overhaul+LLC/data=!4m7!3m6!1s0xaab532b5e1f7e573:0xcbafc670fc845416!8m2!3d39.273724!4d-75.5933689!16s%2Fg%2F11ny0gcy43!19sChIJc-X34bUytaoRFlSE_HDGr8s?authuser=0&hl=en&rclk=1,auto repair shop,Smyrna,city,DE,2026-07-23T02:54:40,0xaab532b5e1f7e573:0xcbafc670fc845416
"Auto Everything at Sleepy Hollow, LLC",(302) 376-3010,,,"1231 S Dupont Blvd, Smyrna, DE 19977, United States",1231 S Dupont Blvd,Smyrna,DE,19977,4.3,18,Auto restoration service,,,"https://www.google.com/maps/place/Auto+Everything+at+Sleepy+Hollow,+LLC/data=!4m7!3m6!1s0x89c7a0692c848eeb:0x2a341888d1b2982c!8m2!3d39.2864748!4d-75.5941192!16s%2Fg%2F11b77p98wq!19sChIJ646ELGmgx4kRLJiy0YgYNCo?authuser=0&hl=en&rclk=1",auto repair shop,Smyrna,city,DE,2026-07-23T02:54:40,0x89c7a0692c848eeb:0x2a341888d1b2982c
CARMART,(302) 653-1100,https://smyrna.carmartde.com/?utm_source=google&utm_medium=organic&utm_campaign=gbp,,"244 S Main St, Smyrna, DE 19977, United States",244 S Main St,Smyrna,DE,19977,4.7,250,Car dealer,,,https://www.google.com/maps/place/CARMART/data=!4m7!3m6!1s0x89c771d19564ecad:0x413218e44b832c36!8m2!3d39.2967315!4d-75.6000077!16s%2Fg%2F11fsr3z5q_!19sChIJrexkldFxx4kRNiyDS-QYMkE?authuser=0&hl=en&rclk=1,auto repair shop,Smyrna,city,DE,2026-07-23T02:54:40,0x89c771d19564ecad:0x413218e44b832c36
Doug's Auto,(302) 653-7065,,,"222 Mill St, Smyrna, DE 19977, United States",222 Mill St,Smyrna,DE,19977,4.7,55,Auto repair shop,,,https://www.google.com/maps/place/Doug%27s+Auto/data=!4m7!3m6!1s0x89c7713d164d1acb:0x947858a0a068f1d6!8m2!3d39.2986921!4d-75.5994639!16s%2Fg%2F1tqnmlpp!19sChIJyxpNFj1xx4kR1vFooKBYeJQ?authuser=0&hl=en&rclk=1,auto repair shop,Kent County,county,DE,2026-07-23T02:02:36,0x89c7713d164d1acb:0x947858a0a068f1d6
EP Engine Performance LLC,(302) 389-8994,https://epengineperformance.com/,,"473 Pier Head Blvd suite 4, Smyrna, DE 19977, United States",473 Pier Head Blvd suite 4,Smyrna,DE,19977,4.9,51,Auto repair shop,,,https://www.google.com/maps/place/EP+Engine+Performance+LLC/data=!4m7!3m6!1s0x89c770ed8081c21b:0x65400f310410934f!8m2!3d39.2686721!4d-75.5867462!16s%2Fg%2F1jkyp1gcn!19sChIJG8KBgO1wx4kRT5MQBDEPQGU?authuser=0&hl=en&rclk=1,auto repair shop,Kent County,county,DE,2026-07-23T02:02:36,0x89c770ed8081c21b:0x65400f310410934f
Ebright Auto Repair,(302) 389-6228,,,"1956 S Dupont Blvd, Smyrna, DE 19977, United States",1956 S Dupont Blvd,Smyrna,DE,19977,4.7,100,Auto repair shop,,,https://www.google.com/maps/place/Ebright+Auto+Repair/data=!4m7!3m6!1s0x89c7711fd4cb72ed:0x7eae20585eb3e884!8m2!3d39.2762213!4d-75.5926916!16s%2Fg%2F11b5zyyqf1!19sChIJ7XLL1B9xx4kRhOizXlggrn4?authuser=0&hl=en&rclk=1,auto repair shop,Kent County,county,DE,2026-07-23T02:02:36,0x89c7711fd4cb72ed:0x7eae20585eb3e884
Fisher Auto Parts,(302) 653-9241,http://www.fisherautoparts.com/,,"5736 Dupont Pkwy, Smyrna, DE 19977, United States",5736 Dupont Pkwy,Smyrna,DE,19977,4.9,10,Auto parts store,,,https://www.google.com/maps/place/Fisher+Auto+Parts/data=!4m7!3m6!1s0x89c7714ed2d6d65d:0x23b95f964213f825!8m2!3d39.3139785!4d-75.6130115!16s%2Fg%2F11clvtg3fd!19sChIJXdbW0k5xx4kRJfgTQpZfuSM?authuser=0&hl=en&rclk=1,auto repair shop,Smyrna,city,DE,2026-07-23T02:54:40,0x89c7714ed2d6d65d:0x23b95f964213f825
Gomes Fleet Services,(267) 726-1712,https://gomessfleetservices.com/,,"133 Lincoln St, Smyrna, DE 19977, United States",133 Lincoln St,Smyrna,DE,19977,5.0,1,Truck repair shop,,,https://www.google.com/maps/place/Gomes+Fleet+Services/data=!4m7!3m6!1s0x89c7718775aa7aa5:0xb13b8f933a19b224!8m2!3d39.3034392!4d-75.607814!16s%2Fg%2F11mrtt2bx_!19sChIJpXqqdYdxx4kRJLIZOpOPO7E?authuser=0&hl=en&rclk=1,auto repair shop,Smyrna,city,DE,2026-07-23T02:54:40,0x89c7718775aa7aa5:0xb13b8f933a19b224
H & H Truck & Trailer Repair,(302) 653-1446,https://www.findtruckservice.com/page/h-h-truck-trailer-repair-llc-smyrna-de-434375,,"738 Paddock Rd, Smyrna, DE 19977, United States",738 Paddock Rd,Smyrna,DE,19977,4.8,25,Truck repair shop,,,https://www.google.com/maps/place/H+%26+H+Truck+%26+Trailer+Repair/data=!4m7!3m6!1s0x89c776efeb13a59b:0xb38cb8f4cd90a57f!8m2!3d39.352924!4d-75.5942293!16s%2Fg%2F1tfn3q1z!19sChIJm6UT6-92x4kRf6WQzfS4jLM?authuser=0&hl=en&rclk=1,auto repair shop,Smyrna,city,DE,2026-07-23T02:54:40,0x89c776efeb13a59b:0xb38cb8f4cd90a57f
Jcm Auto Repair LLC,(302) 223-6913,,,"Pier Head Blvd, Smyrna, DE 19977, United States",Pier Head Blvd,Smyrna,DE,19977,5.0,3,Auto repair shop,,,https://www.google.com/maps/place/Jcm+Auto+Repair+LLC/data=!4m7!3m6!1s0x89c77180d6dc43b3:0x728d98c14ee83626!8m2!3d39.2675982!4d-75.5866006!16s%2Fg%2F11j8zh45lj!19sChIJs0Pc1oBxx4kRJjboTsGYjXI?authuser=0&hl=en&rclk=1,auto repair shop,Smyrna,city,DE,2026-07-23T02:54:40,0x89c77180d6dc43b3:0x728d98c14ee83626
Lebron Auto Towing & Roadside,(302) 504-6054,http://lebronautotowingroadside.com/,,"15 N Main St, Smyrna, DE 19977, United States",15 N Main St,Smyrna,DE,19977,2.9,9,Towing service,,,https://www.google.com/maps/place/Lebron+Auto+Towing+%26+Roadside/data=!4m7!3m6!1s0x89c7715067da2665:0xd59d80ea54adf27a!8m2!3d39.3009779!4d-75.6069986!16s%2Fg%2F11srv93d1_!19sChIJZSbaZ1Bxx4kRevKtVOqAndU?authuser=0&hl=en&rclk=1,auto repair shop,Smyrna,city,DE,2026-07-23T02:54:40,0x89c7715067da2665:0xd59d80ea54adf27a
Lube Depot and Repair,(302) 659-3329,,,"205 W Glenwood Ave, Smyrna, DE 19977, United States",205 W Glenwood Ave,Smyrna,DE,19977,4.4,446,Auto repair shop,,,https://www.google.com/maps/place/Lube+Depot+and+Repair/data=!4m7!3m6!1s0x89c77131bb25179b:0x1f2f408f86df586a!8m2!3d39.3008529!4d-75.6130346!16s%2Fg%2F1tk1z_vm!19sChIJmxcluzFxx4kRaljfho9ALx8?authuser=0&hl=en&rclk=1,auto repair shop,Smyrna,city,DE,2026-07-23T02:54:40,0x89c77131bb25179b:0x1f2f408f86df586a
Macs Auto,(302) 223-6771,,,"235 1st Ave, Smyrna, DE 19977, United States",235 1st Ave,Smyrna,DE,19977,4.6,181,Auto repair shop,,,https://www.google.com/maps/place/Macs+Auto/data=!4m7!3m6!1s0x89c77138fa35d3d5:0x948bcf80a7d5d4e5!8m2!3d39.3062611!4d-75.6058129!16s%2Fg%2F11b6hmc5hc!19sChIJ1dM1-jhxx4kR5dTVp4DPi5Q?authuser=0&hl=en&rclk=1,auto repair shop,Kent County,county,DE,2026-07-23T02:02:36,0x89c77138fa35d3d5:0x948bcf80a7d5d4e5
Mikes Truck Tire & Auto,(302) 659-0529,,,"5786 Dupont Pkwy, Smyrna, DE 19977, United States",5786 Dupont Pkwy,Smyrna,DE,19977,4.5,248,Tire shop,,,https://www.google.com/maps/place/Mikes+Truck+Tire+%26+Auto/data=!4m7!3m6!1s0x89c77148f41d974b:0xe570d373b45fea9c!8m2!3d39.311668!4d-75.611182!16s%2Fg%2F1tj4cftz!19sChIJS5cd9Ehxx4kRnOpftHPTcOU?authuser=0&hl=en&rclk=1,auto repair shop,Smyrna,city,DE,2026-07-23T02:54:40,0x89c77148f41d974b:0xe570d373b45fea9c
Mopar Service at i.g. Burton Chrysler Dodge Jeep Ram of Smyrna,(302) 389-3173,https://www.igburtonsmyrnacdjr.com/schedule-service.htm,,"19 S Dupont Blvd, Smyrna, DE 19977, United States",19 S Dupont Blvd,Smyrna,DE,19977,4.8,60,Auto repair shop,,,https://www.google.com/maps/place/Mopar+Service+at+i.g.+Burton+Chrysler+Dodge+Jeep+Ram+of+Smyrna/data=!4m7!3m6!1s0x89c771d85675b83b:0xb66306ac75362f75!8m2!3d39.3018088!4d-75.6035771!16s%2Fg%2F11vf7lq23l!19sChIJO7h1Vthxx4kRdS82dawGY7Y?authuser=0&hl=en&rclk=1,auto repair shop,Smyrna,city,DE,2026-07-23T02:54:40,0x89c771d85675b83b:0xb66306ac75362f75
Mr. Tire Auto Service Centers,(302) 653-4656,https://locations.mrtire.com/de/smyrna/270-stadium-street?&utm_source=google&utm_medium=organic&utm_campaign=gbp-listing-store_1214,,"270 Stadium St, Smyrna, DE 19977, United States",270 Stadium St,Smyrna,DE,19977,4.4,706,Tire shop,,,https://www.google.com/maps/place/Mr.+Tire+Auto+Service+Centers/data=!4m7!3m6!1s0x89c770e4f4a588eb:0x6de6896e237ffb6c!8m2!3d39.2791526!4d-75.5885872!16s%2Fg%2F12634lwbb!19sChIJ64il9ORwx4kRbPt_I26J5m0?authuser=0&hl=en&rclk=1,auto repair shop,Smyrna,city,DE,2026-07-23T02:54:40,0x89c770e4f4a588eb:0x6de6896e237ffb6c
Murray's Car Care,(302) 382-6957,,,"57 Pier Head Blvd Ste 3, Smyrna, DE 19977, United States",57 Pier Head Blvd Ste 3,Smyrna,DE,19977,5.0,11,Car repair and maintenance service,,,https://www.google.com/maps/place/Murray%27s+Car+Care/data=!4m7!3m6!1s0x89c771f34e5d371b:0xbd706a5754c7d9e9!8m2!3d39.2689145!4d-75.5871965!16s%2Fg%2F11kbqyjxp5!19sChIJGzddTvNxx4kR6dnHVFdqcL0?authuser=0&hl=en&rclk=1,auto repair shop,Smyrna,city,DE,2026-07-23T02:54:40,0x89c771f34e5d371b:0xbd706a5754c7d9e9
Outright Auto of Smyrna,(302) 378-3400,https://outrightauto.com/,,"227 N Dupont Blvd, Smyrna, DE 19977, United States",227 N Dupont Blvd,Smyrna,DE,19977,4.3,24,Used car dealer,,,https://www.google.com/maps/place/Outright+Auto+of+Smyrna/data=!4m7!3m6!1s0x89c771eab904b127:0xe7bf67c1c7879ab5!8m2!3d39.3053304!4d-75.6067826!16s%2Fg%2F11vhhm4mgh!19sChIJJ7EEuepxx4kRtZqHx8Fnv-c?authuser=0&hl=en&rclk=1,auto repair shop,Smyrna,city,DE,2026-07-23T02:54:40,0x89c771eab904b127:0xe7bf67c1c7879ab5
Performance Evolution,(302) 449-3200,http://www.performance-evolution.com/,,"93 Artisan Dr, Smyrna, DE 19977, United States",93 Artisan Dr,Smyrna,DE,19977,4.9,90,Auto repair shop,,,https://www.google.com/maps/place/Performance+Evolution/data=!4m7!3m6!1s0x89c7772e7c2adef3:0x41efb4ea5099975b!8m2!3d39.2828221!4d-75.6269793!16s%2Fg%2F113dz5mp2!19sChIJ894qfC53x4kRW5eZUOq070E?authuser=0&hl=en&rclk=1,auto repair shop,Smyrna,city,DE,2026-07-15T07:56:22,0x89c7772e7c2adef3:0x41efb4ea5099975b
Pristine Motorsports,(302) 653-1244,https://pristine-motorsports.com/,,"1950 S Dupont Blvd, Smyrna, DE 19977, United States",1950 S Dupont Blvd,Smyrna,DE,19977,4.8,437,Auto repair shop,,,https://www.google.com/maps/place/Pristine+Motorsports/data=!4m7!3m6!1s0x89c7711e2a8a933d:0xb8b219f54d4cfa74!8m2!3d39.2765158!4d-75.5920275!16s%2Fg%2F12lsp9fcj!19sChIJPZOKKh5xx4kRdPpMTfUZsrg?authuser=0&hl=en&rclk=1,auto repair shop,Smyrna,city,DE,2026-07-23T02:54:40,0x89c7711e2a8a933d:0xb8b219f54d4cfa74
Pristine Off-Lease,(302) 659-1331,https://www.pristine-motorsports.com/,,"1950 S Dupont Blvd, Smyrna, DE 19977, United States",1950 S Dupont Blvd,Smyrna,DE,19977,4.5,15,Used car dealer,,,https://www.google.com/maps/place/Pristine+Off-Lease/data=!4m7!3m6!1s0x89c771da60447155:0xcdfcb482ad0d6558!8m2!3d39.276497!4d-75.5920568!16s%2Fg%2F11h6xw8c0m!19sChIJVXFEYNpxx4kRWGUNrYK0_M0?authuser=0&hl=en&rclk=1,auto repair shop,Smyrna,city,DE,2026-07-23T02:54:40,0x89c771da60447155:0xcdfcb482ad0d6558
Quick Lane at Willis Ford,(302) 653-5900,https://www.quicklane.com/coupons-offers-search-results.html?zipcode=19977,,"15 N Dupont Blvd, Smyrna, DE 19977, United States",15 N Dupont Blvd,Smyrna,DE,19977,4.7,20,Oil change service,,,https://www.google.com/maps/place/Quick+Lane+at+Willis+Ford/data=!4m7!3m6!1s0x89c7713bf8d17215:0x6182677f4db3886!8m2!3d39.3024746!4d-75.6045845!16s%2Fg%2F11b5wphn80!19sChIJFXLR-Dtxx4kRhjjb9HcmGAY?authuser=0&hl=en&rclk=1,auto repair shop,Smyrna,city,DE,2026-07-23T02:54:40,0x89c7713bf8d17215:0x6182677f4db3886
RMRauto,(484) 999-7744,,,"341 Rd 64, Smyrna, DE 19977, United States",341 Rd 64,Smyrna,DE,19977,5.0,27,Auto repair shop,,,https://www.google.com/maps/place/RMRauto/data=!4m7!3m6!1s0x89c6e99f10f4b6c7:0x41c604c5185b41ed!8m2!3d39.310037!4d-75.589903!16s%2Fg%2F11h4zr486q!19sChIJx7b0EJ_pxokR7UFbGMUExkE?authuser=0&hl=en&rclk=1,auto repair shop,Kent County,county,DE,2026-07-23T02:02:36,0x89c6e99f10f4b6c7:0x41c604c5185b41ed
SJ Automotive Repair & Tire Service,(302) 719-1505,,,"Clayton Ave, Smyrna, DE 19977, United States",Clayton Ave,Smyrna,DE,19977,,,Auto repair shop,,,https://www.google.com/maps/place/SJ+Automotive+Repair+%26+Tire+Service/data=!4m7!3m6!1s0x89c771e11311d93b:0x72b8e8e9a43b7f3d!8m2!3d39.2941649!4d-75.6192565!16s%2Fg%2F11n4snxjyj!19sChIJO9kRE-Fxx4kRPX87pOnouHI?authuser=0&hl=en&rclk=1,auto repair shop,Smyrna,city,DE,2026-07-23T02:54:40,0x89c771e11311d93b:0x72b8e8e9a43b7f3d
Smith Iron Fleet Service,(410) 200-3349,,,"Lydia Dr, Smyrna, DE 19977, United States",Lydia Dr,Smyrna,DE,19977,5.0,3,Mechanic,,,https://www.google.com/maps/place/Smith+Iron+Fleet+Service/data=!4m7!3m6!1s0x89c7711dd30b04df:0xb544ab88b559bac9!8m2!3d39.2865033!4d-75.6032981!16s%2Fg%2F11rn03244k!19sChIJ3wQL0x1xx4kRybpZtYirRLU?authuser=0&hl=en&rclk=1,auto repair shop,Smyrna,city,DE,2026-07-23T02:54:40,0x89c7711dd30b04df:0xb544ab88b559bac9
Smith Tinting LLC,(877) 866-8468,http://smithtintingllc.com/,,"1112 Smyrna Landing Rd, Smyrna, DE 19977, United States",1112 Smyrna Landing Rd,Smyrna,DE,19977,5.0,538,Window tinting service,,,https://www.google.com/maps/place/Smith+Tinting+LLC/data=!4m7!3m6!1s0x89c77168759b08a1:0xbcf248f762bd401e!8m2!3d39.3171151!4d-75.5956425!16s%2Fg%2F11p0vxn0r6!19sChIJoQibdWhxx4kRHkC9YvdI8rw?authuser=0&hl=en&rclk=1,auto repair shop,Smyrna,city,DE,2026-07-23T02:54:40,0x89c77168759b08a1:0xbcf248f762bd401e
Solloway's Sales and Service,(302) 653-1200,,,"103 S Dupont Blvd #3, Smyrna, DE 19977, United States",103 S Dupont Blvd #3,Smyrna,DE,19977,4.8,37,Auto repair shop,,,https://www.google.com/maps/place/Solloway%27s+Sales+and+Service/data=!4m7!3m6!1s0x89c7713c7165682f:0x80c754a829b7a910!8m2!3d39.3009456!4d-75.6030314!16s%2Fg%2F1tfv_344!19sChIJL2hlcTxxx4kREKm3KahUx4A?authuser=0&hl=en&rclk=1,auto repair shop,Smyrna,city,DE,2026-07-23T02:54:40,0x89c7713c7165682f:0x80c754a829b7a910
Still's Body Shop,(302) 653-8060,,,"5778 Dupont Pkwy, Smyrna, DE 19977, United States",5778 Dupont Pkwy,Smyrna,DE,19977,3.5,2,Auto body shop,,,https://www.google.com/maps/place/Still%27s+Body+Shop/data=!4m7!3m6!1s0x89c77148f0436a47:0xec55bd95092f4228!8m2!3d39.311994!4d-75.611243!16s%2Fg%2F1thd7n2r!19sChIJR2pD8Ehxx4kRKEIvCZW9Vew?authuser=0&hl=en&rclk=1,auto repair shop,Smyrna,city,DE,2026-07-23T02:54:40,0x89c77148f0436a47:0xec55bd95092f4228
TrueStreet Automotive & Performance,(302) 653-4440,,,"899 S Dupont Blvd, Smyrna, DE 19977, United States",899 S Dupont Blvd,Smyrna,DE,19977,4.6,70,Auto repair shop,,,https://www.google.com/maps/place/TrueStreet+Automotive+%26+Performance/data=!4m7!3m6!1s0x89c7711f39c08cd1:0xdc5fa1f7af245af5!8m2!3d39.2910933!4d-75.5962481!16s%2Fg%2F11c50j4961!19sChIJ0YzAOR9xx4kR9Vokr_ehX9w?authuser=0&hl=en&rclk=1,auto repair shop,Kent County,county,DE,2026-07-23T02:02:36,0x89c7711f39c08cd1:0xdc5fa1f7af245af5
V.A truck and trailer repair llc,(302) 242-4343,,,"111 Brick Store Landing Rd, Smyrna, DE 19977, United States",111 Brick Store Landing Rd,Smyrna,DE,19977,4.4,7,Diesel engine repair service,,,https://www.google.com/maps/place/V.A+truck+and+trailer+repair+llc/data=!4m7!3m6!1s0x89c771b20f73f765:0xd2eb1550785d58e8!8m2!3d39.318757!4d-75.611028!16s%2Fg%2F11j48lkt4h!19sChIJZfdzD7Jxx4kR6FhdeFAV69I?authuser=0&hl=en&rclk=1,auto repair shop,Smyrna,city,DE,2026-07-23T02:54:40,0x89c771b20f73f765:0xd2eb1550785d58e8
Willis Chevrolet,(302) 653-6000,http://willisgm.com/,,"2707 S Dupont Blvd, Smyrna, DE 19977, United States",2707 S Dupont Blvd,Smyrna,DE,19977,4.6,697,Chevrolet dealer,,,https://www.google.com/maps/place/Willis+Chevrolet/data=!4m7!3m6!1s0x89c771395e1c010d:0x70cf98227f963dcc!8m2!3d39.266641!4d-75.585252!16s%2Fg%2F1pt_0lyk0!19sChIJDQEcXjlxx4kRzD2WfyKYz3A?authuser=0&hl=en&rclk=1,auto repair shop,Smyrna,city,DE,2026-07-23T02:54:40,0x89c771395e1c010d:0x70cf98227f963dcc
i.g. Burton Chrysler Dodge Jeep Ram of Smyrna,(302) 653-8521,https://www.igburtonsmyrnacdjr.com/?utm_source=google&utm_medium=organic&utm_campaign=gbp_sales,,"19 S Dupont Blvd, Smyrna, DE 19977, United States",19 S Dupont Blvd,Smyrna,DE,19977,4.6,1253,Jeep dealer,,,https://www.google.com/maps/place/i.g.+Burton+Chrysler+Dodge+Jeep+Ram+of+Smyrna/data=!4m7!3m6!1s0x89c7713b8e61c267:0x8f395f6b0dd5cd4f!8m2!3d39.3017633!4d-75.6035316!16s%2Fg%2F1tfsjcd4!19sChIJZ8Jhjjtxx4kRT83VDWtfOY8?authuser=0&hl=en&rclk=1,auto repair shop,Smyrna,city,DE,2026-07-23T02:54:40,0x89c7713b8e61c267:0x8f395f6b0dd5cd4f
wise moble auto repair,(302) 384-3398,,,"302 Arctic Ln, Smyrna, DE 19977, United States",302 Arctic Ln,Smyrna,DE,19977,5.0,1,Auto repair shop,,,https://www.google.com/maps/place/wise+moble+auto+repair/data=!4m7!3m6!1s0x89c771fbba26425b:0xf2f6e2b8d18a0408!8m2!3d39.2981459!4d-75.6197063!16s%2Fg%2F11rht0b7cz!19sChIJW0Imuvtxx4kRCASK0bji9vI?authuser=0&hl=en&rclk=1,auto repair shop,Smyrna,city,DE,2026-07-23T02:54:40,0x89c771fbba26425b:0xf2f6e2b8d18a0408
ACHLAN AUTO,(302) 522-8355,,,"4035 Dupont Pkwy, Townsend, DE 19734, United States",4035 Dupont Pkwy,Townsend,DE,19734,4.9,50,Tire shop,,,https://www.google.com/maps/place/ACHLAN+AUTO/data=!4m7!3m6!1s0x89c775c29af88e2b:0xe5111dd7542a46c1!8m2!3d39.3935078!4d-75.6635837!16s%2Fg%2F11rmtsbwrj!19sChIJK474msJ1x4kRwUYqVNcdEeU?authuser=0&hl=en&rclk=1,auto repair shop,Middletown,city,DE,2026-07-23T02:51:16,0x89c775c29af88e2b:0xe5111dd7542a46c1
Auto-Tech,(302) 376-7773,https://www.autotechtownsend.com/,,"3268 Dupont Pkwy, Townsend, DE 19734, United States",3268 Dupont Pkwy,Townsend,DE,19734,4.3,26,Auto repair shop,,,https://www.google.com/maps/place/Auto-Tech/data=!4m7!3m6!1s0x89c70b194c614593:0x73aaf2361666b569!8m2!3d39.4413519!4d-75.6613339!16s%2Fg%2F1yg6nr5k_!19sChIJk0VhTBkLx4kRabVmFjbyqnM?authuser=0&hl=en&rclk=1,auto repair shop,Middletown,city,DE,2026-07-23T02:51:16,0x89c70b194c614593:0x73aaf2361666b569
Fred Drake Automotive,(302) 378-4877,https://www.freddrakeauto.com/,,"4195 Dupont Pkwy, Townsend, DE 19734, United States",4195 Dupont Pkwy,Townsend,DE,19734,4.7,791,Auto repair shop,,,https://www.google.com/maps/place/Fred+Drake+Automotive/data=!4m7!3m6!1s0x89c774fd0b257def:0xeccfec0ee9519029!8m2!3d39.384286!4d-75.66528!16s%2Fg%2F1tdkn5l1!19sChIJ730lC_10x4kRKZBR6Q7sz-w?authuser=0&hl=en&rclk=1,auto repair shop,Kent County,county,DE,2026-07-15T07:08:55,0x89c774fd0b257def:0xeccfec0ee9519029
Gears Garage,(302) 653-3684,https://www.gearsgarageautomotive.com/,,"3171 Dupont Pkwy Suite A, Townsend, DE 19734, United States",3171 Dupont Pkwy Suite A,Townsend,DE,19734,5.0,109,Auto repair shop,,,https://www.google.com/maps/place/Gears+Garage/data=!4m7!3m6!1s0x89c773db564205bd:0x4738f81a95c4f1ea!8m2!3d39.4468653!4d-75.6653108!16s%2Fg%2F11ng95n9s3!19sChIJvQVCVttzx4kR6vHElRr4OEc?authuser=0&hl=en&rclk=1,auto repair shop,Middletown,city,DE,2026-07-23T02:51:16,0x89c773db564205bd:0x4738f81a95c4f1ea
Jamie's Auto Repair - SOUTH,(302) 378-7933,https://www.jamiesautodelaware.com/,,"98 Main St, Townsend, DE 19734, United States",98 Main St,Townsend,DE,19734,4.9,269,Auto repair shop,,,https://www.google.com/maps/place/Jamie%27s+Auto+Repair+-+SOUTH/data=!4m7!3m6!1s0x89c7751679c6838d:0x67f77c64ca72ba93!8m2!3d39.397464!4d-75.684567!16s%2Fg%2F1pzxfvzwz!19sChIJjYPGeRZ1x4kRk7pyymR892c?authuser=0&hl=en&rclk=1,auto repair shop,Kent County,county,DE,2026-07-23T02:02:36,0x89c7751679c6838d:0x67f77c64ca72ba93
Sam’s Mobile Auto Repair,(267) 436-1883,https://precisonautoworkss.wixsite.com/s-mobile-auto-repair,,"565 Walnut St, Townsend, DE 19734, United States",565 Walnut St,Townsend,DE,19734,5.0,1,Auto repair shop,,,https://www.google.com/maps/place/Sam%E2%80%99s+Mobile+Auto+Repair/data=!4m7!3m6!1s0x89c775c6faa573e9:0xd0c2a48f0cd6974f!8m2!3d39.3961046!4d-75.6943843!16s%2Fg%2F11yztk2jcv!19sChIJ6XOl-sZ1x4kRT5fWDI-kwtA?authuser=0&hl=en&rclk=1,auto repair shop,Middletown,city,DE,2026-07-23T02:51:16,0x89c775c6faa573e9:0xd0c2a48f0cd6974f
302 Tires & Auto repair,(302) 384-7459,,,"1701 Newport Gap Pike, Wilmington, DE 19808, United States",1701 Newport Gap Pike,Wilmington,DE,19808,4.7,66,Auto repair shop,,,https://www.google.com/maps/place/302+Tires+%26+Auto+repair/data=!4m7!3m6!1s0x89c701f3d28c5fb9:0xe3e583605d0593e3!8m2!3d39.7324568!4d-75.6264359!16s%2Fg%2F11j1389bkz!19sChIJuV-M0vMBx4kR45MFXWCD5eM?authuser=0&hl=en&rclk=1,auto repair shop,New Castle County,county,DE,2026-07-23T02:12:24,0x89c701f3d28c5fb9:0xe3e583605d0593e3
A&C Auto mecanico,(856) 842-6247,,,"1 S Claymont St, Wilmington, DE 19801, United States",1 S Claymont St,Wilmington,DE,19801,4.7,16,Auto body shop,,,https://www.google.com/maps/place/A%26C+Auto+mecanico/data=!4m7!3m6!1s0x89c6fd5a6be7adef:0x6e58ec43a5f2b156!8m2!3d39.7319103!4d-75.5404627!16s%2Fg%2F1tfk0thb!19sChIJ763na1r9xokRVrHypUPsWG4?authuser=0&hl=en&rclk=1,auto repair shop,Wilmington,city,DE,2026-07-23T02:29:43,0x89c6fd5a6be7adef:0x6e58ec43a5f2b156
B&M Auto Repair LLC.,(707) 580-9145,,,"2800 Governor Printz Blvd, Wilmington, DE 19802, United States",2800 Governor Printz Blvd,Wilmington,DE,19802,5.0,5,Auto repair shop,,,https://www.google.com/maps/place/B%26M+Auto+Repair+LLC./data=!4m7!3m6!1s0x89c6e352e9551e5b:0x9b7b2373ee34d883!8m2!3d39.7504965!4d-75.5264758!16s%2Fg%2F11l_5mvk0f!19sChIJWx5V6VLjxokRg9g07nMje5s?authuser=0&hl=en&rclk=1,auto repair shop,Wilmington,city,DE,2026-07-23T02:29:43,0x89c6e352e9551e5b:0x9b7b2373ee34d883
Bauls Auto Center,(302) 777-3200,,,"1600 Northeast Blvd, Wilmington, DE 19802, United States",1600 Northeast Blvd,Wilmington,DE,19802,4.0,149,Auto repair shop,,,https://www.google.com/maps/place/Bauls+Auto+Center/data=!4m7!3m6!1s0x89c6fd374cb76839:0x7460e038c08bd9e7!8m2!3d39.7453411!4d-75.5322783!16s%2Fg%2F12631dymq!19sChIJOWi3TDf9xokR59mLwDjgYHQ?authuser=0&hl=en&rclk=1,auto repair shop,Wilmington,city,DE,2026-07-23T02:29:43,0x89c6fd374cb76839:0x7460e038c08bd9e7
Bear Alignment Center,(302) 655-9219,https://www.bearalignmentde.com/,,"1317 N Scott St, Wilmington, DE 19806, United States",1317 N Scott St,Wilmington,DE,19806,4.6,73,Auto repair shop,,,https://www.google.com/maps/place/Bear+Alignment+Center/data=!4m7!3m6!1s0x89c6fd0fadd8a0f1:0xe320e294bad694b7!8m2!3d39.7567699!4d-75.5650449!16s%2Fg%2F1tq6ff_c!19sChIJ8aDYrQ_9xokRt5TWupTiIOM?authuser=0&hl=en&rclk=1,auto repair shop,Wilmington,city,DE,2026-07-23T02:29:43,0x89c6fd0fadd8a0f1:0xe320e294bad694b7
Bowers Street Garage,(302) 268-5255,,,"1221 Bowers St Bldg. A, Units 2 & 3, Wilmington, DE 19802, United States","1221 Bowers St Bldg. A, Units 2 & 3",Wilmington,DE,19802,5.0,1,Auto repair shop,,,https://www.google.com/maps/place/Bowers+Street+Garage/data=!4m7!3m6!1s0x89c6fd73a39b6263:0x6bb54932add5dbc8!8m2!3d39.7418468!4d-75.5319264!16s%2Fg%2F11yjmpjqcy!19sChIJY2Kbo3P9xokRyNvVrTJJtWs?authuser=0&hl=en&rclk=1,auto repair shop,Wilmington,city,DE,2026-07-23T02:29:43,0x89c6fd73a39b6263:0x6bb54932add5dbc8
Bradley's Auto Center,(302) 762-2247,,,"5 E 41st St, Wilmington, DE 19802, United States",5 E 41st St,Wilmington,DE,19802,4.7,47,Auto repair shop,,,https://www.google.com/maps/place/Bradley%27s+Auto+Center/data=!4m7!3m6!1s0x89c6e2d428d03081:0xf619906df25d0808!8m2!3d39.7602569!4d-75.521453!16s%2Fg%2F1tdcy14k!19sChIJgTDQKNTixokRCAhd8m2QGfY?authuser=0&hl=en&rclk=1,auto repair shop,Wilmington,city,DE,2026-07-23T02:29:43,0x89c6e2d428d03081:0xf619906df25d0808
Brian & Jim's Automotive Services,(302) 571-9277,,,"2203 W 7th St, Wilmington, DE 19805, United States",2203 W 7th St,Wilmington,DE,19805,4.6,66,Brake shop,,,https://www.google.com/maps/place/Brian+%26+Jim%27s+Automotive+Services/data=!4m7!3m6!1s0x89c6fd0a7e30de6d:0x48e41c0c999e74eb!8m2!3d39.752737!4d-75.574025!16s%2Fg%2F1vbl8k2v!19sChIJbd4wfgr9xokR63SemQwc5Eg?authuser=0&hl=en&rclk=1,auto repair shop,Wilmington,city,DE,2026-07-23T02:29:43,0x89c6fd0a7e30de6d:0x48e41c0c999e74eb
Buckley's Auto Care,(302) 707-5484,https://www.buckleysautocare.com/location/wilmington-de/,,"1604 E Newport Pike, Wilmington, DE 19804, United States",1604 E Newport Pike,Wilmington,DE,19804,4.6,357,Auto repair shop,,,https://www.google.com/maps/place/Buckley%27s+Auto+Care/data=!4m7!3m6!1s0x89c702167db4e549:0x3cfc8c51eafc2bfb!8m2!3d39.7156957!4d-75.6038317!16s%2Fg%2F1tj2pf8f!19sChIJSeW0fRYCx4kR-yv86lGM_Dw?authuser=0&hl=en&rclk=1,auto repair shop,New Castle County,county,DE,2026-07-23T02:12:24,0x89c702167db4e549:0x3cfc8c51eafc2bfb
Car Clinic,(302) 421-9100,,,"59 Germay Dr, Wilmington, DE 19804, United States",59 Germay Dr,Wilmington,DE,19804,5.0,47,Auto electrical service,,,https://www.google.com/maps/place/Car+Clinic/data=!4m7!3m6!1s0x89c7027ddb5231cb:0x8cfdfe5c5ace02a0!8m2!3d39.7245704!4d-75.5761057!16s%2Fg%2F1tx47_tz!19sChIJyzFS230Cx4kRoALOWlz-_Yw?authuser=0&hl=en&rclk=1,auto repair shop,Wilmington,city,DE,2026-07-15T07:32:03,0x89c7027ddb5231cb:0x8cfdfe5c5ace02a0
Centre Service,(302) 654-9155,,,"600 Kirkwood Hwy, Wilmington, DE 19805, United States",600 Kirkwood Hwy,Wilmington,DE,19805,5.0,49,Auto repair shop,,,https://www.google.com/maps/place/Centre+Service/data=!4m7!3m6!1s0x89c6fdfa99ba8b21:0xf7f38edebc32fe23!8m2!3d39.738439!4d-75.5926869!16s%2Fg%2F11qsm9zw5f!19sChIJIYu6mfr9xokRI_4yvN6O8_c?authuser=0&hl=en&rclk=1,auto repair shop,Wilmington,city,DE,2026-07-23T02:29:43,0x89c6fdfa99ba8b21:0xf7f38edebc32fe23
Chris’s Auto Repair LLC,(302) 565-8342,,,"1600 E Newport Pike, Wilmington, DE 19804, United States",1600 E Newport Pike,Wilmington,DE,19804,4.1,9,Auto repair shop,,,https://www.google.com/maps/place/Chris%E2%80%99s+Auto+Repair+LLC/data=!4m7!3m6!1s0x89c7037247fdb90b:0x19e6d06c5617f716!8m2!3d39.7160751!4d-75.6032133!16s%2Fg%2F11ldwhyd1y!19sChIJC7n9R3IDx4kRFvcXVmzQ5hk?authuser=0&hl=en&rclk=1,auto repair shop,Wilmington,city,DE,2026-07-15T07:32:03,0x89c7037247fdb90b:0x19e6d06c5617f716
Cruz Tire Service,(302) 543-4024,,,"218 N Scott St, Wilmington, DE 19805, United States",218 N Scott St,Wilmington,DE,19805,4.8,193,Tire shop,,,https://www.google.com/maps/place/Cruz+Tire+Service/data=!4m7!3m6!1s0x89c6fd74fc180c01:0x77fc1c93e9e3b0e7!8m2!3d39.7473501!4d-75.5711869!16s%2Fg%2F1tfjrn_d!19sChIJAQwY_HT9xokR57Dj6ZMc_Hc?authuser=0&hl=en&rclk=1,auto repair shop,Wilmington,city,DE,2026-07-23T02:29:43,0x89c6fd74fc180c01:0x77fc1c93e9e3b0e7
Culver's Tires & Auto,(302) 407-3960,http://culverstiresandauto.net/,,"1221 Bowers St Units 1 & 5, Wilmington, DE 19802, United States",1221 Bowers St Units 1 & 5,Wilmington,DE,19802,4.6,125,Auto repair shop,,,https://www.google.com/maps/place/Culver%27s+Tires+%26+Auto/data=!4m7!3m6!1s0x89c6fd4bb634659f:0x829f5c796ccd6c23!8m2!3d39.7417017!4d-75.5319977!16s%2Fg%2F11hbg8h85p!19sChIJn2U0tkv9xokRI2zNbHlcn4I?authuser=0&hl=en&rclk=1,auto repair shop,Wilmington,city,DE,2026-07-23T02:29:43,0x89c6fd4bb634659f:0x829f5c796ccd6c23
D & J's Auto Service,(302) 262-8257,https://wilmingtonautorepairservice.com/,,"3408 Old Capitol Trl, Wilmington, DE 19808, United States",3408 Old Capitol Trl,Wilmington,DE,19808,4.7,76,Auto repair shop,,,https://www.google.com/maps/place/D+%26+J%27s+Auto+Service/data=!4m7!3m6!1s0x89c70195f0895273:0xc42e1517ee562da4!8m2!3d39.7311668!4d-75.6264222!16s%2Fg%2F1wnf1_ry!19sChIJc1KJ8JUBx4kRpC1W7hcVLsQ?authuser=0&hl=en&rclk=1,auto repair shop,Kent County,county,DE,2026-07-23T02:02:36,0x89c70195f0895273:0xc42e1517ee562da4
D & S Auto Body,(302) 764-5677,https://www.facebook.com/people/D-S-Auto-Body/100092176088062/,,"3900 Governor Printz Blvd, Wilmington, DE 19802, United States",3900 Governor Printz Blvd,Wilmington,DE,19802,4.7,203,Auto body shop,,,https://www.google.com/maps/place/D+%26+S+Auto+Body/data=!4m7!3m6!1s0x89c6e2d02aafc5e9:0x159aacccd8842d8!8m2!3d39.7533645!4d-75.5192794!16s%2Fg%2F1tfs20k0!19sChIJ6cWvKtDixokR2EKIzcyqWQE?authuser=0&hl=en&rclk=1,auto repair shop,Wilmington,city,DE,2026-07-23T02:29:43,0x89c6e2d02aafc5e9:0x159aacccd8842d8
Dave's Auto,(302) 544-6681,,,"2003 Newport Gap Pike, Wilmington, DE 19808, United States",2003 Newport Gap Pike,Wilmington,DE,19808,4.8,18,Auto repair shop,,,https://www.google.com/maps/place/Dave%27s+Auto/data=!4m7!3m6!1s0x89c7013eccb7b5c1:0x1a6942ed68ead0ea!8m2!3d39.7355712!4d-75.6296614!16s%2Fg%2F11y8j1lw57!19sChIJwbW3zD4Bx4kR6tDqaO1CaRo?authuser=0&hl=en&rclk=1,auto repair shop,New Castle County,county,DE,2026-07-23T02:12:24,0x89c7013eccb7b5c1:0x1a6942ed68ead0ea
Dave's Auto Repair,(302) 798-4013,http://www.autorepairclaymont.com/,,"715 Foulk Rd, Wilmington, DE 19803, United States",715 Foulk Rd,Wilmington,DE,19803,4.4,58,Auto repair shop,,,https://www.google.com/maps/place/Dave%27s+Auto+Repair/data=!4m7!3m6!1s0x89c6e47458b95255:0x415369d39dff4581!8m2!3d39.7884261!4d-75.5343799!16s%2Fg%2F1tjypp9p!19sChIJVVK5WHTkxokRgUX_ndNpU0E?authuser=0&hl=en&rclk=1,auto repair shop,Wilmington,city,DE,2026-07-23T02:29:43,0x89c6e47458b95255:0x415369d39dff4581
Dun Rite Auto Clinic,(302) 998-8922,,,"110 W Ayre St, Wilmington, DE 19804, United States",110 W Ayre St,Wilmington,DE,19804,5.0,37,Auto repair shop,,,https://www.google.com/maps/place/Dun+Rite+Auto+Clinic/data=!4m7!3m6!1s0x89c70222ef314489:0x531010ae3e16eaa!8m2!3d39.7125279!4d-75.6109952!16s%2Fg%2F1tf617kj!19sChIJiUQx7yICx4kRqm7h4woBMQU?authuser=0&hl=en&rclk=1,auto repair shop,Wilmington,city,DE,2026-07-23T02:29:43,0x89c70222ef314489:0x531010ae3e16eaa
Dynasty Auto Care,(302) 310-3089,,,"32 Gordon St, Wilmington, DE 19802, United States",32 Gordon St,Wilmington,DE,19802,4.8,6,Auto repair shop,,,https://www.google.com/maps/place/Dynasty+Auto+Care/data=!4m7!3m6!1s0x89c6fd30943f108b:0x7e5081b99afc50a4!8m2!3d39.7520382!4d-75.5381629!16s%2Fg%2F1tx4q9nm!19sChIJixA_lDD9xokRpFD8mrmBUH4?authuser=0&hl=en&rclk=1,auto repair shop,Wilmington,city,DE,2026-07-23T02:29:43,0x89c6fd30943f108b:0x7e5081b99afc50a4
EJ Mobile Auto Services,(302) 416-1363,,,"326 N Broom St, Wilmington, DE 19801, United States",326 N Broom St,Wilmington,DE,19801,4.4,7,Auto repair shop,,,https://www.google.com/maps/place/EJ+Mobile+Auto+Services/data=!4m7!3m6!1s0x89c6e38b701932b7:0x2dece929de673067!8m2!3d39.7460991!4d-75.5656617!16s%2Fg%2F11q8x2f8s6!19sChIJtzIZcIvjxokRZzBn3inp7C0?authuser=0&hl=en&rclk=1,auto repair shop,Wilmington,city,DE,2026-07-15T07:32:03,0x89c6e38b701932b7:0x2dece929de673067
Ed's Auto Repair,(302) 468-0955,https://www.edsautorepairsinc.com/about,,"4601 Governor Printz Blvd, Wilmington, DE 19809, United States",4601 Governor Printz Blvd,Wilmington,DE,19809,4.5,25,Auto repair shop,,,https://www.google.com/maps/place/Ed%27s+Auto+Repair/data=!4m7!3m6!1s0x89c6e2dd77cbafe5:0x6cb6cdb0091046b!8m2!3d39.7541113!4d-75.5048766!16s%2Fg%2F11jwspb7yv!19sChIJ5a_Ld93ixokRawSRANtsywY?authuser=0&hl=en&rclk=1,auto repair shop,Wilmington,city,DE,2026-07-23T02:29:43,0x89c6e2dd77cbafe5:0x6cb6cdb0091046b
Edward J. Henry & Sons Auto Body Shop,(302) 658-4324,http://henryautobody.com/,,"2300 W 4th St, Wilmington, DE 19805, United States",2300 W 4th St,Wilmington,DE,19805,4.8,108,Auto body shop,,,https://www.google.com/maps/place/Edward+J.+Henry+%26+Sons+Auto+Body+Shop/data=!4m7!3m6!1s0x89c6fda02ca5d35b:0x51f25b83026c62b5!8m2!3d39.7507362!4d-75.5770439!16s%2Fg%2F1tf88145!19sChIJW9OlLKD9xokRtWJsAoNb8lE?authuser=0&hl=en&rclk=1,auto repair shop,Wilmington,city,DE,2026-07-23T02:29:43,0x89c6fda02ca5d35b:0x51f25b83026c62b5
Euro-Tech,(302) 999-8001,,,"501 B and O Ln, Wilmington, DE 19804, United States",501 B and O Ln,Wilmington,DE,19804,4.2,11,Auto repair shop,,,https://www.google.com/maps/place/Euro-Tech/data=!4m7!3m6!1s0x89c6fd4d1b6d336b:0x746d7728ff7984d2!8m2!3d39.7350194!4d-75.5884124!16s%2Fg%2F11lk16k0xf!19sChIJazNtG039xokR0oR5_yh3bXQ?authuser=0&hl=en&rclk=1,auto repair shop,Wilmington,city,DE,2026-07-23T02:29:43,0x89c6fd4d1b6d336b:0x746d7728ff7984d2
Eurocar,(302) 777-3399,https://www.facebook.com/pages/Eurocar-2000/160099750679931,,"100 S Lincoln St, Wilmington, DE 19805, United States",100 S Lincoln St,Wilmington,DE,19805,4.0,35,Auto repair shop,,,https://www.google.com/maps/place/Eurocar/data=!4m7!3m6!1s0x89c6fd75f0de1da7:0x27724e398e6776d6!8m2!3d39.7457525!4d-75.5736945!16s%2Fg%2F1tlgyxs9!19sChIJpx3e8HX9xokR1nZnjjlOcic?authuser=0&hl=en&rclk=1,auto repair shop,Wilmington,city,DE,2026-07-23T02:29:43,0x89c6fd75f0de1da7:0x27724e398e6776d6
European Performance,(302) 633-1122,https://www.europeanperformancede.com/,,"806 Kirkwood Hwy, Wilmington, DE 19805, United States",806 Kirkwood Hwy,Wilmington,DE,19805,4.6,137,Auto repair shop,,,https://www.google.com/maps/place/European+Performance/data=!4m7!3m6!1s0x89c6fd8c621708f9:0xbaf5d9ad773af62d!8m2!3d39.7383129!4d-75.5946338!16s%2Fg%2F1tfjx7gy!19sChIJ-QgXYoz9xokRLfY6d63Z9bo?authuser=0&hl=en&rclk=1,auto repair shop,Wilmington,city,DE,2026-07-23T02:29:43,0x89c6fd8c621708f9:0xbaf5d9ad773af62d
Executive Automotive and Fleet,(302) 482-1017,http://www.executiveautomotiveandfleet.com/,,"222 Valley Rd, Wilmington, DE 19804, United States",222 Valley Rd,Wilmington,DE,19804,5.0,15,Auto repair shop,,,https://www.google.com/maps/place/Executive+Automotive+and+Fleet/data=!4m7!3m6!1s0x89c6fda6af52b937:0x87883af11a41c912!8m2!3d39.7267029!4d-75.5821346!16s%2Fg%2F11rswtsd7s!19sChIJN7lSr6b9xokREslBGvE6iIc?authuser=0&hl=en&rclk=1,auto repair shop,Wilmington,city,DE,2026-07-23T02:29:43,0x89c6fda6af52b937:0x87883af11a41c912
Foreign & Domestic Auto Repair,(302) 655-5987,,,"2900 Lancaster Ave, Wilmington, DE 19805, United States",2900 Lancaster Ave,Wilmington,DE,19805,5.0,6,Brake shop,,,https://www.google.com/maps/place/Foreign+%26+Domestic+Auto+Repair/data=!4m7!3m6!1s0x89c6fd986cef29e1:0xeb7d666986e9d026!8m2!3d39.7505593!4d-75.5842964!16s%2Fg%2F1td01fxy!19sChIJ4SnvbJj9xokRJtDphmlmfes?authuser=0&hl=en&rclk=1,auto repair shop,Wilmington,city,DE,2026-07-23T02:29:43,0x89c6fd986cef29e1:0xeb7d666986e9d026
Foulk Road Automotive,(302) 475-4567,http://www.foulkroadautomotive.com/,,"1801 Foulk Rd, Wilmington, DE 19810, United States",1801 Foulk Rd,Wilmington,DE,19810,4.1,191,Auto repair shop,,,https://www.google.com/maps/place/Foulk+Road+Automotive/data=!4m7!3m6!1s0x89c6e4a5fa7be2bf:0xf22fb6f16cf29a6c!8m2!3d39.8088005!4d-75.5155536!16s%2Fg%2F11cl_kypkz!19sChIJv-J7-qXkxokRbJrybPG2L_I?authuser=0&hl=en&rclk=1,auto repair shop,Wilmington,city,DE,2026-07-23T02:29:43,0x89c6e4a5fa7be2bf:0xf22fb6f16cf29a6c
Fredy Auto Service,(302) 494-8989,https://fredyautoservice.com/,,"3701 Miller Rd, Wilmington, DE 19802, United States",3701 Miller Rd,Wilmington,DE,19802,4.2,45,Auto repair shop,,,https://www.google.com/maps/place/Fredy+Auto+Service/data=!4m7!3m6!1s0x89c6fd4c5d120e05:0xcbbac2bfe32c61e5!8m2!3d39.7685827!4d-75.5343281!16s%2Fg%2F11h79mw451!19sChIJBQ4SXUz9xokR5WEs47_Cuss?authuser=0&hl=en&rclk=1,auto repair shop,Wilmington,city,DE,2026-07-23T02:29:43,0x89c6fd4c5d120e05:0xcbbac2bfe32c61e5
Gabriel Auto Repair,(302) 898-1380,,,"500-598 B and O Ln, Wilmington, DE 19804, United States",500-598 B and O Ln,Wilmington,DE,19804,4.6,27,Auto repair shop,,,https://www.google.com/maps/place/Gabriel+Auto+Repair/data=!4m7!3m6!1s0x89c6fd8906f5fdcb:0xe25e9bfdf8acad4d!8m2!3d39.7340636!4d-75.5897046!16s%2Fg%2F11bzyn7bld!19sChIJy_31Bon9xokRTa2s-P2bXuI?authuser=0&hl=en&rclk=1,auto repair shop,Wilmington,city,DE,2026-07-23T02:29:43,0x89c6fd8906f5fdcb:0xe25e9bfdf8acad4d
General Automotive,(302) 655-9566,,,"3 Brookside Dr, Wilmington, DE 19804, United States",3 Brookside Dr,Wilmington,DE,19804,4.9,25,Auto repair shop,,,https://www.google.com/maps/place/General+Automotive/data=!4m7!3m6!1s0x89c6fd8759bb26b3:0x86e1e2c9e388b977!8m2!3d39.7309894!4d-75.5810478!16s%2Fg%2F1tfv629_!19sChIJsya7WYf9xokRd7mI48ni4YY?authuser=0&hl=en&rclk=1,auto repair shop,Wilmington,city,DE,2026-07-15T07:32:03,0x89c6fd8759bb26b3:0x86e1e2c9e388b977
Giles Custom Automotive,(302) 729-4059,,,"301 Philadelphia Pike, Wilmington, DE 19809, United States",301 Philadelphia Pike,Wilmington,DE,19809,4.8,110,Auto repair shop,,,https://www.google.com/maps/place/Giles+Custom+Automotive/data=!4m7!3m6!1s0x89c6e3cddaf21ced:0x897c70bedab90106!8m2!3d39.7671005!4d-75.5089032!16s%2Fg%2F11hgggkww9!19sChIJ7Rzy2s3jxokRBgG52r5wfIk?authuser=0&hl=en&rclk=1,auto repair shop,Wilmington,city,DE,2026-07-23T02:29:43,0x89c6e3cddaf21ced:0x897c70bedab90106
Greenhill Auto Services,(302) 652-1312,,,"600 Greenhill Ave, Wilmington, DE 19805, United States",600 Greenhill Ave,Wilmington,DE,19805,4.7,75,Auto repair shop,,,https://www.google.com/maps/place/Greenhill+Auto+Services/data=!4m7!3m6!1s0x89c6fda173d18587:0x2522fc76c2bfd442!8m2!3d39.7537768!4d-75.5786675!16s%2Fg%2F1tdqvhj3!19sChIJh4XRc6H9xokRQtS_wnb8IiU?authuser=0&hl=en&rclk=1,auto repair shop,Wilmington,city,DE,2026-07-23T02:29:43,0x89c6fda173d18587:0x2522fc76c2bfd442
Greg's Auto Repair,(302) 256-1000,,,"513 New Castle Ave, Wilmington, DE 19801, United States",513 New Castle Ave,Wilmington,DE,19801,5.0,6,Auto body shop,,,https://www.google.com/maps/place/Greg%27s+Auto+Repair/data=!4m7!3m6!1s0x89c6fd6d294a6d53:0x528b5bc5feea7aa6!8m2!3d39.7282631!4d-75.5434322!16s%2Fg%2F11pdmvb_s5!19sChIJU21KKW39xokRpnrq_sVbi1I?authuser=0&hl=en&rclk=1,auto repair shop,New Castle County,county,DE,2026-07-15T07:16:31,0x89c6fd6d294a6d53:0x528b5bc5feea7aa6
Guaranteed Auto Wilmington,(302) 384-6264,https://gawrepair.com/,,"101 N Union St, Wilmington, DE 19805, United States",101 N Union St,Wilmington,DE,19805,4.4,27,Auto repair shop,,,https://www.google.com/maps/place/Guaranteed+Auto+Wilmington/data=!4m7!3m6!1s0x89c6fd5a49e20121:0x330618afbb5ab86c!8m2!3d39.7471363!4d-75.5746708!16s%2Fg%2F11y4nx0byb!19sChIJIQHiSVr9xokRbLhau68YBjM?authuser=0&hl=en&rclk=1,auto repair shop,Wilmington,city,DE,2026-07-23T02:29:43,0x89c6fd5a49e20121:0x330618afbb5ab86c
Harvey Road Automotive,(302) 654-7500,http://www.harveyroadautomotive.com/,,"1004 W 25th St, Wilmington, DE 19802, United States",1004 W 25th St,Wilmington,DE,19802,4.8,168,Auto repair shop,,,https://www.google.com/maps/place/Harvey+Road+Automotive/data=!4m7!3m6!1s0x89c6fd26e99a7f73:0x58da0b08f503f5ee!8m2!3d39.763327!4d-75.544252!16s%2Fg%2F1tywyxgk!19sChIJc3-a6Sb9xokR7vUD9QgL2lg?authuser=0&hl=en&rclk=1,auto repair shop,New Castle County,county,DE,2026-07-23T02:12:24,0x89c6fd26e99a7f73:0x58da0b08f503f5ee
High Tech Auto Body,(302) 633-1323,https://www.hightechautobodyinc.com/,,"107 Baltimore Ave, Wilmington, DE 19805, United States",107 Baltimore Ave,Wilmington,DE,19805,4.7,80,Auto body shop,,,https://www.google.com/maps/place/High+Tech+Auto+Body/data=!4m7!3m6!1s0x89c6fd8ee1437b63:0x39dfd41da7d49972!8m2!3d39.7383723!4d-75.5890658!16s%2Fg%2F1hc28pldw!19sChIJY3tD4Y79xokRcpnUpx3U3zk?authuser=0&hl=en&rclk=1,auto repair shop,Wilmington,city,DE,2026-07-23T02:29:43,0x89c6fd8ee1437b63:0x39dfd41da7d49972
Isaacs Garage,(302) 652-0167,http://www.isaacsgarage.com/,,"412 W 8th St, Wilmington, DE 19801, United States",412 W 8th St,Wilmington,DE,19801,4.6,38,Auto repair shop,,,https://www.google.com/maps/place/Isaacs+Garage/data=!4m7!3m6!1s0x89c6fd6a6079746d:0x7253f218d395becd!8m2!3d39.7446724!4d-75.5530888!16s%2Fg%2F1tdgqsvp!19sChIJbXR5YGr9xokRzb6V0xjyU3I?authuser=0&hl=en&rclk=1,auto repair shop,Wilmington,city,DE,2026-07-23T02:29:43,0x89c6fd6a6079746d:0x7253f218d395becd
Ivy Boy Auto Works,(302) 669-8842,,,"1401 Northeast Blvd, Wilmington, DE 19803, United States",1401 Northeast Blvd,Wilmington,DE,19803,4.6,44,Auto repair shop,,,https://www.google.com/maps/place/Ivy+Boy+Auto+Works/data=!4m7!3m6!1s0x89c6fd2013a4b361:0x583a5d079a2b7092!8m2!3d39.7453522!4d-75.5335611!16s%2Fg%2F11ffg7k8c6!19sChIJYbOkEyD9xokRknArmgddOlg?authuser=0&hl=en&rclk=1,auto repair shop,Wilmington,city,DE,2026-07-23T02:29:43,0x89c6fd2013a4b361:0x583a5d079a2b7092
JOSE AUTOMOTIVE,(302) 803-8044,http://www.joseautomotive.com/,,"2801 Concord Pike, Wilmington, DE 19803, United States",2801 Concord Pike,Wilmington,DE,19803,4.8,60,Car repair and maintenance service,,,https://www.google.com/maps/place/JOSE+AUTOMOTIVE/data=!4m7!3m6!1s0x89c70793f287719f:0x9d0b5c46827994b8!8m2!3d39.7977369!4d-75.5472076!16s%2Fg%2F11qvf10z4v!19sChIJn3GH8pMHx4kRuJR5gkZcC50?authuser=0&hl=en&rclk=1,auto repair shop,Wilmington,city,DE,2026-07-23T02:29:43,0x89c70793f287719f:0x9d0b5c46827994b8
JV Auto Service,(302) 999-0786,https://www.jvautoservice.net/,,"1500 W Newport Pike, Wilmington, DE 19804, United States",1500 W Newport Pike,Wilmington,DE,19804,4.8,65,Auto repair shop,,,https://www.google.com/maps/place/JV+Auto+Service/data=!4m7!3m6!1s0x89c7018b6845f0eb:0xd4cc3dc4effd6e08!8m2!3d39.7148644!4d-75.625696!16s%2Fg%2F1v3kp0jj!19sChIJ6_BFaIsBx4kRCG7978Q9zNQ?authuser=0&hl=en&rclk=1,auto repair shop,New Castle County,county,DE,2026-07-23T02:12:24,0x89c7018b6845f0eb:0xd4cc3dc4effd6e08
Jason Lee Automotive,(302) 654-4646,https://www.facebook.com/jasonleeautosocialpage/,,"102 N Union St, Wilmington, DE 19805, United States",102 N Union St,Wilmington,DE,19805,4.6,30,Auto repair shop,,,https://www.google.com/maps/place/Jason+Lee+Automotive/data=!4m7!3m6!1s0x89c6fd75868e047d:0xf634aab1da89014f!8m2!3d39.747172!4d-75.5740875!16s%2Fg%2F1tfjx7gx!19sChIJfQSOhnX9xokRTwGJ2rGqNPY?authuser=0&hl=en&rclk=1,auto repair shop,Wilmington,city,DE,2026-07-23T02:29:43,0x89c6fd75868e047d:0xf634aab1da89014f
Joe Shilling Auto,(302) 764-2100,https://www.joeshillingauto.com/,,"5512 Washington Street Extension, Wilmington, DE 19809, United States",5512 Washington Street Extension,Wilmington,DE,19809,4.7,101,Auto repair shop,,,https://www.google.com/maps/place/Joe+Shilling+Auto/data=!4m7!3m6!1s0x89c6e3186e10bf87:0xfde5281651c06507!8m2!3d39.7698497!4d-75.5039477!16s%2Fg%2F1hc8wwd6n!19sChIJh78QbhjjxokRB2XAURYo5f0?authuser=0&hl=en&rclk=1,auto repair shop,Wilmington,city,DE,2026-07-23T02:29:43,0x89c6e3186e10bf87:0xfde5281651c06507
Julio's Auto Repair,(302) 998-8068,,,"406 B and O Ln, Wilmington, DE 19804, United States",406 B and O Ln,Wilmington,DE,19804,4.9,24,Auto repair shop,,,https://www.google.com/maps/place/Julio%27s+Auto+Repair/data=!4m7!3m6!1s0x89c6fd89a09a54d9:0xba2ba60d0352e6f5!8m2!3d39.7330609!4d-75.5941808!16s%2Fg%2F1tdn51k9!19sChIJ2VSaoIn9xokR9eZSAw2mK7o?authuser=0&hl=en&rclk=1,auto repair shop,Wilmington,city,DE,2026-07-23T02:29:43,0x89c6fd89a09a54d9:0xba2ba60d0352e6f5
Kelly's Auto Repair,(302) 465-7206,http://kellysautorepair.org/,,"2506 W 3rd St, Wilmington, DE 19805, United States",2506 W 3rd St,Wilmington,DE,19805,4.9,63,Auto repair shop,,,https://www.google.com/maps/place/Kelly%27s+Auto+Repair/data=!4m7!3m6!1s0x89c6fd9ffe422443:0x2776edf90e4195a9!8m2!3d39.7509352!4d-75.579412!16s%2Fg%2F11nntktdvd!19sChIJQyRC_p_9xokRqZVBDvntdic?authuser=0&hl=en&rclk=1,auto repair shop,Wilmington,city,DE,2026-07-23T02:29:43,0x89c6fd9ffe422443:0x2776edf90e4195a9
Kirkwood Auto Center,(302) 995-6179,https://kirkwoodautocenter.com/,,"4913 Kirkwood Hwy, Wilmington, DE 19808, United States",4913 Kirkwood Hwy,Wilmington,DE,19808,4.7,1282,Auto repair shop,,,https://www.google.com/maps/place/Kirkwood+Auto+Center/data=!4m7!3m6!1s0x89c7020e55b9c6ef:0x8d48c89b5caf5a7f!8m2!3d39.7211632!4d-75.6643995!16s%2Fg%2F1tw1fszd!19sChIJ78a5VQ4Cx4kRf1qvXJvISI0?authuser=0&hl=en&rclk=1,auto repair shop,New Castle County,county,DE,2026-07-23T02:12:24,0x89c7020e55b9c6ef:0x8d48c89b5caf5a7f
La Fe Auto Repair,(787) 460-5036,,,"2007 Newport Gap Pike, Wilmington, DE 19808, United States",2007 Newport Gap Pike,Wilmington,DE,19808,5.0,1,Auto repair shop,,,https://www.google.com/maps/place/La+Fe+Auto+Repair/data=!4m7!3m6!1s0x89c701fd7380c149:0xe71d5d7b87ab5661!8m2!3d39.7357098!4d-75.6297877!16s%2Fg%2F11h11myb2!19sChIJScGAc_0Bx4kRYVarh3tdHec?authuser=0&hl=en&rclk=1,auto repair shop,New Castle County,county,DE,2026-07-15T07:16:31,0x89c701fd7380c149:0xe71d5d7b87ab5661
Lea Boulevard Automotive,(302) 762-4040,http://leablvdautomotive.com/,,"11 E Lea Blvd, Wilmington, DE 19802, United States",11 E Lea Blvd,Wilmington,DE,19802,4.3,77,Car repair and maintenance service,,,https://www.google.com/maps/place/Lea+Boulevard+Automotive/data=!4m7!3m6!1s0x89c6e2d6f7c3a95b:0x67d6d9b95a6316e3!8m2!3d39.760802!4d-75.519767!16s%2Fg%2F126001d8k!19sChIJW6nD99bixokR4xZjWrnZ1mc?authuser=0&hl=en&rclk=1,auto repair shop,Wilmington,city,DE,2026-07-23T02:29:43,0x89c6e2d6f7c3a95b:0x67d6d9b95a6316e3
Lexus of Wilmington Service Center,(302) 295-8460,https://www.lexusofwilmington.com/schedule-service.htm?utm_source=google&utm_medium=organic&utm_campaign=gbp+service,,"2100 Pennsylvania Ave, Wilmington, DE 19806, United States",2100 Pennsylvania Ave,Wilmington,DE,19806,4.7,1756,Auto repair shop,,,https://www.google.com/maps/place/Lexus+of+Wilmington+Service+Center/data=!4m7!3m6!1s0x89c6fd8a529f559f:0x774259e8e18bdd12!8m2!3d39.756483!4d-75.569797!16s%2Fg%2F11fqcxxkz7!19sChIJn1WfUor9xokREt2L4ehZQnc?authuser=0&hl=en&rclk=1,auto repair shop,Wilmington,city,DE,2026-07-23T02:29:43,0x89c6fd8a529f559f:0x774259e8e18bdd12
M-Tech,(302) 472-6813,,,"2517 W 6th St, Wilmington, DE 19805, United States",2517 W 6th St,Wilmington,DE,19805,4.2,87,Auto repair shop,,,https://www.google.com/maps/place/M-Tech/data=!4m7!3m6!1s0x89c6fda10c0505f9:0x2f3ae3242a3706ea!8m2!3d39.753493!4d-75.578194!16s%2Fg%2F1v5k3_32!19sChIJ-QUFDKH9xokR6gY3KiTjOi8?authuser=0&hl=en&rclk=1,auto repair shop,Wilmington,city,DE,2026-07-23T02:29:43,0x89c6fda10c0505f9:0x2f3ae3242a3706ea
Manuel Auto Repair,(302) 562-8619,,,"2 James Ct, Wilmington, DE 19801, United States",2 James Ct,Wilmington,DE,19801,4.3,17,Auto repair shop,,,https://www.google.com/maps/place/Manuel+Auto+Repair/data=!4m7!3m6!1s0x89c7029df038cb27:0x4c182e243a8724b4!8m2!3d39.7271553!4d-75.5573751!16s%2Fg%2F11g86yn39b!19sChIJJ8s48J0Cx4kRtCSHOiQuGEw?authuser=0&hl=en&rclk=1,auto repair shop,Wilmington,city,DE,2026-07-23T02:29:43,0x89c7029df038cb27:0x4c182e243a8724b4
Michael's Auto Services,(302) 999-9788,,,"1905 Newport Gap Pike, Wilmington, DE 19808, United States",1905 Newport Gap Pike,Wilmington,DE,19808,4.4,23,Brake shop,,,https://www.google.com/maps/place/Michael%27s+Auto+Services/data=!4m7!3m6!1s0x89c6fd87d554ee79:0xaa4f8fb4c522aeb6!8m2!3d39.735068!4d-75.6292314!16s%2Fg%2F1tcvcvzs!19sChIJee5U1Yf9xokRtq4ixbSPT6o?authuser=0&hl=en&rclk=1,auto repair shop,New Castle County,county,DE,2026-07-15T07:16:31,0x89c6fd87d554ee79:0xaa4f8fb4c522aeb6
Milenio Auto Group,(302) 513-2316,https://www.milenioautogroup.com/,,"303 7th Ave, Wilmington, DE 19805, United States",303 7th Ave,Wilmington,DE,19805,4.9,224,Auto repair shop,,,https://www.google.com/maps/place/Milenio+Auto+Group/data=!4m7!3m6!1s0x89c6fd7e96661497:0xf6c7a1bb8f2ed5e2!8m2!3d39.7329524!4d-75.5694442!16s%2Fg%2F11j03blybf!19sChIJlxRmln79xokR4tUuj7uhx_Y?authuser=0&hl=en&rclk=1,auto repair shop,New Castle County,county,DE,2026-07-23T02:12:24,0x89c6fd7e96661497:0xf6c7a1bb8f2ed5e2
Molina Auto Services,(302) 883-9558,,,"2710 Moore St, Wilmington, DE 19802, United States",2710 Moore St,Wilmington,DE,19802,5.0,18,Auto repair shop,,,https://www.google.com/maps/place/Molina+Auto+Services/data=!4m7!3m6!1s0x89c6fdef61584ab3:0x4bdbd0580d7d2c44!8m2!3d39.7555702!4d-75.5346682!16s%2Fg%2F11xsbjr04g!19sChIJs0pYYe_9xokRRCx9DVjQ20s?authuser=0&hl=en&rclk=1,auto repair shop,Wilmington,city,DE,2026-07-23T02:29:43,0x89c6fdef61584ab3:0x4bdbd0580d7d2c44
Newport Auto Center,(302) 998-2757,http://www.newportautocenter.biz/,,"307 W Newport Pike, Wilmington, DE 19804, United States",307 W Newport Pike,Wilmington,DE,19804,4.8,105,Auto repair shop,,,https://www.google.com/maps/place/Newport+Auto+Center/data=!4m7!3m6!1s0x89c702226c53916d:0x8e547ae74a588a43!8m2!3d39.7138026!4d-75.6134167!16s%2Fg%2F11bbwqg18b!19sChIJbZFTbCICx4kRQ4pYSud6VI4?authuser=0&hl=en&rclk=1,auto repair shop,New Castle County,county,DE,2026-07-23T02:12:24,0x89c702226c53916d:0x8e547ae74a588a43
Northeast Body Shop,(302) 762-0100,https://northeastbodyshop.com/contact/,,"2510 Northeast Blvd, Wilmington, DE 19802, United States",2510 Northeast Blvd,Wilmington,DE,19802,4.7,106,Auto body shop,,,https://www.google.com/maps/place/Northeast+Body+Shop/data=!4m7!3m6!1s0x89c6fd34ac8a6d7d:0x22bf203f005c92ab!8m2!3d39.7489662!4d-75.5277908!16s%2Fg%2F1v8321r0!19sChIJfW2KrDT9xokRq5JcAD8gvyI?authuser=0&hl=en&rclk=1,auto repair shop,Wilmington,city,DE,2026-07-23T02:29:43,0x89c6fd34ac8a6d7d:0x22bf203f005c92ab
Omar Auto Repair,(302) 502-3204,,,"1027 W 25th St, Wilmington, DE 19802, United States",1027 W 25th St,Wilmington,DE,19802,3.7,29,Auto repair shop,,,https://www.google.com/maps/place/Omar+Auto+Repair/data=!4m7!3m6!1s0x89c6fd26df87e4a3:0x31eb3ca197be07f3!8m2!3d39.7639011!4d-75.5438204!16s%2Fg%2F11gdwj8lwr!19sChIJo-SH3yb9xokR8we-l6E86zE?authuser=0&hl=en&rclk=1,auto repair shop,Wilmington,city,DE,2026-07-23T02:29:43,0x89c6fd26df87e4a3:0x31eb3ca197be07f3
On Demand Automotive,(302) 384-2849,http://www.ondemandoc.com/,,"755 Kiamensi Rd, Wilmington, DE 19804, United States",755 Kiamensi Rd,Wilmington,DE,19804,4.8,62,Car repair and maintenance service,,,https://www.google.com/maps/place/On+Demand+Automotive/data=!4m7!3m6!1s0x89c701a670dd8fa7:0x5cddad297919d820!8m2!3d39.7257333!4d-75.6322537!16s%2Fg%2F11qnk6z78c!19sChIJp4_dcKYBx4kRINgZeSmt3Vw?authuser=0&hl=en&rclk=1,auto repair shop,New Castle County,county,DE,2026-07-23T02:12:24,0x89c701a670dd8fa7:0x5cddad297919d820
Orion's Auto Repair,(302) 384-7489,https://usmapid.org/details/orion-s-auto-repair-ChIJt8l,,"1916 W 4th St, Wilmington, DE 19805, United States",1916 W 4th St,Wilmington,DE,19805,3.7,28,Auto repair shop,,,https://www.google.com/maps/place/Orion%27s+Auto+Repair/data=!4m7!3m6!1s0x89c6fd19d25bc9b7:0xde27ea6271e9bd1f!8m2!3d39.7487684!4d-75.5726777!16s%2Fg%2F11sc9f07gj!19sChIJt8lb0hn9xokRH73pcWLqJ94?authuser=0&hl=en&rclk=1,auto repair shop,Wilmington,city,DE,2026-07-23T02:29:43,0x89c6fd19d25bc9b7:0xde27ea6271e9bd1f
PA AUTO REPAIR LLC,(302) 654-1002,,,"201 Rodman St, Wilmington, DE 19805, United States",201 Rodman St,Wilmington,DE,19805,4.8,167,Car repair and maintenance service,,,https://www.google.com/maps/place/PA+AUTO+REPAIR+LLC/data=!4m7!3m6!1s0x89c6fd9f5d5b1985:0x2216f72531f6a3c2!8m2!3d39.750068!4d-75.578651!16s%2Fg%2F11b88q9zxb!19sChIJhRlbXZ_9xokRwqP2MSX3FiI?authuser=0&hl=en&rclk=1,auto repair shop,New Castle County,county,DE,2026-07-23T02:12:24,0x89c6fd9f5d5b1985:0x2216f72531f6a3c2
Paul Campanella's Auto Centers,(302) 267-7026,https://www.campanellas.com/,,"3805 Concord Pike, Wilmington, DE 19803, United States",3805 Concord Pike,Wilmington,DE,19803,5.0,128,Auto repair shop,,,https://www.google.com/maps/place/Paul+Campanella%27s+Auto+Centers/data=!4m7!3m6!1s0x89c6fdb2f747bcf5:0x52253c15ea9d8ad3!8m2!3d39.8055585!4d-75.5482993!16s%2Fg%2F11ydbjcp6t!19sChIJ9bxH97L9xokR04qd6hU8JVI?authuser=0&hl=en&rclk=1,auto repair shop,Wilmington,city,DE,2026-07-23T02:29:43,0x89c6fdb2f747bcf5:0x52253c15ea9d8ad3
Paul Campanella's Auto Centers,(302) 777-7170,https://www.campanellas.com/,,"1015 W 28th St, Wilmington, DE 19802, United States",1015 W 28th St,Wilmington,DE,19802,4.8,1175,Auto repair shop,,,https://www.google.com/maps/place/Paul+Campanella%27s+Auto+Centers/data=!4m7!3m6!1s0x89c6fd18da18d76b:0x2093fb920ae93762!8m2!3d39.7645771!4d-75.5418132!16s%2Fg%2F1tlbq33y!19sChIJa9cY2hj9xokRYjfpCpL7kyA?authuser=0&hl=en&rclk=1,auto repair shop,New Castle County,county,DE,2026-07-23T02:12:24,0x89c6fd18da18d76b:0x2093fb920ae93762
Paul Campanella's Auto Centers,(302) 998-2234,https://www.campanellas.com/,,"2379 Limestone Rd, Wilmington, DE 19808, United States",2379 Limestone Rd,Wilmington,DE,19808,4.8,1270,Auto repair shop,,,https://www.google.com/maps/place/Paul+Campanella%27s+Auto+Centers/data=!4m7!3m6!1s0x89c701c9320b975b:0xaf13f4749a73d9c3!8m2!3d39.725265!4d-75.6594856!16s%2Fg%2F1pyqgsh8v!19sChIJW5cLMskBx4kRw9lzmnT0E68?authuser=0&hl=en&rclk=1,auto repair shop,New Castle County,county,DE,2026-07-23T02:12:24,0x89c701c9320b975b:0xaf13f4749a73d9c3
Paul's Auto Repair,(302) 984-1969,https://www.facebook.com/paulsauto1950/,,"220 Rodman St, Wilmington, DE 19805, United States",220 Rodman St,Wilmington,DE,19805,4.5,85,Auto repair shop,,,https://www.google.com/maps/place/Paul%27s+Auto+Repair/data=!4m7!3m6!1s0x89c6fda1e4aba753:0x2f3434b891c0d4!8m2!3d39.7502695!4d-75.5779986!16s%2Fg%2F1vn_zy1k!19sChIJU6er5KH9xokR1MCRuDQ0LwA?authuser=0&hl=en&rclk=1,auto repair shop,New Castle County,county,DE,2026-07-23T02:12:24,0x89c6fda1e4aba753:0x2f3434b891c0d4
Pennsylvania Tire & Auto of Wilmington,(302) 479-5678,https://www.patireauto.com/,,"1622 Marsh Rd, Wilmington, DE 19803, United States",1622 Marsh Rd,Wilmington,DE,19803,4.1,47,Tire shop,,,https://www.google.com/maps/place/Pennsylvania+Tire+%26+Auto+of+Wilmington/data=!4m7!3m6!1s0x89c6e387c932184b:0xc5c31f8fe39ab43c!8m2!3d39.799601!4d-75.5055928!16s%2Fg%2F11fl7p9htx!19sChIJSxgyyYfjxokRPLSa448fw8U?authuser=0&hl=en&rclk=1,auto repair shop,Wilmington,city,DE,2026-07-15T07:32:03,0x89c6e387c932184b:0xc5c31f8fe39ab43c
Penny Hill Service and Repair Center,(302) 765-3950,http://www.pennyhillservice.com/,,"517 Philadelphia Pike, Wilmington, DE 19809, United States",517 Philadelphia Pike,Wilmington,DE,19809,4.7,194,Auto repair shop,,,https://www.google.com/maps/place/Penny+Hill+Service+and+Repair+Center/data=!4m7!3m6!1s0x89c6e32266b40e1b:0x85bad27150b58db1!8m2!3d39.7686766!4d-75.5054155!16s%2Fg%2F1w4f91mh!19sChIJGw60ZiLjxokRsY21UHHSuoU?authuser=0&hl=en&rclk=1,auto repair shop,New Castle County,county,DE,2026-07-23T02:12:24,0x89c6e32266b40e1b:0x85bad27150b58db1
Pinter Autohaz,(302) 777-1057,https://www.pinterautohaz.com/,,"217 N Scott St, Wilmington, DE 19805, United States",217 N Scott St,Wilmington,DE,19805,4.4,109,Car repair and maintenance service,,,https://www.google.com/maps/place/Pinter+Autohaz/data=!4m7!3m6!1s0x89c6fd7501325523:0x5d963c20cf6baf55!8m2!3d39.7474546!4d-75.5715751!16s%2Fg%2F1tgffb1d!19sChIJI1UyAXX9xokRVa9rzyA8ll0?authuser=0&hl=en&rclk=1,auto repair shop,Wilmington,city,DE,2026-07-15T07:32:03,0x89c6fd7501325523:0x5d963c20cf6baf55
Ponte's Auto Care,(302) 478-9786,http://www.pontesautocare.com/,,"2401 Concord Pike, Wilmington, DE 19803, United States",2401 Concord Pike,Wilmington,DE,19803,4.8,129,Auto repair shop,,,https://www.google.com/maps/place/Ponte%27s+Auto+Care/data=!4m7!3m6!1s0x89c6fcbc5dea9a6f:0x545e6b4e4fdaafa1!8m2!3d39.7941492!4d-75.5465708!16s%2Fg%2F1tnl2c38!19sChIJb5rqXbz8xokRoa_aT05rXlQ?authuser=0&hl=en&rclk=1,auto repair shop,Wilmington,city,DE,2026-07-23T02:29:43,0x89c6fcbc5dea9a6f:0x545e6b4e4fdaafa1
Precision Auto,(302) 384-6169,https://precisionautollc.com/,,"819 Maryland Ave, Wilmington, DE 19805, United States",819 Maryland Ave,Wilmington,DE,19805,4.8,191,Tire shop,,,https://www.google.com/maps/place/Precision+Auto/data=!4m7!3m6!1s0x89c6fdb07baefd1b:0xe5bbc65dd79be9e4!8m2!3d39.7368537!4d-75.5692213!16s%2Fg%2F11gl42mb7c!19sChIJG_2ue7D9xokR5Omb113Gu-U?authuser=0&hl=en&rclk=1,auto repair shop,Wilmington,city,DE,2026-07-23T02:29:43,0x89c6fdb07baefd1b:0xe5bbc65dd79be9e4
Reliable Auto Services LLC,(302) 824-8361,http://www.reliableautoservices.com/,,"1512 Binder Ln, Wilmington, DE 19805, United States",1512 Binder Ln,Wilmington,DE,19805,5.0,349,Auto repair shop,,,https://www.google.com/maps/place/Reliable+Auto+Services+LLC/data=!4m7!3m6!1s0x89c6fd0015006285:0x635fe2f3c9bd7483!8m2!3d39.7434876!4d-75.6063967!16s%2Fg%2F11md8fkhqb!19sChIJhWIAFQD9xokRg3S9yfPiX2M?authuser=0&hl=en&rclk=1,auto repair shop,New Castle County,county,DE,2026-07-23T02:12:24,0x89c6fd0015006285:0x635fe2f3c9bd7483
RoadMaster Auto,(302) 543-6428,https://www.roadmasterauto.co/,,"730 S Maryland Ave, Wilmington, DE 19804, United States",730 S Maryland Ave,Wilmington,DE,19804,4.2,41,Auto repair shop,,,https://www.google.com/maps/place/RoadMaster+Auto/data=!4m7!3m6!1s0x89c702726cf77b4b:0x4e4ce3c61369cb92!8m2!3d39.7230936!4d-75.5931638!16s%2Fg%2F1ptvsz36r!19sChIJS3v3bHICx4kRkstpE8bjTE4?authuser=0&hl=en&rclk=1,auto repair shop,Wilmington,city,DE,2026-07-23T02:29:43,0x89c702726cf77b4b:0x4e4ce3c61369cb92
Romo Auto Repair,(302) 250-5447,,,"1212 16th St, Wilmington, DE 19802, United States",1212 16th St,Wilmington,DE,19802,5.0,22,Auto repair shop,,,https://www.google.com/maps/place/Romo+Auto+Repair/data=!4m7!3m6!1s0x89c6fd4a77dfe119:0x67def90c8a4729d4!8m2!3d39.7442775!4d-75.5307574!16s%2Fg%2F11fll6jy7n!19sChIJGeHfd0r9xokR1ClHigz53mc?authuser=0&hl=en&rclk=1,auto repair shop,Wilmington,city,DE,2026-07-23T02:29:43,0x89c6fd4a77dfe119:0x67def90c8a4729d4
Sauce Auto Repair,(302) 613-9556,,,"516 S Market St, Wilmington, DE 19801, United States",516 S Market St,Wilmington,DE,19801,4.6,10,Auto repair shop,,,https://www.google.com/maps/place/Sauce+Auto+Repair/data=!4m7!3m6!1s0x89c7028d6ed24d31:0xa0fd015421baad6b!8m2!3d39.7305067!4d-75.5558497!16s%2Fg%2F11hy9nkzt5!19sChIJMU3Sbo0Cx4kRa626IVQB_aA?authuser=0&hl=en&rclk=1,auto repair shop,Wilmington,city,DE,2026-07-23T02:29:43,0x89c7028d6ed24d31:0xa0fd015421baad6b
Shamrock Auto Services,(302) 655-4400,https://shamrockautomotiveinc.com/,,"223 Valley Rd, Wilmington, DE 19804, United States",223 Valley Rd,Wilmington,DE,19804,4.8,6,Auto repair shop,,,https://www.google.com/maps/place/Shamrock+Auto+Services/data=!4m7!3m6!1s0x89c7027f583cddff:0x87d2ed8d514f5c6a!8m2!3d39.7265259!4d-75.58148!16s%2Fg%2F1w0p6ll3!19sChIJ_908WH8Cx4kRalxPUY3t0oc?authuser=0&hl=en&rclk=1,auto repair shop,Wilmington,city,DE,2026-07-23T02:29:43,0x89c7027f583cddff:0x87d2ed8d514f5c6a
Shell/Pennsylvania Tire & Auto of Wilmington,(302) 479-5678,http://www.patireauto.com/,,"1622 Marsh Rd, Wilmington, DE 19803, United States",1622 Marsh Rd,Wilmington,DE,19803,4.1,183,Gas station,,,https://www.google.com/maps/place/Shell%2FPennsylvania+Tire+%26+Auto+of+Wilmington/data=!4m7!3m6!1s0x89c6e35fcb003ca5:0xff1dbc0fd82553c3!8m2!3d39.799623!4d-75.5055525!16s%2Fg%2F1tf9tspq!19sChIJpTwAy1_jxokRw1Ml2A-8Hf8?authuser=0&hl=en&rclk=1,auto repair shop,Wilmington,city,DE,2026-07-15T07:32:03,0x89c6e35fcb003ca5:0xff1dbc0fd82553c3
Sports Car Services,(302) 764-7222,http://www.sportscarservice.com/,,"5 E 41st St, Wilmington, DE 19802, United States",5 E 41st St,Wilmington,DE,19802,5.0,61,Auto repair shop,,,https://www.google.com/maps/place/Sports+Car+Services/data=!4m7!3m6!1s0x89c6e2d469abcd4d:0x4445c1231b65fcf7!8m2!3d39.7602591!4d-75.5214601!16s%2Fg%2F1tnhz8sp!19sChIJTc2radTixokR9_xlGyPBRUQ?authuser=0&hl=en&rclk=1,auto repair shop,Wilmington,city,DE,2026-07-23T02:29:43,0x89c6e2d469abcd4d:0x4445c1231b65fcf7
Sports Car Tire,(302) 571-8473,https://sportscartire.com/,,"1203 13th St, Wilmington, DE 19802, United States",1203 13th St,Wilmington,DE,19802,4.5,179,Tire shop,,,https://www.google.com/maps/place/Sports+Car+Tire/data=!4m7!3m6!1s0x89c6fd4a481e8fd9:0xb2ac5c3e773e7209!8m2!3d39.7427802!4d-75.532197!16s%2Fg%2F1vbl8k2y!19sChIJ2Y8eSEr9xokRCXI-dz5crLI?authuser=0&hl=en&rclk=1,auto repair shop,Wilmington,city,DE,2026-07-23T02:29:43,0x89c6fd4a481e8fd9:0xb2ac5c3e773e7209
Stokes Garage (Not Stokes Towing),(302) 994-0613,http://www.stokesgarage1946.com/,,"101 Baltimore Ave, Wilmington, DE 19805, United States",101 Baltimore Ave,Wilmington,DE,19805,4.8,61,Auto repair shop,,,https://www.google.com/maps/place/Stokes+Garage+%28Not+Stokes+Towing%29/data=!4m7!3m6!1s0x89c6fd8ee48ffefb:0xa3693c2c93e1a838!8m2!3d39.7386104!4d-75.5892089!16s%2Fg%2F1thssbmt!19sChIJ-_6P5I79xokROKjhkyw8aaM?authuser=0&hl=en&rclk=1,auto repair shop,Wilmington,city,DE,2026-07-23T02:29:43,0x89c6fd8ee48ffefb:0xa3693c2c93e1a838
TJ's Auto Repair,(302) 478-3400,,,"1701 Marsh Rd, Wilmington, DE 19810, United States",1701 Marsh Rd,Wilmington,DE,19810,4.5,85,Auto repair shop,,,https://www.google.com/maps/place/TJ%27s+Auto+Repair/data=!4m7!3m6!1s0x89c6e35fdc562f7f:0xd802e9facd88c988!8m2!3d39.800399!4d-75.50492!16s%2Fg%2F1261qv9_n!19sChIJfy9W3F_jxokRiMmIzfrpAtg?authuser=0&hl=en&rclk=1,auto repair shop,Wilmington,city,DE,2026-07-23T02:29:43,0x89c6e35fdc562f7f:0xd802e9facd88c988
Tonys Auto Works,(302) 256-4033,,,"1240 16th St, Wilmington, DE 19802, United States",1240 16th St,Wilmington,DE,19802,4.8,21,Auto repair shop,,,https://www.google.com/maps/place/Tonys+Auto+Works/data=!4m7!3m6!1s0x89c6e3f0ae25a07d:0x71f0174e569b3f7f!8m2!3d39.7439051!4d-75.530081!16s%2Fg%2F11j1d97stg!19sChIJfaAlrvDjxokRfz-bVk4X8HE?authuser=0&hl=en&rclk=1,auto repair shop,Wilmington,city,DE,2026-07-23T02:29:43,0x89c6e3f0ae25a07d:0x71f0174e569b3f7f
Two J's Auto Services,(302) 762-0700,,,"2703 Governor Printz Blvd, Wilmington, DE 19802, United States",2703 Governor Printz Blvd,Wilmington,DE,19802,3.7,113,Auto repair shop,,,https://www.google.com/maps/place/Two+J%27s+Auto+Services/data=!4m7!3m6!1s0x89c6e2ccc9dc7e33:0x98a4733639772918!8m2!3d39.750469!4d-75.5271932!16s%2Fg%2F1tknldjb!19sChIJM37cyczixokRGCl3OTZzpJg?authuser=0&hl=en&rclk=1,auto repair shop,Wilmington,city,DE,2026-07-23T02:29:43,0x89c6e2ccc9dc7e33:0x98a4733639772918
Vargas Juan,(302) 654-8870,,,"1704 W 3rd St, Wilmington, DE 19805, United States",1704 W 3rd St,Wilmington,DE,19805,4.6,12,Auto repair shop,,,https://www.google.com/maps/place/Vargas+Juan/data=!4m7!3m6!1s0x89c6fd74f841d21b:0xaec01feafe109d2e!8m2!3d39.7472296!4d-75.5707823!16s%2Fg%2F1tdph4v0!19sChIJG9JB-HT9xokRLp0Q_uofwK4?authuser=0&hl=en&rclk=1,auto repair shop,Wilmington,city,DE,2026-07-23T02:29:43,0x89c6fd74f841d21b:0xaec01feafe109d2e
Willy Auto Repair,(302) 999-0888,,,"416 S Maryland Ave, Wilmington, DE 19804, United States",416 S Maryland Ave,Wilmington,DE,19804,4.0,40,Auto body shop,,,https://www.google.com/maps/place/Willy+Auto+Repair/data=!4m7!3m6!1s0x89c7027115687a53:0xf07cdc719fc6fef!8m2!3d39.7250269!4d-75.590534!16s%2Fg%2F1tfwqybb!19sChIJU3poFXECx4kR72_8GcfNBw8?authuser=0&hl=en&rclk=1,auto repair shop,Wilmington,city,DE,2026-07-23T02:29:43,0x89c7027115687a53:0xf07cdc719fc6fef
Winner Premier Collision Center,(302) 571-5200,https://winnerpremiercollisioncenter.com/,,"520 S Walnut St, Wilmington, DE 19801, United States",520 S Walnut St,Wilmington,DE,19801,4.5,163,Auto body shop,,,https://www.google.com/maps/place/Winner+Premier+Collision+Center/data=!4m7!3m6!1s0x89c6fd6052fe50e9:0x96c2da07a91efd0b!8m2!3d39.730114!4d-75.55361!16s%2Fg%2F1wb8vngg!19sChIJ6VD-UmD9xokRC_0eqQfawpY?authuser=0&hl=en&rclk=1,auto repair shop,Wilmington,city,DE,2026-07-15T07:32:03,0x89c6fd6052fe50e9:0x96c2da07a91efd0b
Y-Car Auto Repair,(302) 328-9451,http://ycarautorepair.com/,,"211 N Dupont Hwy, Wilmington Manor, DE 19720, United States",211 N Dupont Hwy,Wilmington Manor,DE,19720,4.8,111,Auto repair shop,,,https://www.google.com/maps/place/Y-Car+Auto+Repair/data=!4m7!3m6!1s0x89c703ba0c705913:0xad1059f301e5e6a9!8m2!3d39.681009!4d-75.590585!16s%2Fg%2F1tgwnnc1!19sChIJE1lwDLoDx4kRqeblAfNZEK0?authuser=0&hl=en&rclk=1,auto repair shop,New Castle County,county,DE,2026-07-23T02:12:24,0x89c703ba0c705913:0xad1059f301e5e6a9
SPM Tire Service LLC,(302) 731-1004,https://spmtireservicellc.godaddysites.com/,,"305 W Pulaski Hwy suite b, Elkton, MD 21921, United States",305 W Pulaski Hwy suite b,Elkton,MD,21921,4.9,26,Tire repair shop,,,https://www.google.com/maps/place/SPM+Tire+Service+LLC/data=!4m7!3m6!1s0x89c7a9b460187503:0x9935fd3637d57b0d!8m2!3d39.6046569!4d-75.8413962!16s%2Fg%2F11hfz5q7zh!19sChIJA3UYYLSpx4kRDXvVNzb9NZk?authuser=0&hl=en&rclk=1,auto repair shop,Newark,city,DE,2026-07-23T02:45:38,0x89c7a9b460187503:0x9935fd3637d57b0d
North County Auto Service & Repair,(410) 714-1322,,,"27210 Stafford Rd, Marydel, MD 21649, United States",27210 Stafford Rd,Marydel,MD,21649,5.0,6,Mechanic,,,https://www.google.com/maps/place/North+County+Auto+Service+%26+Repair/data=!4m7!3m6!1s0x89c781f9dc1d85b7:0x849c690f4951bd4f!8m2!3d39.1264281!4d-75.7546147!16s%2Fg%2F11tp7v5z22!19sChIJt4Ud3PmBx4kRT71RSQ9pnIQ?authuser=0&hl=en&rclk=1,auto repair shop,Kent County,county,DE,2026-07-23T02:02:36,0x89c781f9dc1d85b7:0x849c690f4951bd4f
AUTO CLINIC 301,(443) 604-4733,http://autoclinic301.com/?utm_source=gmb&utm_medium=referral,,"10645 Howard Johnson Rd, Millington, MD 21651, United States",10645 Howard Johnson Rd,Millington,MD,21651,4.9,18,Auto repair shop,,,https://www.google.com/maps/place/AUTO+CLINIC+301/data=!4m7!3m6!1s0x89c7853fe686ca49:0x7ecf219e8d7516bb!8m2!3d39.2679785!4d-75.8627228!16s%2Fg%2F11szjvsvvy!19sChIJScqG5j-Fx4kRuxZ1jZ4hz34?authuser=0&hl=en&rclk=1,auto repair shop,Kent County,county,DE,2026-07-23T02:02:36,0x89c7853fe686ca49:0x7ecf219e8d7516bb
Sussex County Auto Repair Shop,(973) 948-9797,,,"348 US-206, Branchville, NJ 07826, United States",348 US-206,Branchville,NJ,07826,4.7,52,Auto repair shop,,,https://www.google.com/maps/place/Sussex+County+Auto+Repair+Shop/data=!4m7!3m6!1s0x89c368bb16f6aaab:0xd32fcde6a79e8d06!8m2!3d41.1528294!4d-74.7671489!16s%2Fg%2F11hcz306p5!19sChIJq6r2Frtow4kRBo2ep-bNL9M?authuser=0&hl=en&rclk=1,auto repair shop,Sussex County,county,DE,2026-07-23T02:22:52,0x89c368bb16f6aaab:0xd32fcde6a79e8d06
