name,phone,website,email,address,street,city,state,zip,rating,review_count,category,hours_status,hours_detail,google_maps_url,search_keyword,search_place,search_type,search_state,scraped_at,place_id
A And S Services LLC,(808) 336-0747,https://aandsservices.llc/,,,,,HI,,,,Mechanic,,,https://www.google.com/maps/place/A+And+S+Services+LLC/data=!4m7!3m6!1s0x8c065ec5d0858eb:0x42bdae1d610092e8!8m2!3d21.1350214!4d-157.010147!16s%2Fg%2F11ybmffdzq!19sChIJ61gIXexlwAgR6JIAYR2uvUI?authuser=0&hl=en&rclk=1,auto repair shop,Kalawao County,county,HI,2026-07-24T03:17:13,0x8c065ec5d0858eb:0x42bdae1d610092e8
Anywhere Mobile Repair,(808) 727-2636,,,,,,HI,,4.8,89,Car repair and maintenance service,,,https://www.google.com/maps/place/Anywhere+Mobile+Repair/data=!4m7!3m6!1s0x7954daa3fdd80ad9:0x621c58a0d8f58870!8m2!3d46.423669!4d-129.9427086!16s%2Fg%2F11fylqkxrp!19sChIJ2QrY_aPaVHkRcIj12KBYHGI?authuser=0&hl=en&rclk=1,auto repair shop,Maui County,county,HI,2026-07-16T10:38:22,0x7954daa3fdd80ad9:0x621c58a0d8f58870
Cheap Tires,(808) 688-8001,,,"Aiea, HI 96701, United States",,,HI,,3.0,4,Used tire shop,,,https://www.google.com/maps/place/Cheap+Tires/data=!4m7!3m6!1s0x7c006f540d501c7f:0xd8b3c29e631d1358!8m2!3d21.3821139!4d-157.9471029!16s%2Fg%2F11g7rb4m9t!19sChIJfxxQDVRvAHwRWBMdY57Cs9g?authuser=0&hl=en&rclk=1,auto repair shop,Pearl City,city,HI,2026-07-24T02:52:32,0x7c006f540d501c7f:0xd8b3c29e631d1358
Cherry Mobile Auto Detailing,(808) 283-1980,http://www.cherrydetailed.com/?utm_source=google&utm_medium=wix_google_business_profile&utm_campaign=5531105755877953769,,,,,HI,,5.0,26,Car detailing service,,,https://www.google.com/maps/place/Cherry+Mobile+Auto+Detailing/data=!4m7!3m6!1s0x699f852d4170e6d3:0xfe13d3c6172b0d24!8m2!3d20.8029957!4d-156.3379827!16s%2Fg%2F11vq2kv7n4!19sChIJ0-ZwQS2Fn2kRJA0rF8bTE_4?authuser=0&hl=en&rclk=1,auto repair shop,Kalawao County,county,HI,2026-07-16T10:14:37,0x699f852d4170e6d3:0xfe13d3c6172b0d24
Easy Roadside Assistance LLC,(808) 940-7151,http://easyroadside.carrd.co/,,,,,HI,,5.0,164,Towing service,,,https://www.google.com/maps/place/Easy+Roadside+Assistance+LLC/data=!4m7!3m6!1s0x7c006db2b4ec8033:0x84b108ff9c5afdc6!8m2!3d20.94277!4d-156.9579371!16s%2Fg%2F11kms22jlh!19sChIJM4DstLJtAHwRxv1anP8IsYQ?authuser=0&hl=en&rclk=1,auto repair shop,Kalawao County,county,HI,2026-07-16T10:14:37,0x7c006db2b4ec8033:0x84b108ff9c5afdc6
Frog's Repair with Mobile Service,(808) 280-4201,http://frogsrepair.com/,,,,,HI,,4.0,12,Car repair and maintenance service,,,https://www.google.com/maps/place/Frog%27s+Repair+with+Mobile+Service/data=!4m7!3m6!1s0x7954d1b4926cc9e7:0x1e81159e2871eeb!8m2!3d20.7619155!4d-156.4560836!16s%2Fg%2F1tgx6tgz!19sChIJ58lskrTRVHkR6x6H4lkR6AE?authuser=0&hl=en&rclk=1,auto repair shop,Kalawao County,county,HI,2026-07-24T03:17:13,0x7954d1b4926cc9e7:0x1e81159e2871eeb
Kaduce Mobile Mechanics,(808) 651-3152,,,,,,HI,,5.0,11,Car repair and maintenance service,,,https://www.google.com/maps/place/Kaduce+Mobile+Mechanics/data=!4m7!3m6!1s0x1e8844242bfed23:0xf625ab24e46f4c3f!8m2!3d31.7541625!4d-102.3196091!16s%2Fg%2F11nx0vmnmb!19sChIJI-2_QkKE6AERP0xv5CSrJfY?authuser=0&hl=en&rclk=1,auto repair shop,Kauai County,county,HI,2026-07-24T03:28:20,0x1e8844242bfed23:0xf625ab24e46f4c3f
Kauai Town Car,(808) 320-1620,http://kauaitowncar.com/,,,,,HI,,5.0,99,Chauffeur service,,,https://www.google.com/maps/place/Kauai+Town+Car/data=!4m7!3m6!1s0xaf7cc89c6de595ad:0xa860471296679ddf!8m2!3d22.0518381!4d-159.5401414!16s%2Fg%2F11s67bkt_5!19sChIJrZXlbZzIfK8R351nlhJHYKg?authuser=0&hl=en&rclk=1,auto repair shop,Kauai County,county,HI,2026-07-16T10:27:06,0xaf7cc89c6de595ad:0xa860471296679ddf
Local Boy Auto Repair,(808) 216-8969,http://autorepairoahu.com/,,,,,HI,,4.5,4,Car repair and maintenance service,,,https://www.google.com/maps/place/Local+Boy+Auto+Repair/data=!4m7!3m6!1s0x7c006b5eb65431b7:0xfbd06efbe968cc67!8m2!3d21.340232!4d-157.8010565!16s%2Fg%2F11h24ty2xb!19sChIJtzFUtl5rAHwRZ8xo6ftu0Ps?authuser=0&hl=en&rclk=1,auto repair shop,Kalawao County,county,HI,2026-07-16T10:14:37,0x7c006b5eb65431b7:0xfbd06efbe968cc67
Maui Auto Cosmetics,(267) 566-3689,https://www.instagram.com/mauiautocosmetics/,,,,,HI,,5.0,6,Auto painting,,,https://www.google.com/maps/place/Maui+Auto+Cosmetics/data=!4m7!3m6!1s0x29a7c2866606ba81:0x417e94293ff088e2!8m2!3d20.8029957!4d-156.3379827!16s%2Fg%2F11w3bcj4wb!19sChIJgboGZobCpykR4ojwPymUfkE?authuser=0&hl=en&rclk=1,auto repair shop,Kalawao County,county,HI,2026-07-16T10:14:37,0x29a7c2866606ba81:0x417e94293ff088e2
Mechanic Near Me LLC - Mobile Mechanic,(808) 793-9399,http://www.mechanicnearmellc.com/,,,,,HI,,4.9,67,Car repair and maintenance service,,,https://www.google.com/maps/place/Mechanic+Near+Me+LLC+-+Mobile+Mechanic/data=!4m7!3m6!1s0x66be5128710b17d3:0x68394b53941b82a6!8m2!3d20.8052056!4d-156.4752426!16s%2Fg%2F11s65gf486!19sChIJ0xcLcShRvmYRpoIblFNLOWg?authuser=0&hl=en&rclk=1,auto repair shop,Maui County,county,HI,2026-07-24T02:15:52,0x66be5128710b17d3:0x68394b53941b82a6
Mobile Mechanic Maui,(808) 868-8652,https://mobilemechanicmaui.com/,,,,,HI,,5.0,11,Mechanic,,,https://www.google.com/maps/place/Mobile+Mechanic+Maui/data=!4m7!3m6!1s0x62406603c025dec9:0x57e04ff0b61df22!8m2!3d20.8029957!4d-156.3379827!16s%2Fg%2F11vbl3r074!19sChIJyd4lwANmQGIRIt9hC_8EfgU?authuser=0&hl=en&rclk=1,auto repair shop,Kalawao County,county,HI,2026-07-24T03:17:13,0x62406603c025dec9:0x57e04ff0b61df22
Nash Customs Hawaii,(808) 777-9834,http://nashcustom.com/,,"Pearl City, HI 96782, United States",,,HI,,5.0,18,Car detailing service,,,https://www.google.com/maps/place/Nash+Customs+Hawaii/data=!4m7!3m6!1s0xa794ca9e1ac62a93:0x8a4cd17513771014!8m2!3d21.3905466!4d-157.9709081!16s%2Fg%2F11l2fplh0p!19sChIJkyrGGp7KlKcRFBB3E3XRTIo?authuser=0&hl=en&rclk=1,auto repair shop,Pearl City,city,HI,2026-07-24T04:04:00,0xa794ca9e1ac62a93:0x8a4cd17513771014
"OHANA AUTO CARE, LLC",(808) 341-3783,,,,,,HI,,5.0,33,Car repair and maintenance service,,,"https://www.google.com/maps/place/OHANA+AUTO+CARE,+LLC/data=!4m4!3m3!1s0x7c0067192ceae20b:0x42023b5056fe48be!16s%2Fg%2F11h28bftnf!19sChIJC-LqLBlnAHwRvkj-VlA7AkI?authuser=0&hl=en&rclk=1",auto repair shop,Pearl City,city,HI,2026-07-16T11:11:16,0x7c0067192ceae20b:0x42023b5056fe48be
Pa'a Hana Towing & Hauling LLC,(808) 639-3061,http://www.kauaitowing.com/,,,,,HI,,4.6,20,Towing service,,,https://www.google.com/maps/place/Pa%27a+Hana+Towing+%26+Hauling+LLC/data=!4m7!3m6!1s0x7c0705ce8fa3db85:0xbe1ca1930660a147!8m2!3d21.9185494!4d-159.5230045!16s%2Fg%2F11lkbmsy5j!19sChIJhdujj84FB3wRR6FgBpOhHL4?authuser=0&hl=en&rclk=1,auto repair shop,Kauai County,county,HI,2026-07-16T10:27:06,0x7c0705ce8fa3db85:0xbe1ca1930660a147
Patrick's Automotive Mobile Repair,(808) 205-2345,http://patricksmobileautomotiverepair.com/,,"Haiku, HI 96708, United States",,,HI,,4.7,41,Mechanic,,,https://www.google.com/maps/place/Patrick%27s+Automotive+Mobile+Repair/data=!4m7!3m6!1s0x7954d3420301c695:0xc6fdccd3590fd722!8m2!3d20.914565!4d-156.323285!16s%2Fg%2F12626kgkj!19sChIJlcYBA0LTVHkRItcPWdPM_cY?authuser=0&hl=en&rclk=1,auto repair shop,Maui County,county,HI,2026-07-24T03:32:32,0x7954d3420301c695:0xc6fdccd3590fd722
Rent A Car Kauai,(808) 822-9272,http://www.rentacarkauai.com/,,,,,HI,,4.9,426,Car rental agency,,,https://www.google.com/maps/place/Rent+A+Car+Kauai/data=!4m7!3m6!1s0x7c06e1e1421330ed:0x4ec720d90a9ea793!8m2!3d45.152623!4d-129.7148225!16s%2Fg%2F11fpqcq0s8!19sChIJ7TATQuHhBnwRk6eeCtkgx04?authuser=0&hl=en&rclk=1,auto repair shop,Kauai County,county,HI,2026-07-16T10:27:06,0x7c06e1e1421330ed:0x4ec720d90a9ea793
Star Auto Glass Tinting,(808) 661-0404,,,"Lahaina, HI 96761, United States",,,HI,,5.0,1,Window tinting service,,,https://www.google.com/maps/place/Star+Auto+Glass+Tinting/data=!4m7!3m6!1s0x79552bbbf2c0e42d:0x24858beae1e7ad7!8m2!3d20.8783333!4d-156.6825!16s%2Fg%2F1v_z9366!19sChIJLeTA8rsrVXkR13oerr5YSAI?authuser=0&hl=en&rclk=1,auto repair shop,Kalawao County,county,HI,2026-07-16T10:14:37,0x79552bbbf2c0e42d:0x24858beae1e7ad7
Sweet's Auto Clean,(808) 437-0898,https://sweets-auto-clean.square.site/,,,,,HI,,5.0,3,Car detailing service,,,https://www.google.com/maps/place/Sweet%27s+Auto+Clean/data=!4m7!3m6!1s0xaf6144198b52bd11:0xb5b144570ad9fc77!8m2!3d21.1350214!4d-157.010147!16s%2Fg%2F11vz50cj1s!19sChIJEb1SixlEYa8Rd_zZCldEsbU?authuser=0&hl=en&rclk=1,auto repair shop,Kalawao County,county,HI,2026-07-24T03:17:13,0xaf6144198b52bd11:0xb5b144570ad9fc77
Tazmanian Towing & Trucking LLC,(808) 298-1901,,,,,,HI,,5.0,16,Towing service,,,https://www.google.com/maps/place/Tazmanian+Towing+%26+Trucking+LLC/data=!4m7!3m6!1s0xa48d1191fe82b161:0x9cc7d43608bab364!8m2!3d20.8029957!4d-156.3373146!16s%2Fg%2F11mrxxw0bh!19sChIJYbGC_pERjaQRZLO6CDbUx5w?authuser=0&hl=en&rclk=1,auto repair shop,Kalawao County,county,HI,2026-07-16T10:14:37,0xa48d1191fe82b161:0x9cc7d43608bab364
Wise Fix - Auto Electrical Diagnostics and Repair,(808) 810-5002,https://www.wisefix.us/,,,,,HI,,5.0,92,Auto electrical service,,,https://www.google.com/maps/place/Wise+Fix+-+Auto+Electrical+Diagnostics+and+Repair/data=!4m7!3m6!1s0x651a46706a8aae99:0x657870ab414e58c2!8m2!3d21.4134456!4d-157.996258!16s%2Fg%2F11ybdj16gd!19sChIJma6KanBGGmURwlhOQatweGU?authuser=0&hl=en&rclk=1,auto repair shop,Kalawao County,county,HI,2026-07-24T01:59:08,0x651a46706a8aae99:0x657870ab414e58c2
Ace Auto Glass - Aiea,(808) 488-2821,https://www.aceautoglass.net/aiea,,"98-025 Hekaha St Bldg 2, Unit 8, Aiea, HI 96701, United States","98-025 Hekaha St Bldg 2, Unit 8",Aiea,HI,96701,4.7,65,Auto glass shop,,,https://www.google.com/maps/place/Ace+Auto+Glass+-+Aiea/data=!4m7!3m6!1s0x7c0068aa35b911c3:0x30757402792e5b3b!8m2!3d21.3840046!4d-157.9502205!16s%2Fg%2F1tq6dq40!19sChIJwxG5NapoAHwRO1sueQJ0dTA?authuser=0&hl=en&rclk=1,auto repair shop,Pearl City,city,HI,2026-07-24T02:52:32,0x7c0068aa35b911c3:0x30757402792e5b3b
Aiea Auto Services & Supply,(808) 485-8811,,,"99-187 Aiea Heights Dr # A, Aiea, HI 96701, United States",99-187 Aiea Heights Dr # A,Aiea,HI,96701,4.4,7,Auto repair shop,,,https://www.google.com/maps/place/Aiea+Auto+Services+%26+Supply/data=!4m7!3m6!1s0x7c006f4a757c873f:0x9633a388e6060d73!8m2!3d21.3797391!4d-157.9283709!16s%2Fg%2F1tmxwtcs!19sChIJP4d8dUpvAHwRcw0G5oijM5Y?authuser=0&hl=en&rclk=1,auto repair shop,Pearl City,city,HI,2026-07-24T04:04:00,0x7c006f4a757c873f:0x9633a388e6060d73
Aulani's Garage,(808) 367-0976,http://aulanisgarage.com/,,"98-380 Kamehameha Hwy, Aiea, HI 96701, United States",98-380 Kamehameha Hwy,Aiea,HI,96701,5.0,49,Auto repair shop,,,https://www.google.com/maps/place/Aulani%27s+Garage/data=!4m7!3m6!1s0x7c006f214449009d:0x789a2b9246d4b049!8m2!3d21.3788151!4d-157.9359591!16s%2Fg%2F11tjqn3_2f!19sChIJnQBJRCFvAHwRSbDURpIrmng?authuser=0&hl=en&rclk=1,auto repair shop,Pearl City,city,HI,2026-07-24T04:04:00,0x7c006f214449009d:0x789a2b9246d4b049
Auto Repair of Hawaii,(808) 488-7555,https://www.autorepairaiea.com/,,"98-055 Kamehameha Hwy # C5, Aiea, HI 96701, United States",98-055 Kamehameha Hwy # C5,Aiea,HI,96701,4.7,115,Auto repair shop,,,https://www.google.com/maps/place/Auto+Repair+of+Hawaii/data=!4m7!3m6!1s0x7c006f548a61af5d:0x96f66d6031580dc2!8m2!3d21.3831399!4d-157.9491407!16s%2Fg%2F1tjt249z!19sChIJXa9hilRvAHwRwg1YMWBt9pY?authuser=0&hl=en&rclk=1,auto repair shop,Honolulu County,county,HI,2026-07-24T03:12:08,0x7c006f548a61af5d:0x96f66d6031580dc2
Central Body & Paint,(808) 488-0045,http://www.cbp-hi.com/,,"98-021 Kamehameha Hwy, Aiea, HI 96701, United States",98-021 Kamehameha Hwy,Aiea,HI,96701,4.2,78,Auto body shop,,,https://www.google.com/maps/place/Central+Body+%26+Paint/data=!4m7!3m6!1s0x7c0065ff649f9c41:0xd02157e1dc66199d!8m2!3d21.384133!4d-157.952533!16s%2Fg%2F1w665mg_!19sChIJQZyfZP9lAHwRnRlm3OFXIdA?authuser=0&hl=en&rclk=1,auto repair shop,Pearl City,city,HI,2026-07-24T04:04:00,0x7c0065ff649f9c41:0xd02157e1dc66199d
DADS Auto Body and Paint Shop,(808) 487-3654,,,"98-025 Hekaha St Bldg 2 stall 22, Aiea, HI 96701, United States",98-025 Hekaha St Bldg 2 stall 22,Aiea,HI,96701,4.5,51,Auto body shop,,,https://www.google.com/maps/place/DADS+Auto+Body+and+Paint+Shop/data=!4m7!3m6!1s0x7c006f559d6b016f:0x40dd97e851355a65!8m2!3d21.3838639!4d-157.9497972!16s%2Fg%2F1tcx76vh!19sChIJbwFrnVVvAHwRZVo1UeiX3UA?authuser=0&hl=en&rclk=1,auto repair shop,Pearl City,city,HI,2026-07-24T04:04:00,0x7c006f559d6b016f:0x40dd97e851355a65
Eddie's Auto Repair,(808) 486-5231,http://eddiesautorepairhi.com/,,"98-025 Hekaha St #25, Aiea, HI 96701, United States",98-025 Hekaha St #25,Aiea,HI,96701,4.9,141,Auto repair shop,,,https://www.google.com/maps/place/Eddie%27s+Auto+Repair/data=!4m7!3m6!1s0x7c006f559d6b016f:0x55c8f9402aa5a02f!8m2!3d21.3840644!4d-157.9499972!16s%2Fg%2F1tfmnl_y!19sChIJbwFrnVVvAHwRL6ClKkD5yFU?authuser=0&hl=en&rclk=1,auto repair shop,Honolulu County,county,HI,2026-07-24T03:12:08,0x7c006f559d6b016f:0x55c8f9402aa5a02f
Hawaiian Tire & Auto Center,(808) 487-6616,http://www.hawaiiantire.com/,,"98-025 Hekaha St, Aiea, HI 96701, United States",98-025 Hekaha St,Aiea,HI,96701,4.7,41,Tire shop,,,https://www.google.com/maps/place/Hawaiian+Tire+%26+Auto+Center/data=!4m7!3m6!1s0x7c006f559d6b016f:0x85d75e74bd029061!8m2!3d21.3838716!4d-157.9504336!16s%2Fg%2F1tgzbkqx!19sChIJbwFrnVVvAHwRYZACvXRe14U?authuser=0&hl=en&rclk=1,auto repair shop,Pearl City,city,HI,2026-07-24T04:04:00,0x7c006f559d6b016f:0x85d75e74bd029061
"Lex Brodie's Tire, Brake & Service Company",(808) 400-7532,https://www.lexbrodies.com/?utm_source=google,,"98-115 Kamehameha Hwy, Aiea, HI 96701, United States",98-115 Kamehameha Hwy,Aiea,HI,96701,4.6,801,Tire shop,,,"https://www.google.com/maps/place/Lex+Brodie%27s+Tire,+Brake+%26+Service+Company/data=!4m7!3m6!1s0x7c0065ffde090f89:0x67f0eb84194b0aea!8m2!3d21.382952!4d-157.945704!16s%2Fg%2F1td5xcj7!19sChIJiQ8J3v9lAHwR6gpLGYTr8Gc?authuser=0&hl=en&rclk=1",auto repair shop,Pearl City,city,HI,2026-07-24T04:04:00,0x7c0065ffde090f89:0x67f0eb84194b0aea
Pearl City Auto Works,(808) 486-4848,https://www.pearlcityauto.com/,,"98-025 Hekaha St #27, Aiea, HI 96701, United States",98-025 Hekaha St #27,Aiea,HI,96701,4.9,832,Auto repair shop,,,https://www.google.com/maps/place/Pearl+City+Auto+Works/data=!4m7!3m6!1s0x7c006f559d6b016f:0xe7e4f24de70b6e17!8m2!3d21.3841409!4d-157.9502311!16s%2Fg%2F1v_0jzl8!19sChIJbwFrnVVvAHwRF24L503y5Oc?authuser=0&hl=en&rclk=1,auto repair shop,Kalawao County,county,HI,2026-07-24T03:17:13,0x7c006f559d6b016f:0xe7e4f24de70b6e17
Pearlridge Fender & Body LLC,(808) 488-3138,https://www.pearlridgefenderandbody.com/,,"98-025 Hekaha St #17, Aiea, HI 96701, United States",98-025 Hekaha St #17,Aiea,HI,96701,4.4,49,Auto body shop,,,https://www.google.com/maps/place/Pearlridge+Fender+%26+Body+LLC/data=!4m7!3m6!1s0x7c006f55a7175c05:0x8d852f2cf156db56!8m2!3d21.3838548!4d-157.9495275!16s%2Fg%2F1tmpw5pt!19sChIJBVwXp1VvAHwRVttW8SwvhY0?authuser=0&hl=en&rclk=1,auto repair shop,Pearl City,city,HI,2026-07-24T04:04:00,0x7c006f55a7175c05:0x8d852f2cf156db56
Quick Lube and Tech,(808) 888-0255,,,"99-170 Moanalua Rd, Aiea, HI 96701, United States",99-170 Moanalua Rd,Aiea,HI,96701,4.9,34,Auto repair shop,,,https://www.google.com/maps/place/Quick+Lube+and+Tech/data=!4m7!3m6!1s0x7c006f400c26b099:0x32829950f43dc3d5!8m2!3d21.379424!4d-157.9305425!16s%2Fg%2F11qskmdft7!19sChIJmbAmDEBvAHwR1cM99FCZgjI?authuser=0&hl=en&rclk=1,auto repair shop,Pearl City,city,HI,2026-07-24T04:04:00,0x7c006f400c26b099:0x32829950f43dc3d5
TANS Mobile Auto Mechanic,(808) 271-1988,,,"98-410 Koauka Loop, Aiea, HI 96701, United States",98-410 Koauka Loop,Aiea,HI,96701,5.0,10,Auto repair shop,,,https://www.google.com/maps/place/TANS+Mobile+Auto+Mechanic/data=!4m7!3m6!1s0x7c006963e93ca51b:0xfa916aa2a6c3026b!8m2!3d21.3859636!4d-157.9372051!16s%2Fg%2F11z7lc5fmz!19sChIJG6U86WNpAHwRawLDpqJqkfo?authuser=0&hl=en&rclk=1,auto repair shop,Pearl City,city,HI,2026-07-24T04:04:00,0x7c006963e93ca51b:0xfa916aa2a6c3026b
Pono Mobile Auto Repair,(808) 825-7615,,,"82-5938 Government Main Rd, Captain Cook, HI 96704, United States",82-5938 Government Main Rd,Captain Cook,HI,96704,1.0,1,Auto repair shop,,,https://www.google.com/maps/place/Pono+Mobile+Auto+Repair/data=!4m7!3m6!1s0x79540157e2b17d8f:0xf54facda22a4576a!8m2!3d19.4806971!4d-155.8980784!16s%2Fg%2F11vzftx9r8!19sChIJj32x4lcBVHkRalekItqsT_U?authuser=0&hl=en&rclk=1,auto repair shop,Hawaii County,county,HI,2026-07-16T09:59:32,0x79540157e2b17d8f:0xf54facda22a4576a
South Kona Car Care,(808) 328-1800,https://skonacarcare.com/,,"83-5326 Mamalahoa Hwy, Captain Cook, HI 96704, United States",83-5326 Mamalahoa Hwy,Captain Cook,HI,96704,4.6,32,Auto repair shop,,,https://www.google.com/maps/place/South+Kona+Car+Care/data=!4m7!3m6!1s0x7954008cd4efe7b3:0x2464b6bb00c4eb27!8m2!3d19.4478936!4d-155.8795731!16s%2Fg%2F1td_5cv5!19sChIJs-fv1IwAVHkRJ-vEALu2ZCQ?authuser=0&hl=en&rclk=1,auto repair shop,Hawaii County,county,HI,2026-07-24T01:53:14,0x7954008cd4efe7b3:0x2464b6bb00c4eb27
Elwir Restoration & Performance LLC,(808) 291-9505,,,"173 Keokeo Rd, Eleele, HI 96705, United States",173 Keokeo Rd,Eleele,HI,96705,5.0,1,Mechanic,,,https://www.google.com/maps/place/Elwir+Restoration+%26+Performance+LLC/data=!4m7!3m6!1s0x7c0707ce20519b47:0x6d5af631193333c1!8m2!3d21.9063592!4d-159.5832494!16s%2Fg%2F11yw57h4fn!19sChIJR5tRIM4HB3wRwTMzGTH2Wm0?authuser=0&hl=en&rclk=1,auto repair shop,Kauai County,county,HI,2026-07-24T03:28:20,0x7c0707ce20519b47:0x6d5af631193333c1
G & K Auto Repair Shop,(808) 335-9999,,,"3746 Iona Rd, Eleele, HI 96705, United States",3746 Iona Rd,Eleele,HI,96705,5.0,3,Auto repair shop,,,https://www.google.com/maps/place/G+%26+K+Auto+Repair+Shop/data=!4m7!3m6!1s0x7c07066f7f560a01:0x58bbc647f218efb1!8m2!3d21.910487!4d-159.5887978!16s%2Fg%2F1vqtg_nk!19sChIJAQpWf28GB3wRse8Y8kfGu1g?authuser=0&hl=en&rclk=1,auto repair shop,Kauai County,county,HI,2026-07-24T03:28:20,0x7c07066f7f560a01:0x58bbc647f218efb1
Hi Tech Automotive Repair,(808) 335-3643,,,"4350 Waialo Rd, Eleele, HI 96705, United States",4350 Waialo Rd,Eleele,HI,96705,4.3,40,Auto repair shop,,,https://www.google.com/maps/place/Hi+Tech+Automotive+Repair/data=!4m7!3m6!1s0x7c0706721e248485:0xb83e63e23fe35759!8m2!3d21.9014044!4d-159.5865921!16s%2Fg%2F1tjynyft!19sChIJhYQkHnIGB3wRWVfjP-JjPrg?authuser=0&hl=en&rclk=1,auto repair shop,Kauai County,county,HI,2026-07-24T03:28:20,0x7c0706721e248485:0xb83e63e23fe35759
A's Towing Hawaii,(808) 216-0445,,,"91-257 Hanapouli Cir APT 18R, Ewa Beach, HI 96706, United States",91-257 Hanapouli Cir APT 18R,Ewa Beach,HI,96706,5.0,2,Towing service,,,https://www.google.com/maps/place/A%27s+Towing+Hawaii/data=!4m7!3m6!1s0x7c00654c7c27f899:0xcd1b7a9f6fff56b!8m2!3d21.333891!4d-158.026756!16s%2Fg%2F11ryy29j2k!19sChIJmfgnfExlAHwRa_X_9qm30Qw?authuser=0&hl=en&rclk=1,auto repair shop,Kalawao County,county,HI,2026-07-16T10:14:37,0x7c00654c7c27f899:0xcd1b7a9f6fff56b
Ewa Beach Auto Repair,(808) 744-2020,,,"91-919 Fort Weaver Rd Ste 115, Ewa Beach, HI 96706, United States",91-919 Fort Weaver Rd Ste 115,Ewa Beach,HI,96706,4.2,213,Auto repair shop,,,https://www.google.com/maps/place/Ewa+Beach+Auto+Repair/data=!4m7!3m6!1s0x7c0065681cdb6ff9:0xc1904de04c0cf0f7!8m2!3d21.3171835!4d-158.014706!16s%2Fg%2F11jmy4vd2y!19sChIJ-W_bHGhlAHwR9_AMTOBNkME?authuser=0&hl=en&rclk=1,auto repair shop,Kapolei,city,HI,2026-07-24T03:56:20,0x7c0065681cdb6ff9:0xc1904de04c0cf0f7
Raj mobile auto repair,(808) 861-9171,http://www.rajmobilerepair.com/,,"91-3525 Kauluakoko St Unit 1804, Ewa Beach, HI 96706, United States",91-3525 Kauluakoko St Unit 1804,Ewa Beach,HI,96706,5.0,2,Auto machine shop,,,https://www.google.com/maps/place/Raj+mobile+auto+repair/data=!4m7!3m6!1s0x7c0065dcd64cc139:0xfae231e2e2633522!8m2!3d21.3554426!4d-158.0417658!16s%2Fg%2F11yyl9w9dl!19sChIJOcFM1txlAHwRIjVj4uIx4vo?authuser=0&hl=en&rclk=1,auto repair shop,Kapolei,city,HI,2026-07-24T03:56:20,0x7c0065dcd64cc139:0xfae231e2e2633522
Bruno's Auto Repair,(808) 572-5689,,,"2455 Nehe Pl, Haiku, HI 96708, United States",2455 Nehe Pl,Haiku,HI,96708,4.8,18,Auto repair shop,,,https://www.google.com/maps/place/Bruno%27s+Auto+Repair/data=!4m7!3m6!1s0x7954cb4bfeb08823:0x530e7e694e6c84e!8m2!3d20.8787872!4d-156.3134978!16s%2Fg%2F11ddxszj9r!19sChIJI4iw_kvLVHkRTsjmlObnMAU?authuser=0&hl=en&rclk=1,auto repair shop,Maui County,county,HI,2026-07-24T03:32:32,0x7954cb4bfeb08823:0x530e7e694e6c84e
Goldrive Maui LLC,(808) 463-7070,https://goldrivemaui.com/,,"810 Haiku Rd #348, Haiku, HI 96708, United States",810 Haiku Rd #348,Haiku,HI,96708,4.8,157,Auto repair shop,,,https://www.google.com/maps/place/Goldrive+Maui+LLC/data=!4m7!3m6!1s0x7eab3499985ff4f7:0x3ac6508b463ae44f!8m2!3d20.9128727!4d-156.3226323!16s%2Fg%2F11b8b34_jd!19sChIJ9_RfmJk0q34RT-Q6RotQxjo?authuser=0&hl=en&rclk=1,auto repair shop,Maui County,county,HI,2026-07-24T03:32:32,0x7eab3499985ff4f7:0x3ac6508b463ae44f
Larry's Foreign Auto,(808) 572-1210,,,"490 Ulumalu Rd B, Haiku, HI 96708, United States",490 Ulumalu Rd B,Haiku,HI,96708,4.2,5,Auto repair shop,,,https://www.google.com/maps/place/Larry%27s+Foreign+Auto/data=!4m7!3m6!1s0x7eab34e182416079:0x777bd6a7144d1884!8m2!3d20.9088378!4d-156.2872799!16s%2Fg%2F1tjhxwnd!19sChIJeWBBguE0q34RhBhNFKfWe3c?authuser=0&hl=en&rclk=1,auto repair shop,Maui County,county,HI,2026-07-24T02:15:52,0x7eab34e182416079:0x777bd6a7144d1884
Toma Garage,(808) 575-2652,,,"1073 Haiku Rd, Haiku, HI 96708, United States",1073 Haiku Rd,Haiku,HI,96708,4.7,44,Auto repair shop,,,https://www.google.com/maps/place/Toma+Garage/data=!4m7!3m6!1s0x7eab34905eebefe3:0xf3d8ef9e6bedb06d!8m2!3d20.9165912!4d-156.3181785!16s%2Fg%2F1vxf_cz4!19sChIJ4-_rXpA0q34RbbDta57v2PM?authuser=0&hl=en&rclk=1,auto repair shop,Maui County,county,HI,2026-07-24T02:15:52,0x7eab34905eebefe3:0xf3d8ef9e6bedb06d
Ki's Auto Repair and Fabrication L.L.C.,(808) 855-7667,,,"3954 Hanapepe Rd, Hanapepe, HI 96716, United States",3954 Hanapepe Rd,Hanapepe,HI,96716,5.0,4,Auto repair shop,,,https://www.google.com/maps/place/Ki%27s+Auto+Repair+and+Fabrication+L.L.C./data=!4m7!3m6!1s0x7c07075dcfd517d7:0xfad896aa25489318!8m2!3d21.9100684!4d-159.5858318!16s%2Fg%2F11y1ybcbmz!19sChIJ1xfVz10HB3wRGJNIJaqW2Po?authuser=0&hl=en&rclk=1,auto repair shop,Kauai County,county,HI,2026-07-24T03:28:20,0x7c07075dcfd517d7:0xfad896aa25489318
A&B Fleet Services,(808) 969-3260,http://www.kahuluitrucking.com/,,"456 Kalanianaole St A2, Hilo, HI 96720, United States",456 Kalanianaole St A2,Hilo,HI,96720,4.8,8,Truck repair shop,,,https://www.google.com/maps/place/A%26B+Fleet+Services/data=!4m7!3m6!1s0x79524c830cc7bc6d:0xc5cde13fe7f66378!8m2!3d19.7249359!4d-155.0577687!16s%2Fg%2F1th6f11z!19sChIJbbzHDINMUnkReGP25z_hzcU?authuser=0&hl=en&rclk=1,auto repair shop,Hilo,city,HI,2026-07-16T10:51:40,0x79524c830cc7bc6d:0xc5cde13fe7f66378
A1 Automotive Center,(808) 557-5813,https://a-1autocenter.com/,,"271 Kekuanaoa St, Hilo, HI 96720, United States",271 Kekuanaoa St,Hilo,HI,96720,4.5,12,Auto body shop,,,https://www.google.com/maps/place/A1+Automotive+Center/data=!4m7!3m6!1s0x79524b42d6a93c69:0xa6aa3212edc6664f!8m2!3d19.7118317!4d-155.0746436!16s%2Fg%2F1tj4yxv9!19sChIJaTyp1kJLUnkRT2bG7RIyqqY?authuser=0&hl=en&rclk=1,auto repair shop,Hilo,city,HI,2026-07-24T03:40:51,0x79524b42d6a93c69:0xa6aa3212edc6664f
AKM Performance,(808) 935-2886,http://akmperformance15.wix.com/akmperformance,,"66 Kukila St C, Hilo, HI 96720, United States",66 Kukila St C,Hilo,HI,96720,4.8,54,Auto repair shop,,,https://www.google.com/maps/place/AKM+Performance/data=!4m7!3m6!1s0x79524b7280778479:0x60eed0aa0e92f995!8m2!3d19.7023711!4d-155.059885!16s%2Fg%2F11c3tvhn4j!19sChIJeYR3gHJLUnkRlfmSDqrQ7mA?authuser=0&hl=en&rclk=1,auto repair shop,Hawaii County,county,HI,2026-07-24T01:53:14,0x79524b7280778479:0x60eed0aa0e92f995
Advance Auto Body & Repair,(808) 209-0917,,,"66 Kukila St, Hilo, HI 96720, United States",66 Kukila St,Hilo,HI,96720,4.7,25,Auto body shop,,,https://www.google.com/maps/place/Advance+Auto+Body+%26+Repair/data=!4m7!3m6!1s0x79524b112f074fd7:0xaca76e70742277c2!8m2!3d19.7019923!4d-155.0604726!16s%2Fg%2F11shdczfl7!19sChIJ108HLxFLUnkRwncidHBup6w?authuser=0&hl=en&rclk=1,auto repair shop,Hilo,city,HI,2026-07-16T10:51:40,0x79524b112f074fd7:0xaca76e70742277c2
Affordable Auto Center,(808) 935-2886,,,"66 Kukila St # B, Hilo, HI 96720, United States",66 Kukila St # B,Hilo,HI,96720,4.0,4,Auto body shop,,,https://www.google.com/maps/place/Affordable+Auto+Center/data=!4m7!3m6!1s0x79524b7280778479:0x67996a01743ca786!8m2!3d19.702292!4d-155.0600237!16s%2Fg%2F1260bl6hn!19sChIJeYR3gHJLUnkRhqc8dAFqmWc?authuser=0&hl=en&rclk=1,auto repair shop,Hilo,city,HI,2026-07-24T03:40:51,0x79524b7280778479:0x67996a01743ca786
Aiona Auto Service,(808) 935-9991,https://www.aionacars.com/service-scheduler.html,,"212 Holomua St, Hilo, HI 96720, United States",212 Holomua St,Hilo,HI,96720,4.8,36,Auto repair shop,,,https://www.google.com/maps/place/Aiona+Auto+Service/data=!4m7!3m6!1s0x79524b14af227785:0x5480cb4a08f2ddd0!8m2!3d19.6996459!4d-155.066452!16s%2Fg%2F1wrtd1dw!19sChIJhXcirxRLUnkR0N3yCErLgFQ?authuser=0&hl=en&rclk=1,auto repair shop,Hawaii County,county,HI,2026-07-24T01:53:14,0x79524b14af227785:0x5480cb4a08f2ddd0
Aloha Auto Glass,(808) 934-7131,http://www.autoglasshilo.com/,,"20 Lanihuli St, Hilo, HI 96720, United States",20 Lanihuli St,Hilo,HI,96720,4.7,61,Auto glass shop,,,https://www.google.com/maps/place/Aloha+Auto+Glass/data=!4m7!3m6!1s0x79524b44a7e252e7:0x22775b8b2f8c19e4!8m2!3d19.7118598!4d-155.0778419!16s%2Fg%2F11b6xhjmv6!19sChIJ51Lip0RLUnkR5BmML4tbdyI?authuser=0&hl=en&rclk=1,auto repair shop,Hilo,city,HI,2026-07-24T02:29:31,0x79524b44a7e252e7:0x22775b8b2f8c19e4
Aloha Auto Repair,(808) 731-3731,http://www.hiloautorepair.com/,,"1672 Kamehameha Ave, Hilo, HI 96720, United States",1672 Kamehameha Ave,Hilo,HI,96720,4.1,31,Auto repair shop,,,https://www.google.com/maps/place/Aloha+Auto+Repair/data=!4m7!3m6!1s0x79524de2b05cc461:0xab79d0af7e1cb10d!8m2!3d19.7221426!4d-155.0651009!16s%2Fg%2F11kt05b5hf!19sChIJYcRcsOJNUnkRDbEcfq_Qeas?authuser=0&hl=en&rclk=1,auto repair shop,Hawaii County,county,HI,2026-07-24T01:53:14,0x79524de2b05cc461:0xab79d0af7e1cb10d
Aloha Mufflers,(808) 933-9141,,,"829 Leilani St # E, Hilo, HI 96720, United States",829 Leilani St # E,Hilo,HI,96720,4.7,52,Muffler shop,,,https://www.google.com/maps/place/Aloha+Mufflers/data=!4m7!3m6!1s0x79524b6f9e861cab:0xad7587d9e041d2f9!8m2!3d19.7096771!4d-155.0628759!16s%2Fg%2F1tl1nn8_!19sChIJqxyGnm9LUnkR-dJB4NmHda0?authuser=0&hl=en&rclk=1,auto repair shop,Hilo,city,HI,2026-07-24T02:29:31,0x79524b6f9e861cab:0xad7587d9e041d2f9
Ambrosio's Auto Glass,(808) 960-3571,https://www.ambrosiosautoglass.com/,,"60 Kuhio St Bldg J Unit 1, Hilo, HI 96720, United States",60 Kuhio St Bldg J Unit 1,Hilo,HI,96720,5.0,142,Auto glass shop,,,https://www.google.com/maps/place/Ambrosio%27s+Auto+Glass/data=!4m7!3m6!1s0x79524b8b64282b7b:0xe3e5dc454d3f2ea8!8m2!3d19.7287696!4d-155.05267!16s%2Fg%2F11lgy51mkb!19sChIJeysoZItLUnkRqC4_TUXc5eM?authuser=0&hl=en&rclk=1,auto repair shop,Hilo,city,HI,2026-07-24T02:29:31,0x79524b8b64282b7b:0xe3e5dc454d3f2ea8
Antonio's Auto Repair,(808) 961-6988,,,"70 Pookela St, Hilo, HI 96720, United States",70 Pookela St,Hilo,HI,96720,4.4,14,Auto repair shop,,,https://www.google.com/maps/place/Antonio%27s+Auto+Repair/data=!4m7!3m6!1s0x79524b6c7b0b0385:0x19b7b7ac329313c0!8m2!3d19.7032065!4d-155.0655851!16s%2Fg%2F1vlqqdns!19sChIJhQMLe2xLUnkRwBOTMqy3txk?authuser=0&hl=en&rclk=1,auto repair shop,Hilo,city,HI,2026-07-24T03:40:51,0x79524b6c7b0b0385:0x19b7b7ac329313c0
"Automotive Solutions Hawaii & Car Rentals, LLC",(808) 315-7229,http://www.islanddiscountrentals.com/,,"60 Kuhio St Ste 9, Hilo, HI 96720, United States",60 Kuhio St Ste 9,Hilo,HI,96720,4.8,62,Car repair and maintenance service,,,"https://www.google.com/maps/place/Automotive+Solutions+Hawaii+%26+Car+Rentals,+LLC/data=!4m7!3m6!1s0x79524c865e6aaaab:0x5f77db8745cceb02!8m2!3d19.7289638!4d-155.0518341!16s%2Fg%2F11fhypp8pz!19sChIJq6pqXoZMUnkRAuvMRYfbd18?authuser=0&hl=en&rclk=1",auto repair shop,Hilo,city,HI,2026-07-24T03:40:51,0x79524c865e6aaaab:0x5f77db8745cceb02
Automotive Supply Center,(808) 935-3767,http://www.aschilo.com/,,"411 E Kawili St, Hilo, HI 96720, United States",411 E Kawili St,Hilo,HI,96720,4.7,251,Auto parts store,,,https://www.google.com/maps/place/Automotive+Supply+Center/data=!4m7!3m6!1s0x79524b6ebb67943b:0x6bd86f1fb5f9e5bd!8m2!3d19.7061367!4d-155.0651188!16s%2Fg%2F1tm29wn1!19sChIJO5Rnu25LUnkRveX5tR9v2Gs?authuser=0&hl=en&rclk=1,auto repair shop,Hilo,city,HI,2026-07-24T03:40:51,0x79524b6ebb67943b:0x6bd86f1fb5f9e5bd
Big Island Auto Care LLC,(808) 238-8022,,,"811 Laukapu St 14 & #15, Hilo, HI 96720, United States",811 Laukapu St 14 & #15,Hilo,HI,96720,4.8,18,Car detailing service,,,https://www.google.com/maps/place/Big+Island+Auto+Care+LLC/data=!4m7!3m6!1s0x79524b6d648f80f5:0xe34de1413ad9cc31!8m2!3d19.706595!4d-155.0668364!16s%2Fg%2F11qq_x5__j!19sChIJ9YCPZG1LUnkRMczZOkHhTeM?authuser=0&hl=en&rclk=1,auto repair shop,Hilo,city,HI,2026-07-24T02:29:31,0x79524b6d648f80f5:0xe34de1413ad9cc31
Big Island Brake & Front End,(808) 961-4466,,,"15 Kukila St, Hilo, HI 96720, United States",15 Kukila St,Hilo,HI,96720,4.7,21,Auto repair shop,,,https://www.google.com/maps/place/Big+Island+Brake+%26+Front+End/data=!4m7!3m6!1s0x79524b6da4a6fc05:0x28e4b97f450ef073!8m2!3d19.7028361!4d-155.0620465!16s%2Fg%2F1tdr3j36!19sChIJBfympG1LUnkRc_AORX-55Cg?authuser=0&hl=en&rclk=1,auto repair shop,Hilo,city,HI,2026-07-24T03:40:51,0x79524b6da4a6fc05:0x28e4b97f450ef073
Big Island Honda Hilo Service,(808) 930-2514,https://www.tonyhondahilo.com/,,"124 Wiwoole St, Hilo, HI 96720, United States",124 Wiwoole St,Hilo,HI,96720,4.2,27,Auto repair shop,,,https://www.google.com/maps/place/Big+Island+Honda+Hilo+Service/data=!4m7!3m6!1s0x79524b6c894fffff:0xf888533f46a2ae4d!8m2!3d19.702339!4d-155.065046!16s%2Fg%2F11hbv1kz14!19sChIJ__9PiWxLUnkRTa6iRj9TiPg?authuser=0&hl=en&rclk=1,auto repair shop,Hilo,city,HI,2026-07-24T02:29:31,0x79524b6c894fffff:0xf888533f46a2ae4d
Body Pros | Collision Repair & Auto Body,(808) 935-1861,,,"17 Halekauila St # A, Hilo, HI 96720, United States",17 Halekauila St # A,Hilo,HI,96720,4.5,49,Auto body shop,,,https://www.google.com/maps/place/Body+Pros+%7C+Collision+Repair+%26+Auto+Body/data=!4m7!3m6!1s0x79524b6c2b0b6e05:0x7aec468abf3d43f!8m2!3d19.7049624!4d-155.0633629!16s%2Fg%2F1tj57zx1!19sChIJBW4LK2xLUnkRP9Tzq2jErgc?authuser=0&hl=en&rclk=1,auto repair shop,Hilo,city,HI,2026-07-24T02:29:31,0x79524b6c2b0b6e05:0x7aec468abf3d43f
Cal's Union Services,(808) 959-9860,https://www.76.com/station/U76-CALS-SVC-0000907397/,,"56 E Puainako St, Hilo, HI 96720, United States",56 E Puainako St,Hilo,HI,96720,4.1,30,Auto repair shop,,,https://www.google.com/maps/place/Cal%27s+Union+Services/data=!4m7!3m6!1s0x79524b140231e415:0x110a784468d951be!8m2!3d19.6946533!4d-155.0665059!16s%2Fg%2F1tgk0vcm!19sChIJFeQxAhRLUnkRvlHZaER4ChE?authuser=0&hl=en&rclk=1,auto repair shop,Hilo,city,HI,2026-07-24T02:29:31,0x79524b140231e415:0x110a784468d951be
Car Tech Auto Repair,(808) 969-7711,,,"117 Holomua St # A, Hilo, HI 96720, United States",117 Holomua St # A,Hilo,HI,96720,5.0,22,Auto repair shop,,,https://www.google.com/maps/place/Car+Tech+Auto+Repair/data=!4m7!3m6!1s0x79524b6c83f31df5:0xc1275381d105f531!8m2!3d19.702324!4d-155.065776!16s%2Fg%2F1tm693yr!19sChIJ9R3zg2xLUnkRMfUF0YFTJ8E?authuser=0&hl=en&rclk=1,auto repair shop,Hawaii County,county,HI,2026-07-24T01:53:14,0x79524b6c83f31df5:0xc1275381d105f531
Central Pacific Rebuilders - Hilo,(808) 933-7911,,,"797 Kanoelehua Ave C, Hilo, HI 96720, United States",797 Kanoelehua Ave C,Hilo,HI,96720,4.9,23,Auto parts store,,,https://www.google.com/maps/place/Central+Pacific+Rebuilders+-+Hilo/data=!4m7!3m6!1s0x79524b6e930ebc6d:0xcad618b52cacdedc!8m2!3d19.706881!4d-155.0638392!16s%2Fg%2F1v6wpjkr!19sChIJbbwOk25LUnkR3N6sLLUY1so?authuser=0&hl=en&rclk=1,auto repair shop,Hilo,city,HI,2026-07-24T02:29:31,0x79524b6e930ebc6d:0xcad618b52cacdedc
Chika Nakano Repair Shop,(808) 935-1862,,,"90 Pookela St, Hilo, HI 96720, United States",90 Pookela St,Hilo,HI,96720,4.8,91,Gas station,,,https://www.google.com/maps/place/Chika+Nakano+Repair+Shop/data=!4m7!3m6!1s0x79524b016d2323a9:0x1dc780a8187356df!8m2!3d19.7032774!4d-155.0649533!16s%2Fg%2F11q96x0nrx!19sChIJqSMjbQFLUnkR31ZzGKiAxx0?authuser=0&hl=en&rclk=1,auto repair shop,Hilo,city,HI,2026-07-24T02:29:31,0x79524b016d2323a9:0x1dc780a8187356df
Clint's Auto Repair,(808) 959-4118,,,"2190 Kilauea Ave, Hilo, HI 96720, United States",2190 Kilauea Ave,Hilo,HI,96720,4.6,107,Auto repair shop,,,https://www.google.com/maps/place/Clint%27s+Auto+Repair/data=!4m7!3m6!1s0x79524b17646e9cad:0xff14e5d64176950a!8m2!3d19.689645!4d-155.0680867!16s%2Fg%2F11b7q73zk8!19sChIJrZxuZBdLUnkRCpV2QdblFP8?authuser=0&hl=en&rclk=1,auto repair shop,Hawaii County,county,HI,2026-07-24T01:53:14,0x79524b17646e9cad:0xff14e5d64176950a
DMS Diesel Repair LLC,(808) 935-6484,,,"24 Railroad Ave, Hilo, HI 96720, United States",24 Railroad Ave,Hilo,HI,96720,4.3,8,Truck repair shop,,,https://www.google.com/maps/place/DMS+Diesel+Repair+LLC/data=!4m7!3m6!1s0x79524b6fbf2fbdc5:0xa63d7aae84f16362!8m2!3d19.7087596!4d-155.0621827!16s%2Fg%2F1tc_r6lr!19sChIJxb0vv29LUnkRYmPxhK56PaY?authuser=0&hl=en&rclk=1,auto repair shop,Hilo,city,HI,2026-07-24T02:29:31,0x79524b6fbf2fbdc5:0xa63d7aae84f16362
East Bay Tire Co. | R&G Tire Center - Hilo,(808) 935-2966,https://www.eastbaytire.com/tire-service-leader/r-g-tire-center-hilo/,,"612 Kalanianaole St Bldg C, Hilo, HI 96720, United States",612 Kalanianaole St Bldg C,Hilo,HI,96720,4.7,167,Tire shop,,,https://www.google.com/maps/place/East+Bay+Tire+Co.+%7C+R%26G+Tire+Center+-+Hilo/data=!4m7!3m6!1s0x79524c83c0b07d19:0x1834673144fdd1cd!8m2!3d19.7253724!4d-155.0554511!16s%2Fg%2F1tp1z04g!19sChIJGX2wwINMUnkRzdH9RDFnNBg?authuser=0&hl=en&rclk=1,auto repair shop,Hilo,city,HI,2026-07-24T02:29:31,0x79524c83c0b07d19:0x1834673144fdd1cd
East Hawaii Auto Center,(808) 961-9190,http://www.easthawaiiautocenter.com/,,"843 Leilani St, Hilo, HI 96720, United States",843 Leilani St,Hilo,HI,96720,4.3,51,Auto repair shop,,,https://www.google.com/maps/place/East+Hawaii+Auto+Center/data=!4m7!3m6!1s0x79524c83de43fbfd:0x9f51a2929b81da62!8m2!3d19.7097454!4d-155.0624502!16s%2Fg%2F11bbwwt1dl!19sChIJ_ftD3oNMUnkRYtqBm5KiUZ8?authuser=0&hl=en&rclk=1,auto repair shop,Hawaii County,county,HI,2026-07-24T03:06:10,0x79524c83de43fbfd:0x9f51a2929b81da62
Ed's Custom Auto Glass-Repair,(808) 987-0223,,,"17 Makaala St #7, Hilo, HI 96720, United States",17 Makaala St #7,Hilo,HI,96720,5.0,2,Car inspection station,,,https://www.google.com/maps/place/Ed%27s+Custom+Auto+Glass-Repair/data=!4m7!3m6!1s0x79524b6be3e234ad:0x1349ad5b936a1acc!8m2!3d19.7051082!4d-155.0675302!16s%2Fg%2F1tklqrqf!19sChIJrTTi42tLUnkRzBpqk1utSRM?authuser=0&hl=en&rclk=1,auto repair shop,Hilo,city,HI,2026-07-24T02:29:31,0x79524b6be3e234ad:0x1349ad5b936a1acc
Hawaii Collision Center,(808) 961-3536,http://www.hawaiicollisioncenter.com/,,"199 Makaala St, Hilo, HI 96720, United States",199 Makaala St,Hilo,HI,96720,3.6,29,Auto body shop,,,https://www.google.com/maps/place/Hawaii+Collision+Center/data=!4m7!3m6!1s0x79524b14cb0551f5:0x82a9e03b1ef71ea9!8m2!3d19.7000084!4d-155.067396!16s%2Fg%2F1tdz50mj!19sChIJ9VEFyxRLUnkRqR73HjvgqYI?authuser=0&hl=en&rclk=1,auto repair shop,Hilo,city,HI,2026-07-16T10:51:40,0x79524b14cb0551f5:0x82a9e03b1ef71ea9
Hawaii KAR Care,(808) 238-5421,,,"239 Kalanikoa St, Hilo, HI 96720, United States",239 Kalanikoa St,Hilo,HI,96720,5.0,17,Auto repair shop,,,https://www.google.com/maps/place/Hawaii+KAR+Care/data=!4m7!3m6!1s0x79524c837acfdf03:0xe2ae6e527d88c818!8m2!3d19.7191081!4d-155.0655395!16s%2Fg%2F1262wxrs8!19sChIJA9_PeoNMUnkRGMiIfVJuruI?authuser=0&hl=en&rclk=1,auto repair shop,Hilo,city,HI,2026-07-24T03:40:51,0x79524c837acfdf03:0xe2ae6e527d88c818
Hilo,(808) 324-4869,,,"595 Kalanianaole St, Hilo, HI 96720, United States",595 Kalanianaole St,Hilo,HI,96720,4.6,8,Car repair and maintenance service,,,https://www.google.com/maps/place/Hilo/data=!4m7!3m6!1s0x79524c846cfbffff:0xbc3730b5f175cff2!8m2!3d19.7271036!4d-155.0558914!16s%2Fg%2F11ghr1dq67!19sChIJ___7bIRMUnkR8s918bUwN7w?authuser=0&hl=en&rclk=1,auto repair shop,Hilo,city,HI,2026-07-24T02:29:31,0x79524c846cfbffff:0xbc3730b5f175cff2
Hilo Service & Speed,(808) 934-9151,,,"191 Waianuenue Ave, Hilo, HI 96720, United States",191 Waianuenue Ave,Hilo,HI,96720,4.3,3,Auto repair shop,,,https://www.google.com/maps/place/Hilo+Service+%26+Speed/data=!4m7!3m6!1s0x79524b560536e4c1:0x360ffe07f9e5cfe7!8m2!3d19.7249874!4d-155.0891241!16s%2Fg%2F11c6q6qs9b!19sChIJweQ2BVZLUnkR58_l-Qf-DzY?authuser=0&hl=en&rclk=1,auto repair shop,Hilo,city,HI,2026-07-24T03:40:51,0x79524b560536e4c1:0x360ffe07f9e5cfe7
Island Wide Performance & Repairs,(808) 238-0001,https://www.islandwideperformanceandrepairs.com/,,"1260 Kilauea Ave, Hilo, HI 96720, United States",1260 Kilauea Ave,Hilo,HI,96720,5.0,4,Auto repair shop,,,https://www.google.com/maps/place/Island+Wide+Performance+%26+Repairs/data=!4m7!3m6!1s0x79524bc4be140e69:0x1bb9db17d4dd17ba!8m2!3d19.7102808!4d-155.0766343!16s%2Fg%2F11yx_j8npg!19sChIJaQ4UvsRLUnkRuhfd1BfbuRs?authuser=0&hl=en&rclk=1,auto repair shop,Hawaii County,county,HI,2026-07-24T01:53:14,0x79524bc4be140e69:0x1bb9db17d4dd17ba
J P Automotive,(808) 935-9000,,,"494 Kalanikoa St #3, Hilo, HI 96720, United States",494 Kalanikoa St #3,Hilo,HI,96720,4.9,45,Auto repair shop,,,https://www.google.com/maps/place/J+P+Automotive/data=!4m7!3m6!1s0x79524b669fcd7b5b:0x25b5f18b4136f6f4!8m2!3d19.7151121!4d-155.0658349!16s%2Fg%2F1th5jntx!19sChIJW3vNn2ZLUnkR9PY2QYvxtSU?authuser=0&hl=en&rclk=1,auto repair shop,Hawaii County,county,HI,2026-07-24T03:06:10,0x79524b669fcd7b5b:0x25b5f18b4136f6f4
JTs Mobile Auto Repair,(808) 464-0429,,,"112 Haili St, Hilo, HI 96720, United States",112 Haili St,Hilo,HI,96720,,,Car repair and maintenance service,,,https://www.google.com/maps/place/JTs+Mobile+Auto+Repair/data=!4m7!3m6!1s0x79524b52cf7c68d5:0x1bb2a2d772a6e6d5!8m2!3d19.724035!4d-155.087435!16s%2Fg%2F11fb0k19b6!19sChIJ1Wh8z1JLUnkR1eamcteishs?authuser=0&hl=en&rclk=1,auto repair shop,Hilo,city,HI,2026-07-24T02:29:31,0x79524b52cf7c68d5:0x1bb2a2d772a6e6d5
K&J Tire Center,(808) 961-2604,https://www.kjtirecenter.com/,,"266 Kekuanaoa St, Hilo, HI 96720, United States",266 Kekuanaoa St,Hilo,HI,96720,4.7,261,Tire shop,,,https://www.google.com/maps/place/K%26J+Tire+Center/data=!4m7!3m6!1s0x79524b42dc6c4bc5:0x273e085ad73d6d23!8m2!3d19.7115103!4d-155.0745518!16s%2Fg%2F1tk8nt34!19sChIJxUts3EJLUnkRI20911oIPic?authuser=0&hl=en&rclk=1,auto repair shop,Hilo,city,HI,2026-07-24T02:29:31,0x79524b42dc6c4bc5:0x273e085ad73d6d23
"Kalawe's Auto Repair, LLC",(808) 969-1199,https://karllc808.site/?utm_source=gmb&utm_medium=referral,,"80 Pohaku St, Hilo, HI 96720, United States",80 Pohaku St,Hilo,HI,96720,3.9,11,Auto repair shop,,,"https://www.google.com/maps/place/Kalawe%27s+Auto+Repair,+LLC/data=!4m7!3m6!1s0x79524b6b644519c1:0x2ec514a6ffb2ebaf!8m2!3d19.7021741!4d-155.0627997!16s%2Fg%2F1wk6zzp0!19sChIJwRlFZGtLUnkRr-uy_6YUxS4?authuser=0&hl=en&rclk=1",auto repair shop,Kalawao County,county,HI,2026-07-24T03:17:13,0x79524b6b644519c1:0x2ec514a6ffb2ebaf
Kama'aina Motors,(808) 935-3741,https://www.kamaainamotors.com/,,"400 E Kawili St, Hilo, HI 96720, United States",400 E Kawili St,Hilo,HI,96720,4.8,659,Car dealer,,,https://www.google.com/maps/place/Kama%27aina+Motors/data=!4m7!3m6!1s0x79524b6c1d155555:0xd98007dbda9435f7!8m2!3d19.7053592!4d-155.0652777!16s%2Fg%2F11sw_3prsq!19sChIJVVUVHWxLUnkR9zWU2tsHgNk?authuser=0&hl=en&rclk=1,auto repair shop,Hilo,city,HI,2026-07-24T02:29:31,0x79524b6c1d155555:0xd98007dbda9435f7
Kawila Autobody and Paint,(808) 315-6933,,,"595 Kalanianaole St, Hilo, HI 96720, United States",595 Kalanianaole St,Hilo,HI,96720,4.0,23,Auto body shop,,,https://www.google.com/maps/place/Kawila+Autobody+and+Paint/data=!4m7!3m6!1s0x79524dd3109af6eb:0x6f3260c527c5a934!8m2!3d19.7271036!4d-155.0558914!16s%2Fg%2F11pdmyk4zt!19sChIJ6_aaENNNUnkRNKnFJ8VgMm8?authuser=0&hl=en&rclk=1,auto repair shop,Hilo,city,HI,2026-07-24T02:29:31,0x79524dd3109af6eb:0x6f3260c527c5a934
Kent's Auto Repair,(808) 960-3491,,,"34 Pookela St, Hilo, HI 96720, United States",34 Pookela St,Hilo,HI,96720,4.7,13,Auto repair shop,,,https://www.google.com/maps/place/Kent%27s+Auto+Repair/data=!4m7!3m6!1s0x79524b6b8393dd2f:0x3f04e61b8513d3bd!8m2!3d19.7031579!4d-155.066596!16s%2Fg%2F1tcvj929!19sChIJL92Tg2tLUnkRvdMThRvmBD8?authuser=0&hl=en&rclk=1,auto repair shop,Hawaii County,county,HI,2026-07-24T01:53:14,0x79524b6b8393dd2f:0x3f04e61b8513d3bd
Keoki's Auto Repair,(808) 935-6465,,,"23 Pohaku St E, Hilo, HI 96720, United States",23 Pohaku St E,Hilo,HI,96720,5.0,9,Auto repair shop,,,https://www.google.com/maps/place/Keoki%27s+Auto+Repair/data=!4m7!3m6!1s0x79524b403ae1f7d5:0xff2a022ef9b35eac!8m2!3d19.7033546!4d-155.0634236!16s%2Fg%2F1th5cs49!19sChIJ1ffhOkBLUnkRrF6z-S4CKv8?authuser=0&hl=en&rclk=1,auto repair shop,Hilo,city,HI,2026-07-24T03:40:51,0x79524b403ae1f7d5:0xff2a022ef9b35eac
Kevin's Auto & Truck Repair LLC,(808) 935-4650,https://kevinsautohilo.com/,,"Makaala St 177 A, Hilo, HI 96720, United States",Makaala St 177 A,Hilo,HI,96720,4.5,44,Auto repair shop,,,https://www.google.com/maps/place/Kevin%27s+Auto+%26+Truck+Repair+LLC/data=!4m7!3m6!1s0x79524b6b4958a6a7:0x5d3d96f1f7ccd41c!8m2!3d19.7007769!4d-155.0673636!16s%2Fg%2F1td6sfgh!19sChIJp6ZYSWtLUnkRHNTM9_GWPV0?authuser=0&hl=en&rclk=1,auto repair shop,Hawaii County,county,HI,2026-07-24T01:53:14,0x79524b6b4958a6a7:0x5d3d96f1f7ccd41c
Lex Brodie's FastLube Hilo,(808) 935-5823,http://lexbrodiesfastlube.com/,,"1089 Kilauea Ave, Hilo, HI 96720, United States",1089 Kilauea Ave,Hilo,HI,96720,4.6,516,Oil change service,,,https://www.google.com/maps/place/Lex+Brodie%27s+FastLube+Hilo/data=!4m7!3m6!1s0x79524b90c3c76b91:0x2b5560056a9eb263!8m2!3d19.7127632!4d-155.0768906!16s%2Fg%2F11h2lfl526!19sChIJkWvHw5BLUnkRY7KeagVgVSs?authuser=0&hl=en&rclk=1,auto repair shop,Hilo,city,HI,2026-07-24T02:29:31,0x79524b90c3c76b91:0x2b5560056a9eb263
Lex Brodie's Tires Hilo Kilauea,(808) 746-3183,http://lexbrodiestire.com/,,"1095 Kilauea Ave, Hilo, HI 96720, United States",1095 Kilauea Ave,Hilo,HI,96720,4.6,201,Tire shop,,,https://www.google.com/maps/place/Lex+Brodie%27s+Tires+Hilo+Kilauea/data=!4m7!3m6!1s0x79524b78bf9e1f2d:0x70846c043018ff47!8m2!3d19.712276!4d-155.0767664!16s%2Fg%2F11rxy2gnw_!19sChIJLR-ev3hLUnkRR_8YMARshHA?authuser=0&hl=en&rclk=1,auto repair shop,Hilo,city,HI,2026-07-24T03:40:51,0x79524b78bf9e1f2d:0x70846c043018ff47
Lex Brodie's Tires Hilo Wiwoole,(844) 739-7879,http://www.lexbrodiestire.com/,,"170 Wiwoole St # B, Hilo, HI 96720, United States",170 Wiwoole St # B,Hilo,HI,96720,4.6,615,Tire shop,,,https://www.google.com/maps/place/Lex+Brodie%27s+Tires+Hilo+Wiwoole/data=!4m7!3m6!1s0x79524b6c92aef6fb:0xe647d7316b8305e2!8m2!3d19.7019055!4d-155.0653694!16s%2Fg%2F1tfydsg7!19sChIJ-_aukmxLUnkR4gWDazHXR-Y?authuser=0&hl=en&rclk=1,auto repair shop,Hilo,city,HI,2026-07-24T03:40:51,0x79524b6c92aef6fb:0xe647d7316b8305e2
Louie's Auto Repair,(808) 935-8101,,,"219 Kalanikoa St, Hilo, HI 96720, United States",219 Kalanikoa St,Hilo,HI,96720,5.0,23,Auto repair shop,,,https://www.google.com/maps/place/Louie%27s+Auto+Repair/data=!4m7!3m6!1s0x79524b6232bd66ad:0x92c591db6253d339!8m2!3d19.719437!4d-155.0655428!16s%2Fg%2F1tff7tmf!19sChIJrWa9MmJLUnkROdNTYtuRxZI?authuser=0&hl=en&rclk=1,auto repair shop,Hawaii County,county,HI,2026-07-24T01:53:14,0x79524b6232bd66ad:0x92c591db6253d339
Mid Pacific Diesel,(808) 990-8485,,,"133 Makaala St, Hilo, HI 96720, United States",133 Makaala St,Hilo,HI,96720,5.0,3,Diesel engine repair service,,,https://www.google.com/maps/place/Mid+Pacific+Diesel/data=!4m7!3m6!1s0xe4f9e3e76b21fc7:0x4ed463fba956ae38!8m2!3d19.7018829!4d-155.067235!16s%2Fg%2F11q3s_bd25!19sChIJxx-ydj6eTw4ROK5Wqftj1E4?authuser=0&hl=en&rclk=1,auto repair shop,Hilo,city,HI,2026-07-16T10:51:40,0xe4f9e3e76b21fc7:0x4ed463fba956ae38
Night Magic Engineering NME,(808) 464-5395,,,"65 Makaala St, Hilo, HI 96720, United States",65 Makaala St,Hilo,HI,96720,5.0,2,Auto repair shop,,,https://www.google.com/maps/place/Night+Magic+Engineering+NME/data=!4m7!3m6!1s0x79524be6f4b56e37:0xab6e5b11e5dbc1fc!8m2!3d19.7037333!4d-155.0674563!16s%2Fg%2F11nykm86m7!19sChIJN2619OZLUnkR_MHb5RFbbqs?authuser=0&hl=en&rclk=1,auto repair shop,Hilo,city,HI,2026-07-24T02:29:31,0x79524be6f4b56e37:0xab6e5b11e5dbc1fc
Orchid Isle Ford Service,(808) 329-4851,https://www.fords-online.com/,,"1030 Kanoelehua Ave, Hilo, HI 96720, United States",1030 Kanoelehua Ave,Hilo,HI,96720,3.4,5,Auto repair shop,,,https://www.google.com/maps/place/Orchid+Isle+Ford+Service/data=!4m7!3m6!1s0x79524ba2b7cda6c5:0xb346d1665461a59!8m2!3d19.6997062!4d-155.065973!16s%2Fg%2F11qpymw8pr!19sChIJxabNt6JLUnkRWRpGZRZtNAs?authuser=0&hl=en&rclk=1,auto repair shop,Hilo,city,HI,2026-07-24T02:29:31,0x79524ba2b7cda6c5:0xb346d1665461a59
Orchid Isle Lincoln Service,(855) 704-2211,http://www.fords-online.com/?utm_source=gmbsvc&utm_medium=social&mcmid=gmbsvc,,"1030 Kanoelehua Ave, Hilo, HI 96720, United States",1030 Kanoelehua Ave,Hilo,HI,96720,,,Auto repair shop,,,https://www.google.com/maps/place/Orchid+Isle+Lincoln+Service/data=!4m7!3m6!1s0x79524baea0f18181:0x1f3592695c2d2e25!8m2!3d19.6998381!4d-155.0658373!16s%2Fg%2F11ll4dbj0b!19sChIJgYHxoK5LUnkRJS4tXGmSNR8?authuser=0&hl=en&rclk=1,auto repair shop,Hilo,city,HI,2026-07-16T10:51:40,0x79524baea0f18181:0x1f3592695c2d2e25
Paradise Automotive Kolors,(808) 982-8883,,,"210 Makaala St, Hilo, HI 96720, United States",210 Makaala St,Hilo,HI,96720,4.5,13,Auto body shop,,,https://www.google.com/maps/place/Paradise+Automotive+Kolors/data=!4m7!3m6!1s0x79524a814313de7f:0x407e1e8a7a91a796!8m2!3d19.6994468!4d-155.0677344!16s%2Fg%2F113fly9_b!19sChIJf94TQ4FKUnkRlqeReooefkA?authuser=0&hl=en&rclk=1,auto repair shop,Hilo,city,HI,2026-07-24T02:29:31,0x79524a814313de7f:0x407e1e8a7a91a796
Plan B Automotive,(808) 731-5317,,,"117 Holomua St, Hilo, HI 96720, United States",117 Holomua St,Hilo,HI,96720,4.8,10,Auto repair shop,,,https://www.google.com/maps/place/Plan+B+Automotive/data=!4m7!3m6!1s0x79524b8949494e23:0xc8421e912e4cdca1!8m2!3d19.7023619!4d-155.0657876!16s%2Fg%2F11ll3f226g!19sChIJI05JSYlLUnkRodxMLpEeQsg?authuser=0&hl=en&rclk=1,auto repair shop,Hilo,city,HI,2026-07-24T03:40:51,0x79524b8949494e23:0xc8421e912e4cdca1
Precision Small Engine Repair,(808) 937-6462,,,"188 Makaala St, Hilo, HI 96720, United States",188 Makaala St,Hilo,HI,96720,5.0,20,Engine rebuilding service,,,https://www.google.com/maps/place/Precision+Small+Engine+Repair/data=!4m7!3m6!1s0x79524b55e75145f7:0x558670aa66927fd6!8m2!3d19.7004113!4d-155.068156!16s%2Fg%2F11fl77wp6l!19sChIJ90VR51VLUnkR1n-SZqpwhlU?authuser=0&hl=en&rclk=1,auto repair shop,Hilo,city,HI,2026-07-24T02:29:31,0x79524b55e75145f7:0x558670aa66927fd6
Pro mechanix,(808) 961-1212,,,"161 Kekuanaoa St, Hilo, HI 96720, United States",161 Kekuanaoa St,Hilo,HI,96720,4.9,11,Mechanic,,,https://www.google.com/maps/place/Pro+mechanix/data=!4m7!3m6!1s0x79524ba1b8afbba7:0xe4be5588088c6f77!8m2!3d19.7117306!4d-155.075807!16s%2Fg%2F11h1zd9933!19sChIJp7uvuKFLUnkRd2-MCIhVvuQ?authuser=0&hl=en&rclk=1,auto repair shop,Hilo,city,HI,2026-07-16T10:51:40,0x79524ba1b8afbba7:0xe4be5588088c6f77
Quiet Auto,(916) 868-2069,,,"223 Mohouli St, Hilo, HI 96720, United States",223 Mohouli St,Hilo,HI,96720,5.0,1,Car repair and maintenance service,,,https://www.google.com/maps/place/Quiet+Auto/data=!4m7!3m6!1s0x79524be3d2a8c65b:0x2725df8e54205629!8m2!3d19.7101563!4d-155.082976!16s%2Fg%2F11ywp78q43!19sChIJW8ao0uNLUnkRKVYgVI7fJSc?authuser=0&hl=en&rclk=1,auto repair shop,Hilo,city,HI,2026-07-24T02:29:31,0x79524be3d2a8c65b:0x2725df8e54205629
Ray's Repair,(808) 934-7116,,,"17 Makaala St #1B, Hilo, HI 96720, United States",17 Makaala St #1B,Hilo,HI,96720,4.3,6,Auto repair shop,,,https://www.google.com/maps/place/Ray%27s+Repair/data=!4m7!3m6!1s0x79524b6be3e234ad:0x52464bba27896a6f!8m2!3d19.7054678!4d-155.0672132!16s%2Fg%2F1x5qs_3s!19sChIJrTTi42tLUnkRb2qJJ7pLRlI?authuser=0&hl=en&rclk=1,auto repair shop,Hilo,city,HI,2026-07-24T02:29:31,0x79524b6be3e234ad:0x52464bba27896a6f
Reflections Auto Body & Paint,(808) 731-9160,,,"825 Uilani Pl, Hilo, HI 96720, United States",825 Uilani Pl,Hilo,HI,96720,5.0,1,Auto body shop,,,https://www.google.com/maps/place/Reflections+Auto+Body+%26+Paint/data=!4m7!3m6!1s0x79524bb1f407766d:0x65bf5758cdd95baf!8m2!3d19.6806734!4d-155.0912625!16s%2Fg%2F11hhsmfz3m!19sChIJbXYH9LFLUnkRr1vZzVhXv2U?authuser=0&hl=en&rclk=1,auto repair shop,Hilo,city,HI,2026-07-24T02:29:31,0x79524bb1f407766d:0x65bf5758cdd95baf
Royden's Auto Services,(808) 933-1077,,,"23 Kukila St Ste D, Hilo, HI 96720, United States",23 Kukila St Ste D,Hilo,HI,96720,5.0,11,Auto repair shop,,,https://www.google.com/maps/place/Royden%27s+Auto+Services/data=!4m7!3m6!1s0x79524b6da23f6ced:0xe008e57ff8b8ff8d!8m2!3d19.7026778!4d-155.061778!16s%2Fg%2F1tj9c634!19sChIJ7Ww_om1LUnkRjf-4-H_lCOA?authuser=0&hl=en&rclk=1,auto repair shop,Hilo,city,HI,2026-07-24T03:40:51,0x79524b6da23f6ced:0xe008e57ff8b8ff8d
Safelite AutoGlass,(877) 664-8932,https://www.safelite.com/stores/manono-hi?utm_source=yext&utm_medium=list&utm_campaign=local&y_source=1_MTA0MzAwODI0Ni03MTUtbG9jYXRpb24ud2Vic2l0ZQ%3D%3D,,"1133 Manono St #9, Hilo, HI 96720, United States",1133 Manono St #9,Hilo,HI,96720,4.6,73,Glass repair service,,,https://www.google.com/maps/place/Safelite+AutoGlass/data=!4m7!3m6!1s0x79524b799331c5eb:0xc4ddfdd2a263156b!8m2!3d19.7062886!4d-155.0698494!16s%2Fg%2F11vwm6zsz8!19sChIJ68Uxk3lLUnkRaxVjotL93cQ?authuser=0&hl=en&rclk=1,auto repair shop,Hilo,city,HI,2026-07-16T10:51:40,0x79524b799331c5eb:0xc4ddfdd2a263156b
Sanborn Collision Repair LLC,(808) 935-7607,,,"100 Holomua St, Hilo, HI 96720, United States",100 Holomua St,Hilo,HI,96720,4.7,24,Auto repair shop,,,https://www.google.com/maps/place/Sanborn+Collision+Repair+LLC/data=!4m7!3m6!1s0x79524b9963d49721:0x5697303193113d08!8m2!3d19.7028312!4d-155.066622!16s%2Fg%2F11ffvxf39f!19sChIJIZfUY5lLUnkRCD0RkzEwl1Y?authuser=0&hl=en&rclk=1,auto repair shop,Hilo,city,HI,2026-07-24T03:40:51,0x79524b9963d49721:0x5697303193113d08
Seany B's Auto,(808) 934-7414,http://seanybsauto.com/,,"36-C Makaala St, Hilo, HI 96720, United States",36-C Makaala St,Hilo,HI,96720,4.8,156,Auto repair shop,,,https://www.google.com/maps/place/Seany+B%27s+Auto/data=!4m7!3m6!1s0x79539dbed46a0927:0xda99d1d4719cdf1a!8m2!3d19.704582!4d-155.067894!16s%2Fg%2F1tjy1q0s!19sChIJJwlq1L6dU3kRGt-ccdTRmdo?authuser=0&hl=en&rclk=1,auto repair shop,Hawaii County,county,HI,2026-07-24T01:53:14,0x79539dbed46a0927:0xda99d1d4719cdf1a
Servco Toyota Hilo,(855) 409-5207,http://www.servcotoyotahilo.com/?utm_source=GMB&utm_medium=organic&utm_campaign=STBH_gmb,,"811 Kanoelehua Ave, Hilo, HI 96720, United States",811 Kanoelehua Ave,Hilo,HI,96720,4.5,714,Toyota dealer,,,https://www.google.com/maps/place/Servco+Toyota+Hilo/data=!4m7!3m6!1s0x79524b6ca5d91b9d:0xb1b789651110b841!8m2!3d19.7060995!4d-155.0634411!16s%2Fg%2F1td7nj5q!19sChIJnRvZpWxLUnkRQbgQEWWJt7E?authuser=0&hl=en&rclk=1,auto repair shop,Hilo,city,HI,2026-07-24T02:29:31,0x79524b6ca5d91b9d:0xb1b789651110b841
Service Center at Aloha Kia Hilo,(808) 935-3500,https://www.alohakiahilo.com/schedule-service.htm,,"226 Kanoelehua Ave, Hilo, HI 96720, United States",226 Kanoelehua Ave,Hilo,HI,96720,4.8,87,Car repair and maintenance service,,,https://www.google.com/maps/place/Service+Center+at+Aloha+Kia+Hilo/data=!4m7!3m6!1s0x79524b0b70937743:0xac124a25b94f303a!8m2!3d19.7193486!4d-155.0647679!16s%2Fg%2F11l1ng9njg!19sChIJQ3eTcAtLUnkROjBPuSVKEqw?authuser=0&hl=en&rclk=1,auto repair shop,Hilo,city,HI,2026-07-24T02:29:31,0x79524b0b70937743:0xac124a25b94f303a
Service Department - Kamaaina Motors,(888) 401-6173,https://www.kamaainamotors.com/?utm_source=google&utm_medium=organic&utm_campaign=google_my_business&utm_content=website_link,,"400 E Kawili St, Hilo, HI 96720, United States",400 E Kawili St,Hilo,HI,96720,4.8,128,Auto repair shop,,,https://www.google.com/maps/place/Service+Department+-+Kamaaina+Motors/data=!4m7!3m6!1s0x79524b720566f281:0xdbf04e272e311abc!8m2!3d19.7056125!4d-155.0656067!16s%2Fg%2F11jmtdb737!19sChIJgfJmBXJLUnkRvBoxLidO8Ns?authuser=0&hl=en&rclk=1,auto repair shop,Hawaii County,county,HI,2026-07-24T01:53:14,0x79524b720566f281:0xdbf04e272e311abc
Shawnz Muffler & Brake,(808) 969-7855,,,"735 Manono St, Hilo, HI 96720, United States",735 Manono St,Hilo,HI,96720,4.9,14,Auto repair shop,,,https://www.google.com/maps/place/Shawnz+Muffler+%26+Brake/data=!4m7!3m6!1s0x79524b6c83f31df5:0xfd3ca55aa576fd39!8m2!3d19.7122488!4d-155.069857!16s%2Fg%2F1tmgcmtp!19sChIJ9R3zg2xLUnkROf12pVqlPP0?authuser=0&hl=en&rclk=1,auto repair shop,Hilo,city,HI,2026-07-24T03:40:51,0x79524b6c83f31df5:0xfd3ca55aa576fd39
Stan's Fast Lube & Repair,(808) 935-9132,http://stans-fast-lube-repair.jany.io/,,"23 Pohaku St Ste D, Hilo, HI 96720, United States",23 Pohaku St Ste D,Hilo,HI,96720,4.7,58,Oil change service,,,https://www.google.com/maps/place/Stan%27s+Fast+Lube+%26+Repair/data=!4m7!3m6!1s0x79524b6c4dd995c7:0xfb2369f8ce4648ca!8m2!3d19.703341!4d-155.063324!16s%2Fg%2F1tl4d73y!19sChIJx5XZTWxLUnkRykhGzvhpI_s?authuser=0&hl=en&rclk=1,auto repair shop,Hilo,city,HI,2026-07-24T02:29:31,0x79524b6c4dd995c7:0xfb2369f8ce4648ca
TLS Motor Sports,(808) 933-3530,,,"851 Leilani St # F, Hilo, HI 96720, United States",851 Leilani St # F,Hilo,HI,96720,4.9,10,Auto repair shop,,,https://www.google.com/maps/place/TLS+Motor+Sports/data=!4m7!3m6!1s0x79524b6f90cef893:0xef4734944f99bc7!8m2!3d19.7095576!4d-155.0622511!16s%2Fg%2F1tk233z4!19sChIJk_jOkG9LUnkRx5v5RElz9A4?authuser=0&hl=en&rclk=1,auto repair shop,Hilo,city,HI,2026-07-24T03:40:51,0x79524b6f90cef893:0xef4734944f99bc7
Tony Honda Hilo,(808) 961-5505,https://www.tonyhondahilo.com/?utm_source=google&utm_medium=organic&utm_campaign=gbp_sales,,"124 Wiwoole St, Hilo, HI 96720, United States",124 Wiwoole St,Hilo,HI,96720,4.8,1126,Car dealer,,,https://www.google.com/maps/place/Tony+Honda+Hilo/data=!4m7!3m6!1s0x79524b6c893380c5:0xdb432e5b8127c35d!8m2!3d19.7024079!4d-155.0648905!16s%2Fg%2F1tjt23yx!19sChIJxYAziWxLUnkRXcMngVsuQ9s?authuser=0&hl=en&rclk=1,auto repair shop,Hilo,city,HI,2026-07-16T10:51:40,0x79524b6c893380c5:0xdb432e5b8127c35d
Tony Honda Hilo Service Department,(808) 930-2514,https://www.tonyhondahilo.com/service.aspx?utm_source=google&utm_medium=organic&utm_campaign=gbp_service,,"124 Wiwoole St, Hilo, HI 96720, United States",124 Wiwoole St,Hilo,HI,96720,4.9,47,Car repair and maintenance service,,,https://www.google.com/maps/place/Tony+Honda+Hilo+Service+Department/data=!4m7!3m6!1s0x79524b4ccfa44457:0xe4d3a4b831e2422c!8m2!3d19.702339!4d-155.065046!16s%2Fg%2F11jg1704st!19sChIJV0Skz0xLUnkRLELiMbik0-Q?authuser=0&hl=en&rclk=1,auto repair shop,Hilo,city,HI,2026-07-24T02:29:31,0x79524b4ccfa44457:0xe4d3a4b831e2422c
Transmission Technology Hilo LLC,(808) 935-1600,https://transtechhawaii.com/,,"20 Lanihuli St, Hilo, HI 96720, United States",20 Lanihuli St,Hilo,HI,96720,4.4,70,Transmission shop,,,https://www.google.com/maps/place/Transmission+Technology+Hilo+LLC/data=!4m7!3m6!1s0x79524b4357ebb7f3:0x85d2f44738db219!8m2!3d19.7121654!4d-155.0780389!16s%2Fg%2F1tf_t1vk!19sChIJ87frV0NLUnkRGbKNc0QvXQg?authuser=0&hl=en&rclk=1,auto repair shop,Hilo,city,HI,2026-07-24T02:29:31,0x79524b4357ebb7f3:0x85d2f44738db219
Wheel Alignment Hawaii,(808) 969-9995,,,"266 Kekuanaoa St, Hilo, HI 96720, United States",266 Kekuanaoa St,Hilo,HI,96720,3.9,33,Auto repair shop,,,https://www.google.com/maps/place/Wheel+Alignment+Hawaii/data=!4m7!3m6!1s0x79524b42dc6c4bc5:0xc1e630985bdf23d4!8m2!3d19.7113748!4d-155.0745343!16s%2Fg%2F1thbww8h!19sChIJxUts3EJLUnkR1CPfW5gw5sE?authuser=0&hl=en&rclk=1,auto repair shop,Hilo,city,HI,2026-07-24T02:29:31,0x79524b42dc6c4bc5:0xc1e630985bdf23d4
Xtreme Auto Works,(808) 895-3250,,,"21 Kalanianaole St, Hilo, HI 96720, United States",21 Kalanianaole St,Hilo,HI,96720,5.0,6,Auto repair shop,,,https://www.google.com/maps/place/Xtreme+Auto+Works/data=!4m7!3m6!1s0x79524cb3769bffff:0x9b8e09830f7ce20d!8m2!3d19.7234564!4d-155.063537!16s%2Fg%2F11fll6kgq9!19sChIJ__-bdrNMUnkRDeJ8D4MJjps?authuser=0&hl=en&rclk=1,auto repair shop,Hilo,city,HI,2026-07-24T02:29:31,0x79524cb3769bffff:0x9b8e09830f7ce20d
Kalaupapa Lookout,(808) 587-0286,http://dlnr.hawaii.gov/,,"Pala'au State Park, Highway 47, Ho'olehua, HI 96729, United States","Pala'au State Park, Highway 47",Ho'olehua,HI,96729,4.9,260,Scenic spot,,,https://www.google.com/maps/place/Kalaupapa+Lookout/data=!4m7!3m6!1s0x7eaab80f35f21e7d:0x7d7c05bfddad01fa!8m2!3d21.1770112!4d-157.00506!16s%2Fg%2F11c2ply_xc!19sChIJfR7yNQ-4qn4R-gGt3b8FfH0?authuser=0&hl=en&rclk=1,auto repair shop,Kalawao County,county,HI,2026-07-24T03:17:13,0x7eaab80f35f21e7d:0x7d7c05bfddad01fa
Hualālai Garage,(808) 324-4772,,,"77-6069 Mamalahoa Hwy, Holualoa, HI 96725, United States",77-6069 Mamalahoa Hwy,Holualoa,HI,96725,4.5,28,Auto repair shop,,,https://www.google.com/maps/place/Hual%C4%81lai+Garage/data=!4m7!3m6!1s0x795408d290f609c3:0xff2628ba47f773f5!8m2!3d19.6096067!4d-155.9493684!16s%2Fg%2F1q5bnbll6!19sChIJwwn2kNIIVHkR9XP3R7ooJv8?authuser=0&hl=en&rclk=1,auto repair shop,Hawaii County,county,HI,2026-07-24T01:53:14,0x795408d290f609c3:0xff2628ba47f773f5
808 Mobile Auto Repair,(808) 520-3573,,,"620 Dillingham Blvd, Honolulu, HI 96817, United States",620 Dillingham Blvd,Honolulu,HI,96817,4.0,25,Car repair and maintenance service,,,https://www.google.com/maps/place/808+Mobile+Auto+Repair/data=!4m7!3m6!1s0x7c006f8bf37f979d:0xceabc018d6ddc95c!8m2!3d21.3188271!4d-157.8671549!16s%2Fg%2F11fwh88zpb!19sChIJnZd_84tvAHwRXMnd1hjAq84?authuser=0&hl=en&rclk=1,auto repair shop,Honolulu County,county,HI,2026-07-16T10:07:48,0x7c006f8bf37f979d:0xceabc018d6ddc95c
A & A Motor Werkes,(808) 739-1599,http://www.aamotorwerkeshi.com/,,"501 Sumner St #601, Honolulu, HI 96817, United States",501 Sumner St #601,Honolulu,HI,96817,4.9,94,Auto repair shop,,,https://www.google.com/maps/place/A+%26+A+Motor+Werkes/data=!4m7!3m6!1s0x7c006d832f9b8d11:0xfdd8ace340b3c33b!8m2!3d21.3180334!4d-157.8689315!16s%2Fg%2F1tcvv1sb!19sChIJEY2bL4NtAHwRO8OzQOOs2P0?authuser=0&hl=en&rclk=1,auto repair shop,Honolulu County,county,HI,2026-07-24T03:12:08,0x7c006d832f9b8d11:0xfdd8ace340b3c33b
A & H Auto Repair,(808) 735-0530,,,"455 Kapahulu Ave, Honolulu, HI 96815, United States",455 Kapahulu Ave,Honolulu,HI,96815,4.5,17,Car repair and maintenance service,,,https://www.google.com/maps/place/A+%26+H+Auto+Repair/data=!4m7!3m6!1s0x7c00739dcb8c8019:0x52cda3cb17723b8b!8m2!3d21.2751872!4d-157.8151793!16s%2Fg%2F11h92y05fr!19sChIJGYCMy51zAHwRiztyF8ujzVI?authuser=0&hl=en&rclk=1,auto repair shop,Honolulu,city,HI,2026-07-24T03:36:46,0x7c00739dcb8c8019:0x52cda3cb17723b8b
A's Automotive Shop,(808) 744-7200,https://carstereoinstallationurbanhonolulu.com/,,"430 Sumner St, Honolulu, HI 96817, United States",430 Sumner St,Honolulu,HI,96817,5.0,21,Auto machine shop,,,https://www.google.com/maps/place/A%27s+Automotive+Shop/data=!4m7!3m6!1s0x7c006fe7ae05f89f:0xec5be612f8e709f1!8m2!3d21.3170479!4d-157.8679932!16s%2Fg%2F11rq19xy30!19sChIJn_gFrudvAHwR8Qnn-BLmW-w?authuser=0&hl=en&rclk=1,auto repair shop,Honolulu County,county,HI,2026-07-24T03:12:08,0x7c006fe7ae05f89f:0xec5be612f8e709f1
A+ Muffler & Brakes,(808) 372-8124,https://aplusmufflers.com/,,"1558 S King St, Honolulu, HI 96826, United States",1558 S King St,Honolulu,HI,96826,4.8,139,Muffler shop,,,https://www.google.com/maps/place/A%2B+Muffler+%26+Brakes/data=!4m7!3m6!1s0x7c006db528657b9f:0xdd830141faa40de8!8m2!3d21.2972953!4d-157.8362301!16s%2Fg%2F11h37n3lg5!19sChIJn3tlKLVtAHwR6A2k-kEBg90?authuser=0&hl=en&rclk=1,auto repair shop,Honolulu County,county,HI,2026-07-16T10:07:48,0x7c006db528657b9f:0xdd830141faa40de8
A-1 Auto Repair,(808) 842-7700,https://www.a1autorepairhawaii.com/,,"1810 Kalani St, Honolulu, HI 96819, United States",1810 Kalani St,Honolulu,HI,96819,4.6,101,Auto repair shop,,,https://www.google.com/maps/place/A-1+Auto+Repair/data=!4m7!3m6!1s0x7c006f4cdfd4fd9d:0x2e9a04ee7b85537a!8m2!3d21.3264368!4d-157.8817791!16s%2Fg%2F11y4905k2r!19sChIJnf3U30xvAHwRelOFe-4Emi4?authuser=0&hl=en&rclk=1,auto repair shop,Honolulu County,county,HI,2026-07-24T03:12:08,0x7c006f4cdfd4fd9d:0x2e9a04ee7b85537a
A1 Euro Auto,(808) 946-9885,,,"742 Sheridan St, Honolulu, HI 96814, United States",742 Sheridan St,Honolulu,HI,96814,4.0,54,Auto repair shop,,,https://www.google.com/maps/place/A1+Euro+Auto/data=!4m7!3m6!1s0x7c006e08f251b633:0x4ba535554653df6e!8m2!3d21.2964649!4d-157.8425827!16s%2Fg%2F1vc6dmcr!19sChIJM7ZR8ghuAHwRbt9TRlU1pUs?authuser=0&hl=en&rclk=1,auto repair shop,Honolulu,city,HI,2026-07-24T03:36:46,0x7c006e08f251b633:0x4ba535554653df6e
AAA AFFORDABLE AUTO REPAIR,(808) 450-0977,,,"436 Piikoi St A, Honolulu, HI 96814, United States",436 Piikoi St A,Honolulu,HI,96814,4.3,3,Auto repair shop,,,https://www.google.com/maps/place/AAA+AFFORDABLE+AUTO+REPAIR/data=!4m7!3m6!1s0x7c006dfacb81dcc1:0x20fc407bf00deab5!8m2!3d21.2935731!4d-157.846942!16s%2Fg%2F1tgdtbzb!19sChIJwdyBy_ptAHwRteoN8HtA_CA?authuser=0&hl=en&rclk=1,auto repair shop,Honolulu County,county,HI,2026-07-16T10:07:48,0x7c006dfacb81dcc1:0x20fc407bf00deab5
ALLTRANS PLUS - Automotive Transmission Repair,(808) 888-2800,https://alltranshawaii.com/,,"645 Ahua St, Honolulu, HI 96819, United States",645 Ahua St,Honolulu,HI,96819,4.6,100,Transmission shop,,,https://www.google.com/maps/place/ALLTRANS+PLUS+-+Automotive+Transmission+Repair/data=!4m7!3m6!1s0x7c006eff42198d43:0x5b71bbe6557950a8!8m2!3d21.336115!4d-157.8978238!16s%2Fg%2F1tgpsv6z!19sChIJQ40ZQv9uAHwRqFB5Vea7cVs?authuser=0&hl=en&rclk=1,auto repair shop,Honolulu County,county,HI,2026-07-16T10:07:48,0x7c006eff42198d43:0x5b71bbe6557950a8
Acura of Honolulu Service Center,(808) 353-0309,https://www.acurahonolulu.com/?utm_source=google&utm_medium=organic&utm_campaign=google_my_business&utm_content=service,,"3251 N Nimitz Hwy suite #100, Honolulu, HI 96819, United States",3251 N Nimitz Hwy suite #100,Honolulu,HI,96819,4.8,75,Auto repair shop,,,https://www.google.com/maps/place/Acura+of+Honolulu+Service+Center/data=!4m7!3m6!1s0x7c006f64004b544b:0x9ce31e7b86c712f6!8m2!3d21.3361797!4d-157.9127878!16s%2Fg%2F11h2k35yqw!19sChIJS1RLAGRvAHwR9hLHhnse45w?authuser=0&hl=en&rclk=1,auto repair shop,Honolulu County,county,HI,2026-07-16T10:07:48,0x7c006f64004b544b:0x9ce31e7b86c712f6
Aiea Collision Center,(808) 485-5700,,,"1620 Kahai St, Honolulu, HI 96819, United States",1620 Kahai St,Honolulu,HI,96819,4.9,158,Auto body shop,,,https://www.google.com/maps/place/Aiea+Collision+Center/data=!4m7!3m6!1s0x7c006f53967ac2c3:0x1fdf68b05ddd5287!8m2!3d21.3218742!4d-157.8828315!16s%2Fg%2F1th7n346!19sChIJw8J6llNvAHwRh1LdXbBo3x8?authuser=0&hl=en&rclk=1,auto repair shop,Honolulu County,county,HI,2026-07-16T10:07:48,0x7c006f53967ac2c3:0x1fdf68b05ddd5287
Alexander's Automotive,(808) 321-5050,https://alexandersautomotive.lovable.app/,,"2969 S King St, Honolulu, HI 96826, United States",2969 S King St,Honolulu,HI,96826,5.0,55,Auto repair shop,,,https://www.google.com/maps/place/Alexander%27s+Automotive/data=!4m7!3m6!1s0x7c006fd4c675b5af:0xc58e4e297903a883!8m2!3d21.2887577!4d-157.815705!16s%2Fg%2F11g0klyk7j!19sChIJr7V1xtRvAHwRg6gDeSlOjsU?authuser=0&hl=en&rclk=1,auto repair shop,Honolulu County,county,HI,2026-07-24T03:12:08,0x7c006fd4c675b5af:0xc58e4e297903a883
Artesian Auto Repair LLC,(808) 947-3011,http://www.artesianautorepair.com/,,"1012 Artesian St, Honolulu, HI 96826, United States",1012 Artesian St,Honolulu,HI,96826,4.8,240,Auto repair shop,,,https://www.google.com/maps/place/Artesian+Auto+Repair+LLC/data=!4m7!3m6!1s0x7c006d93407483e3:0xa4f30154fd602dc!8m2!3d21.2959728!4d-157.8317392!16s%2Fg%2F1w3w37g1!19sChIJ44N0QJNtAHwR3ALWTxUwTwo?authuser=0&hl=en&rclk=1,auto repair shop,Honolulu County,county,HI,2026-07-24T03:12:08,0x7c006d93407483e3:0xa4f30154fd602dc
Auto Center Honolulu,(808) 272-3592,http://www.autocenterhnl.com/,,"1955 N King St, Honolulu, HI 96819, United States",1955 N King St,Honolulu,HI,96819,4.6,10,Auto repair shop,,,https://www.google.com/maps/place/Auto+Center+Honolulu/data=!4m7!3m6!1s0x7c006f846bd28835:0x2f9d51f60aeaddc7!8m2!3d21.3321451!4d-157.8787517!16s%2Fg%2F11vqhj7tkn!19sChIJNYjSa4RvAHwRx93qCvZRnS8?authuser=0&hl=en&rclk=1,auto repair shop,Honolulu County,county,HI,2026-07-24T03:12:08,0x7c006f846bd28835:0x2f9d51f60aeaddc7
Auto Electronics,(808) 847-5905,,,"944 Akepo Ln #3D, Honolulu, HI 96817, United States",944 Akepo Ln #3D,Honolulu,HI,96817,4.6,13,Auto electrical service,,,https://www.google.com/maps/place/Auto+Electronics/data=!4m7!3m6!1s0x7c006e635cf0dee3:0xcd2e421cb9a2d344!8m2!3d21.3195218!4d-157.8670372!16s%2Fg%2F1q64b7x5k!19sChIJ497wXGNuAHwRRNOiuRxCLs0?authuser=0&hl=en&rclk=1,auto repair shop,Honolulu County,county,HI,2026-07-16T10:07:48,0x7c006e635cf0dee3:0xcd2e421cb9a2d344
Auto Papa,(808) 688-6260,https://www.autopapahawaii.com/,,"649 Mapunapuna St a, Honolulu, HI 96819, United States",649 Mapunapuna St a,Honolulu,HI,96819,4.9,63,Auto repair shop,,,https://www.google.com/maps/place/Auto+Papa/data=!4m7!3m6!1s0x7c006f9dd52ec1af:0x82c68019ded69c8d!8m2!3d21.3365733!4d-157.8998732!16s%2Fg%2F11xh45qffh!19sChIJr8Eu1Z1vAHwRjZzW3hmAxoI?authuser=0&hl=en&rclk=1,auto repair shop,Honolulu,city,HI,2026-07-24T03:36:46,0x7c006f9dd52ec1af:0x82c68019ded69c8d
Auto Pro,(808) 596-8259,,,"766 Ilaniwai St, Honolulu, HI 96813, United States",766 Ilaniwai St,Honolulu,HI,96813,4.7,13,Auto repair shop,,,https://www.google.com/maps/place/Auto+Pro/data=!4m7!3m6!1s0x7c006de20cad9dd7:0x6d841e0e822e8d04!8m2!3d21.299314!4d-157.856445!16s%2Fg%2F1tcxjzyb!19sChIJ152tDOJtAHwRBI0ugg4ehG0?authuser=0&hl=en&rclk=1,auto repair shop,Honolulu County,county,HI,2026-07-24T03:12:08,0x7c006de20cad9dd7:0x6d841e0e822e8d04
Autocraft Hawaii - Kalihi,(808) 841-5851,https://autocrafthi.com/,,"1301 Moonui St, Honolulu, HI 96817, United States",1301 Moonui St,Honolulu,HI,96817,4.2,52,Auto body shop,,,https://www.google.com/maps/place/Autocraft+Hawaii+-+Kalihi/data=!4m7!3m6!1s0x7c006e638210bfff:0x8bbe7eb914d0739c!8m2!3d21.3257763!4d-157.8720217!16s%2Fg%2F1tfrgzw1!19sChIJ_78QgmNuAHwRnHPQFLl-vos?authuser=0&hl=en&rclk=1,auto repair shop,Honolulu County,county,HI,2026-07-16T10:07:48,0x7c006e638210bfff:0x8bbe7eb914d0739c
Bavarian Motor Experts,(808) 589-1333,http://www.bmehawaii.com/,,"757 Kawaiaha‘o St, Honolulu, HI 96813, United States",757 Kawaiaha‘o St,Honolulu,HI,96813,4.8,188,Auto repair shop,,,https://www.google.com/maps/place/Bavarian+Motor+Experts/data=!4m7!3m6!1s0x7c006de218d968db:0x2dc1974ea7583697!8m2!3d21.3001039!4d-157.8556961!16s%2Fg%2F1tdrxjbz!19sChIJ22jZGOJtAHwRlzZYp06XwS0?authuser=0&hl=en&rclk=1,auto repair shop,Honolulu County,county,HI,2026-07-24T03:12:08,0x7c006de218d968db:0x2dc1974ea7583697
Chik's Auto Air & Repair,(808) 591-1726,https://www.chiksautoair.com/,,"1739 Liliha St, Honolulu, HI 96817, United States",1739 Liliha St,Honolulu,HI,96817,4.5,86,Car repair and maintenance service,,,https://www.google.com/maps/place/Chik%27s+Auto+Air+%26+Repair/data=!4m7!3m6!1s0x7c006de3173305cf:0xfef839d7f353738a!8m2!3d21.3233003!4d-157.8574008!16s%2Fg%2F1tkl3jnc!19sChIJzwUzF-NtAHwRinNT89c5-P4?authuser=0&hl=en&rclk=1,auto repair shop,Honolulu County,county,HI,2026-07-24T03:12:08,0x7c006de3173305cf:0xfef839d7f353738a
Chung's Alignment & Auto Services,(808) 744-8692,https://chungsalignment.com/,,"1015 Dillingham Blvd #101, Honolulu, HI 96817, United States",1015 Dillingham Blvd #101,Honolulu,HI,96817,4.7,168,Auto repair shop,,,https://www.google.com/maps/place/Chung%27s+Alignment+%26+Auto+Services/data=!4m7!3m6!1s0x7c006e65997bec45:0x3dd92e3aedfbf51b!8m2!3d21.3211764!4d-157.8722978!16s%2Fg%2F11c5gvjz9h!19sChIJRex7mWVuAHwRG_X77Tou2T0?authuser=0&hl=en&rclk=1,auto repair shop,Honolulu County,county,HI,2026-07-24T03:12:08,0x7c006e65997bec45:0x3dd92e3aedfbf51b
Cool Tech.,(808) 591-2665,,,"1157 Hopaka St, Honolulu, HI 96814, United States",1157 Hopaka St,Honolulu,HI,96814,4.8,42,Auto repair shop,,,https://www.google.com/maps/place/Cool+Tech./data=!4m7!3m6!1s0x7c006de4c3483961:0x30338689faf713c0!8m2!3d21.2950382!4d-157.8487443!16s%2Fg%2F1vcq7tmb!19sChIJYTlIw-RtAHwRwBP3-omGMzA?authuser=0&hl=en&rclk=1,auto repair shop,Honolulu,city,HI,2026-07-24T03:36:46,0x7c006de4c3483961:0x30338689faf713c0
Crystal Auto Repair & Auto AC,(808) 847-4200,,,"1308 N School St, Honolulu, HI 96817, United States",1308 N School St,Honolulu,HI,96817,4.6,19,Auto repair shop,,,https://www.google.com/maps/place/Crystal+Auto+Repair+%26+Auto+AC/data=!4m7!3m6!1s0x7c006e8773f68b89:0x487d1ef4883a5340!8m2!3d21.3312757!4d-157.8653347!16s%2Fg%2F1v2yz22_!19sChIJiYv2c4duAHwRQFM6iPQefUg?authuser=0&hl=en&rclk=1,auto repair shop,Honolulu County,county,HI,2026-07-24T03:12:08,0x7c006e8773f68b89:0x487d1ef4883a5340
Do's Auto Repair,(808) 848-7555,,,"1717 Silva St A, Honolulu, HI 96819, United States",1717 Silva St A,Honolulu,HI,96819,4.8,39,Auto repair shop,,,https://www.google.com/maps/place/Do%27s+Auto+Repair/data=!4m7!3m6!1s0x7c006ef8cef17cbf:0x24a06073e3501462!8m2!3d21.3222393!4d-157.8848601!16s%2Fg%2F1pv1f5r0r!19sChIJv3zxzvhuAHwRYhRQ43NgoCQ?authuser=0&hl=en&rclk=1,auto repair shop,Honolulu County,county,HI,2026-07-24T03:12:08,0x7c006ef8cef17cbf:0x24a06073e3501462
Fantastik Auto Repair,(808) 842-3777,https://www.fantastikautorepair.com/,,"2031 Colburn St, Honolulu, HI 96819, United States",2031 Colburn St,Honolulu,HI,96819,4.3,111,Auto repair shop,,,https://www.google.com/maps/place/Fantastik+Auto+Repair/data=!4m7!3m6!1s0x7c006e5e5097f0c3:0xecbd5f4abe4e75c!8m2!3d21.3290002!4d-157.8833287!16s%2Fg%2F1tz95z94!19sChIJw_CXUF5uAHwRXOfkq_TVyw4?authuser=0&hl=en&rclk=1,auto repair shop,Honolulu County,county,HI,2026-07-16T10:07:48,0x7c006e5e5097f0c3:0xecbd5f4abe4e75c
Fastlane Automotive,(808) 841-1711,,,"730 Moowaa St, Honolulu, HI 96817, United States",730 Moowaa St,Honolulu,HI,96817,4.6,63,Auto repair shop,,,https://www.google.com/maps/place/Fastlane+Automotive/data=!4m7!3m6!1s0x7c006e646ca0a657:0x342ce405fc5c63dd!8m2!3d21.3247181!4d-157.8732818!16s%2Fg%2F1tjdlz8s!19sChIJV6agbGRuAHwR3WNc_AXkLDQ?authuser=0&hl=en&rclk=1,auto repair shop,Honolulu County,county,HI,2026-07-24T03:12:08,0x7c006e646ca0a657:0x342ce405fc5c63dd
First Auto Repair,(808) 766-1787,https://www.firstautorepairhawaii.com/,,"1222 N School St, Honolulu, HI 96817, United States",1222 N School St,Honolulu,HI,96817,4.8,41,Auto repair shop,,,https://www.google.com/maps/place/First+Auto+Repair/data=!4m7!3m6!1s0x7c006fb7af16411f:0xf54e316cd37a5e99!8m2!3d21.3305412!4d-157.8648727!16s%2Fg%2F11svc55kh0!19sChIJH0EWr7dvAHwRmV5602wxTvU?authuser=0&hl=en&rclk=1,auto repair shop,Honolulu County,county,HI,2026-07-24T03:12:08,0x7c006fb7af16411f:0xf54e316cd37a5e99
Fly Garage,(808) 285-3272,https://www.flygarage.org/,,"2122 Kaliawa St #3a, Honolulu, HI 96819, United States",2122 Kaliawa St #3a,Honolulu,HI,96819,5.0,60,Auto body shop,,,https://www.google.com/maps/place/Fly+Garage/data=!4m7!3m6!1s0x7c006f5e52466449:0x5cf4342fb109ad2e!8m2!3d21.323927!4d-157.8890396!16s%2Fg%2F11y3l64837!19sChIJSWRGUl5vAHwRLq0JsS809Fw?authuser=0&hl=en&rclk=1,auto repair shop,Honolulu,city,HI,2026-07-24T03:36:46,0x7c006f5e52466449:0x5cf4342fb109ad2e
GERMAN AUTO SPECIALISTS,(808) 391-1218,,,"3057 Koapaka St, Honolulu, HI 96819, United States",3057 Koapaka St,Honolulu,HI,96819,4.4,17,Auto repair shop,,,https://www.google.com/maps/place/GERMAN+AUTO+SPECIALISTS/data=!4m7!3m6!1s0x7c006faa1414f00f:0x376a3ecdd148f1b9!8m2!3d21.3349254!4d-157.9095425!16s%2Fg%2F1tx8tf45!19sChIJD_AUFKpvAHwRufFI0c0-ajc?authuser=0&hl=en&rclk=1,auto repair shop,Honolulu County,county,HI,2026-07-24T03:12:08,0x7c006faa1414f00f:0x376a3ecdd148f1b9
Genes1s Auto,(808) 800-9540,,,"350 Ward Ave, Honolulu, HI 96814, United States",350 Ward Ave,Honolulu,HI,96814,4.0,1,Auto repair shop,,,https://www.google.com/maps/place/Genes1s+Auto/data=!4m7!3m6!1s0x7c006db7ae58444b:0x7ce729d9c63deb65!8m2!3d21.2967556!4d-157.8558142!16s%2Fg%2F11z0vbtykj!19sChIJS0RYrrdtAHwRZes9xtkp53w?authuser=0&hl=en&rclk=1,auto repair shop,Honolulu,city,HI,2026-07-16T10:43:05,0x7c006db7ae58444b:0x7ce729d9c63deb65
Gentech Automotive,(808) 845-9941,,,"708 Bannister St, Honolulu, HI 96819, United States",708 Bannister St,Honolulu,HI,96819,4.9,17,Auto repair shop,,,https://www.google.com/maps/place/Gentech+Automotive/data=!4m7!3m6!1s0x7c006e5f8b3e1ddd:0x507eea75cdb55eff!8m2!3d21.3322437!4d-157.8823877!16s%2Fg%2F1thw2c4c!19sChIJ3R0-i19uAHwR_161zXXqflA?authuser=0&hl=en&rclk=1,auto repair shop,Honolulu,city,HI,2026-07-24T03:36:46,0x7c006e5f8b3e1ddd:0x507eea75cdb55eff
Global Auto Repair,(808) 848-0344,https://www.autobody-review.com/shop/25693/global-auto-repair,,"231 Sand Island Access Rd, Honolulu, HI 96819, United States",231 Sand Island Access Rd,Honolulu,HI,96819,3.6,89,Auto body shop,,,https://www.google.com/maps/place/Global+Auto+Repair/data=!4m7!3m6!1s0x7c006e5bbc5446d1:0xfdffbed7a8cb37cd!8m2!3d21.325875!4d-157.8887463!16s%2Fg%2F1tmxfs7p!19sChIJ0UZUvFtuAHwRzTfLqNe-__0?authuser=0&hl=en&rclk=1,auto repair shop,Honolulu,city,HI,2026-07-24T03:36:46,0x7c006e5bbc5446d1:0xfdffbed7a8cb37cd
Goya's Garage,(808) 679-8752,,,"287 Mokauea St, Honolulu, HI 96819, United States",287 Mokauea St,Honolulu,HI,96819,5.0,42,Auto repair shop,,,https://www.google.com/maps/place/Goya%27s+Garage/data=!4m7!3m6!1s0x7c006e5c53e219e5:0xcaeb23e720f21bd7!8m2!3d21.3246216!4d-157.8839069!16s%2Fg%2F11bv_dmq2b!19sChIJ5RniU1xuAHwR1xvyIOcj68o?authuser=0&hl=en&rclk=1,auto repair shop,Honolulu,city,HI,2026-07-24T03:36:46,0x7c006e5c53e219e5:0xcaeb23e720f21bd7
Great People LLC,(808) 589-0066,,,"812 Queen St, Honolulu, HI 96813, United States",812 Queen St,Honolulu,HI,96813,4.7,331,Vehicle inspection service,,,https://www.google.com/maps/place/Great+People+LLC/data=!4m7!3m6!1s0x7c006d3c5832926b:0xfb4a0f629c8d22ea!8m2!3d21.2998106!4d-157.8558245!16s%2Fg%2F11gnphf589!19sChIJa5IyWDxtAHwR6iKNnGIPSvs?authuser=0&hl=en&rclk=1,auto repair shop,Honolulu County,county,HI,2026-07-16T10:07:48,0x7c006d3c5832926b:0xfb4a0f629c8d22ea
Ha's Auto Repair,(808) 843-2006,http://www.hasautorepair.com/,,"1420 Colburn St, Honolulu, HI 96817, United States",1420 Colburn St,Honolulu,HI,96817,4.8,23,Auto repair shop,,,https://www.google.com/maps/place/Ha%27s+Auto+Repair/data=!4m7!3m6!1s0x7c006e66f221c3ad:0xd3d98737aba7c108!8m2!3d21.32381!4d-157.876705!16s%2Fg%2F1thqgzh9!19sChIJrcMh8mZuAHwRCMGnqzeH2dM?authuser=0&hl=en&rclk=1,auto repair shop,Honolulu County,county,HI,2026-07-24T03:12:08,0x7c006e66f221c3ad:0xd3d98737aba7c108
Hawaii Automotive Repair Clinic,(808) 593-9697,,,"1820 Hau St, Honolulu, HI 96819, United States",1820 Hau St,Honolulu,HI,96819,5.0,3,Auto repair shop,,,https://www.google.com/maps/place/Hawaii+Automotive+Repair+Clinic/data=!4m7!3m6!1s0x7c006de267709185:0x2284ccfdc031e110!8m2!3d21.3270977!4d-157.8815395!16s%2Fg%2F1td5gbbf!19sChIJhZFwZ-JtAHwREOExwP3MhCI?authuser=0&hl=en&rclk=1,auto repair shop,Honolulu County,county,HI,2026-07-24T03:12:08,0x7c006de267709185:0x2284ccfdc031e110
Hi-Teq Auto Repair Shop,(808) 843-0848,http://hiteqauto.com/,,"105 Puuhale Rd, Honolulu, HI 96819, United States",105 Puuhale Rd,Honolulu,HI,96819,4.5,33,Auto repair shop,,,https://www.google.com/maps/place/Hi-Teq+Auto+Repair+Shop/data=!4m7!3m6!1s0x7c006e5e4183a2a5:0x4a5418aba3e6ecc3!8m2!3d21.3223949!4d-157.8890679!16s%2Fg%2F1tmcmfvg!19sChIJpaKDQV5uAHwRw-zmo6sYVEo?authuser=0&hl=en&rclk=1,auto repair shop,Honolulu County,county,HI,2026-07-24T03:12:08,0x7c006e5e4183a2a5:0x4a5418aba3e6ecc3
Honolulu Auto Service,(808) 843-1024,,,"1300 Hart St, Honolulu, HI 96817, United States",1300 Hart St,Honolulu,HI,96817,4.0,4,Auto accessories wholesaler,,,https://www.google.com/maps/place/Honolulu+Auto+Service/data=!4m7!3m6!1s0x7c006e662dd48eb7:0xa20a7f43222fb2fe!8m2!3d21.3210311!4d-157.8774903!16s%2Fg%2F11cmk43b0p!19sChIJt47ULWZuAHwR_rIvIkN_CqI?authuser=0&hl=en&rclk=1,auto repair shop,Honolulu,city,HI,2026-07-24T03:36:46,0x7c006e662dd48eb7:0xa20a7f43222fb2fe
Honolulu Bimmer,(808) 599-6140,,,"670 Halekauwila St, Honolulu, HI 96813, United States",670 Halekauwila St,Honolulu,HI,96813,4.3,20,Car repair and maintenance service,,,https://www.google.com/maps/place/Honolulu+Bimmer/data=!4m7!3m6!1s0x7c006e098b66be9f:0x79643b107bc5272d!8m2!3d21.3006677!4d-157.8585766!16s%2Fg%2F1thlznmq!19sChIJn75miwluAHwRLSfFexA7ZHk?authuser=0&hl=en&rclk=1,auto repair shop,Honolulu County,county,HI,2026-07-16T10:07:48,0x7c006e098b66be9f:0x79643b107bc5272d
Honolulu Ford Service Center,(808) 437-2199,https://www.honoluluford.com/service/index.htm?utm_source=google&utm_medium=organic&utm_campaign=google_my_business&utm_content=service,,"1370 N King St, Honolulu, HI 96817, United States",1370 N King St,Honolulu,HI,96817,4.3,138,Auto repair shop,,,https://www.google.com/maps/place/Honolulu+Ford+Service+Center/data=!4m7!3m6!1s0x7c006f820b704ba7:0xc32f923d1c3e632d!8m2!3d21.3287042!4d-157.8699261!16s%2Fg%2F11gxmfgkmy!19sChIJp0twC4JvAHwRLWM-HD2SL8M?authuser=0&hl=en&rclk=1,auto repair shop,Honolulu,city,HI,2026-07-16T10:43:05,0x7c006f820b704ba7:0xc32f923d1c3e632d
Honolulu Mobile Auto Repair,(808) 758-5603,https://honolulumobileautorepair.com/,,"45 Pahounui Dr, Honolulu, HI 96819, United States",45 Pahounui Dr,Honolulu,HI,96819,5.0,1,Auto repair shop,,,https://www.google.com/maps/place/Honolulu+Mobile+Auto+Repair/data=!4m7!3m6!1s0x7c006f007aef12b3:0xaa2f09961b9a4eab!8m2!3d21.3246612!4d-157.8912204!16s%2Fg%2F11w7ldlq2b!19sChIJsxLvegBvAHwRq06aG5YJL6o?authuser=0&hl=en&rclk=1,auto repair shop,Honolulu,city,HI,2026-07-24T03:36:46,0x7c006f007aef12b3:0xaa2f09961b9a4eab
Ikeda's Auto & Truck Repair,(808) 847-4605,,,"710 Umi St, Honolulu, HI 96819, United States",710 Umi St,Honolulu,HI,96819,4.4,5,Auto repair shop,,,https://www.google.com/maps/place/Ikeda%27s+Auto+%26+Truck+Repair/data=!4m7!3m6!1s0x7c006ef571a0b79f:0xf93de011467961ff!8m2!3d21.3334342!4d-157.8833896!16s%2Fg%2F1thbwwnj!19sChIJn7egcfVuAHwR_2F5RhHgPfk?authuser=0&hl=en&rclk=1,auto repair shop,Honolulu,city,HI,2026-07-24T03:36:46,0x7c006ef571a0b79f:0xf93de011467961ff
JDM Repair Hawaii,(808) 900-8060,http://www.jdmrepairhawaii.com/,,"653 Mapunapuna St Ste 1, Honolulu, HI 96819, United States",653 Mapunapuna St Ste 1,Honolulu,HI,96819,4.8,144,Auto repair shop,,,https://www.google.com/maps/place/JDM+Repair+Hawaii/data=!4m7!3m6!1s0x7c006d62217878ed:0xec71b3237f27fb61!8m2!3d21.3368935!4d-157.899944!16s%2Fg%2F11kqdmyr7n!19sChIJ7Xh4IWJtAHwRYfsnfyOzcew?authuser=0&hl=en&rclk=1,auto repair shop,Honolulu County,county,HI,2026-07-24T03:12:08,0x7c006d62217878ed:0xec71b3237f27fb61
Jun Auto Services,(808) 524-2871,,,"1909 Nuuanu Ave, Honolulu, HI 96817, United States",1909 Nuuanu Ave,Honolulu,HI,96817,5.0,11,Auto repair shop,,,https://www.google.com/maps/place/Jun+Auto+Services/data=!4m7!3m6!1s0x7c006dd6c49799eb:0xb4d6ca0b9ab0c53f!8m2!3d21.3204567!4d-157.8517988!16s%2Fg%2F1261fzqsy!19sChIJ65mXxNZtAHwRP8WwmgvK1rQ?authuser=0&hl=en&rclk=1,auto repair shop,Honolulu County,county,HI,2026-07-24T03:12:08,0x7c006dd6c49799eb:0xb4d6ca0b9ab0c53f
K & Y Auto Services,(808) 593-2842,https://kyauto808.com/k-y-website,,"902 Kawaiaha‘o St, Honolulu, HI 96814, United States",902 Kawaiaha‘o St,Honolulu,HI,96814,3.6,30,Auto repair shop,,,https://www.google.com/maps/place/K+%26+Y+Auto+Services/data=!4m7!3m6!1s0x7c006de24ca42a6f:0x64dab0879a475c0f!8m2!3d21.2985637!4d-157.8540677!16s%2Fg%2F1vp73_dp!19sChIJbyqkTOJtAHwRD1xHmoew2mQ?authuser=0&hl=en&rclk=1,auto repair shop,Honolulu County,county,HI,2026-07-16T10:07:48,0x7c006de24ca42a6f:0x64dab0879a475c0f
KW AUTO BODY - ALA MOANA,(808) 591-8696,http://www.kwautobody.com/,,"1164 Kona St, Honolulu, HI 96814, United States",1164 Kona St,Honolulu,HI,96814,4.7,199,Auto body shop,,,https://www.google.com/maps/place/KW+AUTO+BODY+-+ALA+MOANA/data=!4m7!3m6!1s0x7c006de4cff645cb:0x2bb2798515c7765a!8m2!3d21.294739!4d-157.848625!16s%2Fg%2F1wnf180c!19sChIJy0X2z-RtAHwRWnbHFYV5sis?authuser=0&hl=en&rclk=1,auto repair shop,Honolulu County,county,HI,2026-07-24T03:12:08,0x7c006de4cff645cb:0x2bb2798515c7765a
Kaimuki Auto Repair,(808) 737-1718,,,"3375 Waialae Ave, Honolulu, HI 96816, United States",3375 Waialae Ave,Honolulu,HI,96816,4.3,340,Auto repair shop,,,https://www.google.com/maps/place/Kaimuki+Auto+Repair/data=!4m7!3m6!1s0x7c006d7983d03217:0x6fbeab6982067b50!8m2!3d21.2848911!4d-157.8037509!16s%2Fg%2F1tf3zl3x!19sChIJFzLQg3ltAHwRUHsGgmmrvm8?authuser=0&hl=en&rclk=1,auto repair shop,Honolulu County,county,HI,2026-07-24T03:12:08,0x7c006d7983d03217:0x6fbeab6982067b50
Kalihi Street Official State of Hawaii Honolulu County Periodic Motor Vehicle Safety Inspection Station #3031,(808) 232-8999,,,"236 Kalihi St, Honolulu, HI 96819, United States",236 Kalihi St,Honolulu,HI,96819,5.0,280,Car inspection station,,,https://www.google.com/maps/place/Kalihi+Street+Official+State+of+Hawaii+Honolulu+County+Periodic+Motor+Vehicle+Safety+Inspection+Station+%233031/data=!4m7!3m6!1s0x7c006f204a1dc611:0x41b03bfe6d4f5895!8m2!3d21.3225248!4d-157.8841789!16s%2Fg%2F11nbhl9617!19sChIJEcYdSiBvAHwRlVhPbf47sEE?authuser=0&hl=en&rclk=1,auto repair shop,Honolulu County,county,HI,2026-07-16T10:07:48,0x7c006f204a1dc611:0x41b03bfe6d4f5895
Kapahulu Auto Repair,(808) 738-5577,http://kapahulu-auto-repair.edan.io/,,"3131 Castle St, Honolulu, HI 96815, United States",3131 Castle St,Honolulu,HI,96815,4.7,190,Auto repair shop,,,https://www.google.com/maps/place/Kapahulu+Auto+Repair/data=!4m7!3m6!1s0x7c00727f38ec1665:0xefb86a209ba5fde6!8m2!3d21.2762551!4d-157.8140392!16s%2Fg%2F1tgpn7bj!19sChIJZRbsOH9yAHwR5v2lmyBquO8?authuser=0&hl=en&rclk=1,auto repair shop,Honolulu County,county,HI,2026-07-24T03:12:08,0x7c00727f38ec1665:0xefb86a209ba5fde6
Klassic Automotive,(808) 537-2606,,,"140 S School St, Honolulu, HI 96813, United States",140 S School St,Honolulu,HI,96813,5.0,10,Auto repair shop,,,https://www.google.com/maps/place/Klassic+Automotive/data=!4m7!3m6!1s0x7c006d1f8b1cb9ab:0xb6425586751dea6a!8m2!3d21.3137426!4d-157.8532369!16s%2Fg%2F11qpvjkd_8!19sChIJq7kcix9tAHwRauoddYZVQrY?authuser=0&hl=en&rclk=1,auto repair shop,Honolulu,city,HI,2026-07-24T03:36:46,0x7c006d1f8b1cb9ab:0xb6425586751dea6a
LXS Hawaii,(808) 943-1144,,,"920 Punahou St, Honolulu, HI 96826, United States",920 Punahou St,Honolulu,HI,96826,4.8,45,Auto repair shop,,,https://www.google.com/maps/place/LXS+Hawaii/data=!4m7!3m6!1s0x7c006d9141e830c5:0xd339be7309431465!8m2!3d21.2956029!4d-157.8364164!16s%2Fg%2F1tmgcn5j!19sChIJxTDoQZFtAHwRZRRDCXO-OdM?authuser=0&hl=en&rclk=1,auto repair shop,Honolulu,city,HI,2026-07-24T03:36:46,0x7c006d9141e830c5:0xd339be7309431465
Lee's Garage,(808) 597-8857,,,"848 Ilaniwai St, Honolulu, HI 96813, United States",848 Ilaniwai St,Honolulu,HI,96813,4.2,51,Auto repair shop,,,https://www.google.com/maps/place/Lee%27s+Garage/data=!4m7!3m6!1s0x7c006de266289c3d:0x94dedde5350d8cb4!8m2!3d21.2984837!4d-157.8556862!16s%2Fg%2F1tgq6w4k!19sChIJPZwoZuJtAHwRtIwNNeXd3pQ?authuser=0&hl=en&rclk=1,auto repair shop,Honolulu,city,HI,2026-07-24T03:36:46,0x7c006de266289c3d:0x94dedde5350d8cb4
"Lex Brodie's Tire, Brake & Service Company",(808) 400-7509,https://www.lexbrodies.com/?utm_source=google,,"701 Queen St, Honolulu, HI 96813, United States",701 Queen St,Honolulu,HI,96813,4.5,1211,Tire shop,,,"https://www.google.com/maps/place/Lex+Brodie%27s+Tire,+Brake+%26+Service+Company/data=!4m7!3m6!1s0x7c006e09fb99eebf:0x2c880d34411a1b56!8m2!3d21.30017!4d-157.8575999!16s%2Fg%2F1vpfjrnj!19sChIJv-6Z-wluAHwRVhsaQTQNiCw?authuser=0&hl=en&rclk=1",auto repair shop,Kalawao County,county,HI,2026-07-24T03:17:13,0x7c006e09fb99eebf:0x2c880d34411a1b56
Lim's Auto Service,(808) 833-0654,,,"2855 Kaihikapu St, Honolulu, HI 96819, United States",2855 Kaihikapu St,Honolulu,HI,96819,4.9,43,Auto repair shop,,,https://www.google.com/maps/place/Lim%27s+Auto+Service/data=!4m7!3m6!1s0x7c006f1f58d05611:0x174c7f8c7bab12be!8m2!3d21.3397431!4d-157.898569!16s%2Fg%2F11hz1p6xgs!19sChIJEVbQWB9vAHwRvhKre4x_TBc?authuser=0&hl=en&rclk=1,auto repair shop,Honolulu County,county,HI,2026-07-24T03:12:08,0x7c006f1f58d05611:0x174c7f8c7bab12be
Love's Automotive - Mobile Mechanic,(808) 341-1838,https://lovesautomotive.com/,,"837 Kapahulu Ave, Honolulu, HI 96816, United States",837 Kapahulu Ave,Honolulu,HI,96816,4.9,56,Mechanic,,,https://www.google.com/maps/place/Love%27s+Automotive+-+Mobile+Mechanic/data=!4m7!3m6!1s0x88ee659c31732087:0x50b604d1d8ac6daf!8m2!3d21.2826686!4d-157.8137378!16s%2Fg%2F11ssx_1xgd!19sChIJhyBzMZxl7ogRr22s2NEEtlA?authuser=0&hl=en&rclk=1,auto repair shop,Honolulu County,county,HI,2026-07-24T03:12:08,0x88ee659c31732087:0x50b604d1d8ac6daf
M B Euromotors,(808) 597-1171,,,"1144 Kona St, Honolulu, HI 96814, United States",1144 Kona St,Honolulu,HI,96814,4.7,40,Auto repair shop,,,https://www.google.com/maps/place/M+B+Euromotors/data=!4m7!3m6!1s0x7c006de4c6e17c73:0x69127e2292bd1681!8m2!3d21.2950651!4d-157.8492693!16s%2Fg%2F1thp864n!19sChIJc3zhxuRtAHwRgRa9kiJ-Emk?authuser=0&hl=en&rclk=1,auto repair shop,Honolulu,city,HI,2026-07-24T03:36:46,0x7c006de4c6e17c73:0x69127e2292bd1681
MC Auto Body & Paint,(808) 847-7772,https://www.carwise.com/auto-body-shops/mc-auto-body-corp-honolulu-hi-96819/546701?s=d:1&p=0#review-list,,"2122 Kaliawa St #3a, Honolulu, HI 96819, United States",2122 Kaliawa St #3a,Honolulu,HI,96819,4.9,39,Auto body shop,,,https://www.google.com/maps/place/MC+Auto+Body+%26+Paint/data=!4m7!3m6!1s0x7c006e5b19a1cfe9:0x36146942836319d5!8m2!3d21.323927!4d-157.8890396!16s%2Fg%2F11c5xm1g6v!19sChIJ6c-hGVtuAHwR1Rljg0JpFDY?authuser=0&hl=en&rclk=1,auto repair shop,Honolulu County,county,HI,2026-07-16T10:07:48,0x7c006e5b19a1cfe9:0x36146942836319d5
Makiki Auto Repair,(808) 947-8908,,,"1218 Makiki St, Honolulu, HI 96814, United States",1218 Makiki St,Honolulu,HI,96814,5.0,3,Auto repair shop,,,https://www.google.com/maps/place/Makiki+Auto+Repair/data=!4m7!3m6!1s0x7c006d00107c3301:0xbe7fa7ca19b08ed1!8m2!3d21.3005615!4d-157.8385122!16s%2Fg%2F11w3xd2xlc!19sChIJATN8EABtAHwR0Y6wGcqnf74?authuser=0&hl=en&rclk=1,auto repair shop,Honolulu,city,HI,2026-07-24T03:36:46,0x7c006d00107c3301:0xbe7fa7ca19b08ed1
Masaki's Auto Repair,(808) 943-1550,https://www.masakiauto.com/index.html?utm_campaign=MAINGMBLINK&utm_medium=social&utm_source=GMB&utm_term=ID,,"2211 S Beretania St., Honolulu, HI 96826, United States",2211 S Beretania St.,Honolulu,HI,96826,4.3,92,Auto repair shop,,,https://www.google.com/maps/place/Masaki%27s+Auto+Repair/data=!4m7!3m6!1s0x7c006d915c66129b:0x3ac97273ab1a8523!8m2!3d21.2952693!4d-157.8265627!16s%2Fg%2F1tgk0vr1!19sChIJmxJmXJFtAHwRI4Uaq3NyyTo?authuser=0&hl=en&rclk=1,auto repair shop,Honolulu County,county,HI,2026-07-24T03:12:08,0x7c006d915c66129b:0x3ac97273ab1a8523
McCully Auto Repair,(808) 738-0220,,,"3119 Olu St, Honolulu, HI 96816, United States",3119 Olu St,Honolulu,HI,96816,4.4,32,Auto repair shop,,,https://www.google.com/maps/place/McCully+Auto+Repair/data=!4m7!3m6!1s0x7c006d83df28a58d:0x93910e97da422639!8m2!3d21.28355!4d-157.8134545!16s%2Fg%2F1tjy1qcp!19sChIJjaUo34NtAHwROSZC2pcOkZM?authuser=0&hl=en&rclk=1,auto repair shop,Honolulu,city,HI,2026-07-24T03:36:46,0x7c006d83df28a58d:0x93910e97da422639
Mercedes-Benz of Honolulu Service & Auto Parts,(808) 592-5151,https://www.mercedesbenzofhonolulu.com/service/,,"818 Kapiolani Blvd, Honolulu, HI 96813, United States",818 Kapiolani Blvd,Honolulu,HI,96813,4.8,798,Auto repair shop,,,https://www.google.com/maps/place/Mercedes-Benz+of+Honolulu+Service+%26+Auto+Parts/data=!4m7!3m6!1s0x7c006de3d8f25d3f:0xf0a434155e6e7eba!8m2!3d21.3003487!4d-157.8531129!16s%2Fg%2F11f3cwypcp!19sChIJP13y2ONtAHwRun5uXhU0pPA?authuser=0&hl=en&rclk=1,auto repair shop,Honolulu,city,HI,2026-07-16T10:43:05,0x7c006de3d8f25d3f:0xf0a434155e6e7eba
Mike's Auto Air Conditioning,(808) 734-8880,http://mikesautomotiveac.com/,,"1937 Homerule St, Honolulu, HI 96819, United States",1937 Homerule St,Honolulu,HI,96819,4.9,272,Auto air conditioning service,,,https://www.google.com/maps/place/Mike%27s+Auto+Air+Conditioning/data=!4m7!3m6!1s0x7c0072792a911dd3:0x1e661d0fc44f5b9d!8m2!3d21.3254054!4d-157.8855565!16s%2Fg%2F11bxdv1xz8!19sChIJ0x2RKnlyAHwRnVtPxA8dZh4?authuser=0&hl=en&rclk=1,auto repair shop,Honolulu County,county,HI,2026-07-24T03:12:08,0x7c0072792a911dd3:0x1e661d0fc44f5b9d
Mobotech All Auto Service,(808) 799-3168,,,"2013 Wilcox Ln, Honolulu, HI 96819, United States",2013 Wilcox Ln,Honolulu,HI,96819,4.8,168,Auto repair shop,,,https://www.google.com/maps/place/Mobotech+All+Auto+Service/data=!4m7!3m6!1s0x7c006e8ab47730a9:0x965c6030b528069a!8m2!3d21.3312156!4d-157.881533!16s%2Fg%2F1tcvpg_r!19sChIJqTB3tIpuAHwRmgYotTBgXJY?authuser=0&hl=en&rclk=1,auto repair shop,Honolulu County,county,HI,2026-07-24T03:12:08,0x7c006e8ab47730a9:0x965c6030b528069a
NT Automotive,(808) 848-5554,,,"1714 Democrat St, Honolulu, HI 96819, United States",1714 Democrat St,Honolulu,HI,96819,4.9,17,Auto repair shop,,,https://www.google.com/maps/place/NT+Automotive/data=!4m7!3m6!1s0x7c006e64177c2555:0xcccb2b97e5a899b7!8m2!3d21.3233382!4d-157.8835954!16s%2Fg%2F11c6rx1l51!19sChIJVSV8F2RuAHwRt5mo5Zcry8w?authuser=0&hl=en&rclk=1,auto repair shop,Honolulu County,county,HI,2026-07-24T03:12:08,0x7c006e64177c2555:0xcccb2b97e5a899b7
Neue Auto LLC,(808) 744-1666,https://www.neueautoservice.com/,,"2847 Awaawaloa St C, Honolulu, HI 96819, United States",2847 Awaawaloa St C,Honolulu,HI,96819,4.7,137,Auto repair shop,,,https://www.google.com/maps/place/Neue+Auto+LLC/data=!4m7!3m6!1s0x7c006f8376eb4649:0x9170650695c53cf9!8m2!3d21.3373356!4d-157.899506!16s%2Fg%2F11jft11x28!19sChIJSUbrdoNvAHwR-TzFlQZlcJE?authuser=0&hl=en&rclk=1,auto repair shop,Honolulu County,county,HI,2026-07-24T03:12:08,0x7c006f8376eb4649:0x9170650695c53cf9
No Ka Oi Automotive LLC,(808) 842-6453,,,"730 Moowaa St, Honolulu, HI 96817, United States",730 Moowaa St,Honolulu,HI,96817,5.0,22,Auto repair shop,,,https://www.google.com/maps/place/No+Ka+Oi+Automotive+LLC/data=!4m7!3m6!1s0x7c006e641396cc95:0x7fc21add7c9f3957!8m2!3d21.3247587!4d-157.873249!16s%2Fg%2F1wfvmw9_!19sChIJlcyWE2RuAHwRVzmffN0awn8?authuser=0&hl=en&rclk=1,auto repair shop,Kalawao County,county,HI,2026-07-24T01:59:08,0x7c006e641396cc95:0x7fc21add7c9f3957
O'Sung Auto Body & Paint,(808) 841-2442,https://osungautobodyandpaint.com/,,"1229 N King St, Honolulu, HI 96817, United States",1229 N King St,Honolulu,HI,96817,3.9,132,Auto body shop,,,https://www.google.com/maps/place/O%27Sung+Auto+Body+%26+Paint/data=!4m7!3m6!1s0x7c006e633fad4cb5:0x98adedc752c5d0a8!8m2!3d21.3267437!4d-157.8703021!16s%2Fg%2F1tdr3jgf!19sChIJtUytP2NuAHwRqNDFUsftrZg?authuser=0&hl=en&rclk=1,auto repair shop,Honolulu,city,HI,2026-07-16T10:43:05,0x7c006e633fad4cb5:0x98adedc752c5d0a8
Oahu Autoshop,(808) 492-9224,http://www.oahuautoshop.com/,,"1325 Middle St, Honolulu, HI 96819, United States",1325 Middle St,Honolulu,HI,96819,4.8,19,Auto repair shop,,,https://www.google.com/maps/place/Oahu+Autoshop/data=!4m7!3m6!1s0x7c006f001171a209:0x3d5ea4ee7de680eb!8m2!3d21.3407217!4d-157.8799161!16s%2Fg%2F11ldxzryr9!19sChIJCaJxEQBvAHwR64Dmfe6kXj0?authuser=0&hl=en&rclk=1,auto repair shop,Honolulu County,county,HI,2026-07-24T03:12:08,0x7c006f001171a209:0x3d5ea4ee7de680eb
Osborne Auto Service,(808) 590-4113,,,"809 Bannister St, Honolulu, HI 96819, United States",809 Bannister St,Honolulu,HI,96819,5.0,27,Auto repair shop,,,https://www.google.com/maps/place/Osborne+Auto+Service/data=!4m7!3m6!1s0x7c006e636b691f39:0x79da01b3739cac7a!8m2!3d21.3328056!4d-157.8808026!16s%2Fg%2F11clvbx5lg!19sChIJOR9pa2NuAHwReqycc7MB2nk?authuser=0&hl=en&rclk=1,auto repair shop,Honolulu County,county,HI,2026-07-24T03:12:08,0x7c006e636b691f39:0x79da01b3739cac7a
Oscar's Auto Services,(808) 847-3660,,,"345 Mokauea St, Honolulu, HI 96819, United States",345 Mokauea St,Honolulu,HI,96819,4.8,97,Auto repair shop,,,https://www.google.com/maps/place/Oscar%27s+Auto+Services/data=!4m7!3m6!1s0x7c006e5dc537d285:0xe69f3847e53f3d84!8m2!3d21.3261422!4d-157.8829884!16s%2Fg%2F1td4px_d!19sChIJhdI3xV1uAHwRhD0_5Uc4n-Y?authuser=0&hl=en&rclk=1,auto repair shop,Honolulu County,county,HI,2026-07-24T03:12:08,0x7c006e5dc537d285:0xe69f3847e53f3d84
Palolo Auto Service,(808) 737-7231,,,"3236 Waialae Ave, Honolulu, HI 96816, United States",3236 Waialae Ave,Honolulu,HI,96816,4.3,72,Auto repair shop,,,https://www.google.com/maps/place/Palolo+Auto+Service/data=!4m7!3m6!1s0x7c006d78397be771:0xd820ed51a2378eba!8m2!3d21.2871946!4d-157.8072076!16s%2Fg%2F1tgpydr7!19sChIJced7OXhtAHwRuo43olHtINg?authuser=0&hl=en&rclk=1,auto repair shop,Honolulu,city,HI,2026-07-24T03:36:46,0x7c006d78397be771:0xd820ed51a2378eba
Polar Automotive Air Conditioning,(808) 833-3772,,,"960 Ahua St Ste B, Honolulu, HI 96819, United States",960 Ahua St Ste B,Honolulu,HI,96819,4.7,74,Auto repair shop,,,https://www.google.com/maps/place/Polar+Automotive+Air+Conditioning/data=!4m7!3m6!1s0x7c006efb00052f35:0x7b18858226a43349!8m2!3d21.3428086!4d-157.8958676!16s%2Fg%2F1tdnx36r!19sChIJNS8FAPtuAHwRSTOkJoKFGHs?authuser=0&hl=en&rclk=1,auto repair shop,Honolulu County,county,HI,2026-07-16T10:07:48,0x7c006efb00052f35:0x7b18858226a43349
Premier Automotive,(808) 924-7777,http://www.premierautoshawaii.com/,,"3030 Waialae Ave, Honolulu, HI 96816, United States",3030 Waialae Ave,Honolulu,HI,96816,4.0,111,Auto repair shop,,,https://www.google.com/maps/place/Premier+Automotive/data=!4m7!3m6!1s0x7c006ef8b18b7cd3:0xd34c241ed6f2bb16!8m2!3d21.2893389!4d-157.8116381!16s%2Fg%2F11b7q63ghp!19sChIJ03yLsfhuAHwRFrvy1h4kTNM?authuser=0&hl=en&rclk=1,auto repair shop,Honolulu County,county,HI,2026-07-16T10:07:48,0x7c006ef8b18b7cd3:0xd34c241ed6f2bb16
Pro Dent Hawaii (We Come to You),(808) 489-2074,http://www.prodenthawaii.net/,,"915 Kaaahi Pl, Honolulu, HI 96817, United States",915 Kaaahi Pl,Honolulu,HI,96817,4.9,81,Auto dent removal service,,,https://www.google.com/maps/place/Pro+Dent+Hawaii+%28We+Come+to+You%29/data=!4m7!3m6!1s0x7c006fffbe568503:0xeaff97d37147b94b!8m2!3d21.3167948!4d-157.8650358!16s%2Fg%2F11qnlh3ffx!19sChIJA4VWvv9vAHwRS7lHcdOX_-o?authuser=0&hl=en&rclk=1,auto repair shop,Kalawao County,county,HI,2026-07-24T03:17:13,0x7c006fffbe568503:0xeaff97d37147b94b
Punahou Auto Service,(808) 941-2411,https://punahouautoservice.com/,,"1558 S King St, Honolulu, HI 96826, United States",1558 S King St,Honolulu,HI,96826,4.4,272,Auto repair shop,,,https://www.google.com/maps/place/Punahou+Auto+Service/data=!4m7!3m6!1s0x7c006dec7d7abdd5:0xa3c8d919bebbcb16!8m2!3d21.2973687!4d-157.83606!16s%2Fg%2F1v8y4796!19sChIJ1b16fextAHwRFsu7vhnZyKM?authuser=0&hl=en&rclk=1,auto repair shop,Honolulu County,county,HI,2026-07-24T03:12:08,0x7c006dec7d7abdd5:0xa3c8d919bebbcb16
Ray's Transmission Service Center LLC,(808) 591-9288,http://www.raystransmissionhi.com/,,"959 Queen St, Honolulu, HI 96814, United States",959 Queen St,Honolulu,HI,96814,4.6,40,Auto repair shop,,,https://www.google.com/maps/place/Ray%27s+Transmission+Service+Center+LLC/data=!4m7!3m6!1s0x7c006de31ca1a59d:0x4897cdccd288e87b!8m2!3d21.2965114!4d-157.8538814!16s%2Fg%2F1tn01fyq!19sChIJnaWhHONtAHwRe-iI0szNl0g?authuser=0&hl=en&rclk=1,auto repair shop,Honolulu,city,HI,2026-07-16T10:43:05,0x7c006de31ca1a59d:0x4897cdccd288e87b
SUM'S GENERAL AUTO REPAIR,(808) 842-1009,,,"1927 Homerule St, Honolulu, HI 96819, United States",1927 Homerule St,Honolulu,HI,96819,4.8,39,Auto repair shop,,,https://www.google.com/maps/place/SUM%27S+GENERAL+AUTO+REPAIR/data=!4m7!3m6!1s0x7c006e5c69fd2eb1:0xa9b7a1cef05a0a54!8m2!3d21.3251753!4d-157.8853916!16s%2Fg%2F1tyyx9_5!19sChIJsS79aVxuAHwRVApa8M6ht6k?authuser=0&hl=en&rclk=1,auto repair shop,Honolulu County,county,HI,2026-07-24T03:12:08,0x7c006e5c69fd2eb1:0xa9b7a1cef05a0a54
Sam's Auto Center and Transmissiom Specialist,(808) 842-9419,,,"1249 Mookaula St, Honolulu, HI 96817, United States",1249 Mookaula St,Honolulu,HI,96817,4.1,14,Auto repair shop,,,https://www.google.com/maps/place/Sam%27s+Auto+Center+and+Transmissiom+Specialist/data=!4m7!3m6!1s0x7c006e635e37012d:0xbaa1a6fcd3877d8f!8m2!3d21.3257318!4d-157.8707109!16s%2Fg%2F12645kg8y!19sChIJLQE3XmNuAHwRj32H0_ymobo?authuser=0&hl=en&rclk=1,auto repair shop,Honolulu County,county,HI,2026-07-24T03:12:08,0x7c006e635e37012d:0xbaa1a6fcd3877d8f
Servco Lexus Honolulu,(877) 290-7794,https://www.servcolexus.com/honolulu?utm_source=gmb&utm_medium=organic&utm_campaign=slh_dealership&utm_content=homepage,,"650 Kapiolani Blvd, Honolulu, HI 96813, United States",650 Kapiolani Blvd,Honolulu,HI,96813,4.3,310,Lexus dealer,,,https://www.google.com/maps/place/Servco+Lexus+Honolulu/data=!4m7!3m6!1s0x7c006de1a4e1eb61:0x197f1cf417db4d55!8m2!3d21.3023738!4d-157.8545531!16s%2Fg%2F1tvgvkcd!19sChIJYevhpOFtAHwRVU3bF_Qcfxk?authuser=0&hl=en&rclk=1,auto repair shop,Kalawao County,county,HI,2026-07-16T10:14:37,0x7c006de1a4e1eb61:0x197f1cf417db4d55
Sky Auto Repair,(808) 900-8060,https://www.skyautorepairs.com/,,"653 Mapunapuna St, Honolulu, HI 96819, United States",653 Mapunapuna St,Honolulu,HI,96819,4.8,256,Auto repair shop,,,https://www.google.com/maps/place/Sky+Auto+Repair/data=!4m7!3m6!1s0x7c006f0ebf4b3ef3:0x337313f6b3318a23!8m2!3d21.3368935!4d-157.899944!16s%2Fg%2F11fvj1lzxl!19sChIJ8z5Lvw5vAHwRI4oxs_YTczM?authuser=0&hl=en&rclk=1,auto repair shop,Honolulu County,county,HI,2026-07-24T03:12:08,0x7c006f0ebf4b3ef3:0x337313f6b3318a23
South Shore Auto - Mobile Mechanic,(808) 425-1042,http://southshoreautohi.com/,,"2246 Seaview Ave, Honolulu, HI 96822, United States",2246 Seaview Ave,Honolulu,HI,96822,4.9,35,Mechanic,,,https://www.google.com/maps/place/South+Shore+Auto+-+Mobile+Mechanic/data=!4m7!3m6!1s0x7c006d3a42ae6afd:0xf8ed2531cc85eecf!8m2!3d21.3003975!4d-157.8232332!16s%2Fg%2F11qbb2dng3!19sChIJ_WquQjptAHwRz-6FzDEl7fg?authuser=0&hl=en&rclk=1,auto repair shop,Honolulu County,county,HI,2026-07-24T03:12:08,0x7c006d3a42ae6afd:0xf8ed2531cc85eecf
Starkey's Auto Repair,(808) 721-3315,https://www.starkeysautorepair.com/,,"1297 Kaumualii St, Honolulu, HI 96817, United States",1297 Kaumualii St,Honolulu,HI,96817,4.6,746,Auto repair shop,,,https://www.google.com/maps/place/Starkey%27s+Auto+Repair/data=!4m7!3m6!1s0x7c006e6429640001:0xdbd5affee761c394!8m2!3d21.3240129!4d-157.8741982!16s%2Fg%2F11hcfq_4pd!19sChIJAQBkKWRuAHwRlMNh5_6v1ds?authuser=0&hl=en&rclk=1,auto repair shop,Honolulu County,county,HI,2026-07-24T03:12:08,0x7c006e6429640001:0xdbd5affee761c394
Stewart's Auto Services,(808) 596-8139,https://www.facebook.com/Stewarts-Auto-Service-114625821893209/,,"815 Kawaiaha‘o St, Honolulu, HI 96813, United States",815 Kawaiaha‘o St,Honolulu,HI,96813,4.9,36,Auto repair shop,,,https://www.google.com/maps/place/Stewart%27s+Auto+Services/data=!4m7!3m6!1s0x7c006de23d2ed5cb:0xe1b0f32cdc9edcce!8m2!3d21.29972!4d-157.8554374!16s%2Fg%2F1trvlnc8!19sChIJy9UuPeJtAHwRztye3CzzsOE?authuser=0&hl=en&rclk=1,auto repair shop,Honolulu County,county,HI,2026-07-24T03:12:08,0x7c006de23d2ed5cb:0xe1b0f32cdc9edcce
Sumida's Auto Repair,(808) 533-2994,https://www.sumidasautorepair.com/,,"866 Kawaiaha‘o St, Honolulu, HI 96813, United States",866 Kawaiaha‘o St,Honolulu,HI,96813,4.8,99,Auto repair shop,,,https://www.google.com/maps/place/Sumida%27s+Auto+Repair/data=!4m7!3m6!1s0x7c006e0b41066f75:0x7dd694c1cb231b03!8m2!3d21.2992451!4d-157.8544395!16s%2Fg%2F1tnct360!19sChIJdW8GQQtuAHwRAxsjy8GU1n0?authuser=0&hl=en&rclk=1,auto repair shop,Honolulu County,county,HI,2026-07-24T03:12:08,0x7c006e0b41066f75:0x7dd694c1cb231b03
T S Autoworks,(808) 845-8228,,,"1255 Mookaula St, Honolulu, HI 96817, United States",1255 Mookaula St,Honolulu,HI,96817,5.0,63,Auto repair shop,,,https://www.google.com/maps/place/T+S+Autoworks/data=!4m7!3m6!1s0x7c006e635e15ff7d:0x2348e24c07ad1e!8m2!3d21.3260137!4d-157.8708978!16s%2Fg%2F1tgm31yx!19sChIJff8VXmNuAHwRHq0HTOJIIwA?authuser=0&hl=en&rclk=1,auto repair shop,Honolulu County,county,HI,2026-07-24T03:12:08,0x7c006e635e15ff7d:0x2348e24c07ad1e
TDK Auto Body / Just Inspections,(808) 351-8752,http://tdk-intern-house.gaaq.net/,,"2847 Awaawaloa St, Honolulu, HI 96819, United States",2847 Awaawaloa St,Honolulu,HI,96819,4.8,18,Auto body shop,,,https://www.google.com/maps/place/TDK+Auto+Body+%2F+Just+Inspections/data=!4m7!3m6!1s0x7c006efed7e2eb2b:0x3760bd1e4bdc1278!8m2!3d21.3378959!4d-157.8992357!16s%2Fg%2F11f5h9y_pl!19sChIJK-vi1_5uAHwReBLcSx69YDc?authuser=0&hl=en&rclk=1,auto repair shop,Honolulu County,county,HI,2026-07-24T03:12:08,0x7c006efed7e2eb2b:0x3760bd1e4bdc1278
Tanaka Auto LLC,(808) 847-2001,,,"1347 Colburn St # E, Honolulu, HI 96817, United States",1347 Colburn St # E,Honolulu,HI,96817,4.5,15,Auto repair shop,,,https://www.google.com/maps/place/Tanaka+Auto+LLC/data=!4m7!3m6!1s0x7c006f254d81dcf7:0x6c0c494719eb3341!8m2!3d21.3226747!4d-157.8750957!16s%2Fg%2F11k_5h319j!19sChIJ99yBTSVvAHwRQTPrGUdJDGw?authuser=0&hl=en&rclk=1,auto repair shop,Honolulu,city,HI,2026-07-16T10:43:05,0x7c006f254d81dcf7:0x6c0c494719eb3341
Ted's Automotive Machine Shop,(808) 845-3488,http://www.tedsmachine.com/,,"418 Mokauea St, Honolulu, HI 96819, United States",418 Mokauea St,Honolulu,HI,96819,4.6,51,Auto machine shop,,,https://www.google.com/maps/place/Ted%27s+Automotive+Machine+Shop/data=!4m7!3m6!1s0x7c006e5e75db5e31:0x4718846a0772114!8m2!3d21.327172!4d-157.882567!16s%2Fg%2F1thffnnj!19sChIJMV7bdV5uAHwRFCF3oEaIcQQ?authuser=0&hl=en&rclk=1,auto repair shop,Honolulu,city,HI,2026-07-16T10:43:05,0x7c006e5e75db5e31:0x4718846a0772114
Tenney's Algaroba Auto Repair,(808) 941-6855,http://tenneys-auto-repair.jany.io/,,"1918 Algaroba St, Honolulu, HI 96826, United States",1918 Algaroba St,Honolulu,HI,96826,5.0,44,Auto repair shop,,,https://www.google.com/maps/place/Tenney%27s+Algaroba+Auto+Repair/data=!4m7!3m6!1s0x7c006d931ce51f0d:0xca4ec1a2c09c1ffa!8m2!3d21.2945812!4d-157.8310544!16s%2Fg%2F1tnct35h!19sChIJDR_lHJNtAHwR-h-cwKLBTso?authuser=0&hl=en&rclk=1,auto repair shop,Honolulu County,county,HI,2026-07-24T03:12:08,0x7c006d931ce51f0d:0xca4ec1a2c09c1ffa
Tony's Auto Air,(808) 955-0866,http://www.tonysautoair.com/,,"1016 Artesian St, Honolulu, HI 96826, United States",1016 Artesian St,Honolulu,HI,96826,4.6,39,Car repair and maintenance service,,,https://www.google.com/maps/place/Tony%27s+Auto+Air/data=!4m7!3m6!1s0x7c006d9341d45cad:0x3da202998dc7d0ca!8m2!3d21.2960099!4d-157.831704!16s%2Fg%2F1tfg7wxf!19sChIJrVzUQZNtAHwRytDHjZkCoj0?authuser=0&hl=en&rclk=1,auto repair shop,Kalawao County,county,HI,2026-07-24T03:17:13,0x7c006d9341d45cad:0x3da202998dc7d0ca
UNIBODY Autotech Collision Repair Center,(808) 592-5000,,,"789 Mapunapuna St, Honolulu, HI 96819, United States",789 Mapunapuna St,Honolulu,HI,96819,4.8,996,Auto body shop,,,https://www.google.com/maps/place/UNIBODY+Autotech+Collision+Repair+Center/data=!4m7!3m6!1s0x7c006efea40837c1:0x10fb181084867448!8m2!3d21.340393!4d-157.8998413!16s%2Fg%2F1td76swc!19sChIJwTcIpP5uAHwRSHSGhBAY-xA?authuser=0&hl=en&rclk=1,auto repair shop,Kalawao County,county,HI,2026-07-24T03:17:13,0x7c006efea40837c1:0x10fb181084867448
Underground Auto LLC,(808) 208-4173,https://undergroundautohawaii.com/,,"1615 Democrat St, Honolulu, HI 96819, United States",1615 Democrat St,Honolulu,HI,96819,5.0,30,Auto repair shop,,,https://www.google.com/maps/place/Underground+Auto+LLC/data=!4m7!3m6!1s0x7c006f5545d70919:0x6491b17a51f73ad4!8m2!3d21.3219799!4d-157.8826494!16s%2Fg%2F11yp7zd4n8!19sChIJGQnXRVVvAHwR1Dr3UXqxkWQ?authuser=0&hl=en&rclk=1,auto repair shop,Honolulu County,county,HI,2026-07-24T03:12:08,0x7c006f5545d70919:0x6491b17a51f73ad4
Will's Automotive,(808) 591-0159,,,"882 Kawaiaha‘o St, Honolulu, HI 96813, United States",882 Kawaiaha‘o St,Honolulu,HI,96813,4.9,13,Auto repair shop,,,https://www.google.com/maps/place/Will%27s+Automotive/data=!4m7!3m6!1s0x7c006de24a5c2323:0x167c93aa992d4ee4!8m2!3d21.2988799!4d-157.8542451!16s%2Fg%2F1tv24c4v!19sChIJIyNcSuJtAHwR5E4tmaqTfBY?authuser=0&hl=en&rclk=1,auto repair shop,Honolulu County,county,HI,2026-07-24T03:12:08,0x7c006de24a5c2323:0x167c93aa992d4ee4
Wrench Werks,(808) 376-3033,http://www.wrenchwerks.com/,,"2017 Homerule St, Honolulu, HI 96819, United States",2017 Homerule St,Honolulu,HI,96819,4.7,229,Auto repair shop,,,https://www.google.com/maps/place/Wrench+Werks/data=!4m7!3m6!1s0x7c006de26d91761b:0x407a0a999f37cb42!8m2!3d21.3258318!4d-157.8859468!16s%2Fg%2F12qgnwn9t!19sChIJG3aRbeJtAHwRQss3n5kKekA?authuser=0&hl=en&rclk=1,auto repair shop,Honolulu County,county,HI,2026-07-24T03:12:08,0x7c006de26d91761b:0x407a0a999f37cb42
"Wrenchy's Automotive Repairs, LLC",(808) 593-0940,,,"156 Mokauea St, Honolulu, HI 96819, United States",156 Mokauea St,Honolulu,HI,96819,4.8,11,Auto repair shop,,,"https://www.google.com/maps/place/Wrenchy%27s+Automotive+Repairs,+LLC/data=!4m7!3m6!1s0x7c006de373b906c1:0xc352f0280114690c!8m2!3d21.3230823!4d-157.8865161!16s%2Fg%2F1vy7gsvy!19sChIJwQa5c-NtAHwRDGkUASjwUsM?authuser=0&hl=en&rclk=1",auto repair shop,Honolulu County,county,HI,2026-07-24T03:12:08,0x7c006de373b906c1:0xc352f0280114690c
Xi Tech Automotive,(808) 782-8822,https://www.xi-tech-automotive.com/,,"1111 Waimanu St #4235, Honolulu, HI 96814, United States",1111 Waimanu St #4235,Honolulu,HI,96814,4.9,51,Auto repair shop,,,https://www.google.com/maps/place/Xi+Tech+Automotive/data=!4m7!3m6!1s0x7c006de4af708d77:0x72d61ce19be401cd!8m2!3d21.2948722!4d-157.8504937!16s%2Fg%2F11c1jwby1_!19sChIJd41wr-RtAHwRzQHkm-Ec1nI?authuser=0&hl=en&rclk=1,auto repair shop,Honolulu County,county,HI,2026-07-24T03:12:08,0x7c006de4af708d77:0x72d61ce19be401cd
Yajima Service Station,(808) 942-0404,https://www.yajimaservicehawaii.com/,,"1375 S King St, Honolulu, HI 96814, United States",1375 S King St,Honolulu,HI,96814,4.1,270,Auto repair shop,,,https://www.google.com/maps/place/Yajima+Service+Station/data=!4m7!3m6!1s0x7c006deeca863d19:0x42ea583f1ce72420!8m2!3d21.298393!4d-157.8405691!16s%2Fg%2F1tl_lydw!19sChIJGT2Gyu5tAHwRICTnHD9Y6kI?authuser=0&hl=en&rclk=1,auto repair shop,Honolulu County,county,HI,2026-07-16T10:07:48,0x7c006deeca863d19:0x42ea583f1ce72420
Yamas Auto Care,(808) 845-2688,,,"501 Sumner St Ste 603, Honolulu, HI 96817, United States",501 Sumner St Ste 603,Honolulu,HI,96817,4.7,130,Auto repair shop,,,https://www.google.com/maps/place/Yamas+Auto+Care/data=!4m7!3m6!1s0x7c006e635d844a89:0x6333061f0980be18!8m2!3d21.3178146!4d-157.8686271!16s%2Fg%2F1tgfwvm1!19sChIJiUqEXWNuAHwRGL6ACR8GM2M?authuser=0&hl=en&rclk=1,auto repair shop,Honolulu County,county,HI,2026-07-24T03:12:08,0x7c006e635d844a89:0x6333061f0980be18
AZ fix mobile mechanic,(808) 269-1285,https://site-p1wofimwi.godaddysites.com/,,"104 Aoloa Loop, Kahului, HI 96732, United States",104 Aoloa Loop,Kahului,HI,96732,5.0,2,Auto repair shop,,,https://www.google.com/maps/place/AZ+fix+mobile+mechanic/data=!4m7!3m6!1s0x7954d343328b0d2f:0x31f2515e9032a908!8m2!3d20.8787674!4d-156.4584197!16s%2Fg%2F11xvlqbppt!19sChIJLw2LMkPTVHkRCKkykF5R8jE?authuser=0&hl=en&rclk=1,auto repair shop,Maui County,county,HI,2026-07-24T02:15:52,0x7954d343328b0d2f:0x31f2515e9032a908
Automotive Services of Hawaii,(808) 871-8110,,,"495 Hukilike St Ste 8, Kahului, HI 96732, United States",495 Hukilike St Ste 8,Kahului,HI,96732,3.1,21,Auto body shop,,,https://www.google.com/maps/place/Automotive+Services+of+Hawaii/data=!4m7!3m6!1s0x7954d2e979c3d589:0x3faaff097f79d3b4!8m2!3d20.8808702!4d-156.4574595!16s%2Fg%2F1tfw3763!19sChIJidXDeenSVHkRtNN5fwn_qj8?authuser=0&hl=en&rclk=1,auto repair shop,Maui County,county,HI,2026-07-24T02:15:52,0x7954d2e979c3d589:0x3faaff097f79d3b4
Bob's Auto Refinishing LLC,(808) 986-8001,http://bobsautorefinishing.com/,,"314 Hoohana St, Kahului, HI 96732, United States",314 Hoohana St,Kahului,HI,96732,4.2,17,Auto body shop,,,https://www.google.com/maps/place/Bob%27s+Auto+Refinishing+LLC/data=!4m7!3m6!1s0x7954d2e81d18cd23:0x45d24863635b29cd!8m2!3d20.8841832!4d-156.462023!16s%2Fg%2F1tql4zzc!19sChIJI80YHejSVHkRzSlbY2NI0kU?authuser=0&hl=en&rclk=1,auto repair shop,Maui County,county,HI,2026-07-16T10:38:22,0x7954d2e81d18cd23:0x45d24863635b29cd
Discount Auto Repair and Towing,(808) 269-6510,https://public.towbook.com/ov21,,"589 Haleakala Hwy, Kahului, HI 96732, United States",589 Haleakala Hwy,Kahului,HI,96732,3.4,41,Towing service,,,https://www.google.com/maps/place/Discount+Auto+Repair+and+Towing/data=!4m7!3m6!1s0x7954d330f033c37d:0x4650bc90fe916352!8m2!3d20.8884459!4d-156.4468843!16s%2Fg%2F11b6vq5nv8!19sChIJfcMz8DDTVHkRUmOR_pC8UEY?authuser=0&hl=en&rclk=1,auto repair shop,Maui County,county,HI,2026-07-24T02:15:52,0x7954d330f033c37d:0x4650bc90fe916352
EMINENT TIRE & ROADSIDE,(808) 856-5441,https://eminenttowing.com/,,"Beach Rd, Kahului, HI 96732, United States",Beach Rd,Kahului,HI,96732,5.0,3,Towing service,,,https://www.google.com/maps/place/EMINENT+TIRE+%26+ROADSIDE/data=!4m7!3m6!1s0x7954d30beea261c5:0xa6fe2d6b1f8fdbb2!8m2!3d20.8818896!4d-156.458581!16s%2Fg%2F11yxblyp4k!19sChIJxWGi7gvTVHkRstuPH2st_qY?authuser=0&hl=en&rclk=1,auto repair shop,Kalawao County,county,HI,2026-07-16T10:14:37,0x7954d30beea261c5:0xa6fe2d6b1f8fdbb2
Island Honda Service Center,(808) 868-5947,https://www.islandhonda.com/service/default.htm?utm_source=google&utm_medium=organic&utm_campaign=google_my_business&utm_content=service,,"110 Hana Hwy Ste 100, Kahului, HI 96732, United States",110 Hana Hwy Ste 100,Kahului,HI,96732,4.8,196,Auto repair shop,,,https://www.google.com/maps/place/Island+Honda+Service+Center/data=!4m7!3m6!1s0x7954d39f8167e321:0x844d69e3d4351f0a!8m2!3d20.8901955!4d-156.4616701!16s%2Fg%2F11h7qf2cx6!19sChIJIeNngZ_TVHkRCh811ONpTYQ?authuser=0&hl=en&rclk=1,auto repair shop,Maui County,county,HI,2026-07-16T10:38:22,0x7954d39f8167e321:0x844d69e3d4351f0a
Jim Falk Motors of Maui Service,(808) 270-2601,http://www.jimfalkgm.com/,,"260 Hana Hwy, Kahului, HI 96732, United States",260 Hana Hwy,Kahului,HI,96732,2.5,41,Auto repair shop,,,https://www.google.com/maps/place/Jim+Falk+Motors+of+Maui+Service/data=!4m7!3m6!1s0x7954d2c3eadc3add:0xff94efef84a79843!8m2!3d20.8882694!4d-156.4582519!16s%2Fg%2F11d_yzmbc9!19sChIJ3Trc6sPSVHkRQ5inhO_vlP8?authuser=0&hl=en&rclk=1,auto repair shop,Maui County,county,HI,2026-07-16T10:38:22,0x7954d2c3eadc3add:0xff94efef84a79843
K. Way Auto LLC,(808) 877-5616,https://www.kwayauto.com/?utm_source=google&utm_medium=wix_google_business_profile&utm_campaign=17577735839694604094,,"331 Ano St # B, Kahului, HI 96732, United States",331 Ano St # B,Kahului,HI,96732,4.6,22,Auto repair shop,,,https://www.google.com/maps/place/K.+Way+Auto+LLC/data=!4m7!3m6!1s0x7954d3a4905aaa95:0xf3fb0fae3b4ae2ff!8m2!3d20.8864056!4d-156.4769786!16s%2Fg%2F11l5bdlw4l!19sChIJlapakKTTVHkR_-JKO64P-_M?authuser=0&hl=en&rclk=1,auto repair shop,Maui County,county,HI,2026-07-24T02:15:52,0x7954d3a4905aaa95:0xf3fb0fae3b4ae2ff
Maui Auto Repair & A/C,(808) 303-5696,,,"404 Kele St Unit B, Kahului, HI 96732, United States",404 Kele St Unit B,Kahului,HI,96732,,,Auto repair shop,,,https://www.google.com/maps/place/Maui+Auto+Repair+%26+A%2FC/data=!4m7!3m6!1s0x7954d34b33d311e7:0x454c86f310561195!8m2!3d20.8868226!4d-156.4539442!16s%2Fg%2F11ywfp4g4k!19sChIJ5xHTM0vTVHkRlRFWEPOGTEU?authuser=0&hl=en&rclk=1,auto repair shop,Maui County,county,HI,2026-07-24T03:32:32,0x7954d34b33d311e7:0x454c86f310561195
Maui Express Lube,(808) 909-3336,https://www.mauiexpresslube.com/,,"81 Alae St, Kahului, HI 96732, United States",81 Alae St,Kahului,HI,96732,4.0,109,Oil change service,,,https://www.google.com/maps/place/Maui+Express+Lube/data=!4m7!3m6!1s0x7954d36acc5f12df:0xc251b5df7e5c7dbf!8m2!3d20.8788493!4d-156.4476592!16s%2Fg%2F11rghdvv8j!19sChIJ3xJfzGrTVHkRv31cft-1UcI?authuser=0&hl=en&rclk=1,auto repair shop,Maui County,county,HI,2026-07-24T02:15:52,0x7954d36acc5f12df:0xc251b5df7e5c7dbf
Maui Fix Auto,(808) 877-3731,,,"343 Hanamau St, Kahului, HI 96732, United States",343 Hanamau St,Kahului,HI,96732,4.7,38,Auto repair shop,,,https://www.google.com/maps/place/Maui+Fix+Auto/data=!4m7!3m6!1s0x7954d2e81e95eaeb:0xe8b3f2c758693036!8m2!3d20.8875207!4d-156.4586252!16s%2Fg%2F1tkjldl4!19sChIJ6-qVHujSVHkRNjBpWMfys-g?authuser=0&hl=en&rclk=1,auto repair shop,Maui County,county,HI,2026-07-24T03:32:32,0x7954d2e81e95eaeb:0xe8b3f2c758693036
Maui Off Road Center,(808) 871-6263,http://www.mauioffroad.com/,,"251 Hoohana St, Kahului, HI 96732, United States",251 Hoohana St,Kahului,HI,96732,4.2,32,Tire shop,,,https://www.google.com/maps/place/Maui+Off+Road+Center/data=!4m7!3m6!1s0x7954d2c2c8e21365:0xdb995bb5ecf05408!8m2!3d20.8861639!4d-156.4623599!16s%2Fg%2F1v1slf72!19sChIJZRPiyMLSVHkRCFTw7LVbmds?authuser=0&hl=en&rclk=1,auto repair shop,Maui County,county,HI,2026-07-16T10:38:22,0x7954d2c2c8e21365:0xdb995bb5ecf05408
Maui Oil Change & Tune Up,(808) 877-7522,https://mauioilchangeandtuneup.com/,,"41 E Wakea Ave, Kahului, HI 96732, United States",41 E Wakea Ave,Kahului,HI,96732,4.6,191,Oil change service,,,https://www.google.com/maps/place/Maui+Oil+Change+%26+Tune+Up/data=!4m7!3m6!1s0x7954d2dd44df9c7f:0x11b147aa74ce5a43!8m2!3d20.8854076!4d-156.4638165!16s%2Fg%2F1tdsj_6k!19sChIJf5zfRN3SVHkRQ1rOdKpHsRE?authuser=0&hl=en&rclk=1,auto repair shop,Maui County,county,HI,2026-07-24T02:15:52,0x7954d2dd44df9c7f:0x11b147aa74ce5a43
Mercedes-Benz of Maui Service and Auto Parts,(808) 872-1520,https://www.mbofmaui.com/service/,,"69 Hobron Ave, Kahului, HI 96732, United States",69 Hobron Ave,Kahului,HI,96732,4.8,85,Auto repair shop,,,https://www.google.com/maps/place/Mercedes-Benz+of+Maui+Service+and+Auto+Parts/data=!4m7!3m6!1s0x7954d2c4d0893f47:0x16b096fb7739e2a8!8m2!3d20.8923155!4d-156.4621657!16s%2Fg%2F11gdvkyfj7!19sChIJRz-J0MTSVHkRqOI5d_uWsBY?authuser=0&hl=en&rclk=1,auto repair shop,Maui County,county,HI,2026-07-24T03:32:32,0x7954d2c4d0893f47:0x16b096fb7739e2a8
Mike's Automotive LLC,(808) 877-5616,,,"331 Ano St # B, Kahului, HI 96732, United States",331 Ano St # B,Kahului,HI,96732,4.6,94,Auto repair shop,,,https://www.google.com/maps/place/Mike%27s+Automotive+LLC/data=!4m7!3m6!1s0x7954d31f87ca4fb5:0x3149ecf4e4360903!8m2!3d20.8864056!4d-156.4769786!16s%2Fg%2F1vbl7ssv!19sChIJtU_Khx_TVHkRAwk25PTsSTE?authuser=0&hl=en&rclk=1,auto repair shop,Maui County,county,HI,2026-07-24T02:15:52,0x7954d31f87ca4fb5:0x3149ecf4e4360903
New Wave Auto Care Body and Paint,(808) 877-8800,http://newwaveautocarebodyandpaint.net/,,"331 Ano St Ste e, Kahului, HI 96732, United States",331 Ano St Ste e,Kahului,HI,96732,4.8,6,Auto repair shop,,,https://www.google.com/maps/place/New+Wave+Auto+Care+Body+and+Paint/data=!4m7!3m6!1s0x7954d3f3f47c0b73:0x81b7c62d059d3e6a!8m2!3d20.8864302!4d-156.4770469!16s%2Fg%2F11gv0d2md2!19sChIJcwt89PPTVHkRaj6dBS3Gt4E?authuser=0&hl=en&rclk=1,auto repair shop,Maui County,county,HI,2026-07-24T02:15:52,0x7954d3f3f47c0b73:0x81b7c62d059d3e6a
Nextgen Auto Center,(808) 264-5050,http://nextgenautocentermaui.com/,,"106 Kane St #5A, Kahului, HI 96732, United States",106 Kane St #5A,Kahului,HI,96732,5.0,60,Auto repair shop,,,https://www.google.com/maps/place/Nextgen+Auto+Center/data=!4m7!3m6!1s0x7954d30164e8f159:0xb3107614b69cbf9!8m2!3d20.8866813!4d-156.4735617!16s%2Fg%2F11f6dl8_3v!19sChIJWfHoZAHTVHkR-ctpS2EHMQs?authuser=0&hl=en&rclk=1,auto repair shop,Maui County,county,HI,2026-07-24T03:32:32,0x7954d30164e8f159:0xb3107614b69cbf9
PNW Auto Repair,(808) 793-2335,https://www.pnwautorepairmaui.com/,,"295 Hoohana St Ste 9H, Kahului, HI 96732, United States",295 Hoohana St Ste 9H,Kahului,HI,96732,5.0,165,Auto repair shop,,,https://www.google.com/maps/place/PNW+Auto+Repair/data=!4m7!3m6!1s0x7954d36520a1c7a5:0x88e521371ea9dc17!8m2!3d20.8848769!4d-156.4615146!16s%2Fg%2F11p0zfq_7j!19sChIJpcehIGXTVHkRF9ypHjch5Yg?authuser=0&hl=en&rclk=1,auto repair shop,Maui County,county,HI,2026-07-24T03:32:32,0x7954d36520a1c7a5:0x88e521371ea9dc17
Pono Transmission & Repair Services,(808) 866-3378,,,"251 Lalo St, Kahului, HI 96732, United States",251 Lalo St,Kahului,HI,96732,4.5,25,Transmission shop,,,https://www.google.com/maps/place/Pono+Transmission+%26+Repair+Services/data=!4m7!3m6!1s0x7954d33e6cea1279:0x4dc8c155ec10867!8m2!3d20.8843072!4d-156.4584919!16s%2Fg%2F11fnp30tzn!19sChIJeRLqbD7TVHkRZwjBXhWM3AQ?authuser=0&hl=en&rclk=1,auto repair shop,Maui County,county,HI,2026-07-24T02:15:52,0x7954d33e6cea1279:0x4dc8c155ec10867
Safety Inspection Services Maui,(808) 866-3378,,,"251 Lalo St Unit H1/J1, Kahului, HI 96732, United States",251 Lalo St Unit H1/J1,Kahului,HI,96732,4.8,156,Auto repair shop,,,https://www.google.com/maps/place/Safety+Inspection+Services+Maui/data=!4m7!3m6!1s0x7954d3307a89a73f:0x54f70062a63cf52a!8m2!3d20.8842869!4d-156.4584198!16s%2Fg%2F11gf95w48x!19sChIJP6eJejDTVHkRKvU8pmIA91Q?authuser=0&hl=en&rclk=1,auto repair shop,Maui County,county,HI,2026-07-24T02:15:52,0x7954d3307a89a73f:0x54f70062a63cf52a
South Pacific Motors,(808) 868-4559,http://southpacificmotors.com/index.html,,"71 makeke place, Maui Veterans Hwy, Kahului, HI 96732, United States","71 makeke place, Maui Veterans Hwy",Kahului,HI,96732,4.6,21,Auto repair shop,,,https://www.google.com/maps/place/South+Pacific+Motors/data=!4m7!3m6!1s0x7954cb79d9852a33:0xe816d85b0598694d!8m2!3d20.839717!4d-156.462698!16s%2Fg%2F11bw4t9yw_!19sChIJMyqF2XnLVHkRTWmYBVvYFug?authuser=0&hl=en&rclk=1,auto repair shop,Maui County,county,HI,2026-07-24T02:15:52,0x7954cb79d9852a33:0xe816d85b0598694d
Tint Masters Maui,(808) 740-4400,http://www.tintmastersmaui.com/,,"430 Alamaha St, Kahului, HI 96732, United States",430 Alamaha St,Kahului,HI,96732,4.9,78,Window tinting service,,,https://www.google.com/maps/place/Tint+Masters+Maui/data=!4m7!3m6!1s0x7954d2c1c363c811:0x355750b02604b46a!8m2!3d20.8840312!4d-156.4550476!16s%2Fg%2F11bv3rw9rj!19sChIJEchjw8HSVHkRarQEJrBQVzU?authuser=0&hl=en&rclk=1,auto repair shop,Kalawao County,county,HI,2026-07-16T10:14:37,0x7954d2c1c363c811:0x355750b02604b46a
220 Auto,(808) 368-2472,https://220auto.com/,,"905 Kapaa Quarry Pl, Kailua, HI 96734, United States",905 Kapaa Quarry Pl,Kailua,HI,96734,4.4,13,Auto body shop,,,https://www.google.com/maps/place/220+Auto/data=!4m7!3m6!1s0x7c006b82b9a6798f:0xec4dc34557110672!8m2!3d21.399064!4d-157.7687382!16s%2Fg%2F11n7py40fp!19sChIJj3mmuYJrAHwRcgYRV0XDTew?authuser=0&hl=en&rclk=1,auto repair shop,Kailua,city,HI,2026-07-24T03:46:21,0x7c006b82b9a6798f:0xec4dc34557110672
808 Mobile Tire Shop,(808) 692-2141,https://808mobiletireshop.com/,,"1147 Loho St, Kailua, HI 96734, United States",1147 Loho St,Kailua,HI,96734,4.7,29,Tire repair shop,,,https://www.google.com/maps/place/808+Mobile+Tire+Shop/data=!4m7!3m6!1s0x7c0015570e02a0c9:0x87db9fc37938d266!8m2!3d21.3767593!4d-157.7247479!16s%2Fg%2F11rfr11qcz!19sChIJyaACDlcVAHwRZtI4ecOf24c?authuser=0&hl=en&rclk=1,auto repair shop,Kailua,city,HI,2026-07-24T03:46:21,0x7c0015570e02a0c9:0x87db9fc37938d266
808 Speed Shop,(808) 636-4564,,,"905 Kalanianaʻole Hwy #1901, Kailua, HI 96734, United States",905 Kalanianaʻole Hwy #1901,Kailua,HI,96734,4.0,6,Auto body shop,,,https://www.google.com/maps/place/808+Speed+Shop/data=!4m7!3m6!1s0x7c006b4c02374ef9:0x64e491ee0b5bb1ba!8m2!3d21.3993671!4d-157.7691393!16s%2Fg%2F11bwh96rf_!19sChIJ-U43AkxrAHwRurFbC-6R5GQ?authuser=0&hl=en&rclk=1,auto repair shop,Kailua,city,HI,2026-07-16T10:55:48,0x7c006b4c02374ef9:0x64e491ee0b5bb1ba
808Autocare,(808) 319-1551,,,"216 Kuulei Rd, Kailua, HI 96734, United States",216 Kuulei Rd,Kailua,HI,96734,5.0,1,Auto repair shop,,,https://www.google.com/maps/place/808Autocare/data=!4m7!3m6!1s0x7c0015c48b3fa091:0xa5dbc8369b967d8a!8m2!3d21.3970417!4d-157.7398619!16s%2Fg%2F11wfxs4dcn!19sChIJkaA_i8QVAHwRin2WmzbI26U?authuser=0&hl=en&rclk=1,auto repair shop,Kailua,city,HI,2026-07-24T03:46:21,0x7c0015c48b3fa091:0xa5dbc8369b967d8a
AutoCorrect LLC,(808) 228-9593,http://autocorrectkailua.com/contact-us/,,"22 Kainehe St, Kailua, HI 96734, United States",22 Kainehe St,Kailua,HI,96734,4.4,13,Car repair and maintenance service,,,https://www.google.com/maps/place/AutoCorrect+LLC/data=!4m7!3m6!1s0x7c0014db1487b7e3:0x78cb084668ba88b2!8m2!3d21.3941544!4d-157.7453826!16s%2Fg%2F11d_7nj1gd!19sChIJ47eHFNsUAHwRsoi6aEYIy3g?authuser=0&hl=en&rclk=1,auto repair shop,Kailua,city,HI,2026-07-24T03:46:21,0x7c0014db1487b7e3:0x78cb084668ba88b2
Autoworks,(808) 947-6770,http://www.autoworks.repair.bz/,,"905 Kalanianaʻole Hwy, Kailua, HI 96734, United States",905 Kalanianaʻole Hwy,Kailua,HI,96734,4.7,22,Auto repair shop,,,https://www.google.com/maps/place/Autoworks/data=!4m7!3m6!1s0x7c006dec5703f7a5:0xc3a942991f45abca!8m2!3d21.3987426!4d-157.770051!16s%2Fg%2F1td9qr4s!19sChIJpfcDV-xtAHwRyqtFH5lCqcM?authuser=0&hl=en&rclk=1,auto repair shop,Kailua,city,HI,2026-07-24T03:46:21,0x7c006dec5703f7a5:0xc3a942991f45abca
BES Auto Repair,(808) 228-9593,,,"22 Kainehe St, Kailua, HI 96734, United States",22 Kainehe St,Kailua,HI,96734,3.3,11,Auto repair shop,,,https://www.google.com/maps/place/BES+Auto+Repair/data=!4m7!3m6!1s0x7c0014db1487b7e3:0x289eb4cc4d138d18!8m2!3d21.3941378!4d-157.7454614!16s%2Fg%2F1261vthbh!19sChIJ47eHFNsUAHwRGI0TTcy0nig?authuser=0&hl=en&rclk=1,auto repair shop,Kailua,city,HI,2026-07-24T03:46:21,0x7c0014db1487b7e3:0x289eb4cc4d138d18
Car Audio & Security Specialists,(808) 262-9940,,,"177 Hamakua Dr, Kailua, HI 96734, United States",177 Hamakua Dr,Kailua,HI,96734,4.6,206,Car accessories store,,,https://www.google.com/maps/place/Car+Audio+%26+Security+Specialists/data=!4m7!3m6!1s0x7c0014c32379f71b:0x2e523168110b2df3!8m2!3d21.3906617!4d-157.7414236!16s%2Fg%2F1tt8cgwk!19sChIJG_d5I8MUAHwR8y0LEWgxUi4?authuser=0&hl=en&rclk=1,auto repair shop,Kailua,city,HI,2026-07-24T03:46:21,0x7c0014c32379f71b:0x2e523168110b2df3
Clyde's Auto Care Center,(808) 261-0262,,,"905 Kalanianaʻole Hwy #2903, Kailua, HI 96734, United States",905 Kalanianaʻole Hwy #2903,Kailua,HI,96734,4.9,89,Auto repair shop,,,https://www.google.com/maps/place/Clyde%27s+Auto+Care+Center/data=!4m7!3m6!1s0x7c0014dc3a3c2097:0xb859fbdcef57fafd!8m2!3d21.3968311!4d-157.7705738!16s%2Fg%2F11bwp1pkct!19sChIJlyA8OtwUAHwR_fpX79z7Wbg?authuser=0&hl=en&rclk=1,auto repair shop,Kailua,city,HI,2026-07-24T03:46:21,0x7c0014dc3a3c2097:0xb859fbdcef57fafd
Colors On Parade Hawaii,(808) 478-3382,https://colorsonparade.com/locations/oahu/,,"111 Hekili St Ste A, Kailua, HI 96734, United States",111 Hekili St Ste A,Kailua,HI,96734,5.0,6,Auto body shop,,,https://www.google.com/maps/place/Colors+On+Parade+Hawaii/data=!4m7!3m6!1s0x7c0014c4abbc380f:0xc628d8b12766e612!8m2!3d21.3920644!4d-157.7435164!16s%2Fg%2F1vgqd98t!19sChIJDzi8q8QUAHwREuZmJ7HYKMY?authuser=0&hl=en&rclk=1,auto repair shop,Kailua,city,HI,2026-07-24T03:46:21,0x7c0014c4abbc380f:0xc628d8b12766e612
Corey's Auto Repair,(808) 253-0220,,,"171-A Hamakua Dr, Kailua, HI 96734, United States",171-A Hamakua Dr,Kailua,HI,96734,3.3,42,Auto repair shop,,,https://www.google.com/maps/place/Corey%27s+Auto+Repair/data=!4m7!3m6!1s0x7c0015382d3fb073:0xe37974bb51b487f5!8m2!3d21.3906906!4d-157.7417179!16s%2Fg%2F1tvylz_w!19sChIJc7A_LTgVAHwR9Ye0Ubt0eeM?authuser=0&hl=en&rclk=1,auto repair shop,Kailua,city,HI,2026-07-24T03:46:21,0x7c0015382d3fb073:0xe37974bb51b487f5
Dealer Collision Group,(808) 809-5519,https://www.dealercollisiongroup.com/,,"905 Kalanianaʻole Hwy #2401, Kailua, HI 96734, United States",905 Kalanianaʻole Hwy #2401,Kailua,HI,96734,5.0,9,Auto body shop,,,https://www.google.com/maps/place/Dealer+Collision+Group/data=!4m7!3m6!1s0x7c006bcc0f3f43f9:0x372dd01509b30fe8!8m2!3d21.3975586!4d-157.7708324!16s%2Fg%2F11yfqc9d2t!19sChIJ-UM_D8xrAHwR6A-zCRXQLTc?authuser=0&hl=en&rclk=1,auto repair shop,Kailua,city,HI,2026-07-24T03:46:21,0x7c006bcc0f3f43f9:0x372dd01509b30fe8
Exhaust Systems Hawaii,(808) 263-8111,https://www.exhaustsystemshi.com/,,"171 Hamakua Dr B, Kailua, HI 96734, United States",171 Hamakua Dr B,Kailua,HI,96734,4.8,130,Auto repair shop,,,https://www.google.com/maps/place/Exhaust+Systems+Hawaii/data=!4m7!3m6!1s0x7c0014c33e71f38b:0xbd6ef9a98ca1c268!8m2!3d21.3906703!4d-157.7418988!16s%2Fg%2F1tplkysd!19sChIJi_NxPsMUAHwRaMKhjKn5br0?authuser=0&hl=en&rclk=1,auto repair shop,Kailua,city,HI,2026-07-24T03:46:21,0x7c0014c33e71f38b:0xbd6ef9a98ca1c268
Faith Collision Center Of Hawaii,(808) 261-4664,https://fccoh.weebly.com/,,"39 Hoolai St, Kailua, HI 96734, United States",39 Hoolai St,Kailua,HI,96734,4.7,71,Auto body shop,,,https://www.google.com/maps/place/Faith+Collision+Center+Of+Hawaii/data=!4m7!3m6!1s0x7c0014db735170df:0xc68ef3d4982313c7!8m2!3d21.3947305!4d-157.74529!16s%2Fg%2F11z5sfg3m!19sChIJ33BRc9sUAHwRxxMjmNTzjsY?authuser=0&hl=en&rclk=1,auto repair shop,Kailua,city,HI,2026-07-24T03:46:21,0x7c0014db735170df:0xc68ef3d4982313c7
Hamakua Autobody,(808) 263-0844,,,"160 Hamakua Dr, Kailua, HI 96734, United States",160 Hamakua Dr,Kailua,HI,96734,4.4,32,Auto body shop,,,https://www.google.com/maps/place/Hamakua+Autobody/data=!4m7!3m6!1s0x7c0014c347f82571:0x10c814af03fffa3e!8m2!3d21.3913755!4d-157.7421924!16s%2Fg%2F1tfxgxcv!19sChIJcSX4R8MUAHwRPvr_A68UyBA?authuser=0&hl=en&rclk=1,auto repair shop,Kailua,city,HI,2026-07-24T03:46:21,0x7c0014c347f82571:0x10c814af03fffa3e
Hawaii Vintage Workshop,(808) 263-0269,,,"32 Kainehe St #101, Kailua, HI 96734, United States",32 Kainehe St #101,Kailua,HI,96734,4.8,40,Auto repair shop,,,https://www.google.com/maps/place/Hawaii+Vintage+Workshop/data=!4m7!3m6!1s0x7c006b2e52196f2d:0xa59a68f3bd388527!8m2!3d21.3944491!4d-157.7455806!16s%2Fg%2F11bxdvfhs5!19sChIJLW8ZUi5rAHwRJ4U4vfNomqU?authuser=0&hl=en&rclk=1,auto repair shop,Kailua,city,HI,2026-07-24T03:46:21,0x7c006b2e52196f2d:0xa59a68f3bd388527
Nikola's Auto Center,(808) 391-1146,,,"905 Kapaa Quarry Pl Unit 1202, Kailua, HI 96734, United States",905 Kapaa Quarry Pl Unit 1202,Kailua,HI,96734,5.0,39,Car repair and maintenance service,,,https://www.google.com/maps/place/Nikola%27s+Auto+Center/data=!4m7!3m6!1s0x7c006b2e24ec5bff:0xf1d470a881a74167!8m2!3d21.3991355!4d-157.7698461!16s%2Fg%2F11f40mddkq!19sChIJ_1vsJC5rAHwRZ0Gngahw1PE?authuser=0&hl=en&rclk=1,auto repair shop,Kailua,city,HI,2026-07-24T03:46:21,0x7c006b2e24ec5bff:0xf1d470a881a74167
Pono Automotive,(808) 341-2024,https://ponoauto.com/contact,,"26 Kapaa Quarry Pl, Kailua, HI 96734, United States",26 Kapaa Quarry Pl,Kailua,HI,96734,5.0,3,Car repair and maintenance service,,,https://www.google.com/maps/place/Pono+Automotive/data=!4m7!3m6!1s0x7c006b3a41795555:0x8d92083ccef53520!8m2!3d21.3995194!4d-157.7692497!16s%2Fg%2F11srgjz06z!19sChIJVVV5QTprAHwRIDX1zjwIko0?authuser=0&hl=en&rclk=1,auto repair shop,Kailua,city,HI,2026-07-24T03:46:21,0x7c006b3a41795555:0x8d92083ccef53520
RNS Automotive LLC,(808) 263-7277,http://www.rnsautomotive.com/,,"905 Kalanianaʻole Hwy #2703, Kailua, HI 96734, United States",905 Kalanianaʻole Hwy #2703,Kailua,HI,96734,4.7,204,Auto repair shop,,,https://www.google.com/maps/place/RNS+Automotive+LLC/data=!4m7!3m6!1s0x7c006b2e689ce1a3:0x362c469179c596fb!8m2!3d21.3980028!4d-157.7701414!16s%2Fg%2F1tfp2nyf!19sChIJo-GcaC5rAHwR-5bFeZFGLDY?authuser=0&hl=en&rclk=1,auto repair shop,Kailua,city,HI,2026-07-24T03:46:21,0x7c006b2e689ce1a3:0x362c469179c596fb
So Unique Creations LLC,(808) 479-5176,,,"905 Kalanianaʻole Hwy #1303, Kailua, HI 96734, United States",905 Kalanianaʻole Hwy #1303,Kailua,HI,96734,5.0,4,Auto body shop,,,https://www.google.com/maps/place/So+Unique+Creations+LLC/data=!4m7!3m6!1s0x7c006614cdd4435d:0x36cc288dcf8fbc27!8m2!3d21.3992781!4d-157.7695138!16s%2Fg%2F12hmlb_t5!19sChIJXUPUzRRmAHwRJ7yPz40ozDY?authuser=0&hl=en&rclk=1,auto repair shop,Kailua,city,HI,2026-07-24T03:46:21,0x7c006614cdd4435d:0x36cc288dcf8fbc27
Tenn's Enchanted Lake Auto Center,(808) 263-1076,http://www.tennsautocenter.com/,,"1025 Keolu Dr, Kailua, HI 96734, United States",1025 Keolu Dr,Kailua,HI,96734,4.0,53,Auto repair shop,,,https://www.google.com/maps/place/Tenn%27s+Enchanted+Lake+Auto+Center/data=!4m7!3m6!1s0x7c001492d22231d3:0xa190f12709f21d11!8m2!3d21.3785092!4d-157.7283351!16s%2Fg%2F1tgkhhl9!19sChIJ0zEi0pIUAHwRER3yCSfxkKE?authuser=0&hl=en&rclk=1,auto repair shop,Kailua,city,HI,2026-07-24T03:46:21,0x7c001492d22231d3:0xa190f12709f21d11
The Manic Mechanic,(808) 277-9273,,,"111 Hekili St A201, Kailua, HI 96734, United States",111 Hekili St A201,Kailua,HI,96734,,,Auto repair shop,,,https://www.google.com/maps/place/The+Manic+Mechanic/data=!4m7!3m6!1s0x7c001535e3ed4235:0x67777baa2d255910!8m2!3d21.3920522!4d-157.743527!16s%2Fg%2F11ntd8ct21!19sChIJNULt4zUVAHwREFklLap7d2c?authuser=0&hl=en&rclk=1,auto repair shop,Kailua,city,HI,2026-07-24T03:46:21,0x7c001535e3ed4235:0x67777baa2d255910
Timmerman Paint & Body Shop,(808) 261-9462,,,"201 Kapaa Quarry Rd #4A, Kailua, HI 96734, United States",201 Kapaa Quarry Rd #4A,Kailua,HI,96734,5.0,3,Auto repair shop,,,https://www.google.com/maps/place/Timmerman+Paint+%26+Body+Shop/data=!4m7!3m6!1s0x7c006b2da6db6051:0x29fba841f7ef8fce!8m2!3d21.3982123!4d-157.7697474!16s%2Fg%2F1tj1s94x!19sChIJUWDbpi1rAHwRzo_v90Go-yk?authuser=0&hl=en&rclk=1,auto repair shop,Kailua,city,HI,2026-07-24T03:46:21,0x7c006b2da6db6051:0x29fba841f7ef8fce
Tonys Autowerks,(808) 368-8345,https://tonysautowerks.com/,,"905 Kalanianaole Hwy #2905D, Kailua, HI 96734, United States",905 Kalanianaole Hwy #2905D,Kailua,HI,96734,4.5,62,Auto repair shop,,,https://www.google.com/maps/place/Tonys+Autowerks/data=!4m7!3m6!1s0x7c006b2fb5e84287:0x72024bf5b9d605ea!8m2!3d21.3966383!4d-157.7706835!16s%2Fg%2F11b80cf2gd!19sChIJh0LotS9rAHwR6gXWufVLAnI?authuser=0&hl=en&rclk=1,auto repair shop,Kailua,city,HI,2026-07-24T03:46:21,0x7c006b2fb5e84287:0x72024bf5b9d605ea
"WherEver Auto, LLC",(808) 479-0725,https://whereverauto.com/,,"1015 Aoloa Pl Apt 257, Kailua, HI 96734, United States",1015 Aoloa Pl Apt 257,Kailua,HI,96734,5.0,9,Auto repair shop,,,"https://www.google.com/maps/place/WherEver+Auto,+LLC/data=!4m7!3m6!1s0x7c0014db15378c43:0x52f69dc5a5826965!8m2!3d21.3904409!4d-157.7379098!16s%2Fg%2F11bw449xz4!19sChIJQ4w3FdsUAHwRZWmCpcWd9lI?authuser=0&hl=en&rclk=1",auto repair shop,Kalawao County,county,HI,2026-07-24T01:59:08,0x7c0014db15378c43:0x52f69dc5a5826965
Windward Ford of Hawaii Service,(808) 266-7000,https://www.windwardfordhawaii.com/,,"725 Kailua Rd, Kailua, HI 96734, United States",725 Kailua Rd,Kailua,HI,96734,2.7,7,Auto repair shop,,,https://www.google.com/maps/place/Windward+Ford+of+Hawaii+Service/data=!4m7!3m6!1s0x7c0015c79693f241:0x41c5e32a0f991b67!8m2!3d21.3936505!4d-157.7436761!16s%2Fg%2F11n0vft16n!19sChIJQfKTlscVAHwRZxuZDyrjxUE?authuser=0&hl=en&rclk=1,auto repair shop,Kailua,city,HI,2026-07-24T03:46:21,0x7c0015c79693f241:0x41c5e32a0f991b67
uBreakiFix - Phone and Computer Repair,(808) 762-4349,https://www.ubreakifix.com/locations/kailua?utm_source=google&utm_medium=gmb&utm_campaign=kailua,,"26 Hoolai St Space #400, Kailua, HI 96734, United States",26 Hoolai St Space #400,Kailua,HI,96734,4.8,750,Mobile phone repair shop,,,https://www.google.com/maps/place/uBreakiFix+-+Phone+and+Computer+Repair/data=!4m7!3m6!1s0x7c0015ad940bd921:0x459c07f7610276e6!8m2!3d21.3948898!4d-157.7444973!16s%2Fg%2F11lt7f1cqw!19sChIJIdkLlK0VAHwR5nYCYfcHnEU?authuser=0&hl=en&rclk=1,auto repair shop,Kailua,city,HI,2026-07-24T03:46:21,0x7c0015ad940bd921:0x459c07f7610276e6
Akua's Automotive Services,(808) 326-1171,http://www.akuasautomotive.com/,,"74-5583 Pawai Pl, Kailua-Kona, HI 96740, United States",74-5583 Pawai Pl,Kailua-Kona,HI,96740,4.7,100,Auto repair shop,,,https://www.google.com/maps/place/Akua%27s+Automotive+Services/data=!4m7!3m6!1s0x79540e57c5b828c1:0x71f886febef188d5!8m2!3d19.6437545!4d-156.0001164!16s%2Fg%2F1tgfdkvy!19sChIJwSi4xVcOVHkR1Yjxvv6G-HE?authuser=0&hl=en&rclk=1,auto repair shop,Hawaii County,county,HI,2026-07-24T01:53:14,0x79540e57c5b828c1:0x71f886febef188d5
Ayers Automotive,(808) 327-1331,http://ayersautokona.com/,,"74-5557 Kaiwi St Unit D, Kailua-Kona, HI 96740, United States",74-5557 Kaiwi St Unit D,Kailua-Kona,HI,96740,4.8,45,Auto repair shop,,,https://www.google.com/maps/place/Ayers+Automotive/data=!4m7!3m6!1s0x79540ef803a340fb:0x4ff6a2a0efd985c0!8m2!3d19.642937!4d-156.000113!16s%2Fg%2F1tkf1570!19sChIJ-0CjA_gOVHkRwIXZ76Ci9k8?authuser=0&hl=en&rclk=1,auto repair shop,Hawaii County,county,HI,2026-07-24T03:06:10,0x79540ef803a340fb:0x4ff6a2a0efd985c0
Big Island Car Care,(808) 498-2775,http://www.bigislandcarcare.com/,,"74-5491 Kaiwi St Bay #11, Kailua-Kona, HI 96740, United States",74-5491 Kaiwi St Bay #11,Kailua-Kona,HI,96740,5.0,18,Auto repair shop,,,https://www.google.com/maps/place/Big+Island+Car+Care/data=!4m7!3m6!1s0x79540f46f6cf5559:0x92308bcf324fd35!8m2!3d19.6465804!4d-155.9997767!16s%2Fg%2F11n6pg200q!19sChIJWVXP9kYPVHkRNf0k87wIIwk?authuser=0&hl=en&rclk=1,auto repair shop,Hawaii County,county,HI,2026-07-24T01:53:14,0x79540f46f6cf5559:0x92308bcf324fd35
Big Island Collision Center,(808) 329-5439,http://bigislandcollisioncenter.com/,,"73-5568 Olowalu St # Aa, Kailua-Kona, HI 96740, United States",73-5568 Olowalu St # Aa,Kailua-Kona,HI,96740,4.6,88,Auto body shop,,,https://www.google.com/maps/place/Big+Island+Collision+Center/data=!4m7!3m6!1s0x79540dddaff816ed:0xa1643f2142e8278e!8m2!3d19.6897805!4d-156.0203445!16s%2Fg%2F1tdd5ghh!19sChIJ7Rb4r90NVHkRjifoQiE_ZKE?authuser=0&hl=en&rclk=1,auto repair shop,Hawaii County,county,HI,2026-07-16T09:59:32,0x79540dddaff816ed:0xa1643f2142e8278e
Big Island European Auto Works,(808) 329-5204,http://www.bigislandeaw.com/,,"73-5596 Kauhola St, Kailua-Kona, HI 96740, United States",73-5596 Kauhola St,Kailua-Kona,HI,96740,4.7,54,Auto repair shop,,,https://www.google.com/maps/place/Big+Island+European+Auto+Works/data=!4m7!3m6!1s0x79540d54144e7e9d:0x943479ba6f189e6!8m2!3d19.6886132!4d-156.0175384!16s%2Fg%2F11qpv7q13t!19sChIJnX5OFFQNVHkR5onxpptHQwk?authuser=0&hl=en&rclk=1,auto repair shop,Hawaii County,county,HI,2026-07-24T01:53:14,0x79540d54144e7e9d:0x943479ba6f189e6
Braddah's Auto Repair,(808) 331-1166,,,"74-5536 Kaiwi St # B, Kailua-Kona, HI 96740, United States",74-5536 Kaiwi St # B,Kailua-Kona,HI,96740,4.9,43,Auto repair shop,,,https://www.google.com/maps/place/Braddah%27s+Auto+Repair/data=!4m7!3m6!1s0x79540e57a794a903:0x4a0b79d702dfacb!8m2!3d19.6443103!4d-156.0019686!16s%2Fg%2F1tn05_kt!19sChIJA6mUp1cOVHkRy_otcJ23oAQ?authuser=0&hl=en&rclk=1,auto repair shop,Hawaii County,county,HI,2026-07-24T03:06:10,0x79540e57a794a903:0x4a0b79d702dfacb
Diamond Auto Workz,(808) 339-8939,,,"73-4128 Hulikoa Dr, Kailua-Kona, HI 96740, United States",73-4128 Hulikoa Dr,Kailua-Kona,HI,96740,4.3,69,Car repair and maintenance service,,,https://www.google.com/maps/place/Diamond+Auto+Workz/data=!4m7!3m6!1s0x79540e57d933bf93:0x7e98efb8013e4102!8m2!3d19.6995189!4d-156.0225491!16s%2Fg%2F11b5pkbkk8!19sChIJk78z2VcOVHkRAkE-AbjvmH4?authuser=0&hl=en&rclk=1,auto repair shop,Hawaii County,county,HI,2026-07-24T01:53:14,0x79540e57d933bf93:0x7e98efb8013e4102
Gold Coast Exhaust,(808) 989-7035,,,"74-5602 Alapa St, Kailua-Kona, HI 96740, United States",74-5602 Alapa St,Kailua-Kona,HI,96740,4.8,26,Auto repair shop,,,https://www.google.com/maps/place/Gold+Coast+Exhaust/data=!4m7!3m6!1s0x79540e57d8d64b85:0x538604aa42b758f1!8m2!3d19.6451954!4d-155.9984411!16s%2Fg%2F1263hg1hm!19sChIJhUvW2FcOVHkR8Vi3QqoEhlM?authuser=0&hl=en&rclk=1,auto repair shop,Hawaii County,county,HI,2026-07-24T01:53:14,0x79540e57d8d64b85:0x538604aa42b758f1
Hank's Auto Body,(808) 326-2441,,,"74-5552 Kaiwi St # G, Kailua-Kona, HI 96740, United States",74-5552 Kaiwi St # G,Kailua-Kona,HI,96740,4.8,45,Auto body shop,,,https://www.google.com/maps/place/Hank%27s+Auto+Body/data=!4m7!3m6!1s0x79540e5656e73191:0xa279195fab6eae27!8m2!3d19.642837!4d-156.001477!16s%2Fg%2F1tdc5f4p!19sChIJkTHnVlYOVHkRJ65uq18ZeaI?authuser=0&hl=en&rclk=1,auto repair shop,Hawaii County,county,HI,2026-07-16T09:59:32,0x79540e5656e73191:0xa279195fab6eae27
Impact Auto,(808) 326-1401,http://impactauto808.net/,,"75-5705 Kuakini Hwy #2, Kailua-Kona, HI 96740, United States",75-5705 Kuakini Hwy #2,Kailua-Kona,HI,96740,5.0,19,Auto repair shop,,,https://www.google.com/maps/place/Impact+Auto/data=!4m7!3m6!1s0x79540d0fe7a634b1:0x3fb074c16ea00c49!8m2!3d19.6406231!4d-155.9918272!16s%2Fg%2F11gsbdsj92!19sChIJsTSm5w8NVHkRSQygbsF0sD8?authuser=0&hl=en&rclk=1,auto repair shop,Hawaii County,county,HI,2026-07-24T01:53:14,0x79540d0fe7a634b1:0x3fb074c16ea00c49
Integrity Automotive,(808) 796-3232,http://integrityautokona.com/,,"73-4855 Kanalani St, Kailua-Kona, HI 96740, United States",73-4855 Kanalani St,Kailua-Kona,HI,96740,4.9,51,Auto repair shop,,,https://www.google.com/maps/place/Integrity+Automotive/data=!4m7!3m6!1s0x79540d9981d3430d:0x551131a447ec8eac!8m2!3d19.6852119!4d-156.0194276!16s%2Fg%2F11rxpf3jls!19sChIJDUPTgZkNVHkRrI7sR6QxEVU?authuser=0&hl=en&rclk=1,auto repair shop,Hawaii County,county,HI,2026-07-24T03:06:10,0x79540d9981d3430d:0x551131a447ec8eac
J & J Automotive,(808) 498-4901,,,"73-4820 Kanalani St, Kailua-Kona, HI 96740, United States",73-4820 Kanalani St,Kailua-Kona,HI,96740,5.0,75,Auto repair shop,,,https://www.google.com/maps/place/J+%26+J+Automotive/data=!4m7!3m6!1s0x79540e57b0445371:0x768505a7036d5bd6!8m2!3d19.6871723!4d-156.0206628!16s%2Fg%2F11b6t2g6_x!19sChIJcVNEsFcOVHkR1lttA6cFhXY?authuser=0&hl=en&rclk=1,auto repair shop,Hawaii County,county,HI,2026-07-24T03:06:10,0x79540e57b0445371:0x768505a7036d5bd6
Japanese Auto Works and Service,(808) 329-5297,http://www.jawskona.com/,,"74-5518 Kaiwi St # C, Kailua-Kona, HI 96740, United States",74-5518 Kaiwi St # C,Kailua-Kona,HI,96740,4.7,39,Auto repair shop,,,https://www.google.com/maps/place/Japanese+Auto+Works+and+Service/data=!4m7!3m6!1s0x79540e5784551b89:0xa8ff980d50db7969!8m2!3d19.6455535!4d-156.0012246!16s%2Fg%2F1th7yk2c!19sChIJiRtVhFcOVHkRaXnbUA2Y_6g?authuser=0&hl=en&rclk=1,auto repair shop,Hawaii County,county,HI,2026-07-24T03:06:10,0x79540e5784551b89:0xa8ff980d50db7969
Kona Car Pros,(808) 327-9878,https://www.facebook.com/Kona-Car-Pros-747828471980780/,,"74-5552 Kaiwi St, Kailua-Kona, HI 96740, United States",74-5552 Kaiwi St,Kailua-Kona,HI,96740,4.9,102,Auto repair shop,,,https://www.google.com/maps/place/Kona+Car+Pros/data=!4m7!3m6!1s0x79540e56f812068f:0x572de4588d6fd59b!8m2!3d19.6432822!4d-156.0019554!16s%2Fg%2F11dxkqm6gs!19sChIJjwYS-FYOVHkRm9VvjVjkLVc?authuser=0&hl=en&rclk=1,auto repair shop,Hawaii County,county,HI,2026-07-24T03:06:10,0x79540e56f812068f:0x572de4588d6fd59b
"Kona European Auto Repair, LLC",(808) 731-6139,http://www.konaeuropean.com/,,"74-555 Honokohau St Ste a7, Kailua-Kona, HI 96740, United States",74-555 Honokohau St Ste a7,Kailua-Kona,HI,96740,4.6,74,Auto repair shop,,,"https://www.google.com/maps/place/Kona+European+Auto+Repair,+LLC/data=!4m7!3m6!1s0x79540e70c967b4ab:0xff6955a28fbdbfc8!8m2!3d19.675163!4d-156.012821!16s%2Fg%2F1tdz50m_!19sChIJq7RnyXAOVHkRyL-9j6JVaf8?authuser=0&hl=en&rclk=1",auto repair shop,Hawaii County,county,HI,2026-07-24T03:06:10,0x79540e70c967b4ab:0xff6955a28fbdbfc8
Kona Muffler & Auto Repair,(808) 329-1608,,,"74-5490 Kaiwi St # K, Kailua-Kona, HI 96740, United States",74-5490 Kaiwi St # K,Kailua-Kona,HI,96740,4.4,30,Auto repair shop,,,https://www.google.com/maps/place/Kona+Muffler+%26+Auto+Repair/data=!4m7!3m6!1s0x79540e5656e73191:0x350ca384d390e98f!8m2!3d19.6469645!4d-156.0005067!16s%2Fg%2F1tqg0jn4!19sChIJkTHnVlYOVHkRj-mQ04SjDDU?authuser=0&hl=en&rclk=1,auto repair shop,Hawaii County,county,HI,2026-07-24T01:53:14,0x79540e5656e73191:0x350ca384d390e98f
Kraftsman Auto Body,(808) 329-7277,http://www.kraftsmanautobody.com/,,"74-5622 Alapa St Ste 7, Kailua-Kona, HI 96740, United States",74-5622 Alapa St Ste 7,Kailua-Kona,HI,96740,4.8,298,Auto body shop,,,https://www.google.com/maps/place/Kraftsman+Auto+Body/data=!4m7!3m6!1s0x79540ef83e1d0bc9:0xedfeca713585f623!8m2!3d19.6444468!4d-155.9972518!16s%2Fg%2F11ggr6lp57!19sChIJyQsdPvgOVHkRI_aFNXHK_u0?authuser=0&hl=en&rclk=1,auto repair shop,Hawaii County,county,HI,2026-07-24T01:53:14,0x79540ef83e1d0bc9:0xedfeca713585f623
Mobile Diagnostic Hawaii,(808) 300-2351,,,"73-4329 Lihilihi Pl, Kailua-Kona, HI 96740, United States",73-4329 Lihilihi Pl,Kailua-Kona,HI,96740,4.6,30,Mechanic,,,https://www.google.com/maps/place/Mobile+Diagnostic+Hawaii/data=!4m7!3m6!1s0x79540d0fcc55644f:0x654855628e09f8b!8m2!3d19.7187105!4d-155.9854261!16s%2Fg%2F11hsy1w15l!19sChIJT2RVzA8NVHkRi5_gKFaFVAY?authuser=0&hl=en&rclk=1,auto repair shop,Hawaii County,county,HI,2026-07-24T01:53:14,0x79540d0fcc55644f:0x654855628e09f8b
No Limitz Auto Repair,(808) 326-7477,http://www.nolimitzautohawaii.com/,,"74-555 Honokohau St B5-6, Kailua-Kona, HI 96740, United States",74-555 Honokohau St B5-6,Kailua-Kona,HI,96740,4.4,25,Auto repair shop,,,https://www.google.com/maps/place/No+Limitz+Auto+Repair/data=!4m7!3m6!1s0x79540e70d9cdd9bb:0x63be3cb8869506a!8m2!3d19.6748871!4d-156.0128831!16s%2Fg%2F11c6t_788y!19sChIJu9nN2XAOVHkRalBpiMvjOwY?authuser=0&hl=en&rclk=1,auto repair shop,Hawaii County,county,HI,2026-07-24T01:53:14,0x79540e70d9cdd9bb:0x63be3cb8869506a
Pit Stop Auto Shop,(808) 327-6766,,,"74-5490 Kaiwi St, Kailua-Kona, HI 96740, United States",74-5490 Kaiwi St,Kailua-Kona,HI,96740,4.9,38,Auto repair shop,,,https://www.google.com/maps/place/Pit+Stop+Auto+Shop/data=!4m7!3m6!1s0x79540e56532e2bb3:0xadfbd6ca97a2747d!8m2!3d19.6471138!4d-156.0008697!16s%2Fg%2F1tnpfmyk!19sChIJsysuU1YOVHkRfXSil8rW-60?authuser=0&hl=en&rclk=1,auto repair shop,Hawaii County,county,HI,2026-07-24T01:53:14,0x79540e56532e2bb3:0xadfbd6ca97a2747d
Precision Auto Repair,(808) 329-7223,http://www.precisionautokona.com/,,"74-5622 Alapa St Bay 3, Kailua-Kona, HI 96740, United States",74-5622 Alapa St Bay 3,Kailua-Kona,HI,96740,4.5,61,Auto repair shop,,,https://www.google.com/maps/place/Precision+Auto+Repair/data=!4m7!3m6!1s0x79540ef83fb5e21b:0x94f1eaf5174c5d36!8m2!3d19.6444468!4d-155.9972499!16s%2Fg%2F1x5qs_42!19sChIJG-K1P_gOVHkRNl1MF_Xq8ZQ?authuser=0&hl=en&rclk=1,auto repair shop,Hawaii County,county,HI,2026-07-24T03:06:10,0x79540ef83fb5e21b:0x94f1eaf5174c5d36
Pro-Tech Auto Solutions,(808) 238-0840,https://www.facebook.com/protechautosolutions,,"74-5093 Kealakaa St, Kailua-Kona, HI 96740, United States",74-5093 Kealakaa St,Kailua-Kona,HI,96740,5.0,74,Auto repair shop,,,https://www.google.com/maps/place/Pro-Tech+Auto+Solutions/data=!4m7!3m6!1s0x79540e9beb096ac9:0x48714419dd1b1fe8!8m2!3d19.6697736!4d-155.9823449!16s%2Fg%2F11k5ltsttc!19sChIJyWoJ65sOVHkR6B8b3RlEcUg?authuser=0&hl=en&rclk=1,auto repair shop,Hawaii County,county,HI,2026-07-24T03:06:10,0x79540e9beb096ac9:0x48714419dd1b1fe8
Route 66 Automotive,(808) 329-3033,,,"74-5491 Kaiwi St #22, Kailua-Kona, HI 96740, United States",74-5491 Kaiwi St #22,Kailua-Kona,HI,96740,4.7,26,Auto repair shop,,,https://www.google.com/maps/place/Route+66+Automotive/data=!4m7!3m6!1s0x79540e581a621c53:0x2dd57c1eaa324c5b!8m2!3d19.6466407!4d-156.0000022!16s%2Fg%2F1v_vt341!19sChIJUxxiGlgOVHkRW0wyqh581S0?authuser=0&hl=en&rclk=1,auto repair shop,Hawaii County,county,HI,2026-07-24T03:06:10,0x79540e581a621c53:0x2dd57c1eaa324c5b
Kāneʻohe Auto Care,(808) 236-0832,http://www.kaneoheautocare.net/,,"46-148 Kahuhipa St # E, Kaneohe, HI 96744, United States",46-148 Kahuhipa St # E,Kaneohe,HI,96744,4.7,200,Auto repair shop,,,https://www.google.com/maps/place/K%C4%81ne%CA%BBohe+Auto+Care/data=!4m7!3m6!1s0x7c006afeb9e797e5:0x71238bda30d6e435!8m2!3d21.4167595!4d-157.8042125!16s%2Fg%2F1w0h_txl!19sChIJ5Zfnuf5qAHwRNeTWMNqLI3E?authuser=0&hl=en&rclk=1,auto repair shop,Honolulu County,county,HI,2026-07-16T10:07:48,0x7c006afeb9e797e5:0x71238bda30d6e435
"Lex Brodie's Tire, Brake & Service Company",(808) 400-7553,https://www.lexbrodies.com/?utm_source=google,,"46-158 Malina Pl, Kaneohe, HI 96744, United States",46-158 Malina Pl,Kaneohe,HI,96744,4.6,855,Auto repair shop,,,"https://www.google.com/maps/place/Lex+Brodie%27s+Tire,+Brake+%26+Service+Company/data=!4m7!3m6!1s0x7c006afeb549b8f3:0xd336877a0ee98306!8m2!3d21.4175098!4d-157.8047774!16s%2Fg%2F1tdxl2b_!19sChIJ87hJtf5qAHwRBoPpDnqHNtM?authuser=0&hl=en&rclk=1",auto repair shop,Kailua,city,HI,2026-07-16T10:55:48,0x7c006afeb549b8f3:0xd336877a0ee98306
Marks Japanese European Auto Repair Kaneohe,(808) 888-2218,,,"46-217 Kahuhipa St #16, Kaneohe, HI 96744, United States",46-217 Kahuhipa St #16,Kaneohe,HI,96744,4.2,10,Auto repair shop,,,https://www.google.com/maps/place/Marks+Japanese+European+Auto+Repair+Kaneohe/data=!4m7!3m6!1s0x7c006b7312662e87:0xf229b2c2e1eccd2b!8m2!3d21.4160956!4d-157.8073526!16s%2Fg%2F11h_vwthq2!19sChIJhy5mEnNrAHwRK83s4cKyKfI?authuser=0&hl=en&rclk=1,auto repair shop,Kailua,city,HI,2026-07-16T10:55:48,0x7c006b7312662e87:0xf229b2c2e1eccd2b
Rockys Mobile Auto Repair,(808) 479-2922,https://www.rockysmobileautorepair808.com/,,"46-026 Alaloa St Unit G, Kaneohe, HI 96744, United States",46-026 Alaloa St Unit G,Kaneohe,HI,96744,4.6,20,Auto repair shop,,,https://www.google.com/maps/place/Rockys+Mobile+Auto+Repair/data=!4m7!3m6!1s0x7c006b1cf1c98ee1:0xe3e819c3deac7d8b!8m2!3d21.4173596!4d-157.806648!16s%2Fg%2F11qn8jwmxs!19sChIJ4Y7J8RxrAHwRi32s3sMZ6OM?authuser=0&hl=en&rclk=1,auto repair shop,Kailua,city,HI,2026-07-16T10:55:48,0x7c006b1cf1c98ee1:0xe3e819c3deac7d8b
Willy's Transmission & Air Conditioning,(808) 865-0281,http://willystransmission.com/,,"46-148 Kahuhipa St, Kaneohe, HI 96744, United States",46-148 Kahuhipa St,Kaneohe,HI,96744,4.9,357,Transmission shop,,,https://www.google.com/maps/place/Willy%27s+Transmission+%26+Air+Conditioning/data=!4m7!3m6!1s0x7c006afeb9e797e5:0xd4d035545bfccb35!8m2!3d21.4166765!4d-157.8045518!16s%2Fg%2F1w04k9td!19sChIJ5Zfnuf5qAHwRNcv8W1Q10NQ?authuser=0&hl=en&rclk=1,auto repair shop,Kailua,city,HI,2026-07-16T10:55:48,0x7c006afeb9e797e5:0xd4d035545bfccb35
Auto Surgeons LLC.,(808) 977-0309,http://autosurgeonskauai.com/,,"5633 Kawaihau Rd, Kapaʻa, HI 96746, United States",5633 Kawaihau Rd,Kapaʻa,HI,96746,4.8,25,Auto repair shop,,,https://www.google.com/maps/place/Auto+Surgeons+LLC./data=!4m7!3m6!1s0x7c06e1e40332f20b:0xf93d86a05d3f8f89!8m2!3d22.0978613!4d-159.333546!16s%2Fg%2F11vc1dryv6!19sChIJC_IyA-ThBnwRiY8_XaCGPfk?authuser=0&hl=en&rclk=1,auto repair shop,Kauai County,county,HI,2026-07-24T03:28:20,0x7c06e1e40332f20b:0xf93d86a05d3f8f89
BC's Auto Body,(808) 652-7128,,,"5767E Kololia Pl, Kapaʻa, HI 96746, United States",5767E Kololia Pl,Kapaʻa,HI,96746,,,Auto body shop,,,https://www.google.com/maps/place/BC%27s+Auto+Body/data=!4m7!3m6!1s0x7c06e1987315bc5d:0xb99e712fcbc8111b!8m2!3d22.0643645!4d-159.3593769!16s%2Fg%2F11bbwp82nr!19sChIJXbwVc5jhBnwRGxHIyy9xnrk?authuser=0&hl=en&rclk=1,auto repair shop,Kauai County,county,HI,2026-07-24T03:28:20,0x7c06e1987315bc5d:0xb99e712fcbc8111b
Cole's Autoworks Detailing,(808) 278-0208,http://colesautoworkskauai.com/,,"5457 Kawaihau Rd, Kapaʻa, HI 96746, United States",5457 Kawaihau Rd,Kapaʻa,HI,96746,5.0,57,Car detailing service,,,https://www.google.com/maps/place/Cole%27s+Autoworks+Detailing/data=!4m7!3m6!1s0x64d829127deade71:0xa2cffb9f93fef20e!8m2!3d22.0961912!4d-159.3286212!16s%2Fg%2F11t0t13scn!19sChIJcd7qfRIp2GQRDvL-k5_7z6I?authuser=0&hl=en&rclk=1,auto repair shop,Kauai County,county,HI,2026-07-24T03:28:20,0x64d829127deade71:0xa2cffb9f93fef20e
GP Auto LLC,(808) 631-0369,https://www.instagram.com/gpautokauai/,,"5170 Kahana St, Kapaʻa, HI 96746, United States",5170 Kahana St,Kapaʻa,HI,96746,5.0,44,Auto repair shop,,,https://www.google.com/maps/place/GP+Auto+LLC/data=!4m7!3m6!1s0x7c06e1e1303e333f:0x75c9154a9af5a0cf!8m2!3d22.0939865!4d-159.3290232!16s%2Fg%2F11x6z6mkln!19sChIJPzM-MOHhBnwRz6D1mkoVyXU?authuser=0&hl=en&rclk=1,auto repair shop,Kauai County,county,HI,2026-07-24T03:28:20,0x7c06e1e1303e333f:0x75c9154a9af5a0cf
Kauai Paintless Dent Repair,(808) 353-1701,https://www.kauaipdr.com/,,"4585 Lehua St, Kapaʻa, HI 96746, United States",4585 Lehua St,Kapaʻa,HI,96746,5.0,8,Auto dent removal service,,,https://www.google.com/maps/place/Kauai+Paintless+Dent+Repair/data=!4m7!3m6!1s0x7c06e0f16c100001:0xdef1d35946f8d785!8m2!3d22.0768152!4d-159.3187166!16s%2Fg%2F11h06mt2r0!19sChIJAQAQbPHgBnwRhdf4RlnT8d4?authuser=0&hl=en&rclk=1,auto repair shop,Kauai County,county,HI,2026-07-24T03:28:20,0x7c06e0f16c100001:0xdef1d35946f8d785
Manny's Repair Services,(808) 823-6749,,,"5685 Kawaihau Rd, Kapaʻa, HI 96746, United States",5685 Kawaihau Rd,Kapaʻa,HI,96746,3.7,51,Auto repair shop,,,https://www.google.com/maps/place/Manny%27s+Repair+Services/data=!4m7!3m6!1s0x7c06e0df5b808f8f:0x690b7f6f78433a23!8m2!3d22.0989494!4d-159.3349151!16s%2Fg%2F1w97vly9!19sChIJj4-AW9_gBnwRIzpDeG9_C2k?authuser=0&hl=en&rclk=1,auto repair shop,Kauai County,county,HI,2026-07-24T03:28:20,0x7c06e0df5b808f8f:0x690b7f6f78433a23
Pacific Windshields Repair Kauai,(808) 822-1919,https://www.pacificwindshields.com/,,"4517 Hauaala Rd, Kapaʻa, HI 96746, United States",4517 Hauaala Rd,Kapaʻa,HI,96746,4.4,27,Auto glass repair service,,,https://www.google.com/maps/place/Pacific+Windshields+Repair+Kauai/data=!4m7!3m6!1s0x7c06e11dce1a865b:0xd03112750fec45a9!8m2!3d22.0824724!4d-159.3131293!16s%2Fg%2F1v8k_tzd!19sChIJW4Yazh3hBnwRqUXsD3USMdA?authuser=0&hl=en&rclk=1,auto repair shop,Kauai County,county,HI,2026-07-24T03:28:20,0x7c06e11dce1a865b:0xd03112750fec45a9
Pohaku Towing LLC.,(808) 631-8177,http://www.pohakutowing.com/,,"5633 Kawaihau Rd, Kapaʻa, HI 96746, United States",5633 Kawaihau Rd,Kapaʻa,HI,96746,5.0,371,Towing service,,,https://www.google.com/maps/place/Pohaku+Towing+LLC./data=!4m7!3m6!1s0x7c06e135ff52b6cf:0x7520c8df874a6e65!8m2!3d22.0978044!4d-159.3332687!16s%2Fg%2F11hdy31016!19sChIJz7ZS_zXhBnwRZW5Kh9_IIHU?authuser=0&hl=en&rclk=1,auto repair shop,Kauai County,county,HI,2026-07-24T03:28:20,0x7c06e135ff52b6cf:0x7520c8df874a6e65
Professional Automotive Service,(808) 822-7507,https://professionalautomotiveservice.com/,,"954 Kipuni Way, Kapaʻa, HI 96746, United States",954 Kipuni Way,Kapaʻa,HI,96746,4.1,133,Auto repair shop,,,https://www.google.com/maps/place/Professional+Automotive+Service/data=!4m7!3m6!1s0x7c06e1fe90849711:0xd5bfc04f5796086!8m2!3d22.0651146!4d-159.3202065!16s%2Fg%2F11m9q4qyf8!19sChIJEZeEkP7hBnwRhmB59QT8Ww0?authuser=0&hl=en&rclk=1,auto repair shop,Kauai County,county,HI,2026-07-24T03:28:20,0x7c06e1fe90849711:0xd5bfc04f5796086
T & C Auto Repair,(808) 635-1370,,,"944 Kipuni Way, Kapaʻa, HI 96746, United States",944 Kipuni Way,Kapaʻa,HI,96746,5.0,43,Auto repair shop,,,https://www.google.com/maps/place/T+%26+C+Auto+Repair/data=!4m7!3m6!1s0x7c06e0597424581d:0xb31188aa4ae4cf75!8m2!3d22.064937!4d-159.3202065!16s%2Fg%2F11bx0hczf1!19sChIJHVgkdFngBnwRdc_kSqqIEbM?authuser=0&hl=en&rclk=1,auto repair shop,Kauai County,county,HI,2026-07-24T03:28:20,0x7c06e0597424581d:0xb31188aa4ae4cf75
Todd's Shop/Cycle,(808) 634-3069,https://toddscycle.com/,,"5685 Kawaihau Rd, Kapaʻa, HI 96746, United States",5685 Kawaihau Rd,Kapaʻa,HI,96746,5.0,1,Motorcycle repair shop,,,https://www.google.com/maps/place/Todd%27s+Shop%2FCycle/data=!4m7!3m6!1s0x7c06e0df5b7f0e29:0x8086571d4738c0c0!8m2!3d22.098795!4d-159.3348651!16s%2Fg%2F11c2ppb9jd!19sChIJKQ5_W9_gBnwRwMA4Rx1XhoA?authuser=0&hl=en&rclk=1,auto repair shop,Kauai County,county,HI,2026-07-16T10:27:06,0x7c06e0df5b7f0e29:0x8086571d4738c0c0
808 Diesel,(808) 348-4281,http://www.808diesel.com/,,"188 Mumba St, Kapolei, HI 96707, United States",188 Mumba St,Kapolei,HI,96707,4.9,14,Auto repair shop,,,https://www.google.com/maps/place/808+Diesel/data=!4m7!3m6!1s0x7c005095251b14ed:0xd6551530cbd5ed4a!8m2!3d21.3160969!4d-158.0846418!16s%2Fg%2F1hc1fdf5d!19sChIJ7RQbJZVQAHwRSu3VyzAVVdY?authuser=0&hl=en&rclk=1,auto repair shop,Kapolei,city,HI,2026-07-24T03:56:20,0x7c005095251b14ed:0xd6551530cbd5ed4a
American Tire Company,(808) 682-4742,https://www.americantirehawaii.com/,,"2336 Lauwiliwili St, Kapolei, HI 96707, United States",2336 Lauwiliwili St,Kapolei,HI,96707,4.6,80,Tire shop,,,https://www.google.com/maps/place/American+Tire+Company/data=!4m7!3m6!1s0x7c00631aaaaaaaab:0x37e201a8ef4ad18a!8m2!3d21.3167501!4d-158.0977559!16s%2Fg%2F1td3rq71!19sChIJq6qqqhpjAHwRitFK76gB4jc?authuser=0&hl=en&rclk=1,auto repair shop,Kapolei,city,HI,2026-07-24T03:56:20,0x7c00631aaaaaaaab:0x37e201a8ef4ad18a
Auto Chem Systems,(808) 501-5066,https://www.acshawaii.shop/,,"2176 Lauwiliwili St, Kapolei, HI 96707, United States",2176 Lauwiliwili St,Kapolei,HI,96707,4.9,54,Car accessories store,,,https://www.google.com/maps/place/Auto+Chem+Systems/data=!4m7!3m6!1s0x7c00632ae4ac228d:0x57ab6a33a38fc2c9!8m2!3d21.3176803!4d-158.0928192!16s%2Fg%2F1hf403xz4!19sChIJjSKs5CpjAHwRycKPozNqq1c?authuser=0&hl=en&rclk=1,auto repair shop,Kapolei,city,HI,2026-07-24T03:56:20,0x7c00632ae4ac228d:0x57ab6a33a38fc2c9
Autocraft Hawaii - Kapolei,(808) 260-4398,http://www.autocrafthi.com/,,"91-270 Hanua St #1, Kapolei, HI 96707, United States",91-270 Hanua St #1,Kapolei,HI,96707,4.7,238,Auto body shop,,,https://www.google.com/maps/place/Autocraft+Hawaii+-+Kapolei/data=!4m7!3m6!1s0x7c007d29c73fffff:0x63d7461c28ad02fd!8m2!3d21.3093473!4d-158.1035245!16s%2Fg%2F11gglqkydj!19sChIJ__8_xyl9AHwR_QKtKBxG12M?authuser=0&hl=en&rclk=1,auto repair shop,Kapolei,city,HI,2026-07-24T03:56:20,0x7c007d29c73fffff:0x63d7461c28ad02fd
"CS Eurocars, LLC",(808) 682-1957,,,"2116 Lauwiliwili St #104F, Kapolei, HI 96707, United States",2116 Lauwiliwili St #104F,Kapolei,HI,96707,5.0,31,Auto repair shop,,,"https://www.google.com/maps/place/CS+Eurocars,+LLC/data=!4m7!3m6!1s0x7c006390921493cd:0x4482d00a8d52405d!8m2!3d21.3191077!4d-158.0892408!16s%2Fg%2F11ghffl7df!19sChIJzZMUkpBjAHwRXUBSjQrQgkQ?authuser=0&hl=en&rclk=1",auto repair shop,Kapolei,city,HI,2026-07-24T03:56:20,0x7c006390921493cd:0x4482d00a8d52405d
Car Geeks Auto Repair,(808) 201-6880,http://www.cargeekshi.com/,,"91-294 Kauhi St Bay A-1, Kapolei, HI 96707, United States",91-294 Kauhi St Bay A-1,Kapolei,HI,96707,4.9,700,Auto repair shop,,,https://www.google.com/maps/place/Car+Geeks+Auto+Repair/data=!4m7!3m6!1s0x7c007d48c7effcfb:0x8d0609bc30df77d1!8m2!3d21.3090084!4d-158.0971241!16s%2Fg%2F11rv1dhd_t!19sChIJ-_zvx0h9AHwR0XffMLwJBo0?authuser=0&hl=en&rclk=1,auto repair shop,Kapolei,city,HI,2026-07-24T03:56:20,0x7c007d48c7effcfb:0x8d0609bc30df77d1
Choice Auto Repair,(808) 800-2772,http://www.choiceautorepairhawaii.com/,,"4245 Independence Ave, Kapolei, HI 96707, United States",4245 Independence Ave,Kapolei,HI,96707,5.0,6,Auto repair shop,,,https://www.google.com/maps/place/Choice+Auto+Repair/data=!4m7!3m6!1s0x7c0063f43821c85b:0xb00176e9580bdd37!8m2!3d21.3241206!4d-158.0601135!16s%2Fg%2F11g68wz778!19sChIJW8ghOPRjAHwRN90LWOl2AbA?authuser=0&hl=en&rclk=1,auto repair shop,Kapolei,city,HI,2026-07-24T03:56:20,0x7c0063f43821c85b:0xb00176e9580bdd37
Continental Battery Systems of Hawaii,(808) 445-6596,https://www.continentalbattery.com/,,"1030 Opule St Unit 4, Kapolei, HI 96707, United States",1030 Opule St Unit 4,Kapolei,HI,96707,5.0,14,Auto parts store,,,https://www.google.com/maps/place/Continental+Battery+Systems+of+Hawaii/data=!4m7!3m6!1s0x7c00632be23a5b59:0x6c478b4cef9f2c5a!8m2!3d21.3226409!4d-158.0939569!16s%2Fg%2F11cmpj9lyj!19sChIJWVs64itjAHwRWiyf70yLR2w?authuser=0&hl=en&rclk=1,auto repair shop,Kapolei,city,HI,2026-07-16T11:04:19,0x7c00632be23a5b59:0x6c478b4cef9f2c5a
Cummins Sales and Service,(808) 682-8110,https://www.cummins.com/sales-and-service?utm_source=GMB&utm_medium=yext,,"91-230 Kalaeloa Blvd, Kapolei, HI 96707, United States",91-230 Kalaeloa Blvd,Kapolei,HI,96707,4.6,5,Manufacturer,,,https://www.google.com/maps/place/Cummins+Sales+and+Service/data=!4m7!3m6!1s0x7c007d2910b1a549:0xf397926341a0b6bb!8m2!3d21.3093911!4d-158.0993016!16s%2Fg%2F1thf8sdq!19sChIJSaWxECl9AHwRu7agQWOSl_M?authuser=0&hl=en&rclk=1,auto repair shop,Kapolei,city,HI,2026-07-24T03:56:20,0x7c007d2910b1a549:0xf397926341a0b6bb
D's Automotive LLC (808),(808) 744-0380,http://dsautomotive808.com/,,"91-1066 Midway Rd, Kapolei, HI 96707, United States",91-1066 Midway Rd,Kapolei,HI,96707,4.6,10,Truck accessories store,,,https://www.google.com/maps/place/D%27s+Automotive+LLC+%28808%29/data=!4m7!3m6!1s0x7c0063f922425d67:0x86db64a1d850b9b4!8m2!3d21.31463!4d-158.0735928!16s%2Fg%2F11q3t286cw!19sChIJZ11CIvljAHwRtLlQ2KFk24Y?authuser=0&hl=en&rclk=1,auto repair shop,Kapolei,city,HI,2026-07-24T03:56:20,0x7c0063f922425d67:0x86db64a1d850b9b4
Darrel Custom Auto,(808) 636-9141,,,"91-226 Kauhi St #2-D, Kapolei, HI 96707, United States",91-226 Kauhi St #2-D,Kapolei,HI,96707,4.0,4,Car dealer,,,https://www.google.com/maps/place/Darrel+Custom+Auto/data=!4m7!3m6!1s0x7c007d28d569cbed:0xbb19504bea61f069!8m2!3d21.3091854!4d-158.1014995!16s%2Fg%2F1q6h_d69f!19sChIJ7ctp1Sh9AHwRafBh6ktQGbs?authuser=0&hl=en&rclk=1,auto repair shop,Kapolei,city,HI,2026-07-24T03:56:20,0x7c007d28d569cbed:0xbb19504bea61f069
Discount Auto Parts,(808) 682-1996,http://trade4330.car-part.com/,,"91-222 Olai St, Kapolei, HI 96707, United States",91-222 Olai St,Kapolei,HI,96707,3.3,62,Auto parts store,,,https://www.google.com/maps/place/Discount+Auto+Parts/data=!4m7!3m6!1s0x7c007d26ccda2685:0xf705deb2f45dc1bd!8m2!3d21.2998714!4d-158.0992584!16s%2Fg%2F1tl9mss_!19sChIJhSbazCZ9AHwRvcFd9LLeBfc?authuser=0&hl=en&rclk=1,auto repair shop,Kapolei,city,HI,2026-07-24T03:56:20,0x7c007d26ccda2685:0xf705deb2f45dc1bd
Empire Towing & Recovery LLC.,(808) 621-2800,http://empiretowinghawaii.com/,,"777 Intrepid St, Kapolei, HI 96707, United States",777 Intrepid St,Kapolei,HI,96707,4.6,93,Towing service,,,https://www.google.com/maps/place/Empire+Towing+%26+Recovery+LLC./data=!4m7!3m6!1s0x7c005df3fd4b8851:0xe55cb8119a2bc73c!8m2!3d21.3171683!4d-158.0782625!16s%2Fg%2F1s04fdp7b!19sChIJUYhL_fNdAHwRPMcrmhG4XOU?authuser=0&hl=en&rclk=1,auto repair shop,Kapolei,city,HI,2026-07-24T03:56:20,0x7c005df3fd4b8851:0xe55cb8119a2bc73c
FSI Motorsports LLC,(808) 673-8176,http://fsimotorsportshawaii.com/,,"2116 Lauwiliwili St #104F, Kapolei, HI 96707, United States",2116 Lauwiliwili St #104F,Kapolei,HI,96707,5.0,6,Auto repair shop,,,https://www.google.com/maps/place/FSI+Motorsports+LLC/data=!4m7!3m6!1s0x7c00636af98598f7:0x3927aa8c07ab8e39!8m2!3d21.3191186!4d-158.0892511!16s%2Fg%2F11v9xzysyh!19sChIJ95iF-WpjAHwROY6rB4yqJzk?authuser=0&hl=en&rclk=1,auto repair shop,Kapolei,city,HI,2026-07-24T03:56:20,0x7c00636af98598f7:0x3927aa8c07ab8e39
FixMyYota,(833) 934-4690,https://fixmyyota.com/,,"980 Ae St, Kapolei, HI 96707, United States",980 Ae St,Kapolei,HI,96707,5.0,1,Mechanic,,,https://www.google.com/maps/place/FixMyYota/data=!4m7!3m6!1s0x8955dbd5a2afe24f:0xb5fd0ceb1736bc7e!8m2!3d21.3303627!4d-158.0770347!16s%2Fg%2F11ypc4p79_!19sChIJT-KvotXbVYkRfrw2F-sM_bU?authuser=0&hl=en&rclk=1,auto repair shop,Kapolei,city,HI,2026-07-24T03:56:20,0x8955dbd5a2afe24f:0xb5fd0ceb1736bc7e
G & C Fleet Services & Autobody,(808) 842-4210,,,"91-195 Hanua St, Kapolei, HI 96707, United States",91-195 Hanua St,Kapolei,HI,96707,4.4,49,Auto body shop,,,https://www.google.com/maps/place/G+%26+C+Fleet+Services+%26+Autobody/data=!4m7!3m6!1s0x7c007d25fbd345c3:0x5e9cc02b722ad9df!8m2!3d21.3058166!4d-158.1021881!16s%2Fg%2F1q5gjzpp_!19sChIJw0XT-yV9AHwR39kqcivAnF4?authuser=0&hl=en&rclk=1,auto repair shop,Kapolei,city,HI,2026-07-24T03:56:20,0x7c007d25fbd345c3:0x5e9cc02b722ad9df
Gerber Collision & Glass,(808) 447-2560,https://www.gerbercollision.com/locations/kapolei-komohana-place-hi?utm_source=SEO_Local&utm_medium=SEO_Local_Snack_Pack&utm_campaign=HI&utm_content=Kapolei,,"91-356 Komohana Pl, Kapolei, HI 96707, United States",91-356 Komohana Pl,Kapolei,HI,96707,4.9,9,Auto body shop,,,https://www.google.com/maps/place/Gerber+Collision+%26+Glass/data=!4m7!3m6!1s0x7c007dfe7b9caf2d:0x1948878b96e01d3!8m2!3d21.3167535!4d-158.0939088!16s%2Fg%2F11vj_6r74k!19sChIJLa-ce_59AHwR0wFuuXiIlAE?authuser=0&hl=en&rclk=1,auto repair shop,Kapolei,city,HI,2026-07-24T03:56:20,0x7c007dfe7b9caf2d:0x1948878b96e01d3
Gerber Collision & Glass,(808) 260-4398,https://www.gerbercollision.com/locations/kapolei-hanua-st-hi?utm_source=SEO_Local&utm_medium=SEO_Local_Snack_Pack&utm_campaign=HI&utm_content=Kapolei,,"91-270 Hanua St Ste 1, Kapolei, HI 96707, United States",91-270 Hanua St Ste 1,Kapolei,HI,96707,5.0,2,Auto body shop,,,https://www.google.com/maps/place/Gerber+Collision+%26+Glass/data=!4m7!3m6!1s0x7c007d936ea0bb35:0x43f9d5cfc131e099!8m2!3d21.3090547!4d-158.1040223!16s%2Fg%2F11yy34t2rq!19sChIJNbugbpN9AHwRmeAxwc_V-UM?authuser=0&hl=en&rclk=1,auto repair shop,Kapolei,city,HI,2026-07-24T03:56:20,0x7c007d936ea0bb35:0x43f9d5cfc131e099
Hanalei truck & auto repair service's,(808) 256-0097,,,"91-430 Komohana St, Kapolei, HI 96707, United States",91-430 Komohana St,Kapolei,HI,96707,,,Diesel engine repair service,,,https://www.google.com/maps/place/Hanalei+truck+%26+auto+repair+service%27s/data=!4m7!3m6!1s0x7c007dd1a5c7ca15:0x2fef42433c5cc686!8m2!3d21.3101623!4d-158.0939255!16s%2Fg%2F11sjgxn3pz!19sChIJFcrHpdF9AHwRhsZcPENC7y8?authuser=0&hl=en&rclk=1,auto repair shop,Kapolei,city,HI,2026-07-24T03:56:20,0x7c007dd1a5c7ca15:0x2fef42433c5cc686
Hele,(808) 674-2592,https://helegas.com/,,"91-590 Farrington Hwy Ste.6, Kapolei, HI 96707, United States",91-590 Farrington Hwy Ste.6,Kapolei,HI,96707,3.9,14,Gas station,,,https://www.google.com/maps/place/Hele/data=!4m7!3m6!1s0x7c0063162b27d605:0x74a1d6949236ffd0!8m2!3d21.3378762!4d-158.0795482!16s%2Fg%2F1tq6dq3r!19sChIJBdYnKxZjAHwR0P82kpTWoXQ?authuser=0&hl=en&rclk=1,auto repair shop,Kapolei,city,HI,2026-07-24T03:56:20,0x7c0063162b27d605:0x74a1d6949236ffd0
IES Texaco #2534,(808) 674-0994,http://www.chevronwithtechron.com/stations/station-finder.aspx,,"91-565 Farrington Hwy, Kapolei, HI 96707, United States",91-565 Farrington Hwy,Kapolei,HI,96707,3.3,20,Gas station,,,https://www.google.com/maps/place/IES+Texaco+%232534/data=!4m7!3m6!1s0x7c0063303cb65f9f:0x7ae862f9bf683413!8m2!3d21.3383563!4d-158.0775553!16s%2Fg%2F1vp73_cv!19sChIJn1-2PDBjAHwREzRov_li6Ho?authuser=0&hl=en&rclk=1,auto repair shop,Kapolei,city,HI,2026-07-24T03:56:20,0x7c0063303cb65f9f:0x7ae862f9bf683413
International Trucks of Hawaii,(808) 682-8050,http://intl-hi.com/,,"91-554 Komohana St, Kapolei, HI 96707, United States",91-554 Komohana St,Kapolei,HI,96707,4.2,16,Truck dealer,,,https://www.google.com/maps/place/International+Trucks+of+Hawaii/data=!4m7!3m6!1s0x7c007d2910b1a549:0x48c0601b5458bfc!8m2!3d21.3157295!4d-158.0947389!16s%2Fg%2F1td05862!19sChIJSaWxECl9AHwR_ItFtQEGjAQ?authuser=0&hl=en&rclk=1,auto repair shop,Kapolei,city,HI,2026-07-16T11:04:19,0x7c007d2910b1a549:0x48c0601b5458bfc
JA TIRE LLC,(808) 799-0660,http://www.jatirehawaii.com/,,"91-294 Kauhi St Unit J, Kapolei, HI 96707, United States",91-294 Kauhi St Unit J,Kapolei,HI,96707,5.0,59,Tire shop,,,https://www.google.com/maps/place/JA+TIRE+LLC/data=!4m7!3m6!1s0x7c0063b29a11c48b:0x8552c944880586a8!8m2!3d21.3091688!4d-158.0968432!16s%2Fg%2F11r4jvc1z5!19sChIJi8QRmrJjAHwRqIYFiETJUoU?authuser=0&hl=en&rclk=1,auto repair shop,Kapolei,city,HI,2026-07-24T03:56:20,0x7c0063b29a11c48b:0x8552c944880586a8
Kapolei Auto Repair,(808) 450-8269,,,"91-064 Kaomi Loop, Kapolei, HI 96707, United States",91-064 Kaomi Loop,Kapolei,HI,96707,5.0,8,Auto repair shop,,,https://www.google.com/maps/place/Kapolei+Auto+Repair/data=!4m7!3m6!1s0x7c007d026c18ea33:0x46d42298e3c337e2!8m2!3d21.3019986!4d-158.1057797!16s%2Fg%2F11yggb7sdf!19sChIJM-oYbAJ9AHwR4jfD45gi1EY?authuser=0&hl=en&rclk=1,auto repair shop,Kapolei,city,HI,2026-07-24T03:56:20,0x7c007d026c18ea33:0x46d42298e3c337e2
Kapolei Towing & Roadside Assistance,(808) 452-0517,https://towingkapoleihi.com/,,"91-458 Komohana St, Kapolei, HI 96707, United States",91-458 Komohana St,Kapolei,HI,96707,4.0,12,Towing service,,,https://www.google.com/maps/place/Kapolei+Towing+%26+Roadside+Assistance/data=!4m7!3m6!1s0x7c007da3ee2c0d83:0x3da90eb1f2670d6d!8m2!3d21.3121913!4d-158.0947148!16s%2Fg%2F11fpsnknzt!19sChIJgw0s7qN9AHwRbQ1n8rEOqT0?authuser=0&hl=en&rclk=1,auto repair shop,Kapolei,city,HI,2026-07-24T03:56:20,0x7c007da3ee2c0d83:0x3da90eb1f2670d6d
Killer Queen Detailing,(808) 466-3765,https://www.killerqueendetailing.com/,,"2009 Lauwiliwili St Unit B-106, Kapolei, HI 96707, United States",2009 Lauwiliwili St Unit B-106,Kapolei,HI,96707,4.5,30,Car detailing service,,,https://www.google.com/maps/place/Killer+Queen+Detailing/data=!4m7!3m6!1s0x7c006372dab5bda1:0x73b5b9474f0c3a17!8m2!3d21.324377!4d-158.092232!16s%2Fg%2F11qzcfdc_b!19sChIJob212nJjAHwRFzoMT0e5tXM?authuser=0&hl=en&rclk=1,auto repair shop,Kapolei,city,HI,2026-07-24T03:56:20,0x7c006372dab5bda1:0x73b5b9474f0c3a17
Koji's Brakes & Service,(808) 260-1461,,,"91-367 Komohana Pl #104, Kapolei, HI 96707, United States",91-367 Komohana Pl #104,Kapolei,HI,96707,,,Auto repair shop,,,https://www.google.com/maps/place/Koji%27s+Brakes+%26+Service/data=!4m7!3m6!1s0x7c00634a984fd7b1:0x574f2bb531012f51!8m2!3d21.316243!4d-158.092739!16s%2Fg%2F11z6nrwtww!19sChIJsddPmEpjAHwRUS8BMbUrT1c?authuser=0&hl=en&rclk=1,auto repair shop,Kapolei,city,HI,2026-07-24T03:56:20,0x7c00634a984fd7b1:0x574f2bb531012f51
Lewis Automotive Detailing & Repairs LLC,(808) 978-8156,,,"91-1085 Enterprise Ave, Kapolei, HI 96707, United States",91-1085 Enterprise Ave,Kapolei,HI,96707,,,Auto repair shop,,,https://www.google.com/maps/place/Lewis+Automotive+Detailing+%26+Repairs+LLC/data=!4m7!3m6!1s0x7c00639eda794421:0x4be16640ef7d6155!8m2!3d21.314909!4d-158.0676866!16s%2Fg%2F11xyj2t16g!19sChIJIUR52p5jAHwRVWF970Bm4Us?authuser=0&hl=en&rclk=1,auto repair shop,Kapolei,city,HI,2026-07-24T03:56:20,0x7c00639eda794421:0x4be16640ef7d6155
Lifestyle Garage,(808) 425-5060,,,"91-367 Komohana Pl, Kapolei, HI 96707, United States",91-367 Komohana Pl,Kapolei,HI,96707,,,Auto repair shop,,,https://www.google.com/maps/place/Lifestyle+Garage/data=!4m7!3m6!1s0x7c0063005300d165:0xc10c82dd71ee01d3!8m2!3d21.316243!4d-158.092739!16s%2Fg%2F11wqbm9cz4!19sChIJZdEAUwBjAHwR0wHucd2CDME?authuser=0&hl=en&rclk=1,auto repair shop,Kapolei,city,HI,2026-07-24T03:56:20,0x7c0063005300d165:0xc10c82dd71ee01d3
Love's Auto Detail,(808) 628-0134,https://lovesautodetail.com/?utm_source=GBP,,"2045 Lauwiliwili St Unit 405C, Kapolei, HI 96707, United States",2045 Lauwiliwili St Unit 405C,Kapolei,HI,96707,4.9,99,Car detailing service,,,https://www.google.com/maps/place/Love%27s+Auto+Detail/data=!4m7!3m6!1s0x7c0064eea42bb79d:0x1456c2d82d438d48!8m2!3d21.3217207!4d-158.0899087!16s%2Fg%2F1pty8twzd!19sChIJnbcrpO5kAHwRSI1DLdjCVhQ?authuser=0&hl=en&rclk=1,auto repair shop,Kapolei,city,HI,2026-07-24T03:56:20,0x7c0064eea42bb79d:0x1456c2d82d438d48
M & R Truck & Auto Concepts,(808) 682-4114,,,"1019 Lauia St, Kapolei, HI 96707, United States",1019 Lauia St,Kapolei,HI,96707,4.8,22,Auto body shop,,,https://www.google.com/maps/place/M+%26+R+Truck+%26+Auto+Concepts/data=!4m7!3m6!1s0x7c00632a2e84bb5b:0x4e060f84659a6d0d!8m2!3d21.3212491!4d-158.0929993!16s%2Fg%2F1tc_r6yz!19sChIJW7uELipjAHwRDW2aZYQPBk4?authuser=0&hl=en&rclk=1,auto repair shop,Kapolei,city,HI,2026-07-24T03:56:20,0x7c00632a2e84bb5b:0x4e060f84659a6d0d
MINI of Hawaii,(808) 593-8699,http://www.miniofhawaii.com/,,"367 Farrington Hwy, Kapolei, HI 96707, United States",367 Farrington Hwy,Kapolei,HI,96707,4.6,1652,MINI dealer,,,https://www.google.com/maps/place/MINI+of+Hawaii/data=!4m7!3m6!1s0x7c006e086517b75f:0x2222613017bcb020!8m2!3d21.3341635!4d-158.0860372!16s%2Fg%2F11swpjzqr9!19sChIJX7cXZQhuAHwRILC8FzBhIiI?authuser=0&hl=en&rclk=1,auto repair shop,Kapolei,city,HI,2026-07-24T03:56:20,0x7c006e086517b75f:0x2222613017bcb020
Next level kustoms LLC.,(808) 679-6216,,,"91-1085 Enterprise St, Kapolei, HI 96707, United States",91-1085 Enterprise St,Kapolei,HI,96707,5.0,1,Auto body shop,,,https://www.google.com/maps/place/Next+level+kustoms+LLC./data=!4m7!3m6!1s0x7c00632375a52147:0xadf2190bef18d899!8m2!3d21.3147926!4d-158.0673924!16s%2Fg%2F11vj1k1mjv!19sChIJRyGldSNjAHwRmdgY7wsZ8q0?authuser=0&hl=en&rclk=1,auto repair shop,Kapolei,city,HI,2026-07-24T03:56:20,0x7c00632375a52147:0xadf2190bef18d899
Oahu Detailing,(808) 478-7628,https://oahudetailing.com/,,"91-1010 Hoakalei St, Kapolei, HI 96707, United States",91-1010 Hoakalei St,Kapolei,HI,96707,4.9,46,Car detailing service,,,https://www.google.com/maps/place/Oahu+Detailing/data=!4m7!3m6!1s0x7c00635fa4dcfabb:0xfa677652275798ea!8m2!3d21.3312168!4d-158.0610841!16s%2Fg%2F11q95rrq6t!19sChIJu_rcpF9jAHwR6phXJ1J2Z_o?authuser=0&hl=en&rclk=1,auto repair shop,Kapolei,city,HI,2026-07-16T11:04:19,0x7c00635fa4dcfabb:0xfa677652275798ea
Ohana Tinting,(808) 852-8780,http://www.ohanatinting.com/,,"2045 Lauwiliwili St Ste 706, Kapolei, HI 96707, United States",2045 Lauwiliwili St Ste 706,Kapolei,HI,96707,4.7,93,Window tinting service,,,https://www.google.com/maps/place/Ohana+Tinting/data=!4m7!3m6!1s0x7c0063290225ed37:0x3ab904f523f6e508!8m2!3d21.322579!4d-158.0907163!16s%2Fg%2F11c3k4_fnr!19sChIJN-0lAiljAHwRCOX2I_UEuTo?authuser=0&hl=en&rclk=1,auto repair shop,Kapolei,city,HI,2026-07-24T03:56:20,0x7c0063290225ed37:0x3ab904f523f6e508
Oil Changers,(808) 674-8444,https://oilchangers.com/locations/hi/kapolei-farrington-hwy/,,"581 Farrington Hwy, Kapolei, HI 96707, United States",581 Farrington Hwy,Kapolei,HI,96707,4.6,1022,Oil change service,,,https://www.google.com/maps/place/Oil+Changers/data=!4m7!3m6!1s0x7c0062ea501aa19b:0xcc7af62337dd4898!8m2!3d21.3391413!4d-158.0766948!16s%2Fg%2F1tds6xm_!19sChIJm6EaUOpiAHwRmEjdNyP2esw?authuser=0&hl=en&rclk=1,auto repair shop,Kapolei,city,HI,2026-07-24T03:56:20,0x7c0062ea501aa19b:0xcc7af62337dd4898
Paint Box Oahu,(808) 900-4868,https://www.paintboxoahu.com/,,"91-080 Hanua St, Kapolei, HI 96707, United States",91-080 Hanua St,Kapolei,HI,96707,4.6,9,Auto body shop,,,https://www.google.com/maps/place/Paint+Box+Oahu/data=!4m7!3m6!1s0x7c007d8b9446a9bd:0xd9701b44c9b020e1!8m2!3d21.2995682!4d-158.1019653!16s%2Fg%2F11xnnctx9y!19sChIJvalGlIt9AHwR4SCwyUQbcNk?authuser=0&hl=en&rclk=1,auto repair shop,Kapolei,city,HI,2026-07-24T03:56:20,0x7c007d8b9446a9bd:0xd9701b44c9b020e1
Raf's Automotive,(808) 682-7237,,,"1034 Lauia St #4, Kapolei, HI 96707, United States",1034 Lauia St #4,Kapolei,HI,96707,4.7,99,Auto repair shop,,,https://www.google.com/maps/place/Raf%27s+Automotive/data=!4m7!3m6!1s0x7c00632bd0aac201:0x9c52c50ddb20bfee!8m2!3d21.3214206!4d-158.0918886!16s%2Fg%2F1tf9ngln!19sChIJAcKq0CtjAHwR7r8g2w3FUpw?authuser=0&hl=en&rclk=1,auto repair shop,Kapolei,city,HI,2026-07-24T03:56:20,0x7c00632bd0aac201:0x9c52c50ddb20bfee
Rev Limit Auto Center,(808) 200-3535,http://www.revlimitautocenter.com/,,"91-1085 Enterprise St, Kapolei, HI 96707, United States",91-1085 Enterprise St,Kapolei,HI,96707,3.9,46,Auto repair shop,,,https://www.google.com/maps/place/Rev+Limit+Auto+Center/data=!4m7!3m6!1s0x7c00634bcc98bca3:0x16cd10473425e42a!8m2!3d21.3154319!4d-158.0686706!16s%2Fg%2F11c5qzx95n!19sChIJo7yYzEtjAHwRKuQlNEcQzRY?authuser=0&hl=en&rclk=1,auto repair shop,Kapolei,city,HI,2026-07-24T03:56:20,0x7c00634bcc98bca3:0x16cd10473425e42a
Steve's Repair Service LLC,(808) 354-0166,https://stevesrepairservicellc.net/,,"1733 Bon Homme Richard St, Kapolei, HI 96707, United States",1733 Bon Homme Richard St,Kapolei,HI,96707,4.6,13,Truck repair shop,,,https://www.google.com/maps/place/Steve%27s+Repair+Service+LLC/data=!4m7!3m6!1s0x7c005d9998ca58dd:0xc9e5cd57179fe4da!8m2!3d21.3057816!4d-158.0812795!16s%2Fg%2F1hf0106wj!19sChIJ3VjKmJldAHwR2uSfF1fN5ck?authuser=0&hl=en&rclk=1,auto repair shop,Kalawao County,county,HI,2026-07-24T01:59:08,0x7c005d9998ca58dd:0xc9e5cd57179fe4da
TIP TOWS TOWING,(808) 222-3432,https://www.towingoahu.com/?utm_source=omg-gbp&utm_medium=webclick,,"590 Farrington Hwy #210-200, Kapolei, HI 96707, United States",590 Farrington Hwy #210-200,Kapolei,HI,96707,4.9,218,Towing service,,,https://www.google.com/maps/place/TIP+TOWS+TOWING/data=!4m7!3m6!1s0x7c00631668c275ef:0xd9f222ad700f8d17!8m2!3d21.3375977!4d-158.0806204!16s%2Fg%2F11bt_kbdtk!19sChIJ73XCaBZjAHwRF40PcK0i8tk?authuser=0&hl=en&rclk=1,auto repair shop,Kapolei,city,HI,2026-07-24T02:43:55,0x7c00631668c275ef:0xd9f222ad700f8d17
Tires Today,(808) 688-8473,https://tirestoday.com/,,"91-361 Komohana Pl, Kapolei, HI 96707, United States",91-361 Komohana Pl,Kapolei,HI,96707,5.0,213,Tire shop,,,https://www.google.com/maps/place/Tires+Today/data=!4m7!3m6!1s0x7c006e0e99132e45:0xa2c84155947e08c7!8m2!3d21.3162882!4d-158.0928162!16s%2Fg%2F11b7f0gmkd!19sChIJRS4TmQ5uAHwRxwh-lFVByKI?authuser=0&hl=en&rclk=1,auto repair shop,Kapolei,city,HI,2026-07-24T03:56:20,0x7c006e0e99132e45:0xa2c84155947e08c7
"UILANI ENTERPRISE SERVICES, LLC",+55 19 98252-8081,https://www.revlimitautocenter.com/,,"91-1257 Kamaaha Ave Apt 1305, Kapolei, HI 96707, United States",91-1257 Kamaaha Ave Apt 1305,Kapolei,HI,96707,,,Auto repair shop,,,"https://www.google.com/maps/place/UILANI+ENTERPRISE+SERVICES,+LLC/data=!4m7!3m6!1s0x7c0063ee81f1f045:0x452449c5f56d303c!8m2!3d21.3358065!4d-158.0651635!16s%2Fg%2F11x7n3rbyn!19sChIJRfDxge5jAHwRPDBt9cVJJEU?authuser=0&hl=en&rclk=1",auto repair shop,Kapolei,city,HI,2026-07-24T03:56:20,0x7c0063ee81f1f045:0x452449c5f56d303c
uBreakiFix - Phone and Computer Repair,(808) 892-1155,https://www.ubreakifix.com/locations/kapolei?utm_source=google&utm_medium=gmb&utm_campaign=kapolei,,"590 Farrington Hwy Ste 22, Kapolei, HI 96707, United States",590 Farrington Hwy Ste 22,Kapolei,HI,96707,4.8,731,Mobile phone repair shop,,,https://www.google.com/maps/place/uBreakiFix+-+Phone+and+Computer+Repair/data=!4m7!3m6!1s0x7c006336b1ad177b:0x66453568114d2105!8m2!3d21.3382653!4d-158.0807114!16s%2Fg%2F11qg__w65w!19sChIJexetsTZjAHwRBSFNEWg1RWY?authuser=0&hl=en&rclk=1,auto repair shop,Kapolei,city,HI,2026-07-24T03:56:20,0x7c006336b1ad177b:0x66453568114d2105
E.A Services,(808) 346-3934,,,"House 195, Kaumakani, HI 96747, United States",House 195,Kaumakani,HI,96747,,,Auto body shop,,,https://www.google.com/maps/place/E.A+Services/data=!4m7!3m6!1s0x7c0707b358dcb8eb:0x7b3f549b29db9fc3!8m2!3d21.9149048!4d-159.618674!16s%2Fg%2F11ldxmkylz!19sChIJ67jcWLMHB3wRw5_bKZtUP3s?authuser=0&hl=en&rclk=1,auto repair shop,Kauai County,county,HI,2026-07-16T10:27:06,0x7c0707b358dcb8eb:0x7b3f549b29db9fc3
Echo Authorized Dealer,(808) 553-4499,http://molokaiautoparts.com/echo,,"Molokai Auto Parts, 93A Ala Malama Ave, Kaunakakai, HI 96748, United States","Molokai Auto Parts, 93A Ala Malama Ave",Kaunakakai,HI,96748,5.0,1,Lawn care service,,,https://www.google.com/maps/place/Echo+Authorized+Dealer/data=!4m7!3m6!1s0x7eaab77f52d5b919:0x4e16a23bec59014!8m2!3d21.0910467!4d-157.0206441!16s%2Fg%2F11j8pb_z2w!19sChIJGbnVUn-3qn4RFJDFviNq4QQ?authuser=0&hl=en&rclk=1,auto repair shop,Kalawao County,county,HI,2026-07-24T03:17:13,0x7eaab77f52d5b919:0x4e16a23bec59014
Izzi Auto Service,(808) 864-1494,https://izziauto.com/,,"80 Makaena Pl, Kaunakakai, HI 96748, United States",80 Makaena Pl,Kaunakakai,HI,96748,5.0,5,Auto repair shop,,,https://www.google.com/maps/place/Izzi+Auto+Service/data=!4m7!3m6!1s0x7eaab6132ea5403f:0x4b7ed92768f7b451!8m2!3d21.0913615!4d-157.0221644!16s%2Fg%2F11d_78p2mb!19sChIJP0ClLhO2qn4RUbT3aCfZfks?authuser=0&hl=en&rclk=1,auto repair shop,Kalawao County,county,HI,2026-07-24T03:17:13,0x7eaab6132ea5403f:0x4b7ed92768f7b451
Kalamas Service,(808) 553-5926,,,"53 Ala Malama Ave, Kaunakakai, HI 96748, United States",53 Ala Malama Ave,Kaunakakai,HI,96748,5.0,2,Gas station,,,https://www.google.com/maps/place/Kalamas+Service/data=!4m7!3m6!1s0x7eaab612d9c88d77:0xc8817a9172f2ee22!8m2!3d21.0907293!4d-157.0218063!16s%2Fg%2F11qbtrsxby!19sChIJd43I2RK2qn4RIu7ycpF6gcg?authuser=0&hl=en&rclk=1,auto repair shop,Kalawao County,county,HI,2026-07-24T03:17:13,0x7eaab612d9c88d77:0xc8817a9172f2ee22
Molokai Auto Parts,(808) 553-4499,http://molokaiautoparts.com/,,"93 Ala Malama Ave #A, Kaunakakai, HI 96748, United States",93 Ala Malama Ave #A,Kaunakakai,HI,96748,5.0,1,Auto parts store,,,https://www.google.com/maps/place/Molokai+Auto+Parts/data=!4m7!3m6!1s0x7eaab7619e444649:0xec6344577d9e4def!8m2!3d21.0908263!4d-157.0206034!16s%2Fg%2F11h84z97rf!19sChIJSUZEnmG3qn4R702efVdEY-w?authuser=0&hl=en&rclk=1,auto repair shop,Kalawao County,county,HI,2026-07-24T03:17:13,0x7eaab7619e444649:0xec6344577d9e4def
Molokai Vehicle Registration,(808) 553-9067,https://www.mauicounty.gov/facilities/Facility/Details/86,,"100 Ainoa St, Kaunakakai, HI 96748, United States",100 Ainoa St,Kaunakakai,HI,96748,5.0,3,Department of motor vehicles,,,https://www.google.com/maps/place/Molokai+Vehicle+Registration/data=!4m7!3m6!1s0x7eaab6123ab14461:0xc6b6e031dd7c2719!8m2!3d21.0906815!4d-157.0178841!16s%2Fg%2F1tlc88s0!19sChIJYUSxOhK2qn4RGSd83THgtsY?authuser=0&hl=en&rclk=1,auto repair shop,Kalawao County,county,HI,2026-07-16T10:14:37,0x7eaab6123ab14461:0xc6b6e031dd7c2719
Texaco Kaunakakai,(808) 553-3214,,,"20 Mauna Loa Hwy, Kaunakakai, HI 96748, United States",20 Mauna Loa Hwy,Kaunakakai,HI,96748,4.3,83,Gas station,,,https://www.google.com/maps/place/Texaco+Kaunakakai/data=!4m7!3m6!1s0x7eaab66d13b35699:0xabef003d5cec33c2!8m2!3d21.0897842!4d-157.0228042!16s%2Fg%2F1v_sng0f!19sChIJmVazE222qn4RwjPsXD0A76s?authuser=0&hl=en&rclk=1,auto repair shop,Kalawao County,county,HI,2026-07-24T03:17:13,0x7eaab66d13b35699:0xabef003d5cec33c2
Bob's Auto Repair,(808) 982-9289,,,"16-110 Ilima St, Keaau, HI 96749, United States",16-110 Ilima St,Keaau,HI,96749,4.7,156,Auto repair shop,,,https://www.google.com/maps/place/Bob%27s+Auto+Repair/data=!4m7!3m6!1s0x795236b878ec8047:0x3bff60a372c65bfa!8m2!3d19.5453235!4d-154.9774346!16s%2Fg%2F11cs1dxdyx!19sChIJR4DseLg2UnkR-lvGcqNg_zs?authuser=0&hl=en&rclk=1,auto repair shop,Hawaii County,county,HI,2026-07-24T03:06:10,0x795236b878ec8047:0x3bff60a372c65bfa
CARSS LLC,(808) 229-4526,https://www.carssllc.com/,,"16-167 Kalara St, Keaau, HI 96749, United States",16-167 Kalara St,Keaau,HI,96749,4.9,77,Auto repair shop,,,https://www.google.com/maps/place/CARSS+LLC/data=!4m7!3m6!1s0x79524b6e2b7ad7e3:0xf0c0fe32b5228d14!8m2!3d19.6370746!4d-155.0508624!16s%2Fg%2F11c1nfcp9x!19sChIJ49d6K25LUnkRFI0itTL-wPA?authuser=0&hl=en&rclk=1,auto repair shop,Hawaii County,county,HI,2026-07-24T03:06:10,0x79524b6e2b7ad7e3:0xf0c0fe32b5228d14
"Habermann's Auto Repair, LLC",(808) 464-4689,,,"15-1920 33rd Ave, Keaau, HI 96749, United States",15-1920 33rd Ave,Keaau,HI,96749,4.4,12,Auto repair shop,,,"https://www.google.com/maps/place/Habermann%27s+Auto+Repair,+LLC/data=!4m7!3m6!1s0x795237d1e5caa605:0xff888dca7fa18645!8m2!3d19.5491723!4d-154.9806702!16s%2Fg%2F11g0lh0lyw!19sChIJBabK5dE3UnkRRYahf8qNiP8?authuser=0&hl=en&rclk=1",auto repair shop,Hawaii County,county,HI,2026-07-24T01:53:14,0x795237d1e5caa605:0xff888dca7fa18645
Wally's Garage LLC.,(808) 966-9275,https://808wallys.wixsite.com/my-site,,"15-1897 33rd Ave, Keaau, HI 96749, United States",15-1897 33rd Ave,Keaau,HI,96749,4.9,94,Auto repair shop,,,https://www.google.com/maps/place/Wally%27s+Garage+LLC./data=!4m7!3m6!1s0x7952374166e2b4fd:0x573b059c779ed697!8m2!3d19.550833!4d-154.9812271!16s%2Fg%2F1tf6mdm7!19sChIJ_bTiZkE3UnkRl9aed5wFO1c?authuser=0&hl=en&rclk=1,auto repair shop,Hawaii County,county,HI,2026-07-16T09:59:31,0x7952374166e2b4fd:0x573b059c779ed697
AutoTech,(808) 322-8881,https://www.autotechhawaii.com/,,"81-981 Halekii St, Kealakekua, HI 96750, United States",81-981 Halekii St,Kealakekua,HI,96750,4.8,226,Auto repair shop,,,https://www.google.com/maps/place/AutoTech/data=!4m7!3m6!1s0x795406eea665646f:0xf38c376750b1ee2!8m2!3d19.5187407!4d-155.9211595!16s%2Fg%2F1tdcrr79!19sChIJb2Rlpu4GVHkR4h4LdXbDOA8?authuser=0&hl=en&rclk=1,auto repair shop,Hawaii County,county,HI,2026-07-24T03:06:10,0x795406eea665646f:0xf38c376750b1ee2
All Star Garage,(808) 879-9100,,,"330 Ohukai Rd Unit #113, Kihei, HI 96753, United States",330 Ohukai Rd Unit #113,Kihei,HI,96753,4.6,193,Car inspection station,,,https://www.google.com/maps/place/All+Star+Garage/data=!4m7!3m6!1s0x7954d1ca819acead:0x2da648a54a0709a7!8m2!3d20.7731838!4d-156.4509185!16s%2Fg%2F11b6yry6r4!19sChIJrc6agcrRVHkRpwkHSqVIpi0?authuser=0&hl=en&rclk=1,auto repair shop,Maui County,county,HI,2026-07-24T03:32:32,0x7954d1ca819acead:0x2da648a54a0709a7
Bronco Garage,(808) 250-3319,http://bgmaui.com/,,"340 Ohukai Rd STE 201, Kihei, HI 96753, United States",340 Ohukai Rd STE 201,Kihei,HI,96753,4.5,114,Auto repair shop,,,https://www.google.com/maps/place/Bronco+Garage/data=!4m7!3m6!1s0x7954d1ca7b9d7e63:0xc4eba1b9aee0f2b0!8m2!3d20.7743666!4d-156.4504768!16s%2Fg%2F11f3zv8_rc!19sChIJY36de8rRVHkRsPLgrrmh68Q?authuser=0&hl=en&rclk=1,auto repair shop,Maui County,county,HI,2026-07-24T02:15:52,0x7954d1ca7b9d7e63:0xc4eba1b9aee0f2b0
Frog's Repair,(808) 280-4201,https://www.frogsrepair.com/contact-us,,"43 Koki Pl, Kihei, HI 96753, United States",43 Koki Pl,Kihei,HI,96753,5.0,8,Car repair and maintenance service,,,https://www.google.com/maps/place/Frog%27s+Repair/data=!4m7!3m6!1s0x7954d1b4923eaaab:0x1726133ee11b1f19!8m2!3d20.773559!4d-156.4557273!16s%2Fg%2F11sv1lm0hz!19sChIJq6o-krTRVHkRGR8b4T4TJhc?authuser=0&hl=en&rclk=1,auto repair shop,Maui County,county,HI,2026-07-24T02:15:52,0x7954d1b4923eaaab:0x1726133ee11b1f19
KarMART Service Center,(808) 419-7384,https://karmartmaui.com/,,"357 Huku Lii Pl A1-101, Kihei, HI 96753, United States",357 Huku Lii Pl A1-101,Kihei,HI,96753,4.4,36,Auto repair shop,,,https://www.google.com/maps/place/KarMART+Service+Center/data=!4m7!3m6!1s0x7954d1066959d915:0x297ca7fbe490a8e8!8m2!3d20.7744271!4d-156.4520513!16s%2Fg%2F11ghlt1hb5!19sChIJFdlZaQbRVHkR6KiQ5PunfCk?authuser=0&hl=en&rclk=1,auto repair shop,Maui County,county,HI,2026-07-24T03:32:32,0x7954d1066959d915:0x297ca7fbe490a8e8
Kihei Auto Sales,(808) 875-8782,https://www.kiheiautosales.com/,,"368 Huku Lii Pl, Kihei, HI 96753, United States",368 Huku Lii Pl,Kihei,HI,96753,4.7,453,Car dealer,,,https://www.google.com/maps/place/Kihei+Auto+Sales/data=!4m7!3m6!1s0x7954d014dfca0fb9:0xf74cc10975f3ef17!8m2!3d20.7739706!4d-156.4525977!16s%2Fg%2F1tg_g7mr!19sChIJuQ_K3xTQVHkRF-_zdQnBTPc?authuser=0&hl=en&rclk=1,auto repair shop,Maui County,county,HI,2026-07-16T10:38:22,0x7954d014dfca0fb9:0xf74cc10975f3ef17
Kihei Auto Sales Service Department,(808) 875-8882,https://kiheiautorepair.com/,,"2675A Wai Wai Pl, Kihei, HI 96753, United States",2675A Wai Wai Pl,Kihei,HI,96753,4.8,62,Auto repair shop,,,https://www.google.com/maps/place/Kihei+Auto+Sales+Service+Department/data=!4m7!3m6!1s0x7954d014e6e134a1:0x372344ce4b31c8d8!8m2!3d20.7450001!4d-156.4492605!16s%2Fg%2F11c61q8ygx!19sChIJoTTh5hTQVHkR2MgxS85EIzc?authuser=0&hl=en&rclk=1,auto repair shop,Maui County,county,HI,2026-07-24T03:32:32,0x7954d014e6e134a1:0x372344ce4b31c8d8
Kihei Automotive,(808) 875-0400,http://www.kiheiautomotive.net/,,"300 Ohukai Rd B-103, Kihei, HI 96753, United States",300 Ohukai Rd B-103,Kihei,HI,96753,4.7,115,Auto repair shop,,,https://www.google.com/maps/place/Kihei+Automotive/data=!4m7!3m6!1s0x7954d1b563009067:0xed04ae3781f51348!8m2!3d20.7720513!4d-156.4503428!16s%2Fg%2F1tm12t99!19sChIJZ5AAY7XRVHkRSBP1gTeuBO0?authuser=0&hl=en&rclk=1,auto repair shop,Maui County,county,HI,2026-07-24T03:32:32,0x7954d1b563009067:0xed04ae3781f51348
Maui Tech Auto Repair,(808) 875-9000,https://mauitechautorepair.com/,,"2676 Wai Wai Pl, Kihei, HI 96753, United States",2676 Wai Wai Pl,Kihei,HI,96753,3.9,47,Auto repair shop,,,https://www.google.com/maps/place/Maui+Tech+Auto+Repair/data=!4m7!3m6!1s0x7954d014e977e8f9:0x41aad169a933c99b!8m2!3d20.7444726!4d-156.4492853!16s%2Fg%2F1pp2x9w56!19sChIJ-eh36RTQVHkRm8kzqWnRqkE?authuser=0&hl=en&rclk=1,auto repair shop,Maui County,county,HI,2026-07-24T02:15:52,0x7954d014e977e8f9:0x41aad169a933c99b
Scott's Auto Services,(808) 828-1975,,,"4321 Aalona St, Kilauea, HI 96754, United States",4321 Aalona St,Kilauea,HI,96754,4.8,18,Auto repair shop,,,https://www.google.com/maps/place/Scott%27s+Auto+Services/data=!4m7!3m6!1s0x7c06e58cda6bb687:0xf231c2fe78c94f72!8m2!3d22.2093566!4d-159.4077843!16s%2Fg%2F1tlkclg4!19sChIJh7Zr2ozlBnwRck_JeP7CMfI?authuser=0&hl=en&rclk=1,auto repair shop,Kauai County,county,HI,2026-07-24T03:28:20,0x7c06e58cda6bb687:0xf231c2fe78c94f72
Hadama Service,(808) 742-1401,,,"5161 Koloa Rd, Koloa, HI 96756, United States",5161 Koloa Rd,Koloa,HI,96756,4.8,17,Auto repair shop,,,https://www.google.com/maps/place/Hadama+Service/data=!4m7!3m6!1s0x7c071ad7b777999b:0xe69ea5b144d7dd01!8m2!3d21.9055589!4d-159.469054!16s%2Fg%2F1tjpqqgf!19sChIJm5l3t9caB3wRAd3XRLGlnuY?authuser=0&hl=en&rclk=1,auto repair shop,Kauai County,county,HI,2026-07-24T03:28:20,0x7c071ad7b777999b:0xe69ea5b144d7dd01
Levis Services Repairs,(808) 336-1414,http://mybusiness.com/,,"52 Puu Kapele Ave B7, Kualapuu, HI 96757, United States",52 Puu Kapele Ave B7,Kualapuu,HI,96757,,,Diesel engine repair service,,,https://www.google.com/maps/place/Levis+Services+Repairs/data=!4m7!3m6!1s0x7eaab9dee6b90c09:0x915def8418bac1d2!8m2!3d21.1789058!4d-157.0826404!16s%2Fg%2F11gcfsxr20!19sChIJCQy55t65qn4R0sG6GITvXZE?authuser=0&hl=en&rclk=1,auto repair shop,Kalawao County,county,HI,2026-07-24T03:17:13,0x7eaab9dee6b90c09:0x915def8418bac1d2
Pacific Motor Works,(808) 878-2698,,,"3135 Lower Kula Rd, Kula, HI 96790, United States",3135 Lower Kula Rd,Kula,HI,96790,4.0,44,Auto repair shop,,,https://www.google.com/maps/place/Pacific+Motor+Works/data=!4m7!3m6!1s0x7954c949f0d5ffdd:0xd1f021b4b0968b59!8m2!3d20.775856!4d-156.3256835!16s%2Fg%2F1ptxsbvpv!19sChIJ3f_V8EnJVHkRWYuWsLQh8NE?authuser=0&hl=en&rclk=1,auto repair shop,Maui County,county,HI,2026-07-24T02:15:52,0x7954c949f0d5ffdd:0xd1f021b4b0968b59
Keaau Service Station,(808) 966-6107,,,"17-355 Volcano Rd, Kurtistown, HI 96760, United States",17-355 Volcano Rd,Kurtistown,HI,96760,4.8,70,Auto repair shop,,,https://www.google.com/maps/place/Keaau+Service+Station/data=!4m7!3m6!1s0x795235038176cbcf:0xf30ced01cb7f4f23!8m2!3d19.5932461!4d-155.057177!16s%2Fg%2F11fy1cbq3z!19sChIJz8t2gQM1UnkRI09_ywHtDPM?authuser=0&hl=en&rclk=1,auto repair shop,Hawaii County,county,HI,2026-07-24T03:06:10,0x795235038176cbcf:0xf30ced01cb7f4f23
Aloha Automotive and Motorsports Mobile Mechanic,(808) 868-7415,,,"3626 Lower Honoapiilani Rd, Lahaina, HI 96761, United States",3626 Lower Honoapiilani Rd,Lahaina,HI,96761,4.9,55,Mechanic,,,https://www.google.com/maps/place/Aloha+Automotive+and+Motorsports+Mobile+Mechanic/data=!4m7!3m6!1s0x7eaad5cb275f9e09:0xe7ab6369ac53ae1!8m2!3d20.9533775!4d-156.6847467!16s%2Fg%2F11ss5njdtk!19sChIJCZ5fJ8vVqn4R4TrFmja2eg4?authuser=0&hl=en&rclk=1,auto repair shop,Maui County,county,HI,2026-07-24T03:32:32,0x7eaad5cb275f9e09:0xe7ab6369ac53ae1
Juan’s Auto Repair (NAPA Autocare Center),(808) 298-4557,http://juansautorepair.com/,,"283 Wili Ko Pl #14, Lahaina, HI 96761, United States",283 Wili Ko Pl #14,Lahaina,HI,96761,4.4,100,Auto repair shop,,,https://www.google.com/maps/place/Juan%E2%80%99s+Auto+Repair+%28NAPA+Autocare+Center%29/data=!4m7!3m6!1s0x79552ba5bce32183:0x20031f341d1fec2!8m2!3d20.881837!4d-156.679202!16s%2Fg%2F11bv1ccgjv!19sChIJgyHjvKUrVXkRwv7RQfMxAAI?authuser=0&hl=en&rclk=1,auto repair shop,Maui County,county,HI,2026-07-24T03:32:32,0x79552ba5bce32183:0x20031f341d1fec2
Lahaina Auto Repair,(808) 280-7510,,,"4900 HI-30, Lahaina, HI 96761, United States",4900 HI-30,Lahaina,HI,96761,4.9,27,Auto repair shop,,,https://www.google.com/maps/place/Lahaina+Auto+Repair/data=!4m7!3m6!1s0x79552b66b82f6629:0xccaff41f8d67d2c!8m2!3d20.9839264!4d-156.6667042!16s%2Fg%2F11hdnkxc6b!19sChIJKWYvuGYrVXkRLH3W-EH_ygw?authuser=0&hl=en&rclk=1,auto repair shop,Maui County,county,HI,2026-07-16T10:38:22,0x79552b66b82f6629:0xccaff41f8d67d2c
Lahaina Tinting,(808) 866-0970,,,"1068 Limahana Pl Unit 9, Lahaina, HI 96761, United States",1068 Limahana Pl Unit 9,Lahaina,HI,96761,5.0,24,Window tinting service,,,https://www.google.com/maps/place/Lahaina+Tinting/data=!4m7!3m6!1s0x79552bf7d7bcc32d:0x8834be9b47f82bf3!8m2!3d20.882437!4d-156.6803972!16s%2Fg%2F11j8sxm2fb!19sChIJLcO81_crVXkR8yv4R5u-NIg?authuser=0&hl=en&rclk=1,auto repair shop,Kalawao County,county,HI,2026-07-16T10:14:37,0x79552bf7d7bcc32d:0x8834be9b47f82bf3
Maui Town Car,(808) 280-1789,http://www.mauitowncar.com/,,"910 HI-30 Ste 7-197, Lahaina, HI 96761, United States",910 HI-30 Ste 7-197,Lahaina,HI,96761,4.6,49,Chauffeur service,,,https://www.google.com/maps/place/Maui+Town+Car/data=!4m7!3m6!1s0x79552bb64d8cb8fd:0xc3af91a8c29e0b84!8m2!3d20.8797561!4d-156.6784899!16s%2Fg%2F11bw5mddd4!19sChIJ_biMTbYrVXkRhAuewqiRr8M?authuser=0&hl=en&rclk=1,auto repair shop,Maui County,county,HI,2026-07-24T02:15:52,0x79552bb64d8cb8fd:0xc3af91a8c29e0b84
Mr. Tint Maui Window Tinting,(808) 743-3051,https://www.mrtintmaui.com/,,"866 Kale St, Lahaina, HI 96761, United States",866 Kale St,Lahaina,HI,96761,5.0,19,Window tinting service,,,https://www.google.com/maps/place/Mr.+Tint+Maui+Window+Tinting/data=!4m7!3m6!1s0x7eaad5dee9caf9c1:0xbd2aa169e5bcdade!8m2!3d20.8813629!4d-156.6739605!16s%2Fg%2F11x7dp466m!19sChIJwfnK6d7Vqn4R3tq85WmhKr0?authuser=0&hl=en&rclk=1,auto repair shop,Kalawao County,county,HI,2026-07-16T10:14:37,0x7eaad5dee9caf9c1:0xbd2aa169e5bcdade
Westside Foreign Auto Repair,(808) 667-7500,http://westside-auto-repair.jany.io/,,"178 Kupuohi St A101, Lahaina, HI 96761, United States",178 Kupuohi St A101,Lahaina,HI,96761,4.7,61,Auto repair shop,,,https://www.google.com/maps/place/Westside+Foreign+Auto+Repair/data=!4m7!3m6!1s0x79552bbadf6fad0d:0x8a966c7dfa094058!8m2!3d20.8837888!4d-156.6759314!16s%2Fg%2F1v8gc79g!19sChIJDa1v37orVXkRWEAJ-n1sloo?authuser=0&hl=en&rclk=1,auto repair shop,Maui County,county,HI,2026-07-24T03:32:32,0x79552bbadf6fad0d:0x8a966c7dfa094058
967 Garage,(808) 855-5081,,,"3651 Lala Rd Bldg 5A, Lihue, HI 96766, United States",3651 Lala Rd Bldg 5A,Lihue,HI,96766,5.0,21,Car detailing service,,,https://www.google.com/maps/place/967+Garage/data=!4m7!3m6!1s0x4bc88a6de555cda7:0x64a5137d4e109df3!8m2!3d21.957849!4d-159.3612683!16s%2Fg%2F11sdr2g_sp!19sChIJp81V5W2KyEsR850QTn0TpWQ?authuser=0&hl=en&rclk=1,auto repair shop,Kauai County,county,HI,2026-07-24T03:28:20,0x4bc88a6de555cda7:0x64a5137d4e109df3
"AGM Collision Services, dba Kauai Foreign Cars",(808) 245-8577,http://kforeigncars.com/,,"1890 Leleiona St, Lihue, HI 96766, United States",1890 Leleiona St,Lihue,HI,96766,4.8,134,Auto body shop,,,"https://www.google.com/maps/place/AGM+Collision+Services,+dba+Kauai+Foreign+Cars/data=!4m7!3m6!1s0x7c071c22b6a8ae07:0x2cc8f35998495931!8m2!3d21.9643005!4d-159.3945944!16s%2Fg%2F1v75s3j1!19sChIJB66otiIcB3wRMVlJmFnzyCw?authuser=0&hl=en&rclk=1",auto repair shop,Kauai County,county,HI,2026-07-24T03:28:20,0x7c071c22b6a8ae07:0x2cc8f35998495931
Ace Auto Glass - Kauaʻi,(808) 245-8084,https://www.aceautoglass.net/kauai/,,"3019 Peleke St, Lihue, HI 96766, United States",3019 Peleke St,Lihue,HI,96766,4.6,48,Auto glass shop,,,https://www.google.com/maps/place/Ace+Auto+Glass+-+Kaua%CA%BBi/data=!4m7!3m6!1s0x7c071eec7dc95aa7:0xf7e7907e421c5553!8m2!3d21.966768!4d-159.3561439!16s%2Fg%2F1tdrxjd8!19sChIJp1rJfeweB3wRU1UcQn6Q5_c?authuser=0&hl=en&rclk=1,auto repair shop,Kauai County,county,HI,2026-07-24T03:28:20,0x7c071eec7dc95aa7:0xf7e7907e421c5553
Adolf's Auto Body,(808) 245-9377,,,"3215 Oihana St, Lihue, HI 96766, United States",3215 Oihana St,Lihue,HI,96766,2.7,6,Auto body shop,,,https://www.google.com/maps/place/Adolf%27s+Auto+Body/data=!4m7!3m6!1s0x7c071eed742ae859:0x96bf2eff6c487b67!8m2!3d21.970908!4d-159.356483!16s%2Fg%2F1tdg3fft!19sChIJWegqdO0eB3wRZ3tIbP8uv5Y?authuser=0&hl=en&rclk=1,auto repair shop,Kauai County,county,HI,2026-07-24T03:28:20,0x7c071eed742ae859:0x96bf2eff6c487b67
Alii Rental Cars LLC,(808) 298-8976,https://www.aliirentalcars.com/,,"2670 Niumalu Rd, Lihue, HI 96766, United States",2670 Niumalu Rd,Lihue,HI,96766,4.9,1926,Car rental agency,,,https://www.google.com/maps/place/Alii+Rental+Cars+LLC/data=!4m7!3m6!1s0x7c071e9e75fe81db:0x6f2c89ddea306424!8m2!3d21.956489!4d-159.3585611!16s%2Fg%2F11b8_3bzpw!19sChIJ24H-dZ4eB3wRJGQw6t2JLG8?authuser=0&hl=en&rclk=1,auto repair shop,Kauai County,county,HI,2026-07-16T10:27:06,0x7c071e9e75fe81db:0x6f2c89ddea306424
Aloha Kia Kauai,(808) 736-6387,https://www.alohakiakauai.com/?utm_source=google&utm_medium=organic&utm_campaign=google+business,,"4359 Pahee St, Lihue, HI 96766, United States",4359 Pahee St,Lihue,HI,96766,4.2,78,Kia dealer,,,https://www.google.com/maps/place/Aloha+Kia+Kauai/data=!4m7!3m6!1s0x7c071c20f5c31b2d:0x6b4650ba1b4abbf3!8m2!3d21.9672467!4d-159.3849116!16s%2Fg%2F1q6n2whwm!19sChIJLRvD9SAcB3wR87tKG7pQRms?authuser=0&hl=en&rclk=1,auto repair shop,Kauai County,county,HI,2026-07-16T10:27:06,0x7c071c20f5c31b2d:0x6b4650ba1b4abbf3
Aloha Transmission & Auto Repair,(808) 241-7715,,,"3082 Peleke St, Lihue, HI 96766, United States",3082 Peleke St,Lihue,HI,96766,4.9,27,Car repair and maintenance service,,,https://www.google.com/maps/place/Aloha+Transmission+%26+Auto+Repair/data=!4m7!3m6!1s0x7c071eec3ec30f7b:0xa77e8c3907df8481!8m2!3d21.9677675!4d-159.3544745!16s%2Fg%2F11b7hpm8nb!19sChIJew_DPuweB3wRgYTfBzmMfqc?authuser=0&hl=en&rclk=1,auto repair shop,Kauai County,county,HI,2026-07-24T03:28:20,0x7c071eec3ec30f7b:0xa77e8c3907df8481
Andy's Machine Shop,(808) 245-2614,,,"3116 Hoolako St, Lihue, HI 96766, United States",3116 Hoolako St,Lihue,HI,96766,4.9,7,Auto machine shop,,,https://www.google.com/maps/place/Andy%27s+Machine+Shop/data=!4m7!3m6!1s0x7c071e8c02de58c1:0x487cd2e62080c5c5!8m2!3d21.9708555!4d-159.3580595!16s%2Fg%2F1vyn41_d!19sChIJwVjeAoweB3wRxcWAIObSfEg?authuser=0&hl=en&rclk=1,auto repair shop,Kauai County,county,HI,2026-07-24T03:28:20,0x7c071e8c02de58c1:0x487cd2e62080c5c5
Auto Repair Express LLC,(808) 246-4488,,,"3148 Oihana St # 10A, Lihue, HI 96766, United States",3148 Oihana St # 10A,Lihue,HI,96766,5.0,3,Auto repair shop,,,https://www.google.com/maps/place/Auto+Repair+Express+LLC/data=!4m7!3m6!1s0x7c071eece3bd5131:0x666f4e37eebb8356!8m2!3d21.9690589!4d-159.3572214!16s%2Fg%2F1vtzhfcd!19sChIJMVG94-weB3wRVoO77jdOb2Y?authuser=0&hl=en&rclk=1,auto repair shop,Kauai County,county,HI,2026-07-16T10:27:06,0x7c071eece3bd5131:0x666f4e37eebb8356
Auto Styling And Performance,(808) 246-2456,,,"3-3596 Kuhio Hwy, Lihue, HI 96766, United States",3-3596 Kuhio Hwy,Lihue,HI,96766,4.6,28,Auto body shop,,,https://www.google.com/maps/place/Auto+Styling+And+Performance/data=!4m7!3m6!1s0x7c071e434aa7d5e9:0x17ed012056b7c967!8m2!3d21.9910208!4d-159.365765!16s%2Fg%2F1tsykdgw!19sChIJ6dWnSkMeB3wRZ8m3ViAB7Rc?authuser=0&hl=en&rclk=1,auto repair shop,Kauai County,county,HI,2026-07-24T03:28:20,0x7c071e434aa7d5e9:0x17ed012056b7c967
Autocraft Hawaii - Kauai,(808) 460-4218,https://autocrafthi.com/,,"3052 Peleke St, Lihue, HI 96766, United States",3052 Peleke St,Lihue,HI,96766,4.6,24,Auto body shop,,,https://www.google.com/maps/place/Autocraft+Hawaii+-+Kauai/data=!4m7!3m6!1s0x7c071ff499417761:0xb14868139179f228!8m2!3d21.9669526!4d-159.3550332!16s%2Fg%2F11vj8w18ww!19sChIJYXdBmfQfB3wRKPJ5kRNoSLE?authuser=0&hl=en&rclk=1,auto repair shop,Kauai County,county,HI,2026-07-24T03:28:20,0x7c071ff499417761:0xb14868139179f228
Bumper & Dent Co.,(808) 855-5400,,,"3052 Peleke St, Lihue, HI 96766, United States",3052 Peleke St,Lihue,HI,96766,4.3,23,Car repair and maintenance service,,,https://www.google.com/maps/place/Bumper+%26+Dent+Co./data=!4m7!3m6!1s0x7c071eec678a3e8b:0xfa8f6b24868c0e7e!8m2!3d21.9670229!4d-159.3551817!16s%2Fg%2F1yg4ltf43!19sChIJiz6KZ-weB3wRfg6MhiRrj_o?authuser=0&hl=en&rclk=1,auto repair shop,Kauai County,county,HI,2026-07-24T03:28:20,0x7c071eec678a3e8b:0xfa8f6b24868c0e7e
C&C Auto and Marine,(808) 639-6328,https://vipshopmanagement.com/schedule-appointment.php?SubID=7861709632835776,,"3148 Oihana St, Lihue, HI 96766, United States",3148 Oihana St,Lihue,HI,96766,4.8,35,Auto repair shop,,,https://www.google.com/maps/place/C%26C+Auto+and+Marine/data=!4m7!3m6!1s0x7c071f2eadec649d:0xb7c077290d8c727f!8m2!3d21.9687611!4d-159.3570422!16s%2Fg%2F11ptlslhv4!19sChIJnWTsrS4fB3wRf3KMDSl3wLc?authuser=0&hl=en&rclk=1,auto repair shop,Kauai County,county,HI,2026-07-24T03:28:20,0x7c071f2eadec649d:0xb7c077290d8c727f
Central Collision Center,(808) 212-1147,https://www.centralcollisioncenter808.com/,,"1530 Haleukana St, Lihue, HI 96766, United States",1530 Haleukana St,Lihue,HI,96766,5.0,2,Auto body shop,,,https://www.google.com/maps/place/Central+Collision+Center/data=!4m7!3m6!1s0x7c071c1bb6933de9:0xe7497b2a714ff18f!8m2!3d21.957857!4d-159.3915869!16s%2Fg%2F1yglpdbpv!19sChIJ6T2TthscB3wRj_FPcSp7Sec?authuser=0&hl=en&rclk=1,auto repair shop,Kauai County,county,HI,2026-07-24T03:28:20,0x7c071c1bb6933de9:0xe7497b2a714ff18f
D & W Services,(808) 245-2308,,,"2989 Aukele St, Lihue, HI 96766, United States",2989 Aukele St,Lihue,HI,96766,4.8,49,Car inspection station,,,https://www.google.com/maps/place/D+%26+W+Services/data=!4m7!3m6!1s0x7c071eeb7ac36355:0xfaa1f352e9b770aa!8m2!3d21.9658066!4d-159.3569654!16s%2Fg%2F1w2yznyt!19sChIJVWPDeuseB3wRqnC36VLzofo?authuser=0&hl=en&rclk=1,auto repair shop,Kauai County,county,HI,2026-07-16T10:27:06,0x7c071eeb7ac36355:0xfaa1f352e9b770aa
Dandi's Service,(808) 245-3531,,,"3-4280 Kuhio Hwy, Lihue, HI 96766, United States",3-4280 Kuhio Hwy,Lihue,HI,96766,4.6,31,Mechanic,,,https://www.google.com/maps/place/Dandi%27s+Service/data=!4m7!3m6!1s0x7c071e4356c67ea5:0xb76b6b16b5d057b6!8m2!3d21.9947577!4d-159.3537394!16s%2Fg%2F1tl1j30j!19sChIJpX7GVkMeB3wRtlfQtRZra7c?authuser=0&hl=en&rclk=1,auto repair shop,Kauai County,county,HI,2026-07-24T03:28:20,0x7c071e4356c67ea5:0xb76b6b16b5d057b6
Destination Autoworks | Expert Automobiles Technicians,(808) 246-9700,https://destinationautoworks.com/,,"4490 Kolopa St, Lihue, HI 96766, United States",4490 Kolopa St,Lihue,HI,96766,4.7,160,Auto repair shop,,,https://www.google.com/maps/place/Destination+Autoworks+%7C+Expert+Automobiles+Technicians/data=!4m7!3m6!1s0x7c071c20a517b1ab:0x4d0034b26883736!8m2!3d21.9693356!4d-159.3839786!16s%2Fg%2F113dxtcfs!19sChIJq7EXpSAcB3wRNjeIJksD0AQ?authuser=0&hl=en&rclk=1,auto repair shop,Kauai County,county,HI,2026-07-24T03:28:20,0x7c071c20a517b1ab:0x4d0034b26883736
GM Autowerx,(808) 212-1299,https://www.gmautowerx.com/,,"1824 Haleukana St Bldg 2, Unit 2-102, Lihue, HI 96766, United States","1824 Haleukana St Bldg 2, Unit 2-102",Lihue,HI,96766,5.0,3,Oil change service,,,https://www.google.com/maps/place/GM+Autowerx/data=!4m7!3m6!1s0x7c071d9b8b5c9bd7:0x7d31117f5b4d2cd!8m2!3d21.9572202!4d-159.393427!16s%2Fg%2F11yhlytslk!19sChIJ15tci5sdB3wRzdK09RcR0wc?authuser=0&hl=en&rclk=1,auto repair shop,Kauai County,county,HI,2026-07-24T03:28:20,0x7c071d9b8b5c9bd7:0x7d31117f5b4d2cd
H-Costa's Auto Repair,(808) 245-6418,,,"3009 Peleke St, Lihue, HI 96766, United States",3009 Peleke St,Lihue,HI,96766,3.0,2,Car repair and maintenance service,,,https://www.google.com/maps/place/H-Costa%27s+Auto+Repair/data=!4m7!3m6!1s0x7c071c1ba66178ef:0xcb4d2a8943a51b9!8m2!3d21.9666702!4d-159.3562136!16s%2Fg%2F1tdylf3p!19sChIJ73hhphscB3wRuVE6lKjStAw?authuser=0&hl=en&rclk=1,auto repair shop,Kauai County,county,HI,2026-07-24T03:28:20,0x7c071c1ba66178ef:0xcb4d2a8943a51b9
Harbor Motors Service,(808) 320-7282,http://www.harbormotorsservice.com/,,"3371 Wilcox Rd #108, Lihue, HI 96766, United States",3371 Wilcox Rd #108,Lihue,HI,96766,4.9,173,Auto repair shop,,,https://www.google.com/maps/place/Harbor+Motors+Service/data=!4m7!3m6!1s0x7c071eea018a795d:0xae3d1443f2654216!8m2!3d21.9575058!4d-159.3565611!16s%2Fg%2F119wz31m3!19sChIJXXmKAeoeB3wRFkJl8kMUPa4?authuser=0&hl=en&rclk=1,auto repair shop,Kauai County,county,HI,2026-07-24T03:28:20,0x7c071eea018a795d:0xae3d1443f2654216
Island Cars - Discount Car Rental,(808) 246-6000,https://sites.google.com/view/islandcars-discount-car-rental,,"2983 Aukele St, Lihue, HI 96766, United States",2983 Aukele St,Lihue,HI,96766,4.8,1368,Car rental agency,,,https://www.google.com/maps/place/Island+Cars+-+Discount+Car+Rental/data=!4m7!3m6!1s0x7c071eeb70fa8279:0xb8336d4ad6d0907b!8m2!3d21.9656212!4d-159.3566827!16s%2Fg%2F1tdmq86v!19sChIJeYL6cOseB3wRe5DQ1kptM7g?authuser=0&hl=en&rclk=1,auto repair shop,Kauai County,county,HI,2026-07-16T10:27:06,0x7c071eeb70fa8279:0xb8336d4ad6d0907b
JBS Repair LLC,(808) 241-7000,,,"3148 Oihana St Bay 12, Lihue, HI 96766, United States",3148 Oihana St Bay 12,Lihue,HI,96766,5.0,19,Auto repair shop,,,https://www.google.com/maps/place/JBS+Repair+LLC/data=!4m7!3m6!1s0x7c071fb763cbebe9:0x31a8a879e039b83c!8m2!3d21.9690187!4d-159.3574845!16s%2Fg%2F11gl31b502!19sChIJ6evLY7cfB3wRPLg54HmoqDE?authuser=0&hl=en&rclk=1,auto repair shop,Kauai County,county,HI,2026-07-24T03:28:20,0x7c071fb763cbebe9:0x31a8a879e039b83c
KQ Speedie Lube 2 LLC,(808) 245-9485,http://www.kqspeedielube2.com/,,"3148 Oihana St Bay 6, Lihue, HI 96766, United States",3148 Oihana St Bay 6,Lihue,HI,96766,4.7,132,Oil change service,,,https://www.google.com/maps/place/KQ+Speedie+Lube+2+LLC/data=!4m7!3m6!1s0x7c071eece455cde9:0xfefe6692256b8be6!8m2!3d21.969008!4d-159.35744!16s%2Fg%2F11fxvhss4m!19sChIJ6c1V5OweB3wR5otrJZJm_v4?authuser=0&hl=en&rclk=1,auto repair shop,Kauai County,county,HI,2026-07-24T03:28:20,0x7c071eece455cde9:0xfefe6692256b8be6
Kaua'i County Maintenance Shop,(808) 241-6625,,,"2820 Wehe Rd, Lihue, HI 96766, United States",2820 Wehe Rd,Lihue,HI,96766,,,County government office,,,https://www.google.com/maps/place/Kaua%27i+County+Maintenance+Shop/data=!4m7!3m6!1s0x7c071e9c94bac0bd:0xc0595c627b476ff!8m2!3d21.9721118!4d-159.3739545!16s%2Fg%2F1thvsxx9!19sChIJvcC6lJweB3wR_3a0J8aVBQw?authuser=0&hl=en&rclk=1,auto repair shop,Kauai County,county,HI,2026-07-24T03:28:20,0x7c071e9c94bac0bd:0xc0595c627b476ff
Kaua'i Vehicle Service Center,(808) 246-6711,http://kauaivehicleservicecenter.com/,,"3124 Peleke St, Lihue, HI 96766, United States",3124 Peleke St,Lihue,HI,96766,4.5,20,Auto repair shop,,,https://www.google.com/maps/place/Kaua%27i+Vehicle+Service+Center/data=!4m7!3m6!1s0x7c071eec326ea637:0xb587d2ae159d741f!8m2!3d21.968593!4d-159.3540545!16s%2Fg%2F1tt1hfb5!19sChIJN6ZuMuweB3wRH3SdFa7Sh7U?authuser=0&hl=en&rclk=1,auto repair shop,Kauai County,county,HI,2026-07-24T03:28:20,0x7c071eec326ea637:0xb587d2ae159d741f
Kauai Auto Repair,(808) 353-6113,http://kauaiautorepair.com/,,"1629 Haleukana St, Lihue, HI 96766, United States",1629 Haleukana St,Lihue,HI,96766,4.9,466,Auto repair shop,,,https://www.google.com/maps/place/Kauai+Auto+Repair/data=!4m7!3m6!1s0x7c071c19fac6cf8f:0x69b39a96291f7094!8m2!3d21.9605349!4d-159.3943931!16s%2Fg%2F1td2h3gg!19sChIJj8_G-hkcB3wRlHAfKZaas2k?authuser=0&hl=en&rclk=1,auto repair shop,Kauai County,county,HI,2026-07-24T02:03:30,0x7c071c19fac6cf8f:0x69b39a96291f7094
Kauai Collision Center,(808) 246-4466,https://kauaicollisioncenter.com/,,"3156 Hoolako St, Lihue, HI 96766, United States",3156 Hoolako St,Lihue,HI,96766,4.9,67,Auto body shop,,,https://www.google.com/maps/place/Kauai+Collision+Center/data=!4m7!3m6!1s0x7c071e933f090ea5:0x620086eb492153d!8m2!3d21.971671!4d-159.357712!16s%2Fg%2F1ttdynvg!19sChIJpQ4JP5MeB3wRPRWStG4IIAY?authuser=0&hl=en&rclk=1,auto repair shop,Kauai County,county,HI,2026-07-24T03:28:20,0x7c071e933f090ea5:0x620086eb492153d
Kauai Premier Auto Repair,(808) 977-4633,,,"3988 Halau St, Lihue, HI 96766, United States",3988 Halau St,Lihue,HI,96766,4.9,476,Auto repair shop,,,https://www.google.com/maps/place/Kauai+Premier+Auto+Repair/data=!4m7!3m6!1s0x7c071f4a961b4363:0xc60cd8786cb30370!8m2!3d21.9705616!4d-159.3561506!16s%2Fg%2F11f9_k4z0t!19sChIJY0MblkofB3wRcAOzbHjYDMY?authuser=0&hl=en&rclk=1,auto repair shop,Kauai County,county,HI,2026-07-24T03:28:19,0x7c071f4a961b4363:0xc60cd8786cb30370
Kauai’s Professional Auto Detailing & Cleaning,(808) 977-4633,,,"3988 Halau St, Lihue, HI 96766, United States",3988 Halau St,Lihue,HI,96766,4.7,46,Car detailing service,,,https://www.google.com/maps/place/Kauai%E2%80%99s+Professional+Auto+Detailing+%26+Cleaning/data=!4m7!3m6!1s0x7c071fd10dff37a9:0xc03ee8438312c555!8m2!3d21.9705616!4d-159.3561506!16s%2Fg%2F11rj4gcp__!19sChIJqTf_DdEfB3wRVcUSg0PoPsA?authuser=0&hl=en&rclk=1,auto repair shop,Kauai County,county,HI,2026-07-24T03:28:20,0x7c071fd10dff37a9:0xc03ee8438312c555
KindaQuik Towing LLC,(808) 241-7845,http://www.kindaquiktowing.com/,,"3148 Oihana St Bay 4, Lihue, HI 96766, United States",3148 Oihana St Bay 4,Lihue,HI,96766,4.8,38,Towing service,,,https://www.google.com/maps/place/KindaQuik+Towing+LLC/data=!4m7!3m6!1s0x7c071eece6a25d3f:0xee4dce76f71bc5ba!8m2!3d21.9690187!4d-159.3574845!16s%2Fg%2F11cffc74x!19sChIJP12i5uweB3wRusUb93bOTe4?authuser=0&hl=en&rclk=1,auto repair shop,Kauai County,county,HI,2026-07-16T10:27:06,0x7c071eece6a25d3f:0xee4dce76f71bc5ba
King Auto Center,(808) 245-4788,https://www.kingautocenter.com/?utm_source=google&utm_medium=organic&utm_campaign=GMB,,"4330 Kukui Grove St, Lihue, HI 96766, United States",4330 Kukui Grove St,Lihue,HI,96766,4.7,1090,Car dealer,,,https://www.google.com/maps/place/King+Auto+Center/data=!4m7!3m6!1s0x7c071e9b96a44eed:0xf249cf4ccc42fa30!8m2!3d21.9703296!4d-159.3759686!16s%2Fg%2F1td0ypkt!19sChIJ7U6klpseB3wRMPpCzEzPSfI?authuser=0&hl=en&rclk=1,auto repair shop,Kauai County,county,HI,2026-07-24T03:28:20,0x7c071e9b96a44eed:0xf249cf4ccc42fa30
Kuhio Collision Center,(808) 245-3673,http://www.kuhioautogroup.com/,,"3050 Hoolako St, Lihue, HI 96766, United States",3050 Hoolako St,Lihue,HI,96766,3.0,2,Auto body shop,,,https://www.google.com/maps/place/Kuhio+Collision+Center/data=!4m7!3m6!1s0x7c071fb556ea8737:0x779355916d1c105b!8m2!3d21.9692474!4d-159.3591681!16s%2Fg%2F11fw5l4rrt!19sChIJN4fqVrUfB3wRWxAcbZFVk3c?authuser=0&hl=en&rclk=1,auto repair shop,Kauai County,county,HI,2026-07-16T10:27:06,0x7c071fb556ea8737:0x779355916d1c105b
Kuhio Ford Service,(808) 245-3673,http://www.kuhioford.com/,,"3050 Hoolako St, Lihue, HI 96766, United States",3050 Hoolako St,Lihue,HI,96766,3.0,2,Auto repair shop,,,https://www.google.com/maps/place/Kuhio+Ford+Service/data=!4m7!3m6!1s0x7c071f19df88f173:0xb30f6c2c8d9cbbb6!8m2!3d21.9692474!4d-159.3591681!16s%2Fg%2F11fwxrs5x1!19sChIJc_GI3xkfB3wRtrucjSxsD7M?authuser=0&hl=en&rclk=1,auto repair shop,Kauai County,county,HI,2026-07-24T03:28:20,0x7c071f19df88f173:0xb30f6c2c8d9cbbb6
Kuhio Hyundai Service,(808) 245-3673,http://www.kuhiohyundai.com/,,"3019 Aukele St, Lihue, HI 96766, United States",3019 Aukele St,Lihue,HI,96766,5.0,1,Auto repair shop,,,https://www.google.com/maps/place/Kuhio+Hyundai+Service/data=!4m7!3m6!1s0x7c071f43bf4d59a3:0x2c04c41be8fea008!8m2!3d21.9671133!4d-159.3569451!16s%2Fg%2F11hkm5mn15!19sChIJo1lNv0MfB3wRCKD-6BvEBCw?authuser=0&hl=en&rclk=1,auto repair shop,Kauai County,county,HI,2026-07-16T10:27:06,0x7c071f43bf4d59a3:0x2c04c41be8fea008
Kuhio Nissan Service,(808) 245-6731,https://www.kuhionissan.com/,,"3039 Aukele St, Lihue, HI 96766, United States",3039 Aukele St,Lihue,HI,96766,4.6,8,Auto repair shop,,,https://www.google.com/maps/place/Kuhio+Nissan+Service/data=!4m7!3m6!1s0x7c071eeced7e72f1:0x53f2b823404fec1!8m2!3d21.9680387!4d-159.3570585!16s%2Fg%2F11fy_qcwf6!19sChIJ8XJ-7eweB3wRwf4ENIIrPwU?authuser=0&hl=en&rclk=1,auto repair shop,Kauai County,county,HI,2026-07-24T03:28:20,0x7c071eeced7e72f1:0x53f2b823404fec1
Morales Auto Workshop,(808) 635-2264,,,"3-4051 Kuhio Hwy # A, Lihue, HI 96766, United States",3-4051 Kuhio Hwy # A,Lihue,HI,96766,5.0,6,Auto body shop,,,https://www.google.com/maps/place/Morales+Auto+Workshop/data=!4m7!3m6!1s0x7c071e43315cbdd7:0x62a310ec6b399095!8m2!3d21.9949457!4d-159.355247!16s%2Fg%2F1vc6dmf4!19sChIJ171cMUMeB3wRlZA5a-wQo2I?authuser=0&hl=en&rclk=1,auto repair shop,Kauai County,county,HI,2026-07-24T03:28:20,0x7c071e43315cbdd7:0x62a310ec6b399095
Ohana Motors,(808) 245-4003,http://www.ohanamotors.com/,,"2391 Ulu Maika St, Lihue, HI 96766, United States",2391 Ulu Maika St,Lihue,HI,96766,5.0,1014,Used car dealer,,,https://www.google.com/maps/place/Ohana+Motors/data=!4m7!3m6!1s0x7c071c2085156657:0x212c93186fea3a91!8m2!3d21.9675956!4d-159.3839227!16s%2Fg%2F1td1q2k8!19sChIJV2YVhSAcB3wRkTrqbxiTLCE?authuser=0&hl=en&rclk=1,auto repair shop,Kauai County,county,HI,2026-07-16T10:27:06,0x7c071c2085156657:0x212c93186fea3a91
P S & D Tires,(808) 245-9502,https://psdtires.com/,,"4004 Rice St, Lihue, HI 96766, United States",4004 Rice St,Lihue,HI,96766,4.5,51,Tire shop,,,https://www.google.com/maps/place/P+S+%26+D+Tires/data=!4m7!3m6!1s0x7c071eecc4971cf9:0x66a5cfeda8193140!8m2!3d21.9685712!4d-159.3581364!16s%2Fg%2F1hc764lsp!19sChIJ-RyXxOweB3wRQDEZqO3PpWY?authuser=0&hl=en&rclk=1,auto repair shop,Kauai County,county,HI,2026-07-24T03:28:20,0x7c071eecc4971cf9:0x66a5cfeda8193140
Pineapple Express Kauai Car Rentals,(951) 906-6630,http://pineappleexpresskauaicarrentals.com/,,"3148 Oihana St Ste 15, Lihue, HI 96766, United States",3148 Oihana St Ste 15,Lihue,HI,96766,4.9,209,Car rental agency,,,https://www.google.com/maps/place/Pineapple+Express+Kauai+Car+Rentals/data=!4m7!3m6!1s0x442fb235a27025a9:0x8105c032c0e985e1!8m2!3d21.9687701!4d-159.3570886!16s%2Fg%2F11tbtrjr9z!19sChIJqSVwojWyL0QR4YXpwDLABYE?authuser=0&hl=en&rclk=1,auto repair shop,Kauai County,county,HI,2026-07-16T10:27:06,0x442fb235a27025a9:0x8105c032c0e985e1
Rey's Auto Repair,(808) 652-2061,,,"3-4051 Kuhio Hwy, Lihue, HI 96766, United States",3-4051 Kuhio Hwy,Lihue,HI,96766,4.6,10,Auto repair shop,,,https://www.google.com/maps/place/Rey%27s+Auto+Repair/data=!4m7!3m6!1s0x7c071e43315cbdd7:0xc4cec9252f18cd6b!8m2!3d21.9949706!4d-159.3552577!16s%2Fg%2F11cs3f_6zt!19sChIJ171cMUMeB3wRa80YLyXJzsQ?authuser=0&hl=en&rclk=1,auto repair shop,Kauai County,county,HI,2026-07-24T03:28:20,0x7c071e43315cbdd7:0xc4cec9252f18cd6b
SIXT Car Rental - Lihue Airport (LIH),(888) 749-8227,https://www.sixt.com/car-rental/usa/lihue/lihue-airport/?utm_source=google_business&utm_medium=organic&utm_campaign=Listings&c1=US&c2=lihue&c3=lihue-airport,,"3156 Oihana St, Lihue, HI 96766, United States",3156 Oihana St,Lihue,HI,96766,4.6,1356,Car rental agency,,,https://www.google.com/maps/place/SIXT+Car+Rental+-+Lihue+Airport+%28LIH%29/data=!4m7!3m6!1s0x7c071ff1b0cfda79:0x69da7e599741f6cb!8m2!3d21.9692658!4d-159.3578044!16s%2Fg%2F11s38ptnf6!19sChIJedrPsPEfB3wRy_ZBl1l-2mk?authuser=0&hl=en&rclk=1,auto repair shop,Kauai County,county,HI,2026-07-16T10:27:06,0x7c071ff1b0cfda79:0x69da7e599741f6cb
Servco Kauaʻi,(877) 292-9755,https://www.servcokauai.com/?utm_source=gmb&utm_medium=organic&utm_campaign=sk_dealership,,"2477 Ulu Maika St, Lihue, HI 96766, United States",2477 Ulu Maika St,Lihue,HI,96766,3.9,117,Car dealer,,,https://www.google.com/maps/place/Servco+Kaua%CA%BBi/data=!4m7!3m6!1s0x7c071e91e07dda57:0xf41281fe2b7865fe!8m2!3d21.9694199!4d-159.383224!16s%2Fg%2F1w4f89y1!19sChIJV9p94JEeB3wR_mV4K_6BEvQ?authuser=0&hl=en&rclk=1,auto repair shop,Kauai County,county,HI,2026-07-16T10:27:06,0x7c071e91e07dda57:0xf41281fe2b7865fe
Service Center - Kuhio Auto Group,(808) 245-0500,https://www.kuhioautogroup.com/ServiceApptForm?utm_source=google&utm_medium=organic&utm_campaign=gbp_service_websitelink,,"3033 Aukele St, Lihue, HI 96766, United States",3033 Aukele St,Lihue,HI,96766,1.0,1,Auto repair shop,,,https://www.google.com/maps/place/Service+Center+-+Kuhio+Auto+Group/data=!4m7!3m6!1s0x7c071f2c554fbc87:0x366a8fb05269eb21!8m2!3d21.9676957!4d-159.3571516!16s%2Fg%2F11ldv_vnq8!19sChIJh7xPVSwfB3wRIetpUrCPajY?authuser=0&hl=en&rclk=1,auto repair shop,Kauai County,county,HI,2026-07-16T10:27:06,0x7c071f2c554fbc87:0x366a8fb05269eb21
Service Center at Aloha Kia Kauai,(808) 650-5587,https://www.alohakiakauai.com/schedule-service.htm,,"4359 Pahee St, Lihue, HI 96766, United States",4359 Pahee St,Lihue,HI,96766,4.4,24,Car repair and maintenance service,,,https://www.google.com/maps/place/Service+Center+at+Aloha+Kia+Kauai/data=!4m7!3m6!1s0x7c071d9f9dc91a1d:0x8182e26799ed78d2!8m2!3d21.9672156!4d-159.3849237!16s%2Fg%2F11vcvt8gc5!19sChIJHRrJnZ8dB3wR0njtmWfigoE?authuser=0&hl=en&rclk=1,auto repair shop,Kauai County,county,HI,2026-07-24T03:28:20,0x7c071d9f9dc91a1d:0x8182e26799ed78d2
Street Image,(808) 245-6288,,,"2995 Aukele St, Lihue, HI 96766, United States",2995 Aukele St,Lihue,HI,96766,4.8,60,Auto repair shop,,,https://www.google.com/maps/place/Street+Image/data=!4m7!3m6!1s0x7c071eeb7c457fcb:0xf09f5e2b0119faa8!8m2!3d21.9660334!4d-159.3570191!16s%2Fg%2F11cn5xd6wk!19sChIJy39FfOseB3wRqPoZASten_A?authuser=0&hl=en&rclk=1,auto repair shop,Kauai County,county,HI,2026-07-24T03:28:20,0x7c071eeb7c457fcb:0xf09f5e2b0119faa8
Tire Warehouse Kauai,(808) 245-6754,http://tirewarehousekauai.com/,,"3028 Aukele St, Lihue, HI 96766, United States",3028 Aukele St,Lihue,HI,96766,4.5,311,Tire shop,,,https://www.google.com/maps/place/Tire+Warehouse+Kauai/data=!4m7!3m6!1s0x7c071eec8bfb0bd5:0xbbc7271db88ed5f6!8m2!3d21.9673692!4d-159.3564581!16s%2Fg%2F1tj4yy6p!19sChIJ1Qv7i-weB3wR9tWOuB0nx7s?authuser=0&hl=en&rclk=1,auto repair shop,Kauai County,county,HI,2026-07-24T03:28:20,0x7c071eec8bfb0bd5:0xbbc7271db88ed5f6
Tires Today Kauai,(808) 479-7757,https://www.b2btires.com/,,"1821 Leleiona St Suite 101, Lihue, HI 96766, United States",1821 Leleiona St Suite 101,Lihue,HI,96766,,,Tire shop,,,https://www.google.com/maps/place/Tires+Today+Kauai/data=!4m7!3m6!1s0x7c071d5f393ee315:0xda00d86fb6a932c0!8m2!3d21.9630888!4d-159.3962938!16s%2Fg%2F11xd2f150h!19sChIJFeM-OV8dB3wRwDKptm_YANo?authuser=0&hl=en&rclk=1,auto repair shop,Kauai County,county,HI,2026-07-24T03:28:20,0x7c071d5f393ee315:0xda00d86fb6a932c0
Twins Fast Lube,(808) 245-6000,https://twinfastlube.com/,,"3030 Peleke St, Lihue, HI 96766, United States",3030 Peleke St,Lihue,HI,96766,4.9,342,Oil change service,,,https://www.google.com/maps/place/Twins+Fast+Lube/data=!4m7!3m6!1s0x7c071bda6b849c81:0x24e36190baacc0dc!8m2!3d21.9663876!4d-159.3555222!16s%2Fg%2F11lq0nf6s7!19sChIJgZyEa9obB3wR3MCsupBh4yQ?authuser=0&hl=en&rclk=1,auto repair shop,Kauai County,county,HI,2026-07-16T10:27:06,0x7c071bda6b849c81:0x24e36190baacc0dc
Wayne's Enterprises,(808) 246-6673,,,"4421 Pahee St, Lihue, HI 96766, United States",4421 Pahee St,Lihue,HI,96766,5.0,6,Truck repair shop,,,https://www.google.com/maps/place/Wayne%27s+Enterprises/data=!4m7!3m6!1s0x7c071eec87d91193:0xb7d2f9c46a13c27d!8m2!3d21.9685318!4d-159.3847933!16s%2Fg%2F1td53nb0!19sChIJkxHZh-weB3wRfcITasT50rc?authuser=0&hl=en&rclk=1,auto repair shop,Kauai County,county,HI,2026-07-24T03:28:20,0x7c071eec87d91193:0xb7d2f9c46a13c27d
WebsterMechanicsLLC,(808) 212-5580,,,"4036 Pulapula Pl, Lihue, HI 96766, United States",4036 Pulapula Pl,Lihue,HI,96766,5.0,5,Auto repair shop,,,https://www.google.com/maps/place/WebsterMechanicsLLC/data=!4m7!3m6!1s0x7c071f78eea436bd:0x8d5f39a8d1d5ea73!8m2!3d21.9677603!4d-159.3605402!16s%2Fg%2F11y05xyh6w!19sChIJvTak7ngfB3wRc-rV0ag5X40?authuser=0&hl=en&rclk=1,auto repair shop,Kauai County,county,HI,2026-07-24T03:28:20,0x7c071f78eea436bd:0x8d5f39a8d1d5ea73
Five-O Motors,(808) 850-0935,https://hawaii.usmc-mccs.org/services/five-o-motors,,"Bldg, 3097 2nd St, MCBH, HI 96863, United States","Bldg, 3097 2nd St",MCBH,HI,96863,4.1,150,Auto repair shop,,,https://www.google.com/maps/place/Five-O+Motors/data=!4m7!3m6!1s0x7c0015528c95548f:0xafd4cb2760f1d5c5!8m2!3d21.4407809!4d-157.7590628!16s%2Fg%2F11cly7w36y!19sChIJj1SVjFIVAHwRxdXxYCfL1K8?authuser=0&hl=en&rclk=1,auto repair shop,Kailua,city,HI,2026-07-16T10:55:48,0x7c0015528c95548f:0xafd4cb2760f1d5c5
360 Automotive LLC,(808) 357-8544,,,"3411 Old Haleakala Hwy, Makawao, HI 96768, United States",3411 Old Haleakala Hwy,Makawao,HI,96768,4.3,6,Auto repair shop,,,https://www.google.com/maps/place/360+Automotive+LLC/data=!4m7!3m6!1s0x7954cc7f264ed1fb:0x70f467ce74f24bf6!8m2!3d20.8344654!4d-156.3342989!16s%2Fg%2F11cn7k539c!19sChIJ-9FOJn_MVHkR9kvydM5n9HA?authuser=0&hl=en&rclk=1,auto repair shop,Kalawao County,county,HI,2026-07-24T03:17:13,0x7954cc7f264ed1fb:0x70f467ce74f24bf6
Cool Care Auto Maui,(808) 319-7047,https://coolcareauto.com/,,"270 Makani Rd, Makawao, HI 96768, United States",270 Makani Rd,Makawao,HI,96768,5.0,9,Auto air conditioning service,,,https://www.google.com/maps/place/Cool+Care+Auto+Maui/data=!4m7!3m6!1s0x230c04660edf23fb:0x6f8e6d98fde1449f!8m2!3d20.8501926!4d-156.3252239!16s%2Fg%2F11lcqs3bw2!19sChIJ-yPfDmYEDCMRn0Th_Zhtjm8?authuser=0&hl=en&rclk=1,auto repair shop,Maui County,county,HI,2026-07-24T02:15:52,0x230c04660edf23fb:0x6f8e6d98fde1449f
Oil Change Near Me (Maui Automotive Repair & Service LLC),(808) 298-6457,http://ocnm.us/,,"Old Haleakala Hwy, Makawao, HI 96768, United States",Old Haleakala Hwy,Makawao,HI,96768,4.9,19,Oil change service,,,https://www.google.com/maps/place/Oil+Change+Near+Me+%28Maui+Automotive+Repair+%26+Service+LLC%29/data=!4m7!3m6!1s0x7954cc796a47f4e7:0x31f87835c8f34863!8m2!3d20.8372617!4d-156.3382514!16s%2Fg%2F11hcbf_8n8!19sChIJ5_RHannMVHkRY0jzyDV4-DE?authuser=0&hl=en&rclk=1,auto repair shop,Maui County,county,HI,2026-07-24T03:32:32,0x7954cc796a47f4e7:0x31f87835c8f34863
Kaʻu Auto Repair,(808) 929-9096,http://www.napaonline.com/FindLocation/find-a-location.aspx?target=autocare,,"95-1178 Ka'alaiki Rd, Naalehu, HI 96772, United States",95-1178 Ka'alaiki Rd,Naalehu,HI,96772,4.7,182,Auto repair shop,,,https://www.google.com/maps/place/Ka%CA%BBu+Auto+Repair/data=!4m7!3m6!1s0x795143f8239c696f:0xf813c484b0c3ca68!8m2!3d19.0624595!4d-155.5867266!16s%2Fg%2F1tf81t6c!19sChIJb2mcI_hDUXkRaMrDsITEE_g?authuser=0&hl=en&rclk=1,auto repair shop,Hawaii County,county,HI,2026-07-24T03:06:10,0x795143f8239c696f:0xf813c484b0c3ca68
Mobile Diagnostic Hawaii,(808) 300-2351,,,"92-1853 Coral Pkwy, Ocean View, HI 96704, United States",92-1853 Coral Pkwy,Ocean View,HI,96704,3.3,7,Mechanic,,,https://www.google.com/maps/place/Mobile+Diagnostic+Hawaii/data=!4m7!3m6!1s0x7951498996f3a461:0xc7de67bf2d314b2d!8m2!3d19.1018149!4d-155.7568269!16s%2Fg%2F11p4wzqvg1!19sChIJYaTzlolJUXkRLUsxLb9n3sc?authuser=0&hl=en&rclk=1,auto repair shop,Hawaii County,county,HI,2026-07-16T09:59:32,0x7951498996f3a461:0xc7de67bf2d314b2d
oceanview auto repair,(808) 217-6079,,,"92-1297 Prince Kuhio Blvd, Ocean View, HI 96737, United States",92-1297 Prince Kuhio Blvd,Ocean View,HI,96737,5.0,6,Auto repair shop,,,https://www.google.com/maps/place/oceanview+auto+repair/data=!4m7!3m6!1s0x79514bd1fdf92d23:0x8505398c3be07cc3!8m2!3d19.0824338!4d-155.7774768!16s%2Fg%2F11xt2l1bdr!19sChIJIy35_dFLUXkRw3zgO4w5BYU?authuser=0&hl=en&rclk=1,auto repair shop,Hawaii County,county,HI,2026-07-24T01:53:14,0x79514bd1fdf92d23:0x8505398c3be07cc3
"K&K AUTO REPAIR, LLC.",(808) 264-4974,,,"519 Pahika St, Paia, HI 96779, United States",519 Pahika St,Paia,HI,96779,5.0,1,Auto repair shop,,,"https://www.google.com/maps/place/K%26K+AUTO+REPAIR,+LLC./data=!4m7!3m6!1s0x7eab3328d5866027:0xc03b15fc29df9dd9!8m2!3d20.9023973!4d-156.3738169!16s%2Fg%2F11ckr6165s!19sChIJJ2CG1Sgzq34R2Z3fKfwVO8A?authuser=0&hl=en&rclk=1",auto repair shop,Maui County,county,HI,2026-07-24T02:15:52,0x7eab3328d5866027:0xc03b15fc29df9dd9
(808) THE-SHOP,(808) 843-7467,https://808theshop.com/contact/,,"719 Kamehameha Hwy, Pearl City, HI 96782, United States",719 Kamehameha Hwy,Pearl City,HI,96782,,,,,,https://www.google.com/maps/place/%28808%29+THE-SHOP/data=!4m7!3m6!1s0x7c00660867bf36d5:0xfea013dca9bc422e!8m2!3d21.3912481!4d-157.9656624!16s%2Fg%2F11wy3w28pt!19sChIJ1Ta_ZwhmAHwRLkK8qdwToP4?authuser=0&hl=en&rclk=1,auto repair shop,Pearl City,city,HI,2026-07-24T04:04:00,0x7c00660867bf36d5:0xfea013dca9bc422e
3wm auto repair,(808) 384-2886,,,"96-1272 Waihona St Unit 14, Pearl City, HI 96782, United States",96-1272 Waihona St Unit 14,Pearl City,HI,96782,,,Auto repair shop,,,https://www.google.com/maps/place/3wm+auto+repair/data=!4m7!3m6!1s0x7c0067e6bb257121:0x2d717b30ff4fe9f3!8m2!3d21.409981!4d-157.9760299!16s%2Fg%2F11xv14p0m4!19sChIJIXElu-ZnAHwR8-lP_zB7cS0?authuser=0&hl=en&rclk=1,auto repair shop,Pearl City,city,HI,2026-07-24T04:04:00,0x7c0067e6bb257121:0x2d717b30ff4fe9f3
"808 Lift Tech, LLC",(808) 500-4547,https://808_lift_tech.com/,,"1213 Hoʻolauleʻa St, Pearl City, HI 96782, United States",1213 Hoʻolauleʻa St,Pearl City,HI,96782,,,Auto repair shop,,,"https://www.google.com/maps/place/808+Lift+Tech,+LLC/data=!4m7!3m6!1s0x7c00673ef82fbd57:0x5f29df8483553f9d!8m2!3d21.3962365!4d-157.9663165!16s%2Fg%2F11xv0wmbk4!19sChIJV70v-D5nAHwRnT9Vg4TfKV8?authuser=0&hl=en&rclk=1",auto repair shop,Pearl City,city,HI,2026-07-24T04:04:00,0x7c00673ef82fbd57:0x5f29df8483553f9d
AMG Tire and Alignment,(808) 799-9420,,,"719 Kamehameha Hwy, Pearl City, HI 96782, United States",719 Kamehameha Hwy,Pearl City,HI,96782,4.7,14,Wheel alignment service,,,https://www.google.com/maps/place/AMG+Tire+and+Alignment/data=!4m7!3m6!1s0x7c00674cd4a2172f:0x7d8ed64d7f0d41a5!8m2!3d21.391746!4d-157.9653115!16s%2Fg%2F11s1884c00!19sChIJLxei1ExnAHwRpUENf03Wjn0?authuser=0&hl=en&rclk=1,auto repair shop,Pearl City,city,HI,2026-07-24T04:04:00,0x7c00674cd4a2172f:0x7d8ed64d7f0d41a5
All Island Automotive Towing,(808) 682-0770,,,"96-1268 Waihona St, Pearl City, HI 96782, United States",96-1268 Waihona St,Pearl City,HI,96782,1.8,232,Towing service,,,https://www.google.com/maps/place/All+Island+Automotive+Towing/data=!4m7!3m6!1s0x7c005df3fd4b8851:0x96fb47d77b7c99fa!8m2!3d21.4103237!4d-157.9773149!16s%2Fg%2F1tdgkgsn!19sChIJUYhL_fNdAHwR-pl8e9dH-5Y?authuser=0&hl=en&rclk=1,auto repair shop,Pearl City,city,HI,2026-07-24T04:04:00,0x7c005df3fd4b8851:0x96fb47d77b7c99fa
Aparis Auto Empire,(808) 636-9829,http://aparisautoempire.wixsite.com/aparisautoempire,,"2339 Akalakala St, Pearl City, HI 96782, United States",2339 Akalakala St,Pearl City,HI,96782,5.0,1,Auto body shop,,,https://www.google.com/maps/place/Aparis+Auto+Empire/data=!4m7!3m6!1s0x7c0069535bbacecb:0x275f98cb13e5ab94!8m2!3d21.4296423!4d-157.9516055!16s%2Fg%2F11rsq_wqfn!19sChIJy866W1NpAHwRlKvlE8uYXyc?authuser=0&hl=en&rclk=1,auto repair shop,Pearl City,city,HI,2026-07-24T04:04:00,0x7c0069535bbacecb:0x275f98cb13e5ab94
Auto Cats Hawaii,(808) 670-5754,,,"96-1272 Waihona St Unit 9, Pearl City, HI 96782, United States",96-1272 Waihona St Unit 9,Pearl City,HI,96782,4.9,24,Used tire shop,,,https://www.google.com/maps/place/Auto+Cats+Hawaii/data=!4m7!3m6!1s0x7c0063fbffd1c233:0x3ea17e70054ef617!8m2!3d21.4100329!4d-157.9760594!16s%2Fg%2F11q2st43fz!19sChIJM8LR__tjAHwRF_ZOBXB-oT4?authuser=0&hl=en&rclk=1,auto repair shop,Pearl City,city,HI,2026-07-24T04:04:00,0x7c0063fbffd1c233:0x3ea17e70054ef617
Automotive Emporium Hawaii,(808) 954-1600,,,"96-1185 Waihona St, Pearl City, HI 96782, United States",96-1185 Waihona St,Pearl City,HI,96782,4.3,3,Car detailing service,,,https://www.google.com/maps/place/Automotive+Emporium+Hawaii/data=!4m7!3m6!1s0x7c006e59377d6001:0x6b5f751402ddd37b!8m2!3d21.405202!4d-157.977421!16s%2Fg%2F11cnbyqf6q!19sChIJAWB9N1luAHwRe9PdAhR1X2s?authuser=0&hl=en&rclk=1,auto repair shop,Pearl City,city,HI,2026-07-24T02:52:32,0x7c006e59377d6001:0x6b5f751402ddd37b
Classic Bodyworks,(808) 455-8853,http://www.classicbodyworkshawaii.com/,,"96-1372 Waihona St, Pearl City, HI 96782, United States",96-1372 Waihona St,Pearl City,HI,96782,4.6,67,Auto body shop,,,https://www.google.com/maps/place/Classic+Bodyworks/data=!4m7!3m6!1s0x7c00663e232eb1d1:0x4b6138f65a8bb262!8m2!3d21.4130993!4d-157.9719086!16s%2Fg%2F1tmxfs6z!19sChIJ0bEuIz5mAHwRYrKLWvY4YUs?authuser=0&hl=en&rclk=1,auto repair shop,Pearl City,city,HI,2026-07-24T04:04:00,0x7c00663e232eb1d1:0x4b6138f65a8bb262
Cutter Chrysler Dodge Jeep Ram Of Pearl City,(808) 435-7046,https://www.cutterdodgechryslerjeepofpearlcity.com/?utm_source=google&utm_medium=organic&utm_campaign=gbp&utm_term=gbp,,"905 Kamehameha Hwy, Pearl City, HI 96782, United States",905 Kamehameha Hwy,Pearl City,HI,96782,4.1,717,Car dealer,,,https://www.google.com/maps/place/Cutter+Chrysler+Dodge+Jeep+Ram+Of+Pearl+City/data=!4m7!3m6!1s0x7c00660bdb8534d3:0xe8fd203cfd785bee!8m2!3d21.3935988!4d-157.9711121!16s%2Fg%2F1tg_lvjc!19sChIJ0zSF2wtmAHwR7lt4_Twg_eg?authuser=0&hl=en&rclk=1,auto repair shop,Pearl City,city,HI,2026-07-24T04:04:00,0x7c00660bdb8534d3:0xe8fd203cfd785bee
Cutter Chrysler Dodge Jeep Ram of Pearl City Service Center,(808) 774-3104,https://www.cutterpearlcitychryslerjeepdodgeram.com/service/?utm_source=google&utm_medium=organic&utm_campaign=google_my_business_service&utm_content=website_button,,"905 Kamehameha Hwy, Pearl City, HI 96782, United States",905 Kamehameha Hwy,Pearl City,HI,96782,2.5,24,Auto repair shop,,,https://www.google.com/maps/place/Cutter+Chrysler+Dodge+Jeep+Ram+of+Pearl+City+Service+Center/data=!4m7!3m6!1s0x7c0067123093d179:0x38faa3b62f545cd9!8m2!3d21.3934977!4d-157.9708535!16s%2Fg%2F11h7z6hr8_!19sChIJedGTMBJnAHwR2VxUL7aj-jg?authuser=0&hl=en&rclk=1,auto repair shop,Pearl City,city,HI,2026-07-24T04:04:00,0x7c0067123093d179:0x38faa3b62f545cd9
Detail Garage - Pearl City,(808) 773-7362,http://www.detailgarage.com/location,,"406 Kamehameha Hwy, Pearl City, HI 96782, United States",406 Kamehameha Hwy,Pearl City,HI,96782,4.8,185,Car accessories store,,,https://www.google.com/maps/place/Detail+Garage+-+Pearl+City/data=!4m7!3m6!1s0x7c006600bd7fa589:0x5cb7b773ae471925!8m2!3d21.3886923!4d-157.9568857!16s%2Fg%2F11d_tnv53f!19sChIJiaV_vQBmAHwRJRlHrnO3t1w?authuser=0&hl=en&rclk=1,auto repair shop,Pearl City,city,HI,2026-07-24T04:04:00,0x7c006600bd7fa589:0x5cb7b773ae471925
Elite Car Stereo & SECURITY,(808) 486-4707,,,"379 Kamehameha Hwy # A, Pearl City, HI 96782, United States",379 Kamehameha Hwy # A,Pearl City,HI,96782,4.0,51,Car stereo store,,,https://www.google.com/maps/place/Elite+Car+Stereo+%26+SECURITY/data=!4m7!3m6!1s0x7c0066009c26053f:0xe20664f1b4a6da2f!8m2!3d21.3876963!4d-157.9563917!16s%2Fg%2F1tfmj0jz!19sChIJPwUmnABmAHwRL9qmtPFkBuI?authuser=0&hl=en&rclk=1,auto repair shop,Pearl City,city,HI,2026-07-24T04:04:00,0x7c0066009c26053f:0xe20664f1b4a6da2f
GT Auto Tech Hawaii,(808) 829-8511,,,"719 Kamehameha Hwy w303, Pearl City, HI 96782, United States",719 Kamehameha Hwy w303,Pearl City,HI,96782,5.0,1,Auto repair shop,,,https://www.google.com/maps/place/GT+Auto+Tech+Hawaii/data=!4m7!3m6!1s0x7c0066086213531b:0xed2f009a4c68e9db!8m2!3d21.391746!4d-157.9653115!16s%2Fg%2F11ggskwm8q!19sChIJG1MTYghmAHwR2-loTJoAL-0?authuser=0&hl=en&rclk=1,auto repair shop,Pearl City,city,HI,2026-07-24T04:04:00,0x7c0066086213531b:0xed2f009a4c68e9db
Hawaii's Custom Cars,(808) 852-0549,,,"719 Kamehameha Hwy #305a, Pearl City, HI 96782, United States",719 Kamehameha Hwy #305a,Pearl City,HI,96782,5.0,8,Auto body shop,,,https://www.google.com/maps/place/Hawaii%27s+Custom+Cars/data=!4m7!3m6!1s0x7c00660861ff63fb:0xfcc2d063a111e83a!8m2!3d21.391746!4d-157.9653115!16s%2Fg%2F1tksnl2k!19sChIJ-2P_YQhmAHwROugRoWPQwvw?authuser=0&hl=en&rclk=1,auto repair shop,Pearl City,city,HI,2026-07-16T11:11:16,0x7c00660861ff63fb:0xfcc2d063a111e83a
Hokama Auto Repair,(808) 456-5500,http://www.hokamaauto.com/,,"1011 Lehua Ave, Pearl City, HI 96782, United States",1011 Lehua Ave,Pearl City,HI,96782,4.6,18,Auto repair shop,,,https://www.google.com/maps/place/Hokama+Auto+Repair/data=!4m7!3m6!1s0x7c0066097d4722db:0x52ffd8d42ac18aeb!8m2!3d21.3931195!4d-157.9702661!16s%2Fg%2F1tjt248q!19sChIJ2yJHfQlmAHwR64rBKtTY_1I?authuser=0&hl=en&rclk=1,auto repair shop,Pearl City,city,HI,2026-07-24T04:04:00,0x7c0066097d4722db:0x52ffd8d42ac18aeb
JSP Auto Audio,(808) 840-9446,http://www.jspautoaudio.com/,,"98-718 Moanalua Rd, Pearl City, HI 96782, United States",98-718 Moanalua Rd,Pearl City,HI,96782,4.9,51,Car stereo store,,,https://www.google.com/maps/place/JSP+Auto+Audio/data=!4m7!3m6!1s0x7c006f6c939a15fb:0xd03bfab1d5a319fd!8m2!3d21.3917411!4d-157.9554534!16s%2Fg%2F11btwtb0f0!19sChIJ-xWak2xvAHwR_Rmj1bH6O9A?authuser=0&hl=en&rclk=1,auto repair shop,Pearl City,city,HI,2026-07-24T04:04:00,0x7c006f6c939a15fb:0xd03bfab1d5a319fd
Like New Car Detailing,(808) 222-4582,https://www.likenewcardetailing.com/car-detailing-pearl-city?utm_source=gbp&utm_medium=organic&utm_campaign=gbp-listing&utm_content=like-new-car-detailing,,"96-1272 Waihona St Unit 13, Pearl City, HI 96782, United States",96-1272 Waihona St Unit 13,Pearl City,HI,96782,4.9,244,Car detailing service,,,https://www.google.com/maps/place/Like+New+Car+Detailing/data=!4m7!3m6!1s0x7c006569185cd0e1:0xcbd08614351c35ad!8m2!3d21.409976!4d-157.9760299!16s%2Fg%2F11ft9q_mb5!19sChIJ4dBcGGllAHwRrTUcNRSG0Ms?authuser=0&hl=en&rclk=1,auto repair shop,Pearl City,city,HI,2026-07-24T04:04:00,0x7c006569185cd0e1:0xcbd08614351c35ad
Like New Mobile Tire Service,(808) 809-9804,https://www.likenewcardetailing.com/mobile-tire-service-pearl-city?utm_campaign=gmb&utm_content=like-new-mobile-tire-service&utm_medium=organic&utm_source=gbp,,"96-1272 Waihona St Unit 13a, Pearl City, HI 96782, United States",96-1272 Waihona St Unit 13a,Pearl City,HI,96782,5.0,65,Tire shop,,,https://www.google.com/maps/place/Like+New+Mobile+Tire+Service/data=!4m7!3m6!1s0x7c0067cb133800cb:0x929c512a25531c84!8m2!3d21.4101716!4d-157.9762912!16s%2Fg%2F11xm2r4_l7!19sChIJywA4E8tnAHwRhBxTJSpRnJI?authuser=0&hl=en&rclk=1,auto repair shop,Pearl City,city,HI,2026-07-24T04:04:00,0x7c0067cb133800cb:0x929c512a25531c84
Maaco Auto Body Shop & Painting,(808) 600-3502,https://www.maaco.com/locations/hi/pearl-city-11909/?utm_source=google&utm_medium=organic&utm_campaign=gbp_website,,"98-746 Kuahao Pl, Pearl City, HI 96782, United States",98-746 Kuahao Pl,Pearl City,HI,96782,4.2,420,Auto body shop,,,https://www.google.com/maps/place/Maaco+Auto+Body+Shop+%26+Painting/data=!4m7!3m6!1s0x7c006601eecd785f:0xb4d5e3ba59a0d92f!8m2!3d21.3922592!4d-157.9536514!16s%2Fg%2F1tdqhpjk!19sChIJX3jN7gFmAHwRL9mgWbrj1bQ?authuser=0&hl=en&rclk=1,auto repair shop,Pearl City,city,HI,2026-07-24T04:04:00,0x7c006601eecd785f:0xb4d5e3ba59a0d92f
Mongoose Garage,(808) 859-3026,https://mongoosegarage.com/,,"96-1354 Waihona St E, Pearl City, HI 96782, United States",96-1354 Waihona St E,Pearl City,HI,96782,,,Auto body shop,,,https://www.google.com/maps/place/Mongoose+Garage/data=!4m7!3m6!1s0x7c0067bff928df81:0x66629d5aabe80f6e!8m2!3d21.4118852!4d-157.9723206!16s%2Fg%2F11x60s7jjz!19sChIJgd8o-b9nAHwRbg_oq1qdYmY?authuser=0&hl=en&rclk=1,auto repair shop,Pearl City,city,HI,2026-07-24T04:04:00,0x7c0067bff928df81:0x66629d5aabe80f6e
Oahu Battery Sales & Services,(808) 488-6531,,,"409 Kamehameha Hwy, Pearl City, HI 96782, United States",409 Kamehameha Hwy,Pearl City,HI,96782,4.7,12,Golf cart dealer,,,https://www.google.com/maps/place/Oahu+Battery+Sales+%26+Services/data=!4m7!3m6!1s0x7c006600a6cff8c7:0x1cb2e2e0df56e1a!8m2!3d21.3879366!4d-157.9572788!16s%2Fg%2F1tf75qxw!19sChIJx_jPpgBmAHwRGm71DS4uywE?authuser=0&hl=en&rclk=1,auto repair shop,Pearl City,city,HI,2026-07-24T02:52:32,0x7c006600a6cff8c7:0x1cb2e2e0df56e1a
Ohana Rc,(808) 726-2911,http://ohanarc.com/,,"941 Kamehameha Hwy Ste 105, Pearl City, HI 96782, United States",941 Kamehameha Hwy Ste 105,Pearl City,HI,96782,4.9,35,Hobby store,,,https://www.google.com/maps/place/Ohana+Rc/data=!4m7!3m6!1s0x7c006e5ac121f48d:0x3a0dad90575258db!8m2!3d21.3936644!4d-157.9722274!16s%2Fg%2F11fll64426!19sChIJjfQhwVpuAHwR21hSV5CtDTo?authuser=0&hl=en&rclk=1,auto repair shop,Pearl City,city,HI,2026-07-24T04:04:00,0x7c006e5ac121f48d:0x3a0dad90575258db
Oil Changers,(808) 456-4057,https://oilchangers.com/locations/hi/pearl-city-kamehameha-hwy/,,"826 Kamehameha Hwy, Pearl City, HI 96782, United States",826 Kamehameha Hwy,Pearl City,HI,96782,4.7,771,Oil change service,,,https://www.google.com/maps/place/Oil+Changers/data=!4m7!3m6!1s0x7c006609035ddf9d:0x6a4086e5ced91152!8m2!3d21.3934663!4d-157.9679985!16s%2Fg%2F12hvhrc06!19sChIJnd9dAwlmAHwRUhHZzuWGQGo?authuser=0&hl=en&rclk=1,auto repair shop,Pearl City,city,HI,2026-07-24T04:04:00,0x7c006609035ddf9d:0x6a4086e5ced91152
One Stop Auto Center,(808) 840-9895,https://onestop-autocenter.com/,,"98-259 Kaluamoi Pl, Pearl City, HI 96782, United States",98-259 Kaluamoi Pl,Pearl City,HI,96782,4.6,24,Auto repair shop,,,https://www.google.com/maps/place/One+Stop+Auto+Center/data=!4m7!3m6!1s0x7c0065c527528d2b:0x5a6bd8a232b2877!8m2!3d21.3874454!4d-157.9559049!16s%2Fg%2F11l2v5k_rr!19sChIJK41SJ8VlAHwRdygrI4q9pgU?authuser=0&hl=en&rclk=1,auto repair shop,Pearl City,city,HI,2026-07-24T04:04:00,0x7c0065c527528d2b:0x5a6bd8a232b2877
Pearl City Towing & Roadside Assistance,(808) 206-7224,https://pearlcitytowing.com/,,"1100 Makolu St, Pearl City, HI 96782, United States",1100 Makolu St,Pearl City,HI,96782,3.9,22,Towing service,,,https://www.google.com/maps/place/Pearl+City+Towing+%26+Roadside+Assistance/data=!4m7!3m6!1s0x7c0067b58d5591d7:0x1234bdf0574bc80!8m2!3d21.3988333!4d-157.9728205!16s%2Fg%2F11h8lgnwcv!19sChIJ15FVjbVnAHwRgLx0Bd9LIwE?authuser=0&hl=en&rclk=1,auto repair shop,Pearl City,city,HI,2026-07-24T04:04:00,0x7c0067b58d5591d7:0x1234bdf0574bc80
Pearl Harbor Transmission,(808) 485-8767,,,"391 Kamehameha Hwy, Pearl City, HI 96782, United States",391 Kamehameha Hwy,Pearl City,HI,96782,4.6,57,Transmission shop,,,https://www.google.com/maps/place/Pearl+Harbor+Transmission/data=!4m7!3m6!1s0x7c00660b678896ff:0xd62489310fc6b48a!8m2!3d21.3897701!4d-157.9572546!16s%2Fg%2F1tjynyd9!19sChIJ_5aIZwtmAHwRirTGDzGJJNY?authuser=0&hl=en&rclk=1,auto repair shop,Pearl City,city,HI,2026-07-24T04:04:00,0x7c00660b678896ff:0xd62489310fc6b48a
Perfect Ceramic Shine,(808) 366-8360,http://www.ceramicshine.com/,,"649 Kamehameha Hwy, Pearl City, HI 96782, United States",649 Kamehameha Hwy,Pearl City,HI,96782,4.8,44,Car detailing service,,,https://www.google.com/maps/place/Perfect+Ceramic+Shine/data=!4m7!3m6!1s0x7c006f5f8562edc9:0x440965d72abb8e78!8m2!3d21.3908746!4d-157.9637973!16s%2Fg%2F11v0crp29v!19sChIJye1ihV9vAHwReI67KtdlCUQ?authuser=0&hl=en&rclk=1,auto repair shop,Pearl City,city,HI,2026-07-24T04:04:00,0x7c006f5f8562edc9:0x440965d72abb8e78
R V Tech Automotive,(808) 847-8471,,,"402 Kamehameha Hwy, Pearl City, HI 96782, United States",402 Kamehameha Hwy,Pearl City,HI,96782,4.4,9,Auto repair shop,,,https://www.google.com/maps/place/R+V+Tech+Automotive/data=!4m7!3m6!1s0x7c006e8d143c1bdd:0x8fcdd52f207744a0!8m2!3d21.388534!4d-157.9563917!16s%2Fg%2F1v44qmtj!19sChIJ3Rs8FI1uAHwRoER3IC_VzY8?authuser=0&hl=en&rclk=1,auto repair shop,Pearl City,city,HI,2026-07-24T04:04:00,0x7c006e8d143c1bdd:0x8fcdd52f207744a0
Ray's Tinting,(808) 228-0166,,,"1423 Kaleilani St, Pearl City, HI 96782, United States",1423 Kaleilani St,Pearl City,HI,96782,5.0,95,Window tinting service,,,https://www.google.com/maps/place/Ray%27s+Tinting/data=!4m7!3m6!1s0x7c006622a743a9db:0x87d5f58f0f18e9e3!8m2!3d21.4037027!4d-157.96724!16s%2Fg%2F1td5xcj8!19sChIJ26lDpyJmAHwR4-kYD4_11Yc?authuser=0&hl=en&rclk=1,auto repair shop,Pearl City,city,HI,2026-07-24T04:04:00,0x7c006622a743a9db:0x87d5f58f0f18e9e3
Sam's Club Tire & Battery,(808) 456-7788,https://www.samsclub.com/club/6410-pearl-city-hi/tires,,"1000 Kamehameha Hwy, Pearl City, HI 96782, United States",1000 Kamehameha Hwy,Pearl City,HI,96782,3.3,49,Tire shop,,,https://www.google.com/maps/place/Sam%27s+Club+Tire+%26+Battery/data=!4m7!3m6!1s0x7c0066734ff4c343:0x4e13131e08a78da4!8m2!3d21.3964935!4d-157.9773689!16s%2Fg%2F1hf3gwjpv!19sChIJQ8P0T3NmAHwRpI2nCB4TE04?authuser=0&hl=en&rclk=1,auto repair shop,Pearl City,city,HI,2026-07-24T02:52:32,0x7c0066734ff4c343:0x4e13131e08a78da4
Scotty's Alignment & Brake Services,(808) 455-4488,,,"649 Kamehameha Hwy, Pearl City, HI 96782, United States",649 Kamehameha Hwy,Pearl City,HI,96782,4.7,94,Brake shop,,,https://www.google.com/maps/place/Scotty%27s+Alignment+%26+Brake+Services/data=!4m7!3m6!1s0x7c006607d1a0ce9f:0x9775746653e4c6b8!8m2!3d21.391019!4d-157.9635644!16s%2Fg%2F1vn18rcc!19sChIJn86g0QdmAHwRuMbkU2Z0dZc?authuser=0&hl=en&rclk=1,auto repair shop,Pearl City,city,HI,2026-07-24T04:04:00,0x7c006607d1a0ce9f:0x9775746653e4c6b8
Shea's Luxury Detail,(808) 232-6502,https://app.urable.com/virtual-shop/TtWapy2pKBVHtKVYPYX7,,"593 Kamehameha Hwy, Pearl City, HI 96782, United States",593 Kamehameha Hwy,Pearl City,HI,96782,4.9,233,Car detailing service,,,https://www.google.com/maps/place/Shea%27s+Luxury+Detail/data=!4m7!3m6!1s0x7c006e63729c83f5:0xa45d1974e2aedeff!8m2!3d21.3903548!4d-157.9622603!16s%2Fg%2F1tf2x_yy!19sChIJ9YOccmNuAHwR_96u4nQZXaQ?authuser=0&hl=en&rclk=1,auto repair shop,Pearl City,city,HI,2026-07-24T04:04:00,0x7c006e63729c83f5:0xa45d1974e2aedeff
Texaco,(808) 455-2000,https://www.texaco.com/,,"866 Kamehameha Hwy, Pearl City, HI 96782, United States",866 Kamehameha Hwy,Pearl City,HI,96782,3.9,8,Gas station,,,https://www.google.com/maps/place/Texaco/data=!4m7!3m6!1s0x7c0066095e2f33f9:0x22df3bdb30344b31!8m2!3d21.3937976!4d-157.9690969!16s%2Fg%2F1whdjkr_!19sChIJ-TMvXglmAHwRMUs0MNs73yI?authuser=0&hl=en&rclk=1,auto repair shop,Pearl City,city,HI,2026-07-24T04:04:00,0x7c0066095e2f33f9:0x22df3bdb30344b31
The SHOP,(808) 753-1225,http://808theshop.com/,,"950 Kamehameha #22 Highway, Pearl City, HI 96782, United States",950 Kamehameha #22 Highway,Pearl City,HI,96782,4.6,24,Auto repair shop,,,https://www.google.com/maps/place/The+SHOP/data=!4m7!3m6!1s0x7c006ebaaaaaaaab:0x8ffd540fd2231bc3!8m2!3d21.3951788!4d-157.97278!16s%2Fg%2F1tfydsv7!19sChIJq6qqqrpuAHwRwxsj0g9U_Y8?authuser=0&hl=en&rclk=1,auto repair shop,Pearl City,city,HI,2026-07-24T04:04:00,0x7c006ebaaaaaaaab:0x8ffd540fd2231bc3
TintGarage,(808) 343-4266,https://www.tintgaragehi.com/,,"719 Kamehameha Hwy Ste W304, Pearl City, HI 96782, United States",719 Kamehameha Hwy Ste W304,Pearl City,HI,96782,5.0,33,Window tinting service,,,https://www.google.com/maps/place/TintGarage/data=!4m7!3m6!1s0x7c00673aec4bb3f3:0x8ae7f50767edf08d!8m2!3d21.391263!4d-157.9656603!16s%2Fg%2F11vh_f65v3!19sChIJ87NL7DpnAHwRjfDtZwf154o?authuser=0&hl=en&rclk=1,auto repair shop,Pearl City,city,HI,2026-07-24T04:04:00,0x7c00673aec4bb3f3:0x8ae7f50767edf08d
Titanium Rim Repair,(808) 371-5842,,,"96-1272 Waihona St, Pearl City, HI 96782, United States",96-1272 Waihona St,Pearl City,HI,96782,4.3,51,Auto repair shop,,,https://www.google.com/maps/place/Titanium+Rim+Repair/data=!4m7!3m6!1s0x7c006614cdd45b7d:0x47a75119f03ea7dc!8m2!3d21.4099621!4d-157.9760388!16s%2Fg%2F11_syqsv1!19sChIJfVvUzRRmAHwR3Kc-8BlRp0c?authuser=0&hl=en&rclk=1,auto repair shop,Pearl City,city,HI,2026-07-24T04:04:00,0x7c006614cdd45b7d:0x47a75119f03ea7dc
TrisTint LLC,(808) 561-5515,http://tristint.com/,,"96-1276 Waihona St Ste 116, Pearl City, HI 96782, United States",96-1276 Waihona St Ste 116,Pearl City,HI,96782,5.0,47,Window tinting service,,,https://www.google.com/maps/place/TrisTint+LLC/data=!4m7!3m6!1s0x7c0067493d715e2d:0x53eeb9916bec5a5!8m2!3d21.4108813!4d-157.9762232!16s%2Fg%2F11q49svd4d!19sChIJLV5xPUlnAHwRpcW-FpnrPgU?authuser=0&hl=en&rclk=1,auto repair shop,Pearl City,city,HI,2026-07-24T04:04:00,0x7c0067493d715e2d:0x53eeb9916bec5a5
Voyager Auto Sales,(808) 454-9999,http://www.voyagerautosales.com/,,"C-6, 96-1185 Waihona St, Pearl City, HI 96782, United States","C-6, 96-1185 Waihona St",Pearl City,HI,96782,4.9,299,Used car dealer,,,https://www.google.com/maps/place/Voyager+Auto+Sales/data=!4m7!3m6!1s0x7c00666ce7b78599:0xf6faa40ecf0506c3!8m2!3d21.4051275!4d-157.9774773!16s%2Fg%2F1v7tllkg!19sChIJmYW352xmAHwRwwYFzw6k-vY?authuser=0&hl=en&rclk=1,auto repair shop,Pearl City,city,HI,2026-07-24T04:04:00,0x7c00666ce7b78599:0xf6faa40ecf0506c3
"ISLAND MOBILE AUTO REPAIR, LLC",(808) 264-2104,http://islandmobileautorepairllc.com/,,"2000 Maui Veterans Hwy #11, Puunene, HI 96784, United States",2000 Maui Veterans Hwy #11,Puunene,HI,96784,4.8,78,Auto repair shop,,,"https://www.google.com/maps/place/ISLAND+MOBILE+AUTO+REPAIR,+LLC/data=!4m7!3m6!1s0x7954d247e8af51bd:0xc9c71fa413613e7d!8m2!3d20.8399483!4d-156.4618695!16s%2Fg%2F11gr2x_j_h!19sChIJvVGv6EfSVHkRfT5hE6Qfx8k?authuser=0&hl=en&rclk=1",auto repair shop,Maui County,county,HI,2026-07-24T03:32:32,0x7954d247e8af51bd:0xc9c71fa413613e7d
KTM Light & Heavy Repair LLC,(808) 269-2497,https://ktmrepair.com/,,"2000 Maui Veterans Hwy #241, Puunene, HI 96784, United States",2000 Maui Veterans Hwy #241,Puunene,HI,96784,4.8,26,Truck repair shop,,,https://www.google.com/maps/place/KTM+Light+%26+Heavy+Repair+LLC/data=!4m7!3m6!1s0x7954d2387eefdfdd:0x7abc497bb97c1276!8m2!3d20.8398444!4d-156.4618397!16s%2Fg%2F11cm0jb_82!19sChIJ3d_vfjjSVHkRdhJ8uXtJvHo?authuser=0&hl=en&rclk=1,auto repair shop,Maui County,county,HI,2026-07-24T02:15:52,0x7954d2387eefdfdd:0x7abc497bb97c1276
Maui Auto Repair and Service,(808) 757-8997,,,"59 Nakii Rd, Puunene, HI 96784, United States",59 Nakii Rd,Puunene,HI,96784,,,Auto repair shop,,,https://www.google.com/maps/place/Maui+Auto+Repair+and+Service/data=!4m7!3m6!1s0x7954d34463d7bfc3:0x8d074d2591277efb!8m2!3d20.8398536!4d-156.4620563!16s%2Fg%2F11j5h2_fm6!19sChIJw7_XY0TTVHkR-34nkSVNB40?authuser=0&hl=en&rclk=1,auto repair shop,Maui County,county,HI,2026-07-24T02:15:52,0x7954d34463d7bfc3:0x8d074d2591277efb
Quick Tow,(808) 877-5553,https://quicktowhi.com/?utm_source=omg-gbp&utm_medium=webclick,,"2000 Maui Veterans Hwy #89, Puunene, HI 96784, United States",2000 Maui Veterans Hwy #89,Puunene,HI,96784,4.4,45,Towing service,,,https://www.google.com/maps/place/Quick+Tow/data=!4m7!3m6!1s0x7954d33ff1543a39:0x6961631c5835764f!8m2!3d20.8398022!4d-156.4623957!16s%2Fg%2F11swftbcth!19sChIJOTpU8T_TVHkRT3Y1WBxjYWk?authuser=0&hl=en&rclk=1,auto repair shop,Kalawao County,county,HI,2026-07-16T10:14:37,0x7954d33ff1543a39:0x6961631c5835764f
Sheltons Auto Masters,(808) 276-3801,http://www.sheltonsautomasters.com/,,"2000 Maui Veterans Hwy Lot #2, Puunene, HI 96784, United States",2000 Maui Veterans Hwy Lot #2,Puunene,HI,96784,4.8,96,Auto body shop,,,https://www.google.com/maps/place/Sheltons+Auto+Masters/data=!4m7!3m6!1s0x7954d3420301c695:0xafdda3240115ad14!8m2!3d20.844194!4d-156.46221!16s%2Fg%2F1v8gc79c!19sChIJlcYBA0LTVHkRFK0VASSj3a8?authuser=0&hl=en&rclk=1,auto repair shop,Maui County,county,HI,2026-07-24T03:32:32,0x7954d3420301c695:0xafdda3240115ad14
Badger Auto Repair Mechanic Shop,(907) 891-1953,,,"13 380 Kamelewai St, Pāhoa, HI 96778, United States",13 380 Kamelewai St,Pāhoa,HI,96778,5.0,2,Auto repair shop,,,https://www.google.com/maps/place/Badger+Auto+Repair+Mechanic+Shop/data=!4m7!3m6!1s0x79523bfbda572791:0xd67bae7422f2508a!8m2!3d19.4387146!4d-154.8950198!16s%2Fg%2F11vfbkkq41!19sChIJkSdX2vs7UnkRilDyInSue9Y?authuser=0&hl=en&rclk=1,auto repair shop,Hawaii County,county,HI,2026-07-16T09:59:32,0x79523bfbda572791:0xd67bae7422f2508a
Pauls Repair Services,(808) 965-8386,https://www.paulsrepairservice.net/,,"15-2992 Pahoa Village Rd, Pāhoa, HI 96778, United States",15-2992 Pahoa Village Rd,Pāhoa,HI,96778,4.3,129,Auto repair shop,,,https://www.google.com/maps/place/Pauls+Repair+Services/data=!4m7!3m6!1s0x795230fad2fb9f95:0xbc0c14b306eddf6c!8m2!3d19.493673!4d-154.9439196!16s%2Fg%2F11fqpfhckm!19sChIJlZ_70vowUnkRbN_tBrMUDLw?authuser=0&hl=en&rclk=1,auto repair shop,Hawaii County,county,HI,2026-07-24T01:53:14,0x795230fad2fb9f95:0xbc0c14b306eddf6c
Ohana Automotive Repair & Service LLC,(808) 294-4106,https://ohanaautomotive.com/,,"410 Olive Ave, Wahiawa, HI 96786, United States",410 Olive Ave,Wahiawa,HI,96786,4.6,146,Auto repair shop,,,https://www.google.com/maps/place/Ohana+Automotive+Repair+%26+Service+LLC/data=!4m7!3m6!1s0x7c005d58f32ef871:0x90099322f933ccb3!8m2!3d21.4944675!4d-158.0298188!16s%2Fg%2F11jpxprj_q!19sChIJcfgu81hdAHwRs8wz-SKTCZA?authuser=0&hl=en&rclk=1,auto repair shop,Kalawao County,county,HI,2026-07-24T03:17:13,0x7c005d58f32ef871:0x90099322f933ccb3
Wahiawā Automotive,(808) 621-9145,,,"58 S Kamehameha Hwy, Wahiawa, HI 96786, United States",58 S Kamehameha Hwy,Wahiawa,HI,96786,4.2,159,Auto repair shop,,,https://www.google.com/maps/place/Wahiaw%C4%81+Automotive/data=!4m7!3m6!1s0x7c005df3dd109847:0xf94f20c137a20161!8m2!3d21.4952289!4d-158.0292693!16s%2Fg%2F1tcv1nj0!19sChIJR5gQ3fNdAHwRYQGiN8EgT_k?authuser=0&hl=en&rclk=1,auto repair shop,Kalawao County,county,HI,2026-07-24T01:59:08,0x7c005df3dd109847:0xf94f20c137a20161
"808 Safety, LLC",(808) 398-3779,,,"87-680 Farrington Hwy ste a, Waianae, HI 96792, United States",87-680 Farrington Hwy ste a,Waianae,HI,96792,4.9,237,Auto repair shop,,,"https://www.google.com/maps/place/808+Safety,+LLC/data=!4m7!3m6!1s0x7c008957ba3d1999:0x8ff8250bbb127789!8m2!3d21.4111352!4d-158.1764215!16s%2Fg%2F11h04rprsf!19sChIJmRk9uleJAHwRiXcSuwsl-I8?authuser=0&hl=en&rclk=1",auto repair shop,Kalawao County,county,HI,2026-07-16T10:14:37,0x7c008957ba3d1999:0x8ff8250bbb127789
Dansen's Auto Repair & Towing,(808) 696-5385,http://dansensautorepair.com/,,"85-850 Farrington Hwy, Waianae, HI 96792, United States",85-850 Farrington Hwy,Waianae,HI,96792,4.8,660,Auto repair shop,,,https://www.google.com/maps/place/Dansen%27s+Auto+Repair+%26+Towing/data=!4m7!3m6!1s0x7c008a4ba634d3cb:0x73bd993b3825842b!8m2!3d21.4455682!4d-158.1876425!16s%2Fg%2F1vcl3zrw!19sChIJy9M0pkuKAHwRK4QlODuZvXM?authuser=0&hl=en&rclk=1,auto repair shop,Kalawao County,county,HI,2026-07-24T03:17:13,0x7c008a4ba634d3cb:0x73bd993b3825842b
Waikoloa Automotive,(808) 883-0888,https://waikoloaautomotive.com/,,"68-1897 Pua Melia St, Waikoloa Village, HI 96738, United States",68-1897 Pua Melia St,Waikoloa Village,HI,96738,4.8,84,Auto repair shop,,,https://www.google.com/maps/place/Waikoloa+Automotive/data=!4m7!3m6!1s0x79538625a5c803ad:0xe848ef5d16b1c155!8m2!3d19.9262132!4d-155.7873643!16s%2Fg%2F1tf7mr_m!19sChIJrQPIpSWGU3kRVcGxFl3vSOg?authuser=0&hl=en&rclk=1,auto repair shop,Hawaii County,county,HI,2026-07-24T03:06:10,0x79538625a5c803ad:0xe848ef5d16b1c155
1320 Performance,(808) 244-6755,http://1320automotive.com/,,"768 Lower Main St, Wailuku, HI 96793, United States",768 Lower Main St,Wailuku,HI,96793,4.8,42,Auto machine shop,,,https://www.google.com/maps/place/1320+Performance/data=!4m7!3m6!1s0x7954d32fd55d2637:0x377a98b7812a33a7!8m2!3d20.9019047!4d-156.4866763!16s%2Fg%2F1tfshlv3!19sChIJNyZd1S_TVHkRpzMqgbeYejc?authuser=0&hl=en&rclk=1,auto repair shop,Maui County,county,HI,2026-07-24T03:32:32,0x7954d32fd55d2637:0x377a98b7812a33a7
417 AUTOWORKS LLC,(808) 500-3052,https://www.417autoworks.com/,,"1818 Oihana St, Wailuku, HI 96793, United States",1818 Oihana St,Wailuku,HI,96793,5.0,194,Auto body shop,,,https://www.google.com/maps/place/417+AUTOWORKS+LLC/data=!4m7!3m6!1s0x7954d12014e02485:0xc574c993c1117e21!8m2!3d20.8882962!4d-156.4980538!16s%2Fg%2F11q2wmxn59!19sChIJhSTgFCDRVHkRIX4RwZPJdMU?authuser=0&hl=en&rclk=1,auto repair shop,Maui County,county,HI,2026-07-24T03:32:32,0x7954d12014e02485:0xc574c993c1117e21
"Auto Solutions Maui, LLC",(808) 986-0492,,,"265 Mamo Pl, Wailuku, HI 96793, United States",265 Mamo Pl,Wailuku,HI,96793,5.0,6,Auto repair shop,,,"https://www.google.com/maps/place/Auto+Solutions+Maui,+LLC/data=!4m7!3m6!1s0x7954d3305d3a3b03:0x1b0d696413fc675e!8m2!3d20.9009998!4d-156.489041!16s%2Fg%2F11cm74nhyr!19sChIJAzs6XTDTVHkRXmf8E2RpDRs?authuser=0&hl=en&rclk=1",auto repair shop,Maui County,county,HI,2026-07-24T02:15:52,0x7954d3305d3a3b03:0x1b0d696413fc675e
Campos Auto Body & Towing,(808) 242-5831,,,"1191 Lower Main St, Wailuku, HI 96793, United States",1191 Lower Main St,Wailuku,HI,96793,4.3,30,Auto body shop,,,https://www.google.com/maps/place/Campos+Auto+Body+%26+Towing/data=!4m7!3m6!1s0x7954d33a45873bd7:0xf05df045c637dab8!8m2!3d20.8973102!4d-156.4906093!16s%2Fg%2F1v42f_s_!19sChIJ1zuHRTrTVHkRuNo3xkXwXfA?authuser=0&hl=en&rclk=1,auto repair shop,Maui County,county,HI,2026-07-24T02:15:52,0x7954d33a45873bd7:0xf05df045c637dab8
Cano's Auto Body LLC,(808) 498-9515,,,"210 W Uahi Way, Wailuku, HI 96793, United States",210 W Uahi Way,Wailuku,HI,96793,5.0,8,Auto body shop,,,https://www.google.com/maps/place/Cano%27s+Auto+Body+LLC/data=!4m7!3m6!1s0x7954d3fb8087f52b:0x6cbf639688393421!8m2!3d20.850379!4d-156.4893823!16s%2Fg%2F11fw8m02p5!19sChIJK_WHgPvTVHkRITQ5iJZjv2w?authuser=0&hl=en&rclk=1,auto repair shop,Maui County,county,HI,2026-07-16T10:38:22,0x7954d3fb8087f52b:0x6cbf639688393421
Chan's Auto Body & Paint Shop,(808) 244-6888,,,"241 Hookahi St, Wailuku, HI 96793, United States",241 Hookahi St,Wailuku,HI,96793,4.8,52,Auto repair shop,,,https://www.google.com/maps/place/Chan%27s+Auto+Body+%26+Paint+Shop/data=!4m7!3m6!1s0x7954d32e6a89a71d:0xfbf147dbe818ff2a!8m2!3d20.9030808!4d-156.4851583!16s%2Fg%2F1tdwvx9c!19sChIJHaeJai7TVHkRKv8Y6NtH8fs?authuser=0&hl=en&rclk=1,auto repair shop,Maui County,county,HI,2026-07-24T02:15:52,0x7954d32e6a89a71d:0xfbf147dbe818ff2a
Ekahi Automotive Center,(808) 242-0808,,,"236 Mamo Pl, Wailuku, HI 96793, United States",236 Mamo Pl,Wailuku,HI,96793,4.9,50,Auto repair shop,,,https://www.google.com/maps/place/Ekahi+Automotive+Center/data=!4m7!3m6!1s0x7954d33044c84993:0xff3c997ff37c2c7d!8m2!3d20.9013205!4d-156.4888124!16s%2Fg%2F1tdkgvwg!19sChIJk0nIRDDTVHkRfSx883-ZPP8?authuser=0&hl=en&rclk=1,auto repair shop,Maui County,county,HI,2026-07-16T10:38:22,0x7954d33044c84993:0xff3c997ff37c2c7d
Elite Auto Repair Maui LLC (License RD-4386),(808) 243-8297,,,"831 Eha St #106, Wailuku, HI 96793, United States",831 Eha St #106,Wailuku,HI,96793,5.0,35,Auto repair shop,,,https://www.google.com/maps/place/Elite+Auto+Repair+Maui+LLC+%28License+RD-4386%29/data=!4m7!3m6!1s0x7954d331939feea7:0x931041070a2fa25e!8m2!3d20.9042386!4d-156.488301!16s%2Fg%2F11f5dpn8r0!19sChIJp-6fkzHTVHkRXqIvCgdBEJM?authuser=0&hl=en&rclk=1,auto repair shop,Maui County,county,HI,2026-07-24T03:32:32,0x7954d331939feea7:0x931041070a2fa25e
GearHead Auto Repair Shop LLC,(808) 658-6158,,,"986 Lower Main St, Wailuku, HI 96793, United States",986 Lower Main St,Wailuku,HI,96793,5.0,10,Auto body shop,,,https://www.google.com/maps/place/GearHead+Auto+Repair+Shop+LLC/data=!4m7!3m6!1s0x7954d3aa6f27f965:0xd1f542c5aca5933!8m2!3d20.9000131!4d-156.4889726!16s%2Fg%2F11w588fzft!19sChIJZfknb6rTVHkRM1nKWixUHw0?authuser=0&hl=en&rclk=1,auto repair shop,Maui County,county,HI,2026-07-24T02:15:52,0x7954d3aa6f27f965:0xd1f542c5aca5933
I.H. AUTO SERVICE,(808) 249-2027,http://www.ihautoservice.com/,,"1161 Lower Main St, Wailuku, HI 96793, United States",1161 Lower Main St,Wailuku,HI,96793,4.7,36,Auto repair shop,,,https://www.google.com/maps/place/I.H.+AUTO+SERVICE/data=!4m7!3m6!1s0x7954d33a5aeb8acd:0x689de4d2d17fc44d!8m2!3d20.8976883!4d-156.4902743!16s%2Fg%2F1q62b6th_!19sChIJzYrrWjrTVHkRTcR_0dLknWg?authuser=0&hl=en&rclk=1,auto repair shop,Maui County,county,HI,2026-07-24T03:32:32,0x7954d33a5aeb8acd:0x689de4d2d17fc44d
Impact Garage - Auto Repair & Maintenance,(808) 276-3447,https://impactgaragemaui.com/,,"905 Eha St, Wailuku, HI 96793, United States",905 Eha St,Wailuku,HI,96793,5.0,170,Auto repair shop,,,https://www.google.com/maps/place/Impact+Garage+-+Auto+Repair+%26+Maintenance/data=!4m7!3m6!1s0x7954d32ea2ccd839:0x72196603335df6c4!8m2!3d20.9036603!4d-156.4897314!16s%2Fg%2F11vt8dj501!19sChIJOdjMoi7TVHkRxPZdMwNmGXI?authuser=0&hl=en&rclk=1,auto repair shop,Maui County,county,HI,2026-07-24T03:32:32,0x7954d32ea2ccd839:0x72196603335df6c4
Island Automotive Center LLC,(808) 243-5500,http://islandautomaui.com/,,"890 Alua St, Wailuku, HI 96793, United States",890 Alua St,Wailuku,HI,96793,4.8,146,Auto repair shop,,,https://www.google.com/maps/place/Island+Automotive+Center+LLC/data=!4m7!3m6!1s0x7954d3f93443ea2f:0xaa73e7aab7853968!8m2!3d20.903814!4d-156.488953!16s%2Fg%2F11gk164369!19sChIJL-pDNPnTVHkRaDmFt6rnc6o?authuser=0&hl=en&rclk=1,auto repair shop,Maui County,county,HI,2026-07-24T03:32:32,0x7954d3f93443ea2f:0xaa73e7aab7853968
M&M Auto repair,(808) 268-2931,http://mobilemauimechanic.com/,,"1047 Laelae St, Wailuku, HI 96793, United States",1047 Laelae St,Wailuku,HI,96793,4.4,19,Auto repair shop,,,https://www.google.com/maps/place/M%26M+Auto+repair/data=!4m7!3m6!1s0x7954d33688b2c9fb:0xed55c28efff84011!8m2!3d20.9052279!4d-156.4952251!16s%2Fg%2F1hc6zjg8p!19sChIJ-8myiDbTVHkREUD4_47CVe0?authuser=0&hl=en&rclk=1,auto repair shop,Maui County,county,HI,2026-07-24T03:32:32,0x7954d33688b2c9fb:0xed55c28efff84011
Master Auto Center,(808) 870-7070,http://masterautocenter.com/,,"635 Eluene Pl, Wailuku, HI 96793, United States",635 Eluene Pl,Wailuku,HI,96793,4.5,325,Tire shop,,,https://www.google.com/maps/place/Master+Auto+Center/data=!4m7!3m6!1s0x7954d33109c06e8f:0x5adc34839e55303a!8m2!3d20.9031738!4d-156.4821788!16s%2Fg%2F1tjpqq2b!19sChIJj27ACTHTVHkROjBVnoM03Fo?authuser=0&hl=en&rclk=1,auto repair shop,Maui County,county,HI,2026-07-24T03:32:32,0x7954d33109c06e8f:0x5adc34839e55303a
Maui Auto Care LLC,(808) 666-3249,http://www.mauiautocarellc.com/,,"736 Lower Main St, Wailuku, HI 96793, United States",736 Lower Main St,Wailuku,HI,96793,4.8,85,Auto repair shop,,,https://www.google.com/maps/place/Maui+Auto+Care+LLC/data=!4m7!3m6!1s0x7954d3fa225d334d:0xf69526aa334f2f76!8m2!3d20.9027162!4d-156.4851536!16s%2Fg%2F11fph0qg_8!19sChIJTTNdIvrTVHkRdi9PM6omlfY?authuser=0&hl=en&rclk=1,auto repair shop,Maui County,county,HI,2026-07-24T03:32:32,0x7954d3fa225d334d:0xf69526aa334f2f76
Maui Tires,(808) 870-7070,http://mauitires.com/,,"635 Eluene Pl, Wailuku, HI 96793, United States",635 Eluene Pl,Wailuku,HI,96793,4.2,27,Auto repair shop,,,https://www.google.com/maps/place/Maui+Tires/data=!4m7!3m6!1s0x7954d392766b411d:0x8b456703ccb56cc3!8m2!3d20.9031738!4d-156.4821788!16s%2Fg%2F11gk8n6fn3!19sChIJHUFrdpLTVHkRw2y1zANnRYs?authuser=0&hl=en&rclk=1,auto repair shop,Maui County,county,HI,2026-07-24T02:15:52,0x7954d392766b411d:0x8b456703ccb56cc3
Mālama Motorworks LLC,(808) 214-5979,https://malamamotorworks.com/,,"1826 Wili Pa Loop Ste 5, Wailuku, HI 96793, United States",1826 Wili Pa Loop Ste 5,Wailuku,HI,96793,5.0,15,Auto repair shop,,,https://www.google.com/maps/place/M%C4%81lama+Motorworks+LLC/data=!4m7!3m6!1s0x7954d3d2ad226877:0x6c9af38b6bd97d43!8m2!3d20.8931035!4d-156.5009359!16s%2Fg%2F11ypc3gjy9!19sChIJd2girdLTVHkRQ33Za4vzmmw?authuser=0&hl=en&rclk=1,auto repair shop,Maui County,county,HI,2026-07-24T03:32:32,0x7954d3d2ad226877:0x6c9af38b6bd97d43
"Pacific Auto Maintenance & Repair, LLC",(808) 877-2889,https://www.pacificautomaui.com/,,"1866 Wili Pa Loop, Wailuku, HI 96793, United States",1866 Wili Pa Loop,Wailuku,HI,96793,5.0,24,Auto repair shop,,,"https://www.google.com/maps/place/Pacific+Auto+Maintenance+%26+Repair,+LLC/data=!4m7!3m6!1s0x7954d3393cde9703:0x60e619aa9cd6db7b!8m2!3d20.8937499!4d-156.5000117!16s%2Fg%2F11h1n4hhty!19sChIJA5fePDnTVHkRe9vWnKoZ5mA?authuser=0&hl=en&rclk=1",auto repair shop,Maui County,county,HI,2026-07-24T03:32:32,0x7954d3393cde9703:0x60e619aa9cd6db7b
Patao Gas & Go,(808) 242-5567,http://patao-gas-go.poi.place/,,"744 Lower Main St A, Wailuku, HI 96793, United States",744 Lower Main St A,Wailuku,HI,96793,4.6,192,Car inspection station,,,https://www.google.com/maps/place/Patao+Gas+%26+Go/data=!4m7!3m6!1s0x7954d32e3123bcbb:0xd97ff0cf9a19b522!8m2!3d20.902483!4d-156.4858212!16s%2Fg%2F1tfnt6ck!19sChIJu7wjMS7TVHkRIrUZms_wf9k?authuser=0&hl=en&rclk=1,auto repair shop,Maui County,county,HI,2026-07-16T10:38:22,0x7954d32e3123bcbb:0xd97ff0cf9a19b522
Pd's Repair Services,(808) 877-2144,,,"1354 Lower Main St, Wailuku, HI 96793, United States",1354 Lower Main St,Wailuku,HI,96793,4.9,54,Auto repair shop,,,https://www.google.com/maps/place/Pd%27s+Repair+Services/data=!4m7!3m6!1s0x7954d2c37ea0c8c5:0x7d797dd62f1b3b5b!8m2!3d20.8957001!4d-156.4927929!16s%2Fg%2F1tdlvgwz!19sChIJxcigfsPSVHkRWzsbL9Z9eX0?authuser=0&hl=en&rclk=1,auto repair shop,Maui County,county,HI,2026-07-24T03:32:32,0x7954d2c37ea0c8c5:0x7d797dd62f1b3b5b
Precision Auto Body,(808) 244-0742,https://autobodymaui.com/,,"900 Eha St STE 104, Wailuku, HI 96793, United States",900 Eha St STE 104,Wailuku,HI,96793,4.3,62,Auto body shop,,,https://www.google.com/maps/place/Precision+Auto+Body/data=!4m7!3m6!1s0x7954d331771dd64b:0x6465314ab4f0895c!8m2!3d20.9043403!4d-156.4898884!16s%2Fg%2F1tz95yzk!19sChIJS9YddzHTVHkRXInwtEoxZWQ?authuser=0&hl=en&rclk=1,auto repair shop,Maui County,county,HI,2026-07-24T02:15:52,0x7954d331771dd64b:0x6465314ab4f0895c
Revolution AutoBody Hawaii LLC,(808) 757-3340,,,"1188-B, 1188 Lower Main St, Wailuku, HI 96793, United States","1188-B, 1188 Lower Main St",Wailuku,HI,96793,4.8,15,Auto repair shop,,,https://www.google.com/maps/place/Revolution+AutoBody+Hawaii+LLC/data=!4m7!3m6!1s0x7954d304ee600b1f:0x4b4997ba7343cab!8m2!3d20.897762!4d-156.4912773!16s%2Fg%2F11sqjf4ggq!19sChIJHwtg7gTTVHkRqzw0p3uZtAQ?authuser=0&hl=en&rclk=1,auto repair shop,Maui County,county,HI,2026-07-24T02:15:52,0x7954d304ee600b1f:0x4b4997ba7343cab
Truck Shop Maui,(808) 868-4809,,,"1188-B, 1188 Lower Main St, Wailuku, HI 96793, United States","1188-B, 1188 Lower Main St",Wailuku,HI,96793,4.6,21,Truck repair shop,,,https://www.google.com/maps/place/Truck+Shop+Maui/data=!4m7!3m6!1s0x7954d33a387630a5:0xaae271485da3c260!8m2!3d20.8978378!4d-156.4911228!16s%2Fg%2F11f1227zdk!19sChIJpTB2ODrTVHkRYMKjXUhx4qo?authuser=0&hl=en&rclk=1,auto repair shop,Maui County,county,HI,2026-07-24T02:15:52,0x7954d33a387630a5:0xaae271485da3c260
Uptown Automotive LLC,(808) 249-2229,http://www.uptownautomotivemaui.com/,,"724 Lower Main St, Wailuku, HI 96793, United States",724 Lower Main St,Wailuku,HI,96793,4.9,31,Auto repair shop,,,https://www.google.com/maps/place/Uptown+Automotive+LLC/data=!4m7!3m6!1s0x7954d32e437e5a57:0x1a39523309d15d51!8m2!3d20.902863!4d-156.484377!16s%2Fg%2F1trvlm_m!19sChIJV1p-Qy7TVHkRUV3RCTNSORo?authuser=0&hl=en&rclk=1,auto repair shop,Maui County,county,HI,2026-07-24T03:32:32,0x7954d32e437e5a57:0x1a39523309d15d51
Wailuku Automotive,(808) 244-3322,,,"1726 Mill St, Wailuku, HI 96793, United States",1726 Mill St,Wailuku,HI,96793,4.9,102,Auto repair shop,,,https://www.google.com/maps/place/Wailuku+Automotive/data=!4m7!3m6!1s0x7954d3408144666d:0x10e1d4ecfa047c08!8m2!3d20.8928782!4d-156.4987536!16s%2Fg%2F11c6sn08hz!19sChIJbWZEgUDTVHkRCHwE-uzU4RA?authuser=0&hl=en&rclk=1,auto repair shop,Maui County,county,HI,2026-07-24T03:32:32,0x7954d3408144666d:0x10e1d4ecfa047c08
4 in 1 Small Engine Repair,(808) 885-0431,,,"64-1013 Hawaiʻi Belt Rd, Waimea, HI 96743, United States",64-1013 Hawaiʻi Belt Rd,Waimea,HI,96743,3.0,7,Small engine repair service,,,https://www.google.com/maps/place/4+in+1+Small+Engine+Repair/data=!4m7!3m6!1s0x79539cd6d25c7419:0xf1f05c138db06d7c!8m2!3d20.025602!4d-155.6575708!16s%2Fg%2F11c1vjj502!19sChIJGXRc0tacU3kRfG2wjRNc8PE?authuser=0&hl=en&rclk=1,auto repair shop,Kalawao County,county,HI,2026-07-16T10:14:37,0x79539cd6d25c7419:0xf1f05c138db06d7c
DeLuz Autobody,(808) 885-3543,https://deluzautobody.com/,,"64-791 Hawaiʻi Belt Rd, Waimea, HI 96743, United States",64-791 Hawaiʻi Belt Rd,Waimea,HI,96743,4.6,52,Auto repair shop,,,https://www.google.com/maps/place/DeLuz+Autobody/data=!4m7!3m6!1s0x79539d200eec79f3:0xe40a6753b3a9d27f!8m2!3d20.0290621!4d-155.642805!16s%2Fg%2F1tfb25z3!19sChIJ83nsDiCdU3kRf9Kps1NnCuQ?authuser=0&hl=en&rclk=1,auto repair shop,Hawaii County,county,HI,2026-07-24T01:53:14,0x79539d200eec79f3:0xe40a6753b3a9d27f
Gearheadz Auto Salon,(808) 885-0000,,,"64-1013 Mamalahoa Hwy, Waimea, HI 96743, United States",64-1013 Mamalahoa Hwy,Waimea,HI,96743,4.7,126,Auto repair shop,,,https://www.google.com/maps/place/Gearheadz+Auto+Salon/data=!4m7!3m6!1s0x79539cd12cf46a85:0xdf85a01f885d200e!8m2!3d20.0255821!4d-155.6575556!16s%2Fg%2F11b5yvngbl!19sChIJhWr0LNGcU3kRDiBdiB-ghd8?authuser=0&hl=en&rclk=1,auto repair shop,Hawaii County,county,HI,2026-07-24T03:06:10,0x79539cd12cf46a85:0xdf85a01f885d200e
Horizon Automotive LLC.,(808) 887-0390,http://www.horizonautowaimea.com/,,"64-5205 Alanui Ohana Pl, Waimea, HI 96743, United States",64-5205 Alanui Ohana Pl,Waimea,HI,96743,4.3,16,Auto repair shop,,,https://www.google.com/maps/place/Horizon+Automotive+LLC./data=!4m7!3m6!1s0x79539da6a24e39d1:0x725c73631865d67c!8m2!3d20.0401298!4d-155.6131737!16s%2Fg%2F1tj3l8kt!19sChIJ0TlOoqadU3kRfNZlGGNzXHI?authuser=0&hl=en&rclk=1,auto repair shop,Hawaii County,county,HI,2026-07-24T01:53:14,0x79539da6a24e39d1:0x725c73631865d67c
JAKL Automotive,(808) 882-4440,https://www.facebook.com/JAKLAutomotive,,"61-3788 Maluokalani Pl, Waimea, HI 96743, United States",61-3788 Maluokalani Pl,Waimea,HI,96743,4.9,48,Auto repair shop,,,https://www.google.com/maps/place/JAKL+Automotive/data=!4m7!3m6!1s0x7953806ce3e26d45:0x1ae378f0821728e!8m2!3d20.0461023!4d-155.8336607!16s%2Fg%2F11fll6bzs0!19sChIJRW3i42yAU3kRjnIhCI83rgE?authuser=0&hl=en&rclk=1,auto repair shop,Kalawao County,county,HI,2026-07-24T03:17:13,0x7953806ce3e26d45:0x1ae378f0821728e
Jeb's Garage,(808) 882-4486,http://jebs-garage.keeq.io/,,"61-3785 Maluokalani Pl #9, Waimea, HI 96743, United States",61-3785 Maluokalani Pl #9,Waimea,HI,96743,4.7,30,Auto repair shop,,,https://www.google.com/maps/place/Jeb%27s+Garage/data=!4m7!3m6!1s0x7953808c4f1782e1:0x55ab8df3fe72dce8!8m2!3d20.0460225!4d-155.8346701!16s%2Fg%2F12630hvvc!19sChIJ4YIXT4yAU3kR6Nxy_vONq1U?authuser=0&hl=en&rclk=1,auto repair shop,Hawaii County,county,HI,2026-07-24T01:53:14,0x7953808c4f1782e1:0x55ab8df3fe72dce8
Kamuela Automotive & Towing,(808) 640-7261,,,"64-206 Wailani Pl, Waimea, HI 96743, United States",64-206 Wailani Pl,Waimea,HI,96743,4.0,4,Auto repair shop,,,https://www.google.com/maps/place/Kamuela+Automotive+%26+Towing/data=!4m7!3m6!1s0x79539d9396212c25:0x691bf9d7c2c0c088!8m2!3d20.0365579!4d-155.5965702!16s%2Fg%2F11rtv9szfh!19sChIJJSwhlpOdU3kRiMDAwtf5G2k?authuser=0&hl=en&rclk=1,auto repair shop,Hawaii County,county,HI,2026-07-16T09:59:32,0x79539d9396212c25:0x691bf9d7c2c0c088
Lex Brodie's Tires,(844) 739-7874,http://lexbrodiestire.com/,,"67-1185 Mamalahoa Hwy, Waimea, HI 96743, United States",67-1185 Mamalahoa Hwy,Waimea,HI,96743,4.6,398,Tire shop,,,https://www.google.com/maps/place/Lex+Brodie%27s+Tires/data=!4m7!3m6!1s0x79538332de5885b5:0x5bc4cbc6d2243cca!8m2!3d20.019897!4d-155.665959!16s%2Fg%2F1vr3dcf6!19sChIJtYVY3jKDU3kRyjwk0sbLxFs?authuser=0&hl=en&rclk=1,auto repair shop,Hawaii County,county,HI,2026-07-16T09:59:32,0x79538332de5885b5:0x5bc4cbc6d2243cca
M & H Services,(808) 338-9111,,,"9937 Waimea Rd, Waimea, HI 96796, United States",9937 Waimea Rd,Waimea,HI,96796,4.7,16,Auto repair shop,,,https://www.google.com/maps/place/M+%26+H+Services/data=!4m7!3m6!1s0x7c07076084e3a127:0x67c225511fa9a312!8m2!3d21.9550293!4d-159.6653753!16s%2Fg%2F1vzqsgrn!19sChIJJ6HjhGAHB3wREqOpH1Elwmc?authuser=0&hl=en&rclk=1,auto repair shop,Kauai County,county,HI,2026-07-24T03:28:20,0x7c07076084e3a127:0x67c225511fa9a312
Thunder Alley Automotive,(808) 880-1933,http://www.thunderalleyhawaii.com/,,"61-3270 Maluokalani St # C, Waimea, HI 96743, United States",61-3270 Maluokalani St # C,Waimea,HI,96743,4.5,51,Auto repair shop,,,https://www.google.com/maps/place/Thunder+Alley+Automotive/data=!4m7!3m6!1s0x7953808da2a60651:0xce6ae0f476f2e60b!8m2!3d20.0470833!4d-155.8361134!16s%2Fg%2F1tdprwdv!19sChIJUQamoo2AU3kRC-bydvTgas4?authuser=0&hl=en&rclk=1,auto repair shop,Hawaii County,county,HI,2026-07-24T03:06:10,0x7953808da2a60651:0xce6ae0f476f2e60b
Waimea Auto Repair,(808) 707-5805,,,"9937 Waimea Rd, Waimea, HI 96796, United States",9937 Waimea Rd,Waimea,HI,96796,1.0,1,Auto repair shop,,,https://www.google.com/maps/place/Waimea+Auto+Repair/data=!4m7!3m6!1s0x7c07076084e3a719:0xaf79c4a52c49773e!8m2!3d21.954983!4d-159.6653747!16s%2Fg%2F11hcjbpkd0!19sChIJGafjhGAHB3wRPndJLKXEea8?authuser=0&hl=en&rclk=1,auto repair shop,Kauai County,county,HI,2026-07-24T03:28:20,0x7c07076084e3a719:0xaf79c4a52c49773e
808 Automotive,(808) 677-8886,http://808automotiveinc.com/,,"94-875 Farrington Hwy, Waipahu, HI 96797, United States",94-875 Farrington Hwy,Waipahu,HI,96797,4.6,73,Brake shop,,,https://www.google.com/maps/place/808+Automotive/data=!4m7!3m6!1s0x7c00642d15b3e0b5:0x11b1d023fb4becd2!8m2!3d21.3841326!4d-158.0017753!16s%2Fg%2F1trsy6gf!19sChIJteCzFS1kAHwR0uxL-yPQsRE?authuser=0&hl=en&rclk=1,auto repair shop,Pearl City,city,HI,2026-07-16T11:11:16,0x7c00642d15b3e0b5:0x11b1d023fb4becd2
Baba's Auto Gloss,(808) 330-2195,http://www.babasautogloss.com/,,"94-440 Maikoiko St, Waipahu, HI 96797, United States",94-440 Maikoiko St,Waipahu,HI,96797,5.0,91,Auto body shop,,,https://www.google.com/maps/place/Baba%27s+Auto+Gloss/data=!4m7!3m6!1s0x7c00642f43782bc7:0x8b1994a7e2d03b7e!8m2!3d21.3884611!4d-158.010958!16s%2Fg%2F1trxdxs8!19sChIJxyt4Qy9kAHwRfjvQ4qeUGYs?authuser=0&hl=en&rclk=1,auto repair shop,Pearl City,city,HI,2026-07-16T11:11:16,0x7c00642f43782bc7:0x8b1994a7e2d03b7e
Capitol Auto Service,(808) 676-1888,https://www.capitolautohi.com/,,"94-422 Ukeʻe St #7, Waipahu, HI 96797, United States",94-422 Ukeʻe St #7,Waipahu,HI,96797,4.8,735,Auto repair shop,,,https://www.google.com/maps/place/Capitol+Auto+Service/data=!4m7!3m6!1s0x7c0066f645ada719:0xf6603af262705413!8m2!3d21.424048!4d-158.002037!16s%2Fg%2F1tf3zl3k!19sChIJGaetRfZmAHwRE1RwYvI6YPY?authuser=0&hl=en&rclk=1,auto repair shop,Kalawao County,county,HI,2026-07-24T03:17:13,0x7c0066f645ada719:0xf6603af262705413
Glen's Auto Services,(808) 842-4442,,,"94-1388 Moaniani St, Waipahu, HI 96797, United States",94-1388 Moaniani St,Waipahu,HI,96797,4.8,25,Auto repair shop,,,https://www.google.com/maps/place/Glen%27s+Auto+Services/data=!4m7!3m6!1s0x7c00665ecddcdb01:0xd3b0ea225ff9ad1e!8m2!3d21.4226667!4d-157.9959275!16s%2Fg%2F11b6dl2gnl!19sChIJAdvczV5mAHwRHq35XyLqsNM?authuser=0&hl=en&rclk=1,auto repair shop,Pearl City,city,HI,2026-07-16T11:11:16,0x7c00665ecddcdb01:0xd3b0ea225ff9ad1e
"Lex Brodie's Tire, Brake & Service Company",(808) 400-7539,https://www.lexbrodies.com/?utm_source=google,,"94-169 Farrington Hwy, Waipahu, HI 96797, United States",94-169 Farrington Hwy,Waipahu,HI,96797,4.6,698,Tire shop,,,"https://www.google.com/maps/place/Lex+Brodie%27s+Tire,+Brake+%26+Service+Company/data=!4m7!3m6!1s0x7c00643e5c9bebdd:0x850bfbd2f1c4cc42!8m2!3d21.3781623!4d-158.0216217!16s%2Fg%2F1tjdgdnk!19sChIJ3eubXD5kAHwRQszE8dL7C4U?authuser=0&hl=en&rclk=1",auto repair shop,Pearl City,city,HI,2026-07-16T11:11:16,0x7c00643e5c9bebdd:0x850bfbd2f1c4cc42
Pearl City Transmission,(808) 671-8767,http://www.pearlcitytransmission.com/,,"94-459 Ukeʻe St, Waipahu, HI 96797, United States",94-459 Ukeʻe St,Waipahu,HI,96797,4.8,45,Car repair and maintenance service,,,https://www.google.com/maps/place/Pearl+City+Transmission/data=!4m7!3m6!1s0x7c0066f6fb03332b:0x52b325e1700c632e!8m2!3d21.4249236!4d-158.0038292!16s%2Fg%2F1tfzxq1f!19sChIJKzMD-_ZmAHwRLmMMcOEls1I?authuser=0&hl=en&rclk=1,auto repair shop,Pearl City,city,HI,2026-07-24T04:04:00,0x7c0066f6fb03332b:0x52b325e1700c632e
Performance Auto Repair,(808) 676-4476,,,"94-165A, 94-165 Leonui St Ste a, Waipahu, HI 96797, United States","94-165A, 94-165 Leonui St Ste a",Waipahu,HI,96797,5.0,20,Auto repair shop,,,https://www.google.com/maps/place/Performance+Auto+Repair/data=!4m7!3m6!1s0x7c00643e54f50315:0x58ac6c5b4c5ef9ec!8m2!3d21.3772199!4d-158.0212488!16s%2Fg%2F11b8_x6kl_!19sChIJFQP1VD5kAHwR7PleTFtsrFg?authuser=0&hl=en&rclk=1,auto repair shop,Pearl City,city,HI,2026-07-24T02:52:32,0x7c00643e54f50315:0x58ac6c5b4c5ef9ec
Repairs Done Right,(808) 392-2947,https://www.repairsdoneright.net/,,"94-165 Leonui St D, Waipahu, HI 96797, United States",94-165 Leonui St D,Waipahu,HI,96797,4.8,219,Auto repair shop,,,https://www.google.com/maps/place/Repairs+Done+Right/data=!4m7!3m6!1s0x7c00643e541ba0e1:0x15202e71d871a318!8m2!3d21.3772478!4d-158.0213132!16s%2Fg%2F11b6nql9_h!19sChIJ4aAbVD5kAHwRGKNx2HEuIBU?authuser=0&hl=en&rclk=1,auto repair shop,Pearl City,city,HI,2026-07-24T02:52:32,0x7c00643e541ba0e1:0x15202e71d871a318
Sykes Automotive,(808) 497-4437,http://www.sykesautomotive.com/,,"94-1388 Moaniani St Ste 302, Waipahu, HI 96797, United States",94-1388 Moaniani St Ste 302,Waipahu,HI,96797,4.8,56,Auto repair shop,,,https://www.google.com/maps/place/Sykes+Automotive/data=!4m7!3m6!1s0x7c00677d7a4b7129:0x856c84c68c6fba78!8m2!3d21.4223353!4d-157.99627!16s%2Fg%2F11fsrylqw7!19sChIJKXFLen1nAHwReLpvjMaEbIU?authuser=0&hl=en&rclk=1,auto repair shop,Honolulu County,county,HI,2026-07-16T10:07:48,0x7c00677d7a4b7129:0x856c84c68c6fba78
"Top Level Cars | Vehicle Repair Shop | Mechanic - Waipahu, HI",(808) 777-7812,https://toplevelcarshawaii.com/?utm_source=google_profile&utm_campaign=localo&utm_medium=mainlink,,"94-1388 Moaniani St Unit 216, Waipahu, HI 96797, United States",94-1388 Moaniani St Unit 216,Waipahu,HI,96797,4.7,176,Auto repair shop,,,"https://www.google.com/maps/place/Top+Level+Cars+%7C+Vehicle+Repair+Shop+%7C+Mechanic+-+Waipahu,+HI/data=!4m7!3m6!1s0x7c0067f016c67897:0xed60b3add7accec9!8m2!3d21.4217698!4d-157.9959578!16s%2Fg%2F11vlc8p3zm!19sChIJl3jGFvBnAHwRyc6s162zYO0?authuser=0&hl=en&rclk=1",auto repair shop,Kalawao County,county,HI,2026-07-24T01:59:08,0x7c0067f016c67897:0xed60b3add7accec9
Waipahu Auto Care,(808) 773-7640,https://www.waipahuautocare.com/,,"94-825 Waipahu St, Waipahu, HI 96797, United States",94-825 Waipahu St,Waipahu,HI,96797,4.9,146,Auto repair shop,,,https://www.google.com/maps/place/Waipahu+Auto+Care/data=!4m7!3m6!1s0x7c00650a9107b9cb:0xf65877b518b9273a!8m2!3d21.3852578!4d-158.0083143!16s%2Fg%2F11gj5544xk!19sChIJy7kHkQplAHwROie5GLV3WPY?authuser=0&hl=en&rclk=1,auto repair shop,Kalawao County,county,HI,2026-07-24T03:17:13,0x7c00650a9107b9cb:0xf65877b518b9273a
Waipio Auto Repair,(808) 676-2886,https://www.waipioautorepair.com/,,"94-547 Ukeʻe St #312, Waipahu, HI 96797, United States",94-547 Ukeʻe St #312,Waipahu,HI,96797,4.9,266,Auto repair shop,,,https://www.google.com/maps/place/Waipio+Auto+Repair/data=!4m7!3m6!1s0x7c0066f40a08773f:0xb8a35a9a6b61109a!8m2!3d21.4219523!4d-158.0064467!16s%2Fg%2F1vyswrgz!19sChIJP3cICvRmAHwRmhBha5pao7g?authuser=0&hl=en&rclk=1,auto repair shop,Kalawao County,county,HI,2026-07-24T03:17:13,0x7c0066f40a08773f:0xb8a35a9a6b61109a
