name,phone,website,email,address,street,city,state,zip,rating,review_count,category,hours_status,hours_detail,google_maps_url,search_keyword,search_place,search_type,search_state,scraped_at,place_id
1st Fix Auto Service,(504) 578-2973,http://1stfixautoservice.com/,stfixmobileautoservice@gmail.com,,,,LA,,4.8,25,Car repair and maintenance service,,,https://www.google.com/maps/place/1st+Fix+Auto+Service/data=!4m7!3m6!1s0x8620d37e4d8de0a5:0xeebf634654feaefb!8m2!3d30.0326605!4d-89.8825635!16s%2Fg%2F11nnp_2y0r!19sChIJpeCNTX7TIIYR-67-VEZjv-4?authuser=0&hl=en&rclk=1,auto repair shop,St. John the Baptist Parish,county,LA,2026-07-30T08:30:09,0x8620d37e4d8de0a5:0xeebf634654feaefb
5 Star Tires,(318) 253-9426,,,"Marksville, LA 71351, United States",,,LA,,4.6,10,Tire shop,,,https://www.google.com/maps/place/5+Star+Tires/data=!4m7!3m6!1s0x862511341f7d01d9:0xcdedbd375c269e13!8m2!3d31.1274122!4d-92.0618393!16s%2Fg%2F11sqc_h6rf!19sChIJ2QF9HzQRJYYRE54mXDe97c0?authuser=0&hl=en&rclk=1,auto repair shop,Avoyelles Parish,county,LA,2026-07-29T10:27:09,0x862511341f7d01d9:0xcdedbd375c269e13
Acadiana Roadside - Mobile mechanic,(337) 241-2279,https://www.facebook.com/share/1EyaCPvjK4/?mibextid=wwXIfr,,,,,LA,,4.9,34,Mechanic,,,https://www.google.com/maps/place/Acadiana+Roadside+-+Mobile+mechanic/data=!4m7!3m6!1s0x8624a509da0b63bd:0xfd5a2d4ad97b0a5a!8m2!3d30.2772705!4d-92.5926505!16s%2Fg%2F11xcwtsfp0!19sChIJvWML2gmlJIYRWgp72UotWv0?authuser=0&hl=en&rclk=1,auto repair shop,Acadia Parish,county,LA,2026-07-29T09:43:23,0x8624a509da0b63bd:0xfd5a2d4ad97b0a5a
Adams Mobile Mechanic,(337) 382-3694,,,,,,LA,,4.5,75,Mechanic,,,https://www.google.com/maps/place/Adams+Mobile+Mechanic/data=!4m7!3m6!1s0x8623659a5586d687:0x3af0831a5afc6517!8m2!3d30.1614014!4d-92.044017!16s%2Fg%2F11v1827l1t!19sChIJh9aGVZplI4YRF2X8WhqD8Do?authuser=0&hl=en&rclk=1,auto repair shop,Vermilion Parish,county,LA,2026-07-30T10:15:24,0x8623659a5586d687:0x3af0831a5afc6517
"All Around Tire & Mobile Services, LLC",(318) 521-0590,https://atmdieselservices.org/?utm_source=omg-gbp&utm_medium=webclick,allaroundtiremobile@gmail.com,,,,LA,,5.0,21,Car repair and maintenance service,,,"https://www.google.com/maps/place/All+Around+Tire+%26+Mobile+Services,+LLC/data=!4m7!3m6!1s0x63dbde3080fc76f3:0x59aff9b59151b49b!8m2!3d32.332133!4d-93.4560755!16s%2Fg%2F11ycj3xc9v!19sChIJ83b8gDDe22MRm7RRkbX5r1k?authuser=0&hl=en&rclk=1",auto repair shop,Bienville Parish,county,LA,2026-07-29T10:55:15,0x63dbde3080fc76f3:0x59aff9b59151b49b
American Lock & Key SWLA LLC,(337) 396-6798,,,,,,LA,,4.9,55,Locksmith,,,https://www.google.com/maps/place/American+Lock+%26+Key+SWLA+LLC/data=!4m7!3m6!1s0x863bad20c95d6367:0x26a5a7eadbbe9400!8m2!3d30.743894!4d-93.155857!16s%2Fg%2F11ftc0xw_z!19sChIJZ2NdySCtO4YRAJS-2-qnpSY?authuser=0&hl=en&rclk=1,auto repair shop,Beauregard Parish,county,LA,2026-07-29T10:38:56,0x863bad20c95d6367:0x26a5a7eadbbe9400
Auto-Mancy LLC - Mobile Mechanic,(985) 502-1578,http://www.auto-mancy.com/,mikew@auto-mancy.com,,,,LA,,4.7,13,Mechanic,,,https://www.google.com/maps/place/Auto-Mancy+LLC+-+Mobile+Mechanic/data=!4m7!3m6!1s0x5f0427bcb2649c3:0x69241661e145d4cb!8m2!3d30.3817176!4d-90.1200209!16s%2Fg%2F11lyn4rb3f!19sChIJw0kmy3tC8AURy9RF4WEWJGk?authuser=0&hl=en&rclk=1,auto repair shop,St. Tammany Parish,county,LA,2026-07-30T09:19:04,0x5f0427bcb2649c3:0x69241661e145d4cb
Bogalusa Auto Repair,(985) 732-2518,,,"Bogalusa, LA 70427, United States",,,LA,,4.8,37,Auto repair shop,,,https://www.google.com/maps/place/Bogalusa+Auto+Repair/data=!4m7!3m6!1s0x889d9b4d1ffc5fc7:0x965143f3333de972!8m2!3d30.77312!4d-89.8535885!16s%2Fg%2F1tx_743h!19sChIJx1_8H02bnYgRcuk9M_NDUZY?authuser=0&hl=en&rclk=1,auto repair shop,Washington Parish,county,LA,2026-07-30T10:37:12,0x889d9b4d1ffc5fc7:0x965143f3333de972
Cajun Roadside llc,(337) 321-0632,https://cajunroadside.com/?y_source=1_MTM1NDQ1NDAtNzE1LWxvY2F0aW9uLndlYnNpdGU%3D,impallari@gmail.com,,,,LA,,4.9,60,Towing service,,,https://www.google.com/maps/place/Cajun+Roadside+llc/data=!4m7!3m6!1s0x86237d1c6368a04f:0x6a4271549dcb8177!8m2!3d30.117131!4d-91.971973!16s%2Fg%2F11hbg8z_gj!19sChIJT6BoYxx9I4YRd4HLnVRxQmo?authuser=0&hl=en&rclk=1,auto repair shop,Vermilion Parish,county,LA,2026-07-30T10:15:24,0x86237d1c6368a04f:0x6a4271549dcb8177
Capers Certified- Mobile Mechanic,(206) 402-9490,https://caperscertified.com/,caperscertified@gmail.com,,,,LA,,5.0,27,Mechanic,,,https://www.google.com/maps/place/Capers+Certified-+Mobile+Mechanic/data=!4m7!3m6!1s0x40d5b679dd840c43:0xbb1e0d5e8b0d52d1!8m2!3d32.4767755!4d-92.969033!16s%2Fg%2F11nblkmhl2!19sChIJQwyE3Xm21UAR0VINi14NHrs?authuser=0&hl=en&rclk=1,auto repair shop,Bienville Parish,county,LA,2026-07-29T10:55:15,0x40d5b679dd840c43:0xbb1e0d5e8b0d52d1
Ceramic Plus Mobile Protection and Detailing,(985) 900-4968,,,,,,LA,,5.0,47,Car detailing service,,,https://www.google.com/maps/place/Ceramic+Plus+Mobile+Protection+and+Detailing/data=!4m7!3m6!1s0x66f178d0911798fd:0x48c1bb699f914cc9!8m2!3d30.567943!4d-90.519935!16s%2Fg%2F11tmjhp0fh!19sChIJ_ZgXkdB48WYRyUyRn2m7wUg?authuser=0&hl=en&rclk=1,auto repair shop,West Feliciana Parish,county,LA,2026-07-30T11:19:39,0x66f178d0911798fd:0x48c1bb699f914cc9
Donaldsonville Glass & Body,(985) 369-6394,,,"Napoleonville, LA 70390, United States",,,LA,,2.0,1,Auto repair shop,,,https://www.google.com/maps/place/Donaldsonville+Glass+%26+Body/data=!4m7!3m6!1s0x862145095203de7d:0xd85aeb16e6b2c18b!8m2!3d29.9404803!4d-91.0248213!16s%2Fg%2F1tf2912l!19sChIJfd4DUglFIYYRi8Gy5hbrWtg?authuser=0&hl=en&rclk=1,auto repair shop,Assumption Parish,county,LA,2026-07-29T10:20:35,0x862145095203de7d:0xd85aeb16e6b2c18b
Gulf Coast RV Repair,(850) 460-0631,https://www.gulfcoastrvrepair.com/,,,,,LA,,4.7,13,RV repair and maintenance service,,,https://www.google.com/maps/place/Gulf+Coast+RV+Repair/data=!4m7!3m6!1s0x43cb950f60eeef41:0x4784c212730d4136!8m2!3d30.5372351!4d-87.3366579!16s%2Fg%2F11zjg9ny7f!19sChIJQe_uYA-Vy0MRNkENcxLChEc?authuser=0&hl=en&rclk=1,auto repair shop,Catahoula Parish,county,LA,2026-07-29T11:59:56,0x43cb950f60eeef41:0x4784c212730d4136
Headliner Replacement,(337) 463-6402,,,,,,LA,,5.0,31,Upholstery shop,,,https://www.google.com/maps/place/Headliner+Replacement/data=!4m7!3m6!1s0x863bb314a1b40703:0xaf51c34ccc7fc65f!8m2!3d30.9373736!4d-91.60928!16s%2Fg%2F1th49s87!19sChIJAwe0oRSzO4YRX8Z_zEzDUa8?authuser=0&hl=en&rclk=1,auto repair shop,Beauregard Parish,county,LA,2026-07-29T10:38:56,0x863bb314a1b40703:0xaf51c34ccc7fc65f
J & S AUTO REPAIR,(318) 259-5121,,,"North Hodge, LA 71268, United States",,,LA,,4.4,5,Auto repair shop,,,https://www.google.com/maps/place/J+%26+S+AUTO+REPAIR/data=!4m7!3m6!1s0x8630345ffa06002d:0x7d70046cfdc1168c!8m2!3d32.2810516!4d-92.7187805!16s%2Fg%2F11s75tm8sx!19sChIJLQAG-l80MIYRjBbB_WwEcH0?authuser=0&hl=en&rclk=1,auto repair shop,Winn Parish,county,LA,2026-07-30T11:37:04,0x8630345ffa06002d:0x7d70046cfdc1168c
Johnson's Mobile Mechanic,(337) 244-5870,https://johnsonsmobilemechanic90.godaddysites.com/,wweeiihhuuaanngg@gmail.com,,,,LA,,4.5,25,Car repair and maintenance service,,,https://www.google.com/maps/place/Johnson%27s+Mobile+Mechanic/data=!4m7!3m6!1s0x62f336785b1c70d5:0xa28d790975db777e!8m2!3d31.1689103!4d-100.0768425!16s%2Fg%2F11vjy5ylvv!19sChIJ1XAcW3g282IRfnfbdQl5jaI?authuser=0&hl=en&rclk=1,auto repair shop,Cameron Parish,county,LA,2026-07-29T11:45:07,0x62f336785b1c70d5:0xa28d790975db777e
KG auto care,(337) 351-9709,,,,,,LA,,5.0,1,Auto electrical service,,,https://www.google.com/maps/place/KG+auto+care/data=!4m7!3m6!1s0x677cb94ff35a0259:0x7ab3b7e402562d95!8m2!3d30.5334759!4d-92.0678308!16s%2Fg%2F11np_29r2q!19sChIJWQJa80-5fGcRlS1WAuS3s3o?authuser=0&hl=en&rclk=1,auto repair shop,St. Landry Parish,county,LA,2026-07-30T08:48:39,0x677cb94ff35a0259:0x7ab3b7e402562d95
Kash’s mobile mechanic service,(337) 600-6880,http://kashsmobileservice.com/,,,,,LA,,4.7,33,Mechanic,,,https://www.google.com/maps/place/Kash%E2%80%99s+mobile+mechanic+service/data=!4m7!3m6!1s0x8816bf47b690c6a5:0xc590e578c6ab7b4c!8m2!3d30.356381!4d-91.5867019!16s%2Fg%2F11l6v5_wgt!19sChIJpcaQtke_FogRTHurxnjlkMU?authuser=0&hl=en&rclk=1,auto repair shop,St. Martin Parish,county,LA,2026-07-30T09:03:24,0x8816bf47b690c6a5:0xc590e578c6ab7b4c
"Labbé Services, LLC.",(225) 405-8398,https://www.facebook.com/labbeservicesllc,,,,,LA,,5.0,2,Electrician,,,"https://www.google.com/maps/place/Labb%C3%A9+Services,+LLC./data=!4m7!3m6!1s0x6e479e9c45f08449:0xe5e2308d7fa4c3ef!8m2!3d30.5537715!4d-91.1118995!16s%2Fg%2F11pv3lkl34!19sChIJSYTwRZyeR24R78Okf40w4uU?authuser=0&hl=en&rclk=1",auto repair shop,West Feliciana Parish,county,LA,2026-07-30T11:19:39,0x6e479e9c45f08449:0xe5e2308d7fa4c3ef
Lofton's Detailing & Power Washing,(225) 721-2402,https://loftondetailing.wixsite.com/mysite,,,,,LA,,5.0,2,Car detailing service,,,https://www.google.com/maps/place/Lofton%27s+Detailing+%26+Power+Washing/data=!4m7!3m6!1s0x410599b6dda00559:0xfef1188442fc59af!8m2!3d30.7275986!4d-90.5548394!16s%2Fg%2F11vyx27q8v!19sChIJWQWg3baZBUERr1n8QoQY8f4?authuser=0&hl=en&rclk=1,auto repair shop,West Feliciana Parish,county,LA,2026-07-30T11:19:39,0x410599b6dda00559:0xfef1188442fc59af
MJ's Auto Repair,(337) 458-8579,http://www.oblmanagement.org/,,,,,LA,,5.0,1,Auto radiator repair service,,,https://www.google.com/maps/place/MJ%27s+Auto+Repair/data=!4m7!3m6!1s0x28f3c464346c917:0xe1bc60bd541dbd47!8m2!3d30.2636236!4d-92.1590084!16s%2Fg%2F11yq15jn05!19sChIJF8lGQ0Y8jwIRR70dVL1gvOE?authuser=0&hl=en&rclk=1,auto repair shop,St. Martin Parish,county,LA,2026-07-30T09:03:24,0x28f3c464346c917:0xe1bc60bd541dbd47
Mobile Maintenance & Repair LLC,(337) 202-5363,http://mmrmechanic.com/,mobilemrepair@gmail.com,,,,LA,,5.0,11,Mechanic,,,https://www.google.com/maps/place/Mobile+Maintenance+%26+Repair+LLC/data=!4m7!3m6!1s0x8b57a9ef6232198f:0x841a2cfea66e3fc6!8m2!3d30.8503305!4d-93.300977!16s%2Fg%2F11wy0fg_9p!19sChIJjxkyYu-pV4sRxj9upv4sGoQ?authuser=0&hl=en&rclk=1,auto repair shop,Beauregard Parish,county,LA,2026-07-29T10:38:56,0x8b57a9ef6232198f:0x841a2cfea66e3fc6
New Roads Glass,(225) 638-1382,https://newroadsglassllc.com/,newroadsglass@gmail.com,,,,LA,,5.0,1,Auto glass repair service,,,https://www.google.com/maps/place/New+Roads+Glass/data=!4m7!3m6!1s0xc41337f65a01d:0x54149a225a5bf556!8m2!3d30.6589084!4d-91.666561!16s%2Fg%2F11yq8t32zl!19sChIJHaBlfzNBDAARVvVbWiKaFFQ?authuser=0&hl=en&rclk=1,auto repair shop,West Feliciana Parish,county,LA,2026-07-30T11:19:39,0xc41337f65a01d:0x54149a225a5bf556
R & F Mobile Mechanic,(225) 317-5709,,,,,,LA,,4.8,88,Mechanic,,,https://www.google.com/maps/place/R+%26+F+Mobile+Mechanic/data=!4m7!3m6!1s0x8626971f41c2416d:0x80821d7f46dd6617!8m2!3d30.4418786!4d-91.031017!16s%2Fg%2F11t1dqkf4k!19sChIJbUHCQR-XJoYRF2bdRn8dgoA?authuser=0&hl=en&rclk=1,auto repair shop,West Feliciana Parish,county,LA,2026-07-30T11:19:39,0x8626971f41c2416d:0x80821d7f46dd6617
RM Mobile Mechanics,(318) 312-8268,,,,,,LA,,,,Car repair and maintenance service,,,https://www.google.com/maps/place/RM+Mobile+Mechanics/data=!4m7!3m6!1s0x695b0486fb58ab85:0x3829dcdcefedcc01!8m2!3d31.7631574!4d-92.035801!16s%2Fg%2F11zglw5djx!19sChIJhatY-4YEW2kRAczt79zcKTg?authuser=0&hl=en&rclk=1,auto repair shop,Catahoula Parish,county,LA,2026-07-29T11:59:56,0x695b0486fb58ab85:0x3829dcdcefedcc01
Randy's Mobile Auto Services,(337) 340-1983,,,,,,LA,,5.0,4,Auto tune up service,,,https://www.google.com/maps/place/Randy%27s+Mobile+Auto+Services/data=!4m7!3m6!1s0x66e651cf779f8225:0x4b95fe9d38a2e4f9!8m2!3d30.647599!4d-93.1145639!16s%2Fg%2F11yck6qk4_!19sChIJJYKfd89R5mYR-eSiOJ3-lUs?authuser=0&hl=en&rclk=1,auto repair shop,Beauregard Parish,county,LA,2026-07-29T10:38:56,0x66e651cf779f8225:0x4b95fe9d38a2e4f9
Repair N Go LLC,(337) 519-8427,https://repair-n-go.com/,repairme@repair-n-go.com,,,,LA,,5.0,37,Mechanic,,,https://www.google.com/maps/place/Repair+N+Go+LLC/data=!4m7!3m6!1s0x4310f7e4063705f3:0xb7c81499f9757427!8m2!3d30.9373736!4d-91.40087!16s%2Fg%2F11vrzp2ytx!19sChIJ8wU3BuT3EEMRJ3R1-ZkUyLc?authuser=0&hl=en&rclk=1,auto repair shop,Vermilion Parish,county,LA,2026-07-30T10:15:24,0x4310f7e4063705f3:0xb7c81499f9757427
Rheams Integrity Mobile Auto Glass Repair,(225) 367-9361,https://rheamsintegrity.com/,,,,,LA,,5.0,32,Auto glass repair service,,,https://www.google.com/maps/place/Rheams+Integrity+Mobile+Auto+Glass+Repair/data=!4m7!3m6!1s0x8024b7824448b01b:0x2e6c06807738d0a2!8m2!3d30.4418786!4d-91.0712554!16s%2Fg%2F11x71cb2qv!19sChIJG7BIRIK3JIARotA4d4AGbC4?authuser=0&hl=en&rclk=1,auto repair shop,West Feliciana Parish,county,LA,2026-07-30T11:19:39,0x8024b7824448b01b:0x2e6c06807738d0a2
Roadside Tire Tech - Lafayette,(337) 591-3312,http://www.tiretechservices.com/,tiretechservice@yahoo.com,,,,LA,,5.0,41,Tire service,,,https://www.google.com/maps/place/Roadside+Tire+Tech+-+Lafayette/data=!4m7!3m6!1s0x26504c25389bf02b:0xd0cafeed7f936229!8m2!3d30.2315799!4d-92.0842175!16s%2Fg%2F11m6q_zbh4!19sChIJK_CbOCVMUCYRKWKTf-3-ytA?authuser=0&hl=en&rclk=1,auto repair shop,St. Landry Parish,county,LA,2026-07-30T08:48:39,0x26504c25389bf02b:0xd0cafeed7f936229
"Semper Fi Auto Mechanic, LLC",(985) 320-2014,,,"Ponchatoula, LA 70454, United States",,,LA,,4.9,56,Auto repair shop,,,"https://www.google.com/maps/place/Semper+Fi+Auto+Mechanic,+LLC/data=!4m7!3m6!1s0x862722583b4b7f03:0xdabfbd94820a7030!8m2!3d30.4493182!4d-90.3088825!16s%2Fg%2F11rxh_28r6!19sChIJA39LO1giJ4YRMHAKgpS9v9o?authuser=0&hl=en&rclk=1",auto repair shop,Tangipahoa Parish,county,LA,2026-07-30T09:29:30,0x862722583b4b7f03:0xdabfbd94820a7030
Short's Body Shop & Auto Sales,(318) 757-9719,,,"Ferriday, LA 71334, United States",,,LA,,3.0,2,Auto body shop,,,https://www.google.com/maps/place/Short%27s+Body+Shop+%26+Auto+Sales/data=!4m7!3m6!1s0x86258aa5815f9459:0xbbab113f9deadac7!8m2!3d31.6052111!4d-91.5204503!16s%2Fg%2F1td0b93c!19sChIJWZRfgaWKJYYRx9rqnT8Rq7s?authuser=0&hl=en&rclk=1,auto repair shop,Catahoula Parish,county,LA,2026-07-29T11:59:56,0x86258aa5815f9459:0xbbab113f9deadac7
St Francisville Detailing,(225) 577-6877,https://stfrancisvilledetailing.com/?utm_source=gbp&utm_medium=organic,,,,,LA,,5.0,2,Car detailing service,,,https://www.google.com/maps/place/St+Francisville+Detailing/data=!4m7!3m6!1s0xab528bd9683bcf81:0xfb94c5f99e334832!8m2!3d30.7878675!4d-91.3778456!16s%2Fg%2F11nqxh4sc0!19sChIJgc87aNmLUqsRMkgznvnFlPs?authuser=0&hl=en&rclk=1,auto repair shop,West Feliciana Parish,county,LA,2026-07-30T11:19:39,0xab528bd9683bcf81:0xfb94c5f99e334832
Wilkins Mobile Lube,(318) 305-8012,,,"Mansura, LA 71350, United States",,,LA,,5.0,4,Oil change service,,,https://www.google.com/maps/place/Wilkins+Mobile+Lube/data=!4m7!3m6!1s0x86251a40cc3e5a81:0xef80cb329189ee8a!8m2!3d31.0575455!4d-92.048719!16s%2Fg%2F11fxz5btxl!19sChIJgVo-zEAaJYYRiu6JkTLLgO8?authuser=0&hl=en&rclk=1,auto repair shop,Avoyelles Parish,county,LA,2026-07-29T10:27:09,0x86251a40cc3e5a81:0xef80cb329189ee8a
William & Sons Auto,(225) 638-6838,,,"New Roads, LA 70760, United States",,,LA,,4.7,15,Auto repair shop,,,https://www.google.com/maps/place/William+%26+Sons+Auto/data=!4m7!3m6!1s0x862439d660df046f:0x261bd111fb54b211!8m2!3d30.7010611!4d-91.4762664!16s%2Fg%2F11qg2ygbjh!19sChIJbwTfYNY5JIYREbJU-xHRGyY?authuser=0&hl=en&rclk=1,auto repair shop,West Feliciana Parish,county,LA,2026-07-30T11:19:39,0x862439d660df046f:0x261bd111fb54b211
Abbeville Auto Body,(337) 893-4995,,,"203 Trahan, Abbeville, LA 70510, United States",203 Trahan,Abbeville,LA,70510,4.4,43,Auto repair shop,,,https://www.google.com/maps/place/Abbeville+Auto+Body/data=!4m7!3m6!1s0x862368013ff475b9:0x5a2f2ccea38a4e0f!8m2!3d29.9526862!4d-92.1414456!16s%2Fg%2F1hc41g7v4!19sChIJuXX0PwFoI4YRD06Ko84sL1o?authuser=0&hl=en&rclk=1,auto repair shop,Vermilion Parish,county,LA,2026-07-30T10:15:24,0x862368013ff475b9:0x5a2f2ccea38a4e0f
Allens Collision Repair Center,(337) 898-0248,,,"8431 US-167, Abbeville, LA 70510, United States",8431 US-167,Abbeville,LA,70510,4.9,15,Auto body shop,,,https://www.google.com/maps/place/Allens+Collision+Repair+Center/data=!4m7!3m6!1s0x862367aad2f1ca03:0xef4ba29703c6f3c0!8m2!3d30.0286502!4d-92.1231582!16s%2Fg%2F11qqrmy9vc!19sChIJA8rx0qpnI4YRwPPGA5eiS-8?authuser=0&hl=en&rclk=1,auto repair shop,Vermilion Parish,county,LA,2026-07-30T10:15:24,0x862367aad2f1ca03:0xef4ba29703c6f3c0
Auto-Go Transmission,(337) 898-2423,http://auto-gotransmission.com/,,"2209 Charity St, Abbeville, LA 70510, United States",2209 Charity St,Abbeville,LA,70510,4.7,49,Transmission shop,,,https://www.google.com/maps/place/Auto-Go+Transmission/data=!4m7!3m6!1s0x862367cee633d8f3:0x2c36b60f531a6317!8m2!3d29.9729857!4d-92.1125825!16s%2Fg%2F1v5fs82_!19sChIJ89gz5s5nI4YRF2MaUw-2Niw?authuser=0&hl=en&rclk=1,auto repair shop,Vermilion Parish,county,LA,2026-07-30T10:15:24,0x862367cee633d8f3:0x2c36b60f531a6317
Auto-Tech automotive,(337) 781-3749,,,"410 Charity St, Abbeville, LA 70510, United States",410 Charity St,Abbeville,LA,70510,4.4,30,Auto repair shop,,,https://www.google.com/maps/place/Auto-Tech+automotive/data=!4m7!3m6!1s0x862367c9ee03a39b:0x771546c5f336cf6a!8m2!3d29.9732919!4d-92.131608!16s%2Fg%2F11vq48w7n_!19sChIJm6MD7slnI4YRas8288VGFXc?authuser=0&hl=en&rclk=1,auto repair shop,Vermilion Parish,county,LA,2026-07-30T10:15:24,0x862367c9ee03a39b:0x771546c5f336cf6a
Boulevard Exxon,(337) 898-2553,,,"1200 Charity St, Abbeville, LA 70510, United States",1200 Charity St,Abbeville,LA,70510,4.5,56,Gas station,,,https://www.google.com/maps/place/Boulevard+Exxon/data=!4m7!3m6!1s0x862367c26fd77d29:0x87cdd987d844478a!8m2!3d29.9723037!4d-92.1247042!16s%2Fg%2F1tgzbq9q!19sChIJKX3Xb8JnI4YRikdE2IfZzYc?authuser=0&hl=en&rclk=1,auto repair shop,Vermilion Parish,county,LA,2026-07-30T10:15:24,0x862367c26fd77d29:0x87cdd987d844478a
CoJo Motors,(337) 422-5001,https://www.facebook.com/MotorSportsParadise,,"118 Perry Dr, Abbeville, LA 70510, United States",118 Perry Dr,Abbeville,LA,70510,5.0,10,Auto repair shop,,,https://www.google.com/maps/place/CoJo+Motors/data=!4m7!3m6!1s0x862369f99a8eb723:0x730376601472996b!8m2!3d29.9550123!4d-92.1430635!16s%2Fg%2F11fqp8pj4z!19sChIJI7eOmvlpI4YRa5lyFGB2A3M?authuser=0&hl=en&rclk=1,auto repair shop,Vermilion Parish,county,LA,2026-07-30T10:15:24,0x862369f99a8eb723:0x730376601472996b
Craigs Auto Expert,(337) 898-2488,,,"1708 Veterans Memorial Dr, Abbeville, LA 70510, United States",1708 Veterans Memorial Dr,Abbeville,LA,70510,4.5,21,Gas station,,,https://www.google.com/maps/place/Craigs+Auto+Expert/data=!4m7!3m6!1s0x862367b88fc1bde3:0xd08f8a7d4a009e0!8m2!3d29.9806167!4d-92.1175437!16s%2Fg%2F1thtpz2v!19sChIJ473Bj7hnI4YR4Amg1Kf4CA0?authuser=0&hl=en&rclk=1,auto repair shop,Vermilion Parish,county,LA,2026-07-30T10:15:24,0x862367b88fc1bde3:0xd08f8a7d4a009e0
Custom Glass & Mirror,(337) 893-2341,,,"900 W Port St, Abbeville, LA 70510, United States",900 W Port St,Abbeville,LA,70510,4.7,37,Auto glass shop,,,https://www.google.com/maps/place/Custom+Glass+%26+Mirror/data=!4m7!3m6!1s0x862367f5bc72903f:0x17f5566f0919a368!8m2!3d29.9761694!4d-92.1436522!16s%2Fg%2F1tg5z_db!19sChIJP5ByvPVnI4YRaKMZCW9W9Rc?authuser=0&hl=en&rclk=1,auto repair shop,Vermilion Parish,county,LA,2026-07-30T10:15:24,0x862367f5bc72903f:0x17f5566f0919a368
F&S Automotive,(337) 898-3707,,,"1922 Charity St, Abbeville, LA 70510, United States",1922 Charity St,Abbeville,LA,70510,4.6,48,Auto repair shop,,,https://www.google.com/maps/place/F%26S+Automotive/data=!4m7!3m6!1s0x862367cfcfaea339:0x98271db626956da7!8m2!3d29.9720208!4d-92.1163451!16s%2Fg%2F11g_xws7rx!19sChIJOaOuz89nI4YRp22VJrYdJ5g?authuser=0&hl=en&rclk=1,auto repair shop,Vermilion Parish,county,LA,2026-07-30T10:15:24,0x862367cfcfaea339:0x98271db626956da7
Fleuriet Automotive Service,(337) 893-1743,,,"606 W Port St, Abbeville, LA 70510, United States",606 W Port St,Abbeville,LA,70510,5.0,5,Auto repair shop,,,https://www.google.com/maps/place/Fleuriet+Automotive+Service/data=!4m7!3m6!1s0x86236702d1e77a73:0x36d0423b9750b22f!8m2!3d29.9759008!4d-92.141284!16s%2Fg%2F11ywjsm_3r!19sChIJc3rn0QJnI4YRL7JQlztC0DY?authuser=0&hl=en&rclk=1,auto repair shop,Vermilion Parish,county,LA,2026-07-30T10:15:24,0x86236702d1e77a73:0x36d0423b9750b22f
Gauge Auto LLC,(337) 283-0185,,,"213 Donald Frederick Blvd, Abbeville, LA 70510, United States",213 Donald Frederick Blvd,Abbeville,LA,70510,5.0,2,Auto machine shop,,,https://www.google.com/maps/place/Gauge+Auto+LLC/data=!4m7!3m6!1s0x862367daa79ac3d7:0x545f021dd2620e2c!8m2!3d29.9740535!4d-92.1242541!16s%2Fg%2F11pv107q8b!19sChIJ18Oap9pnI4YRLA5i0h0CX1Q?authuser=0&hl=en&rclk=1,auto repair shop,Vermilion Parish,county,LA,2026-07-30T10:15:24,0x862367daa79ac3d7:0x545f021dd2620e2c
H&H Auto,(225) 301-2101,,,"5920 Golden Zenon Rd, Abbeville, LA 70510, United States",5920 Golden Zenon Rd,Abbeville,LA,70510,5.0,16,Auto repair shop,,,https://www.google.com/maps/place/H%26H+Auto/data=!4m7!3m6!1s0x862367b50b5a68f7:0xde3650f7c95f8c21!8m2!3d29.9859519!4d-92.0726214!16s%2Fg%2F11flz1w_x1!19sChIJ92haC7VnI4YRIYxfyfdQNt4?authuser=0&hl=en&rclk=1,auto repair shop,Vermilion Parish,county,LA,2026-07-30T10:15:24,0x862367b50b5a68f7:0xde3650f7c95f8c21
Hebert's Auto Repair,(337) 893-6886,,,"3142 Cypress St, Abbeville, LA 70510, United States",3142 Cypress St,Abbeville,LA,70510,4.3,3,Auto repair shop,,,https://www.google.com/maps/place/Hebert%27s+Auto+Repair/data=!4m7!3m6!1s0x8623662494be39ef:0xa7bd3d52f0cba6ee!8m2!3d29.9671954!4d-92.0920009!16s%2Fg%2F1tmxrcrh!19sChIJ7zm-lCRmI4YR7qbL8FI9vac?authuser=0&hl=en&rclk=1,auto repair shop,Vermilion Parish,county,LA,2026-07-30T10:15:24,0x8623662494be39ef:0xa7bd3d52f0cba6ee
Hebert's Custom Automotive LLC,(337) 354-6267,https://www.facebook.com/hebertscustomautomotivellc/,,"8001 Moline Ave, Abbeville, LA 70510, United States",8001 Moline Ave,Abbeville,LA,70510,4.7,31,Auto repair shop,,,https://www.google.com/maps/place/Hebert%27s+Custom+Automotive+LLC/data=!4m7!3m6!1s0x862367a05d99dfa5:0x16978c067989f430!8m2!3d30.0350494!4d-92.1207179!16s%2Fg%2F11dxn51zwf!19sChIJpd-ZXaBnI4YRMPSJeQaMlxY?authuser=0&hl=en&rclk=1,auto repair shop,Vermilion Parish,county,LA,2026-07-30T10:15:24,0x862367a05d99dfa5:0x16978c067989f430
Huberts Auto Repair,(337) 366-7982,,,"309 Lovers Ln, Abbeville, LA 70510, United States",309 Lovers Ln,Abbeville,LA,70510,,,Auto repair shop,,,https://www.google.com/maps/place/Huberts+Auto+Repair/data=!4m7!3m6!1s0x8623699923ad562f:0xe95f0f22e059f488!8m2!3d29.9513883!4d-92.1398006!16s%2Fg%2F11ng29dkvn!19sChIJL1atI5lpI4YRiPRZ4CIPX-k?authuser=0&hl=en&rclk=1,auto repair shop,Vermilion Parish,county,LA,2026-07-30T10:15:24,0x8623699923ad562f:0xe95f0f22e059f488
Jim's Tire Services,(337) 893-3006,,,"405 S State St, Abbeville, LA 70510, United States",405 S State St,Abbeville,LA,70510,4.6,127,Tire shop,,,https://www.google.com/maps/place/Jim%27s+Tire+Services/data=!4m7!3m6!1s0x862367f037d5f8db:0x1e4c8a666a0a6820!8m2!3d29.9702492!4d-92.1362204!16s%2Fg%2F1vzn5y13!19sChIJ2_jVN_BnI4YRIGgKamaKTB4?authuser=0&hl=en&rclk=1,auto repair shop,Vermilion Parish,county,LA,2026-07-30T10:15:24,0x862367f037d5f8db:0x1e4c8a666a0a6820
Louisiana Tires Shop,(337) 893-8677,,,"2520 A, 2520 Veterans Memorial Dr, Abbeville, LA 70510, United States","2520 A, 2520 Veterans Memorial Dr",Abbeville,LA,70510,4.2,21,Tire shop,,,https://www.google.com/maps/place/Louisiana+Tires+Shop/data=!4m7!3m6!1s0x862367cb414a4755:0x63c40f9b4a1ee74b!8m2!3d29.9757945!4d-92.1066893!16s%2Fg%2F11gxsbz4s1!19sChIJVUdKQctnI4YRS-ceSpsPxGM?authuser=0&hl=en&rclk=1,auto repair shop,Vermilion Parish,county,LA,2026-07-30T10:15:24,0x862367cb414a4755:0x63c40f9b4a1ee74b
Mid-South Mechanic Services,(337) 962-4020,,,"1924 S State St, Abbeville, LA 70510, United States",1924 S State St,Abbeville,LA,70510,,,Mechanic,,,https://www.google.com/maps/place/Mid-South+Mechanic+Services/data=!4m7!3m6!1s0x86235b9700a22cef:0xca487ddf0c59062a!8m2!3d29.955308!4d-92.142487!16s%2Fg%2F11nn1gccnm!19sChIJ7yyiAJdbI4YRKgZZDN99SMo?authuser=0&hl=en&rclk=1,auto repair shop,Vermilion Parish,county,LA,2026-07-30T10:15:24,0x86235b9700a22cef:0xca487ddf0c59062a
Musson Patout Ford,(337) 492-0694,https://www.mussonpatoutford.com/?utm_source=google&utm_medium=organic&utm_campaign=gbp,,"1201 US-167, Abbeville, LA 70510, United States",1201 US-167,Abbeville,LA,70510,4.7,235,Car dealer,,,https://www.google.com/maps/place/Musson+Patout+Ford/data=!4m7!3m6!1s0x8623670b7d643291:0x47589bdef6b2c773!8m2!3d29.9869239!4d-92.1382592!16s%2Fg%2F11sy3wlg5n!19sChIJkTJkfQtnI4YRc8ey9t6bWEc?authuser=0&hl=en&rclk=1,auto repair shop,Vermilion Parish,county,LA,2026-07-30T10:15:24,0x8623670b7d643291:0x47589bdef6b2c773
Nu-Tek,(337) 898-1955,,,"219 W Summers Dr, Abbeville, LA 70510, United States",219 W Summers Dr,Abbeville,LA,70510,3.6,40,Auto repair shop,,,https://www.google.com/maps/place/Nu-Tek/data=!4m7!3m6!1s0x86236792454f92dd:0xf5e2bc6ee9fe088!8m2!3d29.9836314!4d-92.1334062!16s%2Fg%2F113g0bnz2!19sChIJ3ZJPRZJnI4YRiOCf7sYrXg8?authuser=0&hl=en&rclk=1,auto repair shop,Vermilion Parish,county,LA,2026-07-30T10:15:24,0x86236792454f92dd:0xf5e2bc6ee9fe088
Phil's Auto Repair,(337) 412-9857,,,"110 Alan Ln, Abbeville, LA 70510, United States",110 Alan Ln,Abbeville,LA,70510,5.0,7,Auto repair shop,,,https://www.google.com/maps/place/Phil%27s+Auto+Repair/data=!4m7!3m6!1s0x862367fca7436cdb:0xfdd996e3bff661b8!8m2!3d29.9912865!4d-92.136182!16s%2Fg%2F11xmn50jrl!19sChIJ22xDp_xnI4YRuGH2v-OW2f0?authuser=0&hl=en&rclk=1,auto repair shop,Vermilion Parish,county,LA,2026-07-30T10:15:24,0x862367fca7436cdb:0xfdd996e3bff661b8
Pupie's Auto Repair,(337) 898-2392,,,"514 N John M Hardy Dr #5039, Abbeville, LA 70510, United States",514 N John M Hardy Dr #5039,Abbeville,LA,70510,4.9,63,Auto repair shop,,,https://www.google.com/maps/place/Pupie%27s+Auto+Repair/data=!4m7!3m6!1s0x862367c8c4d4e815:0xa25b0d48be1c6888!8m2!3d29.9761486!4d-92.1138763!16s%2Fg%2F1td4_6dk!19sChIJFejUxMhnI4YRiGgcvkgNW6I?authuser=0&hl=en&rclk=1,auto repair shop,Vermilion Parish,county,LA,2026-07-30T10:15:24,0x862367c8c4d4e815:0xa25b0d48be1c6888
Ray Chevrolet Service Dept,(337) 892-3226,https://www.raychevy.com/ServiceAndPartsSpecials,,"716 W Summers Dr, Abbeville, LA 70510, United States",716 W Summers Dr,Abbeville,LA,70510,4.8,45,Auto repair shop,,,https://www.google.com/maps/place/Ray+Chevrolet+Service+Dept/data=!4m7!3m6!1s0x862367ad68bc9d7f:0x299e03b05354553f!8m2!3d29.9846216!4d-92.1393851!16s%2Fg%2F11fl8xsm71!19sChIJf528aK1nI4YRP1VUU7ADnik?authuser=0&hl=en&rclk=1,auto repair shop,Vermilion Parish,county,LA,2026-07-30T10:15:24,0x862367ad68bc9d7f:0x299e03b05354553f
Ray’s Complete Auto Body & Wrecker,(337) 892-3266,http://www.rayscomplete.com/,,"1913 W Summers Dr, Abbeville, LA 70510, United States",1913 W Summers Dr,Abbeville,LA,70510,4.8,36,Auto body shop,,,https://www.google.com/maps/place/Ray%E2%80%99s+Complete+Auto+Body+%26+Wrecker/data=!4m7!3m6!1s0x86235d66ad19eaed:0x8622b3690de104a0!8m2!3d29.9840664!4d-92.1513554!16s%2Fg%2F1tdjrhpn!19sChIJ7eoZrWZdI4YRoAThDWmzIoY?authuser=0&hl=en&rclk=1,auto repair shop,Vermilion Parish,county,LA,2026-07-30T10:15:24,0x86235d66ad19eaed:0x8622b3690de104a0
Republic Auto Parts,(337) 893-3111,http://www.btbautoparts.com/,,"1005 S State St, Abbeville, LA 70510, United States",1005 S State St,Abbeville,LA,70510,5.0,24,Auto parts store,,,https://www.google.com/maps/place/Republic+Auto+Parts/data=!4m7!3m6!1s0x862367fbaa6bc10f:0x868f98b33806871d!8m2!3d29.9646477!4d-92.1375573!16s%2Fg%2F1w0r0857!19sChIJD8FrqvtnI4YRHYcGOLOYj4Y?authuser=0&hl=en&rclk=1,auto repair shop,Vermilion Parish,county,LA,2026-07-30T10:15:24,0x862367fbaa6bc10f:0x868f98b33806871d
Romero's Auto Electric LCC,(337) 898-0494,,,"217 Eliza St, Abbeville, LA 70510, United States",217 Eliza St,Abbeville,LA,70510,5.0,9,Auto electrical service,,,https://www.google.com/maps/place/Romero%27s+Auto+Electric+LCC/data=!4m7!3m6!1s0x86236801e4182e81:0x914b6c7067ec3533!8m2!3d29.9519428!4d-92.1446491!16s%2Fg%2F1tgk0_fb!19sChIJgS4Y5AFoI4YRMzXsZ3BsS5E?authuser=0&hl=en&rclk=1,auto repair shop,Vermilion Parish,county,LA,2026-07-30T10:15:24,0x86236801e4182e81:0x914b6c7067ec3533
T-Rob's Auto Center,(337) 898-2547,,,"1200 W Port St, Abbeville, LA 70510, United States",1200 W Port St,Abbeville,LA,70510,4.8,124,Tire shop,,,https://www.google.com/maps/place/T-Rob%27s+Auto+Center/data=!4m7!3m6!1s0x86235d5f0d2ddc83:0x8bb5565fa13fd30a!8m2!3d29.9766537!4d-92.1463673!16s%2Fg%2F1tk_pmw5!19sChIJg9wtDV9dI4YRCtM_oV9WtYs?authuser=0&hl=en&rclk=1,auto repair shop,Vermilion Parish,county,LA,2026-07-30T10:15:24,0x86235d5f0d2ddc83:0x8bb5565fa13fd30a
TD AUTOMOTIVE,(337) 207-8799,,,"127 Chauvin St, Abbeville, LA 70510, United States",127 Chauvin St,Abbeville,LA,70510,1.0,1,Auto repair shop,,,https://www.google.com/maps/place/TD+AUTOMOTIVE/data=!4m7!3m6!1s0x862367aec9ce709b:0x305355c740f5da35!8m2!3d29.9726576!4d-92.11916!16s%2Fg%2F11nx1f87zv!19sChIJm3DOya5nI4YRNdr1QMdVUzA?authuser=0&hl=en&rclk=1,auto repair shop,Vermilion Parish,county,LA,2026-07-30T10:15:24,0x862367aec9ce709b:0x305355c740f5da35
Terry's Truck & Diesel Repair,(337) 893-7569,http://www.terrysdiesel.com/,,"2005 W Summers Dr, Abbeville, LA 70510, United States",2005 W Summers Dr,Abbeville,LA,70510,4.8,36,Truck repair shop,,,https://www.google.com/maps/place/Terry%27s+Truck+%26+Diesel+Repair/data=!4m7!3m6!1s0x86235d66a4974689:0x6040fd2cca1e7561!8m2!3d29.9842777!4d-92.1522903!16s%2Fg%2F1tnct7vq!19sChIJiUaXpGZdI4YRYXUeyiz9QGA?authuser=0&hl=en&rclk=1,auto repair shop,Vermilion Parish,county,LA,2026-07-30T10:15:24,0x86235d66a4974689:0x6040fd2cca1e7561
"VERMILION TITLE & NOTARY SERVICES, LLC",(337) 893-7299,https://offices.omv.la.gov/details.html?office=888,,"320 Jacqulyn St, Abbeville, LA 70510, United States",320 Jacqulyn St,Abbeville,LA,70510,4.6,29,Auto tag agency,,,"https://www.google.com/maps/place/VERMILION+TITLE+%26+NOTARY+SERVICES,+LLC/data=!4m7!3m6!1s0x862369aec6138fbf:0x342e15087ab3d07b!8m2!3d29.9551632!4d-92.1381401!16s%2Fg%2F11j1r5n5d3!19sChIJv48Txq5pI4YRe9CzeggVLjQ?authuser=0&hl=en&rclk=1",auto repair shop,Vermilion Parish,county,LA,2026-07-30T10:15:24,0x862369aec6138fbf:0x342e15087ab3d07b
Abita Full Serve,(985) 892-5222,http://www.abitafullservegarage.com/,,"72019 Maple St, Abita Springs, LA 70420, United States",72019 Maple St,Abita Springs,LA,70420,4.6,47,Auto repair shop,,,https://www.google.com/maps/place/Abita+Full+Serve/data=!4m7!3m6!1s0x86275efe2117e6e3:0xfad7dc6959ca1303!8m2!3d30.4785767!4d-90.0377044!16s%2Fg%2F11clzh7xcj!19sChIJ4-YXIf5eJ4YRAxPKWWnc1_o?authuser=0&hl=en&rclk=1,auto repair shop,St. Tammany Parish,county,LA,2026-07-30T09:19:04,0x86275efe2117e6e3:0xfad7dc6959ca1303
Car Medics,(985) 809-5055,http://carmedicsllc.com/,,"70340 LA-59, Abita Springs, LA 70420, United States",70340 LA-59,Abita Springs,LA,70420,4.5,93,Auto repair shop,,,https://www.google.com/maps/place/Car+Medics/data=!4m7!3m6!1s0x86275edeef2bd769:0x3ce760d027bdde26!8m2!3d30.4555437!4d-90.0403969!16s%2Fg%2F1hhjsl7yw!19sChIJadcr795eJ4YRJt69J9Bg5zw?authuser=0&hl=en&rclk=1,auto repair shop,St. Tammany Parish,county,LA,2026-07-30T09:19:04,0x86275edeef2bd769:0x3ce760d027bdde26
Grand Touring Automotive,(985) 888-1879,https://booking.tekmetric.com/?shop=39a6a799-bcb1-418a-90dc-a3b73e0eaf38,,"21442 LA-36, Abita Springs, LA 70420, United States",21442 LA-36,Abita Springs,LA,70420,5.0,42,Auto repair shop,,,https://www.google.com/maps/place/Grand+Touring+Automotive/data=!4m7!3m6!1s0x86275f6f726453c3:0xe119ac178d7e37e5!8m2!3d30.4825109!4d-90.0442535!16s%2Fg%2F11h7g50f32!19sChIJw1Nkcm9fJ4YR5Td-jResGeE?authuser=0&hl=en&rclk=1,auto repair shop,St. John the Baptist Parish,county,LA,2026-07-30T08:30:09,0x86275f6f726453c3:0xe119ac178d7e37e5
J1 Performance and Repair,(225) 209-5235,https://www.jjperformanceandrepair.com/,,"30175 LA-43, Albany, LA 70711, United States",30175 LA-43,Albany,LA,70711,4.8,102,Auto repair shop,,,https://www.google.com/maps/place/J1+Performance+and+Repair/data=!4m7!3m6!1s0x86272113da3ed49f:0x23c0b3340f4a8b69!8m2!3d30.5090197!4d-90.5830093!16s%2Fg%2F11vy2d4nlk!19sChIJn9Q-2hMhJ4YRaYtKDzSzwCM?authuser=0&hl=en&rclk=1,auto repair shop,Tangipahoa Parish,county,LA,2026-07-30T09:29:30,0x86272113da3ed49f:0x23c0b3340f4a8b69
Tim's Auto Repair,(985) 363-0559,,,"31646 Pea Ridge Rd, Albany, LA 70711, United States",31646 Pea Ridge Rd,Albany,LA,70711,4.5,26,Auto repair shop,,,https://www.google.com/maps/place/Tim%27s+Auto+Repair/data=!4m7!3m6!1s0x8626e17388a48723:0x199fcd4e418db340!8m2!3d30.5409136!4d-90.6100827!16s%2Fg%2F11w8krg6_n!19sChIJI4ekiHPhJoYRQLONQU7Nnxk?authuser=0&hl=en&rclk=1,auto repair shop,Tangipahoa Parish,county,LA,2026-07-30T09:29:30,0x8626e17388a48723:0x199fcd4e418db340
"""Auto Body Experience LLC""",(318) 763-1244,,,"5774 Twin Bridges Rd, Alexandria, LA 71303, United States",5774 Twin Bridges Rd,Alexandria,LA,71303,4.9,18,Auto body shop,,,https://www.google.com/maps/place/%22Auto+Body+Experience+LLC%22/data=!4m7!3m6!1s0x863ab500b43b87cd:0x51a332c1da739a97!8m2!3d31.2580082!4d-92.5257808!16s%2Fg%2F11w7klcfdm!19sChIJzYc7tAC1OoYRl5pz2sEyo1E?authuser=0&hl=en&rclk=1,auto repair shop,Allen Parish,county,LA,2026-07-29T09:58:43,0x863ab500b43b87cd:0x51a332c1da739a97
GQ 24-7 Roadside asst and tire,(318) 419-7765,http://www.gq247.com/,support@webador.com,"620 Bolton Ave, Alexandria, LA 71301, United States",620 Bolton Ave,Alexandria,LA,71301,4.5,58,Tire service,,,https://www.google.com/maps/place/GQ+24-7+Roadside+asst+and+tire/data=!4m7!3m6!1s0x4b3e3893247abbdf:0x283a7f8bc0186de0!8m2!3d31.305638!4d-92.4561049!16s%2Fg%2F11wy246ydg!19sChIJ37t6JJM4PksR4G0YwIt_Oig?authuser=0&hl=en&rclk=1,auto repair shop,Allen Parish,county,LA,2026-07-29T09:58:43,0x4b3e3893247abbdf:0x283a7f8bc0186de0
Racine Auto Repair,(318) 443-4097,,,"612 Pine St, Alexandria, LA 71301, United States",612 Pine St,Alexandria,LA,71301,5.0,6,Auto repair shop,,,https://www.google.com/maps/place/Racine+Auto+Repair/data=!4m7!3m6!1s0x86254b4e0b48d153:0xc4967416fb500a94!8m2!3d31.3180227!4d-92.4552323!16s%2Fg%2F1tdpmfqm!19sChIJU9FIC05LJYYRlApQ-xZ0lsQ?authuser=0&hl=en&rclk=1,auto repair shop,Concordia Parish,county,LA,2026-07-29T12:17:33,0x86254b4e0b48d153:0xc4967416fb500a94
Rick's Auto Repairs & Used Cars,(318) 442-9029,,,"3621 Lee St, Alexandria, LA 71302, United States",3621 Lee St,Alexandria,LA,71302,4.6,53,Auto repair shop,,,https://www.google.com/maps/place/Rick%27s+Auto+Repairs+%26+Used+Cars/data=!4m7!3m6!1s0x86254adb7b952591:0xed3bcf3cd3b14ebb!8m2!3d31.2761687!4d-92.4453662!16s%2Fg%2F1w4f8glr!19sChIJkSWVe9tKJYYRu06x0zzPO-0?authuser=0&hl=en&rclk=1,auto repair shop,Concordia Parish,county,LA,2026-07-29T12:17:33,0x86254adb7b952591:0xed3bcf3cd3b14ebb
Tire Choice Auto Service Centers,(318) 487-9927,https://locations.thetirechoice.com/la/alexandria/1529-macarthur-blvd?&utm_source=google&utm_medium=organic&utm_campaign=gbp-listing-store_1607,,"1529 MacArthur Dr, Alexandria, LA 71301, United States",1529 MacArthur Dr,Alexandria,LA,71301,4.6,320,Tire shop,,,https://www.google.com/maps/place/Tire+Choice+Auto+Service+Centers/data=!4m7!3m6!1s0x863ab527a74d7dfd:0x69b7cba14f10046d!8m2!3d31.2829635!4d-92.4727711!16s%2Fg%2F1tg_gf8j!19sChIJ_X1Npye1OoYRbQQQT6HLt2k?authuser=0&hl=en&rclk=1,auto repair shop,Allen Parish,county,LA,2026-07-29T09:58:43,0x863ab527a74d7dfd:0x69b7cba14f10046d
Big Sam's Car Care,(985) 748-8532,,,"204 W M.L.K. St, Amite City, LA 70422, United States",204 W M.L.K. St,Amite City,LA,70422,4.7,19,Oil change service,,,https://www.google.com/maps/place/Big+Sam%27s+Car+Care/data=!4m7!3m6!1s0x86270527414fca7b:0x7fa27b095c267089!8m2!3d30.7213232!4d-90.510646!16s%2Fg%2F11sx0v9vdq!19sChIJe8pPQScFJ4YRiXAmXAl7on8?authuser=0&hl=en&rclk=1,auto repair shop,Tangipahoa Parish,county,LA,2026-07-30T09:29:30,0x86270527414fca7b:0x7fa27b095c267089
CARS By Tito Too,(985) 956-7500,,,"14193B LA-16, Amite City, LA 70422, United States",14193B LA-16,Amite City,LA,70422,5.0,16,Mechanic,,,https://www.google.com/maps/place/CARS+By+Tito+Too/data=!4m7!3m6!1s0x862705a8764dc73d:0x60dd36e74276c18b!8m2!3d30.7283967!4d-90.4896066!16s%2Fg%2F11x6czrykx!19sChIJPcdNdqgFJ4YRi8F2Quc23WA?authuser=0&hl=en&rclk=1,auto repair shop,Tangipahoa Parish,county,LA,2026-07-30T09:29:30,0x862705a8764dc73d:0x60dd36e74276c18b
Certified Auto Repair,(985) 687-2683,http://certifiedautorepllc.com/,,"10030 LA-16, Amite City, LA 70422, United States",10030 LA-16,Amite City,LA,70422,4.0,22,Auto repair shop,,,https://www.google.com/maps/place/Certified+Auto+Repair/data=!4m7!3m6!1s0x862702d67f50e5cb:0x64ccda156a6e8c21!8m2!3d30.7161792!4d-90.5642389!16s%2Fg%2F11c532_fxx!19sChIJy-VQf9YCJ4YRIYxuahXazGQ?authuser=0&hl=en&rclk=1,auto repair shop,Tangipahoa Parish,county,LA,2026-07-30T09:29:30,0x862702d67f50e5cb:0x64ccda156a6e8c21
Hawk's Garage,(985) 969-7480,,,"73 Karen Lynn Rd, Amite City, LA 70422, United States",73 Karen Lynn Rd,Amite City,LA,70422,4.3,7,Mechanic,,,https://www.google.com/maps/place/Hawk%27s+Garage/data=!4m7!3m6!1s0x86271d5615df943b:0x2e6724e3bc06f6c9!8m2!3d30.7034924!4d-90.6005988!16s%2Fg%2F11dym3dpc7!19sChIJO5TfFVYdJ4YRyfYGvOMkZy4?authuser=0&hl=en&rclk=1,auto repair shop,Tangipahoa Parish,county,LA,2026-07-30T09:29:30,0x86271d5615df943b:0x2e6724e3bc06f6c9
Hood Automotive Amite Chevrolet Service,(985) 247-4147,http://www.hoodamite.com/,,"11239 LA-16, Amite City, LA 70422, United States",11239 LA-16,Amite City,LA,70422,4.6,27,Auto repair shop,,,https://www.google.com/maps/place/Hood+Automotive+Amite+Chevrolet+Service/data=!4m7!3m6!1s0x86271d514be83595:0x98be500e52ed26fb!8m2!3d30.7282429!4d-90.5342754!16s%2Fg%2F11b6qk_4f5!19sChIJlTXoS1EdJ4YR-ybtUg5Qvpg?authuser=0&hl=en&rclk=1,auto repair shop,Tangipahoa Parish,county,LA,2026-07-30T09:29:30,0x86271d514be83595:0x98be500e52ed26fb
Reid Automotive LLC,(985) 748-3800,,,"16139 LA-16, Amite City, LA 70422, United States",16139 LA-16,Amite City,LA,70422,3.9,25,Auto repair shop,,,https://www.google.com/maps/place/Reid+Automotive+LLC/data=!4m7!3m6!1s0x8627055fdc5165c3:0x2eb561c3406d31b4!8m2!3d30.7345881!4d-90.4516553!16s%2Fg%2F1hc19w6k7!19sChIJw2VR3F8FJ4YRtDFtQMNhtS4?authuser=0&hl=en&rclk=1,auto repair shop,Tangipahoa Parish,county,LA,2026-07-30T09:29:30,0x8627055fdc5165c3:0x2eb561c3406d31b4
Anacoco One Stop Oil Shop,(337) 392-0100,https://anacoco1stop.wixsite.com/anacoco-one-stop,,"173 Trigger Trap Dr, Anacoco, LA 71403, United States",173 Trigger Trap Dr,Anacoco,LA,71403,4.7,76,Oil change service,,,https://www.google.com/maps/place/Anacoco+One+Stop+Oil+Shop/data=!4m7!3m6!1s0x863a6a26cd22239b:0x555a0c8053516c0f!8m2!3d31.2507605!4d-93.3448819!16s%2Fg%2F1vsprwjn!19sChIJmyMizSZqOoYRD2xRU4AMWlU?authuser=0&hl=en&rclk=1,auto repair shop,Allen Parish,county,LA,2026-07-29T09:58:43,0x863a6a26cd22239b:0x555a0c8053516c0f
Red Allen Diesel LLC,(337) 238-3710,http://www.redallendiesel.com/,,"6701 US-171, Anacoco, LA 71403, United States",6701 US-171,Anacoco,LA,71403,4.8,37,Truck repair shop,,,https://www.google.com/maps/place/Red+Allen+Diesel+LLC/data=!4m7!3m6!1s0x863a4267f6ca5931:0xcb3cb267eeda7eba!8m2!3d31.2073819!4d-93.3146231!16s%2Fg%2F11bw1zqjk6!19sChIJMVnK9mdCOoYRun7a7meyPMs?authuser=0&hl=en&rclk=1,auto repair shop,Allen Parish,county,LA,2026-07-29T09:58:43,0x863a4267f6ca5931:0xcb3cb267eeda7eba
Tim's 24/7 Roadside and Engine Repair,(985) 294-8519,,,"26459 Dogwood Valley Rd, Angie, LA 70426, United States",26459 Dogwood Valley Rd,Angie,LA,70426,5.0,4,Auto repair shop,,,https://www.google.com/maps/place/Tim%27s+24%2F7+Roadside+and+Engine+Repair/data=!4m7!3m6!1s0x889d7f2c2f930e2f:0x9965eca6487e1019!8m2!3d30.911196!4d-89.9627411!16s%2Fg%2F11njdtw3hr!19sChIJLw6TLyx_nYgRGRB-SKbsZZk?authuser=0&hl=en&rclk=1,auto repair shop,Washington Parish,county,LA,2026-07-30T10:37:12,0x889d7f2c2f930e2f:0x9965eca6487e1019
2 Bro's Automotive Repair LLC,(915) 304-9319,,,"2744 6th St, Arcadia, LA 71001, United States",2744 6th St,Arcadia,LA,71001,3.6,5,Auto repair shop,,,https://www.google.com/maps/place/2+Bro%27s+Automotive+Repair+LLC/data=!4m7!3m6!1s0x8631bb4f4ba2ee6d:0x4ac54de1c9d2c81!8m2!3d32.5599044!4d-92.9306833!16s%2Fg%2F11fp1f65x8!19sChIJbe6iS0-7MYYRgSydHN5UrAQ?authuser=0&hl=en&rclk=1,auto repair shop,Bienville Parish,county,LA,2026-07-29T10:55:15,0x8631bb4f4ba2ee6d:0x4ac54de1c9d2c81
Arcadia Quik Lube & Detail,(318) 263-2310,,,"2310 Hazel St, Arcadia, LA 71001, United States",2310 Hazel St,Arcadia,LA,71001,4.9,75,Oil change service,,,https://www.google.com/maps/place/Arcadia+Quik+Lube+%26+Detail/data=!4m7!3m6!1s0x8631bb205c56f829:0x4276ded67dad4188!8m2!3d32.5491218!4d-92.9207382!16s%2Fg%2F11hy9nsb87!19sChIJKfhWXCC7MYYRiEGtfdbedkI?authuser=0&hl=en&rclk=1,auto repair shop,Bienville Parish,county,LA,2026-07-29T10:55:15,0x8631bb205c56f829:0x4276ded67dad4188
Bienville Motors,(318) 263-2777,,,"3738 2nd St, Arcadia, LA 71001, United States",3738 2nd St,Arcadia,LA,71001,4.5,4,Used car dealer,,,https://www.google.com/maps/place/Bienville+Motors/data=!4m7!3m6!1s0x8631a5887b7736ef:0x30f418ddabdc0e38!8m2!3d32.5583227!4d-92.9394083!16s%2Fg%2F11n12bwkyp!19sChIJ7zZ3e4ilMYYROA7cq90Y9DA?authuser=0&hl=en&rclk=1,auto repair shop,Bienville Parish,county,LA,2026-07-29T10:55:15,0x8631a5887b7736ef:0x30f418ddabdc0e38
Gantts Truck and Trailer Repair Services,(318) 394-6784,http://ganttstruckandtrailerrepairservices.com/,,"5983 US-80, Arcadia, LA 71001, United States",5983 US-80,Arcadia,LA,71001,4.5,8,Truck repair shop,,,https://www.google.com/maps/place/Gantts+Truck+and+Trailer+Repair+Services/data=!4m7!3m6!1s0x8631a509082c7c81:0xeb6edf6329be6b0d!8m2!3d32.5622783!4d-92.9601955!16s%2Fg%2F11y3rbj3s7!19sChIJgXwsCAmlMYYRDWu-KWPfbus?authuser=0&hl=en&rclk=1,auto repair shop,Bienville Parish,county,LA,2026-07-29T10:55:15,0x8631a509082c7c81:0xeb6edf6329be6b0d
JPS Ford Service,(318) 263-2084,https://www.jpsford.com/,,"224 Gap Farms Rd, Arcadia, LA 71001, United States",224 Gap Farms Rd,Arcadia,LA,71001,5.0,1,Auto repair shop,,,https://www.google.com/maps/place/JPS+Ford+Service/data=!4m7!3m6!1s0x8631bb4968307c7f:0x69e3795ec9f56cd8!8m2!3d32.5663003!4d-92.9171273!16s%2Fg%2F11p39k_ndb!19sChIJf3wwaEm7MYYR2Gz1yV5542k?authuser=0&hl=en&rclk=1,auto repair shop,Bienville Parish,county,LA,2026-07-29T10:55:15,0x8631bb4968307c7f:0x69e3795ec9f56cd8
M & M Automotive,(318) 263-2121,,,"2586 2nd St, Arcadia, LA 71001, United States",2586 2nd St,Arcadia,LA,71001,4.4,67,Auto repair shop,,,https://www.google.com/maps/place/M+%26+M+Automotive/data=!4m7!3m6!1s0x8631bb28a3eb7bcd:0x30c471f6f2c76da2!8m2!3d32.5540447!4d-92.9296646!16s%2Fg%2F1vn_zb12!19sChIJzXvroyi7MYYRom3H8vZxxDA?authuser=0&hl=en&rclk=1,auto repair shop,Webster Parish,county,LA,2026-07-30T10:55:43,0x8631bb28a3eb7bcd:0x30c471f6f2c76da2
Premier Auto Body,(318) 680-1296,,,"3738 2nd St Suite B, Arcadia, LA 71001, United States",3738 2nd St Suite B,Arcadia,LA,71001,5.0,2,Auto body shop,,,https://www.google.com/maps/place/Premier+Auto+Body/data=!4m7!3m6!1s0x8631a5e8decdd859:0x8bf94b83a3e0ee6d!8m2!3d32.558538!4d-92.9394393!16s%2Fg%2F11shdwszzv!19sChIJWdjN3uilMYYRbe7go4NL-Ys?authuser=0&hl=en&rclk=1,auto repair shop,Bienville Parish,county,LA,2026-07-29T10:55:15,0x8631a5e8decdd859:0x8bf94b83a3e0ee6d
Rogers Tire & Roadside LLC,(318) 243-3901,http://www.rogerstireroadside.com/,,"18636 LA-9, Arcadia, LA 71001, United States",18636 LA-9,Arcadia,LA,71001,4.8,105,Tire shop,,,https://www.google.com/maps/place/Rogers+Tire+%26+Roadside+LLC/data=!4m7!3m6!1s0x8631a5a42ef7082d:0x8c005887f1b71e93!8m2!3d32.5633447!4d-92.9454063!16s%2Fg%2F11h8173_jt!19sChIJLQj3LqSlMYYRkx638YdYAIw?authuser=0&hl=en&rclk=1,auto repair shop,Webster Parish,county,LA,2026-07-30T10:55:43,0x8631a5a42ef7082d:0x8c005887f1b71e93
Levier Auto Mechanic,(337) 342-7722,,,"1030 Robin St, Arnaudville, LA 70512, United States",1030 Robin St,Arnaudville,LA,70512,5.0,4,Auto repair shop,,,https://www.google.com/maps/place/Levier+Auto+Mechanic/data=!4m7!3m6!1s0x86248f90b1148059:0xc251e26f506605be!8m2!3d30.3950263!4d-91.9283895!16s%2Fg%2F11tcwmx91y!19sChIJWYAUsZCPJIYRvgVmUG_iUcI?authuser=0&hl=en&rclk=1,auto repair shop,St. Landry Parish,county,LA,2026-07-30T08:48:39,0x86248f90b1148059:0xc251e26f506605be
Baker Texaco,(225) 774-7901,https://www.bakertexaco.com/,,"790 Main St, Baker, LA 70714, United States",790 Main St,Baker,LA,70714,3.6,60,Tire shop,,,https://www.google.com/maps/place/Baker+Texaco/data=!4m7!3m6!1s0x86269ef7314712cf:0xcff46bc44813a284!8m2!3d30.5823392!4d-91.1687986!16s%2Fg%2F1tcyldcf!19sChIJzxJHMfeeJoYRhKITSMRr9M8?authuser=0&hl=en&rclk=1,auto repair shop,West Feliciana Parish,county,LA,2026-07-30T11:19:39,0x86269ef7314712cf:0xcff46bc44813a284
J & J Starter Shop,(225) 774-9961,http://www.jandjstartershop.com/,,"1814 Main St Ste B, Baker, LA 70714, United States",1814 Main St Ste B,Baker,LA,70714,4.8,64,Alternator supplier,,,https://www.google.com/maps/place/J+%26+J+Starter+Shop/data=!4m7!3m6!1s0x86269e8ce5f16c55:0x692de350147907!8m2!3d30.5932394!4d-91.1668447!16s%2Fg%2F1trc59w4!19sChIJVWzx5YyeJoYRB3kUUOMtaQA?authuser=0&hl=en&rclk=1,auto repair shop,West Feliciana Parish,county,LA,2026-07-30T11:19:39,0x86269e8ce5f16c55:0x692de350147907
Jackson Auto Repair Shop,(225) 654-3403,,,"17934 S Spur Ln, Baker, LA 70714, United States",17934 S Spur Ln,Baker,LA,70714,4.8,5,Auto repair shop,,,https://www.google.com/maps/place/Jackson+Auto+Repair+Shop/data=!4m7!3m6!1s0x86269c2870eca1c9:0xc1bc12fceee74eef!8m2!3d30.6236099!4d-91.1619676!16s%2Fg%2F1tdvkjv_!19sChIJyaHscCicJoYR707n7vwSvME?authuser=0&hl=en&rclk=1,auto repair shop,West Feliciana Parish,county,LA,2026-07-30T11:19:39,0x86269c2870eca1c9:0xc1bc12fceee74eef
Legacy Auto Repair,(225) 964-5577,,,"14319 Plank Rd, Baker, LA 70714, United States",14319 Plank Rd,Baker,LA,70714,4.3,15,Auto repair shop,,,https://www.google.com/maps/place/Legacy+Auto+Repair/data=!4m7!3m6!1s0x8626992faa19a615:0x4e14ad8f4ee1d82c!8m2!3d30.5778136!4d-91.1278457!16s%2Fg%2F11fll66s2d!19sChIJFaYZqi-ZJoYRLNjhTo-tFE4?authuser=0&hl=en&rclk=1,auto repair shop,West Feliciana Parish,county,LA,2026-07-30T11:19:39,0x8626992faa19a615:0x4e14ad8f4ee1d82c
McDonald's Tire Center,(225) 775-8030,,,"1308 Main St, Baker, LA 70714, United States",1308 Main St,Baker,LA,70714,4.5,258,Tire shop,,,https://www.google.com/maps/place/McDonald%27s+Tire+Center/data=!4m7!3m6!1s0x86269ef36cee7819:0x28811181e889c901!8m2!3d30.5893376!4d-91.1676044!16s%2Fg%2F1td76ym1!19sChIJGXjubPOeJoYRAcmJ6IERgSg?authuser=0&hl=en&rclk=1,auto repair shop,West Feliciana Parish,county,LA,2026-07-30T11:19:39,0x86269ef36cee7819:0x28811181e889c901
Sonny's Auto Repair,(225) 217-0398,http://www.sonnysar.com/,sonnysautorepair20@outlook.com,"14831 Blackwater Rd, Baker, LA 70714, United States",14831 Blackwater Rd,Baker,LA,70714,4.9,431,Auto repair shop,,,https://www.google.com/maps/place/Sonny%27s+Auto+Repair/data=!4m7!3m6!1s0x862699ec0a0a3445:0xce535886d3501c8!8m2!3d30.5983297!4d-91.0744211!16s%2Fg%2F1tngqng9!19sChIJRTQKCuyZJoYRyAE1bYg15Qw?authuser=0&hl=en&rclk=1,auto repair shop,West Feliciana Parish,county,LA,2026-07-30T11:19:39,0x862699ec0a0a3445:0xce535886d3501c8
TLC Auto repair L.L.C,(225) 964-5577,,,"14319 Plank Rd, Baker, LA 70714, United States",14319 Plank Rd,Baker,LA,70714,5.0,7,Auto machine shop,,,https://www.google.com/maps/place/TLC+Auto+repair+L.L.C/data=!4m7!3m6!1s0x862699354403cbbf:0x492814287b56dcf!8m2!3d30.5778401!4d-91.1278629!16s%2Fg%2F11vr19gt5s!19sChIJv8sDRDWZJoYRz221h0KBkgQ?authuser=0&hl=en&rclk=1,auto repair shop,West Feliciana Parish,county,LA,2026-07-30T11:19:39,0x862699354403cbbf:0x492814287b56dcf
Select Motors Auto Restoration & Repair,(318) 640-4584,https://www.selectmotors.net/,team@selectmotors.net,"6205 Monroe Hwy Ste C, Ball, LA 71405, United States",6205 Monroe Hwy Ste C,Ball,LA,71405,4.5,31,Auto restoration service,,,https://www.google.com/maps/place/Select+Motors+Auto+Restoration+%26+Repair/data=!4m7!3m6!1s0x86254d85c835383d:0x18f9d53cd1c5e1b2!8m2!3d31.4159531!4d-92.4130394!16s%2Fg%2F1tk1nbss!19sChIJPTg1yIVNJYYRsuHF0TzV-Rg?authuser=0&hl=en&rclk=1,auto repair shop,Concordia Parish,county,LA,2026-07-29T12:17:33,0x86254d85c835383d:0x18f9d53cd1c5e1b2
Steve's Lube & Tire Center,(318) 449-5516,https://www.steveslubeandtirecenter.com/,,"6101 Monroe Hwy, Ball, LA 71405, United States",6101 Monroe Hwy,Ball,LA,71405,4.7,82,Oil change service,,,https://www.google.com/maps/place/Steve%27s+Lube+%26+Tire+Center/data=!4m7!3m6!1s0x86254d85173e8357:0x142649ed2c04868f!8m2!3d31.4131546!4d-92.4125747!16s%2Fg%2F11bx5myh6t!19sChIJV4M-F4VNJYYRj4YELO1JJhQ?authuser=0&hl=en&rclk=1,auto repair shop,Concordia Parish,county,LA,2026-07-29T12:17:33,0x86254d85173e8357:0x142649ed2c04868f
Auto Hobby and Repair,(318) 456-4695,https://www.barksdalelife.com/index.php?src=gendocs&ref=Auto-Hobby-and-Repair,akelishana.e.jones.mil@health.mil,"400 Rickenbacker Ave, Barksdale AFB, LA 71110, United States",400 Rickenbacker Ave,Barksdale AFB,LA,71110,4.7,62,Auto repair shop,,,https://www.google.com/maps/place/Auto+Hobby+and+Repair/data=!4m7!3m6!1s0x863132124c260d57:0x236829e57dc5ef17!8m2!3d32.4973543!4d-93.6771748!16s%2Fg%2F11dflfbtjk!19sChIJVw0mTBIyMYYRF-_FfeUpaCM?authuser=0&hl=en&rclk=1,auto repair shop,Bossier Parish,county,LA,2026-07-29T11:12:50,0x863132124c260d57:0x236829e57dc5ef17
D~n~S Garage,(337) 432-5576,,,"2917 Basile Eunice Hwy, Basile, LA 70515, United States",2917 Basile Eunice Hwy,Basile,LA,70515,4.3,30,Auto repair shop,,,https://www.google.com/maps/place/D~n~S+Garage/data=!4m7!3m6!1s0x863b483e99115535:0xec674d21103cdc8!8m2!3d30.4810004!4d-92.5946365!16s%2Fg%2F11bw65hllm!19sChIJNVURmT5IO4YRyM0DEdJ0xg4?authuser=0&hl=en&rclk=1,auto repair shop,Allen Parish,county,LA,2026-07-29T09:58:43,0x863b483e99115535:0xec674d21103cdc8
Lee's Auto Clinic & Salvage,(337) 432-5122,,,"1651 Basile Eunice Hwy, Basile, LA 70515, United States",1651 Basile Eunice Hwy,Basile,LA,70515,4.6,29,Car repair and maintenance service,,,https://www.google.com/maps/place/Lee%27s+Auto+Clinic+%26+Salvage/data=!4m7!3m6!1s0x863b47e056eb20ad:0xc503c31cb71a5e8a!8m2!3d30.4805884!4d-92.6211852!16s%2Fg%2F1tcvc831!19sChIJrSDrVuBHO4YRil4atxzDA8U?authuser=0&hl=en&rclk=1,auto repair shop,Allen Parish,county,LA,2026-07-29T09:58:43,0x863b47e056eb20ad:0xc503c31cb71a5e8a
Monnin’s Automotive Repair,(318) 477-0589,,,"1166 LA-15, Baskin, LA 71219, United States",1166 LA-15,Baskin,LA,71219,,,Auto repair shop,,,https://www.google.com/maps/place/Monnin%E2%80%99s+Automotive+Repair/data=!4m7!3m6!1s0x862f033ce11db31f:0xef32b2ff466b7a7!8m2!3d32.2574154!4d-91.7472462!16s%2Fg%2F11v13dhh84!19sChIJH7Md4TwDL4YRp7dm9C8r8w4?authuser=0&hl=en&rclk=1,auto repair shop,Catahoula Parish,county,LA,2026-07-29T11:59:56,0x862f033ce11db31f:0xef32b2ff466b7a7
Lynn Sanders Auto Repair,(318) 281-0320,,,"12032 Shelton Rd, Bastrop, LA 71220, United States",12032 Shelton Rd,Bastrop,LA,71220,4.8,33,Auto repair shop,,,https://www.google.com/maps/place/Lynn+Sanders+Auto+Repair/data=!4m7!3m6!1s0x862e6381f1c010c3:0x3ba266ee20fac993!8m2!3d32.8358027!4d-91.90581!16s%2Fg%2F1td6gvxt!19sChIJwxDA8YFjLoYRk8n6IO5mojs?authuser=0&hl=en&rclk=1,auto repair shop,Caldwell Parish,county,LA,2026-07-29T11:39:29,0x862e6381f1c010c3:0x3ba266ee20fac993
360 Automotive Solutions,(225) 344-9586,http://www.360autobr.com/,,"1334 Florida Blvd, Baton Rouge, LA 70802, United States",1334 Florida Blvd,Baton Rouge,LA,70802,4.8,611,Auto repair shop,,,https://www.google.com/maps/place/360+Automotive+Solutions/data=!4m7!3m6!1s0x8626a0df199cef01:0x3e890c30887103a9!8m2!3d30.4493509!4d-91.1756127!16s%2Fg%2F1tfc6zrg!19sChIJAe-cGd-gJoYRqQNxiDAMiT4?authuser=0&hl=en&rclk=1,auto repair shop,West Baton Rouge Parish,county,LA,2026-07-30T11:07:49,0x8626a0df199cef01:0x3e890c30887103a9
A Car Automotive,(225) 925-9174,https://z77a.top/business/a-car-automotive-nqAbCoJs,hello@locmaps.com,"2930 Berlin Dr, Baton Rouge, LA 70814, United States",2930 Berlin Dr,Baton Rouge,LA,70814,4.9,42,Auto repair shop,,,https://www.google.com/maps/place/A+Car+Automotive/data=!4m7!3m6!1s0x8626a3ab1c4addd1:0x9ba0c206a8277e4d!8m2!3d30.4753811!4d-91.0991906!16s%2Fg%2F1thghd7x!19sChIJ0d1KHKujJoYRTX4nqAbCoJs?authuser=0&hl=en&rclk=1,auto repair shop,Baton Rouge,city,LA,2026-07-30T11:50:32,0x8626a3ab1c4addd1:0x9ba0c206a8277e4d
A.L.K Automotive LLC,(225) 937-4729,http://facebook.com/A.L.KAutomotive,,"10010 Hooper Rd, Baton Rouge, LA 70818, United States",10010 Hooper Rd,Baton Rouge,LA,70818,4.5,50,Car repair and maintenance service,,,https://www.google.com/maps/place/A.L.K+Automotive+LLC/data=!4m7!3m6!1s0x8626990fd174d765:0xf14f48e9b2b2e51!8m2!3d30.5378626!4d-91.0751414!16s%2Fg%2F11n93n2mv1!19sChIJZdd00Q-ZJoYRUS4rm470FA8?authuser=0&hl=en&rclk=1,auto repair shop,West Baton Rouge Parish,county,LA,2026-07-30T11:07:49,0x8626990fd174d765:0xf14f48e9b2b2e51
AAA TIRE & AUTO SERVICE,(225) 355-0750,,,"6160 Airline Hwy, Baton Rouge, LA 70805, United States",6160 Airline Hwy,Baton Rouge,LA,70805,4.8,454,Tire shop,,,https://www.google.com/maps/place/AAA+TIRE+%26+AUTO+SERVICE/data=!4m7!3m6!1s0x8626a2226dd9fd59:0x45aac86fef464118!8m2!3d30.4992496!4d-91.1295116!16s%2Fg%2F11gb3rb0d3!19sChIJWf3ZbSKiJoYRGEFG72_IqkU?authuser=0&hl=en&rclk=1,auto repair shop,West Baton Rouge Parish,county,LA,2026-07-30T11:07:49,0x8626a2226dd9fd59:0x45aac86fef464118
AGCO Automotive,(225) 291-6900,http://www.agcoauto.com/,,"11410 Coursey Blvd, Baton Rouge, LA 70816, United States",11410 Coursey Blvd,Baton Rouge,LA,70816,4.7,102,Auto repair shop,,,https://www.google.com/maps/place/AGCO+Automotive/data=!4m7!3m6!1s0x8626bb4badd26147:0xcdab8ae2af92a04a!8m2!3d30.4115536!4d-91.0556478!16s%2Fg%2F1tffk431!19sChIJR2HSrUu7JoYRSqCSr-KKq80?authuser=0&hl=en&rclk=1,auto repair shop,West Baton Rouge Parish,county,LA,2026-07-30T11:07:49,0x8626bb4badd26147:0xcdab8ae2af92a04a
Action Tune Inspections,(225) 926-9623,,,"8775 Jefferson Hwy # G, Baton Rouge, LA 70809, United States",8775 Jefferson Hwy # G,Baton Rouge,LA,70809,4.7,305,Car inspection station,,,https://www.google.com/maps/place/Action+Tune+Inspections/data=!4m7!3m6!1s0x8626a48f393ab907:0x3d5ec35de1bd02c3!8m2!3d30.4188429!4d-91.091802!16s%2Fg%2F1tfx57p3!19sChIJB7k6OY-kJoYRwwK94V3DXj0?authuser=0&hl=en&rclk=1,auto repair shop,West Baton Rouge Parish,county,LA,2026-07-30T11:07:49,0x8626a48f393ab907:0x3d5ec35de1bd02c3
Advanced Auto Care,(225) 925-5377,,,"11868 Jefferson Hwy, Baton Rouge, LA 70816, United States",11868 Jefferson Hwy,Baton Rouge,LA,70816,4.7,35,Auto repair shop,,,https://www.google.com/maps/place/Advanced+Auto+Care/data=!4m7!3m6!1s0x8626a36190743b81:0xad1647d8c869cb34!8m2!3d30.3954185!4d-91.0495525!16s%2Fg%2F1tppsb2j!19sChIJgTt0kGGjJoYRNMtpyNhHFq0?authuser=0&hl=en&rclk=1,auto repair shop,West Baton Rouge Parish,county,LA,2026-07-30T11:07:49,0x8626a36190743b81:0xad1647d8c869cb34
Airline Auto Center,(225) 928-3141,,,"8438 Airline Hwy Suite B, Baton Rouge, LA 70815, United States",8438 Airline Hwy Suite B,Baton Rouge,LA,70815,4.1,40,Auto repair shop,,,https://www.google.com/maps/place/Airline+Auto+Center/data=!4m7!3m6!1s0x8626a3a0fde82db9:0xe6fca5839844ea23!8m2!3d30.4581012!4d-91.1003581!16s%2Fg%2F1tdgkmf1!19sChIJuS3o_aCjJoYRI-pEmIOl_OY?authuser=0&hl=en&rclk=1,auto repair shop,West Baton Rouge Parish,county,LA,2026-07-30T11:07:49,0x8626a3a0fde82db9:0xe6fca5839844ea23
Alberto Auto Repair,(225) 275-4188,,,"14468 Florida Blvd, Baton Rouge, LA 70819, United States",14468 Florida Blvd,Baton Rouge,LA,70819,4.3,37,Auto repair shop,,,https://www.google.com/maps/place/Alberto+Auto+Repair/data=!4m7!3m6!1s0x8626bcf72ee63409:0x42e16edbe18a75b7!8m2!3d30.4637564!4d-91.0242616!16s%2Fg%2F1w0p5_7k!19sChIJCTTmLve8JoYRt3WK4dtu4UI?authuser=0&hl=en&rclk=1,auto repair shop,West Baton Rouge Parish,county,LA,2026-07-30T11:07:49,0x8626bcf72ee63409:0x42e16edbe18a75b7
All AUTOMOTIVE LLC (formally CarMergency),(225) 605-3030,,,"2525 N Sherwood Forest Dr, Baton Rouge, LA 70815, United States",2525 N Sherwood Forest Dr,Baton Rouge,LA,70815,4.4,65,Auto repair shop,,,https://www.google.com/maps/place/All+AUTOMOTIVE+LLC+%28formally+CarMergency%29/data=!4m7!3m6!1s0x8626a344e4c9f3a7:0xe52da0273fd27fbd!8m2!3d30.4717458!4d-91.0584168!16s%2Fg%2F1pv10zv7j!19sChIJp_PJ5ESjJoYRvX_SPyegLeU?authuser=0&hl=en&rclk=1,auto repair shop,West Baton Rouge Parish,county,LA,2026-07-30T11:07:49,0x8626a344e4c9f3a7:0xe52da0273fd27fbd
Auto One Car Care,(225) 359-6900,,,"7021 Winbourne Ave, Baton Rouge, LA 70805, United States",7021 Winbourne Ave,Baton Rouge,LA,70805,4.8,62,Auto repair shop,,,https://www.google.com/maps/place/Auto+One+Car+Care/data=!4m7!3m6!1s0x8626a234f4227cf9:0x32d673c034452aa9!8m2!3d30.4799568!4d-91.1195727!16s%2Fg%2F1tdzrhsd!19sChIJ-Xwi9DSiJoYRqSpFNMBz1jI?authuser=0&hl=en&rclk=1,auto repair shop,West Baton Rouge Parish,county,LA,2026-07-30T11:07:49,0x8626a234f4227cf9:0x32d673c034452aa9
Auto Pro Car Care Center,(225) 767-5900,,,"9544 Burbank Dr, Baton Rouge, LA 70810, United States",9544 Burbank Dr,Baton Rouge,LA,70810,4.6,213,Auto repair shop,,,https://www.google.com/maps/place/Auto+Pro+Car+Care+Center/data=!4m7!3m6!1s0x8626a5e9b1cd13e3:0x6f1ab70bb0681b49!8m2!3d30.3586589!4d-91.1214607!16s%2Fg%2F1tg50svb!19sChIJ4xPNsemlJoYRSRtosAu3Gm8?authuser=0&hl=en&rclk=1,auto repair shop,West Baton Rouge Parish,county,LA,2026-07-30T11:07:49,0x8626a5e9b1cd13e3:0x6f1ab70bb0681b49
Benny's Automotive,(225) 925-9051,,,"9252 Mammoth Ave, Baton Rouge, LA 70814, United States",9252 Mammoth Ave,Baton Rouge,LA,70814,4.4,31,Auto repair shop,,,https://www.google.com/maps/place/Benny%27s+Automotive/data=!4m7!3m6!1s0x8626a31cfaa9da6d:0x860896ec13493661!8m2!3d30.473605!4d-91.0854865!16s%2Fg%2F1thqb6ll!19sChIJbdqp-hyjJoYRYTZJE-yWCIY?authuser=0&hl=en&rclk=1,auto repair shop,West Baton Rouge Parish,county,LA,2026-07-30T11:07:49,0x8626a31cfaa9da6d:0x860896ec13493661
Best Car Care,(225) 336-0201,,,"3918 Florida Blvd, Baton Rouge, LA 70806, United States",3918 Florida Blvd,Baton Rouge,LA,70806,4.3,149,Auto repair shop,,,https://www.google.com/maps/place/Best+Car+Care/data=!4m7!3m6!1s0x8626a1417c119a07:0xc27619d926131b83!8m2!3d30.4502624!4d-91.1499552!16s%2Fg%2F1v3h_bk2!19sChIJB5oRfEGhJoYRgxsTJtkZdsI?authuser=0&hl=en&rclk=1,auto repair shop,Baton Rouge,city,LA,2026-07-30T11:50:32,0x8626a1417c119a07:0xc27619d926131b83
Bob's Auto Repair,(225) 356-4645,,,"1916 N Acadian Thruway W, Baton Rouge, LA 70802, United States",1916 N Acadian Thruway W,Baton Rouge,LA,70802,4.7,104,Auto repair shop,,,https://www.google.com/maps/place/Bob%27s+Auto+Repair/data=!4m7!3m6!1s0x8626a113036d26e3:0xe365be7cf4c861be!8m2!3d30.4654251!4d-91.1560521!16s%2Fg%2F1tfc6zrh!19sChIJ4yZtAxOhJoYRvmHI9Hy-ZeM?authuser=0&hl=en&rclk=1,auto repair shop,West Baton Rouge Parish,county,LA,2026-07-30T11:07:49,0x8626a113036d26e3:0xe365be7cf4c861be
Brakes & More,(225) 275-3411,http://www.brakesandmorela.com/,,"11809 Florida Blvd, Baton Rouge, LA 70815, United States",11809 Florida Blvd,Baton Rouge,LA,70815,4.7,129,Auto repair shop,,,https://www.google.com/maps/place/Brakes+%26+More/data=!4m7!3m6!1s0x8626bcc41ee2046b:0x5c56bee2daf597a2!8m2!3d30.4608939!4d-91.0530079!16s%2Fg%2F1tlkcr5f!19sChIJawTiHsS8JoYRopf12uK-Vlw?authuser=0&hl=en&rclk=1,auto repair shop,Baton Rouge,city,LA,2026-07-30T11:50:32,0x8626bcc41ee2046b:0x5c56bee2daf597a2
Brian's German Auto,(225) 272-2626,http://germanautobr.com/,,"11144 Cedar Park Ave, Baton Rouge, LA 70809, United States",11144 Cedar Park Ave,Baton Rouge,LA,70809,4.4,89,Auto repair shop,,,https://www.google.com/maps/place/Brian%27s+German+Auto/data=!4m7!3m6!1s0x8626bcf09f8dcfaf:0x7248936b9fcf75ea!8m2!3d30.3898554!4d-91.0585013!16s%2Fg%2F1td5rn1s!19sChIJr8-Nn_C8JoYR6nXPn2uTSHI?authuser=0&hl=en&rclk=1,auto repair shop,Baton Rouge,city,LA,2026-07-30T11:50:32,0x8626bcf09f8dcfaf:0x7248936b9fcf75ea
"Brothers Automotive, LLC",(225) 355-8591,,,"2701 Plank Rd, Baton Rouge, LA 70805, United States",2701 Plank Rd,Baton Rouge,LA,70805,4.8,10,Auto repair shop,,,"https://www.google.com/maps/place/Brothers+Automotive,+LLC/data=!4m7!3m6!1s0x8626a108eeaf296d:0xa94e2fd58fed557c!8m2!3d30.4724984!4d-91.1629885!16s%2Fg%2F11bwhbf2vf!19sChIJbSmv7gihJoYRfFXtj9UvTqk?authuser=0&hl=en&rclk=1",auto repair shop,West Baton Rouge Parish,county,LA,2026-07-30T11:07:49,0x8626a108eeaf296d:0xa94e2fd58fed557c
C & K Complete Auto,(225) 275-1150,,,"10780 S Choctaw Dr, Baton Rouge, LA 70815, United States",10780 S Choctaw Dr,Baton Rouge,LA,70815,3.8,29,Auto repair shop,,,https://www.google.com/maps/place/C+%26+K+Complete+Auto/data=!4m7!3m6!1s0x8626a32955e481cd:0xe1d4d1b9ed604153!8m2!3d30.4717932!4d-91.0634422!16s%2Fg%2F1tywy9gs!19sChIJzYHkVSmjJoYRU0Fg7bnR1OE?authuser=0&hl=en&rclk=1,auto repair shop,West Baton Rouge Parish,county,LA,2026-07-30T11:07:49,0x8626a32955e481cd:0xe1d4d1b9ed604153
C & R Automotive,(225) 767-8852,https://www.facebook.com/CRAutomotive/?rf=1465513977014707,,"4667 Burbank Dr, Baton Rouge, LA 70820, United States",4667 Burbank Dr,Baton Rouge,LA,70820,4.7,160,Auto repair shop,,,https://www.google.com/maps/place/C+%26+R+Automotive/data=!4m7!3m6!1s0x8626a6e3a7a39b75:0x77a0985adee9557a!8m2!3d30.3988331!4d-91.1708272!16s%2Fg%2F1td0gwdt!19sChIJdZujp-OmJoYRelXp3lqYoHc?authuser=0&hl=en&rclk=1,auto repair shop,West Baton Rouge Parish,county,LA,2026-07-30T11:07:49,0x8626a6e3a7a39b75:0x77a0985adee9557a
Car Doctors,(225) 430-6988,https://www.cardoctorsbr.com/,astigma@astigmatic.com,"11467 N Harrells Ferry Rd, Baton Rouge, LA 70816, United States",11467 N Harrells Ferry Rd,Baton Rouge,LA,70816,4.5,37,Auto repair shop,,,https://www.google.com/maps/place/Car+Doctors/data=!4m7!3m6!1s0x8626bbc0920c6c97:0xcf39b170e70707dd!8m2!3d30.4330814!4d-91.0564031!16s%2Fg%2F11j1zc9kj3!19sChIJl2wMksC7JoYR3QcH53CxOc8?authuser=0&hl=en&rclk=1,auto repair shop,West Baton Rouge Parish,county,LA,2026-07-30T11:07:49,0x8626bbc0920c6c97:0xcf39b170e70707dd
Car Master,(225) 272-0720,https://www.carmasterinc.com/,,"10614 S Choctaw Dr, Baton Rouge, LA 70815, United States",10614 S Choctaw Dr,Baton Rouge,LA,70815,4.8,33,Auto repair shop,,,https://www.google.com/maps/place/Car+Master/data=!4m7!3m6!1s0x8626a328d2b0893f:0xfe421a6fc3d264fb!8m2!3d30.4718953!4d-91.0662977!16s%2Fg%2F1trc59wn!19sChIJP4mw0iijJoYR-2TSw28aQv4?authuser=0&hl=en&rclk=1,auto repair shop,West Baton Rouge Parish,county,LA,2026-07-30T11:07:49,0x8626a328d2b0893f:0xfe421a6fc3d264fb
Centurion Car Care,(225) 226-9500,https://www.centurioncarcarebr.com/,,"11857 Florida Blvd, Baton Rouge, LA 70815, United States",11857 Florida Blvd,Baton Rouge,LA,70815,4.4,160,Auto repair shop,,,https://www.google.com/maps/place/Centurion+Car+Care/data=!4m7!3m6!1s0x8626bcc41ee8bf47:0xa2a753183ee97f90!8m2!3d30.4603995!4d-91.0522129!16s%2Fg%2F1tl1ntfx!19sChIJR7_oHsS8JoYRkH_pPhhTp6I?authuser=0&hl=en&rclk=1,auto repair shop,West Baton Rouge Parish,county,LA,2026-07-30T11:07:49,0x8626bcc41ee8bf47:0xa2a753183ee97f90
Chabill's Tire & Auto Service,(225) 372-6800,https://chabillstire.com/locations/baton-rouge-burbank/,,"10404 Burbank Dr, Baton Rouge, LA 70810, United States",10404 Burbank Dr,Baton Rouge,LA,70810,4.8,1180,Tire shop,,,https://www.google.com/maps/place/Chabill%27s+Tire+%26+Auto+Service/data=!4m7!3m6!1s0x8626a59161041de5:0x62805762c4677f0a!8m2!3d30.3541739!4d-91.1118061!16s%2Fg%2F11clwmn8vm!19sChIJ5R0EYZGlJoYRCn9nxGJXgGI?authuser=0&hl=en&rclk=1,auto repair shop,West Baton Rouge Parish,county,LA,2026-07-30T11:07:49,0x8626a59161041de5:0x62805762c4677f0a
Chabill's Tire & Auto Service,(225) 726-2255,https://chabillstire.com/locations/baton-rouge-coursey/,,"13887 Coursey Blvd, Baton Rouge, LA 70817, United States",13887 Coursey Blvd,Baton Rouge,LA,70817,4.8,1091,Tire shop,,,https://www.google.com/maps/place/Chabill%27s+Tire+%26+Auto+Service/data=!4m7!3m6!1s0x8626bb0ca994ad15:0xf16aee75bc143b7f!8m2!3d30.4085598!4d-91.022902!16s%2Fg%2F12nvb2wzl!19sChIJFa2UqQy7JoYRfzsUvHXuavE?authuser=0&hl=en&rclk=1,auto repair shop,Baton Rouge,city,LA,2026-07-30T11:50:32,0x8626bb0ca994ad15:0xf16aee75bc143b7f
Christian Brothers Automotive Airline,(225) 314-6898,https://www.cbac.com/airline/?utm_source=GMB&utm_medium=organic&utm_campaign=airline&utm_content=website-cta,mktgcoaches@cbac.com,"14455 Airline Hwy, Baton Rouge, LA 70817, United States",14455 Airline Hwy,Baton Rouge,LA,70817,4.8,355,Auto repair shop,,,https://www.google.com/maps/place/Christian+Brothers+Automotive+Airline/data=!4m7!3m6!1s0x8626bbd6064f85cf:0x96cb061a8d69c1f5!8m2!3d30.3640041!4d-91.0191345!16s%2Fg%2F11j6dzs5rg!19sChIJz4VPBta7JoYR9cFpjRoGy5Y?authuser=0&hl=en&rclk=1,auto repair shop,West Baton Rouge Parish,county,LA,2026-07-30T11:07:49,0x8626bbd6064f85cf:0x96cb061a8d69c1f5
Circle Auto Care,(225) 928-9408,,,"2181 Wooddale Blvd, Baton Rouge, LA 70806, United States",2181 Wooddale Blvd,Baton Rouge,LA,70806,4.1,37,Auto repair shop,,,https://www.google.com/maps/place/Circle+Auto+Care/data=!4m7!3m6!1s0x8626a3b62c75bf89:0xee51950c15a9e3d1!8m2!3d30.4684606!4d-91.1158432!16s%2Fg%2F1tk6w8d1!19sChIJib91LLajJoYR0eOpFQyVUe4?authuser=0&hl=en&rclk=1,auto repair shop,West Baton Rouge Parish,county,LA,2026-07-30T11:07:49,0x8626a3b62c75bf89:0xee51950c15a9e3d1
City Town Tire Shop,(225) 272-1299,,,"2595 N Sherwood Forest Dr, Baton Rouge, LA 70815, United States",2595 N Sherwood Forest Dr,Baton Rouge,LA,70815,4.3,149,Tire shop,,,https://www.google.com/maps/place/City+Town+Tire+Shop/data=!4m7!3m6!1s0x8626bcd4ab7c41b9:0x6ee325d9dfd7b32b!8m2!3d30.472126!4d-91.058576!16s%2Fg%2F1tdg_nl6!19sChIJuUF8q9S8JoYRK7PX39kl424?authuser=0&hl=en&rclk=1,auto repair shop,Baton Rouge,city,LA,2026-07-30T11:50:32,0x8626bcd4ab7c41b9:0x6ee325d9dfd7b32b
Clark's Auto Services Center,(225) 356-1293,,,"5229 Choctaw Dr, Baton Rouge, LA 70805, United States",5229 Choctaw Dr,Baton Rouge,LA,70805,4.8,17,Auto repair shop,,,https://www.google.com/maps/place/Clark%27s+Auto+Services+Center/data=!4m7!3m6!1s0x8626a17c2a1fd771:0x692346447f2c65d1!8m2!3d30.4709806!4d-91.1379115!16s%2Fg%2F1xgrn93d!19sChIJcdcfKnyhJoYR0WUsf0RGI2k?authuser=0&hl=en&rclk=1,auto repair shop,Baton Rouge,city,LA,2026-07-30T11:50:32,0x8626a17c2a1fd771:0x692346447f2c65d1
Conrads Auto Repair,(225) 610-3317,,,"5525 Guice Dr, Baton Rouge, LA 70811, United States",5525 Guice Dr,Baton Rouge,LA,70811,5.0,1,Auto body shop,,,https://www.google.com/maps/place/Conrads+Auto+Repair/data=!4m7!3m6!1s0x862699bb09f22adb:0xd8acd54ee375d286!8m2!3d30.5477912!4d-91.1359027!16s%2Fg%2F11h6rr91vq!19sChIJ2yryCbuZJoYRhtJ1407VrNg?authuser=0&hl=en&rclk=1,auto repair shop,West Feliciana Parish,county,LA,2026-07-30T11:19:39,0x862699bb09f22adb:0xd8acd54ee375d286
Dale's Auto Repair,(225) 274-0702,https://dalesautorepair.net/,,"11353 Greenwell Springs Rd Ste b, Baton Rouge, LA 70814, United States",11353 Greenwell Springs Rd Ste b,Baton Rouge,LA,70814,4.0,24,Auto repair shop,,,https://www.google.com/maps/place/Dale%27s+Auto+Repair/data=!4m7!3m6!1s0x8626bd337e8723c1:0xf91723de7d5b978c!8m2!3d30.494688!4d-91.0564346!16s%2Fg%2F1tggtwz_!19sChIJwSOHfjO9JoYRjJdbfd4jF_k?authuser=0&hl=en&rclk=1,auto repair shop,Baton Rouge,city,LA,2026-07-30T11:50:32,0x8626bd337e8723c1:0xf91723de7d5b978c
Daryl's Automotive,(225) 769-2832,https://www.darylsautomotive.com/,,"7353 Town S Ave, Baton Rouge, LA 70808, United States",7353 Town S Ave,Baton Rouge,LA,70808,4.8,65,Auto repair shop,,,https://www.google.com/maps/place/Daryl%27s+Automotive/data=!4m7!3m6!1s0x8626a44976577cd5:0x31dc7e0dab29844b!8m2!3d30.3916647!4d-91.113572!16s%2Fg%2F1tdzx25l!19sChIJ1XxXdkmkJoYRS4Qpqw1-3DE?authuser=0&hl=en&rclk=1,auto repair shop,West Baton Rouge Parish,county,LA,2026-07-30T11:07:49,0x8626a44976577cd5:0x31dc7e0dab29844b
Davids' Auto Repair,(225) 275-1675,,,"13399 Florida Blvd, Baton Rouge, LA 70815, United States",13399 Florida Blvd,Baton Rouge,LA,70815,4.2,36,Auto repair shop,,,https://www.google.com/maps/place/Davids%27+Auto+Repair/data=!4m7!3m6!1s0x8626bce90626a597:0xcb0c8cb15d2a6c71!8m2!3d30.4626322!4d-91.0368908!16s%2Fg%2F1v16qnyz!19sChIJl6UmBum8JoYRcWwqXbGMDMs?authuser=0&hl=en&rclk=1,auto repair shop,Baton Rouge,city,LA,2026-07-30T11:50:32,0x8626bce90626a597:0xcb0c8cb15d2a6c71
Derrick's Auto Repair,(225) 218-0282,,,"9968 S Choctaw Dr, Baton Rouge, LA 70815, United States",9968 S Choctaw Dr,Baton Rouge,LA,70815,4.5,17,Auto repair shop,,,https://www.google.com/maps/place/Derrick%27s+Auto+Repair/data=!4m7!3m6!1s0x8626a31f2d6fd487:0x4a3c817a63bad019!8m2!3d30.4717198!4d-91.0746533!16s%2Fg%2F1tftlk_5!19sChIJh9RvLR-jJoYRGdC6Y3qBPEo?authuser=0&hl=en&rclk=1,auto repair shop,West Baton Rouge Parish,county,LA,2026-07-30T11:07:49,0x8626a31f2d6fd487:0x4a3c817a63bad019
Dr Muffler Auto Care,(225) 767-0056,,,"1723 Staring Ln #1029, Baton Rouge, LA 70810, United States",1723 Staring Ln #1029,Baton Rouge,LA,70810,4.1,109,Auto repair shop,,,https://www.google.com/maps/place/Dr+Muffler+Auto+Care/data=!4m7!3m6!1s0x8626a44b932306af:0x693e95b89b64e5d7!8m2!3d30.3899888!4d-91.1123866!16s%2Fg%2F1tc_fmmn!19sChIJrwYjk0ukJoYR1-Vkm7iVPmk?authuser=0&hl=en&rclk=1,auto repair shop,West Baton Rouge Parish,county,LA,2026-07-30T11:07:49,0x8626a44b932306af:0x693e95b89b64e5d7
Drusilla Car Care,(225) 216-7001,,,"3358 Drusilla Ln #7D, Baton Rouge, LA 70809, United States",3358 Drusilla Ln #7D,Baton Rouge,LA,70809,4.8,123,Auto repair shop,,,https://www.google.com/maps/place/Drusilla+Car+Care/data=!4m7!3m6!1s0x8626a4856660c2f9:0x56eec5857d0ee548!8m2!3d30.420243!4d-91.088736!16s%2Fg%2F11byl1cqw7!19sChIJ-cJgZoWkJoYRSOUOfYXF7lY?authuser=0&hl=en&rclk=1,auto repair shop,Baton Rouge,city,LA,2026-07-30T11:50:32,0x8626a4856660c2f9:0x56eec5857d0ee548
Evan Auto Repair,(225) 256-4460,,,"2501 Scenic Hwy, Baton Rouge, LA 70805, United States",2501 Scenic Hwy,Baton Rouge,LA,70805,4.0,13,Auto repair shop,,,https://www.google.com/maps/place/Evan+Auto+Repair/data=!4m7!3m6!1s0x8626a151419cf57b:0xed701c9d6fae9030!8m2!3d30.4703145!4d-91.168504!16s%2Fg%2F11kr779s6f!19sChIJe_WcQVGhJoYRMJCub50ccO0?authuser=0&hl=en&rclk=1,auto repair shop,West Baton Rouge Parish,county,LA,2026-07-30T11:07:49,0x8626a151419cf57b:0xed701c9d6fae9030
Expert Auto Services,(225) 928-4146,,,"8154 Greenwell Springs Rd, Baton Rouge, LA 70814, United States",8154 Greenwell Springs Rd,Baton Rouge,LA,70814,4.8,16,Auto repair shop,,,https://www.google.com/maps/place/Expert+Auto+Services/data=!4m7!3m6!1s0x8626a252edc698c5:0xe8ca4e630218a33e!8m2!3d30.4790339!4d-91.1047705!16s%2Fg%2F1vg_d6qj!19sChIJxZjG7VKiJoYRPqMYAmNOyug?authuser=0&hl=en&rclk=1,auto repair shop,West Baton Rouge Parish,county,LA,2026-07-30T11:07:49,0x8626a252edc698c5:0xe8ca4e630218a33e
Express Care Automotive,(225) 368-2273,http://www.oilchangebatonrouge.com/,,"5960 S Sherwood Forest Blvd, Baton Rouge, LA 70816, United States",5960 S Sherwood Forest Blvd,Baton Rouge,LA,70816,4.8,110,Auto repair shop,,,https://www.google.com/maps/place/Express+Care+Automotive/data=!4m7!3m6!1s0x8626bb31464455ef:0x6369857615bbb2fd!8m2!3d30.4019136!4d-91.052915!16s%2Fg%2F1tjtjmy3!19sChIJ71VERjG7JoYR_bK7FXaFaWM?authuser=0&hl=en&rclk=1,auto repair shop,West Baton Rouge Parish,county,LA,2026-07-30T11:07:49,0x8626bb31464455ef:0x6369857615bbb2fd
Fast complete auto care,(225) 246-7757,,,"3575 Florida Blvd, Baton Rouge, LA 70806, United States",3575 Florida Blvd,Baton Rouge,LA,70806,4.2,10,Auto repair shop,,,https://www.google.com/maps/place/Fast+complete+auto+care/data=!4m7!3m6!1s0x8626a1227183eaf9:0x4d0055d4865327d0!8m2!3d30.4506259!4d-91.1535143!16s%2Fg%2F11vrdc9w3_!19sChIJ-eqDcSKhJoYR0CdThtRVAE0?authuser=0&hl=en&rclk=1,auto repair shop,West Baton Rouge Parish,county,LA,2026-07-30T11:07:49,0x8626a1227183eaf9:0x4d0055d4865327d0
Fisher's Automotive,(225) 293-8573,https://www.facebook.com/Fishers-Automotive-Mechanical-Collision-Paint-and-Body-110801415649379/,,"9550 Dawnadele Ave Ste A, Baton Rouge, LA 70809, United States",9550 Dawnadele Ave Ste A,Baton Rouge,LA,70809,4.1,42,Auto repair shop,,,https://www.google.com/maps/place/Fisher%27s+Automotive/data=!4m7!3m6!1s0x8626bb3360436ec5:0x10e9585c25b37f6c!8m2!3d30.4208105!4d-91.0769587!16s%2Fg%2F1tksnqw3!19sChIJxW5DYDO7JoYRbH-zJVxY6RA?authuser=0&hl=en&rclk=1,auto repair shop,West Baton Rouge Parish,county,LA,2026-07-30T11:07:49,0x8626bb3360436ec5:0x10e9585c25b37f6c
Fixcar Automotive LLC,(225) 471-2977,https://fixcar.repair/,,"10215 Florida Blvd SUITE 1, Baton Rouge, LA 70815, United States",10215 Florida Blvd SUITE 1,Baton Rouge,LA,70815,4.7,167,Auto repair shop,,,https://www.google.com/maps/place/Fixcar+Automotive+LLC/data=!4m7!3m6!1s0x8626bd23825fff53:0x95d7f3df191ccc57!8m2!3d30.4590392!4d-91.069845!16s%2Fg%2F11g3bd8qs1!19sChIJU_9fgiO9JoYRV8wcGd_z15U?authuser=0&hl=en&rclk=1,auto repair shop,Baton Rouge,city,LA,2026-07-30T11:50:32,0x8626bd23825fff53:0x95d7f3df191ccc57
GENERAL AUTO REPAIR A,(225) 256-4274,,,"4045 Florida Blvd, Baton Rouge, LA 70806, United States",4045 Florida Blvd,Baton Rouge,LA,70806,5.0,9,Auto repair shop,,,https://www.google.com/maps/place/GENERAL+AUTO+REPAIR+A/data=!4m7!3m6!1s0x8626a1980fa5a7dd:0xc6641b24267f225d!8m2!3d30.4509224!4d-91.1489916!16s%2Fg%2F11vplbb7ws!19sChIJ3aelD5ihJoYRXSJ_JiQbZMY?authuser=0&hl=en&rclk=1,auto repair shop,West Baton Rouge Parish,county,LA,2026-07-30T11:07:49,0x8626a1980fa5a7dd:0xc6641b24267f225d
General Auto Repair I LLC,(225) 246-2644,,,"4045 Florida Blvd, Baton Rouge, LA 70806, United States",4045 Florida Blvd,Baton Rouge,LA,70806,4.3,86,Auto repair shop,,,https://www.google.com/maps/place/General+Auto+Repair+I+LLC/data=!4m7!3m6!1s0x8626a1408cec3a97:0x42e9e19ef1595a9e!8m2!3d30.4509101!4d-91.1489865!16s%2Fg%2F11bxfj8c_k!19sChIJlzrsjEChJoYRnlpZ8Z7h6UI?authuser=0&hl=en&rclk=1,auto repair shop,West Baton Rouge Parish,county,LA,2026-07-30T11:07:49,0x8626a1408cec3a97:0x42e9e19ef1595a9e
Glenn's Automotive,(225) 354-1811,http://glenns-automotive-baton-rouge.jany.io/,,"6489 Choctaw Dr, Baton Rouge, LA 70805, United States",6489 Choctaw Dr,Baton Rouge,LA,70805,4.5,62,Auto repair shop,,,https://www.google.com/maps/place/Glenn%27s+Automotive/data=!4m7!3m6!1s0x8626a3ce08f42c05:0x90581e3f2e7614d3!8m2!3d30.4713094!4d-91.1249967!16s%2Fg%2F1thx4dtw!19sChIJBSz0CM6jJoYR0xR2Lj8eWJA?authuser=0&hl=en&rclk=1,auto repair shop,Baton Rouge,city,LA,2026-07-30T11:50:32,0x8626a3ce08f42c05:0x90581e3f2e7614d3
Gordon & Sandifer Auto Service,(225) 343-3427,http://gordonandsandifer.com/,,"3825 Perkins Rd, Baton Rouge, LA 70808, United States",3825 Perkins Rd,Baton Rouge,LA,70808,4.9,792,Auto repair shop,,,https://www.google.com/maps/place/Gordon+%26+Sandifer+Auto+Service/data=!4m7!3m6!1s0x8626a6b75231f019:0x9db2748114468315!8m2!3d30.4198535!4d-91.1497687!16s%2Fg%2F1th1d2b_!19sChIJGfAxUremJoYRFYNGFIF0sp0?authuser=0&hl=en&rclk=1,auto repair shop,St. Martin Parish,county,LA,2026-07-30T09:03:24,0x8626a6b75231f019:0x9db2748114468315
HIGH TECH CAR CARE,(225) 206-8080,https://www.hightechcc.com/,,"2862 O'Neal Ln, Baton Rouge, LA 70816, United States",2862 O'Neal Ln,Baton Rouge,LA,70816,4.9,158,Auto repair shop,,,https://www.google.com/maps/place/HIGH+TECH+CAR+CARE/data=!4m7!3m6!1s0x8626bba466be444d:0x161eef84cc5cb39b!8m2!3d30.4268937!4d-91.0081021!16s%2Fg%2F11wwft0r9n!19sChIJTUS-ZqS7JoYRm7NczITvHhY?authuser=0&hl=en&rclk=1,auto repair shop,West Baton Rouge Parish,county,LA,2026-07-30T11:07:49,0x8626bba466be444d:0x161eef84cc5cb39b
Hi Tech Car Care Center,(225) 344-1501,http://www.hitechserve.com/,info@hitechserve.com,"1501 Florida St, Baton Rouge, LA 70802, United States",1501 Florida St,Baton Rouge,LA,70802,4.9,54,Auto repair shop,,,https://www.google.com/maps/place/Hi+Tech+Car+Care+Center/data=!4m7!3m6!1s0x8626a1209c582b5f:0x5a0ad4a7056da365!8m2!3d30.449902!4d-91.1732285!16s%2Fg%2F12hmzw2lr!19sChIJXytYnCChJoYRZaNtBafUClo?authuser=0&hl=en&rclk=1,auto repair shop,West Baton Rouge Parish,county,LA,2026-07-30T11:07:49,0x8626a1209c582b5f:0x5a0ad4a7056da365
Highland Terrace Mechanic Shop,(225) 387-9632,,,"1375 Highland Rd, Baton Rouge, LA 70802, United States",1375 Highland Rd,Baton Rouge,LA,70802,4.7,173,Auto repair shop,,,https://www.google.com/maps/place/Highland+Terrace+Mechanic+Shop/data=!4m7!3m6!1s0x8626a0cdc2f14139:0x67f95fbf8e647bc2!8m2!3d30.4358912!4d-91.1846083!16s%2Fg%2F1vd71pj9!19sChIJOUHxws2gJoYRwntkjr9f-Wc?authuser=0&hl=en&rclk=1,auto repair shop,St. Martin Parish,county,LA,2026-07-30T09:03:24,0x8626a0cdc2f14139:0x67f95fbf8e647bc2
Hogan's Auto repair,(225) 356-5442,,,"5888 N Foster Dr, Baton Rouge, LA 70805, United States",5888 N Foster Dr,Baton Rouge,LA,70805,4.5,20,Auto repair shop,,,https://www.google.com/maps/place/Hogan%27s+Auto+repair/data=!4m7!3m6!1s0x8626a1e2ecee3395:0x1d7b0899a060ba47!8m2!3d30.5037198!4d-91.1409878!16s%2Fg%2F11h1zxv7mv!19sChIJlTPu7OKhJoYRR7pgoJkIex0?authuser=0&hl=en&rclk=1,auto repair shop,West Baton Rouge Parish,county,LA,2026-07-30T11:07:49,0x8626a1e2ecee3395:0x1d7b0899a060ba47
Hooper Road Car Care,(225) 262-7127,,,"9695 Hooper Rd, Baton Rouge, LA 70818, United States",9695 Hooper Rd,Baton Rouge,LA,70818,3.7,66,Car repair and maintenance service,,,https://www.google.com/maps/place/Hooper+Road+Car+Care/data=!4m7!3m6!1s0x86269812db8bccd1:0x9e695731beca63be!8m2!3d30.5364622!4d-91.0804231!16s%2Fg%2F1thl5sz5!19sChIJ0cyL2xKYJoYRvmPKvjFXaZ4?authuser=0&hl=en&rclk=1,auto repair shop,West Feliciana Parish,county,LA,2026-07-30T11:19:39,0x86269812db8bccd1:0x9e695731beca63be
Jah Automotive Llc,(504) 284-8289,,,"982 Columbus Dunn Dr, Baton Rouge, LA 70802, United States",982 Columbus Dunn Dr,Baton Rouge,LA,70802,4.8,71,Auto repair shop,,,https://www.google.com/maps/place/Jah+Automotive+Llc/data=!4m7!3m6!1s0x8626a1ceb4b73d35:0xe419db3fbb7eab53!8m2!3d30.4571747!4d-91.1440404!16s%2Fg%2F11h4g7_gzq!19sChIJNT23tM6hJoYRU6t-uz_bGeQ?authuser=0&hl=en&rclk=1,auto repair shop,West Baton Rouge Parish,county,LA,2026-07-30T11:07:49,0x8626a1ceb4b73d35:0xe419db3fbb7eab53
Jamison's Auto Services,(225) 383-1711,,,"2526 North Blvd, Baton Rouge, LA 70806, United States",2526 North Blvd,Baton Rouge,LA,70806,4.9,55,Auto repair shop,,,https://www.google.com/maps/place/Jamison%27s+Auto+Services/data=!4m7!3m6!1s0x8626a13c9decd685:0x6bed6b68246f06d6!8m2!3d30.4478582!4d-91.1624363!16s%2Fg%2F1tfzxvrs!19sChIJhdbsnTyhJoYR1gZvJGhr7Ws?authuser=0&hl=en&rclk=1,auto repair shop,West Baton Rouge Parish,county,LA,2026-07-30T11:07:49,0x8626a13c9decd685:0x6bed6b68246f06d6
Jo's Automotive & body Repair LLC,(225) 310-0034,,,"11556 Darryl Dr, Baton Rouge, LA 70815, United States",11556 Darryl Dr,Baton Rouge,LA,70815,4.9,203,Auto body shop,,,https://www.google.com/maps/place/Jo%27s+Automotive+%26+body+Repair+LLC/data=!4m7!3m6!1s0x8626bcd12bbfffff:0xeb0d72626d7c56f5!8m2!3d30.4708147!4d-91.0552814!16s%2Fg%2F11f5d5m2pl!19sChIJ__-_K9G8JoYR9VZ8bWJyDes?authuser=0&hl=en&rclk=1,auto repair shop,West Baton Rouge Parish,county,LA,2026-07-30T11:07:49,0x8626bcd12bbfffff:0xeb0d72626d7c56f5
Juneau's Auto Repair,(225) 389-6814,,,"11353 Hooper Rd, Baton Rouge, LA 70818, United States",11353 Hooper Rd,Baton Rouge,LA,70818,4.9,47,Auto repair shop,,,https://www.google.com/maps/place/Juneau%27s+Auto+Repair/data=!4m7!3m6!1s0x8626981fc74be6a9:0x5df58f163b7537d1!8m2!3d30.5449863!4d-91.0598677!16s%2Fg%2F1td_hm76!19sChIJqeZLxx-YJoYR0Td1OxaP9V0?authuser=0&hl=en&rclk=1,auto repair shop,West Feliciana Parish,county,LA,2026-07-30T11:19:39,0x8626981fc74be6a9:0x5df58f163b7537d1
K & H Automotive Service,(225) 926-8040,https://kandhautomotive.com/,,"2358 College Dr, Baton Rouge, LA 70808, United States",2358 College Dr,Baton Rouge,LA,70808,4.9,305,Auto repair shop,,,https://www.google.com/maps/place/K+%26+H+Automotive+Service/data=!4m7!3m6!1s0x8626a7442ac0e13f:0xd809fcb8e85e6de5!8m2!3d30.4266609!4d-91.137729!16s%2Fg%2F11tk2c2hhs!19sChIJP-HAKkSnJoYR5W1e6Lj8Cdg?authuser=0&hl=en&rclk=1,auto repair shop,West Baton Rouge Parish,county,LA,2026-07-30T11:07:49,0x8626a7442ac0e13f:0xd809fcb8e85e6de5
K & M Automotive,(225) 636-2875,http://kandmautomotiveservice.com/,,"8445 Siegen Ln, Baton Rouge, LA 70810, United States",8445 Siegen Ln,Baton Rouge,LA,70810,4.7,109,Auto repair shop,,,https://www.google.com/maps/place/K+%26+M+Automotive/data=!4m7!3m6!1s0x8626a53b38ec1afd:0xd54aa47ec8ec196f!8m2!3d30.3714254!4d-91.0721204!16s%2Fg%2F1v4ptc4s!19sChIJ_RrsODulJoYRbxnsyH6kStU?authuser=0&hl=en&rclk=1,auto repair shop,St. Martin Parish,county,LA,2026-07-30T09:03:24,0x8626a53b38ec1afd:0xd54aa47ec8ec196f
Keith Automotive Repair,(225) 926-5031,https://keithsautobr.com/,keithsautobr@gmail.com,"8618 Florida Blvd, Baton Rouge, LA 70815, United States",8618 Florida Blvd,Baton Rouge,LA,70815,4.3,88,Auto repair shop,,,https://www.google.com/maps/place/Keith+Automotive+Repair/data=!4m7!3m6!1s0x8626a3753e07742f:0x78460e3b91da466b!8m2!3d30.4513217!4d-91.0937541!16s%2Fg%2F1tgtfw1v!19sChIJL3QHPnWjJoYRa0bakTsORng?authuser=0&hl=en&rclk=1,auto repair shop,West Baton Rouge Parish,county,LA,2026-07-30T11:07:49,0x8626a3753e07742f:0x78460e3b91da466b
Kenneth’s Auto Service,(225) 359-6003,,,"3133 Monterrey Dr, Baton Rouge, LA 70814, United States",3133 Monterrey Dr,Baton Rouge,LA,70814,5.0,22,Car repair and maintenance service,,,https://www.google.com/maps/place/Kenneth%E2%80%99s+Auto+Service/data=!4m7!3m6!1s0x8626a342e90bee95:0x8a49f8ae431cdffa!8m2!3d30.4778383!4d-91.0840858!16s%2Fg%2F11scf0ljjq!19sChIJle4L6UKjJoYR-t8cQ674SYo?authuser=0&hl=en&rclk=1,auto repair shop,West Baton Rouge Parish,county,LA,2026-07-30T11:07:49,0x8626a342e90bee95:0x8a49f8ae431cdffa
King Auto Service,(225) 503-6481,,,"7651 Realtors Ave #4, Baton Rouge, LA 70806, United States",7651 Realtors Ave #4,Baton Rouge,LA,70806,4.8,19,Car repair and maintenance service,,,https://www.google.com/maps/place/King+Auto+Service/data=!4m7!3m6!1s0x8626bd364b754849:0x9de6535553b69090!8m2!3d30.4559202!4d-91.1099865!16s%2Fg%2F11jcc80skc!19sChIJSUh1Sza9JoYRkJC2U1VT5p0?authuser=0&hl=en&rclk=1,auto repair shop,West Baton Rouge Parish,county,LA,2026-07-30T11:07:49,0x8626bd364b754849:0x9de6535553b69090
L & C Auto Repair Shop,(225) 357-5287,,,"3659 Plank Rd, Baton Rouge, LA 70805, United States",3659 Plank Rd,Baton Rouge,LA,70805,4.4,16,Auto repair shop,,,https://www.google.com/maps/place/L+%26+C+Auto+Repair+Shop/data=!4m7!3m6!1s0x8626a1a6ae0db337:0x20f98c39c2b73895!8m2!3d30.4818312!4d-91.1595847!16s%2Fg%2F1tdn4g5c!19sChIJN7MNrqahJoYRlTi3wjmM-SA?authuser=0&hl=en&rclk=1,auto repair shop,West Baton Rouge Parish,county,LA,2026-07-30T11:07:49,0x8626a1a6ae0db337:0x20f98c39c2b73895
L&S Automotive,(225) 532-2368,https://lsautobr.com/,,"16302 Jefferson Hwy, Baton Rouge, LA 70817, United States",16302 Jefferson Hwy,Baton Rouge,LA,70817,4.9,616,Auto repair shop,,,https://www.google.com/maps/place/L%26S+Automotive/data=!4m7!3m6!1s0x8626ba449fcfa691:0xf5eaadbc562ea762!8m2!3d30.368475!4d-91.0095239!16s%2Fg%2F1tdks4s8!19sChIJkabPn0S6JoYRYqcuVryt6vU?authuser=0&hl=en&rclk=1,auto repair shop,Allen Parish,county,LA,2026-07-29T09:58:43,0x8626ba449fcfa691:0xf5eaadbc562ea762
Lee Complete Car Care-Muffler,(225) 355-2323,http://lee-muffler.poi.place/,,"4719 Airline Hwy, Baton Rouge, LA 70805, United States",4719 Airline Hwy,Baton Rouge,LA,70805,3.9,72,Auto repair shop,,,https://www.google.com/maps/place/Lee+Complete+Car+Care-Muffler/data=!4m7!3m6!1s0x8626a1f03a6c3411:0xffed88c3f792f5c9!8m2!3d30.5097575!4d-91.1438246!16s%2Fg%2F1ts3lkk9!19sChIJETRsOvChJoYRyfWS98OI7f8?authuser=0&hl=en&rclk=1,auto repair shop,West Baton Rouge Parish,county,LA,2026-07-30T11:07:49,0x8626a1f03a6c3411:0xffed88c3f792f5c9
Lee's Complete Car Care & Muffler 2 LLC,(225) 330-4655,https://leescompletecarcare.com/,johndoe@gmail.com,"7550 Plank Rd, Baton Rouge, LA 70811, United States",7550 Plank Rd,Baton Rouge,LA,70811,3.9,56,Auto repair shop,,,https://www.google.com/maps/place/Lee%27s+Complete+Car+Care+%26+Muffler+2+LLC/data=!4m7!3m6!1s0x8626a1e36f37ca69:0x48feede3f51137d6!8m2!3d30.5179573!4d-91.1464204!16s%2Fg%2F11c5zrj8vx!19sChIJaco3b-OhJoYR1jcR9ePt_kg?authuser=0&hl=en&rclk=1,auto repair shop,West Baton Rouge Parish,county,LA,2026-07-30T11:07:49,0x8626a1e36f37ca69:0x48feede3f51137d6
Los Amigos Auto Repair,(214) 518-3132,,,"6054 Greenwell Springs Rd, Baton Rouge, LA 70806, United States",6054 Greenwell Springs Rd,Baton Rouge,LA,70806,4.2,13,Auto repair shop,,,https://www.google.com/maps/place/Los+Amigos+Auto+Repair/data=!4m7!3m6!1s0x8626a3d0dda20769:0x67d9e264bc306fb8!8m2!3d30.4678345!4d-91.1293849!16s%2Fg%2F11gwmhqc_3!19sChIJaQei3dCjJoYRuG8wvGTi2Wc?authuser=0&hl=en&rclk=1,auto repair shop,West Baton Rouge Parish,county,LA,2026-07-30T11:07:49,0x8626a3d0dda20769:0x67d9e264bc306fb8
Lucky Car Care,(225) 330-4953,http://luckycarcare.com/,luckycarcare225@gmail.com,"1044 O'Neal Ln, Baton Rouge, LA 70816, United States",1044 O'Neal Ln,Baton Rouge,LA,70816,4.7,134,Auto repair shop,,,https://www.google.com/maps/place/Lucky+Car+Care/data=!4m7!3m6!1s0x8626bd0f9626ade3:0x9253bd37110ccf3a!8m2!3d30.453459!4d-91.0087306!16s%2Fg%2F11tnfvjdw2!19sChIJ460mlg-9JoYROs8METe9U5I?authuser=0&hl=en&rclk=1,auto repair shop,West Baton Rouge Parish,county,LA,2026-07-30T11:07:49,0x8626bd0f9626ade3:0x9253bd37110ccf3a
Main Street Car Care Center,(225) 383-2131,,,"2131 Main St, Baton Rouge, LA 70802, United States",2131 Main St,Baton Rouge,LA,70802,4.7,38,Auto repair shop,,,https://www.google.com/maps/place/Main+Street+Car+Care+Center/data=!4m7!3m6!1s0x8626a1225dc4ab67:0xd7d5b9ff1155e1b7!8m2!3d30.4523042!4d-91.1668196!16s%2Fg%2F1td0gwcx!19sChIJZ6vEXSKhJoYRt-FVEf-51dc?authuser=0&hl=en&rclk=1,auto repair shop,West Baton Rouge Parish,county,LA,2026-07-30T11:07:49,0x8626a1225dc4ab67:0xd7d5b9ff1155e1b7
Mech Tech Auto Repair,(225) 273-0724,,,"10970 Florida Blvd, Baton Rouge, LA 70815, United States",10970 Florida Blvd,Baton Rouge,LA,70815,3.3,45,Auto repair shop,,,https://www.google.com/maps/place/Mech+Tech+Auto+Repair/data=!4m7!3m6!1s0x8626a312ca1af0e5:0x10c6758339184d1e!8m2!3d30.4576396!4d-91.0622558!16s%2Fg%2F1tj52z55!19sChIJ5fAayhKjJoYRHk0YOYN1xhA?authuser=0&hl=en&rclk=1,auto repair shop,West Baton Rouge Parish,county,LA,2026-07-30T11:07:49,0x8626a312ca1af0e5:0x10c6758339184d1e
Mech-Tech,(225) 357-5335,,,"3333 N Foster Dr, Baton Rouge, LA 70805, United States",3333 N Foster Dr,Baton Rouge,LA,70805,4.4,87,Brake shop,,,https://www.google.com/maps/place/Mech-Tech/data=!4m7!3m6!1s0x8626a1822e19ac89:0x333a7f7b4198a82c!8m2!3d30.4791731!4d-91.1409712!16s%2Fg%2F1trrdkp4!19sChIJiawZLoKhJoYRLKiYQXt_OjM?authuser=0&hl=en&rclk=1,auto repair shop,West Baton Rouge Parish,county,LA,2026-07-30T11:07:49,0x8626a1822e19ac89:0x333a7f7b4198a82c
Mike's Auto Service,(225) 272-1131,,,"8367 1/2 Airline Hwy, Baton Rouge, LA 70815, United States",8367 1/2 Airline Hwy,Baton Rouge,LA,70815,4.9,14,Car repair and maintenance service,,,https://www.google.com/maps/place/Mike%27s+Auto+Service/data=!4m7!3m6!1s0x8626a344aca5aa95:0x364a960d5a54e98d!8m2!3d30.4601085!4d-91.0993902!16s%2Fg%2F11ptxtrw0z!19sChIJlaqlrESjJoYRjelUWg2WSjY?authuser=0&hl=en&rclk=1,auto repair shop,West Baton Rouge Parish,county,LA,2026-07-30T11:07:49,0x8626a344aca5aa95:0x364a960d5a54e98d
Minh's Auto Complete Repair,(225) 288-8055,,,"10077 Florida Blvd, Baton Rouge, LA 70815, United States",10077 Florida Blvd,Baton Rouge,LA,70815,4.7,15,Auto repair shop,,,https://www.google.com/maps/place/Minh%27s+Auto+Complete+Repair/data=!4m7!3m6!1s0x8626a312ce1cd03f:0x9c85c77ecd5cff97!8m2!3d30.4571635!4d-91.0717586!16s%2Fg%2F1tjhy08s!19sChIJP9AczhKjJoYRl_9czX7HhZw?authuser=0&hl=en&rclk=1,auto repair shop,West Baton Rouge Parish,county,LA,2026-07-30T11:07:49,0x8626a312ce1cd03f:0x9c85c77ecd5cff97
Neil's Automotive,(225) 753-4450,http://www.neilsautomotive.net/,,"6536 Pecue Ln, Baton Rouge, LA 70817, United States",6536 Pecue Ln,Baton Rouge,LA,70817,4.8,88,Auto repair shop,,,https://www.google.com/maps/place/Neil%27s+Automotive/data=!4m7!3m6!1s0x8626bb22349df6b7:0xdf91c5ed4c85d9c0!8m2!3d30.3923834!4d-91.0417649!16s%2Fg%2F11bzrbszzl!19sChIJt_adNCK7JoYRwNmFTO3Fkd8?authuser=0&hl=en&rclk=1,auto repair shop,St. Martin Parish,county,LA,2026-07-30T09:03:24,0x8626bb22349df6b7:0xdf91c5ed4c85d9c0
ONeal Car Care Center,(225) 752-6252,http://www.onealcarcare.com/,info@onealcarcare.com,"3855 O'Neal Ln, Baton Rouge, LA 70816, United States",3855 O'Neal Ln,Baton Rouge,LA,70816,4.6,94,Auto repair shop,,,https://www.google.com/maps/place/ONeal+Car+Care+Center/data=!4m7!3m6!1s0x8626bb9048298d43:0xfc4cf1c86ef3321e!8m2!3d30.4183271!4d-91.0089934!16s%2Fg%2F1tfk4t0d!19sChIJQ40pSJC7JoYRHjLzbsjxTPw?authuser=0&hl=en&rclk=1,auto repair shop,West Baton Rouge Parish,county,LA,2026-07-30T11:07:49,0x8626bb9048298d43:0xfc4cf1c86ef3321e
PK Complete Auto Care LLC,(225) 231-9907,,,"9196 S Choctaw Dr, Baton Rouge, LA 70815, United States",9196 S Choctaw Dr,Baton Rouge,LA,70815,3.9,35,Auto repair shop,,,https://www.google.com/maps/place/PK+Complete+Auto+Care+LLC/data=!4m7!3m6!1s0x8626a31c7fc3448d:0x35b82a4244994ea3!8m2!3d30.4713753!4d-91.0850988!16s%2Fg%2F1vf9cqyr!19sChIJjUTDfxyjJoYRo06ZREIquDU?authuser=0&hl=en&rclk=1,auto repair shop,West Baton Rouge Parish,county,LA,2026-07-30T11:07:49,0x8626a31c7fc3448d:0x35b82a4244994ea3
PNR Car Care,(225) 355-2323,,,"4719 Airline Hwy, Baton Rouge, LA 70805, United States",4719 Airline Hwy,Baton Rouge,LA,70805,5.0,10,Auto repair shop,,,https://www.google.com/maps/place/PNR+Car+Care/data=!4m7!3m6!1s0x8626a178aa0aeec1:0x8031013178fe65ef!8m2!3d30.5097888!4d-91.1439432!16s%2Fg%2F11nj92wp5q!19sChIJwe4KqnihJoYR72X-eDEBMYA?authuser=0&hl=en&rclk=1,auto repair shop,Baton Rouge,city,LA,2026-07-30T11:50:32,0x8626a178aa0aeec1:0x8031013178fe65ef
Phils Auto LLc And Moblie Service,(225) 394-6493,https://www.philsautollc.com/,,"4244 N Foster Dr, Baton Rouge, LA 70805, United States",4244 N Foster Dr,Baton Rouge,LA,70805,4.5,71,Auto repair shop,,,https://www.google.com/maps/place/Phils+Auto+LLc+And+Moblie+Service/data=!4m7!3m6!1s0x8626a154e4e7de4f:0xdae2b424e17183e2!8m2!3d30.4889302!4d-91.1402362!16s%2Fg%2F11ffw575p0!19sChIJT97n5FShJoYR4oNx4SS04to?authuser=0&hl=en&rclk=1,auto repair shop,West Baton Rouge Parish,county,LA,2026-07-30T11:07:49,0x8626a154e4e7de4f:0xdae2b424e17183e2
Plantation Tire & Auto,(225) 930-9393,https://www.plantationtires.com/,,"3251 Drusilla Ln, Baton Rouge, LA 70809, United States",3251 Drusilla Ln,Baton Rouge,LA,70809,4.8,855,Auto repair shop,,,https://www.google.com/maps/place/Plantation+Tire+%26+Auto/data=!4m7!3m6!1s0x8626a4854915c079:0xd588dda55bb801ef!8m2!3d30.420335!4d-91.087403!16s%2Fg%2F1vlqqkss!19sChIJecAVSYWkJoYR7wG4W6XdiNU?authuser=0&hl=en&rclk=1,auto repair shop,West Baton Rouge Parish,county,LA,2026-07-30T11:07:49,0x8626a4854915c079:0xd588dda55bb801ef
Precision Tune Auto Care,(225) 293-2886,http://www.precisiontune.com/BatonRougeLA,2528@ptacit.com,"2843 S Sherwood Forest Blvd, Baton Rouge, LA 70816, United States",2843 S Sherwood Forest Blvd,Baton Rouge,LA,70816,4.6,732,Auto repair shop,,,https://www.google.com/maps/place/Precision+Tune+Auto+Care/data=!4m7!3m6!1s0x8626bb56a5185cf1:0x2625f19b33378237!8m2!3d30.4267048!4d-91.0529389!16s%2Fg%2F1tfb2c3c!19sChIJ8VwYpVa7JoYRN4I3M5vxJSY?authuser=0&hl=en&rclk=1,auto repair shop,West Baton Rouge Parish,county,LA,2026-07-30T11:07:49,0x8626bb56a5185cf1:0x2625f19b33378237
Premier Tire,(225) 372-2659,,,"12470 Hooper Rd, Baton Rouge, LA 70818, United States",12470 Hooper Rd,Baton Rouge,LA,70818,5.0,56,Tire shop,,,https://www.google.com/maps/place/Premier+Tire/data=!4m7!3m6!1s0x862697683404b457:0x9ea5743e203a2028!8m2!3d30.5497946!4d-91.0466059!16s%2Fg%2F11lhpcz2x7!19sChIJV7QENGiXJoYRKCA6ID50pZ4?authuser=0&hl=en&rclk=1,auto repair shop,West Feliciana Parish,county,LA,2026-07-30T11:19:39,0x862697683404b457:0x9ea5743e203a2028
QUALITY CAR CARE,(225) 273-2955,http://www.qualitycarcares.com/,,"11442 N Harrells Ferry Rd, Baton Rouge, LA 70816, United States",11442 N Harrells Ferry Rd,Baton Rouge,LA,70816,4.3,137,Tire shop,,,https://www.google.com/maps/place/QUALITY+CAR+CARE/data=!4m7!3m6!1s0x8626bcaa8eeef669:0xa2a1cdbae0bb8617!8m2!3d30.432468!4d-91.056621!16s%2Fg%2F1ttq2gpp!19sChIJafbujqq8JoYRF4a74LrNoaI?authuser=0&hl=en&rclk=1,auto repair shop,Baton Rouge,city,LA,2026-07-30T11:50:32,0x8626bcaa8eeef669:0xa2a1cdbae0bb8617
Ragusa's Automotive,(225) 344-2736,,,"2714 Government St, Baton Rouge, LA 70806, United States",2714 Government St,Baton Rouge,LA,70806,4.6,117,Auto repair shop,,,https://www.google.com/maps/place/Ragusa%27s+Automotive/data=!4m7!3m6!1s0x8626a13a3f20d169:0xaf53e2ca6cdcc174!8m2!3d30.4437476!4d-91.1602916!16s%2Fg%2F1wn_6gj7!19sChIJadEgPzqhJoYRdMHcbMriU68?authuser=0&hl=en&rclk=1,auto repair shop,St. Martin Parish,county,LA,2026-07-30T09:03:24,0x8626a13a3f20d169:0xaf53e2ca6cdcc174
Randy's Automotive,(225) 355-0782,,,"6335 Merrydale Ave, Baton Rouge, LA 70812, United States",6335 Merrydale Ave,Baton Rouge,LA,70812,4.6,5,Auto repair shop,,,https://www.google.com/maps/place/Randy%27s+Automotive/data=!4m7!3m6!1s0x8626a217809661d1:0x7d93adc6341889d7!8m2!3d30.4987881!4d-91.1276406!16s%2Fg%2F1ts_6zlh!19sChIJ0WGWgBeiJoYR14kYNMatk30?authuser=0&hl=en&rclk=1,auto repair shop,West Baton Rouge Parish,county,LA,2026-07-30T11:07:49,0x8626a217809661d1:0x7d93adc6341889d7
Reliable Automotive Repair,(225) 447-8259,,,"8360 W El Cajon Dr, Baton Rouge, LA 70815, United States",8360 W El Cajon Dr,Baton Rouge,LA,70815,5.0,3,Auto repair shop,,,https://www.google.com/maps/place/Reliable+Automotive+Repair/data=!4m7!3m6!1s0x8626a3e2b9b40967:0x6f8a91f7f47ca1e6!8m2!3d30.4688255!4d-91.0997463!16s%2Fg%2F11h_t40t38!19sChIJZwm0ueKjJoYR5qF89PeRim8?authuser=0&hl=en&rclk=1,auto repair shop,West Baton Rouge Parish,county,LA,2026-07-30T11:07:49,0x8626a3e2b9b40967:0x6f8a91f7f47ca1e6
Ron's Auto & Transmission Repair,(225) 774-3251,,,"3935 Blount Rd, Baton Rouge, LA 70807, United States",3935 Blount Rd,Baton Rouge,LA,70807,4.6,13,Auto repair shop,,,https://www.google.com/maps/place/Ron%27s+Auto+%26+Transmission+Repair/data=!4m7!3m6!1s0x86269f4016a33e3d:0x1f32f514a50f4923!8m2!3d30.5449735!4d-91.1522265!16s%2Fg%2F1td_c0z0!19sChIJPT6jFkCfJoYRI0kPpRT1Mh8?authuser=0&hl=en&rclk=1,auto repair shop,West Feliciana Parish,county,LA,2026-07-30T11:19:39,0x86269f4016a33e3d:0x1f32f514a50f4923
Siegan Car Care,(225) 296-3008,https://www.siegencarcare.com/,redfordautorepair@gmail.com,"6888 Siegen Ln, Baton Rouge, LA 70809, United States",6888 Siegen Ln,Baton Rouge,LA,70809,4.6,148,Auto repair shop,,,https://www.google.com/maps/place/Siegan+Car+Care/data=!4m7!3m6!1s0x8626a4d674fa6455:0x64864c03af7842a8!8m2!3d30.3870218!4d-91.0637391!16s%2Fg%2F1td9qwy8!19sChIJVWT6dNakJoYRqEJ4rwNMhmQ?authuser=0&hl=en&rclk=1,auto repair shop,West Baton Rouge Parish,county,LA,2026-07-30T11:07:49,0x8626a4d674fa6455:0x64864c03af7842a8
Straight Performance & Repair LLC.,(225) 999-0405,,,"12634 Britain Ave, Baton Rouge, LA 70814, United States",12634 Britain Ave,Baton Rouge,LA,70814,4.9,70,Auto repair shop,,,https://www.google.com/maps/place/Straight+Performance+%26+Repair+LLC./data=!4m7!3m6!1s0x8626bd312f776629:0xc43c4cdf7c7e97c2!8m2!3d30.4854677!4d-91.042353!16s%2Fg%2F11j4dp589r!19sChIJKWZ3LzG9JoYRwpd-fN9MPMQ?authuser=0&hl=en&rclk=1,auto repair shop,Baton Rouge,city,LA,2026-07-30T11:50:32,0x8626bd312f776629:0xc43c4cdf7c7e97c2
Success Auto Tech,(225) 291-3000,,,"11122 Coursey Blvd, Baton Rouge, LA 70816, United States",11122 Coursey Blvd,Baton Rouge,LA,70816,4.6,79,Auto repair shop,,,https://www.google.com/maps/place/Success+Auto+Tech/data=!4m7!3m6!1s0x8626bb4c9e779065:0x84a9f516298d4ed3!8m2!3d30.4137957!4d-91.0569815!16s%2Fg%2F11b61rw48k!19sChIJZZB3nky7JoYR006NKRb1qYQ?authuser=0&hl=en&rclk=1,auto repair shop,West Baton Rouge Parish,county,LA,2026-07-30T11:07:49,0x8626bb4c9e779065:0x84a9f516298d4ed3
Superior Auto Repair,(225) 218-6800,,,"15687 Florida Blvd, Baton Rouge, LA 70819, United States",15687 Florida Blvd,Baton Rouge,LA,70819,4.6,46,Auto repair shop,,,https://www.google.com/maps/place/Superior+Auto+Repair/data=!4m7!3m6!1s0x8626bc5a76e3f42d:0xcccb15e1c1343610!8m2!3d30.4662297!4d-91.0146822!16s%2Fg%2F11bz17841v!19sChIJLfTjdlq8JoYREDY0weEVy8w?authuser=0&hl=en&rclk=1,auto repair shop,West Baton Rouge Parish,county,LA,2026-07-30T11:07:49,0x8626bc5a76e3f42d:0xcccb15e1c1343610
The Guys Auto Repair,(225) 266-7812,https://theguysautorepair.info/,service@theguysautorepair.com,"11383 Greenwell Springs Rd, Baton Rouge, LA 70814, United States",11383 Greenwell Springs Rd,Baton Rouge,LA,70814,5.0,10,Auto repair shop,,,https://www.google.com/maps/place/The+Guys+Auto+Repair/data=!4m7!3m6!1s0x8626bd6035e2f4d3:0x976c0897fd5a4d12!8m2!3d30.4959916!4d-91.0568898!16s%2Fg%2F11ym4klxb2!19sChIJ0_TiNWC9JoYREk1a_ZcIbJc?authuser=0&hl=en&rclk=1,auto repair shop,Baton Rouge,city,LA,2026-07-30T11:50:32,0x8626bd6035e2f4d3:0x976c0897fd5a4d12
Tire Choice Auto Service Centers,(225) 769-4133,https://locations.thetirechoice.com/la/baton-rouge/2020-staring-lane?&utm_source=google&utm_medium=organic&utm_campaign=gbp-listing-store_1606,,"2020 Staring Ln, Baton Rouge, LA 70810, United States",2020 Staring Ln,Baton Rouge,LA,70810,4.3,423,Tire shop,,,https://www.google.com/maps/place/Tire+Choice+Auto+Service+Centers/data=!4m7!3m6!1s0x8626a44edbe99fb1:0xfc81a0f616d435a7!8m2!3d30.3929643!4d-91.1101725!16s%2Fg%2F1tj1mwv3!19sChIJsZ_p206kJoYRpzXUFvaggfw?authuser=0&hl=en&rclk=1,auto repair shop,West Baton Rouge Parish,county,LA,2026-07-30T11:07:49,0x8626a44edbe99fb1:0xfc81a0f616d435a7
Treads & Care Tire Company,(225) 331-8144,https://www.treadsandcaretirecompany.com/?utm_source=tadv&utm_medium=organic&utm_campaign=gmb,,"11115 Pk Pl Dr, Baton Rouge, LA 70818, United States",11115 Pk Pl Dr,Baton Rouge,LA,70818,4.9,67,Tire shop,,,https://www.google.com/maps/place/Treads+%26+Care+Tire+Company/data=!4m7!3m6!1s0x862699f03ad4680b:0x9290fc1438028b5e!8m2!3d30.5428791!4d-91.0630035!16s%2Fg%2F11py8gxdr4!19sChIJC2jUOvCZJoYRXosCOBT8kJI?authuser=0&hl=en&rclk=1,auto repair shop,West Feliciana Parish,county,LA,2026-07-30T11:19:39,0x862699f03ad4680b:0x9290fc1438028b5e
Tri-Care Automotive,(225) 752-3700,https://tri-careautomotive.com/,,"12112 Cloverland Park Dr, Baton Rouge, LA 70809, United States",12112 Cloverland Park Dr,Baton Rouge,LA,70809,4.4,115,Auto repair shop,,,https://www.google.com/maps/place/Tri-Care+Automotive/data=!4m7!3m6!1s0x8626bb289c4bf901:0xdb89857503beb902!8m2!3d30.389556!4d-91.049202!16s%2Fg%2F1tkrm4x8!19sChIJAflLnCi7JoYRArm-A3WFids?authuser=0&hl=en&rclk=1,auto repair shop,Baton Rouge,city,LA,2026-07-30T11:50:32,0x8626bb289c4bf901:0xdb89857503beb902
Turbo Auto Repair,(225) 930-5472,https://turboautorepairla.com/,turboautorepairla@gmail.com,"7640 Florida Blvd, Baton Rouge, LA 70806, United States",7640 Florida Blvd,Baton Rouge,LA,70806,4.8,431,Auto repair shop,,,https://www.google.com/maps/place/Turbo+Auto+Repair/data=!4m7!3m6!1s0x8626a306c82641b9:0xeb8d4df716c39871!8m2!3d30.4511802!4d-91.1101192!16s%2Fg%2F11pkhqb5pg!19sChIJuUEmyAajJoYRcZjDFvdNjes?authuser=0&hl=en&rclk=1,auto repair shop,St. Martin Parish,county,LA,2026-07-30T09:03:24,0x8626a306c82641b9:0xeb8d4df716c39871
University Car Care Center,(225) 344-9308,http://www.universitycarcare.com/,,"2801 Highland Rd, Baton Rouge, LA 70802, United States",2801 Highland Rd,Baton Rouge,LA,70802,4.2,156,Auto repair shop,,,https://www.google.com/maps/place/University+Car+Care+Center/data=!4m7!3m6!1s0x8626a7292d49c539:0x32780794179bf939!8m2!3d30.4222991!4d-91.1782611!16s%2Fg%2F1tdfthr0!19sChIJOcVJLSmnJoYROfmbF5QHeDI?authuser=0&hl=en&rclk=1,auto repair shop,West Baton Rouge Parish,county,LA,2026-07-30T11:07:49,0x8626a7292d49c539:0x32780794179bf939
VEX European,(225) 248-6882,https://vexeuropean.com/,amanda@vinnies-exotics.com,"6265 Benefit Dr Suite B, Baton Rouge, LA 70809, United States",6265 Benefit Dr Suite B,Baton Rouge,LA,70809,4.9,133,Auto repair shop,,,https://www.google.com/maps/place/VEX+European/data=!4m7!3m6!1s0x8626bb2b4abe51c9:0x2e0ee7b3a6ea576c!8m2!3d30.389252!4d-91.0513379!16s%2Fg%2F11cm8f1nhf!19sChIJyVG-Siu7JoYRbFfqprPnDi4?authuser=0&hl=en&rclk=1,auto repair shop,Baton Rouge,city,LA,2026-07-30T11:50:32,0x8626bb2b4abe51c9:0x2e0ee7b3a6ea576c
Vannak Automotive LLC,(225) 315-4009,http://vannakautomotivellc.epizy.com/,,"535 N Beck St, Baton Rouge, LA 70806, United States",535 N Beck St,Baton Rouge,LA,70806,4.8,55,Auto repair shop,,,https://www.google.com/maps/place/Vannak+Automotive+LLC/data=!4m7!3m6!1s0x8626a1e61e9c8e25:0xf1fc6131d9367067!8m2!3d30.4530081!4d-91.1448346!16s%2Fg%2F11s7ypv9r2!19sChIJJY6cHuahJoYRZ3A22TFh_PE?authuser=0&hl=en&rclk=1,auto repair shop,West Baton Rouge Parish,county,LA,2026-07-30T11:07:49,0x8626a1e61e9c8e25:0xf1fc6131d9367067
Velasquez Auto Repair and Towing Service,(225) 273-5700,http://www.velasquezauto.com/,customerservice@velasquezauto.com,"11650 Florida Blvd, Baton Rouge, LA 70815, United States",11650 Florida Blvd,Baton Rouge,LA,70815,4.3,142,Car repair and maintenance service,,,https://www.google.com/maps/place/Velasquez+Auto+Repair+and+Towing+Service/data=!4m7!3m6!1s0x8626bccbdd9fda45:0x2dda0f5be9ccd5f0!8m2!3d30.4588307!4d-91.0542597!16s%2Fg%2F11f_j04r1s!19sChIJRdqf3cu8JoYR8NXM6VsP2i0?authuser=0&hl=en&rclk=1,auto repair shop,St. Martin Parish,county,LA,2026-07-30T09:03:24,0x8626bccbdd9fda45:0x2dda0f5be9ccd5f0
Wedge Kyes Motorwerks,(225) 295-0744,http://www.wkmotorwerks.com/,,"10485 Airline Hwy #4006, Baton Rouge, LA 70816, United States",10485 Airline Hwy #4006,Baton Rouge,LA,70816,4.7,281,Car repair and maintenance service,,,https://www.google.com/maps/place/Wedge+Kyes+Motorwerks/data=!4m7!3m6!1s0x8626a4b7475ea939:0x1a83cb19215cf4ad!8m2!3d30.4133594!4d-91.0665035!16s%2Fg%2F1tdhm5jn!19sChIJOaleR7ekJoYRrfRcIRnLgxo?authuser=0&hl=en&rclk=1,auto repair shop,West Baton Rouge Parish,county,LA,2026-07-30T11:07:49,0x8626a4b7475ea939:0x1a83cb19215cf4ad
Belle Rose Paint & Body Shop,(225) 474-5700,,,"6767 LA-1, Belle Rose, LA 70341, United States",6767 LA-1,Belle Rose,LA,70341,4.6,35,Auto body shop,,,https://www.google.com/maps/place/Belle+Rose+Paint+%26+Body+Shop/data=!4m7!3m6!1s0x86214e245b833a9b:0x804c29166f270cd0!8m2!3d30.0324107!4d-91.0517788!16s%2Fg%2F1w15zt99!19sChIJmzqDWyROIYYR0AwnbxYpTIA?authuser=0&hl=en&rclk=1,auto repair shop,Assumption Parish,county,LA,2026-07-29T10:20:35,0x86214e245b833a9b:0x804c29166f270cd0
LA-1 Auto Care,(225) 257-0177,,,"6767 LA-1, Belle Rose, LA 70341, United States",6767 LA-1,Belle Rose,LA,70341,5.0,9,Auto repair shop,,,https://www.google.com/maps/place/LA-1+Auto+Care/data=!4m7!3m6!1s0x86214f6d23a98c25:0x1d1809abd6d94b12!8m2!3d30.0323792!4d-91.051789!16s%2Fg%2F11nxrqxy3c!19sChIJJYypI21PIYYREkvZ1qsJGB0?authuser=0&hl=en&rclk=1,auto repair shop,Allen Parish,county,LA,2026-07-29T09:58:43,0x86214f6d23a98c25:0x1d1809abd6d94b12
Mid South Tires LLC,(985) 384-0854,,,"601 California St, Berwick, LA 70342, United States",601 California St,Berwick,LA,70342,4.9,100,Tire shop,,,https://www.google.com/maps/place/Mid+South+Tires+LLC/data=!4m7!3m6!1s0x8623df5260f1947d:0x1ebae9f1f7dde7d7!8m2!3d29.6934476!4d-91.2208315!16s%2Fg%2F1q66xy9q8!19sChIJfZTxYFLfI4YR1-fd9_Hpuh4?authuser=0&hl=en&rclk=1,auto repair shop,Assumption Parish,county,LA,2026-07-29T10:20:35,0x8623df5260f1947d:0x1ebae9f1f7dde7d7
Mobil Lube Express,(985) 399-0303,,,"US-90, Berwick, LA 70342, United States",US-90,Berwick,LA,70342,4.4,27,Auto repair shop,,,https://www.google.com/maps/place/Mobil+Lube+Express/data=!4m7!3m6!1s0x8623d92a4ed6945b:0xe23174c758cc45dd!8m2!3d29.6864605!4d-91.2526486!16s%2Fg%2F11gydqb993!19sChIJW5TWTirZI4YR3UXMWMd0MeI?authuser=0&hl=en&rclk=1,auto repair shop,Assumption Parish,county,LA,2026-07-29T10:20:35,0x8623d92a4ed6945b:0xe23174c758cc45dd
Twisted Wrench Auto Repair,(985) 518-2538,,,"3430 5th St, Berwick, LA 70342, United States",3430 5th St,Berwick,LA,70342,4.9,16,Auto repair shop,,,https://www.google.com/maps/place/Twisted+Wrench+Auto+Repair/data=!4m7!3m6!1s0x8623dfd5dd1a4cb3:0x8063ebba8af40927!8m2!3d29.6947898!4d-91.2208404!16s%2Fg%2F11jtv_hdbz!19sChIJs0wa3dXfI4YRJwn0irrrY4A?authuser=0&hl=en&rclk=1,auto repair shop,Assumption Parish,county,LA,2026-07-29T10:20:35,0x8623dfd5dd1a4cb3:0x8063ebba8af40927
Xpress Oil Change,(985) 399-0303,,,"2043 US-90, Berwick, LA 70342, United States",2043 US-90,Berwick,LA,70342,4.3,83,Oil change service,,,https://www.google.com/maps/place/Xpress+Oil+Change/data=!4m7!3m6!1s0x8623d8cd6be9093d:0x7eee706cd5be21ee!8m2!3d29.6864554!4d-91.252649!16s%2Fg%2F1vn9pg0q!19sChIJPQnpa83YI4YR7iG-1Wxw7n4?authuser=0&hl=en&rclk=1,auto repair shop,Assumption Parish,county,LA,2026-07-29T10:20:35,0x8623d8cd6be9093d:0x7eee706cd5be21ee
21 south customs LLC,(225) 439-3816,,,"1017 E 6th St, Bogalusa, LA 70427, United States",1017 E 6th St,Bogalusa,LA,70427,5.0,1,Auto machine shop,,,https://www.google.com/maps/place/21+south+customs+LLC/data=!4m7!3m6!1s0x889d9bbecaa6de7f:0x532b962c3be23957!8m2!3d30.7748659!4d-89.8455191!16s%2Fg%2F11h3_8vcxg!19sChIJf96myr6bnYgRVzniOyyWK1M?authuser=0&hl=en&rclk=1,auto repair shop,Washington Parish,county,LA,2026-07-30T10:37:12,0x889d9bbecaa6de7f:0x532b962c3be23957
3 Brothers Tire Shop LLC,(601) 550-3591,,,"1140 S Columbia St, Bogalusa, LA 70427, United States",1140 S Columbia St,Bogalusa,LA,70427,4.1,15,Tire shop,,,https://www.google.com/maps/place/3+Brothers+Tire+Shop+LLC/data=!4m7!3m6!1s0x889d859cd65fadbf:0x9a39cee5c070262d!8m2!3d30.7655841!4d-89.8512989!16s%2Fg%2F11sht27nhk!19sChIJv61f1pyFnYgRLSZwwOXOOZo?authuser=0&hl=en&rclk=1,auto repair shop,Washington Parish,county,LA,2026-07-30T10:37:12,0x889d859cd65fadbf:0x9a39cee5c070262d
BRELAND'S GLASS WORKS,(985) 570-4462,https://www.facebook.com/share/1Ae922kgny/,,"411 W 17th St, Bogalusa, LA 70427, United States",411 W 17th St,Bogalusa,LA,70427,5.0,2,Auto repair shop,,,https://www.google.com/maps/place/BRELAND%27S+GLASS+WORKS/data=!4m7!3m6!1s0x889d84e1e72172a1:0x583210f381019cce!8m2!3d30.7584261!4d-89.8728313!16s%2Fg%2F11xv1xhwxn!19sChIJoXIh5-GEnYgRzpwBgfMQMlg?authuser=0&hl=en&rclk=1,auto repair shop,Washington Parish,county,LA,2026-07-30T10:37:12,0x889d84e1e72172a1:0x583210f381019cce
Craft Automotive & Tires,(985) 241-5103,,,"15025 LA-1075, Bogalusa, LA 70427, United States",15025 LA-1075,Bogalusa,LA,70427,4.9,41,Auto repair shop,,,https://www.google.com/maps/place/Craft+Automotive+%26+Tires/data=!4m7!3m6!1s0x889d852170211ed5:0x52fe03e772cb4f5b!8m2!3d30.7397629!4d-89.8757808!16s%2Fg%2F11q8xdw5wy!19sChIJ1R4hcCGFnYgRW0_LcucD_lI?authuser=0&hl=en&rclk=1,auto repair shop,Washington Parish,county,LA,2026-07-30T10:37:12,0x889d852170211ed5:0x52fe03e772cb4f5b
Doug's Valley Enterprises,(985) 735-5170,,,"1025 S Columbia St, Bogalusa, LA 70427, United States",1025 S Columbia St,Bogalusa,LA,70427,4.3,50,Used tire shop,,,https://www.google.com/maps/place/Doug%27s+Valley+Enterprises/data=!4m7!3m6!1s0x889d9b53c181dc8f:0xc30147016d9c2409!8m2!3d30.7673886!4d-89.8521431!16s%2Fg%2F1tcxd_36!19sChIJj9yBwVObnYgRCSScbQFHAcM?authuser=0&hl=en&rclk=1,auto repair shop,Washington Parish,county,LA,2026-07-30T10:37:12,0x889d9b53c181dc8f:0xc30147016d9c2409
Keith's Kartz,(985) 551-0075,,,"14224 LA-1075, Bogalusa, LA 70427, United States",14224 LA-1075,Bogalusa,LA,70427,5.0,15,Mechanic,,,https://www.google.com/maps/place/Keith%27s+Kartz/data=!4m7!3m6!1s0x8e2dfe753afe05db:0x79074396cca3c816!8m2!3d30.727496!4d-89.8788399!16s%2Fg%2F11ks0gxcbd!19sChIJ2wX-OnX-LY4RFsijzJZDB3k?authuser=0&hl=en&rclk=1,auto repair shop,Washington Parish,county,LA,2026-07-30T10:37:12,0x8e2dfe753afe05db:0x79074396cca3c816
Kevin's Wrecker Service,(985) 735-8697,,,"59018 LA-439, Bogalusa, LA 70427, United States",59018 LA-439,Bogalusa,LA,70427,4.6,80,Auto wrecker,,,https://www.google.com/maps/place/Kevin%27s+Wrecker+Service/data=!4m7!3m6!1s0x889d84477019c4b3:0xc4e74e58f7a0ef1d!8m2!3d30.7730808!4d-89.9068679!16s%2Fg%2F1tkr015s!19sChIJs8QZcEeEnYgRHe-g91hO58Q?authuser=0&hl=en&rclk=1,auto repair shop,Washington Parish,county,LA,2026-07-30T10:37:12,0x889d84477019c4b3:0xc4e74e58f7a0ef1d
Larry Pack's A+ Auto Care,(985) 735-1312,,,"205 Superior Ave, Bogalusa, LA 70427, United States",205 Superior Ave,Bogalusa,LA,70427,5.0,10,Car repair and maintenance service,,,https://www.google.com/maps/place/Larry+Pack%27s+A%2B+Auto+Care/data=!4m7!3m6!1s0x889d85ed8023b9f7:0x89f4faae6ea6de47!8m2!3d30.7913945!4d-89.8608173!16s%2Fg%2F11sppdf6cd!19sChIJ97kjgO2FnYgRR96mbq769Ik?authuser=0&hl=en&rclk=1,auto repair shop,Washington Parish,county,LA,2026-07-30T10:37:12,0x889d85ed8023b9f7:0x89f4faae6ea6de47
Magic City Auto Works,(985) 730-5010,,,"130 Richmond St, Bogalusa, LA 70427, United States",130 Richmond St,Bogalusa,LA,70427,4.0,14,Auto repair shop,,,https://www.google.com/maps/place/Magic+City+Auto+Works/data=!4m7!3m6!1s0x889d84b609377b87:0x3ddf73cd7c98acad!8m2!3d30.784365!4d-89.8545419!16s%2Fg%2F1vsps8j3!19sChIJh3s3CbaEnYgRrayYfM1z3z0?authuser=0&hl=en&rclk=1,auto repair shop,Washington Parish,county,LA,2026-07-30T10:37:12,0x889d84b609377b87:0x3ddf73cd7c98acad
Magic City Transmission,(985) 730-5400,,,"1210 Long Ave, Bogalusa, LA 70427, United States",1210 Long Ave,Bogalusa,LA,70427,4.4,25,Transmission shop,,,https://www.google.com/maps/place/Magic+City+Transmission/data=!4m7!3m6!1s0x889d84d116120a0b:0x805d89ebd7c13ba2!8m2!3d30.7651004!4d-89.8561331!16s%2Fg%2F1w456d3t!19sChIJCwoSFtGEnYgRojvB1-uJXYA?authuser=0&hl=en&rclk=1,auto repair shop,Washington Parish,county,LA,2026-07-30T10:37:12,0x889d84d116120a0b:0x805d89ebd7c13ba2
"Mo’s Paint & Body, LLC",(985) 735-1552,https://www.facebook.com/profile.php?id=100064059876017&mibextid=LQQJ4d,,"14263 LA-21, Bogalusa, LA 70427, United States",14263 LA-21,Bogalusa,LA,70427,4.8,18,Auto body shop,,,"https://www.google.com/maps/place/Mo%E2%80%99s+Paint+%26+Body,+LLC/data=!4m7!3m6!1s0x889d8f2f78fed7f1:0x51e34373d6aed32b!8m2!3d30.7313694!4d-89.8525839!16s%2Fg%2F11glx7w54p!19sChIJ8df-eC-PnYgRK9Ou1nND41E?authuser=0&hl=en&rclk=1",auto repair shop,Washington Parish,county,LA,2026-07-30T10:37:12,0x889d8f2f78fed7f1:0x51e34373d6aed32b
O'Brien-Cooper Tire Center,(985) 735-8473,,,"706 Ave F, Bogalusa, LA 70427, United States",706 Ave F,Bogalusa,LA,70427,4.7,67,Tire shop,,,https://www.google.com/maps/place/O%27Brien-Cooper+Tire+Center/data=!4m7!3m6!1s0x889d84e99d917417:0x7569dc8b6ec01951!8m2!3d30.7741925!4d-89.8715479!16s%2Fg%2F1t_hzs3j!19sChIJF3SRnemEnYgRURnAbovcaXU?authuser=0&hl=en&rclk=1,auto repair shop,Washington Parish,county,LA,2026-07-30T10:37:12,0x889d84e99d917417:0x7569dc8b6ec01951
One Stop Mobile Automotive,(985) 294-5151,,,"1106 Bayer St, Bogalusa, LA 70427, United States",1106 Bayer St,Bogalusa,LA,70427,5.0,3,Auto repair shop,,,https://www.google.com/maps/place/One+Stop+Mobile+Automotive/data=!4m7!3m6!1s0x889d9b434bf34691:0xa069179cd5bcb197!8m2!3d30.8002018!4d-89.8485812!16s%2Fg%2F11fhr3c3_3!19sChIJkUbzS0ObnYgRl7G81ZwXaaA?authuser=0&hl=en&rclk=1,auto repair shop,Washington Parish,county,LA,2026-07-30T10:37:12,0x889d9b434bf34691:0xa069179cd5bcb197
Roe's Pro Auto,(985) 735-1924,,,"14512 LA-21, Bogalusa, LA 70427, United States",14512 LA-21,Bogalusa,LA,70427,4.2,61,Auto repair shop,,,https://www.google.com/maps/place/Roe%27s+Pro+Auto/data=!4m7!3m6!1s0x889d854b736f17ff:0x7e325f41e780b282!8m2!3d30.7370828!4d-89.8481142!16s%2Fg%2F11b66g3qkx!19sChIJ_xdvc0uFnYgRgrKA50FfMn4?authuser=0&hl=en&rclk=1,auto repair shop,Washington Parish,county,LA,2026-07-30T10:37:12,0x889d854b736f17ff:0x7e325f41e780b282
Sharp's Paint & Body,(985) 730-4885,,,"19609 LA-21, Bogalusa, LA 70427, United States",19609 LA-21,Bogalusa,LA,70427,4.3,16,Auto body shop,,,https://www.google.com/maps/place/Sharp%27s+Paint+%26+Body/data=!4m7!3m6!1s0x889d84614b521129:0x44575549754593a9!8m2!3d30.7849935!4d-89.9026692!16s%2Fg%2F1vd3wl59!19sChIJKRFSS2GEnYgRqZNFdUlVV0Q?authuser=0&hl=en&rclk=1,auto repair shop,Washington Parish,county,LA,2026-07-30T10:37:12,0x889d84614b521129:0x44575549754593a9
Stogner's Body Shop,(985) 735-1678,,,"2119 S Columbia St, Bogalusa, LA 70427, United States",2119 S Columbia St,Bogalusa,LA,70427,4.3,13,Auto body shop,,,https://www.google.com/maps/place/Stogner%27s+Body+Shop/data=!4m7!3m6!1s0x889d9ad310b4c967:0x9137fddd26c66b40!8m2!3d30.7498891!4d-89.8493185!16s%2Fg%2F1tdvw2gt!19sChIJZ8m0ENOanYgRQGvGJt39N5E?authuser=0&hl=en&rclk=1,auto repair shop,Washington Parish,county,LA,2026-07-30T10:37:12,0x889d9ad310b4c967:0x9137fddd26c66b40
24/7 Tire Tech,(318) 517-9410,,,"3016 Inda St, Bossier City, LA 71112, United States",3016 Inda St,Bossier City,LA,71112,4.1,28,Tire shop,,,https://www.google.com/maps/place/24%2F7+Tire+Tech/data=!4m7!3m6!1s0x8631325dc4f2fc89:0xef379fbee1040e70!8m2!3d32.5076433!4d-93.6970541!16s%2Fg%2F11f0yljr9x!19sChIJifzyxF0yMYYRcA4E4b6fN-8?authuser=0&hl=en&rclk=1,auto repair shop,Bossier Parish,county,LA,2026-07-29T11:12:50,0x8631325dc4f2fc89:0xef379fbee1040e70
A & B Muffler and Automotive,(318) 741-3434,http://www.golto.com/,,"2132 E Texas St, Bossier City, LA 71111, United States",2132 E Texas St,Bossier City,LA,71111,4.3,103,Muffler shop,,,https://www.google.com/maps/place/A+%26+B+Muffler+and+Automotive/data=!4m7!3m6!1s0x8631331e2941d8b5:0x2021056448758805!8m2!3d32.5276184!4d-93.7201621!16s%2Fg%2F1vg4k4vh!19sChIJtdhBKR4zMYYRBYh1SGQFISA?authuser=0&hl=en&rclk=1,auto repair shop,Bossier Parish,county,LA,2026-07-29T11:12:50,0x8631331e2941d8b5:0x2021056448758805
A A Truck & Trailer Repair,(318) 400-6801,http://aatruckandtrailerrepair.shop/,,"3636 GreenAcres Place Dr, Bossier City, LA 71111, United States",3636 GreenAcres Place Dr,Bossier City,LA,71111,3.2,55,Mechanic,,,https://www.google.com/maps/place/A+A+Truck+%26+Trailer+Repair/data=!4m7!3m6!1s0x863132f94dad32a5:0xc72f018d9a194a7f!8m2!3d32.5695944!4d-93.7160114!16s%2Fg%2F1235c90kn!19sChIJpTKtTfkyMYYRf0oZmo0BL8c?authuser=0&hl=en&rclk=1,auto repair shop,Bossier Parish,county,LA,2026-07-29T11:12:50,0x863132f94dad32a5:0xc72f018d9a194a7f
A Unique Semi Tires & Roadside Commercial Truck Services,(318) 286-4490,http://uniquesemitruckandcartires.com/,,"4205 E Texas St, Bossier City, LA 71111, United States",4205 E Texas St,Bossier City,LA,71111,4.3,89,Tire shop,,,https://www.google.com/maps/place/A+Unique+Semi+Tires+%26+Roadside+Commercial+Truck+Services/data=!4m7!3m6!1s0x863133cb9b51c217:0xc41fdead6f3d3191!8m2!3d32.5321515!4d-93.6781951!16s%2Fg%2F11gfpkcwh6!19sChIJF8JRm8szMYYRkTE9b63eH8Q?authuser=0&hl=en&rclk=1,auto repair shop,Bossier Parish,county,LA,2026-07-29T11:12:50,0x863133cb9b51c217:0xc41fdead6f3d3191
A&R automotive in bossiercity,(318) 227-9050,,,"1626 Barksdale Blvd, Bossier City, LA 71111, United States",1626 Barksdale Blvd,Bossier City,LA,71111,4.5,11,Auto repair shop,,,https://www.google.com/maps/place/A%26R+automotive+in+bossiercity/data=!4m7!3m6!1s0x863132e86e62eee3:0xb8c69f238a59d24a!8m2!3d32.5154828!4d-93.7215531!16s%2Fg%2F1td3gd0n!19sChIJ4-5ibugyMYYRStJZiiOfxrg?authuser=0&hl=en&rclk=1,auto repair shop,Bossier Parish,county,LA,2026-07-29T11:12:50,0x863132e86e62eee3:0xb8c69f238a59d24a
Ashley's Automotive,(318) 212-0255,https://www.ashleysautorepair.com/,,"4610 Barksdale Blvd, Bossier City, LA 71112, United States",4610 Barksdale Blvd,Bossier City,LA,71112,4.5,116,Auto repair shop,,,https://www.google.com/maps/place/Ashley%27s+Automotive/data=!4m7!3m6!1s0x86312de6adf0a233:0xf569dbb7bbd87cbc!8m2!3d32.4664164!4d-93.6677551!16s%2Fg%2F1thvt1w3!19sChIJM6LwreYtMYYRvHzYu7fbafU?authuser=0&hl=en&rclk=1,auto repair shop,Bossier Parish,county,LA,2026-07-29T11:12:50,0x86312de6adf0a233:0xf569dbb7bbd87cbc
At Casablanca Tires Car & Semi truck Roadside 24 Hour service,(318) 747-0076,,,"3835 E Texas St, Bossier City, LA 71111, United States",3835 E Texas St,Bossier City,LA,71111,4.7,320,Tire shop,,,https://www.google.com/maps/place/At+Casablanca+Tires+Car+%26+Semi+truck+Roadside+24+Hour+service/data=!4m7!3m6!1s0x863133b569690725:0xc76f2099f37ec905!8m2!3d32.5302541!4d-93.6833999!16s%2Fg%2F1tmz797h!19sChIJJQdpabUzMYYRBcl-85kgb8c?authuser=0&hl=en&rclk=1,auto repair shop,Bossier Parish,county,LA,2026-07-29T11:12:50,0x863133b569690725:0xc76f2099f37ec905
AutoWorks Collision & Mechanical,(318) 532-0511,,,"581 Sligo Rd, Bossier City, LA 71112, United States",581 Sligo Rd,Bossier City,LA,71112,5.0,8,Auto repair shop,,,https://www.google.com/maps/place/AutoWorks+Collision+%26+Mechanical/data=!4m7!3m6!1s0x86312f6b22e34aab:0x887a1bd6b3e77a95!8m2!3d32.439292!4d-93.6296376!16s%2Fg%2F11n3nz41lz!19sChIJq0rjImsvMYYRlXrns9Ybeog?authuser=0&hl=en&rclk=1,auto repair shop,Bossier Parish,county,LA,2026-07-29T11:12:50,0x86312f6b22e34aab:0x887a1bd6b3e77a95
Big Brand Tire & Service,(318) 568-9082,http://www.bigbrandtire.com/locations/2593-e-texas-st-bossier-city-la-71111,,"2593 E Texas St, Bossier City, LA 71111, United States",2593 E Texas St,Bossier City,LA,71111,4.5,328,Tire shop,,,https://www.google.com/maps/place/Big+Brand+Tire+%26+Service/data=!4m7!3m6!1s0x863132e459138c31:0x3fd10c96bea6a6d6!8m2!3d32.5288499!4d-93.7141706!16s%2Fg%2F1tj1mx1y!19sChIJMYwTWeQyMYYR1qamvpYM0T8?authuser=0&hl=en&rclk=1,auto repair shop,Bossier Parish,county,LA,2026-07-29T11:12:50,0x863132e459138c31:0x3fd10c96bea6a6d6
Bossier City Collision Center,(318) 686-9989,https://www.bossiercitycollision.net/,bccc@golanders.com,"2251 Viking Dr, Bossier City, LA 71111, United States",2251 Viking Dr,Bossier City,LA,71111,4.3,56,Auto body shop,,,https://www.google.com/maps/place/Bossier+City+Collision+Center/data=!4m7!3m6!1s0x863133447412f4f9:0x4281a30537efd16f!8m2!3d32.5575913!4d-93.7296063!16s%2Fg%2F1tgfqh9t!19sChIJ-fQSdEQzMYYRb9HvNwWjgUI?authuser=0&hl=en&rclk=1,auto repair shop,Bossier Parish,county,LA,2026-07-29T11:12:50,0x863133447412f4f9:0x4281a30537efd16f
Caliber Collision,(318) 629-4450,https://www.caliber.com/find-a-location/bossier-city?utm_source=google&utm_medium=gbp-profile&utm_campaign=webform-GBPwebsite&utm_content=&utm_term=&utm_id=0966,fleetsupport@caliber.com,"3701 Benton Rd #100, Bossier City, LA 71111, United States",3701 Benton Rd #100,Bossier City,LA,71111,4.6,708,Auto body shop,,,https://www.google.com/maps/place/Caliber+Collision/data=!4m7!3m6!1s0x863133597bb36861:0xcd40c294c06bcd62!8m2!3d32.5678271!4d-93.7303615!16s%2Fg%2F1pzvq1pfg!19sChIJYWize1kzMYYRYs1rwJTCQM0?authuser=0&hl=en&rclk=1,auto repair shop,Bossier Parish,county,LA,2026-07-29T11:12:50,0x863133597bb36861:0xcd40c294c06bcd62
Complete Auto Body,(318) 742-0424,,,"2601 E Texas St, Bossier City, LA 71111, United States",2601 E Texas St,Bossier City,LA,71111,4.3,42,Auto body shop,,,https://www.google.com/maps/place/Complete+Auto+Body/data=!4m7!3m6!1s0x8631331d5d5fc403:0x3aeb2943ca1b0aad!8m2!3d32.5288577!4d-93.7136534!16s%2Fg%2F1tmqrq_y!19sChIJA8RfXR0zMYYRrQobykMp6zo?authuser=0&hl=en&rclk=1,auto repair shop,Bossier Parish,county,LA,2026-07-29T11:12:50,0x8631331d5d5fc403:0x3aeb2943ca1b0aad
Complete RV Repair Specialists,(318) 741-3889,https://www.completervrepairspecialists.com/,completervrepair.office@yahoo.com,"4425-A, 4425 E Texas St, Bossier City, LA 71111, United States","4425-A, 4425 E Texas St",Bossier City,LA,71111,4.2,51,Car repair and maintenance service,,,https://www.google.com/maps/place/Complete+RV+Repair+Specialists/data=!4m7!3m6!1s0x863133cdc5d173a3:0xde5613dfd262e948!8m2!3d32.5333204!4d-93.674336!16s%2Fg%2F1261n38dz!19sChIJo3PRxc0zMYYRSOli0t8TVt4?authuser=0&hl=en&rclk=1,auto repair shop,Bossier Parish,county,LA,2026-07-29T11:12:50,0x863133cdc5d173a3:0xde5613dfd262e948
Crossroads Automotive,(318) 741-1443,https://www.crossroads318.com/,,"925 Rome St, Bossier City, LA 71112, United States",925 Rome St,Bossier City,LA,71112,4.4,39,Car repair and maintenance service,,,https://www.google.com/maps/place/Crossroads+Automotive/data=!4m7!3m6!1s0x863132f38b949de3:0x5b1567b7e86ae9e5!8m2!3d32.5094234!4d-93.708219!16s%2Fg%2F11bx1zhjm8!19sChIJ452Ui_MyMYYR5elq6LdnFVs?authuser=0&hl=en&rclk=1,auto repair shop,Bossier Parish,county,LA,2026-07-29T11:12:50,0x863132f38b949de3:0x5b1567b7e86ae9e5
Cummins Sales and Service,(318) 742-4095,https://www.cummins.com/sales-and-service?utm_source=GMB&utm_medium=yext,,"4714 Viking Dr, Bossier City, LA 71111, United States",4714 Viking Dr,Bossier City,LA,71111,4.5,11,Manufacturer,,,https://www.google.com/maps/place/Cummins+Sales+and+Service/data=!4m7!3m6!1s0x863133e8034db993:0xc01aca054039088b!8m2!3d32.5521486!4d-93.6725834!16s%2Fg%2F113j4jytd!19sChIJk7lNA-gzMYYRiwg5QAXKGsA?authuser=0&hl=en&rclk=1,auto repair shop,Bossier Parish,county,LA,2026-07-29T11:12:50,0x863133e8034db993:0xc01aca054039088b
DAVIS MOBILE AUTO LLC,(318) 364-9205,,,"2285 Benton Rd STE A-101, Bossier City, LA 71111, United States",2285 Benton Rd STE A-101,Bossier City,LA,71111,5.0,1,Auto repair shop,,,https://www.google.com/maps/place/DAVIS+MOBILE+AUTO+LLC/data=!4m7!3m6!1s0x863133ee57a1bd51:0xc800f7a7c83de52!8m2!3d32.5419675!4d-93.7227827!16s%2Fg%2F11yplc4xpr!19sChIJUb2hV-4zMYYRUt6DfHoPgAw?authuser=0&hl=en&rclk=1,auto repair shop,Bossier Parish,county,LA,2026-07-29T11:12:50,0x863133ee57a1bd51:0xc800f7a7c83de52
DV MECHANIC AUTO SHOP,(214) 853-2682,,,"2288 Barksdale Blvd, Bossier City, LA 71112, United States",2288 Barksdale Blvd,Bossier City,LA,71112,5.0,2,Repair service,,,https://www.google.com/maps/place/DV+MECHANIC+AUTO+SHOP/data=!4m7!3m6!1s0x8631333f1860f6b1:0x155ac2ddb59b3111!8m2!3d32.509022!4d-93.7059337!16s%2Fg%2F11rqftg374!19sChIJsfZgGD8zMYYRETGbtd3CWhU?authuser=0&hl=en&rclk=1,auto repair shop,Bossier Parish,county,LA,2026-07-29T11:12:50,0x8631333f1860f6b1:0x155ac2ddb59b3111
Despino’s Tire,(318) 742-9888,http://www.despinotire.com/,kevin@smithmarketingla.com,"5416 Barksdale Blvd, Bossier City, LA 71112, United States",5416 Barksdale Blvd,Bossier City,LA,71112,4.7,192,Tire shop,,,https://www.google.com/maps/place/Despino%E2%80%99s+Tire/data=!4m7!3m6!1s0x86312e7a94738b39:0xb8548907227c6e6!8m2!3d32.447755!4d-93.653096!16s%2Fg%2F1tk6w8lt!19sChIJOYtzlHouMYYR5sYncpBIhQs?authuser=0&hl=en&rclk=1,auto repair shop,Bossier Parish,county,LA,2026-07-29T11:12:50,0x86312e7a94738b39:0xb8548907227c6e6
El Primo Villareal Tire Shop,(318) 288-0146,,,"1407 E Texas St, Bossier City, LA 71111, United States",1407 E Texas St,Bossier City,LA,71111,4.7,17,Tire shop,,,https://www.google.com/maps/place/El+Primo+Villareal+Tire+Shop/data=!4m7!3m6!1s0x863133ab09a40841:0xc7d6f74d4fc8b33d!8m2!3d32.5250447!4d-93.7323056!16s%2Fg%2F11fmwsww42!19sChIJQQikCaszMYYRPbPIT0331sc?authuser=0&hl=en&rclk=1,auto repair shop,Bossier Parish,county,LA,2026-07-29T11:12:50,0x863133ab09a40841:0xc7d6f74d4fc8b33d
Espinoza Automotive,(318) 458-2643,,,"2001 E Texas St, Bossier City, LA 71111, United States",2001 E Texas St,Bossier City,LA,71111,4.1,19,Auto body shop,,,https://www.google.com/maps/place/Espinoza+Automotive/data=!4m7!3m6!1s0x863133200805594d:0x32b8383f55675c9!8m2!3d32.5278395!4d-93.7237073!16s%2Fg%2F11f03l4nht!19sChIJTVkFCCAzMYYRyXVW9YODKwM?authuser=0&hl=en&rclk=1,auto repair shop,Bossier Parish,county,LA,2026-07-29T11:12:50,0x863133200805594d:0x32b8383f55675c9
Future Auto Repair,(318) 746-9142,http://futureautorepair.com/,,"2250 Benton Rd, Bossier City, LA 71111, United States",2250 Benton Rd,Bossier City,LA,71111,4.7,905,Auto repair shop,,,https://www.google.com/maps/place/Future+Auto+Repair/data=!4m7!3m6!1s0x86313317b6a947d3:0x48a45691893f3987!8m2!3d32.5414619!4d-93.7217254!16s%2Fg%2F1tdfnmyn!19sChIJ00epthczMYYRhzk_iZFWpEg?authuser=0&hl=en&rclk=1,auto repair shop,Webster Parish,county,LA,2026-07-30T10:55:43,0x86313317b6a947d3:0x48a45691893f3987
Gene's Tire,(318) 655-2531,http://www.genestireandcustomwheel.com/,,"1930 E Texas St, Bossier City, LA 71111, United States",1930 E Texas St,Bossier City,LA,71111,4.8,113,Tire shop,,,https://www.google.com/maps/place/Gene%27s+Tire/data=!4m7!3m6!1s0x863132dff11793f5:0x55cfef3b33fbd989!8m2!3d32.5271335!4d-93.7241832!16s%2Fg%2F1tffv9cp!19sChIJ9ZMX8d8yMYYRidn7Mzvvz1U?authuser=0&hl=en&rclk=1,auto repair shop,Bossier Parish,county,LA,2026-07-29T11:12:50,0x863132dff11793f5:0x55cfef3b33fbd989
Gerber Collision & Glass,(318) 741-2373,https://www.gerbercollision.com/locations/bossier-city-texas-st-la?utm_source=SEO_Local&utm_medium=SEO_Local_Snack_Pack&utm_campaign=LA&utm_content=Bossier-City,info@gerbercollision.com,"3319 E Texas St, Bossier City, LA 71111, United States",3319 E Texas St,Bossier City,LA,71111,4.5,266,Auto body shop,,,https://www.google.com/maps/place/Gerber+Collision+%26+Glass/data=!4m7!3m6!1s0x863133ace0ee5ba5:0xe6e4014a98263201!8m2!3d32.5298806!4d-93.6957655!16s%2Fg%2F1tcvjgdx!19sChIJpVvu4KwzMYYRATImmEoB5OY?authuser=0&hl=en&rclk=1,auto repair shop,Bossier Parish,county,LA,2026-07-29T11:12:50,0x863133ace0ee5ba5:0xe6e4014a98263201
Glass Services,(318) 747-6700,https://www.glassservices.org/,elizabeth@glassservices.org,"2803 E Texas St, Bossier City, LA 71111, United States",2803 E Texas St,Bossier City,LA,71111,4.7,145,Auto glass shop,,,https://www.google.com/maps/place/Glass+Services/data=!4m7!3m6!1s0x86313302667fb623:0x9c43d313bc845453!8m2!3d32.5291139!4d-93.7099439!16s%2Fg%2F1tdh476h!19sChIJI7Z_ZgIzMYYRU1SEvBPTQ5w?authuser=0&hl=en&rclk=1,auto repair shop,Bossier Parish,county,LA,2026-07-29T11:12:50,0x86313302667fb623:0x9c43d313bc845453
Greenacres Automotive,(318) 746-7732,http://greenacres-automotive.jeeq.io/,,"2116 California Dr, Bossier City, LA 71111, United States",2116 California Dr,Bossier City,LA,71111,4.8,55,Auto repair shop,,,https://www.google.com/maps/place/Greenacres+Automotive/data=!4m7!3m6!1s0x8631331870618fb9:0x9ce79af7d6c5d0d9!8m2!3d32.5367142!4d-93.7232246!16s%2Fg%2F1tlbv2fw!19sChIJuY9hcBgzMYYR2dDF1vea55w?authuser=0&hl=en&rclk=1,auto repair shop,Bossier Parish,county,LA,2026-07-29T11:12:50,0x8631331870618fb9:0x9ce79af7d6c5d0d9
Holmes Honda Bossier City Service Center,(318) 408-3237,https://www.holmeshondabossiercity.com/schedule-service.htm,,"1040 Innovation Dr, Bossier City, LA 71111, United States",1040 Innovation Dr,Bossier City,LA,71111,4.2,74,Auto repair shop,,,https://www.google.com/maps/place/Holmes+Honda+Bossier+City+Service+Center/data=!4m7!3m6!1s0x863133932b274add:0xabaadc582d98ca00!8m2!3d32.5596894!4d-93.6826671!16s%2Fg%2F11wfz3tc62!19sChIJ3UonK5MzMYYRAMqYLVjcqqs?authuser=0&hl=en&rclk=1,auto repair shop,Bossier Parish,county,LA,2026-07-29T11:12:50,0x863133932b274add:0xabaadc582d98ca00
Integrity Imports,(318) 741-6687,https://integrityautorepair.net/,riceburnertech@gmail.com,"1054 Pearl Dr, Bossier City, LA 71111, United States",1054 Pearl Dr,Bossier City,LA,71111,4.8,60,Auto repair shop,,,https://www.google.com/maps/place/Integrity+Imports/data=!4m7!3m6!1s0x863133cc2066da09:0x79f5bcaa1013bb2!8m2!3d32.534393!4d-93.6757671!16s%2Fg%2F1tj91xxg!19sChIJCdpmIMwzMYYRsjsBocpbnwc?authuser=0&hl=en&rclk=1,auto repair shop,Bossier Parish,county,LA,2026-07-29T11:12:50,0x863133cc2066da09:0x79f5bcaa1013bb2
J D Automotive,(318) 741-3223,,,"1809 Lois Ln, Bossier City, LA 71111, United States",1809 Lois Ln,Bossier City,LA,71111,4.0,3,Auto repair shop,,,https://www.google.com/maps/place/J+D+Automotive/data=!4m7!3m6!1s0x86313319752259fb:0xba17455d0a9420a8!8m2!3d32.5361557!4d-93.7195448!16s%2Fg%2F1tjdgkr9!19sChIJ-1kidRkzMYYRqCCUCl1FF7o?authuser=0&hl=en&rclk=1,auto repair shop,Bossier Parish,county,LA,2026-07-29T11:12:50,0x86313319752259fb:0xba17455d0a9420a8
James Automotive,(318) 272-4210,,,"2409 Montgomery Ln, Bossier City, LA 71111, United States",2409 Montgomery Ln,Bossier City,LA,71111,4.5,17,Mechanic,,,https://www.google.com/maps/place/James+Automotive/data=!4m7!3m6!1s0x863133527c9a0025:0x26bfa5b16c85ad17!8m2!3d32.5360698!4d-93.7183891!16s%2Fg%2F11s5w4ckq6!19sChIJJQCafFIzMYYRF62FbLGlvyY?authuser=0&hl=en&rclk=1,auto repair shop,Bossier Parish,county,LA,2026-07-29T11:12:50,0x863133527c9a0025:0x26bfa5b16c85ad17
K & D Automotive,(318) 549-2919,,,"1835 Lois Ln, Bossier City, LA 71111, United States",1835 Lois Ln,Bossier City,LA,71111,4.4,22,Auto repair shop,,,https://www.google.com/maps/place/K+%26+D+Automotive/data=!4m7!3m6!1s0x8631335bf32b3649:0xa80967fac0669f8!8m2!3d32.536582!4d-93.7181779!16s%2Fg%2F1tgyx25b!19sChIJSTYr81szMYYR-GkGrH-WgAo?authuser=0&hl=en&rclk=1,auto repair shop,Bossier Parish,county,LA,2026-07-29T11:12:50,0x8631335bf32b3649:0xa80967fac0669f8
Lexus of Shreveport Bossier City Service,(318) 741-1578,https://www.lexusofshreveport.com/AboutServiceAndParts,,"3101 Benton Rd Apt 2, Bossier City, LA 71111, United States",3101 Benton Rd Apt 2,Bossier City,LA,71111,3.2,9,Auto repair shop,,,https://www.google.com/maps/place/Lexus+of+Shreveport+Bossier+City+Service/data=!4m7!3m6!1s0x86313379a71f9ec9:0x2dab440c35936cfb!8m2!3d32.5636639!4d-93.7292684!16s%2Fg%2F11hyqc1jj0!19sChIJyZ4fp3kzMYYR-2yTNQxEqy0?authuser=0&hl=en&rclk=1,auto repair shop,Bossier Parish,county,LA,2026-07-29T11:12:50,0x86313379a71f9ec9:0x2dab440c35936cfb
Louisiana Truck Outfitters,(318) 742-7733,https://www.golto.com/,,"2132 E Texas St, Bossier City, LA 71111, United States",2132 E Texas St,Bossier City,LA,71111,4.9,717,Truck accessories store,,,https://www.google.com/maps/place/Louisiana+Truck+Outfitters/data=!4m7!3m6!1s0x8631331e2941d8b5:0xe65de8dac508a89e!8m2!3d32.5277669!4d-93.7203001!16s%2Fg%2F1trvltbj!19sChIJtdhBKR4zMYYRnqgIxdroXeY?authuser=0&hl=en&rclk=1,auto repair shop,Bossier Parish,county,LA,2026-07-29T11:12:50,0x8631331e2941d8b5:0xe65de8dac508a89e
Malone's Diesel & Automotive Repair,(318) 465-5865,http://malonesdieselrepair.com/,malonesdieselrepair@gmail.com,"1409 Alpine Blvd, Bossier City, LA 71111, United States",1409 Alpine Blvd,Bossier City,LA,71111,4.6,55,Diesel engine repair service,,,https://www.google.com/maps/place/Malone%27s+Diesel+%26+Automotive+Repair/data=!4m7!3m6!1s0x86313311e812fc47:0x4c54e8c69bce094c!8m2!3d32.5440911!4d-93.6873434!16s%2Fg%2F11h_3ynfhy!19sChIJR_wS6BEzMYYRTAnOm8boVEw?authuser=0&hl=en&rclk=1,auto repair shop,Bossier Parish,county,LA,2026-07-29T11:12:50,0x86313311e812fc47:0x4c54e8c69bce094c
Martin's Alternators & Starters LLC.,(318) 742-5424,,,"2214 Barksdale Blvd, Bossier City, LA 71112, United States",2214 Barksdale Blvd,Bossier City,LA,71112,4.8,60,Auto parts store,,,https://www.google.com/maps/place/Martin%27s+Alternators+%26+Starters+LLC./data=!4m7!3m6!1s0x863132f3d7e47c39:0x8cb5f52c31c1baa7!8m2!3d32.5109181!4d-93.7098835!16s%2Fg%2F1wg5yckl!19sChIJOXzk1_MyMYYRp7rBMSz1tYw?authuser=0&hl=en&rclk=1,auto repair shop,Bossier Parish,county,LA,2026-07-29T11:12:50,0x863132f3d7e47c39:0x8cb5f52c31c1baa7
Mavis Tires & Brakes,(318) 309-1954,https://www.mavis.com/locations/bossier-city-la?utm_source=yext&utm_medium=organic&utm_campaign=gmb&stnum=1215,esupport1@mavistire.com,"2134 Airline Dr, Bossier City, LA 71111, United States",2134 Airline Dr,Bossier City,LA,71111,4.8,1598,Tire shop,,,https://www.google.com/maps/place/Mavis+Tires+%26+Brakes/data=!4m7!3m6!1s0x8631330689669037:0x7f112afdc72db1f9!8m2!3d32.5362816!4d-93.7070962!16s%2Fg%2F1tdbx3g2!19sChIJN5BmiQYzMYYR-bEtx_0qEX8?authuser=0&hl=en&rclk=1,auto repair shop,Bossier Parish,county,LA,2026-07-29T11:12:50,0x8631330689669037:0x7f112afdc72db1f9
Mazda Service,(318) 746-2175,http://familymazdabossiercity.com/,,"1960 Old Minden Rd, Bossier City, LA 71111, United States",1960 Old Minden Rd,Bossier City,LA,71111,4.4,10,Auto repair shop,,,https://www.google.com/maps/place/Mazda+Service/data=!4m7!3m6!1s0x863132effbdb1961:0x30cff325678919f!8m2!3d32.5164242!4d-93.7134069!16s%2Fg%2F11g9v_q4wy!19sChIJYRnb--8yMYYRn5F4VjL_DAM?authuser=0&hl=en&rclk=1,auto repair shop,Bossier Parish,county,LA,2026-07-29T11:12:50,0x863132effbdb1961:0x30cff325678919f
Monroe's Garage,(318) 747-6942,http://monroesgarage.com/,monroesg@suddenlinkmail.com,"3120 Barksdale Blvd, Bossier City, LA 71112, United States",3120 Barksdale Blvd,Bossier City,LA,71112,4.1,234,Auto repair shop,,,https://www.google.com/maps/place/Monroe%27s+Garage/data=!4m7!3m6!1s0x8631326fb5528935:0x5bfff392fafffd!8m2!3d32.4963432!4d-93.6904174!16s%2Fg%2F1td5m1sz!19sChIJNYlStW8yMYYR_f_6kvP_WwA?authuser=0&hl=en&rclk=1,auto repair shop,Bossier Parish,county,LA,2026-07-29T11:12:50,0x8631326fb5528935:0x5bfff392fafffd
Moore's Tire & Services Center,(318) 746-1613,https://moorestireandservicecenters.com/tires-auto-repair-2-bossier-city-la,,"3327 E Texas St, Bossier City, LA 71111, United States",3327 E Texas St,Bossier City,LA,71111,4.3,143,Tire shop,,,https://www.google.com/maps/place/Moore%27s+Tire+%26+Services+Center/data=!4m7!3m6!1s0x863133ad2f47f9b1:0xd16bb387ab648c2f!8m2!3d32.5291945!4d-93.6946075!16s%2Fg%2F1tmpwbs8!19sChIJsflHL60zMYYRL4xkq4eza9E?authuser=0&hl=en&rclk=1,auto repair shop,Bossier Parish,county,LA,2026-07-29T11:12:50,0x863133ad2f47f9b1:0xd16bb387ab648c2f
Morgan GMC Bossier Service Department,(318) 703-4463,http://www.morganbuickgmc.com/,,"2295 Autoplex Dr, Bossier City, LA 71111, United States",2295 Autoplex Dr,Bossier City,LA,71111,3.5,45,Auto repair shop,,,https://www.google.com/maps/place/Morgan+GMC+Bossier+Service+Department/data=!4m7!3m6!1s0x863133a91b848941:0x65204e933bfa58dd!8m2!3d32.5596573!4d-93.7279461!16s%2Fg%2F11j8yknnwz!19sChIJQYmEG6kzMYYR3Vj6O5NOIGU?authuser=0&hl=en&rclk=1,auto repair shop,Bossier Parish,county,LA,2026-07-29T11:12:50,0x863133a91b848941:0x65204e933bfa58dd
Orr Nissan Service Center,(318) 752-3000,http://bossiercitynissan.orrnissan.com/,,"2323 Viking Dr, Bossier City, LA 71111, United States",2323 Viking Dr,Bossier City,LA,71111,4.7,126,Auto repair shop,,,https://www.google.com/maps/place/Orr+Nissan+Service+Center/data=!4m7!3m6!1s0x8631334224153bd5:0xa66507d8c7181ba4!8m2!3d32.5562491!4d-93.7248661!16s%2Fg%2F11fy4lqklv!19sChIJ1TsVJEIzMYYRpBsYx9gHZaY?authuser=0&hl=en&rclk=1,auto repair shop,Bossier Parish,county,LA,2026-07-29T11:12:50,0x8631334224153bd5:0xa66507d8c7181ba4
"Precision Collision, LLC",(318) 742-8375,,,"3811 McCoy Dr A, Bossier City, LA 71111, United States",3811 McCoy Dr A,Bossier City,LA,71111,4.6,88,Auto body shop,,,"https://www.google.com/maps/place/Precision+Collision,+LLC/data=!4m7!3m6!1s0x863133bbf2c65e85:0x7be8b318978ec97b!8m2!3d32.5447633!4d-93.6886661!16s%2Fg%2F12hp81gbr!19sChIJhV7G8rszMYYRe8mOlxiz6Hs?authuser=0&hl=en&rclk=1",auto repair shop,Bossier Parish,county,LA,2026-07-29T11:12:50,0x863133bbf2c65e85:0x7be8b318978ec97b
Quickstart Garage LLC,(318) 423-7719,https://www.quickstartgarage.com/,owner@quickstartgarage.com,"2426 Brookhaven Dr, Bossier City, LA 71111, United States",2426 Brookhaven Dr,Bossier City,LA,71111,5.0,1,Mechanic,,,https://www.google.com/maps/place/Quickstart+Garage+LLC/data=!4m7!3m6!1s0x863131b5c8e8cad1:0xaf880e46de2fd567!8m2!3d32.5743599!4d-93.6368218!16s%2Fg%2F11z7p88tcl!19sChIJ0croyLUxMYYRZ9Uv3kYOiK8?authuser=0&hl=en&rclk=1,auto repair shop,Bossier Parish,county,LA,2026-07-29T11:12:50,0x863131b5c8e8cad1:0xaf880e46de2fd567
"RV and Auto Collision Repair, LLC",(318) 675-9699,http://bossierrvcollisionrepair.com/,,"4425 E Texas St, Bossier City, LA 71111, United States",4425 E Texas St,Bossier City,LA,71111,4.0,48,RV repair shop,,,"https://www.google.com/maps/place/RV+and+Auto+Collision+Repair,+LLC/data=!4m7!3m6!1s0x863133cdc5db4f33:0xbfcfe8fafe92f9be!8m2!3d32.5335195!4d-93.6742722!16s%2Fg%2F1tt8cmz2!19sChIJM0_bxc0zMYYRvvmS_vroz78?authuser=0&hl=en&rclk=1",auto repair shop,Bossier Parish,county,LA,2026-07-29T11:12:50,0x863133cdc5db4f33:0xbfcfe8fafe92f9be
Ray's Paint & Body Shop,(318) 742-6478,https://www.rayspaintandbody.com/,rayspaint0996@gmail.com,"1025 Pearl Dr #2915, Bossier City, LA 71111, United States",1025 Pearl Dr #2915,Bossier City,LA,71111,4.5,37,Auto body shop,,,https://www.google.com/maps/place/Ray%27s+Paint+%26+Body+Shop/data=!4m7!3m6!1s0x863133cc153fe7c3:0x2b850148909bfb48!8m2!3d32.5334207!4d-93.6763363!16s%2Fg%2F1tg2dw59!19sChIJw-c_FcwzMYYRSPubkEgBhSs?authuser=0&hl=en&rclk=1,auto repair shop,Bossier Parish,county,LA,2026-07-29T11:12:50,0x863133cc153fe7c3:0x2b850148909bfb48
Red River Auto Care,(318) 584-6703,https://www.redriverautocare.co/,shop@redriverautocare.co,"1616 Jimmie Davis Hwy, Bossier City, LA 71112, United States",1616 Jimmie Davis Hwy,Bossier City,LA,71112,4.8,309,Car repair and maintenance service,,,https://www.google.com/maps/place/Red+River+Auto+Care/data=!4m7!3m6!1s0x86312d5a748c90c7:0xc4023e2af57a1e9!8m2!3d32.4585553!4d-93.6688943!16s%2Fg%2F11hdk1y6ng!19sChIJx5CMdFotMYYR6aFXr-IjQAw?authuser=0&hl=en&rclk=1,auto repair shop,Bossier Parish,county,LA,2026-07-29T11:12:50,0x86312d5a748c90c7:0xc4023e2af57a1e9
Redemption Auto Repair,(318) 900-1074,https://redemptionautorepair.com/,redemptionrepairsauto@gmail.com,"5355 Swan Lake Rd, Bossier City, LA 71111, United States",5355 Swan Lake Rd,Bossier City,LA,71111,5.0,15,Auto repair shop,,,https://www.google.com/maps/place/Redemption+Auto+Repair/data=!4m7!3m6!1s0x8631354d2bb84955:0xec2158b69d84cbee!8m2!3d32.6147436!4d-93.7124692!16s%2Fg%2F11yz9v5zb7!19sChIJVUm4K001MYYR7suEnbZYIew?authuser=0&hl=en&rclk=1,auto repair shop,Bossier Parish,county,LA,2026-07-29T11:12:50,0x8631354d2bb84955:0xec2158b69d84cbee
"Redline Performance, LLC",(318) 470-2405,https://redlineperformancela.com/,,"1006 Ann St, Bossier City, LA 71111, United States",1006 Ann St,Bossier City,LA,71111,4.0,38,Car repair and maintenance service,,,"https://www.google.com/maps/place/Redline+Performance,+LLC/data=!4m7!3m6!1s0x863133bf9fc021b7:0xbcaa91004b676b11!8m2!3d32.5319352!4d-93.6785971!16s%2Fg%2F11cjkvlphh!19sChIJtyHAn78zMYYREWtnSwCRqrw?authuser=0&hl=en&rclk=1",auto repair shop,Bossier Parish,county,LA,2026-07-29T11:12:50,0x863133bf9fc021b7:0xbcaa91004b676b11
Rocky's tires & Wheels,(318) 742-5871,https://linktr.ee/rockystires,rockystirestore@gmail.com,"400 E Texas St, Bossier City, LA 71111, United States",400 E Texas St,Bossier City,LA,71111,4.6,399,Tire shop,,,https://www.google.com/maps/place/Rocky%27s+tires+%26+Wheels/data=!4m7!3m6!1s0x8631332bb8cbe391:0x24b11c9da7369655!8m2!3d32.5206804!4d-93.7354069!16s%2Fg%2F1tgwb8b7!19sChIJkePLuCszMYYRVZY2p50csSQ?authuser=0&hl=en&rclk=1,auto repair shop,Bossier Parish,county,LA,2026-07-29T11:12:50,0x8631332bb8cbe391:0x24b11c9da7369655
Rodriguez Auto Repair Shop,(318) 280-4574,,,"950 Dee Dee St, Bossier City, LA 71111, United States",950 Dee Dee St,Bossier City,LA,71111,4.6,34,Auto repair shop,,,https://www.google.com/maps/place/Rodriguez+Auto+Repair+Shop/data=!4m7!3m6!1s0x863133ca618994ad:0xcc821518774c361b!8m2!3d32.5318065!4d-93.6816774!16s%2Fg%2F11c46fm0hk!19sChIJrZSJYcozMYYRGzZMdxgVgsw?authuser=0&hl=en&rclk=1,auto repair shop,Bossier Parish,county,LA,2026-07-29T11:12:50,0x863133ca618994ad:0xcc821518774c361b
SBC Auto & Diesel Repair,(318) 459-6644,http://www.sbcautos.com/,,"1306 Driftwood Dr, Bossier City, LA 71111, United States",1306 Driftwood Dr,Bossier City,LA,71111,5.0,12,Auto repair shop,,,https://www.google.com/maps/place/SBC+Auto+%26+Diesel+Repair/data=!4m7!3m6!1s0x86313399f898bba7:0xc6850a56c6e708d0!8m2!3d32.5415965!4d-93.6866301!16s%2Fg%2F11n5s9d4j6!19sChIJp7uY-JkzMYYR0AjnxlYKhcY?authuser=0&hl=en&rclk=1,auto repair shop,Bossier Parish,county,LA,2026-07-29T11:12:50,0x86313399f898bba7:0xc6850a56c6e708d0
Scotty's Garage,(318) 742-1971,,,"2544 Barksdale Blvd, Bossier City, LA 71112, United States",2544 Barksdale Blvd,Bossier City,LA,71112,4.9,19,Auto repair shop,,,https://www.google.com/maps/place/Scotty%27s+Garage/data=!4m7!3m6!1s0x8631326717dd3117:0x504ff0ecb464c19a!8m2!3d32.5037734!4d-93.6965231!16s%2Fg%2F1tf1c3fn!19sChIJFzHdF2cyMYYRmsFktOzwT1A?authuser=0&hl=en&rclk=1,auto repair shop,Bossier Parish,county,LA,2026-07-29T11:12:50,0x8631326717dd3117:0x504ff0ecb464c19a
Select Auto Paint and Graphics,(318) 562-3497,https://www.selectautopaint.com/,,"2436 E Texas St, Bossier City, LA 71111, United States",2436 E Texas St,Bossier City,LA,71111,4.8,23,Auto body shop,,,https://www.google.com/maps/place/Select+Auto+Paint+and+Graphics/data=!4m7!3m6!1s0x86313378509da9ab:0x4ed38b0af803e32f!8m2!3d32.5283413!4d-93.7159418!16s%2Fg%2F11js24rfyn!19sChIJq6mdUHgzMYYRL-MD-AqL004?authuser=0&hl=en&rclk=1,auto repair shop,Bossier Parish,county,LA,2026-07-29T11:12:50,0x86313378509da9ab:0x4ed38b0af803e32f
The Auto Repair Shop,(318) 584-7234,http://www.facebook.com/theautorepairshopbossier,,"4201 E Texas St, Bossier City, LA 71111, United States",4201 E Texas St,Bossier City,LA,71111,3.8,23,Auto repair shop,,,https://www.google.com/maps/place/The+Auto+Repair+Shop/data=!4m7!3m6!1s0x863133cb9e7eaaab:0xf32d73dc1f82befd!8m2!3d32.5319035!4d-93.6785069!16s%2Fg%2F11f5jzj36b!19sChIJq6p-nsszMYYR_b6CH9xzLfM?authuser=0&hl=en&rclk=1,auto repair shop,Bossier Parish,county,LA,2026-07-29T11:12:50,0x863133cb9e7eaaab:0xf32d73dc1f82befd
Tire Crew,(318) 666-4826,https://www.tirecrew.com/locations/1007-chinaberry-dr-bossier-city-la-71111?store_number=4403&utm_source=organic&utm_medium=gbp&utm_campaign=4403,,"1007 Chinaberry Dr, Bossier City, LA 71111, United States",1007 Chinaberry Dr,Bossier City,LA,71111,4.9,252,Tire shop,,,https://www.google.com/maps/place/Tire+Crew/data=!4m7!3m6!1s0x863135b84b4a99d7:0xb7d55aa3a25d16db!8m2!3d32.5850059!4d-93.7304703!16s%2Fg%2F11vw_jb5fz!19sChIJ15lKS7g1MYYR2xZdoqNa1bc?authuser=0&hl=en&rclk=1,auto repair shop,Bossier Parish,county,LA,2026-07-29T11:12:50,0x863135b84b4a99d7:0xb7d55aa3a25d16db
Titos Automotive Repair,(318) 525-8140,,,"970 Dee Dee St, Bossier City, LA 71111, United States",970 Dee Dee St,Bossier City,LA,71111,3.7,3,Auto repair shop,,,https://www.google.com/maps/place/Titos+Automotive+Repair/data=!4m7!3m6!1s0x863133fe3c0a3cdb:0x734b948e895fba19!8m2!3d32.5322298!4d-93.6816966!16s%2Fg%2F11s3xvt4tm!19sChIJ2zwKPP4zMYYRGbpfiY6US3M?authuser=0&hl=en&rclk=1,auto repair shop,Bossier Parish,county,LA,2026-07-29T11:12:50,0x863133fe3c0a3cdb:0x734b948e895fba19
Transmission Automotive Technologies ( TAT ),(318) 746-1568,http://transmissiontechnologies.com/,,"2100 E Texas St, Bossier City, LA 71111, United States",2100 E Texas St,Bossier City,LA,71111,4.0,48,Transmission shop,,,https://www.google.com/maps/place/Transmission+Automotive+Technologies+%28+TAT+%29/data=!4m7!3m6!1s0x863132e1d473134f:0xde8066612a1cd8ad!8m2!3d32.5275701!4d-93.7205264!16s%2Fg%2F1tfm1v20!19sChIJTxNz1OEyMYYRrdgcKmFmgN4?authuser=0&hl=en&rclk=1,auto repair shop,Bossier Parish,county,LA,2026-07-29T11:12:50,0x863132e1d473134f:0xde8066612a1cd8ad
Twin City Automotive Service LLC.,(318) 393-8118,,,"1404 E Texas St, Bossier City, LA 71111, United States",1404 E Texas St,Bossier City,LA,71111,4.8,6,Auto repair shop,,,https://www.google.com/maps/place/Twin+City+Automotive+Service+LLC./data=!4m7!3m6!1s0x863132d8f4fe9d59:0x8c5c5caec2362546!8m2!3d32.525607!4d-93.730823!16s%2Fg%2F1tjy1wd0!19sChIJWZ3-9NgyMYYRRiU2wq5cXIw?authuser=0&hl=en&rclk=1,auto repair shop,Bossier Parish,county,LA,2026-07-29T11:12:50,0x863132d8f4fe9d59:0x8c5c5caec2362546
"UAPI ""U-Pull-It"" Auto Parts",(318) 746-4646,https://uapi.biz/,,"4300 E Texas St, Bossier City, LA 71111, United States",4300 E Texas St,Bossier City,LA,71111,4.4,348,Used auto parts store,,,https://www.google.com/maps/place/UAPI+%22U-Pull-It%22+Auto+Parts/data=!4m7!3m6!1s0x863133cb5f4560b5:0x42e167d0e6110d0!8m2!3d32.5313889!4d-93.6775!16s%2Fg%2F1vtqwgp2!19sChIJtWBFX8szMYYR0BBhDn0WLgQ?authuser=0&hl=en&rclk=1,auto repair shop,Bossier Parish,county,LA,2026-07-29T11:12:50,0x863133cb5f4560b5:0x42e167d0e6110d0
VIP AUTOMOTIVES,(318) 317-4887,http://www.vip.tires/,,"2542 Barksdale Blvd, Bossier City, LA 71112, United States",2542 Barksdale Blvd,Bossier City,LA,71112,4.7,259,Tire shop,,,https://www.google.com/maps/place/VIP+AUTOMOTIVES/data=!4m7!3m6!1s0x863132673d9a0eb5:0xee1863eafb9b0783!8m2!3d32.5038756!4d-93.6966813!16s%2Fg%2F11bbt8bssn!19sChIJtQ6aPWcyMYYRgweb--pjGO4?authuser=0&hl=en&rclk=1,auto repair shop,Bossier Parish,county,LA,2026-07-29T11:12:50,0x863132673d9a0eb5:0xee1863eafb9b0783
Chabill's Tire & Auto Service,(985) 308-0213,https://chabillstire.com/locations/boutte/,,"13260 US-90, Boutte, LA 70039, United States",13260 US-90,Boutte,LA,70039,4.8,664,Tire shop,,,https://www.google.com/maps/place/Chabill%27s+Tire+%26+Auto+Service/data=!4m7!3m6!1s0x862382943b4329dd:0xe0f8c48417814d6f!8m2!3d29.9038223!4d-90.3805483!16s%2Fg%2F1w15ztb1!19sChIJ3SlDO5SCI4YRb02BF4TE-OA?authuser=0&hl=en&rclk=1,auto repair shop,Allen Parish,county,LA,2026-07-29T09:58:43,0x862382943b4329dd:0xe0f8c48417814d6f
Dealer Services Automotive Repair And Collision Center,(985) 785-7144,,,"13413 US-90 K2, Boutte, LA 70039, United States",13413 US-90 K2,Boutte,LA,70039,4.3,76,Auto repair shop,,,https://www.google.com/maps/place/Dealer+Services+Automotive+Repair+And+Collision+Center/data=!4m7!3m6!1s0x8620c421e2bbcff5:0x27a3ea2ff5131a3f!8m2!3d29.9004883!4d-90.3844892!16s%2Fg%2F1vc824zw!19sChIJ9c-74iHEIIYRPxoT9S_qoyc?authuser=0&hl=en&rclk=1,auto repair shop,St. John the Baptist Parish,county,LA,2026-07-30T08:30:09,0x8620c421e2bbcff5:0x27a3ea2ff5131a3f
Quality Tires & Auto Care LLC,(337) 334-4889,,,"305 Good Shepherd Ct, Branch, LA 70516, United States",305 Good Shepherd Ct,Branch,LA,70516,4.7,72,Tire shop,,,https://www.google.com/maps/place/Quality+Tires+%26+Auto+Care+LLC/data=!4m7!3m6!1s0x8624bae094cfd5c7:0xb235d65cd9ba6c23!8m2!3d30.3482856!4d-92.2665945!16s%2Fg%2F1vcq7z7t!19sChIJx9XPlOC6JIYRI2y62VzWNbI?authuser=0&hl=en&rclk=1,auto repair shop,Acadia Parish,county,LA,2026-07-29T09:43:23,0x8624bae094cfd5c7:0xb235d65cd9ba6c23
Big J's Auto Repair,(337) 332-1685,,,"3243 Grand Point Hwy, Breaux Bridge, LA 70517, United States",3243 Grand Point Hwy,Breaux Bridge,LA,70517,4.6,33,Auto repair shop,,,https://www.google.com/maps/place/Big+J%27s+Auto+Repair/data=!4m7!3m6!1s0x86247d515482f043:0xf2141750bdf6f8f2!8m2!3d30.3020321!4d-91.8478564!16s%2Fg%2F1260rw0sq!19sChIJQ_CCVFF9JIYR8vj2vVAXFPI?authuser=0&hl=en&rclk=1,auto repair shop,St. Martin Parish,county,LA,2026-07-30T09:03:24,0x86247d515482f043:0xf2141750bdf6f8f2
Breaux Bridge Auto Center,(337) 332-3476,,,"227 W Mills Ave, Breaux Bridge, LA 70517, United States",227 W Mills Ave,Breaux Bridge,LA,70517,5.0,9,Auto repair shop,,,https://www.google.com/maps/place/Breaux+Bridge+Auto+Center/data=!4m7!3m6!1s0x86248589c98d6e41:0xd0d17a7f948ecf5a!8m2!3d30.2792255!4d-91.9132442!16s%2Fg%2F11stg47clk!19sChIJQW6NyYmFJIYRWs-OlH960dA?authuser=0&hl=en&rclk=1,auto repair shop,St. Martin Parish,county,LA,2026-07-30T09:03:24,0x86248589c98d6e41:0xd0d17a7f948ecf5a
Grand Point Auto,(337) 332-1685,,,"3243 Grand Point Hwy, Breaux Bridge, LA 70517, United States",3243 Grand Point Hwy,Breaux Bridge,LA,70517,5.0,12,Tire shop,,,https://www.google.com/maps/place/Grand+Point+Auto/data=!4m7!3m6!1s0x862487411485f42f:0x748854a510e71c8a!8m2!3d30.3020321!4d-91.8478564!16s%2Fg%2F11j5cdpyk7!19sChIJL_SFFEGHJIYRihznEKVUiHQ?authuser=0&hl=en&rclk=1,auto repair shop,St. Martin Parish,county,LA,2026-07-30T09:03:24,0x862487411485f42f:0x748854a510e71c8a
L & L Tire,(337) 332-6080,https://landltire.net/,,"260 Rees St, Breaux Bridge, LA 70517, United States",260 Rees St,Breaux Bridge,LA,70517,4.5,166,Tire shop,,,https://www.google.com/maps/place/L+%26+L+Tire/data=!4m7!3m6!1s0x86248688ea879569:0x76bf811fa386ba9f!8m2!3d30.2793225!4d-91.8992935!16s%2Fg%2F1tlw9fdz!19sChIJaZWH6oiGJIYRn7qGox-Bv3Y?authuser=0&hl=en&rclk=1,auto repair shop,St. Martin Parish,county,LA,2026-07-30T09:03:24,0x86248688ea879569:0x76bf811fa386ba9f
Christian Brothers Automotive Broussard,(337) 520-8460,https://www.cbac.com/broussard/?utm_source=GMB&utm_medium=organic&utm_campaign=broussard&utm_content=website-cta,mktgcoaches@cbac.com,"6708 Ambassador Caffery Pkwy, Broussard, LA 70518, United States",6708 Ambassador Caffery Pkwy,Broussard,LA,70518,4.9,206,Auto repair shop,,,https://www.google.com/maps/place/Christian+Brothers+Automotive+Broussard/data=!4m7!3m6!1s0x86237d395a703825:0xd8614d090416a292!8m2!3d30.1352702!4d-91.9822842!16s%2Fg%2F11zkhy83h_!19sChIJJThwWjl9I4YRkqIWBAlNYdg?authuser=0&hl=en&rclk=1,auto repair shop,Vermilion Parish,county,LA,2026-07-30T10:15:24,0x86237d395a703825:0xd8614d090416a292
CrossPoint Automotive,(337) 858-4283,http://www.crosspointauto.com/,,"105 Tideland Rd, Broussard, LA 70518, United States",105 Tideland Rd,Broussard,LA,70518,4.9,57,Auto repair shop,,,https://www.google.com/maps/place/CrossPoint+Automotive/data=!4m7!3m6!1s0x8624835cf788eacd:0xd64d4225ab648b6f!8m2!3d30.1590804!4d-91.9850127!16s%2Fg%2F11ydqchvmn!19sChIJzeqI91yDJIYRb4tkqyVCTdY?authuser=0&hl=en&rclk=1,auto repair shop,Vermilion Parish,county,LA,2026-07-30T10:15:24,0x8624835cf788eacd:0xd64d4225ab648b6f
GILS REPAIR SHOP LLC,(337) 577-2852,,,"1009B Albertson Pkwy, Broussard, LA 70518, United States",1009B Albertson Pkwy,Broussard,LA,70518,5.0,9,Auto repair shop,,,https://www.google.com/maps/place/GILS+REPAIR+SHOP+LLC/data=!4m7!3m6!1s0x86237d158765cb7f:0x7858169226c2181!8m2!3d30.1389618!4d-91.9555534!16s%2Fg%2F11p5td9fsz!19sChIJf8tlhxV9I4YRgSFsImmBhQc?authuser=0&hl=en&rclk=1,auto repair shop,Vermilion Parish,county,LA,2026-07-30T10:15:24,0x86237d158765cb7f:0x7858169226c2181
GIORGIO AUTOMOTIVE,(337) 962-5365,,,"1040 Wall Rd, Broussard, LA 70518, United States",1040 Wall Rd,Broussard,LA,70518,3.3,71,Auto repair shop,,,https://www.google.com/maps/place/GIORGIO+AUTOMOTIVE/data=!4m7!3m6!1s0x86249eaa62cea733:0xaa885104c911108b!8m2!3d30.0770065!4d-91.9369904!16s%2Fg%2F1xgzc423!19sChIJM6fOYqqeJIYRixARyQRRiKo?authuser=0&hl=en&rclk=1,auto repair shop,Vermilion Parish,county,LA,2026-07-30T10:15:24,0x86249eaa62cea733:0xaa885104c911108b
Mac Brothers Tire and Automotive,(337) 330-2028,,,"629B N Larriviere Rd, Broussard, LA 70518, United States",629B N Larriviere Rd,Broussard,LA,70518,4.8,44,Tire shop,,,https://www.google.com/maps/place/Mac+Brothers+Tire+and+Automotive/data=!4m7!3m6!1s0x86237d521bed5e47:0xbd5a7224bd8e0efe!8m2!3d30.1163881!4d-91.9754268!16s%2Fg%2F11r_dq6v16!19sChIJR17tG1J9I4YR_g6OvSRyWr0?authuser=0&hl=en&rclk=1,auto repair shop,Vermilion Parish,county,LA,2026-07-30T10:15:24,0x86237d521bed5e47:0xbd5a7224bd8e0efe
Master Lube,(337) 367-1966,,,"1205 US-90, Broussard, LA 70518, United States",1205 US-90,Broussard,LA,70518,4.7,137,Oil change service,,,https://www.google.com/maps/place/Master+Lube/data=!4m7!3m6!1s0x86237c695e304d49:0x9a2b66f5842756fd!8m2!3d30.0937462!4d-91.9401323!16s%2Fg%2F1tfjwn4s!19sChIJSU0wXml8I4YR_VYnhPVmK5o?authuser=0&hl=en&rclk=1,auto repair shop,Vermilion Parish,county,LA,2026-07-30T10:15:24,0x86237c695e304d49:0x9a2b66f5842756fd
MidSouth Auto Care,(337) 330-4464,https://www.midsouthautocare.com/?y_source=1_MjA0NTUyMTIzMy03MTUtbG9jYXRpb24ud2Vic2l0ZQ%3D%3D,,"1202 Albertson Pkwy, Broussard, LA 70518, United States",1202 Albertson Pkwy,Broussard,LA,70518,4.7,177,Auto repair shop,,,https://www.google.com/maps/place/MidSouth+Auto+Care/data=!4m7!3m6!1s0x86237dc5fca70c3d:0xe35c1f98f9e74d6b!8m2!3d30.1407986!4d-91.9506152!16s%2Fg%2F11g197_b20!19sChIJPQyn_MV9I4YRa03n-ZgfXOM?authuser=0&hl=en&rclk=1,auto repair shop,St. Martin Parish,county,LA,2026-07-30T09:03:24,0x86237dc5fca70c3d:0xe35c1f98f9e74d6b
PREMIER CAR CARE,(337) 330-2049,https://www.premiercarcare.org/,info@ndiscovered.com,"3401 Hwy 90 E, Broussard, LA 70518, United States",3401 Hwy 90 E,Broussard,LA,70518,4.8,62,Auto repair shop,,,https://www.google.com/maps/place/PREMIER+CAR+CARE/data=!4m7!3m6!1s0x862483edad2c1c99:0xf9f5494ccb1b4520!8m2!3d30.1653979!4d-91.9739608!16s%2Fg%2F11x7xjzgbt!19sChIJmRwsre2DJIYRIEUby0xJ9fk?authuser=0&hl=en&rclk=1,auto repair shop,Vermilion Parish,county,LA,2026-07-30T10:15:24,0x862483edad2c1c99:0xf9f5494ccb1b4520
Precision Collision Center of Broussard,(337) 330-4074,,,"1027 N Cruse Ave, Broussard, LA 70518, United States",1027 N Cruse Ave,Broussard,LA,70518,4.6,47,Auto body shop,,,https://www.google.com/maps/place/Precision+Collision+Center+of+Broussard/data=!4m7!3m6!1s0x86237db1c5a65531:0xbc8c15dfc6f547ea!8m2!3d30.10643!4d-91.9387969!16s%2Fg%2F11btwtxfrw!19sChIJMVWmxbF9I4YR6kf1xt8VjLw?authuser=0&hl=en&rclk=1,auto repair shop,Vermilion Parish,county,LA,2026-07-30T10:15:24,0x86237db1c5a65531:0xbc8c15dfc6f547ea
Zim's Tire and Auto Repair Broussard,(337) 330-7043,https://www.zimstireandauto.com/,leslie@zimsautomotive.com,"623 Albertson Pkwy, Broussard, LA 70518, United States",623 Albertson Pkwy,Broussard,LA,70518,4.9,452,Auto repair shop,,,https://www.google.com/maps/place/Zim%27s+Tire+and+Auto+Repair+Broussard/data=!4m7!3m6!1s0x86237d862bd1a5b5:0xe2c5054625576985!8m2!3d30.1385868!4d-91.9712103!16s%2Fg%2F11x5jr6jvt!19sChIJtaXRK4Z9I4YRhWlXJUYFxeI?authuser=0&hl=en&rclk=1,auto repair shop,Vermilion Parish,county,LA,2026-07-30T10:15:24,0x86237d862bd1a5b5:0xe2c5054625576985
B's Marine & Auto Repair,(318) 346-9333,,,"104 Bordelon Rd, Bunkie, LA 71322, United States",104 Bordelon Rd,Bunkie,LA,71322,,,Auto repair shop,,,https://www.google.com/maps/place/B%27s+Marine+%26+Auto+Repair/data=!4m7!3m6!1s0x8625229670d0b3a9:0x499cc74a35dd1bee!8m2!3d30.9482272!4d-92.1457004!16s%2Fg%2F1tcxvlv0!19sChIJqbPQcJYiJYYR7hvdNUrHnEk?authuser=0&hl=en&rclk=1,auto repair shop,Avoyelles Parish,county,LA,2026-07-29T10:27:09,0x8625229670d0b3a9:0x499cc74a35dd1bee
Rocky's Fuel Express,(318) 346-7339,,,"903 SW Main St, Bunkie, LA 71322, United States",903 SW Main St,Bunkie,LA,71322,4.8,33,Auto repair shop,,,https://www.google.com/maps/place/Rocky%27s+Fuel+Express/data=!4m7!3m6!1s0x862521989837e2df:0xbfe2ad1f81ce3f9e!8m2!3d30.9484006!4d-92.1788953!16s%2Fg%2F1tks6p71!19sChIJ3-I3mJghJYYRnj_OgR-t4r8?authuser=0&hl=en&rclk=1,auto repair shop,Avoyelles Parish,county,LA,2026-07-29T10:27:09,0x862521989837e2df:0xbfe2ad1f81ce3f9e
TD Exhaust & Tire Co. LLC,(318) 359-8951,https://www.facebook.com/profile.php?id=100089563422445,,"603 SW Main St, Bunkie, LA 71322, United States",603 SW Main St,Bunkie,LA,71322,4.9,22,Tire shop,,,https://www.google.com/maps/place/TD+Exhaust+%26+Tire+Co.+LLC/data=!4m7!3m6!1s0x8625219eeb070aed:0x7501297f6bb8373a!8m2!3d30.9508424!4d-92.1809813!16s%2Fg%2F1td38ltw!19sChIJ7QoH654hJYYROje4a38pAXU?authuser=0&hl=en&rclk=1,auto repair shop,Avoyelles Parish,county,LA,2026-07-29T10:27:09,0x8625219eeb070aed:0x7501297f6bb8373a
Vaughn Chevrolet Bunkie Service Center,(318) 346-6367,http://www.vaughnchevrolet.com/,,"1102 NW Main St, Bunkie, LA 71322, United States",1102 NW Main St,Bunkie,LA,71322,4.3,32,Auto repair shop,,,https://www.google.com/maps/place/Vaughn+Chevrolet+Bunkie+Service+Center/data=!4m7!3m6!1s0x8625217a4106a939:0x3d0140d2faf1aaad!8m2!3d30.9621126!4d-92.1948397!16s%2Fg%2F11b6syxb40!19sChIJOakGQXohJYYRrarx-tJAAT0?authuser=0&hl=en&rclk=1,auto repair shop,Avoyelles Parish,county,LA,2026-07-29T10:27:09,0x8625217a4106a939:0x3d0140d2faf1aaad
Diesel's Performance,(985) 265-8037,,,"31003 Watts Thomas Rd, Bush, LA 70431, United States",31003 Watts Thomas Rd,Bush,LA,70431,,,Auto repair shop,,,https://www.google.com/maps/place/Diesel%27s+Performance/data=!4m7!3m6!1s0x889d8d14887fe4c5:0x928bdd480d0fed3b!8m2!3d30.5776423!4d-89.8886976!16s%2Fg%2F11vpl9xjmf!19sChIJxeR_iBSNnYgRO-0PDUjdi5I?authuser=0&hl=en&rclk=1,auto repair shop,Washington Parish,county,LA,2026-07-30T10:37:12,0x889d8d14887fe4c5:0x928bdd480d0fed3b
J-Bec Automotive & Tires,(985) 886-3398,,,"81642 LA-21, Bush, LA 70431, United States",81642 LA-21,Bush,LA,70431,4.4,7,Auto body shop,,,https://www.google.com/maps/place/J-Bec+Automotive+%26+Tires/data=!4m7!3m6!1s0x889d8c1cc58186b7:0xb608e4ae6576fbfd!8m2!3d30.6161503!4d-89.9153041!16s%2Fg%2F1262s7myw!19sChIJt4aBxRyMnYgR_ft2Za7kCLY?authuser=0&hl=en&rclk=1,auto repair shop,Washington Parish,county,LA,2026-07-30T10:37:12,0x889d8c1cc58186b7:0xb608e4ae6576fbfd
Calhoun TIRE CENTER,(318) 644-2815,https://www.facebook.com/calhountireco/,,"2988 US-80, Calhoun, LA 71225, United States",2988 US-80,Calhoun,LA,71225,4.4,14,Tire shop,,,https://www.google.com/maps/place/Calhoun+TIRE+CENTER/data=!4m7!3m6!1s0x862e2f619b067945:0x8a6722201144be0c!8m2!3d32.512936!4d-92.357468!16s%2Fg%2F11vr1dxlxl!19sChIJRXkGm2EvLoYRDL5EESAiZ4o?authuser=0&hl=en&rclk=1,auto repair shop,Caldwell Parish,county,LA,2026-07-29T11:39:29,0x862e2f619b067945:0x8a6722201144be0c
Ron's Tire and Auto,(318) 331-0127,,,"376 Ashley Griggs Rd, Calhoun, LA 71225, United States",376 Ashley Griggs Rd,Calhoun,LA,71225,5.0,59,Auto repair shop,,,https://www.google.com/maps/place/Ron%27s+Tire+and+Auto/data=!4m7!3m6!1s0x862e291c35c329ef:0x688e152985a6f3d2!8m2!3d32.4921252!4d-92.3993169!16s%2Fg%2F11s63wsgjv!19sChIJ7ynDNRwpLoYR0vOmhSkVjmg?authuser=0&hl=en&rclk=1,auto repair shop,Union Parish,county,LA,2026-07-30T10:01:50,0x862e291c35c329ef:0x688e152985a6f3d2
Southern Service & Repair,(318) 366-7834,,,"115 Matt Hammonds Rd, Calhoun, LA 71225, United States",115 Matt Hammonds Rd,Calhoun,LA,71225,4.7,21,Auto repair shop,,,https://www.google.com/maps/place/Southern+Service+%26+Repair/data=!4m7!3m6!1s0x862e3bcd4665ef8f:0xc222345670a02d96!8m2!3d32.5568967!4d-92.2689167!16s%2Fg%2F11qmm90mfm!19sChIJj-9lRs07LoYRli2gcFY0IsI?authuser=0&hl=en&rclk=1,auto repair shop,Union Parish,county,LA,2026-07-30T10:01:50,0x862e3bcd4665ef8f:0xc222345670a02d96
Taders Automotive and More LLC,(318) 609-2818,,,"105 Potts Rd, Campti, LA 71411, United States",105 Potts Rd,Campti,LA,71411,,,Auto repair shop,,,https://www.google.com/maps/place/Taders+Automotive+and+More+LLC/data=!4m7!3m6!1s0x8630610c9077e4d7:0xb53ff8163f54a15d!8m2!3d31.9409954!4d-93.0491205!16s%2Fg%2F11n3xy02n6!19sChIJ1-R3kAxhMIYRXaFUPxb4P7U?authuser=0&hl=en&rclk=1,auto repair shop,Winn Parish,county,LA,2026-07-30T11:37:04,0x8630610c9077e4d7:0xb53ff8163f54a15d
"Carencro Automotive Center, LLC",(337) 886-9509,https://www.carencroautomotive.com/,billing@carencroautomotive.com,"4317 N University Ave, Carencro, LA 70520, United States",4317 N University Ave,Carencro,LA,70520,4.6,432,Auto repair shop,,,"https://www.google.com/maps/place/Carencro+Automotive+Center,+LLC/data=!4m7!3m6!1s0x86249a0d98eb6dab:0x3867210cfd0a673!8m2!3d30.3173773!4d-92.0497376!16s%2Fg%2F1tx47dmp!19sChIJq23rmA2aJIYRc6bQzxByhgM?authuser=0&hl=en&rclk=1",auto repair shop,St. Landry Parish,county,LA,2026-07-30T08:48:39,0x86249a0d98eb6dab:0x3867210cfd0a673
David's Mobile Mechanic Service,(337) 207-6319,,,"N University Ave, Carencro, LA 70520, United States",N University Ave,Carencro,LA,70520,3.0,10,Auto repair shop,,,https://www.google.com/maps/place/David%27s+Mobile+Mechanic+Service/data=!4m7!3m6!1s0x86249bcb5049c8f9:0x4e0fa0a8682b59c8!8m2!3d30.3102648!4d-92.0494672!16s%2Fg%2F11vhzxrd2q!19sChIJ-chJUMubJIYRyFkraKigD04?authuser=0&hl=en&rclk=1,auto repair shop,St. Martin Parish,county,LA,2026-07-30T09:03:24,0x86249bcb5049c8f9:0x4e0fa0a8682b59c8
Joe's Auto Repair,(337) 896-7824,,,"4130 N University Ave, Carencro, LA 70520, United States",4130 N University Ave,Carencro,LA,70520,4.9,24,Auto repair shop,,,https://www.google.com/maps/place/Joe%27s+Auto+Repair/data=!4m7!3m6!1s0x86249a1292648097:0xd9d5825e2bfda431!8m2!3d30.3147974!4d-92.048692!16s%2Fg%2F1tddb67s!19sChIJl4BkkhKaJIYRMaT9K16C1dk?authuser=0&hl=en&rclk=1,auto repair shop,St. Martin Parish,county,LA,2026-07-30T09:03:24,0x86249a1292648097:0xd9d5825e2bfda431
Alvin's Complete Auto Services Center,(985) 594-2343,,,"4832 LA-56, Chauvin, LA 70344, United States",4832 LA-56,Chauvin,LA,70344,5.0,5,Auto repair shop,,,https://www.google.com/maps/place/Alvin%27s+Complete+Auto+Services+Center/data=!4m7!3m6!1s0x8620fefa7a3d7e41:0xf4b0a5cacf14002a!8m2!3d29.4968129!4d-90.5756502!16s%2Fg%2F1tkvb3hr!19sChIJQX49evr-IIYRKgAUz8qlsPQ?authuser=0&hl=en&rclk=1,auto repair shop,Terrebonne Parish,county,LA,2026-07-30T09:52:15,0x8620fefa7a3d7e41:0xf4b0a5cacf14002a
Kevin's Auto & Wrecker Service,(985) 594-2101,https://towingterrebonneparishla.com/,,"4569 LA-56, Chauvin, LA 70344, United States",4569 LA-56,Chauvin,LA,70344,4.6,83,Auto repair shop,,,https://www.google.com/maps/place/Kevin%27s+Auto+%26+Wrecker+Service/data=!4m7!3m6!1s0x8620fdfb1a8f03d9:0x5bc63d6ade048bf!8m2!3d29.5175793!4d-90.5934753!16s%2Fg%2F1wf38zl_!19sChIJ2QOPGvv9IIYRv0jgrdZjvAU?authuser=0&hl=en&rclk=1,auto repair shop,Terrebonne Parish,county,LA,2026-07-30T09:52:15,0x8620fdfb1a8f03d9:0x5bc63d6ade048bf
Am-Tech Collision Paint & Body,(318) 768-3067,,,"737 LA-821, Choudrant, LA 71227, United States",737 LA-821,Choudrant,LA,71227,4.7,20,Auto body shop,,,https://www.google.com/maps/place/Am-Tech+Collision+Paint+%26+Body/data=!4m7!3m6!1s0x8631d8dd05dbdb3f:0xde72d1825138e6ff!8m2!3d32.5823998!4d-92.4924984!16s%2Fg%2F1wfcphy5!19sChIJP9vbBd3YMYYR_-Y4UYLRct4?authuser=0&hl=en&rclk=1,auto repair shop,Claiborne Parish,county,LA,2026-07-29T12:07:58,0x8631d8dd05dbdb3f:0xde72d1825138e6ff
Auto Body Plus LLC,(318) 255-4900,,,"6172 LA-33, Choudrant, LA 71227, United States",6172 LA-33,Choudrant,LA,71227,4.3,18,Auto body shop,,,https://www.google.com/maps/place/Auto+Body+Plus+LLC/data=!4m7!3m6!1s0x8631deff761c94c7:0x9df602f538925497!8m2!3d32.6469771!4d-92.5021679!16s%2Fg%2F1vzv40ky!19sChIJx5Qcdv_eMYYRl1SSOPUC9p0?authuser=0&hl=en&rclk=1,auto repair shop,Claiborne Parish,county,LA,2026-07-29T12:07:58,0x8631deff761c94c7:0x9df602f538925497
Parnell Service Station,(318) 768-2460,,,"2481 US-80, Choudrant, LA 71227, United States",2481 US-80,Choudrant,LA,71227,4.8,43,Auto repair shop,,,https://www.google.com/maps/place/Parnell+Service+Station/data=!4m7!3m6!1s0x8631d9c6a5c315bb:0x567b1ad60d787ddb!8m2!3d32.5294415!4d-92.5143019!16s%2Fg%2F1td9qx55!19sChIJuxXDpcbZMYYR2314DdYae1Y?authuser=0&hl=en&rclk=1,auto repair shop,Claiborne Parish,county,LA,2026-07-29T12:07:58,0x8631d9c6a5c315bb:0x567b1ad60d787ddb
Acadiana Tire & Lube LLC,(337) 684-5379,https://acadianatire.com/,,"214 W Canal St, Church Point, LA 70525, United States",214 W Canal St,Church Point,LA,70525,4.6,98,Tire shop,,,https://www.google.com/maps/place/Acadiana+Tire+%26+Lube+LLC/data=!4m7!3m6!1s0x8624bc0f0c6a6a9b:0xaa21b916bda73f5e!8m2!3d30.4037658!4d-92.2171445!16s%2Fg%2F1tdsk46k!19sChIJm2pqDA-8JIYRXj-nvRa5Iao?authuser=0&hl=en&rclk=1,auto repair shop,St. Landry Parish,county,LA,2026-07-30T08:48:39,0x8624bc0f0c6a6a9b:0xaa21b916bda73f5e
"DENNY'S TIRE SERVICE ,LLC",(337) 684-5491,,,"720 E Ebey St, Church Point, LA 70525, United States",720 E Ebey St,Church Point,LA,70525,4.4,35,Tire shop,,,"https://www.google.com/maps/place/DENNY%27S+TIRE+SERVICE+,LLC/data=!4m7!3m6!1s0x8624bd6163303019:0x35bcf6b85106725f!8m2!3d30.4062004!4d-92.2106475!16s%2Fg%2F11gxrnwsc9!19sChIJGTAwY2G9JIYRX3IGUbj2vDU?authuser=0&hl=en&rclk=1",auto repair shop,St. Landry Parish,county,LA,2026-07-30T08:48:39,0x8624bd6163303019:0x35bcf6b85106725f
Doucet's Automotive Center,(337) 684-3046,,,"207 Railroad St, Church Point, LA 70525, United States",207 Railroad St,Church Point,LA,70525,5.0,7,Auto repair shop,,,https://www.google.com/maps/place/Doucet%27s+Automotive+Center/data=!4m7!3m6!1s0x8624bc0f5c22f3e9:0xc18dadf369e143fc!8m2!3d30.4048803!4d-92.2178081!16s%2Fg%2F1tgfqh0f!19sChIJ6fMiXA-8JIYR_EPhafOtjcE?authuser=0&hl=en&rclk=1,auto repair shop,St. Landry Parish,county,LA,2026-07-30T08:48:39,0x8624bc0f5c22f3e9:0xc18dadf369e143fc
No Limit Racing & Performance,(337) 224-3018,,,"9722 Church Point Hwy, Church Point, LA 70525, United States",9722 Church Point Hwy,Church Point,LA,70525,4.0,4,Auto repair shop,,,https://www.google.com/maps/place/No+Limit+Racing+%26+Performance/data=!4m7!3m6!1s0x8624bb7aa7ee0d5b:0x2b431bd573b2ba4e!8m2!3d30.3995153!4d-92.2241856!16s%2Fg%2F11pw1vkh4d!19sChIJWw3up3q7JIYRTrqyc9UbQys?authuser=0&hl=en&rclk=1,auto repair shop,St. Landry Parish,county,LA,2026-07-30T08:48:39,0x8624bb7aa7ee0d5b:0x2b431bd573b2ba4e
Sharp's Body Shop,(318) 757-2827,,,"31568 LA-566, Clayton, LA 71326, United States",31568 LA-566,Clayton,LA,71326,4.9,9,Auto body shop,,,https://www.google.com/maps/place/Sharp%27s+Body+Shop/data=!4m7!3m6!1s0x862f6749d669a677:0xee105519e6c87d79!8m2!3d31.7222584!4d-91.5438332!16s%2Fg%2F1tm6995y!19sChIJd6Zp1klnL4YReX3I5hlVEO4?authuser=0&hl=en&rclk=1,auto repair shop,Tensas Parish,county,LA,2026-07-30T09:33:29,0x862f6749d669a677:0xee105519e6c87d79
"Sharp's Services, LLC",(318) 757-2822,,,"31569 LA-15, Clayton, LA 71326, United States",31569 LA-15,Clayton,LA,71326,4.6,50,Auto repair shop,,,"https://www.google.com/maps/place/Sharp%27s+Services,+LLC/data=!4m7!3m6!1s0x862f6749d669a677:0xef00ae80bfc72e50!8m2!3d31.7225323!4d-91.5433862!16s%2Fg%2F1tcv1tkq!19sChIJd6Zp1klnL4YRUC7Hv4CuAO8?authuser=0&hl=en&rclk=1",auto repair shop,Tensas Parish,county,LA,2026-07-30T09:33:29,0x862f6749d669a677:0xef00ae80bfc72e50
Steve's Transmission,(318) 757-6845,,,"3596 US-65, Clayton, LA 71326, United States",3596 US-65,Clayton,LA,71326,4.9,9,Transmission shop,,,https://www.google.com/maps/place/Steve%27s+Transmission/data=!4m7!3m6!1s0x862f5d939b4f00f9:0xe50e80fa7b4f74f9!8m2!3d31.7209035!4d-91.5316518!16s%2Fg%2F1tf_nn_b!19sChIJ-QBPm5NdL4YR-XRPe_qADuU?authuser=0&hl=en&rclk=1,auto repair shop,Tensas Parish,county,LA,2026-07-30T09:33:29,0x862f5d939b4f00f9:0xe50e80fa7b4f74f9
B & H Auto Center,(225) 683-9837,,,"9761 Plank Rd, Clinton, LA 70722, United States",9761 Plank Rd,Clinton,LA,70722,5.0,9,Auto body shop,,,https://www.google.com/maps/place/B+%26+H+Auto+Center/data=!4m7!3m6!1s0x862689a4536a1f19:0x3c0bd1d705e13aaa!8m2!3d30.8526894!4d-91.0060845!16s%2Fg%2F1vq9mn7p!19sChIJGR9qU6SJJoYRqjrhBdfRCzw?authuser=0&hl=en&rclk=1,auto repair shop,West Feliciana Parish,county,LA,2026-07-30T11:19:39,0x862689a4536a1f19:0x3c0bd1d705e13aaa
Hancock's Auto Service,(225) 683-9249,,,"10921 LA-67, Clinton, LA 70722, United States",10921 LA-67,Clinton,LA,70722,4.1,7,Tire shop,,,https://www.google.com/maps/place/Hancock%27s+Auto+Service/data=!4m7!3m6!1s0x862689df34a1dd69:0x1dc11feae0418c9a!8m2!3d30.861939!4d-91.0136524!16s%2Fg%2F1tpll2lv!19sChIJad2hNN-JJoYRmoxB4OofwR0?authuser=0&hl=en&rclk=1,auto repair shop,West Feliciana Parish,county,LA,2026-07-30T11:19:39,0x862689df34a1dd69:0x1dc11feae0418c9a
James Auto & Body Repair,(225) 683-9621,,,"12028 Jackson St, Clinton, LA 70722, United States",12028 Jackson St,Clinton,LA,70722,3.8,12,Auto body shop,,,https://www.google.com/maps/place/James+Auto+%26+Body+Repair/data=!4m7!3m6!1s0x862689b422fdd101:0xc0a070b258e131aa!8m2!3d30.8648392!4d-91.0203135!16s%2Fg%2F1tjkg4m1!19sChIJAdH9IrSJJoYRqjHhWLJwoMA?authuser=0&hl=en&rclk=1,auto repair shop,West Feliciana Parish,county,LA,2026-07-30T11:19:39,0x862689b422fdd101:0xc0a070b258e131aa
Mega 5 Inspection Station,(225) 683-5462,,,"10536 Plank Rd, Clinton, LA 70722, United States",10536 Plank Rd,Clinton,LA,70722,4.8,26,Car inspection station,,,https://www.google.com/maps/place/Mega+5+Inspection+Station/data=!4m7!3m6!1s0x862689b0051cbaf7:0xd59297e46a6b07d2!8m2!3d30.8581526!4d-91.0117113!16s%2Fg%2F1tj5lj2y!19sChIJ97ocBbCJJoYR0gdrauSXktU?authuser=0&hl=en&rclk=1,auto repair shop,West Feliciana Parish,county,LA,2026-07-30T11:19:39,0x862689b0051cbaf7:0xd59297e46a6b07d2
T G Feliciana Tire,(225) 683-3303,,,"9443 Plank Rd, Clinton, LA 70722, United States",9443 Plank Rd,Clinton,LA,70722,4.6,38,Auto repair shop,,,https://www.google.com/maps/place/T+G+Feliciana+Tire/data=!4m7!3m6!1s0x862689a13c702813:0x316581adf37bd9e3!8m2!3d30.850466!4d-91.00495!16s%2Fg%2F1w97vrlq!19sChIJEyhwPKGJJoYR49l7862BZTE?authuser=0&hl=en&rclk=1,auto repair shop,West Feliciana Parish,county,LA,2026-07-30T11:19:39,0x862689a13c702813:0x316581adf37bd9e3
Colfax Car Clinic,(318) 392-5017,https://carclinic.glide.page/,,"717 Main St, Colfax, LA 71417, United States",717 Main St,Colfax,LA,71417,5.0,2,Auto repair shop,,,https://www.google.com/maps/place/Colfax+Car+Clinic/data=!4m7!3m6!1s0x863aa10062581449:0xaac9ab3dca4f1ce9!8m2!3d31.5192674!4d-92.7072902!16s%2Fg%2F11x66dz8rz!19sChIJSRRYYgChOoYR6RxPyj2ryao?authuser=0&hl=en&rclk=1,auto repair shop,Caldwell Parish,county,LA,2026-07-29T11:39:29,0x863aa10062581449:0xaac9ab3dca4f1ce9
Discount Auto Parts,(318) 649-2562,,,"325 Riser St, Columbia, LA 71418, United States",325 Riser St,Columbia,LA,71418,4.6,80,Auto parts store,,,https://www.google.com/maps/place/Discount+Auto+Parts/data=!4m7!3m6!1s0x862fb97092499769:0xe8300a5aaada85cc!8m2!3d32.10257!4d-92.0787418!16s%2Fg%2F1tf31rx8!19sChIJaZdJknC5L4YRzIXaqloKMOg?authuser=0&hl=en&rclk=1,auto repair shop,Caldwell Parish,county,LA,2026-07-29T11:39:29,0x862fb97092499769:0xe8300a5aaada85cc
Fat boy kustomz body and frame shop llc,(318) 649-2579,,,"121 Garner Rd, Columbia, LA 71418, United States",121 Garner Rd,Columbia,LA,71418,5.0,1,Auto repair shop,,,https://www.google.com/maps/place/Fat+boy+kustomz+body+and+frame+shop+llc/data=!4m7!3m6!1s0x862fafc8b847de5d:0x8a59c341e6e1a20c!8m2!3d32.1831912!4d-91.9878565!16s%2Fg%2F11pww6tymm!19sChIJXd5HuMivL4YRDKLh5kHDWYo?authuser=0&hl=en&rclk=1,auto repair shop,Caldwell Parish,county,LA,2026-07-29T11:39:29,0x862fafc8b847de5d:0x8a59c341e6e1a20c
Hatten Tires Co,(318) 649-5783,,,"7210 US-165, Columbia, LA 71418, United States",7210 US-165,Columbia,LA,71418,4.6,128,Tire shop,,,https://www.google.com/maps/place/Hatten+Tires+Co/data=!4m7!3m6!1s0x862fb915f443f9f3:0x4ea2a023f6abbce3!8m2!3d32.0896168!4d-92.0899344!16s%2Fg%2F1tfbnpxf!19sChIJ8_lD9BW5L4YR47yr9iOgok4?authuser=0&hl=en&rclk=1,auto repair shop,Caldwell Parish,county,LA,2026-07-29T11:39:29,0x862fb915f443f9f3:0x4ea2a023f6abbce3
Hilltop Motors,(318) 649-5997,,,"7629 US-165, Columbia, LA 71418, United States",7629 US-165,Columbia,LA,71418,5.0,3,Auto body shop,,,https://www.google.com/maps/place/Hilltop+Motors/data=!4m7!3m6!1s0x862fb93e90677097:0xc8fd6db8c43d5ee9!8m2!3d32.0856033!4d-92.0903505!16s%2Fg%2F1vcq7zhw!19sChIJl3BnkD65L4YR6V49xLht_cg?authuser=0&hl=en&rclk=1,auto repair shop,Caldwell Parish,county,LA,2026-07-29T11:39:29,0x862fb93e90677097:0xc8fd6db8c43d5ee9
Jamie Duff's Body & Frame,(318) 649-5818,,,"214 Page Rd, Columbia, LA 71418, United States",214 Page Rd,Columbia,LA,71418,4.8,43,Auto body shop,,,https://www.google.com/maps/place/Jamie+Duff%27s+Body+%26+Frame/data=!4m7!3m6!1s0x862fba214099e42f:0xf5cda5f7a8b8ec5d!8m2!3d32.1304512!4d-92.0624771!16s%2Fg%2F1tht1tv6!19sChIJL-SZQCG6L4YRXey4qPelzfU?authuser=0&hl=en&rclk=1,auto repair shop,Caldwell Parish,county,LA,2026-07-29T11:39:29,0x862fba214099e42f:0xf5cda5f7a8b8ec5d
"McCoy's Eastside Quick Lube & Tire, LLC",(318) 649-3202,,,"5156 LA-4, Columbia, LA 71418, United States",5156 LA-4,Columbia,LA,71418,4.5,88,Auto repair shop,,,"https://www.google.com/maps/place/McCoy%27s+Eastside+Quick+Lube+%26+Tire,+LLC/data=!4m7!3m6!1s0x862fb981bd85065d:0x814471f50f87ab58!8m2!3d32.1146403!4d-92.0701537!16s%2Fg%2F1tjy1wc5!19sChIJXQaFvYG5L4YRWKuHD_VxRIE?authuser=0&hl=en&rclk=1",auto repair shop,Caldwell Parish,county,LA,2026-07-29T11:39:29,0x862fb981bd85065d:0x814471f50f87ab58
Mikes Auto Services,(318) 649-2181,,,"7004 US-165, Columbia, LA 71418, United States",7004 US-165,Columbia,LA,71418,4.3,14,Auto repair shop,,,https://www.google.com/maps/place/Mikes+Auto+Services/data=!4m7!3m6!1s0x862fb93e689889ed:0xb2ea881ea1583fc9!8m2!3d32.1035982!4d-92.0796199!16s%2Fg%2F1v2gf3ph!19sChIJ7YmYaD65L4YRyT9YoR6I6rI?authuser=0&hl=en&rclk=1,auto repair shop,Caldwell Parish,county,LA,2026-07-29T11:39:29,0x862fb93e689889ed:0xb2ea881ea1583fc9
Mr.Make it Happen Automotive,(318) 594-8602,,,"752 Lee Ln, Columbia, LA 71418, United States",752 Lee Ln,Columbia,LA,71418,,,Mechanic,,,https://www.google.com/maps/place/Mr.Make+it+Happen+Automotive/data=!4m7!3m6!1s0x862fa3f3754cd8ad:0x2021d837fa5a15b2!8m2!3d32.022873!4d-91.977883!16s%2Fg%2F11ypxhqhxb!19sChIJrdhMdfOjL4YRshVa-jfYISA?authuser=0&hl=en&rclk=1,auto repair shop,Catahoula Parish,county,LA,2026-07-29T11:59:56,0x862fa3f3754cd8ad:0x2021d837fa5a15b2
Roy's Automotive,(318) 649-6454,,,"6231 US-165, Columbia, LA 71418, United States",6231 US-165,Columbia,LA,71418,4.6,11,Auto repair shop,,,https://www.google.com/maps/place/Roy%27s+Automotive/data=!4m7!3m6!1s0x862fbed70fe58afb:0x6d5ce89377927fb2!8m2!3d32.1212144!4d-92.0670943!16s%2Fg%2F1tqyfwf2!19sChIJ-4rlD9e-L4YRsn-Sd5PoXG0?authuser=0&hl=en&rclk=1,auto repair shop,Caldwell Parish,county,LA,2026-07-29T11:39:29,0x862fbed70fe58afb:0x6d5ce89377927fb2
William’s Quick Lube,(318) 649-6555,https://www.facebook.com/WilliamsQuickLube,,"117 Central St, Columbia, LA 71418, United States",117 Central St,Columbia,LA,71418,4.7,81,Oil change service,,,https://www.google.com/maps/place/William%E2%80%99s+Quick+Lube/data=!4m7!3m6!1s0x862fbed16d87f841:0xdf7424e459d68027!8m2!3d32.05956!4d-92.0990093!16s%2Fg%2F11gg6jbb3t!19sChIJQfiHbdG-L4YRJ4DWWeQkdN8?authuser=0&hl=en&rclk=1,auto repair shop,Caldwell Parish,county,LA,2026-07-29T11:39:29,0x862fbed16d87f841:0xdf7424e459d68027
Clark's Collision Center,(318) 876-2980,,,"1206 LA-107, Cottonport, LA 71327, United States",1206 LA-107,Cottonport,LA,71327,4.9,10,Auto body shop,,,https://www.google.com/maps/place/Clark%27s+Collision+Center/data=!4m7!3m6!1s0x86251bebb744aae9:0x6c2b85c1120e9e03!8m2!3d30.9630801!4d-92.0459234!16s%2Fg%2F1tcyxstq!19sChIJ6apEt-sbJYYRA54OEsGFK2w?authuser=0&hl=en&rclk=1,auto repair shop,Avoyelles Parish,county,LA,2026-07-29T10:27:09,0x86251bebb744aae9:0x6c2b85c1120e9e03
Western Auto,(318) 876-2443,,,"173 Cottonport Ave, Cottonport, LA 71327, United States",173 Cottonport Ave,Cottonport,LA,71327,4.3,6,Tire shop,,,https://www.google.com/maps/place/Western+Auto/data=!4m7!3m6!1s0x86251bee5360f195:0x6c8f172937cdbc1c!8m2!3d30.9858787!4d-92.0537375!16s%2Fg%2F1tdg_nj6!19sChIJlfFgU-4bJYYRHLzNNykXj2w?authuser=0&hl=en&rclk=1,auto repair shop,Avoyelles Parish,county,LA,2026-07-29T10:27:09,0x86251bee5360f195:0x6c8f172937cdbc1c
Bolyer's Automotive,(318) 932-5286,,,"1320 E Carroll St, Coushatta, LA 71019, United States",1320 E Carroll St,Coushatta,LA,71019,4.4,14,Auto repair shop,,,https://www.google.com/maps/place/Bolyer%27s+Automotive/data=!4m7!3m6!1s0x8630ec40574c5ba3:0x98ea6cea684d7994!8m2!3d32.0171224!4d-93.3270648!16s%2Fg%2F1tcwrhts!19sChIJo1tMV0DsMIYRlHlNaOps6pg?authuser=0&hl=en&rclk=1,auto repair shop,Winn Parish,county,LA,2026-07-30T11:37:04,0x8630ec40574c5ba3:0x98ea6cea684d7994
Abita Garage,(985) 898-0264,,,"20393 LA-36, Covington, LA 70433, United States",20393 LA-36,Covington,LA,70433,4.7,96,Auto repair shop,,,https://www.google.com/maps/place/Abita+Garage/data=!4m7!3m6!1s0x86275efe213d5df5:0x7abe8e19de6ad212!8m2!3d30.4825721!4d-90.0627238!16s%2Fg%2F1tct9273!19sChIJ9V09If5eJ4YREtJq3hmOvno?authuser=0&hl=en&rclk=1,auto repair shop,St. Tammany Parish,county,LA,2026-07-30T09:19:04,0x86275efe213d5df5:0x7abe8e19de6ad212
Ace's Muffler & Auto Repair,(985) 892-7666,https://www.facebook.com/AcesAutomotiveGarage/,,"2910 N Hwy 190, Covington, LA 70433, United States",2910 N Hwy 190,Covington,LA,70433,4.4,111,Muffler shop,,,https://www.google.com/maps/place/Ace%27s+Muffler+%26+Auto+Repair/data=!4m7!3m6!1s0x86275c3050e57e53:0x75f051bda3730d4e!8m2!3d30.4725877!4d-90.0859846!16s%2Fg%2F1td6sll7!19sChIJU37lUDBcJ4YRTg1zo71R8HU?authuser=0&hl=en&rclk=1,auto repair shop,St. Tammany Parish,county,LA,2026-07-30T09:19:04,0x86275c3050e57e53:0x75f051bda3730d4e
Automotive Specialty-Covington,(985) 871-9700,,,"1745 N Collins Blvd, Covington, LA 70433, United States",1745 N Collins Blvd,Covington,LA,70433,4.9,39,Auto repair shop,,,https://www.google.com/maps/place/Automotive+Specialty-Covington/data=!4m7!3m6!1s0x86275dba1f51cfff:0xf8f2910e182bdc22!8m2!3d30.494723!4d-90.09831!16s%2Fg%2F1vzqsmkz!19sChIJ_89RH7pdJ4YRItwrGA6R8vg?authuser=0&hl=en&rclk=1,auto repair shop,St. Tammany Parish,county,LA,2026-07-30T09:19:04,0x86275dba1f51cfff:0xf8f2910e182bdc22
Christian Brothers Automotive Covington,(985) 589-6164,https://www.cbac.com/covington/?utm_source=GMB&utm_medium=organic&utm_campaign=covington&utm_content=website-cta,mktgcoaches@cbac.com,"71223 LA-21, Covington, LA 70433, United States",71223 LA-21,Covington,LA,70433,4.8,454,Auto repair shop,,,https://www.google.com/maps/place/Christian+Brothers+Automotive+Covington/data=!4m7!3m6!1s0x86275db3b0ebd1b9:0x9d053cc90cdbbb47!8m2!3d30.4599323!4d-90.1234512!16s%2Fg%2F11t6tylfpt!19sChIJudHrsLNdJ4YRR7vbDMk8BZ0?authuser=0&hl=en&rclk=1,auto repair shop,St. John the Baptist Parish,county,LA,2026-07-30T08:30:09,0x86275db3b0ebd1b9:0x9d053cc90cdbbb47
Covington Automotive,(985) 892-2502,,,"19653 LA-36, Covington, LA 70433, United States",19653 LA-36,Covington,LA,70433,4.8,74,Auto repair shop,,,https://www.google.com/maps/place/Covington+Automotive/data=!4m7!3m6!1s0x86275fadf7e53793:0xe3cb8a3b992e8b7c!8m2!3d30.4819577!4d-90.0758082!16s%2Fg%2F11jgc6cncv!19sChIJkzfl961fJ4YRfIsumTuKy-M?authuser=0&hl=en&rclk=1,auto repair shop,St. Tammany Parish,county,LA,2026-07-30T09:19:04,0x86275fadf7e53793:0xe3cb8a3b992e8b7c
Covington Body Shop,(985) 893-0250,http://covingtonbodyshop.com/,covingtonbody@aol.com,"19634 LA-36, Covington, LA 70433, United States",19634 LA-36,Covington,LA,70433,3.8,68,Auto body shop,,,https://www.google.com/maps/place/Covington+Body+Shop/data=!4m7!3m6!1s0x86275c2ad1e16997:0xbd5b746453e5ee65!8m2!3d30.4812142!4d-90.0763212!16s%2Fg%2F1vk6zlh6!19sChIJl2nh0SpcJ4YRZe7lU2R0W70?authuser=0&hl=en&rclk=1,auto repair shop,St. Tammany Parish,county,LA,2026-07-30T09:19:04,0x86275c2ad1e16997:0xbd5b746453e5ee65
Covington Garage,(985) 893-4333,http://www.covingtongarage.com/,eben@eyebytes.com,"105 W Jessie Jones St, Covington, LA 70433, United States",105 W Jessie Jones St,Covington,LA,70433,4.8,104,Auto repair shop,,,https://www.google.com/maps/place/Covington+Garage/data=!4m7!3m6!1s0x86275db596fae51b:0xc0f28c194c214964!8m2!3d30.4856432!4d-90.0942188!16s%2Fg%2F1tdzx27f!19sChIJG-X6lrVdJ4YRZEkhTBmM8sA?authuser=0&hl=en&rclk=1,auto repair shop,St. Tammany Parish,county,LA,2026-07-30T09:19:04,0x86275db596fae51b:0xc0f28c194c214964
"Euro Tech,LLC",(985) 875-0183,http://eurotechllc.com/,hi@typemade.mx,"67151 Industry Ln, Covington, LA 70433, United States",67151 Industry Ln,Covington,LA,70433,4.9,45,Auto repair shop,,,"https://www.google.com/maps/place/Euro+Tech,LLC/data=!4m7!3m6!1s0x86275bdb4c08eaf3:0xc1eb28890418a621!8m2!3d30.4058202!4d-90.083657!16s%2Fg%2F1v5fs87d!19sChIJ8-oITNtbJ4YRIaYYBIko68E?authuser=0&hl=en&rclk=1",auto repair shop,St. Tammany Parish,county,LA,2026-07-30T09:19:04,0x86275bdb4c08eaf3:0xc1eb28890418a621
Express Oil Change & Tire Engineers,(985) 273-0162,https://www.expressoil.com/stores/covington/la/3032/?utm_source=yext&utm_medium=organic&utm_campaign=gmb&storenum=3032,,"70516 LA-21, Covington, LA 70433, United States",70516 LA-21,Covington,LA,70433,4.8,438,Oil change service,,,https://www.google.com/maps/place/Express+Oil+Change+%26+Tire+Engineers/data=!4m7!3m6!1s0x86275dbc05dde6c3:0x449bc3753071a26a!8m2!3d30.4569233!4d-90.1315353!16s%2Fg%2F11qpm_m24g!19sChIJw-bdBbxdJ4YRaqJxMHXDm0Q?authuser=0&hl=en&rclk=1,auto repair shop,St. Tammany Parish,county,LA,2026-07-30T09:19:04,0x86275dbc05dde6c3:0x449bc3753071a26a
Griffco Automotive Services,(985) 373-8710,,,"79056 LA-40, Covington, LA 70435, United States",79056 LA-40,Covington,LA,70435,4.4,15,Car repair and maintenance service,,,https://www.google.com/maps/place/Griffco+Automotive+Services/data=!4m7!3m6!1s0x8627667e79391bf9:0x1d4fcc4e1589fd4e!8m2!3d30.5793295!4d-90.0749728!16s%2Fg%2F113hq5_38!19sChIJ-Rs5eX5mJ4YRTv2JFU7MTx0?authuser=0&hl=en&rclk=1,auto repair shop,Washington Parish,county,LA,2026-07-30T10:37:12,0x8627667e79391bf9:0x1d4fcc4e1589fd4e
Handy Andy mobile mechanic,(985) 259-5286,http://handyandymobilemechanic.com/,,"19327 Jarrell Rd, Covington, LA 70435, United States",19327 Jarrell Rd,Covington,LA,70435,4.9,17,Mechanic,,,https://www.google.com/maps/place/Handy+Andy+mobile+mechanic/data=!4m7!3m6!1s0x8627677337b82c51:0x7919036050f5892f!8m2!3d30.5901859!4d-90.0859244!16s%2Fg%2F11k4l9mrn6!19sChIJUSy4N3NnJ4YRL4n1UGADGXk?authuser=0&hl=en&rclk=1,auto repair shop,St. Tammany Parish,county,LA,2026-07-30T09:19:04,0x8627677337b82c51:0x7919036050f5892f
Hillside Street Rods,(985) 898-3653,,,"19428 Section Rd, Covington, LA 70435, United States",19428 Section Rd,Covington,LA,70435,5.0,8,Auto body shop,,,https://www.google.com/maps/place/Hillside+Street+Rods/data=!4m7!3m6!1s0x86276401e00ea71b:0x5c9bdab584854ef4!8m2!3d30.6200008!4d-90.0786702!16s%2Fg%2F1tdvdyrp!19sChIJG6cO4AFkJ4YR9E6FhLXam1w?authuser=0&hl=en&rclk=1,auto repair shop,Washington Parish,county,LA,2026-07-30T10:37:12,0x86276401e00ea71b:0x5c9bdab584854ef4
Jefferson Auto Services-North,(985) 809-1890,http://jasnorth.com/,,"1429 N Collins Blvd, Covington, LA 70433, United States",1429 N Collins Blvd,Covington,LA,70433,4.8,663,Auto repair shop,,,https://www.google.com/maps/place/Jefferson+Auto+Services-North/data=!4m7!3m6!1s0x86275db77002740d:0x83798d6f07358223!8m2!3d30.4922579!4d-90.0962314!16s%2Fg%2F1tfbcj70!19sChIJDXQCcLddJ4YRI4I1B2-NeYM?authuser=0&hl=en&rclk=1,auto repair shop,St. Tammany Parish,county,LA,2026-07-30T09:19:04,0x86275db77002740d:0x83798d6f07358223
Lester's Body Shop,(985) 892-2626,http://www.lesterbodyshop.com/,,"1750 N Collins Blvd, Covington, LA 70433, United States",1750 N Collins Blvd,Covington,LA,70433,4.6,105,Auto body shop,,,https://www.google.com/maps/place/Lester%27s+Body+Shop/data=!4m7!3m6!1s0x86275dba3d0b223d:0x808c64addeaa5ed0!8m2!3d30.4949762!4d-90.0986791!16s%2Fg%2F1tmqrqv0!19sChIJPSILPbpdJ4YR0F6q3q1kjIA?authuser=0&hl=en&rclk=1,auto repair shop,St. Tammany Parish,county,LA,2026-07-30T09:19:04,0x86275dba3d0b223d:0x808c64addeaa5ed0
Nexus Luxury Imports,(985) 201-5822,https://www.nexusluxuryimports.com/?utm_source=google&utm_medium=wix_google_business_profile&utm_campaign=10817527633191193684,,"19540 LA-36, Covington, LA 70433, United States",19540 LA-36,Covington,LA,70433,4.9,30,Auto repair shop,,,https://www.google.com/maps/place/Nexus+Luxury+Imports/data=!4m7!3m6!1s0xef069349e9c2cf9:0x5410cb7c2c1d967a!8m2!3d30.4804756!4d-90.0791595!16s%2Fg%2F11shkg4v33!19sChIJ-SycnjRp8A4RepYdLHzLEFQ?authuser=0&hl=en&rclk=1,auto repair shop,St. Tammany Parish,county,LA,2026-07-30T09:19:04,0xef069349e9c2cf9:0x5410cb7c2c1d967a
Northshore Automotive Repair,(985) 893-7725,http://www.nsautoshop.com/,,"1329 US-190, Covington, LA 70433, United States",1329 US-190,Covington,LA,70433,4.4,48,Auto repair shop,,,https://www.google.com/maps/place/Northshore+Automotive+Repair/data=!4m7!3m6!1s0x86275c1aee6191cd:0x35554f1d5e112f57!8m2!3d30.4492324!4d-90.0827388!16s%2Fg%2F1v_w2qnm!19sChIJzZFh7hpcJ4YRVy8RXh1PVTU?authuser=0&hl=en&rclk=1,auto repair shop,St. Tammany Parish,county,LA,2026-07-30T09:19:04,0x86275c1aee6191cd:0x35554f1d5e112f57
Northshore Toyota Service Center,(985) 801-2080,https://www.northshoretoyota.com/service?utm_source=google&utm_medium=organic&utm_campaign=GBP,,"68500 U.s. 190 Service Rd, Covington, LA 70433, United States",68500 U.s. 190 Service Rd,Covington,LA,70433,4.5,2885,Auto repair shop,,,https://www.google.com/maps/place/Northshore+Toyota+Service+Center/data=!4m7!3m6!1s0x86275bfc0946182f:0x61c6558d0298fbee!8m2!3d30.4290059!4d-90.0790804!16s%2Fg%2F11gb3s6bdr!19sChIJLxhGCfxbJ4YR7vuYAo1VxmE?authuser=0&hl=en&rclk=1,auto repair shop,St. Tammany Parish,county,LA,2026-07-30T09:19:04,0x86275bfc0946182f:0x61c6558d0298fbee
Perrilloux's Auto Repair,(985) 892-2502,,,"19653 LA-36, Covington, LA 70433, United States",19653 LA-36,Covington,LA,70433,5.0,5,Transmission shop,,,https://www.google.com/maps/place/Perrilloux%27s+Auto+Repair/data=!4m7!3m6!1s0x86275dd54a98c20d:0xd45f5c53120b9e04!8m2!3d30.48192!4d-90.075822!16s%2Fg%2F11bxjrm0vl!19sChIJDcKYStVdJ4YRBJ4LElNcX9Q?authuser=0&hl=en&rclk=1,auto repair shop,St. Tammany Parish,county,LA,2026-07-30T09:19:04,0x86275dd54a98c20d:0xd45f5c53120b9e04
Phil Meraux Tire Service,(985) 893-4277,http://www.philmerauxtire.com/,,"2000 N Hwy 190, Covington, LA 70433, United States",2000 N Hwy 190,Covington,LA,70433,4.7,243,Tire shop,,,https://www.google.com/maps/place/Phil+Meraux+Tire+Service/data=!4m7!3m6!1s0x86275c236a6f770d:0xf2ddb49014e3083c!8m2!3d30.4632947!4d-90.0827497!16s%2Fg%2F1wz531z7!19sChIJDXdvaiNcJ4YRPAjjFJC03fI?authuser=0&hl=en&rclk=1,auto repair shop,St. Tammany Parish,county,LA,2026-07-30T09:19:04,0x86275c236a6f770d:0xf2ddb49014e3083c
Ricks Auto Repair & Tire Center,(985) 892-6304,,,"18431 McLain Rd, Covington, LA 70435, United States",18431 McLain Rd,Covington,LA,70435,4.1,43,Auto repair shop,,,https://www.google.com/maps/place/Ricks+Auto+Repair+%26+Tire+Center/data=!4m7!3m6!1s0x86276690ea6c5fc3:0x11b1ba2ecc779de!8m2!3d30.6069622!4d-90.0962753!16s%2Fg%2F1tjl68c0!19sChIJw19s6pBmJ4YR3nnH7KIbGwE?authuser=0&hl=en&rclk=1,auto repair shop,St. Tammany Parish,county,LA,2026-07-30T09:19:04,0x86276690ea6c5fc3:0x11b1ba2ecc779de
Riverside Auto Center,(985) 327-7455,http://www.myriversideauto.com/,,"2050 N Hwy 190, Covington, LA 70433, United States",2050 N Hwy 190,Covington,LA,70433,4.9,573,Auto repair shop,,,https://www.google.com/maps/place/Riverside+Auto+Center/data=!4m7!3m6!1s0x86275c235dbd81d7:0x84ecd2832a782e17!8m2!3d30.464056!4d-90.082927!16s%2Fg%2F119wvgk24!19sChIJ14G9XSNcJ4YRFy54KoPS7IQ?authuser=0&hl=en&rclk=1,auto repair shop,St. Tammany Parish,county,LA,2026-07-30T09:19:04,0x86275c235dbd81d7:0x84ecd2832a782e17
Rock's Tire & Auto,(985) 809-3116,http://www.rockstireauto.net/,rockstireauto@gmail.com,"1990 W 21st Ave, Covington, LA 70433, United States",1990 W 21st Ave,Covington,LA,70433,4.8,127,Auto repair shop,,,https://www.google.com/maps/place/Rock%27s+Tire+%26+Auto/data=!4m7!3m6!1s0x86275d03ba448f63:0xa89d13528212d3e3!8m2!3d30.485506!4d-90.11831!16s%2Fg%2F1vq9mnb1!19sChIJY49EugNdJ4YR49MSglITnag?authuser=0&hl=en&rclk=1,auto repair shop,St. Tammany Parish,county,LA,2026-07-30T09:19:04,0x86275d03ba448f63:0xa89d13528212d3e3
Scotty Muffler Center,(985) 892-5055,https://scottymufflercenter.localsearch.com/,,"1015 N Columbia St, Covington, LA 70433, United States",1015 N Columbia St,Covington,LA,70433,4.9,49,Auto repair shop,,,https://www.google.com/maps/place/Scotty+Muffler+Center/data=!4m7!3m6!1s0x86275d860c9b1079:0x24a882101bb6d27a!8m2!3d30.4847107!4d-90.0971117!16s%2Fg%2F11pkb3phq7!19sChIJeRCbDIZdJ4YRetK2GxCCqCQ?authuser=0&hl=en&rclk=1,auto repair shop,St. Tammany Parish,county,LA,2026-07-30T09:19:04,0x86275d860c9b1079:0x24a882101bb6d27a
Tire Choice Auto Service Centers,(985) 893-5510,https://locations.thetirechoice.com/la/covington/1530-n-hwy-190?&utm_source=google&utm_medium=organic&utm_campaign=gbp-listing-store_1655,,"1530 N Hwy 190, Covington, LA 70433, United States",1530 N Hwy 190,Covington,LA,70433,4.5,357,Tire shop,,,https://www.google.com/maps/place/Tire+Choice+Auto+Service+Centers/data=!4m7!3m6!1s0x86275c1a2c971afd:0x51776637d94d51c4!8m2!3d30.4526816!4d-90.0815598!16s%2Fg%2F1vxdyn12!19sChIJ_RqXLBpcJ4YRxFFN2Tdmd1E?authuser=0&hl=en&rclk=1,auto repair shop,St. Tammany Parish,county,LA,2026-07-30T09:19:04,0x86275c1a2c971afd:0x51776637d94d51c4
Tyler’s Mobile Mechanic Service,(985) 718-8783,,,"720 N Tyler St, Covington, LA 70433, United States",720 N Tyler St,Covington,LA,70433,5.0,4,Auto repair shop,,,https://www.google.com/maps/place/Tyler%E2%80%99s+Mobile+Mechanic+Service/data=!4m7!3m6!1s0x86275dc7c4c2cfa5:0x74204f6461899e6c!8m2!3d30.4841941!4d-90.1019222!16s%2Fg%2F11xtt3c0hg!19sChIJpc_CxMddJ4YRbJ6JYWRPIHQ?authuser=0&hl=en&rclk=1,auto repair shop,St. Tammany Parish,county,LA,2026-07-30T09:19:04,0x86275dc7c4c2cfa5:0x74204f6461899e6c
Bobby's Garage,(337) 398-1264,,,"2366 Lovell St, Crowley, LA 70526, United States",2366 Lovell St,Crowley,LA,70526,5.0,4,Auto repair shop,,,https://www.google.com/maps/place/Bobby%27s+Garage/data=!4m7!3m6!1s0x8624a91d28574adb:0x2b54398b1d85782!8m2!3d30.1971494!4d-92.335828!16s%2Fg%2F11qn6245y3!19sChIJ20pXKB2pJIYRglfYsZhDtQI?authuser=0&hl=en&rclk=1,auto repair shop,Acadia Parish,county,LA,2026-07-29T09:43:23,0x8624a91d28574adb:0x2b54398b1d85782
Crowley Automotive Mechanic,(337) 783-0087,,,"619 S Eastern Ave, Crowley, LA 70526, United States",619 S Eastern Ave,Crowley,LA,70526,4.8,34,Auto repair shop,,,https://www.google.com/maps/place/Crowley+Automotive+Mechanic/data=!4m7!3m6!1s0x8624a96a97994b7d:0x465072be6b0a3ea7!8m2!3d30.2055524!4d-92.3627422!16s%2Fg%2F1vwlphgx!19sChIJfUuZl2qpJIYRpz4Ka75yUEY?authuser=0&hl=en&rclk=1,auto repair shop,Acadia Parish,county,LA,2026-07-29T09:43:23,0x8624a96a97994b7d:0x465072be6b0a3ea7
Crowley R&S Tire & oil change,(337) 717-6631,https://www.randstire.com/,,"821 N Parkerson Ave, Crowley, LA 70526, United States",821 N Parkerson Ave,Crowley,LA,70526,5.0,328,Tire shop,,,https://www.google.com/maps/place/Crowley+R%26S+Tire+%26+oil+change/data=!4m7!3m6!1s0x8624a9eb3afc0b39:0x1c86fbeae0c211ba!8m2!3d30.2176012!4d-92.3758667!16s%2Fg%2F11t2z79k0j!19sChIJOQv8OuupJIYRuhHC4Or7hhw?authuser=0&hl=en&rclk=1,auto repair shop,Acadia Parish,county,LA,2026-07-29T09:43:23,0x8624a9eb3afc0b39:0x1c86fbeae0c211ba
Dartez Repair Shop,(337) 783-3443,,,"125 E 4th St, Crowley, LA 70526, United States",125 E 4th St,Crowley,LA,70526,5.0,1,Auto repair shop,,,https://www.google.com/maps/place/Dartez+Repair+Shop/data=!4m7!3m6!1s0x8624a95b42cf1445:0xeff75695203ba32f!8m2!3d30.2130541!4d-92.371967!16s%2Fg%2F1tz76b9_!19sChIJRRTPQlupJIYRL6M7IJVW9-8?authuser=0&hl=en&rclk=1,auto repair shop,Acadia Parish,county,LA,2026-07-29T09:43:23,0x8624a95b42cf1445:0xeff75695203ba32f
Doucet's Gas & Diesel Repair Shop,(337) 514-3907,,,"225 S Eastern Ave, Crowley, LA 70526, United States",225 S Eastern Ave,Crowley,LA,70526,4.1,23,Diesel engine repair service,,,https://www.google.com/maps/place/Doucet%27s+Gas+%26+Diesel+Repair+Shop/data=!4m7!3m6!1s0x8624a94fdda9ddaf:0x8afee5014df7029d!8m2!3d30.2097249!4d-92.3628346!16s%2Fg%2F11kpkkyw83!19sChIJr92p3U-pJIYRnQL3TQHl_oo?authuser=0&hl=en&rclk=1,auto repair shop,Acadia Parish,county,LA,2026-07-29T09:43:23,0x8624a94fdda9ddaf:0x8afee5014df7029d
Guidry's Tire & Roadside Service LLC,(337) 458-2094,https://www.facebook.com/Guidrys-Tire-Roadside-Service-LLC-983099751731767/,,"1029 S Parkerson Ave, Crowley, LA 70526, United States",1029 S Parkerson Ave,Crowley,LA,70526,4.3,33,Tire shop,,,https://www.google.com/maps/place/Guidry%27s+Tire+%26+Roadside+Service+LLC/data=!4m7!3m6!1s0x898c8eb671225d4f:0x9bf9337b001e573b!8m2!3d30.2023881!4d-92.36989!16s%2Fg%2F11rgh4bmbs!19sChIJT10icbaOjIkRO1ceAHsz-Zs?authuser=0&hl=en&rclk=1,auto repair shop,Acadia Parish,county,LA,2026-07-29T09:43:23,0x898c8eb671225d4f:0x9bf9337b001e573b
JPS Diesel & Automotive Services,(337) 783-3976,,,"1622 W 2nd St, Crowley, LA 70526, United States",1622 W 2nd St,Crowley,LA,70526,4.2,10,Auto repair shop,,,https://www.google.com/maps/place/JPS+Diesel+%26+Automotive+Services/data=!4m7!3m6!1s0x8624abdc421ed551:0x3cc55a549a1803b5!8m2!3d30.2024903!4d-92.388834!16s%2Fg%2F1tcxk3n_!19sChIJUdUeQtyrJIYRtQMYmlRaxTw?authuser=0&hl=en&rclk=1,auto repair shop,Acadia Parish,county,LA,2026-07-29T09:43:23,0x8624abdc421ed551:0x3cc55a549a1803b5
Joe's Automotive Car Care Center,(337) 427-2609,,,"1001 W 2nd St, Crowley, LA 70526, United States",1001 W 2nd St,Crowley,LA,70526,4.3,42,Auto repair shop,,,https://www.google.com/maps/place/Joe%27s+Automotive+Car+Care+Center/data=!4m7!3m6!1s0x8624abdfff889c81:0x76e46275ba674b14!8m2!3d30.2064389!4d-92.3813508!16s%2Fg%2F1vfwd6jk!19sChIJgZyI_9-rJIYRFEtnunVi5HY?authuser=0&hl=en&rclk=1,auto repair shop,Acadia Parish,county,LA,2026-07-29T09:43:23,0x8624abdfff889c81:0x76e46275ba674b14
M & K Auto Repair,(337) 384-0801,,,"519 W 2nd St, Crowley, LA 70526, United States",519 W 2nd St,Crowley,LA,70526,3.2,13,Auto repair shop,,,https://www.google.com/maps/place/M+%26+K+Auto+Repair/data=!4m7!3m6!1s0x8624a95db44e5bbb:0xabe82fdde6c624bb!8m2!3d30.2087966!4d-92.3762197!16s%2Fg%2F113fys883!19sChIJu1tOtF2pJIYRuyTG5t0v6Ks?authuser=0&hl=en&rclk=1,auto repair shop,Acadia Parish,county,LA,2026-07-29T09:43:23,0x8624a95db44e5bbb:0xabe82fdde6c624bb
Mack's Muffler & Tire Center,(337) 783-9891,,,"1160 LA-13, Crowley, LA 70526, United States",1160 LA-13,Crowley,LA,70526,4.3,21,Tire shop,,,https://www.google.com/maps/place/Mack%27s+Muffler+%26+Tire+Center/data=!4m7!3m6!1s0x8624a96b67677613:0xfcba463c3df5e417!8m2!3d30.2014481!4d-92.3627336!16s%2Fg%2F1vvyyftj!19sChIJE3ZnZ2upJIYRF-T1PTxGuvw?authuser=0&hl=en&rclk=1,auto repair shop,Acadia Parish,county,LA,2026-07-29T09:43:23,0x8624a96b67677613:0xfcba463c3df5e417
P & J Auto & Heavy Truck Repair,(337) 783-3344,,,"203 E 1st St, Crowley, LA 70526, United States",203 E 1st St,Crowley,LA,70526,3.9,8,Truck repair shop,,,https://www.google.com/maps/place/P+%26+J+Auto+%26+Heavy+Truck+Repair/data=!4m7!3m6!1s0x8624aeccc3f73bf1:0x9c8168de756c7c78!8m2!3d30.2107988!4d-92.3695237!16s%2Fg%2F11dxl6t2jc!19sChIJ8Tv3w8yuJIYReHxsdd5ogZw?authuser=0&hl=en&rclk=1,auto repair shop,Acadia Parish,county,LA,2026-07-29T09:43:23,0x8624aeccc3f73bf1:0x9c8168de756c7c78
Shetler-Corley Body Shop and Collision Repair Center,(337) 783-6537,https://www.shetlercorleychevy.com/shetler-corley-collision-repair-center.htm,,"19400 Crowley Eunice Hwy, Crowley, LA 70526, United States",19400 Crowley Eunice Hwy,Crowley,LA,70526,5.0,2,Auto body shop,,,https://www.google.com/maps/place/Shetler-Corley+Body+Shop+and+Collision+Repair+Center/data=!4m7!3m6!1s0x8624ad3d461e9b61:0x9c789b0316dce788!8m2!3d30.2424973!4d-92.3887347!16s%2Fg%2F11y9znlr7b!19sChIJYZseRj2tJIYRiOfcFgObeJw?authuser=0&hl=en&rclk=1,auto repair shop,Acadia Parish,county,LA,2026-07-29T09:43:23,0x8624ad3d461e9b61:0x9c789b0316dce788
Shetler-Corley Chevrolet Service and Auto Repair Center,(337) 783-6537,https://www.shetlercorleychevy.com/service.htm,,"19400 Crowley Eunice Hwy, Crowley, LA 70526, United States",19400 Crowley Eunice Hwy,Crowley,LA,70526,4.7,27,Auto repair shop,,,https://www.google.com/maps/place/Shetler-Corley+Chevrolet+Service+and+Auto+Repair+Center/data=!4m7!3m6!1s0x8624ac1adffbe57d:0x707545b8e0e6d54b!8m2!3d30.2425311!4d-92.3887289!16s%2Fg%2F11b6pjw_p6!19sChIJfeX73xqsJIYRS9Xm4LhFdXA?authuser=0&hl=en&rclk=1,auto repair shop,Acadia Parish,county,LA,2026-07-29T09:43:23,0x8624ac1adffbe57d:0x707545b8e0e6d54b
Suire's Alignment Services,(337) 783-6640,,,"217 N Ave F, Crowley, LA 70526, United States",217 N Ave F,Crowley,LA,70526,4.8,72,Wheel alignment service,,,https://www.google.com/maps/place/Suire%27s+Alignment+Services/data=!4m7!3m6!1s0x8624a95e4c84cd59:0x5b0cf81164eb453a!8m2!3d30.2107209!4d-92.3732761!16s%2Fg%2F1tx47dn8!19sChIJWc2ETF6pJIYROkXrZBH4DFs?authuser=0&hl=en&rclk=1,auto repair shop,Acadia Parish,county,LA,2026-07-29T09:43:23,0x8624a95e4c84cd59:0x5b0cf81164eb453a
TL’S Mobile Mechanic LLC,(337) 398-4454,,,"404 Horn Dr, Crowley, LA 70526, United States",404 Horn Dr,Crowley,LA,70526,5.0,2,Mechanic,,,https://www.google.com/maps/place/TL%E2%80%99S+Mobile+Mechanic+LLC/data=!4m7!3m6!1s0x8624a9c90448ece1:0x94130fdb81e57c23!8m2!3d30.1911001!4d-92.3345054!16s%2Fg%2F11n9vtq72m!19sChIJ4exIBMmpJIYRI3zlgdsPE5Q?authuser=0&hl=en&rclk=1,auto repair shop,Acadia Parish,county,LA,2026-07-29T09:43:23,0x8624a9c90448ece1:0x94130fdb81e57c23
Unique Paint & Body,(337) 785-2288,,,"325 S Eastern Ave, Crowley, LA 70526, United States",325 S Eastern Ave,Crowley,LA,70526,4.8,26,Auto body shop,,,https://www.google.com/maps/place/Unique+Paint+%26+Body/data=!4m7!3m6!1s0x8624a964e5b0399d:0x5d799e3c24d98100!8m2!3d30.2091183!4d-92.3627382!16s%2Fg%2F11mqm0zp04!19sChIJnTmw5WSpJIYRAIHZJDyeeV0?authuser=0&hl=en&rclk=1,auto repair shop,Acadia Parish,county,LA,2026-07-29T09:43:23,0x8624a964e5b0399d:0x5d799e3c24d98100
Actionzone General Rental of DeRidder,(337) 221-3008,http://www.actionzonerental.com/,actionzonerental@gmail.com,"5347 US-171, DeRidder, LA 70634, United States",5347 US-171,DeRidder,LA,70634,4.8,121,Tool rental service,,,https://www.google.com/maps/place/Actionzone+General+Rental+of+DeRidder/data=!4m7!3m6!1s0x863bad0df326f667:0x3661ff23b604db4f!8m2!3d30.7599315!4d-93.2378031!16s%2Fg%2F11b7clz9ln!19sChIJZ_Ym8w2tO4YRT9sEtiP_YTY?authuser=0&hl=en&rclk=1,auto repair shop,Beauregard Parish,county,LA,2026-07-29T10:38:56,0x863bad0df326f667:0x3661ff23b604db4f
Atv Accessories & Repair,(337) 463-2295,,,"188 LA-26, DeRidder, LA 70634, United States",188 LA-26,DeRidder,LA,70634,4.8,5,Auto repair shop,,,https://www.google.com/maps/place/Atv+Accessories+%26+Repair/data=!4m7!3m6!1s0x863bad6d1b3297d1:0xb3e2225f995e5f88!8m2!3d30.8235539!4d-93.2405634!16s%2Fg%2F11gr4p_b6h!19sChIJ0ZcyG22tO4YRiF9emV8i4rM?authuser=0&hl=en&rclk=1,auto repair shop,Beauregard Parish,county,LA,2026-07-29T10:38:56,0x863bad6d1b3297d1:0xb3e2225f995e5f88
Aubrey's Automotive LLC,(337) 463-9988,,,"19493 Lake Charles Hwy, DeRidder, LA 70634, United States",19493 Lake Charles Hwy,DeRidder,LA,70634,4.6,63,Car repair and maintenance service,,,https://www.google.com/maps/place/Aubrey%27s+Automotive+LLC/data=!4m7!3m6!1s0x863a4d27b4df78bf:0xd9e54e90218b7c27!8m2!3d30.8954585!4d-93.2863461!16s%2Fg%2F11g3hwxrjq!19sChIJv3jftCdNOoYRJ3yLIZBO5dk?authuser=0&hl=en&rclk=1,auto repair shop,Beauregard Parish,county,LA,2026-07-29T10:38:56,0x863a4d27b4df78bf:0xd9e54e90218b7c27
Auto Collision Center,(337) 462-5572,https://www.autocollisioncenteronline.com/,,"1430 N Pine St, DeRidder, LA 70634, United States",1430 N Pine St,DeRidder,LA,70634,5.0,21,Auto body shop,,,https://www.google.com/maps/place/Auto+Collision+Center/data=!4m7!3m6!1s0x863a4d3c74e76be1:0xfc3570d7248a498d!8m2!3d30.8722496!4d-93.2842813!16s%2Fg%2F1v2gf3x3!19sChIJ4WvndDxNOoYRjUmKJNdwNfw?authuser=0&hl=en&rclk=1,auto repair shop,Beauregard Parish,county,LA,2026-07-29T10:38:56,0x863a4d3c74e76be1:0xfc3570d7248a498d
Bear's Tire,(337) 460-7888,,,"607 S Mennonite Rd, DeRidder, LA 70634, United States",607 S Mennonite Rd,DeRidder,LA,70634,4.0,4,Tire shop,,,https://www.google.com/maps/place/Bear%27s+Tire/data=!4m7!3m6!1s0x863bb1dd18099663:0xa1f1a62f5fd632ca!8m2!3d30.7367257!4d-93.2791085!16s%2Fg%2F11fll6nvcd!19sChIJY5YJGN2xO4YRyjLWXy-m8aE?authuser=0&hl=en&rclk=1,auto repair shop,Beauregard Parish,county,LA,2026-07-29T10:38:56,0x863bb1dd18099663:0xa1f1a62f5fd632ca
Beauregard Transmission Service,(337) 462-0342,http://beauregardtransmissions.com/,,"1724 N Pine St, DeRidder, LA 70634, United States",1724 N Pine St,DeRidder,LA,70634,4.4,39,Transmission shop,,,https://www.google.com/maps/place/Beauregard+Transmission+Service/data=!4m7!3m6!1s0x863a4d3d8c8a8f63:0x11fbd27db83dfb5b!8m2!3d30.8777612!4d-93.2846237!16s%2Fg%2F1tjz3rfn!19sChIJY4-KjD1NOoYRW_s9uH3S-xE?authuser=0&hl=en&rclk=1,auto repair shop,Beauregard Parish,county,LA,2026-07-29T10:38:56,0x863a4d3d8c8a8f63:0x11fbd27db83dfb5b
Benoit Ford Service Department,(337) 462-5497,https://www.benoitford.net/service.aspx?utm_source=google&utm_medium=organic&utm_campaign=gmb-service,,"Service Department, 18982 Johnnie B Hall Memorial Hwy, DeRidder, LA 70634, United States","Service Department, 18982 Johnnie B Hall Memorial Hwy",DeRidder,LA,70634,4.7,108,Auto repair shop,,,https://www.google.com/maps/place/Benoit+Ford+Service+Department/data=!4m7!3m6!1s0x863a4da57438a4cd:0x5d4be956c8d73b83!8m2!3d30.9089184!4d-93.2874448!16s%2Fg%2F11gbf86df8!19sChIJzaQ4dKVNOoYRgzvXyFbpS10?authuser=0&hl=en&rclk=1,auto repair shop,Beauregard Parish,county,LA,2026-07-29T10:38:56,0x863a4da57438a4cd:0x5d4be956c8d73b83
Benoit Motors Business Office,(337) 462-5497,https://www.buybenoit.com/,,"18946 Johnny B. Hall Memorial Hwy, DeRidder, LA 70634, United States",18946 Johnny B. Hall Memorial Hwy,DeRidder,LA,70634,4.6,693,Business center,,,https://www.google.com/maps/place/Benoit+Motors+Business+Office/data=!4m7!3m6!1s0x863a4dbc17497bed:0x2cd1626f6fbaeb0c!8m2!3d30.9095534!4d-93.2862458!16s%2Fg%2F1vfp3_t6!19sChIJ7XtJF7xNOoYRDOu6b29i0Sw?authuser=0&hl=en&rclk=1,auto repair shop,Beauregard Parish,county,LA,2026-07-29T10:38:56,0x863a4dbc17497bed:0x2cd1626f6fbaeb0c
Benoit Nissan Service,(337) 463-2290,https://www.benoitnissan.com/service/?utm_source=google&utm_medium=organic&utm_campaign=scgmbmenu,,"Johnny B, 18944 Johnnie B Hall Memorial Hwy, DeRidder, LA 70634, United States","Johnny B, 18944 Johnnie B Hall Memorial Hwy",DeRidder,LA,70634,4.7,194,Auto repair shop,,,https://www.google.com/maps/place/Benoit+Nissan+Service/data=!4m7!3m6!1s0x863a4da51fe82243:0x79059e6f1170bccb!8m2!3d30.9101168!4d-93.2861082!16s%2Fg%2F11f03w41hn!19sChIJQyLoH6VNOoYRy7xwEW-eBXk?authuser=0&hl=en&rclk=1,auto repair shop,Beauregard Parish,county,LA,2026-07-29T10:38:56,0x863a4da51fe82243:0x79059e6f1170bccb
Big Boyz Toyz,(337) 463-2295,,,"188 LA-26, DeRidder, LA 70634, United States",188 LA-26,DeRidder,LA,70634,4.2,17,ATV repair shop,,,https://www.google.com/maps/place/Big+Boyz+Toyz/data=!4m7!3m6!1s0x863bad0df320b12b:0x2694cb269b469616!8m2!3d30.8233904!4d-93.2401487!16s%2Fg%2F1th0yqym!19sChIJK7Eg8w2tO4YRFpZGmybLlCY?authuser=0&hl=en&rclk=1,auto repair shop,Beauregard Parish,county,LA,2026-07-29T10:38:56,0x863bad0df320b12b:0x2694cb269b469616
Bob's Automotive & Muffler,(337) 462-1357,,,"401 E 1st St, DeRidder, LA 70634, United States",401 E 1st St,DeRidder,LA,70634,4.2,46,Auto repair shop,,,https://www.google.com/maps/place/Bob%27s+Automotive+%26+Muffler/data=!4m7!3m6!1s0x863bb2c9d8f226af:0x3d588eaf17115121!8m2!3d30.8470709!4d-93.2783564!16s%2Fg%2F1tjjprfb!19sChIJryby2MmyO4YRIVERF6-OWD0?authuser=0&hl=en&rclk=1,auto repair shop,Allen Parish,county,LA,2026-07-29T09:58:43,0x863bb2c9d8f226af:0x3d588eaf17115121
C&L Tire,(337) 462-8991,https://www.candltire.com/,chuck6400@candltire.com,"402 E 1st St, DeRidder, LA 70634, United States",402 E 1st St,DeRidder,LA,70634,4.8,124,Tire shop,,,https://www.google.com/maps/place/C%26L+Tire/data=!4m7!3m6!1s0x863bb2c9d80afaa9:0x34bbee545ea9f5fa!8m2!3d30.8465872!4d-93.2779588!16s%2Fg%2F1tdgkmv1!19sChIJqfoK2MmyO4YR-vWpXlTuuzQ?authuser=0&hl=en&rclk=1,auto repair shop,Beauregard Parish,county,LA,2026-07-29T10:38:56,0x863bb2c9d80afaa9:0x34bbee545ea9f5fa
Darbonne's Tire Shop,(337) 328-2221,,,"125 Reva Ln, DeRidder, LA 70634, United States",125 Reva Ln,DeRidder,LA,70634,4.7,22,Tire shop,,,https://www.google.com/maps/place/Darbonne%27s+Tire+Shop/data=!4m7!3m6!1s0x863b07c92a801a41:0xae7ab66cf2376ea8!8m2!3d30.766901!4d-93.0207366!16s%2Fg%2F11fkypx82t!19sChIJQRqAKskHO4YRqG438my2eq4?authuser=0&hl=en&rclk=1,auto repair shop,Beauregard Parish,county,LA,2026-07-29T10:38:56,0x863b07c92a801a41:0xae7ab66cf2376ea8
Duplechain's Paint & Body Shop,(337) 463-8880,,,"192 LA-3226, DeRidder, LA 70634, United States",192 LA-3226,DeRidder,LA,70634,4.5,50,Auto body shop,,,https://www.google.com/maps/place/Duplechain%27s+Paint+%26+Body+Shop/data=!4m7!3m6!1s0x863a4c8bf31eb80b:0x2aadd33e67a4da65!8m2!3d30.9017458!4d-93.2910003!16s%2Fg%2F1vd3w50_!19sChIJC7ge84tMOoYRZdqkZz7TrSo?authuser=0&hl=en&rclk=1,auto repair shop,Beauregard Parish,county,LA,2026-07-29T10:38:56,0x863a4c8bf31eb80b:0x2aadd33e67a4da65
Good Year,(337) 463-3573,https://www.goodyear.com/en-US/tires/tire-shop/all?return=services&addr=DeRidder%2C+LA+70634%2C+USA&zip=70634&lat=30.8463055&lng=-93.28905270000001,,"610 Mahlon St, DeRidder, LA 70634, United States",610 Mahlon St,DeRidder,LA,70634,4.3,3,Tire shop,,,https://www.google.com/maps/place/Good+Year/data=!4m7!3m6!1s0x863bb2b6b7789a9f:0xb799689c9e6d2446!8m2!3d30.8477425!4d-93.2741199!16s%2Fg%2F11ddwwxhky!19sChIJn5p4t7ayO4YRRiRtnpxombc?authuser=0&hl=en&rclk=1,auto repair shop,Beauregard Parish,county,LA,2026-07-29T10:38:56,0x863bb2b6b7789a9f:0xb799689c9e6d2446
Green's Automotive,(337) 463-9001,,,"19502 Lake Charles Hwy, DeRidder, LA 70634, United States",19502 Lake Charles Hwy,DeRidder,LA,70634,4.4,9,Used car dealer,,,https://www.google.com/maps/place/Green%27s+Automotive/data=!4m7!3m6!1s0x863a4d08b84ea5bf:0xdbaf6c7f843b8793!8m2!3d30.895353!4d-93.287894!16s%2Fg%2F11c1q8m400!19sChIJv6VOuAhNOoYRk4c7hH9sr9s?authuser=0&hl=en&rclk=1,auto repair shop,Beauregard Parish,county,LA,2026-07-29T10:38:56,0x863a4d08b84ea5bf:0xdbaf6c7f843b8793
Herman's Auto Repair,(337) 463-2420,,,"1428 N Pine St, DeRidder, LA 70634, United States",1428 N Pine St,DeRidder,LA,70634,4.3,36,Auto repair shop,,,https://www.google.com/maps/place/Herman%27s+Auto+Repair/data=!4m7!3m6!1s0x863a4d3c74e06e93:0xefc363c0ec1ef46e!8m2!3d30.8723314!4d-93.2843772!16s%2Fg%2F1td5rnfl!19sChIJk27gdDxNOoYRbvQe7MBjw-8?authuser=0&hl=en&rclk=1,auto repair shop,Beauregard Parish,county,LA,2026-07-29T10:38:56,0x863a4d3c74e06e93:0xefc363c0ec1ef46e
Hester's Paint & Body Shop,(337) 463-3541,,,"1128 Blankenship Dr, DeRidder, LA 70634, United States",1128 Blankenship Dr,DeRidder,LA,70634,4.7,92,Auto body shop,,,https://www.google.com/maps/place/Hester%27s+Paint+%26+Body+Shop/data=!4m7!3m6!1s0x863bb3282b72c8ff:0x4cf5db72dc53793b!8m2!3d30.8451685!4d-93.2997116!16s%2Fg%2F1tf080r6!19sChIJ_8hyKyizO4YRO3lT3HLb9Uw?authuser=0&hl=en&rclk=1,auto repair shop,Beauregard Parish,county,LA,2026-07-29T10:38:56,0x863bb3282b72c8ff:0x4cf5db72dc53793b
Hixson Toyota Service Center,(337) 239-3434,https://www.hixsontoyota.com/?utm_source=google&utm_medium=organic&utm_campaign=gmb_service,,"2517 US-171, DeRidder, LA 70634, United States",2517 US-171,DeRidder,LA,70634,1.0,1,Auto repair shop,,,https://www.google.com/maps/place/Hixson+Toyota+Service+Center/data=!4m7!3m6!1s0x863a456b14f58973:0xe7a3fd48b0adba9b!8m2!3d30.8348489!4d-93.2496423!16s%2Fg%2F11j0wl_br6!19sChIJc4n1FGtFOoYRm7qtsEj9o-c?authuser=0&hl=en&rclk=1,auto repair shop,Beauregard Parish,county,LA,2026-07-29T10:38:56,0x863a456b14f58973:0xe7a3fd48b0adba9b
Honest John's Used Cars,(337) 317-4821,http://honestjohnsusedcars.net/,,"1336 N Pine St, DeRidder, LA 70634, United States",1336 N Pine St,DeRidder,LA,70634,4.7,56,Used car dealer,,,https://www.google.com/maps/place/Honest+John%27s+Used+Cars/data=!4m7!3m6!1s0x863a4d3beaa884a1:0xcbb3a13d71d4f3d7!8m2!3d30.8703526!4d-93.2844462!16s%2Fg%2F11dfj8kbq3!19sChIJoYSo6jtNOoYR1_PUcT2hs8s?authuser=0&hl=en&rclk=1,auto repair shop,Beauregard Parish,county,LA,2026-07-29T10:38:56,0x863a4d3beaa884a1:0xcbb3a13d71d4f3d7
Hudson’s Glass,(337) 462-2594,http://hudson-s-glass.jany.io/,,"1337 N Pine St, DeRidder, LA 70634, United States",1337 N Pine St,DeRidder,LA,70634,4.4,73,Auto glass shop,,,https://www.google.com/maps/place/Hudson%E2%80%99s+Glass/data=!4m7!3m6!1s0x863a4d3bb79021bf:0xc7510a77e8db3e23!8m2!3d30.8705744!4d-93.2855238!16s%2Fg%2F1tfp_6cj!19sChIJvyGQtztNOoYRIz7b6HcKUcc?authuser=0&hl=en&rclk=1,auto repair shop,Beauregard Parish,county,LA,2026-07-29T10:38:56,0x863a4d3bb79021bf:0xc7510a77e8db3e23
Intoxalock Ignition Interlock,(337) 205-0245,https://www.intoxalock.com/locations/la/deridder/2777-highway-171-1199?utm_medium=yext&utm_source=GMB&y_source=1_MTUzNzc0NjItNzE1LWxvY2F0aW9uLndlYnNpdGU%3D,,"2777 US-171, DeRidder, LA 70634, United States",2777 US-171,DeRidder,LA,70634,4.5,2,Safety equipment supplier,,,https://www.google.com/maps/place/Intoxalock+Ignition+Interlock/data=!4m7!3m6!1s0x863bad4d29012e7f:0xa3f2075dfe9299f9!8m2!3d30.8290518!4d-93.2455655!16s%2Fg%2F11j6jyb85z!19sChIJfy4BKU2tO4YR-ZmS_l0H8qM?authuser=0&hl=en&rclk=1,auto repair shop,Beauregard Parish,county,LA,2026-07-29T10:38:56,0x863bad4d29012e7f:0xa3f2075dfe9299f9
James Truck Center,(337) 462-8884,,,"221 Taylor Rd, DeRidder, LA 70634, United States",221 Taylor Rd,DeRidder,LA,70634,4.2,121,Truck stop,,,https://www.google.com/maps/place/James+Truck+Center/data=!4m7!3m6!1s0x863ba9c1e80cdc17:0xa1074cf7a3ed7753!8m2!3d30.8611513!4d-93.3568949!16s%2Fg%2F1tjdm3c_!19sChIJF9wM6MGpO4YRU3fto_dMB6E?authuser=0&hl=en&rclk=1,auto repair shop,Beauregard Parish,county,LA,2026-07-29T10:38:56,0x863ba9c1e80cdc17:0xa1074cf7a3ed7753
JoJo's Tire Shop,(337) 292-6623,,,"304 E 1st St, DeRidder, LA 70634, United States",304 E 1st St,DeRidder,LA,70634,4.8,21,Tire shop,,,https://www.google.com/maps/place/JoJo%27s+Tire+Shop/data=!4m7!3m6!1s0x863bb38e90e72e1b:0x481cdbb6474a2cef!8m2!3d30.8463741!4d-93.2812928!16s%2Fg%2F11rc2glvq_!19sChIJGy7nkI6zO4YR7yxKR7bbHEg?authuser=0&hl=en&rclk=1,auto repair shop,Beauregard Parish,county,LA,2026-07-29T10:38:56,0x863bb38e90e72e1b:0x481cdbb6474a2cef
"Johnson Auto Detailing - Car Wash, Detailing, Car Waxing, Auto Detailing, Mobile Detailing",(337) 802-0889,,,"340 E 1st St, DeRidder, LA 70634, United States",340 E 1st St,DeRidder,LA,70634,4.7,11,Car detailing service,,,"https://www.google.com/maps/place/Johnson+Auto+Detailing+-+Car+Wash,+Detailing,+Car+Waxing,+Auto+Detailing,+Mobile+Detailing/data=!4m7!3m6!1s0x863bb339582c2cc1:0xd00f0cdade531d67!8m2!3d30.8464824!4d-93.2787773!16s%2Fg%2F11ghf7y_rq!19sChIJwSwsWDmzO4YRZx1T3toMD9A?authuser=0&hl=en&rclk=1",auto repair shop,Beauregard Parish,county,LA,2026-07-29T10:38:56,0x863bb339582c2cc1:0xd00f0cdade531d67
"Koehn Repair Shop, LLC",(337) 463-7370,,,"2559 US-190, DeRidder, LA 70634, United States",2559 US-190,DeRidder,LA,70634,4.4,116,Lawn mower repair service,,,"https://www.google.com/maps/place/Koehn+Repair+Shop,+LLC/data=!4m7!3m6!1s0x863bb2a947f26691:0x93db8d74f8f60c20!8m2!3d30.8449745!4d-93.3282474!16s%2Fg%2F1tkkv7h6!19sChIJkWbyR6myO4YRIAz2-HSN25M?authuser=0&hl=en&rclk=1",auto repair shop,Beauregard Parish,county,LA,2026-07-29T10:38:56,0x863bb2a947f26691:0x93db8d74f8f60c20
La-Tex International,(337) 463-9612,,,"2635 US-190, DeRidder, LA 70634, United States",2635 US-190,DeRidder,LA,70634,5.0,1,Battery store,,,https://www.google.com/maps/place/La-Tex+International/data=!4m7!3m6!1s0x863bb3cdf03d4d55:0x391c36310d6405db!8m2!3d30.844156!4d-93.3306582!16s%2Fg%2F11t5zplzvv!19sChIJVU098M2zO4YR2wVkDTE2HDk?authuser=0&hl=en&rclk=1,auto repair shop,Beauregard Parish,county,LA,2026-07-29T10:38:56,0x863bb3cdf03d4d55:0x391c36310d6405db
Larry's Lube & Tire LLC,(337) 463-7870,,,"300-398 Ronald Reagan Hwy, DeRidder, LA 70634, United States",300-398 Ronald Reagan Hwy,DeRidder,LA,70634,4.7,184,Tire shop,,,https://www.google.com/maps/place/Larry%27s+Lube+%26+Tire+LLC/data=!4m7!3m6!1s0x863bb2c99b902317:0xde683a4ba0220024!8m2!3d30.8473262!4d-93.27919!16s%2Fg%2F1tpc8bj5!19sChIJFyOQm8myO4YRJAAioEs6aN4?authuser=0&hl=en&rclk=1,auto repair shop,Beauregard Parish,county,LA,2026-07-29T10:38:56,0x863bb2c99b902317:0xde683a4ba0220024
Level 6 Detailing LLC,(630) 501-6105,http://www.level6detailing.com/,,"1215 Commanche St, DeRidder, LA 70634, United States",1215 Commanche St,DeRidder,LA,70634,5.0,19,Window tinting service,,,https://www.google.com/maps/place/Level+6+Detailing+LLC/data=!4m7!3m6!1s0x863a5be48fe34695:0xc9e83ba78d94f7c0!8m2!3d30.8674652!4d-93.3021889!16s%2Fg%2F11svzjhl6g!19sChIJlUbjj-RbOoYRwPeUjac76Mk?authuser=0&hl=en&rclk=1,auto repair shop,Beauregard Parish,county,LA,2026-07-29T10:38:56,0x863a5be48fe34695:0xc9e83ba78d94f7c0
Lewis Motors LLC,(337) 304-2458,http://www.lewismotorsllc.com/,,"2685 US-171, DeRidder, LA 70634, United States",2685 US-171,DeRidder,LA,70634,4.4,57,Used car dealer,,,https://www.google.com/maps/place/Lewis+Motors+LLC/data=!4m7!3m6!1s0x863bad5a434e1f27:0xf8583c01afcf6779!8m2!3d30.8310064!4d-93.247683!16s%2Fg%2F1tfjlhqn!19sChIJJx9OQ1qtO4YReWfPrwE8WPg?authuser=0&hl=en&rclk=1,auto repair shop,Beauregard Parish,county,LA,2026-07-29T10:38:56,0x863bad5a434e1f27:0xf8583c01afcf6779
MT Automart,(337) 221-1515,http://www.mtautomart.com/,,"1316 N Pine St, DeRidder, LA 70634, United States",1316 N Pine St,DeRidder,LA,70634,4.8,61,Used car dealer,,,https://www.google.com/maps/place/MT+Automart/data=!4m7!3m6!1s0x863a4d2771770a3d:0x2da6a6ea9760fe7f!8m2!3d30.8683835!4d-93.2845161!16s%2Fg%2F11swdsjnb1!19sChIJPQp3cSdNOoYRf_5gl-qmpi0?authuser=0&hl=en&rclk=1,auto repair shop,Beauregard Parish,county,LA,2026-07-29T10:38:56,0x863a4d2771770a3d:0x2da6a6ea9760fe7f
Miller's Auto Repair,(337) 462-3324,,,"570 LA-112, DeRidder, LA 70634, United States",570 LA-112,DeRidder,LA,70634,4.7,23,Auto repair shop,,,https://www.google.com/maps/place/Miller%27s+Auto+Repair/data=!4m7!3m6!1s0x863bad4b611f7bfd:0x700456fc85004afa!8m2!3d30.852855!4d-93.2435711!16s%2Fg%2F1tf5l090!19sChIJ_XsfYUutO4YR-koAhfxWBHA?authuser=0&hl=en&rclk=1,auto repair shop,Beauregard Parish,county,LA,2026-07-29T10:38:56,0x863bad4b611f7bfd:0x700456fc85004afa
MotorHouse LLC,(337) 221-3070,,,"334 E 1st St, DeRidder, LA 70634, United States",334 E 1st St,DeRidder,LA,70634,5.0,10,Auto repair shop,,,https://www.google.com/maps/place/MotorHouse+LLC/data=!4m7!3m6!1s0x863bb38c2697f58f:0xf8127dada6537be0!8m2!3d30.8463078!4d-93.2795138!16s%2Fg%2F11v0dynxzb!19sChIJj_WXJoyzO4YR4HtTpq19Evg?authuser=0&hl=en&rclk=1,auto repair shop,Beauregard Parish,county,LA,2026-07-29T10:38:56,0x863bb38c2697f58f:0xf8127dada6537be0
OffRoad Addicts,(337) 401-3838,https://offroadaddicts.com/,,"1785 US-190, DeRidder, LA 70634, United States",1785 US-190,DeRidder,LA,70634,,,Auto repair shop,,,https://www.google.com/maps/place/OffRoad+Addicts/data=!4m7!3m6!1s0x863bb357b7f3186f:0xc6e835259fd9f555!8m2!3d30.846002!4d-93.3037018!16s%2Fg%2F11ydkkpnt7!19sChIJbxjzt1ezO4YRVfXZnyU16MY?authuser=0&hl=en&rclk=1,auto repair shop,Beauregard Parish,county,LA,2026-07-29T10:38:56,0x863bb357b7f3186f:0xc6e835259fd9f555
Penney's Glass & Frame Shop,(337) 462-2423,http://penneys-shop.keeq.io/,,"821 E 1st St, DeRidder, LA 70634, United States",821 E 1st St,DeRidder,LA,70634,4.6,39,Auto glass shop,,,https://www.google.com/maps/place/Penney%27s+Glass+%26+Frame+Shop/data=!4m7!3m6!1s0x863bb2b1a60b9d3b:0x51b15ab2cc2f985!8m2!3d30.8471076!4d-93.2700231!16s%2Fg%2F1td4q240!19sChIJO50LprGyO4YRhfnCLKsVGwU?authuser=0&hl=en&rclk=1,auto repair shop,Beauregard Parish,county,LA,2026-07-29T10:38:56,0x863bb2b1a60b9d3b:0x51b15ab2cc2f985
Perry's Auto Clinic,(337) 462-1105,http://perrys-auto-clinic.lany.io/,,"1120 E 1st St, DeRidder, LA 70634, United States",1120 E 1st St,DeRidder,LA,70634,4.5,40,Auto repair shop,,,https://www.google.com/maps/place/Perry%27s+Auto+Clinic/data=!4m7!3m6!1s0x863bb2a937dc073b:0xa3343c1662ac7989!8m2!3d30.8474985!4d-93.2622407!16s%2Fg%2F1tfqg589!19sChIJOwfcN6myO4YRiXmsYhY8NKM?authuser=0&hl=en&rclk=1,auto repair shop,Allen Parish,county,LA,2026-07-29T09:58:43,0x863bb2a937dc073b:0xa3343c1662ac7989
Powell diesel repair,(337) 226-8462,,,"440 Virgil Sims Rd, DeRidder, LA 70634, United States",440 Virgil Sims Rd,DeRidder,LA,70634,3.3,3,Mechanic,,,https://www.google.com/maps/place/Powell+diesel+repair/data=!4m7!3m6!1s0x863bade9c6aa45b3:0x6373c655e3416511!8m2!3d30.8525703!4d-93.1842426!16s%2Fg%2F11rwxbk0sl!19sChIJs0WqxumtO4YREWVB41XGc2M?authuser=0&hl=en&rclk=1,auto repair shop,Allen Parish,county,LA,2026-07-29T09:58:43,0x863bade9c6aa45b3:0x6373c655e3416511
Presley's Machine Shop,(337) 460-7707,,,"209 N Stewart St, DeRidder, LA 70634, United States",209 N Stewart St,DeRidder,LA,70634,3.5,11,Machine shop,,,https://www.google.com/maps/place/Presley%27s+Machine+Shop/data=!4m7!3m6!1s0x863bb2ce731ed353:0x900a4042074d1585!8m2!3d30.8485105!4d-93.2872003!16s%2Fg%2F1thgbv4_!19sChIJU9Mec86yO4YRhRVNB0JACpA?authuser=0&hl=en&rclk=1,auto repair shop,Beauregard Parish,county,LA,2026-07-29T10:38:56,0x863bb2ce731ed353:0x900a4042074d1585
R&M Profesional Auto Detailing,(337) 202-9543,,,"401 Shirley St, DeRidder, LA 70634, United States",401 Shirley St,DeRidder,LA,70634,4.6,20,Car detailing service,,,https://www.google.com/maps/place/R%26M+Profesional+Auto+Detailing/data=!4m7!3m6!1s0x863bb2d1f3a17081:0xe881c28caac5e6e0!8m2!3d30.847831!4d-93.2894849!16s%2Fg%2F11c75ry8rv!19sChIJgXCh89GyO4YR4ObFqozCgeg?authuser=0&hl=en&rclk=1,auto repair shop,Beauregard Parish,county,LA,2026-07-29T10:38:56,0x863bb2d1f3a17081:0xe881c28caac5e6e0
Reed's Auto Parts,(337) 328-7359,,,"149 Alvin Reed Rd, DeRidder, LA 70634, United States",149 Alvin Reed Rd,DeRidder,LA,70634,4.5,4,Auto parts store,,,https://www.google.com/maps/place/Reed%27s+Auto+Parts/data=!4m7!3m6!1s0x863ba9c8dad303ed:0xe855a1557ff2bfb1!8m2!3d30.7301225!4d-93.1134971!16s%2Fg%2F1vknpryx!19sChIJ7QPT2sipO4YRsb_yf1WhVeg?authuser=0&hl=en&rclk=1,auto repair shop,Beauregard Parish,county,LA,2026-07-29T10:38:56,0x863ba9c8dad303ed:0xe855a1557ff2bfb1
Sarge's Offroad,(337) 495-5037,http://sarges-offroad.keeq.io/,,"113 E 1st St, DeRidder, LA 70634, United States",113 E 1st St,DeRidder,LA,70634,4.5,59,Tire shop,,,https://www.google.com/maps/place/Sarge%27s+Offroad/data=!4m7!3m6!1s0x863bb2ceec0d5879:0xe788e26e2f1d0b59!8m2!3d30.8469169!4d-93.2849135!16s%2Fg%2F11gff7pq0c!19sChIJeVgN7M6yO4YRWQsdL27iiOc?authuser=0&hl=en&rclk=1,auto repair shop,Beauregard Parish,county,LA,2026-07-29T10:38:56,0x863bb2ceec0d5879:0xe788e26e2f1d0b59
Smith Transmission Service,(337) 463-4836,https://smithtransmissionservice.com/,,"2390 US-171, DeRidder, LA 70634, United States",2390 US-171,DeRidder,LA,70634,4.8,99,Transmission shop,,,https://www.google.com/maps/place/Smith+Transmission+Service/data=!4m7!3m6!1s0x863bad5ba23a7e61:0xddbc4d62cfb83f38!8m2!3d30.838003!4d-93.2514876!16s%2Fg%2F1vlzbr65!19sChIJYX46olutO4YROD-4z2JNvN0?authuser=0&hl=en&rclk=1,auto repair shop,Allen Parish,county,LA,2026-07-29T09:58:43,0x863bad5ba23a7e61:0xddbc4d62cfb83f38
The Paint Booth Collision Center,(337) 463-2277,,,"1025b E 1st St, DeRidder, LA 70634, United States",1025b E 1st St,DeRidder,LA,70634,4.3,12,Auto repair shop,,,https://www.google.com/maps/place/The+Paint+Booth+Collision+Center/data=!4m7!3m6!1s0x863bb3244d1dfd2b:0xcc8fd66c431e6e8a!8m2!3d30.8473408!4d-93.2669283!16s%2Fg%2F11v0v45w90!19sChIJK_0dTSSzO4YRim4eQ2zWj8w?authuser=0&hl=en&rclk=1,auto repair shop,Beauregard Parish,county,LA,2026-07-29T10:38:56,0x863bb3244d1dfd2b:0xcc8fd66c431e6e8a
The RV Guy,(337) 401-5607,,,"206 Harvey Crossing Rd, DeRidder, LA 70634, United States",206 Harvey Crossing Rd,DeRidder,LA,70634,3.7,9,RV repair shop,,,https://www.google.com/maps/place/The+RV+Guy/data=!4m7!3m6!1s0x863a356e406f372d:0xff0912f107a3fb7f!8m2!3d30.914162!4d-93.444771!16s%2Fg%2F11rtq8ndfz!19sChIJLTdvQG41OoYRf_ujB_ESCf8?authuser=0&hl=en&rclk=1,auto repair shop,Beauregard Parish,county,LA,2026-07-29T10:38:56,0x863a356e406f372d:0xff0912f107a3fb7f
Walley Auto & AC Repair,(337) 462-0967,,,"706 LA-112, DeRidder, LA 70634, United States",706 LA-112,DeRidder,LA,70634,4.9,269,Auto repair shop,,,https://www.google.com/maps/place/Walley+Auto+%26+AC+Repair/data=!4m7!3m6!1s0x863bad4b39a4b269:0x5c48b8dc45a2a1fb!8m2!3d30.8549607!4d-93.2402553!16s%2Fg%2F1tfq9lwr!19sChIJabKkOUutO4YR-6GiRdy4SFw?authuser=0&hl=en&rclk=1,auto repair shop,Beauregard Parish,county,LA,2026-07-29T10:38:56,0x863bad4b39a4b269:0x5c48b8dc45a2a1fb
Bayou Carlin Waterfront Repairs,(337) 490-6299,,,"606 Canal St, Delcambre, LA 70528, United States",606 Canal St,Delcambre,LA,70528,4.0,2,Car repair and maintenance service,,,https://www.google.com/maps/place/Bayou+Carlin+Waterfront+Repairs/data=!4m7!3m6!1s0x86237004092912ff:0x244c3fb4b5bbf183!8m2!3d29.952504!4d-91.982978!16s%2Fg%2F11by_mbbnj!19sChIJ_xIpCQRwI4YRg_G7tbQ_TCQ?authuser=0&hl=en&rclk=1,auto repair shop,Vermilion Parish,county,LA,2026-07-30T10:15:24,0x86237004092912ff:0x244c3fb4b5bbf183
Reaux Auto Repair,(337) 685-2942,,,"209 N Landry St, Delcambre, LA 70528, United States",209 N Landry St,Delcambre,LA,70528,5.0,25,Auto repair shop,,,https://www.google.com/maps/place/Reaux+Auto+Repair/data=!4m7!3m6!1s0x86236ffc999249dd:0x741682111f4fa58c!8m2!3d29.9493474!4d-91.9927916!16s%2Fg%2F1tgcydzx!19sChIJ3UmSmfxvI4YRjKVPHxGCFnQ?authuser=0&hl=en&rclk=1,auto repair shop,Vermilion Parish,county,LA,2026-07-30T10:15:24,0x86236ffc999249dd:0x741682111f4fa58c
"Triple B Automotive, LLC",(601) 301-4343,https://www.facebook.com/Triple-B-Automotive-LLC-109725397933990/?ref=page_internal,,"102 Old Highway 80, Delta, LA 71233, United States",102 Old Highway 80,Delta,LA,71233,5.0,1,Auto repair shop,,,"https://www.google.com/maps/place/Triple+B+Automotive,+LLC/data=!4m7!3m6!1s0x8628df0185f67423:0x9f4f83a89f04dd1!8m2!3d32.3221883!4d-90.9311611!16s%2Fg%2F11rg7cg856!19sChIJI3T2hQHfKIYR0U3wiTr49Ak?authuser=0&hl=en&rclk=1",auto repair shop,Tensas Parish,county,LA,2026-07-30T09:33:29,0x8628df0185f67423:0x9f4f83a89f04dd1
Bryan's Auto Repair,(225) 791-1296,,,"8650 Forrest Delatte Rd, Denham Springs, LA 70726, United States",8650 Forrest Delatte Rd,Denham Springs,LA,70726,4.4,39,Brake shop,,,https://www.google.com/maps/place/Bryan%27s+Auto+Repair/data=!4m7!3m6!1s0x8626bedfe3ad77a7:0xc711501eb7150d8a!8m2!3d30.4549584!4d-90.9452914!16s%2Fg%2F1v_snln3!19sChIJp3et49--JoYRig0Vtx5QEcc?authuser=0&hl=en&rclk=1,auto repair shop,St. Martin Parish,county,LA,2026-07-30T09:03:24,0x8626bedfe3ad77a7:0xc711501eb7150d8a
Chabill's Tire & Auto Service,(225) 283-1365,https://chabillstire.com/locations/denham-springs/,,"825 S Range Ave, Denham Springs, LA 70726, United States",825 S Range Ave,Denham Springs,LA,70726,4.9,419,Tire shop,,,https://www.google.com/maps/place/Chabill%27s+Tire+%26+Auto+Service/data=!4m7!3m6!1s0x8626bf9763bf433f:0xf7f8488e40838ebd!8m2!3d30.4747748!4d-90.956929!16s%2Fg%2F11mtd9k0sm!19sChIJP0O_Y5e_JoYRvY6DQI5I-Pc?authuser=0&hl=en&rclk=1,auto repair shop,St. Martin Parish,county,LA,2026-07-30T09:03:24,0x8626bf9763bf433f:0xf7f8488e40838ebd
Chad's Collision Center,(225) 243-5742,http://www.chadscollisioncenter.com/,,"35721 Cane Market Rd, Denham Springs, LA 70706, United States",35721 Cane Market Rd,Denham Springs,LA,70706,4.8,142,Auto body shop,,,https://www.google.com/maps/place/Chad%27s+Collision+Center/data=!4m7!3m6!1s0x8626951a4484d895:0xf4a1592020d90cc8!8m2!3d30.5602959!4d-90.9305494!16s%2Fg%2F11c18p2n00!19sChIJldiERBqVJoYRyAzZICBZofQ?authuser=0&hl=en&rclk=1,auto repair shop,West Feliciana Parish,county,LA,2026-07-30T11:19:39,0x8626951a4484d895:0xf4a1592020d90cc8
Community Car Care LLC,(225) 955-5795,,,"9842 Springfield Rd, Denham Springs, LA 70706, United States",9842 Springfield Rd,Denham Springs,LA,70706,4.8,66,Auto repair shop,,,https://www.google.com/maps/place/Community+Car+Care+LLC/data=!4m7!3m6!1s0x8626959c1030156f:0xcea7b1ac9eb19cd7!8m2!3d30.5836629!4d-90.9243194!16s%2Fg%2F11fflygkgt!19sChIJbxUwEJyVJoYR15yxnqyxp84?authuser=0&hl=en&rclk=1,auto repair shop,West Feliciana Parish,county,LA,2026-07-30T11:19:39,0x8626959c1030156f:0xcea7b1ac9eb19cd7
Ed's Automotive AC Repair,(225) 664-2698,,,"9617 Arnold Rd #1557, Denham Springs, LA 70726, United States",9617 Arnold Rd #1557,Denham Springs,LA,70726,4.5,49,Auto air conditioning service,,,https://www.google.com/maps/place/Ed%27s+Automotive+AC+Repair/data=!4m7!3m6!1s0x8626956907a71041:0x7100ea63814e573e!8m2!3d30.5397259!4d-90.9274986!16s%2Fg%2F1tt1hl3h!19sChIJQRCnB2mVJoYRPldOgWPqAHE?authuser=0&hl=en&rclk=1,auto repair shop,West Feliciana Parish,county,LA,2026-07-30T11:19:39,0x8626956907a71041:0x7100ea63814e573e
JEFFREY'S COLLISION CENTER,(225) 243-5566,,,"33340 LA-16, Denham Springs, LA 70706, United States",33340 LA-16,Denham Springs,LA,70706,3.9,91,Auto body shop,,,https://www.google.com/maps/place/JEFFREY%27S+COLLISION+CENTER/data=!4m7!3m6!1s0x862695bc8b8d76af:0x9ba335c9d55aabfa!8m2!3d30.5514919!4d-90.9546947!16s%2Fg%2F1ths9qmh!19sChIJr3aNi7yVJoYR-qta1ck1o5s?authuser=0&hl=en&rclk=1,auto repair shop,West Feliciana Parish,county,LA,2026-07-30T11:19:39,0x862695bc8b8d76af:0x9ba335c9d55aabfa
Live Oak Tire & Automotive,(225) 664-7111,,,"34905 LA-1019, Denham Springs, LA 70706, United States",34905 LA-1019,Denham Springs,LA,70706,4.3,98,Auto parts store,,,https://www.google.com/maps/place/Live+Oak+Tire+%26+Automotive/data=!4m7!3m6!1s0x8626944cd83d9839:0x42dd2a2f2390c451!8m2!3d30.5745494!4d-90.9563396!16s%2Fg%2F1th0n81d!19sChIJOZg92EyUJoYRUcSQIy8q3UI?authuser=0&hl=en&rclk=1,auto repair shop,West Feliciana Parish,county,LA,2026-07-30T11:19:39,0x8626944cd83d9839:0x42dd2a2f2390c451
Newton Brothers Diesel Services,(225) 665-7440,,,"33543 LA-16, Denham Springs, LA 70706, United States",33543 LA-16,Denham Springs,LA,70706,4.1,26,Truck repair shop,,,https://www.google.com/maps/place/Newton+Brothers+Diesel+Services/data=!4m7!3m6!1s0x862695bc81c2d5d9:0x279bf7a55100ee54!8m2!3d30.5545778!4d-90.956438!16s%2Fg%2F1tj2cc2z!19sChIJ2dXCgbyVJoYRVO4AUaX3myc?authuser=0&hl=en&rclk=1,auto repair shop,West Feliciana Parish,county,LA,2026-07-30T11:19:39,0x862695bc81c2d5d9:0x279bf7a55100ee54
Quick Lube & Oil Change,(225) 243-6010,https://www.oilchangeiscool.com/,,"32381 LA-16, Denham Springs, LA 70726, United States",32381 LA-16,Denham Springs,LA,70726,4.8,193,Oil change service,,,https://www.google.com/maps/place/Quick+Lube+%26+Oil+Change/data=!4m7!3m6!1s0x86269591d6f904bb:0x35d4362f542335cf!8m2!3d30.5371904!4d-90.9570231!16s%2Fg%2F1thbx0bb!19sChIJuwT51pGVJoYRzzUjVC821DU?authuser=0&hl=en&rclk=1,auto repair shop,West Feliciana Parish,county,LA,2026-07-30T11:19:39,0x86269591d6f904bb:0x35d4362f542335cf
Rad Rabalais Auto Detailing,(225) 485-9087,https://www.detailbyrad.com/,mymail@mailservice.com,"7767 Kingsley Dr, Denham Springs, LA 70706, United States",7767 Kingsley Dr,Denham Springs,LA,70706,4.9,124,Car detailing service,,,https://www.google.com/maps/place/Rad+Rabalais+Auto+Detailing/data=!4m7!3m6!1s0x86269568f14f8507:0x351ff15e2e00368d!8m2!3d30.5864041!4d-90.9587349!16s%2Fg%2F11r8z5jdd2!19sChIJB4VP8WiVJoYRjTYALl7xHzU?authuser=0&hl=en&rclk=1,auto repair shop,West Feliciana Parish,county,LA,2026-07-30T11:19:39,0x86269568f14f8507:0x351ff15e2e00368d
Randy Purvis Tire & Service,(225) 243-5770,https://www.randypurvistireandservice.com/,,"32381 LA-16 Ste B, Denham Springs, LA 70726, United States",32381 LA-16 Ste B,Denham Springs,LA,70726,4.7,168,Tire shop,,,https://www.google.com/maps/place/Randy+Purvis+Tire+%26+Service/data=!4m7!3m6!1s0x86269591c0de149b:0xb869262143b2ba0d!8m2!3d30.537151!4d-90.9572385!16s%2Fg%2F11gg67scmb!19sChIJmxTewJGVJoYRDbqyQyEmabg?authuser=0&hl=en&rclk=1,auto repair shop,West Feliciana Parish,county,LA,2026-07-30T11:19:39,0x86269591c0de149b:0xb869262143b2ba0d
Transmission Service Connection,(225) 314-7142,https://transmissionrepairsbatonrouge.com/,,"34112 LA-16, Denham Springs, LA 70706, United States",34112 LA-16,Denham Springs,LA,70706,4.9,125,Transmission shop,,,https://www.google.com/maps/place/Transmission+Service+Connection/data=!4m7!3m6!1s0x86269f50d5dd2031:0xd8969b7f4a286b8b!8m2!3d30.5628592!4d-90.9551873!16s%2Fg%2F1tx8tkv1!19sChIJMSDd1VCfJoYRi2soSn-bltg?authuser=0&hl=en&rclk=1,auto repair shop,West Feliciana Parish,county,LA,2026-07-30T11:19:39,0x86269f50d5dd2031:0xd8969b7f4a286b8b
V&J Tire Professionals Mobile Roadside Assistance,(225) 397-9314,,,"Cane Market Rd, Denham Springs, LA 70706, United States",Cane Market Rd,Denham Springs,LA,70706,4.9,27,Tire shop,,,https://www.google.com/maps/place/V%26J+Tire+Professionals+Mobile+Roadside+Assistance/data=!4m7!3m6!1s0x862695a5f0988ccb:0xaebd9006d6ecebbb!8m2!3d30.561673!4d-90.9514105!16s%2Fg%2F11n65vy03t!19sChIJy4yY8KWVJoYRu-vs1gaQva4?authuser=0&hl=en&rclk=1,auto repair shop,West Feliciana Parish,county,LA,2026-07-30T11:19:39,0x862695a5f0988ccb:0xaebd9006d6ecebbb
Watson Car Care,(225) 665-4454,,,"34481 LA-16, Denham Springs, LA 70706, United States",34481 LA-16,Denham Springs,LA,70706,4.7,68,Auto repair shop,,,https://www.google.com/maps/place/Watson+Car+Care/data=!4m7!3m6!1s0x862695b3af749cf1:0x16d82c8ad86fa41e!8m2!3d30.5681307!4d-90.9563484!16s%2Fg%2F1tlgy9fc!19sChIJ8Zx0r7OVJoYRHqRv2Ios2BY?authuser=0&hl=en&rclk=1,auto repair shop,West Feliciana Parish,county,LA,2026-07-30T11:19:39,0x862695b3af749cf1:0x16d82c8ad86fa41e
Snyder's Auto Repair,(337) 317-3436,,,"5622 LA-27, Dequincy, LA 70633, United States",5622 LA-27,Dequincy,LA,70633,5.0,2,Auto repair shop,,,https://www.google.com/maps/place/Snyder%27s+Auto+Repair/data=!4m7!3m6!1s0x863beba4197d4ac9:0xf68e6b8cf75d17c!8m2!3d30.436516!4d-93.4283847!16s%2Fg%2F11z1rmfnnm!19sChIJyUp9GaTrO4YRfNF1z7jmaA8?authuser=0&hl=en&rclk=1,auto repair shop,Beauregard Parish,county,LA,2026-07-29T10:38:56,0x863beba4197d4ac9:0xf68e6b8cf75d17c
AAA Mechanic Shop,(225) 623-5703,,,"3060 LA-1, Donaldsonville, LA 70346, United States",3060 LA-1,Donaldsonville,LA,70346,4.2,5,Car repair and maintenance service,,,https://www.google.com/maps/place/AAA+Mechanic+Shop/data=!4m7!3m6!1s0x86214da1d8772599:0xf0fbe214cfcbe598!8m2!3d30.0973205!4d-91.0159496!16s%2Fg%2F11v6kc6c21!19sChIJmSV32KFNIYYRmOXLzxTi-_A?authuser=0&hl=en&rclk=1,auto repair shop,Assumption Parish,county,LA,2026-07-29T10:20:35,0x86214da1d8772599:0xf0fbe214cfcbe598
Auto Windshield Repair USA,(225) 224-7796,,,"3484 LA-1, Donaldsonville, LA 70346, United States",3484 LA-1,Donaldsonville,LA,70346,,,Auto repair shop,,,https://www.google.com/maps/place/Auto+Windshield+Repair+USA/data=!4m7!3m6!1s0x86214ddc0dde6a87:0xed2fc95e6c997b7!8m2!3d30.0970978!4d-91.0007979!16s%2Fg%2F11sz5brp_d!19sChIJh2reDdxNIYYRt5fJ5pX80g4?authuser=0&hl=en&rclk=1,auto repair shop,Assumption Parish,county,LA,2026-07-29T10:20:35,0x86214ddc0dde6a87:0xed2fc95e6c997b7
Cassard Body Shop,(225) 473-6731,,,"114 Bridge St, Donaldsonville, LA 70346, United States",114 Bridge St,Donaldsonville,LA,70346,5.0,1,Auto body shop,,,https://www.google.com/maps/place/Cassard+Body+Shop/data=!4m7!3m6!1s0x86214c62eeee6315:0xc8cf81d7fcefe499!8m2!3d30.1070994!4d-90.9932134!16s%2Fg%2F1tg_9vn9!19sChIJFWPu7mJMIYYRmeTv_NeBz8g?authuser=0&hl=en&rclk=1,auto repair shop,Assumption Parish,county,LA,2026-07-29T10:20:35,0x86214c62eeee6315:0xc8cf81d7fcefe499
Complete Auto Repair,(225) 473-7700,,,"3060 LA-1 S, Donaldsonville, LA 70346, United States",3060 LA-1 S,Donaldsonville,LA,70346,5.0,1,Auto repair shop,,,https://www.google.com/maps/place/Complete+Auto+Repair/data=!4m7!3m6!1s0x86214db821dfcabf:0x8ce3c2cfdb9efe46!8m2!3d30.0974668!4d-91.0158849!16s%2Fg%2F1tjdrpmr!19sChIJv8rfIbhNIYYRRv6e28_C44w?authuser=0&hl=en&rclk=1,auto repair shop,Assumption Parish,county,LA,2026-07-29T10:20:35,0x86214db821dfcabf:0x8ce3c2cfdb9efe46
Finepoint Auto Repair Llc,(225) 289-2080,,,"Lessard St, Donaldsonville, LA 70346, United States",Lessard St,Donaldsonville,LA,70346,5.0,1,Auto repair shop,,,https://www.google.com/maps/place/Finepoint+Auto+Repair+Llc/data=!4m7!3m6!1s0x86214c7e89a58069:0xfa123942bb0b58e2!8m2!3d30.1060178!4d-90.9860623!16s%2Fg%2F11p65q1hw7!19sChIJaYCliX5MIYYR4lgLu0I5Evo?authuser=0&hl=en&rclk=1,auto repair shop,Assumption Parish,county,LA,2026-07-29T10:20:35,0x86214c7e89a58069:0xfa123942bb0b58e2
Gerber Collision & Glass,(225) 473-6495,https://www.gerbercollision.com/locations/donaldsonville-la?utm_source=SEO_Local&utm_medium=SEO_Local_Snack_Pack&utm_campaign=LA&utm_content=Donaldsonville,info@gerbercollision.com,"415 Division St, Donaldsonville, LA 70346, United States",415 Division St,Donaldsonville,LA,70346,4.8,350,Auto repair shop,,,https://www.google.com/maps/place/Gerber+Collision+%26+Glass/data=!4m7!3m6!1s0x86214c6549b4ac83:0xa92a7f65eab73e75!8m2!3d30.0988788!4d-90.9917984!16s%2Fg%2F1tyyxgpp!19sChIJg6y0SWVMIYYRdT636mV_Kqk?authuser=0&hl=en&rclk=1,auto repair shop,Assumption Parish,county,LA,2026-07-29T10:20:35,0x86214c6549b4ac83:0xa92a7f65eab73e75
Patton’s automotive,(318) 982-6630,,,"12774 LA-15, Downsville, LA 71234, United States",12774 LA-15,Downsville,LA,71234,4.8,40,Auto body shop,,,https://www.google.com/maps/place/Patton%E2%80%99s+automotive/data=!4m7!3m6!1s0x862e236596280e9d:0x763aff0da3646150!8m2!3d32.6483335!4d-92.3663039!16s%2Fg%2F11h7181bdp!19sChIJnQ4olmUjLoYRUGFkow3_OnY?authuser=0&hl=en&rclk=1,auto repair shop,Union Parish,county,LA,2026-07-30T10:01:50,0x862e236596280e9d:0x763aff0da3646150
"Atwells Automotive, LLC",(318) 787-3579,https://www.atwellsauto.com/,,"17679 US-167, Dry Prong, LA 71423, United States",17679 US-167,Dry Prong,LA,71423,,,Auto repair shop,,,"https://www.google.com/maps/place/Atwells+Automotive,+LLC/data=!4m7!3m6!1s0x863aab345df1441b:0xef136a09c2a5fa1f!8m2!3d31.562839!4d-92.524205!16s%2Fg%2F11m_4gpnh2!19sChIJG0TxXTSrOoYRH_qlwglqE-8?authuser=0&hl=en&rclk=1",auto repair shop,Catahoula Parish,county,LA,2026-07-29T11:59:56,0x863aab345df1441b:0xef136a09c2a5fa1f
Pace Automotive And Fabrication,(318) 481-2353,https://www.facebook.com/PaceAutomotiveFabricationsLlc/,,"149 Cedar Ln, Dry Prong, LA 71423, United States",149 Cedar Ln,Dry Prong,LA,71423,4.6,23,Auto machine shop,,,https://www.google.com/maps/place/Pace+Automotive+And+Fabrication/data=!4m7!3m6!1s0x863aaa11061fe39d:0x11c70857fef1b594!8m2!3d31.5886898!4d-92.5263214!16s%2Fg%2F11hy9p75q1!19sChIJneMfBhGqOoYRlLXx_lcIxxE?authuser=0&hl=en&rclk=1,auto repair shop,Catahoula Parish,county,LA,2026-07-29T11:59:56,0x863aaa11061fe39d:0x11c70857fef1b594
"4 Lane Service Center, LLC",(318) 957-9469,,,"3280 US-167, Dubach, LA 71235, United States",3280 US-167,Dubach,LA,71235,5.0,7,Mechanic,,,"https://www.google.com/maps/place/4+Lane+Service+Center,+LLC/data=!4m7!3m6!1s0x8631c322e08d2f87:0x530edcf2b859dfed!8m2!3d32.6517817!4d-92.6520463!16s%2Fg%2F11ywqj_77k!19sChIJhy-N4CLDMYYR7d9ZuPLcDlM?authuser=0&hl=en&rclk=1",auto repair shop,Union Parish,county,LA,2026-07-30T10:01:50,0x8631c322e08d2f87:0x530edcf2b859dfed
Kelley Kustoms Collision Center,(318) 655-8005,,,"1159 Hayhouse Rd, Dubach, LA 71235, United States",1159 Hayhouse Rd,Dubach,LA,71235,4.3,28,Auto painting,,,https://www.google.com/maps/place/Kelley+Kustoms+Collision+Center/data=!4m7!3m6!1s0x8631c49ab80f9a53:0x9f956c0834a0dd56!8m2!3d32.7311268!4d-92.6476055!16s%2Fg%2F11cll__8bg!19sChIJU5oPuJrEMYYRVt2gNAhslZ8?authuser=0&hl=en&rclk=1,auto repair shop,Claiborne Parish,county,LA,2026-07-29T12:07:58,0x8631c49ab80f9a53:0x9f956c0834a0dd56
210 Automotive LLC,(210) 560-6113,,,"305 3rd St, Duson, LA 70529, United States",305 3rd St,Duson,LA,70529,5.0,2,Mechanic,,,https://www.google.com/maps/place/210+Automotive+LLC/data=!4m7!3m6!1s0x8624a3135b1bbd11:0xb11720fcfa3e9c2c!8m2!3d30.2377212!4d-92.1819709!16s%2Fg%2F11nk6y6kdc!19sChIJEb0bWxOjJIYRLJw--vwgF7E?authuser=0&hl=en&rclk=1,auto repair shop,Acadia Parish,county,LA,2026-07-29T09:43:23,0x8624a3135b1bbd11:0xb11720fcfa3e9c2c
Castilles Car Care Llc,(678) 907-9115,,,"1819 Duhon Rd, Duson, LA 70529, United States",1819 Duhon Rd,Duson,LA,70529,5.0,5,Auto repair shop,,,https://www.google.com/maps/place/Castilles+Car+Care+Llc/data=!4m7!3m6!1s0x86249f8ca1faaaab:0x7e57fe6856d14c53!8m2!3d30.1660501!4d-92.1398606!16s%2Fg%2F11hy9ntt39!19sChIJq6r6oYyfJIYRU0zRVmj-V34?authuser=0&hl=en&rclk=1,auto repair shop,Acadia Parish,county,LA,2026-07-29T09:43:23,0x86249f8ca1faaaab:0x7e57fe6856d14c53
"Chad's Mobile Auto Mechanics, LLC",(337) 322-0652,,,"432 Colorado Rd, Duson, LA 70529, United States",432 Colorado Rd,Duson,LA,70529,4.1,221,Auto repair shop,,,"https://www.google.com/maps/place/Chad%27s+Mobile+Auto+Mechanics,+LLC/data=!4m7!3m6!1s0x86249f07f4643b6d:0xb8ca0bc5dd91d6b5!8m2!3d30.1884224!4d-92.1144793!16s%2Fg%2F11cjkpb3m4!19sChIJbTtk9AefJIYRtdaR3cULyrg?authuser=0&hl=en&rclk=1",auto repair shop,Allen Parish,county,LA,2026-07-29T09:58:43,0x86249f07f4643b6d:0xb8ca0bc5dd91d6b5
Mark's Auto Service,(337) 981-8132,,,"2319 Ridge Rd, Duson, LA 70529, United States",2319 Ridge Rd,Duson,LA,70529,4.5,67,Auto repair shop,,,https://www.google.com/maps/place/Mark%27s+Auto+Service/data=!4m7!3m6!1s0x86249f03457c0331:0xc4d6bfe904f6e266!8m2!3d30.1807101!4d-92.1519664!16s%2Fg%2F1td7tjz4!19sChIJMQN8RQOfJIYRZuL2BOm_1sQ?authuser=0&hl=en&rclk=1,auto repair shop,St. Martin Parish,county,LA,2026-07-30T09:03:24,0x86249f03457c0331:0xc4d6bfe904f6e266
Miller's Custom Automotive & Repair,(337) 315-6903,,,"2319 Ridge Rd, Duson, LA 70529, United States",2319 Ridge Rd,Duson,LA,70529,5.0,1,Auto repair shop,,,https://www.google.com/maps/place/Miller%27s+Custom+Automotive+%26+Repair/data=!4m7!3m6!1s0x8624a1697cb75473:0xbfc87018a5fed7fe!8m2!3d30.1807296!4d-92.1519816!16s%2Fg%2F11ftkg__0b!19sChIJc1S3fGmhJIYR_tf-pRhwyL8?authuser=0&hl=en&rclk=1,auto repair shop,Acadia Parish,county,LA,2026-07-29T09:43:23,0x8624a1697cb75473:0xbfc87018a5fed7fe
Sonnier automotive,(337) 329-5803,,,"2083 Pousson Rd, Egan, LA 70531, United States",2083 Pousson Rd,Egan,LA,70531,5.0,27,Auto repair shop,,,https://www.google.com/maps/place/Sonnier+automotive/data=!4m7!3m6!1s0x863b5342948a97a7:0xcb0ff4e997e46e67!8m2!3d30.2560129!4d-92.5165121!16s%2Fg%2F11t1b13knd!19sChIJp5eKlEJTO4YRZ27kl-n0D8s?authuser=0&hl=en&rclk=1,auto repair shop,Cameron Parish,county,LA,2026-07-29T11:45:07,0x863b5342948a97a7:0xcb0ff4e997e46e67
TA Truck Service,(337) 783-0424,https://www.ta-petro.com/location/la/petro-egan,,"114 Jasmine Rd, Egan, LA 70531, United States",114 Jasmine Rd,Egan,LA,70531,3.5,33,Truck repair shop,,,https://www.google.com/maps/place/TA+Truck+Service/data=!4m7!3m6!1s0x863b5354fb995add:0x419f6a7497b2b891!8m2!3d30.2315777!4d-92.4623078!16s%2Fg%2F11fll7pz85!19sChIJ3VqZ-1RTO4YRkbiyl3Rqn0E?authuser=0&hl=en&rclk=1,auto repair shop,Allen Parish,county,LA,2026-07-29T09:58:43,0x863b5354fb995add:0x419f6a7497b2b891
Elmwood Auto Repair LLC,(504) 734-7465,https://www.elmwood-autorepair.com/,,"334 Hord St, Elmwood, LA 70123, United States",334 Hord St,Elmwood,LA,70123,5.0,12,Auto repair shop,,,https://www.google.com/maps/place/Elmwood+Auto+Repair+LLC/data=!4m7!3m6!1s0x8620bb69f91655d9:0xb0bd52f3558e4c7!8m2!3d29.9444068!4d-90.1928355!16s%2Fg%2F11vwdstf42!19sChIJ2VUW-Wm7IIYRx-RYNS_VCws?authuser=0&hl=en&rclk=1,auto repair shop,St. John the Baptist Parish,county,LA,2026-07-30T08:30:09,0x8620bb69f91655d9:0xb0bd52f3558e4c7
Greg's Tire & Auto Repair,(337) 584-2618,,,"317 Main St, Elton, LA 70532, United States",317 Main St,Elton,LA,70532,4.8,19,Tire shop,,,https://www.google.com/maps/place/Greg%27s+Tire+%26+Auto+Repair/data=!4m7!3m6!1s0x863b4746c19cc7eb:0x9bc0320f62c7a94f!8m2!3d30.4815986!4d-92.6862776!16s%2Fg%2F1td7j313!19sChIJ68ecwUZHO4YRT6nHYg8ywJs?authuser=0&hl=en&rclk=1,auto repair shop,Allen Parish,county,LA,2026-07-29T09:58:43,0x863b4746c19cc7eb:0x9bc0320f62c7a94f
A Broussard Auto Repairs,(337) 937-5682,,,"705 E Lastie St, Erath, LA 70533, United States",705 E Lastie St,Erath,LA,70533,2.0,1,Auto repair shop,,,https://www.google.com/maps/place/A+Broussard+Auto+Repairs/data=!4m7!3m6!1s0x86236f7fed243b85:0xf98ff7ffc4ed08e1!8m2!3d29.9573743!4d-92.0280561!16s%2Fg%2F1vyswx5x!19sChIJhTsk7X9vI4YR4QjtxP_3j_k?authuser=0&hl=en&rclk=1,auto repair shop,Vermilion Parish,county,LA,2026-07-30T10:15:24,0x86236f7fed243b85:0xf98ff7ffc4ed08e1
"Curol’s Service Center, LLC",(337) 308-4709,http://www.curols.com/,,"715 E Lastie St, Erath, LA 70533, United States",715 E Lastie St,Erath,LA,70533,5.0,55,Mechanic,,,"https://www.google.com/maps/place/Curol%E2%80%99s+Service+Center,+LLC/data=!4m7!3m6!1s0x86236f521dddd81f:0x9a6b4a6d91c45dc2!8m2!3d29.9572898!4d-92.0271591!16s%2Fg%2F11j43dg_kk!19sChIJH9jdHVJvI4YRwl3EkW1Ka5o?authuser=0&hl=en&rclk=1",auto repair shop,Vermilion Parish,county,LA,2026-07-30T10:15:24,0x86236f521dddd81f:0x9a6b4a6d91c45dc2
Erath Tire And Auto LLC,(337) 322-7883,,,"701 E Lastie St, Erath, LA 70533, United States",701 E Lastie St,Erath,LA,70533,4.0,1,Used tire shop,,,https://www.google.com/maps/place/Erath+Tire+And+Auto+LLC/data=!4m7!3m6!1s0x86236f7fecc5050f:0x772ab19c7408653d!8m2!3d29.9573121!4d-92.0281021!16s%2Fg%2F11c61ld_38!19sChIJDwXF7H9vI4YRPWUIdJyxKnc?authuser=0&hl=en&rclk=1,auto repair shop,Vermilion Parish,county,LA,2026-07-30T10:15:24,0x86236f7fecc5050f:0x772ab19c7408653d
Floris Auto Repair,(337) 937-6750,,,"3039 Anna Dr, Erath, LA 70533, United States",3039 Anna Dr,Erath,LA,70533,4.0,4,Brake shop,,,https://www.google.com/maps/place/Floris+Auto+Repair/data=!4m7!3m6!1s0x86236f83dd70d5f1:0x3a5db156eabd1ffb!8m2!3d29.9522442!4d-92.0236933!16s%2Fg%2F1tgns0b3!19sChIJ8dVw3YNvI4YR-x-96laxXTo?authuser=0&hl=en&rclk=1,auto repair shop,Vermilion Parish,county,LA,2026-07-30T10:15:24,0x86236f83dd70d5f1:0x3a5db156eabd1ffb
Primeaux Brothers Automotive LLC,(337) 898-1189,,,"5734 Roland Farm Rd, Erath, LA 70533, United States",5734 Roland Farm Rd,Erath,LA,70533,4.2,86,Car repair and maintenance service,,,https://www.google.com/maps/place/Primeaux+Brothers+Automotive+LLC/data=!4m7!3m6!1s0x86236911652ab247:0x86b783b9c4c4ffb6!8m2!3d29.9420936!4d-92.0692745!16s%2Fg%2F11h0yrdr2w!19sChIJR7IqZRFpI4YRtv_ExLmDt4Y?authuser=0&hl=en&rclk=1,auto repair shop,Vermilion Parish,county,LA,2026-07-30T10:15:24,0x86236911652ab247:0x86b783b9c4c4ffb6
Miller's Automotive Repair,(337) 550-0555,https://locations.bumpertobumper.com/la/eunice/2886559/,,"348 LA-13, Eunice, LA 70535, United States",348 LA-13,Eunice,LA,70535,4.6,36,Auto repair shop,,,https://www.google.com/maps/place/Miller%27s+Automotive+Repair/data=!4m7!3m6!1s0x8624b584647de47d:0x8f8fb8278f5134aa!8m2!3d30.508694!4d-92.4193522!16s%2Fg%2F1v6p4njf!19sChIJfeR9ZIS1JIYRqjRRjye4j48?authuser=0&hl=en&rclk=1,auto repair shop,St. Martin Parish,county,LA,2026-07-30T09:03:24,0x8624b584647de47d:0x8f8fb8278f5134aa
Sabine River Auto,(337) 208-6030,https://www.facebook.com/sabineriverauto,,"518 Earl Mitcham Rd, Evans, LA 70639, United States",518 Earl Mitcham Rd,Evans,LA,70639,5.0,4,Used car dealer,,,https://www.google.com/maps/place/Sabine+River+Auto/data=!4m7!3m6!1s0x863a31218bcf9873:0x337f482e8647e393!8m2!3d30.9473174!4d-93.5160634!16s%2Fg%2F11yt2rdd9k!19sChIJc5jPiyExOoYRk-NHhi5IfzM?authuser=0&hl=en&rclk=1,auto repair shop,Beauregard Parish,county,LA,2026-07-29T10:38:56,0x863a31218bcf9873:0x337f482e8647e393
Albritton Service Center,(318) 368-3819,http://www.rls3llc.com/,eben@eyebytes.com,"7815 LA-15, Farmerville, LA 71241, United States",7815 LA-15,Farmerville,LA,71241,3.9,65,Auto repair shop,,,https://www.google.com/maps/place/Albritton+Service+Center/data=!4m7!3m6!1s0x862e1c3bd2d8f0f7:0x6eb279502d81eee!8m2!3d32.7997002!4d-92.408071!16s%2Fg%2F1s04dfym4!19sChIJ9_DY0jscLoYR7h7YApUn6wY?authuser=0&hl=en&rclk=1,auto repair shop,Union Parish,county,LA,2026-07-30T10:01:50,0x862e1c3bd2d8f0f7:0x6eb279502d81eee
Benoit Ford North Service,(318) 368-3805,https://www.benoitfordnorth.com/service/index.htm?utm_source=google&utm_medium=organic&utm_campaign=gmb-service,,"206 S Main St, Farmerville, LA 71241, United States",206 S Main St,Farmerville,LA,71241,5.0,5,Auto body shop,,,https://www.google.com/maps/place/Benoit+Ford+North+Service/data=!4m7!3m6!1s0x862e1f8a59db49c5:0xe26358430b87bf0f!8m2!3d32.7728871!4d-92.4057812!16s%2Fg%2F11ll7j2v_6!19sChIJxUnbWYofLoYRD7-HC0NYY-I?authuser=0&hl=en&rclk=1,auto repair shop,Union Parish,county,LA,2026-07-30T10:01:50,0x862e1f8a59db49c5:0xe26358430b87bf0f
Chances Auto Service,(318) 368-9524,,,"505 Sterlington Hwy, Farmerville, LA 71241, United States",505 Sterlington Hwy,Farmerville,LA,71241,4.7,58,Auto repair shop,,,https://www.google.com/maps/place/Chances+Auto+Service/data=!4m7!3m6!1s0x862e1ebd1566e395:0x2caa596ad6175ad8!8m2!3d32.7731174!4d-92.4001142!16s%2Fg%2F11ckq2przw!19sChIJleNmFb0eLoYR2FoX1mpZqiw?authuser=0&hl=en&rclk=1,auto repair shop,Union Parish,county,LA,2026-07-30T10:01:50,0x862e1ebd1566e395:0x2caa596ad6175ad8
Farmerville Chevron,(318) 368-3243,,,"863 Railroad St, Farmerville, LA 71241, United States",863 Railroad St,Farmerville,LA,71241,4.1,9,Auto repair shop,,,https://www.google.com/maps/place/Farmerville+Chevron/data=!4m7!3m6!1s0x862e1ea446d3df3b:0xb6c258cdeee39425!8m2!3d32.782036!4d-92.3932261!16s%2Fg%2F1tf81zll!19sChIJO9_TRqQeLoYRJZTj7s1YwrY?authuser=0&hl=en&rclk=1,auto repair shop,Union Parish,county,LA,2026-07-30T10:01:50,0x862e1ea446d3df3b:0xb6c258cdeee39425
Farmerville Motors Chevrolet Service,(318) 608-2846,,,"1001 Sterlington Hwy, Farmerville, LA 71241, United States",1001 Sterlington Hwy,Farmerville,LA,71241,3.7,6,Auto repair shop,,,https://www.google.com/maps/place/Farmerville+Motors+Chevrolet+Service/data=!4m7!3m6!1s0x862e1ebcf0915371:0xc1f201324061063e!8m2!3d32.7697476!4d-92.3897082!16s%2Fg%2F11b6r_1_rm!19sChIJcVOR8LweLoYRPgZhQDIB8sE?authuser=0&hl=en&rclk=1,auto repair shop,Union Parish,county,LA,2026-07-30T10:01:50,0x862e1ebcf0915371:0xc1f201324061063e
Gray's Auto Repair,(318) 368-3243,,,"863 Railroad St, Farmerville, LA 71241, United States",863 Railroad St,Farmerville,LA,71241,4.9,23,Auto repair shop,,,https://www.google.com/maps/place/Gray%27s+Auto+Repair/data=!4m7!3m6!1s0x862e1ea65ad96bc1:0x9111ac15d2c59709!8m2!3d32.782003!4d-92.39314!16s%2Fg%2F11f04b4z36!19sChIJwWvZWqYeLoYRCZfF0hWsEZE?authuser=0&hl=en&rclk=1,auto repair shop,Union Parish,county,LA,2026-07-30T10:01:50,0x862e1ea65ad96bc1:0x9111ac15d2c59709
Grease Monkey,(318) 251-3685,,,"218 LA-151, Farmerville, LA 71241, United States",218 LA-151,Farmerville,LA,71241,2.3,3,Auto repair shop,,,https://www.google.com/maps/place/Grease+Monkey/data=!4m7!3m6!1s0x8631dfec6ed1b421:0xd2bc88158573e00a!8m2!3d32.6749992!4d-92.4743523!16s%2Fg%2F11vy2gq147!19sChIJIbTRbuzfMYYRCuBzhRWIvNI?authuser=0&hl=en&rclk=1,auto repair shop,Union Parish,county,LA,2026-07-30T10:01:50,0x8631dfec6ed1b421:0xd2bc88158573e00a
Independent Auto,(318) 368-8553,,,"301 E Water St, Farmerville, LA 71241, United States",301 E Water St,Farmerville,LA,71241,4.1,14,Auto repair shop,,,https://www.google.com/maps/place/Independent+Auto/data=!4m7!3m6!1s0x862e1e90b2c10821:0xcc5d34389a1f3717!8m2!3d32.7734909!4d-92.4036941!16s%2Fg%2F1wbry4cc!19sChIJIQjBspAeLoYRFzcfmjg0Xcw?authuser=0&hl=en&rclk=1,auto repair shop,Union Parish,county,LA,2026-07-30T10:01:50,0x862e1e90b2c10821:0xcc5d34389a1f3717
LA2 Oil & Lube,(318) 608-5331,https://www.facebook.com/profile.php?id=100091540974002,,"1040 Sterlington Hwy, Farmerville, LA 71241, United States",1040 Sterlington Hwy,Farmerville,LA,71241,4.4,12,Oil change service,,,https://www.google.com/maps/place/LA2+Oil+%26+Lube/data=!4m7!3m6!1s0x862e1fa311473bb5:0x3213d24d3eab953e!8m2!3d32.7690756!4d-92.3892801!16s%2Fg%2F11sstqbhw4!19sChIJtTtHEaMfLoYRPpWrPk3SEzI?authuser=0&hl=en&rclk=1,auto repair shop,Union Parish,county,LA,2026-07-30T10:01:50,0x862e1fa311473bb5:0x3213d24d3eab953e
Revive Auto Works,(318) 265-1108,,,"175 Haile Malone Rd, Farmerville, LA 71241, United States",175 Haile Malone Rd,Farmerville,LA,71241,5.0,4,Auto body shop,,,https://www.google.com/maps/place/Revive+Auto+Works/data=!4m7!3m6!1s0x862e17148c459dab:0xce47bce6d7d398cd!8m2!3d32.7466464!4d-92.2694113!16s%2Fg%2F11k6vh5dqh!19sChIJq51FjBQXLoYRzZjT1-a8R84?authuser=0&hl=en&rclk=1,auto repair shop,Union Parish,county,LA,2026-07-30T10:01:50,0x862e17148c459dab:0xce47bce6d7d398cd
Taylor Auto Body,(318) 368-3068,,,"6805 LA-2, Farmerville, LA 71241, United States",6805 LA-2,Farmerville,LA,71241,4.9,41,Auto body shop,,,https://www.google.com/maps/place/Taylor+Auto+Body/data=!4m7!3m6!1s0x862e190f047d6c99:0x43266987455021ea!8m2!3d32.7533959!4d-92.3425331!16s%2Fg%2F1vd95gl0!19sChIJmWx9BA8ZLoYR6iFQRYdpJkM?authuser=0&hl=en&rclk=1,auto repair shop,Union Parish,county,LA,2026-07-30T10:01:50,0x862e190f047d6c99:0x43266987455021ea
Taylor and sons Automotive,(318) 265-1747,,,"105 Gulley St, Farmerville, LA 71241, United States",105 Gulley St,Farmerville,LA,71241,4.8,13,Mechanic,,,https://www.google.com/maps/place/Taylor+and+sons+Automotive/data=!4m7!3m6!1s0x862e1fa722d8a4ff:0x1bf0bfdc73f0487f!8m2!3d32.7742707!4d-92.4020755!16s%2Fg%2F11nxg679kv!19sChIJ_6TYIqcfLoYRf0jwc9y_8Bs?authuser=0&hl=en&rclk=1,auto repair shop,Union Parish,county,LA,2026-07-30T10:01:50,0x862e1fa722d8a4ff:0x1bf0bfdc73f0487f
UNION COLLISION CENTER,(318) 368-5479,,,"101Gulley ST, Farmerville, LA 71241, United States",101Gulley ST,Farmerville,LA,71241,5.0,1,Auto body shop,,,https://www.google.com/maps/place/UNION+COLLISION+CENTER/data=!4m7!3m6!1s0x862e1f2e14c338bd:0xdefbde79b0fc24c9!8m2!3d32.7741036!4d-92.402077!16s%2Fg%2F11t1rjjn_s!19sChIJvTjDFC4fLoYRyST8sHne-94?authuser=0&hl=en&rclk=1,auto repair shop,Union Parish,county,LA,2026-07-30T10:01:50,0x862e1f2e14c338bd:0xdefbde79b0fc24c9
Union Glass,(318) 368-9515,,,"103 N Lafayette St, Farmerville, LA 71241, United States",103 N Lafayette St,Farmerville,LA,71241,4.8,38,Glass shop,,,https://www.google.com/maps/place/Union+Glass/data=!4m7!3m6!1s0x862e1e998767e537:0xbb55fe0c3e31cf01!8m2!3d32.7744033!4d-92.4062995!16s%2Fg%2F1tddy40d!19sChIJN-Vnh5keLoYRAc8xPgz-Vbs?authuser=0&hl=en&rclk=1,auto repair shop,Union Parish,county,LA,2026-07-30T10:01:50,0x862e1e998767e537:0xbb55fe0c3e31cf01
WILLIAMS SERVICES,(318) 327-0037,,,"624 Vergie Page Dr, Farmerville, LA 71241, United States",624 Vergie Page Dr,Farmerville,LA,71241,4.7,12,Truck repair shop,,,https://www.google.com/maps/place/WILLIAMS+SERVICES/data=!4m7!3m6!1s0xae0722fbecc0abd7:0xe949c8cb678a67b8!8m2!3d32.7763513!4d-92.4120125!16s%2Fg%2F11w8_12rj0!19sChIJ16vA7PsiB64RuGeKZ8vISek?authuser=0&hl=en&rclk=1,auto repair shop,Union Parish,county,LA,2026-07-30T10:01:50,0xae0722fbecc0abd7:0xe949c8cb678a67b8
Don's Auto Repair & Sales & Tires,(337) 756-2278,,,"1520 US-165, Fenton, LA 70640, United States",1520 US-165,Fenton,LA,70640,4.6,40,Auto repair shop,,,https://www.google.com/maps/place/Don%27s+Auto+Repair+%26+Sales+%26+Tires/data=!4m7!3m6!1s0x863b6b4ff91d16a9:0x71d9a59cf59d6b2!8m2!3d30.3663162!4d-92.9171179!16s%2Fg%2F1tqyfwn7!19sChIJqRYd-U9rO4YRstZZz1maHQc?authuser=0&hl=en&rclk=1,auto repair shop,Allen Parish,county,LA,2026-07-29T09:58:43,0x863b6b4ff91d16a9:0x71d9a59cf59d6b2
Case Alignment Service,(318) 719-9849,https://www.facebook.com/share/1AR9zraCmM/?mibextid=wwXIfr,,"6822 US-84, Ferriday, LA 71334, United States",6822 US-84,Ferriday,LA,71334,5.0,1,Mechanic,,,https://www.google.com/maps/place/Case+Alignment+Service/data=!4m7!3m6!1s0x86258b472d357839:0xe4615190fdd51866!8m2!3d31.6117832!4d-91.5352455!16s%2Fg%2F11m_83b7wk!19sChIJOXg1LUeLJYYRZhjV_ZBRYeQ?authuser=0&hl=en&rclk=1,auto repair shop,Concordia Parish,county,LA,2026-07-29T12:17:33,0x86258b472d357839:0xe4615190fdd51866
Fixed income home and auto repair,(615) 818-4929,,,"505 Texas Ave, Ferriday, LA 71334, United States",505 Texas Ave,Ferriday,LA,71334,,,Car repair and maintenance service,,,https://www.google.com/maps/place/Fixed+income+home+and+auto+repair/data=!4m7!3m6!1s0x862f616abc2cb0cd:0xcf0f831130423e1d!8m2!3d31.6312196!4d-91.5565766!16s%2Fg%2F11zgt8l1s7!19sChIJzbAsvGphL4YRHT5CMBGDD88?authuser=0&hl=en&rclk=1,auto repair shop,Tensas Parish,county,LA,2026-07-30T09:33:29,0x862f616abc2cb0cd:0xcf0f831130423e1d
JRG Industrial Diesel,(318) 421-4445,https://www.jrgindustrialdieselservice.com/,,"458 Deacon Wailes Rd, Ferriday, LA 71334, United States",458 Deacon Wailes Rd,Ferriday,LA,71334,4.8,9,Diesel engine repair service,,,https://www.google.com/maps/place/JRG+Industrial+Diesel/data=!4m7!3m6!1s0x86258bd19b107595:0x6050b0c0283f2560!8m2!3d31.6026763!4d-91.5402203!16s%2Fg%2F11fssj3cdh!19sChIJlXUQm9GLJYYRYCU_KMCwUGA?authuser=0&hl=en&rclk=1,auto repair shop,Catahoula Parish,county,LA,2026-07-29T11:59:56,0x86258bd19b107595:0x6050b0c0283f2560
Lakeside Ford Service Department,(318) 757-3691,https://www.lakesidefordferriday.com/service.aspx,,"6074 US-84, Ferriday, LA 71334, United States",6074 US-84,Ferriday,LA,71334,5.0,2,Auto repair shop,,,https://www.google.com/maps/place/Lakeside+Ford+Service+Department/data=!4m7!3m6!1s0x8625f55196bbf927:0x8f38c986c466c80c!8m2!3d31.6007291!4d-91.5157943!16s%2Fg%2F11ftqcv_yl!19sChIJJ_m7llH1JYYRDMhmxIbJOI8?authuser=0&hl=en&rclk=1,auto repair shop,Catahoula Parish,county,LA,2026-07-29T11:59:56,0x8625f55196bbf927:0x8f38c986c466c80c
Lucky's Cycle Supply,(318) 715-8188,,,"110 George Wilson Rd, Ferriday, LA 71334, United States",110 George Wilson Rd,Ferriday,LA,71334,5.0,13,Motorcycle repair shop,,,https://www.google.com/maps/place/Lucky%27s+Cycle+Supply/data=!4m7!3m6!1s0x8625f54cc4a4cc51:0x2f2775f655daf9c!8m2!3d31.6042652!4d-91.5196151!16s%2Fg%2F1261gf_lr!19sChIJUcykxEz1JYYRnK9dZV938gI?authuser=0&hl=en&rclk=1,auto repair shop,Catahoula Parish,county,LA,2026-07-29T11:59:56,0x8625f54cc4a4cc51:0x2f2775f655daf9c
Nelson's Repair,(318) 757-7773,,,"245 Mimosa Dr, Ferriday, LA 71334, United States",245 Mimosa Dr,Ferriday,LA,71334,3.0,4,Auto parts store,,,https://www.google.com/maps/place/Nelson%27s+Repair/data=!4m7!3m6!1s0x86258ab33e9fda9f:0x96c04d45b8e8af75!8m2!3d31.6031457!4d-91.5234927!16s%2Fg%2F1txnptxw!19sChIJn9qfPrOKJYYRda_ouEVNwJY?authuser=0&hl=en&rclk=1,auto repair shop,Concordia Parish,county,LA,2026-07-29T12:17:33,0x86258ab33e9fda9f:0x96c04d45b8e8af75
Slick's Tire Services,(318) 757-9230,,,"850 EE Wallace Boulevard S, Ferriday, LA 71334, United States",850 EE Wallace Boulevard S,Ferriday,LA,71334,4.5,33,Used tire shop,,,https://www.google.com/maps/place/Slick%27s+Tire+Services/data=!4m7!3m6!1s0x862f6036971d7d0d:0xe8f76a2a2d151588!8m2!3d31.6200714!4d-91.5542297!16s%2Fg%2F1tgp1544!19sChIJDX0dlzZgL4YRiBUVLSpq9-g?authuser=0&hl=en&rclk=1,auto repair shop,Tensas Parish,county,LA,2026-07-30T09:33:29,0x862f6036971d7d0d:0xe8f76a2a2d151588
Star Car Paint and Body Repair,(769) 355-4636,,,"1520 EE Wallace Boulevard, Ferriday, LA 71334, United States",1520 EE Wallace Boulevard,Ferriday,LA,71334,1.0,1,Auto body shop,,,https://www.google.com/maps/place/Star+Car+Paint+and+Body+Repair/data=!4m7!3m6!1s0x862f6139a49a80c5:0x1ece419928336f36!8m2!3d31.6444457!4d-91.5547535!16s%2Fg%2F11y422g1_1!19sChIJxYCapDlhL4YRNm8zKJlBzh4?authuser=0&hl=en&rclk=1,auto repair shop,Tensas Parish,county,LA,2026-07-30T09:33:29,0x862f6139a49a80c5:0x1ece419928336f36
Triage Garage Offroad,(985) 687-1619,http://www.triagegarageoffroad.com/,triagegarageoffroad@gmail.com,"6822 US-84, Ferriday, LA 71334, United States",6822 US-84,Ferriday,LA,71334,3.8,30,ATV repair shop,,,https://www.google.com/maps/place/Triage+Garage+Offroad/data=!4m7!3m6!1s0x86258b007869c825:0x5a898bdd53b839b2!8m2!3d31.6119355!4d-91.5352081!16s%2Fg%2F11wbz0k3cq!19sChIJJchpeACLJYYRsjm4U92LiVo?authuser=0&hl=en&rclk=1,auto repair shop,Catahoula Parish,county,LA,2026-07-29T11:59:56,0x86258b007869c825:0x5a898bdd53b839b2
White Body Shop,(318) 757-4158,,,"1408 N 1st St, Ferriday, LA 71334, United States",1408 N 1st St,Ferriday,LA,71334,3.7,7,Auto body shop,,,https://www.google.com/maps/place/White+Body+Shop/data=!4m7!3m6!1s0x862f602fa65467e5:0xb8c5d7de36d88f19!8m2!3d31.6275893!4d-91.551751!16s%2Fg%2F1tfpk5gt!19sChIJ5WdUpi9gL4YRGY_YNt7Xxbg?authuser=0&hl=en&rclk=1,auto repair shop,Catahoula Parish,county,LA,2026-07-29T11:59:56,0x862f602fa65467e5:0xb8c5d7de36d88f19
Folsom Auto Service,(985) 796-4055,,,"13337 Garfield St, Folsom, LA 70437, United States",13337 Garfield St,Folsom,LA,70437,4.6,29,Auto repair shop,,,https://www.google.com/maps/place/Folsom+Auto+Service/data=!4m7!3m6!1s0x86276f77e0876e03:0xd9d9b9d70db9bdc0!8m2!3d30.629192!4d-90.1874492!16s%2Fg%2F11vxlw2gsj!19sChIJA26H4HdvJ4YRwL25Dde52dk?authuser=0&hl=en&rclk=1,auto repair shop,Washington Parish,county,LA,2026-07-30T10:37:12,0x86276f77e0876e03:0xd9d9b9d70db9bdc0
Gene's Tire Centers,(985) 796-3333,https://genestirecenters.com/,,"82287 LA-25, Folsom, LA 70437, United States",82287 LA-25,Folsom,LA,70437,4.6,64,Tire shop,,,https://www.google.com/maps/place/Gene%27s+Tire+Centers/data=!4m7!3m6!1s0x86276ed7ce0a4af9:0x511ee80ae3443c86!8m2!3d30.6288659!4d-90.1876416!16s%2Fg%2F1tklqxt3!19sChIJ-UoKztduJ4YRhjxE4wroHlE?authuser=0&hl=en&rclk=1,auto repair shop,Washington Parish,county,LA,2026-07-30T10:37:12,0x86276ed7ce0a4af9:0x511ee80ae3443c86
Auto Skills Craft Center,(726) 780-1369,https://polk.armymwr.com/programs/auto-skills-center,,"2651 Louisiana Ave, Fort Johnson South, LA 71459, United States",2651 Louisiana Ave,Fort Johnson South,LA,71459,4.4,64,Auto repair shop,,,https://www.google.com/maps/place/Auto+Skills+Craft+Center/data=!4m7!3m6!1s0x863a5a0ac2a8cc49:0xbc41e33106d4e844!8m2!3d31.0423514!4d-93.1968212!16s%2Fg%2F11c55k28jw!19sChIJScyowgpaOoYRROjUBjHjQbw?authuser=0&hl=en&rclk=1,auto repair shop,Vernon Parish,county,LA,2026-07-30T10:24:11,0x863a5a0ac2a8cc49:0xbc41e33106d4e844
AUTOMOTIVE REPAIR SHOP,(337) 828-1422,https://www.facebook.com/automotiverepairshop/,,"1001 Carol St, Franklin, LA 70538, United States",1001 Carol St,Franklin,LA,70538,4.3,26,Oil change service,,,https://www.google.com/maps/place/AUTOMOTIVE+REPAIR+SHOP/data=!4m7!3m6!1s0x8623eab9108b3391:0xb9d094dd74c65112!8m2!3d29.7999954!4d-91.5084817!16s%2Fg%2F1tflms_c!19sChIJkTOLELnqI4YRElHGdN2U0Lk?authuser=0&hl=en&rclk=1,auto repair shop,St. Martin Parish,county,LA,2026-07-30T09:03:24,0x8623eab9108b3391:0xb9d094dd74c65112
Backwoods 4x4,(985) 795-3388,,,"225 11th Ave, Franklinton, LA 70438, United States",225 11th Ave,Franklinton,LA,70438,4.6,9,Auto repair shop,,,https://www.google.com/maps/place/Backwoods+4x4/data=!4m7!3m6!1s0x862777835a6e2485:0x5f5152de83b551a3!8m2!3d30.8548232!4d-90.1580696!16s%2Fg%2F11ddxqtbfv!19sChIJhSRuWoN3J4YRo1G1g95SUV8?authuser=0&hl=en&rclk=1,auto repair shop,Washington Parish,county,LA,2026-07-30T10:37:12,0x862777835a6e2485:0x5f5152de83b551a3
Barber's Collision & Glass,(985) 839-3655,,,"1321 Washington St, Franklinton, LA 70438, United States",1321 Washington St,Franklinton,LA,70438,5.0,17,Auto body shop,,,https://www.google.com/maps/place/Barber%27s+Collision+%26+Glass/data=!4m7!3m6!1s0x8627777ee010e5c3:0x31a451ead03aa950!8m2!3d30.8482714!4d-90.1506975!16s%2Fg%2F1tgz5vnl!19sChIJw-UQ4H53J4YRUKk60OpRpDE?authuser=0&hl=en&rclk=1,auto repair shop,Washington Parish,county,LA,2026-07-30T10:37:12,0x8627777ee010e5c3:0x31a451ead03aa950
Barber’s Auto Repair,(985) 482-1199,,,"225 11th Ave, Franklinton, LA 70438, United States",225 11th Ave,Franklinton,LA,70438,,,Auto repair shop,,,https://www.google.com/maps/place/Barber%E2%80%99s+Auto+Repair/data=!4m7!3m6!1s0x862777c9ebc95a7d:0xdf1e252488982bc5!8m2!3d30.8548232!4d-90.1580696!16s%2Fg%2F11z5_vp8z4!19sChIJfVrJ68l3J4YRxSuYiCQlHt8?authuser=0&hl=en&rclk=1,auto repair shop,Washington Parish,county,LA,2026-07-30T10:37:12,0x862777c9ebc95a7d:0xdf1e252488982bc5
Bickham's & Son Garage,(985) 839-9683,,,"608 12th Ave, Franklinton, LA 70438, United States",608 12th Ave,Franklinton,LA,70438,3.0,3,Auto repair shop,,,https://www.google.com/maps/place/Bickham%27s+%26+Son+Garage/data=!4m7!3m6!1s0x862777823c42bc17:0xa01a1d7af2217231!8m2!3d30.8514395!4d-90.155003!16s%2Fg%2F1tdvq2yl!19sChIJF7xCPIJ3J4YRMXIh8nodGqA?authuser=0&hl=en&rclk=1,auto repair shop,Washington Parish,county,LA,2026-07-30T10:37:12,0x862777823c42bc17:0xa01a1d7af2217231
Blossman Petroleum & Tire,(985) 839-4753,,,"1001 Pearl St, Franklinton, LA 70438, United States",1001 Pearl St,Franklinton,LA,70438,3.9,10,Auto repair shop,,,https://www.google.com/maps/place/Blossman+Petroleum+%26+Tire/data=!4m7!3m6!1s0x8627777956e1ac4b:0xe1ca72c600f7ad4f!8m2!3d30.8456244!4d-90.1532279!16s%2Fg%2F1td4_6j_!19sChIJS6zhVnl3J4YRT633AMZyyuE?authuser=0&hl=en&rclk=1,auto repair shop,Washington Parish,county,LA,2026-07-30T10:37:12,0x8627777956e1ac4b:0xe1ca72c600f7ad4f
Carquest Auto Parts - PERRY'S AUTO PARTS,(985) 839-3011,https://www.carquest.com/locations/la/franklinton/15376/,,"223 11th Ave, Franklinton, LA 70438, United States",223 11th Ave,Franklinton,LA,70438,4.7,22,Auto parts store,,,https://www.google.com/maps/place/Carquest+Auto+Parts+-+PERRY%27S+AUTO+PARTS/data=!4m7!3m6!1s0x862777388b4a4a13:0xe5d4900c58d7dc93!8m2!3d30.8549322!4d-90.1580342!16s%2Fg%2F11g0msfs8d!19sChIJE0pKizh3J4YRk9zXWAyQ1OU?authuser=0&hl=en&rclk=1,auto repair shop,Washington Parish,county,LA,2026-07-30T10:37:12,0x862777388b4a4a13:0xe5d4900c58d7dc93
Cjs Automotive,(985) 335-5064,,,"1420 Greenlaw St, Franklinton, LA 70438, United States",1420 Greenlaw St,Franklinton,LA,70438,4.4,16,Auto repair shop,,,https://www.google.com/maps/place/Cjs+Automotive/data=!4m7!3m6!1s0x862779b3bddba9dd:0xbfb9696bfe6d1081!8m2!3d30.8491357!4d-90.1493891!16s%2Fg%2F11s3y0kntw!19sChIJ3anbvbN5J4YRgRBt_mtpub8?authuser=0&hl=en&rclk=1,auto repair shop,Washington Parish,county,LA,2026-07-30T10:37:12,0x862779b3bddba9dd:0xbfb9696bfe6d1081
Crown Auto Sales,(985) 839-5218,,,"2200 Washington St, Franklinton, LA 70438, United States",2200 Washington St,Franklinton,LA,70438,4.4,27,Used car dealer,,,https://www.google.com/maps/place/Crown+Auto+Sales/data=!4m7!3m6!1s0x862779ca55f61b25:0x5a6b08b5f26dd063!8m2!3d30.8468647!4d-90.1311514!16s%2Fg%2F1tn064nj!19sChIJJRv2Vcp5J4YRY9Bt8rUIa1o?authuser=0&hl=en&rclk=1,auto repair shop,Washington Parish,county,LA,2026-07-30T10:37:12,0x862779ca55f61b25:0x5a6b08b5f26dd063
Da' Shop Customs,(985) 775-2275,,,"31513 Schroeder Rd **CALL - FOR - APPOINTMENT**, Franklinton, LA 70438, United States",31513 Schroeder Rd **CALL - FOR - APPOINTMENT**,Franklinton,LA,70438,,,Auto painting,,,https://www.google.com/maps/place/Da%27+Shop+Customs/data=!4m7!3m6!1s0x86279b2dccaed9dd:0xb0ac8a71832dae83!8m2!3d30.989911!4d-90.1825393!16s%2Fg%2F11rffjjq8h!19sChIJ3dmuzC2bJ4YRg64tg3GKrLA?authuser=0&hl=en&rclk=1,auto repair shop,Washington Parish,county,LA,2026-07-30T10:37:12,0x86279b2dccaed9dd:0xb0ac8a71832dae83
Dannys Tires,(985) 549-4942,https://www.facebook.com/share/1B9r7sgc9o/,,"116 Magee St, Franklinton, LA 70438, United States",116 Magee St,Franklinton,LA,70438,5.0,7,Tire shop,,,https://www.google.com/maps/place/Dannys+Tires/data=!4m7!3m6!1s0x8627773e146b1ca1:0x3c01042f1bf2b992!8m2!3d30.8477522!4d-90.1529433!16s%2Fg%2F11xt2d6484!19sChIJoRxrFD53J4YRkrnyGy8EATw?authuser=0&hl=en&rclk=1,auto repair shop,Washington Parish,county,LA,2026-07-30T10:37:12,0x8627773e146b1ca1:0x3c01042f1bf2b992
Enon Automotive LLC,(985) 278-0330,,,"48511 LA-437, Franklinton, LA 70438, United States",48511 LA-437,Franklinton,LA,70438,3.8,10,Auto repair shop,,,https://www.google.com/maps/place/Enon+Automotive+LLC/data=!4m7!3m6!1s0x86277b2210829dd5:0x5a34d9d9b5ced32e!8m2!3d30.72693!4d-90.083985!16s%2Fg%2F11v3st3qc7!19sChIJ1Z2CECJ7J4YRLtPOtdnZNFo?authuser=0&hl=en&rclk=1,auto repair shop,Washington Parish,county,LA,2026-07-30T10:37:12,0x86277b2210829dd5:0x5a34d9d9b5ced32e
Family Auto Maintenance and Detail,(985) 335-4252,http://superior-autoservices.com/,,"1002 Mill St, Franklinton, LA 70438, United States",1002 Mill St,Franklinton,LA,70438,5.0,2,Car detailing service,,,https://www.google.com/maps/place/Family+Auto+Maintenance+and+Detail/data=!4m7!3m6!1s0x86277710c318392d:0x3ddd8ef73c43baac!8m2!3d30.8463841!4d-90.1557519!16s%2Fg%2F11j4fcz03f!19sChIJLTkYwxB3J4YRrLpDPPeO3T0?authuser=0&hl=en&rclk=1,auto repair shop,Washington Parish,county,LA,2026-07-30T10:37:12,0x86277710c318392d:0x3ddd8ef73c43baac
Franklinton Auto Repair,(985) 335-2422,,,"24819 Twin Oaks Rd, Franklinton, LA 70438, United States",24819 Twin Oaks Rd,Franklinton,LA,70438,2.0,4,Auto repair shop,,,https://www.google.com/maps/place/Franklinton+Auto+Repair/data=!4m7!3m6!1s0x8627777f995bf577:0x685ba5d846a22b5!8m2!3d30.8900583!4d-90.0864451!16s%2Fg%2F11clsv_85n!19sChIJd_VbmX93J4YRtSJqhF26hQY?authuser=0&hl=en&rclk=1,auto repair shop,Washington Parish,county,LA,2026-07-30T10:37:12,0x8627777f995bf577:0x685ba5d846a22b5
Gene's Tire Centers,(985) 839-2823,https://genestirecenters.com/,,"1939 Washington St, Franklinton, LA 70438, United States",1939 Washington St,Franklinton,LA,70438,4.2,73,Tire shop,,,https://www.google.com/maps/place/Gene%27s+Tire+Centers/data=!4m7!3m6!1s0x862779cd84fb89d5:0x3a2b95660c0d4661!8m2!3d30.846815!4d-90.1384198!16s%2Fg%2F1tx8tkx9!19sChIJ1Yn7hM15J4YRYUYNDGaVKzo?authuser=0&hl=en&rclk=1,auto repair shop,Washington Parish,county,LA,2026-07-30T10:37:12,0x862779cd84fb89d5:0x3a2b95660c0d4661
Goings Body Shop,(985) 839-2355,,,"20299 LA-25, Franklinton, LA 70438, United States",20299 LA-25,Franklinton,LA,70438,3.0,6,Auto body shop,,,https://www.google.com/maps/place/Goings+Body+Shop/data=!4m7!3m6!1s0x86277739dec20abb:0xd1882d90212d0855!8m2!3d30.8174223!4d-90.1724127!16s%2Fg%2F1tjg_qxy!19sChIJuwrC3jl3J4YRVQgtIZAtiNE?authuser=0&hl=en&rclk=1,auto repair shop,Washington Parish,county,LA,2026-07-30T10:37:12,0x86277739dec20abb:0xd1882d90212d0855
H & B Customs,(985) 839-7247,,,"16484 LA-450, Franklinton, LA 70438, United States",16484 LA-450,Franklinton,LA,70438,4.5,2,Auto body shop,,,https://www.google.com/maps/place/H+%26+B+Customs/data=!4m7!3m6!1s0x862773b3b49cb40f:0x2ad97f5433b2e316!8m2!3d30.7618551!4d-90.2498036!16s%2Fg%2F1w3w3d7n!19sChIJD7SctLNzJ4YRFuOyM1R_2So?authuser=0&hl=en&rclk=1,auto repair shop,Washington Parish,county,LA,2026-07-30T10:37:12,0x862773b3b49cb40f:0x2ad97f5433b2e316
Hackley Hot Rods & Restoration,(985) 795-9898,,,"5034 47164, LA-438, Franklinton, LA 70438, United States","5034 47164, LA-438",Franklinton,LA,70438,5.0,4,Tire shop,,,https://www.google.com/maps/place/Hackley+Hot+Rods+%26+Restoration/data=!4m7!3m6!1s0x8627847b193f2727:0x812db86c6b4b6f93!8m2!3d30.9973804!4d-90.1054076!16s%2Fg%2F1wfcphr7!19sChIJJyc_GXuEJ4YRk29La2y4LYE?authuser=0&hl=en&rclk=1,auto repair shop,Washington Parish,county,LA,2026-07-30T10:37:12,0x8627847b193f2727:0x812db86c6b4b6f93
Herbert Mckenzie Body Repair,(985) 848-5288,,,"31099 Conrad Seals Rd, Franklinton, LA 70438, United States",31099 Conrad Seals Rd,Franklinton,LA,70438,4.9,7,Auto body shop,,,https://www.google.com/maps/place/Herbert+Mckenzie+Body+Repair/data=!4m7!3m6!1s0x889d7e657eba10c1:0x4a6fd88d762fea6d!8m2!3d30.9735831!4d-89.9717607!16s%2Fg%2F1tt1h_k_!19sChIJwRC6fmV-nYgRbeovdo3Yb0o?authuser=0&hl=en&rclk=1,auto repair shop,Washington Parish,county,LA,2026-07-30T10:37:12,0x889d7e657eba10c1:0x4a6fd88d762fea6d
J & B Windshields,(985) 514-6789,,,"1002 Spring St, Franklinton, LA 70438, United States",1002 Spring St,Franklinton,LA,70438,4.2,18,Auto glass shop,,,https://www.google.com/maps/place/J+%26+B+Windshields/data=!4m7!3m6!1s0x8627777bc665686b:0x6da978c13d8f9d5d!8m2!3d30.8429311!4d-90.1558234!16s%2Fg%2F11f159gj24!19sChIJa2hlxnt3J4YRXZ2PPcF4qW0?authuser=0&hl=en&rclk=1,auto repair shop,Washington Parish,county,LA,2026-07-30T10:37:12,0x8627777bc665686b:0x6da978c13d8f9d5d
Jeff's Paint and Body Shop,(985) 839-2882,https://jeffspaintandbody.com/,jeffspaintandbody75@gmail.com,"49394 Murphy Hickman Rd, Franklinton, LA 70438, United States",49394 Murphy Hickman Rd,Franklinton,LA,70438,4.9,28,Auto body shop,,,https://www.google.com/maps/place/Jeff%27s+Paint+and+Body+Shop/data=!4m7!3m6!1s0x86277c1310bf07d5:0xc3d32a1484d21107!8m2!3d30.784109!4d-90.062704!16s%2Fg%2F11c5s9f78z!19sChIJ1Qe_EBN8J4YRBxHShBQq08M?authuser=0&hl=en&rclk=1,auto repair shop,Washington Parish,county,LA,2026-07-30T10:37:12,0x86277c1310bf07d5:0xc3d32a1484d21107
Lane’s Auto Repair,(985) 222-0842,,,"225 11th Ave, Franklinton, LA 70438, United States",225 11th Ave,Franklinton,LA,70438,2.3,3,Mechanic,,,https://www.google.com/maps/place/Lane%E2%80%99s+Auto+Repair/data=!4m7!3m6!1s0x862777332ff735e9:0x2f36421b0b77a6d!8m2!3d30.8548232!4d-90.1580696!16s%2Fg%2F11x0nsq95d!19sChIJ6TX3LzN3J4YRbXq3sCFk8wI?authuser=0&hl=en&rclk=1,auto repair shop,Washington Parish,county,LA,2026-07-30T10:37:12,0x862777332ff735e9:0x2f36421b0b77a6d
Mikes Mobile Tires,(985) 400-1131,https://mikesmobiletires.com/,contact@sansoxygen.com,"22226 John D Wood Rd, Franklinton, LA 70438, United States",22226 John D Wood Rd,Franklinton,LA,70438,4.9,20,Tire repair shop,,,https://www.google.com/maps/place/Mikes+Mobile+Tires/data=!4m7!3m6!1s0x86276f973f657645:0xd5ab277e7c21a143!8m2!3d30.8426379!4d-90.1349549!16s%2Fg%2F11vl46jhb2!19sChIJRXZlP5dvJ4YRQ6EhfH4nq9U?authuser=0&hl=en&rclk=1,auto repair shop,Washington Parish,county,LA,2026-07-30T10:37:12,0x86276f973f657645:0xd5ab277e7c21a143
Nate's Auto & Transmission,(985) 900-6067,,,"22028 Bateman St, Franklinton, LA 70438, United States",22028 Bateman St,Franklinton,LA,70438,1.0,3,Transmission shop,,,https://www.google.com/maps/place/Nate%27s+Auto+%26+Transmission/data=!4m7!3m6!1s0x862777af547f83cf:0x2d082a7122496841!8m2!3d30.8402906!4d-90.173185!16s%2Fg%2F11vylxfzc_!19sChIJz4N_VK93J4YRQWhJInEqCC0?authuser=0&hl=en&rclk=1,auto repair shop,Washington Parish,county,LA,2026-07-30T10:37:12,0x862777af547f83cf:0x2d082a7122496841
P & Z Tire Sales,(985) 205-4480,,,"28007 LA-424, Franklinton, LA 70438, United States",28007 LA-424,Franklinton,LA,70438,5.0,20,Tire shop,,,https://www.google.com/maps/place/P+%26+Z+Tire+Sales/data=!4m7!3m6!1s0x862781803d152e49:0xc07edfc4c7176422!8m2!3d30.9168694!4d-90.013742!16s%2Fg%2F11hz_3tst2!19sChIJSS4VPYCBJ4YRImQXx8TffsA?authuser=0&hl=en&rclk=1,auto repair shop,Washington Parish,county,LA,2026-07-30T10:37:12,0x862781803d152e49:0xc07edfc4c7176422
Pinnacle RV LLC,(985) 351-4386,,,"13421 LA-25, Franklinton, LA 70438, United States",13421 LA-25,Franklinton,LA,70438,5.0,2,RV repair shop,,,https://www.google.com/maps/place/Pinnacle+RV+LLC/data=!4m7!3m6!1s0x8627716ab29ecf2b:0x4ef4fbf80bb75d0b!8m2!3d30.7200752!4d-90.1818752!16s%2Fg%2F11yrh54xt3!19sChIJK8-esmpxJ4YRC123C_j79E4?authuser=0&hl=en&rclk=1,auto repair shop,Washington Parish,county,LA,2026-07-30T10:37:12,0x8627716ab29ecf2b:0x4ef4fbf80bb75d0b
Richard's Automotive and Powder Coating,(985) 335-5089,,,"1321-A Greenlaw St, Franklinton, LA 70438, United States",1321-A Greenlaw St,Franklinton,LA,70438,5.0,1,Auto repair shop,,,https://www.google.com/maps/place/Richard%27s+Automotive+and+Powder+Coating/data=!4m7!3m6!1s0x8627778809eb47b5:0x3828cb203f648204!8m2!3d30.8490755!4d-90.1511752!16s%2Fg%2F11xt4bq1db!19sChIJtUfrCYh3J4YRBIJkPyDLKDg?authuser=0&hl=en&rclk=1,auto repair shop,Washington Parish,county,LA,2026-07-30T10:37:12,0x8627778809eb47b5:0x3828cb203f648204
Richard's auto repair & alignment llc,(985) 335-7460,,,"30060 LA-25, Franklinton, LA 70438, United States",30060 LA-25,Franklinton,LA,70438,4.7,21,Tire repair shop,,,https://www.google.com/maps/place/Richard%27s+auto+repair+%26+alignment+llc/data=!4m7!3m6!1s0x86279dcadad41c03:0x3f69a10817e52702!8m2!3d30.9538512!4d-90.1788023!16s%2Fg%2F11kh9q5nb_!19sChIJAxzU2sqdJ4YRAiflFwihaT8?authuser=0&hl=en&rclk=1,auto repair shop,Washington Parish,county,LA,2026-07-30T10:37:12,0x86279dcadad41c03:0x3f69a10817e52702
Seal's Auto Services,(985) 839-3423,,,"936 Cleveland St, Franklinton, LA 70438, United States",936 Cleveland St,Franklinton,LA,70438,4.8,57,Gas station,,,https://www.google.com/maps/place/Seal%27s+Auto+Services/data=!4m7!3m6!1s0x862777778d43f14d:0x7c376e900e221ff9!8m2!3d30.8454264!4d-90.1565038!16s%2Fg%2F1tcx_5w3!19sChIJTfFDjXd3J4YR-R8iDpBuN3w?authuser=0&hl=en&rclk=1,auto repair shop,Washington Parish,county,LA,2026-07-30T10:37:12,0x862777778d43f14d:0x7c376e900e221ff9
Tate's Fast Oil LLC,(985) 322-2039,,,"942 15th Ave, Franklinton, LA 70438, United States",942 15th Ave,Franklinton,LA,70438,4.7,71,Oil change service,,,https://www.google.com/maps/place/Tate%27s+Fast+Oil+LLC/data=!4m7!3m6!1s0x862779d55af154df:0x481dc5c4579167ab!8m2!3d30.8489957!4d-90.1489822!16s%2Fg%2F11f3qwy9cl!19sChIJ31TxWtV5J4YRq2eRV8TFHUg?authuser=0&hl=en&rclk=1,auto repair shop,Washington Parish,county,LA,2026-07-30T10:37:12,0x862779d55af154df:0x481dc5c4579167ab
Team Transmission,(985) 795-3383,,,"22028 Bateman St, Franklinton, LA 70438, United States",22028 Bateman St,Franklinton,LA,70438,3.8,16,Transmission shop,,,https://www.google.com/maps/place/Team+Transmission/data=!4m7!3m6!1s0x862777cd3b3bb3a5:0x29c6dec4823b6faf!8m2!3d30.8402906!4d-90.173185!16s%2Fg%2F11lm4ycq6t!19sChIJpbM7O813J4YRr287gsTexik?authuser=0&hl=en&rclk=1,auto repair shop,Washington Parish,county,LA,2026-07-30T10:37:12,0x862777cd3b3bb3a5:0x29c6dec4823b6faf
Tire Doctor,(985) 839-4104,,,"30183 LA-25, Franklinton, LA 70438, United States",30183 LA-25,Franklinton,LA,70438,4.5,122,Tire shop,,,https://www.google.com/maps/place/Tire+Doctor/data=!4m7!3m6!1s0x86279cf2286419f3:0x45d99a18cba72680!8m2!3d30.9572263!4d-90.1801083!16s%2Fg%2F1260w64lw!19sChIJ8xlkKPKcJ4YRgCanyxia2UU?authuser=0&hl=en&rclk=1,auto repair shop,Washington Parish,county,LA,2026-07-30T10:37:12,0x86279cf2286419f3:0x45d99a18cba72680
Toulouse Street Rods,(985) 966-3165,https://toulousestreetrods.com/,,"43706 Heidelberg Rd, Franklinton, LA 70438, United States",43706 Heidelberg Rd,Franklinton,LA,70438,4.6,13,Car repair and maintenance service,,,https://www.google.com/maps/place/Toulouse+Street+Rods/data=!4m7!3m6!1s0x86276fde642c0547:0x80c213341ee973e1!8m2!3d30.7071143!4d-90.1702991!16s%2Fg%2F11c1nxqrtz!19sChIJRwUsZN5vJ4YR4XPpHjQTwoA?authuser=0&hl=en&rclk=1,auto repair shop,Washington Parish,county,LA,2026-07-30T10:37:12,0x86276fde642c0547:0x80c213341ee973e1
Triple X Auto,(985) 839-3024,,,"20145 LA-25, Franklinton, LA 70438, United States",20145 LA-25,Franklinton,LA,70438,5.0,3,Auto repair shop,,,https://www.google.com/maps/place/Triple+X+Auto/data=!4m7!3m6!1s0x8627777ff07183bd:0x620567effbba6c23!8m2!3d30.8138644!4d-90.1715384!16s%2Fg%2F1tdmf7cv!19sChIJvYNx8H93J4YRI2y6--9nBWI?authuser=0&hl=en&rclk=1,auto repair shop,Washington Parish,county,LA,2026-07-30T10:37:12,0x8627777ff07183bd:0x620567effbba6c23
Vonte’s garage,(985) 335-4042,,,"43341 Legacy Ln, Franklinton, LA 70438, United States",43341 Legacy Ln,Franklinton,LA,70438,5.0,3,Auto repair shop,,,https://www.google.com/maps/place/Vonte%E2%80%99s+garage/data=!4m7!3m6!1s0x86276f32b32572e3:0x981924b5046644fc!8m2!3d30.7023456!4d-90.1715018!16s%2Fg%2F11ww69v9q1!19sChIJ43IlszJvJ4YR_ERmBLUkGZg?authuser=0&hl=en&rclk=1,auto repair shop,Washington Parish,county,LA,2026-07-30T10:37:12,0x86276f32b32572e3:0x981924b5046644fc
W B Tire,(985) 839-2860,,,"32012 LA-25, Franklinton, LA 70438, United States",32012 LA-25,Franklinton,LA,70438,1.0,1,Tire shop,,,https://www.google.com/maps/place/W+B+Tire/data=!4m7!3m6!1s0x86279b7e36276149:0xb8d5c4300534327d!8m2!3d30.9892428!4d-90.1838752!16s%2Fg%2F1w_vnmvn!19sChIJSWEnNn6bJ4YRfTI0BTDE1bg?authuser=0&hl=en&rclk=1,auto repair shop,Washington Parish,county,LA,2026-07-30T10:37:12,0x86279b7e36276149:0xb8d5c4300534327d
Walt Massey Chevrolet Franklinton,(985) 839-3535,https://www.waltmasseychevroletfranklinton.com/?utm_source=google+&utm_medium=organic&utm_campaign=gbp-listing,,"2127 Washington St, Franklinton, LA 70438, United States",2127 Washington St,Franklinton,LA,70438,4.8,232,Chevrolet dealer,,,https://www.google.com/maps/place/Walt+Massey+Chevrolet+Franklinton/data=!4m7!3m6!1s0x8627793718a1d6a3:0x82caa8cddceffcd6!8m2!3d30.8476855!4d-90.1327886!16s%2Fg%2F11y5gtdw06!19sChIJo9ahGDd5J4YR1vzv3M2oyoI?authuser=0&hl=en&rclk=1,auto repair shop,Washington Parish,county,LA,2026-07-30T10:37:12,0x8627793718a1d6a3:0x82caa8cddceffcd6
Walt Massey Chevrolet Franklinton Service and Parts,(985) 616-5083,https://www.waltmasseychevroletfranklinton.com/service/serviceandpartsspecials/,,"2127 Washington St, Franklinton, LA 70438, United States",2127 Washington St,Franklinton,LA,70438,,,Auto repair shop,,,https://www.google.com/maps/place/Walt+Massey+Chevrolet+Franklinton+Service+and+Parts/data=!4m7!3m6!1s0x862779d1e6fe9d3d:0x6518d831e052a78d!8m2!3d30.8474298!4d-90.1334118!16s%2Fg%2F11nthplhkt!19sChIJPZ3-5tF5J4YRjadS4DHYGGU?authuser=0&hl=en&rclk=1,auto repair shop,Washington Parish,county,LA,2026-07-30T10:37:12,0x862779d1e6fe9d3d:0x6518d831e052a78d
Edwards Repair Shop,(318) 435-4040,,,"8495 LA-15, Gilbert, LA 71336, United States",8495 LA-15,Gilbert,LA,71336,5.0,5,Auto repair shop,,,https://www.google.com/maps/place/Edwards+Repair+Shop/data=!4m7!3m6!1s0x862f12f180b0fcb3:0x918e2c79a01f705b!8m2!3d32.0184051!4d-91.6514285!16s%2Fg%2F1263gvvwx!19sChIJs_ywgPESL4YRW3AfoHksjpE?authuser=0&hl=en&rclk=1,auto repair shop,Tensas Parish,county,LA,2026-07-30T09:33:29,0x862f12f180b0fcb3:0x918e2c79a01f705b
A & M Body Shop of Ascension,(225) 644-3700,,,"39248 Hwy 74, Gonzales, LA 70737, United States",39248 Hwy 74,Gonzales,LA,70737,4.6,24,Auto body shop,,,https://www.google.com/maps/place/A+%26+M+Body+Shop+of+Ascension/data=!4m7!3m6!1s0x8626b686e93c088b:0x8acd6fcf94edf39d!8m2!3d30.2550837!4d-90.9469849!16s%2Fg%2F1261vttlv!19sChIJiwg86Ya2JoYRnfPtlM9vzYo?authuser=0&hl=en&rclk=1,auto repair shop,Ascension Parish,county,LA,2026-07-29T10:06:02,0x8626b686e93c088b:0x8acd6fcf94edf39d
Anytime mobile mechanics,(225) 461-1528,,,"42495 Cannon Rd, Gonzales, LA 70737, United States",42495 Cannon Rd,Gonzales,LA,70737,5.0,11,Auto repair shop,,,https://www.google.com/maps/place/Anytime+mobile+mechanics/data=!4m7!3m6!1s0x8626c91e014c9909:0x94a3b0c6654fb5e3!8m2!3d30.2545024!4d-90.8886716!16s%2Fg%2F11z9_bf2wt!19sChIJCZlMAR7JJoYR47VPZcawo5Q?authuser=0&hl=en&rclk=1,auto repair shop,Ascension Parish,county,LA,2026-07-29T10:06:02,0x8626c91e014c9909:0x94a3b0c6654fb5e3
Ascension Transmission,(225) 622-6080,,,"14146 LA-44 Ste 1, Gonzales, LA 70737, United States",14146 LA-44 Ste 1,Gonzales,LA,70737,4.3,29,Auto repair shop,,,https://www.google.com/maps/place/Ascension+Transmission/data=!4m7!3m6!1s0x8626b7cbddd89d81:0x6609ec02bb532d96!8m2!3d30.2735149!4d-90.9208349!16s%2Fg%2F1th0btdh!19sChIJgZ3Y3cu3JoYRli1TuwLsCWY?authuser=0&hl=en&rclk=1,auto repair shop,Ascension Parish,county,LA,2026-07-29T10:06:02,0x8626b7cbddd89d81:0x6609ec02bb532d96
Brakes for Less Gonzales,(225) 673-1195,https://brakesforlessshop.com/,officeone@youremail.com,"14440 Airline Hwy, Gonzales, LA 70737, United States",14440 Airline Hwy,Gonzales,LA,70737,4.6,96,Auto repair shop,,,https://www.google.com/maps/place/Brakes+for+Less+Gonzales/data=!4m7!3m6!1s0x8626b7288244b693:0x344c0d4aea7495ad!8m2!3d30.2791096!4d-90.9499385!16s%2Fg%2F11qp1m85r4!19sChIJk7ZEgii3JoYRrZV06koNTDQ?authuser=0&hl=en&rclk=1,auto repair shop,Ascension Parish,county,LA,2026-07-29T10:06:02,0x8626b7288244b693:0x344c0d4aea7495ad
CNC Auto Repair,(225) 644-7500,https://www.autorepairgonzales.com/,haydencardwell@yahoo.com,"12501 Airline Hwy, Gonzales, LA 70737, United States",12501 Airline Hwy,Gonzales,LA,70737,4.6,284,Auto repair shop,,,https://www.google.com/maps/place/CNC+Auto+Repair/data=!4m7!3m6!1s0x8626b67525fbb413:0xe4e144f3ec0d3822!8m2!3d30.25035!4d-90.9250317!16s%2Fg%2F1tgyx1yx!19sChIJE7T7JXW2JoYRIjgN7PNE4eQ?authuser=0&hl=en&rclk=1,auto repair shop,St. Martin Parish,county,LA,2026-07-30T09:03:24,0x8626b67525fbb413:0xe4e144f3ec0d3822
Carter's Auto Repair Shop,(225) 644-6191,,,"7192 Carter Rd, Gonzales, LA 70737, United States",7192 Carter Rd,Gonzales,LA,70737,5.0,19,Auto repair shop,,,https://www.google.com/maps/place/Carter%27s+Auto+Repair+Shop/data=!4m7!3m6!1s0x8626caa6b598f579:0xe255b10d950a8b3e!8m2!3d30.1729985!4d-90.9020533!16s%2Fg%2F1tf3bxgz!19sChIJefWYtabKJoYRPosKlQ2xVeI?authuser=0&hl=en&rclk=1,auto repair shop,Ascension Parish,county,LA,2026-07-29T10:06:02,0x8626caa6b598f579:0xe255b10d950a8b3e
Chabill's Tire & Auto Service,(225) 644-3374,https://chabillstire.com/locations/gonzales/,,"314 Louisiana 30 W, Gonzales, LA 70737, United States",314 Louisiana 30 W,Gonzales,LA,70737,4.8,1055,Tire shop,,,https://www.google.com/maps/place/Chabill%27s+Tire+%26+Auto+Service/data=!4m7!3m6!1s0x8626b59850a94049:0x5290fd29691c8067!8m2!3d30.2112679!4d-90.9224822!16s%2Fg%2F11cs2wk41n!19sChIJSUCpUJi1JoYRZ4AcaSn9kFI?authuser=0&hl=en&rclk=1,auto repair shop,St. Martin Parish,county,LA,2026-07-30T09:03:24,0x8626b59850a94049:0x5290fd29691c8067
Gonzales Car Care,(225) 644-5181,,,"1116 N Airline Hwy, Gonzales, LA 70737, United States",1116 N Airline Hwy,Gonzales,LA,70737,3.8,124,Car repair and maintenance service,,,https://www.google.com/maps/place/Gonzales+Car+Care/data=!4m7!3m6!1s0x8626b5e4a3c4a191:0x5ba4490b2e31a172!8m2!3d30.241905!4d-90.916194!16s%2Fg%2F1wz531yg!19sChIJkaHEo-S1JoYRcqExLgtJpFs?authuser=0&hl=en&rclk=1,auto repair shop,Ascension Parish,county,LA,2026-07-29T10:06:02,0x8626b5e4a3c4a191:0x5ba4490b2e31a172
Gonzales Tire & Automotive,(225) 644-2185,http://gonzalestire.com/,,"603 S Burnside Ave, Gonzales, LA 70737, United States",603 S Burnside Ave,Gonzales,LA,70737,4.2,116,Tire shop,,,https://www.google.com/maps/place/Gonzales+Tire+%26+Automotive/data=!4m7!3m6!1s0x8626b5eba32d02f9:0xfe365c85f0588823!8m2!3d30.2286222!4d-90.920906!16s%2Fg%2F1tgc9whr!19sChIJ-QIto-u1JoYRI4hY8IVcNv4?authuser=0&hl=en&rclk=1,auto repair shop,Ascension Parish,county,LA,2026-07-29T10:06:02,0x8626b5eba32d02f9:0xfe365c85f0588823
Good Cents Auto & Transmission,(225) 450-2971,http://autorepairsgonzales.com/,,"14146 LA-44, Gonzales, LA 70737, United States",14146 LA-44,Gonzales,LA,70737,4.6,102,Auto repair shop,,,https://www.google.com/maps/place/Good+Cents+Auto+%26+Transmission/data=!4m7!3m6!1s0x8626b63e68894731:0xb0372dda1a6bb6d1!8m2!3d30.2734358!4d-90.9208484!16s%2Fg%2F1thnp401!19sChIJMUeJaD62JoYR0bZrGtotN7A?authuser=0&hl=en&rclk=1,auto repair shop,Ascension Parish,county,LA,2026-07-29T10:06:02,0x8626b63e68894731:0xb0372dda1a6bb6d1
Guillory's Collision Center,(225) 622-4144,,,"14289 LA-44, Gonzales, LA 70737, United States",14289 LA-44,Gonzales,LA,70737,4.7,51,Auto body shop,,,https://www.google.com/maps/place/Guillory%27s+Collision+Center/data=!4m7!3m6!1s0x8626b63ecb06f11d:0x4bba82e8c3bf4e28!8m2!3d30.2777159!4d-90.9217246!16s%2Fg%2F1tf81zfm!19sChIJHfEGyz62JoYRKE6_w-iCuks?authuser=0&hl=en&rclk=1,auto repair shop,Ascension Parish,county,LA,2026-07-29T10:06:02,0x8626b63ecb06f11d:0x4bba82e8c3bf4e28
J Mac Auto,(225) 317-0092,,,"43084 Churchpoint Rd, Gonzales, LA 70737, United States",43084 Churchpoint Rd,Gonzales,LA,70737,4.8,18,Auto repair shop,,,https://www.google.com/maps/place/J+Mac+Auto/data=!4m7!3m6!1s0x8626cb5c6e4050cd:0xda43308a06c91d15!8m2!3d30.2417588!4d-90.8844583!16s%2Fg%2F11rf7srrd3!19sChIJzVBAblzLJoYRFR3JBoowQ9o?authuser=0&hl=en&rclk=1,auto repair shop,Ascension Parish,county,LA,2026-07-29T10:06:02,0x8626cb5c6e4050cd:0xda43308a06c91d15
Johnny Robinson Automotive,(225) 647-9408,https://www.johnnyrobinsonauto.com/,,"39143 Hwy 74, Gonzales, LA 70737, United States",39143 Hwy 74,Gonzales,LA,70737,4.7,32,Tire shop,,,https://www.google.com/maps/place/Johnny+Robinson+Automotive/data=!4m7!3m6!1s0x8626b6846e83f7f1:0xed7aeb1d6561edcd!8m2!3d30.2544027!4d-90.9502368!16s%2Fg%2F1vn_z9tp!19sChIJ8feDboS2JoYRze1hZR3reu0?authuser=0&hl=en&rclk=1,auto repair shop,Ascension Parish,county,LA,2026-07-29T10:06:02,0x8626b6846e83f7f1:0xed7aeb1d6561edcd
Kingpin Autosports,(225) 644-7728,https://kingpinautosports.com/,sales@kingpinautosports.com,"12560 Airline Hwy, Gonzales, LA 70737, United States",12560 Airline Hwy,Gonzales,LA,70737,4.7,402,Auto repair shop,,,https://www.google.com/maps/place/Kingpin+Autosports/data=!4m7!3m6!1s0x8626b674ca6689ef:0x42ea2e7762a72593!8m2!3d30.2522811!4d-90.9255371!16s%2Fg%2F1tf4fdbq!19sChIJ74lmynS2JoYRkyWnYncu6kI?authuser=0&hl=en&rclk=1,auto repair shop,Ascension Parish,county,LA,2026-07-29T10:06:02,0x8626b674ca6689ef:0x42ea2e7762a72593
Kirks Tires & Accessories,(225) 673-2023,http://kirkshastheworks.co/,luciano@latinotype.com,"1205 N Airline Hwy B, Gonzales, LA 70737, United States",1205 N Airline Hwy B,Gonzales,LA,70737,4.8,225,Tire shop,,,https://www.google.com/maps/place/Kirks+Tires+%26+Accessories/data=!4m7!3m6!1s0x8626b0a9dc0c458b:0xa0fea0d728ccb32a!8m2!3d30.2422741!4d-90.9180585!16s%2Fg%2F12hn0jhrp!19sChIJi0UM3KmwJoYRKrPMKNeg_qA?authuser=0&hl=en&rclk=1,auto repair shop,Ascension Parish,county,LA,2026-07-29T10:06:02,0x8626b0a9dc0c458b:0xa0fea0d728ccb32a
Mavis Tires & Brakes,(225) 228-5334,https://www.mavis.com/locations/gonzales-hwy-30-la?utm_source=yext&utm_medium=organic&utm_campaign=gmb&stnum=870,esupport1@mavistire.com,"1312 Louisiana 30 W, Gonzales, LA 70737, United States",1312 Louisiana 30 W,Gonzales,LA,70737,4.8,1717,Tire shop,,,https://www.google.com/maps/place/Mavis+Tires+%26+Brakes/data=!4m7!3m6!1s0x8626b5a56299ec7b:0x528300bf43ca1586!8m2!3d30.2111828!4d-90.9343202!16s%2Fg%2F1261xgxtm!19sChIJe-yZYqW1JoYRhhXKQ78Ag1I?authuser=0&hl=en&rclk=1,auto repair shop,Ascension Parish,county,LA,2026-07-29T10:06:02,0x8626b5a56299ec7b:0x528300bf43ca1586
Mavis Tires & Brakes,(225) 228-5948,https://www.mavis.com/locations/gonzales-dutchtown-la?utm_source=yext&utm_medium=organic&utm_campaign=gmb&stnum=874,esupport1@mavistire.com,"38006 LA-621, Gonzales, LA 70737, United States",38006 LA-621,Gonzales,LA,70737,4.8,1058,Tire shop,,,https://www.google.com/maps/place/Mavis+Tires+%26+Brakes/data=!4m7!3m6!1s0x8626b6b844181891:0xf09493bba607b4de!8m2!3d30.2695695!4d-90.9718166!16s%2Fg%2F11b7llfns8!19sChIJkRgYRLi2JoYR3rQHpruTlPA?authuser=0&hl=en&rclk=1,auto repair shop,Ascension Parish,county,LA,2026-07-29T10:06:02,0x8626b6b844181891:0xf09493bba607b4de
Minnick Automotive,(225) 647-9008,https://minnickautoservice.com/,,"1820 Louisiana 30 W, Gonzales, LA 70737, United States",1820 Louisiana 30 W,Gonzales,LA,70737,4.6,39,Auto repair shop,,,https://www.google.com/maps/place/Minnick+Automotive/data=!4m7!3m6!1s0x8626b5b342937445:0x41aef048a8971722!8m2!3d30.2113294!4d-90.9400247!16s%2Fg%2F11xvb9r8dp!19sChIJRXSTQrO1JoYRIheXqEjwrkE?authuser=0&hl=en&rclk=1,auto repair shop,Ascension Parish,county,LA,2026-07-29T10:06:02,0x8626b5b342937445:0x41aef048a8971722
Mobile Mechanic Solutions,(225) 450-7866,,,"1402 W New River St, Gonzales, LA 70737, United States",1402 W New River St,Gonzales,LA,70737,4.4,58,Mechanic,,,https://www.google.com/maps/place/Mobile+Mechanic+Solutions/data=!4m7!3m6!1s0x8626c955849808f1:0x2aeaff26b3bf3a6b!8m2!3d30.2433049!4d-90.9286731!16s%2Fg%2F11h4bwx3h_!19sChIJ8QiYhFXJJoYRazq_syb_6io?authuser=0&hl=en&rclk=1,auto repair shop,Ascension Parish,county,LA,2026-07-29T10:06:02,0x8626c955849808f1:0x2aeaff26b3bf3a6b
Mr Fixits,(225) 647-4416,http://www.misterfixits.com/,info@misterfixits.com,"213 W Cornerview St, Gonzales, LA 70737, United States",213 W Cornerview St,Gonzales,LA,70737,3.8,101,Auto repair shop,,,https://www.google.com/maps/place/Mr+Fixits/data=!4m7!3m6!1s0x8626b5e90e930d3d:0x46fc32c6a1af327c!8m2!3d30.2325955!4d-90.9220588!16s%2Fg%2F1v_z4pql!19sChIJPQ2TDum1JoYRfDKvocYy_EY?authuser=0&hl=en&rclk=1,auto repair shop,Ascension Parish,county,LA,2026-07-29T10:06:02,0x8626b5e90e930d3d:0x46fc32c6a1af327c
Next Level Auto Service,(225) 647-1350,,,"1738 N Airline Hwy Ste B, Gonzales, LA 70737, United States",1738 N Airline Hwy Ste B,Gonzales,LA,70737,4.0,4,Auto repair shop,,,https://www.google.com/maps/place/Next+Level+Auto+Service/data=!4m7!3m6!1s0x8626b7cfade9ea75:0xb37ca8f17f18bb4d!8m2!3d30.2482376!4d-90.9220113!16s%2Fg%2F11ywt8t_ft!19sChIJderprc-3JoYRTbsYf_GofLM?authuser=0&hl=en&rclk=1,auto repair shop,Ascension Parish,county,LA,2026-07-29T10:06:02,0x8626b7cfade9ea75:0xb37ca8f17f18bb4d
Oil-N-Geaux,(225) 647-2069,https://www.oilngeauxauto.com/,,"14139 LA-44, Gonzales, LA 70737, United States",14139 LA-44,Gonzales,LA,70737,4.5,280,Oil change service,,,https://www.google.com/maps/place/Oil-N-Geaux/data=!4m7!3m6!1s0x8626b63e4243f83f:0x9f24b384245c4d57!8m2!3d30.2734109!4d-90.921629!16s%2Fg%2F1pw3y57g2!19sChIJP_hDQj62JoYRV01cJISzJJ8?authuser=0&hl=en&rclk=1,auto repair shop,Ascension Parish,county,LA,2026-07-29T10:06:02,0x8626b63e4243f83f:0x9f24b384245c4d57
Patriot Automotive,(225) 210-8443,https://patriotautomotivela.com/services/,,"41028 LA-621, Gonzales, LA 70737, United States",41028 LA-621,Gonzales,LA,70737,4.9,236,Auto repair shop,,,https://www.google.com/maps/place/Patriot+Automotive/data=!4m7!3m6!1s0x8626b7077c2f367d:0x9c8bf3ac0f4cae83!8m2!3d30.2698022!4d-90.9201478!16s%2Fg%2F11fkr3tj97!19sChIJfTYvfAe3JoYRg65MD6zzi5w?authuser=0&hl=en&rclk=1,auto repair shop,Ascension Parish,county,LA,2026-07-29T10:06:02,0x8626b7077c2f367d:0x9c8bf3ac0f4cae83
Performance Auto Body Collision Center,(225) 647-2639,http://www.pabcollisioneast.com/,,"14155 Airline Hwy, Gonzales, LA 70737, United States",14155 Airline Hwy,Gonzales,LA,70737,4.9,97,Auto body shop,,,https://www.google.com/maps/place/Performance+Auto+Body+Collision+Center/data=!4m7!3m6!1s0x8626b6f517d25df1:0x43bb80e3e06e0a9d!8m2!3d30.2724156!4d-90.9455285!16s%2Fg%2F11bwqpvcf6!19sChIJ8V3SF_W2JoYRnQpu4OOAu0M?authuser=0&hl=en&rclk=1,auto repair shop,Ascension Parish,county,LA,2026-07-29T10:06:02,0x8626b6f517d25df1:0x43bb80e3e06e0a9d
Railroad Auto Plaza LLC,(225) 647-3000,,,"1311 N Burnside Ave, Gonzales, LA 70737, United States",1311 N Burnside Ave,Gonzales,LA,70737,4.6,114,Auto repair shop,,,https://www.google.com/maps/place/Railroad+Auto+Plaza+LLC/data=!4m7!3m6!1s0x8626b5e14f1ac403:0x237f0c5d41e560ea!8m2!3d30.2433138!4d-90.9212413!16s%2Fg%2F1tj2cc45!19sChIJA8QaT-G1JoYR6mDlQV0MfyM?authuser=0&hl=en&rclk=1,auto repair shop,Ascension Parish,county,LA,2026-07-29T10:06:02,0x8626b5e14f1ac403:0x237f0c5d41e560ea
Vargo Automotive,(225) 644-7930,https://www.facebook.com/vargoautomotive,,"13589 Airline Hwy, Gonzales, LA 70737, United States",13589 Airline Hwy,Gonzales,LA,70737,4.8,104,Auto repair shop,,,https://www.google.com/maps/place/Vargo+Automotive/data=!4m7!3m6!1s0x8626b6613b9858e7:0x40c7ccb5c3a5aa96!8m2!3d30.2671996!4d-90.9406033!16s%2Fg%2F1vhq41sk!19sChIJ51iYO2G2JoYRlqqlw7XMx0A?authuser=0&hl=en&rclk=1,auto repair shop,Ascension Parish,county,LA,2026-07-29T10:06:02,0x8626b6613b9858e7:0x40c7ccb5c3a5aa96
Voodoo Automotive Paint & Body,(225) 647-1004,http://www.voodoo-automotive.com/,,"1715 S Sonny Ave, Gonzales, LA 70737, United States",1715 S Sonny Ave,Gonzales,LA,70737,5.0,58,Auto repair shop,,,https://www.google.com/maps/place/Voodoo+Automotive+Paint+%26+Body/data=!4m7!3m6!1s0x8626b506154b5261:0xfb3d8b4a4b48a36e!8m2!3d30.2192361!4d-90.9449846!16s%2Fg%2F11vcv1m6k0!19sChIJYVJLFQa1JoYRbqNIS0qLPfs?authuser=0&hl=en&rclk=1,auto repair shop,Concordia Parish,county,LA,2026-07-29T12:17:33,0x8626b506154b5261:0xfb3d8b4a4b48a36e
Hill Tire & Lube,(318) 274-0400,,,"520 Main St, Grambling, LA 71245, United States",520 Main St,Grambling,LA,71245,4.5,27,Tire shop,,,https://www.google.com/maps/place/Hill+Tire+%26+Lube/data=!4m7!3m6!1s0x8631c619ff71f8df:0x264f7fd6590a2e9e!8m2!3d32.5196011!4d-92.7138383!16s%2Fg%2F1w6r8nck!19sChIJ3_hx_xnGMYYRni4KWdZ_TyY?authuser=0&hl=en&rclk=1,auto repair shop,Bienville Parish,county,LA,2026-07-29T10:55:15,0x8631c619ff71f8df:0x264f7fd6590a2e9e
Hill's Service Station,(318) 247-3369,,,"529 Main St, Grambling, LA 71245, United States",529 Main St,Grambling,LA,71245,4.6,20,Auto repair shop,,,https://www.google.com/maps/place/Hill%27s+Service+Station/data=!4m7!3m6!1s0x8631c619fe661cc7:0x9953507a4713407c!8m2!3d32.5191289!4d-92.7132111!16s%2Fg%2F1264gwb5f!19sChIJxxxm_hnGMYYRfEATR3pQU5k?authuser=0&hl=en&rclk=1,auto repair shop,Bienville Parish,county,LA,2026-07-29T10:55:15,0x8631c619fe661cc7:0x9953507a4713407c
Lv auto tech,(702) 305-4152,,,"265 Main St, Grambling, LA 71245, United States",265 Main St,Grambling,LA,71245,,,Mechanic,,,https://www.google.com/maps/place/Lv+auto+tech/data=!4m7!3m6!1s0x8631c7e20e123187:0x67ba6289fb50d7a2!8m2!3d32.5283465!4d-92.7136932!16s%2Fg%2F11yvyz5spz!19sChIJhzESDuLHMYYRotdQ-4liumc?authuser=0&hl=en&rclk=1,auto repair shop,Bienville Parish,county,LA,2026-07-29T10:55:15,0x8631c7e20e123187:0x67ba6289fb50d7a2
Savage Mechanics LLC,(318) 265-9644,,,"596 College Ave, Grambling, LA 71245, United States",596 College Ave,Grambling,LA,71245,2.0,1,Auto machine shop,,,https://www.google.com/maps/place/Savage+Mechanics+LLC/data=!4m7!3m6!1s0x8631c7aa51c67269:0x7f1b47e4cfe2fa46!8m2!3d32.5266299!4d-92.7294341!16s%2Fg%2F11mtd9gvgg!19sChIJaXLGUarHMYYRRvriz-RHG38?authuser=0&hl=en&rclk=1,auto repair shop,Claiborne Parish,county,LA,2026-07-29T12:07:58,0x8631c7aa51c67269:0x7f1b47e4cfe2fa46
Gonzales Tire & Automotive,(225) 869-3031,http://gonzalestire.com/,,"10838 LA-3125, Gramercy, LA 70052, United States",10838 LA-3125,Gramercy,LA,70052,4.7,41,Tire shop,,,https://www.google.com/maps/place/Gonzales+Tire+%26+Automotive/data=!4m7!3m6!1s0x86212c1e7462f173:0x5e2139cb5e0645a4!8m2!3d30.0625259!4d-90.7017609!16s%2Fg%2F1tfk9ck2!19sChIJc_FidB4sIYYRpEUGXss5IV4?authuser=0&hl=en&rclk=1,auto repair shop,Assumption Parish,county,LA,2026-07-29T10:20:35,0x86212c1e7462f173:0x5e2139cb5e0645a4
Performance Glass Works,(985) 219-0909,http://www.performanceglassworks.com/,sales@performanceglassworks.com,"308 Technology Ln, Gray, LA 70359, United States",308 Technology Ln,Gray,LA,70359,5.0,72,Auto glass shop,,,https://www.google.com/maps/place/Performance+Glass+Works/data=!4m7!3m6!1s0x86211c2c5efbe861:0xb3931984258e112!8m2!3d29.6880347!4d-90.7797786!16s%2Fg%2F1th49rrr!19sChIJYej7XiwcIYYREuFYQpgxOQs?authuser=0&hl=en&rclk=1,auto repair shop,Assumption Parish,county,LA,2026-07-29T10:20:35,0x86211c2c5efbe861:0xb3931984258e112
Brandon's Mobile Mechanic,(225) 397-8338,https://brandonsmobilemechanic.webnode.page/?_gl=1*1kd8fxf*_gcl_aw*R0NMLjE3NDkyODc3MTcuQ2owS0NRand4b19DQmhEYkFSSXNBRFdwREg1cjYzX0JVZkN6WERJUXM5TndKZElKcmFoSFJiQlBZN2N0MHFxVkFzVC1Ma1A0YkI0U05mUWFBa3JqRUFMd193Y0I.*_gcl_au*NzUyODM0NDQ4LjE3NDkyODc3MTk.,brandongauwork@gmail.com,"16425 Magnolia Bridge Rd, Greenwell Springs, LA 70739, United States",16425 Magnolia Bridge Rd,Greenwell Springs,LA,70739,4.4,13,Car repair and maintenance service,,,https://www.google.com/maps/place/Brandon%27s+Mobile+Mechanic/data=!4m7!3m6!1s0x858711b908dcce4d:0xa790138d70b26cab!8m2!3d30.5412744!4d-91.005869!16s%2Fg%2F11xg7wn504!19sChIJTc7cCLkRh4URq2yycI0TkKc?authuser=0&hl=en&rclk=1,auto repair shop,West Feliciana Parish,county,LA,2026-07-30T11:19:39,0x858711b908dcce4d:0xa790138d70b26cab
Carmena's Collision Center,(225) 262-4340,http://carmenas.com/,brandon@sacmotorsports.com,"18325 Magnolia Bridge Rd, Greenwell Springs, LA 70739, United States",18325 Magnolia Bridge Rd,Greenwell Springs,LA,70739,4.6,39,Auto body shop,,,https://www.google.com/maps/place/Carmena%27s+Collision+Center/data=!4m7!3m6!1s0x862696053f369eb3:0x3d11f6671ad21d99!8m2!3d30.5346581!4d-90.9910789!16s%2Fg%2F1tfsc640!19sChIJs542PwWWJoYRmR3SGmf2ET0?authuser=0&hl=en&rclk=1,auto repair shop,West Feliciana Parish,county,LA,2026-07-30T11:19:39,0x862696053f369eb3:0x3d11f6671ad21d99
L D Welding Rim Repair Specialists,(225) 261-7555,https://ldwelding.com/,,"18750 Greenwell Springs Rd, Greenwell Springs, LA 70739, United States",18750 Greenwell Springs Rd,Greenwell Springs,LA,70739,5.0,475,Wheel store,,,https://www.google.com/maps/place/L+D+Welding+Rim+Repair+Specialists/data=!4m7!3m6!1s0x8626960471c6af3b:0x14e203fb528898cb!8m2!3d30.5303742!4d-90.9877478!16s%2Fg%2F1tdlvmz_!19sChIJO6_GcQSWJoYRy5iIUvsD4hQ?authuser=0&hl=en&rclk=1,auto repair shop,West Feliciana Parish,county,LA,2026-07-30T11:19:39,0x8626960471c6af3b:0x14e203fb528898cb
Tanksley Automotive,(225) 261-1465,http://tanksleyautomotive.com/,,"18255 Magnolia Bridge Rd, Greenwell Springs, LA 70739, United States",18255 Magnolia Bridge Rd,Greenwell Springs,LA,70739,4.3,39,Car repair and maintenance service,,,https://www.google.com/maps/place/Tanksley+Automotive/data=!4m7!3m6!1s0x862696054f3ade9f:0x6213a2705643263d!8m2!3d30.5345284!4d-90.9916031!16s%2Fg%2F1v_w2qlk!19sChIJn946TwWWJoYRPSZDVnCiE2I?authuser=0&hl=en&rclk=1,auto repair shop,West Feliciana Parish,county,LA,2026-07-30T11:19:39,0x862696054f3ade9f:0x6213a2705643263d
Briskers Foreign Car Repair,(985) 250-0248,http://www.briskers.com/,,"1400 Stumpf Blvd, Gretna, LA 70053, United States",1400 Stumpf Blvd,Gretna,LA,70053,4.8,143,Auto repair shop,,,https://www.google.com/maps/place/Briskers+Foreign+Car+Repair/data=!4m7!3m6!1s0x8620b73d8585d435:0x42b048cbc026c072!8m2!3d29.9132982!4d-90.0453944!16s%2Fg%2F1q5hrjrbx!19sChIJNdSFhT23IIYRcsAmwMtIsEI?authuser=0&hl=en&rclk=1,auto repair shop,St. John the Baptist Parish,county,LA,2026-07-30T08:30:09,0x8620b73d8585d435:0x42b048cbc026c072
Geg's Auto Repairs,(504) 367-3619,,,"440 Huey P Long Ave, Gretna, LA 70053, United States",440 Huey P Long Ave,Gretna,LA,70053,4.6,33,Auto repair shop,,,https://www.google.com/maps/place/Geg%27s+Auto+Repairs/data=!4m7!3m6!1s0x8620a69016af8e85:0xd8cb41779a531c9e!8m2!3d29.9147839!4d-90.0643346!16s%2Fg%2F1wz531rj!19sChIJhY6vFpCmIIYRnhxTmndBy9g?authuser=0&hl=en&rclk=1,auto repair shop,St. John the Baptist Parish,county,LA,2026-07-30T08:30:09,0x8620a69016af8e85:0xd8cb41779a531c9e
Pie's Auto Repair,(337) 536-5536,,,"304 9th St, Gueydan, LA 70542, United States",304 9th St,Gueydan,LA,70542,5.0,11,Auto repair shop,,,https://www.google.com/maps/place/Pie%27s+Auto+Repair/data=!4m7!3m6!1s0x863cac6136949cad:0x4b42e3dc472602f2!8m2!3d30.0240554!4d-92.5047524!16s%2Fg%2F1v6wpq3g!19sChIJrZyUNmGsPIYR8gImR9zjQks?authuser=0&hl=en&rclk=1,auto repair shop,Acadia Parish,county,LA,2026-07-29T09:43:23,0x863cac6136949cad:0x4b42e3dc472602f2
Accelerated Automotive,(985) 373-8954,https://acceleratedautomotive.org/,info@acceleratedautomotive.org,"2595 Veterans Ave., Hammond, LA 70403, United States",2595 Veterans Ave.,Hammond,LA,70403,5.0,5,Auto repair shop,,,https://www.google.com/maps/place/Accelerated+Automotive/data=!4m7!3m6!1s0x862723d3fd05c609:0x39f67017e68474a7!8m2!3d30.4570219!4d-90.4562152!16s%2Fg%2F11vj9khwm2!19sChIJCcYF_dMjJ4YRp3SE5hdw9jk?authuser=0&hl=en&rclk=1,auto repair shop,Tangipahoa Parish,county,LA,2026-07-30T09:29:30,0x862723d3fd05c609:0x39f67017e68474a7
Automotive Tires and Services Hammond,(985) 345-8243,http://www.hammondautoservice.com/,,"2810 W Church St, Hammond, LA 70401, United States",2810 W Church St,Hammond,LA,70401,5.0,1,Auto repair shop,,,https://www.google.com/maps/place/Automotive+Tires+and+Services+Hammond/data=!4m7!3m6!1s0x862723e36f5584df:0x66bfdf4d772b0787!8m2!3d30.5049819!4d-90.4950755!16s%2Fg%2F11z9ghvnmf!19sChIJ34RVb-MjJ4YRhwcrd03fv2Y?authuser=0&hl=en&rclk=1,auto repair shop,Tangipahoa Parish,county,LA,2026-07-30T09:29:30,0x862723e36f5584df:0x66bfdf4d772b0787
Big Wheel Diesel & Wrecker Service,(985) 542-1902,http://bigwheelinc.com/,,"42241 S Morrison Blvd, Hammond, LA 70403, United States",42241 S Morrison Blvd,Hammond,LA,70403,3.9,175,Diesel engine repair service,,,https://www.google.com/maps/place/Big+Wheel+Diesel+%26+Wrecker+Service/data=!4m7!3m6!1s0x862723023ab5e295:0x5e9c4d078559aaea!8m2!3d30.472002!4d-90.4833074!16s%2Fg%2F1vgqdg54!19sChIJleK1OgIjJ4YR6qpZhQdNnF4?authuser=0&hl=en&rclk=1,auto repair shop,Tangipahoa Parish,county,LA,2026-07-30T09:29:30,0x862723023ab5e295:0x5e9c4d078559aaea
Cashio's Automotive Repair & Bait Shop,(985) 345-9835,,,"14075 US-190, Hammond, LA 70401, United States",14075 US-190,Hammond,LA,70401,4.3,65,Auto repair shop,,,https://www.google.com/maps/place/Cashio%27s+Automotive+Repair+%26+Bait+Shop/data=!4m7!3m6!1s0x862721ecd1786dbb:0x4b3cf36132c1ace7!8m2!3d30.505233!4d-90.500988!16s%2Fg%2F11cm_q9yrs!19sChIJu2140ewhJ4YR56zBMmHzPEs?authuser=0&hl=en&rclk=1,auto repair shop,Tangipahoa Parish,county,LA,2026-07-30T09:29:30,0x862721ecd1786dbb:0x4b3cf36132c1ace7
Circle Car & Muffler,(985) 340-1909,,,"2305 N Morrison Blvd, Hammond, LA 70401, United States",2305 N Morrison Blvd,Hammond,LA,70401,4.6,63,Muffler shop,,,https://www.google.com/maps/place/Circle+Car+%26+Muffler/data=!4m7!3m6!1s0x86272283dd64a35f:0x46a08df1825d4c4d!8m2!3d30.5226303!4d-90.4830975!16s%2Fg%2F1tgcyf2v!19sChIJX6Nk3YMiJ4YRTUxdgvGNoEY?authuser=0&hl=en&rclk=1,auto repair shop,Tangipahoa Parish,county,LA,2026-07-30T09:29:30,0x86272283dd64a35f:0x46a08df1825d4c4d
"Collision Works of Hammond, LLC",(985) 401-1200,https://collisionworksla.com/,info@collisionworks.net,"15043 Collegetown Dr, Hammond, LA 70401, United States",15043 Collegetown Dr,Hammond,LA,70401,4.7,43,Auto repair shop,,,"https://www.google.com/maps/place/Collision+Works+of+Hammond,+LLC/data=!4m7!3m6!1s0x862719ca6aa1d549:0xa5f2f24ac45a0232!8m2!3d30.5310722!4d-90.4814014!16s%2Fg%2F11q2plbqzs!19sChIJSdWhasoZJ4YRMgJaxEry8qU?authuser=0&hl=en&rclk=1",auto repair shop,Tangipahoa Parish,county,LA,2026-07-30T09:29:30,0x862719ca6aa1d549:0xa5f2f24ac45a0232
Dave's Full Services Automotive,(985) 345-0957,,,"310 E Thomas St, Hammond, LA 70401, United States",310 E Thomas St,Hammond,LA,70401,4.7,62,Auto repair shop,,,https://www.google.com/maps/place/Dave%27s+Full+Services+Automotive/data=!4m7!3m6!1s0x862722b7dd702fbd:0x82ec3a71df8a6272!8m2!3d30.5046654!4d-90.4576742!16s%2Fg%2F1tgyx1zx!19sChIJvS9w3bciJ4YRcmKK33E67II?authuser=0&hl=en&rclk=1,auto repair shop,Tangipahoa Parish,county,LA,2026-07-30T09:29:30,0x862722b7dd702fbd:0x82ec3a71df8a6272
Eastside Collision Center,(985) 230-0208,,,"18122 US-190 B, Hammond, LA 70401, United States",18122 US-190 B,Hammond,LA,70401,4.6,87,Auto body shop,,,https://www.google.com/maps/place/Eastside+Collision+Center/data=!4m7!3m6!1s0x86273dee82e99e6f:0x3b4650623602831e!8m2!3d30.5109565!4d-90.4234977!16s%2Fg%2F1tfl0ks5!19sChIJb57pgu49J4YRHoMCNmJQRjs?authuser=0&hl=en&rclk=1,auto repair shop,Tangipahoa Parish,county,LA,2026-07-30T09:29:30,0x86273dee82e99e6f:0x3b4650623602831e
Elite Auto Tech and Motorcycle repair,(985) 214-6793,,,"1200 N Morrison Blvd, Hammond, LA 70401, United States",1200 N Morrison Blvd,Hammond,LA,70401,4.9,71,Auto repair shop,,,https://www.google.com/maps/place/Elite+Auto+Tech+and+Motorcycle+repair/data=!4m7!3m6!1s0x862745fc7981a201:0x81e8d8b1fbe04cc8!8m2!3d30.5116144!4d-90.4823098!16s%2Fg%2F11qndh37sz!19sChIJAaKBefxFJ4YRyEzg-7HY6IE?authuser=0&hl=en&rclk=1,auto repair shop,Tangipahoa Parish,county,LA,2026-07-30T09:29:30,0x862745fc7981a201:0x81e8d8b1fbe04cc8
Euro Imports,(985) 345-4466,https://euroimports.net/,,"14397 W University Ave, Hammond, LA 70401, United States",14397 W University Ave,Hammond,LA,70401,4.5,69,Auto repair shop,,,https://www.google.com/maps/place/Euro+Imports/data=!4m7!3m6!1s0x862722c0b20321e7:0xb7180c3c1a742ffe!8m2!3d30.5194989!4d-90.4913565!16s%2Fg%2F1tql543r!19sChIJ5yEDssAiJ4YR_i90GjwMGLc?authuser=0&hl=en&rclk=1,auto repair shop,Tangipahoa Parish,county,LA,2026-07-30T09:29:30,0x862722c0b20321e7:0xb7180c3c1a742ffe
Expert CV Joint,(985) 230-0555,https://expertcvjoint.com/,,"14173 US-190, Hammond, LA 70401, United States",14173 US-190,Hammond,LA,70401,4.7,183,Auto repair shop,,,https://www.google.com/maps/place/Expert+CV+Joint/data=!4m7!3m6!1s0x86273e12f710b6f9:0x79165e43b9412f94!8m2!3d30.5048313!4d-90.4963907!16s%2Fg%2F1wfcphqr!19sChIJ-bYQ9xI-J4YRlC9BuUNeFnk?authuser=0&hl=en&rclk=1,auto repair shop,Tangipahoa Parish,county,LA,2026-07-30T09:29:30,0x86273e12f710b6f9:0x79165e43b9412f94
Express Oil Change & Tire Engineers,(985) 363-9577,https://www.expressoil.com/stores/hammond/la/3022/?utm_source=yext&utm_medium=organic&utm_campaign=gmb&storenum=3022,,"2613 W Thomas St, Hammond, LA 70401, United States",2613 W Thomas St,Hammond,LA,70401,4.8,500,Oil change service,,,https://www.google.com/maps/place/Express+Oil+Change+%26+Tire+Engineers/data=!4m7!3m6!1s0x862723c13d6db9d1:0x320e568e1d429d4c!8m2!3d30.5009166!4d-90.4904469!16s%2Fg%2F11lk_r1jfv!19sChIJ0bltPcEjJ4YRTJ1CHY5WDjI?authuser=0&hl=en&rclk=1,auto repair shop,Tangipahoa Parish,county,LA,2026-07-30T09:29:30,0x862723c13d6db9d1:0x320e568e1d429d4c
G GOODENS AUTO REPAIRS,(225) 449-0286,http://ggoodensautorepairs.com/,,"1305 Apple St, Hammond, LA 70401, United States",1305 Apple St,Hammond,LA,70401,5.0,17,Auto repair shop,,,https://www.google.com/maps/place/G+GOODENS+AUTO+REPAIRS/data=!4m7!3m6!1s0x862723ccba774557:0x9fe00c02b4fd2627!8m2!3d30.517848!4d-90.451009!16s%2Fg%2F11rkhxfffh!19sChIJV0V3uswjJ4YRJyb9tAIM4J8?authuser=0&hl=en&rclk=1,auto repair shop,Tangipahoa Parish,county,LA,2026-07-30T09:29:30,0x862723ccba774557:0x9fe00c02b4fd2627
HM Diesel,(985) 503-7400,https://hmdieseltruckrepair.com/,,"21445 Carpenter's Landing Rd Unit 1, Hammond, LA 70403, United States",21445 Carpenter's Landing Rd Unit 1,Hammond,LA,70403,4.5,89,Diesel engine repair service,,,https://www.google.com/maps/place/HM+Diesel/data=!4m7!3m6!1s0x86273f03ce027ce3:0xd6d44f21bd4d6db0!8m2!3d30.494599!4d-90.367079!16s%2Fg%2F11rkqg69n2!19sChIJ43wCzgM_J4YRsG1NvSFP1NY?authuser=0&hl=en&rclk=1,auto repair shop,Tangipahoa Parish,county,LA,2026-07-30T09:29:30,0x86273f03ce027ce3:0xd6d44f21bd4d6db0
J Lou's Mobile Tire Service,(985) 969-8342,https://www.google.com/url?sa=t&source=web&rct=j&url=https://m.facebook.com/JLoustire/&ved=2ahUKEwiIgJ6G0sXyAhUBXc0KHb_oBiEQFnoECAsQAQ&usg=AOvVaw3xlwfYc6tEQVfS0ZJU9f05,,"613 Barn St, Hammond, LA 70401, United States",613 Barn St,Hammond,LA,70401,4.8,45,Tire shop,,,https://www.google.com/maps/place/J+Lou%27s+Mobile+Tire+Service/data=!4m7!3m6!1s0x8627239fb424abf5:0xe30fa3f058790720!8m2!3d30.508939!4d-90.4934285!16s%2Fg%2F11qg7wtk5s!19sChIJ9asktJ8jJ4YRIAd5WPCjD-M?authuser=0&hl=en&rclk=1,auto repair shop,Tangipahoa Parish,county,LA,2026-07-30T09:29:30,0x8627239fb424abf5:0xe30fa3f058790720
Jacob’s mobile mechanic,(225) 414-0169,,,"41115 Pumpkin Center Rd, Hammond, LA 70403, United States",41115 Pumpkin Center Rd,Hammond,LA,70403,5.0,9,Mechanic,,,https://www.google.com/maps/place/Jacob%E2%80%99s+mobile+mechanic/data=!4m7!3m6!1s0xa9685e807e0c098d:0x128d40488331d422!8m2!3d30.4544698!4d-90.5426642!16s%2Fg%2F11mcz7lj8d!19sChIJjQkMfoBeaKkRItQxg0hAjRI?authuser=0&hl=en&rclk=1,auto repair shop,Tangipahoa Parish,county,LA,2026-07-30T09:29:30,0xa9685e807e0c098d:0x128d40488331d422
Juan And Son Auto Repair.,(985) 510-3101,,,"47310 N Morrison Blvd, Hammond, LA 70401, United States",47310 N Morrison Blvd,Hammond,LA,70401,4.9,19,Auto repair shop,,,https://www.google.com/maps/place/Juan+And+Son+Auto+Repair./data=!4m7!3m6!1s0x862719f88b989cbf:0x6f7681a4471a36d9!8m2!3d30.5423835!4d-90.4830166!16s%2Fg%2F11r_g8y9r3!19sChIJv5yYi_gZJ4YR2TYaR6SBdm8?authuser=0&hl=en&rclk=1,auto repair shop,Tangipahoa Parish,county,LA,2026-07-30T09:29:30,0x862719f88b989cbf:0x6f7681a4471a36d9
Marullo Auto Specialist,(985) 542-6992,http://facebook.com/Marulloauto,,"1415 W Morris Ave, Hammond, LA 70403, United States",1415 W Morris Ave,Hammond,LA,70403,4.6,67,Auto repair shop,,,https://www.google.com/maps/place/Marullo+Auto+Specialist/data=!4m7!3m6!1s0x862722ec6b910b4b:0xae2f93498c15d622!8m2!3d30.5004039!4d-90.4756817!16s%2Fg%2F11ddyd4ctl!19sChIJSwuRa-wiJ4YRItYVjEmTL64?authuser=0&hl=en&rclk=1,auto repair shop,Tangipahoa Parish,county,LA,2026-07-30T09:29:30,0x862722ec6b910b4b:0xae2f93498c15d622
Mavis Tires & Brakes,(985) 545-6541,https://www.mavis.com/locations/hammond-la/?utm_source=yext&utm_medium=organic&utm_campaign=gmb&stnum=4224,esupport1@mavistire.com,"1100 N Morrison Blvd, Hammond, LA 70401, United States",1100 N Morrison Blvd,Hammond,LA,70401,4.5,920,Tire shop,,,https://www.google.com/maps/place/Mavis+Tires+%26+Brakes/data=!4m7!3m6!1s0x8627228ec0ff726f:0xbfb2378fe720c78e!8m2!3d30.5113298!4d-90.4822098!16s%2Fg%2F1tj7ff1w!19sChIJb3L_wI4iJ4YRjscg5483sr8?authuser=0&hl=en&rclk=1,auto repair shop,Tangipahoa Parish,county,LA,2026-07-30T09:29:30,0x8627228ec0ff726f:0xbfb2378fe720c78e
Midway Automotive,(985) 419-0770,,,"110 N Scanlan St, Hammond, LA 70401, United States",110 N Scanlan St,Hammond,LA,70401,4.4,67,Auto repair shop,,,https://www.google.com/maps/place/Midway+Automotive/data=!4m7!3m6!1s0x862722ec57dfa4ed:0x4b1e98ce02368d79!8m2!3d30.5016106!4d-90.4753438!16s%2Fg%2F1tgq701v!19sChIJ7aTfV-wiJ4YReY02As6YHks?authuser=0&hl=en&rclk=1,auto repair shop,Tangipahoa Parish,county,LA,2026-07-30T09:29:30,0x862722ec57dfa4ed:0x4b1e98ce02368d79
Precision Automotive & Transmissions,(985) 474-5810,https://www.precisionautoandtrans.com/,,"205 S Morrison Blvd, Hammond, LA 70401, United States",205 S Morrison Blvd,Hammond,LA,70401,4.9,51,Auto repair shop,,,https://www.google.com/maps/place/Precision+Automotive+%26+Transmissions/data=!4m7!3m6!1s0x862723ac2a4ca359:0xabfa49a0bc9350e6!8m2!3d30.5001441!4d-90.4821204!16s%2Fg%2F11myv4znnx!19sChIJWaNMKqwjJ4YR5lCTvKBJ-qs?authuser=0&hl=en&rclk=1,auto repair shop,Tangipahoa Parish,county,LA,2026-07-30T09:29:30,0x862723ac2a4ca359:0xabfa49a0bc9350e6
Pristine Performance & Auto Service LLC,(985) 272-2340,https://www.facebook.com/share/16PbRDXNyk/,,"1607 N Morrison Blvd Ste F, Hammond, LA 70401, United States",1607 N Morrison Blvd Ste F,Hammond,LA,70401,5.0,23,Auto repair shop,,,https://www.google.com/maps/place/Pristine+Performance+%26+Auto+Service+LLC/data=!4m7!3m6!1s0x8627595a5be5d6b5:0x1358eb308de073cb!8m2!3d30.5163474!4d-90.4836364!16s%2Fg%2F11wwrgg3bm!19sChIJtdblW1pZJ4YRy3PgjTDrWBM?authuser=0&hl=en&rclk=1,auto repair shop,Tangipahoa Parish,county,LA,2026-07-30T09:29:30,0x8627595a5be5d6b5:0x1358eb308de073cb
SpeeDee Oil Change & Auto Service,(985) 662-3338,https://www.speedeeoil.com/locations/us/la/hammond/1301-n-morrison-blvd,email@address.com,"1301 N Morrison Blvd, Hammond, LA 70401, United States",1301 N Morrison Blvd,Hammond,LA,70401,4.3,195,Oil change service,,,https://www.google.com/maps/place/SpeeDee+Oil+Change+%26+Auto+Service/data=!4m7!3m6!1s0x862722fbdd5b250b:0x1e2c233e886d6946!8m2!3d30.5130843!4d-90.483132!16s%2Fg%2F1hhx965h8!19sChIJCyVb3fsiJ4YRRmltiD4jLB4?authuser=0&hl=en&rclk=1,auto repair shop,Tangipahoa Parish,county,LA,2026-07-30T09:29:30,0x862722fbdd5b250b:0x1e2c233e886d6946
Supreme Automotive,(985) 345-8008,,,"47177 N Cherry St, Hammond, LA 70401, United States",47177 N Cherry St,Hammond,LA,70401,4.8,37,Auto repair shop,,,https://www.google.com/maps/place/Supreme+Automotive/data=!4m7!3m6!1s0x862718104cf7aea5:0x2bd74145bef04ca7!8m2!3d30.5387025!4d-90.4622839!16s%2Fg%2F1tfz0gwn!19sChIJpa73TBAYJ4YRp0zwvkVB1ys?authuser=0&hl=en&rclk=1,auto repair shop,Tangipahoa Parish,county,LA,2026-07-30T09:29:30,0x862718104cf7aea5:0x2bd74145bef04ca7
Supreme Toyota of Hammond - Service,(985) 520-0580,https://www.supremetoyota.com/service.aspx?utm_source=GoogleMyBusiness&utm_medium=organic&utm_campaign=GMBListing,,"1415 S Morrison Blvd, Hammond, LA 70403, United States",1415 S Morrison Blvd,Hammond,LA,70403,3.9,20,Auto repair shop,,,https://www.google.com/maps/place/Supreme+Toyota+of+Hammond+-+Service/data=!4m7!3m6!1s0x8627236cc72ce40d:0xd25f43948a044ef3!8m2!3d30.4866277!4d-90.4818687!16s%2Fg%2F11gy1pmz1t!19sChIJDeQsx2wjJ4YR804EipRDX9I?authuser=0&hl=en&rclk=1,auto repair shop,Tangipahoa Parish,county,LA,2026-07-30T09:29:30,0x8627236cc72ce40d:0xd25f43948a044ef3
Tangi Car Care Center,(985) 393-5798,,,"915 N Morrison Blvd, Hammond, LA 70401, United States",915 N Morrison Blvd,Hammond,LA,70401,3.6,77,Auto repair shop,,,https://www.google.com/maps/place/Tangi+Car+Care+Center/data=!4m7!3m6!1s0x1458a28bec4834a1:0x6934e3a6045580ba!8m2!3d30.50958!4d-90.482972!16s%2Fg%2F11b6zvcz5c!19sChIJoTRI7IuiWBQRuoBVBKbjNGk?authuser=0&hl=en&rclk=1,auto repair shop,Tangipahoa Parish,county,LA,2026-07-30T09:29:30,0x1458a28bec4834a1:0x6934e3a6045580ba
Tire Choice Auto Service Centers,(985) 345-9704,https://locations.thetirechoice.com/la/hammond/42296-veterans-ave?&utm_source=google&utm_medium=organic&utm_campaign=gbp-listing-store_1661,,"42296 Veterans Ave., Hammond, LA 70403, United States",42296 Veterans Ave.,Hammond,LA,70403,4.0,347,Tire shop,,,https://www.google.com/maps/place/Tire+Choice+Auto+Service+Centers/data=!4m7!3m6!1s0x8627232ed42e5c37:0x16fa058b25fe8fd8!8m2!3d30.4735575!4d-90.4565174!16s%2Fg%2F1tk8cgz7!19sChIJN1wu1C4jJ4YR2I_-JYsF-hY?authuser=0&hl=en&rclk=1,auto repair shop,Tangipahoa Parish,county,LA,2026-07-30T09:29:30,0x8627232ed42e5c37:0x16fa058b25fe8fd8
Ultimate Tire & Brakes,(985) 345-0850,https://ultimatetirellc.com/,,"14340 W University Ave, Hammond, LA 70401, United States",14340 W University Ave,Hammond,LA,70401,4.8,161,Auto repair shop,,,https://www.google.com/maps/place/Ultimate+Tire+%26+Brakes/data=!4m7!3m6!1s0x8627236ba135146b:0xf61e01b584edc96d!8m2!3d30.5187617!4d-90.4930551!16s%2Fg%2F11h4kms89g!19sChIJaxQ1oWsjJ4YRbcnthLUBHvY?authuser=0&hl=en&rclk=1,auto repair shop,Tangipahoa Parish,county,LA,2026-07-30T09:29:30,0x8627236ba135146b:0xf61e01b584edc96d
"University Tire of Hammond, LLC",(985) 543-3172,,,"14377 W University Ave, Hammond, LA 70401, United States",14377 W University Ave,Hammond,LA,70401,4.8,38,Tire shop,,,"https://www.google.com/maps/place/University+Tire+of+Hammond,+LLC/data=!4m7!3m6!1s0x86272273d80d01ed:0x48ecce05c60b14aa!8m2!3d30.5194786!4d-90.4920004!16s%2Fg%2F1vfzfjrw!19sChIJ7QEN2HMiJ4YRqhQLxgXO7Eg?authuser=0&hl=en&rclk=1",auto repair shop,Tangipahoa Parish,county,LA,2026-07-30T09:29:30,0x86272273d80d01ed:0x48ecce05c60b14aa
Charlie's Auto Repair,(504) 737-2656,,,"6515 Jefferson Hwy, Harahan, LA 70123, United States",6515 Jefferson Hwy,Harahan,LA,70123,4.7,168,Auto repair shop,,,https://www.google.com/maps/place/Charlie%27s+Auto+Repair/data=!4m7!3m6!1s0x8620ba50794e29b3:0xdfe8d4d88be7ed29!8m2!3d29.9388618!4d-90.194781!16s%2Fg%2F1tdz55mr!19sChIJsylOeVC6IIYRKe3ni9jU6N8?authuser=0&hl=en&rclk=1,auto repair shop,St. John the Baptist Parish,county,LA,2026-07-30T08:30:09,0x8620ba50794e29b3:0xdfe8d4d88be7ed29
Mack's Auto Repair LLC,(504) 733-0550,http://macksautorepair.net/,,"705 S Al Davis Rd, Harahan, LA 70123, United States",705 S Al Davis Rd,Harahan,LA,70123,4.8,48,Auto repair shop,,,https://www.google.com/maps/place/Mack%27s+Auto+Repair+LLC/data=!4m7!3m6!1s0x8620ba5d5336a807:0x99a8fff661b8c81!8m2!3d29.9503253!4d-90.1961079!16s%2Fg%2F1tn01lcx!19sChIJB6g2U126IIYRgYwbZv-Pmgk?authuser=0&hl=en&rclk=1,auto repair shop,St. John the Baptist Parish,county,LA,2026-07-30T08:30:09,0x8620ba5d5336a807:0x99a8fff661b8c81
Alamo Auto Repair,(504) 368-8400,,,"2141 Alamo Ave, Harvey, LA 70058, United States",2141 Alamo Ave,Harvey,LA,70058,4.9,32,Auto repair shop,,,https://www.google.com/maps/place/Alamo+Auto+Repair/data=!4m7!3m6!1s0x8620a14dba10b9d5:0x3ea368db196ae87a!8m2!3d29.8771376!4d-90.0632084!16s%2Fg%2F1tcxq0g8!19sChIJ1bkQuk2hIIYReuhqGdtooz4?authuser=0&hl=en&rclk=1,auto repair shop,St. John the Baptist Parish,county,LA,2026-07-30T08:30:09,0x8620a14dba10b9d5:0x3ea368db196ae87a
Dale's Quality Car Care,(504) 367-1114,https://www.dalesqualitycarcare.com/,,"1414 Manhattan Blvd, Harvey, LA 70058, United States",1414 Manhattan Blvd,Harvey,LA,70058,4.8,212,Auto repair shop,,,https://www.google.com/maps/place/Dale%27s+Quality+Car+Care/data=!4m7!3m6!1s0x8620a6b773384661:0x1c10f791ef483853!8m2!3d29.8939501!4d-90.0604869!16s%2Fg%2F1v2f0wj1!19sChIJYUY4c7emIIYRUzhI75H3EBw?authuser=0&hl=en&rclk=1,auto repair shop,St. John the Baptist Parish,county,LA,2026-07-30T08:30:09,0x8620a6b773384661:0x1c10f791ef483853
Lucky Rogers Express Car Care,(504) 366-7500,http://www.luckyrogers.com/,,"1529 8th St, Harvey, LA 70058, United States",1529 8th St,Harvey,LA,70058,4.5,132,Auto repair shop,,,https://www.google.com/maps/place/Lucky+Rogers+Express+Car+Care/data=!4m7!3m6!1s0x8620a69848107ff7:0xd3cebc6d23023b4!8m2!3d29.9070375!4d-90.0669266!16s%2Fg%2F1vlk1y42!19sChIJ938QSJimIIYRtCMw0sbrPA0?authuser=0&hl=en&rclk=1,auto repair shop,St. John the Baptist Parish,county,LA,2026-07-30T08:30:09,0x8620a69848107ff7:0xd3cebc6d23023b4
Mike’s Mobile Mechanic LLC,(504) 209-3759,,,"Tensas Dr, Harvey, LA 70058, United States",Tensas Dr,Harvey,LA,70058,4.6,38,Mechanic,,,https://www.google.com/maps/place/Mike%E2%80%99s+Mobile+Mechanic+LLC/data=!4m7!3m6!1s0x889e1d38642ce775:0x6cf931ee9fd47d2d!8m2!3d29.916155!4d-90.049554!16s%2Fg%2F11srzdxdqm!19sChIJdecsZDgdnogRLX3Un-4x-Ww?authuser=0&hl=en&rclk=1,auto repair shop,St. John the Baptist Parish,county,LA,2026-07-30T08:30:09,0x889e1d38642ce775:0x6cf931ee9fd47d2d
Automotive Solutions,(318) 987-2185,http://automotive-solutions-haughton.jany.io/,,"5991 LA-157, Haughton, LA 71037, United States",5991 LA-157,Haughton,LA,71037,4.6,51,Auto repair shop,,,https://www.google.com/maps/place/Automotive+Solutions/data=!4m7!3m6!1s0x863124a2cb0ddd4b:0xafb0a995963fc9ed!8m2!3d32.4674948!4d-93.51033!16s%2Fg%2F1wl4qznt!19sChIJS90Ny6IkMYYR7ck_lpWpsK8?authuser=0&hl=en&rclk=1,auto repair shop,Webster Parish,county,LA,2026-07-30T10:55:43,0x863124a2cb0ddd4b:0xafb0a995963fc9ed
Mavis Tires & Brakes,(318) 309-1956,https://www.mavis.com/locations/haughton-la?utm_source=yext&utm_medium=organic&utm_campaign=gmb&stnum=1216,esupport1@mavistire.com,"1900 US-80, Haughton, LA 71037, United States",1900 US-80,Haughton,LA,71037,4.9,1727,Tire shop,,,https://www.google.com/maps/place/Mavis+Tires+%26+Brakes/data=!4m7!3m6!1s0x863130ddcbcdb00b:0xf82083cb5454ff36!8m2!3d32.555449!4d-93.606597!16s%2Fg%2F1hc6wyrzx!19sChIJC7DNy90wMYYRNv9UVMuDIPg?authuser=0&hl=en&rclk=1,auto repair shop,Bossier Parish,county,LA,2026-07-29T11:12:50,0x863130ddcbcdb00b:0xf82083cb5454ff36
Claiborne Collision & Customs,(318) 624-8008,https://www.facebook.com/profile.php?id=61578291755811,,"2353 Nelson Dr, Haynesville, LA 71038, United States",2353 Nelson Dr,Haynesville,LA,71038,5.0,1,Auto body shop,,,https://www.google.com/maps/place/Claiborne+Collision+%26+Customs/data=!4m7!3m6!1s0x86317f354099e96d:0xdc669214612c4ce9!8m2!3d32.9693088!4d-93.1462528!16s%2Fg%2F11zkc1hr93!19sChIJbemZQDV_MYYR6UwsYRSSZtw?authuser=0&hl=en&rclk=1,auto repair shop,Webster Parish,county,LA,2026-07-30T10:55:43,0x86317f354099e96d:0xdc669214612c4ce9
Parts House Plus,(318) 624-0351,http://www.btbautoparts.com/,,"1817 Sherman Dr, Haynesville, LA 71038, United States",1817 Sherman Dr,Haynesville,LA,71038,4.9,13,Auto parts store,,,https://www.google.com/maps/place/Parts+House+Plus/data=!4m7!3m6!1s0x86317ed840ee7147:0xbefcc46d5c98ae7d!8m2!3d32.9622339!4d-93.1404528!16s%2Fg%2F1tdl6hgp!19sChIJR3HuQNh-MYYRfa6YXG3E_L4?authuser=0&hl=en&rclk=1,auto repair shop,Webster Parish,county,LA,2026-07-30T10:55:43,0x86317ed840ee7147:0xbefcc46d5c98ae7d
Louque's Automotives,(225) 869-8052,,,"4502 LA-44, Hester, LA 70743, United States",4502 LA-44,Hester,LA,70743,4.6,45,Auto repair shop,,,https://www.google.com/maps/place/Louque%27s+Automotives/data=!4m7!3m6!1s0x862131b520abe72d:0xf203f2e73f8f1098!8m2!3d30.017148!4d-90.7789135!16s%2Fg%2F1tgzbq95!19sChIJLeerILUxIYYRmBCPP-fyA_I?authuser=0&hl=en&rclk=1,auto repair shop,Allen Parish,county,LA,2026-07-29T09:58:43,0x862131b520abe72d:0xf203f2e73f8f1098
Ezra E Smith Garage & Wrecker,(318) 259-7311,,,"166 Lockhart Dr, Hodge, LA 71247, United States",166 Lockhart Dr,Hodge,LA,71247,4.1,63,Auto body shop,,,https://www.google.com/maps/place/Ezra+E+Smith+Garage+%26+Wrecker/data=!4m7!3m6!1s0x8630346575ec8ec1:0x914aab1b33bbdc20!8m2!3d32.2726391!4d-92.7103652!16s%2Fg%2F1vy7gysb!19sChIJwY7sdWU0MIYRINy7MxurSpE?authuser=0&hl=en&rclk=1,auto repair shop,Winn Parish,county,LA,2026-07-30T11:37:04,0x8630346575ec8ec1:0x914aab1b33bbdc20
Bumper To Bumper - Homer,(318) 927-2511,http://www.btbautoparts.com/,,"4460 US-79, Homer, LA 71040, United States",4460 US-79,Homer,LA,71040,4.5,28,Auto parts store,,,https://www.google.com/maps/place/Bumper+To+Bumper+-+Homer/data=!4m7!3m6!1s0x86319e73a637042f:0x412cf98f07f1903d!8m2!3d32.7856696!4d-93.0569193!16s%2Fg%2F1tdr8k95!19sChIJLwQ3pnOeMYYRPZDxB4_5LEE?authuser=0&hl=en&rclk=1,auto repair shop,Webster Parish,county,LA,2026-07-30T10:55:43,0x86319e73a637042f:0x412cf98f07f1903d
Chevrolet Service,(318) 927-3553,https://www.cargiantchevrolet.com/,,"5136 US-79, Homer, LA 71040, United States",5136 US-79,Homer,LA,71040,5.0,2,Auto repair shop,,,https://www.google.com/maps/place/Chevrolet+Service/data=!4m7!3m6!1s0x86319c5382714b8f:0x9adc6755cab3d27f!8m2!3d32.8104014!4d-93.0550676!16s%2Fg%2F11fyx76dj_!19sChIJj0txglOcMYYRf9KzylVn3Jo?authuser=0&hl=en&rclk=1,auto repair shop,Webster Parish,county,LA,2026-07-30T10:55:43,0x86319c5382714b8f:0x9adc6755cab3d27f
Homer Motor Supply,(318) 927-9618,http://www.btbautoparts.com/,,"107 W Main St, Homer, LA 71040, United States",107 W Main St,Homer,LA,71040,4.8,21,Auto parts store,,,https://www.google.com/maps/place/Homer+Motor+Supply/data=!4m7!3m6!1s0x86319c4afb0804dd:0xe901bb7129a88bca!8m2!3d32.7861462!4d-93.0573931!16s%2Fg%2F1tqpzmct!19sChIJ3QQI-0qcMYYRyouoKXG7Aek?authuser=0&hl=en&rclk=1,auto repair shop,Webster Parish,county,LA,2026-07-30T10:55:43,0x86319c4afb0804dd:0xe901bb7129a88bca
Prentiss Auto Care,(318) 927-5209,,,"440 Box Factory Rd, Homer, LA 71040, United States",440 Box Factory Rd,Homer,LA,71040,5.0,2,Auto repair shop,,,https://www.google.com/maps/place/Prentiss+Auto+Care/data=!4m7!3m6!1s0x86319dd85c2f2a25:0x3c7e122ca6b7f6ff!8m2!3d32.775301!4d-93.069008!16s%2Fg%2F1tf3zr49!19sChIJJSovXNidMYYR__a3piwSfjw?authuser=0&hl=en&rclk=1,auto repair shop,Claiborne Parish,county,LA,2026-07-29T12:07:58,0x86319dd85c2f2a25:0x3c7e122ca6b7f6ff
"Pro Service Tire, LLC",(318) 927-2225,,,"5370 US-79, Homer, LA 71040, United States",5370 US-79,Homer,LA,71040,4.7,101,Tire shop,,,"https://www.google.com/maps/place/Pro+Service+Tire,+LLC/data=!4m7!3m6!1s0x86319d2283a23301:0xa2d62b38d18fbbb0!8m2!3d32.818264!4d-93.0580361!16s%2Fg%2F1tfc6z_0!19sChIJATOigyKdMYYRsLuP0Tgr1qI?authuser=0&hl=en&rclk=1",auto repair shop,Webster Parish,county,LA,2026-07-30T10:55:43,0x86319d2283a23301:0xa2d62b38d18fbbb0
Target Glass,(318) 927-5303,,,"5312 US-79, Homer, LA 71040, United States",5312 US-79,Homer,LA,71040,4.9,17,Auto glass shop,,,https://www.google.com/maps/place/Target+Glass/data=!4m7!3m6!1s0x86319d2282edcda9:0xc7f38b2363418f88!8m2!3d32.8162216!4d-93.0567079!16s%2Fg%2F12614v23s!19sChIJqc3tgiKdMYYRiI9BYyOL88c?authuser=0&hl=en&rclk=1,auto repair shop,Webster Parish,county,LA,2026-07-30T10:55:43,0x86319d2282edcda9:0xc7f38b2363418f88
Thomas Auto Care,(318) 927-4354,,,"635 W Main St D, Homer, LA 71040, United States",635 W Main St D,Homer,LA,71040,4.3,29,Auto body shop,,,https://www.google.com/maps/place/Thomas+Auto+Care/data=!4m7!3m6!1s0x86319c4af199a597:0x54f253ee0c69da1b!8m2!3d32.7942141!4d-93.0559878!16s%2Fg%2F1vxdyn7k!19sChIJl6WZ8UqcMYYRG9ppDO5T8lQ?authuser=0&hl=en&rclk=1,auto repair shop,Webster Parish,county,LA,2026-07-30T10:55:43,0x86319c4af199a597:0x54f253ee0c69da1b
Woodland Rv Repair,(318) 542-7789,,,"276 Peterson Rd, Homer, LA 71040, United States",276 Peterson Rd,Homer,LA,71040,5.0,4,RV repair shop,,,https://www.google.com/maps/place/Woodland+Rv+Repair/data=!4m7!3m6!1s0x86319944782554bf:0xe0610f60bb3aae96!8m2!3d32.7319587!4d-92.9607889!16s%2Fg%2F11jz90l471!19sChIJv1QleESZMYYRlq46u2APYeA?authuser=0&hl=en&rclk=1,auto repair shop,Webster Parish,county,LA,2026-07-30T10:55:43,0x86319944782554bf:0xe0610f60bb3aae96
A-1 Brake Muffler and Tire Center,(985) 851-6779,,,"5042 LA-311, Houma, LA 70360, United States",5042 LA-311,Houma,LA,70360,4.3,41,Car repair and maintenance service,,,https://www.google.com/maps/place/A-1+Brake+Muffler+and+Tire+Center/data=!4m7!3m6!1s0x86210f1d4f51b6f9:0x9b8bf7a6b6a9988!8m2!3d29.5979132!4d-90.7578336!16s%2Fg%2F11l_fn1dg7!19sChIJ-bZRTx0PIYYRiJlqa3q_uAk?authuser=0&hl=en&rclk=1,auto repair shop,Terrebonne Parish,county,LA,2026-07-30T09:52:15,0x86210f1d4f51b6f9:0x9b8bf7a6b6a9988
"ASAP General Repairs, LLC",(985) 746-5162,,,"611 Palm Ave, Houma, LA 70364, United States",611 Palm Ave,Houma,LA,70364,4.2,10,Auto repair shop,,,"https://www.google.com/maps/place/ASAP+General+Repairs,+LLC/data=!4m7!3m6!1s0x86211b2c0171d537:0x640b7a661318bb47!8m2!3d29.6077129!4d-90.7107993!16s%2Fg%2F1t_wpq95!19sChIJN9VxASwbIYYRR7sYE2Z6C2Q?authuser=0&hl=en&rclk=1",auto repair shop,Terrebonne Parish,county,LA,2026-07-30T09:52:15,0x86211b2c0171d537:0x640b7a661318bb47
Auto Shop Hernandez,(985) 856-4346,,,"320 Coach Ct, Houma, LA 70363, United States",320 Coach Ct,Houma,LA,70363,5.0,1,Auto machine shop,,,https://www.google.com/maps/place/Auto+Shop+Hernandez/data=!4m7!3m6!1s0x862105f909e37cfd:0xc875993834755a0e!8m2!3d29.593941!4d-90.7002062!16s%2Fg%2F11t_r0syfq!19sChIJ_XzjCfkFIYYRDlp1NDiZdcg?authuser=0&hl=en&rclk=1,auto repair shop,Terrebonne Parish,county,LA,2026-07-30T09:52:15,0x862105f909e37cfd:0xc875993834755a0e
Auto Spa,(985) 868-2555,http://www.autospala.com/,info@autospala.com,"1986 Prospect Blvd, Houma, LA 70363, United States",1986 Prospect Blvd,Houma,LA,70363,4.4,76,Oil change service,,,https://www.google.com/maps/place/Auto+Spa/data=!4m7!3m6!1s0x862104a39756a1e1:0x4981a9e225f7213!8m2!3d29.5789492!4d-90.6889043!16s%2Fg%2F1tt0rh1v!19sChIJ4aFWl6MEIYYRE3JfIp4amAQ?authuser=0&hl=en&rclk=1,auto repair shop,Terrebonne Parish,county,LA,2026-07-30T09:52:15,0x862104a39756a1e1:0x4981a9e225f7213
B & R Auto Services,(985) 872-6351,,,"6728 W Park Ave, Houma, LA 70364, United States",6728 W Park Ave,Houma,LA,70364,4.2,25,Auto repair shop,,,https://www.google.com/maps/place/B+%26+R+Auto+Services/data=!4m7!3m6!1s0x8621053242beb5e3:0x95aa3681bfa7ce8b!8m2!3d29.614776!4d-90.74531!16s%2Fg%2F1w6r8n0w!19sChIJ47W-QjIFIYYRi86nv4E2qpU?authuser=0&hl=en&rclk=1,auto repair shop,Terrebonne Parish,county,LA,2026-07-30T09:52:15,0x8621053242beb5e3:0x95aa3681bfa7ce8b
BARRIOS TIRE SHOP,(985) 293-7120,http://barrios-tire-shop.edan.io/,,"226 N Van Ave, Houma, LA 70363, United States",226 N Van Ave,Houma,LA,70363,4.7,119,Used tire shop,,,https://www.google.com/maps/place/BARRIOS+TIRE+SHOP/data=!4m7!3m6!1s0x862104c63250efdd:0x80963b027faab19c!8m2!3d29.5892181!4d-90.6987622!16s%2Fg%2F11c5qp_jvf!19sChIJ3e9QMsYEIYYRnLGqfwI7loA?authuser=0&hl=en&rclk=1,auto repair shop,Terrebonne Parish,county,LA,2026-07-30T09:52:15,0x862104c63250efdd:0x80963b027faab19c
BSB Automotive LLC,(985) 873-7633,,,"700 W Tunnel Blvd, Houma, LA 70360, United States",700 W Tunnel Blvd,Houma,LA,70360,4.8,41,Auto repair shop,,,https://www.google.com/maps/place/BSB+Automotive+LLC/data=!4m7!3m6!1s0x8621054f146f5a55:0xd88df02fbbfc3822!8m2!3d29.5909533!4d-90.7304387!16s%2Fg%2F1tgfqgzf!19sChIJVVpvFE8FIYYRIjj8uy_wjdg?authuser=0&hl=en&rclk=1,auto repair shop,Terrebonne Parish,county,LA,2026-07-30T09:52:15,0x8621054f146f5a55:0xd88df02fbbfc3822
Bailey's Tire Service,(985) 876-5082,http://baileystireservice.com/,,"1151 St Charles St, Houma, LA 70360, United States",1151 St Charles St,Houma,LA,70360,4.3,63,Tire shop,,,https://www.google.com/maps/place/Bailey%27s+Tire+Service/data=!4m7!3m6!1s0x862104ce5b9e60df:0x995b42166680ac8!8m2!3d29.5933581!4d-90.7414121!16s%2Fg%2F1tcx7cft!19sChIJ32CeW84EIYYRyApoZiG0lQk?authuser=0&hl=en&rclk=1,auto repair shop,Terrebonne Parish,county,LA,2026-07-30T09:52:15,0x862104ce5b9e60df:0x995b42166680ac8
Barker Buick GMC - Service,(985) 746-4314,https://www.barkerbuickgmc.com/Service,,"6444 W Main St, Houma, LA 70360, United States",6444 W Main St,Houma,LA,70360,4.0,32,Auto repair shop,,,https://www.google.com/maps/place/Barker+Buick+GMC+-+Service/data=!4m7!3m6!1s0x86211bc375f690d5:0x77aa0acce27fcef7!8m2!3d29.622457!4d-90.7510427!16s%2Fg%2F11fvt2jg7p!19sChIJ1ZD2dcMbIYYR985_4swKqnc?authuser=0&hl=en&rclk=1,auto repair shop,Terrebonne Parish,county,LA,2026-07-30T09:52:15,0x86211bc375f690d5:0x77aa0acce27fcef7
Bayou blue tires shop,(985) 746-5019,https://bayoubluetire.shop/,,"2002 Bayou Blue Rd, Houma, LA 70364, United States",2002 Bayou Blue Rd,Houma,LA,70364,4.4,31,Tire shop,,,https://www.google.com/maps/place/Bayou+blue+tires+shop/data=!4m7!3m6!1s0x86211b592bc45c8b:0x55771add03a349fb!8m2!3d29.6459424!4d-90.6881188!16s%2Fg%2F11jfly807p!19sChIJi1zEK1kbIYYR-0mjA90ad1U?authuser=0&hl=en&rclk=1,auto repair shop,Terrebonne Parish,county,LA,2026-07-30T09:52:15,0x86211b592bc45c8b:0x55771add03a349fb
Bienvenu's Auto Repair,(985) 868-3809,,,"513 Louise St, Houma, LA 70363, United States",513 Louise St,Houma,LA,70363,3.0,3,Auto repair shop,,,https://www.google.com/maps/place/Bienvenu%27s+Auto+Repair/data=!4m7!3m6!1s0x862104cfc522dcff:0x547e7680932a382b!8m2!3d29.5921535!4d-90.7048322!16s%2Fg%2F1trvlt05!19sChIJ_9wixc8EIYYRKzgqk4B2flQ?authuser=0&hl=en&rclk=1,auto repair shop,Terrebonne Parish,county,LA,2026-07-30T09:52:15,0x862104cfc522dcff:0x547e7680932a382b
Brake Tags of Louisiana,(985) 851-6280,,,"1929 Prospect Blvd, Houma, LA 70363, United States",1929 Prospect Blvd,Houma,LA,70363,4.6,64,Car inspection station,,,https://www.google.com/maps/place/Brake+Tags+of+Louisiana/data=!4m7!3m6!1s0x862104a320780abd:0xddb29243badb63f6!8m2!3d29.5819006!4d-90.6849551!16s%2Fg%2F1tj80bbj!19sChIJvQp4IKMEIYYR9mPbukOSst0?authuser=0&hl=en&rclk=1,auto repair shop,Terrebonne Parish,county,LA,2026-07-30T09:52:15,0x862104a320780abd:0xddb29243badb63f6
Broadmoor Full Services,(985) 868-9010,,,"6095 W Main St, Houma, LA 70360, United States",6095 W Main St,Houma,LA,70360,4.7,20,Auto repair shop,,,https://www.google.com/maps/place/Broadmoor+Full+Services/data=!4m7!3m6!1s0x86211074266feca5:0xa487414406d1fa30!8m2!3d29.6296644!4d-90.7558684!16s%2Fg%2F1tdm8phv!19sChIJpexvJnQQIYYRMPrRBkRBh6Q?authuser=0&hl=en&rclk=1,auto repair shop,Terrebonne Parish,county,LA,2026-07-30T09:52:15,0x86211074266feca5:0xa487414406d1fa30
Broussards Automotive Repair,(985) 727-8407,https://broussardsrepair.com/,admin@broussardautorepair.com,"6932 W Main St, Houma, LA 70360, United States",6932 W Main St,Houma,LA,70360,4.8,119,Auto repair shop,,,https://www.google.com/maps/place/Broussards+Automotive+Repair/data=!4m7!3m6!1s0x86210f4952221ef3:0x90fcff9d56d18cbe!8m2!3d29.6072609!4d-90.7446056!16s%2Fg%2F11ld44cjg_!19sChIJ8x4iUkkPIYYRvozRVp3__JA?authuser=0&hl=en&rclk=1,auto repair shop,Terrebonne Parish,county,LA,2026-07-30T09:52:15,0x86210f4952221ef3:0x90fcff9d56d18cbe
Bryler's auto repair,(985) 346-2114,,,"4313 LA-56, Houma, LA 70363, United States",4313 LA-56,Houma,LA,70363,4.3,3,Auto machine shop,,,https://www.google.com/maps/place/Bryler%27s+auto+repair/data=!4m7!3m6!1s0x862103564d739ea7:0x6bc7856f76e8f646!8m2!3d29.5332016!4d-90.6080562!16s%2Fg%2F11t0pr920v!19sChIJp55zTVYDIYYRRvbodm-Fx2s?authuser=0&hl=en&rclk=1,auto repair shop,Terrebonne Parish,county,LA,2026-07-30T09:52:15,0x862103564d739ea7:0x6bc7856f76e8f646
Carsmiths Auto Repair,(985) 872-5234,,,"6178 W Main St, Houma, LA 70360, United States",6178 W Main St,Houma,LA,70360,3.5,11,Auto repair shop,,,https://www.google.com/maps/place/Carsmiths+Auto+Repair/data=!4m7!3m6!1s0x86211075a2226a73:0x76c2d9a22e9c017a!8m2!3d29.6270883!4d-90.7543052!16s%2Fg%2F1tdb4n32!19sChIJc2oionUQIYYRegGcLqLZwnY?authuser=0&hl=en&rclk=1,auto repair shop,Terrebonne Parish,county,LA,2026-07-30T09:52:15,0x86211075a2226a73:0x76c2d9a22e9c017a
Chabill's Tire & Auto Service,(985) 868-5100,https://chabillstire.com/locations/houma-grand-caillou/,,"636 Grand Caillou Rd, Houma, LA 70363, United States",636 Grand Caillou Rd,Houma,LA,70363,4.7,628,Tire shop,,,https://www.google.com/maps/place/Chabill%27s+Tire+%26+Auto+Service/data=!4m7!3m6!1s0x862104c42c49b711:0xc7946a0b77e30b12!8m2!3d29.5868745!4d-90.7018466!16s%2Fg%2F1tkrm4s4!19sChIJEbdJLMQEIYYREgvjdwtqlMc?authuser=0&hl=en&rclk=1,auto repair shop,Terrebonne Parish,county,LA,2026-07-30T09:52:15,0x862104c42c49b711:0xc7946a0b77e30b12
Chabill's Tire & Auto Service,(985) 868-5997,https://chabillstire.com/locations/houma-hollywood/,,"106 S Hollywood Rd, Houma, LA 70360, United States",106 S Hollywood Rd,Houma,LA,70360,4.9,923,Tire shop,,,https://www.google.com/maps/place/Chabill%27s+Tire+%26+Auto+Service/data=!4m7!3m6!1s0x86211aadf1f6626b:0x3153dbcabe2d741e!8m2!3d29.6062965!4d-90.7447738!16s%2Fg%2F1tj_5lrl!19sChIJa2L28a0aIYYRHnQtvsrbUzE?authuser=0&hl=en&rclk=1,auto repair shop,Terrebonne Parish,county,LA,2026-07-30T09:52:15,0x86211aadf1f6626b:0x3153dbcabe2d741e
Craig Bienvenu's Auto Repair,(985) 876-9396,,,"144 N Hollywood Rd #2806, Houma, LA 70364, United States",144 N Hollywood Rd #2806,Houma,LA,70364,5.0,22,Auto repair shop,,,https://www.google.com/maps/place/Craig+Bienvenu%27s+Auto+Repair/data=!4m7!3m6!1s0x86211ab62f9a2bd9:0xcba8ed52ccc08255!8m2!3d29.6078238!4d-90.7383164!16s%2Fg%2F1th8296y!19sChIJ2SuaL7YaIYYRVYLAzFLtqMs?authuser=0&hl=en&rclk=1,auto repair shop,Terrebonne Parish,county,LA,2026-07-30T09:52:15,0x86211ab62f9a2bd9:0xcba8ed52ccc08255
DV Used Tire & Repair,(985) 868-4019,http://dv-used-tire-repair.edan.io/,,"110 Honduras St, Houma, LA 70360, United States",110 Honduras St,Houma,LA,70360,4.2,91,Tire shop,,,https://www.google.com/maps/place/DV+Used+Tire+%26+Repair/data=!4m7!3m6!1s0x862105301307911b:0x116aab27e21d9b78!8m2!3d29.5907554!4d-90.7257364!16s%2Fg%2F1tgc03wc!19sChIJG5EHEzAFIYYReJsd4ierahE?authuser=0&hl=en&rclk=1,auto repair shop,Terrebonne Parish,county,LA,2026-07-30T09:52:15,0x862105301307911b:0x116aab27e21d9b78
David Tire Shop LLC,(985) 868-0196,,,"7370 W Main St, Houma, LA 70360, United States",7370 W Main St,Houma,LA,70360,4.4,177,Tire shop,,,https://www.google.com/maps/place/David+Tire+Shop+LLC/data=!4m7!3m6!1s0x8621054a90817385:0x6760a498c433aa2c!8m2!3d29.599309!4d-90.7349866!16s%2Fg%2F11cnn26j5z!19sChIJhXOBkEoFIYYRLKozxJikYGc?authuser=0&hl=en&rclk=1,auto repair shop,Terrebonne Parish,county,LA,2026-07-30T09:52:15,0x8621054a90817385:0x6760a498c433aa2c
Delta World Tire,(985) 306-5802,https://www.deltaworldtire.com/locations/la/houma/auto-repair-1004-w-tunnel-rd?utm_source=local_listing&utm_medium=organic&utm_campaign=store_7011,customercare@sun.auto,"1004 W Tunnel Blvd, Houma, LA 70360, United States",1004 W Tunnel Blvd,Houma,LA,70360,4.8,353,Tire shop,,,https://www.google.com/maps/place/Delta+World+Tire/data=!4m7!3m6!1s0x86210537d9fcfedf:0x792fbdf5f13a5c30!8m2!3d29.5918029!4d-90.732019!16s%2Fg%2F1tfccjtn!19sChIJ3_782TcFIYYRMFw68fW9L3k?authuser=0&hl=en&rclk=1,auto repair shop,Terrebonne Parish,county,LA,2026-07-30T09:52:15,0x86210537d9fcfedf:0x792fbdf5f13a5c30
Expert Tire & Auto Center,(985) 868-5464,http://experttireandautocenter.com/,,"9688 E Main St, Houma, LA 70363, United States",9688 E Main St,Houma,LA,70363,4.6,43,Brake shop,,,https://www.google.com/maps/place/Expert+Tire+%26+Auto+Center/data=!4m7!3m6!1s0x8621035adfef3933:0xf4aeeb36197f69f4!8m2!3d29.5874657!4d-90.6697786!16s%2Fg%2F1tgz5vh1!19sChIJMznv31oDIYYR9Gl_GTbrrvQ?authuser=0&hl=en&rclk=1,auto repair shop,Terrebonne Parish,county,LA,2026-07-30T09:52:15,0x8621035adfef3933:0xf4aeeb36197f69f4
Expert Transmissions,(985) 868-1284,,,"376 S Van Ave, Houma, LA 70363, United States",376 S Van Ave,Houma,LA,70363,4.8,64,Transmission shop,,,https://www.google.com/maps/place/Expert+Transmissions/data=!4m7!3m6!1s0x862104dd05d6feeb:0xabc0cab56f716512!8m2!3d29.5813108!4d-90.7078825!16s%2Fg%2F1tvgvp_5!19sChIJ6_7WBd0EIYYREmVxb7XKwKs?authuser=0&hl=en&rclk=1,auto repair shop,Terrebonne Parish,county,LA,2026-07-30T09:52:15,0x862104dd05d6feeb:0xabc0cab56f716512
Ford Service Center,(985) 872-5600,https://www.terrebonneford.com/service-center/?utm_source=google&utm_medium=organic&utm_campaign=ford_service_gmb_listing,,"339 St Charles St, Houma, LA 70360, United States",339 St Charles St,Houma,LA,70360,5.0,33,Auto repair shop,,,https://www.google.com/maps/place/Ford+Service+Center/data=!4m7!3m6!1s0x8621054c3e93436b:0x605ea8168e9c7a31!8m2!3d29.5963799!4d-90.7399525!16s%2Fg%2F11gb3rl5rs!19sChIJa0OTPkwFIYYRMXqcjhaoXmA?authuser=0&hl=en&rclk=1,auto repair shop,Terrebonne Parish,county,LA,2026-07-30T09:52:15,0x8621054c3e93436b:0x605ea8168e9c7a31
GS Auto Collision,(985) 686-3291,https://usmapid.org/details/gs-auto-collision-ChIJzVd,,"1117 Grand Caillou Rd, Houma, LA 70363, United States",1117 Grand Caillou Rd,Houma,LA,70363,4.6,20,Auto body shop,,,https://www.google.com/maps/place/GS+Auto+Collision/data=!4m7!3m6!1s0x862104bdee4f57cd:0xa9a96a832bd9d8b!8m2!3d29.579415!4d-90.6907547!16s%2Fg%2F11b5k7dvng!19sChIJzVdP7r0EIYYRi529MqiWmgo?authuser=0&hl=en&rclk=1,auto repair shop,Terrebonne Parish,county,LA,2026-07-30T09:52:15,0x862104bdee4f57cd:0xa9a96a832bd9d8b
GT Auto Repair,(985) 381-5195,,,"Wayside Dr, Houma, LA 70360, United States",Wayside Dr,Houma,LA,70360,,,Auto machine shop,,,https://www.google.com/maps/place/GT+Auto+Repair/data=!4m7!3m6!1s0x86210f2577eee07f:0x69020b150b13f27d!8m2!3d29.582363!4d-90.7542129!16s%2Fg%2F11vymq3jbx!19sChIJf-DudyUPIYYRffITCxULAmk?authuser=0&hl=en&rclk=1,auto repair shop,Terrebonne Parish,county,LA,2026-07-30T09:52:15,0x86210f2577eee07f:0x69020b150b13f27d
GT auto repair and sales,(985) 709-0144,,,"236 N Hollywood Rd, Houma, LA 70364, United States",236 N Hollywood Rd,Houma,LA,70364,4.5,2,Auto repair shop,,,https://www.google.com/maps/place/GT+auto+repair+and+sales/data=!4m7!3m6!1s0x86211bc215a7d97d:0xc97ee781043bbba4!8m2!3d29.6102608!4d-90.7326958!16s%2Fg%2F11wwpkpclj!19sChIJfdmnFcIbIYYRpLs7BIHnfsk?authuser=0&hl=en&rclk=1,auto repair shop,Terrebonne Parish,county,LA,2026-07-30T09:52:15,0x86211bc215a7d97d:0xc97ee781043bbba4
Geri Lynn Nissan Service,(985) 219-1111,https://www.gerilynnnissan.com/VehicleSearchResults?search=used,z@gmail.com,"1772 Martin Luther King Blvd, Houma, LA 70360, United States",1772 Martin Luther King Blvd,Houma,LA,70360,5.0,4,Auto repair shop,,,https://www.google.com/maps/place/Geri+Lynn+Nissan+Service/data=!4m7!3m6!1s0x86211008580447bb:0xb8b934a88159b4e8!8m2!3d29.6150843!4d-90.7557318!16s%2Fg%2F11fz0dwg15!19sChIJu0cEWAgQIYYR6LRZgag0ubg?authuser=0&hl=en&rclk=1,auto repair shop,Terrebonne Parish,county,LA,2026-07-30T09:52:15,0x86211008580447bb:0xb8b934a88159b4e8
Hennety's Auto Repair & Services,(985) 217-4195,http://www.hennetysauto.com/,,"102 Clendenning Rd suite A, Houma, LA 70363, United States",102 Clendenning Rd suite A,Houma,LA,70363,5.0,18,Auto repair shop,,,https://www.google.com/maps/place/Hennety%27s+Auto+Repair+%26+Services/data=!4m7!3m6!1s0x862103ea3bf796f3:0x69405e793c6852a9!8m2!3d29.585078!4d-90.6666347!16s%2Fg%2F11z22kr0db!19sChIJ85b3O-oDIYYRqVJoPHleQGk?authuser=0&hl=en&rclk=1,auto repair shop,Terrebonne Parish,county,LA,2026-07-30T09:52:15,0x862103ea3bf796f3:0x69405e793c6852a9
Houma Tire & Auto,(985) 262-4335,http://houmatireandauto.com/,,"916 Barrow St, Houma, LA 70360, United States",916 Barrow St,Houma,LA,70360,5.0,22,Auto repair shop,,,https://www.google.com/maps/place/Houma+Tire+%26+Auto/data=!4m7!3m6!1s0x8621050c6782e9c3:0x7b04e36bdda9b0cc!8m2!3d29.5914153!4d-90.7204483!16s%2Fg%2F11ltkql2ng!19sChIJw-mCZwwFIYYRzLCp3WvjBHs?authuser=0&hl=en&rclk=1,auto repair shop,Terrebonne Parish,county,LA,2026-07-30T09:52:15,0x8621050c6782e9c3:0x7b04e36bdda9b0cc
IN AND OUT OIL CHANGE HOUMA,(985) 360-3228,https://inandout-oilchange.com/,,"805 Grand Caillou Rd, Houma, LA 70363, United States",805 Grand Caillou Rd,Houma,LA,70363,5.0,115,Oil change service,,,https://www.google.com/maps/place/IN+AND+OUT+OIL+CHANGE+HOUMA/data=!4m7!3m6!1s0x862105e08e64723b:0xe9d54e1f066acfe0!8m2!3d29.584941!4d-90.6978231!16s%2Fg%2F11lf7t8r3c!19sChIJO3JkjuAFIYYR4M9qBh9O1ek?authuser=0&hl=en&rclk=1,auto repair shop,Terrebonne Parish,county,LA,2026-07-30T09:52:15,0x862105e08e64723b:0xe9d54e1f066acfe0
J & J Auto Repair,(985) 879-4700,,,"326 S Van Ave, Houma, LA 70363, United States",326 S Van Ave,Houma,LA,70363,3.6,47,Auto repair shop,,,https://www.google.com/maps/place/J+%26+J+Auto+Repair/data=!4m7!3m6!1s0x862104c34e932795:0x136b1d0e37822a99!8m2!3d29.5833558!4d-90.7055552!16s%2Fg%2F1ttyx2r0!19sChIJlSeTTsMEIYYRmSqCNw4daxM?authuser=0&hl=en&rclk=1,auto repair shop,Terrebonne Parish,county,LA,2026-07-30T09:52:15,0x862104c34e932795:0x136b1d0e37822a99
J R's Auto/Diesel Repair,(985) 859-2172,,,"307 Howard Ave, Houma, LA 70363, United States",307 Howard Ave,Houma,LA,70363,4.9,8,Auto repair shop,,,https://www.google.com/maps/place/J+R%27s+Auto%2FDiesel+Repair/data=!4m7!3m6!1s0x8621035c723d0ead:0x69ad5e05246b7e35!8m2!3d29.5921464!4d-90.6963153!16s%2Fg%2F1tdrxp18!19sChIJrQ49clwDIYYRNX5rJAVerWk?authuser=0&hl=en&rclk=1,auto repair shop,Terrebonne Parish,county,LA,2026-07-30T09:52:15,0x8621035c723d0ead:0x69ad5e05246b7e35
Keep it Rolling Car Care Center,(985) 872-3878,https://www.keepitrollingcarcare.com/,keepitrollingcarcare@gmail.com,"310 Howard Ave, Houma, LA 70363, United States",310 Howard Ave,Houma,LA,70363,4.5,135,Auto repair shop,,,https://www.google.com/maps/place/Keep+it+Rolling+Car+Care+Center/data=!4m7!3m6!1s0x86211ab1e7ef5331:0x223641e8fe90dd34!8m2!3d29.5917498!4d-90.696982!16s%2Fg%2F11f1k757s5!19sChIJMVPv57EaIYYRNN2Q_uhBNiI?authuser=0&hl=en&rclk=1,auto repair shop,Terrebonne Parish,county,LA,2026-07-30T09:52:15,0x86211ab1e7ef5331:0x223641e8fe90dd34
Kia Service Center,(833) 249-7103,https://www.barkerkia.com/car-service-houma-la?utm_source=google&utm_medium=organic&utm_campaign=google_my_business,,"1190 W Tunnel Blvd Ste a, Houma, LA 70360, United States",1190 W Tunnel Blvd Ste a,Houma,LA,70360,3.0,4,Auto repair shop,,,https://www.google.com/maps/place/Kia+Service+Center/data=!4m7!3m6!1s0x8621050ed94568c1:0x2a36e6c0dc518920!8m2!3d29.5955603!4d-90.7407691!16s%2Fg%2F11j0wndts0!19sChIJwWhF2Q4FIYYRIIlR3MDmNio?authuser=0&hl=en&rclk=1,auto repair shop,Terrebonne Parish,county,LA,2026-07-30T09:52:15,0x8621050ed94568c1:0x2a36e6c0dc518920
L's One Stop Repair Shop LLC.,(985) 226-2865,https://www.facebook.com/Lsonestoprepairshop/,,"1313 Municipal Dr, Houma, LA 70360, United States",1313 Municipal Dr,Houma,LA,70360,3.7,3,Auto body shop,,,https://www.google.com/maps/place/L%27s+One+Stop+Repair+Shop+LLC./data=!4m7!3m6!1s0x862105215f6bffff:0x425388f8cb7aa13d!8m2!3d29.5830065!4d-90.7199579!16s%2Fg%2F11f54t0pnw!19sChIJ__9rXyEFIYYRPaF6y_iIU0I?authuser=0&hl=en&rclk=1,auto repair shop,Terrebonne Parish,county,LA,2026-07-30T09:52:15,0x862105215f6bffff:0x425388f8cb7aa13d
Labit's Automotive,(985) 873-9595,,,"336 Bayou Blue Rd, Houma, LA 70364, United States",336 Bayou Blue Rd,Houma,LA,70364,4.9,13,Auto repair shop,,,https://www.google.com/maps/place/Labit%27s+Automotive/data=!4m7!3m6!1s0x862102bb706ce1cf:0xd6e718b7ddeb5f6e!8m2!3d29.5848126!4d-90.611871!16s%2Fg%2F1tgx2cwl!19sChIJz-FscLsCIYYRbl_r3bcY59Y?authuser=0&hl=en&rclk=1,auto repair shop,Terrebonne Parish,county,LA,2026-07-30T09:52:15,0x862102bb706ce1cf:0xd6e718b7ddeb5f6e
Lavis Auto Repair,(985) 876-6678,,,"318 Barrow St, Houma, LA 70360, United States",318 Barrow St,Houma,LA,70360,4.8,16,Auto repair shop,,,https://www.google.com/maps/place/Lavis+Auto+Repair/data=!4m7!3m6!1s0x8621052be5026fbd:0x9b22428d946335e8!8m2!3d29.5959987!4d-90.7195129!16s%2Fg%2F1tggn_lc!19sChIJvW8C5SsFIYYR6DVjlI1CIps?authuser=0&hl=en&rclk=1,auto repair shop,Terrebonne Parish,county,LA,2026-07-30T09:52:15,0x8621052be5026fbd:0x9b22428d946335e8
Lil Diesel Mechanic Shop LLC,(985) 255-1914,,,"114 N Hollywood Rd, Houma, LA 70364, United States",114 N Hollywood Rd,Houma,LA,70364,5.0,6,Diesel engine repair service,,,https://www.google.com/maps/place/Lil+Diesel+Mechanic+Shop+LLC/data=!4m7!3m6!1s0x86211ba0af72cbe1:0x9f20a963034f0a11!8m2!3d29.6069071!4d-90.7404395!16s%2Fg%2F11s2m6wsdr!19sChIJ4ctyr6AbIYYREQpPA2OpIJ8?authuser=0&hl=en&rclk=1,auto repair shop,Terrebonne Parish,county,LA,2026-07-30T09:52:15,0x86211ba0af72cbe1:0x9f20a963034f0a11
Lincoln Service Center,(985) 876-5333,https://www.terrebonnelincoln.com/general-service.htm?utm_source=google&utm_medium=organic&utm_campaign=google_my_business,,"1100 W Tunnel Blvd # A, Houma, LA 70360, United States",1100 W Tunnel Blvd # A,Houma,LA,70360,5.0,1,Auto repair shop,,,https://www.google.com/maps/place/Lincoln+Service+Center/data=!4m7!3m6!1s0x86210577e2689705:0xedd2a84283d4545!8m2!3d29.595247!4d-90.738809!16s%2Fg%2F11j0wmw52p!19sChIJBZdo4ncFIYYRRUU9KIQq3Q4?authuser=0&hl=en&rclk=1,auto repair shop,Terrebonne Parish,county,LA,2026-07-30T09:52:15,0x86210577e2689705:0xedd2a84283d4545
Marcus Auto Repair,(985) 688-5360,,,"102 Hidalgo Dr, Houma, LA 70363, United States",102 Hidalgo Dr,Houma,LA,70363,,,Auto repair shop,,,https://www.google.com/maps/place/Marcus+Auto+Repair/data=!4m7!3m6!1s0x8621050582715b55:0x9435e27693d82756!8m2!3d29.5374044!4d-90.7199539!16s%2Fg%2F11z9x7ctfy!19sChIJVVtxggUFIYYRVifYk3biNZQ?authuser=0&hl=en&rclk=1,auto repair shop,Terrebonne Parish,county,LA,2026-07-30T09:52:15,0x8621050582715b55:0x9435e27693d82756
Mark Verret Mechanic Services,(985) 226-3814,,,"472 Bayou Dularge Rd, Houma, LA 70363, United States",472 Bayou Dularge Rd,Houma,LA,70363,4.0,1,Mechanic,,,https://www.google.com/maps/place/Mark+Verret+Mechanic+Services/data=!4m7!3m6!1s0x862105f545427519:0x5d015838c4169889!8m2!3d29.5330602!4d-90.7265356!16s%2Fg%2F11y0pq8dd5!19sChIJGXVCRfUFIYYRiZgWxDhYAV0?authuser=0&hl=en&rclk=1,auto repair shop,Terrebonne Parish,county,LA,2026-07-30T09:52:15,0x862105f545427519:0x5d015838c4169889
Mazda Service Center,(985) 876-5333,https://www.barkermazda.com/service.aspx?utm_source=google&utm_medium=organic&utm_campaign=google_my_business,,"1100 W Tunnel Blvd # A, Houma, LA 70360, United States",1100 W Tunnel Blvd # A,Houma,LA,70360,4.0,1,Auto repair shop,,,https://www.google.com/maps/place/Mazda+Service+Center/data=!4m7!3m6!1s0x8621054934e8ac25:0xd30741df38e9ff35!8m2!3d29.595247!4d-90.738809!16s%2Fg%2F11b6sfw9rb!19sChIJJazoNEkFIYYRNf_pON9BB9M?authuser=0&hl=en&rclk=1,auto repair shop,Terrebonne Parish,county,LA,2026-07-30T09:52:15,0x8621054934e8ac25:0xd30741df38e9ff35
Mobil 1 Lube Express,(985) 791-9938,https://mobil1houma.com/,test@test.com,"109 Bayou Gardens Blvd, Houma, LA 70364, United States",109 Bayou Gardens Blvd,Houma,LA,70364,4.8,278,Oil change service,,,https://www.google.com/maps/place/Mobil+1+Lube+Express/data=!4m7!3m6!1s0x86211079ce2194b7:0x87ad80acdd9ed525!8m2!3d29.6366846!4d-90.757185!16s%2Fg%2F1q6j0jvll!19sChIJt5QhznkQIYYRJdWe3ayArYc?authuser=0&hl=en&rclk=1,auto repair shop,Terrebonne Parish,county,LA,2026-07-30T09:52:15,0x86211079ce2194b7:0x87ad80acdd9ed525
Mobility Auto Glass LLC.,(985) 857-8519,http://mobilityautoglass.com/,mobilityautoglass@gmail.com,"837 Bayou Gardens Blvd, Houma, LA 70364, United States",837 Bayou Gardens Blvd,Houma,LA,70364,5.0,253,Auto glass shop,,,https://www.google.com/maps/place/Mobility+Auto+Glass+LLC./data=!4m7!3m6!1s0x86211a85fbe166db:0x328b4f05d7e4d3cf!8m2!3d29.6415791!4d-90.7447146!16s%2Fg%2F1tdyr4df!19sChIJ22bh-4UaIYYRz9Pk1wVPizI?authuser=0&hl=en&rclk=1,auto repair shop,Terrebonne Parish,county,LA,2026-07-30T09:52:15,0x86211a85fbe166db:0x328b4f05d7e4d3cf
Nam's Tire Service,(985) 876-0323,http://namstire.com/,,"9005 E Main St, Houma, LA 70363, United States",9005 E Main St,Houma,LA,70363,4.7,119,Tire shop,,,https://www.google.com/maps/place/Nam%27s+Tire+Service/data=!4m7!3m6!1s0x862104b22537e487:0x5a25dfaebadb9097!8m2!3d29.5968293!4d-90.6883781!16s%2Fg%2F1ttdytd3!19sChIJh-Q3JbIEIYYRl5Dbuq7fJVo?authuser=0&hl=en&rclk=1,auto repair shop,Terrebonne Parish,county,LA,2026-07-30T09:52:15,0x862104b22537e487:0x5a25dfaebadb9097
Naquin's Super Services,(985) 873-7638,,,"8370 E Main St, Houma, LA 70363, United States",8370 E Main St,Houma,LA,70363,4.9,13,Tire shop,,,https://www.google.com/maps/place/Naquin%27s+Super+Services/data=!4m7!3m6!1s0x862104d25c67fbe3:0x5ff52cca6376bed5!8m2!3d29.5979779!4d-90.7071859!16s%2Fg%2F1thvt1jw!19sChIJ4_tnXNIEIYYR1b52Y8os9V8?authuser=0&hl=en&rclk=1,auto repair shop,Terrebonne Parish,county,LA,2026-07-30T09:52:15,0x862104d25c67fbe3:0x5ff52cca6376bed5
On site auto repair,(985) 208-6508,,,"508 Mozart Dr, Houma, LA 70363, United States",508 Mozart Dr,Houma,LA,70363,4.0,5,Auto repair shop,,,https://www.google.com/maps/place/On+site+auto+repair/data=!4m7!3m6!1s0x8621038ec673766d:0xb51ee56eb9893098!8m2!3d29.5396796!4d-90.6715067!16s%2Fg%2F11byy4_7j7!19sChIJbXZzxo4DIYYRmDCJuW7lHrU?authuser=0&hl=en&rclk=1,auto repair shop,Terrebonne Parish,county,LA,2026-07-30T09:52:15,0x8621038ec673766d:0xb51ee56eb9893098
"Polar Aut-O-Air, LLC",(985) 876-1934,,,"1616 Coteau Rd, Houma, LA 70364, United States",1616 Coteau Rd,Houma,LA,70364,4.3,41,Auto repair shop,,,"https://www.google.com/maps/place/Polar+Aut-O-Air,+LLC/data=!4m7!3m6!1s0x86211ab6384db143:0xb5100a80f9676474!8m2!3d29.6231888!4d-90.6889811!16s%2Fg%2F1thk930h!19sChIJQ7FNOLYaIYYRdGRn-YAKELU?authuser=0&hl=en&rclk=1",auto repair shop,Terrebonne Parish,county,LA,2026-07-30T09:52:15,0x86211ab6384db143:0xb5100a80f9676474
Pro Auto Services,(985) 872-4749,,,"5359 W Main St, Houma, LA 70360, United States",5359 W Main St,Houma,LA,70360,4.1,18,Auto repair shop,,,https://www.google.com/maps/place/Pro+Auto+Services/data=!4m7!3m6!1s0x8621108857505b69:0xb0d1a7eb6ccdec95!8m2!3d29.650303!4d-90.7644406!16s%2Fg%2F1vc824_f!19sChIJaVtQV4gQIYYRlezNbOun0bA?authuser=0&hl=en&rclk=1,auto repair shop,Terrebonne Parish,county,LA,2026-07-30T09:52:15,0x8621108857505b69:0xb0d1a7eb6ccdec95
Radiator Services of Houma LLC,(985) 868-5076,http://www.radiatorservices.com/,,"8403 E Park Ave, Houma, LA 70363, United States",8403 E Park Ave,Houma,LA,70363,4.7,18,Auto repair shop,,,https://www.google.com/maps/place/Radiator+Services+of+Houma+LLC/data=!4m7!3m6!1s0x862104d281f74eb1:0x4ddb7d4d4f7b745!8m2!3d29.599344!4d-90.7059136!16s%2Fg%2F1ttyx2r1!19sChIJsU73gdIEIYYRRbf31NS33QQ?authuser=0&hl=en&rclk=1,auto repair shop,Terrebonne Parish,county,LA,2026-07-30T09:52:15,0x862104d281f74eb1:0x4ddb7d4d4f7b745
Ratchet Garage,(985) 346-6712,,,"307 N Hollywood Rd, Houma, LA 70364, United States",307 N Hollywood Rd,Houma,LA,70364,4.9,57,Auto repair shop,,,https://www.google.com/maps/place/Ratchet+Garage/data=!4m7!3m6!1s0x86211b23887244f7:0x12bdf4ab55d808f7!8m2!3d29.6116857!4d-90.7308338!16s%2Fg%2F11f5v7flh_!19sChIJ90RyiCMbIYYR9wjYVav0vRI?authuser=0&hl=en&rclk=1,auto repair shop,Terrebonne Parish,county,LA,2026-07-30T09:52:15,0x86211b23887244f7:0x12bdf4ab55d808f7
Redmond's Repair Center,(985) 872-9610,,,"369 S Van Ave, Houma, LA 70363, United States",369 S Van Ave,Houma,LA,70363,4.8,20,Brake shop,,,https://www.google.com/maps/place/Redmond%27s+Repair+Center/data=!4m7!3m6!1s0x862104dd1c95e293:0x8c8fed6eef66f316!8m2!3d29.581362!4d-90.7067022!16s%2Fg%2F1v6qh_10!19sChIJk-KVHN0EIYYRFvNm727tj4w?authuser=0&hl=en&rclk=1,auto repair shop,Terrebonne Parish,county,LA,2026-07-30T09:52:15,0x862104dd1c95e293:0x8c8fed6eef66f316
Road Hog LLC,(985) 873-0884,http://www.roadhogllc.com/,,"6125 W Main St, Houma, LA 70360, United States",6125 W Main St,Houma,LA,70360,4.1,21,Auto repair shop,,,https://www.google.com/maps/place/Road+Hog+LLC/data=!4m7!3m6!1s0x86211a9fee688699:0x207b19ab4ab61e8d!8m2!3d29.6287098!4d-90.7549656!16s%2Fg%2F1tgx6zch!19sChIJmYZo7p8aIYYRjR62SqsZeyA?authuser=0&hl=en&rclk=1,auto repair shop,Terrebonne Parish,county,LA,2026-07-30T09:52:15,0x86211a9fee688699:0x207b19ab4ab61e8d
Rob's Rods and Auto Repair,(985) 360-3616,,,"8515 E Main St, Houma, LA 70363, United States",8515 E Main St,Houma,LA,70363,4.9,11,Auto repair shop,,,https://www.google.com/maps/place/Rob%27s+Rods+and+Auto+Repair/data=!4m7!3m6!1s0x862104cc4d45a5d9:0xff877a7b0de4007a!8m2!3d29.5980134!4d-90.703352!16s%2Fg%2F11gfk10gjg!19sChIJ2aVFTcwEIYYRegDkDXt6h_8?authuser=0&hl=en&rclk=1,auto repair shop,Terrebonne Parish,county,LA,2026-07-30T09:52:15,0x862104cc4d45a5d9:0xff877a7b0de4007a
SERVICIO MECANICO GASPAR,(985) 647-2676,,,"1426 Grand Caillou Rd, Houma, LA 70363, United States",1426 Grand Caillou Rd,Houma,LA,70363,4.6,13,Car repair and maintenance service,,,https://www.google.com/maps/place/SERVICIO+MECANICO+GASPAR/data=!4m7!3m6!1s0x86210355be193f2b:0x17ccad3720244981!8m2!3d29.5727216!4d-90.6848523!16s%2Fg%2F11bc92c9hw!19sChIJKz8ZvlUDIYYRgUkkIDetzBc?authuser=0&hl=en&rclk=1,auto repair shop,Terrebonne Parish,county,LA,2026-07-30T09:52:15,0x86210355be193f2b:0x17ccad3720244981
Southern Tire Mart,(985) 709-0500,https://locations.stmtires.com/la/houma/5581-hwy-311,stm303@stmtires.com,"5581 LA-311, Houma, LA 70360, United States",5581 LA-311,Houma,LA,70360,4.7,52,Tire shop,,,https://www.google.com/maps/place/Southern+Tire+Mart/data=!4m7!3m6!1s0x86210545f88e0057:0xe2c243355b234f7a!8m2!3d29.5901973!4d-90.7391884!16s%2Fg%2F11cmd4kmxd!19sChIJVwCO-EUFIYYRek8jWzVDwuI?authuser=0&hl=en&rclk=1,auto repair shop,Terrebonne Parish,county,LA,2026-07-30T09:52:15,0x86210545f88e0057:0xe2c243355b234f7a
"StreetKing Custom Wheels and Tires of Houma, LA",(985) 307-4884,http://www.streetking.com/,,"623 Grand Caillou Rd, Houma, LA 70363, United States",623 Grand Caillou Rd,Houma,LA,70363,4.8,235,Wheel store,,,"https://www.google.com/maps/place/StreetKing+Custom+Wheels+and+Tires+of+Houma,+LA/data=!4m7!3m6!1s0x862104c5cc0f9b15:0xbda31292f70ec386!8m2!3d29.5877002!4d-90.7018486!16s%2Fg%2F1w3w3d1f!19sChIJFZsPzMUEIYYRhsMO95ISo70?authuser=0&hl=en&rclk=1",auto repair shop,Terrebonne Parish,county,LA,2026-07-30T09:52:15,0x862104c5cc0f9b15:0xbda31292f70ec386
Terrebonne Lincoln Service,(985) 876-5100,https://www.terrebonnelincoln.com/,,"339 St Charles St, Houma, LA 70360, United States",339 St Charles St,Houma,LA,70360,5.0,1,Auto repair shop,,,https://www.google.com/maps/place/Terrebonne+Lincoln+Service/data=!4m7!3m6!1s0x862105d879889273:0xb6a044cf511f2b8a!8m2!3d29.5963799!4d-90.7399525!16s%2Fg%2F11ll4m2dk4!19sChIJc5KIedgFIYYRiisfUc9EoLY?authuser=0&hl=en&rclk=1,auto repair shop,Terrebonne Parish,county,LA,2026-07-30T09:52:15,0x862105d879889273:0xb6a044cf511f2b8a
The Car Doctor,(985) 868-6501,,,"119 Popeye Ct, Houma, LA 70360, United States",119 Popeye Ct,Houma,LA,70360,4.8,5,Auto repair shop,,,https://www.google.com/maps/place/The+Car+Doctor/data=!4m7!3m6!1s0x86211092ddcc9389:0x61eb1c5ed3438aa9!8m2!3d29.6597367!4d-90.7715176!16s%2Fg%2F1w97vrhq!19sChIJiZPM3ZIQIYYRqYpD014c62E?authuser=0&hl=en&rclk=1,auto repair shop,Terrebonne Parish,county,LA,2026-07-30T09:52:15,0x86211092ddcc9389:0x61eb1c5ed3438aa9
The mobile mechanic,(985) 226-8791,,,"224 Oakshire Dr, Houma, LA 70364, United States",224 Oakshire Dr,Houma,LA,70364,4.2,12,Auto repair shop,,,https://www.google.com/maps/place/The+mobile+mechanic/data=!4m7!3m6!1s0x862111b33504a7f9:0xb35b15cde2c36924!8m2!3d29.6465604!4d-90.7572294!16s%2Fg%2F11z0w8dqmx!19sChIJ-acENbMRIYYRJGnD4s0VW7M?authuser=0&hl=en&rclk=1,auto repair shop,Terrebonne Parish,county,LA,2026-07-30T09:52:15,0x862111b33504a7f9:0xb35b15cde2c36924
Toyota Service,(985) 876-7210,,,"220 S Hollywood Rd, Houma, LA 70360, United States",220 S Hollywood Rd,Houma,LA,70360,4.8,20,Auto repair shop,,,https://www.google.com/maps/place/Toyota+Service/data=!4m7!3m6!1s0x86211aaba5589b45:0xc0e8deed4874c623!8m2!3d29.6046418!4d-90.7514728!16s%2Fg%2F11g9qc8pld!19sChIJRZtYpasaIYYRI8Z0SO3e6MA?authuser=0&hl=en&rclk=1,auto repair shop,Terrebonne Parish,county,LA,2026-07-30T09:52:15,0x86211aaba5589b45:0xc0e8deed4874c623
Trahan's Auto Repair,(985) 851-6832,,,"5037 W Main St, Houma, LA 70360, United States",5037 W Main St,Houma,LA,70360,4.6,26,Auto repair shop,,,https://www.google.com/maps/place/Trahan%27s+Auto+Repair/data=!4m7!3m6!1s0x8621108dc1c061cd:0x41d9b14be1441423!8m2!3d29.6583319!4d-90.768634!16s%2Fg%2F1tywy9cg!19sChIJzWHAwY0QIYYRIxRE4Uux2UE?authuser=0&hl=en&rclk=1,auto repair shop,Terrebonne Parish,county,LA,2026-07-30T09:52:15,0x8621108dc1c061cd:0x41d9b14be1441423
Trapp Chevrolet Service,(985) 876-6570,https://www.trappchevroletcadillac.com/service?utm_source=google&utm_medium=organic&utm_campaign=scgooglemybusiness,,"200 S Hollywood Rd, Houma, LA 70360, United States",200 S Hollywood Rd,Houma,LA,70360,4.1,57,Auto repair shop,,,https://www.google.com/maps/place/Trapp+Chevrolet+Service/data=!4m7!3m6!1s0x86211aac3e33105b:0xc327efc9134af9e1!8m2!3d29.6058944!4d-90.7472659!16s%2Fg%2F11b6s1rwp2!19sChIJWxAzPqwaIYYR4flKE8nvJ8M?authuser=0&hl=en&rclk=1,auto repair shop,Terrebonne Parish,county,LA,2026-07-30T09:52:15,0x86211aac3e33105b:0xc327efc9134af9e1
Unlimited Maintenance and Repair LLC,(985) 545-6496,http://www.unlimitedmr.com/,team@unlimitedmr.com,"498 Enterprise Dr, Houma, LA 70360, United States",498 Enterprise Dr,Houma,LA,70360,4.9,289,Auto repair shop,,,https://www.google.com/maps/place/Unlimited+Maintenance+and+Repair+LLC/data=!4m7!3m6!1s0x862104815d8ccb17:0x1844fec9d49c270c!8m2!3d29.6081012!4d-90.7555351!16s%2Fg%2F11btvb78lc!19sChIJF8uMXYEEIYYRDCec1Mn-RBg?authuser=0&hl=en&rclk=1,auto repair shop,Terrebonne Parish,county,LA,2026-07-30T09:52:15,0x862104815d8ccb17:0x1844fec9d49c270c
Whites Auto Care & Services,(985) 262-9815,,,"6305 W Main St, Houma, LA 70360, United States",6305 W Main St,Houma,LA,70360,4.0,29,Mechanic,,,https://www.google.com/maps/place/Whites+Auto+Care+%26+Services/data=!4m7!3m6!1s0x86211bcf9177b5fb:0x8a17e8d3878ce190!8m2!3d29.6237287!4d-90.75084!16s%2Fg%2F11t30smg3f!19sChIJ-7V3kc8bIYYRkOGMh9PoF4o?authuser=0&hl=en&rclk=1,auto repair shop,Terrebonne Parish,county,LA,2026-07-30T09:52:15,0x86211bcf9177b5fb:0x8a17e8d3878ce190
clark's automotive repair,(985) 688-6889,,,"8924 E Park Ave, Houma, LA 70363, United States",8924 E Park Ave,Houma,LA,70363,4.7,29,Auto repair shop,,,https://www.google.com/maps/place/clark%27s+automotive+repair/data=!4m7!3m6!1s0x862105bd9a8bf039:0xf2226bc4f85131c3!8m2!3d29.5976655!4d-90.6907549!16s%2Fg%2F11h2c3t349!19sChIJOfCLmr0FIYYRwzFR-MRrIvI?authuser=0&hl=en&rclk=1,auto repair shop,Terrebonne Parish,county,LA,2026-07-30T09:52:15,0x862105bd9a8bf039:0xf2226bc4f85131c3
Billy's Auto Repair,(985) 878-0507,,,"12232 LA-1063, Independence, LA 70443, United States",12232 LA-1063,Independence,LA,70443,4.7,64,Brake shop,,,https://www.google.com/maps/place/Billy%27s+Auto+Repair/data=!4m7!3m6!1s0x86271bfe6bbf041f:0x24b03d2120e269d6!8m2!3d30.6195089!4d-90.5223592!16s%2Fg%2F1tf080cc!19sChIJHwS_a_4bJ4YR1mniICE9sCQ?authuser=0&hl=en&rclk=1,auto repair shop,Tangipahoa Parish,county,LA,2026-07-30T09:29:30,0x86271bfe6bbf041f:0x24b03d2120e269d6
Finch Auto Repair,(985) 878-6917,http://www.finchautorepair.com/,,"51532 Finch Ln, Independence, LA 70443, United States",51532 Finch Ln,Independence,LA,70443,4.5,61,Auto repair shop,,,https://www.google.com/maps/place/Finch+Auto+Repair/data=!4m7!3m6!1s0x86271715841d4101:0x694e8c81fa4a4cf9!8m2!3d30.6011638!4d-90.4275671!16s%2Fg%2F1tj52z6g!19sChIJAUEdhBUXJ4YR-UxK-oGMTmk?authuser=0&hl=en&rclk=1,auto repair shop,Tangipahoa Parish,county,LA,2026-07-30T09:29:30,0x86271715841d4101:0x694e8c81fa4a4cf9
Geaux RV,(214) 693-1622,,,"16219 W Bennett Rd, Independence, LA 70443, United States",16219 W Bennett Rd,Independence,LA,70443,5.0,3,RV repair shop,,,https://www.google.com/maps/place/Geaux+RV/data=!4m7!3m6!1s0x86271bfdd99f6459:0x9431d891e5d1787!8m2!3d30.6273262!4d-90.4601908!16s%2Fg%2F11xfpybxhg!19sChIJWWSf2f0bJ4YRhxddHokdQwk?authuser=0&hl=en&rclk=1,auto repair shop,Washington Parish,county,LA,2026-07-30T10:37:12,0x86271bfdd99f6459:0x9431d891e5d1787
Jerrys Auto Repair,(985) 878-6787,,,"10299 LA-1063, Independence, LA 70443, United States",10299 LA-1063,Independence,LA,70443,5.0,1,Auto repair shop,,,https://www.google.com/maps/place/Jerrys+Auto+Repair/data=!4m7!3m6!1s0x86271e9252544fdd:0x96c7f1a717708ca1!8m2!3d30.5996373!4d-90.5570279!16s%2Fg%2F1tg9hy14!19sChIJ3U9UUpIeJ4YRoYxwF6fxx5Y?authuser=0&hl=en&rclk=1,auto repair shop,Tangipahoa Parish,county,LA,2026-07-30T09:29:30,0x86271e9252544fdd:0x96c7f1a717708ca1
S & S Automotive Repair,(985) 878-3865,,,"51804 LA-1065, Independence, LA 70443, United States",51804 LA-1065,Independence,LA,70443,4.3,15,Brake shop,,,https://www.google.com/maps/place/S+%26+S+Automotive+Repair/data=!4m7!3m6!1s0x8627199ab8da92e3:0x2d94a443607e0d14!8m2!3d30.6076086!4d-90.4802689!16s%2Fg%2F1td38lwy!19sChIJ45LauJoZJ4YRFA1-YEOklC0?authuser=0&hl=en&rclk=1,auto repair shop,Tangipahoa Parish,county,LA,2026-07-30T09:29:30,0x8627199ab8da92e3:0x2d94a443607e0d14
Advanced Honda Service,(337) 582-1605,,,"700 US-90, Iowa, LA 70647, United States",700 US-90,Iowa,LA,70647,4.3,6,Auto repair shop,,,https://www.google.com/maps/place/Advanced+Honda+Service/data=!4m7!3m6!1s0x863b7bee54086605:0xd6de39f7fe34b60d!8m2!3d30.2309645!4d-93.0048088!16s%2Fg%2F1tdfj1d9!19sChIJBWYIVO57O4YRDbY0_vc53tY?authuser=0&hl=en&rclk=1,auto repair shop,Allen Parish,county,LA,2026-07-29T09:58:43,0x863b7bee54086605:0xd6de39f7fe34b60d
Boudreaux's Auto Services,(337) 582-2822,,,"406 US-90, Iowa, LA 70647, United States",406 US-90,Iowa,LA,70647,4.5,28,Auto repair shop,,,https://www.google.com/maps/place/Boudreaux%27s+Auto+Services/data=!4m7!3m6!1s0x863b7be500d8f357:0x6c61b776a631364a!8m2!3d30.2311385!4d-93.0086575!16s%2Fg%2F1tgxty41!19sChIJV_PYAOV7O4YRSjYxpna3YWw?authuser=0&hl=en&rclk=1,auto repair shop,Beauregard Parish,county,LA,2026-07-29T10:38:56,0x863b7be500d8f357:0x6c61b776a631364a
Speedco Truck Lube and Tires,(337) 582-4528,https://www.loves.com/locations/243,store243@loves.com,"1118 Lowe-Grout Rd, Iowa, LA 70647, United States",1118 Lowe-Grout Rd,Iowa,LA,70647,3.3,146,Truck repair shop,,,https://www.google.com/maps/place/Speedco+Truck+Lube+and+Tires/data=!4m7!3m6!1s0x863b7b185ef8b79f:0x4e846e3777f20d84!8m2!3d30.2533857!4d-93.0115457!16s%2Fg%2F11mqw2h7qx!19sChIJn7f4Xhh7O4YRhA3ydzduhE4?authuser=0&hl=en&rclk=1,auto repair shop,Allen Parish,county,LA,2026-07-29T09:58:43,0x863b7b185ef8b79f:0x4e846e3777f20d84
Vic's Truck & Trailer repair,(800) 400-3551,,,"1120 Lowe-Grout Rd, Iowa, LA 70647, United States",1120 Lowe-Grout Rd,Iowa,LA,70647,3.8,102,Truck repair shop,,,https://www.google.com/maps/place/Vic%27s+Truck+%26+Trailer+repair/data=!4m7!3m6!1s0x863b7bd72b793255:0x5e3f681989ca4d2d!8m2!3d30.2539132!4d-93.0124521!16s%2Fg%2F1tdmqf9y!19sChIJVTJ5K9d7O4YRLU3KiRloP14?authuser=0&hl=en&rclk=1,auto repair shop,Allen Parish,county,LA,2026-07-29T09:58:43,0x863b7bd72b793255:0x5e3f681989ca4d2d
Elam's Auto Service,(225) 634-2451,http://www.btbautoparts.com/,,"2804 LA-10, Jackson, LA 70748, United States",2804 LA-10,Jackson,LA,70748,4.4,29,Auto parts store,,,https://www.google.com/maps/place/Elam%27s+Auto+Service/data=!4m7!3m6!1s0x86242a78e7754ad1:0x23c4b26e786441!8m2!3d30.8373276!4d-91.1991046!16s%2Fg%2F1vxdymyb!19sChIJ0Up153gqJIYRQWR4brLEIwA?authuser=0&hl=en&rclk=1,auto repair shop,West Feliciana Parish,county,LA,2026-07-30T11:19:39,0x86242a78e7754ad1:0x23c4b26e786441
Henry's Mechanic Services,(225) 634-9900,,,"3332 LA-10, Jackson, LA 70748, United States",3332 LA-10,Jackson,LA,70748,4.6,55,Auto repair shop,,,https://www.google.com/maps/place/Henry%27s+Mechanic+Services/data=!4m7!3m6!1s0x86242a7be5d124fd:0x14241506c968ae81!8m2!3d30.8362672!4d-91.1936527!16s%2Fg%2F12605_fsz!19sChIJ_STR5XsqJIYRga5oyQYVJBQ?authuser=0&hl=en&rclk=1,auto repair shop,West Feliciana Parish,county,LA,2026-07-30T11:19:39,0x86242a7be5d124fd:0x14241506c968ae81
Norman Pourciau Jr Auto Repair,(225) 627-5314,,,"5915 Island Rd, Jarreau, LA 70749, United States",5915 Island Rd,Jarreau,LA,70749,5.0,1,Auto repair shop,,,https://www.google.com/maps/place/Norman+Pourciau+Jr+Auto+Repair/data=!4m7!3m6!1s0x86243bf444c56dbf:0x8fcbcf4bbe60bbf4!8m2!3d30.6157914!4d-91.4274938!16s%2Fg%2F1tcyftzg!19sChIJv23FRPQ7JIYR9LtgvkvPy48?authuser=0&hl=en&rclk=1,auto repair shop,West Feliciana Parish,county,LA,2026-07-30T11:19:39,0x86243bf444c56dbf:0x8fcbcf4bbe60bbf4
Edwards Auto Repair,(337) 276-4978,,,"738 Pepper Rd, Jeanerette, LA 70544, United States",738 Pepper Rd,Jeanerette,LA,70544,4.6,20,Auto repair shop,,,https://www.google.com/maps/place/Edwards+Auto+Repair/data=!4m7!3m6!1s0x862390b20520039b:0xd4f8e7b170ad6dd0!8m2!3d29.8755787!4d-91.6664492!16s%2Fg%2F1tdxwcwg!19sChIJmwMgBbKQI4YR0G2tcLHn-NQ?authuser=0&hl=en&rclk=1,auto repair shop,St. Martin Parish,county,LA,2026-07-30T09:03:24,0x862390b20520039b:0xd4f8e7b170ad6dd0
Jefferson Auto Service,(504) 837-3721,http://jeffersonautoservice.com/,jeffersonautoservice@yahoo.com,"901 Shrewsbury Rd, Jefferson, LA 70121, United States",901 Shrewsbury Rd,Jefferson,LA,70121,4.8,416,Auto repair shop,,,https://www.google.com/maps/place/Jefferson+Auto+Service/data=!4m7!3m6!1s0x8620baa50443cb51:0x30a7846fb599e7ac!8m2!3d29.964793!4d-90.1606597!16s%2Fg%2F1wk4ddt7!19sChIJUctDBKW6IIYRrOeZtW-EpzA?authuser=0&hl=en&rclk=1,auto repair shop,New Orleans,city,LA,2026-07-30T11:44:45,0x8620baa50443cb51:0x30a7846fb599e7ac
Mitey Automotive Center,(504) 837-5122,http://www.miteyautocenter.com/,,"3530 Jefferson Hwy, Jefferson, LA 70121, United States",3530 Jefferson Hwy,Jefferson,LA,70121,4.2,95,Auto repair shop,,,https://www.google.com/maps/place/Mitey+Automotive+Center/data=!4m7!3m6!1s0x8620baa4d7321857:0x5c2638c438b1497!8m2!3d29.9628148!4d-90.1619766!16s%2Fg%2F1wl4qzb3!19sChIJVxgy16S6IIYRlxSLQ4xjwgU?authuser=0&hl=en&rclk=1,auto repair shop,St. John the Baptist Parish,county,LA,2026-07-30T08:30:09,0x8620baa4d7321857:0x5c2638c438b1497
Uptown Auto Specialist,(504) 866-8392,http://myuptownauto.com/,,"501 River Rd, Jefferson, LA 70121, United States",501 River Rd,Jefferson,LA,70121,3.1,79,Auto repair shop,,,https://www.google.com/maps/place/Uptown+Auto+Specialist/data=!4m7!3m6!1s0x8620a53c604f5833:0xe0152aef21f4d4d3!8m2!3d29.9572943!4d-90.1395643!16s%2Fg%2F1v46_qc0!19sChIJM1hPYDylIIYR09T0Ie8qFeA?authuser=0&hl=en&rclk=1,auto repair shop,New Orleans,city,LA,2026-07-30T11:44:45,0x8620a53c604f5833:0xe0152aef21f4d4d3
Billy Wood Ford Service,(318) 836-0005,https://www.billywoodford.net/?utm_source=gmbsvc&utm_medium=social&mcmid=gmbsvc,,"3050 W Oak St, Jena, LA 71342, United States",3050 W Oak St,Jena,LA,71342,3.5,2,Auto repair shop,,,https://www.google.com/maps/place/Billy+Wood+Ford+Service/data=!4m7!3m6!1s0x862f8b4612f15555:0xffba14dee0d3a30e!8m2!3d31.6838499!4d-92.1341107!16s%2Fg%2F11h7v7p0p_!19sChIJVVXxEkaLL4YRDqPT4N4Uuv8?authuser=0&hl=en&rclk=1,auto repair shop,Catahoula Parish,county,LA,2026-07-29T11:59:56,0x862f8b4612f15555:0xffba14dee0d3a30e
Chapman's Transmission,(318) 992-4636,,,"1528 Buckalew Rd, Jena, LA 71342, United States",1528 Buckalew Rd,Jena,LA,71342,3.6,7,Transmission shop,,,https://www.google.com/maps/place/Chapman%27s+Transmission/data=!4m7!3m6!1s0x862ff4b30ec3ea1f:0x1cf949c40deb7119!8m2!3d31.6871769!4d-92.1509717!16s%2Fg%2F1tmpf97b!19sChIJH-rDDrP0L4YRGXHrDcRJ-Rw?authuser=0&hl=en&rclk=1,auto repair shop,Winn Parish,county,LA,2026-07-30T11:37:04,0x862ff4b30ec3ea1f:0x1cf949c40deb7119
Coons Garage,(318) 992-0118,,,"1626 E Oak St, Jena, LA 71342, United States",1626 E Oak St,Jena,LA,71342,4.5,15,Auto repair shop,,,https://www.google.com/maps/place/Coons+Garage/data=!4m7!3m6!1s0x862f8bcb9d50fc1d:0xf6ac0f791f5e9d76!8m2!3d31.6817358!4d-92.1142469!16s%2Fg%2F11r95jcl6t!19sChIJHfxQncuLL4YRdp1eH3kPrPY?authuser=0&hl=en&rclk=1,auto repair shop,Catahoula Parish,county,LA,2026-07-29T11:59:56,0x862f8bcb9d50fc1d:0xf6ac0f791f5e9d76
Hart's Glass,(318) 992-7677,,,"2204 E Oak St, Jena, LA 71342, United States",2204 E Oak St,Jena,LA,71342,4.8,21,Auto glass shop,,,https://www.google.com/maps/place/Hart%27s+Glass/data=!4m7!3m6!1s0x862f8b0c59f5f789:0xf24c59da015371cb!8m2!3d31.6829359!4d-92.124218!16s%2Fg%2F1tm0tjds!19sChIJiff1WQyLL4YRy3FTAdpZTPI?authuser=0&hl=en&rclk=1,auto repair shop,Catahoula Parish,county,LA,2026-07-29T11:59:56,0x862f8b0c59f5f789:0xf24c59da015371cb
Jackson Service Center,(318) 992-8399,,,"1075 US-84, Jena, LA 71342, United States",1075 US-84,Jena,LA,71342,4.8,20,Tire repair shop,,,https://www.google.com/maps/place/Jackson+Service+Center/data=!4m7!3m6!1s0x8630c480d3b6cd31:0xb462d1b89cf5508b!8m2!3d31.6863503!4d-92.1183409!16s%2Fg%2F1260ynlbn!19sChIJMc2204DEMIYRi1D1nLjRYrQ?authuser=0&hl=en&rclk=1,auto repair shop,Caldwell Parish,county,LA,2026-07-29T11:39:29,0x8630c480d3b6cd31:0xb462d1b89cf5508b
Jena Service and Tire Center,(318) 992-8395,http://www.stihldealer.net/default-dealer-_aacuda.aspx,,"1815 E Oak St, Jena, LA 71342, United States",1815 E Oak St,Jena,LA,71342,4.1,62,Auto repair shop,,,https://www.google.com/maps/place/Jena+Service+and+Tire+Center/data=!4m7!3m6!1s0x862f8b0d01001331:0x3ac3e6944284e76c!8m2!3d31.6823944!4d-92.1190249!16s%2Fg%2F1tdl1ydr!19sChIJMRMAAQ2LL4YRbOeEQpTmwzo?authuser=0&hl=en&rclk=1,auto repair shop,Catahoula Parish,county,LA,2026-07-29T11:59:56,0x862f8b0d01001331:0x3ac3e6944284e76c
Long's Body Shop LLC,(318) 992-8519,,,"11376 US-84, Jena, LA 71342, United States",11376 US-84,Jena,LA,71342,4.8,8,Auto body shop,,,https://www.google.com/maps/place/Long%27s+Body+Shop+LLC/data=!4m7!3m6!1s0x862ff5f4105a86ef:0x8255a11c6170755!8m2!3d31.6917389!4d-92.1461193!16s%2Fg%2F1tdbx3f9!19sChIJ74ZaEPT1L4YRVQcXxhFaJQg?authuser=0&hl=en&rclk=1,auto repair shop,Winn Parish,county,LA,2026-07-30T11:37:04,0x862ff5f4105a86ef:0x8255a11c6170755
Ryan's Body Shop,(318) 992-8080,,,"3464 W Oak St, Jena, LA 71342, United States",3464 W Oak St,Jena,LA,71342,4.6,13,Auto body shop,,,https://www.google.com/maps/place/Ryan%27s+Body+Shop/data=!4m7!3m6!1s0x862f8b4e6b322993:0xd24c88548cb3a4b8!8m2!3d31.6881389!4d-92.138085!16s%2Fg%2F1tflscy_!19sChIJkykya06LL4YRuKSzjFSITNI?authuser=0&hl=en&rclk=1,auto repair shop,Catahoula Parish,county,LA,2026-07-29T11:59:56,0x862f8b4e6b322993:0xd24c88548cb3a4b8
Southern Glory Auto Sales & Repair,(318) 452-0637,,,"1631 E Oak St, Jena, LA 71342, United States",1631 E Oak St,Jena,LA,71342,3.5,8,Auto repair shop,,,https://www.google.com/maps/place/Southern+Glory+Auto+Sales+%26+Repair/data=!4m7!3m6!1s0x862f8b7a0df23599:0x501aba81b235c781!8m2!3d31.6819297!4d-92.1156449!16s%2Fg%2F11q1gh759j!19sChIJmTXyDXqLL4YRgcc1soG6GlA?authuser=0&hl=en&rclk=1,auto repair shop,Catahoula Parish,county,LA,2026-07-29T11:59:56,0x862f8b7a0df23599:0x501aba81b235c781
Southside,(318) 992-2181,,,"LA-8, Jena, LA 71342, United States",LA-8,Jena,LA,71342,3.3,3,Auto repair shop,,,https://www.google.com/maps/place/Southside/data=!4m7!3m6!1s0x862f8b47d9c266cb:0x24d3f96b5b21e085!8m2!3d31.680978!4d-92.1354532!16s%2Fg%2F1tfd2s6t!19sChIJy2bC2UeLL4YRheAhW2v50yQ?authuser=0&hl=en&rclk=1,auto repair shop,Catahoula Parish,county,LA,2026-07-29T11:59:56,0x862f8b47d9c266cb:0x24d3f96b5b21e085
Chick's Auto Services,(337) 824-6439,,,"13681 Touchet Rd, Jennings, LA 70546, United States",13681 Touchet Rd,Jennings,LA,70546,4.3,68,Auto repair shop,,,https://www.google.com/maps/place/Chick%27s+Auto+Services/data=!4m7!3m6!1s0x863b5be20d664b4f:0x92a0116c0440667f!8m2!3d30.2171974!4d-92.6852188!16s%2Fg%2F1tfc2d3k!19sChIJT0tmDeJbO4YRf2ZABGwRoJI?authuser=0&hl=en&rclk=1,auto repair shop,Acadia Parish,county,LA,2026-07-29T09:43:23,0x863b5be20d664b4f:0x92a0116c0440667f
Farleys Automotive,(337) 824-6680,http://farleys-automotive.poi.place/,,"1414 Elton Rd, Jennings, LA 70546, United States",1414 Elton Rd,Jennings,LA,70546,4.6,80,Brake shop,,,https://www.google.com/maps/place/Farleys+Automotive/data=!4m7!3m6!1s0x863b5bd203d88af7:0x597444c97106c3c8!8m2!3d30.2363788!4d-92.6630747!16s%2Fg%2F1vzv40rp!19sChIJ94rYA9JbO4YRyMMGcclEdFk?authuser=0&hl=en&rclk=1,auto repair shop,Acadia Parish,county,LA,2026-07-29T09:43:23,0x863b5bd203d88af7:0x597444c97106c3c8
"Jennings RV & Horse Trailer Repair Center, LLC",(337) 246-3737,http://www.jenningsrv.com/,info@jenningsrv.com,"1923 Shankland Ave, Jennings, LA 70546, United States",1923 Shankland Ave,Jennings,LA,70546,4.6,39,RV repair shop,,,"https://www.google.com/maps/place/Jennings+RV+%26+Horse+Trailer+Repair+Center,+LLC/data=!4m7!3m6!1s0x863b5b0f36160fbb:0x8b52bcd758c9b60d!8m2!3d30.2311812!4d-92.6834139!16s%2Fg%2F11sx40pwvp!19sChIJuw8WNg9bO4YRDbbJWNe8Uos?authuser=0&hl=en&rclk=1",auto repair shop,Allen Parish,county,LA,2026-07-29T09:58:43,0x863b5b0f36160fbb:0x8b52bcd758c9b60d
Mark's Automotive & Customs,(337) 824-2900,,,"1403 Airport Rd, Jennings, LA 70546, United States",1403 Airport Rd,Jennings,LA,70546,4.7,32,Auto repair shop,,,https://www.google.com/maps/place/Mark%27s+Automotive+%26+Customs/data=!4m7!3m6!1s0x863b5bd09f14a911:0x371c80e5dc484a5f!8m2!3d30.2383799!4d-92.6738234!16s%2Fg%2F1tdps0s8!19sChIJEakUn9BbO4YRX0pI3OWAHDc?authuser=0&hl=en&rclk=1,auto repair shop,Acadia Parish,county,LA,2026-07-29T09:43:23,0x863b5bd09f14a911:0x371c80e5dc484a5f
Poor Mans Auto Repair,(337) 824-3060,,,"110 Seagraves St, Jennings, LA 70546, United States",110 Seagraves St,Jennings,LA,70546,4.2,25,Auto repair shop,,,https://www.google.com/maps/place/Poor+Mans+Auto+Repair/data=!4m7!3m6!1s0x863b59856b2e71ff:0xc95b906ad9d83d66!8m2!3d30.214966!4d-92.6494799!16s%2Fg%2F1tcwgc02!19sChIJ_3Eua4VZO4YRZj3Y2WqQW8k?authuser=0&hl=en&rclk=1,auto repair shop,Acadia Parish,county,LA,2026-07-29T09:43:23,0x863b59856b2e71ff:0xc95b906ad9d83d66
Road Bound Truck and Trailer Repair,(337) 414-4409,,,"1042 N Frontage Rd, Jennings, LA 70546, United States",1042 N Frontage Rd,Jennings,LA,70546,3.3,78,Truck repair shop,,,https://www.google.com/maps/place/Road+Bound+Truck+and+Trailer+Repair/data=!4m7!3m6!1s0x863b5b0d88c9b783:0xaef197d2c57b3a63!8m2!3d30.2464795!4d-92.6389162!16s%2Fg%2F11trzmk5x8!19sChIJg7fJiA1bO4YRYzp7xdKX8a4?authuser=0&hl=en&rclk=1,auto repair shop,Allen Parish,county,LA,2026-07-29T09:58:43,0x863b5b0d88c9b783:0xaef197d2c57b3a63
Southside Automotive LLC,(337) 616-0200,,,"511 S Lake Arthur Ave, Jennings, LA 70546, United States",511 S Lake Arthur Ave,Jennings,LA,70546,4.2,58,Auto repair shop,,,https://www.google.com/maps/place/Southside+Automotive+LLC/data=!4m7!3m6!1s0x863b5980de22f0b7:0x527bb1ac0a22e71!8m2!3d30.216511!4d-92.6635458!16s%2Fg%2F1tw_nmmy!19sChIJt_Ai3oBZO4YRcS6iwBq7JwU?authuser=0&hl=en&rclk=1,auto repair shop,Acadia Parish,county,LA,2026-07-29T09:43:23,0x863b5980de22f0b7:0x527bb1ac0a22e71
Sterling Buick GMC West Service and Parts,(337) 824-4486,https://www.sterlingbuickgmcwest.com/service/?utm_source=google&utm_medium=organic&utm_campaign=scgooglemybusiness,,"414 W Fred & Ruth Zigler Memorial Dr, Jennings, LA 70546, United States",414 W Fred & Ruth Zigler Memorial Dr,Jennings,LA,70546,4.6,24,Auto repair shop,,,https://www.google.com/maps/place/Sterling+Buick+GMC+West+Service+and+Parts/data=!4m7!3m6!1s0x863b5b0539d16305:0x2a828ec1787f816a!8m2!3d30.2421966!4d-92.6609371!16s%2Fg%2F11h2_nt5v8!19sChIJBWPROQVbO4YRaoF_eMGOgio?authuser=0&hl=en&rclk=1,auto repair shop,Allen Parish,county,LA,2026-07-29T09:58:43,0x863b5b0539d16305:0x2a828ec1787f816a
Byron's Auto Plus,(318) 395-1927,,,"1744 Beech Springs Rd, Jonesboro, LA 71251, United States",1744 Beech Springs Rd,Jonesboro,LA,71251,5.0,12,Auto repair shop,,,https://www.google.com/maps/place/Byron%27s+Auto+Plus/data=!4m7!3m6!1s0x863033a6ba54f341:0x8c91a9c6172c7cdc!8m2!3d32.2745445!4d-92.6769335!16s%2Fg%2F1tr7jrrn!19sChIJQfNUuqYzMIYR3HwsF8apkYw?authuser=0&hl=en&rclk=1,auto repair shop,Winn Parish,county,LA,2026-07-30T11:37:03,0x863033a6ba54f341:0x8c91a9c6172c7cdc
Caveman's Automotive,(318) 278-7995,,,"1847 Firetower Rd, Jonesboro, LA 71251, United States",1847 Firetower Rd,Jonesboro,LA,71251,3.8,5,Auto repair shop,,,https://www.google.com/maps/place/Caveman%27s+Automotive/data=!4m7!3m6!1s0x863031515e6f7113:0xdca94e052239cbaf!8m2!3d32.2299393!4d-92.6933196!16s%2Fg%2F11bbrjm8sr!19sChIJE3FvXlExMIYRr8s5IgVOqdw?authuser=0&hl=en&rclk=1,auto repair shop,Winn Parish,county,LA,2026-07-30T11:37:04,0x863031515e6f7113:0xdca94e052239cbaf
Iron Horse Customs,(318) 245-1575,http://ironhorsecustoms.us/,ironhorsecustoms@att.net,"117 12th St, Jonesboro, LA 71251, United States",117 12th St,Jonesboro,LA,71251,4.5,15,Auto restoration service,,,https://www.google.com/maps/place/Iron+Horse+Customs/data=!4m7!3m6!1s0x863037b8f5ecd0c3:0xc557e81c6119ffd3!8m2!3d32.2322224!4d-92.7123872!16s%2Fg%2F11fm47n8g8!19sChIJw9Ds9bg3MIYR0_8ZYRzoV8U?authuser=0&hl=en&rclk=1,auto repair shop,Winn Parish,county,LA,2026-07-30T11:37:04,0x863037b8f5ecd0c3:0xc557e81c6119ffd3
Mechanics Shop,(318) 259-8937,,,"315 Pershing Hwy, Jonesboro, LA 71251, United States",315 Pershing Hwy,Jonesboro,LA,71251,,,Auto repair shop,,,https://www.google.com/maps/place/Mechanics+Shop/data=!4m7!3m6!1s0x8630343d51396611:0xbb2820d5ff8771d5!8m2!3d32.2480617!4d-92.7191903!16s%2Fg%2F1td7zg2y!19sChIJEWY5UT00MIYR1XGH_9UgKLs?authuser=0&hl=en&rclk=1,auto repair shop,Winn Parish,county,LA,2026-07-30T11:37:04,0x8630343d51396611:0xbb2820d5ff8771d5
Southern Kustoms,(318) 259-4414,,,"713 Pershing Hwy, Jonesboro, LA 71251, United States",713 Pershing Hwy,Jonesboro,LA,71251,5.0,2,Auto body shop,,,https://www.google.com/maps/place/Southern+Kustoms/data=!4m7!3m6!1s0x8630357b80551463:0xfe37f482237d8884!8m2!3d32.2527356!4d-92.7230619!16s%2Fg%2F11t9tkqr2v!19sChIJYxRVgHs1MIYRhIh9I4L0N_4?authuser=0&hl=en&rclk=1,auto repair shop,Winn Parish,county,LA,2026-07-30T11:37:04,0x8630357b80551463:0xfe37f482237d8884
Tyme to Shyne Auto Care Center,(318) 395-5123,,,"811 Pershing Hwy, Jonesboro, LA 71251, United States",811 Pershing Hwy,Jonesboro,LA,71251,4.7,3,Car repair and maintenance service,,,https://www.google.com/maps/place/Tyme+to+Shyne+Auto+Care+Center/data=!4m7!3m6!1s0x863037293cdda907:0x2f50e171e5339d81!8m2!3d32.2546113!4d-92.7234204!16s%2Fg%2F11gdt8p9yx!19sChIJB6ndPCk3MIYRgZ0z5XHhUC8?authuser=0&hl=en&rclk=1,auto repair shop,Winn Parish,county,LA,2026-07-30T11:37:03,0x863037293cdda907:0x2f50e171e5339d81
"VP Racing FastLube of Jonesboro, LA",(318) 395-5082,,,"101 Morrow St, Jonesboro, LA 71251, United States",101 Morrow St,Jonesboro,LA,71251,4.7,79,Oil change service,,,"https://www.google.com/maps/place/VP+Racing+FastLube+of+Jonesboro,+LA/data=!4m7!3m6!1s0x8630351c3db038cb:0x89a861f33625254!8m2!3d32.2377514!4d-92.7101254!16s%2Fg%2F11gy66z8r5!19sChIJyziwPRw1MIYRVFJiMx-Gmgg?authuser=0&hl=en&rclk=1",auto repair shop,Winn Parish,county,LA,2026-07-30T11:37:03,0x8630351c3db038cb:0x89a861f33625254
Wayne’s Tire Service,(318) 259-2002,,,"391 Walker Rd, Jonesboro, LA 71251, United States",391 Walker Rd,Jonesboro,LA,71251,4.8,72,Tire repair shop,,,https://www.google.com/maps/place/Wayne%E2%80%99s+Tire+Service/data=!4m7!3m6!1s0x863036a861638247:0x445c735ea47e3a20!8m2!3d32.2341982!4d-92.7076007!16s%2Fg%2F1tdn4gdr!19sChIJR4JjYag2MIYRIDp-pF5zXEQ?authuser=0&hl=en&rclk=1,auto repair shop,Winn Parish,county,LA,2026-07-30T11:37:03,0x863036a861638247:0x445c735ea47e3a20
Boyette & Mc Cann Body Shop,(318) 339-6207,,,"215 Mound St, Jonesville, LA 71343, United States",215 Mound St,Jonesville,LA,71343,5.0,3,Auto body shop,,,https://www.google.com/maps/place/Boyette+%26+Mc+Cann+Body+Shop/data=!4m7!3m6!1s0x862f7fe7dd95854d:0xb4692afb8cad4b18!8m2!3d31.626613!4d-91.8133546!16s%2Fg%2F1tk8ch31!19sChIJTYWV3ed_L4YRGEutjPsqabQ?authuser=0&hl=en&rclk=1,auto repair shop,Catahoula Parish,county,LA,2026-07-29T11:59:56,0x862f7fe7dd95854d:0xb4692afb8cad4b18
Bumper To Bumper Auto Parts,(318) 339-1556,https://www.bumpertobumper.com/,,"1502 4th St, Jonesville, LA 71343, United States",1502 4th St,Jonesville,LA,71343,4.4,28,Auto parts store,,,https://www.google.com/maps/place/Bumper+To+Bumper+Auto+Parts/data=!4m7!3m6!1s0x862f7ff728341b85:0x29af563d9ab2b2ca!8m2!3d31.6297675!4d-91.828062!16s%2Fg%2F1q6b561y5!19sChIJhRs0KPd_L4YRyrKymj1Wryk?authuser=0&hl=en&rclk=1,auto repair shop,Catahoula Parish,county,LA,2026-07-29T11:59:56,0x862f7ff728341b85:0x29af563d9ab2b2ca
C & C Mechanic & Body Shop,(318) 339-7340,,,"1579 LA-3101, Jonesville, LA 71343, United States",1579 LA-3101,Jonesville,LA,71343,4.7,10,Auto body shop,,,https://www.google.com/maps/place/C+%26+C+Mechanic+%26+Body+Shop/data=!4m7!3m6!1s0x862f805074a35073:0xc7543a83a69c448b!8m2!3d31.650962!4d-91.8725664!16s%2Fg%2F1tdb95z8!19sChIJc1CjdFCAL4YRi0ScpoM6VMc?authuser=0&hl=en&rclk=1,auto repair shop,Catahoula Parish,county,LA,2026-07-29T11:59:56,0x862f805074a35073:0xc7543a83a69c448b
Cenla Body Shop,(318) 339-6163,,,"202 Monrovia St, Jonesville, LA 71343, United States",202 Monrovia St,Jonesville,LA,71343,4.4,30,Auto repair shop,,,https://www.google.com/maps/place/Cenla+Body+Shop/data=!4m7!3m6!1s0x862f8002bdf9bfe7:0x2aa34680d8cfa48b!8m2!3d31.6274365!4d-91.8333286!16s%2Fg%2F1v_ncwkw!19sChIJ57_5vQKAL4YRi6TP2IBGoyo?authuser=0&hl=en&rclk=1,auto repair shop,Catahoula Parish,county,LA,2026-07-29T11:59:56,0x862f8002bdf9bfe7:0x2aa34680d8cfa48b
Cenla Express Lube & Tire & Chuck’s Towing,(318) 339-8787,http://cenla-lube.edan.io/,,"1505 4th St, Jonesville, LA 71343, United States",1505 4th St,Jonesville,LA,71343,4.6,54,Tire shop,,,https://www.google.com/maps/place/Cenla+Express+Lube+%26+Tire+%26+Chuck%E2%80%99s+Towing/data=!4m7!3m6!1s0x862f7ff72723c53f:0x3f6a6d18ddce347f!8m2!3d31.6291537!4d-91.8280384!16s%2Fg%2F1tjfh6bj!19sChIJP8UjJ_d_L4YRfzTO3Rhtaj8?authuser=0&hl=en&rclk=1,auto repair shop,Catahoula Parish,county,LA,2026-07-29T11:59:56,0x862f7ff72723c53f:0x3f6a6d18ddce347f
D & K Diesel Repair,(318) 339-4047,,,"3790 LA-923, Jonesville, LA 71343, United States",3790 LA-923,Jonesville,LA,71343,4.3,7,Truck repair shop,,,https://www.google.com/maps/place/D+%26+K+Diesel+Repair/data=!4m7!3m6!1s0x862f80e73055eed1:0xd4777aaa33fdb01d!8m2!3d31.6525319!4d-91.8890694!16s%2Fg%2F1tyt5qlc!19sChIJ0e5VMOeAL4YRHbD9M6p6d9Q?authuser=0&hl=en&rclk=1,auto repair shop,Catahoula Parish,county,LA,2026-07-29T11:59:56,0x862f80e73055eed1:0xd4777aaa33fdb01d
Jonesville Auto Supply,(318) 339-1556,,,"1502 4th St, Jonesville, LA 71343, United States",1502 4th St,Jonesville,LA,71343,5.0,6,Auto parts store,,,https://www.google.com/maps/place/Jonesville+Auto+Supply/data=!4m7!3m6!1s0x862f7ff729c6fca3:0xb408e5802eceba42!8m2!3d31.6297675!4d-91.828062!16s%2Fg%2F11_s8nnk9!19sChIJo_zGKfd_L4YRQrrOLoDlCLQ?authuser=0&hl=en&rclk=1,auto repair shop,Catahoula Parish,county,LA,2026-07-29T11:59:56,0x862f7ff729c6fca3:0xb408e5802eceba42
R&S Automotive Company,(318) 403-0741,https://business.google.com/create?hl=en&getstarted&fp=9669087529686271857&gmbsrc=us-en-et-ip-z-gmb-s-z-l~mlu|claimbz_aoc_a|am&ppsrc=GMBSM&skipLandingPage&service=ome&original_intent=GMB&omesrcexp=97643701&omec=ELXZxy4yAgECOjNnbWJzcmM9dXMtZW4tZXQtaXAtei1nbWItcy16LWx-bWx1fGNsYWltYnpfYW9jX2F8YW1AAUoTCL2Ty73_wowDFTELHQIdraougQ==,,"606 Cockerham Rd, Jonesville, LA 71343, United States",606 Cockerham Rd,Jonesville,LA,71343,,,Car repair and maintenance service,,,https://www.google.com/maps/place/R%26S+Automotive+Company/data=!4m7!3m6!1s0x862f8158a630d84b:0x2998ee584763a12a!8m2!3d31.6626871!4d-91.8806965!16s%2Fg%2F11xggbs05l!19sChIJS9gwpliBL4YRKqFjR1jumCk?authuser=0&hl=en&rclk=1,auto repair shop,Catahoula Parish,county,LA,2026-07-29T11:59:56,0x862f8158a630d84b:0x2998ee584763a12a
Ryan's Auto Salvage,(318) 339-7326,,,"402 Poole Bend Rd, Jonesville, LA 71343, United States",402 Poole Bend Rd,Jonesville,LA,71343,4.4,14,Salvage yard,,,https://www.google.com/maps/place/Ryan%27s+Auto+Salvage/data=!4m7!3m6!1s0x862f7f0c30dc95f1:0x6acf8368904ae0bd!8m2!3d31.6878873!4d-91.8276542!16s%2Fg%2F1tdhm5rl!19sChIJ8ZXcMAx_L4YRveBKkGiDz2o?authuser=0&hl=en&rclk=1,auto repair shop,Catahoula Parish,county,LA,2026-07-29T11:59:56,0x862f7f0c30dc95f1:0x6acf8368904ae0bd
Saylors Shade Tree Mechanic Shop. LLC,(318) 403-0741,,,"202 Willow St, Jonesville, LA 71343, United States",202 Willow St,Jonesville,LA,71343,5.0,3,Repair service,,,https://www.google.com/maps/place/Saylors+Shade+Tree+Mechanic+Shop.+LLC/data=!4m7!3m6!1s0x862f7fe1151c0771:0x35c3d6d58d6ede54!8m2!3d31.6277324!4d-91.8158483!16s%2Fg%2F11rft9fk_5!19sChIJcQccFeF_L4YRVN5ujdXWwzU?authuser=0&hl=en&rclk=1,auto repair shop,Catahoula Parish,county,LA,2026-07-29T11:59:56,0x862f7fe1151c0771:0x35c3d6d58d6ede54
Tim Jackson Automotive,(318) 405-6198,http://www.timjacksonauto.com/,,"410 4th St, Jonesville, LA 71343, United States",410 4th St,Jonesville,LA,71343,5.0,87,Used car dealer,,,https://www.google.com/maps/place/Tim+Jackson+Automotive/data=!4m7!3m6!1s0x862f7fb51c25c217:0x84e460acef23b801!8m2!3d31.6264335!4d-91.817846!16s%2Fg%2F11g15ft8g7!19sChIJF8IlHLV_L4YRAbgj76xg5IQ?authuser=0&hl=en&rclk=1,auto repair shop,Catahoula Parish,county,LA,2026-07-29T11:59:56,0x862f7fb51c25c217:0x84e460acef23b801
Woods Tire Center,(318) 339-7921,,,"1907 4th St, Jonesville, LA 71343, United States",1907 4th St,Jonesville,LA,71343,4.7,79,Auto parts store,,,https://www.google.com/maps/place/Woods+Tire+Center/data=!4m7!3m6!1s0x862f7ff7b636a98d:0xffe2023c69edcdbd!8m2!3d31.6284083!4d-91.8329827!16s%2Fg%2F1td9wh5q!19sChIJjak2tvd_L4YRvc3taTwC4v8?authuser=0&hl=en&rclk=1,auto repair shop,Catahoula Parish,county,LA,2026-07-29T11:59:56,0x862f7ff7b636a98d:0xffe2023c69edcdbd
GATOR REPAIR AND TIRE SERVICE LLC,(337) 643-1111,,,"914 E 1st St, Kaplan, LA 70548, United States",914 E 1st St,Kaplan,LA,70548,4.5,83,Car repair and maintenance service,,,https://www.google.com/maps/place/GATOR+REPAIR+AND+TIRE+SERVICE+LLC/data=!4m7!3m6!1s0x86235b9073c78a41:0xcd8d57092c068a4a!8m2!3d29.995605!4d-92.275797!16s%2Fg%2F11gh99x19w!19sChIJQYrHc5BbI4YRSooGLAlXjc0?authuser=0&hl=en&rclk=1,auto repair shop,Vermilion Parish,county,LA,2026-07-30T10:15:24,0x86235b9073c78a41:0xcd8d57092c068a4a
Kent's Auto Repair,(337) 643-3044,,,"415 Cheneau Rd, Kaplan, LA 70548, United States",415 Cheneau Rd,Kaplan,LA,70548,4.6,11,Auto repair shop,,,https://www.google.com/maps/place/Kent%27s+Auto+Repair/data=!4m7!3m6!1s0x86235a5728b16c73:0xcc6fd52a06f9c954!8m2!3d30.0059861!4d-92.2734423!16s%2Fg%2F1tl_m22r!19sChIJc2yxKFdaI4YRVMn5BirVb8w?authuser=0&hl=en&rclk=1,auto repair shop,Vermilion Parish,county,LA,2026-07-30T10:15:24,0x86235a5728b16c73:0xcc6fd52a06f9c954
CAMS Automotive Services,(504) 461-9838,http://camsautomotive.com/,shop@camsautomotive.com,"901 Maria St, Kenner, LA 70062, United States",901 Maria St,Kenner,LA,70062,4.8,149,Auto repair shop,,,https://www.google.com/maps/place/CAMS+Automotive+Services/data=!4m7!3m6!1s0x8620b764363a66ab:0x44ba1913cd914381!8m2!3d29.9819923!4d-90.2490718!16s%2Fg%2F1thw2hnk!19sChIJq2Y6NmS3IIYRgUORzRMZukQ?authuser=0&hl=en&rclk=1,auto repair shop,Cameron Parish,county,LA,2026-07-29T11:45:07,0x8620b764363a66ab:0x44ba1913cd914381
Dennis Automotive,(504) 466-1381,https://dennisauto1.com/,,"2220 Airline Dr, Kenner, LA 70062, United States",2220 Airline Dr,Kenner,LA,70062,4.4,135,Auto repair shop,,,https://www.google.com/maps/place/Dennis+Automotive/data=!4m7!3m6!1s0x8620b75dd77edfb1:0x5db27aebf6d83a78!8m2!3d29.9799414!4d-90.2411957!16s%2Fg%2F1vyswx4n!19sChIJsd9-1123IIYReDrY9ut6sl0?authuser=0&hl=en&rclk=1,auto repair shop,St. John the Baptist Parish,county,LA,2026-07-30T08:30:09,0x8620b75dd77edfb1:0x5db27aebf6d83a78
Kenner Automotive,(504) 468-9441,,,"1315 27th St, Kenner, LA 70062, United States",1315 27th St,Kenner,LA,70062,4.7,72,Auto repair shop,,,https://www.google.com/maps/place/Kenner+Automotive/data=!4m7!3m6!1s0x8620b7110a6094bf:0xe3766d414124a026!8m2!3d30.0042708!4d-90.2501651!16s%2Fg%2F1tg68gk0!19sChIJv5RgChG3IIYRJqAkQUFtduM?authuser=0&hl=en&rclk=1,auto repair shop,St. John the Baptist Parish,county,LA,2026-07-30T08:30:09,0x8620b7110a6094bf:0xe3766d414124a026
Pantojas Auto LLC,(504) 905-5949,http://pantojasauto.square.site/,pantojasauto@gmail.com,"2600 Lexington Ave None, Kenner, LA 70062, United States",2600 Lexington Ave None,Kenner,LA,70062,4.8,164,Auto repair shop,,,https://www.google.com/maps/place/Pantojas+Auto+LLC/data=!4m7!3m6!1s0x8620b7122870d7f3:0x1a61a1176ec2f768!8m2!3d30.0031376!4d-90.2507041!16s%2Fg%2F1tp2_r7q!19sChIJ89dwKBK3IIYRaPfCbhehYRo?authuser=0&hl=en&rclk=1,auto repair shop,St. John the Baptist Parish,county,LA,2026-07-30T08:30:09,0x8620b7122870d7f3:0x1a61a1176ec2f768
Tates Paint Body Shop,(985) 229-5309,,,"19504 LA-440, Kentwood, LA 70444, United States",19504 LA-440,Kentwood,LA,70444,4.8,13,Auto body shop,,,https://www.google.com/maps/place/Tates+Paint+Body+Shop/data=!4m7!3m6!1s0x862709b921dfd7f9:0x33a00374fb62dadd!8m2!3d30.8690723!4d-90.3996324!16s%2Fg%2F1tdbfsrf!19sChIJ-dffIbkJJ4YR3dpi-3QDoDM?authuser=0&hl=en&rclk=1,auto repair shop,Washington Parish,county,LA,2026-07-30T10:37:12,0x862709b921dfd7f9:0x33a00374fb62dadd
Kinder Glass Repair,(337) 738-5766,http://www.kinderglassrepair.com/,kinderglass505@yahoo.com,"505 1st Ave, Kinder, LA 70648, United States",505 1st Ave,Kinder,LA,70648,4.6,47,Auto glass shop,,,https://www.google.com/maps/place/Kinder+Glass+Repair/data=!4m7!3m6!1s0x863b6b590669ed5d:0x4327bc844700ea7f!8m2!3d30.4819494!4d-92.8538946!16s%2Fg%2F1tfv0y51!19sChIJXe1pBllrO4YRf-oAR4S8J0M?authuser=0&hl=en&rclk=1,auto repair shop,Allen Parish,county,LA,2026-07-29T09:58:43,0x863b6b590669ed5d:0x4327bc844700ea7f
Kinder Tire & Auto,(337) 738-4737,https://www.facebook.com/KinderTireandAuto/,,"721 2nd Ave, Kinder, LA 70648, United States",721 2nd Ave,Kinder,LA,70648,4.5,68,Auto repair shop,,,https://www.google.com/maps/place/Kinder+Tire+%26+Auto/data=!4m7!3m6!1s0x863b6b9aa752ae1b:0x7fe2b851a077e469!8m2!3d30.4836587!4d-92.8500103!16s%2Fg%2F11r0ltn9hc!19sChIJG65Sp5prO4YRaeR3oFG44n8?authuser=0&hl=en&rclk=1,auto repair shop,Allen Parish,county,LA,2026-07-29T09:58:43,0x863b6b9aa752ae1b:0x7fe2b851a077e469
Precision Mechanix LLC,(337) 998-8201,,,"328 N 8th St, Kinder, LA 70648, United States",328 N 8th St,Kinder,LA,70648,4.8,24,Mechanic,,,https://www.google.com/maps/place/Precision+Mechanix+LLC/data=!4m7!3m6!1s0x863b6b86276afd97:0xfbeb302eafc52f47!8m2!3d30.4866315!4d-92.8500231!16s%2Fg%2F11kd263tqc!19sChIJl_1qJ4ZrO4YRRy_Fry4w6_s?authuser=0&hl=en&rclk=1,auto repair shop,Allen Parish,county,LA,2026-07-29T09:58:43,0x863b6b86276afd97:0xfbeb302eafc52f47
Ultimate Tire & Brakes,(337) 549-5499,https://ultimatetirellc.com/,,"810 3rd Ave, Kinder, LA 70648, United States",810 3rd Ave,Kinder,LA,70648,4.8,25,Auto repair shop,,,https://www.google.com/maps/place/Ultimate+Tire+%26+Brakes/data=!4m7!3m6!1s0x863b6b3eb81559bb:0x2f0f088c2b4e649c!8m2!3d30.4859056!4d-92.8498462!16s%2Fg%2F11l2vfszv4!19sChIJu1kVuD5rO4YRnGROK4wIDy8?authuser=0&hl=en&rclk=1,auto repair shop,Allen Parish,county,LA,2026-07-29T09:58:43,0x863b6b3eb81559bb:0x2f0f088c2b4e649c
Supreme Tire Service,(985) 526-4049,,,"3120 LA-1, Labadieville, LA 70372, United States",3120 LA-1,Labadieville,LA,70372,4.0,48,Tire shop,,,https://www.google.com/maps/place/Supreme+Tire+Service/data=!4m7!3m6!1s0x86214112ff2fda81:0x89f11fa46bde161e!8m2!3d29.8569793!4d-90.977529!16s%2Fg%2F1tdjrhp8!19sChIJgdov_xJBIYYRHhbea6Qf8Yk?authuser=0&hl=en&rclk=1,auto repair shop,Assumption Parish,county,LA,2026-07-29T10:20:35,0x86214112ff2fda81:0x89f11fa46bde161e
Best Decision Auto Body,(985) 882-9693,,,"27050 US-190, Lacombe, LA 70445, United States",27050 US-190,Lacombe,LA,70445,4.9,96,Auto body shop,,,https://www.google.com/maps/place/Best+Decision+Auto+Body/data=!4m7!3m6!1s0x889df9b675656ae5:0x87a9a95fc8ef8ed0!8m2!3d30.31891!4d-89.95798!16s%2Fg%2F1tj7fv9s!19sChIJ5Wpldbb5nYgR0I7vyF-pqYc?authuser=0&hl=en&rclk=1,auto repair shop,St. Tammany Parish,county,LA,2026-07-30T09:19:04,0x889df9b675656ae5:0x87a9a95fc8ef8ed0
Holley Automotive LLC,(985) 285-8589,,,"61861 Shady Pine Rd, Lacombe, LA 70445, United States",61861 Shady Pine Rd,Lacombe,LA,70445,4.7,58,Auto repair shop,,,https://www.google.com/maps/place/Holley+Automotive+LLC/data=!4m7!3m6!1s0x889dfa13f13fead7:0xc531aa6615acfa0e!8m2!3d30.3269212!4d-89.9103742!16s%2Fg%2F1pv6ybhvv!19sChIJ1-o_8RP6nYgRDvqsFWaqMcU?authuser=0&hl=en&rclk=1,auto repair shop,St. Tammany Parish,county,LA,2026-07-30T09:19:04,0x889dfa13f13fead7:0xc531aa6615acfa0e
Lacombe Car Care,(985) 882-3125,https://www.lacombeautoshop.com/,,"27505 US-190, Lacombe, LA 70445, United States",27505 US-190,Lacombe,LA,70445,4.6,72,Auto repair shop,,,https://www.google.com/maps/place/Lacombe+Car+Care/data=!4m7!3m6!1s0x889df9bde34417d9:0xfefe9b70d6f8edbe!8m2!3d30.3143824!4d-89.9446201!16s%2Fg%2F1tmpwrv4!19sChIJ2RdE4735nYgRvu341nCb_v4?authuser=0&hl=en&rclk=1,auto repair shop,St. Tammany Parish,county,LA,2026-07-30T09:19:04,0x889df9bde34417d9:0xfefe9b70d6f8edbe
Riley's Auto & Diesel Repairs,(985) 282-5055,https://www.rileysautoanddiesel.shop/,,"30246 US-190, Lacombe, LA 70445, United States",30246 US-190,Lacombe,LA,70445,4.8,43,Diesel engine repair service,,,https://www.google.com/maps/place/Riley%27s+Auto+%26+Diesel+Repairs/data=!4m7!3m6!1s0x889dfb9e5af14763:0xf8d3fac7744ad953!8m2!3d30.3085097!4d-89.8988526!16s%2Fg%2F11pcfv53zp!19sChIJY0fxWp77nYgRU9lKdMf60_g?authuser=0&hl=en&rclk=1,auto repair shop,St. Tammany Parish,county,LA,2026-07-30T09:19:04,0x889dfb9e5af14763:0xf8d3fac7744ad953
Acadiana Automotive & Performance,(337) 989-1121,http://acadianaautomotive.net/,,"111 W Brentwood Blvd, Lafayette, LA 70506, United States",111 W Brentwood Blvd,Lafayette,LA,70506,4.4,46,Auto repair shop,,,https://www.google.com/maps/place/Acadiana+Automotive+%26+Performance/data=!4m7!3m6!1s0x86249c2e3964b1e3:0x38a8d4ac6cef6b6f!8m2!3d30.1967644!4d-92.0580523!16s%2Fg%2F1tkkv6z_!19sChIJ47FkOS6cJIYRb2vvbKzUqDg?authuser=0&hl=en&rclk=1,auto repair shop,St. Martin Parish,county,LA,2026-07-30T09:03:24,0x86249c2e3964b1e3:0x38a8d4ac6cef6b6f
Acadiana Transmission & Auto Repair,(337) 232-7910,https://acadianatransmissions.com/,,"102 Wendy Dr, Lafayette, LA 70508, United States",102 Wendy Dr,Lafayette,LA,70508,3.8,90,Auto repair shop,,,https://www.google.com/maps/place/Acadiana+Transmission+%26+Auto+Repair/data=!4m7!3m6!1s0x86249d224cac4297:0xc412e6f3f0d9ff94!8m2!3d30.1822456!4d-92.0053031!16s%2Fg%2F1tz9631w!19sChIJl0KsTCKdJIYRlP_Z8PPmEsQ?authuser=0&hl=en&rclk=1,auto repair shop,Acadia Parish,county,LA,2026-07-29T09:43:23,0x86249d224cac4297:0xc412e6f3f0d9ff94
Affordable Mobile Mechanics®,(346) 540-4119,https://mobileaffordablemechanics.com/?utm_campaign=gmb,support@mobileaffordablemechanics.com,"518 S Pierce St Unit 205, Lafayette, LA 70501, United States",518 S Pierce St Unit 205,Lafayette,LA,70501,4.0,61,Auto repair shop,,,https://www.google.com/maps/place/Affordable+Mobile+Mechanics%C2%AE/data=!4m7!3m6!1s0x86249d1b6431f043:0xf90ebbef175997ea!8m2!3d30.228389!4d-92.018997!16s%2Fg%2F11mn36z1w6!19sChIJQ_AxZBudJIYR6pdZF--7Dvk?authuser=0&hl=en&rclk=1,auto repair shop,St. Martin Parish,county,LA,2026-07-30T09:03:24,0x86249d1b6431f043:0xf90ebbef175997ea
Auto Xtreme,(337) 991-0070,http://autoxtremellc.com/,,"112 Ashy Rd, Lafayette, LA 70508, United States",112 Ashy Rd,Lafayette,LA,70508,4.9,49,Auto body shop,,,https://www.google.com/maps/place/Auto+Xtreme/data=!4m7!3m6!1s0x86249c068a17d781:0x29c6cd8cb03831d9!8m2!3d30.1642125!4d-92.0190778!16s%2Fg%2F1pp2x529d!19sChIJgdcXigacJIYR2TE4sIzNxik?authuser=0&hl=en&rclk=1,auto repair shop,Acadia Parish,county,LA,2026-07-29T09:43:23,0x86249c068a17d781:0x29c6cd8cb03831d9
Automotive Specialists LLC.,(337) 235-8171,,,"216 Carmel Dr, Lafayette, LA 70501, United States",216 Carmel Dr,Lafayette,LA,70501,4.3,41,Auto repair shop,,,https://www.google.com/maps/place/Automotive+Specialists+LLC./data=!4m7!3m6!1s0x86249ca709d863d7:0xf33f3533a2a7122!8m2!3d30.2341562!4d-92.0004011!16s%2Fg%2F1t_kgx16!19sChIJ12PYCaecJIYRInEqOlPzMw8?authuser=0&hl=en&rclk=1,auto repair shop,St. Martin Parish,county,LA,2026-07-30T09:03:24,0x86249ca709d863d7:0xf33f3533a2a7122
"Bertinot's Auto Service, LLC",(337) 235-9745,http://www.bertinotsauto.com/,,"416 Bertrand Dr, Lafayette, LA 70506, United States",416 Bertrand Dr,Lafayette,LA,70506,4.4,68,Auto repair shop,,,"https://www.google.com/maps/place/Bertinot%27s+Auto+Service,+LLC/data=!4m7!3m6!1s0x86249c41b9a5d0b5:0x440457e6fef9c89f!8m2!3d30.2107005!4d-92.0436569!16s%2Fg%2F1tdb4n4k!19sChIJtdCluUGcJIYRn8j5_uZXBEQ?authuser=0&hl=en&rclk=1",auto repair shop,St. Martin Parish,county,LA,2026-07-30T09:03:24,0x86249c41b9a5d0b5:0x440457e6fef9c89f
Bourque's Auto Repair,(337) 234-2052,,,"126 Banks Ave, Lafayette, LA 70506, United States",126 Banks Ave,Lafayette,LA,70506,4.2,44,Auto repair shop,,,https://www.google.com/maps/place/Bourque%27s+Auto+Repair/data=!4m7!3m6!1s0x86249c040fe6a853:0x5ee733ed9ba0b558!8m2!3d30.2283218!4d-92.0609737!16s%2Fg%2F113fvl0t9!19sChIJU6jmDwScJIYRWLWgm-0z514?authuser=0&hl=en&rclk=1,auto repair shop,Acadia Parish,county,LA,2026-07-29T09:43:23,0x86249c040fe6a853:0x5ee733ed9ba0b558
Bourque's Automotive & Tire,(337) 788-2272,,,"103 Fairlane Dr, Lafayette, LA 70507, United States",103 Fairlane Dr,Lafayette,LA,70507,4.0,26,Auto repair shop,,,https://www.google.com/maps/place/Bourque%27s+Automotive+%26+Tire/data=!4m7!3m6!1s0x8624aeacaa4e7c8f:0x5d2489bd4dc64aa!8m2!3d30.2732485!4d-92.0346029!16s%2Fg%2F1vxw8mlk!19sChIJj3xOqqyuJIYRqmTc1JtI0gU?authuser=0&hl=en&rclk=1,auto repair shop,Acadia Parish,county,LA,2026-07-29T09:43:23,0x8624aeacaa4e7c8f:0x5d2489bd4dc64aa
Chabill's Tire & Auto Service,(337) 354-0003,https://chabillstire.com/locations/lafayette-verot-school/,,"110 Verot School Rd, Lafayette, LA 70508, United States",110 Verot School Rd,Lafayette,LA,70508,4.8,1192,Tire shop,,,https://www.google.com/maps/place/Chabill%27s+Tire+%26+Auto+Service/data=!4m7!3m6!1s0x86249d3ce81688cb:0xd8800cd406eecb10!8m2!3d30.1770642!4d-92.0042591!16s%2Fg%2F1td48b8v!19sChIJy4gW6DydJIYREMvuBtQMgNg?authuser=0&hl=en&rclk=1,auto repair shop,St. Martin Parish,county,LA,2026-07-30T09:03:24,0x86249d3ce81688cb:0xd8800cd406eecb10
Chabill's Tire & Auto Service,(337) 988-1234,https://chabillstire.com/locations/lafayette-ambassador-caffery/,,"2306 Ambassador Caffery Pkwy, Lafayette, LA 70506, United States",2306 Ambassador Caffery Pkwy,Lafayette,LA,70506,4.8,1081,Tire shop,,,https://www.google.com/maps/place/Chabill%27s+Tire+%26+Auto+Service/data=!4m7!3m6!1s0x86249e982882a6eb:0xf7d4e71f13ecbace!8m2!3d30.2097135!4d-92.0760034!16s%2Fg%2F1vlk1y7r!19sChIJ66aCKJieJIYRzrrsEx_n1Pc?authuser=0&hl=en&rclk=1,auto repair shop,St. Martin Parish,county,LA,2026-07-30T09:03:24,0x86249e982882a6eb:0xf7d4e71f13ecbace
Christian Brothers Automotive Lafayette LA,(337) 386-1770,https://www.cbac.com/lafayette-la/?utm_source=GMB&utm_medium=organic&utm_campaign=lafayette-la&utm_content=website-cta,mktgcoaches@cbac.com,"5900 Johnston St, Lafayette, LA 70503, United States",5900 Johnston St,Lafayette,LA,70503,4.9,624,Auto repair shop,,,https://www.google.com/maps/place/Christian+Brothers+Automotive+Lafayette+LA/data=!4m7!3m6!1s0x86249f415c8df5ed:0x98b6e8284cc8e8b1!8m2!3d30.169387!4d-92.0827429!16s%2Fg%2F11qjwwxw8b!19sChIJ7fWNXEGfJIYRsejITCjotpg?authuser=0&hl=en&rclk=1,auto repair shop,St. Martin Parish,county,LA,2026-07-30T09:03:24,0x86249f415c8df5ed:0x98b6e8284cc8e8b1
Culotta's Auto Repair Services Llc,(337) 857-1891,,,"1653 La Neuville Rd, Lafayette, LA 70508, United States",1653 La Neuville Rd,Lafayette,LA,70508,4.6,31,Auto repair shop,,,https://www.google.com/maps/place/Culotta%27s+Auto+Repair+Services+Llc/data=!4m7!3m6!1s0x8623627e25c837dd:0x54c7329e2ec2d973!8m2!3d30.1395902!4d-92.0276883!16s%2Fg%2F1tdfthm9!19sChIJ3TfIJX5iI4YRc9nCLp4yx1Q?authuser=0&hl=en&rclk=1,auto repair shop,St. Martin Parish,county,LA,2026-07-30T09:03:24,0x8623627e25c837dd:0x54c7329e2ec2d973
DDS Auto Repair LLC,(337) 366-3629,,,"103 Camille St, Lafayette, LA 70503, United States",103 Camille St,Lafayette,LA,70503,4.7,12,Auto repair shop,,,https://www.google.com/maps/place/DDS+Auto+Repair+LLC/data=!4m7!3m6!1s0x86249dd4c828eedd:0x9a39d4d3aadc2e4c!8m2!3d30.201895!4d-92.0509675!16s%2Fg%2F11n85q6nhp!19sChIJ3e4oyNSdJIYRTC7cqtPUOZo?authuser=0&hl=en&rclk=1,auto repair shop,Acadia Parish,county,LA,2026-07-29T09:43:23,0x86249dd4c828eedd:0x9a39d4d3aadc2e4c
Danny's Auto Repair,(337) 345-8327,http://dannysautorepairlafayette.com/,dannysautorepair00@gmail.com,"111 Dear St, Lafayette, LA 70501, United States",111 Dear St,Lafayette,LA,70501,4.8,249,Auto repair shop,,,https://www.google.com/maps/place/Danny%27s+Auto+Repair/data=!4m7!3m6!1s0x86249e5919e8180b:0xb3feb85291214ed8!8m2!3d30.2146554!4d-92.0065363!16s%2Fg%2F1tdvvp22!19sChIJCxjoGVmeJIYR2E4hkVK4_rM?authuser=0&hl=en&rclk=1,auto repair shop,St. Martin Parish,county,LA,2026-07-30T09:03:24,0x86249e5919e8180b:0xb3feb85291214ed8
David's Auto Repair,(337) 237-5371,,,"128 Johnny St, Lafayette, LA 70501, United States",128 Johnny St,Lafayette,LA,70501,4.6,10,Auto repair shop,,,https://www.google.com/maps/place/David%27s+Auto+Repair/data=!4m7!3m6!1s0x86249b6f8e46db97:0x2e49c17c27bc9b1a!8m2!3d30.2480131!4d-92.0158979!16s%2Fg%2F1tk6qpbl!19sChIJl9tGjm-bJIYRGpu8J3zBSS4?authuser=0&hl=en&rclk=1,auto repair shop,Acadia Parish,county,LA,2026-07-29T09:43:23,0x86249b6f8e46db97:0x2e49c17c27bc9b1a
Hebert Tire & Auto,(337) 988-4241,,,"1313 Verot School Rd, Lafayette, LA 70508, United States",1313 Verot School Rd,Lafayette,LA,70508,4.8,106,Auto repair shop,,,https://www.google.com/maps/place/Hebert+Tire+%26+Auto/data=!4m7!3m6!1s0x86249daee5259287:0x41e012ec29e4adb0!8m2!3d30.1688448!4d-92.0189029!16s%2Fg%2F11jfjvp35t!19sChIJh5Il5a6dJIYRsK3kKewS4EE?authuser=0&hl=en&rclk=1,auto repair shop,St. Martin Parish,county,LA,2026-07-30T09:03:24,0x86249daee5259287:0x41e012ec29e4adb0
In and Out Repair Shop LLc,(337) 351-8744,https://shop19509.m1multisite004.wpengine.com/,,"111 Salsman St, Lafayette, LA 70506, United States",111 Salsman St,Lafayette,LA,70506,4.2,105,Auto repair shop,,,https://www.google.com/maps/place/In+and+Out+Repair+Shop+LLc/data=!4m7!3m6!1s0x86249937f5bbdec9:0x287722578e27fb35!8m2!3d30.2313977!4d-92.0554633!16s%2Fg%2F11j4cmwbqc!19sChIJyd679TeZJIYRNfsnjlcidyg?authuser=0&hl=en&rclk=1,auto repair shop,St. Martin Parish,county,LA,2026-07-30T09:03:24,0x86249937f5bbdec9:0x287722578e27fb35
Leblanc Motorwerks Llc,(337) 704-5017,http://www.leblancmotorwerks.com/,hello@rfuenzalida.com,"2127 Robley Dr, Lafayette, LA 70503, United States",2127 Robley Dr,Lafayette,LA,70503,4.9,81,Auto repair shop,,,https://www.google.com/maps/place/Leblanc+Motorwerks+Llc/data=!4m7!3m6!1s0x86249f37b0662d79:0xf8089b014b676b62!8m2!3d30.1409703!4d-92.0804715!16s%2Fg%2F11b5pjvf0f!19sChIJeS1msDefJIYRYmtnSwGbCPg?authuser=0&hl=en&rclk=1,auto repair shop,St. Martin Parish,county,LA,2026-07-30T09:03:24,0x86249f37b0662d79:0xf8089b014b676b62
Matt's Automotive,(337) 501-8894,http://mattsautomotivela.com/,,"337 Touchet Rd, Lafayette, LA 70506, United States",337 Touchet Rd,Lafayette,LA,70506,4.7,147,Auto repair shop,,,https://www.google.com/maps/place/Matt%27s+Automotive/data=!4m7!3m6!1s0x86249fc3c9e3f6bf:0x7069b70d3cc488fd!8m2!3d30.1526799!4d-92.0981083!16s%2Fg%2F11q2x_x9b8!19sChIJv_bjycOfJIYR_YjEPA23aXA?authuser=0&hl=en&rclk=1,auto repair shop,St. Martin Parish,county,LA,2026-07-30T09:03:24,0x86249fc3c9e3f6bf:0x7069b70d3cc488fd
Meyers Mobile Mechanic,(337) 224-6578,https://www.meyersmobilemechanic.com/,,"3201 Kaliste Saloom Rd #196, Lafayette, LA 70508, United States",3201 Kaliste Saloom Rd #196,Lafayette,LA,70508,4.9,75,Auto repair shop,,,https://www.google.com/maps/place/Meyers+Mobile+Mechanic/data=!4m7!3m6!1s0x86249de8f855d04f:0x8d574fdde0cfe6e3!8m2!3d30.1473519!4d-92.0562112!16s%2Fg%2F11x20f9dg9!19sChIJT9BV-OidJIYR4-bP4N1PV40?authuser=0&hl=en&rclk=1,auto repair shop,St. Martin Parish,county,LA,2026-07-30T09:03:24,0x86249de8f855d04f:0x8d574fdde0cfe6e3
Mike's Car Care Center,(337) 984-4663,https://www.facebook.com/Mikescarcarecenterrenadr/,,"103 Rena Dr, Lafayette, LA 70503, United States",103 Rena Dr,Lafayette,LA,70503,4.6,60,Auto repair shop,,,https://www.google.com/maps/place/Mike%27s+Car+Care+Center/data=!4m7!3m6!1s0x86249c320a129fd7:0xb0752b67c7e44f47!8m2!3d30.1935195!4d-92.0565963!16s%2Fg%2F1x5fbqp9!19sChIJ158SCjKcJIYRR0_kx2crdbA?authuser=0&hl=en&rclk=1,auto repair shop,St. Martin Parish,county,LA,2026-07-30T09:03:24,0x86249c320a129fd7:0xb0752b67c7e44f47
Motor City's Bayou Garage Automotive Repair,(337) 232-6969,https://www.motorcityla.com/service-your-car,admin@motorcityla.com,"1225 W Willow St, Lafayette, LA 70506, United States",1225 W Willow St,Lafayette,LA,70506,4.7,56,Auto repair shop,,,https://www.google.com/maps/place/Motor+City%27s+Bayou+Garage+Automotive+Repair/data=!4m7!3m6!1s0x86249b59688a15ab:0x17c19dfd845ec39c!8m2!3d30.2439182!4d-92.0344099!16s%2Fg%2F11jftdltn1!19sChIJqxWKaFmbJIYRnMNehP2dwRc?authuser=0&hl=en&rclk=1,auto repair shop,Acadia Parish,county,LA,2026-07-29T09:43:23,0x86249b59688a15ab:0x17c19dfd845ec39c
P A Automotive,(337) 237-6777,http://paautomotiverepair.com/,,"1001 Eraste Landry Rd, Lafayette, LA 70506, United States",1001 Eraste Landry Rd,Lafayette,LA,70506,4.0,29,Auto repair shop,,,https://www.google.com/maps/place/P+A+Automotive/data=!4m7!3m6!1s0x86249c1b1d60f5cf:0xd2c998518eeda3fb!8m2!3d30.223913!4d-92.053547!16s%2Fg%2F1tgpszt4!19sChIJz_VgHRucJIYR-6PtjlGYydI?authuser=0&hl=en&rclk=1,auto repair shop,Acadia Parish,county,LA,2026-07-29T09:43:23,0x86249c1b1d60f5cf:0xd2c998518eeda3fb
Ross Tire & Service,(337) 984-0099,https://rosstirelafayette.com/,,"2214 Kaliste Saloom Rd, Lafayette, LA 70508, United States",2214 Kaliste Saloom Rd,Lafayette,LA,70508,4.4,306,Auto repair shop,,,https://www.google.com/maps/place/Ross+Tire+%26+Service/data=!4m7!3m6!1s0x86249d960b6b9c65:0x806bb2ea302e03ba!8m2!3d30.164442!4d-92.0412975!16s%2Fg%2F1td0gwbn!19sChIJZZxrC5adJIYRugMuMOqya4A?authuser=0&hl=en&rclk=1,auto repair shop,Cameron Parish,county,LA,2026-07-29T11:45:07,0x86249d960b6b9c65:0x806bb2ea302e03ba
SON AUTO REPAIR LLC,(337) 889-9988,https://www.bbb.org/us/la/lafayette/profile/auto-repair/son-auto-repair-llc-1045-90016701,,"2311 W Pinhook Rd B, Lafayette, LA 70508, United States",2311 W Pinhook Rd B,Lafayette,LA,70508,4.7,119,Auto repair shop,,,https://www.google.com/maps/place/SON+AUTO+REPAIR+LLC/data=!4m7!3m6!1s0x86249d97b115cf89:0x650f6e8440288a1c!8m2!3d30.1834025!4d-92.0073361!16s%2Fg%2F11f9zqsl6b!19sChIJic8VsZedJIYRHIooQIRuD2U?authuser=0&hl=en&rclk=1,auto repair shop,St. Martin Parish,county,LA,2026-07-30T09:03:24,0x86249d97b115cf89:0x650f6e8440288a1c
Simple Auto Repair,(337) 565-0551,https://www.facebook.com/SimpleAutoRepairLa,,"111 Cadillac St, Lafayette, LA 70501, United States",111 Cadillac St,Lafayette,LA,70501,4.8,77,Auto repair shop,,,https://www.google.com/maps/place/Simple+Auto+Repair/data=!4m7!3m6!1s0x86249b9110778bd7:0x3d2f09f979facac2!8m2!3d30.2521506!4d-92.0042876!16s%2Fg%2F11rj5x7byj!19sChIJ14t3EJGbJIYRwsr6efkJLz0?authuser=0&hl=en&rclk=1,auto repair shop,St. Martin Parish,county,LA,2026-07-30T09:03:24,0x86249b9110778bd7:0x3d2f09f979facac2
Stan's Auto Center,(337) 981-5033,http://stansautocenter.com/,,"3203 Johnston St, Lafayette, LA 70503, United States",3203 Johnston St,Lafayette,LA,70503,4.2,191,Auto repair shop,,,https://www.google.com/maps/place/Stan%27s+Auto+Center/data=!4m7!3m6!1s0x86249c39eff133d3:0x2d3051a087c30b7c!8m2!3d30.202852!4d-92.049182!16s%2Fg%2F1tdnlh0f!19sChIJ0zPx7zmcJIYRfAvDh6BRMC0?authuser=0&hl=en&rclk=1,auto repair shop,St. Martin Parish,county,LA,2026-07-30T09:03:24,0x86249c39eff133d3:0x2d3051a087c30b7c
Swampfoot Garage,(337) 414-9657,,,"335 Teljean Rd, Lafayette, LA 70503, United States",335 Teljean Rd,Lafayette,LA,70503,5.0,19,Auto repair shop,,,https://www.google.com/maps/place/Swampfoot+Garage/data=!4m7!3m6!1s0x86236156b10700af:0xab1d4865b00d0dc8!8m2!3d30.1323916!4d-92.0976248!16s%2Fg%2F11hzm8ps0q!19sChIJrwAHsVZhI4YRyA0NsGVIHas?authuser=0&hl=en&rclk=1,auto repair shop,Vermilion Parish,county,LA,2026-07-30T10:15:24,0x86236156b10700af:0xab1d4865b00d0dc8
VW Plus,(337) 266-9549,http://vwplus.net/,,"7215 Johnston St, Lafayette, LA 70503, United States",7215 Johnston St,Lafayette,LA,70503,4.5,80,Auto repair shop,,,https://www.google.com/maps/place/VW+Plus/data=!4m7!3m6!1s0x86249cc035291c55:0x290179e712ea3c46!8m2!3d30.1353242!4d-92.10495!16s%2Fg%2F12608g5cx!19sChIJVRwpNcCcJIYRRjzqEud5ASk?authuser=0&hl=en&rclk=1,auto repair shop,Vermilion Parish,county,LA,2026-07-30T10:15:24,0x86249cc035291c55:0x290179e712ea3c46
WOODLEY'S AUTO REPAIR,(337) 233-5624,,,"1128 Carmel Dr, Lafayette, LA 70501, United States",1128 Carmel Dr,Lafayette,LA,70501,4.7,30,Auto repair shop,,,https://www.google.com/maps/place/WOODLEY%27S+AUTO+REPAIR/data=!4m7!3m6!1s0x86249cabd2cd5619:0x35039e157318c7ee!8m2!3d30.2331918!4d-91.9925613!16s%2Fg%2F11s8kkb_t5!19sChIJGVbN0qucJIYR7scYcxWeAzU?authuser=0&hl=en&rclk=1,auto repair shop,St. Martin Parish,county,LA,2026-07-30T09:03:24,0x86249cabd2cd5619:0x35039e157318c7ee
errols car care,(337) 988-4442,,,"1505 Dulles Dr, Lafayette, LA 70506, United States",1505 Dulles Dr,Lafayette,LA,70506,4.7,22,Auto repair shop,,,https://www.google.com/maps/place/errols+car+care/data=!4m7!3m6!1s0x86249f3c3f0190eb:0x1379d502104e918b!8m2!3d30.2102253!4d-92.0764594!16s%2Fg%2F11lgd7gzqj!19sChIJ65ABPzyfJIYRi5FOEALVeRM?authuser=0&hl=en&rclk=1,auto repair shop,Acadia Parish,county,LA,2026-07-29T09:43:23,0x86249f3c3f0190eb:0x1379d502104e918b
Aday Tire & Auto Services,(337) 477-6992,http://www.adaytire.com/,,"910 E Prien Lake Rd, Lake Charles, LA 70601, United States",910 E Prien Lake Rd,Lake Charles,LA,70601,4.5,57,Tire shop,,,https://www.google.com/maps/place/Aday+Tire+%26+Auto+Services/data=!4m7!3m6!1s0x863b86902b72e90f:0x73158e151d8c3c7e!8m2!3d30.1979675!4d-93.2075131!16s%2Fg%2F1tctm4vh!19sChIJD-lyK5CGO4YRfjyMHRWOFXM?authuser=0&hl=en&rclk=1,auto repair shop,Calcasieu Parish,county,LA,2026-07-29T11:26:44,0x863b86902b72e90f:0x73158e151d8c3c7e
Advantage Tire & Service,(337) 433-2222,http://www.advantagetireofswla.com/,advantagetireandservice@gmail.com,"6331 US-90, Lake Charles, LA 70615, United States",6331 US-90,Lake Charles,LA,70615,4.6,144,Tire shop,,,https://www.google.com/maps/place/Advantage+Tire+%26+Service/data=!4m7!3m6!1s0x863b8217946735a9:0xf038b55efd2a71d4!8m2!3d30.231882!4d-93.1220245!16s%2Fg%2F1263pd65k!19sChIJqTVnlBeCO4YR1HEq_V61OPA?authuser=0&hl=en&rclk=1,auto repair shop,Calcasieu Parish,county,LA,2026-07-29T11:26:44,0x863b8217946735a9:0xf038b55efd2a71d4
Ashford's Automotive Service,(337) 480-1460,,,"444 E Prien Lake Rd, Lake Charles, LA 70601, United States",444 E Prien Lake Rd,Lake Charles,LA,70601,3.8,107,Auto repair shop,,,https://www.google.com/maps/place/Ashford%27s+Automotive+Service/data=!4m7!3m6!1s0x863b8688f8fb501b:0x5a2d7f975f67761!8m2!3d30.1978872!4d-93.2158287!16s%2Fg%2F1tfrbkb3!19sChIJG1D7-IiGO4YRYXf2dfnXogU?authuser=0&hl=en&rclk=1,auto repair shop,Calcasieu Parish,county,LA,2026-07-29T11:26:44,0x863b8688f8fb501b:0x5a2d7f975f67761
Auto Styling LLC,(337) 421-0029,,,"1738 Gerstner Memorial Dr, Lake Charles, LA 70601, United States",1738 Gerstner Memorial Dr,Lake Charles,LA,70601,4.7,13,Auto body shop,,,https://www.google.com/maps/place/Auto+Styling+LLC/data=!4m7!3m6!1s0x863b8400fc900f2d:0x947bf210103dcc8b!8m2!3d30.2156601!4d-93.1804356!16s%2Fg%2F11c3ss2vn1!19sChIJLQ-Q_ACEO4YRi8w9EBDye5Q?authuser=0&hl=en&rclk=1,auto repair shop,Calcasieu Parish,county,LA,2026-07-29T11:26:44,0x863b8400fc900f2d:0x947bf210103dcc8b
Automotive Alignment & Brake,(337) 433-7731,http://www.autoalignlc.com/,,"2012 Broad St, Lake Charles, LA 70601, United States",2012 Broad St,Lake Charles,LA,70601,4.5,81,Auto repair shop,,,https://www.google.com/maps/place/Automotive+Alignment+%26+Brake/data=!4m7!3m6!1s0x863b8411224ed43b:0xf30efb8c17d974c1!8m2!3d30.22719!4d-93.191864!16s%2Fg%2F1v8y4dfy!19sChIJO9ROIhGEO4YRwXTZF4z7DvM?authuser=0&hl=en&rclk=1,auto repair shop,Calcasieu Parish,county,LA,2026-07-29T11:26:44,0x863b8411224ed43b:0xf30efb8c17d974c1
Automotive Maintenance,(337) 474-3512,http://automotive-maintenance.jany.io/,,"3715 Kirkman St, Lake Charles, LA 70607, United States",3715 Kirkman St,Lake Charles,LA,70607,3.8,48,Auto repair shop,,,https://www.google.com/maps/place/Automotive+Maintenance/data=!4m7!3m6!1s0x863b868d47747f9f:0xd734c31c6e9b8f7b!8m2!3d30.1900464!4d-93.209292!16s%2Fg%2F1tmxrd8y!19sChIJn390R42GO4YRe4-bbhzDNNc?authuser=0&hl=en&rclk=1,auto repair shop,Calcasieu Parish,county,LA,2026-07-29T11:26:44,0x863b868d47747f9f:0xd734c31c6e9b8f7b
B&K Complete Auto,(337) 660-7784,,,"2331 Broad St, Lake Charles, LA 70601, United States",2331 Broad St,Lake Charles,LA,70601,4.8,9,Auto repair shop,,,https://www.google.com/maps/place/B%26K+Complete+Auto/data=!4m7!3m6!1s0x863b8480fd3fc4f3:0x3531acbff11de9ab!8m2!3d30.2276567!4d-93.1854819!16s%2Fg%2F11f26h3hxg!19sChIJ88Q__YCEO4YRq-kd8b-sMTU?authuser=0&hl=en&rclk=1,auto repair shop,Calcasieu Parish,county,LA,2026-07-29T11:26:44,0x863b8480fd3fc4f3:0x3531acbff11de9ab
BAS Automotive Repair,(337) 433-0609,,,"1717 N Martin Luther King Hwy, Lake Charles, LA 70601, United States",1717 N Martin Luther King Hwy,Lake Charles,LA,70601,4.4,12,Auto repair shop,,,https://www.google.com/maps/place/BAS+Automotive+Repair/data=!4m7!3m6!1s0x863b848088701b21:0x421e438bee093e00!8m2!3d30.2597195!4d-93.1808865!16s%2Fg%2F1tz76bsr!19sChIJIRtwiICEO4YRAD4J7otDHkI?authuser=0&hl=en&rclk=1,auto repair shop,Calcasieu Parish,county,LA,2026-07-29T11:26:44,0x863b848088701b21:0x421e438bee093e00
"Bolton Ford, L.L.C. Service",(337) 474-0070,https://www.boltonford.com/service.aspx?utm_source=google&utm_medium=organic&utm_campaign=GBP,,"1500 E College St, Lake Charles, LA 70607, United States",1500 E College St,Lake Charles,LA,70607,4.8,1372,Auto repair shop,,,"https://www.google.com/maps/place/Bolton+Ford,+L.L.C.+Service/data=!4m7!3m6!1s0x863b871b262f9e11:0xd2cba5f4e43413be!8m2!3d30.1953793!4d-93.1989159!16s%2Fg%2F11qpwrswh7!19sChIJEZ4vJhuHO4YRvhM05PSly9I?authuser=0&hl=en&rclk=1",auto repair shop,Calcasieu Parish,county,LA,2026-07-29T11:26:44,0x863b871b262f9e11:0xd2cba5f4e43413be
Brakes / More Diesel Auto Repair,(361) 402-5870,,,"7621 Mackeral Dr, Lake Charles, LA 70605, United States",7621 Mackeral Dr,Lake Charles,LA,70605,5.0,3,Auto repair shop,,,https://www.google.com/maps/place/Brakes+%2F+More+Diesel+Auto+Repair/data=!4m7!3m6!1s0x863b8912e8f7ebd1:0x411bb16f9aba645f!8m2!3d30.1263226!4d-93.2603771!16s%2Fg%2F11f9tn6_j4!19sChIJ0ev36BKJO4YRX2S6mm-xG0E?authuser=0&hl=en&rclk=1,auto repair shop,Calcasieu Parish,county,LA,2026-07-29T11:26:44,0x863b8912e8f7ebd1:0x411bb16f9aba645f
CAR REPAIR CLINIC,(337) 438-6322,,,"617 12th St, Lake Charles, LA 70601, United States",617 12th St,Lake Charles,LA,70601,4.8,5,Mechanic,,,https://www.google.com/maps/place/CAR+REPAIR+CLINIC/data=!4m7!3m6!1s0x863b85404fc9108d:0x96cf9d9108281abe!8m2!3d30.2134485!4d-93.2120143!16s%2Fg%2F11w1jr0c61!19sChIJjRDJT0CFO4YRvhooCJGdz5Y?authuser=0&hl=en&rclk=1,auto repair shop,Calcasieu Parish,county,LA,2026-07-29T11:26:44,0x863b85404fc9108d:0x96cf9d9108281abe
City Spring Services,(337) 439-3238,,,"713 13th St, Lake Charles, LA 70601, United States",713 13th St,Lake Charles,LA,70601,4.6,23,Auto repair shop,,,https://www.google.com/maps/place/City+Spring+Services/data=!4m7!3m6!1s0x863b8682806120d7:0x115ce1ad8182d16c!8m2!3d30.2119316!4d-93.2105452!16s%2Fg%2F1tl1j82s!19sChIJ1yBhgIKGO4YRbNGCga3hXBE?authuser=0&hl=en&rclk=1,auto repair shop,Calcasieu Parish,county,LA,2026-07-29T11:26:44,0x863b8682806120d7:0x115ce1ad8182d16c
Core Automotive,(337) 884-3812,https://www.facebook.com/coreautomotive/,,"3220 US-171, Lake Charles, LA 70611, United States",3220 US-171,Lake Charles,LA,70611,4.8,19,Auto repair shop,,,https://www.google.com/maps/place/Core+Automotive/data=!4m7!3m6!1s0x863b9ba188efcdb3:0x5b28c0ad4b8ad864!8m2!3d30.3562239!4d-93.199639!16s%2Fg%2F11t8p8ntrp!19sChIJs83viKGbO4YRZNiKS63AKFs?authuser=0&hl=en&rclk=1,auto repair shop,Allen Parish,county,LA,2026-07-29T09:58:43,0x863b9ba188efcdb3:0x5b28c0ad4b8ad864
Country Club Auto Repair and Bentley's Collision,(337) 474-0304,http://www.bentleysla.com/,,"2115 Country Club Rd, Lake Charles, LA 70605, United States",2115 Country Club Rd,Lake Charles,LA,70605,4.6,347,Auto repair shop,,,https://www.google.com/maps/place/Country+Club+Auto+Repair+and+Bentley%27s+Collision/data=!4m7!3m6!1s0x863b862b885a9071:0x9673e7d85131e2c2!8m2!3d30.1684049!4d-93.2537294!16s%2Fg%2F1td58_47!19sChIJcZBaiCuGO4YRwuIxUdjnc5Y?authuser=0&hl=en&rclk=1,auto repair shop,Calcasieu Parish,county,LA,2026-07-29T11:26:44,0x863b862b885a9071:0x9673e7d85131e2c2
Cummins Sales and Service,(337) 433-3566,https://www.cummins.com/sales-and-service?utm_source=GMB&utm_medium=yext,,"6144 Candice Ln, Lake Charles, LA 70615, United States",6144 Candice Ln,Lake Charles,LA,70615,4.1,21,Manufacturer,,,https://www.google.com/maps/place/Cummins+Sales+and+Service/data=!4m7!3m6!1s0x863b82386c3bf0e1:0xd1c79d239076cd9f!8m2!3d30.2366221!4d-93.1216738!16s%2Fg%2F12mj7knr8!19sChIJ4fA7bDiCO4YRn812kCOdx9E?authuser=0&hl=en&rclk=1,auto repair shop,Cameron Parish,county,LA,2026-07-29T11:45:07,0x863b82386c3bf0e1:0xd1c79d239076cd9f
D&R Automotive Repair,(337) 474-3821,,,"4100 Beau Chene Dr, Lake Charles, LA 70605, United States",4100 Beau Chene Dr,Lake Charles,LA,70605,2.0,1,Auto repair shop,,,https://www.google.com/maps/place/D%26R+Automotive+Repair/data=!4m7!3m6!1s0x863b893d9a003f71:0x6e0b72c4309019f4!8m2!3d30.1830687!4d-93.2618793!16s%2Fg%2F11ffw4bh9k!19sChIJcT8Amj2JO4YR9BmQMMRyC24?authuser=0&hl=en&rclk=1,auto repair shop,Calcasieu Parish,county,LA,2026-07-29T11:26:44,0x863b893d9a003f71:0x6e0b72c4309019f4
D'Town Custom's,(337) 936-3820,https://dtowncustoms.net/,,"3212 Deaton St, Lake Charles, LA 70601, United States",3212 Deaton St,Lake Charles,LA,70601,4.7,61,Window tinting service,,,https://www.google.com/maps/place/D%27Town+Custom%27s/data=!4m7!3m6!1s0x863b86884207fbb3:0x6b797aec333bb1b3!8m2!3d30.1990112!4d-93.2165529!16s%2Fg%2F1thq1291!19sChIJs_sHQoiGO4YRs7E7M-x6eWs?authuser=0&hl=en&rclk=1,auto repair shop,Cameron Parish,county,LA,2026-07-29T11:45:07,0x863b86884207fbb3:0x6b797aec333bb1b3
Dan's Transmission Services,(337) 436-8877,,,"2017 Enterprise Blvd, Lake Charles, LA 70601, United States",2017 Enterprise Blvd,Lake Charles,LA,70601,4.4,66,Transmission shop,,,https://www.google.com/maps/place/Dan%27s+Transmission+Services/data=!4m7!3m6!1s0x863b869df66107eb:0x583cc252295dada8!8m2!3d30.2120462!4d-93.2038909!16s%2Fg%2F1tf_1g1h!19sChIJ6wdh9p2GO4YRqK1dKVLCPFg?authuser=0&hl=en&rclk=1,auto repair shop,Calcasieu Parish,county,LA,2026-07-29T11:26:44,0x863b869df66107eb:0x583cc252295dada8
Delta World Tire,(337) 467-8358,https://www.deltaworldtire.com/locations/la/lakecharles/auto-repair-1111-hwy-14?utm_source=local_listing&utm_medium=organic&utm_campaign=store_7005,customercare@sun.auto,"1111 LA-14, Lake Charles, LA 70601, United States",1111 LA-14,Lake Charles,LA,70601,4.7,531,Tire shop,,,https://www.google.com/maps/place/Delta+World+Tire/data=!4m7!3m6!1s0x863b8407d195085b:0x10f97d2adfdf6517!8m2!3d30.2229071!4d-93.1797904!16s%2Fg%2F1tngqnx0!19sChIJWwiV0QeEO4YRF2Xf3yp9-RA?authuser=0&hl=en&rclk=1,auto repair shop,Calcasieu Parish,county,LA,2026-07-29T11:26:44,0x863b8407d195085b:0x10f97d2adfdf6517
Delta World Tire,(337) 636-6268,https://www.deltaworldtire.com/locations/la/lakecharles/auto-repair-4851-lake-st?utm_source=local_listing&utm_medium=organic&utm_campaign=store_7015,customercare@sun.auto,"4851 Lake St, Lake Charles, LA 70605, United States",4851 Lake St,Lake Charles,LA,70605,4.8,429,Tire shop,,,https://www.google.com/maps/place/Delta+World+Tire/data=!4m7!3m6!1s0x863b864c6bb7da89:0x67ac48f4d3474f33!8m2!3d30.1691413!4d-93.2318939!16s%2Fg%2F1thx8_l9!19sChIJidq3a0yGO4YRM09H0_RIrGc?authuser=0&hl=en&rclk=1,auto repair shop,Calcasieu Parish,county,LA,2026-07-29T11:26:44,0x863b864c6bb7da89:0x67ac48f4d3474f33
Djsauto,(337) 661-7431,,,"1308 N Goos Blvd, Lake Charles, LA 70601, United States",1308 N Goos Blvd,Lake Charles,LA,70601,,,Auto repair shop,,,https://www.google.com/maps/place/Djsauto/data=!4m7!3m6!1s0x863b85a83138e207:0x1ed5b56d2ad34350!8m2!3d30.2548136!4d-93.1949793!16s%2Fg%2F11mypbw_h4!19sChIJB-I4MaiFO4YRUEPTKm211R4?authuser=0&hl=en&rclk=1,auto repair shop,Calcasieu Parish,county,LA,2026-07-29T11:26:44,0x863b85a83138e207:0x1ed5b56d2ad34350
Dom's Paint & Body Lake Charles Premier Collision Center,(337) 240-8478,https://www.domspaintandbodycollisioncenter.com/,doms2603@yahoo.com,"2603 Gerstner Memorial Dr, Lake Charles, LA 70601, United States",2603 Gerstner Memorial Dr,Lake Charles,LA,70601,4.7,124,Car repair and maintenance service,,,https://www.google.com/maps/place/Dom%27s+Paint+%26+Body+Lake+Charles+Premier+Collision+Center/data=!4m7!3m6!1s0x863b86ac83c99c95:0x4855621130b3c099!8m2!3d30.2066257!4d-93.1797257!16s%2Fg%2F1tfddvkc!19sChIJlZzJg6yGO4YRmcCzMBFiVUg?authuser=0&hl=en&rclk=1,auto repair shop,Calcasieu Parish,county,LA,2026-07-29T11:26:44,0x863b86ac83c99c95:0x4855621130b3c099
Doucette automotive & tire shop,(337) 433-6827,,,"1313 Broad St, Lake Charles, LA 70601, United States",1313 Broad St,Lake Charles,LA,70601,4.4,13,Used tire shop,,,https://www.google.com/maps/place/Doucette+automotive+%26+tire+shop/data=!4m7!3m6!1s0x863b85e04e73bf4d:0x646a996c17676711!8m2!3d30.2277796!4d-93.2019482!16s%2Fg%2F11qp54_z4s!19sChIJTb9zTuCFO4YREWdnF2yZamQ?authuser=0&hl=en&rclk=1,auto repair shop,Calcasieu Parish,county,LA,2026-07-29T11:26:44,0x863b85e04e73bf4d:0x646a996c17676711
"European Automotive LLC, Foreign cars",(337) 508-2999,,,"526 Ryan St, Lake Charles, LA 70601, United States",526 Ryan St,Lake Charles,LA,70601,4.6,174,Auto repair shop,,,"https://www.google.com/maps/place/European+Automotive+LLC,+Foreign+cars/data=!4m7!3m6!1s0x863b85625ecffab3:0x60f97fa3a3aa6318!8m2!3d30.2322548!4d-93.2170579!16s%2Fg%2F11k74l6qbl!19sChIJs_rPXmKFO4YRGGOqo6N_-WA?authuser=0&hl=en&rclk=1",auto repair shop,Calcasieu Parish,county,LA,2026-07-29T11:26:44,0x863b85625ecffab3:0x60f97fa3a3aa6318
Family Tire Care,(337) 764-4592,,,"807 Sycamore St, Lake Charles, LA 70601, United States",807 Sycamore St,Lake Charles,LA,70601,4.9,158,Tire shop,,,https://www.google.com/maps/place/Family+Tire+Care/data=!4m7!3m6!1s0x863b875da5203117:0x77e2422ae122f385!8m2!3d30.2077664!4d-93.2093574!16s%2Fg%2F11j_r1v5rl!19sChIJFzEgpV2HO4YRhfMi4SpC4nc?authuser=0&hl=en&rclk=1,auto repair shop,Calcasieu Parish,county,LA,2026-07-29T11:26:44,0x863b875da5203117:0x77e2422ae122f385
Gerber Collision & Glass,(337) 474-4379,https://www.gerbercollision.com/locations/lake-charles-common-st-la,info@gerbercollision.com,"5603 Common St, Lake Charles, LA 70607, United States",5603 Common St,Lake Charles,LA,70607,4.8,172,Auto repair shop,,,https://www.google.com/maps/place/Gerber+Collision+%26+Glass/data=!4m7!3m6!1s0x863b870662a96b4f:0x845c6b0de4759374!8m2!3d30.16035!4d-93.213161!16s%2Fg%2F1ttpbpbm!19sChIJT2upYgaHO4YRdJN15A1rXIQ?authuser=0&hl=en&rclk=1,auto repair shop,Calcasieu Parish,county,LA,2026-07-29T11:26:44,0x863b870662a96b4f:0x845c6b0de4759374
Gerber Collision & Glass,(337) 855-4103,https://www.gerbercollision.com/locations/lake-charles-us-171-la,info@gerbercollision.com,"165 US-171, Lake Charles, LA 70611, United States",165 US-171,Lake Charles,LA,70611,5.0,143,Auto body shop,,,https://www.google.com/maps/place/Gerber+Collision+%26+Glass/data=!4m7!3m6!1s0x863b84b500a829d3:0xb80fa2c8fc166346!8m2!3d30.3018721!4d-93.1958485!16s%2Fg%2F1tplqpwl!19sChIJ0ymoALWEO4YRRmMW_MiiD7g?authuser=0&hl=en&rclk=1,auto repair shop,Cameron Parish,county,LA,2026-07-29T11:45:07,0x863b84b500a829d3:0xb80fa2c8fc166346
Grand Lake Paint & Body,(337) 598-2002,,,"10296 Gulf Hwy, Lake Charles, LA 70607, United States",10296 Gulf Hwy,Lake Charles,LA,70607,4.9,13,Auto body shop,,,https://www.google.com/maps/place/Grand+Lake+Paint+%26+Body/data=!4m7!3m6!1s0x863c7bd684f01d5f:0x4414ecead978128a!8m2!3d30.0188609!4d-93.2131286!16s%2Fg%2F1tdmv_kg!19sChIJXx3whNZ7PIYRihJ42ersFEQ?authuser=0&hl=en&rclk=1,auto repair shop,Cameron Parish,county,LA,2026-07-29T11:45:07,0x863c7bd684f01d5f:0x4414ecead978128a
"Hampton's Performance, LLC",(337) 853-3045,https://hamptonsperformance.com/,hamptonsperformance@gmail.com,"115 Kathy Rd, Lake Charles, LA 70607, United States",115 Kathy Rd,Lake Charles,LA,70607,5.0,23,Auto repair shop,,,"https://www.google.com/maps/place/Hampton%27s+Performance,+LLC/data=!4m7!3m6!1s0x863c7bfcb0ad5f11:0xbb7d89da795714ba!8m2!3d30.020382!4d-93.196855!16s%2Fg%2F11xdvgmg3h!19sChIJEV-tsPx7PIYRuhRXedqJfbs?authuser=0&hl=en&rclk=1",auto repair shop,Cameron Parish,county,LA,2026-07-29T11:45:07,0x863c7bfcb0ad5f11:0xbb7d89da795714ba
Ivan's Garage,(337) 602-3540,,,"2917 LA-14, Lake Charles, LA 70607, United States",2917 LA-14,Lake Charles,LA,70607,4.5,30,Auto repair shop,,,https://www.google.com/maps/place/Ivan%27s+Garage/data=!4m7!3m6!1s0x863b80da9382070b:0xf6251fac398dc18a!8m2!3d30.1578256!4d-93.1667283!16s%2Fg%2F126208_49!19sChIJCweCk9qAO4YRisGNOawfJfY?authuser=0&hl=en&rclk=1,auto repair shop,Calcasieu Parish,county,LA,2026-07-29T11:26:44,0x863b80da9382070b:0xf6251fac398dc18a
J & M Tire and Service,(337) 707-8949,,,"2600 E Ward Line Road, 2600 LA-397, Lake Charles, LA 70615, United States","2600 E Ward Line Road, 2600 LA-397",Lake Charles,LA,70615,4.8,21,Tire shop,,,https://www.google.com/maps/place/J+%26+M+Tire+and+Service/data=!4m7!3m6!1s0x863b81de154405f1:0x84408d092484388b!8m2!3d30.2078407!4d-93.1313405!16s%2Fg%2F11jp4tzx28!19sChIJ8QVEFd6BO4YRiziEJAmNQIQ?authuser=0&hl=en&rclk=1,auto repair shop,Calcasieu Parish,county,LA,2026-07-29T11:26:44,0x863b81de154405f1:0x84408d092484388b
Jerry's Body Shop,(337) 478-4791,,,"747 Murbelle Rd, Lake Charles, LA 70607, United States",747 Murbelle Rd,Lake Charles,LA,70607,4.7,37,Auto body shop,,,https://www.google.com/maps/place/Jerry%27s+Body+Shop/data=!4m7!3m6!1s0x863b87055a45cc0d:0x309a321d06a6eeb!8m2!3d30.1549957!4d-93.2085392!16s%2Fg%2F1tfqr9rs!19sChIJDcxFWgWHO4YR625q0CGjCQM?authuser=0&hl=en&rclk=1,auto repair shop,Calcasieu Parish,county,LA,2026-07-29T11:26:44,0x863b87055a45cc0d:0x309a321d06a6eeb
Johnnie's Paint & Body Shop ***NOW OFFERING FREE LOANER CARS***,(337) 439-5746,,,"1103 Broad St, Lake Charles, LA 70601, United States",1103 Broad St,Lake Charles,LA,70601,4.5,47,Auto body shop,,,https://www.google.com/maps/place/Johnnie%27s+Paint+%26+Body+Shop+***NOW+OFFERING+FREE+LOANER+CARS***/data=!4m7!3m6!1s0x863b843bb0c6f05b:0x36d81175adb9e321!8m2!3d30.2277134!4d-93.205066!16s%2Fg%2F1tgf84mt!19sChIJW_DGsDuEO4YRIeO5rXUR2DY?authuser=0&hl=en&rclk=1,auto repair shop,Cameron Parish,county,LA,2026-07-29T11:45:07,0x863b843bb0c6f05b:0x36d81175adb9e321
Lake Area Auto Clinic,(337) 990-5326,http://lake-area-auto-clinic.jany.io/,,"202 W Sallier St, Lake Charles, LA 70601, United States",202 W Sallier St,Lake Charles,LA,70601,4.6,29,Auto repair shop,,,https://www.google.com/maps/place/Lake+Area+Auto+Clinic/data=!4m7!3m6!1s0x863b85d5bdbe8bf9:0x752f49d2ad4446f9!8m2!3d30.2131189!4d-93.2214448!16s%2Fg%2F1263d_nc5!19sChIJ-Yu-vdWFO4YR-UZErdJJL3U?authuser=0&hl=en&rclk=1,auto repair shop,Calcasieu Parish,county,LA,2026-07-29T11:26:44,0x863b85d5bdbe8bf9:0x752f49d2ad4446f9
Lake Charles Alignment & Brake Service,(337) 439-9465,https://lcalignment.com/,hello@rfuenzalida.com,"2103 Enterprise Blvd, Lake Charles, LA 70601, United States",2103 Enterprise Blvd,Lake Charles,LA,70601,4.1,231,Auto repair shop,,,https://www.google.com/maps/place/Lake+Charles+Alignment+%26+Brake+Service/data=!4m7!3m6!1s0x863b869deedcaed5:0xbdf4917108ba1cf5!8m2!3d30.211145!4d-93.2039269!16s%2Fg%2F1tnjjyys!19sChIJ1a7c7p2GO4YR9Ry6CHGR9L0?authuser=0&hl=en&rclk=1,auto repair shop,Calcasieu Parish,county,LA,2026-07-29T11:26:44,0x863b869deedcaed5:0xbdf4917108ba1cf5
Lake Charles Auto Truck & Air,(337) 439-5318,https://www.facebook.com/LCautotruckair/,,"2106 Broad St, Lake Charles, LA 70601, United States",2106 Broad St,Lake Charles,LA,70601,4.0,17,Mechanic,,,https://www.google.com/maps/place/Lake+Charles+Auto+Truck+%26+Air/data=!4m7!3m6!1s0x863b8411a93cd835:0x5af22705d484b037!8m2!3d30.2273433!4d-93.1905878!16s%2Fg%2F1tdwkwrj!19sChIJNdg8qRGEO4YRN7CE1AUn8lo?authuser=0&hl=en&rclk=1,auto repair shop,Calcasieu Parish,county,LA,2026-07-29T11:26:44,0x863b8411a93cd835:0x5af22705d484b037
Lake Charles Mobile Mechanic,(337) 545-2137,,,"2730 Kirkman St, Lake Charles, LA 70601, United States",2730 Kirkman St,Lake Charles,LA,70601,4.0,12,Auto repair shop,,,https://www.google.com/maps/place/Lake+Charles+Mobile+Mechanic/data=!4m7!3m6!1s0x863b875da5d4cb6f:0xe94c51257748b642!8m2!3d30.2044329!4d-93.2100223!16s%2Fg%2F11l5xlqzbt!19sChIJb8vUpV2HO4YRQrZIdyVRTOk?authuser=0&hl=en&rclk=1,auto repair shop,Calcasieu Parish,county,LA,2026-07-29T11:26:44,0x863b875da5d4cb6f:0xe94c51257748b642
MOBILE MECHANIC (ANYWHERE 2 U LLC),(337) 965-1822,,,"Mobile Mechanic, Lake Charles, LA 70607, United States",Mobile Mechanic,Lake Charles,LA,70607,4.5,30,Auto repair shop,,,https://www.google.com/maps/place/MOBILE+MECHANIC+%28ANYWHERE+2+U+LLC%29/data=!4m7!3m6!1s0x863b87e4520ec23f:0x3173f56d43440e80!8m2!3d30.1391772!4d-93.2137303!16s%2Fg%2F11vpcq8_v4!19sChIJP8IOUuSHO4YRgA5EQ231czE?authuser=0&hl=en&rclk=1,auto repair shop,Calcasieu Parish,county,LA,2026-07-29T11:26:44,0x863b87e4520ec23f:0x3173f56d43440e80
Marks Master Mechanics LLC,(337) 564-4126,,,"5425 Gerstner Memorial Blvd, Lake Charles, LA 70607, United States",5425 Gerstner Memorial Blvd,Lake Charles,LA,70607,3.8,94,Auto repair shop,,,https://www.google.com/maps/place/Marks+Master+Mechanics+LLC/data=!4m7!3m6!1s0x863b86d51b5cb215:0x21966415ccee745e!8m2!3d30.1702202!4d-93.1794869!16s%2Fg%2F1tfnyzgp!19sChIJFbJcG9WGO4YRXnTuzBVkliE?authuser=0&hl=en&rclk=1,auto repair shop,Calcasieu Parish,county,LA,2026-07-29T11:26:44,0x863b86d51b5cb215:0x21966415ccee745e
Mavis Tires & Brakes,(337) 252-0302,https://www.mavis.com/locations/lake-charles-la?utm_source=yext&utm_medium=organic&utm_campaign=gmb&stnum=877,esupport1@mavistire.com,"1324 Country Club Rd, Lake Charles, LA 70605, United States",1324 Country Club Rd,Lake Charles,LA,70605,4.8,1410,Tire shop,,,https://www.google.com/maps/place/Mavis+Tires+%26+Brakes/data=!4m7!3m6!1s0x863b8635b364e0d1:0x49835d2964d9bc9b!8m2!3d30.1691771!4d-93.2406467!16s%2Fg%2F1thtpzl4!19sChIJ0eBkszWGO4YRm7zZZCldg0k?authuser=0&hl=en&rclk=1,auto repair shop,Calcasieu Parish,county,LA,2026-07-29T11:26:44,0x863b8635b364e0d1:0x49835d2964d9bc9b
Miami Tires / LA Auto Tire & Alignment,(337) 852-5357,,,"2600 Gerstner Memorial Dr, Lake Charles, LA 70601, United States",2600 Gerstner Memorial Dr,Lake Charles,LA,70601,4.7,230,Auto repair shop,,,https://www.google.com/maps/place/Miami+Tires+%2F+LA+Auto+Tire+%26+Alignment/data=!4m7!3m6!1s0x863b87d77e9a79eb:0x70ee64cf632a1da8!8m2!3d30.2064325!4d-93.1806773!16s%2Fg%2F11jdzn38xn!19sChIJ63mafteHO4YRqB0qY89k7nA?authuser=0&hl=en&rclk=1,auto repair shop,Calcasieu Parish,county,LA,2026-07-29T11:26:44,0x863b87d77e9a79eb:0x70ee64cf632a1da8
Mid City Auto Service,(337) 436-0755,http://www.bustedcar.com/,t-naq@bustedcar.com,"2912 Common St, Lake Charles, LA 70601, United States",2912 Common St,Lake Charles,LA,70601,4.9,41,Auto repair shop,,,https://www.google.com/maps/place/Mid+City+Auto+Service/data=!4m7!3m6!1s0x863b868642d94725:0x85f22b63f298601f!8m2!3d30.2025148!4d-93.2147376!16s%2Fg%2F1td1vttz!19sChIJJUfZQoaGO4YRH2CY8mMr8oU?authuser=0&hl=en&rclk=1,auto repair shop,Calcasieu Parish,county,LA,2026-07-29T11:26:44,0x863b868642d94725:0x85f22b63f298601f
Mobile Mechanic Lake Charles,(337) 570-2862,,,"110 Kirby St, Lake Charles, LA 70601, United States",110 Kirby St,Lake Charles,LA,70601,4.1,77,Car repair and maintenance service,,,https://www.google.com/maps/place/Mobile+Mechanic+Lake+Charles/data=!4m7!3m6!1s0x876c8757cbb5da53:0x18e07c1561a98f7b!8m2!3d30.2267281!4d-93.2174982!16s%2Fg%2F11k4v2pk43!19sChIJU9q1y1eHbIcRe4-pYRV84Bg?authuser=0&hl=en&rclk=1,auto repair shop,Calcasieu Parish,county,LA,2026-07-29T11:26:44,0x876c8757cbb5da53:0x18e07c1561a98f7b
Navarre Chevrolet Service,(337) 485-5385,https://www.navarreauto.com/service.aspx,,"1310 E College St, Lake Charles, LA 70607, United States",1310 E College St,Lake Charles,LA,70607,4.2,283,Auto repair shop,,,https://www.google.com/maps/place/Navarre+Chevrolet+Service/data=!4m7!3m6!1s0x863b869683fe6cb5:0x558fb0cf9ae2a484!8m2!3d30.1952653!4d-93.2017624!16s%2Fg%2F11b6sxr84m!19sChIJtWz-g5aGO4YRhKTims-wj1U?authuser=0&hl=en&rclk=1,auto repair shop,Calcasieu Parish,county,LA,2026-07-29T11:26:44,0x863b869683fe6cb5:0x558fb0cf9ae2a484
Navarre Honda Service,(337) 656-7414,http://www.navarrehonda.com/,,"1310 E College St, Lake Charles, LA 70607, United States",1310 E College St,Lake Charles,LA,70607,4.5,92,Auto repair shop,,,https://www.google.com/maps/place/Navarre+Honda+Service/data=!4m7!3m6!1s0x863b8696b5c5cfe5:0x7302c881fc51ccfa!8m2!3d30.1955099!4d-93.2010611!16s%2Fg%2F11b6s02b0h!19sChIJ5c_FtZaGO4YR-sxR_IHIAnM?authuser=0&hl=en&rclk=1,auto repair shop,Calcasieu Parish,county,LA,2026-07-29T11:26:44,0x863b8696b5c5cfe5:0x7302c881fc51ccfa
Navarre Quick Lube and Car Wash,(337) 474-1999,https://www.navarrehasit.com/service/center.htm,,"1286 E College St, Lake Charles, LA 70607, United States",1286 E College St,Lake Charles,LA,70607,4.5,139,Oil change service,,,https://www.google.com/maps/place/Navarre+Quick+Lube+and+Car+Wash/data=!4m7!3m6!1s0x863b869149842955:0x2cdeaee89a89f145!8m2!3d30.1961846!4d-93.2033494!16s%2Fg%2F11t8p8gxkq!19sChIJVSmESZGGO4YRRfGJmuiu3iw?authuser=0&hl=en&rclk=1,auto repair shop,Calcasieu Parish,county,LA,2026-07-29T11:26:44,0x863b869149842955:0x2cdeaee89a89f145
One Stop Auto Specialist,(337) 474-9200,https://www.facebook.com/pages/One-Stop-Auto-Specialist/134657623251394,,"598 E School St, Lake Charles, LA 70605, United States",598 E School St,Lake Charles,LA,70605,3.8,87,Auto repair shop,,,https://www.google.com/maps/place/One+Stop+Auto+Specialist/data=!4m7!3m6!1s0x863b868b6a27c2b3:0x8ce80525e9e9d838!8m2!3d30.1904436!4d-93.2141638!16s%2Fg%2F1tj4z2c4!19sChIJs8InaouGO4YRONjp6SUF6Iw?authuser=0&hl=en&rclk=1,auto repair shop,Calcasieu Parish,county,LA,2026-07-29T11:26:44,0x863b868b6a27c2b3:0x8ce80525e9e9d838
Phil's Repair,(337) 855-2137,,,"1013 White Rd, Lake Charles, LA 70611, United States",1013 White Rd,Lake Charles,LA,70611,4.9,11,Auto repair shop,,,https://www.google.com/maps/place/Phil%27s+Repair/data=!4m7!3m6!1s0x863b84ab4b11c96b:0x17382bc0ca46c5bf!8m2!3d30.3049372!4d-93.1819713!16s%2Fg%2F1vxdynfn!19sChIJa8kRS6uEO4YRv8VGysArOBc?authuser=0&hl=en&rclk=1,auto repair shop,Calcasieu Parish,county,LA,2026-07-29T11:26:44,0x863b84ab4b11c96b:0x17382bc0ca46c5bf
Precision Tune Auto Care,(337) 436-2128,http://www.precisiontune.com/LakeCharlesLA,phartman157@yahoo.com,"3224 Ryan St, Lake Charles, LA 70601, United States",3224 Ryan St,Lake Charles,LA,70601,4.5,175,Auto repair shop,,,https://www.google.com/maps/place/Precision+Tune+Auto+Care/data=!4m7!3m6!1s0x863b866291a030e7:0x65feb9ad8e079718!8m2!3d30.1984769!4d-93.2190371!16s%2Fg%2F1tfdz6yk!19sChIJ5zCgkWKGO4YRGJcHjq25_mU?authuser=0&hl=en&rclk=1,auto repair shop,Cameron Parish,county,LA,2026-07-29T11:45:07,0x863b866291a030e7:0x65feb9ad8e079718
Pro Car Care,(337) 477-5456,https://procarcarela.com/,procar.grt@gmail.com,"324 E Prien Lake Rd, Lake Charles, LA 70601, United States",324 E Prien Lake Rd,Lake Charles,LA,70601,4.6,28,Auto repair shop,,,https://www.google.com/maps/place/Pro+Car+Care/data=!4m7!3m6!1s0x863b87fb2598aa91:0x9d0615d78bb3ddaa!8m2!3d30.197921!4d-93.2175392!16s%2Fg%2F11rhwr1l94!19sChIJkaqYJfuHO4YRqt2zi9cVBp0?authuser=0&hl=en&rclk=1,auto repair shop,Calcasieu Parish,county,LA,2026-07-29T11:26:44,0x863b87fb2598aa91:0x9d0615d78bb3ddaa
Pumpelly Tire,(337) 477-9850,http://www.pumpellytire.com/,claire@pumpelly.com,"3406 Ryan St, Lake Charles, LA 70605, United States",3406 Ryan St,Lake Charles,LA,70605,4.9,1066,Tire shop,,,https://www.google.com/maps/place/Pumpelly+Tire/data=!4m7!3m6!1s0x863b866212c6007f:0xb80e0ab335f770f8!8m2!3d30.1958378!4d-93.2189041!16s%2Fg%2F1tf75x0m!19sChIJfwDGEmKGO4YR-HD3NbMKDrg?authuser=0&hl=en&rclk=1,auto repair shop,Calcasieu Parish,county,LA,2026-07-29T11:26:44,0x863b866212c6007f:0xb80e0ab335f770f8
Quality Transmission and Auto Repair Service,(337) 562-0435,,,"2550 Industrial Ave, Lake Charles, LA 70615, United States",2550 Industrial Ave,Lake Charles,LA,70615,4.4,57,Transmission shop,,,https://www.google.com/maps/place/Quality+Transmission+and+Auto+Repair+Service/data=!4m7!3m6!1s0x863b86ab59488123:0xd5a34ece6c60f39!8m2!3d30.2074331!4d-93.1791575!16s%2Fg%2F1tvq4hpn!19sChIJI4FIWauGO4YROQ_G5uw0Wg0?authuser=0&hl=en&rclk=1,auto repair shop,Calcasieu Parish,county,LA,2026-07-29T11:26:44,0x863b86ab59488123:0xd5a34ece6c60f39
Ryan's Performance,(337) 656-2072,,,"711 Enterprise Blvd, Lake Charles, LA 70601, United States",711 Enterprise Blvd,Lake Charles,LA,70601,4.4,69,Racing car parts store,,,https://www.google.com/maps/place/Ryan%27s+Performance/data=!4m7!3m6!1s0x863bb28c7fdf79ef:0xec85fc672cedd2d2!8m2!3d30.2288159!4d-93.2041083!16s%2Fg%2F1pp2w_h8q!19sChIJ73nff4yyO4YR0tLtLGf8hew?authuser=0&hl=en&rclk=1,auto repair shop,Calcasieu Parish,county,LA,2026-07-29T11:26:44,0x863bb28c7fdf79ef:0xec85fc672cedd2d2
Service Tire Pros of Lake Charles & Moss Bluff,(337) 564-6400,https://servicetireandauto.com/,,"720 W McNeese St, Lake Charles, LA 70605, United States",720 W McNeese St,Lake Charles,LA,70605,4.9,1538,Tire shop,,,https://www.google.com/maps/place/Service+Tire+Pros+of+Lake+Charles+%26+Moss+Bluff/data=!4m7!3m6!1s0x863b87d4f7216c11:0x731c9c686d4e5923!8m2!3d30.1765135!4d-93.2314959!16s%2Fg%2F11h3mqjmf2!19sChIJEWwh99SHO4YRI1lObWicHHM?authuser=0&hl=en&rclk=1,auto repair shop,Calcasieu Parish,county,LA,2026-07-29T11:26:44,0x863b87d4f7216c11:0x731c9c686d4e5923
Service Tire Pros of Lake Charles & Moss Bluff,(337) 855-9397,https://www.servicetireandauto.com/,,"212 Sam Houston Jones Pkwy, Lake Charles, LA 70611, United States",212 Sam Houston Jones Pkwy,Lake Charles,LA,70611,4.8,1304,Tire shop,,,https://www.google.com/maps/place/Service+Tire+Pros+of+Lake+Charles+%26+Moss+Bluff/data=!4m7!3m6!1s0x863b84cb96bb9b15:0x5a75bc8917dbd30d!8m2!3d30.3010143!4d-93.1978761!16s%2Fg%2F1td6yh77!19sChIJFZu7lsuEO4YRDdPbF4m8dVo?authuser=0&hl=en&rclk=1,auto repair shop,Calcasieu Parish,county,LA,2026-07-29T11:26:44,0x863b84cb96bb9b15:0x5a75bc8917dbd30d
Service Tire Pros of Prien Lake,(337) 508-2758,https://servicetireandauto.com/,,"688 W Prien Lake Rd, Lake Charles, LA 70601, United States",688 W Prien Lake Rd,Lake Charles,LA,70601,4.9,271,Tire shop,,,https://www.google.com/maps/place/Service+Tire+Pros+of+Prien+Lake/data=!4m7!3m6!1s0x863b87905c918cc3:0xd8a16d574e01b31b!8m2!3d30.1987183!4d-93.2301223!16s%2Fg%2F11lp8ngqt0!19sChIJw4yRXJCHO4YRG7MBTldtodg?authuser=0&hl=en&rclk=1,auto repair shop,Calcasieu Parish,county,LA,2026-07-29T11:26:44,0x863b87905c918cc3:0xd8a16d574e01b31b
Super Tech Automotive,(337) 475-2727,http://supertechautolc.weebly.com/,supertechautolc@yahoo.com,"3740 Nelson Rd, Lake Charles, LA 70605, United States",3740 Nelson Rd,Lake Charles,LA,70605,3.9,27,Auto repair shop,,,https://www.google.com/maps/place/Super+Tech+Automotive/data=!4m7!3m6!1s0x863b861840ee7e63:0xb0184ccf3362eae1!8m2!3d30.1896805!4d-93.2496948!16s%2Fg%2F1tg2dwc1!19sChIJY37uQBiGO4YR4epiM89MGLA?authuser=0&hl=en&rclk=1,auto repair shop,Calcasieu Parish,county,LA,2026-07-29T11:26:44,0x863b861840ee7e63:0xb0184ccf3362eae1
"Tireman Auto Service 300 S Shattuck Street Lake Charles, La 70601",(337) 485-1444,,,"300 S Shattuck St, Lake Charles, LA 70601, United States",300 S Shattuck St,Lake Charles,LA,70601,5.0,2,Tire shop,,,"https://www.google.com/maps/place/Tireman+Auto+Service+300+S+Shattuck+Street+Lake+Charles,+La+70601/data=!4m7!3m6!1s0x863b858bb79e4687:0x2457bdbc7b86a465!8m2!3d30.235479!4d-93.1973267!16s%2Fg%2F11y5s9bv49!19sChIJh0aet4uFO4YRZaSGe7y9VyQ?authuser=0&hl=en&rclk=1",auto repair shop,Calcasieu Parish,county,LA,2026-07-29T11:26:44,0x863b858bb79e4687:0x2457bdbc7b86a465
Toyota ServiceCenter,(337) 421-0639,https://bit.ly/2WVwFuC,,"3905 Gerstner Memorial Blvd, Lake Charles, LA 70607, United States",3905 Gerstner Memorial Blvd,Lake Charles,LA,70607,4.7,1809,Auto repair shop,,,https://www.google.com/maps/place/Toyota+ServiceCenter/data=!4m7!3m6!1s0x863b86cb3750fd19:0x84d508537c161f58!8m2!3d30.1857592!4d-93.1787832!16s%2Fg%2F11f03twcnp!19sChIJGf1QN8uGO4YRWB8WfFMI1YQ?authuser=0&hl=en&rclk=1,auto repair shop,Calcasieu Parish,county,LA,2026-07-29T11:26:44,0x863b86cb3750fd19:0x84d508537c161f58
Triple T's Automotive Repair,(337) 494-0522,,,"2505 Kirkman St, Lake Charles, LA 70601, United States",2505 Kirkman St,Lake Charles,LA,70601,5.0,2,Auto repair shop,,,https://www.google.com/maps/place/Triple+T%27s+Automotive+Repair/data=!4m7!3m6!1s0x863b868316a9d35f:0x1dc58b9007950941!8m2!3d30.2081858!4d-93.2096378!16s%2Fg%2F1w6_p5wv!19sChIJX9OpFoOGO4YRQQmVB5CLxR0?authuser=0&hl=en&rclk=1,auto repair shop,Calcasieu Parish,county,LA,2026-07-29T11:26:44,0x863b868316a9d35f:0x1dc58b9007950941
Twisted Off-Road & Accessories,(337) 478-6323,,,"5710 Gerstner Memorial Blvd, Lake Charles, LA 70607, United States",5710 Gerstner Memorial Blvd,Lake Charles,LA,70607,4.1,102,Tire shop,,,https://www.google.com/maps/place/Twisted+Off-Road+%26+Accessories/data=!4m7!3m6!1s0x863b872b79035609:0xd8ee3c398d885ce!8m2!3d30.1613278!4d-93.1802798!16s%2Fg%2F1w96h33j!19sChIJCVYDeSuHO4YRzoXYmMPjjg0?authuser=0&hl=en&rclk=1,auto repair shop,Cameron Parish,county,LA,2026-07-29T11:45:07,0x863b872b79035609:0xd8ee3c398d885ce
Ultimate Tire & Brakes,(337) 415-8473,https://www.ultimatetirellc.com/,,"237 W Prien Lake Rd, Lake Charles, LA 70601, United States",237 W Prien Lake Rd,Lake Charles,LA,70601,5.0,12,Tire shop,,,https://www.google.com/maps/place/Ultimate+Tire+%26+Brakes/data=!4m7!3m6!1s0x863b87bb8343b5b9:0x1031113167baac50!8m2!3d30.1978474!4d-93.2227449!16s%2Fg%2F11z1v2x6d3!19sChIJubVDg7uHO4YRUKy6ZzERMRA?authuser=0&hl=en&rclk=1,auto repair shop,Calcasieu Parish,county,LA,2026-07-29T11:26:44,0x863b87bb8343b5b9:0x1031113167baac50
Vincent’s Paint & Body,(337) 502-8811,https://www.carwise.com/auto-body-shops/vincents-paint-body-shop-llc-lake-charles-la-70601/614614,,"727 Rhodes St, Lake Charles, LA 70601, United States",727 Rhodes St,Lake Charles,LA,70601,5.0,54,Auto repair shop,,,https://www.google.com/maps/place/Vincent%E2%80%99s+Paint+%26+Body/data=!4m7!3m6!1s0x863b85d52a5c3d21:0xcd7012630a459d3d!8m2!3d30.2286661!4d-93.188909!16s%2Fg%2F11txgmr_42!19sChIJIT1cKtWFO4YRPZ1FCmMScM0?authuser=0&hl=en&rclk=1,auto repair shop,Calcasieu Parish,county,LA,2026-07-29T11:26:44,0x863b85d52a5c3d21:0xcd7012630a459d3d
L & S Guillory's Repair,(225) 627-6882,,,"2868 Oakland Rd, Lakeland, LA 70752, United States",2868 Oakland Rd,Lakeland,LA,70752,4.6,14,Auto repair shop,,,https://www.google.com/maps/place/L+%26+S+Guillory%27s+Repair/data=!4m7!3m6!1s0x86243c6753b42a87:0xad78b84103d5012e!8m2!3d30.5989794!4d-91.4094894!16s%2Fg%2F1tfn32vh!19sChIJhyq0U2c8JIYRLgHVA0G4eK0?authuser=0&hl=en&rclk=1,auto repair shop,West Feliciana Parish,county,LA,2026-07-30T11:19:39,0x86243c6753b42a87:0xad78b84103d5012e
Bayou Ford Service,(985) 652-8000,https://www.bayoufordlaplace.com/,owners@bayouford.net,"555 Belle Terre Blvd, Laplace, LA 70068, United States",555 Belle Terre Blvd,Laplace,LA,70068,3.0,10,Auto repair shop,,,https://www.google.com/maps/place/Bayou+Ford+Service/data=!4m7!3m6!1s0x8620d37602dc9cf9:0xc5add658a42b56a8!8m2!3d30.0875507!4d-90.5041399!16s%2Fg%2F11llrqqz9c!19sChIJ-ZzcAnbTIIYRqFYrpFjWrcU?authuser=0&hl=en&rclk=1,auto repair shop,St. John the Baptist Parish,county,LA,2026-07-30T08:30:09,0x8620d37602dc9cf9:0xc5add658a42b56a8
Broussard's Automotive Repair & Tires,(985) 338-4073,https://broussardrepair.com/,,"3117 US-51, Laplace, LA 70068, United States",3117 US-51,Laplace,LA,70068,5.0,3,Auto repair shop,,,https://www.google.com/maps/place/Broussard%27s+Automotive+Repair+%26+Tires/data=!4m7!3m6!1s0x8620d313753dc653:0x4bd7394d8a883e03!8m2!3d30.0772561!4d-90.4695659!16s%2Fg%2F11nqlzhf0v!19sChIJU8Y9dRPTIIYRAz6Iik0510s?authuser=0&hl=en&rclk=1,auto repair shop,St. John the Baptist Parish,county,LA,2026-07-30T08:30:09,0x8620d313753dc653:0x4bd7394d8a883e03
Chabill's Tire & Auto Service,(985) 412-5006,https://chabillstire.com/locations/laplace/,,"421 Belle Terre Blvd, Laplace, LA 70068, United States",421 Belle Terre Blvd,Laplace,LA,70068,4.8,488,Tire shop,,,https://www.google.com/maps/place/Chabill%27s+Tire+%26+Auto+Service/data=!4m7!3m6!1s0x8620d3c14081b8d7:0xfc8e5955faf396a1!8m2!3d30.0843414!4d-90.5031979!16s%2Fg%2F11f2wfr4t4!19sChIJ17iBQMHTIIYRoZbz-lVZjvw?authuser=0&hl=en&rclk=1,auto repair shop,St. John the Baptist Parish,county,LA,2026-07-30T08:30:09,0x8620d3c14081b8d7:0xfc8e5955faf396a1
Deville Automotive,(985) 651-2333,https://devilleautomotive.com/,,"3305 US-51, Laplace, LA 70068, United States",3305 US-51,Laplace,LA,70068,5.0,50,Auto repair shop,,,https://www.google.com/maps/place/Deville+Automotive/data=!4m7!3m6!1s0x8620d38fb1dc8397:0x69dcefc6616ddae2!8m2!3d30.0795487!4d-90.4667707!16s%2Fg%2F11rsrc25v0!19sChIJl4PcsY_TIIYR4tptYcbv3Gk?authuser=0&hl=en&rclk=1,auto repair shop,St. John the Baptist Parish,county,LA,2026-07-30T08:30:09,0x8620d38fb1dc8397:0x69dcefc6616ddae2
Donnie's Car Care Llc,(985) 359-7383,,,"512 Hemlock St, Laplace, LA 70068, United States",512 Hemlock St,Laplace,LA,70068,4.2,43,Auto repair shop,,,https://www.google.com/maps/place/Donnie%27s+Car+Care+Llc/data=!4m7!3m6!1s0x8620d3d75af95555:0x63b249ae6ae94234!8m2!3d30.0704792!4d-90.4969442!16s%2Fg%2F11fll64tc7!19sChIJVVX5WtfTIIYRNELpaq5JsmM?authuser=0&hl=en&rclk=1,auto repair shop,St. John the Baptist Parish,county,LA,2026-07-30T08:30:09,0x8620d3d75af95555:0x63b249ae6ae94234
Easy Fix Auto Repair & Tire Service,(985) 651-6667,,,"1101 Main St, Laplace, LA 70068, United States",1101 Main St,Laplace,LA,70068,4.1,18,Auto repair shop,,,https://www.google.com/maps/place/Easy+Fix+Auto+Repair+%26+Tire+Service/data=!4m7!3m6!1s0x8620d227dc62213f:0x2c39e9a7a2ec9a81!8m2!3d30.0673915!4d-90.4781047!16s%2Fg%2F11fqtm1m6n!19sChIJPyFi3CfSIIYRgZrsoqfpOSw?authuser=0&hl=en&rclk=1,auto repair shop,St. John the Baptist Parish,county,LA,2026-07-30T08:30:09,0x8620d227dc62213f:0x2c39e9a7a2ec9a81
Hymel's Auto Parts & Services,(985) 652-6362,,,"501 E Airline Hwy, Laplace, LA 70068, United States",501 E Airline Hwy,Laplace,LA,70068,4.3,39,Auto repair shop,,,https://www.google.com/maps/place/Hymel%27s+Auto+Parts+%26+Services/data=!4m7!3m6!1s0x8620d18bda737001:0x9b34b8d2d8fdd290!8m2!3d30.0634548!4d-90.4752194!16s%2Fg%2F1tf87fvf!19sChIJAXBz2ovRIIYRkNL92NK4NJs?authuser=0&hl=en&rclk=1,auto repair shop,St. John the Baptist Parish,county,LA,2026-07-30T08:30:09,0x8620d18bda737001:0x9b34b8d2d8fdd290
ITA Auto & Truck Repair,(985) 652-8361,https://www.facebook.com/ITAAutoTruckRepair/,,"3325 US-51, Laplace, LA 70068, United States",3325 US-51,Laplace,LA,70068,4.8,30,Truck repair shop,,,https://www.google.com/maps/place/ITA+Auto+%26+Truck+Repair/data=!4m7!3m6!1s0x8620d2114d7750a5:0x1429c13daa1665a9!8m2!3d30.080483!4d-90.4656808!16s%2Fg%2F1tfrxvnr!19sChIJpVB3TRHSIIYRqWUWqj3BKRQ?authuser=0&hl=en&rclk=1,auto repair shop,St. John the Baptist Parish,county,LA,2026-07-30T08:30:09,0x8620d2114d7750a5:0x1429c13daa1665a9
J Tech Auto Service Solutions,(504) 206-6859,,,"3117 US-51, Laplace, LA 70068, United States",3117 US-51,Laplace,LA,70068,5.0,2,Auto repair shop,,,https://www.google.com/maps/place/J+Tech+Auto+Service+Solutions/data=!4m7!3m6!1s0x889e1de8907a83d9:0xc8b6a86c6e265c74!8m2!3d30.0772561!4d-90.4695659!16s%2Fg%2F11w_kzlh_d!19sChIJ2YN6kOgdnogRdFwmbmyotsg?authuser=0&hl=en&rclk=1,auto repair shop,St. John the Baptist Parish,county,LA,2026-07-30T08:30:09,0x889e1de8907a83d9:0xc8b6a86c6e265c74
JOHNSON AUTOMOTIVE COMPLEX,(985) 652-1992,,,"501 Main St, Laplace, LA 70068, United States",501 Main St,Laplace,LA,70068,4.6,15,Auto painting,,,https://www.google.com/maps/place/JOHNSON+AUTOMOTIVE+COMPLEX/data=!4m7!3m6!1s0x8620d14db1668ab5:0xa5e48b50246dcf82!8m2!3d30.0636288!4d-90.4839189!16s%2Fg%2F11j8h1r30g!19sChIJtYpmsU3RIIYRgs9tJFCL5KU?authuser=0&hl=en&rclk=1,auto repair shop,St. John the Baptist Parish,county,LA,2026-07-30T08:30:09,0x8620d14db1668ab5:0xa5e48b50246dcf82
OSCARVEL AUTOMOTIVE LLC,(985) 651-6595,,,"2813 US-51, Laplace, LA 70068, United States",2813 US-51,Laplace,LA,70068,3.4,26,Auto repair shop,,,https://www.google.com/maps/place/OSCARVEL+AUTOMOTIVE+LLC/data=!4m7!3m6!1s0x8620d22629de2e9b:0x95189780de31b209!8m2!3d30.070231!4d-90.4772302!16s%2Fg%2F11c6pvxyw9!19sChIJmy7eKSbSIIYRCbIx3oCXGJU?authuser=0&hl=en&rclk=1,auto repair shop,St. John the Baptist Parish,county,LA,2026-07-30T08:30:09,0x8620d22629de2e9b:0x95189780de31b209
Perrilloux's Auto Repair,(985) 652-5420,http://perrillouxs-repair.jany.io/,,"294 W 2nd St, Laplace, LA 70068, United States",294 W 2nd St,Laplace,LA,70068,4.7,38,Auto body shop,,,https://www.google.com/maps/place/Perrilloux%27s+Auto+Repair/data=!4m7!3m6!1s0x8620d17f3ecdd81d:0x89d2e3f8cbefd8a8!8m2!3d30.0613014!4d-90.4942904!16s%2Fg%2F1vcq7z56!19sChIJHdjNPn_RIIYRqNjvy_jj0ok?authuser=0&hl=en&rclk=1,auto repair shop,St. John the Baptist Parish,county,LA,2026-07-30T08:30:09,0x8620d17f3ecdd81d:0x89d2e3f8cbefd8a8
Prime tires & auto care,(985) 359-3900,,,"157 Belle Terre Blvd, Laplace, LA 70068, United States",157 Belle Terre Blvd,Laplace,LA,70068,4.9,436,Tire shop,,,https://www.google.com/maps/place/Prime+tires+%26+auto+care/data=!4m7!3m6!1s0x8620d388d8540c1f:0x1043f7d32edda8be!8m2!3d30.0754215!4d-90.5014428!16s%2Fg%2F11ynys59np!19sChIJHwxU2IjTIIYRvqjdLtP3QxA?authuser=0&hl=en&rclk=1,auto repair shop,St. John the Baptist Parish,county,LA,2026-07-30T08:30:09,0x8620d388d8540c1f:0x1043f7d32edda8be
Quattro auto care,(504) 559-6263,,,"975 Cambridge Dr Ste A, Laplace, LA 70068, United States",975 Cambridge Dr Ste A,Laplace,LA,70068,4.9,78,Auto repair shop,,,https://www.google.com/maps/place/Quattro+auto+care/data=!4m7!3m6!1s0x8620d333c994cddb:0xaadcd150541ac624!8m2!3d30.0729054!4d-90.4856567!16s%2Fg%2F11v_4qh1d4!19sChIJ282UyTPTIIYRJMYaVFDR3Ko?authuser=0&hl=en&rclk=1,auto repair shop,St. John the Baptist Parish,county,LA,2026-07-30T08:30:09,0x8620d333c994cddb:0xaadcd150541ac624
"Reeves Auto Repair, LLC",(985) 703-0159,,,"1516 Madewood Rd, Laplace, LA 70068, United States",1516 Madewood Rd,Laplace,LA,70068,,,Mechanic,,,"https://www.google.com/maps/place/Reeves+Auto+Repair,+LLC/data=!4m7!3m6!1s0x8620d39558fc9c0f:0xa9f4d6d7279edb62!8m2!3d30.0792921!4d-90.4871418!16s%2Fg%2F11nk00_9cx!19sChIJD5z8WJXTIIYRYtueJ9fW9Kk?authuser=0&hl=en&rclk=1",auto repair shop,St. John the Baptist Parish,county,LA,2026-07-30T08:30:09,0x8620d39558fc9c0f:0xa9f4d6d7279edb62
Superior Car Care LLC,(985) 248-9760,,,"348 W 2nd St, Laplace, LA 70068, United States",348 W 2nd St,Laplace,LA,70068,4.8,4,Auto repair shop,,,https://www.google.com/maps/place/Superior+Car+Care+LLC/data=!4m7!3m6!1s0x8620d186b12526e5:0x998ec726db557e4!8m2!3d30.0611451!4d-90.496394!16s%2Fg%2F11g0j952mh!19sChIJ5SYlsYbRIIYR5Fe1bXLsmAk?authuser=0&hl=en&rclk=1,auto repair shop,St. John the Baptist Parish,county,LA,2026-07-30T08:30:09,0x8620d186b12526e5:0x998ec726db557e4
Crosby's Auto Repair LLC,(985) 693-6626,,,"13360 E Main St, Larose, LA 70373, United States",13360 E Main St,Larose,LA,70373,4.9,15,Auto repair shop,,,https://www.google.com/maps/place/Crosby%27s+Auto+Repair+LLC/data=!4m7!3m6!1s0x8620f188db1b88e5:0x23d6781e0a6662d6!8m2!3d29.5654919!4d-90.3648315!16s%2Fg%2F11bx1y9h0g!19sChIJ5Ygb24jxIIYR1mJmCh541iM?authuser=0&hl=en&rclk=1,auto repair shop,Cameron Parish,county,LA,2026-07-29T11:45:07,0x8620f188db1b88e5:0x23d6781e0a6662d6
Performance Auto and Accessories,(985) 798-7467,,,"13161 LA-3235, Larose, LA 70373, United States",13161 LA-3235,Larose,LA,70373,4.7,55,Auto repair shop,,,https://www.google.com/maps/place/Performance+Auto+and+Accessories/data=!4m7!3m6!1s0x8620f1809b5777e7:0xc0331bb6781c0402!8m2!3d29.5604991!4d-90.3748092!16s%2Fg%2F1jkvjmh06!19sChIJ53dXm4DxIIYRAgQceLYbM8A?authuser=0&hl=en&rclk=1,auto repair shop,Concordia Parish,county,LA,2026-07-29T12:17:33,0x8620f1809b5777e7:0xc0331bb6781c0402
Als Automotive & Performance LLC,(337) 305-4255,http://www.facebook.com/pages/Lawtell/Als-Automotive-Performance-LLC/104868732900441?v=wall&ref=mf,,"Prejean Hwy, Lawtell, LA 70550, United States",Prejean Hwy,Lawtell,LA,70550,,,Auto repair shop,,,https://www.google.com/maps/place/Als+Automotive+%26+Performance+LLC/data=!4m7!3m6!1s0x8624c0876e4b1c8f:0xfa5e9e2922d741f4!8m2!3d30.5173436!4d-92.1876148!16s%2Fg%2F1tr7jrh4!19sChIJjxxLbofAJIYR9EHXIimeXvo?authuser=0&hl=en&rclk=1,auto repair shop,St. Landry Parish,county,LA,2026-07-30T08:48:39,0x8624c0876e4b1c8f:0xfa5e9e2922d741f4
E J Matt & Son Garage,(337) 543-7206,,,"10224 Prejean Hwy, Lawtell, LA 70550, United States",10224 Prejean Hwy,Lawtell,LA,70550,5.0,3,Auto repair shop,,,https://www.google.com/maps/place/E+J+Matt+%26+Son+Garage/data=!4m7!3m6!1s0x8624c07dbcf5e275:0x6c1f9b8df84f27ed!8m2!3d30.5170695!4d-92.1841265!16s%2Fg%2F1tdq6cp9!19sChIJdeL1vH3AJIYR7SdP-I2bH2w?authuser=0&hl=en&rclk=1,auto repair shop,St. Landry Parish,county,LA,2026-07-30T08:48:39,0x8624c07dbcf5e275:0x6c1f9b8df84f27ed
Lawtell Tire & Car Care,(337) 543-7212,,,"10206 Prejean Hwy, Lawtell, LA 70550, United States",10206 Prejean Hwy,Lawtell,LA,70550,3.8,39,Tire shop,,,https://www.google.com/maps/place/Lawtell+Tire+%26+Car+Care/data=!4m7!3m6!1s0x8624c07dbd763085:0xc0f6f94b25fc5404!8m2!3d30.5172476!4d-92.184559!16s%2Fg%2F1wnf1dp2!19sChIJhTB2vX3AJIYRBFT8JUv59sA?authuser=0&hl=en&rclk=1,auto repair shop,St. Landry Parish,county,LA,2026-07-30T08:48:39,0x8624c07dbd763085:0xc0f6f94b25fc5404
AGS AUTO GLASS,(337) 238-1821,https://www.agsautoglassleesville.com/,,"2017 S 5th St, Leesville, LA 71446, United States",2017 S 5th St,Leesville,LA,71446,4.9,77,Auto glass shop,,,https://www.google.com/maps/place/AGS+AUTO+GLASS/data=!4m7!3m6!1s0x863a44a8a53eb529:0xf0d2a68d16ddcb74!8m2!3d31.121256!4d-93.26857!16s%2Fg%2F1txfpjh_!19sChIJKbU-pahEOoYRdMvdFo2m0vA?authuser=0&hl=en&rclk=1,auto repair shop,Vernon Parish,county,LA,2026-07-30T10:24:11,0x863a44a8a53eb529:0xf0d2a68d16ddcb74
Alford Motors Chevrolet GMC Service Department,(337) 239-3811,https://www.alfordmotors.com/service,,"3060 COLONY BOULEVARD, Leesville, LA 71446, United States",3060 COLONY BOULEVARD,Leesville,LA,71446,5.0,1,Auto repair shop,,,https://www.google.com/maps/place/Alford+Motors+Chevrolet+GMC+Service+Department/data=!4m7!3m6!1s0x863a45f88fba0b6b:0x6b86b4b55e20799f!8m2!3d31.1105358!4d-93.2726438!16s%2Fg%2F11yrnfkfxf!19sChIJawu6j_hFOoYRn3kgXrW0hms?authuser=0&hl=en&rclk=1,auto repair shop,Vernon Parish,county,LA,2026-07-30T10:24:11,0x863a45f88fba0b6b:0x6b86b4b55e20799f
Allbritton's Automotive,(337) 238-0975,,,"1428 Alexandria Hwy, Leesville, LA 71446, United States",1428 Alexandria Hwy,Leesville,LA,71446,4.1,9,Auto repair shop,,,https://www.google.com/maps/place/Allbritton%27s+Automotive/data=!4m7!3m6!1s0x863af33dbe3cd72f:0xd4f0069bdbe18299!8m2!3d31.1907104!4d-93.0589794!16s%2Fg%2F1tdp0vgg!19sChIJL9c8vj3zOoYRmYLh25sG8NQ?authuser=0&hl=en&rclk=1,auto repair shop,Vernon Parish,county,LA,2026-07-30T10:24:11,0x863af33dbe3cd72f:0xd4f0069bdbe18299
Auto Tek Repair Center,(337) 239-7100,,,"2504 McRae Rd, Leesville, LA 71446, United States",2504 McRae Rd,Leesville,LA,71446,4.4,73,Auto repair shop,,,https://www.google.com/maps/place/Auto+Tek+Repair+Center/data=!4m7!3m6!1s0x863a44bc83a41cbd:0x975c3e1c8f3ab214!8m2!3d31.1171002!4d-93.2740747!16s%2Fg%2F1tjkg4_s!19sChIJvRykg7xEOoYRFLI6jxw-XJc?authuser=0&hl=en&rclk=1,auto repair shop,Vernon Parish,county,LA,2026-07-30T10:24:11,0x863a44bc83a41cbd:0x975c3e1c8f3ab214
Ben's Auto Restoration,(337) 353-6184,,,"773 Bolton McClaren Loop, Leesville, LA 71446, United States",773 Bolton McClaren Loop,Leesville,LA,71446,4.7,29,Auto body shop,,,https://www.google.com/maps/place/Ben%27s+Auto+Restoration/data=!4m7!3m6!1s0x863a5e69fbd7a4a7:0xd2307992d686addd!8m2!3d31.1954941!4d-93.1572003!16s%2Fg%2F1tlw9fww!19sChIJp6TX-2leOoYR3a2G1pJ5MNI?authuser=0&hl=en&rclk=1,auto repair shop,Vernon Parish,county,LA,2026-07-30T10:24:11,0x863a5e69fbd7a4a7:0xd2307992d686addd
Benoit Preowned,(337) 392-6448,https://www.benoitmotors.com/used-vehicles/,,"2505 McRae Rd Suite B, Leesville, LA 71446, United States",2505 McRae Rd Suite B,Leesville,LA,71446,4.8,388,Car dealer,,,https://www.google.com/maps/place/Benoit+Preowned/data=!4m7!3m6!1s0x863a45b46271d64b:0xc4089dbd509ec6f8!8m2!3d31.1172321!4d-93.2722501!16s%2Fg%2F11h2p850s4!19sChIJS9ZxYrRFOoYR-MaeUL2dCMQ?authuser=0&hl=en&rclk=1,auto repair shop,Vernon Parish,county,LA,2026-07-30T10:24:11,0x863a45b46271d64b:0xc4089dbd509ec6f8
Bud's Auto & Towing,(337) 238-9540,,,"12382 Lake Charles Hwy, Leesville, LA 71446, United States",12382 Lake Charles Hwy,Leesville,LA,71446,4.6,91,Auto repair shop,,,https://www.google.com/maps/place/Bud%27s+Auto+%26+Towing/data=!4m7!3m6!1s0x863a45237d8b5acd:0xd1e4823bd11cd46d!8m2!3d31.0773699!4d-93.2735308!16s%2Fg%2F1vzqsmxm!19sChIJzVqLfSNFOoYRbdQc0TuC5NE?authuser=0&hl=en&rclk=1,auto repair shop,Vernon Parish,county,LA,2026-07-30T10:24:11,0x863a45237d8b5acd:0xd1e4823bd11cd46d
Burns Automotive Repairs,(337) 208-5959,,,"12461 Lake Charles Hwy, Leesville, LA 71446, United States",12461 Lake Charles Hwy,Leesville,LA,71446,3.7,6,Auto repair shop,,,https://www.google.com/maps/place/Burns+Automotive+Repairs/data=!4m7!3m6!1s0x863a4fe8fb2fff4b:0x91aa272af6b1d687!8m2!3d31.0194603!4d-93.2693975!16s%2Fg%2F1tyyxh6f!19sChIJS_8v--hPOoYRh9ax9ionqpE?authuser=0&hl=en&rclk=1,auto repair shop,Vernon Parish,county,LA,2026-07-30T10:24:11,0x863a4fe8fb2fff4b:0x91aa272af6b1d687
Certified Auto Repair Specialist,(337) 353-7668,https://certifiedautorepairspecialist.com/,roisin@certifiedautorepairspecialist.com,"1108 Nolan Trace, Leesville, LA 71446, United States",1108 Nolan Trace,Leesville,LA,71446,4.7,172,Auto repair shop,,,https://www.google.com/maps/place/Certified+Auto+Repair+Specialist/data=!4m7!3m6!1s0x863a4551abfe76bd:0xc761a211f4628786!8m2!3d31.1431163!4d-93.277198!16s%2Fg%2F11lg8frj2p!19sChIJvXb-q1FFOoYRhodi9BGiYcc?authuser=0&hl=en&rclk=1,auto repair shop,Vernon Parish,county,LA,2026-07-30T10:24:11,0x863a4551abfe76bd:0xc761a211f4628786
"DE RECINOS AUTO SHOP, LLC",(912) 332-8191,,,"11843 Lake Charles Hwy, Leesville, LA 71446, United States",11843 Lake Charles Hwy,Leesville,LA,71446,4.6,36,Car repair and maintenance service,,,"https://www.google.com/maps/place/DE+RECINOS+AUTO+SHOP,+LLC/data=!4m7!3m6!1s0x863a45fce513c293:0x22347eff99c53f52!8m2!3d31.0913584!4d-93.2697281!16s%2Fg%2F11pdw7hys_!19sChIJk8IT5fxFOoYRUj_Fmf9-NCI?authuser=0&hl=en&rclk=1",auto repair shop,Vernon Parish,county,LA,2026-07-30T10:24:11,0x863a45fce513c293:0x22347eff99c53f52
Danny Roshong's Garage-Wrecker,(337) 239-3602,,,"1421 Jeane Chapel Rd, Leesville, LA 71446, United States",1421 Jeane Chapel Rd,Leesville,LA,71446,4.8,60,Auto repair shop,,,https://www.google.com/maps/place/Danny+Roshong%27s+Garage-Wrecker/data=!4m7!3m6!1s0x863a5ac547cb21f7:0xdb57a709468f6985!8m2!3d31.0721216!4d-93.2476111!16s%2Fg%2F1tl8l2bp!19sChIJ9yHLR8VaOoYRhWmPRgmnV9s?authuser=0&hl=en&rclk=1,auto repair shop,Vernon Parish,county,LA,2026-07-30T10:24:11,0x863a5ac547cb21f7:0xdb57a709468f6985
Fina Automotive Towing & Recovery,(337) 238-3442,,,"1604 University Pkwy, Leesville, LA 71446, United States",1604 University Pkwy,Leesville,LA,71446,4.4,49,Towing service,,,https://www.google.com/maps/place/Fina+Automotive+Towing+%26+Recovery/data=!4m7!3m6!1s0x863a44aa16b6653b:0x7e915f0fd732c5db!8m2!3d31.128922!4d-93.2624557!16s%2Fg%2F11cmqrj31k!19sChIJO2W2FqpEOoYR28Uy1w9fkX4?authuser=0&hl=en&rclk=1,auto repair shop,Vernon Parish,county,LA,2026-07-30T10:24:11,0x863a44aa16b6653b:0x7e915f0fd732c5db
"Gerry's Auto Clinic, LLC",(337) 718-2310,,,"111 LA-1211, Leesville, LA 71446, United States",111 LA-1211,Leesville,LA,71446,4.3,3,Car repair and maintenance service,,,"https://www.google.com/maps/place/Gerry%27s+Auto+Clinic,+LLC/data=!4m7!3m6!1s0x863a45ff95905da5:0x7755a18d3456b765!8m2!3d31.0982876!4d-93.2878052!16s%2Fg%2F11j3gcs1my!19sChIJpV2Qlf9FOoYRZbdWNI2hVXc?authuser=0&hl=en&rclk=1",auto repair shop,Vernon Parish,county,LA,2026-07-30T10:24:11,0x863a45ff95905da5:0x7755a18d3456b765
Henry Tire LLC,(337) 238-4667,,,"1803 S 5th St, Leesville, LA 71446, United States",1803 S 5th St,Leesville,LA,71446,4.7,228,Tire shop,,,https://www.google.com/maps/place/Henry+Tire+LLC/data=!4m7!3m6!1s0x863a434e0b80c007:0x9c507c07bd2b4d9e!8m2!3d31.1239999!4d-93.2675963!16s%2Fg%2F1tf1c3l6!19sChIJB8CAC05DOoYRnk0rvQd8UJw?authuser=0&hl=en&rclk=1,auto repair shop,Vernon Parish,county,LA,2026-07-30T10:24:11,0x863a434e0b80c007:0x9c507c07bd2b4d9e
Hilton's Auto Salvage & Garage,(337) 239-2631,,,"2498 University Pkwy, Leesville, LA 71446, United States",2498 University Pkwy,Leesville,LA,71446,4.5,48,Salvage yard,,,https://www.google.com/maps/place/Hilton%27s+Auto+Salvage+%26+Garage/data=!4m7!3m6!1s0x863a5b167f4dd09d:0xe9381e5aadfd75e9!8m2!3d31.117447!4d-93.2446569!16s%2Fg%2F1tfzbkk6!19sChIJndBNfxZbOoYR6XX9rVoeOOk?authuser=0&hl=en&rclk=1,auto repair shop,Vernon Parish,county,LA,2026-07-30T10:24:11,0x863a5b167f4dd09d:0xe9381e5aadfd75e9
Hixson Ford of Leesville Service Center,(337) 404-5463,https://hixsonfordleesville.com/?utm_source=google&utm_medium=organic&utm_campaign=gmb_service,,"11981 Lake Charles Hwy, Leesville, LA 71446, United States",11981 Lake Charles Hwy,Leesville,LA,71446,3.7,9,Auto repair shop,,,https://www.google.com/maps/place/Hixson+Ford+of+Leesville+Service+Center/data=!4m7!3m6!1s0x863a4520e424b39f:0x9ba2f4422ee59484!8m2!3d31.0877567!4d-93.2702292!16s%2Fg%2F11h8k3_5xc!19sChIJn7Mk5CBFOoYRhJTlLkL0ops?authuser=0&hl=en&rclk=1,auto repair shop,Vernon Parish,county,LA,2026-07-30T10:24:11,0x863a4520e424b39f:0x9ba2f4422ee59484
Hixson Lincoln of Leesville Service Center,(337) 239-3434,https://hixsonlincolnleesville.com/?utm_source=google&utm_medium=organic&utm_campaign=gmb_service,,"11981 Lake Charles Hwy, Leesville, LA 71446, United States",11981 Lake Charles Hwy,Leesville,LA,71446,,,Auto repair shop,,,https://www.google.com/maps/place/Hixson+Lincoln+of+Leesville+Service+Center/data=!4m7!3m6!1s0x863a45fee6605249:0x4a026e605f0579b9!8m2!3d31.0877567!4d-93.2702292!16s%2Fg%2F11j11z63ls!19sChIJSVJg5v5FOoYRuXkFX2BuAko?authuser=0&hl=en&rclk=1,auto repair shop,Vernon Parish,county,LA,2026-07-30T10:24:11,0x863a45fee6605249:0x4a026e605f0579b9
Jackalope Roadside Service LLC,(337) 208-5151,,,"152 Country Club Fairway Dr, Leesville, LA 71446, United States",152 Country Club Fairway Dr,Leesville,LA,71446,4.9,60,Towing service,,,https://www.google.com/maps/place/Jackalope+Roadside+Service+LLC/data=!4m7!3m6!1s0x863a432f4377fe09:0xdcc7b5576cf78640!8m2!3d31.168502!4d-93.2675766!16s%2Fg%2F11cm_pzsm2!19sChIJCf53Qy9DOoYRQIb3bFe1x9w?authuser=0&hl=en&rclk=1,auto repair shop,Vernon Parish,county,LA,2026-07-30T10:24:11,0x863a432f4377fe09:0xdcc7b5576cf78640
Leesville Truck Center,(337) 238-0451,,,"7884 Shreveport Hwy, Leesville, LA 71446, United States",7884 Shreveport Hwy,Leesville,LA,71446,4.0,21,Truck repair shop,,,https://www.google.com/maps/place/Leesville+Truck+Center/data=!4m7!3m6!1s0x863a43308d241983:0x278b6e2c58086a89!8m2!3d31.1863251!4d-93.2914729!16s%2Fg%2F1vyk2wtq!19sChIJgxkkjTBDOoYRiWoIWCxuiyc?authuser=0&hl=en&rclk=1,auto repair shop,Vernon Parish,county,LA,2026-07-30T10:24:11,0x863a43308d241983:0x278b6e2c58086a89
Mike's Custom Mufflers,(337) 238-2525,,,"199 Kurthwood Rd, Leesville, LA 71446, United States",199 Kurthwood Rd,Leesville,LA,71446,4.5,36,Muffler shop,,,https://www.google.com/maps/place/Mike%27s+Custom+Mufflers/data=!4m7!3m6!1s0x863a43340eba842b:0x5b323cff64a32ae2!8m2!3d31.1564424!4d-93.2633964!16s%2Fg%2F1tj468pq!19sChIJK4S6DjRDOoYR4iqjZP88Mls?authuser=0&hl=en&rclk=1,auto repair shop,Vernon Parish,county,LA,2026-07-30T10:24:11,0x863a43340eba842b:0x5b323cff64a32ae2
Modified MechaniX,(337) 378-9997,,,"12516 Lake Charles Hwy ste 50, Leesville, LA 71446, United States",12516 Lake Charles Hwy ste 50,Leesville,LA,71446,,,Repair service,,,https://www.google.com/maps/place/Modified+MechaniX/data=!4m7!3m6!1s0x863a45ae9db4faa3:0x20a5eca957e50a07!8m2!3d31.0740661!4d-93.2742159!16s%2Fg%2F11rc6z1wv8!19sChIJo_q0na5FOoYRBwrlV6nspSA?authuser=0&hl=en&rclk=1,auto repair shop,Vernon Parish,county,LA,2026-07-30T10:24:11,0x863a45ae9db4faa3:0x20a5eca957e50a07
Morris Tire Service - Leesville,(337) 239-4348,http://www.morristire.net/,,"2013 S 5th St, Leesville, LA 71446, United States",2013 S 5th St,Leesville,LA,71446,4.3,186,Tire shop,,,https://www.google.com/maps/place/Morris+Tire+Service+-+Leesville/data=!4m7!3m6!1s0x863a44a8a4ab2e9f:0x2f5dc97f7873c581!8m2!3d31.1215362!4d-93.2683713!16s%2Fg%2F1tks6pnn!19sChIJny6rpKhEOoYRgcVzeH_JXS8?authuser=0&hl=en&rclk=1,auto repair shop,Vernon Parish,county,LA,2026-07-30T10:24:11,0x863a44a8a4ab2e9f:0x2f5dc97f7873c581
New Llano Automotive & Transmission,(337) 392-1111,,,"305 S 5th St, Leesville, LA 71446, United States",305 S 5th St,Leesville,LA,71446,3.8,12,Transmission shop,,,https://www.google.com/maps/place/New+Llano+Automotive+%26+Transmission/data=!4m7!3m6!1s0x863a434e067b72d9:0xa74bc4857d4a9e75!8m2!3d31.1416!4d-93.2634824!16s%2Fg%2F1v_w2qzw!19sChIJ2XJ7Bk5DOoYRdZ5KfYXES6c?authuser=0&hl=en&rclk=1,auto repair shop,Vernon Parish,county,LA,2026-07-30T10:24:11,0x863a434e067b72d9:0xa74bc4857d4a9e75
Nolens Garage LLC,(337) 423-5151,https://nolensgaragellc.com/,,"1411 S 4th St, Leesville, LA 71446, United States",1411 S 4th St,Leesville,LA,71446,4.9,124,Auto repair shop,,,https://www.google.com/maps/place/Nolens+Garage+LLC/data=!4m7!3m6!1s0x863a43db221bf881:0xc8ed8ffadff523fc!8m2!3d31.1299115!4d-93.2658031!16s%2Fg%2F11r2jm934_!19sChIJgfgbIttDOoYR_CP13_qP7cg?authuser=0&hl=en&rclk=1,auto repair shop,Vernon Parish,county,LA,2026-07-30T10:24:11,0x863a43db221bf881:0xc8ed8ffadff523fc
Quintin's Paint & Body Shop,(337) 392-0054,,,"13145 Lake Charles Hwy, Leesville, LA 71446, United States",13145 Lake Charles Hwy,Leesville,LA,71446,4.5,100,Auto body shop,,,https://www.google.com/maps/place/Quintin%27s+Paint+%26+Body+Shop/data=!4m7!3m6!1s0x863a4342e27a3e85:0xcdecc07c0b4867c7!8m2!3d31.0572073!4d-93.2737849!16s%2Fg%2F1txc7dm9!19sChIJhT564kJDOoYRx2dIC3zA7M0?authuser=0&hl=en&rclk=1,auto repair shop,Vernon Parish,county,LA,2026-07-30T10:24:11,0x863a4342e27a3e85:0xcdecc07c0b4867c7
Randolph's Auto Repair,(337) 404-1722,http://www.randolphrepairs.com/,,"12326 Lake Charles Hwy, Leesville, LA 71446, United States",12326 Lake Charles Hwy,Leesville,LA,71446,4.8,168,Auto repair shop,,,https://www.google.com/maps/place/Randolph%27s+Auto+Repair/data=!4m7!3m6!1s0x863a45ff6b4fe533:0x54a8321ffbed872c!8m2!3d31.0788688!4d-93.2736358!16s%2Fg%2F11fnpsgntj!19sChIJM-VPa_9FOoYRLIft-x8yqFQ?authuser=0&hl=en&rclk=1,auto repair shop,Vernon Parish,county,LA,2026-07-30T10:24:11,0x863a45ff6b4fe533:0x54a8321ffbed872c
Ron's Auto,(337) 238-3196,,,"2199 Savage Forks Rd, Leesville, LA 71446, United States",2199 Savage Forks Rd,Leesville,LA,71446,4.7,9,Car repair and maintenance service,,,https://www.google.com/maps/place/Ron%27s+Auto/data=!4m7!3m6!1s0x863a45b306db9b23:0x74cb5093cb0c77f8!8m2!3d31.0802101!4d-93.3115745!16s%2Fg%2F1260gjww4!19sChIJI5vbBrNFOoYR-HcMy5NQy3Q?authuser=0&hl=en&rclk=1,auto repair shop,Vernon Parish,county,LA,2026-07-30T10:24:11,0x863a45b306db9b23:0x74cb5093cb0c77f8
Sandy Hill Automotive,(337) 537-4175,http://sandy-hill-automotive.jany.io/,,"1752 Pitkin Rd, Leesville, LA 71446, United States",1752 Pitkin Rd,Leesville,LA,71446,3.9,54,Auto repair shop,,,https://www.google.com/maps/place/Sandy+Hill+Automotive/data=!4m7!3m6!1s0x863a506e499f226d:0x92cb2820ccccffc7!8m2!3d31.0281444!4d-93.2186379!16s%2Fg%2F1v1tng4x!19sChIJbSKfSW5QOoYRx__MzCAoy5I?authuser=0&hl=en&rclk=1,auto repair shop,Vernon Parish,county,LA,2026-07-30T10:24:11,0x863a506e499f226d:0x92cb2820ccccffc7
"Snakes Garage,llc",(337) 718-7806,,,"106 Willie Parker Rd, Leesville, LA 71446, United States",106 Willie Parker Rd,Leesville,LA,71446,4.9,8,Mechanic,,,"https://www.google.com/maps/place/Snakes+Garage,llc/data=!4m7!3m6!1s0x863a43f5c694a3b3:0x5421cc2d11be1c54!8m2!3d31.145478!4d-93.336016!16s%2Fg%2F11l_gr_q9z!19sChIJs6OUxvVDOoYRVBy-ES3MIVQ?authuser=0&hl=en&rclk=1",auto repair shop,Vernon Parish,county,LA,2026-07-30T10:24:11,0x863a43f5c694a3b3:0x5421cc2d11be1c54
T & M Master Lube Express,(337) 392-9022,,,"701 Nolan Trace, Leesville, LA 71446, United States",701 Nolan Trace,Leesville,LA,71446,4.7,247,Oil change service,,,https://www.google.com/maps/place/T+%26+M+Master+Lube+Express/data=!4m7!3m6!1s0x863a43451ebed543:0xf23037d6c8a26a4!8m2!3d31.142818!4d-93.2709603!16s%2Fg%2F1wrtd6zp!19sChIJQ9W-HkVDOoYRpCaKbH0DIw8?authuser=0&hl=en&rclk=1,auto repair shop,Vernon Parish,county,LA,2026-07-30T10:24:11,0x863a43451ebed543:0xf23037d6c8a26a4
Terrys Paint & Body,(337) 404-4065,,,"115 N Verone St, Leesville, LA 71446, United States",115 N Verone St,Leesville,LA,71446,4.3,9,Car repair and maintenance service,,,https://www.google.com/maps/place/Terrys+Paint+%26+Body/data=!4m7!3m6!1s0x863a4124e60c94d7:0xf75e169a8b0b3cfc!8m2!3d31.1440267!4d-93.2720959!16s%2Fg%2F1tdvkk7_!19sChIJ15QM5iRBOoYR_DwLi5oWXvc?authuser=0&hl=en&rclk=1,auto repair shop,Vernon Parish,county,LA,2026-07-30T10:24:11,0x863a4124e60c94d7:0xf75e169a8b0b3cfc
Tire Max,(337) 378-7604,,,"205 S 5th St, Leesville, LA 71446, United States",205 S 5th St,Leesville,LA,71446,4.9,147,Tire shop,,,https://www.google.com/maps/place/Tire+Max/data=!4m7!3m6!1s0x863a43070132df2d:0xb08f479017cfad4f!8m2!3d31.1422335!4d-93.2634507!16s%2Fg%2F11m_hvwgnc!19sChIJLd8yAQdDOoYRT63PF5BHj7A?authuser=0&hl=en&rclk=1,auto repair shop,Vernon Parish,county,LA,2026-07-30T10:24:11,0x863a43070132df2d:0xb08f479017cfad4f
Woods paint & body LLC,(337) 424-1402,,,"128 Aidan Dr, Leesville, LA 71446, United States",128 Aidan Dr,Leesville,LA,71446,,,Auto repair shop,,,https://www.google.com/maps/place/Woods+paint+%26+body+LLC/data=!4m7!3m6!1s0x28ccc88523b722b:0xcb9eabf2c0419378!8m2!3d30.9478282!4d-93.2891549!16s%2Fg%2F11vy71tjsb!19sChIJK3I7UojMjAIReJNBwPKrnss?authuser=0&hl=en&rclk=1,auto repair shop,Beauregard Parish,county,LA,2026-07-29T10:38:56,0x28ccc88523b722b:0xcb9eabf2c0419378
KINGS DIESEL REPAIR LLC,(225) 209-8971,,,"28901 S Frost Rd, Livingston, LA 70754, United States",28901 S Frost Rd,Livingston,LA,70754,4.3,128,Trailer repair shop,,,https://www.google.com/maps/place/KINGS+DIESEL+REPAIR+LLC/data=!4m7!3m6!1s0x8626eb5e6eca5df3:0xa03a22d6c2879a15!8m2!3d30.4711026!4d-90.7494077!16s%2Fg%2F11j48r3dfb!19sChIJ813Kbl7rJoYRFZqHwtYiOqA?authuser=0&hl=en&rclk=1,auto repair shop,St. John the Baptist Parish,county,LA,2026-07-30T08:30:09,0x8626eb5e6eca5df3:0xa03a22d6c2879a15
Hoffman's Truck Services Center,(225) 637-5000,,,"7819 Airline Hwy, Livonia, LA 70755, United States",7819 Airline Hwy,Livonia,LA,70755,3.5,68,Truck repair shop,,,https://www.google.com/maps/place/Hoffman%27s+Truck+Services+Center/data=!4m7!3m6!1s0x8626a3b1c712c2d9:0xfbf95515ee12b86b!8m2!3d30.555416!4d-91.5677602!16s%2Fg%2F11bz_2ndwz!19sChIJ2cISx7GjJoYRa7gS7hVV-fs?authuser=0&hl=en&rclk=1,auto repair shop,West Feliciana Parish,county,LA,2026-07-30T11:19:39,0x8626a3b1c712c2d9:0xfbf95515ee12b86b
Livonia Auto Repair,(225) 637-4188,,,"8339 Newfield Dr, Livonia, LA 70755, United States",8339 Newfield Dr,Livonia,LA,70755,4.4,65,Auto repair shop,,,https://www.google.com/maps/place/Livonia+Auto+Repair/data=!4m7!3m6!1s0x8624405088c44a81:0xe2ada7b28314abd7!8m2!3d30.5579105!4d-91.5551233!16s%2Fg%2F1vm7btsw!19sChIJgUrEiFBAJIYR16sUg7KnreI?authuser=0&hl=en&rclk=1,auto repair shop,St. Martin Parish,county,LA,2026-07-30T09:03:24,0x8624405088c44a81:0xe2ada7b28314abd7
E & M Pilot Car Services,(337) 725-6991,,,"357 Keller Rd, Longville, LA 70652, United States",357 Keller Rd,Longville,LA,70652,1.0,1,Chauffeur service,,,https://www.google.com/maps/place/E+%26+M+Pilot+Car+Services/data=!4m7!3m6!1s0x863ba4cbde47ea61:0x4c009bee1696ab3c!8m2!3d30.606702!4d-93.2535826!16s%2Fg%2F1261ck6yx!19sChIJYepH3sukO4YRPKuWFu6bAEw?authuser=0&hl=en&rclk=1,auto repair shop,Beauregard Parish,county,LA,2026-07-29T10:38:56,0x863ba4cbde47ea61:0x4c009bee1696ab3c
Lex’s auto care,(337) 764-3113,,,"11126 US-171, Longville, LA 70652, United States",11126 US-171,Longville,LA,70652,5.0,5,Auto repair shop,,,https://www.google.com/maps/place/Lex%E2%80%99s+auto+care/data=!4m7!3m6!1s0x863ba5f7543387a9:0xb95625b7186ce6c5!8m2!3d30.602845!4d-93.232965!16s%2Fg%2F11w8qm6c_5!19sChIJqYczVPelO4YRxeZsGLclVrk?authuser=0&hl=en&rclk=1,auto repair shop,Allen Parish,county,LA,2026-07-29T09:58:43,0x863ba5f7543387a9:0xb95625b7186ce6c5
Murray's Automotive Repair Shop,(337) 567-0764,,,"234 Butte Rd, Longville, LA 70652, United States",234 Butte Rd,Longville,LA,70652,,,Auto repair shop,,,https://www.google.com/maps/place/Murray%27s+Automotive+Repair+Shop/data=!4m7!3m6!1s0x863ba59272381cf1:0x4da8c7707892cbcf!8m2!3d30.58385!4d-93.2267863!16s%2Fg%2F11l71pw7sc!19sChIJ8Rw4cpKlO4YRz8uSeHDHqE0?authuser=0&hl=en&rclk=1,auto repair shop,Allen Parish,county,LA,2026-07-29T09:58:43,0x863ba59272381cf1:0x4da8c7707892cbcf
Pit Stop 171,(337) 279-7430,https://www.pitstop171.com/,service@pitstop171.com,"13637 US-171, Longville, LA 70652, United States",13637 US-171,Longville,LA,70652,5.0,8,Auto repair shop,,,https://www.google.com/maps/place/Pit+Stop+171/data=!4m7!3m6!1s0x863ba3d15d1d472d:0xe14250884913ea5!8m2!3d30.5341589!4d-93.2316676!16s%2Fg%2F11ylwbnc8w!19sChIJLUcdXdGjO4YRpT6RhAglFA4?authuser=0&hl=en&rclk=1,auto repair shop,Allen Parish,county,LA,2026-07-29T09:58:43,0x863ba3d15d1d472d:0xe14250884913ea5
Bayou RV Repair,(985) 628-1210,https://www.bayourvrepair.com/,bayourvrepair@gmail.com,"56296 Straughan Nursery Rd, Loranger, LA 70446, United States",56296 Straughan Nursery Rd,Loranger,LA,70446,5.0,7,RV repair shop,,,https://www.google.com/maps/place/Bayou+RV+Repair/data=!4m7!3m6!1s0x862711a8d74c55b9:0xfb47e4d5ed6dff6a!8m2!3d30.6724679!4d-90.4129979!16s%2Fg%2F11w8gwkbl4!19sChIJuVVM16gRJ4YRav9t7dXkR_s?authuser=0&hl=en&rclk=1,auto repair shop,Washington Parish,county,LA,2026-07-30T10:37:12,0x862711a8d74c55b9:0xfb47e4d5ed6dff6a
Camps Tire,(985) 878-8420,http://www.campstire.com/,,"52200 LA-40, Loranger, LA 70446, United States",52200 LA-40,Loranger,LA,70446,4.7,130,Tire shop,,,https://www.google.com/maps/place/Camps+Tire/data=!4m7!3m6!1s0x862716c94c868263:0x79ab529795178fe9!8m2!3d30.6122963!4d-90.3979892!16s%2Fg%2F1tr9nsm2!19sChIJY4KGTMkWJ4YR6Y8XlZdSq3k?authuser=0&hl=en&rclk=1,auto repair shop,Washington Parish,county,LA,2026-07-30T10:37:12,0x862716c94c868263:0x79ab529795178fe9
D&T Diesel and Auto mobile repair,(985) 789-9779,,,"24249 Cosner Ln, Loranger, LA 70446, United States",24249 Cosner Ln,Loranger,LA,70446,4.6,9,Diesel engine repair service,,,https://www.google.com/maps/place/D%26T+Diesel+and+Auto+mobile+repair/data=!4m7!3m6!1s0x8627151e66ccc969:0xe2923b82d8a013a8!8m2!3d30.5705641!4d-90.3208982!16s%2Fg%2F11hdcdl9cf!19sChIJacnMZh4VJ4YRqBOg2II7kuI?authuser=0&hl=en&rclk=1,auto repair shop,Tangipahoa Parish,county,LA,2026-07-30T09:29:30,0x8627151e66ccc969:0xe2923b82d8a013a8
Outlast Performance ATV,(985) 517-6550,,,"20105 LA-40, Loranger, LA 70446, United States",20105 LA-40,Loranger,LA,70446,5.0,1,ATV repair shop,,,https://www.google.com/maps/place/Outlast+Performance+ATV/data=!4m7!3m6!1s0x86271745cc3d14c5:0x20e9c960b6128ed8!8m2!3d30.6107924!4d-90.3945649!16s%2Fg%2F11z9rxgych!19sChIJxRQ9zEUXJ4YR2I4StmDJ6SA?authuser=0&hl=en&rclk=1,auto repair shop,Washington Parish,county,LA,2026-07-30T10:37:12,0x86271745cc3d14c5:0x20e9c960b6128ed8
Kustom Auto Care,(225) 869-1811,,,"2037 S Railroad St, Lutcher, LA 70071, United States",2037 S Railroad St,Lutcher,LA,70071,5.0,7,Auto repair shop,,,https://www.google.com/maps/place/Kustom+Auto+Care/data=!4m7!3m6!1s0x86212eeb1490b075:0xd0c1144cb3a8ea53!8m2!3d30.0409747!4d-90.6971178!16s%2Fg%2F1w0r084_!19sChIJdbCQFOsuIYYRU-qos0wUwdA?authuser=0&hl=en&rclk=1,auto repair shop,Assumption Parish,county,LA,2026-07-29T10:20:35,0x86212eeb1490b075:0xd0c1144cb3a8ea53
V & M Motor Co,(225) 869-3984,,,"2080 Jefferson Hwy, Lutcher, LA 70071, United States",2080 Jefferson Hwy,Lutcher,LA,70071,4.3,57,Auto repair shop,,,https://www.google.com/maps/place/V+%26+M+Motor+Co/data=!4m7!3m6!1s0x86212eea09b94075:0xb0f25683f0312769!8m2!3d30.0370363!4d-90.6962965!16s%2Fg%2F1tddb66r!19sChIJdUC5CeouIYYRaScx8INW8rA?authuser=0&hl=en&rclk=1,auto repair shop,Assumption Parish,county,LA,2026-07-29T10:20:35,0x86212eea09b94075:0xb0f25683f0312769
Brannigan's Car Care Center,(985) 845-4943,,,"202 St John St, Madisonville, LA 70447, United States",202 St John St,Madisonville,LA,70447,4.9,91,Car repair and maintenance service,,,https://www.google.com/maps/place/Brannigan%27s+Car+Care+Center/data=!4m7!3m6!1s0x862744c61c0277ed:0x7f22159014f03cc7!8m2!3d30.4077196!4d-90.1585855!16s%2Fg%2F1vg_7np4!19sChIJ7XcCHMZEJ4YRxzzwFJAVIn8?authuser=0&hl=en&rclk=1,auto repair shop,St. John the Baptist Parish,county,LA,2026-07-30T08:30:09,0x862744c61c0277ed:0x7f22159014f03cc7
LL Mobile Auto Services,(985) 778-8014,https://www.instagram.com/llmobileautoservices?igsh=MWZvbTV0Nzd3dmRqOQ==,,"537 Loden Way, Madisonville, LA 70447, United States",537 Loden Way,Madisonville,LA,70447,5.0,1,Auto repair shop,,,https://www.google.com/maps/place/LL+Mobile+Auto+Services/data=!4m7!3m6!1s0x8627430075e1def3:0x76c53a3030af13c8!8m2!3d30.4383759!4d-90.2120353!16s%2Fg%2F11zgvc00c3!19sChIJ897hdQBDJ4YRyBOvMDA6xXY?authuser=0&hl=en&rclk=1,auto repair shop,St. Tammany Parish,county,LA,2026-07-30T09:19:04,0x8627430075e1def3:0x76c53a3030af13c8
"Pellegrini Performance Group, LLC | PPG Cars | Express Auto Service and Maintenance | Performance and Custom Work",(985) 327-5806,http://www.ppgcars.com/,,"618 Deer Cross Ct E, Madisonville, LA 70447, United States",618 Deer Cross Ct E,Madisonville,LA,70447,4.8,53,Car repair and maintenance service,,,"https://www.google.com/maps/place/Pellegrini+Performance+Group,+LLC+%7C+PPG+Cars+%7C+Express+Auto+Service+and+Maintenance+%7C+Performance+and+Custom+Work/data=!4m7!3m6!1s0x862743a47f6ba2bf:0xc114f65673085472!8m2!3d30.4647731!4d-90.193901!16s%2Fg%2F11b8twrp71!19sChIJv6Jrf6RDJ4YRclQIc1b2FME?authuser=0&hl=en&rclk=1",auto repair shop,St. John the Baptist Parish,county,LA,2026-07-30T08:30:09,0x862743a47f6ba2bf:0xc114f65673085472
Auto Medic of Mandeville,(985) 626-4137,https://www.lacombeautoshop.com/,,"1021 Girod St, Mandeville, LA 70448, United States",1021 Girod St,Mandeville,LA,70448,4.1,43,Auto repair shop,,,https://www.google.com/maps/place/Auto+Medic+of+Mandeville/data=!4m7!3m6!1s0x862759eb5c5f1361:0x15dac4e11bb14ced!8m2!3d30.36502!4d-90.0601164!16s%2Fg%2F1tt8cmsg!19sChIJYRNfXOtZJ4YR7UyxG-HE2hU?authuser=0&hl=en&rclk=1,auto repair shop,St. Tammany Parish,county,LA,2026-07-30T09:19:04,0x862759eb5c5f1361:0x15dac4e11bb14ced
Auto Tech,(985) 898-1198,https://www.facebook.com/AutoTechNorthshore/,,"2180 Orleans St, Mandeville, LA 70448, United States",2180 Orleans St,Mandeville,LA,70448,4.8,22,Auto repair shop,,,https://www.google.com/maps/place/Auto+Tech/data=!4m7!3m6!1s0x86275c1bb5a44991:0xb29a6007e8c32f01!8m2!3d30.3660813!4d-90.0635472!16s%2Fg%2F1tjdm30b!19sChIJkUmktRtcJ4YRAS_D6AdgmrI?authuser=0&hl=en&rclk=1,auto repair shop,St. John the Baptist Parish,county,LA,2026-07-30T08:30:09,0x86275c1bb5a44991:0xb29a6007e8c32f01
Automotive Center of Mandeville,(985) 778-0518,http://www.automotivecenterofmandeville.com/,,"925 Lafitte St Ste a, Mandeville, LA 70448, United States",925 Lafitte St Ste a,Mandeville,LA,70448,4.8,34,Auto repair shop,,,https://www.google.com/maps/place/Automotive+Center+of+Mandeville/data=!4m7!3m6!1s0x86275916a14b59f7:0x3d21d27e48a2cfb5!8m2!3d30.3650185!4d-90.0631813!16s%2Fg%2F11ty73lpm1!19sChIJ91lLoRZZJ4YRtc-iSH7SIT0?authuser=0&hl=en&rclk=1,auto repair shop,St. Tammany Parish,county,LA,2026-07-30T09:19:04,0x86275916a14b59f7:0x3d21d27e48a2cfb5
Autoville Tire & Car care,(985) 626-8211,http://www.autovilletire.com/,,"2001 Spartan Dr, Mandeville, LA 70448, United States",2001 Spartan Dr,Mandeville,LA,70448,4.8,172,Auto repair shop,,,https://www.google.com/maps/place/Autoville+Tire+%26+Car+care/data=!4m7!3m6!1s0x862759bd9d10dfaf:0x3e063ebe4ae3f14d!8m2!3d30.3750362!4d-90.0548324!16s%2Fg%2F11bwpczbsx!19sChIJr98Qnb1ZJ4YRTfHjSr4-Bj4?authuser=0&hl=en&rclk=1,auto repair shop,St. Tammany Parish,county,LA,2026-07-30T09:19:04,0x862759bd9d10dfaf:0x3e063ebe4ae3f14d
Autoville Tire and Car Care,(985) 727-7200,http://www.autovilletire.com/,,"4510 LA-22, Mandeville, LA 70471, United States",4510 LA-22,Mandeville,LA,70471,4.8,239,Auto repair shop,,,https://www.google.com/maps/place/Autoville+Tire+and+Car+Care/data=!4m7!3m6!1s0x86275bafd53cc56b:0x48cc6f26e8a32329!8m2!3d30.398022!4d-90.103263!16s%2Fg%2F1tfwdw2m!19sChIJa8U81a9bJ4YRKSOj6CZvzEg?authuser=0&hl=en&rclk=1,auto repair shop,St. Tammany Parish,county,LA,2026-07-30T09:19:04,0x86275bafd53cc56b:0x48cc6f26e8a32329
Bayou Automotive Repair & Sales,(985) 951-2222,,,"925 Carroll St, Mandeville, LA 70448, United States",925 Carroll St,Mandeville,LA,70448,5.0,21,Auto repair shop,,,https://www.google.com/maps/place/Bayou+Automotive+Repair+%26+Sales/data=!4m7!3m6!1s0x8627595064873571:0x4e2be81ffaca6b51!8m2!3d30.3659188!4d-90.0639111!16s%2Fg%2F11mvsmwrsg!19sChIJcTWHZFBZJ4YRUWvK-h_oK04?authuser=0&hl=en&rclk=1,auto repair shop,St. Tammany Parish,county,LA,2026-07-30T09:19:04,0x8627595064873571:0x4e2be81ffaca6b51
Berard's Automotive,(985) 624-8055,http://www.berardsautomotive.com/,berardsongirod@gmail.com,"723 Girod St, Mandeville, LA 70448, United States",723 Girod St,Mandeville,LA,70448,4.6,44,Auto repair shop,,,https://www.google.com/maps/place/Berard%27s+Automotive/data=!4m7!3m6!1s0x862759ec2e996c07:0x3c45a0c100d6dbfa!8m2!3d30.3614077!4d-90.0625159!16s%2Fg%2F1tkp5bh4!19sChIJB2yZLuxZJ4YR-tvWAMGgRTw?authuser=0&hl=en&rclk=1,auto repair shop,St. John the Baptist Parish,county,LA,2026-07-30T08:30:09,0x862759ec2e996c07:0x3c45a0c100d6dbfa
CARSTAR Elite of Northshore,(985) 635-4463,https://www.carstar.com/locations/la/mandeville-15387/,andrew.neldeberg@drivenbrands.com,"68688 LA-59, Mandeville, LA 70471, United States",68688 LA-59,Mandeville,LA,70471,4.7,144,Auto body shop,,,https://www.google.com/maps/place/CARSTAR+Elite+of+Northshore/data=!4m7!3m6!1s0x862759f1d3f64ad1:0xe0d1663e21cb3c95!8m2!3d30.4329714!4d-90.0397168!16s%2Fg%2F1wtbv7ky!19sChIJ0Ur20_FZJ4YRlTzLIT5m0eA?authuser=0&hl=en&rclk=1,auto repair shop,St. Tammany Parish,county,LA,2026-07-30T09:19:04,0x862759f1d3f64ad1:0xe0d1663e21cb3c95
Danny's Automotive Services,(985) 875-0773,https://www.dannysautomotiveservices.com/,,"69041 LA-59, Mandeville, LA 70471, United States",69041 LA-59,Mandeville,LA,70471,4.7,113,Auto repair shop,,,https://www.google.com/maps/place/Danny%27s+Automotive+Services/data=!4m7!3m6!1s0x8627592ca507a939:0xe2d88551c3ea9071!8m2!3d30.4349031!4d-90.0424137!16s%2Fg%2F1vr3djkr!19sChIJOakHpSxZJ4YRcZDqw1GF2OI?authuser=0&hl=en&rclk=1,auto repair shop,St. Tammany Parish,county,LA,2026-07-30T09:19:04,0x8627592ca507a939:0xe2d88551c3ea9071
David's Automotive & Alignment,(985) 626-4044,https://davidsautomotiveofmandeville.com/,,"1994 Surgi Dr, Mandeville, LA 70448, United States",1994 Surgi Dr,Mandeville,LA,70448,4.8,198,Auto repair shop,,,https://www.google.com/maps/place/David%27s+Automotive+%26+Alignment/data=!4m7!3m6!1s0x862759ed3763f56d:0x495d7382432e89c2!8m2!3d30.378815!4d-90.051506!16s%2Fg%2F1260j_9jr!19sChIJbfVjN-1ZJ4YRwokuQ4JzXUk?authuser=0&hl=en&rclk=1,auto repair shop,St. Tammany Parish,county,LA,2026-07-30T09:19:04,0x862759ed3763f56d:0x495d7382432e89c2
Eric's Car Service,(985) 951-8091,,,"765 Asbury Dr, Mandeville, LA 70471, United States",765 Asbury Dr,Mandeville,LA,70471,4.6,41,Auto repair shop,,,https://www.google.com/maps/place/Eric%27s+Car+Service/data=!4m7!3m6!1s0x86275bcfba3b5ab7:0x4c00464cd58da0e!8m2!3d30.3981807!4d-90.0848914!16s%2Fg%2F1tdyf_gf!19sChIJt1o7us9bJ4YRDtpYzWQEwAQ?authuser=0&hl=en&rclk=1,auto repair shop,St. Tammany Parish,county,LA,2026-07-30T09:19:04,0x86275bcfba3b5ab7:0x4c00464cd58da0e
MOTORWORKS BY DALLAS,(985) 778-0990,,,"2025 N Causeway Blvd, Mandeville, LA 70471, United States",2025 N Causeway Blvd,Mandeville,LA,70471,4.8,75,Auto repair shop,,,https://www.google.com/maps/place/MOTORWORKS+BY+DALLAS/data=!4m7!3m6!1s0x86275bce8cf215df:0x1fd7f8ce16f83709!8m2!3d30.3967047!4d-90.0867472!16s%2Fg%2F1tdh471g!19sChIJ3xXyjM5bJ4YRCTf4Fs741x8?authuser=0&hl=en&rclk=1,auto repair shop,St. Tammany Parish,county,LA,2026-07-30T09:19:04,0x86275bce8cf215df:0x1fd7f8ce16f83709
NTB-National Tire & Battery,(985) 545-6549,https://www.mavis.com/locations/mandeville-la/?utm_source=yext&utm_medium=organic&utm_campaign=gmb&stnum=4229,esupport1@mavistire.com,"545 Asbury Dr, Mandeville, LA 70471, United States",545 Asbury Dr,Mandeville,LA,70471,4.7,775,Tire shop,,,https://www.google.com/maps/place/NTB-National+Tire+%26+Battery/data=!4m7!3m6!1s0x86275bce1d9dec83:0x193bb563d35cfa1e!8m2!3d30.3963094!4d-90.0840631!16s%2Fg%2F1xcbp_5h!19sChIJg-ydHc5bJ4YRHvpc02O1Oxk?authuser=0&hl=en&rclk=1,auto repair shop,St. Tammany Parish,county,LA,2026-07-30T09:19:04,0x86275bce1d9dec83:0x193bb563d35cfa1e
Northlake Automotive Services,(985) 626-3858,,,"531 Asbury Dr, Mandeville, LA 70471, United States",531 Asbury Dr,Mandeville,LA,70471,4.9,28,Auto repair shop,,,https://www.google.com/maps/place/Northlake+Automotive+Services/data=!4m7!3m6!1s0x86275bd1fd5f5fb3:0x9fb72934045045a9!8m2!3d30.396049!4d-90.084021!16s%2Fg%2F1tg5z_kf!19sChIJs19f_dFbJ4YRqUVQBDQpt58?authuser=0&hl=en&rclk=1,auto repair shop,St. Tammany Parish,county,LA,2026-07-30T09:19:04,0x86275bd1fd5f5fb3:0x9fb72934045045a9
Northshore Motorworks,(985) 951-2201,https://www.facebook.com/Northshoremotorworks/,,"69458 LA-59, Mandeville, LA 70471, United States",69458 LA-59,Mandeville,LA,70471,4.9,188,Auto repair shop,,,https://www.google.com/maps/place/Northshore+Motorworks/data=!4m7!3m6!1s0x86275994aae60e35:0x2c077aa4815da04a!8m2!3d30.4450283!4d-90.0408937!16s%2Fg%2F11c327wvx2!19sChIJNQ7mqpRZJ4YRSqBdgaR6Byw?authuser=0&hl=en&rclk=1,auto repair shop,St. Tammany Parish,county,LA,2026-07-30T09:19:04,0x86275994aae60e35:0x2c077aa4815da04a
Teddy's Auto Repair,(985) 845-7848,,,"100 Ridgewood Dr C, Mandeville, LA 70471, United States",100 Ridgewood Dr C,Mandeville,LA,70471,4.8,33,Auto repair shop,,,https://www.google.com/maps/place/Teddy%27s+Auto+Repair/data=!4m7!3m6!1s0x86275b0e4bcc7c43:0xc53e5c243fbf2e53!8m2!3d30.4033284!4d-90.1194787!16s%2Fg%2F1td25th2!19sChIJQ3zMSw5bJ4YRUy6_PyRcPsU?authuser=0&hl=en&rclk=1,auto repair shop,St. Tammany Parish,county,LA,2026-07-30T09:19:04,0x86275b0e4bcc7c43:0xc53e5c243fbf2e53
Tire World Car Care Center,(985) 626-8538,http://www.tireworldccc.com/,,"1806 N Causeway Blvd, Mandeville, LA 70471, United States",1806 N Causeway Blvd,Mandeville,LA,70471,4.7,207,Auto repair shop,,,https://www.google.com/maps/place/Tire+World+Car+Care+Center/data=!4m7!3m6!1s0x86275bcba0da4979:0xf504a06c780a0937!8m2!3d30.392667!4d-90.09011!16s%2Fg%2F1tg9nhhg!19sChIJeUnaoMtbJ4YRNwkKeGygBPU?authuser=0&hl=en&rclk=1,auto repair shop,St. Tammany Parish,county,LA,2026-07-30T09:19:04,0x86275bcba0da4979:0xf504a06c780a0937
Zoom Tech Automotive LLC,(985) 624-5080,http://www.zoomtechautomotive.com/,,"815 Asbury Dr, Mandeville, LA 70471, United States",815 Asbury Dr,Mandeville,LA,70471,4.7,142,Auto repair shop,,,https://www.google.com/maps/place/Zoom+Tech+Automotive+LLC/data=!4m7!3m6!1s0x86275bcfbde45255:0x7b5a8dc532c7284!8m2!3d30.3996448!4d-90.0854166!16s%2Fg%2F1th87h7_!19sChIJVVLkvc9bJ4YRhHIsU9yotQc?authuser=0&hl=en&rclk=1,auto repair shop,St. Tammany Parish,county,LA,2026-07-30T09:19:04,0x86275bcfbde45255:0x7b5a8dc532c7284
Avoyelles Automotive Center,(318) 964-2113,,,"8194 LA-1, Mansura, LA 71350, United States",8194 LA-1,Mansura,LA,71350,4.4,29,Car repair and maintenance service,,,https://www.google.com/maps/place/Avoyelles+Automotive+Center/data=!4m7!3m6!1s0x862510a3b1de5a3d:0x45b1b2175344116!8m2!3d31.0705144!4d-92.0498689!16s%2Fg%2F1hc1y2rx2!19sChIJPVresaMQJYYRFkE0dSEbWwQ?authuser=0&hl=en&rclk=1,auto repair shop,Avoyelles Parish,county,LA,2026-07-29T10:27:09,0x862510a3b1de5a3d:0x45b1b2175344116
Don's Body Shop,(318) 253-5820,,,"7217 LA-1, Mansura, LA 71350, United States",7217 LA-1,Mansura,LA,71350,4.9,19,Auto body shop,,,https://www.google.com/maps/place/Don%27s+Body+Shop/data=!4m7!3m6!1s0x862510d17715389f:0x4102bc4660d58b8a!8m2!3d31.0962735!4d-92.0590103!16s%2Fg%2F1xtf1y7d!19sChIJnzgVd9EQJYYRiovVYEa8AkE?authuser=0&hl=en&rclk=1,auto repair shop,Avoyelles Parish,county,LA,2026-07-29T10:27:09,0x862510d17715389f:0x4102bc4660d58b8a
Glenn's Auto Repair,(318) 253-7255,,,"6760 LA-1, Mansura, LA 71350, United States",6760 LA-1,Mansura,LA,71350,4.5,22,Auto repair shop,,,https://www.google.com/maps/place/Glenn%27s+Auto+Repair/data=!4m7!3m6!1s0x862510d5bebe54e9:0x95c714e55b83c442!8m2!3d31.108044!4d-92.0638093!16s%2Fg%2F1tftx9t2!19sChIJ6VS-vtUQJYYRQsSDW-UUx5U?authuser=0&hl=en&rclk=1,auto repair shop,Avoyelles Parish,county,LA,2026-07-29T10:27:09,0x862510d5bebe54e9:0x95c714e55b83c442
Gremillion Auto & Metal Fabrications,(318) 717-2607,,,"427 Tcoons Rd, Mansura, LA 71350, United States",427 Tcoons Rd,Mansura,LA,71350,5.0,1,Auto repair shop,,,https://www.google.com/maps/place/Gremillion+Auto+%26+Metal+Fabrications/data=!4m7!3m6!1s0x86251766892df677:0x27f3e404af22538c!8m2!3d31.0873649!4d-92.1047397!16s%2Fg%2F11t6hv81j2!19sChIJd_YtiWYXJYYRjFMirwTk8yc?authuser=0&hl=en&rclk=1,auto repair shop,Avoyelles Parish,county,LA,2026-07-29T10:27:09,0x86251766892df677:0x27f3e404af22538c
Kane’s Repair Shop,(318) 500-9392,https://www.facebook.com/profile.php?id=61550899675989&mibextid=LQQJ4d,,"5534 LA-114, Mansura, LA 71350, United States",5534 LA-114,Mansura,LA,71350,5.0,1,Mechanic,,,https://www.google.com/maps/place/Kane%E2%80%99s+Repair+Shop/data=!4m7!3m6!1s0x862519001505694f:0x1b10a56eda98a49a!8m2!3d31.0528972!4d-92.0841024!16s%2Fg%2F11l1yq1hg2!19sChIJT2kFFQAZJYYRmqSY2m6lEBs?authuser=0&hl=en&rclk=1,auto repair shop,Avoyelles Parish,county,LA,2026-07-29T10:27:09,0x862519001505694f:0x1b10a56eda98a49a
Moreau's Collision Repair Center,(318) 964-5267,,,"2149 L'Eglise St, Mansura, LA 71350, United States",2149 L'Eglise St,Mansura,LA,71350,5.0,10,Auto body shop,,,https://www.google.com/maps/place/Moreau%27s+Collision+Repair+Center/data=!4m7!3m6!1s0x86251a0c99eccab7:0x5e0c1c0530d6c527!8m2!3d31.0565587!4d-92.0479843!16s%2Fg%2F1tfst77t!19sChIJt8rsmQwaJYYRJ8XWMAUcDF4?authuser=0&hl=en&rclk=1,auto repair shop,Avoyelles Parish,county,LA,2026-07-29T10:27:09,0x86251a0c99eccab7:0x5e0c1c0530d6c527
"Superior Glass, Tint & Accessories",(318) 305-8462,https://www.superiortintsolutionsllc.com/home,superiortintsolutionsllc@gmail.com,"7508 LA-1, Mansura, LA 71350, United States",7508 LA-1,Mansura,LA,71350,4.9,54,Window tinting service,,,"https://www.google.com/maps/place/Superior+Glass,+Tint+%26+Accessories/data=!4m7!3m6!1s0x8625a9e9f03e9265:0xd5ad0a59ece438eb!8m2!3d31.0876719!4d-92.0575895!16s%2Fg%2F11ny23720t!19sChIJZZI-8OmpJYYR6zjk7FkKrdU?authuser=0&hl=en&rclk=1",auto repair shop,Avoyelles Parish,county,LA,2026-07-29T10:27:09,0x8625a9e9f03e9265:0xd5ad0a59ece438eb
Fredieu's Car Care Center,(318) 256-9314,,,"960 W Georgia Ave, Many, LA 71449, United States",960 W Georgia Ave,Many,LA,71449,4.4,5,Muffler shop,,,https://www.google.com/maps/place/Fredieu%27s+Car+Care+Center/data=!4m7!3m6!1s0x863a0a14854b6e57:0xd4729359fa262f1d!8m2!3d31.5636983!4d-93.4821004!16s%2Fg%2F1w112km4!19sChIJV25LhRQKOoYRHS8m-lmTctQ?authuser=0&hl=en&rclk=1,auto repair shop,Concordia Parish,county,LA,2026-07-29T12:17:33,0x863a0a14854b6e57:0xd4729359fa262f1d
Buddy's Auto Repair,(318) 292-5366,,,"LA-33, Marion, LA 71260, United States",LA-33,Marion,LA,71260,4.8,5,Auto repair shop,,,https://www.google.com/maps/place/Buddy%27s+Auto+Repair/data=!4m7!3m6!1s0x862e0e60ed1f75a1:0x8391dbfa0de2d5e2!8m2!3d32.8897808!4d-92.2537706!16s%2Fg%2F1tf080hc!19sChIJoXUf7WAOLoYR4tXiDfrbkYM?authuser=0&hl=en&rclk=1,auto repair shop,Caldwell Parish,county,LA,2026-07-29T11:39:29,0x862e0e60ed1f75a1:0x8391dbfa0de2d5e2
Auto worx,(318) 359-9794,,,"339 E Ogden St, Marksville, LA 71351, United States",339 E Ogden St,Marksville,LA,71351,5.0,1,Auto repair shop,,,https://www.google.com/maps/place/Auto+worx/data=!4m7!3m6!1s0x862511414a604963:0x7a02c8a821b1ae30!8m2!3d31.1257368!4d-92.0629061!16s%2Fg%2F11mkvn34wk!19sChIJY0lgSkERJYYRMK6xIajIAno?authuser=0&hl=en&rclk=1,auto repair shop,Avoyelles Parish,county,LA,2026-07-29T10:27:09,0x862511414a604963:0x7a02c8a821b1ae30
Bentley's Automotive,(318) 253-4900,https://www.bentleysautomotive.net/,,"523 Tunica Dr W A, Marksville, LA 71351, United States",523 Tunica Dr W A,Marksville,LA,71351,4.8,50,Auto repair shop,,,https://www.google.com/maps/place/Bentley%27s+Automotive/data=!4m7!3m6!1s0x862516c8a0f964b3:0x67e471949a9ad946!8m2!3d31.127329!4d-92.0772747!16s%2Fg%2F11c5869zqb!19sChIJs2T5oMgWJYYRRtmampRx5Gc?authuser=0&hl=en&rclk=1,auto repair shop,Avoyelles Parish,county,LA,2026-07-29T10:27:09,0x862516c8a0f964b3:0x67e471949a9ad946
Kanapas Paint & Body Shop,(318) 240-8509,,,"150 Gum Ridge Rd, Marksville, LA 71351, United States",150 Gum Ridge Rd,Marksville,LA,71351,5.0,12,Auto body shop,,,https://www.google.com/maps/place/Kanapas+Paint+%26+Body+Shop/data=!4m7!3m6!1s0x862516850eb3bbb9:0xcb23a9d8b42badf7!8m2!3d31.1442023!4d-92.0981111!16s%2Fg%2F1tdy4v2t!19sChIJubuzDoUWJYYR960rtNipI8s?authuser=0&hl=en&rclk=1,auto repair shop,Avoyelles Parish,county,LA,2026-07-29T10:27:09,0x862516850eb3bbb9:0xcb23a9d8b42badf7
Lemoine's Auto Parts,(318) 253-7253,,,"930 Tunica Dr E, Marksville, LA 71351, United States",930 Tunica Dr E,Marksville,LA,71351,4.5,26,Auto parts store,,,https://www.google.com/maps/place/Lemoine%27s+Auto+Parts/data=!4m7!3m6!1s0x8625112af5560659:0x29ba9d6f0083f088!8m2!3d31.1109326!4d-92.0646783!16s%2Fg%2F1tg9nhdx!19sChIJWQZW9SoRJYYRiPCDAG-duik?authuser=0&hl=en&rclk=1,auto repair shop,Avoyelles Parish,county,LA,2026-07-29T10:27:09,0x8625112af5560659:0x29ba9d6f0083f088
Lionel Used Tires,(318) 253-0720,,,"2461 LA-1, Marksville, LA 71351, United States",2461 LA-1,Marksville,LA,71351,4.7,18,Used tire shop,,,https://www.google.com/maps/place/Lionel+Used+Tires/data=!4m7!3m6!1s0x86253dc71b928979:0x851ec0bfbe3e36eb!8m2!3d31.1361769!4d-92.1667718!16s%2Fg%2F1tmcmln4!19sChIJeYmSG8c9JYYR6zY-vr_AHoU?authuser=0&hl=en&rclk=1,auto repair shop,Avoyelles Parish,county,LA,2026-07-29T10:27:09,0x86253dc71b928979:0x851ec0bfbe3e36eb
Marksville Collision Center,(318) 240-9608,,,"129 Ferdinand St, Marksville, LA 71351, United States",129 Ferdinand St,Marksville,LA,71351,4.5,22,Auto body shop,,,https://www.google.com/maps/place/Marksville+Collision+Center/data=!4m7!3m6!1s0x862516d2cb68b0d3:0x900543e5a672ae87!8m2!3d31.1183371!4d-92.0653693!16s%2Fg%2F1t_wpqcd!19sChIJ07Boy9IWJYYRh65ypuVDBZA?authuser=0&hl=en&rclk=1,auto repair shop,Avoyelles Parish,county,LA,2026-07-29T10:27:09,0x862516d2cb68b0d3:0x900543e5a672ae87
Pop's Towing,(318) 597-8883,,,"225 Little California Rd, Marksville, LA 71351, United States",225 Little California Rd,Marksville,LA,71351,4.7,52,Towing service,,,https://www.google.com/maps/place/Pop%27s+Towing/data=!4m7!3m6!1s0x862516c8b9f31845:0x390dcc690721b577!8m2!3d31.1119737!4d-92.0848387!16s%2Fg%2F11cjnq39r6!19sChIJRRjzucgWJYYRd7UhB2nMDTk?authuser=0&hl=en&rclk=1,auto repair shop,Avoyelles Parish,county,LA,2026-07-29T10:27:09,0x862516c8b9f31845:0x390dcc690721b577
Robert Tassin Automotive,(318) 305-0914,http://www.roberttassinautomotive.com/,,"728 LA-1192, Marksville, LA 71351, United States",728 LA-1192,Marksville,LA,71351,5.0,24,Auto repair shop,,,https://www.google.com/maps/place/Robert+Tassin+Automotive/data=!4m7!3m6!1s0x862515227e8a282d:0xf91a62c7ab983292!8m2!3d31.1589865!4d-92.0995158!16s%2Fg%2F11l4k7gq97!19sChIJLSiKfiIVJYYRkjKYq8diGvk?authuser=0&hl=en&rclk=1,auto repair shop,Avoyelles Parish,county,LA,2026-07-29T10:27:09,0x862515227e8a282d:0xf91a62c7ab983292
Southern Offroad Tires & Lift,(318) 253-7623,,,"5302 LA-1, Marksville, LA 71351, United States",5302 LA-1,Marksville,LA,71351,4.8,42,Auto repair shop,,,https://www.google.com/maps/place/Southern+Offroad+Tires+%26+Lift/data=!4m7!3m6!1s0x86251686590029af:0x1605376adbcc04d1!8m2!3d31.1375034!4d-92.090455!16s%2Fg%2F11cs1kd1rd!19sChIJrykAWYYWJYYR0QTM22o3BRY?authuser=0&hl=en&rclk=1,auto repair shop,Avoyelles Parish,county,LA,2026-07-29T10:27:09,0x86251686590029af:0x1605376adbcc04d1
"Tony’s Automotive, LLC",(318) 253-9752,,,"444 Acton Rd, Marksville, LA 71351, United States",444 Acton Rd,Marksville,LA,71351,4.8,60,Auto repair shop,,,"https://www.google.com/maps/place/Tony%E2%80%99s+Automotive,+LLC/data=!4m7!3m6!1s0x862516d258da3949:0x8d3e16d2fb954c4a!8m2!3d31.1176876!4d-92.06836!16s%2Fg%2F1v42g4xk!19sChIJSTnaWNIWJYYRSkyV-9IWPo0?authuser=0&hl=en&rclk=1",auto repair shop,Avoyelles Parish,county,LA,2026-07-29T10:27:09,0x862516d258da3949:0x8d3e16d2fb954c4a
Tranz Tech Transmission,(318) 253-8000,https://www.facebook.com/pages/category/Automotive-Repair-Shop/Tranz-Tech-Transmissions-786129224730718/,,"4575 LA-1, Marksville, LA 71351, United States",4575 LA-1,Marksville,LA,71351,3.8,15,Transmission shop,,,https://www.google.com/maps/place/Tranz+Tech+Transmission/data=!4m7!3m6!1s0x862515df6a0e3e23:0x996fedbbb2a19cf8!8m2!3d31.155199!4d-92.1224975!16s%2Fg%2F11c539qrzb!19sChIJIz4Oat8VJYYR-Jyhsrvtb5k?authuser=0&hl=en&rclk=1,auto repair shop,Avoyelles Parish,county,LA,2026-07-29T10:27:09,0x862515df6a0e3e23:0x996fedbbb2a19cf8
Vela's Collision,(318) 240-8040,https://velascollision.com/,,"336 Philo St, Marksville, LA 71351, United States",336 Philo St,Marksville,LA,71351,5.0,3,Auto body shop,,,https://www.google.com/maps/place/Vela%27s+Collision/data=!4m7!3m6!1s0x862517669028b3a7:0xee9a2a864b42001b!8m2!3d31.1255975!4d-92.0760967!16s%2Fg%2F11x2h3z310!19sChIJp7MokGYXJYYRGwBCS4Yqmu4?authuser=0&hl=en&rclk=1,auto repair shop,Avoyelles Parish,county,LA,2026-07-29T10:27:09,0x862517669028b3a7:0xee9a2a864b42001b
Vela’s Collision,(318) 240-8040,https://www.velascollision.com/,,"336 Philo St, Marksville, LA 71351, United States",336 Philo St,Marksville,LA,71351,4.7,51,Auto body shop,,,https://www.google.com/maps/place/Vela%E2%80%99s+Collision/data=!4m7!3m6!1s0x862516cf53aed63b:0xa34a63a05ab67436!8m2!3d31.1256103!4d-92.0759658!16s%2Fg%2F1tf0808p!19sChIJO9auU88WJYYRNnS2WqBjSqM?authuser=0&hl=en&rclk=1,auto repair shop,Avoyelles Parish,county,LA,2026-07-29T10:27:09,0x862516cf53aed63b:0xa34a63a05ab67436
Roy's Auto Tech Transmissions & General Repair,(504) 328-4400,http://roysautotech.com/,,"6909 4th St, Marrero, LA 70072, United States",6909 4th St,Marrero,LA,70072,4.4,90,Auto repair shop,,,https://www.google.com/maps/place/Roy%27s+Auto+Tech+Transmissions+%26+General+Repair/data=!4m7!3m6!1s0x8620a4924333eaa9:0xe74b6670dcdda6f8!8m2!3d29.9008076!4d-90.1227897!16s%2Fg%2F1v3gs80w!19sChIJqeozQ5KkIIYR-Kbd3HBmS-c?authuser=0&hl=en&rclk=1,auto repair shop,St. John the Baptist Parish,county,LA,2026-07-30T08:30:09,0x8620a4924333eaa9:0xe74b6670dcdda6f8
Vinnie's Auto Repair,(504) 347-3637,,,"5000 4th St, Marrero, LA 70072, United States",5000 4th St,Marrero,LA,70072,4.5,78,Auto repair shop,,,https://www.google.com/maps/place/Vinnie%27s+Auto+Repair/data=!4m7!3m6!1s0x8620a468d48db1b7:0x1d2a54ed724046c6!8m2!3d29.8991649!4d-90.100848!16s%2Fg%2F1tg9nh8p!19sChIJt7GN1GikIIYRxkZAcu1UKh0?authuser=0&hl=en&rclk=1,auto repair shop,St. John the Baptist Parish,county,LA,2026-07-30T08:30:09,0x8620a468d48db1b7:0x1d2a54ed724046c6
Professional Auto Service (formerly Island Auto),(225) 698-3115,,,"18827 LA-22, Maurepas, LA 70449, United States",18827 LA-22,Maurepas,LA,70449,4.9,39,Auto repair shop,,,https://www.google.com/maps/place/Professional+Auto+Service+%28formerly+Island+Auto%29/data=!4m7!3m6!1s0x8626d182af8f658f:0x358869d79f808603!8m2!3d30.2571786!4d-90.7687055!16s%2Fg%2F1thgbtt3!19sChIJj2WPr4LRJoYRA4aAn9dpiDU?authuser=0&hl=en&rclk=1,auto repair shop,Allen Parish,county,LA,2026-07-29T09:58:43,0x8626d182af8f658f:0x358869d79f808603
Chris Granger's Auto Repair,(337) 898-0345,,,"8524 Woodlawn Rd, Maurice, LA 70555, United States",8524 Woodlawn Rd,Maurice,LA,70555,5.0,24,Auto repair shop,,,https://www.google.com/maps/place/Chris+Granger%27s+Auto+Repair/data=!4m7!3m6!1s0x8623614f49ab046f:0xefcbd669320ad01b!8m2!3d30.0327903!4d-92.0812859!16s%2Fg%2F1tgq6_yj!19sChIJbwSrSU9hI4YRG9AKMmnWy-8?authuser=0&hl=en&rclk=1,auto repair shop,Vermilion Parish,county,LA,2026-07-30T10:15:24,0x8623614f49ab046f:0xefcbd669320ad01b
Cleavers Mobile Automotive Services,(337) 412-4199,,,"7195 Clyve Rd, Maurice, LA 70555, United States",7195 Clyve Rd,Maurice,LA,70555,,,Auto repair shop,,,https://www.google.com/maps/place/Cleavers+Mobile+Automotive+Services/data=!4m7!3m6!1s0x862361f0df3146f5:0xe7e373041ce0f5b6!8m2!3d30.125321!4d-92.092893!16s%2Fg%2F11ypyqpnhl!19sChIJ9UYx3_BhI4YRtvXgHARz4-c?authuser=0&hl=en&rclk=1,auto repair shop,Vermilion Parish,county,LA,2026-07-30T10:15:24,0x862361f0df3146f5:0xe7e373041ce0f5b6
Derek's Auto And Diesel Repair LLC,(337) 351-9432,https://dereksautoanddieselrepair.com/,info@dereksautoanddieselrepair.com,"6064 US-167, Maurice, LA 70555, United States",6064 US-167,Maurice,LA,70555,5.0,42,Auto repair shop,,,https://www.google.com/maps/place/Derek%27s+Auto+And+Diesel+Repair+LLC/data=!4m7!3m6!1s0x862361e2168e45fd:0xc2d8c11891dce923!8m2!3d30.0640386!4d-92.1245935!16s%2Fg%2F11vwzx2gfv!19sChIJ_UWOFuJhI4YRI-nckRjB2MI?authuser=0&hl=en&rclk=1,auto repair shop,Vermilion Parish,county,LA,2026-07-30T10:15:24,0x862361e2168e45fd:0xc2d8c11891dce923
"Expert RV Solutions and Repair, LLC",(337) 400-1988,https://expertrvs.com/,micah@micahrich.com,"12996 LA-92, Maurice, LA 70555, United States",12996 LA-92,Maurice,LA,70555,5.0,103,RV repair shop,,,"https://www.google.com/maps/place/Expert+RV+Solutions+and+Repair,+LLC/data=!4m7!3m6!1s0x86235f3ef7b5452d:0x462cd8467d9d3614!8m2!3d30.1086616!4d-92.1919429!16s%2Fg%2F11tfv4xzl6!19sChIJLUW19z5fI4YRFDadfUbYLEY?authuser=0&hl=en&rclk=1",auto repair shop,Vermilion Parish,county,LA,2026-07-30T10:15:24,0x86235f3ef7b5452d:0x462cd8467d9d3614
G & H Collision Center,(337) 385-2621,https://gandhcollision.com/,,"9700 Maurice Ave Ste 101, Maurice, LA 70555, United States",9700 Maurice Ave Ste 101,Maurice,LA,70555,4.9,157,Auto body shop,,,https://www.google.com/maps/place/G+%26+H+Collision+Center/data=!4m7!3m6!1s0x862361924133ce11:0x209f81a0aedfe779!8m2!3d30.0967947!4d-92.1256155!16s%2Fg%2F11p5pzzlt3!19sChIJEc4zQZJhI4YReeffrqCBnyA?authuser=0&hl=en&rclk=1,auto repair shop,Vermilion Parish,county,LA,2026-07-30T10:15:24,0x862361924133ce11:0x209f81a0aedfe779
G & H Tire & Services,(337) 893-2757,http://gandhtire.com/,,"9700 Maurice Ave, Maurice, LA 70555, United States",9700 Maurice Ave,Maurice,LA,70555,4.6,190,Tire shop,,,https://www.google.com/maps/place/G+%26+H+Tire+%26+Services/data=!4m7!3m6!1s0x862360f54492bf01:0xaaeb5d77c9635821!8m2!3d30.0968753!4d-92.1253543!16s%2Fg%2F1wfvm_z6!19sChIJAb-SRPVgI4YRIVhjyXdd66o?authuser=0&hl=en&rclk=1,auto repair shop,Vermilion Parish,county,LA,2026-07-30T10:15:24,0x862360f54492bf01:0xaaeb5d77c9635821
Guidry's Auto Parts,(337) 893-7956,https://locations.bumpertobumper.com/la/maurice/4794302/,,"8233 Maurice Ave, Maurice, LA 70555, United States",8233 Maurice Ave,Maurice,LA,70555,4.8,19,Auto parts store,,,https://www.google.com/maps/place/Guidry%27s+Auto+Parts/data=!4m7!3m6!1s0x862361844ad292cb:0xc9f24d568ab0f909!8m2!3d30.1111267!4d-92.1242671!16s%2Fg%2F11h467blq7!19sChIJy5LSSoRhI4YRCfmwilZN8sk?authuser=0&hl=en&rclk=1,auto repair shop,Vermilion Parish,county,LA,2026-07-30T10:15:24,0x862361844ad292cb:0xc9f24d568ab0f909
Petite Engines LLC,(337) 281-5163,http://petiteengines.com/,,"115 W Joseph St, Maurice, LA 70555, United States",115 W Joseph St,Maurice,LA,70555,4.9,30,Small engine repair service,,,https://www.google.com/maps/place/Petite+Engines+LLC/data=!4m7!3m6!1s0x8623618e98cc02f3:0x86cf388543eff4fb!8m2!3d30.1058068!4d-92.1260705!16s%2Fg%2F11jgv8z4jz!19sChIJ8wLMmI5hI4YR-_TvQ4U4z4Y?authuser=0&hl=en&rclk=1,auto repair shop,Vermilion Parish,county,LA,2026-07-30T10:15:24,0x8623618e98cc02f3:0x86cf388543eff4fb
South-End Automotive & Diesel Maurice,(337) 873-1154,https://www.southendautomotive.com/,,"6550 LA-92, Maurice, LA 70555, United States",6550 LA-92,Maurice,LA,70555,5.0,114,Auto repair shop,,,https://www.google.com/maps/place/South-End+Automotive+%26+Diesel+Maurice/data=!4m7!3m6!1s0x8623614d704af8c3:0xc9bee299b28c7afb!8m2!3d30.1043487!4d-92.0845101!16s%2Fg%2F11tdf5z08m!19sChIJw_hKcE1hI4YR-3qMspnivsk?authuser=0&hl=en&rclk=1,auto repair shop,Vermilion Parish,county,LA,2026-07-30T10:15:24,0x8623614d704af8c3:0xc9bee299b28c7afb
Tech Rv,(337) 288-4501,http://techrvllc.com/,techrv@cox.net,"7043 LA-92, Maurice, LA 70555, United States",7043 LA-92,Maurice,LA,70555,4.9,65,RV repair shop,,,https://www.google.com/maps/place/Tech+Rv/data=!4m7!3m6!1s0x862362cc03f2550f:0x4925cbf2159ea0f1!8m2!3d30.101356!4d-92.09347!16s%2Fg%2F12619dwdf!19sChIJD1XyA8xiI4YR8aCeFfLLJUk?authuser=0&hl=en&rclk=1,auto repair shop,Vermilion Parish,county,LA,2026-07-30T10:15:24,0x862362cc03f2550f:0x4925cbf2159ea0f1
Roque's Garage,(318) 379-2566,,,"3310 LA-119, Melrose, LA 71452, United States",3310 LA-119,Melrose,LA,71452,4.5,8,Auto repair shop,,,https://www.google.com/maps/place/Roque%27s+Garage/data=!4m7!3m6!1s0x863078631ccf6641:0x46c4b879032f0430!8m2!3d31.6049614!4d-92.971615!16s%2Fg%2F1v940fgk!19sChIJQWbPHGN4MIYRMAQvA3m4xEY?authuser=0&hl=en&rclk=1,auto repair shop,Winn Parish,county,LA,2026-07-30T11:37:03,0x863078631ccf6641:0x46c4b879032f0430
MTM Auto Repair,(337) 353-1553,,,"3707, 3210 LA-389, Merryville, LA 70653, United States","3707, 3210 LA-389",Merryville,LA,70653,4.0,1,Auto repair shop,,,https://www.google.com/maps/place/MTM+Auto+Repair/data=!4m7!3m6!1s0x863bcf61b22e848b:0x7cadab19ba8d7af4!8m2!3d30.6773029!4d-93.5806695!16s%2Fg%2F11g0fg2y5z!19sChIJi4QusmHPO4YR9HqNuhmrrXw?authuser=0&hl=en&rclk=1,auto repair shop,Beauregard Parish,county,LA,2026-07-29T10:38:56,0x863bcf61b22e848b:0x7cadab19ba8d7af4
Angelo's Transmissions & Auto Repair,(504) 945-1693,,,"200 N Causeway Blvd, Metairie, LA 70001, United States",200 N Causeway Blvd,Metairie,LA,70001,4.9,50,Auto repair shop,,,https://www.google.com/maps/place/Angelo%27s+Transmissions+%26+Auto+Repair/data=!4m7!3m6!1s0x8620b007a0bcd3a3:0xd418b2f83f6c23db!8m2!3d29.9759028!4d-90.1567769!16s%2Fg%2F1vyk2w91!19sChIJo9O8oAewIIYR2yNsP_iyGNQ?authuser=0&hl=en&rclk=1,auto repair shop,St. John the Baptist Parish,county,LA,2026-07-30T08:30:09,0x8620b007a0bcd3a3:0xd418b2f83f6c23db
Ed's Mobile Mechanic #1,(504) 345-5970,http://edsmobilemechanic.net/,berb@gmail.com,"2424 Hickory Ave, Metairie, LA 70003, United States",2424 Hickory Ave,Metairie,LA,70003,4.9,372,Auto repair shop,,,https://www.google.com/maps/place/Ed%27s+Mobile+Mechanic+%231/data=!4m7!3m6!1s0x8620af14430b0501:0x9645db46f2465683!8m2!3d29.9748455!4d-90.2100865!16s%2Fg%2F11nyx4m7yf!19sChIJAQULQxSvIIYRg1ZG8kbbRZY?authuser=0&hl=en&rclk=1,auto repair shop,Cameron Parish,county,LA,2026-07-29T11:45:07,0x8620af14430b0501:0x9645db46f2465683
GT Automotive,(504) 885-6495,,,"3247 Chetta Dr, Metairie, LA 70003, United States",3247 Chetta Dr,Metairie,LA,70003,4.4,180,Auto repair shop,,,https://www.google.com/maps/place/GT+Automotive/data=!4m7!3m6!1s0x8620b0ce5e8971e3:0xa3e5e0c6e68069ab!8m2!3d30.006943!4d-90.2187!16s%2Fg%2F1tflmsyp!19sChIJ43GJXs6wIIYRq2mA5sbg5aM?authuser=0&hl=en&rclk=1,auto repair shop,Concordia Parish,county,LA,2026-07-29T12:17:33,0x8620b0ce5e8971e3:0xa3e5e0c6e68069ab
Geiling Auto,(504) 835-5220,http://www.geilingautoservice.com/,,"737 Papworth Ave, Metairie, LA 70005, United States",737 Papworth Ave,Metairie,LA,70005,4.8,510,Auto repair shop,,,https://www.google.com/maps/place/Geiling+Auto/data=!4m7!3m6!1s0x8620afbe877b4bc3:0xf93f38b78e42c7fa!8m2!3d30.0000277!4d-90.1264953!16s%2Fg%2F1tplqp8q!19sChIJw0t7h76vIIYR-sdCjrc4P_k?authuser=0&hl=en&rclk=1,auto repair shop,New Orleans,city,LA,2026-07-30T11:44:45,0x8620afbe877b4bc3:0xf93f38b78e42c7fa
Nola Auto Care,(504) 500-1789,http://nolaautocare.com/,,"3651 Airline Dr, Metairie, LA 70001, United States",3651 Airline Dr,Metairie,LA,70001,4.9,134,Auto repair shop,,,https://www.google.com/maps/place/Nola+Auto+Care/data=!4m7!3m6!1s0x8620b1f77ac1dd2f:0x76d204a5fef60e8e!8m2!3d29.9754452!4d-90.1643275!16s%2Fg%2F11rvdmyyx6!19sChIJL93BevexIIYRjg72_qUE0nY?authuser=0&hl=en&rclk=1,auto repair shop,New Orleans,city,LA,2026-07-30T11:44:45,0x8620b1f77ac1dd2f:0x76d204a5fef60e8e
Shawn's Auto and A/C Repair,(504) 513-2002,http://shawnsautoandacrepair.com/,info@shawnsautoandacrepair.com,"3225 26th St, Metairie, LA 70002, United States",3225 26th St,Metairie,LA,70002,4.8,136,Auto repair shop,,,https://www.google.com/maps/place/Shawn%27s+Auto+and+A%2FC+Repair/data=!4m7!3m6!1s0x8620b18e6591b7dd:0x498b8c76113b2426!8m2!3d30.0013534!4d-90.1566272!16s%2Fg%2F11f7djs1n6!19sChIJ3beRZY6xIIYRJiQ7EXaMi0k?authuser=0&hl=en&rclk=1,auto repair shop,St. John the Baptist Parish,county,LA,2026-07-30T08:30:09,0x8620b18e6591b7dd:0x498b8c76113b2426
TBC Complete Auto Repair,(504) 455-5354,,,"3104 David Dr, Metairie, LA 70003, United States",3104 David Dr,Metairie,LA,70003,4.1,47,Auto repair shop,,,https://www.google.com/maps/place/TBC+Complete+Auto+Repair/data=!4m7!3m6!1s0x8620b0cc173807c7:0x1abe7062c7149432!8m2!3d30.0038846!4d-90.2206425!16s%2Fg%2F1trrdkkh!19sChIJxwc4F8ywIIYRMpQUx2Jwvho?authuser=0&hl=en&rclk=1,auto repair shop,St. John the Baptist Parish,county,LA,2026-07-30T08:30:09,0x8620b0cc173807c7:0x1abe7062c7149432
A&R Machine Head Auto Repairs,(318) 268-1772,,,"208 N Middle Landing Rd, Minden, LA 71055, United States",208 N Middle Landing Rd,Minden,LA,71055,,,Auto bodywork mechanic,,,https://www.google.com/maps/place/A%26R+Machine+Head+Auto+Repairs/data=!4m7!3m6!1s0x863113cb90d73e59:0xc5975d8098c6d2b7!8m2!3d32.6050515!4d-93.3008458!16s%2Fg%2F11mwyp67cr!19sChIJWT7XkMsTMYYRt9LGmIBdl8U?authuser=0&hl=en&rclk=1,auto repair shop,Webster Parish,county,LA,2026-07-30T10:55:43,0x863113cb90d73e59:0xc5975d8098c6d2b7
A.J. Price Tire and Service Centers,(318) 371-9040,http://www.ajpricetire.com/,,"473 State Rte 531, Minden, LA 71055, United States",473 State Rte 531,Minden,LA,71055,4.6,176,Tire shop,,,https://www.google.com/maps/place/A.J.+Price+Tire+and+Service+Centers/data=!4m7!3m6!1s0x86310d8e6d1c4a87:0x89c0cf9dfd7ba715!8m2!3d32.6144547!4d-93.2491981!16s%2Fg%2F12604mhm1!19sChIJh0ocbY4NMYYRFad7_Z3PwIk?authuser=0&hl=en&rclk=1,auto repair shop,Webster Parish,county,LA,2026-07-30T10:55:43,0x86310d8e6d1c4a87:0x89c0cf9dfd7ba715
A.J. Price Tire and Service Centers,(318) 377-4194,http://www.ajpricetire.com/,,"724 Main St, Minden, LA 71055, United States",724 Main St,Minden,LA,71055,4.6,77,Tire shop,,,https://www.google.com/maps/place/A.J.+Price+Tire+and+Service+Centers/data=!4m7!3m6!1s0x86311244fe5cdd6f:0xf8c086ce6edced4f!8m2!3d32.6161482!4d-93.2856423!16s%2Fg%2F1tffdkpy!19sChIJb91c_kQSMYYRT-3cbs6GwPg?authuser=0&hl=en&rclk=1,auto repair shop,Webster Parish,county,LA,2026-07-30T10:55:43,0x86311244fe5cdd6f:0xf8c086ce6edced4f
A1AutoRepair,(318) 505-4980,https://a1autorepair6.godaddysites.com/,hello@rfuenzalida.com,"1386 Dorcheat Rd, Minden, LA 71055, United States",1386 Dorcheat Rd,Minden,LA,71055,4.5,27,Auto repair shop,,,https://www.google.com/maps/place/A1AutoRepair/data=!4m7!3m6!1s0x8631136ac81dd7e9:0x9a472427eafde799!8m2!3d32.6425528!4d-93.3108245!16s%2Fg%2F11rzb372d1!19sChIJ6dcdyGoTMYYRmef96ickR5o?authuser=0&hl=en&rclk=1,auto repair shop,Webster Parish,county,LA,2026-07-30T10:55:43,0x8631136ac81dd7e9:0x9a472427eafde799
All Night Flight Roadside Assistance,(318) 553-3539,,,"1514 Dorcheat Rd, Minden, LA 71055, United States",1514 Dorcheat Rd,Minden,LA,71055,4.8,4,Truck repair shop,,,https://www.google.com/maps/place/All+Night+Flight+Roadside+Assistance/data=!4m7!3m6!1s0x863113ed693ca70f:0x75273c6de086716c!8m2!3d32.6450274!4d-93.3136693!16s%2Fg%2F11q2r6p118!19sChIJD6c8ae0TMYYRbHGG4G08J3U?authuser=0&hl=en&rclk=1,auto repair shop,Webster Parish,county,LA,2026-07-30T10:55:43,0x863113ed693ca70f:0x75273c6de086716c
Bear's Automotive Services Center,(318) 377-4829,,,"205 Wallace Ln, Minden, LA 71055, United States",205 Wallace Ln,Minden,LA,71055,4.7,14,Auto repair shop,,,https://www.google.com/maps/place/Bear%27s+Automotive+Services+Center/data=!4m7!3m6!1s0x86310bc75d69b481:0xfb21927f94b38b40!8m2!3d32.6099645!4d-93.1545956!16s%2Fg%2F1tdcmb7n!19sChIJgbRpXccLMYYRQIuzlH-SIfs?authuser=0&hl=en&rclk=1,auto repair shop,Webster Parish,county,LA,2026-07-30T10:55:43,0x86310bc75d69b481:0xfb21927f94b38b40
Brent's Automotive,(318) 377-8618,,,"1439 Shreveport Rd, Minden, LA 71055, United States",1439 Shreveport Rd,Minden,LA,71055,4.9,27,Auto repair shop,,,https://www.google.com/maps/place/Brent%27s+Automotive/data=!4m7!3m6!1s0x863113c82067884d:0x8f427c768e4de018!8m2!3d32.6070328!4d-93.3091218!16s%2Fg%2F1tfjfxmm!19sChIJTYhnIMgTMYYRGOBNjnZ8Qo8?authuser=0&hl=en&rclk=1,auto repair shop,Webster Parish,county,LA,2026-07-30T10:55:43,0x863113c82067884d:0x8f427c768e4de018
Brown Service Center,(318) 390-1520,https://brownservicecenter.com/?utm_source=google-gmb-maps&utm_medium=gmb-website-button&utm_campaign=locl.io&utm_content=2a6e6c4e-7535-4252-b943-07d697867e97,brownservice318@gmail.com,"904 Homer Rd, Minden, LA 71055, United States",904 Homer Rd,Minden,LA,71055,4.3,231,Auto repair shop,,,https://www.google.com/maps/place/Brown+Service+Center/data=!4m7!3m6!1s0x863112797eedf0d5:0xa155bbf9c755515e!8m2!3d32.6219939!4d-93.2640147!16s%2Fg%2F11b7hf3qyc!19sChIJ1fDtfnkSMYYRXlFVx_m7VaE?authuser=0&hl=en&rclk=1,auto repair shop,Webster Parish,county,LA,2026-07-30T10:55:43,0x863112797eedf0d5:0xa155bbf9c755515e
Bumper To Bumper - Minden,(318) 377-7670,http://www.btbautoparts.com/,,"213 E Union St, Minden, LA 71055, United States",213 E Union St,Minden,LA,71055,4.5,23,Auto parts store,,,https://www.google.com/maps/place/Bumper+To+Bumper+-+Minden/data=!4m7!3m6!1s0x8631124154dafb45:0x700deecda95ae941!8m2!3d32.6129151!4d-93.2835551!16s%2Fg%2F1tjpqwf6!19sChIJRfvaVEESMYYRQelaqc3uDXA?authuser=0&hl=en&rclk=1,auto repair shop,Webster Parish,county,LA,2026-07-30T10:55:43,0x8631124154dafb45:0x700deecda95ae941
Chad's Auto & Exhaust,(318) 377-2385,,,"2333 Jack Martin Rd, Minden, LA 71055, United States",2333 Jack Martin Rd,Minden,LA,71055,4.5,62,Auto repair shop,,,https://www.google.com/maps/place/Chad%27s+Auto+%26+Exhaust/data=!4m7!3m6!1s0x86311259566c545f:0x24e424f16bc5b2ea!8m2!3d32.5997036!4d-93.2281012!16s%2Fg%2F11g9m5gv20!19sChIJX1RsVlkSMYYR6rLFa_Ek5CQ?authuser=0&hl=en&rclk=1,auto repair shop,Webster Parish,county,LA,2026-07-30T10:55:43,0x86311259566c545f:0x24e424f16bc5b2ea
Dealer Solutions,(318) 299-3011,https://dealersolutions318.com/,,"1321 Sibley Rd, Minden, LA 71055, United States",1321 Sibley Rd,Minden,LA,71055,5.0,1,Auto repair shop,,,https://www.google.com/maps/place/Dealer+Solutions/data=!4m7!3m6!1s0x86311362fd2b7ee7:0x4d884d771e5fe582!8m2!3d32.596127!4d-93.2901098!16s%2Fg%2F11yx2txj6g!19sChIJ534r_WITMYYRguVfHndNiE0?authuser=0&hl=en&rclk=1,auto repair shop,Webster Parish,county,LA,2026-07-30T10:55:43,0x86311362fd2b7ee7:0x4d884d771e5fe582
Edwards Auto Repair,(318) 532-3218,,,"402 West St, Minden, LA 71055, United States",402 West St,Minden,LA,71055,,,Auto repair shop,,,https://www.google.com/maps/place/Edwards+Auto+Repair/data=!4m7!3m6!1s0x8631136a0ba56b93:0x515060a7ce33b9e8!8m2!3d32.6097345!4d-93.2925127!16s%2Fg%2F11l96_3h64!19sChIJk2ulC2oTMYYR6LkzzqdgUFE?authuser=0&hl=en&rclk=1,auto repair shop,Webster Parish,county,LA,2026-07-30T10:55:43,0x8631136a0ba56b93:0x515060a7ce33b9e8
Er Automotive,(318) 268-0723,,,"113 Dixie St, Minden, LA 71055, United States",113 Dixie St,Minden,LA,71055,4.3,6,Auto repair shop,,,https://www.google.com/maps/place/Er+Automotive/data=!4m7!3m6!1s0x86311244674d596d:0x3f1725f265e6c899!8m2!3d32.6154704!4d-93.2847095!16s%2Fg%2F1tnplcd0!19sChIJbVlNZ0QSMYYRmcjmZfIlFz8?authuser=0&hl=en&rclk=1,auto repair shop,Webster Parish,county,LA,2026-07-30T10:55:43,0x86311244674d596d:0x3f1725f265e6c899
Frye's Mechanical Shop,(318) 258-3347,,,"2748 LA-518, Minden, LA 71055, United States",2748 LA-518,Minden,LA,71055,4.7,3,Auto repair shop,,,https://www.google.com/maps/place/Frye%27s+Mechanical+Shop/data=!4m7!3m6!1s0x86310ae3b861163b:0xe589a4e9f1bb8d9b!8m2!3d32.6493655!4d-93.1345141!16s%2Fg%2F1tvdk4rw!19sChIJOxZhuOMKMYYRm4278emkieU?authuser=0&hl=en&rclk=1,auto repair shop,Webster Parish,county,LA,2026-07-30T10:55:43,0x86310ae3b861163b:0xe589a4e9f1bb8d9b
Get-N-Geaux,(318) 371-1717,,,"224 Goodwill Rd, Minden, LA 71055, United States",224 Goodwill Rd,Minden,LA,71055,3.3,3,Auto repair shop,,,https://www.google.com/maps/place/Get-N-Geaux/data=!4m7!3m6!1s0x86313e0920587703:0xb1cd62401efddcbf!8m2!3d32.5754398!4d-93.4317934!16s%2Fg%2F1tf5l02d!19sChIJA3dYIAk-MYYRv9z9HkBizbE?authuser=0&hl=en&rclk=1,auto repair shop,Webster Parish,county,LA,2026-07-30T10:55:43,0x86313e0920587703:0xb1cd62401efddcbf
Gordon's Towing and Recovery,(318) 382-7977,,,"15182 US-80, Minden, LA 71055, United States",15182 US-80,Minden,LA,71055,4.6,78,Towing service,,,https://www.google.com/maps/place/Gordon%27s+Towing+and+Recovery/data=!4m7!3m6!1s0x86310df41e1017af:0x53f382769c90a201!8m2!3d32.6027837!4d-93.2543148!16s%2Fg%2F1vcl43sc!19sChIJrxcQHvQNMYYRAaKQnHaC81M?authuser=0&hl=en&rclk=1,auto repair shop,Webster Parish,county,LA,2026-07-30T10:55:43,0x86310df41e1017af:0x53f382769c90a201
GreenRoads2GoldLoadsLLC,(318) 963-3305,https://greenroads2goldloads.org/,,"313 E Roosevelt Dr, Minden, LA 71055, United States",313 E Roosevelt Dr,Minden,LA,71055,,,Auto repair shop,,,https://www.google.com/maps/place/GreenRoads2GoldLoadsLLC/data=!4m7!3m6!1s0x863113ad82c5ab17:0xb09db40f29c8f9a3!8m2!3d32.6049742!4d-93.3029508!16s%2Fg%2F11mdp9k4jy!19sChIJF6vFgq0TMYYRo_nIKQ-0nbA?authuser=0&hl=en&rclk=1,auto repair shop,Webster Parish,county,LA,2026-07-30T10:55:43,0x863113ad82c5ab17:0xb09db40f29c8f9a3
Harper Motors Parts and Service Department,(318) 377-0395,http://www.harperminden.com/,,"200 State Rte 531, Minden, LA 71055, United States",200 State Rte 531,Minden,LA,71055,4.2,43,Auto repair shop,,,https://www.google.com/maps/place/Harper+Motors+Parts+and+Service+Department/data=!4m7!3m6!1s0x86310d84f22b350b:0x12fc45e72384d94d!8m2!3d32.6236758!4d-93.2503577!16s%2Fg%2F11f0209ymr!19sChIJCzUr8oQNMYYRTdmEI-dF_BI?authuser=0&hl=en&rclk=1,auto repair shop,Webster Parish,county,LA,2026-07-30T10:55:43,0x86310d84f22b350b:0x12fc45e72384d94d
Hebert's Town & Country Ford Service Department,(318) 377-8694,https://www.hebertstownandcountryford.com/service/?utm_campaign=GBP_website_button&utm_medium=organic&utm_source=google,,"405 Industrial Dr, Minden, LA 71055, United States",405 Industrial Dr,Minden,LA,71055,4.9,64,Auto repair shop,,,https://www.google.com/maps/place/Hebert%27s+Town+%26+Country+Ford+Service+Department/data=!4m7!3m6!1s0x86311225096aad29:0xa6ba59a88709881d!8m2!3d32.5929844!4d-93.2869279!16s%2Fg%2F11gbkvhp5x!19sChIJKa1qCSUSMYYRHYgJh6hZuqY?authuser=0&hl=en&rclk=1,auto repair shop,Webster Parish,county,LA,2026-07-30T10:55:43,0x86311225096aad29:0xa6ba59a88709881d
Holcomb's Body Shop,(318) 382-0900,http://holcombsbodyshop.com/,,"1169 Sheppard St, Minden, LA 71055, United States",1169 Sheppard St,Minden,LA,71055,4.9,28,Auto body shop,,,https://www.google.com/maps/place/Holcomb%27s+Body+Shop/data=!4m7!3m6!1s0x8631126fbeea5cc7:0xb7f2feba295fb4d!8m2!3d32.6149407!4d-93.2806508!16s%2Fg%2F1tn4yjnp!19sChIJx1zqvm8SMYYRTfuVousvfws?authuser=0&hl=en&rclk=1,auto repair shop,Webster Parish,county,LA,2026-07-30T10:55:43,0x8631126fbeea5cc7:0xb7f2feba295fb4d
Hollenshead Auto Glass LLC,(318) 639-5019,https://www.facebook.com/Hollensheadglass,,"407 Morris Dr, Minden, LA 71055, United States",407 Morris Dr,Minden,LA,71055,4.9,33,Auto glass shop,,,https://www.google.com/maps/place/Hollenshead+Auto+Glass+LLC/data=!4m7!3m6!1s0x8631124a20487ddf:0x2b9d9d04f772e16d!8m2!3d32.6196569!4d-93.261489!16s%2Fg%2F11cr_zptny!19sChIJ331IIEoSMYYRbeFy9wSdnSs?authuser=0&hl=en&rclk=1,auto repair shop,Webster Parish,county,LA,2026-07-30T10:55:43,0x8631124a20487ddf:0x2b9d9d04f772e16d
Hollenshead Auto Restoration,(318) 639-5019,,,"407 Morris Dr, Minden, LA 71055, United States",407 Morris Dr,Minden,LA,71055,4.2,21,Auto restoration service,,,https://www.google.com/maps/place/Hollenshead+Auto+Restoration/data=!4m7!3m6!1s0x86311237fedf3a4d:0xa4fd99198ad16785!8m2!3d32.6199035!4d-93.2614669!16s%2Fg%2F11gms_xkmd!19sChIJTTrf_jcSMYYRhWfRihmZ_aQ?authuser=0&hl=en&rclk=1,auto repair shop,Webster Parish,county,LA,2026-07-30T10:55:43,0x86311237fedf3a4d:0xa4fd99198ad16785
Howard's Automotive & Off-road LLC,(318) 880-1459,https://www.facebook.com/howardsautoandoffroad/?_rdr,,"13357 US-371, Minden, LA 71055, United States",13357 US-371,Minden,LA,71055,,,Auto repair shop,,,https://www.google.com/maps/place/Howard%27s+Automotive+%26+Off-road+LLC/data=!4m7!3m6!1s0x86311500147f0e6d:0x47641ba233a162ae!8m2!3d32.6037403!4d-93.3459365!16s%2Fg%2F11x0p09vl8!19sChIJbQ5_FAAVMYYRrmKhM6IbZEc?authuser=0&hl=en&rclk=1,auto repair shop,Webster Parish,county,LA,2026-07-30T10:55:43,0x86311500147f0e6d:0x47641ba233a162ae
Hunter's Paint & Body Shop,(318) 377-3473,,,"318 Dennis Dr, Minden, LA 71055, United States",318 Dennis Dr,Minden,LA,71055,4.4,45,Auto body shop,,,https://www.google.com/maps/place/Hunter%27s+Paint+%26+Body+Shop/data=!4m7!3m6!1s0x86311243d040dacb:0xbe0e0a6a3ddc3d2d!8m2!3d32.6140563!4d-93.2814277!16s%2Fg%2F1tnpft8_!19sChIJy9pA0EMSMYYRLT3cPWoKDr4?authuser=0&hl=en&rclk=1,auto repair shop,Webster Parish,county,LA,2026-07-30T10:55:43,0x86311243d040dacb:0xbe0e0a6a3ddc3d2d
Jesse's Tire Shop,(903) 806-1230,,,"1014 Shreveport Rd, Minden, LA 71055, United States",1014 Shreveport Rd,Minden,LA,71055,5.0,2,Tire shop,,,https://www.google.com/maps/place/Jesse%27s+Tire+Shop/data=!4m7!3m6!1s0x863113ca8507b729:0x86d23a8b1d15dc1e!8m2!3d32.6065761!4d-93.3007435!16s%2Fg%2F11fkf85dpc!19sChIJKbcHhcoTMYYRHtwVHYs60oY?authuser=0&hl=en&rclk=1,auto repair shop,Webster Parish,county,LA,2026-07-30T10:55:43,0x863113ca8507b729:0x86d23a8b1d15dc1e
Lewis Tire & Truck Repair,(318) 377-0359,http://lewistire.com/,,"1837 State Rte 531, Minden, LA 71055, United States",1837 State Rte 531,Minden,LA,71055,4.6,185,Truck repair shop,,,https://www.google.com/maps/place/Lewis+Tire+%26+Truck+Repair/data=!4m7!3m6!1s0x86310df0fccc4731:0xf059684453f732cd!8m2!3d32.5792038!4d-93.247319!16s%2Fg%2F1tdp9_48!19sChIJMUfM_PANMYYRzTL3U0RoWfA?authuser=0&hl=en&rclk=1,auto repair shop,Webster Parish,county,LA,2026-07-30T10:55:43,0x86310df0fccc4731:0xf059684453f732cd
Lotts service center,(318) 458-8914,,,"495 Calvin Liner Rd, Minden, LA 71055, United States",495 Calvin Liner Rd,Minden,LA,71055,5.0,6,Mechanic,,,https://www.google.com/maps/place/Lotts+service+center/data=!4m7!3m6!1s0x863115544def903d:0x9f302febaff6727f!8m2!3d32.5975436!4d-93.3587627!16s%2Fg%2F11g0tk9w9t!19sChIJPZDvTVQVMYYRf3L2r-svMJ8?authuser=0&hl=en&rclk=1,auto repair shop,Webster Parish,county,LA,2026-07-30T10:55:43,0x863115544def903d:0x9f302febaff6727f
Love's Truck Care,(318) 371-3790,https://www.loves.com/locations/289,store289@loves.com,"13510 Industrial Dr, Minden, LA 71055, United States",13510 Industrial Dr,Minden,LA,71055,3.4,58,Truck repair shop,,,https://www.google.com/maps/place/Love%27s+Truck+Care/data=!4m7!3m6!1s0x86310f6a8b801e15:0x38084a3d6a6fd792!8m2!3d32.5820399!4d-93.2503912!16s%2Fg%2F11scl3mqt_!19sChIJFR6Ai2oPMYYRktdvaj1KCDg?authuser=0&hl=en&rclk=1,auto repair shop,Webster Parish,county,LA,2026-07-30T10:55:43,0x86310f6a8b801e15:0x38084a3d6a6fd792
Mc Clung's Services Center,(318) 371-1502,,,"152 E Union St, Minden, LA 71055, United States",152 E Union St,Minden,LA,71055,4.9,27,Car repair and maintenance service,,,https://www.google.com/maps/place/Mc+Clung%27s+Services+Center/data=!4m7!3m6!1s0x863112443f2e52fd:0x57e7034d734f3abf!8m2!3d32.6137127!4d-93.2838586!16s%2Fg%2F1v_s67jr!19sChIJ_VIuP0QSMYYRvzpPc00D51c?authuser=0&hl=en&rclk=1,auto repair shop,Webster Parish,county,LA,2026-07-30T10:55:43,0x863112443f2e52fd:0x57e7034d734f3abf
Miami Tires & Wheels,(318) 639-5060,,,"801 Homer Rd, Minden, LA 71055, United States",801 Homer Rd,Minden,LA,71055,4.9,77,Tire shop,,,https://www.google.com/maps/place/Miami+Tires+%26+Wheels/data=!4m7!3m6!1s0x863113a42d635399:0x6ef9bcebefb8429!8m2!3d32.6220562!4d-93.2661599!16s%2Fg%2F11yzq45jxt!19sChIJmVNjLaQTMYYRKYT7vs6b7wY?authuser=0&hl=en&rclk=1,auto repair shop,Webster Parish,county,LA,2026-07-30T10:55:43,0x863113a42d635399:0x6ef9bcebefb8429
Minden Auto & Alignment,(318) 469-5104,,,"611 Shreveport Rd, Minden, LA 71055, United States",611 Shreveport Rd,Minden,LA,71055,4.9,120,Mechanic,,,https://www.google.com/maps/place/Minden+Auto+%26+Alignment/data=!4m7!3m6!1s0x863113af5ec88d45:0xc667661d48dbe97c!8m2!3d32.6087245!4d-93.2937941!16s%2Fg%2F11vbpth8dc!19sChIJRY3IXq8TMYYRfOnbSB1mZ8Y?authuser=0&hl=en&rclk=1,auto repair shop,Webster Parish,county,LA,2026-07-30T10:55:43,0x863113af5ec88d45:0xc667661d48dbe97c
Minden Tire Center,(318) 299-3828,,,"628 Shreveport Rd, Minden, LA 71055, United States",628 Shreveport Rd,Minden,LA,71055,4.8,221,Tire shop,,,https://www.google.com/maps/place/Minden+Tire+Center/data=!4m7!3m6!1s0x8631124a08af1f8f:0x4f444ee96eebe42a!8m2!3d32.6076976!4d-93.2939135!16s%2Fg%2F11c3z_2kl3!19sChIJjx-vCEoSMYYRKuTrbulORE8?authuser=0&hl=en&rclk=1,auto repair shop,Webster Parish,county,LA,2026-07-30T10:55:43,0x8631124a08af1f8f:0x4f444ee96eebe42a
Peterson David L,(318) 377-2255,,,"320 Dennis Dr, Minden, LA 71055, United States",320 Dennis Dr,Minden,LA,71055,4.4,16,Car repair and maintenance service,,,https://www.google.com/maps/place/Peterson+David+L/data=!4m7!3m6!1s0x86311243cdbe3f61:0xbd4dad0d43f2a2c!8m2!3d32.6140971!4d-93.2812069!16s%2Fg%2F1vvr6l67!19sChIJYT--zUMSMYYRLCo_1NDa1As?authuser=0&hl=en&rclk=1,auto repair shop,Webster Parish,county,LA,2026-07-30T10:55:43,0x86311243cdbe3f61:0xbd4dad0d43f2a2c
Potter's City Garage,(318) 518-6782,,,"602 E Union St, Minden, LA 71055, United States",602 E Union St,Minden,LA,71055,3.4,14,Auto repair shop,,,https://www.google.com/maps/place/Potter%27s+City+Garage/data=!4m7!3m6!1s0x8631126a30e5467d:0x40cad1b4e7bc74cf!8m2!3d32.6126441!4d-93.2762789!16s%2Fg%2F1tlqqc2s!19sChIJfUblMGoSMYYRz3S857TRykA?authuser=0&hl=en&rclk=1,auto repair shop,Webster Parish,county,LA,2026-07-30T10:55:43,0x8631126a30e5467d:0x40cad1b4e7bc74cf
Quality Lube,(318) 371-9643,,,"924 Homer Rd, Minden, LA 71055, United States",924 Homer Rd,Minden,LA,71055,4.6,72,Oil change service,,,https://www.google.com/maps/place/Quality+Lube/data=!4m7!3m6!1s0x863112790da558f1:0x107c21380eae906d!8m2!3d32.6227766!4d-93.2609171!16s%2Fg%2F1t_tknth!19sChIJ8VilDXkSMYYRbZCuDjghfBA?authuser=0&hl=en&rclk=1,auto repair shop,Webster Parish,county,LA,2026-07-30T10:55:43,0x863112790da558f1:0x107c21380eae906d
R&RXpress,(318) 382-3089,,,"105 Chrysler St, Minden, LA 71055, United States",105 Chrysler St,Minden,LA,71055,,,Auto machine shop,,,https://www.google.com/maps/place/R%26RXpress/data=!4m7!3m6!1s0x86319991d14f4ab5:0xf7e460ac99b43b46!8m2!3d32.6126854!4d-93.2838953!16s%2Fg%2F11yh35_p_z!19sChIJtUpP0ZGZMYYRRju0maxg5Pc?authuser=0&hl=en&rclk=1,auto repair shop,Webster Parish,county,LA,2026-07-30T10:55:43,0x86319991d14f4ab5:0xf7e460ac99b43b46
Roco Tire & Services Center,(318) 377-5544,,,"200 E Union St, Minden, LA 71055, United States",200 E Union St,Minden,LA,71055,4.7,67,Tire shop,,,https://www.google.com/maps/place/Roco+Tire+%26+Services+Center/data=!4m7!3m6!1s0x8631124158faf049:0x6dffe8d689b10116!8m2!3d32.6134982!4d-93.2831999!16s%2Fg%2F1tdvdyxw!19sChIJSfD6WEESMYYRFgGxidbo_20?authuser=0&hl=en&rclk=1,auto repair shop,Webster Parish,county,LA,2026-07-30T10:55:43,0x8631124158faf049:0x6dffe8d689b10116
SelectDrive,(318) 639-9090,http://selectdriveauto.com/,,"1078 State Rte 531, Minden, LA 71055, United States",1078 State Rte 531,Minden,LA,71055,5.0,85,Used car dealer,,,https://www.google.com/maps/place/SelectDrive/data=!4m7!3m6!1s0x86310d44f636549b:0xfa5076c58e6bc3a4!8m2!3d32.5999088!4d-93.2503533!16s%2Fg%2F11m_57j80_!19sChIJm1Q29kQNMYYRpMNrjsV2UPo?authuser=0&hl=en&rclk=1,auto repair shop,Webster Parish,county,LA,2026-07-30T10:55:43,0x86310d44f636549b:0xfa5076c58e6bc3a4
T&b mechanical solutions,(318) 382-3611,,,"200 Miller St, Minden, LA 71055, United States",200 Miller St,Minden,LA,71055,4.0,8,Auto repair shop,,,https://www.google.com/maps/place/T%26b+mechanical+solutions/data=!4m7!3m6!1s0x863113443e3d1ddf:0x82af9b17859effaf!8m2!3d32.6137897!4d-93.291048!16s%2Fg%2F11xkdmh_1r!19sChIJ3x09PkQTMYYRr_-ehRebr4I?authuser=0&hl=en&rclk=1,auto repair shop,Webster Parish,county,LA,2026-07-30T10:55:43,0x863113443e3d1ddf:0x82af9b17859effaf
The Shine Shop,(318) 433-1910,http://theshineshop.co/,micah@micahrich.com,"306 Broadway St, Minden, LA 71055, United States",306 Broadway St,Minden,LA,71055,4.9,89,Window tinting service,,,https://www.google.com/maps/place/The+Shine+Shop/data=!4m7!3m6!1s0x86317f936aff6517:0xae4fd4a3f842955c!8m2!3d32.6125605!4d-93.288801!16s%2Fg%2F11jr0m128_!19sChIJF2X_apN_MYYRXJVC-KPUT64?authuser=0&hl=en&rclk=1,auto repair shop,Webster Parish,county,LA,2026-07-30T10:55:43,0x86317f936aff6517:0xae4fd4a3f842955c
Toms Service Center,(318) 377-9960,,,"1542 Shreveport Rd, Minden, LA 71055, United States",1542 Shreveport Rd,Minden,LA,71055,4.8,110,Towing service,,,https://www.google.com/maps/place/Toms+Service+Center/data=!4m7!3m6!1s0x863113bf57ff13ef:0x7238fc7e62c5e4d3!8m2!3d32.6067382!4d-93.3130505!16s%2Fg%2F1tf7h0vf!19sChIJ7xP_V78TMYYR0-TFYn78OHI?authuser=0&hl=en&rclk=1,auto repair shop,Webster Parish,county,LA,2026-07-30T10:55:43,0x863113bf57ff13ef:0x7238fc7e62c5e4d3
Tony’s auto repair,(318) 465-0964,,,"1000 Sibley Rd, Minden, LA 71055, United States",1000 Sibley Rd,Minden,LA,71055,,,Mechanic,,,https://www.google.com/maps/place/Tony%E2%80%99s+auto+repair/data=!4m7!3m6!1s0x86311397379acc3f:0xe2a03fbcb298d69c!8m2!3d32.6010165!4d-93.2884948!16s%2Fg%2F11njpbrgvd!19sChIJP8yaN5cTMYYRnNaYsrw_oOI?authuser=0&hl=en&rclk=1,auto repair shop,Webster Parish,county,LA,2026-07-30T10:55:43,0x86311397379acc3f:0xe2a03fbcb298d69c
Watson Auto Services,(318) 371-9757,,,"625 West St, Minden, LA 71055, United States",625 West St,Minden,LA,71055,3.3,4,Auto repair shop,,,https://www.google.com/maps/place/Watson+Auto+Services/data=!4m7!3m6!1s0x8631124984769723:0x63826cabb1f4a5fd!8m2!3d32.6098857!4d-93.2931566!16s%2Fg%2F1v3_319d!19sChIJI5d2hEkSMYYR_aX0satsgmM?authuser=0&hl=en&rclk=1,auto repair shop,Webster Parish,county,LA,2026-07-30T10:55:43,0x8631124984769723:0x63826cabb1f4a5fd
Wilson Starter Generator Services,(318) 377-4121,http://wilson-starter-mi.jany.io/,,"1027 Lee St, Minden, LA 71055, United States",1027 Lee St,Minden,LA,71055,4.4,48,Auto parts store,,,https://www.google.com/maps/place/Wilson+Starter+Generator+Services/data=!4m7!3m6!1s0x8631123a1b043edb:0x4c148e310ad9fbb9!8m2!3d32.6009813!4d-93.287973!16s%2Fg%2F1tdk0y_d!19sChIJ2z4EGzoSMYYRufvZCjGOFEw?authuser=0&hl=en&rclk=1,auto repair shop,Webster Parish,county,LA,2026-07-30T10:55:43,0x8631123a1b043edb:0x4c148e310ad9fbb9
4MK AUTOMOTIVE & TRUCK SERVICE NETWORK NELA CAMPUS DISPATCHING & SERVICE CENTER,(318) 235-1205,,,"110 Cedar Crest St, Monroe, LA 71202, United States",110 Cedar Crest St,Monroe,LA,71202,5.0,2,Auto repair shop,,,https://www.google.com/maps/place/4MK+AUTOMOTIVE+%26+TRUCK+SERVICE+NETWORK+NELA+CAMPUS+DISPATCHING+%26+SERVICE+CENTER/data=!4m7!3m6!1s0x862e4f423f894213:0x8ecffc0fc30c12be!8m2!3d32.4587714!4d-92.0618836!16s%2Fg%2F11fv7md4ns!19sChIJE0KJP0JPLoYRvhIMww_8z44?authuser=0&hl=en&rclk=1,auto repair shop,Union Parish,county,LA,2026-07-30T10:01:50,0x862e4f423f894213:0x8ecffc0fc30c12be
Brown Automotive and Alignment,(318) 323-1166,http://www.brownradiator.com/,chris@brownradiator.com,"3007 Desiard St, Monroe, LA 71201, United States",3007 Desiard St,Monroe,LA,71201,4.7,339,Auto repair shop,,,https://www.google.com/maps/place/Brown+Automotive+and+Alignment/data=!4m7!3m6!1s0x862e461fe5190b55:0xb0b953ff52600091!8m2!3d32.5206363!4d-92.0855583!16s%2Fg%2F1td2bq0p!19sChIJVQsZ5R9GLoYRkQBgUv9TubA?authuser=0&hl=en&rclk=1,auto repair shop,Union Parish,county,LA,2026-07-30T10:01:50,0x862e461fe5190b55:0xb0b953ff52600091
Bulloch's Garage,(318) 322-0450,,,"1309 Pine St, Monroe, LA 71201, United States",1309 Pine St,Monroe,LA,71201,4.6,14,Auto repair shop,,,https://www.google.com/maps/place/Bulloch%27s+Garage/data=!4m7!3m6!1s0x862e487c174213c7:0x8fc8a3c18cb25e3c!8m2!3d32.5136863!4d-92.1097303!16s%2Fg%2F1w0h_zvh!19sChIJxxNCF3xILoYRPF6yjMGjyI8?authuser=0&hl=en&rclk=1,auto repair shop,Union Parish,county,LA,2026-07-30T10:01:50,0x862e487c174213c7:0x8fc8a3c18cb25e3c
Burl's Auto Service,(318) 325-8939,,,"2004 Desiard St, Monroe, LA 71201, United States",2004 Desiard St,Monroe,LA,71201,4.2,86,Auto repair shop,,,https://www.google.com/maps/place/Burl%27s+Auto+Service/data=!4m7!3m6!1s0x862e4884679b094f:0xe1eb41b90803ef56!8m2!3d32.5131212!4d-92.0992517!16s%2Fg%2F1tplqpm1!19sChIJTwmbZ4RILoYRVu8DCLlB6-E?authuser=0&hl=en&rclk=1,auto repair shop,Union Parish,county,LA,2026-07-30T10:01:50,0x862e4884679b094f:0xe1eb41b90803ef56
Car Town Tires and Service,(318) 323-1314,http://www.cartowntiresandservice.com/,,"1514 Louisville Ave, Monroe, LA 71201, United States",1514 Louisville Ave,Monroe,LA,71201,4.1,150,Tire shop,,,https://www.google.com/maps/place/Car+Town+Tires+and+Service/data=!4m7!3m6!1s0x862e487ef3de741d:0xf8e3447167065c24!8m2!3d32.515917!4d-92.1086895!16s%2Fg%2F11g6px79fh!19sChIJHXTe835ILoYRJFwGZ3FE4_g?authuser=0&hl=en&rclk=1,auto repair shop,Caldwell Parish,county,LA,2026-07-29T11:39:29,0x862e487ef3de741d:0xf8e3447167065c24
Collegetown Imports,(318) 345-0893,,,"112 Hill St, Monroe, LA 71203, United States",112 Hill St,Monroe,LA,71203,4.6,47,Auto repair shop,,,https://www.google.com/maps/place/Collegetown+Imports/data=!4m7!3m6!1s0x862e461cd9b34b17:0x75c92a222209124e!8m2!3d32.5232159!4d-92.077043!16s%2Fg%2F113fj5r8c!19sChIJF0uz2RxGLoYRThIJIiIqyXU?authuser=0&hl=en&rclk=1,auto repair shop,Union Parish,county,LA,2026-07-30T10:01:50,0x862e461cd9b34b17:0x75c92a222209124e
Curry's Truck Frame & Body Shop,(318) 322-2688,http://www.currystruckshop.com/,,"2851 US-165, Monroe, LA 71202, United States",2851 US-165,Monroe,LA,71202,4.6,87,Trailer repair shop,,,https://www.google.com/maps/place/Curry%27s+Truck+Frame+%26+Body+Shop/data=!4m7!3m6!1s0x862e48ded6f4a65f:0x10ef3b0ee52fd40!8m2!3d32.4781444!4d-92.0818927!16s%2Fg%2F1tgx2d30!19sChIJX6b01t5ILoYRQP1S7rDzDgE?authuser=0&hl=en&rclk=1,auto repair shop,Union Parish,county,LA,2026-07-30T10:01:50,0x862e48ded6f4a65f:0x10ef3b0ee52fd40
Diesel Specialist of NE La,(318) 345-8700,http://www.dieselspecialistmonroe.com/,,"150 Wagon Wheel Rd, Monroe, LA 71203, United States",150 Wagon Wheel Rd,Monroe,LA,71203,4.7,34,Truck repair shop,,,https://www.google.com/maps/place/Diesel+Specialist+of+NE+La/data=!4m7!3m6!1s0x862e4fa329bfbf1b:0x88024e5e6c824dff!8m2!3d32.4957023!4d-92.0177964!16s%2Fg%2F1tfd7bl1!19sChIJG7-_KaNPLoYR_02CbF5OAog?authuser=0&hl=en&rclk=1,auto repair shop,Caldwell Parish,county,LA,2026-07-29T11:39:29,0x862e4fa329bfbf1b:0x88024e5e6c824dff
Eazy Does It Auto Care Center,(318) 331-5524,,,"675 Kansas Ln, Monroe, LA 71203, United States",675 Kansas Ln,Monroe,LA,71203,4.2,95,Auto repair shop,,,https://www.google.com/maps/place/Eazy+Does+It+Auto+Care+Center/data=!4m7!3m6!1s0x862e45f6ba28d33f:0xc552971cf80f014b!8m2!3d32.5134061!4d-92.054518!16s%2Fg%2F11gfn8nrtm!19sChIJP9MouvZFLoYRSwEP-ByXUsU?authuser=0&hl=en&rclk=1,auto repair shop,Union Parish,county,LA,2026-07-30T10:01:50,0x862e45f6ba28d33f:0xc552971cf80f014b
Japanese Automotive/Monroe,(318) 324-0502,http://www.japaneseautomotive.com/,,"3101 Breard St, Monroe, LA 71201, United States",3101 Breard St,Monroe,LA,71201,4.7,74,Brake shop,,,https://www.google.com/maps/place/Japanese+Automotive%2FMonroe/data=!4m7!3m6!1s0x862e4621fe6ed5a7:0xc27a99b78fd6b0fd!8m2!3d32.5255552!4d-92.0863652!16s%2Fg%2F1vd95gl9!19sChIJp9Vu_iFGLoYR_bDWj7eZesI?authuser=0&hl=en&rclk=1,auto repair shop,Union Parish,county,LA,2026-07-30T10:01:50,0x862e4621fe6ed5a7:0xc27a99b78fd6b0fd
Joey's Auto Slab LLC,(318) 791-6898,,,"2730 Winnsboro Road, Monroe, LA 71202, United States",2730 Winnsboro Road,Monroe,LA,71202,4.7,15,Auto repair shop,,,https://www.google.com/maps/place/Joey%27s+Auto+Slab+LLC/data=!4m7!3m6!1s0x862e4fff9c57f7a9:0xf1ea074afde521a2!8m2!3d32.461552!4d-92.0622829!16s%2Fg%2F11ng14nr7w!19sChIJqfdXnP9PLoYRoiHl_UoH6vE?authuser=0&hl=en&rclk=1,auto repair shop,Caldwell Parish,county,LA,2026-07-29T11:39:29,0x862e4fff9c57f7a9:0xf1ea074afde521a2
Jordan's Automotive,(318) 324-1144,,,"111 N Stanley Ave, Monroe, LA 71201, United States",111 N Stanley Ave,Monroe,LA,71201,4.5,22,Auto repair shop,,,https://www.google.com/maps/place/Jordan%27s+Automotive/data=!4m7!3m6!1s0x862e46200f69c44b:0x44ffb89587c64ecd!8m2!3d32.5205045!4d-92.0868047!16s%2Fg%2F1td7cj1b!19sChIJS8RpDyBGLoYRzU7Gh5W4_0Q?authuser=0&hl=en&rclk=1,auto repair shop,Union Parish,county,LA,2026-07-30T10:01:50,0x862e46200f69c44b:0x44ffb89587c64ecd
MOBILE AUTOMOTIVE TECH(S),(318) 235-1205,,,"110 Cedar Crest St, Monroe, LA 71202, United States",110 Cedar Crest St,Monroe,LA,71202,3.7,33,Auto repair shop,,,https://www.google.com/maps/place/MOBILE+AUTOMOTIVE+TECH%28S%29/data=!4m7!3m6!1s0x862e4ecc049d8b3f:0xf2b52c612264176c!8m2!3d32.4587748!4d-92.0618833!16s%2Fg%2F11c2k5z0pb!19sChIJP4udBMxOLoYRbBdkImEstfI?authuser=0&hl=en&rclk=1,auto repair shop,Union Parish,county,LA,2026-07-30T10:01:50,0x862e4ecc049d8b3f:0xf2b52c612264176c
McJunkin's Automotive,(318) 388-0554,,,"3103 Breard St, Monroe, LA 71201, United States",3103 Breard St,Monroe,LA,71201,4.5,53,Auto repair shop,,,https://www.google.com/maps/place/McJunkin%27s+Automotive/data=!4m7!3m6!1s0x862e461f54c190a1:0xc39cedb29d34eba2!8m2!3d32.525631!4d-92.085919!16s%2Fg%2F1vq756sl!19sChIJoZDBVB9GLoYRous0nbLtnMM?authuser=0&hl=en&rclk=1,auto repair shop,Union Parish,county,LA,2026-07-30T10:01:50,0x862e461f54c190a1:0xc39cedb29d34eba2
Moore's Auto Repair,(318) 372-5037,,,"2005 Olive St, Monroe, LA 71201, United States",2005 Olive St,Monroe,LA,71201,5.0,1,Auto repair shop,,,https://www.google.com/maps/place/Moore%27s+Auto+Repair/data=!4m7!3m6!1s0x862e4959e931cced:0x76ac0d6aab84625e!8m2!3d32.51721!4d-92.10233!16s%2Fg%2F11z4yz4217!19sChIJ7cwx6VlJLoYRXmKEq2oNrHY?authuser=0&hl=en&rclk=1,auto repair shop,Union Parish,county,LA,2026-07-30T10:01:50,0x862e4959e931cced:0x76ac0d6aab84625e
Nola Automotive Services,(318) 325-4074,,,"311 N 18th St, Monroe, LA 71201, United States",311 N 18th St,Monroe,LA,71201,4.7,13,Auto repair shop,,,https://www.google.com/maps/place/Nola+Automotive+Services/data=!4m7!3m6!1s0x862e4887368c2167:0xedb6203dd1c718e4!8m2!3d32.5136657!4d-92.1043655!16s%2Fg%2F11n__vtxls!19sChIJZyGMNodILoYR5BjH0T0gtu0?authuser=0&hl=en&rclk=1,auto repair shop,Union Parish,county,LA,2026-07-30T10:01:50,0x862e4887368c2167:0xedb6203dd1c718e4
Northside Automotive,(318) 323-6882,,,"907 N 29th St, Monroe, LA 71201, United States",907 N 29th St,Monroe,LA,71201,4.4,57,Auto repair shop,,,https://www.google.com/maps/place/Northside+Automotive/data=!4m7!3m6!1s0x862e463b6cb880b3:0x11df7ef8e13c5e21!8m2!3d32.5331334!4d-92.0921639!16s%2Fg%2F1tdg_nrm!19sChIJs4C4bDtGLoYRIV484fh-3xE?authuser=0&hl=en&rclk=1,auto repair shop,Union Parish,county,LA,2026-07-30T10:01:50,0x862e463b6cb880b3:0x11df7ef8e13c5e21
Shelton's Automotive,(318) 325-0113,,,"2827 Breard St, Monroe, LA 71201, United States",2827 Breard St,Monroe,LA,71201,4.6,46,Auto repair shop,,,https://www.google.com/maps/place/Shelton%27s+Automotive/data=!4m7!3m6!1s0x862e4620d0faa851:0x1580c70233a24b03!8m2!3d32.5223551!4d-92.0905683!16s%2Fg%2F1tdm_wj9!19sChIJUaj60CBGLoYRA0uiMwLHgBU?authuser=0&hl=en&rclk=1,auto repair shop,Union Parish,county,LA,2026-07-30T10:01:50,0x862e4620d0faa851:0x1580c70233a24b03
TNT Auto Repair,(318) 323-6801,,,"195 Latham Ln, Monroe, LA 71202, United States",195 Latham Ln,Monroe,LA,71202,4.9,11,Auto repair shop,,,https://www.google.com/maps/place/TNT+Auto+Repair/data=!4m7!3m6!1s0x862e4efae924183f:0x35b9860bb3f785df!8m2!3d32.4662243!4d-92.0356949!16s%2Fg%2F1tf60nh6!19sChIJPxgk6fpOLoYR34X3swuGuTU?authuser=0&hl=en&rclk=1,auto repair shop,Union Parish,county,LA,2026-07-30T10:01:50,0x862e4efae924183f:0x35b9860bb3f785df
Twin City Transmission Service,(318) 325-8632,https://twincitytrans.com/,info@twincitytrans.com,"615 Pine St, Monroe, LA 71201, United States",615 Pine St,Monroe,LA,71201,4.1,156,Transmission shop,,,https://www.google.com/maps/place/Twin+City+Transmission+Service/data=!4m7!3m6!1s0x862e4870116524ab:0x1c6d311b368c5764!8m2!3d32.5094111!4d-92.1162673!16s%2Fg%2F1tf2slhy!19sChIJqyRlEXBILoYRZFeMNhsxbRw?authuser=0&hl=en&rclk=1,auto repair shop,Union Parish,county,LA,2026-07-30T10:01:50,0x862e4870116524ab:0x1c6d311b368c5764
"Warren's Auto Repair, L.L.C.",(318) 343-5332,,,"7855 Desiard Street, Monroe, LA 71203, United States",7855 Desiard Street,Monroe,LA,71203,4.6,48,Auto repair shop,,,"https://www.google.com/maps/place/Warren%27s+Auto+Repair,+L.L.C./data=!4m7!3m6!1s0x862e458edda859c9:0x3ef9e2fd9a2e2f89!8m2!3d32.5278503!4d-92.0398415!16s%2Fg%2F1tg_xgbf!19sChIJyVmo3Y5FLoYRiS8umv3i-T4?authuser=0&hl=en&rclk=1",auto repair shop,Union Parish,county,LA,2026-07-30T10:01:50,0x862e458edda859c9:0x3ef9e2fd9a2e2f89
Whites Auto,(318) 322-5929,,,"1601 Jackson St, Monroe, LA 71202, United States",1601 Jackson St,Monroe,LA,71202,4.3,19,Auto repair shop,,,https://www.google.com/maps/place/Whites+Auto/data=!4m7!3m6!1s0x862e48597273f461:0xdd93451d263e252b!8m2!3d32.4892346!4d-92.1096597!16s%2Fg%2F1tmpf96p!19sChIJYfRzcllILoYRKyU-Jh1Fk90?authuser=0&hl=en&rclk=1,auto repair shop,Union Parish,county,LA,2026-07-30T10:01:50,0x862e48597273f461:0xdd93451d263e252b
Verda Auto Body,(318) 407-9383,,,"2108 LA-122, Montgomery, LA 71454, United States",2108 LA-122,Montgomery,LA,71454,4.4,12,Auto body shop,,,https://www.google.com/maps/place/Verda+Auto+Body/data=!4m7!3m6!1s0x86307366a8dec99b:0xed5a99d3e35458be!8m2!3d31.7000945!4d-92.7949858!16s%2Fg%2F1tm12zl_!19sChIJm8neqGZzMIYRvlhU49OZWu0?authuser=0&hl=en&rclk=1,auto repair shop,Winn Parish,county,LA,2026-07-30T11:37:04,0x86307366a8dec99b:0xed5a99d3e35458be
Bordelon Tire Mart & Lube,(318) 985-2151,,,"10462 LA-1, Moreauville, LA 71355, United States",10462 LA-1,Moreauville,LA,71355,4.4,130,Tire shop,,,https://www.google.com/maps/place/Bordelon+Tire+Mart+%26+Lube/data=!4m7!3m6!1s0x8625053bf5d74ef5:0xb6be31da1a713f59!8m2!3d31.0462577!4d-91.987732!16s%2Fg%2F11b7hknr2d!19sChIJ9U7X9TsFJYYRWT9xGtoxvrY?authuser=0&hl=en&rclk=1,auto repair shop,Avoyelles Parish,county,LA,2026-07-29T10:27:09,0x8625053bf5d74ef5:0xb6be31da1a713f59
S & R Tire & Lube,(318) 985-2820,https://www.snrtire.com/,,"10407 LA-1, Moreauville, LA 71355, United States",10407 LA-1,Moreauville,LA,71355,3.9,50,Tire shop,,,https://www.google.com/maps/place/S+%26+R+Tire+%26+Lube/data=!4m7!3m6!1s0x8625054b66f24aa3:0x907c5b346a15f4ea!8m2!3d31.0472036!4d-91.9891286!16s%2Fg%2F1tdfz26y!19sChIJo0ryZksFJYYR6vQVajRbfJA?authuser=0&hl=en&rclk=1,auto repair shop,Avoyelles Parish,county,LA,2026-07-29T10:27:09,0x8625054b66f24aa3:0x907c5b346a15f4ea
Amelia Auto Repair,(985) 255-9735,,,"442 Degravelle Rd, Morgan City, LA 70380, United States",442 Degravelle Rd,Morgan City,LA,70380,5.0,14,Auto repair shop,,,https://www.google.com/maps/place/Amelia+Auto+Repair/data=!4m7!3m6!1s0x862165204f3b1229:0x512b8b0d1301daac!8m2!3d29.6548004!4d-91.1043167!16s%2Fg%2F11nxfqrd8y!19sChIJKRI7TyBlIYYRrNoBEw2LK1E?authuser=0&hl=en&rclk=1,auto repair shop,Assumption Parish,county,LA,2026-07-29T10:20:35,0x862165204f3b1229:0x512b8b0d1301daac
Berto's Tire Service,(985) 518-4589,,,"7803 LA-182, Morgan City, LA 70380, United States",7803 LA-182,Morgan City,LA,70380,4.9,75,Tire shop,,,https://www.google.com/maps/place/Berto%27s+Tire+Service/data=!4m7!3m6!1s0x862161f7d504d487:0x9b6cb1fbf5bae5c!8m2!3d29.6935515!4d-91.1761789!16s%2Fg%2F11kw5dcqn6!19sChIJh9QE1fdhIYYRXK5bvx_Ltgk?authuser=0&hl=en&rclk=1,auto repair shop,Assumption Parish,county,LA,2026-07-29T10:20:35,0x862161f7d504d487:0x9b6cb1fbf5bae5c
Brents Custom Muffler,(985) 384-0601,https://custom-muffler-shop-la.hub.biz/?fbclid=IwAR2iu84rSbM1SQpk_9QqJxaCg4nwf__GBxercyCoTf5_6vSPqMp_XxL270s,,"7866 LA-182, Morgan City, LA 70380, United States",7866 LA-182,Morgan City,LA,70380,4.8,39,Muffler shop,,,https://www.google.com/maps/place/Brents+Custom+Muffler/data=!4m7!3m6!1s0x8621617f88464263:0xbcde0b6c7dbdb912!8m2!3d29.6929264!4d-91.1736221!16s%2Fg%2F1vnrqzjy!19sChIJY0JGiH9hIYYRErm9fWwL3rw?authuser=0&hl=en&rclk=1,auto repair shop,Assumption Parish,county,LA,2026-07-29T10:20:35,0x8621617f88464263:0xbcde0b6c7dbdb912
Chabill's Tire & Auto Service,(985) 384-4801,https://chabillstire.com/locations/morgan-city/,,"1300 Victor II Blvd, Morgan City, LA 70381, United States",1300 Victor II Blvd,Morgan City,LA,70381,4.8,628,Tire shop,,,https://www.google.com/maps/place/Chabill%27s+Tire+%26+Auto+Service/data=!4m7!3m6!1s0x862161f2f620abcd:0xde5af05a38714407!8m2!3d29.7003598!4d-91.195276!16s%2Fg%2F1xgrn90f!19sChIJzasg9vJhIYYRB0RxOFrwWt4?authuser=0&hl=en&rclk=1,auto repair shop,Assumption Parish,county,LA,2026-07-29T10:20:35,0x862161f2f620abcd:0xde5af05a38714407
"Conner's Repair Service, LLC",(985) 399-0003,http://www.connersrepair.com/,,"2933 Railroad Ave, Morgan City, LA 70380, United States",2933 Railroad Ave,Morgan City,LA,70380,4.4,17,Auto electrical service,,,"https://www.google.com/maps/place/Conner%27s+Repair+Service,+LLC/data=!4m7!3m6!1s0x8623d94b9697ba53:0x6d739c5cb962451e!8m2!3d29.6913951!4d-91.1807257!16s%2Fg%2F1wnf1dn1!19sChIJU7qXlkvZI4YRHkViuVycc20?authuser=0&hl=en&rclk=1",auto repair shop,Assumption Parish,county,LA,2026-07-29T10:20:35,0x8623d94b9697ba53:0x6d739c5cb962451e
Cummins Sales and Service,(985) 631-0576,https://www.cummins.com/sales-and-service?utm_source=GMB&utm_medium=yext,,"7388 LA-182, Morgan City, LA 70380, United States",7388 LA-182,Morgan City,LA,70380,5.0,8,Manufacturer,,,https://www.google.com/maps/place/Cummins+Sales+and+Service/data=!4m7!3m6!1s0x862163f60d4997e1:0xa44b2ba58287a61e!8m2!3d29.6931994!4d-91.1841128!16s%2Fg%2F1tlbphwl!19sChIJ4ZdJDfZjIYYRHqaHgqUrS6Q?authuser=0&hl=en&rclk=1,auto repair shop,Assumption Parish,county,LA,2026-07-29T10:20:35,0x862163f60d4997e1:0xa44b2ba58287a61e
Morgan City Toyota Service Center,(985) 999-6188,https://www.morgancitytoyota.com/,,"1105 Brashear Ave, Morgan City, LA 70380, United States",1105 Brashear Ave,Morgan City,LA,70380,4.8,185,Auto repair shop,,,https://www.google.com/maps/place/Morgan+City+Toyota+Service+Center/data=!4m7!3m6!1s0x8621617719cc4bf9:0xc1cf5a15ce13eb7f!8m2!3d29.7034!4d-91.1999431!16s%2Fg%2F11q2vs52q1!19sChIJ-UvMGXdhIYYRf-sTzhVaz8E?authuser=0&hl=en&rclk=1,auto repair shop,Assumption Parish,county,LA,2026-07-29T10:20:35,0x8621617719cc4bf9:0xc1cf5a15ce13eb7f
Performance Tire & Services Center,(985) 395-4141,,,"501 Southeast Blvd, Morgan City, LA 70380, United States",501 Southeast Blvd,Morgan City,LA,70380,3.8,64,Tire shop,,,https://www.google.com/maps/place/Performance+Tire+%26+Services+Center/data=!4m7!3m6!1s0x8623deccae85eca9:0x37b300eed14f97df!8m2!3d29.6905755!4d-91.2641773!16s%2Fg%2F1tvym3sc!19sChIJqeyFrszeI4YR35dP0e4Aszc?authuser=0&hl=en&rclk=1,auto repair shop,Assumption Parish,county,LA,2026-07-29T10:20:35,0x8623deccae85eca9:0x37b300eed14f97df
Plaisance Auto LLC,(985) 384-5656,,,"845 Railroad Ave, Morgan City, LA 70380, United States",845 Railroad Ave,Morgan City,LA,70380,3.9,40,Auto repair shop,,,https://www.google.com/maps/place/Plaisance+Auto+LLC/data=!4m7!3m6!1s0x8621617fbb8fbdb3:0xcc561aee58e2f30f!8m2!3d29.6939779!4d-91.1978962!16s%2Fg%2F1tx8tkr8!19sChIJs72Pu39hIYYRD_PiWO4aVsw?authuser=0&hl=en&rclk=1,auto repair shop,Assumption Parish,county,LA,2026-07-29T10:20:35,0x8621617fbb8fbdb3:0xcc561aee58e2f30f
Rick's Paint & Body Shop,(985) 395-3826,,,"439 Southeast Blvd, Morgan City, LA 70380, United States",439 Southeast Blvd,Morgan City,LA,70380,4.6,27,Auto body shop,,,https://www.google.com/maps/place/Rick%27s+Paint+%26+Body+Shop/data=!4m7!3m6!1s0x8623decb58bd95b9:0xffea93857d5e89c3!8m2!3d29.6912909!4d-91.2648431!16s%2Fg%2F1thx8_1l!19sChIJuZW9WMveI4YRw4lefYWT6v8?authuser=0&hl=en&rclk=1,auto repair shop,Assumption Parish,county,LA,2026-07-29T10:20:35,0x8623decb58bd95b9:0xffea93857d5e89c3
Steve's Auto Services,(985) 384-6380,,,"6721 LA-182, Morgan City, LA 70380, United States",6721 LA-182,Morgan City,LA,70380,4.8,4,Auto repair shop,,,https://www.google.com/maps/place/Steve%27s+Auto+Services/data=!4m7!3m6!1s0x862161f49e3202b7:0x99f17288bf2aaf5e!8m2!3d29.6964862!4d-91.1934352!16s%2Fg%2F1tgnmff_!19sChIJtwIynvRhIYYRXq8qv4hy8Zk?authuser=0&hl=en&rclk=1,auto repair shop,Assumption Parish,county,LA,2026-07-29T10:20:35,0x862161f49e3202b7:0x99f17288bf2aaf5e
Wilburns Car Care Center,(985) 702-1066,,,"7377 LA-182, Morgan City, LA 70380, United States",7377 LA-182,Morgan City,LA,70380,4.1,18,Auto repair shop,,,https://www.google.com/maps/place/Wilburns+Car+Care+Center/data=!4m7!3m6!1s0x86216188607190cf:0xac227850af6ca998!8m2!3d29.6940993!4d-91.1852036!16s%2Fg%2F1tvdk4fq!19sChIJz5BxYIhhIYYRmKlsr1B4Iqw?authuser=0&hl=en&rclk=1,auto repair shop,Assumption Parish,county,LA,2026-07-29T10:20:35,0x86216188607190cf:0xac227850af6ca998
Jacobes Mobile Auto And Truck Repair LLC,(985) 817-1727,https://www.facebook.com/groups/1601879736732579/?ref=share,,"459 Daffodil St, Mt Airy, LA 70076, United States",459 Daffodil St,Mt Airy,LA,70076,4.7,12,Car repair and maintenance service,,,https://www.google.com/maps/place/Jacobes+Mobile+Auto+And+Truck+Repair+LLC/data=!4m7!3m6!1s0x8621296a1b03f2a1:0x457104669fbd7187!8m2!3d30.0615278!4d-90.6308326!16s%2Fg%2F11fjwxn2j7!19sChIJofIDG2opIYYRh3G9n2YEcUU?authuser=0&hl=en&rclk=1,auto repair shop,Assumption Parish,county,LA,2026-07-29T10:20:35,0x8621296a1b03f2a1:0x457104669fbd7187
Mt hermon auto repair,(985) 222-5653,,,"36198 LA-1055, Mt Hermon, LA 70450, United States",36198 LA-1055,Mt Hermon,LA,70450,4.6,9,Auto machine shop,,,https://www.google.com/maps/place/Mt+hermon+auto+repair/data=!4m7!3m6!1s0x8627a17d06b890f3:0x1687d7f1c08a2bb0!8m2!3d30.9508452!4d-90.2863137!16s%2Fg%2F11y5_77gt1!19sChIJ85C4Bn2hJ4YRsCuKwPHXhxY?authuser=0&hl=en&rclk=1,auto repair shop,Washington Parish,county,LA,2026-07-30T10:37:12,0x8627a17d06b890f3:0x1687d7f1c08a2bb0
A-Quality Windshield Repair,(985) 860-0032,,,"4711 LA-1, Napoleonville, LA 70390, United States",4711 LA-1,Napoleonville,LA,70390,5.0,1,Glass repair service,,,https://www.google.com/maps/place/A-Quality+Windshield+Repair/data=!4m7!3m6!1s0x8621457b055e5a6b:0x36e2e83dfaf1090a!8m2!3d29.962184!4d-91.0281307!16s%2Fg%2F1hhjtj53l!19sChIJa1peBXtFIYYRCgnx-j3o4jY?authuser=0&hl=en&rclk=1,auto repair shop,Assumption Parish,county,LA,2026-07-29T10:20:35,0x8621457b055e5a6b:0x36e2e83dfaf1090a
Collins Glass,(985) 513-2251,,,"4866 LA-1, Napoleonville, LA 70390, United States",4866 LA-1,Napoleonville,LA,70390,5.0,4,Auto repair shop,,,https://www.google.com/maps/place/Collins+Glass/data=!4m7!3m6!1s0x8621450cfcff3e9d:0x53ffeb5068dbc12f!8m2!3d29.9445999!4d-91.027335!16s%2Fg%2F11h3bm763f!19sChIJnT7__AxFIYYRL8HbaFDr_1M?authuser=0&hl=en&rclk=1,auto repair shop,Assumption Parish,county,LA,2026-07-29T10:20:35,0x8621450cfcff3e9d:0x53ffeb5068dbc12f
Pic's Pit Stop,(985) 369-4880,http://pics-pit-stop.lany.io/,,"4840 LA-1, Napoleonville, LA 70390, United States",4840 LA-1,Napoleonville,LA,70390,4.6,46,Tire shop,,,https://www.google.com/maps/place/Pic%27s+Pit+Stop/data=!4m7!3m6!1s0x8621450d1b5d81fd:0x1205cd785d677897!8m2!3d29.94329!4d-91.0258743!16s%2Fg%2F1tgh3bg3!19sChIJ_YFdGw1FIYYRl3hnXXjNBRI?authuser=0&hl=en&rclk=1,auto repair shop,Assumption Parish,county,LA,2026-07-29T10:20:35,0x8621450d1b5d81fd:0x1205cd785d677897
Raggio Boyz Tires,(318) 352-3342,,,"1831 South Dr, Natchez, LA 71456, United States",1831 South Dr,Natchez,LA,71456,4.9,16,Tire shop,,,https://www.google.com/maps/place/Raggio+Boyz+Tires/data=!4m7!3m6!1s0x86307e9901ab1b1f:0xcb569b433d908a02!8m2!3d31.7304758!4d-93.0755236!16s%2Fg%2F1w6r8nbl!19sChIJHxurAZl-MIYRAoqQPUObVss?authuser=0&hl=en&rclk=1,auto repair shop,Winn Parish,county,LA,2026-07-30T11:37:04,0x86307e9901ab1b1f:0xcb569b433d908a02
Andy's Automotive,(318) 315-5127,,,"2369 LA-494, Natchitoches, LA 71457, United States",2369 LA-494,Natchitoches,LA,71457,5.0,16,Auto repair shop,,,https://www.google.com/maps/place/Andy%27s+Automotive/data=!4m7!3m6!1s0x86307b8ad3a4ce69:0x1eb5bb3f46670bb2!8m2!3d31.7072068!4d-93.0151373!16s%2Fg%2F11dzwlvnf9!19sChIJac6k04p7MIYRsgtnRj-7tR4?authuser=0&hl=en&rclk=1,auto repair shop,Winn Parish,county,LA,2026-07-30T11:37:03,0x86307b8ad3a4ce69:0x1eb5bb3f46670bb2
Archie's Paint & Body,(318) 352-1068,,,"1825 South Dr, Natchitoches, LA 71457, United States",1825 South Dr,Natchitoches,LA,71457,4.3,64,Auto body shop,,,https://www.google.com/maps/place/Archie%27s+Paint+%26+Body/data=!4m7!3m6!1s0x86307da74de40511:0xabf072a8affc2a4c!8m2!3d31.7307912!4d-93.0758215!16s%2Fg%2F1tfd7blm!19sChIJEQXkTad9MIYRTCr8r6hy8Ks?authuser=0&hl=en&rclk=1,auto repair shop,Winn Parish,county,LA,2026-07-30T11:37:04,0x86307da74de40511:0xabf072a8affc2a4c
Battery Warehouse of Natchitoches d.b.a. Tony's Body Shop & Towing,(318) 357-0677,,,"2170 LA-6, Natchitoches, LA 71457, United States",2170 LA-6,Natchitoches,LA,71457,4.3,72,Auto body shop,,,https://www.google.com/maps/place/Battery+Warehouse+of+Natchitoches+d.b.a.+Tony%27s+Body+Shop+%26+Towing/data=!4m7!3m6!1s0x863062a2caa7b8e7:0xe663cb7f0c568473!8m2!3d31.7947942!4d-93.0880108!16s%2Fg%2F1hc5k1q0q!19sChIJ57inyqJiMIYRc4RWDH_LY-Y?authuser=0&hl=en&rclk=1,auto repair shop,Winn Parish,county,LA,2026-07-30T11:37:04,0x863062a2caa7b8e7:0xe663cb7f0c568473
Boyett's Auto Repair,(318) 352-9675,http://boyetts-auto-repair.jany.io/,,"349 LA-504, Natchitoches, LA 71457, United States",349 LA-504,Natchitoches,LA,71457,4.5,45,Auto repair shop,,,https://www.google.com/maps/place/Boyett%27s+Auto+Repair/data=!4m7!3m6!1s0x863088832980e407:0x760562c221198ce4!8m2!3d31.7735411!4d-93.1490713!16s%2Fg%2F1tfcz5cx!19sChIJB-SAKYOIMIYR5IwZIcJiBXY?authuser=0&hl=en&rclk=1,auto repair shop,Winn Parish,county,LA,2026-07-30T11:37:03,0x863088832980e407:0x760562c221198ce4
Cotton Auto Repair Service,(318) 332-4429,,,"105 LA-117, Natchitoches, LA 71457, United States",105 LA-117,Natchitoches,LA,71457,4.3,4,Auto repair shop,,,https://www.google.com/maps/place/Cotton+Auto+Repair+Service/data=!4m7!3m6!1s0x86308530cb88368d:0xf152ecd175d6a3d3!8m2!3d31.715011!4d-93.214637!16s%2Fg%2F11x648g24c!19sChIJjTaIyzCFMIYR06PWddHsUvE?authuser=0&hl=en&rclk=1,auto repair shop,Winn Parish,county,LA,2026-07-30T11:37:04,0x86308530cb88368d:0xf152ecd175d6a3d3
DLR Trailers,(318) 357-1502,https://www.dlrenterprisesite.com/,,"2212 LA-6, Natchitoches, LA 71457, United States",2212 LA-6,Natchitoches,LA,71457,4.9,13,Trailer dealer,,,https://www.google.com/maps/place/DLR+Trailers/data=!4m7!3m6!1s0x863062bd2b0b13bb:0xb53dbdfef4f74b32!8m2!3d31.7933971!4d-93.0878908!16s%2Fg%2F1v46_qqr!19sChIJuxMLK71iMIYRMkv39P69PbU?authuser=0&hl=en&rclk=1,auto repair shop,Winn Parish,county,LA,2026-07-30T11:37:04,0x863062bd2b0b13bb:0xb53dbdfef4f74b32
Darren's Automotive,(318) 352-8422,http://darrens-automotive.edan.io/,,"6943 LA-1, Natchitoches, LA 71457, United States",6943 LA-1,Natchitoches,LA,71457,4.2,49,Auto repair shop,,,https://www.google.com/maps/place/Darren%27s+Automotive/data=!4m7!3m6!1s0x86307d21c95fed31:0xb49168443e902806!8m2!3d31.7312963!4d-93.1108223!16s%2Fg%2F1ttpbp3t!19sChIJMe1fySF9MIYRBiiQPkRokbQ?authuser=0&hl=en&rclk=1,auto repair shop,Winn Parish,county,LA,2026-07-30T11:37:03,0x86307d21c95fed31:0xb49168443e902806
Enzo’s Mobile Detailing Spa and Ceramic Coatings,(512) 695-2275,https://www.enzosmobiledetailspa.com/,eben@eyebytes.com,"912 Harling Ln, Natchitoches, LA 71457, United States",912 Harling Ln,Natchitoches,LA,71457,5.0,30,Car detailing service,,,https://www.google.com/maps/place/Enzo%E2%80%99s+Mobile+Detailing+Spa+and+Ceramic+Coatings/data=!4m7!3m6!1s0x2ccc217151490f11:0x58ef8f71ae9fefc8!8m2!3d31.7653068!4d-93.0815925!16s%2Fg%2F11khkqhz2m!19sChIJEQ9JUXEhzCwRyO-frnGP71g?authuser=0&hl=en&rclk=1,auto repair shop,Winn Parish,county,LA,2026-07-30T11:37:04,0x2ccc217151490f11:0x58ef8f71ae9fefc8
Eric's Body Shop,(318) 663-6610,,,"212 Rapides Dr, Natchitoches, LA 71457, United States",212 Rapides Dr,Natchitoches,LA,71457,4.8,12,Auto body shop,,,https://www.google.com/maps/place/Eric%27s+Body+Shop/data=!4m7!3m6!1s0x86307d6e54b30e2f:0xb44c50521e1f1a35!8m2!3d31.7453253!4d-93.0877376!16s%2Fg%2F1tdfz2g_!19sChIJLw6zVG59MIYRNRofHlJQTLQ?authuser=0&hl=en&rclk=1,auto repair shop,Winn Parish,county,LA,2026-07-30T11:37:04,0x86307d6e54b30e2f:0xb44c50521e1f1a35
HD SERVICES 318 LLC,(903) 926-7482,https://hdservices318llc.com/,d_ficklin@hdservices318.com,"1435 Sabine St, Natchitoches, LA 71457, United States",1435 Sabine St,Natchitoches,LA,71457,3.7,3,Auto repair shop,,,https://www.google.com/maps/place/HD+SERVICES+318+LLC/data=!4m7!3m6!1s0x863087d7f6a8b0a7:0xcac4ce57c8b784fa!8m2!3d31.7720491!4d-93.098074!16s%2Fg%2F11kb8tvsvy!19sChIJp7Co9teHMIYR-oS3yFfOxMo?authuser=0&hl=en&rclk=1,auto repair shop,Winn Parish,county,LA,2026-07-30T11:37:04,0x863087d7f6a8b0a7:0xcac4ce57c8b784fa
Ham's Auto Clinic,(318) 352-8200,,,"1404 Washington St, Natchitoches, LA 71457, United States",1404 Washington St,Natchitoches,LA,71457,4.4,67,Auto repair shop,,,https://www.google.com/maps/place/Ham%27s+Auto+Clinic/data=!4m7!3m6!1s0x863062b244bee43b:0x5157d8a7f89167d!8m2!3d31.774847!4d-93.0862725!16s%2Fg%2F1xfsp33h!19sChIJO-S-RLJiMIYRfRaJf4p9FQU?authuser=0&hl=en&rclk=1,auto repair shop,Winn Parish,county,LA,2026-07-30T11:37:03,0x863062b244bee43b:0x5157d8a7f89167d
Jimmy Granger's Natchitoches Ford Collision,(318) 352-3677,https://www.jimmygrangerford.com/?utm_source=gmbcol&utm_medium=social&mcmid=gmbcol,,"7501 LA-1, Natchitoches, LA 71457, United States",7501 LA-1,Natchitoches,LA,71457,4.6,59,Auto body shop,,,https://www.google.com/maps/place/Jimmy+Granger%27s+Natchitoches+Ford+Collision/data=!4m7!3m6!1s0x86307d4684a62065:0xb691f420d07d6a0a!8m2!3d31.7249465!4d-93.0843898!16s%2Fg%2F11nfvmg9k1!19sChIJZSCmhEZ9MIYRCmp90CD0kbY?authuser=0&hl=en&rclk=1,auto repair shop,Winn Parish,county,LA,2026-07-30T11:37:04,0x86307d4684a62065:0xb691f420d07d6a0a
Jimmy Granger's Natchitoches Ford Service,(318) 352-3677,https://www.jimmygrangerford.com/,,"7501 LA-1, Natchitoches, LA 71457, United States",7501 LA-1,Natchitoches,LA,71457,5.0,5,Auto repair shop,,,https://www.google.com/maps/place/Jimmy+Granger%27s+Natchitoches+Ford+Service/data=!4m7!3m6!1s0x86307d55bd07a65d:0x969bdb10aa80fc2b!8m2!3d31.7249465!4d-93.0843898!16s%2Fg%2F11qpw5wlqy!19sChIJXaYHvVV9MIYRK_yAqhDbm5Y?authuser=0&hl=en&rclk=1,auto repair shop,Winn Parish,county,LA,2026-07-30T11:37:04,0x86307d55bd07a65d:0x969bdb10aa80fc2b
K Coleman Transmissions,(318) 357-1459,,,"1975 LA-6, Natchitoches, LA 71457, United States",1975 LA-6,Natchitoches,LA,71457,4.3,31,Auto repair shop,,,https://www.google.com/maps/place/K+Coleman+Transmissions/data=!4m7!3m6!1s0x86306299f919e1df:0x5e0ba7ecd3dd30b4!8m2!3d31.8017952!4d-93.0877017!16s%2Fg%2F1th7yqcw!19sChIJ3-EZ-ZliMIYRtDDd0-ynC14?authuser=0&hl=en&rclk=1,auto repair shop,Winn Parish,county,LA,2026-07-30T11:37:03,0x86306299f919e1df:0x5e0ba7ecd3dd30b4
Metoyer’s Auto Care,(318) 332-2518,,,"1013 Clarence Dr, Natchitoches, LA 71457, United States",1013 Clarence Dr,Natchitoches,LA,71457,1.0,1,Auto repair shop,,,https://www.google.com/maps/place/Metoyer%E2%80%99s+Auto+Care/data=!4m7!3m6!1s0x86307da32458968b:0x42b71e25da9ae79d!8m2!3d31.7355795!4d-93.0715118!16s%2Fg%2F11pdd_pqcp!19sChIJi5ZYJKN9MIYRneea2iUet0I?authuser=0&hl=en&rclk=1,auto repair shop,Winn Parish,county,LA,2026-07-30T11:37:04,0x86307da32458968b:0x42b71e25da9ae79d
Moore's Tire & Service Center,(318) 352-8354,https://moorestireandservicecenters.com/tires-auto-repair-3-natchitoches-la,,"343 South Dr, Natchitoches, LA 71457, United States",343 South Dr,Natchitoches,LA,71457,4.0,105,Auto repair shop,,,https://www.google.com/maps/place/Moore%27s+Tire+%26+Service+Center/data=!4m7!3m6!1s0x86307d6bfb195229:0x8b7f2fbcd8dfec1b!8m2!3d31.7435154!4d-93.0817394!16s%2Fg%2F1tr7jrrv!19sChIJKVIZ-2t9MIYRG-zf2Lwvf4s?authuser=0&hl=en&rclk=1,auto repair shop,Winn Parish,county,LA,2026-07-30T11:37:04,0x86307d6bfb195229:0x8b7f2fbcd8dfec1b
Natchitoches Tires & Rims,(318) 774-0776,,,"2214 Hwy 6, East Dr, Natchitoches, LA 71457, United States","2214 Hwy 6, East Dr",Natchitoches,LA,71457,4.3,120,Tire shop,,,https://www.google.com/maps/place/Natchitoches+Tires+%26+Rims/data=!4m7!3m6!1s0x863063c8ea68713d:0x5e2eb5bd5b419044!8m2!3d31.7921691!4d-93.0861448!16s%2Fg%2F11f90yxc4y!19sChIJPXFo6shjMIYRRJBBW721Ll4?authuser=0&hl=en&rclk=1,auto repair shop,Winn Parish,county,LA,2026-07-30T11:37:04,0x863063c8ea68713d:0x5e2eb5bd5b419044
P & S Auto Clinic,(318) 352-5421,,,"1434 Texas St, Natchitoches, LA 71457, United States",1434 Texas St,Natchitoches,LA,71457,5.0,25,Brake shop,,,https://www.google.com/maps/place/P+%26+S+Auto+Clinic/data=!4m7!3m6!1s0x863087ff949047b5:0x8eeb7abc3656c0c6!8m2!3d31.7717553!4d-93.0983309!16s%2Fg%2F1tf7y2f5!19sChIJtUeQlP-HMIYRxsBWNrx6644?authuser=0&hl=en&rclk=1,auto repair shop,Winn Parish,county,LA,2026-07-30T11:37:03,0x863087ff949047b5:0x8eeb7abc3656c0c6
Pit Stop 76,(318) 228-8848,http://pit-stop-76.edan.io/,,"1908 LA-6, Natchitoches, LA 71457, United States",1908 LA-6,Natchitoches,LA,71457,4.6,92,Tire shop,,,https://www.google.com/maps/place/Pit+Stop+76/data=!4m7!3m6!1s0x8630629a6ede1439:0x1b6228ff75dcaaa!8m2!3d31.8041755!4d-93.0888707!16s%2Fg%2F11bbwktm71!19sChIJORTebppiMIYRqspd948itgE?authuser=0&hl=en&rclk=1,auto repair shop,Winn Parish,county,LA,2026-07-30T11:37:03,0x8630629a6ede1439:0x1b6228ff75dcaaa
Poche's Performance Collision,(318) 554-9380,,,"233 Scarborough Ave, Natchitoches, LA 71457, United States",233 Scarborough Ave,Natchitoches,LA,71457,5.0,11,Car repair and maintenance service,,,https://www.google.com/maps/place/Poche%27s+Performance+Collision/data=!4m7!3m6!1s0x86307dccd73e1a37:0x5129c8302ded7f6d!8m2!3d31.755421!4d-93.0830654!16s%2Fg%2F11mvwfxnz5!19sChIJNxo-18x9MIYRbX_tLTDIKVE?authuser=0&hl=en&rclk=1,auto repair shop,Winn Parish,county,LA,2026-07-30T11:37:04,0x86307dccd73e1a37:0x5129c8302ded7f6d
Ronnie's Auto Glass & Collision Center,(318) 352-5959,,,"209 Ralph St, Natchitoches, LA 71457, United States",209 Ralph St,Natchitoches,LA,71457,4.8,52,Auto body shop,,,https://www.google.com/maps/place/Ronnie%27s+Auto+Glass+%26+Collision+Center/data=!4m7!3m6!1s0x86307d23f766910f:0x71dfe34015373b98!8m2!3d31.7533874!4d-93.0631256!16s%2Fg%2F1x5fbqys!19sChIJD5Fm9yN9MIYRmDs3FUDj33E?authuser=0&hl=en&rclk=1,auto repair shop,Winn Parish,county,LA,2026-07-30T11:37:04,0x86307d23f766910f:0x71dfe34015373b98
Smith's Garage,(318) 352-2347,http://smiths-garage-natchitoches.jany.io/,,"684 LA-3191, Natchitoches, LA 71457, United States",684 LA-3191,Natchitoches,LA,71457,4.5,73,Car repair and maintenance service,,,https://www.google.com/maps/place/Smith%27s+Garage/data=!4m7!3m6!1s0x8630887da1e944b9:0x4cb3828d33f46c73!8m2!3d31.7804031!4d-93.1362152!16s%2Fg%2F1tt1hl9x!19sChIJuUTpoX2IMIYRc2z0M42Cs0w?authuser=0&hl=en&rclk=1,auto repair shop,Winn Parish,county,LA,2026-07-30T11:37:04,0x8630887da1e944b9:0x4cb3828d33f46c73
Tire Repair James Raccio & Son's,(318) 352-3342,,,"1831 South Dr, Natchitoches, LA 71457, United States",1831 South Dr,Natchitoches,LA,71457,5.0,11,Tire shop,,,https://www.google.com/maps/place/Tire+Repair+James+Raccio+%26+Son%27s/data=!4m7!3m6!1s0x86307d0afa44e5b1:0xb2b2ae4f3ad77cd0!8m2!3d31.7304477!4d-93.0755599!16s%2Fg%2F11k5ltlwg0!19sChIJseVE-gp9MIYR0HzXOk-usrI?authuser=0&hl=en&rclk=1,auto repair shop,Winn Parish,county,LA,2026-07-30T11:37:04,0x86307d0afa44e5b1:0xb2b2ae4f3ad77cd0
Vaughn Ford of Natchitoches,(318) 379-1002,https://www.vaughnfordnatchitoches.com/?utm_source=google&utm_medium=organic,,"7501 LA-1, Natchitoches, LA 71457, United States",7501 LA-1,Natchitoches,LA,71457,4.9,53,Ford dealer,,,https://www.google.com/maps/place/Vaughn+Ford+of+Natchitoches/data=!4m7!3m6!1s0x86307d6905d9aeb5:0x67ed5bbaa15aa03c!8m2!3d31.7249465!4d-93.0843898!16s%2Fg%2F11ysjlk11c!19sChIJta7ZBWl9MIYRPKBaobpb7Wc?authuser=0&hl=en&rclk=1,auto repair shop,Winn Parish,county,LA,2026-07-30T11:37:04,0x86307d6905d9aeb5:0x67ed5bbaa15aa03c
Wholesale Unlimited,(318) 357-0968,https://www.wholesaleunlimitedsite.com/index.htm,,"172 Brickyard Rd, Natchitoches, LA 71457, United States",172 Brickyard Rd,Natchitoches,LA,71457,4.3,76,Towing service,,,https://www.google.com/maps/place/Wholesale+Unlimited/data=!4m7!3m6!1s0x86306299aab465b7:0xc372af6ea4d74984!8m2!3d31.7989267!4d-93.0902947!16s%2Fg%2F1tk6_wgt!19sChIJt2W0qpliMIYRhEnXpG6vcsM?authuser=0&hl=en&rclk=1,auto repair shop,Winn Parish,county,LA,2026-07-30T11:37:04,0x86306299aab465b7:0xc372af6ea4d74984
Acadiana Auto and Diesel Repair,(337) 369-6630,https://acadianarepair.com/wp/,,"1700 E Main St, New Iberia, LA 70560, United States",1700 E Main St,New Iberia,LA,70560,4.0,23,Auto repair shop,,,https://www.google.com/maps/place/Acadiana+Auto+and+Diesel+Repair/data=!4m7!3m6!1s0x86238310e9cc5925:0xb6baebb2e5daac9a!8m2!3d29.9930804!4d-91.795055!16s%2Fg%2F11j22pn7zt!19sChIJJVnM6RCDI4YRmqza5bLrurY?authuser=0&hl=en&rclk=1,auto repair shop,Concordia Parish,county,LA,2026-07-29T12:17:33,0x86238310e9cc5925:0xb6baebb2e5daac9a
Auto Services LLC,(337) 364-2674,,,"206 S Evangeline St, New Iberia, LA 70560, United States",206 S Evangeline St,New Iberia,LA,70560,5.0,17,Auto repair shop,,,https://www.google.com/maps/place/Auto+Services+LLC/data=!4m7!3m6!1s0x862382e5aa85d497:0x134d22901e8d242f!8m2!3d29.993474!4d-91.8001389!16s%2Fg%2F1tf718xh!19sChIJl9SFquWCI4YRLySNHpAiTRM?authuser=0&hl=en&rclk=1,auto repair shop,St. Martin Parish,county,LA,2026-07-30T09:03:24,0x862382e5aa85d497:0x134d22901e8d242f
Automotive Plus LLC,(337) 369-3657,,,"411 W Admiral Doyle Dr, New Iberia, LA 70560, United States",411 W Admiral Doyle Dr,New Iberia,LA,70560,4.8,13,Auto repair shop,,,https://www.google.com/maps/place/Automotive+Plus+LLC/data=!4m7!3m6!1s0x8623787acfbb7b8d:0x2086ab28dfeca146!8m2!3d29.9980435!4d-91.84071!16s%2Fg%2F1tcwrhj7!19sChIJjXu7z3p4I4YRRqHs3yirhiA?authuser=0&hl=en&rclk=1,auto repair shop,St. Martin Parish,county,LA,2026-07-30T09:03:24,0x8623787acfbb7b8d:0x2086ab28dfeca146
Carrol's Tire Services,(337) 367-8122,,,"6605 Fremin Rd, New Iberia, LA 70560, United States",6605 Fremin Rd,New Iberia,LA,70560,4.9,15,Tire repair shop,,,https://www.google.com/maps/place/Carrol%27s+Tire+Services/data=!4m7!3m6!1s0x86237eae49236f27:0x164702d3b8961737!8m2!3d30.0610109!4d-91.9016016!16s%2Fg%2F1thw2hpp!19sChIJJ28jSa5-I4YRNxeWuNMCRxY?authuser=0&hl=en&rclk=1,auto repair shop,Vermilion Parish,county,LA,2026-07-30T10:15:24,0x86237eae49236f27:0x164702d3b8961737
Dronet's Auto Repair,(337) 365-5814,http://www.dronetsautorepair.com/,dronetsauto@gmail.com,"801 W Admiral Doyle Dr, New Iberia, LA 70560, United States",801 W Admiral Doyle Dr,New Iberia,LA,70560,4.3,82,Auto repair shop,,,https://www.google.com/maps/place/Dronet%27s+Auto+Repair/data=!4m7!3m6!1s0x86237889e234af7b:0x4fabb68a5dde1ae6!8m2!3d30.0074696!4d-91.8456791!16s%2Fg%2F1tpn2y9x!19sChIJe6804ol4I4YR5hreXYq2q08?authuser=0&hl=en&rclk=1,auto repair shop,St. Martin Parish,county,LA,2026-07-30T09:03:24,0x86237889e234af7b:0x4fabb68a5dde1ae6
Freak Motorsports,(337) 636-1854,,,"305 Creighton Broussard Rd, New Iberia, LA 70560, United States",305 Creighton Broussard Rd,New Iberia,LA,70560,5.0,3,Auto restoration service,,,https://www.google.com/maps/place/Freak+Motorsports/data=!4m7!3m6!1s0x8623777faff830bf:0x56030fbc2a9b4d47!8m2!3d29.9586942!4d-91.8733834!16s%2Fg%2F11c70g10nt!19sChIJvzD4r393I4YRR02bKrwPA1Y?authuser=0&hl=en&rclk=1,auto repair shop,Vermilion Parish,county,LA,2026-07-30T10:15:24,0x8623777faff830bf:0x56030fbc2a9b4d47
Hi Tech Automotive,(337) 365-2886,,,"630 Bayard St, New Iberia, LA 70560, United States",630 Bayard St,New Iberia,LA,70560,4.6,58,Auto repair shop,,,https://www.google.com/maps/place/Hi+Tech+Automotive/data=!4m7!3m6!1s0x862382c31f8ae359:0x9feb6c0114ca0ef3!8m2!3d29.9816811!4d-91.803332!16s%2Fg%2F1tdywqqq!19sChIJWeOKH8OCI4YR8w7KFAFs658?authuser=0&hl=en&rclk=1,auto repair shop,St. Martin Parish,county,LA,2026-07-30T09:03:24,0x862382c31f8ae359:0x9feb6c0114ca0ef3
J & J Car Care,(337) 359-9020,,,"1110 20 Arpent Rd, New Iberia, LA 70560, United States",1110 20 Arpent Rd,New Iberia,LA,70560,5.0,21,Auto repair shop,,,https://www.google.com/maps/place/J+%26+J+Car+Care/data=!4m7!3m6!1s0x862382ec0b3e6601:0x19cf82435ecbb6fb!8m2!3d29.9908775!4d-91.8085805!16s%2Fg%2F1vtzhkv8!19sChIJAWY-C-yCI4YR-7bLXkOCzxk?authuser=0&hl=en&rclk=1,auto repair shop,St. Martin Parish,county,LA,2026-07-30T09:03:24,0x862382ec0b3e6601:0x19cf82435ecbb6fb
LeBlanc Honda Service,(337) 717-1111,https://www.leblanchonda.com/,,"2511 US-90, New Iberia, LA 70560, United States",2511 US-90,New Iberia,LA,70560,4.4,38,Auto repair shop,,,https://www.google.com/maps/place/LeBlanc+Honda+Service/data=!4m7!3m6!1s0x862379a69d9409a1:0xfad24deed835b583!8m2!3d30.0012679!4d-91.8839442!16s%2Fg%2F11b6qb_3z7!19sChIJoQmUnaZ5I4YRg7U12O5N0vo?authuser=0&hl=en&rclk=1,auto repair shop,Vermilion Parish,county,LA,2026-07-30T10:15:24,0x862379a69d9409a1:0xfad24deed835b583
LeBlanc Nissan Service,(337) 717-1111,https://www.leblancnissannewiberia.com/service-department/,,"2417 US-90, New Iberia, LA 70560, United States",2417 US-90,New Iberia,LA,70560,4.8,12,Auto repair shop,,,https://www.google.com/maps/place/LeBlanc+Nissan+Service/data=!4m7!3m6!1s0x862379e4a36483c3:0x30fb3688a1452185!8m2!3d30.0007832!4d-91.8839988!16s%2Fg%2F11wc2xdxpt!19sChIJw4Nko-R5I4YRhSFFoYg2-zA?authuser=0&hl=en&rclk=1,auto repair shop,Vermilion Parish,county,LA,2026-07-30T10:15:24,0x862379e4a36483c3:0x30fb3688a1452185
Master Mechanics Of New Iberia,(337) 364-6977,,,"1305 Lemaire St, New Iberia, LA 70560, United States",1305 Lemaire St,New Iberia,LA,70560,4.5,116,Auto repair shop,,,https://www.google.com/maps/place/Master+Mechanics+Of+New+Iberia/data=!4m7!3m6!1s0x862382ef00e57893:0x78a21d33157b052a!8m2!3d29.9935085!4d-91.8047315!16s%2Fg%2F1tf439tw!19sChIJk3jlAO-CI4YRKgV7FTMdong?authuser=0&hl=en&rclk=1,auto repair shop,St. Martin Parish,county,LA,2026-07-30T09:03:24,0x862382ef00e57893:0x78a21d33157b052a
Musson Patout Buick GMC Service Center,(337) 465-4157,https://www.mussonpatoutgm.com/service?utm_source=google&utm_medium=organic&utm_campaign=google_my_business,,"214 U.S. 90 Frontage Rd Ste a, New Iberia, LA 70560, United States",214 U.S. 90 Frontage Rd Ste a,New Iberia,LA,70560,4.8,240,Auto repair shop,,,https://www.google.com/maps/place/Musson+Patout+Buick+GMC+Service+Center/data=!4m7!3m6!1s0x8623796d93ecae77:0xbca8a7e69ba8e0a1!8m2!3d29.9832199!4d-91.8544151!16s%2Fg%2F11h8fbks1_!19sChIJd67sk215I4YRoeCom-anqLw?authuser=0&hl=en&rclk=1,auto repair shop,St. Martin Parish,county,LA,2026-07-30T09:03:24,0x8623796d93ecae77:0xbca8a7e69ba8e0a1
Travis' Paint & Body,(337) 256-4999,,,"6700 Coteau Rd, New Iberia, LA 70560, United States",6700 Coteau Rd,New Iberia,LA,70560,4.9,18,Auto repair shop,,,https://www.google.com/maps/place/Travis%27+Paint+%26+Body/data=!4m7!3m6!1s0x86237b3ff4c99963:0x93cf31dd3dbbc5d!8m2!3d30.0288222!4d-91.9701053!16s%2Fg%2F11hy9nlgvm!19sChIJY5nJ9D97I4YRXbzb0x3zPAk?authuser=0&hl=en&rclk=1,auto repair shop,Vermilion Parish,county,LA,2026-07-30T10:15:24,0x86237b3ff4c99963:0x93cf31dd3dbbc5d
Big D’s custom auto repair,(337) 487-0955,http://facebook.com/bigdscustomautorepair,,"402 Hickory St, New Llano, LA 71461, United States",402 Hickory St,New Llano,LA,71461,,,Auto repair shop,,,https://www.google.com/maps/place/Big+D%E2%80%99s+custom+auto+repair/data=!4m7!3m6!1s0x863a459e93dde70b:0xe4e639a596cec727!8m2!3d31.1144852!4d-93.2845655!16s%2Fg%2F11ssj96l6k!19sChIJC-fdk55FOoYRJ8fOlqU55uQ?authuser=0&hl=en&rclk=1,auto repair shop,Vernon Parish,county,LA,2026-07-30T10:24:11,0x863a459e93dde70b:0xe4e639a596cec727
MAG Automotive,(337) 495-0678,,,"429 Vernon St, New Llano, LA 71461, United States",429 Vernon St,New Llano,LA,71461,4.4,7,Auto repair shop,,,https://www.google.com/maps/place/MAG+Automotive/data=!4m7!3m6!1s0x863a4553b8c9bf91:0x44f01e70a582347d!8m2!3d31.1124285!4d-93.2821418!16s%2Fg%2F11zkpy7tnf!19sChIJkb_JuFNFOoYRfTSCpXAe8EQ?authuser=0&hl=en&rclk=1,auto repair shop,Vernon Parish,county,LA,2026-07-30T10:24:11,0x863a4553b8c9bf91:0x44f01e70a582347d
24/7 Armstrong Tire Shop & Auto Repair,(504) 777-8082,,,"1201 N Claiborne Ave, New Orleans, LA 70116, United States",1201 N Claiborne Ave,New Orleans,LA,70116,4.8,221,Tire shop,,,https://www.google.com/maps/place/24%2F7+Armstrong+Tire+Shop+%26+Auto+Repair/data=!4m7!3m6!1s0x8620a7bddfcb193b:0xd4043daa292fa9f6!8m2!3d29.9687391!4d-90.0696585!16s%2Fg%2F11h1vg5t8l!19sChIJOxnL372nIIYR9qkvKao9BNQ?authuser=0&hl=en&rclk=1,auto repair shop,New Orleans,city,LA,2026-07-30T11:44:45,0x8620a7bddfcb193b:0xd4043daa292fa9f6
A Vargas-Body Shop,(504) 891-2606,https://avargasbodyshop.com/,avargasbodyshp@att.net,"3317 Magazine St, New Orleans, LA 70115, United States",3317 Magazine St,New Orleans,LA,70115,4.7,68,Auto body shop,,,https://www.google.com/maps/place/A+Vargas-Body+Shop/data=!4m7!3m6!1s0x8620a4338cab6709:0x6e06aad48257a819!8m2!3d29.9233874!4d-90.0883961!16s%2Fg%2F1tjbsjdf!19sChIJCWerjDOkIIYRGahXgtSqBm4?authuser=0&hl=en&rclk=1,auto repair shop,New Orleans,city,LA,2026-07-30T11:44:45,0x8620a4338cab6709:0x6e06aad48257a819
Addison's Automotive LLC,(504) 287-3817,https://www.facebook.com/AddisonsRepair/,,"2642 Elysian Fields Ave, New Orleans, LA 70117, United States",2642 Elysian Fields Ave,New Orleans,LA,70117,4.3,43,Auto repair shop,,,https://www.google.com/maps/place/Addison%27s+Automotive+LLC/data=!4m7!3m6!1s0x8620a970fb7f46b3:0x48c53731600a4962!8m2!3d29.9846037!4d-90.0585575!16s%2Fg%2F11gh948q00!19sChIJs0Z_-3CpIIYRYkkKYDE3xUg?authuser=0&hl=en&rclk=1,auto repair shop,New Orleans,city,LA,2026-07-30T11:44:45,0x8620a970fb7f46b3:0x48c53731600a4962
Al & Al One Stop Tire Shop,(504) 373-6724,,,"8425 Earhart Blvd, New Orleans, LA 70118, United States",8425 Earhart Blvd,New Orleans,LA,70118,4.8,318,Tire shop,,,https://www.google.com/maps/place/Al+%26+Al+One+Stop+Tire+Shop/data=!4m7!3m6!1s0x8620a57a6d811329:0xdbb165ec628c9c49!8m2!3d29.9634508!4d-90.1183811!16s%2Fg%2F1vzqsmbj!19sChIJKROBbXqlIIYRSZyMYuxlsds?authuser=0&hl=en&rclk=1,auto repair shop,New Orleans,city,LA,2026-07-30T11:44:45,0x8620a57a6d811329:0xdbb165ec628c9c49
Aurora Auto Repair,(504) 367-9416,,,"3712 General Meyer Ave, New Orleans, LA 70114, United States",3712 General Meyer Ave,New Orleans,LA,70114,4.7,80,Auto repair shop,,,https://www.google.com/maps/place/Aurora+Auto+Repair/data=!4m7!3m6!1s0x8620a79816eeb857:0x807abfae81fab267!8m2!3d29.938696!4d-90.0176848!16s%2Fg%2F1tdpgkd3!19sChIJV7juFpinIIYRZ7L6ga6_eoA?authuser=0&hl=en&rclk=1,auto repair shop,St. John the Baptist Parish,county,LA,2026-07-30T08:30:09,0x8620a79816eeb857:0x807abfae81fab267
Auto Repair,(504) 324-5422,,,"5840 Chef Menteur Hwy, New Orleans, LA 70126, United States",5840 Chef Menteur Hwy,New Orleans,LA,70126,4.1,7,Auto repair shop,,,https://www.google.com/maps/place/Auto+Repair/data=!4m7!3m6!1s0x8620a8488606202b:0xc64c2110c057343b!8m2!3d30.0094134!4d-90.0212661!16s%2Fg%2F11bzz_nm8y!19sChIJKyAGhkioIIYROzRXwBAhTMY?authuser=0&hl=en&rclk=1,auto repair shop,New Orleans,city,LA,2026-07-30T11:44:45,0x8620a8488606202b:0xc64c2110c057343b
Auto Weirdos Auto,(504) 273-3118,,,"2801 Arts St, New Orleans, LA 70122, United States",2801 Arts St,New Orleans,LA,70122,5.0,13,Auto repair shop,,,https://www.google.com/maps/place/Auto+Weirdos+Auto/data=!4m7!3m6!1s0x8620a9af67b42a55:0xba70aa303efbd0e3!8m2!3d29.9873759!4d-90.0511552!16s%2Fg%2F11nbh6wv6g!19sChIJVSq0Z6-pIIYR49D7PjCqcLo?authuser=0&hl=en&rclk=1,auto repair shop,New Orleans,city,LA,2026-07-30T11:44:45,0x8620a9af67b42a55:0xba70aa303efbd0e3
BANKS STREET SERVICE STATION,(504) 484-7484,,,"4338 Banks St, New Orleans, LA 70119, United States",4338 Banks St,New Orleans,LA,70119,3.8,53,Auto repair shop,,,https://www.google.com/maps/place/BANKS+STREET+SERVICE+STATION/data=!4m7!3m6!1s0x8620a587601deeeb:0x8b85ae102fb12b72!8m2!3d29.9740307!4d-90.1065207!16s%2Fg%2F1wh4g6d1!19sChIJ6-4dYIelIIYRciuxLxCuhYs?authuser=0&hl=en&rclk=1,auto repair shop,New Orleans,city,LA,2026-07-30T11:44:45,0x8620a587601deeeb:0x8b85ae102fb12b72
Boudreaux's Automotive,(504) 822-1301,http://boudreauxsautomotivecare.com/,boudreauxs_automotivecare@aol.com,"1617 Gentilly Blvd, New Orleans, LA 70119, United States",1617 Gentilly Blvd,New Orleans,LA,70119,4.9,744,Auto repair shop,,,https://www.google.com/maps/place/Boudreaux%27s+Automotive/data=!4m7!3m6!1s0x8620a5efa8692a59:0x9ced1ea7d7acec57!8m2!3d29.980692!4d-90.07766!16s%2Fg%2F1tx_6qlk!19sChIJWSppqO-lIIYRV-ys16ce7Zw?authuser=0&hl=en&rclk=1,auto repair shop,New Orleans,city,LA,2026-07-30T11:44:45,0x8620a5efa8692a59:0x9ced1ea7d7acec57
Cacamo's Auto Repair,(504) 822-2770,,,"2205 Bienville St, New Orleans, LA 70119, United States",2205 Bienville St,New Orleans,LA,70119,4.6,113,Auto repair shop,,,https://www.google.com/maps/place/Cacamo%27s+Auto+Repair/data=!4m7!3m6!1s0x8620a5fb1666d215:0x1607775dfa23c055!8m2!3d29.9642213!4d-90.0807726!16s%2Fg%2F1tcxvlpk!19sChIJFdJmFvulIIYRVcAj-l13BxY?authuser=0&hl=en&rclk=1,auto repair shop,St. John the Baptist Parish,county,LA,2026-07-30T08:30:09,0x8620a5fb1666d215:0x1607775dfa23c055
Cijis Auto & Motorcycle Repair,(504) 488-0323,,,"415 N St Patrick St, New Orleans, LA 70119, United States",415 N St Patrick St,New Orleans,LA,70119,4.7,93,Auto repair shop,,,https://www.google.com/maps/place/Cijis+Auto+%26+Motorcycle+Repair/data=!4m7!3m6!1s0x8620af7b104cc5f9:0x9eafddfee544aea3!8m2!3d29.9817991!4d-90.1044188!16s%2Fg%2F1tsr3kmv!19sChIJ-cVMEHuvIIYRo65E5f7dr54?authuser=0&hl=en&rclk=1,auto repair shop,St. John the Baptist Parish,county,LA,2026-07-30T08:30:09,0x8620af7b104cc5f9:0x9eafddfee544aea3
Circle Auto Electric Co,(504) 522-5419,,,"1124 Baronne St, New Orleans, LA 70113, United States",1124 Baronne St,New Orleans,LA,70113,4.5,57,Auto repair shop,,,https://www.google.com/maps/place/Circle+Auto+Electric+Co/data=!4m7!3m6!1s0x8620a5d895b77ebf:0x6c6e75b4d8086ade!8m2!3d29.9430208!4d-90.0758469!16s%2Fg%2F1thxlf2r!19sChIJv363ldilIIYR3moI2LR1bmw?authuser=0&hl=en&rclk=1,auto repair shop,New Orleans,city,LA,2026-07-30T11:44:45,0x8620a5d895b77ebf:0x6c6e75b4d8086ade
Claiborne Auto Repair,(504) 309-3771,,,"3009 Washington Ave, New Orleans, LA 70125, United States",3009 Washington Ave,New Orleans,LA,70125,4.3,38,Auto repair shop,,,https://www.google.com/maps/place/Claiborne+Auto+Repair/data=!4m7!3m6!1s0x8620a5b8ec49c4bb:0x9725a522d89028f2!8m2!3d29.9431528!4d-90.0947515!16s%2Fg%2F11cs2hkbkq!19sChIJu8RJ7LilIIYR8iiQ2CKlJZc?authuser=0&hl=en&rclk=1,auto repair shop,New Orleans,city,LA,2026-07-30T11:44:45,0x8620a5b8ec49c4bb:0x9725a522d89028f2
Claude Bean's Auto Care & Tire,(504) 945-9726,https://claudebeansbodyshop.com/,,"2110 Poland Ave, New Orleans, LA 70117, United States",2110 Poland Ave,New Orleans,LA,70117,4.4,33,Auto body shop,,,https://www.google.com/maps/place/Claude+Bean%27s+Auto+Care+%26+Tire/data=!4m7!3m6!1s0x8620a8784366eeeb:0xd3c4d1b39dda7191!8m2!3d29.9757198!4d-90.0297734!16s%2Fg%2F11t287f6t9!19sChIJ6-5mQ3ioIIYRkXHanbPRxNM?authuser=0&hl=en&rclk=1,auto repair shop,New Orleans,city,LA,2026-07-30T11:44:45,0x8620a8784366eeeb:0xd3c4d1b39dda7191
Cottman Transmission & Total Auto Care,(504) 298-8969,https://www.cottman.com/,,"7801 Earhart Blvd suite b, New Orleans, LA 70125, United States",7801 Earhart Blvd suite b,New Orleans,LA,70125,3.9,139,Auto repair shop,,,https://www.google.com/maps/place/Cottman+Transmission+%26+Total+Auto+Care/data=!4m7!3m6!1s0x8620a577d1993b5d:0x55170aeac5b7256a!8m2!3d29.9600971!4d-90.1125761!16s%2Fg%2F1vqth44x!19sChIJXTuZ0XelIIYRaiW3xeoKF1U?authuser=0&hl=en&rclk=1,auto repair shop,New Orleans,city,LA,2026-07-30T11:44:45,0x8620a577d1993b5d:0x55170aeac5b7256a
Delta Plus Tires,(504) 941-7850,,,"6700 Chef Menteur Hwy, New Orleans, LA 70126, United States",6700 Chef Menteur Hwy,New Orleans,LA,70126,4.9,697,Tire shop,,,https://www.google.com/maps/place/Delta+Plus+Tires/data=!4m7!3m6!1s0x8620a91ec9095b37:0xf356a4e0dc748452!8m2!3d30.010656!4d-90.010256!16s%2Fg%2F11w7kxch0d!19sChIJN1sJyR6pIIYRUoR03OCkVvM?authuser=0&hl=en&rclk=1,auto repair shop,New Orleans,city,LA,2026-07-30T11:44:45,0x8620a91ec9095b37:0xf356a4e0dc748452
Delta World Tire,(504) 386-3274,https://www.deltaworldtire.com/locations/la/neworleans/auto-repair-407-north-broad-st?utm_source=local_listing&utm_medium=organic&utm_campaign=store_7002,customercare@sun.auto,"407 N Broad St, New Orleans, LA 70119, United States",407 N Broad St,New Orleans,LA,70119,4.8,958,Tire shop,,,https://www.google.com/maps/place/Delta+World+Tire/data=!4m7!3m6!1s0x8620a5f0cab57c41:0xc3e01a5d188231fa!8m2!3d29.968554!4d-90.085428!16s%2Fg%2F1tvgvpyj!19sChIJQXy1yvClIIYR-jGCGF0a4MM?authuser=0&hl=en&rclk=1,auto repair shop,New Orleans,city,LA,2026-07-30T11:44:45,0x8620a5f0cab57c41:0xc3e01a5d188231fa
Done Right Automotive,(817) 899-2796,,,"4037 N Galvez St, New Orleans, LA 70117, United States",4037 N Galvez St,New Orleans,LA,70117,4.8,5,Auto repair shop,,,https://www.google.com/maps/place/Done+Right+Automotive/data=!4m7!3m6!1s0x8620a9244b8cb61f:0x9f87acc2eef0d53f!8m2!3d29.9759561!4d-90.0315691!16s%2Fg%2F11trhnpv6b!19sChIJH7aMSySpIIYRP9Xw7sKsh58?authuser=0&hl=en&rclk=1,auto repair shop,New Orleans,city,LA,2026-07-30T11:44:45,0x8620a9244b8cb61f:0x9f87acc2eef0d53f
Frankie's Auto Repair,(314) 369-1038,,,"615 S Telemachus St, New Orleans, LA 70119, United States",615 S Telemachus St,New Orleans,LA,70119,4.7,48,Auto repair shop,,,https://www.google.com/maps/place/Frankie%27s+Auto+Repair/data=!4m7!3m6!1s0x8620a58f3a728d53:0xa3f2c00519c35021!8m2!3d29.9673684!4d-90.1010073!16s%2Fg%2F1thmfrqy!19sChIJU41yOo-lIIYRIVDDGQXA8qM?authuser=0&hl=en&rclk=1,auto repair shop,St. John the Baptist Parish,county,LA,2026-07-30T08:30:09,0x8620a58f3a728d53:0xa3f2c00519c35021
GR Automotive,(504) 894-8777,https://www.facebook.com/pages/GR-Automotive/480326505328367,,"1004 Louisiana Ave, New Orleans, LA 70115, United States",1004 Louisiana Ave,New Orleans,LA,70115,4.7,117,Auto repair shop,,,https://www.google.com/maps/place/GR+Automotive/data=!4m7!3m6!1s0x8620a43401b25037:0xe46f7cb4a7828f4b!8m2!3d29.9220908!4d-90.0890089!16s%2Fg%2F11b6dvjrn8!19sChIJN1CyATSkIIYRS4-Cp7R8b-Q?authuser=0&hl=en&rclk=1,auto repair shop,New Orleans,city,LA,2026-07-30T11:44:45,0x8620a43401b25037:0xe46f7cb4a7828f4b
General auto llc,(504) 273-8243,,,"6801 Chef Menteur Hwy, New Orleans, LA 70126, United States",6801 Chef Menteur Hwy,New Orleans,LA,70126,4.2,35,Auto repair shop,,,https://www.google.com/maps/place/General+auto+llc/data=!4m7!3m6!1s0x8620a82fcd66e30d:0xec7a8af4e29d49dd!8m2!3d30.0115057!4d-90.0087241!16s%2Fg%2F11gd37hdnc!19sChIJDeNmzS-oIIYR3Umd4vSKeuw?authuser=0&hl=en&rclk=1,auto repair shop,New Orleans,city,LA,2026-07-30T11:44:45,0x8620a82fcd66e30d:0xec7a8af4e29d49dd
In & Out Auto Repair llc,(504) 223-4311,,,"2637 N Claiborne Ave, New Orleans, LA 70117, United States",2637 N Claiborne Ave,New Orleans,LA,70117,4.5,29,Auto repair shop,,,https://www.google.com/maps/place/In+%26+Out+Auto+Repair+llc/data=!4m7!3m6!1s0x8620a9112c45d2fd:0x6f9f1cc2e7c48796!8m2!3d29.9741126!4d-90.0476589!16s%2Fg%2F11qmb9076v!19sChIJ_dJFLBGpIIYRlofE58Icn28?authuser=0&hl=en&rclk=1,auto repair shop,St. John the Baptist Parish,county,LA,2026-07-30T08:30:09,0x8620a9112c45d2fd:0x6f9f1cc2e7c48796
Lewis Automotive & Tire Services,(504) 309-2174,,,"601 South Clark Street and, D'Hemecourt St, New Orleans, LA 70119, United States","601 South Clark Street and, D'Hemecourt St",New Orleans,LA,70119,4.5,66,Tire shop,,,https://www.google.com/maps/place/Lewis+Automotive+%26+Tire+Services/data=!4m7!3m6!1s0x8620af7d2cb3dc1b:0x1c2c48dfe16c3e46!8m2!3d29.9664542!4d-90.099183!16s%2Fg%2F1tykvr65!19sChIJG9yzLH2vIIYRRj5s4d9ILBw?authuser=0&hl=en&rclk=1,auto repair shop,New Orleans,city,LA,2026-07-30T11:44:45,0x8620af7d2cb3dc1b:0x1c2c48dfe16c3e46
Louis Auto Electric,(504) 822-8773,,,"2718 S Miro St, New Orleans, LA 70125, United States",2718 S Miro St,New Orleans,LA,70125,4.6,78,Auto repair shop,,,https://www.google.com/maps/place/Louis+Auto+Electric/data=!4m7!3m6!1s0x8620a5be85a2d20d:0xee0aeeeae904f7b7!8m2!3d29.9473739!4d-90.0975745!16s%2Fg%2F1tf6bdjp!19sChIJDdKihb6lIIYRt_cE6eruCu4?authuser=0&hl=en&rclk=1,auto repair shop,New Orleans,city,LA,2026-07-30T11:44:45,0x8620a5be85a2d20d:0xee0aeeeae904f7b7
Mark's Midcity Services Station,(504) 488-0618,http://www.marksmidcityservicestation.com/,,"4440 S Carrollton Ave, New Orleans, LA 70119, United States",4440 S Carrollton Ave,New Orleans,LA,70119,4.7,144,Auto repair shop,,,https://www.google.com/maps/place/Mark%27s+Midcity+Services+Station/data=!4m7!3m6!1s0x8620a587cec91489:0x3cce56166e9758c3!8m2!3d29.9716166!4d-90.1031613!16s%2Fg%2F1tqtb0m1!19sChIJiRTJzoelIIYRw1iXbhZWzjw?authuser=0&hl=en&rclk=1,auto repair shop,New Orleans,city,LA,2026-07-30T11:44:45,0x8620a587cec91489:0x3cce56166e9758c3
"Mark's Tire Shop & Muffler LLC , established 8/16/2023",(504) 354-9396,,,"5229 St Claude Ave, New Orleans, LA 70117, United States",5229 St Claude Ave,New Orleans,LA,70117,4.7,246,Muffler shop,,,"https://www.google.com/maps/place/Mark%27s+Tire+Shop+%26+Muffler+LLC+,+established+8%2F16%2F2023/data=!4m7!3m6!1s0x8620a7006f527df7:0xa631ba20a2f6135e!8m2!3d29.9624399!4d-90.019795!16s%2Fg%2F11y2yjt4qc!19sChIJ931SbwCnIIYRXhP2oiC6MaY?authuser=0&hl=en&rclk=1",auto repair shop,New Orleans,city,LA,2026-07-30T11:44:45,0x8620a7006f527df7:0xa631ba20a2f6135e
MotorMen Auto Service,(504) 758-5664,,,"3030 Earhart Blvd, New Orleans, LA 70125, United States",3030 Earhart Blvd,New Orleans,LA,70125,4.6,33,Auto repair shop,,,https://www.google.com/maps/place/MotorMen+Auto+Service/data=!4m7!3m6!1s0x8620a5c213aa7c6f:0x176faa43a1f65640!8m2!3d29.9499357!4d-90.0875173!16s%2Fg%2F11csshf_z7!19sChIJb3yqE8KlIIYRQFb2oUOqbxc?authuser=0&hl=en&rclk=1,auto repair shop,New Orleans,city,LA,2026-07-30T11:44:45,0x8620a5c213aa7c6f:0x176faa43a1f65640
My Shop,(504) 947-3600,https://www.facebook.com/myshopnola/,,"1811 Law St, New Orleans, LA 70119, United States",1811 Law St,New Orleans,LA,70119,4.6,56,Auto repair shop,,,https://www.google.com/maps/place/My+Shop/data=!4m7!3m6!1s0x8620a8adcc0d9f67:0x317481bcaa487151!8m2!3d29.9831352!4d-90.0709366!16s%2Fg%2F1tgdjbsw!19sChIJZ58NzK2oIIYRUXFIqryBdDE?authuser=0&hl=en&rclk=1,auto repair shop,New Orleans,city,LA,2026-07-30T11:44:45,0x8620a8adcc0d9f67:0x317481bcaa487151
NOLA Automotive Repairs,(504) 299-9800,https://www.nolaautomotiverepairs.com/?utm_source=google&utm_medium=gmbhome&utm_campaign=neworleans&utm_term=autorepairshop&utm_content=idgmb,,"2100 Earhart Blvd, New Orleans, LA 70113, United States",2100 Earhart Blvd,New Orleans,LA,70113,4.7,699,Auto repair shop,,,https://www.google.com/maps/place/NOLA+Automotive+Repairs/data=!4m7!3m6!1s0x8620a5dc07956471:0xe601b64b25ee7b19!8m2!3d29.9452122!4d-90.0798522!16s%2Fg%2F11f2wdkxc1!19sChIJcWSVB9ylIIYRGXvuJUu2AeY?authuser=0&hl=en&rclk=1,auto repair shop,New Orleans,city,LA,2026-07-30T11:44:45,0x8620a5dc07956471:0xe601b64b25ee7b19
NOLA Mobile Mechanics,(504) 527-8051,https://nolamobilemechanic.com/,,"500 N Bernadotte St, New Orleans, LA 70119, United States",500 N Bernadotte St,New Orleans,LA,70119,3.7,9,Auto repair shop,,,https://www.google.com/maps/place/NOLA+Mobile+Mechanics/data=!4m7!3m6!1s0x8620af0059dd0e9f:0xf461cbc04f26d7f3!8m2!3d29.98264!4d-90.1046478!16s%2Fg%2F11vm013wpr!19sChIJnw7dWQCvIIYR89cmT8DLYfQ?authuser=0&hl=en&rclk=1,auto repair shop,New Orleans,city,LA,2026-07-30T11:44:45,0x8620af0059dd0e9f:0xf461cbc04f26d7f3
Nola Body Masters,(504) 515-7795,http://nolabodymasters.com/,buffmaster30@gmail.com,"2200 St Ferdinand St, New Orleans, LA 70117, United States",2200 St Ferdinand St,New Orleans,LA,70117,4.9,183,Auto body shop,,,https://www.google.com/maps/place/Nola+Body+Masters/data=!4m7!3m6!1s0x8620a91f83d64283:0x1aa3e7e546c1df47!8m2!3d29.9801046!4d-90.0450487!16s%2Fg%2F11g0lh3fkt!19sChIJg0LWgx-pIIYRR9_BRuXnoxo?authuser=0&hl=en&rclk=1,auto repair shop,New Orleans,city,LA,2026-07-30T11:44:45,0x8620a91f83d64283:0x1aa3e7e546c1df47
One Stop Auto Repairs,(504) 302-2167,,,"2645 N Miro St, New Orleans, LA 70117, United States",2645 N Miro St,New Orleans,LA,70117,4.6,32,Auto repair shop,,,https://www.google.com/maps/place/One+Stop+Auto+Repairs/data=!4m7!3m6!1s0x8620a884a42e0a91:0x1bb6ca2eb764efc1!8m2!3d29.9802259!4d-90.0458936!16s%2Fg%2F1tcz_wq6!19sChIJkQoupISoIIYRwe9kty7Kths?authuser=0&hl=en&rclk=1,auto repair shop,St. John the Baptist Parish,county,LA,2026-07-30T08:30:09,0x8620a884a42e0a91:0x1bb6ca2eb764efc1
Park Place Tire & Auto,(504) 894-8899,,,"2841 Tchoupitoulas St, New Orleans, LA 70115, United States",2841 Tchoupitoulas St,New Orleans,LA,70115,4.5,167,Auto repair shop,,,https://www.google.com/maps/place/Park+Place+Tire+%26+Auto/data=!4m7!3m6!1s0x8620a42ecbb94c73:0xde244e82bac92061!8m2!3d29.9203571!4d-90.0795101!16s%2Fg%2F1tfkr3kj!19sChIJc0y5yy6kIIYRYSDJuoJOJN4?authuser=0&hl=en&rclk=1,auto repair shop,New Orleans,city,LA,2026-07-30T11:44:45,0x8620a42ecbb94c73:0xde244e82bac92061
Paul's Automotive,(504) 488-2511,https://usmapid.org/details/paul-s-automotive-ChIJXbM,,"509 David St Suite 7, New Orleans, LA 70119, United States",509 David St Suite 7,New Orleans,LA,70119,4.1,21,Auto repair shop,,,https://www.google.com/maps/place/Paul%27s+Automotive/data=!4m7!3m6!1s0x8620af63e729b35d:0xcba95cdcb24fb476!8m2!3d29.9786305!4d-90.0985219!16s%2Fg%2F1tdnx7v1!19sChIJXbMp52OvIIYRdrRPstxcqcs?authuser=0&hl=en&rclk=1,auto repair shop,New Orleans,city,LA,2026-07-30T11:44:45,0x8620af63e729b35d:0xcba95cdcb24fb476
Phase III Body Shop,(504) 452-8295,,,"8401 Olive St, New Orleans, LA 70118, United States",8401 Olive St,New Orleans,LA,70118,4.6,37,Auto repair shop,,,https://www.google.com/maps/place/Phase+III+Body+Shop/data=!4m7!3m6!1s0x8620a5790ab21497:0x6f4fb78a29008926!8m2!3d29.9654171!4d-90.1155788!16s%2Fg%2F1xcbpzzb!19sChIJlxSyCnmlIIYRJokAKYq3T28?authuser=0&hl=en&rclk=1,auto repair shop,St. John the Baptist Parish,county,LA,2026-07-30T08:30:09,0x8620a5790ab21497:0x6f4fb78a29008926
Rainbow Auto,(504) 478-6303,,,"2728 Conti St, New Orleans, LA 70119, United States",2728 Conti St,New Orleans,LA,70119,4.6,121,Auto repair shop,,,https://www.google.com/maps/place/Rainbow+Auto/data=!4m7!3m6!1s0x8620a512b051c951:0x763808c1370a23fe!8m2!3d29.9685121!4d-90.0860683!16s%2Fg%2F11gj_8sgkf!19sChIJUclRsBKlIIYR_iMKN8EIOHY?authuser=0&hl=en&rclk=1,auto repair shop,St. John the Baptist Parish,county,LA,2026-07-30T08:30:09,0x8620a512b051c951:0x763808c1370a23fe
Smiling Chuck's,(504) 702-8530,https://www.facebook.com/smilingchucks/,,"1501 S Norman C. Francis Pkwy, New Orleans, LA 70125, United States",1501 S Norman C. Francis Pkwy,New Orleans,LA,70125,4.5,92,Auto repair shop,,,https://www.google.com/maps/place/Smiling+Chuck%27s/data=!4m7!3m6!1s0x8620a59968835a59:0xf4f316f89e1cb8e0!8m2!3d29.955725!4d-90.105767!16s%2Fg%2F11c5zpts56!19sChIJWVqDaJmlIIYR4LgcnvgW8_Q?authuser=0&hl=en&rclk=1,auto repair shop,New Orleans,city,LA,2026-07-30T11:44:45,0x8620a59968835a59:0xf4f316f89e1cb8e0
SpeeDee Oil Change & Auto Service,(504) 948-1971,https://www.speedeeoil.com/locations/us/la/new-orleans/2601-esplanade-ave,email@address.com,"2601 Esplanade Ave, New Orleans, LA 70119, United States",2601 Esplanade Ave,New Orleans,LA,70119,4.7,1048,Oil change service,,,https://www.google.com/maps/place/SpeeDee+Oil+Change+%26+Auto+Service/data=!4m7!3m6!1s0x8620af55c9bce3a1:0x5e3b0bd0c046ec0!8m2!3d29.9765151!4d-90.0782419!16s%2Fg%2F1tfwkqfd!19sChIJoeO8yVWvIIYRwG4EDL2w4wU?authuser=0&hl=en&rclk=1,auto repair shop,New Orleans,city,LA,2026-07-30T11:44:45,0x8620af55c9bce3a1:0x5e3b0bd0c046ec0
SpeeDee Oil Change & Auto Service,(504) 482-7002,https://www.speedeeoil.com/locations/us/la/new-orleans/3333-s-carrollton-ave,email@address.com,"3333 S Carrollton Ave, New Orleans, LA 70118, United States",3333 S Carrollton Ave,New Orleans,LA,70118,4.5,192,Oil change service,,,https://www.google.com/maps/place/SpeeDee+Oil+Change+%26+Auto+Service/data=!4m7!3m6!1s0x8620a5781b7fe80f:0x1d07c4505d5ee78a!8m2!3d29.9627599!4d-90.1127092!16s%2Fg%2F1tpn2y7t!19sChIJD-h_G3ilIIYRiudeXVDEBx0?authuser=0&hl=en&rclk=1,auto repair shop,New Orleans,city,LA,2026-07-30T11:44:45,0x8620a5781b7fe80f:0x1d07c4505d5ee78a
Stafford's Automotive,(504) 362-9872,,,"839 Nunez St, New Orleans, LA 70114, United States",839 Nunez St,New Orleans,LA,70114,4.7,32,Auto body shop,,,https://www.google.com/maps/place/Stafford%27s+Automotive/data=!4m7!3m6!1s0x8620a646cc7538bb:0x505165f7f0704dfd!8m2!3d29.9468892!4d-90.0512664!16s%2Fg%2F1wrtd6d0!19sChIJuzh1zEamIIYR_U1w8PdlUVA?authuser=0&hl=en&rclk=1,auto repair shop,New Orleans,city,LA,2026-07-30T11:44:45,0x8620a646cc7538bb:0x505165f7f0704dfd
TMC Auto Repair,(504) 274-9513,,,"4330 Laine Ave, New Orleans, LA 70126, United States",4330 Laine Ave,New Orleans,LA,70126,4.8,11,Auto repair shop,,,https://www.google.com/maps/place/TMC+Auto+Repair/data=!4m7!3m6!1s0x889e03abd3a23e4d:0x81489cb7703d45c!8m2!3d30.0145617!4d-89.9904183!16s%2Fg%2F11h90zjcvg!19sChIJTT6i06sDnogRXNQDd8uJFAg?authuser=0&hl=en&rclk=1,auto repair shop,New Orleans,city,LA,2026-07-30T11:44:45,0x889e03abd3a23e4d:0x81489cb7703d45c
The Bomb Factory NOLA,(504) 236-7259,http://www.thebombfactorynola.com/,info@thebombfactorynola.com,"4537 N Robertson St, New Orleans, LA 70117, United States",4537 N Robertson St,New Orleans,LA,70117,4.5,72,Car repair and maintenance service,,,https://www.google.com/maps/place/The+Bomb+Factory+NOLA/data=!4m7!3m6!1s0x8620a7d756914333:0xf3788df88b2c08b0!8m2!3d29.9687015!4d-90.0281233!16s%2Fg%2F1pp2vblnt!19sChIJM0ORVtenIIYRsAgsi_iNePM?authuser=0&hl=en&rclk=1,auto repair shop,St. John the Baptist Parish,county,LA,2026-07-30T08:30:09,0x8620a7d756914333:0xf3788df88b2c08b0
Tim's Quality Car Care,(504) 831-7450,https://timsquality.com/,,"320 N Salcedo St, New Orleans, LA 70119, United States",320 N Salcedo St,New Orleans,LA,70119,4.9,604,Auto repair shop,,,https://www.google.com/maps/place/Tim%27s+Quality+Car+Care/data=!4m7!3m6!1s0x8620afbf1d179f51:0x754178d536c63dab!8m2!3d29.9703615!4d-90.0893529!16s%2Fg%2F1thr7jlh!19sChIJUZ8XHb-vIIYRqz3GNtV4QXU?authuser=0&hl=en&rclk=1,auto repair shop,New Orleans,city,LA,2026-07-30T11:44:45,0x8620afbf1d179f51:0x754178d536c63dab
Tire Town Auto Service,(504) 949-2703,http://www.tiretownstores.com/,ardoyle@tiretownstores.com,"4020 Old Gentilly Rd, New Orleans, LA 70126, United States",4020 Old Gentilly Rd,New Orleans,LA,70126,4.6,525,Tire shop,,,https://www.google.com/maps/place/Tire+Town+Auto+Service/data=!4m7!3m6!1s0x8620a8f3e5c1b6f5:0xc364a78243ca9661!8m2!3d30.0022222!4d-90.0427778!16s%2Fg%2F1tf5qlh3!19sChIJ9bbB5fOoIIYRYZbKQ4KnZMM?authuser=0&hl=en&rclk=1,auto repair shop,New Orleans,city,LA,2026-07-30T11:44:45,0x8620a8f3e5c1b6f5:0xc364a78243ca9661
solutions auto Repair,(504) 822-2611,,,"n 70119, 1128 N Broad St, New Orleans, LA 70119, United States","n 70119, 1128 N Broad St",New Orleans,LA,70119,3.9,40,Auto repair shop,,,https://www.google.com/maps/place/solutions+auto+Repair/data=!4m7!3m6!1s0x8620af5600f7408d:0x9d0da16af8a1858d!8m2!3d29.974228!4d-90.079454!16s%2Fg%2F11b7lm4vsh!19sChIJjUD3AFavIIYRjYWh-GqhDZ0?authuser=0&hl=en&rclk=1,auto repair shop,New Orleans,city,LA,2026-07-30T11:44:45,0x8620af5600f7408d:0x9d0da16af8a1858d
Danny's Automotive,(225) 638-3217,,,"2205 Hospital Rd, New Roads, LA 70760, United States",2205 Hospital Rd,New Roads,LA,70760,4.4,25,Auto repair shop,,,https://www.google.com/maps/place/Danny%27s+Automotive/data=!4m7!3m6!1s0x862439d6f3be5fa9:0x367bb9db6de8783c!8m2!3d30.698891!4d-91.4761482!16s%2Fg%2F1tgw5d32!19sChIJqV--89Y5JIYRPHjobdu5ezY?authuser=0&hl=en&rclk=1,auto repair shop,West Feliciana Parish,county,LA,2026-07-30T11:19:39,0x862439d6f3be5fa9:0x367bb9db6de8783c
TREADS & CARE TIRE CO.,(225) 638-4511,https://www.treadsandcaretire.com/,,"1713 Hospital Rd, New Roads, LA 70760, United States",1713 Hospital Rd,New Roads,LA,70760,4.7,112,Tire shop,,,https://www.google.com/maps/place/TREADS+%26+CARE+TIRE+CO./data=!4m7!3m6!1s0x862439c167716c93:0x6fab56963759d1ec!8m2!3d30.6954172!4d-91.4736339!16s%2Fg%2F11cmnzy4w8!19sChIJk2xxZ8E5JIYR7NFZN5ZWq28?authuser=0&hl=en&rclk=1,auto repair shop,West Feliciana Parish,county,LA,2026-07-30T11:19:39,0x862439c167716c93:0x6fab56963759d1ec
GeauxAutoTechs,(318) 535-3385,http://geauxautotechs.com/,,"108 Walker St, Newellton, LA 71357, United States",108 Walker St,Newellton,LA,71357,,,Car repair and maintenance service,,,https://www.google.com/maps/place/GeauxAutoTechs/data=!4m7!3m6!1s0x862f35901133c2c3:0x8175e0872c81c31e!8m2!3d32.0718078!4d-91.2283175!16s%2Fg%2F11vssf20_m!19sChIJw8IzEZA1L4YRHsOBLIfgdYE?authuser=0&hl=en&rclk=1,auto repair shop,Tensas Parish,county,LA,2026-07-30T09:33:29,0x862f35901133c2c3:0x8175e0872c81c31e
Newellton Auto Care,(318) 467-6092,,,"1853 LA-605, Newellton, LA 71357, United States",1853 LA-605,Newellton,LA,71357,,,Car detailing service,,,https://www.google.com/maps/place/Newellton+Auto+Care/data=!4m7!3m6!1s0x862f35230a3e77b1:0x51c34769ea114aad!8m2!3d32.0750713!4d-91.2347993!16s%2Fg%2F11y408j07l!19sChIJsXc-CiM1L4YRrUoR6mlHw1E?authuser=0&hl=en&rclk=1,auto repair shop,Tensas Parish,county,LA,2026-07-30T09:33:29,0x862f35230a3e77b1:0x51c34769ea114aad
A & B Repair,(318) 680-5945,,,"525 Par Rd 364, Oak Grove, LA 71263, United States",525 Par Rd 364,Oak Grove,LA,71263,3.4,5,Auto repair shop,,,https://www.google.com/maps/place/A+%26+B+Repair/data=!4m7!3m6!1s0x862eba16895fb8b9:0x57ddc72ffae52108!8m2!3d32.8117177!4d-91.3705051!16s%2Fg%2F11fzfcmrf4!19sChIJubhfiRa6LoYRCCHl-i_H3Vc?authuser=0&hl=en&rclk=1,auto repair shop,West Carroll Parish,county,LA,2026-07-30T11:08:20,0x862eba16895fb8b9:0x57ddc72ffae52108
Irby Repair Service,(318) 428-4488,,,"495 Chambless, Oak Grove, LA 71263, United States",495 Chambless,Oak Grove,LA,71263,4.6,36,Auto repair shop,,,https://www.google.com/maps/place/Irby+Repair+Service/data=!4m7!3m6!1s0x862ebaec5b15007f:0x3a16116bd3a7c2d3!8m2!3d32.7833602!4d-91.3759969!16s%2Fg%2F1tk6_wg8!19sChIJfwAVW-y6LoYR08Kn02sRFjo?authuser=0&hl=en&rclk=1,auto repair shop,West Carroll Parish,county,LA,2026-07-30T11:08:20,0x862ebaec5b15007f:0x3a16116bd3a7c2d3
M & R Repair Services,(318) 428-4308,,,"1897 LA-879, Oak Grove, LA 71263, United States",1897 LA-879,Oak Grove,LA,71263,4.5,2,Auto repair shop,,,https://www.google.com/maps/place/M+%26+R+Repair+Services/data=!4m7!3m6!1s0x862ebca16a829b7d:0xd5620f2bf330a7f!8m2!3d32.8720093!4d-91.4472174!16s%2Fg%2F1td7zg2m!19sChIJfZuCaqG8LoYRfwozv_IgVg0?authuser=0&hl=en&rclk=1,auto repair shop,West Carroll Parish,county,LA,2026-07-30T11:08:20,0x862ebca16a829b7d:0xd5620f2bf330a7f
Oak Grove Auto Electric,(318) 418-2991,,,"608 N Briggs St #2550, Oak Grove, LA 71263, United States",608 N Briggs St #2550,Oak Grove,LA,71263,4.9,10,Auto repair shop,,,https://www.google.com/maps/place/Oak+Grove+Auto+Electric/data=!4m7!3m6!1s0x862ebaea56f106b7:0x820a685db2e93d0d!8m2!3d32.8668281!4d-91.3876086!16s%2Fg%2F1tjs59g2!19sChIJtwbxVuq6LoYRDT3psl1oCoI?authuser=0&hl=en&rclk=1,auto repair shop,West Carroll Parish,county,LA,2026-07-30T11:08:20,0x862ebaea56f106b7:0x820a685db2e93d0d
Wendell's Auto Repair,(318) 428-7453,,,"114 N Briggs St, Oak Grove, LA 71263, United States",114 N Briggs St,Oak Grove,LA,71263,4.9,18,Auto repair shop,,,https://www.google.com/maps/place/Wendell%27s+Auto+Repair/data=!4m7!3m6!1s0x862ebaec5f5a8983:0xa349d43a51db96eb!8m2!3d32.8617995!4d-91.3878122!16s%2Fg%2F1xb2dypb!19sChIJg4laX-y6LoYR65bbUTrUSaM?authuser=0&hl=en&rclk=1,auto repair shop,West Carroll Parish,county,LA,2026-07-30T11:08:20,0x862ebaec5f5a8983:0xa349d43a51db96eb
Chris's Paint & Body,(318) 335-3974,,,"316 S 10th St, Oakdale, LA 71463, United States",316 S 10th St,Oakdale,LA,71463,4.7,40,Auto body shop,,,https://www.google.com/maps/place/Chris%27s+Paint+%26+Body/data=!4m7!3m6!1s0x863b26f9c2bdbd1f:0xcfd7b6caace8d68a!8m2!3d30.8120087!4d-92.6621402!16s%2Fg%2F1tm2b138!19sChIJH729wvkmO4YRitborMq2188?authuser=0&hl=en&rclk=1,auto repair shop,Allen Parish,county,LA,2026-07-29T09:58:43,0x863b26f9c2bdbd1f:0xcfd7b6caace8d68a
Doyle’s Garage,(337) 499-4022,,,"108 W Beck Ave, Oakdale, LA 71463, United States",108 W Beck Ave,Oakdale,LA,71463,3.2,5,Auto repair shop,,,https://www.google.com/maps/place/Doyle%E2%80%99s+Garage/data=!4m7!3m6!1s0x863b276c720ea319:0x296a091d28989139!8m2!3d30.8216807!4d-92.6644651!16s%2Fg%2F11mvb5jdw1!19sChIJGaMOcmwnO4YROZGYKB0Jaik?authuser=0&hl=en&rclk=1,auto repair shop,Allen Parish,county,LA,2026-07-29T09:58:43,0x863b276c720ea319:0x296a091d28989139
Harper's Body Shop & Garage,(318) 335-2921,,,"355 US-165, Oakdale, LA 71463, United States",355 US-165,Oakdale,LA,71463,4.0,2,Auto body shop,,,https://www.google.com/maps/place/Harper%27s+Body+Shop+%26+Garage/data=!4m7!3m6!1s0x863b26fef4f3792d:0xc4ac39ddfc16baaa!8m2!3d30.8223075!4d-92.6612169!16s%2Fg%2F1v29cdbl!19sChIJLXnz9P4mO4YRqroW_N05rMQ?authuser=0&hl=en&rclk=1,auto repair shop,Allen Parish,county,LA,2026-07-29T09:58:43,0x863b26fef4f3792d:0xc4ac39ddfc16baaa
Melvins Full Service Auto Detail,(318) 335-0717,,,"417 US-165, Oakdale, LA 71463, United States",417 US-165,Oakdale,LA,71463,4.9,19,Car repair and maintenance service,,,https://www.google.com/maps/place/Melvins+Full+Service+Auto+Detail/data=!4m7!3m6!1s0x863b27003e806dd5:0x7f9086db64585662!8m2!3d30.8238396!4d-92.6604503!16s%2Fg%2F11h3vc0yj3!19sChIJ1W2APgAnO4YRYlZYZNuGkH8?authuser=0&hl=en&rclk=1,auto repair shop,Allen Parish,county,LA,2026-07-29T09:58:43,0x863b27003e806dd5:0x7f9086db64585662
"Oakdale Glass, LLC",(318) 335-0679,,,"467 US-165, Oakdale, LA 71463, United States",467 US-165,Oakdale,LA,71463,5.0,37,Auto glass shop,,,"https://www.google.com/maps/place/Oakdale+Glass,+LLC/data=!4m7!3m6!1s0x863b27a8f6bc0cc7:0x99b09e35c70c38c0!8m2!3d30.82516!4d-92.65966!16s%2Fg%2F1wtbv7zc!19sChIJxwy89qgnO4YRwDgMxzWesJk?authuser=0&hl=en&rclk=1",auto repair shop,Allen Parish,county,LA,2026-07-29T09:58:43,0x863b27a8f6bc0cc7:0x99b09e35c70c38c0
Richard's Tire,(318) 335-2709,https://locations.bumpertobumper.com/la/oakdale/1447384/,,"705 US-165, Oakdale, LA 71463, United States",705 US-165,Oakdale,LA,71463,4.5,159,Tire shop,,,https://www.google.com/maps/place/Richard%27s+Tire/data=!4m7!3m6!1s0x863b27a8f6bbeef3:0x33d6bdf2963560b6!8m2!3d30.8010975!4d-92.6731884!16s%2Fg%2F1262z69wz!19sChIJ8-679qgnO4YRtmA1lvK91jM?authuser=0&hl=en&rclk=1,auto repair shop,Allen Parish,county,LA,2026-07-29T09:58:43,0x863b27a8f6bbeef3:0x33d6bdf2963560b6
Vaughn Ford Lincoln Service,(318) 335-0710,https://www.vaughnfordoakdale.com/,,"835 US-165, Oakdale, LA 71463, United States",835 US-165,Oakdale,LA,71463,5.0,1,Auto repair shop,,,https://www.google.com/maps/place/Vaughn+Ford+Lincoln+Service/data=!4m7!3m6!1s0x863b2774b11ea7d9:0xb8592c5b96a84c06!8m2!3d30.8167525!4d-92.658557!16s%2Fg%2F11t0rg79mh!19sChIJ2acesXQnO4YRBkyollssWbg?authuser=0&hl=en&rclk=1,auto repair shop,Allen Parish,county,LA,2026-07-29T09:58:43,0x863b2774b11ea7d9:0xb8592c5b96a84c06
Adam's unlimited carworks,(337) 508-8316,,,"104 6th Ave, Oberlin, LA 70655, United States",104 6th Ave,Oberlin,LA,70655,5.0,2,Auto repair shop,,,https://www.google.com/maps/place/Adam%27s+unlimited+carworks/data=!4m7!3m6!1s0x863b3d2e0fca729b:0x511cf37c24584cfc!8m2!3d30.6202508!4d-92.7632545!16s%2Fg%2F11svwg3fzd!19sChIJm3LKDy49O4YR_ExYJHzzHFE?authuser=0&hl=en&rclk=1,auto repair shop,Allen Parish,county,LA,2026-07-29T09:58:43,0x863b3d2e0fca729b:0x511cf37c24584cfc
Reggie's Mobile Mechanic LLC,(337) 459-6902,,,"724 8th St, Oberlin, LA 70655, United States",724 8th St,Oberlin,LA,70655,,,Auto repair shop,,,https://www.google.com/maps/place/Reggie%27s+Mobile+Mechanic+LLC/data=!4m7!3m6!1s0x863b3dd95334df87:0x7006689fc086b948!8m2!3d30.6090651!4d-92.7575263!16s%2Fg%2F11rv06ptf_!19sChIJh980U9k9O4YRSLmGwJ9oBnA?authuser=0&hl=en&rclk=1,auto repair shop,Allen Parish,county,LA,2026-07-29T09:58:43,0x863b3dd95334df87:0x7006689fc086b948
Hobbs 165 Service Center,(318) 502-2723,,,"4344 Main St, Olla, LA 71465, United States",4344 Main St,Olla,LA,71465,4.7,7,Tire repair shop,,,https://www.google.com/maps/place/Hobbs+165+Service+Center/data=!4m7!3m6!1s0x862fe9d98429803b:0xf6cdc83a2e9c8442!8m2!3d31.893515!4d-92.238327!16s%2Fg%2F11l2gwfzkx!19sChIJO4AphNnpL4YRQoScLjrIzfY?authuser=0&hl=en&rclk=1,auto repair shop,Winn Parish,county,LA,2026-07-30T11:37:04,0x862fe9d98429803b:0xf6cdc83a2e9c8442
Michaelautocare&repairs LLC,(318) 334-5917,,,"1547 Plum, Olla, LA 71465, United States",1547 Plum,Olla,LA,71465,,,Mechanic,,,https://www.google.com/maps/place/Michaelautocare%26repairs+LLC/data=!4m7!3m6!1s0x862f834d8dc9c411:0xc9c0e1917f7952a2!8m2!3d31.9003464!4d-92.2365434!16s%2Fg%2F11yd5d3kjh!19sChIJEcTJjU2DL4YRolJ5f5HhwMk?authuser=0&hl=en&rclk=1,auto repair shop,Catahoula Parish,county,LA,2026-07-29T11:59:56,0x862f834d8dc9c411:0xc9c0e1917f7952a2
Seaward's Automotive Repair,(318) 312-0311,,,"2280 W Front, Olla, LA 71465, United States",2280 W Front,Olla,LA,71465,5.0,5,Auto repair shop,,,https://www.google.com/maps/place/Seaward%27s+Automotive+Repair/data=!4m7!3m6!1s0x862fe9fe25e464bd:0xa0d905ca58b69f7e!8m2!3d31.9082359!4d-92.2357469!16s%2Fg%2F11sr84p_nj!19sChIJvWTkJf7pL4YRfp-2WMoF2aA?authuser=0&hl=en&rclk=1,auto repair shop,Winn Parish,county,LA,2026-07-30T11:37:03,0x862fe9fe25e464bd:0xa0d905ca58b69f7e
Taylor's Auto Body,(318) 495-5002,,,"3090 Front St, Olla, LA 71465, United States",3090 Front St,Olla,LA,71465,4.9,14,Auto body shop,,,https://www.google.com/maps/place/Taylor%27s+Auto+Body/data=!4m7!3m6!1s0x862fe93f8efed651:0xf671decbbdda15bc!8m2!3d31.9029366!4d-92.2439864!16s%2Fg%2F1tk681bs!19sChIJUdb-jj_pL4YRvBXavcvecfY?authuser=0&hl=en&rclk=1,auto repair shop,Caldwell Parish,county,LA,2026-07-29T11:39:29,0x862fe93f8efed651:0xf671decbbdda15bc
2020 New/Used Tires,(337) 407-5124,,,"306 E Landry St, Opelousas, LA 70570, United States",306 E Landry St,Opelousas,LA,70570,4.3,110,Tire shop,,,https://www.google.com/maps/place/2020+New%2FUsed+Tires/data=!4m7!3m6!1s0x8624eb42218604bd:0x2f7bc48bd38fbf87!8m2!3d30.5324771!4d-92.0808993!16s%2Fg%2F11c3kg8f8w!19sChIJvQSGIULrJIYRh7-P04vEey8?authuser=0&hl=en&rclk=1,auto repair shop,St. Landry Parish,county,LA,2026-07-30T08:48:39,0x8624eb42218604bd:0x2f7bc48bd38fbf87
3 Bros auto shop,(337) 290-8969,,,"8199 LA-182, Opelousas, LA 70570, United States",8199 LA-182,Opelousas,LA,70570,5.0,1,Auto repair shop,,,https://www.google.com/maps/place/3+Bros+auto+shop/data=!4m7!3m6!1s0x8624ebca40424ceb:0x5fe1532372449758!8m2!3d30.5511195!4d-92.0758847!16s%2Fg%2F11z8jm0xq4!19sChIJ60xCQMrrJIYRWJdEciNT4V8?authuser=0&hl=en&rclk=1,auto repair shop,St. Landry Parish,county,LA,2026-07-30T08:48:39,0x8624ebca40424ceb:0x5fe1532372449758
A Plus Glass,(337) 948-6177,https://aplusglassla.com/,,"602 W Vine St, Opelousas, LA 70570, United States",602 W Vine St,Opelousas,LA,70570,4.8,85,Auto glass shop,,,https://www.google.com/maps/place/A+Plus+Glass/data=!4m7!3m6!1s0x8624eb3e3f09067f:0x10edddb2aa620665!8m2!3d30.5332307!4d-92.0897074!16s%2Fg%2F1tgdnxwx!19sChIJfwYJPz7rJIYRZQZiqrLd7RA?authuser=0&hl=en&rclk=1,auto repair shop,St. Landry Parish,county,LA,2026-07-30T08:48:39,0x8624eb3e3f09067f:0x10edddb2aa620665
AL's Tires & More,(337) 678-1235,,,"817 S Union St, Opelousas, LA 70570, United States",817 S Union St,Opelousas,LA,70570,4.7,192,Tire shop,,,https://www.google.com/maps/place/AL%27s+Tires+%26+More/data=!4m7!3m6!1s0x8624eb4688d232a5:0x87c5b3a3dfd33261!8m2!3d30.5260814!4d-92.0819723!16s%2Fg%2F11f400y9b1!19sChIJpTLSiEbrJIYRYTLT36OzxYc?authuser=0&hl=en&rclk=1,auto repair shop,St. Landry Parish,county,LA,2026-07-30T08:48:39,0x8624eb4688d232a5:0x87c5b3a3dfd33261
Acadian Tire & Trailer Sales,(337) 948-3226,http://www.acadiantire.com/,sales@acadiantire.com,"604 N Market St, Opelousas, LA 70570, United States",604 N Market St,Opelousas,LA,70570,4.7,69,Tire shop,,,https://www.google.com/maps/place/Acadian+Tire+%26+Trailer+Sales/data=!4m7!3m6!1s0x8624eb6b99ad06d5:0xb7c4ffa0bc445792!8m2!3d30.5389495!4d-92.082989!16s%2Fg%2F1vxz9_3h!19sChIJ1QatmWvrJIYRkldEvKD_xLc?authuser=0&hl=en&rclk=1,auto repair shop,St. Landry Parish,county,LA,2026-07-30T08:48:39,0x8624eb6b99ad06d5:0xb7c4ffa0bc445792
Antoine Auto Services,(337) 948-9086,,,"809 W Vine St, Opelousas, LA 70570, United States",809 W Vine St,Opelousas,LA,70570,5.0,12,Auto body shop,,,https://www.google.com/maps/place/Antoine+Auto+Services/data=!4m7!3m6!1s0x8624eb3dec7c6cc1:0x4bbe1e61abe138!8m2!3d30.5328855!4d-92.092313!16s%2Fg%2F1vm7bttv!19sChIJwWx87D3rJIYROOGrYR6-SwA?authuser=0&hl=en&rclk=1,auto repair shop,St. Landry Parish,county,LA,2026-07-30T08:48:39,0x8624eb3dec7c6cc1:0x4bbe1e61abe138
Bayou State Tire,(337) 948-9112,https://www.bayoustatetire.com/,,"621 W Landry St, Opelousas, LA 70570, United States",621 W Landry St,Opelousas,LA,70570,4.7,148,Tire shop,,,https://www.google.com/maps/place/Bayou+State+Tire/data=!4m7!3m6!1s0x8624eb3e18a361eb:0x37ae44ec05bbf557!8m2!3d30.5336466!4d-92.090021!16s%2Fg%2F11b6j7z356!19sChIJ62GjGD7rJIYRV_W7BexErjc?authuser=0&hl=en&rclk=1,auto repair shop,St. Landry Parish,county,LA,2026-07-30T08:48:39,0x8624eb3e18a361eb:0x37ae44ec05bbf557
Beaux Small Engines,(337) 305-2366,,,"253 Dillard Rd, Opelousas, LA 70570, United States",253 Dillard Rd,Opelousas,LA,70570,5.0,1,ATV repair shop,,,https://www.google.com/maps/place/Beaux+Small+Engines/data=!4m7!3m6!1s0x8624c144156e1861:0xe0e9fca13ee4ff8d!8m2!3d30.5999318!4d-92.1800551!16s%2Fg%2F11stpjgzgp!19sChIJYRhuFUTBJIYRjf_kPqH86eA?authuser=0&hl=en&rclk=1,auto repair shop,St. Landry Parish,county,LA,2026-07-30T08:48:39,0x8624c144156e1861:0xe0e9fca13ee4ff8d
Custom Muffler Shop,(337) 948-4712,,,"1437 W Landry St, Opelousas, LA 70570, United States",1437 W Landry St,Opelousas,LA,70570,4.8,47,Muffler shop,,,https://www.google.com/maps/place/Custom+Muffler+Shop/data=!4m7!3m6!1s0x8624eb188e30f851:0x2b3d36f2104786a5!8m2!3d30.5349406!4d-92.0996539!16s%2Fg%2F1td13mv8!19sChIJUfgwjhjrJIYRpYZHEPI2PSs?authuser=0&hl=en&rclk=1,auto repair shop,St. Landry Parish,county,LA,2026-07-30T08:48:39,0x8624eb188e30f851:0x2b3d36f2104786a5
D C Electric,(337) 407-1700,,,"8591 LA-182, Opelousas, LA 70570, United States",8591 LA-182,Opelousas,LA,70570,4.4,10,Alternator supplier,,,https://www.google.com/maps/place/D+C+Electric/data=!4m7!3m6!1s0x8624eb7a1b9f252b:0x4a84e4b90828aa84!8m2!3d30.5612074!4d-92.0736425!16s%2Fg%2F1tfsc63b!19sChIJKyWfG3rrJIYRhKooCLnkhEo?authuser=0&hl=en&rclk=1,auto repair shop,St. Landry Parish,county,LA,2026-07-30T08:48:39,0x8624eb7a1b9f252b:0x4a84e4b90828aa84
Danny's Tire World Tire Pros,(337) 948-1999,https://dannystireworld.com/,,"6011 I-49, Opelousas, LA 70570, United States",6011 I-49,Opelousas,LA,70570,4.4,378,Tire shop,,,https://www.google.com/maps/place/Danny%27s+Tire+World+Tire+Pros/data=!4m7!3m6!1s0x8624ec6b47318245:0x7d538bf5fcfa6411!8m2!3d30.5195362!4d-92.069705!16s%2Fg%2F1td1vtc0!19sChIJRYIxR2vsJIYREWT6_PWLU30?authuser=0&hl=en&rclk=1,auto repair shop,St. Landry Parish,county,LA,2026-07-30T08:48:39,0x8624ec6b47318245:0x7d538bf5fcfa6411
Don's Car Care & Tire Center,(337) 948-6949,http://doncarcareandtirecenter.com/,,"228 S Bullard St, Opelousas, LA 70570, United States",228 S Bullard St,Opelousas,LA,70570,4.4,126,Auto repair shop,,,https://www.google.com/maps/place/Don%27s+Car+Care+%26+Tire+Center/data=!4m7!3m6!1s0x8624eb1887b22355:0x9a69837ad67b872e!8m2!3d30.5343203!4d-92.0990975!16s%2Fg%2F1tgd6x6c!19sChIJVSOyhxjrJIYRLod71nqDaZo?authuser=0&hl=en&rclk=1,auto repair shop,St. Landry Parish,county,LA,2026-07-30T08:48:39,0x8624eb1887b22355:0x9a69837ad67b872e
Doucet Towing,(337) 942-2662,https://doucettowing.com/?utm_source=omg-gbp&utm_medium=webclick,doucettowing@gmail.com,"15631 US-190, Opelousas, LA 70570, United States",15631 US-190,Opelousas,LA,70570,4.9,30,Towing service,,,https://www.google.com/maps/place/Doucet+Towing/data=!4m7!3m6!1s0x8624edcf4bc52345:0xb4d1ae3af41e4613!8m2!3d30.5414472!4d-92.0268589!16s%2Fg%2F11y6f3k0z8!19sChIJRSPFS8_tJIYRE0Ye9Dqu0bQ?authuser=0&hl=en&rclk=1,auto repair shop,St. Landry Parish,county,LA,2026-07-30T08:48:39,0x8624edcf4bc52345:0xb4d1ae3af41e4613
Doucet's Paint & Body Shop,(337) 351-4014,http://doucetspaintandbodyshop.com/?utm_source=gmb&utm_medium=referral,,"1333 LA-749, Opelousas, LA 70570, United States",1333 LA-749,Opelousas,LA,70570,2.0,4,Auto body shop,,,https://www.google.com/maps/place/Doucet%27s+Paint+%26+Body+Shop/data=!4m7!3m6!1s0x8624eb9d33a63613:0xb787910d8f63c37!8m2!3d30.564367!4d-92.0900548!16s%2Fg%2F11f9y6wvg2!19sChIJEzamM53rJIYRNzz22BB5eAs?authuser=0&hl=en&rclk=1,auto repair shop,St. Landry Parish,county,LA,2026-07-30T08:48:39,0x8624eb9d33a63613:0xb787910d8f63c37
Duane's paint and body,(337) 678-9863,,,"441 St Patrick Ave, Opelousas, LA 70570, United States",441 St Patrick Ave,Opelousas,LA,70570,,,Auto repair shop,,,https://www.google.com/maps/place/Duane%27s+paint+and+body/data=!4m7!3m6!1s0x8624c1e8684bc2f1:0xded330595816ac2d!8m2!3d30.5331284!4d-92.1640842!16s%2Fg%2F11l4nfbj0m!19sChIJ8cJLaOjBJIYRLawWWFkw094?authuser=0&hl=en&rclk=1,auto repair shop,St. Landry Parish,county,LA,2026-07-30T08:48:39,0x8624c1e8684bc2f1:0xded330595816ac2d
Estilettes Paint & Body Shop,(337) 585-6111,,,"16624 US-190, Opelousas, LA 70570, United States",16624 US-190,Opelousas,LA,70570,5.0,5,Auto body shop,,,https://www.google.com/maps/place/Estilettes+Paint+%26+Body+Shop/data=!4m7!3m6!1s0x8624f4efc78dff31:0xc9e5ba719a9d4fea!8m2!3d30.5472827!4d-91.9967132!16s%2Fg%2F1tdl6h5_!19sChIJMf-Nx-_0JIYR6k-dmnG65ck?authuser=0&hl=en&rclk=1,auto repair shop,St. Landry Parish,county,LA,2026-07-30T08:48:39,0x8624f4efc78dff31:0xc9e5ba719a9d4fea
George's Auto Repair,(337) 942-1390,,,"317 Perry Ln, Opelousas, LA 70570, United States",317 Perry Ln,Opelousas,LA,70570,4.5,17,Auto repair shop,,,https://www.google.com/maps/place/George%27s+Auto+Repair/data=!4m7!3m6!1s0x8624eb6edc9827df:0xae96794fa375c525!8m2!3d30.5413956!4d-92.0788701!16s%2Fg%2F1tdz55qc!19sChIJ3yeY3G7rJIYRJcV1o095lq4?authuser=0&hl=en&rclk=1,auto repair shop,St. Landry Parish,county,LA,2026-07-30T08:48:39,0x8624eb6edc9827df:0xae96794fa375c525
Giles Nissan Opelousas Service,(337) 942-2277,https://www.gilesnissanopelousas.com/schedule-service.htm?_cl=Odve2CE7aJcEQzBXmnzUUGXN,,"4383 Interstate 49 South Service Rd, Opelousas, LA 70570, United States",4383 Interstate 49 South Service Rd,Opelousas,LA,70570,4.7,192,Auto repair shop,,,https://www.google.com/maps/place/Giles+Nissan+Opelousas+Service/data=!4m7!3m6!1s0x862495b32a95ad6f:0x4271bd35f452fac9!8m2!3d30.4799736!4d-92.0781896!16s%2Fg%2F11mv_djsy7!19sChIJb62VKrOVJIYRyfpS9DW9cUI?authuser=0&hl=en&rclk=1,auto repair shop,St. Landry Parish,county,LA,2026-07-30T08:48:39,0x862495b32a95ad6f:0x4271bd35f452fac9
Hot Spot Radiator,(337) 942-2605,,,"2416 W Landry St, Opelousas, LA 70570, United States",2416 W Landry St,Opelousas,LA,70570,3.4,9,Auto repair shop,,,https://www.google.com/maps/place/Hot+Spot+Radiator/data=!4m7!3m6!1s0x8624eae777404087:0x17a1f7a73eb7ae8e!8m2!3d30.5348878!4d-92.112935!16s%2Fg%2F1tfk9cm6!19sChIJh0BAd-fqJIYRjq63Pqf3oRc?authuser=0&hl=en&rclk=1,auto repair shop,St. Landry Parish,county,LA,2026-07-30T08:48:39,0x8624eae777404087:0x17a1f7a73eb7ae8e
L & L Auto Service,(337) 948-9060,,,"405 W Landry St, Opelousas, LA 70570, United States",405 W Landry St,Opelousas,LA,70570,,,Used tire shop,,,https://www.google.com/maps/place/L+%26+L+Auto+Service/data=!4m7!3m6!1s0x8624eb3fe897fe7f:0x90af6e82c4c3e5c3!8m2!3d30.5334701!4d-92.0871157!16s%2Fg%2F11c6l8sl64!19sChIJf_6X6D_rJIYRw-XDxIJur5A?authuser=0&hl=en&rclk=1,auto repair shop,St. Landry Parish,county,LA,2026-07-30T08:48:39,0x8624eb3fe897fe7f:0x90af6e82c4c3e5c3
Leger's Wheel Alignment Services,(337) 942-6374,,,"801 S Railroad Ave, Opelousas, LA 70570, United States",801 S Railroad Ave,Opelousas,LA,70570,4.9,64,Tire shop,,,https://www.google.com/maps/place/Leger%27s+Wheel+Alignment+Services/data=!4m7!3m6!1s0x8624eb393c7fd3e9:0xfb4b89dfb1effd1b!8m2!3d30.5274308!4d-92.0889045!16s%2Fg%2F1tycx00n!19sChIJ6dN_PDnrJIYRG_3vsd-JS_s?authuser=0&hl=en&rclk=1,auto repair shop,St. Landry Parish,county,LA,2026-07-30T08:48:39,0x8624eb393c7fd3e9:0xfb4b89dfb1effd1b
Matt's Mobile Auto Repair & Service,(337) 308-2290,,,"1234 W South St, Opelousas, LA 70570, United States",1234 W South St,Opelousas,LA,70570,4.5,85,Car repair and maintenance service,,,https://www.google.com/maps/place/Matt%27s+Mobile+Auto+Repair+%26+Service/data=!4m7!3m6!1s0x8624eb3475878c15:0x640b18c94e17157b!8m2!3d30.5330461!4d-92.0970367!16s%2Fg%2F11j4cr3r_h!19sChIJFYyHdTTrJIYRexUXTskYC2Q?authuser=0&hl=en&rclk=1,auto repair shop,St. Landry Parish,county,LA,2026-07-30T08:48:39,0x8624eb3475878c15:0x640b18c94e17157b
No Limit Car Audio / Slab Customs,(337) 447-0478,,,"538 S Union St, Opelousas, LA 70570, United States",538 S Union St,Opelousas,LA,70570,5.0,80,Electronics store,,,https://www.google.com/maps/place/No+Limit+Car+Audio+%2F+Slab+Customs/data=!4m7!3m6!1s0x8624eb414d5e41b9:0xc59f70ed587611f0!8m2!3d30.5286899!4d-92.0820101!16s%2Fg%2F11dz22059r!19sChIJuUFeTUHrJIYR8BF2WO1wn8U?authuser=0&hl=en&rclk=1,auto repair shop,St. Landry Parish,county,LA,2026-07-30T08:48:39,0x8624eb414d5e41b9:0xc59f70ed587611f0
Opelousas Motor Supply Co,(337) 942-3507,,,"1011 W Landry St, Opelousas, LA 70570, United States",1011 W Landry St,Opelousas,LA,70570,4.5,33,Auto repair shop,,,https://www.google.com/maps/place/Opelousas+Motor+Supply+Co/data=!4m7!3m6!1s0x8624eb17d9d97d57:0x8a6d5f78ba561af3!8m2!3d30.5342942!4d-92.094268!16s%2Fg%2F1hbpwrz5d!19sChIJV33Z2RfrJIYR8xpWunhfbYo?authuser=0&hl=en&rclk=1,auto repair shop,St. Landry Parish,county,LA,2026-07-30T08:48:39,0x8624eb17d9d97d57:0x8a6d5f78ba561af3
Roadside Tire Tech,(337) 591-3312,http://www.tiretechservices.com/,tiretechservice@yahoo.com,"MOBILE SERVICE ONLY, 112 Honeysuckle Dr, Opelousas, LA 70570, United States","MOBILE SERVICE ONLY, 112 Honeysuckle Dr",Opelousas,LA,70570,4.8,119,Tire service,,,https://www.google.com/maps/place/Roadside+Tire+Tech/data=!4m7!3m6!1s0x86249fe3bf639545:0xf75bbaf884810d2c!8m2!3d30.5055316!4d-92.0862451!16s%2Fg%2F11f5ld1r18!19sChIJRZVjv-OfJIYRLA2BhPi6W_c?authuser=0&hl=en&rclk=1,auto repair shop,St. Landry Parish,county,LA,2026-07-30T08:48:39,0x86249fe3bf639545:0xf75bbaf884810d2c
Ronald's Auto Repair,(337) 948-3136,,,"216 S Railroad Ave, Opelousas, LA 70570, United States",216 S Railroad Ave,Opelousas,LA,70570,1.8,4,Transmission shop,,,https://www.google.com/maps/place/Ronald%27s+Auto+Repair/data=!4m7!3m6!1s0x8624eb3fce1b2559:0xacf18276ce80c3fb!8m2!3d30.533236!4d-92.0885267!16s%2Fg%2F1tcyxstk!19sChIJWSUbzj_rJIYR-8OAznaC8aw?authuser=0&hl=en&rclk=1,auto repair shop,St. Landry Parish,county,LA,2026-07-30T08:48:39,0x8624eb3fce1b2559:0xacf18276ce80c3fb
Roy Motors Chevrolet Service,(337) 381-0528,http://www.roychevy.com/,,"929 N Main St, Opelousas, LA 70570, United States",929 N Main St,Opelousas,LA,70570,4.1,31,Car repair and maintenance service,,,https://www.google.com/maps/place/Roy+Motors+Chevrolet+Service/data=!4m7!3m6!1s0x8624eb6e90bbeb85:0x6c59f7ec016126b!8m2!3d30.5424012!4d-92.0809631!16s%2Fg%2F11b6rvfl4m!19sChIJheu7kG7rJIYRaxIWwH6fxQY?authuser=0&hl=en&rclk=1,auto repair shop,St. Landry Parish,county,LA,2026-07-30T08:48:39,0x8624eb6e90bbeb85:0x6c59f7ec016126b
Sarges RV Mobile Onsite Service and Repair,(337) 351-9083,,,"2226 Ledoux Cir, Opelousas, LA 70570, United States",2226 Ledoux Cir,Opelousas,LA,70570,4.5,2,Repair service,,,https://www.google.com/maps/place/Sarges+RV+Mobile+Onsite+Service+and+Repair/data=!4m7!3m6!1s0x8624ebe19ddd092f:0xf3b3b5491d893263!8m2!3d30.5403838!4d-92.1039008!16s%2Fg%2F11j0tbh_m6!19sChIJLwndneHrJIYRYzKJHUm1s_M?authuser=0&hl=en&rclk=1,auto repair shop,St. Landry Parish,county,LA,2026-07-30T08:48:39,0x8624ebe19ddd092f:0xf3b3b5491d893263
Savoy & Co Glass Works,(337) 407-0010,,,"1827 Jake Dr, Opelousas, LA 70570, United States",1827 Jake Dr,Opelousas,LA,70570,4.7,52,Auto glass shop,,,https://www.google.com/maps/place/Savoy+%26+Co+Glass+Works/data=!4m7!3m6!1s0x8624eb53c421888b:0x4f60ac4e0d8e4ca6!8m2!3d30.5131086!4d-92.073056!16s%2Fg%2F1vr1w_b4!19sChIJi4ghxFPrJIYRpkyODU6sYE8?authuser=0&hl=en&rclk=1,auto repair shop,St. Landry Parish,county,LA,2026-07-30T08:48:39,0x8624eb53c421888b:0x4f60ac4e0d8e4ca6
Seven Brothers Paint & Body Shop,(337) 948-4188,,,"117 Par Rd 5-201, Opelousas, LA 70570, United States",117 Par Rd 5-201,Opelousas,LA,70570,3.0,2,Auto body shop,,,https://www.google.com/maps/place/Seven+Brothers+Paint+%26+Body+Shop/data=!4m7!3m6!1s0x8624ebc01311d03f:0xd46597027c22fbc0!8m2!3d30.581825!4d-92.08948!16s%2Fg%2F1tdg84t5!19sChIJP9ARE8DrJIYRwPsifAKXZdQ?authuser=0&hl=en&rclk=1,auto repair shop,St. Landry Parish,county,LA,2026-07-30T08:48:39,0x8624ebc01311d03f:0xd46597027c22fbc0
Speedco Truck Lube and Tires,(337) 594-6199,https://www.loves.com/locations/875,store875@loves.com,"4158 I-49 Frontage Rd, Opelousas, LA 70570, United States",4158 I-49 Frontage Rd,Opelousas,LA,70570,4.0,13,Truck repair shop,,,https://www.google.com/maps/place/Speedco+Truck+Lube+and+Tires/data=!4m7!3m6!1s0x86249584b00a2f2d:0x876a1c053e301ba2!8m2!3d30.477176!4d-92.0741198!16s%2Fg%2F11vf1v9lh0!19sChIJLS8KsISVJIYRohswPgUcaoc?authuser=0&hl=en&rclk=1,auto repair shop,St. Landry Parish,county,LA,2026-07-30T08:48:39,0x86249584b00a2f2d:0x876a1c053e301ba2
St. Landry Towing & Recovery,(337) 351-5143,,,"873 Miller Rd, Opelousas, LA 70570, United States",873 Miller Rd,Opelousas,LA,70570,4.7,18,Towing service,,,https://www.google.com/maps/place/St.+Landry+Towing+%26+Recovery/data=!4m7!3m6!1s0x8624951501b5ba0f:0x5c5384e2f3c227ca!8m2!3d30.4597613!4d-92.1134232!16s%2Fg%2F11xcr0yr8y!19sChIJD7q1ARWVJIYRyifC8-KEU1w?authuser=0&hl=en&rclk=1,auto repair shop,St. Landry Parish,county,LA,2026-07-30T08:48:39,0x8624951501b5ba0f:0x5c5384e2f3c227ca
Sterling Buick GMC Service and Parts,(337) 942-3516,http://sterlingbuickgmc.com/?utm_source=gmbsls&utm_medium=social&utm_campaign=gmbsls,,"5853 Frontage Rd. I 49 South, 5853 Interstate 49 South Service Rd, Opelousas, LA 70570, United States","5853 Frontage Rd. I 49 South, 5853 Interstate 49 South Service Rd",Opelousas,LA,70570,4.4,26,Auto repair shop,,,https://www.google.com/maps/place/Sterling+Buick+GMC+Service+and+Parts/data=!4m7!3m6!1s0x8624ebc3ebe1115b:0xccb538bb941fbf9c!8m2!3d30.5170421!4d-92.0700988!16s%2Fg%2F11gynknjzp!19sChIJWxHh68PrJIYRnL8flLs4tcw?authuser=0&hl=en&rclk=1,auto repair shop,St. Landry Parish,county,LA,2026-07-30T08:48:39,0x8624ebc3ebe1115b:0xccb538bb941fbf9c
Sterling Chrysler Jeep Dodge Ram Service and Parts,(337) 942-1241,https://www.sterlingchryslerdodgejeep.net/?utm_source=gmbsls&utm_medium=social&utm_campaign=gmbsls,,"5504 I-49 Frontage Rd, Opelousas, LA 70570, United States",5504 I-49 Frontage Rd,Opelousas,LA,70570,4.6,34,Auto repair shop,,,https://www.google.com/maps/place/Sterling+Chrysler+Jeep+Dodge+Ram+Service+and+Parts/data=!4m7!3m6!1s0x8624ebd82273a6d3:0x4af2cfc0c6aa8918!8m2!3d30.5136906!4d-92.0682858!16s%2Fg%2F11fjkprwrn!19sChIJ06ZzItjrJIYRGImqxsDP8ko?authuser=0&hl=en&rclk=1,auto repair shop,St. Landry Parish,county,LA,2026-07-30T08:48:39,0x8624ebd82273a6d3:0x4af2cfc0c6aa8918
Sterling Collision Center,(337) 942-3516,https://www.saveatsterling.com/body-shop/,,"5853 Interstate 49 South Service Rd, Opelousas, LA 70570, United States",5853 Interstate 49 South Service Rd,Opelousas,LA,70570,3.3,6,Auto body shop,,,https://www.google.com/maps/place/Sterling+Collision+Center/data=!4m7!3m6!1s0x8624eb800a377563:0xd73af99e8786af48!8m2!3d30.5175899!4d-92.0706761!16s%2Fg%2F11h3btrtn8!19sChIJY3U3CoDrJIYRSK-Gh575Otc?authuser=0&hl=en&rclk=1,auto repair shop,St. Landry Parish,county,LA,2026-07-30T08:48:39,0x8624eb800a377563:0xd73af99e8786af48
Sterling Ford Service,(337) 942-2686,https://www.sterlingfordopelousas.com/,,"5524 I-49 Frontage Rd, Opelousas, LA 70570, United States",5524 I-49 Frontage Rd,Opelousas,LA,70570,4.2,13,Auto repair shop,,,https://www.google.com/maps/place/Sterling+Ford+Service/data=!4m7!3m6!1s0x8624eb550a812c67:0x9c4f9c943f614a63!8m2!3d30.5143755!4d-92.0676778!16s%2Fg%2F11fz4dlkf7!19sChIJZyyBClXrJIYRY0phP5ScT5w?authuser=0&hl=en&rclk=1,auto repair shop,St. Landry Parish,county,LA,2026-07-30T08:48:39,0x8624eb550a812c67:0x9c4f9c943f614a63
Steve's Auto Repair,(337) 942-9056,,,"323 Pavy Rd, Opelousas, LA 70570, United States",323 Pavy Rd,Opelousas,LA,70570,3.9,39,Auto repair shop,,,https://www.google.com/maps/place/Steve%27s+Auto+Repair/data=!4m7!3m6!1s0x8624ec7884710821:0xdd4d29ab54c42a51!8m2!3d30.5658734!4d-92.0661699!16s%2Fg%2F1tghdhfs!19sChIJIQhxhHjsJIYRUSrEVKspTd0?authuser=0&hl=en&rclk=1,auto repair shop,St. Landry Parish,county,LA,2026-07-30T08:48:39,0x8624ec7884710821:0xdd4d29ab54c42a51
Stewart's Auto Repair,(337) 942-5166,https://sites.google.com/stewartsautorepair.com/stewartsautomotiverepair/home,harlys@stewartsautorepair.com,"608 E Landry St, Opelousas, LA 70570, United States",608 E Landry St,Opelousas,LA,70570,4.8,24,Auto repair shop,,,https://www.google.com/maps/place/Stewart%27s+Auto+Repair/data=!4m7!3m6!1s0x8624eba8206158b7:0x486c6bed7e4b517e!8m2!3d30.5320752!4d-92.0772812!16s%2Fg%2F11vwh137w6!19sChIJt1hhIKjrJIYRflFLfu1rbEg?authuser=0&hl=en&rclk=1,auto repair shop,St. Landry Parish,county,LA,2026-07-30T08:48:39,0x8624eba8206158b7:0x486c6bed7e4b517e
Taylors Service Center,(337) 942-2986,,,"1430 N Main St, Opelousas, LA 70570, United States",1430 N Main St,Opelousas,LA,70570,4.2,32,Auto repair shop,,,https://www.google.com/maps/place/Taylors+Service+Center/data=!4m7!3m6!1s0x8624eb6e89e5dcdb:0x16c9dad35a954d7a!8m2!3d30.547379!4d-92.0792383!16s%2Fg%2F1td1q797!19sChIJ29zliW7rJIYRek2VWtPayRY?authuser=0&hl=en&rclk=1,auto repair shop,St. Landry Parish,county,LA,2026-07-30T08:48:39,0x8624eb6e89e5dcdb:0x16c9dad35a954d7a
Team Honda of Acadiana,(337) 381-3600,,,"4312 I-49 Frontage Rd, Opelousas, LA 70570, United States",4312 I-49 Frontage Rd,Opelousas,LA,70570,,,Auto repair shop,,,https://www.google.com/maps/place/Team+Honda+of+Acadiana/data=!4m7!3m6!1s0x86249500178e048b:0x30605ebefea321d4!8m2!3d30.4788056!4d-92.0740357!16s%2Fg%2F11xynb04n2!19sChIJiwSOFwCVJIYR1CGj_r5eYDA?authuser=0&hl=en&rclk=1,auto repair shop,St. Landry Parish,county,LA,2026-07-30T08:48:39,0x86249500178e048b:0x30605ebefea321d4
Team Honda of Acadiana Service Center,(337) 381-3604,https://www.teamhondaofacadiana.com/service-center-opelousas.html?utm_source=google&utm_medium=Organic&utm_campaign=gmb,,"4312 I-49 Frontage Rd, Opelousas, LA 70570, United States",4312 I-49 Frontage Rd,Opelousas,LA,70570,5.0,3,Auto repair shop,,,https://www.google.com/maps/place/Team+Honda+of+Acadiana+Service+Center/data=!4m7!3m6!1s0x86249593ea56590f:0xfcf58ffdfab750c!8m2!3d30.4826549!4d-92.075021!16s%2Fg%2F11src9m_9n!19sChIJD1lW6pOVJIYRDHWr3_9Yzw8?authuser=0&hl=en&rclk=1,auto repair shop,St. Landry Parish,county,LA,2026-07-30T08:48:39,0x86249593ea56590f:0xfcf58ffdfab750c
The Works,(337) 678-1611,,,"8250 LA-182, Opelousas, LA 70570, United States",8250 LA-182,Opelousas,LA,70570,4.6,14,Auto body shop,,,https://www.google.com/maps/place/The+Works/data=!4m7!3m6!1s0x8624eb79f2dcd621:0xe8655e74ceba90a9!8m2!3d30.5523976!4d-92.0749134!16s%2Fg%2F1tjs595y!19sChIJIdbc8nnrJIYRqZC6znReZeg?authuser=0&hl=en&rclk=1,auto repair shop,St. Landry Parish,county,LA,2026-07-30T08:48:39,0x8624eb79f2dcd621:0xe8655e74ceba90a9
Thibodeaux Darold Auto Repair,(337) 942-5166,http://www.acdelco.com/,,"608 E Landry St, Opelousas, LA 70570, United States",608 E Landry St,Opelousas,LA,70570,4.5,56,Auto repair shop,,,https://www.google.com/maps/place/Thibodeaux+Darold+Auto+Repair/data=!4m7!3m6!1s0x8624eb42c341523f:0x6c9039dd93a24dfb!8m2!3d30.5320742!4d-92.0772812!16s%2Fg%2F1tg_xg2f!19sChIJP1JBw0LrJIYR-02ik905kGw?authuser=0&hl=en&rclk=1,auto repair shop,St. Landry Parish,county,LA,2026-07-30T08:48:39,0x8624eb42c341523f:0x6c9039dd93a24dfb
Vallot's Automotive,(337) 678-3323,http://www.vallotsautomotive.com/,,"1320 N Main St, Opelousas, LA 70570, United States",1320 N Main St,Opelousas,LA,70570,4.8,135,Auto repair shop,,,https://www.google.com/maps/place/Vallot%27s+Automotive/data=!4m7!3m6!1s0x8624934f81e088d1:0x5badf8cc03c84ce4!8m2!3d30.546812!4d-92.0803774!16s%2Fg%2F11rsf5_jv7!19sChIJ0YjggU-TJIYR5EzIA8z4rVs?authuser=0&hl=en&rclk=1,auto repair shop,St. Landry Parish,county,LA,2026-07-30T08:48:39,0x8624934f81e088d1:0x5badf8cc03c84ce4
Vidrine's Car Care LLC,(337) 308-1682,,,"8591 LA-182, Opelousas, LA 70570, United States",8591 LA-182,Opelousas,LA,70570,,,Auto repair shop,,,https://www.google.com/maps/place/Vidrine%27s+Car+Care+LLC/data=!4m7!3m6!1s0x8624eb106dda84c3:0xcc03b16d41dd4223!8m2!3d30.5612374!4d-92.0738655!16s%2Fg%2F11h2n6wxy5!19sChIJw4TabRDrJIYRI0LdQW2xA8w?authuser=0&hl=en&rclk=1,auto repair shop,St. Landry Parish,county,LA,2026-07-30T08:48:39,0x8624eb106dda84c3:0xcc03b16d41dd4223
Sammy’s Maintenance & Repair Shop,(337) 592-2057,https://g.co/kgs/SkpZYfj,,"167 Marion Ln, Palmetto, LA 71358, United States",167 Marion Ln,Palmetto,LA,71358,5.0,1,Auto repair shop,,,https://www.google.com/maps/place/Sammy%E2%80%99s+Maintenance+%26+Repair+Shop/data=!4m7!3m6!1s0x8624f916db1eeb9f:0xb3c0089f43b5585f!8m2!3d30.725412!4d-91.872372!16s%2Fg%2F11vz20yvbm!19sChIJn-se2xb5JIYRX1i1Q58IwLM?authuser=0&hl=en&rclk=1,auto repair shop,St. Martin Parish,county,LA,2026-07-30T09:03:24,0x8624f916db1eeb9f:0xb3c0089f43b5585f
"Cajun Transmission, LLC",(985) 395-7713,,,"1892 US-90, Patterson, LA 70392, United States",1892 US-90,Patterson,LA,70392,4.5,23,Transmission shop,,,"https://www.google.com/maps/place/Cajun+Transmission,+LLC/data=!4m7!3m6!1s0x8623dc760363da8b:0xa6f21a65ff1accf0!8m2!3d29.6936336!4d-91.3317159!16s%2Fg%2F1tcy4nzv!19sChIJi9pjA3bcI4YR8Mwa_2Ua8qY?authuser=0&hl=en&rclk=1",auto repair shop,Assumption Parish,county,LA,2026-07-29T10:20:35,0x8623dc760363da8b:0xa6f21a65ff1accf0
Cliff's Mobil SVC,(985) 395-5392,,,"611 Main St, Patterson, LA 70392, United States",611 Main St,Patterson,LA,70392,4.6,55,Auto parts store,,,https://www.google.com/maps/place/Cliff%27s+Mobil+SVC/data=!4m7!3m6!1s0x8623db05acd9e99b:0xdcc7727bb8938934!8m2!3d29.687315!4d-91.3004094!16s%2Fg%2F1w4vk902!19sChIJm-nZrAXbI4YRNImTuHtyx9w?authuser=0&hl=en&rclk=1,auto repair shop,Assumption Parish,county,LA,2026-07-29T10:20:35,0x8623db05acd9e99b:0xdcc7727bb8938934
Pete's Auto Repair & Muffler,(985) 395-6261,,,"723 Sugarhouse Road, Patterson, LA 70392, United States",723 Sugarhouse Road,Patterson,LA,70392,4.8,24,Auto repair shop,,,https://www.google.com/maps/place/Pete%27s+Auto+Repair+%26+Muffler/data=!4m7!3m6!1s0x8623dbeb7eda70b9:0xe403f79467890f7f!8m2!3d29.6853977!4d-91.3069855!16s%2Fg%2F1td6ygsl!19sChIJuXDafuvbI4YRfw-JZ5T3A-Q?authuser=0&hl=en&rclk=1,auto repair shop,Assumption Parish,county,LA,2026-07-29T10:20:35,0x8623dbeb7eda70b9:0xe403f79467890f7f
Tire Plugg LLC,(985) 714-9214,,,"604 US-90, Patterson, LA 70392, United States",604 US-90,Patterson,LA,70392,4.6,20,Tire repair shop,,,https://www.google.com/maps/place/Tire+Plugg+LLC/data=!4m7!3m6!1s0x8623db27b6550d7d:0xdf6fe56241e820bd!8m2!3d29.6852507!4d-91.3025199!16s%2Fg%2F11ny5bc13f!19sChIJfQ1VtifbI4YRvSDoQWLlb98?authuser=0&hl=en&rclk=1,auto repair shop,Assumption Parish,county,LA,2026-07-29T10:20:35,0x8623db27b6550d7d:0xdf6fe56241e820bd
Auto Body Unlimited Llc,(225) 869-9515,,,"32076 LA-642, Paulina, LA 70763, United States",32076 LA-642,Paulina,LA,70763,4.2,5,Auto repair shop,,,https://www.google.com/maps/place/Auto+Body+Unlimited+Llc/data=!4m7!3m6!1s0x86212e1889de16dd:0x2fbdc106a26b5d1d!8m2!3d30.0422958!4d-90.7461669!16s%2Fg%2F11h3mv_yv5!19sChIJ3RbeiRguIYYRHV1rogbBvS8?authuser=0&hl=en&rclk=1,auto repair shop,Assumption Parish,county,LA,2026-07-29T10:20:35,0x86212e1889de16dd:0x2fbdc106a26b5d1d
Ashworth Mechanical Services LLC,(985) 519-8788,http://ashworthmechanical.com/,ashworth.m.services@gmail.com,"111 Guillot St, Pierre Part, LA 70339, United States",111 Guillot St,Pierre Part,LA,70339,5.0,6,Auto repair shop,,,https://www.google.com/maps/place/Ashworth+Mechanical+Services+LLC/data=!4m7!3m6!1s0x8621570d1e4642e3:0x85a34d1bb1ed2dd!8m2!3d29.9944142!4d-91.1909035!16s%2Fg%2F11ybfbkbjs!19sChIJ40JGHg1XIYYR3dIeu9E0Wgg?authuser=0&hl=en&rclk=1,auto repair shop,Assumption Parish,county,LA,2026-07-29T10:20:35,0x8621570d1e4642e3:0x85a34d1bb1ed2dd
Smooth's Auto,(985) 252-4417,http://smoothsauto.com/,jeff@smoothsauto.com,"3606 LA-70, Pierre Part, LA 70339, United States",3606 LA-70,Pierre Part,LA,70339,4.7,22,Auto repair shop,,,https://www.google.com/maps/place/Smooth%27s+Auto/data=!4m7!3m6!1s0x8623e2a74bd47517:0x5eea1009e2bce2ff!8m2!3d29.9514907!4d-91.2131698!16s%2Fg%2F11hbk4cz7z!19sChIJF3XUS6fiI4YR_-K84gkQ6l4?authuser=0&hl=en&rclk=1,auto repair shop,Assumption Parish,county,LA,2026-07-29T10:20:35,0x8623e2a74bd47517:0x5eea1009e2bce2ff
Bill's Auto Clinic,(318) 448-8821,http://bills-auto-clinic.jany.io/,,"6579 LA-28, Pineville, LA 71360, United States",6579 LA-28,Pineville,LA,71360,4.4,33,Auto repair shop,,,https://www.google.com/maps/place/Bill%27s+Auto+Clinic/data=!4m7!3m6!1s0x86254f15cbcbcedd:0x76506472c6793fe!8m2!3d31.3578913!4d-92.3261507!16s%2Fg%2F1tycx00x!19sChIJ3c7LyxVPJYYR_pNnLEcGZQc?authuser=0&hl=en&rclk=1,auto repair shop,Concordia Parish,county,LA,2026-07-29T12:17:33,0x86254f15cbcbcedd:0x76506472c6793fe
F&F Auto Repair,(318) 607-2172,https://www.criffllc.com/,hi@mystore.com,"3820 Monroe Hwy, Pineville, LA 71360, United States",3820 Monroe Hwy,Pineville,LA,71360,4.2,5,Auto repair shop,,,https://www.google.com/maps/place/F%26F+Auto+Repair/data=!4m7!3m6!1s0x86254dc53637d919:0x301e4c145dc31944!8m2!3d31.370379!4d-92.4077519!16s%2Fg%2F11vcxqtckn!19sChIJGdk3NsVNJYYRRBnDXRRMHjA?authuser=0&hl=en&rclk=1,auto repair shop,Concordia Parish,county,LA,2026-07-29T12:17:33,0x86254dc53637d919:0x301e4c145dc31944
Grand Tire Automotive Center,(318) 449-4488,https://grandtireautomotive.com/,,"3913 Old Hwy 28, Pineville, LA 71360, United States",3913 Old Hwy 28,Pineville,LA,71360,4.3,108,Auto repair shop,,,https://www.google.com/maps/place/Grand+Tire+Automotive+Center/data=!4m7!3m6!1s0x86254c01d8241b57:0xc8d01ba3ff9eea64!8m2!3d31.3359304!4d-92.3811051!16s%2Fg%2F1262_85tt!19sChIJVxsk2AFMJYYRZOqe_6Mb0Mg?authuser=0&hl=en&rclk=1,auto repair shop,Concordia Parish,county,LA,2026-07-29T12:17:33,0x86254c01d8241b57:0xc8d01ba3ff9eea64
Pineville Muffler & Radiator Shop,(318) 448-4543,https://www.pinevillemufflerla.com/,,"500 E Shamrock Ave, Pineville, LA 71360, United States",500 E Shamrock Ave,Pineville,LA,71360,4.7,105,Auto repair shop,,,https://www.google.com/maps/place/Pineville+Muffler+%26+Radiator+Shop/data=!4m7!3m6!1s0x86254b4168c6df51:0x26edddb71d9539ee!8m2!3d31.3190979!4d-92.4298466!16s%2Fg%2F11mqw6cnh2!19sChIJUd_GaEFLJYYR7jmVHbfd7SY?authuser=0&hl=en&rclk=1,auto repair shop,Concordia Parish,county,LA,2026-07-29T12:17:33,0x86254b4168c6df51:0x26edddb71d9539ee
Tioga Auto Repair,(318) 640-4556,,,"4831 Shreveport Hwy, Pineville, LA 71360, United States",4831 Shreveport Hwy,Pineville,LA,71360,4.6,218,Auto repair shop,,,https://www.google.com/maps/place/Tioga+Auto+Repair/data=!4m7!3m6!1s0x86254d1a3194c2bf:0xf4b21aee5d3c1286!8m2!3d31.3857905!4d-92.4351209!16s%2Fg%2F1tj7wr9n!19sChIJv8KUMRpNJYYRhhI8Xe4asvQ?authuser=0&hl=en&rclk=1,auto repair shop,Concordia Parish,county,LA,2026-07-29T12:17:33,0x86254d1a3194c2bf:0xf4b21aee5d3c1286
Mark's Towing & Auto,(337) 423-6370,,,"1543 Marlow Rd, Pitkin, LA 70656, United States",1543 Marlow Rd,Pitkin,LA,70656,4.7,7,Towing service,,,https://www.google.com/maps/place/Mark%27s+Towing+%26+Auto/data=!4m7!3m6!1s0x863af8cac7d69553:0xf4bf39ae23dd7a9b!8m2!3d30.951945!4d-93.07626!16s%2Fg%2F1tdvvpjw!19sChIJU5XWx8r4OoYRm3rdI645v_Q?authuser=0&hl=en&rclk=1,auto repair shop,Beauregard Parish,county,LA,2026-07-29T10:38:56,0x863af8cac7d69553:0xf4bf39ae23dd7a9b
Downs Truck Repair,(318) 326-7057,,,"407 Wise Rd, Plain Dealing, LA 71064, United States",407 Wise Rd,Plain Dealing,LA,71064,4.8,18,Auto repair shop,,,https://www.google.com/maps/place/Downs+Truck+Repair/data=!4m7!3m6!1s0x86315500a673f349:0x7dd61d6a1fca17c8!8m2!3d32.9833946!4d-93.7026596!16s%2Fg%2F1tdmf7kh!19sChIJSfNzpgBVMYYRyBfKH2od1n0?authuser=0&hl=en&rclk=1,auto repair shop,Webster Parish,county,LA,2026-07-30T10:55:43,0x86315500a673f349:0x7dd61d6a1fca17c8
Sonny's Collision Repair LLC,(318) 326-3270,http://sonnyscollisionrepair.com/,,"9380 LA-3, Plain Dealing, LA 71064, United States",9380 LA-3,Plain Dealing,LA,71064,5.0,11,Auto body shop,,,https://www.google.com/maps/place/Sonny%27s+Collision+Repair+LLC/data=!4m7!3m6!1s0x863152f8e5983897:0x1630dfa9e59274b7!8m2!3d32.8812437!4d-93.7045963!16s%2Fg%2F11cmt0ts6m!19sChIJlziY5fhSMYYRt3SS5anfMBY?authuser=0&hl=en&rclk=1,auto repair shop,Webster Parish,county,LA,2026-07-30T10:55:43,0x863152f8e5983897:0x1630dfa9e59274b7
Berthelot's Automotive,(225) 687-6070,https://berthelotsautomotive.com/,,"57975 Belleview Dr, Plaquemine, LA 70764, United States",57975 Belleview Dr,Plaquemine,LA,70764,4.8,43,Auto repair shop,,,https://www.google.com/maps/place/Berthelot%27s+Automotive/data=!4m7!3m6!1s0x862402687f987f25:0x91c422b5e342ab8e!8m2!3d30.2797637!4d-91.228751!16s%2Fg%2F1w96h2m6!19sChIJJX-Yf2gCJIYRjqtC47UixJE?authuser=0&hl=en&rclk=1,auto repair shop,Concordia Parish,county,LA,2026-07-29T12:17:33,0x862402687f987f25:0x91c422b5e342ab8e
Xtreme Speed Motorsports / Blanchard's Eden Automotive,(225) 687-8802,,,"23910 Eden St, Plaquemine, LA 70764, United States",23910 Eden St,Plaquemine,LA,70764,4.0,25,Auto repair shop,,,https://www.google.com/maps/place/Xtreme+Speed+Motorsports+%2F+Blanchard%27s+Eden+Automotive/data=!4m7!3m6!1s0x8624025e74b1b965:0xbcb7c4d4e4eb232e!8m2!3d30.2862058!4d-91.2326887!16s%2Fg%2F1261vthv3!19sChIJZbmxdF4CJIYRLiPr5NTEt7w?authuser=0&hl=en&rclk=1,auto repair shop,Concordia Parish,county,LA,2026-07-29T12:17:33,0x8624025e74b1b965:0xbcb7c4d4e4eb232e
Thibs Automotive LLC,(318) 264-1349,,,"2374 LA-1181, Plaucheville, LA 71362, United States",2374 LA-1181,Plaucheville,LA,71362,,,Auto repair shop,,,https://www.google.com/maps/place/Thibs+Automotive+LLC/data=!4m7!3m6!1s0x862503559ad03835:0x3a7ebe2eaa641b3b!8m2!3d30.9638193!4d-91.9307386!16s%2Fg%2F11z6nmshrw!19sChIJNTjQmlUDJYYROxtkqi6-fjo?authuser=0&hl=en&rclk=1,auto repair shop,Avoyelles Parish,county,LA,2026-07-29T10:27:09,0x862503559ad03835:0x3a7ebe2eaa641b3b
Chris' Auto Repair,(318) 792-5471,,,"7978 Ridge St, Pollock, LA 71467, United States",7978 Ridge St,Pollock,LA,71467,3.3,18,Auto repair shop,,,https://www.google.com/maps/place/Chris%27+Auto+Repair/data=!4m7!3m6!1s0x86255471c2c3dfc9:0xf089043f45769343!8m2!3d31.5254606!4d-92.407917!16s%2Fg%2F11ddx22ggm!19sChIJyd_DwnFUJYYRQ5N2RT8EifA?authuser=0&hl=en&rclk=1,auto repair shop,Concordia Parish,county,LA,2026-07-29T12:17:33,0x86255471c2c3dfc9:0xf089043f45769343
J & D Auto Repair,(318) 715-5025,,,"577 Lincecum Cutoff, Pollock, LA 71467, United States",577 Lincecum Cutoff,Pollock,LA,71467,,,Auto repair shop,,,https://www.google.com/maps/place/J+%26+D+Auto+Repair/data=!4m7!3m6!1s0x862ffd0047229703:0x46827caa6cf71a67!8m2!3d31.6984!4d-92.398105!16s%2Fg%2F11vst6kpnn!19sChIJA5ciRwD9L4YRZxr3bKp8gkY?authuser=0&hl=en&rclk=1,auto repair shop,Winn Parish,county,LA,2026-07-30T11:37:04,0x862ffd0047229703:0x46827caa6cf71a67
Brauwn Mobile Mechanic,(985) 981-5586,http://facebook.com/BrauwnMobileMechanic,,"610 W Pine St, Ponchatoula, LA 70454, United States",610 W Pine St,Ponchatoula,LA,70454,4.9,96,Mechanic,,,https://www.google.com/maps/place/Brauwn+Mobile+Mechanic/data=!4m7!3m6!1s0x86273b5085f3ff5d:0xf1bb27140a55e5b!8m2!3d30.4380043!4d-90.4510951!16s%2Fg%2F11s979yvq9!19sChIJXf_zhVA7J4YRW16lQHGyGw8?authuser=0&hl=en&rclk=1,auto repair shop,Tangipahoa Parish,county,LA,2026-07-30T09:29:30,0x86273b5085f3ff5d:0xf1bb27140a55e5b
CNA AUTO REPAIR LLC,(985) 662-6173,https://www.facebook.com/profile.php?id=100091293583969,,"39622 Poche Rd, Ponchatoula, LA 70454, United States",39622 Poche Rd,Ponchatoula,LA,70454,5.0,18,Auto repair shop,,,https://www.google.com/maps/place/CNA+AUTO+REPAIR+LLC/data=!4m7!3m6!1s0x862739ac43994c23:0x5aab6458b312d255!8m2!3d30.4330981!4d-90.3704862!16s%2Fg%2F11tfx7gj_l!19sChIJI0yZQ6w5J4YRVdISs1hkq1o?authuser=0&hl=en&rclk=1,auto repair shop,St. John the Baptist Parish,county,LA,2026-07-30T08:30:09,0x862739ac43994c23:0x5aab6458b312d255
Cutrer's Garage,(225) 294-5144,,,"11245 LA-22, Ponchatoula, LA 70454, United States",11245 LA-22,Ponchatoula,LA,70454,3.4,11,Auto repair shop,,,https://www.google.com/maps/place/Cutrer%27s+Garage/data=!4m7!3m6!1s0x862727c9ac712cc5:0xd01e65612738c17e!8m2!3d30.4385969!4d-90.5289856!16s%2Fg%2F1vm_y7l5!19sChIJxSxxrMknJ4YRfsE4J2FlHtA?authuser=0&hl=en&rclk=1,auto repair shop,Tangipahoa Parish,county,LA,2026-07-30T09:29:30,0x862727c9ac712cc5:0xd01e65612738c17e
Jimmy's Engine and Auto Repair,(985) 386-9000,http://www.jimmysenginerepair.com/,,"41047 Brown Rd, Ponchatoula, LA 70454, United States",41047 Brown Rd,Ponchatoula,LA,70454,4.7,95,Auto repair shop,,,https://www.google.com/maps/place/Jimmy%27s+Engine+and+Auto+Repair/data=!4m7!3m6!1s0x86273c1b67b08d01:0xb58c3b271a8acf57!8m2!3d30.447957!4d-90.3806389!16s%2Fg%2F1tjmf06q!19sChIJAY2wZxs8J4YRV8-KGic7jLU?authuser=0&hl=en&rclk=1,auto repair shop,Tangipahoa Parish,county,LA,2026-07-30T09:29:30,0x86273c1b67b08d01:0xb58c3b271a8acf57
Mechanic,(504) 352-2310,,,"955 E Pine St, Ponchatoula, LA 70454, United States",955 E Pine St,Ponchatoula,LA,70454,5.0,1,Mechanic,,,https://www.google.com/maps/place/Mechanic/data=!4m7!3m6!1s0x6a261ed9180eef73:0x275ffd9d86d1d93c!8m2!3d30.4416248!4d-90.429844!16s%2Fg%2F11xp6fj3lm!19sChIJc-8OGNkeJmoRPNnRhp39Xyc?authuser=0&hl=en&rclk=1,auto repair shop,Tangipahoa Parish,county,LA,2026-07-30T09:29:30,0x6a261ed9180eef73:0x275ffd9d86d1d93c
Mobile Mechanic Service,(504) 346-1643,,,"20341 LA-22, Ponchatoula, LA 70454, United States",20341 LA-22,Ponchatoula,LA,70454,3.4,10,Mechanic,,,https://www.google.com/maps/place/Mobile+Mechanic+Service/data=!4m7!3m6!1s0x86273c747a73c4c3:0x52bbba834b56b6fe!8m2!3d30.4401825!4d-90.3861284!16s%2Fg%2F11byys0sxr!19sChIJw8RzenQ8J4YR_rZWS4O6u1I?authuser=0&hl=en&rclk=1,auto repair shop,Tangipahoa Parish,county,LA,2026-07-30T09:29:30,0x86273c747a73c4c3:0x52bbba834b56b6fe
Mobile mechanic services,(504) 422-3882,,,"26418 April Ln suite 200, Ponchatoula, LA 70454, United States",26418 April Ln suite 200,Ponchatoula,LA,70454,,,Auto repair shop,,,https://www.google.com/maps/place/Mobile+mechanic+services/data=!4m7!3m6!1s0x862741d60341bb97:0xdb81299469472133!8m2!3d30.4625246!4d-90.2818406!16s%2Fg%2F11z7gnk8md!19sChIJl7tBA9ZBJ4YRMyFHaZQpgds?authuser=0&hl=en&rclk=1,auto repair shop,Tangipahoa Parish,county,LA,2026-07-30T09:29:30,0x862741d60341bb97:0xdb81299469472133
Norwood's Repair LLC. Mobile Bus Repair,(985) 377-3017,,,"40353 Ordoyne Ln, Ponchatoula, LA 70454, United States",40353 Ordoyne Ln,Ponchatoula,LA,70454,5.0,1,Auto repair shop,,,https://www.google.com/maps/place/Norwood%27s+Repair+LLC.+Mobile+Bus+Repair/data=!4m7!3m6!1s0x862723449a4fffff:0x71bc46c282f6285f!8m2!3d30.4484208!4d-90.4639251!16s%2Fg%2F11hd6_4hft!19sChIJ__9PmkQjJ4YRXyj2gsJGvHE?authuser=0&hl=en&rclk=1,auto repair shop,Tangipahoa Parish,county,LA,2026-07-30T09:29:30,0x862723449a4fffff:0x71bc46c282f6285f
Ponchatoula Auto Service And More,(985) 467-0296,https://www.facebook.com/share/17t1oGYzPy/?mibextid=wwXIfr,,"18397 LA-22, Ponchatoula, LA 70454, United States",18397 LA-22,Ponchatoula,LA,70454,4.8,22,Auto repair shop,,,https://www.google.com/maps/place/Ponchatoula+Auto+Service+And+More/data=!4m7!3m6!1s0x86273dc9fc20bf2d:0x6e65072ce1942ba5!8m2!3d30.4433522!4d-90.4227623!16s%2Fg%2F11ml4jn9x8!19sChIJLb8g_Mk9J4YRpSuU4SwHZW4?authuser=0&hl=en&rclk=1,auto repair shop,Tangipahoa Parish,county,LA,2026-07-30T09:29:30,0x86273dc9fc20bf2d:0x6e65072ce1942ba5
Stelly's Automotive,(985) 386-6750,,,"11 Industrial Pkwy, Ponchatoula, LA 70454, United States",11 Industrial Pkwy,Ponchatoula,LA,70454,5.0,34,Auto repair shop,,,https://www.google.com/maps/place/Stelly%27s+Automotive/data=!4m7!3m6!1s0x86273b50940f34f7:0x78120a9e198cf6f6!8m2!3d30.4277889!4d-90.4409729!16s%2Fg%2F11hdpb7plb!19sChIJ9zQPlFA7J4YR9vaMGZ4KEng?authuser=0&hl=en&rclk=1,auto repair shop,Tangipahoa Parish,county,LA,2026-07-30T09:29:30,0x86273b50940f34f7:0x78120a9e198cf6f6
Bayou Pro Tire & Lube,(225) 246-8265,,,"3001 Lafiton Ln B, Port Allen, LA 70767, United States",3001 Lafiton Ln B,Port Allen,LA,70767,4.7,95,Tire shop,,,https://www.google.com/maps/place/Bayou+Pro+Tire+%26+Lube/data=!4m7!3m6!1s0x86241faadc40e013:0x643da66c717bc39f!8m2!3d30.4770871!4d-91.248589!16s%2Fg%2F11f4mbpljz!19sChIJE-BA3KofJIYRn8N7cWymPWQ?authuser=0&hl=en&rclk=1,auto repair shop,Allen Parish,county,LA,2026-07-29T09:58:43,0x86241faadc40e013:0x643da66c717bc39f
Chabill's Tire & Auto Service,(225) 372-6788,https://chabillstire.com/locations/port-allen/,,"3465 LA-1, Port Allen, LA 70767, United States",3465 LA-1,Port Allen,LA,70767,4.8,864,Tire shop,,,https://www.google.com/maps/place/Chabill%27s+Tire+%26+Auto+Service/data=!4m7!3m6!1s0x86241d5c95f09b7b:0xa1fa1d1736907153!8m2!3d30.4193153!4d-91.2199935!16s%2Fg%2F11gjdnnbnw!19sChIJe5vwlVwdJIYRU3GQNhcd-qE?authuser=0&hl=en&rclk=1,auto repair shop,Concordia Parish,county,LA,2026-07-29T12:17:33,0x86241d5c95f09b7b:0xa1fa1d1736907153
Delaune's Auto Body,(225) 349-8288,https://delaunes-auto-body.business.site/utm_source=gmb&utm_medium=referral,,"2530 American Way, Port Allen, LA 70767, United States",2530 American Way,Port Allen,LA,70767,5.0,25,Auto body shop,,,https://www.google.com/maps/place/Delaune%27s+Auto+Body/data=!4m7!3m6!1s0x86241d642bbd0623:0x169411ebf225a57f!8m2!3d30.4183205!4d-91.2344611!16s%2Fg%2F11ft2vtyp7!19sChIJIwa9K2QdJIYRf6Ul8usRlBY?authuser=0&hl=en&rclk=1,auto repair shop,Allen Parish,county,LA,2026-07-29T09:58:43,0x86241d642bbd0623:0x169411ebf225a57f
L & S Automotive,(225) 267-4857,,,"2405 Court St, Port Allen, LA 70767, United States",2405 Court St,Port Allen,LA,70767,4.7,65,Auto repair shop,,,https://www.google.com/maps/place/L+%26+S+Automotive/data=!4m7!3m6!1s0x86241e6a46e59939:0x6c8e2124bb9f56cd!8m2!3d30.4506467!4d-91.2355672!16s%2Fg%2F1thxq_md!19sChIJOZnlRmoeJIYRzVafuyQhjmw?authuser=0&hl=en&rclk=1,auto repair shop,St. Martin Parish,county,LA,2026-07-30T09:03:24,0x86241e6a46e59939:0x6c8e2124bb9f56cd
Mel's Mobile Mechanic,(225) 954-5030,,,"1427 Parkway Dr, Port Allen, LA 70767, United States",1427 Parkway Dr,Port Allen,LA,70767,4.5,8,Auto repair shop,,,https://www.google.com/maps/place/Mel%27s+Mobile+Mechanic/data=!4m7!3m6!1s0x86241f567fc05c7f:0x70ab04b02aabaeee!8m2!3d30.4869727!4d-91.2521495!16s%2Fg%2F11n44y4j3t!19sChIJf1zAf1YfJIYR7q6rKrAEq3A?authuser=0&hl=en&rclk=1,auto repair shop,Allen Parish,county,LA,2026-07-29T09:58:43,0x86241f567fc05c7f:0x70ab04b02aabaeee
Pro-Tech Car Care,(225) 383-1121,,,"110 S Alexander Ave, Port Allen, LA 70767, United States",110 S Alexander Ave,Port Allen,LA,70767,4.4,55,Auto repair shop,,,https://www.google.com/maps/place/Pro-Tech+Car+Care/data=!4m7!3m6!1s0x8626a0a03728a863:0x7a110003e3871a98!8m2!3d30.4520018!4d-91.2097658!16s%2Fg%2F125_xvskt!19sChIJY6goN6CgJoYRmBqH4wMAEXo?authuser=0&hl=en&rclk=1,auto repair shop,West Baton Rouge Parish,county,LA,2026-07-30T11:07:49,0x8626a0a03728a863:0x7a110003e3871a98
Westside Truck & Auto,(225) 336-8727,,,"1855 US-190, Port Allen, LA 70767, United States",1855 US-190,Port Allen,LA,70767,5.0,2,Auto repair shop,,,https://www.google.com/maps/place/Westside+Truck+%26+Auto/data=!4m7!3m6!1s0x86241fe5dba0e70f:0x2ef7fb4ba88a4c43!8m2!3d30.5043434!4d-91.2286277!16s%2Fg%2F1tfpq180!19sChIJD-eg2-UfJIYRQ0yKqEv79y4?authuser=0&hl=en&rclk=1,auto repair shop,Concordia Parish,county,LA,2026-07-29T12:17:33,0x86241fe5dba0e70f:0x2ef7fb4ba88a4c43
Bryan's Repair Services LLC,(337) 945-7239,https://www.facebook.com/Cajuninnovationsllc,,"218 Pernie Bailey Rd, Port Barre, LA 70577, United States",218 Pernie Bailey Rd,Port Barre,LA,70577,5.0,4,Auto repair shop,,,https://www.google.com/maps/place/Bryan%27s+Repair+Services+LLC/data=!4m7!3m6!1s0x8624f30c73ab2525:0xe02274bc1374435f!8m2!3d30.5502341!4d-91.9319674!16s%2Fg%2F1263cygkw!19sChIJJSWrcwzzJIYRX0N0E7x0IuA?authuser=0&hl=en&rclk=1,auto repair shop,St. Landry Parish,county,LA,2026-07-30T08:48:39,0x8624f30c73ab2525:0xe02274bc1374435f
Doc's Body Shop,(337) 793-1549,,,"3451 LA-103, Port Barre, LA 70577, United States",3451 LA-103,Port Barre,LA,70577,5.0,2,Auto repair shop,,,https://www.google.com/maps/place/Doc%27s+Body+Shop/data=!4m7!3m6!1s0x8624f2ed47b3ad11:0x6cb5a773b85be596!8m2!3d30.5463904!4d-91.9678738!16s%2Fg%2F11gx_n8x5d!19sChIJEa2zR-3yJIYRluVbuHOntWw?authuser=0&hl=en&rclk=1,auto repair shop,St. Landry Parish,county,LA,2026-07-30T08:48:39,0x8624f2ed47b3ad11:0x6cb5a773b85be596
Goody’s Garage,(337) 585-2226,,,"17727 US-190, Port Barre, LA 70577, United States",17727 US-190,Port Barre,LA,70577,4.5,78,Auto repair shop,,,https://www.google.com/maps/place/Goody%E2%80%99s+Garage/data=!4m7!3m6!1s0x8624f4efc78e1f0d:0xf5b0dee8f4f479d0!8m2!3d30.5466675!4d-91.9613911!16s%2Fg%2F1tf_t6wc!19sChIJDR-Ox-_0JIYR0Hn09OjesPU?authuser=0&hl=en&rclk=1,auto repair shop,St. Landry Parish,county,LA,2026-07-30T08:48:39,0x8624f4efc78e1f0d:0xf5b0dee8f4f479d0
Goolings mobile mechanic,(337) 290-8969,,,"245 Carrier St, Port Barre, LA 70577, United States",245 Carrier St,Port Barre,LA,70577,4.4,7,Auto repair shop,,,https://www.google.com/maps/place/Goolings+mobile+mechanic/data=!4m7!3m6!1s0x8624f3ccb4562b5b:0x395992bff0e71120!8m2!3d30.5639067!4d-91.9489873!16s%2Fg%2F11xvpf1bfw!19sChIJWytWtMzzJIYRIBHn8L-SWTk?authuser=0&hl=en&rclk=1,auto repair shop,St. Landry Parish,county,LA,2026-07-30T08:48:39,0x8624f3ccb4562b5b:0x395992bff0e71120
HoffPOWER Diesel,(337) 983-5110,,,"218 Pernie Bailey Rd, Port Barre, LA 70577, United States",218 Pernie Bailey Rd,Port Barre,LA,70577,5.0,1,Truck repair shop,,,https://www.google.com/maps/place/HoffPOWER+Diesel/data=!4m7!3m6!1s0x8624f3f084093575:0xe491c90b097602d5!8m2!3d30.5502351!4d-91.9319302!16s%2Fg%2F11lzgjtpmw!19sChIJdTUJhPDzJIYR1QJ2CQvJkeQ?authuser=0&hl=en&rclk=1,auto repair shop,St. Landry Parish,county,LA,2026-07-30T08:48:39,0x8624f3f084093575:0xe491c90b097602d5
J & K Collision Center,(337) 585-7777,http://www.jandkcollision.com/,jandk.auto@att.net,"17331 US-190, Port Barre, LA 70577, United States",17331 US-190,Port Barre,LA,70577,5.0,84,Auto body shop,,,https://www.google.com/maps/place/J+%26+K+Collision+Center/data=!4m7!3m6!1s0x8624f364c77de547:0x607fcc83eadfd315!8m2!3d30.5478211!4d-91.9738899!16s%2Fg%2F1td38ltq!19sChIJR-V9x2TzJIYRFdPf6oPMf2A?authuser=0&hl=en&rclk=1,auto repair shop,St. Landry Parish,county,LA,2026-07-30T08:48:39,0x8624f364c77de547:0x607fcc83eadfd315
K & Z Auto Body & Restorations,(337) 777-5028,,,"16838 US-190 East, Port Barre, LA 70577, United States",16838 US-190 East,Port Barre,LA,70577,5.0,14,Auto repair shop,,,https://www.google.com/maps/place/K+%26+Z+Auto+Body+%26+Restorations/data=!4m7!3m6!1s0x8624ed62cb3c3d95:0xb994b425247cddb3!8m2!3d30.5472575!4d-91.9896791!16s%2Fg%2F11rwp0fymr!19sChIJlT08y2LtJIYRs918JCW0lLk?authuser=0&hl=en&rclk=1,auto repair shop,St. Landry Parish,county,LA,2026-07-30T08:48:39,0x8624ed62cb3c3d95:0xb994b425247cddb3
Target Tire,(337) 585-6050,https://www.targettire.net/,,"17380 US-190, Port Barre, LA 70577, United States",17380 US-190,Port Barre,LA,70577,4.7,112,Tire shop,,,https://www.google.com/maps/place/Target+Tire/data=!4m7!3m6!1s0x8624f4efc78e1d1f:0xaddc484224fddefc!8m2!3d30.5466925!4d-91.9722059!16s%2Fg%2F1tp0f0mb!19sChIJHx2Ox-_0JIYR_N79JEJI3K0?authuser=0&hl=en&rclk=1,auto repair shop,St. Landry Parish,county,LA,2026-07-30T08:48:39,0x8624f4efc78e1d1f:0xaddc484224fddefc
The Auto Repair Shop,(337) 846-0008,https://www.the-auto-repair-shop.com/,,"244 Saizan Ave, Port Barre, LA 70577, United States",244 Saizan Ave,Port Barre,LA,70577,,,Auto repair shop,,,https://www.google.com/maps/place/The+Auto+Repair+Shop/data=!4m7!3m6!1s0x8624f3f2dc6e0cc7:0x134bd711122dc0c!8m2!3d30.549905!4d-91.960834!16s%2Fg%2F11xp3v4wgp!19sChIJxwxu3PLzJIYRDNwiEXG9NAE?authuser=0&hl=en&rclk=1,auto repair shop,St. Landry Parish,county,LA,2026-07-30T08:48:39,0x8624f3f2dc6e0cc7:0x134bd711122dc0c
BLANCHARD'S QUALITY CAR CARE,(225) 622-3771,http://blanchardcarcare.com/,,"18031 Billy Blvd, Prairieville, LA 70769, United States",18031 Billy Blvd,Prairieville,LA,70769,4.9,33,Auto repair shop,,,https://www.google.com/maps/place/BLANCHARD%27S+QUALITY+CAR+CARE/data=!4m7!3m6!1s0x8626b7ec5f747bd7:0x394dcda5c2386d53!8m2!3d30.3247315!4d-90.9224507!16s%2Fg%2F11df2030fn!19sChIJ13t0X-y3JoYRU204wqXNTTk?authuser=0&hl=en&rclk=1,auto repair shop,Ascension Parish,county,LA,2026-07-29T10:06:02,0x8626b7ec5f747bd7:0x394dcda5c2386d53
Chabill's Tire & Auto Service,(225) 673-9000,https://chabillstire.com/locations/prairieville/,,"13485 LA-73, Prairieville, LA 70769, United States",13485 LA-73,Prairieville,LA,70769,4.8,1040,Tire shop,,,https://www.google.com/maps/place/Chabill%27s+Tire+%26+Auto+Service/data=!4m7!3m6!1s0x8626b14a3d321069:0x5c44251df3ad73f0!8m2!3d30.268246!4d-90.9879907!16s%2Fg%2F11bbrl_6vt!19sChIJaRAyPUqxJoYR8HOt8x0lRFw?authuser=0&hl=en&rclk=1,auto repair shop,St. Martin Parish,county,LA,2026-07-30T09:03:24,0x8626b14a3d321069:0x5c44251df3ad73f0
Lux Automotive,(225) 238-6066,http://luxautomotive.us/,,"41131 LA-42, Prairieville, LA 70769, United States",41131 LA-42,Prairieville,LA,70769,4.9,15,Auto repair shop,,,https://www.google.com/maps/place/Lux+Automotive/data=!4m7!3m6!1s0x8626b7226042d071:0x73b83a4bcd40d67d!8m2!3d30.3261144!4d-90.9181915!16s%2Fg%2F11vwdslzzg!19sChIJcdBCYCK3JoYRfdZAzUs6uHM?authuser=0&hl=en&rclk=1,auto repair shop,Ascension Parish,county,LA,2026-07-29T10:06:02,0x8626b7226042d071:0x73b83a4bcd40d67d
The Shop Of Ascension,(225) 313-5945,,,"39525 Germany Rd, Prairieville, LA 70769, United States",39525 Germany Rd,Prairieville,LA,70769,5.0,2,Auto repair shop,,,https://www.google.com/maps/place/The+Shop+Of+Ascension/data=!4m7!3m6!1s0x8626b72fd4246375:0x753ef03f01a2ffee!8m2!3d30.2836911!4d-90.939373!16s%2Fg%2F11s610g5w5!19sChIJdWMk1C-3JoYR7v-iAT_wPnU?authuser=0&hl=en&rclk=1,auto repair shop,Ascension Parish,county,LA,2026-07-29T10:06:02,0x8626b72fd4246375:0x753ef03f01a2ffee
"Xtreme Auto Repair Prairieville, La.",(225) 443-4933,https://www.44fixed.com/,,"17887 Airline Hwy, Prairieville, LA 70769, United States",17887 Airline Hwy,Prairieville,LA,70769,4.9,151,Auto repair shop,,,"https://www.google.com/maps/place/Xtreme+Auto+Repair+Prairieville,+La./data=!4m7!3m6!1s0x8626b0a9ad9bc503:0x907023e88713a659!8m2!3d30.3378546!4d-90.9905265!16s%2Fg%2F11d_1c2b2f!19sChIJA8WbramwJoYRWaYTh-gjcJA?authuser=0&hl=en&rclk=1",auto repair shop,Ascension Parish,county,LA,2026-07-29T10:06:02,0x8626b0a9ad9bc503:0x907023e88713a659
Zim's Tire & Auto Repair,(225) 402-2455,https://www.zimstireandauto.com/,leslie@zimsautomotive.com,"16553 Airline Hwy, Prairieville, LA 70769, United States",16553 Airline Hwy,Prairieville,LA,70769,4.9,573,Auto repair shop,,,https://www.google.com/maps/place/Zim%27s+Tire+%26+Auto+Repair/data=!4m7!3m6!1s0x8626b72526ee19c1:0x765ded260662b1b8!8m2!3d30.3112265!4d-90.9770233!16s%2Fg%2F11v9kvwm9h!19sChIJwRnuJiW3JoYRuLFiBibtXXY?authuser=0&hl=en&rclk=1,auto repair shop,Ascension Parish,county,LA,2026-07-29T10:06:02,0x8626b72526ee19c1:0x765ded260662b1b8
Pride Auto Services,(225) 654-0327,,,"16661 Port Hudson-Pride Rd, Pride, LA 70770, United States",16661 Port Hudson-Pride Rd,Pride,LA,70770,4.9,43,Auto repair shop,,,https://www.google.com/maps/place/Pride+Auto+Services/data=!4m7!3m6!1s0x862691fc0bff7125:0x837a6b171c82dc18!8m2!3d30.6942055!4d-90.9794198!16s%2Fg%2F1x5qt44x!19sChIJJXH_C_yRJoYRGNyCHBdreoM?authuser=0&hl=en&rclk=1,auto repair shop,West Feliciana Parish,county,LA,2026-07-30T11:19:39,0x862691fc0bff7125:0x837a6b171c82dc18
Davis Diesel Equipment Service,(318) 475-0311,,,"5415 Quitman Hwy, Quitman, LA 71268, United States",5415 Quitman Hwy,Quitman,LA,71268,5.0,3,Diesel engine repair service,,,https://www.google.com/maps/place/Davis+Diesel+Equipment+Service/data=!4m7!3m6!1s0x8630348bde7b48f1:0xe95230aef79a47cf!8m2!3d32.2852987!4d-92.7141715!16s%2Fg%2F11c1sz8hpt!19sChIJ8Uh73os0MIYRz0ea964wUuk?authuser=0&hl=en&rclk=1,auto repair shop,Winn Parish,county,LA,2026-07-30T11:37:04,0x8630348bde7b48f1:0xe95230aef79a47cf
Chabill's Tire & Auto Service,(985) 532-6866,https://chabillstire.com/locations/raceland/,,"4966 LA-1, Raceland, LA 70394, United States",4966 LA-1,Raceland,LA,70394,4.8,604,Tire shop,,,https://www.google.com/maps/place/Chabill%27s+Tire+%26+Auto+Service/data=!4m7!3m6!1s0x8620e3dc494d05e3:0x2ca93f02b323faa8!8m2!3d29.6873348!4d-90.5473219!16s%2Fg%2F1tdpgkfb!19sChIJ4wVNSdzjIIYRqPojswI_qSw?authuser=0&hl=en&rclk=1,auto repair shop,Terrebonne Parish,county,LA,2026-07-30T09:52:15,0x8620e3dc494d05e3:0x2ca93f02b323faa8
Dave's Auto Repair & Sales,(985) 446-7526,,,"2622 LA-1, Raceland, LA 70394, United States",2622 LA-1,Raceland,LA,70394,4.2,12,Auto repair shop,,,https://www.google.com/maps/place/Dave%27s+Auto+Repair+%26+Sales/data=!4m7!3m6!1s0x8621192010062a6f:0xeb727f70e62a9125!8m2!3d29.7363999!4d-90.6829395!16s%2Fg%2F1thnp3wy!19sChIJbyoGECAZIYYRJZEq5nB_cus?authuser=0&hl=en&rclk=1,auto repair shop,Assumption Parish,county,LA,2026-07-29T10:20:35,0x8621192010062a6f:0xeb727f70e62a9125
Earl's Transmission Services & Sales,(985) 447-8599,https://www.facebook.com/Earlstransmission2710/,,"2710 LA-1, Raceland, LA 70394, United States",2710 LA-1,Raceland,LA,70394,4.0,34,Auto repair shop,,,https://www.google.com/maps/place/Earl%27s+Transmission+Services+%26+Sales/data=!4m7!3m6!1s0x862119264ef6974f:0x35ba4752b710c3f!8m2!3d29.7356548!4d-90.6772155!16s%2Fg%2F1tjytzjd!19sChIJT5f2TiYZIYYRPwxxK3WkWwM?authuser=0&hl=en&rclk=1,auto repair shop,Assumption Parish,county,LA,2026-07-29T10:20:35,0x862119264ef6974f:0x35ba4752b710c3f
Randy's Auto Repair,(985) 537-5898,,,"583 Ayo St, Raceland, LA 70394, United States",583 Ayo St,Raceland,LA,70394,4.7,11,Brake shop,,,https://www.google.com/maps/place/Randy%27s+Auto+Repair/data=!4m7!3m6!1s0x86211e1780062957:0xc756010ed350eacd!8m2!3d29.7135088!4d-90.6118303!16s%2Fg%2F1xb2dyd9!19sChIJVykGgBceIYYRzepQ0w4BVsc?authuser=0&hl=en&rclk=1,auto repair shop,Terrebonne Parish,county,LA,2026-07-30T09:52:15,0x86211e1780062957:0xc756010ed350eacd
C J Auto Repair & Towing,(337) 334-1101,,,"610 W Branche St, Rayne, LA 70578, United States",610 W Branche St,Rayne,LA,70578,4.4,108,Auto repair shop,,,https://www.google.com/maps/place/C+J+Auto+Repair+%26+Towing/data=!4m7!3m6!1s0x8624a677141f1a4b:0x7dc90b1da9f1a509!8m2!3d30.2275794!4d-92.2744504!16s%2Fg%2F1th0btb3!19sChIJSxofFHemJIYRCaXxqR0LyX0?authuser=0&hl=en&rclk=1,auto repair shop,St. Martin Parish,county,LA,2026-07-30T09:03:24,0x8624a677141f1a4b:0x7dc90b1da9f1a509
E'S Garage,(337) 334-0925,,,"2829 Golden Grain Rd, Rayne, LA 70578, United States",2829 Golden Grain Rd,Rayne,LA,70578,4.8,68,Towing service,,,https://www.google.com/maps/place/E%27S+Garage/data=!4m7!3m6!1s0x86249f9dec3e6d9b:0x4cdf279cbc3ea8ce!8m2!3d30.1607998!4d-92.2334341!16s%2Fg%2F11j1brfj9q!19sChIJm20-7J2fJIYRzqg-vJwn30w?authuser=0&hl=en&rclk=1,auto repair shop,Acadia Parish,county,LA,2026-07-29T09:43:23,0x86249f9dec3e6d9b:0x4cdf279cbc3ea8ce
J & M Automotive Repair LLC,(337) 398-4983,,,"1416 N Polk St, Rayne, LA 70578, United States",1416 N Polk St,Rayne,LA,70578,,,Auto repair shop,,,https://www.google.com/maps/place/J+%26+M+Automotive+Repair+LLC/data=!4m7!3m6!1s0x8624a5b56a1e4805:0xba60d4e7c1388d36!8m2!3d30.2497778!4d-92.2674186!16s%2Fg%2F11y5vkbn97!19sChIJBUgearWlJIYRNo04wefUYLo?authuser=0&hl=en&rclk=1,auto repair shop,Acadia Parish,county,LA,2026-07-29T09:43:23,0x8624a5b56a1e4805:0xba60d4e7c1388d36
LG 24 Hour Road Service and Tire Repair,(979) 533-0454,,,"I-10 Exit 87, Rayne, LA 70578, United States",I-10 Exit 87,Rayne,LA,70578,5.0,6,Auto repair shop,,,https://www.google.com/maps/place/LG+24+Hour+Road+Service+and+Tire+Repair/data=!4m7!3m6!1s0x8624a50014ed6025:0x2460cf66881b8e7c!8m2!3d30.2519834!4d-92.2444033!16s%2Fg%2F11yd7cwyvp!19sChIJJWDtFAClJIYRfI4biGbPYCQ?authuser=0&hl=en&rclk=1,auto repair shop,Acadia Parish,county,LA,2026-07-29T09:43:23,0x8624a50014ed6025:0x2460cf66881b8e7c
Richard's Auto Repair LLC,(337) 658-9429,,,"124 R & B LN, Rayne, LA 70578, United States",124 R & B LN,Rayne,LA,70578,5.0,13,Auto repair shop,,,https://www.google.com/maps/place/Richard%27s+Auto+Repair+LLC/data=!4m7!3m6!1s0x8624a588f1bbb91d:0x84d1f43b4578c6c9!8m2!3d30.2922903!4d-92.2248704!16s%2Fg%2F11t5m0dqyn!19sChIJHbm78YilJIYRycZ4RTv00YQ?authuser=0&hl=en&rclk=1,auto repair shop,St. Martin Parish,county,LA,2026-07-30T09:03:24,0x8624a588f1bbb91d:0x84d1f43b4578c6c9
Pit Stop Tire & Auto,(337) 513-0815,http://pitrepair.com/,,"18324 US-190, Reeves, LA 70658, United States",18324 US-190,Reeves,LA,70658,4.8,107,Tire shop,,,https://www.google.com/maps/place/Pit+Stop+Tire+%26+Auto/data=!4m7!3m6!1s0x863b0b1766a552d1:0xf5e177f3a63f8540!8m2!3d30.5196075!4d-93.0477424!16s%2Fg%2F1tfsc6l0!19sChIJ0VKlZhcLO4YRQIU_pvN34fU?authuser=0&hl=en&rclk=1,auto repair shop,Allen Parish,county,LA,2026-07-29T09:58:43,0x863b0b1766a552d1:0xf5e177f3a63f8540
Crockett's Auto Repair,(504) 723-6735,,,"109 E 15th St, Reserve, LA 70084, United States",109 E 15th St,Reserve,LA,70084,5.0,6,Auto repair shop,,,https://www.google.com/maps/place/Crockett%27s+Auto+Repair/data=!4m7!3m6!1s0x8620d6bd14c51aad:0x8c5ceeb47090bdab!8m2!3d30.0522006!4d-90.5434975!16s%2Fg%2F11b6bssl4j!19sChIJrRrFFL3WIIYRq72QcLTuXIw?authuser=0&hl=en&rclk=1,auto repair shop,St. John the Baptist Parish,county,LA,2026-07-30T08:30:09,0x8620d6bd14c51aad:0x8c5ceeb47090bdab
Richmond Automotive,(318) 574-3986,,,"2 Frederick St, Richmond, LA 71282, United States",2 Frederick St,Richmond,LA,71282,4.3,56,Auto repair shop,,,https://www.google.com/maps/place/Richmond+Automotive/data=!4m7!3m6!1s0x86292b10951b64d9:0xa6dca47765263ad4!8m2!3d32.3845465!4d-91.1803931!16s%2Fg%2F1thbx0g5!19sChIJ2WQblRArKYYR1DomZXek3KY?authuser=0&hl=en&rclk=1,auto repair shop,Tensas Parish,county,LA,2026-07-30T09:33:29,0x86292b10951b64d9:0xa6dca47765263ad4
Richwood Auto Depo,(318) 331-9889,,,"102 S Pryce St, Richwood, LA 71202, United States",102 S Pryce St,Richwood,LA,71202,3.5,4,Auto body shop,,,https://www.google.com/maps/place/Richwood+Auto+Depo/data=!4m7!3m6!1s0x862e492ffdb37421:0xf412ed867819f189!8m2!3d32.4829281!4d-92.0848708!16s%2Fg%2F11jd9ykhvg!19sChIJIXSz_S9JLoYRifEZeIbtEvQ?authuser=0&hl=en&rclk=1,auto repair shop,Caldwell Parish,county,LA,2026-07-29T11:39:29,0x862e492ffdb37421:0xf412ed867819f189
Concordia Auto Glass,(601) 493-5096,https://www.facebook.com/chrism0923/,,"605 Ferriday Dr, Ridgecrest, LA 71334, United States",605 Ferriday Dr,Ridgecrest,LA,71334,4.9,7,Glass repair service,,,https://www.google.com/maps/place/Concordia+Auto+Glass/data=!4m7!3m6!1s0x86258ba259ed0f47:0xabf7abc2230eaaea!8m2!3d31.6036889!4d-91.5311329!16s%2Fg%2F11rsg0rl6q!19sChIJRw_tWaKLJYYR6qoOI8Kr96s?authuser=0&hl=en&rclk=1,auto repair shop,Concordia Parish,county,LA,2026-07-29T12:17:33,0x86258ba259ed0f47:0xabf7abc2230eaaea
Delta Glass & Mirror Co,(318) 757-6834,,,"6402 US-84, Ridgecrest, LA 71334, United States",6402 US-84,Ridgecrest,LA,71334,5.0,29,Auto glass shop,,,https://www.google.com/maps/place/Delta+Glass+%26+Mirror+Co/data=!4m7!3m6!1s0x86258aa5848315d1:0xee85ee10a2eeef1!8m2!3d31.6062785!4d-91.5225998!16s%2Fg%2F1tgcs7h4!19sChIJ0RWDhKWKJYYR8e4uCuFe6A4?authuser=0&hl=en&rclk=1,auto repair shop,Catahoula Parish,county,LA,2026-07-29T11:59:56,0x86258aa5848315d1:0xee85ee10a2eeef1
Ringgold Auto Repair & Restoration,(318) 894-2524,,,"3501 US-371, Ringgold, LA 71068, United States",3501 US-371,Ringgold,LA,71068,5.0,2,Auto repair shop,,,https://www.google.com/maps/place/Ringgold+Auto+Repair+%26+Restoration/data=!4m7!3m6!1s0x86311d1536881f23:0x3e784ab0d88f61c8!8m2!3d32.3413459!4d-93.2806209!16s%2Fg%2F113fz6y1s!19sChIJIx-INhUdMYYRyGGP2LBKeD4?authuser=0&hl=en&rclk=1,auto repair shop,Bienville Parish,county,LA,2026-07-29T10:55:15,0x86311d1536881f23:0x3e784ab0d88f61c8
Tipton's Texaco,(318) 894-4366,,,"2630 Military Rd, Ringgold, LA 71068, United States",2630 Military Rd,Ringgold,LA,71068,4.5,35,Auto repair shop,,,https://www.google.com/maps/place/Tipton%27s+Texaco/data=!4m7!3m6!1s0x86311d6a58902dc3:0x6caabf1ebbc989de!8m2!3d32.3306772!4d-93.2797485!16s%2Fg%2F1tl0xq9b!19sChIJwy2QWGodMYYR3onJux6_qmw?authuser=0&hl=en&rclk=1,auto repair shop,Bienville Parish,county,LA,2026-07-29T10:55:15,0x86311d6a58902dc3:0x6caabf1ebbc989de
Dale's Auto Repair,(337) 275-0008,,,"14010 LA-395, Roanoke, LA 70581, United States",14010 LA-395,Roanoke,LA,70581,4.0,1,Auto bodywork mechanic,,,https://www.google.com/maps/place/Dale%27s+Auto+Repair/data=!4m7!3m6!1s0x863b5d5d9e404f85:0x4cd77f20c617d5e8!8m2!3d30.2330525!4d-92.7464273!16s%2Fg%2F11v0b6y45x!19sChIJhU9Anl1dO4YR6NUXxiB_10w?authuser=0&hl=en&rclk=1,auto repair shop,Allen Parish,county,LA,2026-07-29T09:58:43,0x863b5d5d9e404f85:0x4cd77f20c617d5e8
Roger's Auto Repair,(318) 472-9585,,,"532 Central Loop, Robeline, LA 71469, United States",532 Central Loop,Robeline,LA,71469,4.0,2,Auto repair shop,,,https://www.google.com/maps/place/Roger%27s+Auto+Repair/data=!4m7!3m6!1s0x86309c7bea5a9f7f:0xbaa5371f19944435!8m2!3d31.6700099!4d-93.3047845!16s%2Fg%2F1tcwx2nd!19sChIJf59a6nucMIYRNUSUGR83pbo?authuser=0&hl=en&rclk=1,auto repair shop,Caldwell Parish,county,LA,2026-07-29T11:39:29,0x86309c7bea5a9f7f:0xbaa5371f19944435
Tiger's Tire Shop,(318) 554-9909,,,"109 Withers St, Robeline, LA 71469, United States",109 Withers St,Robeline,LA,71469,4.9,14,Tire shop,,,https://www.google.com/maps/place/Tiger%27s+Tire+Shop/data=!4m7!3m6!1s0x86309b0ab35f94bf:0xf28a2f7478ae2ef3!8m2!3d31.6926951!4d-93.3022732!16s%2Fg%2F11lvw57yzz!19sChIJv5RfswqbMIYR8y6ueHQvivI?authuser=0&hl=en&rclk=1,auto repair shop,Winn Parish,county,LA,2026-07-30T11:37:04,0x86309b0ab35f94bf:0xf28a2f7478ae2ef3
C.A.R.S. by Tito,(985) 956-7500,http://www.carsbytito.com/,,"44349 LA-445, Robert, LA 70455, United States",44349 LA-445,Robert,LA,70455,4.9,148,Auto repair shop,,,https://www.google.com/maps/place/C.A.R.S.+by+Tito/data=!4m7!3m6!1s0x86273f82993b6299:0xe7b2a621ae51af3!8m2!3d30.5044307!4d-90.3442535!16s%2Fg%2F11grrn7017!19sChIJmWI7mYI_J4YR8xrlGmIqew4?authuser=0&hl=en&rclk=1,auto repair shop,St. Tammany Parish,county,LA,2026-07-30T09:19:04,0x86273f82993b6299:0xe7b2a621ae51af3
Robert Station,(985) 345-0871,http://robert-station.poi.place/,,"23231 US-190, Robert, LA 70455, United States",23231 US-190,Robert,LA,70455,4.3,96,Auto repair shop,,,https://www.google.com/maps/place/Robert+Station/data=!4m7!3m6!1s0x86273e35e79ab039:0x9bd210daff8f821a!8m2!3d30.5058122!4d-90.3365954!16s%2Fg%2F1x5fbqsc!19sChIJObCa5zU-J4YRGoKP_9oQ0ps?authuser=0&hl=en&rclk=1,auto repair shop,St. Tammany Parish,county,LA,2026-07-30T09:19:04,0x86273e35e79ab039:0x9bd210daff8f821a
"John’s Repair Shop, LLC",(225) 953-6541,,,"15075 LA-10, Roseland, LA 70456, United States",15075 LA-10,Roseland,LA,70456,5.0,12,Mechanic,,,"https://www.google.com/maps/place/John%E2%80%99s+Repair+Shop,+LLC/data=!4m7!3m6!1s0x86270518248a373f:0xaf3c13ed83111b54!8m2!3d30.787557!4d-90.483762!16s%2Fg%2F11ygp0bnrg!19sChIJPzeKJBgFJ4YRVBsRg-0TPK8?authuser=0&hl=en&rclk=1",auto repair shop,Tangipahoa Parish,county,LA,2026-07-30T09:29:30,0x86270518248a373f:0xaf3c13ed83111b54
Johnson & Son's Auto & Trailer Sales,(337) 202-1990,http://www.johnsonandsonsauto.com/,,"18530 Lake Charles Hwy, Rosepine, LA 70659, United States",18530 Lake Charles Hwy,Rosepine,LA,70659,4.2,47,Trailer dealer,,,https://www.google.com/maps/place/Johnson+%26+Son%27s+Auto+%26+Trailer+Sales/data=!4m7!3m6!1s0x863a4dbc1eade98b:0xf402dff5be5518b2!8m2!3d30.9198949!4d-93.2829536!16s%2Fg%2F1tdhm5z8!19sChIJi-mtHrxNOoYRshhVvvXfAvQ?authuser=0&hl=en&rclk=1,auto repair shop,Beauregard Parish,county,LA,2026-07-29T10:38:56,0x863a4dbc1eade98b:0xf402dff5be5518b2
ABC Auto Repair,(318) 251-0196,,,"2827 LA-33, Ruston, LA 71270, United States",2827 LA-33,Ruston,LA,71270,4.5,32,Brake shop,,,https://www.google.com/maps/place/ABC+Auto+Repair/data=!4m7!3m6!1s0x8631db3e90e484bf:0xee6626fc51cf4063!8m2!3d32.5736441!4d-92.6028957!16s%2Fg%2F1tltmrcp!19sChIJv4TkkD7bMYYRY0DPUfwmZu4?authuser=0&hl=en&rclk=1,auto repair shop,Union Parish,county,LA,2026-07-30T10:01:50,0x8631db3e90e484bf:0xee6626fc51cf4063
Ace Automotive Repair & Towing,(318) 251-2237,http://www.aceautomotiveruston.com/,kendon8@gmail.com,"4200 S Vienna St, Ruston, LA 71270, United States",4200 S Vienna St,Ruston,LA,71270,4.9,523,Auto repair shop,,,https://www.google.com/maps/place/Ace+Automotive+Repair+%26+Towing/data=!4m7!3m6!1s0x8631cfbe642bfcc1:0xa88e2bc75820ee4f!8m2!3d32.4847066!4d-92.6432172!16s%2Fg%2F1tgx2d4y!19sChIJwfwrZL7PMYYRT-4gWMcrjqg?authuser=0&hl=en&rclk=1,auto repair shop,Bienville Parish,county,LA,2026-07-29T10:55:15,0x8631cfbe642bfcc1:0xa88e2bc75820ee4f
BroomAuto,(318) 255-3623,http://broomautorepair.com/,,"3395 LA-33, Ruston, LA 71270, United States",3395 LA-33,Ruston,LA,71270,4.6,59,Auto repair shop,,,https://www.google.com/maps/place/BroomAuto/data=!4m7!3m6!1s0x8631db675e1f3941:0x6cf72cbf7c19af78!8m2!3d32.5942407!4d-92.5991168!16s%2Fg%2F1tklqxzt!19sChIJQTkfXmfbMYYReK8ZfL8s92w?authuser=0&hl=en&rclk=1,auto repair shop,Union Parish,county,LA,2026-07-30T10:01:50,0x8631db675e1f3941:0x6cf72cbf7c19af78
C&C Motors,(318) 251-1130,,,"338 Tarbutton Rd, Ruston, LA 71270, United States",338 Tarbutton Rd,Ruston,LA,71270,4.6,23,Auto repair shop,,,https://www.google.com/maps/place/C%26C+Motors/data=!4m7!3m6!1s0x8631c568f7e30d17:0x87fb7b4508ad881e!8m2!3d32.5486469!4d-92.6785022!16s%2Fg%2F1tfgpr_c!19sChIJFw3j92jFMYYRHoitCEV7-4c?authuser=0&hl=en&rclk=1,auto repair shop,Union Parish,county,LA,2026-07-30T10:01:50,0x8631c568f7e30d17:0x87fb7b4508ad881e
CITGO auto service,(318) 255-6558,,,"923 E Georgia Ave, Ruston, LA 71270, United States",923 E Georgia Ave,Ruston,LA,71270,4.0,8,Tire shop,,,https://www.google.com/maps/place/CITGO+auto+service/data=!4m7!3m6!1s0x8631c5363a24288b:0x5786ecf401de04be!8m2!3d32.5332961!4d-92.6254209!16s%2Fg%2F1tdky10z!19sChIJiygkOjbFMYYRvgTeAfTshlc?authuser=0&hl=en&rclk=1,auto repair shop,Claiborne Parish,county,LA,2026-07-29T12:07:58,0x8631c5363a24288b:0x5786ecf401de04be
Charlie's Auto Repair Shop LLC,(318) 224-7073,https://www.facebook.com/CharliesAutoRepairShopLLC/,,"619 S Monroe St, Ruston, LA 71270, United States",619 S Monroe St,Ruston,LA,71270,4.1,81,Auto repair shop,,,https://www.google.com/maps/place/Charlie%27s+Auto+Repair+Shop+LLC/data=!4m7!3m6!1s0x8631c568f7e30da9:0xd72d345128b491a9!8m2!3d32.5226791!4d-92.640904!16s%2Fg%2F11df81rxv9!19sChIJqQ3j92jFMYYRqZG0KFE0Ldc?authuser=0&hl=en&rclk=1,auto repair shop,Union Parish,county,LA,2026-07-30T10:01:50,0x8631c568f7e30da9:0xd72d345128b491a9
Clay's Auto Repair,(318) 255-4538,,,"175 Haddox Rd, Ruston, LA 71270, United States",175 Haddox Rd,Ruston,LA,71270,5.0,1,Auto repair shop,,,https://www.google.com/maps/place/Clay%27s+Auto+Repair/data=!4m7!3m6!1s0x8631db2389dd6fd7:0x99a8ff6d672fe2aa!8m2!3d32.5620241!4d-92.603597!16s%2Fg%2F1tl7p2c3!19sChIJ12_diSPbMYYRquIvZ23_qJk?authuser=0&hl=en&rclk=1,auto repair shop,Union Parish,county,LA,2026-07-30T10:01:50,0x8631db2389dd6fd7:0x99a8ff6d672fe2aa
Complete Oil Change,(318) 251-1645,,,"901 W California Ave, Ruston, LA 71270, United States",901 W California Ave,Ruston,LA,71270,4.7,44,Auto repair shop,,,https://www.google.com/maps/place/Complete+Oil+Change/data=!4m7!3m6!1s0x8631c57043148ca1:0xbf7bc23498f77a7c!8m2!3d32.5221836!4d-92.6504413!16s%2Fg%2F1tdg_ntn!19sChIJoYwUQ3DFMYYRfHr3mDTCe78?authuser=0&hl=en&rclk=1,auto repair shop,Union Parish,county,LA,2026-07-30T10:01:50,0x8631c57043148ca1:0xbf7bc23498f77a7c
D & Y Tire Ruston,(318) 245-7452,,,"2829 LA-33, Ruston, LA 71270, United States",2829 LA-33,Ruston,LA,71270,4.5,77,Tire shop,,,https://www.google.com/maps/place/D+%26+Y+Tire+Ruston/data=!4m7!3m6!1s0x8631db3eb8e6cdc5:0x6ffb26c7a87b0235!8m2!3d32.5739973!4d-92.6027442!16s%2Fg%2F11gf8h09r5!19sChIJxc3muD7bMYYRNQJ7qMcm-28?authuser=0&hl=en&rclk=1,auto repair shop,Claiborne Parish,county,LA,2026-07-29T12:07:58,0x8631db3eb8e6cdc5:0x6ffb26c7a87b0235
Ginn's Autobody,(318) 255-9868,https://www.ginnsautobody.com/,,"1618 Industrial Dr, Ruston, LA 71270, United States",1618 Industrial Dr,Ruston,LA,71270,4.9,333,Auto body shop,,,https://www.google.com/maps/place/Ginn%27s+Autobody/data=!4m7!3m6!1s0x8631dc21e6507599:0xfc952f05ca2b92bf!8m2!3d32.5476749!4d-92.6171903!16s%2Fg%2F1tdwf950!19sChIJmXVQ5iHcMYYRv5IrygUvlfw?authuser=0&hl=en&rclk=1,auto repair shop,Union Parish,county,LA,2026-07-30T10:01:50,0x8631dc21e6507599:0xfc952f05ca2b92bf
Goudeau's Automotive LLC,(318) 245-2330,https://www.facebook.com/profile.php?id=100090444703206,,"1921 Industrial Dr, Ruston, LA 71270, United States",1921 Industrial Dr,Ruston,LA,71270,4.7,27,Auto repair shop,,,https://www.google.com/maps/place/Goudeau%27s+Automotive+LLC/data=!4m7!3m6!1s0x8631dbd52bef99a1:0x334981b2bcafc7d2!8m2!3d32.5482948!4d-92.6123763!16s%2Fg%2F11sj_7g9dk!19sChIJoZnvK9XbMYYR0sevvLKBSTM?authuser=0&hl=en&rclk=1,auto repair shop,Bienville Parish,county,LA,2026-07-29T10:55:15,0x8631dbd52bef99a1:0x334981b2bcafc7d2
J & M Auto Repair LLC,(318) 254-0717,,,"2429 LA-33, Ruston, LA 71270, United States",2429 LA-33,Ruston,LA,71270,4.4,84,Auto repair shop,,,https://www.google.com/maps/place/J+%26+M+Auto+Repair+LLC/data=!4m7!3m6!1s0x8631db26681fcaa7:0x9eae814c2fcaf57!8m2!3d32.5594581!4d-92.6078354!16s%2Fg%2F1vhlykbt!19sChIJp8ofaCbbMYYRV6_8whTo6gk?authuser=0&hl=en&rclk=1,auto repair shop,Union Parish,county,LA,2026-07-30T10:01:50,0x8631db26681fcaa7:0x9eae814c2fcaf57
Jim Taylor Ford Service,(318) 255-2590,https://www.jimtaylorford.com/,,"1605 North Service Rd E, Ruston, LA 71270, United States",1605 North Service Rd E,Ruston,LA,71270,4.4,197,Auto repair shop,,,https://www.google.com/maps/place/Jim+Taylor+Ford+Service/data=!4m7!3m6!1s0x8631dbf95adbfa9d:0x9fe487631e013d93!8m2!3d32.5415053!4d-92.6182128!16s%2Fg%2F11qpw0pykg!19sChIJnfrbWvnbMYYRkz0BHmOH5J8?authuser=0&hl=en&rclk=1,auto repair shop,Union Parish,county,LA,2026-07-30T10:01:50,0x8631dbf95adbfa9d:0x9fe487631e013d93
Jim Taylor Lincoln Service,(318) 255-2590,https://www.lincoln.com/?,,"1605 North Service Rd E, Ruston, LA 71270, United States",1605 North Service Rd E,Ruston,LA,71270,5.0,1,Auto repair shop,,,https://www.google.com/maps/place/Jim+Taylor+Lincoln+Service/data=!4m7!3m6!1s0x8631db3b8d275451:0xeb1c294e86623402!8m2!3d32.5415053!4d-92.6182128!16s%2Fg%2F11qptjpp2m!19sChIJUVQnjTvbMYYRAjRihk4pHOs?authuser=0&hl=en&rclk=1,auto repair shop,Claiborne Parish,county,LA,2026-07-29T12:07:58,0x8631db3b8d275451:0xeb1c294e86623402
Joe's Tire Service of Ruston,(318) 924-1995,https://joestireserviceofruston.com/,,"2120 Farmerville Hwy, Ruston, LA 71270, United States",2120 Farmerville Hwy,Ruston,LA,71270,4.8,315,Tire shop,,,https://www.google.com/maps/place/Joe%27s+Tire+Service+of+Ruston/data=!4m7!3m6!1s0x8631dbe05337c5bb:0x6f41e6c8aa1d9a94!8m2!3d32.5509376!4d-92.6092453!16s%2Fg%2F11g4cjwlmv!19sChIJu8U3U-DbMYYRlJodqsjmQW8?authuser=0&hl=en&rclk=1,auto repair shop,Union Parish,county,LA,2026-07-30T10:01:50,0x8631dbe05337c5bb:0x6f41e6c8aa1d9a94
Kirbow Tires,(318) 255-1545,,,"615 S Monroe St, Ruston, LA 71270, United States",615 S Monroe St,Ruston,LA,71270,4.3,137,Tire shop,,,https://www.google.com/maps/place/Kirbow+Tires/data=!4m7!3m6!1s0x8631c568593f570d:0x7da77dc0f8b024ec!8m2!3d32.5228724!4d-92.6409904!16s%2Fg%2F1tywy9q2!19sChIJDVc_WWjFMYYR7CSw-MB9p30?authuser=0&hl=en&rclk=1,auto repair shop,Claiborne Parish,county,LA,2026-07-29T12:07:58,0x8631c568593f570d:0x7da77dc0f8b024ec
Lamkin Automotive,(318) 255-8350,https://www.facebook.com/pages/Lamkin-Automotive/118745588136181,,"911 E Georgia Ave, Ruston, LA 71270, United States",911 E Georgia Ave,Ruston,LA,71270,5.0,20,Transmission shop,,,https://www.google.com/maps/place/Lamkin+Automotive/data=!4m7!3m6!1s0x8631c537d45dbd8b:0x8f9a7d57c37d1cc1!8m2!3d32.5330663!4d-92.6264552!16s%2Fg%2F1thr7jyz!19sChIJi71d1DfFMYYRwRx9w1d9mo8?authuser=0&hl=en&rclk=1,auto repair shop,Union Parish,county,LA,2026-07-30T10:01:50,0x8631c537d45dbd8b:0x8f9a7d57c37d1cc1
Lee's Automotive & Body Shop,(318) 255-4504,,,"1827 Industrial Dr, Ruston, LA 71270, United States",1827 Industrial Dr,Ruston,LA,71270,4.8,10,Auto body shop,,,https://www.google.com/maps/place/Lee%27s+Automotive+%26+Body+Shop/data=!4m7!3m6!1s0x8631dad16206cd17:0xbbe46dea136b24d4!8m2!3d32.5482164!4d-92.6132179!16s%2Fg%2F1tf24g1v!19sChIJF80GYtHaMYYR1CRrE-pt5Ls?authuser=0&hl=en&rclk=1,auto repair shop,Bienville Parish,county,LA,2026-07-29T10:55:15,0x8631dad16206cd17:0xbbe46dea136b24d4
McKinney Honda Service,(318) 906-1051,http://www.mckinneyhonda.com/,,"715 North Service Rd E, Ruston, LA 71270, United States",715 North Service Rd E,Ruston,LA,71270,4.7,23,Auto repair shop,,,https://www.google.com/maps/place/McKinney+Honda+Service/data=!4m7!3m6!1s0x8631c53a7c837adb:0xed44e015b31693f1!8m2!3d32.5414651!4d-92.6288537!16s%2Fg%2F11b6srksqv!19sChIJ23qDfDrFMYYR8ZMWsxXgRO0?authuser=0&hl=en&rclk=1,auto repair shop,Claiborne Parish,county,LA,2026-07-29T12:07:58,0x8631c53a7c837adb:0xed44e015b31693f1
McKinney Outdoor Superstore,(318) 255-6777,https://mckinneyoutdoorsuperstore.com/,,"715 North Service Rd E, Ruston, LA 71270, United States",715 North Service Rd E,Ruston,LA,71270,4.7,549,ATV dealer,,,https://www.google.com/maps/place/McKinney+Outdoor+Superstore/data=!4m7!3m6!1s0x8631c5307e2adef7:0xe89f8da996e9ac6f!8m2!3d32.5410213!4d-92.6287597!16s%2Fg%2F1vp6_k5x!19sChIJ994qfjDFMYYRb6zplqmNn-g?authuser=0&hl=en&rclk=1,auto repair shop,Claiborne Parish,county,LA,2026-07-29T12:07:58,0x8631c5307e2adef7:0xe89f8da996e9ac6f
Rick Breen's Rapid Lube,(318) 255-7430,https://rickbreens.com/,justin@rickbreens.com,"1730 Farmerville Hwy, Ruston, LA 71270, United States",1730 Farmerville Hwy,Ruston,LA,71270,4.6,102,Oil change service,,,https://www.google.com/maps/place/Rick+Breen%27s+Rapid+Lube/data=!4m7!3m6!1s0x8631dacdb50edf23:0xc62e2f6acca52dea!8m2!3d32.542224!4d-92.6145733!16s%2Fg%2F1tsjf002!19sChIJI98Otc3aMYYR6i2lzGovLsY?authuser=0&hl=en&rclk=1,auto repair shop,Bienville Parish,county,LA,2026-07-29T10:55:15,0x8631dacdb50edf23:0xc62e2f6acca52dea
SpeeDee Oil Change & Auto Service,(318) 242-0034,https://www.speedeeoil.com/locations/us/la/ruston/315-north-service-rd-e,email@address.com,"315 North Service Rd E, Ruston, LA 71270, United States",315 North Service Rd E,Ruston,LA,71270,4.7,317,Oil change service,,,https://www.google.com/maps/place/SpeeDee+Oil+Change+%26+Auto+Service/data=!4m7!3m6!1s0x8631c53c5e1ad9d1:0xf2d56009f1a8bc45!8m2!3d32.540976!4d-92.6340594!16s%2Fg%2F1tnl1s7c!19sChIJ0dkaXjzFMYYRRbyo8Qlg1fI?authuser=0&hl=en&rclk=1,auto repair shop,Union Parish,county,LA,2026-07-30T10:01:50,0x8631c53c5e1ad9d1:0xf2d56009f1a8bc45
Twin City Transmission Service,(318) 436-3400,https://twincitytrans.com/,info@twincitytrans.com,"2787 LA-33, Ruston, LA 71270, United States",2787 LA-33,Ruston,LA,71270,4.5,64,Transmission shop,,,https://www.google.com/maps/place/Twin+City+Transmission+Service/data=!4m7!3m6!1s0x8631db630e04afff:0x1dd099068a283065!8m2!3d32.5731506!4d-92.6032791!16s%2Fg%2F11j7v_fzw9!19sChIJ_68EDmPbMYYRZTAoigaZ0B0?authuser=0&hl=en&rclk=1,auto repair shop,Union Parish,county,LA,2026-07-30T10:01:50,0x8631db630e04afff:0x1dd099068a283065
Walker's Garage,(318) 255-0393,,,"128 Haddox Rd, Ruston, LA 71270, United States",128 Haddox Rd,Ruston,LA,71270,4.4,33,Auto repair shop,,,https://www.google.com/maps/place/Walker%27s+Garage/data=!4m7!3m6!1s0x8631db2469cff063:0x38b5ace6d3adc2db!8m2!3d32.5613785!4d-92.6057008!16s%2Fg%2F1tcwrhvm!19sChIJY_DPaSTbMYYR28Kt0-astTg?authuser=0&hl=en&rclk=1,auto repair shop,Union Parish,county,LA,2026-07-30T10:01:50,0x8631db2469cff063:0x38b5ace6d3adc2db
Walpole Tire & Service,(318) 255-4202,https://walpoletire.com/,,"511 E Georgia Ave, Ruston, LA 71270, United States",511 E Georgia Ave,Ruston,LA,71270,4.6,438,Tire shop,,,https://www.google.com/maps/place/Walpole+Tire+%26+Service/data=!4m7!3m6!1s0x8631c5479f81c445:0x3653047486c7e17f!8m2!3d32.5313491!4d-92.6316757!16s%2Fg%2F1v_z98kt!19sChIJRcSBn0fFMYYRf-HHhnQEUzY?authuser=0&hl=en&rclk=1,auto repair shop,Union Parish,county,LA,2026-07-30T10:01:50,0x8631c5479f81c445:0x3653047486c7e17f
Medlock Mechanics,(920) 518-0766,,,"149 Mill Creek Rd, Saline, LA 71070, United States",149 Mill Creek Rd,Saline,LA,71070,5.0,6,Auto repair shop,,,https://www.google.com/maps/place/Medlock+Mechanics/data=!4m7!3m6!1s0x863051cacbcd2459:0x8fb8bdda613045ec!8m2!3d32.1671089!4d-92.9906785!16s%2Fg%2F11wgqxs24b!19sChIJWSTNy8pRMIYR7EUwYdq9uI8?authuser=0&hl=en&rclk=1,auto repair shop,Winn Parish,county,LA,2026-07-30T11:37:04,0x863051cacbcd2459:0x8fb8bdda613045ec
Deloney's Auto Body & Paint,(318) 847-4663,,,"23988 US-371, Sarepta, LA 71071, United States",23988 US-371,Sarepta,LA,71071,4.6,42,Car repair and maintenance service,,,https://www.google.com/maps/place/Deloney%27s+Auto+Body+%26+Paint/data=!4m7!3m6!1s0x86315d119e9d89c5:0xcebcc923d2a9eb3c!8m2!3d32.8829778!4d-93.4451402!16s%2Fg%2F125_xw2c6!19sChIJxYmdnhFdMYYRPOup0iPJvM4?authuser=0&hl=en&rclk=1,auto repair shop,Webster Parish,county,LA,2026-07-30T10:55:43,0x86315d119e9d89c5:0xcebcc923d2a9eb3c
Nick's Garage,(318) 578-4078,,,"23988 US-371, Sarepta, LA 71071, United States",23988 US-371,Sarepta,LA,71071,5.0,4,Auto repair shop,,,https://www.google.com/maps/place/Nick%27s+Garage/data=!4m7!3m6!1s0x86315df5373b0be5:0x87db3f4ffec383a7!8m2!3d32.8829331!4d-93.4456413!16s%2Fg%2F11l1_xxmnj!19sChIJ5Qs7N_VdMYYRp4PD_k8_24c?authuser=0&hl=en&rclk=1,auto repair shop,Webster Parish,county,LA,2026-07-30T10:55:43,0x86315df5373b0be5:0x87db3f4ffec383a7
D & R Auto Repair & Sales,(985) 446-5691,,,"219 LA-20, Schriever, LA 70395, United States",219 LA-20,Schriever,LA,70395,4.9,21,Auto repair shop,,,https://www.google.com/maps/place/D+%26+R+Auto+Repair+%26+Sales/data=!4m7!3m6!1s0x8621166339a0ace5:0x65c21bb1654bcf51!8m2!3d29.7438555!4d-90.8188962!16s%2Fg%2F1tg6kxmv!19sChIJ5aygOWMWIYYRUc9LZbEbwmU?authuser=0&hl=en&rclk=1,auto repair shop,Assumption Parish,county,LA,2026-07-29T10:20:35,0x8621166339a0ace5:0x65c21bb1654bcf51
David Tireshop,(985) 492-2679,,,"1839 W Main St, Schriever, LA 70395, United States",1839 W Main St,Schriever,LA,70395,4.4,67,Tire shop,,,https://www.google.com/maps/place/David+Tireshop/data=!4m7!3m6!1s0x862116f0411550f5:0xd0a625fc25f43e90!8m2!3d29.7303194!4d-90.8022498!16s%2Fg%2F11ddwvclnd!19sChIJ9VAVQfAWIYYRkD70JfwlptA?authuser=0&hl=en&rclk=1,auto repair shop,Assumption Parish,county,LA,2026-07-29T10:20:35,0x862116f0411550f5:0xd0a625fc25f43e90
Service Auto Air & Truck Accessories,(337) 232-2665,http://serviceautoair.net/,,"107 W Saul Dr, Scott, LA 70583, United States",107 W Saul Dr,Scott,LA,70583,4.5,70,Auto repair shop,,,https://www.google.com/maps/place/Service+Auto+Air+%26+Truck+Accessories/data=!4m7!3m6!1s0x86249bfedebf5e2b:0xcb52c548ceee4a3d!8m2!3d30.2382074!4d-92.062612!16s%2Fg%2F1tgdjbx3!19sChIJK16_3v6bJIYRPUruzkjFUss?authuser=0&hl=en&rclk=1,auto repair shop,Acadia Parish,county,LA,2026-07-29T09:43:23,0x86249bfedebf5e2b:0xcb52c548ceee4a3d
Twisted Steel Auto & Farm Equipment Repair Welding & Fabrication,(318) 268-6996,,,"272 LA-2 Alt, Shongaloo, LA 71072, United States",272 LA-2 Alt,Shongaloo,LA,71072,4.7,10,Auto repair shop,,,https://www.google.com/maps/place/Twisted+Steel+Auto+%26+Farm+Equipment+Repair+Welding+%26+Fabrication/data=!4m7!3m6!1s0x86316482101348f9:0xcdca025dc50f6234!8m2!3d32.9448511!4d-93.2929522!16s%2Fg%2F11c7t0sn2d!19sChIJ-UgTEIJkMYYRNGIPxV0Cys0?authuser=0&hl=en&rclk=1,auto repair shop,Webster Parish,county,LA,2026-07-30T10:55:43,0x86316482101348f9:0xcdca025dc50f6234
Affordable Mechanix,(318) 606-5784,https://affordablemechanix.com/,admin@affordablemechanix.com,"1033 W 70th St, Shreveport, LA 71106, United States",1033 W 70th St,Shreveport,LA,71106,4.6,111,Auto repair shop,,,https://www.google.com/maps/place/Affordable+Mechanix/data=!4m7!3m6!1s0x8631334e32d71d3d:0xe9f60115e5a4a703!8m2!3d32.4414718!4d-93.7782079!16s%2Fg%2F11fpcmg8qh!19sChIJPR3XMk4zMYYRA6ek5RUB9uk?authuser=0&hl=en&rclk=1,auto repair shop,Caddo Parish,county,LA,2026-07-29T11:15:18,0x8631334e32d71d3d:0xe9f60115e5a4a703
Bayou Automotive specialist,(318) 588-0924,,,"1240 Shreveport Barksdale Hwy Ste 107, Shreveport, LA 71104, United States",1240 Shreveport Barksdale Hwy Ste 107,Shreveport,LA,71104,4.9,74,Auto repair shop,,,https://www.google.com/maps/place/Bayou+Automotive+specialist/data=!4m7!3m6!1s0x86313380552355d1:0x19e1857d53e3b2e6!8m2!3d32.4889429!4d-93.7063192!16s%2Fg%2F11vsbpyygt!19sChIJ0VUjVYAzMYYR5rLjU32F4Rk?authuser=0&hl=en&rclk=1,auto repair shop,Bossier Parish,county,LA,2026-07-29T11:12:50,0x86313380552355d1:0x19e1857d53e3b2e6
Bayou Mobile Mechanic,(318) 230-7590,http://bayoumobilemechanic.com/,,"4021 Youree Dr, Shreveport, LA 71105, United States",4021 Youree Dr,Shreveport,LA,71105,4.8,16,Auto repair shop,,,https://www.google.com/maps/place/Bayou+Mobile+Mechanic/data=!4m7!3m6!1s0x86312d4edd42d067:0xa2fe0e85ba239444!8m2!3d32.4647852!4d-93.7216712!16s%2Fg%2F11wfx80ldr!19sChIJZ9BC3U4tMYYRRJQjuoUO_qI?authuser=0&hl=en&rclk=1,auto repair shop,Caddo Parish,county,LA,2026-07-29T11:15:18,0x86312d4edd42d067:0xa2fe0e85ba239444
Broadmoor Garage,(318) 750-3216,http://www.gobroadmoorgarage.com/?utm_source=google&utm_medium=organic&utm_campaign=gbp,wecare@gobroadmoorgarage.com,"505 E Kings Hwy, Shreveport, LA 71105, United States",505 E Kings Hwy,Shreveport,LA,71105,4.4,556,Auto repair shop,,,https://www.google.com/maps/place/Broadmoor+Garage/data=!4m7!3m6!1s0x86312d5f9501f63f:0xe91748c6f36b3632!8m2!3d32.4812725!4d-93.7240658!16s%2Fg%2F1tglzbwj!19sChIJP_YBlV8tMYYRMjZr88ZIF-k?authuser=0&hl=en&rclk=1,auto repair shop,Bossier Parish,county,LA,2026-07-29T11:12:50,0x86312d5f9501f63f:0xe91748c6f36b3632
CAR CLINIC,(318) 455-1521,,,"889 Flournoy Lucas Rd, Shreveport, LA 71118, United States",889 Flournoy Lucas Rd,Shreveport,LA,71118,4.5,41,Auto repair shop,,,https://www.google.com/maps/place/CAR+CLINIC/data=!4m7!3m6!1s0x8636d3a2fc4c4b71:0x6a995c04d8ba0096!8m2!3d32.3906524!4d-93.7801335!16s%2Fg%2F11gxzzjnxg!19sChIJcUtM_KLTNoYRlgC62ARcmWo?authuser=0&hl=en&rclk=1,auto repair shop,Caddo Parish,county,LA,2026-07-29T11:15:18,0x8636d3a2fc4c4b71:0x6a995c04d8ba0096
Euroteck European & Foreign,(318) 865-4917,https://goeuroteck.com/store/237/?utm_source=google&utm_medium=organic&utm_campaign=gbp,,"930 Shreveport Barksdale Hwy, Shreveport, LA 71105, United States",930 Shreveport Barksdale Hwy,Shreveport,LA,71105,4.4,512,Auto repair shop,,,https://www.google.com/maps/place/Euroteck+European+%26+Foreign/data=!4m7!3m6!1s0x86312d7d5d73f42b:0xa38bc0faccecef47!8m2!3d32.4831488!4d-93.7116524!16s%2Fg%2F1thvt1w2!19sChIJK_RzXX0tMYYRR-_szPrAi6M?authuser=0&hl=en&rclk=1,auto repair shop,Bossier Parish,county,LA,2026-07-29T11:12:50,0x86312d7d5d73f42b:0xa38bc0faccecef47
Grant's Automotive Service Center LLC,(318) 621-0049,,,"2518 Midway Ave, Shreveport, LA 71108, United States",2518 Midway Ave,Shreveport,LA,71108,4.4,22,Auto repair shop,,,https://www.google.com/maps/place/Grant%27s+Automotive+Service+Center+LLC/data=!4m7!3m6!1s0x8636d2a4a69bca6d:0xc6118bfe2c6c76ed!8m2!3d32.4712279!4d-93.7767084!16s%2Fg%2F1tdkh09m!19sChIJbcqbpqTSNoYR7XZsLP6LEcY?authuser=0&hl=en&rclk=1,auto repair shop,Caddo Parish,county,LA,2026-07-29T11:15:18,0x8636d2a4a69bca6d:0xc6118bfe2c6c76ed
Londo's Auto & Diesel,(318) 294-1329,https://londosautodiesel.com/,londosautodiesel@gmail.com,"2421 Midway Ave, Shreveport, LA 71108, United States",2421 Midway Ave,Shreveport,LA,71108,4.9,449,Auto repair shop,,,https://www.google.com/maps/place/Londo%27s+Auto+%26+Diesel/data=!4m7!3m6!1s0x8636d3155106f6a1:0xe77636904924480c!8m2!3d32.4706729!4d-93.7742871!16s%2Fg%2F11fj8cgzs9!19sChIJofYGURXTNoYRDEgkSZA2duc?authuser=0&hl=en&rclk=1,auto repair shop,Bossier Parish,county,LA,2026-07-29T11:12:50,0x8636d3155106f6a1:0xe77636904924480c
O R's Auto Repair,(318) 226-1222,,,"1294 N Market St, Shreveport, LA 71107, United States",1294 N Market St,Shreveport,LA,71107,4.4,66,Auto repair shop,,,https://www.google.com/maps/place/O+R%27s+Auto+Repair/data=!4m7!3m6!1s0x8636cce730b97577:0xa04e41261be9da6e!8m2!3d32.5325701!4d-93.7655626!16s%2Fg%2F1tkp04t8!19sChIJd3W5MOfMNoYRbtrpGyZBTqA?authuser=0&hl=en&rclk=1,auto repair shop,Caddo Parish,county,LA,2026-07-29T11:15:18,0x8636cce730b97577:0xa04e41261be9da6e
SBC Complete Auto Care,(318) 779-1564,https://sbccompleteautocare.com/,,"1343 Captain Shreve Dr, Shreveport, LA 71105, United States",1343 Captain Shreve Dr,Shreveport,LA,71105,4.6,101,Auto repair shop,,,https://www.google.com/maps/place/SBC+Complete+Auto+Care/data=!4m7!3m6!1s0x86312d773fc93d7b:0xc2ec7e8a63a4c892!8m2!3d32.4699873!4d-93.7068692!16s%2Fg%2F11cm_f7fgr!19sChIJez3JP3ctMYYRksikY4p-7MI?authuser=0&hl=en&rclk=1,auto repair shop,Bossier Parish,county,LA,2026-07-29T11:12:50,0x86312d773fc93d7b:0xc2ec7e8a63a4c892
Scott's Automotive,(318) 675-2418,,,"936 Joseph St, Shreveport, LA 71107, United States",936 Joseph St,Shreveport,LA,71107,4.6,50,Auto repair shop,,,https://www.google.com/maps/place/Scott%27s+Automotive/data=!4m7!3m6!1s0x8636ccded72635d9:0x1e5f86321283279e!8m2!3d32.5296573!4d-93.7592711!16s%2Fg%2F1pxwrr36z!19sChIJ2TUm197MNoYRnieDEjKGXx4?authuser=0&hl=en&rclk=1,auto repair shop,Bossier Parish,county,LA,2026-07-29T11:12:50,0x8636ccded72635d9:0x1e5f86321283279e
Shaffer Auto & Diesel Repair,(318) 938-9794,,,"7292 Greenwood Rd, Shreveport, LA 71119, United States",7292 Greenwood Rd,Shreveport,LA,71119,4.5,77,Auto repair shop,,,https://www.google.com/maps/place/Shaffer+Auto+%26+Diesel+Repair/data=!4m7!3m6!1s0x8636d0714d181efb:0x92c6acaa26684597!8m2!3d32.4488238!4d-93.9012147!16s%2Fg%2F1vs1s7mq!19sChIJ-x4YTXHQNoYRl0VoJqqsxpI?authuser=0&hl=en&rclk=1,auto repair shop,Caddo Parish,county,LA,2026-07-29T11:15:18,0x8636d0714d181efb:0x92c6acaa26684597
Shreve City Car Care,(318) 869-1434,http://shreve-city-car-care.poi.place/,,"1050 Shreveport Barksdale Hwy, Shreveport, LA 71105, United States",1050 Shreveport Barksdale Hwy,Shreveport,LA,71105,4.7,104,Auto repair shop,,,https://www.google.com/maps/place/Shreve+City+Car+Care/data=!4m7!3m6!1s0x8631328268d34ca3:0xf2cb2640f2ba0971!8m2!3d32.4850902!4d-93.7092481!16s%2Fg%2F1v8y4d8m!19sChIJo0zTaIIyMYYRcQm68kAmy_I?authuser=0&hl=en&rclk=1,auto repair shop,Bossier Parish,county,LA,2026-07-29T11:12:50,0x8631328268d34ca3:0xf2cb2640f2ba0971
Shreveport Automotive Electric LLC,(318) 631-0010,,,"5630 Work Ave, Shreveport, LA 71108, United States",5630 Work Ave,Shreveport,LA,71108,4.2,42,Mechanic,,,https://www.google.com/maps/place/Shreveport+Automotive+Electric+LLC/data=!4m7!3m6!1s0x8636d25e0423a6d9:0xc1565564949628f2!8m2!3d32.4574413!4d-93.7888286!16s%2Fg%2F1tf9t617!19sChIJ2aYjBF7SNoYR8iiWlGRVVsE?authuser=0&hl=en&rclk=1,auto repair shop,Caddo Parish,county,LA,2026-07-29T11:15:18,0x8636d25e0423a6d9:0xc1565564949628f2
Southern Automotive Service,(318) 222-2105,http://southernautomotiveservice.com/,,"1734 Southern Ave, Shreveport, LA 71101, United States",1734 Southern Ave,Shreveport,LA,71101,4.2,101,Auto repair shop,,,https://www.google.com/maps/place/Southern+Automotive+Service/data=!4m7!3m6!1s0x8636cd457386025f:0x947358c0e1ba496c!8m2!3d32.4951662!4d-93.7550269!16s%2Fg%2F1tlz_kd3!19sChIJXwKGc0XNNoYRbEm64cBYc5Q?authuser=0&hl=en&rclk=1,auto repair shop,Bossier Parish,county,LA,2026-07-29T11:12:50,0x8636cd457386025f:0x947358c0e1ba496c
Terry's Auto Repair,(318) 631-8364,,,"4714 Greenwood Rd, Shreveport, LA 71109, United States",4714 Greenwood Rd,Shreveport,LA,71109,4.6,55,Auto repair shop,,,https://www.google.com/maps/place/Terry%27s+Auto+Repair/data=!4m7!3m6!1s0x8636d20242943801:0xf0d3a405e55a7d49!8m2!3d32.4716413!4d-93.8234294!16s%2Fg%2F1tnpftf4!19sChIJATiUQgLSNoYRSX1a5QWk0_A?authuser=0&hl=en&rclk=1,auto repair shop,Caddo Parish,county,LA,2026-07-29T11:15:18,0x8636d20242943801:0xf0d3a405e55a7d49
Before & After Automotives,(318) 218-9182,,,"106 William Brown Rd, Sibley, LA 71073, United States",106 William Brown Rd,Sibley,LA,71073,5.0,3,Auto repair shop,,,https://www.google.com/maps/place/Before+%26+After+Automotives/data=!4m7!3m6!1s0x863113073eac21af:0xc2670ca3948a962!8m2!3d32.585144!4d-93.2890455!16s%2Fg%2F11g0kh_2p4!19sChIJryGsPgcTMYYRYqlIOcpwJgw?authuser=0&hl=en&rclk=1,auto repair shop,Webster Parish,county,LA,2026-07-30T10:55:43,0x863113073eac21af:0xc2670ca3948a962
GEARHEAD,(318) 286-9461,http://www.gearheads.info/,,"103 NE 1st Ave, Sibley, LA 71073, United States",103 NE 1st Ave,Sibley,LA,71073,,,Diesel engine repair service,,,https://www.google.com/maps/place/GEARHEAD/data=!4m7!3m6!1s0x863111ab24acf401:0xe148abc66a8faa37!8m2!3d32.5403416!4d-93.295537!16s%2Fg%2F12hk7jm6k!19sChIJAfSsJKsRMYYRN6qPasarSOE?authuser=0&hl=en&rclk=1,auto repair shop,Claiborne Parish,county,LA,2026-07-29T12:07:58,0x863111ab24acf401:0xe148abc66a8faa37
Myers Automotive,(318) 377-1115,,,"183 NE 3rd Ave, Sibley, LA 71073, United States",183 NE 3rd Ave,Sibley,LA,71073,3.7,3,Auto parts store,,,https://www.google.com/maps/place/Myers+Automotive/data=!4m7!3m6!1s0x863111ac6d9e25cb:0xeec31fcbad6594f5!8m2!3d32.5432385!4d-93.2928415!16s%2Fg%2F1vd71prv!19sChIJyyWebawRMYYR9ZRlrcsfw-4?authuser=0&hl=en&rclk=1,auto repair shop,Bienville Parish,county,LA,2026-07-29T10:55:15,0x863111ac6d9e25cb:0xeec31fcbad6594f5
Allen's Automotive,(318) 247-6063,,,"141 Allen St, Simsboro, LA 71275, United States",141 Allen St,Simsboro,LA,71275,4.9,19,Auto repair shop,,,https://www.google.com/maps/place/Allen%27s+Automotive/data=!4m7!3m6!1s0x8631b86e6cddbf55:0x85875560635894bd!8m2!3d32.5352896!4d-92.7905707!16s%2Fg%2F1xpwk4kj!19sChIJVb_dbG64MYYRvZRYY2BVh4U?authuser=0&hl=en&rclk=1,auto repair shop,Union Parish,county,LA,2026-07-30T10:01:50,0x8631b86e6cddbf55:0x85875560635894bd
Boss Dog Auto Garage LLC,(318) 475-5743,,,"2624 Martha St, Simsboro, LA 71275, United States",2624 Martha St,Simsboro,LA,71275,,,Auto repair shop,,,https://www.google.com/maps/place/Boss+Dog+Auto+Garage+LLC/data=!4m7!3m6!1s0x8631b91fedd350f7:0x6ac018100e6d2919!8m2!3d32.5306488!4d-92.7887677!16s%2Fg%2F11mcbyyrzs!19sChIJ91DT7R-5MYYRGSltDhAYwGo?authuser=0&hl=en&rclk=1,auto repair shop,Bienville Parish,county,LA,2026-07-29T10:55:15,0x8631b91fedd350f7:0x6ac018100e6d2919
Custom Collision and Performance,(318) 548-8195,http://www.custom-collision.com/,impallari@gmail.com,"4026 LA-563, Simsboro, LA 71275, United States",4026 LA-563,Simsboro,LA,71275,5.0,10,Auto body shop,,,https://www.google.com/maps/place/Custom+Collision+and+Performance/data=!4m7!3m6!1s0x8631c14a693305a5:0x912c647f5dca82e5!8m2!3d32.55227!4d-92.767771!16s%2Fg%2F11tn4nrs8c!19sChIJpQUzaUrBMYYR5YLKXX9kLJE?authuser=0&hl=en&rclk=1,auto repair shop,Bienville Parish,county,LA,2026-07-29T10:55:15,0x8631c14a693305a5:0x912c647f5dca82e5
TnT Bodywork & Paint,(318) 607-3050,,,"Houston St, Simsboro, LA 71275, United States",Houston St,Simsboro,LA,71275,4.8,20,Auto body shop,,,https://www.google.com/maps/place/TnT+Bodywork+%26+Paint/data=!4m7!3m6!1s0x8631b9f8f0b13b6d:0x9425e5f59a0dc871!8m2!3d32.5337275!4d-92.7979106!16s%2Fg%2F11fk1kdt21!19sChIJbTux8Pi5MYYRccgNmvXlJZQ?authuser=0&hl=en&rclk=1,auto repair shop,Bienville Parish,county,LA,2026-07-29T10:55:15,0x8631b9f8f0b13b6d:0x9425e5f59a0dc871
Feliciana Windshield,(225) 658-7906,,,"709 LA-19, Slaughter, LA 70777, United States",709 LA-19,Slaughter,LA,70777,4.8,147,Auto glass shop,,,https://www.google.com/maps/place/Feliciana+Windshield/data=!4m7!3m6!1s0x8626847f5f17d243:0xb320ece50333db2f!8m2!3d30.7169504!4d-91.1428051!16s%2Fg%2F1thq11wm!19sChIJQ9IXX3-EJoYRL9szA-XsILM?authuser=0&hl=en&rclk=1,auto repair shop,West Feliciana Parish,county,LA,2026-07-30T11:19:39,0x8626847f5f17d243:0xb320ece50333db2f
AFTER HOURS MECHANIC,(985) 641-4268,,,"4500 Pontchartrain Dr, Slidell, LA 70458, United States",4500 Pontchartrain Dr,Slidell,LA,70458,4.6,51,Mechanic,,,https://www.google.com/maps/place/AFTER+HOURS+MECHANIC/data=!4m7!3m6!1s0x1458cdd1977ff721:0xf3a0b0386ab0bae6!8m2!3d30.2377248!4d-89.8002828!16s%2Fg%2F11b722p2br!19sChIJIfd_l9HNWBQR5rqwajiwoPM?authuser=0&hl=en&rclk=1,auto repair shop,St. Tammany Parish,county,LA,2026-07-30T09:19:04,0x1458cdd1977ff721:0xf3a0b0386ab0bae6
Allen's Automotive,(985) 726-0013,http://allensautomotiverepairandalignment.com/,,"1410 Gause Blvd W, Slidell, LA 70460, United States",1410 Gause Blvd W,Slidell,LA,70460,4.7,51,Auto repair shop,,,https://www.google.com/maps/place/Allen%27s+Automotive/data=!4m7!3m6!1s0x889de6920e4759a5:0x9ee6b35f062beb53!8m2!3d30.2932306!4d-89.7957576!16s%2Fg%2F1tnpg6p2!19sChIJpVlHDpLmnYgRU-srBl-z5p4?authuser=0&hl=en&rclk=1,auto repair shop,St. Tammany Parish,county,LA,2026-07-30T09:19:04,0x889de6920e4759a5:0x9ee6b35f062beb53
Automotive Center of Slidell,(985) 641-1975,http://automotivecenterofslidell.com/,,"40355 US Hwy 190 E, Slidell, LA 70461, United States",40355 US Hwy 190 E,Slidell,LA,70461,4.6,234,Auto repair shop,,,https://www.google.com/maps/place/Automotive+Center+of+Slidell/data=!4m7!3m6!1s0x889de7379edfc8d9:0x518fb519b95ba6ea!8m2!3d30.2635209!4d-89.7276518!16s%2Fg%2F1tdd1gmb!19sChIJ2cjfnjfnnYgR6qZbuRm1j1E?authuser=0&hl=en&rclk=1,auto repair shop,St. Tammany Parish,county,LA,2026-07-30T09:19:04,0x889de7379edfc8d9:0x518fb519b95ba6ea
Craig's Automotive,(985) 643-9901,,,"1721 Gause Blvd E, Slidell, LA 70461, United States",1721 Gause Blvd E,Slidell,LA,70461,4.1,113,Auto repair shop,,,https://www.google.com/maps/place/Craig%27s+Automotive/data=!4m7!3m6!1s0x889de6e55c9696b5:0xd12c3a9becac5a53!8m2!3d30.2844559!4d-89.746524!16s%2Fg%2F1tfxhgnh!19sChIJtZaWXOXmnYgRU1qs7Js6LNE?authuser=0&hl=en&rclk=1,auto repair shop,St. Tammany Parish,county,LA,2026-07-30T09:19:04,0x889de6e55c9696b5:0xd12c3a9becac5a53
Dr Robert & Sons Car Care,(985) 641-8300,https://www.facebook.com/Dr-Robert-Sons-Car-Care-Clinic-LLC-409096292497803,,"3725 Pontchartrain Dr, Slidell, LA 70458, United States",3725 Pontchartrain Dr,Slidell,LA,70458,4.4,14,Auto repair shop,,,https://www.google.com/maps/place/Dr+Robert+%26+Sons+Car+Care/data=!4m7!3m6!1s0x889de40bcf7d3d77:0xa181a11515674b76!8m2!3d30.2546026!4d-89.7901716!16s%2Fg%2F1w6r91nh!19sChIJdz19zwvknYgRdktnFRWhgaE?authuser=0&hl=en&rclk=1,auto repair shop,St. Tammany Parish,county,LA,2026-07-30T09:19:04,0x889de40bcf7d3d77:0xa181a11515674b76
Guzman's Automotive,(985) 639-0196,,,"2552 Front St, Slidell, LA 70458, United States",2552 Front St,Slidell,LA,70458,4.8,62,Auto repair shop,,,https://www.google.com/maps/place/Guzman%27s+Automotive/data=!4m7!3m6!1s0x889de4170f5b157b:0x76d7390b8523ea72!8m2!3d30.270909!4d-89.786357!16s%2Fg%2F1tdqj81r!19sChIJexVbDxfknYgRcuojhQs513Y?authuser=0&hl=en&rclk=1,auto repair shop,St. Tammany Parish,county,LA,2026-07-30T09:19:04,0x889de4170f5b157b:0x76d7390b8523ea72
Jason’s Auto Repair,(985) 250-9620,http://www.facebook.com/jasonsautorepair21,,"62113 US-11, Slidell, LA 70458, United States",62113 US-11,Slidell,LA,70458,4.3,25,Auto repair shop,,,https://www.google.com/maps/place/Jason%E2%80%99s+Auto+Repair/data=!4m7!3m6!1s0x889de731307b00b3:0x45303657d487f355!8m2!3d30.3321758!4d-89.762444!16s%2Fg%2F11qzn88mtc!19sChIJswB7MDHnnYgRVfOH1Fc2MEU?authuser=0&hl=en&rclk=1,auto repair shop,St. Tammany Parish,county,LA,2026-07-30T09:19:04,0x889de731307b00b3:0x45303657d487f355
Northshore Auto LLC,(985) 288-5620,https://northshoreforeignanddomestic.com/,info@northshoreforeignanddomestic.com,"800 Maris Stella Ave, Slidell, LA 70460, United States",800 Maris Stella Ave,Slidell,LA,70460,4.6,112,Auto repair shop,,,https://www.google.com/maps/place/Northshore+Auto+LLC/data=!4m7!3m6!1s0x889de6fd57c4d397:0xc9a11c39f9633e0e!8m2!3d30.2912665!4d-89.7944724!16s%2Fg%2F1ptyf_c4v!19sChIJl9PEV_3mnYgRDj5j-Tkcock?authuser=0&hl=en&rclk=1,auto repair shop,St. Tammany Parish,county,LA,2026-07-30T09:19:04,0x889de6fd57c4d397:0xc9a11c39f9633e0e
Paul's Auto Repair LLC,(985) 326-8009,,,"756 Brownswitch Rd, Slidell, LA 70458, United States",756 Brownswitch Rd,Slidell,LA,70458,4.7,67,Auto repair shop,,,https://www.google.com/maps/place/Paul%27s+Auto+Repair+LLC/data=!4m7!3m6!1s0x889de6451ef6ca49:0x413941623d946497!8m2!3d30.310902!4d-89.747996!16s%2Fg%2F1ptypmtgd!19sChIJScr2HkXmnYgRl2SUPWJBOUE?authuser=0&hl=en&rclk=1,auto repair shop,St. Tammany Parish,county,LA,2026-07-30T09:19:04,0x889de6451ef6ca49:0x413941623d946497
Prestige Auto Works LLC,(985) 259-4727,https://prestigeautoworksllc.com/,info@website.com,"2770 Gause Blvd E, Slidell, LA 70461, United States",2770 Gause Blvd E,Slidell,LA,70461,4.5,141,Auto repair shop,,,https://www.google.com/maps/place/Prestige+Auto+Works+LLC/data=!4m7!3m6!1s0x86275f85702e21a9:0x44f95bc14addc2c5!8m2!3d30.2908178!4d-89.7243225!16s%2Fg%2F11g07b4_b9!19sChIJqSEucIVfJ4YRxcLdSsFb-UQ?authuser=0&hl=en&rclk=1,auto repair shop,St. Tammany Parish,county,LA,2026-07-30T09:19:04,0x86275f85702e21a9:0x44f95bc14addc2c5
"Pro-Auto Repair, Engine and Transmission Shop Slidell",(985) 445-1200,https://www.professionalautoengines.com/,,"1684 Old Spanish Trail, Slidell, LA 70458, United States",1684 Old Spanish Trail,Slidell,LA,70458,4.5,468,Auto repair shop,,,"https://www.google.com/maps/place/Pro-Auto+Repair,+Engine+and+Transmission+Shop+Slidell/data=!4m7!3m6!1s0x8620b73df0602577:0x399b7aa41ef864b!8m2!3d30.253973!4d-89.76921!16s%2Fg%2F1v831gct!19sChIJdyVg8D23IIYRS4bvQaq3mQM?authuser=0&hl=en&rclk=1",auto repair shop,St. Tammany Parish,county,LA,2026-07-30T09:19:04,0x8620b73df0602577:0x399b7aa41ef864b
Renaissance Motors,(985) 888-8211,http://www.rmotorsllc.com/,,"681 E I-10 Service Rd, Slidell, LA 70461, United States",681 E I-10 Service Rd,Slidell,LA,70461,4.8,138,Auto repair shop,,,https://www.google.com/maps/place/Renaissance+Motors/data=!4m7!3m6!1s0x889de42390e8a197:0xf81553e8cb8a3094!8m2!3d30.2743924!4d-89.7526415!16s%2Fg%2F11hd8khmmt!19sChIJl6HokCPknYgRlDCKy-hTFfg?authuser=0&hl=en&rclk=1,auto repair shop,St. Tammany Parish,county,LA,2026-07-30T09:19:04,0x889de42390e8a197:0xf81553e8cb8a3094
Roussell Automotive,(985) 768-8399,,,"104 Pontchartrain Dr, Slidell, LA 70458, United States",104 Pontchartrain Dr,Slidell,LA,70458,5.0,17,Auto repair shop,,,https://www.google.com/maps/place/Roussell+Automotive/data=!4m7!3m6!1s0x889de729217ce767:0x4ee4e5fba3828de0!8m2!3d30.2680516!4d-89.787883!16s%2Fg%2F11fll6kssj!19sChIJZ-d8ISnnnYgR4I2Co_vl5E4?authuser=0&hl=en&rclk=1,auto repair shop,St. Tammany Parish,county,LA,2026-07-30T09:19:04,0x889de729217ce767:0x4ee4e5fba3828de0
"Rusty Knuckle Garage, LLC",(985) 707-1133,http://www.therustyknucklegarage.com/,impallari@gmail.com,"4838 Pontchartrain Dr, Slidell, LA 70458, United States",4838 Pontchartrain Dr,Slidell,LA,70458,4.1,59,Mechanic,,,"https://www.google.com/maps/place/Rusty+Knuckle+Garage,+LLC/data=!4m7!3m6!1s0x889de30e82ef1be7:0x6d191fff5a722081!8m2!3d30.2220649!4d-89.8192672!16s%2Fg%2F11fz9pcynd!19sChIJ5xvvgg7jnYgRgSByWv8fGW0?authuser=0&hl=en&rclk=1",auto repair shop,St. Tammany Parish,county,LA,2026-07-30T09:19:04,0x889de30e82ef1be7:0x6d191fff5a722081
St Tammany Transmission,(985) 641-5670,,,"2542 Front St, Slidell, LA 70458, United States",2542 Front St,Slidell,LA,70458,4.6,90,Transmission shop,,,https://www.google.com/maps/place/St+Tammany+Transmission/data=!4m7!3m6!1s0x889de41774ed6c89:0xa08fed7ebe8b0ec2!8m2!3d30.271027!4d-89.785979!16s%2Fg%2F1tj5rj5r!19sChIJiWztdBfknYgRwg6Lvn7tj6A?authuser=0&hl=en&rclk=1,auto repair shop,St. Tammany Parish,county,LA,2026-07-30T09:19:04,0x889de41774ed6c89:0xa08fed7ebe8b0ec2
"Taylor's Auto, LLC",(985) 641-0339,http://www.taylorsautocenterllc.com/,marcusbergeron29@gmail.com,"105 Tiger Dr, Slidell, LA 70458, United States",105 Tiger Dr,Slidell,LA,70458,4.7,106,Auto repair shop,,,"https://www.google.com/maps/place/Taylor%27s+Auto,+LLC/data=!4m7!3m6!1s0x889de69cb5be0dad:0xcc3cda6d69f57db4!8m2!3d30.2854616!4d-89.7719062!16s%2Fg%2F1vs1snpj!19sChIJrQ2-tZzmnYgRtH31aW3aPMw?authuser=0&hl=en&rclk=1",auto repair shop,St. Tammany Parish,county,LA,2026-07-30T09:19:04,0x889de69cb5be0dad:0xcc3cda6d69f57db4
Ultimate Automotive,(985) 265-4343,https://uaslidell.com/,info@uaslidell.com,"1748 Front St, Slidell, LA 70458, United States",1748 Front St,Slidell,LA,70458,4.7,208,Auto repair shop,,,https://www.google.com/maps/place/Ultimate+Automotive/data=!4m7!3m6!1s0x889de50039cff10d:0x20000b8a2ea56a9c!8m2!3d30.278967!4d-89.7818904!16s%2Fg%2F11mtv28bn9!19sChIJDfHPOQDlnYgRnGqlLooLACA?authuser=0&hl=en&rclk=1,auto repair shop,St. Tammany Parish,county,LA,2026-07-30T09:19:04,0x889de50039cff10d:0x20000b8a2ea56a9c
Ultimate Automotive- Gause Blvd. East,(985) 265-4343,https://uaslidell.com/,info@uaslidell.com,"1724 Gause Blvd E, Slidell, LA 70461, United States",1724 Gause Blvd E,Slidell,LA,70461,4.8,90,Auto repair shop,,,https://www.google.com/maps/place/Ultimate+Automotive-+Gause+Blvd.+East/data=!4m7!3m6!1s0x889de70d2b2e808d:0xf86011991c18e932!8m2!3d30.285886!4d-89.7469254!16s%2Fg%2F11vtbdrfv3!19sChIJjYAuKw3nnYgRMukYHJkRYPg?authuser=0&hl=en&rclk=1,auto repair shop,St. Tammany Parish,county,LA,2026-07-30T09:19:04,0x889de70d2b2e808d:0xf86011991c18e932
Big Wills Auto Repair and More,(318) 578-2290,,,"103 Taylor St, Springhill, LA 71075, United States",103 Taylor St,Springhill,LA,71075,,,Mechanic,,,https://www.google.com/maps/place/Big+Wills+Auto+Repair+and+More/data=!4m7!3m6!1s0x86315faa042b8db1:0x7b4b3dce87112634!8m2!3d32.9896178!4d-93.4614515!16s%2Fg%2F11tjgp88yr!19sChIJsY0rBKpfMYYRNCYRh849S3s?authuser=0&hl=en&rclk=1,auto repair shop,Webster Parish,county,LA,2026-07-30T10:55:43,0x86315faa042b8db1:0x7b4b3dce87112634
Bob's Tire Services,(318) 539-2503,,,"204 S Main St, Springhill, LA 71075, United States",204 S Main St,Springhill,LA,71075,4.4,86,Auto repair shop,,,https://www.google.com/maps/place/Bob%27s+Tire+Services/data=!4m7!3m6!1s0x86315f0995275129:0xc049bd859ed4b4ed!8m2!3d33.0001209!4d-93.4615258!16s%2Fg%2F1tdp0v8n!19sChIJKVEnlQlfMYYR7bTUnoW9ScA?authuser=0&hl=en&rclk=1,auto repair shop,Webster Parish,county,LA,2026-07-30T10:55:43,0x86315f0995275129:0xc049bd859ed4b4ed
C&M Tire & Lube Express LLC,(318) 539-5483,,,"413 S Main St, Springhill, LA 71075, United States",413 S Main St,Springhill,LA,71075,4.2,6,Auto repair shop,,,https://www.google.com/maps/place/C%26M+Tire+%26+Lube+Express+LLC/data=!4m7!3m6!1s0x86315f08121ccc87:0x43b9a24058764a0e!8m2!3d32.998093!4d-93.4608929!16s%2Fg%2F11nmj28nhz!19sChIJh8wcEghfMYYRDkp2WECiuUM?authuser=0&hl=en&rclk=1,auto repair shop,Webster Parish,county,LA,2026-07-30T10:55:43,0x86315f08121ccc87:0x43b9a24058764a0e
David's Auto Shop,(318) 539-5373,,,"230 1st St SE, Springhill, LA 71075, United States",230 1st St SE,Springhill,LA,71075,4.3,3,Auto repair shop,,,https://www.google.com/maps/place/David%27s+Auto+Shop/data=!4m7!3m6!1s0x86315f082e239b25:0x42935ad2464b0cc!8m2!3d32.9998601!4d-93.4605244!16s%2Fg%2F1tcys5yq!19sChIJJZsjLghfMYYRzLBkJK01KQQ?authuser=0&hl=en&rclk=1,auto repair shop,Webster Parish,county,LA,2026-07-30T10:55:43,0x86315f082e239b25:0x42935ad2464b0cc
Fast Way Auto Services,(318) 539-3344,,,"1400 S Arkansas St, Springhill, LA 71075, United States",1400 S Arkansas St,Springhill,LA,71075,4.6,64,Oil change service,,,https://www.google.com/maps/place/Fast+Way+Auto+Services/data=!4m7!3m6!1s0x86315f00f2c97645:0xa17b93b3b42a7155!8m2!3d32.9896008!4d-93.4611604!16s%2Fg%2F1v5fs8fw!19sChIJRXbJ8gBfMYYRVXEqtLOTe6E?authuser=0&hl=en&rclk=1,auto repair shop,Webster Parish,county,LA,2026-07-30T10:55:43,0x86315f00f2c97645:0xa17b93b3b42a7155
Hammontree auto repair,(318) 578-4062,,,"1307 Main St, Springhill, LA 71075, United States",1307 Main St,Springhill,LA,71075,,,Car repair and maintenance service,,,https://www.google.com/maps/place/Hammontree+auto+repair/data=!4m7!3m6!1s0x86315fc0619ed311:0x740f360576b5bda6!8m2!3d33.0048215!4d-93.4613019!16s%2Fg%2F11zd3_gzrz!19sChIJEdOeYcBfMYYRpr21dgU2D3Q?authuser=0&hl=en&rclk=1,auto repair shop,Webster Parish,county,LA,2026-07-30T10:55:43,0x86315fc0619ed311:0x740f360576b5bda6
Smiths Auto,(318) 578-2897,,,"101 1st St NE, Springhill, LA 71075, United States",101 1st St NE,Springhill,LA,71075,3.8,10,Auto repair shop,,,https://www.google.com/maps/place/Smiths+Auto/data=!4m7!3m6!1s0x86315fbcf55c8aa5:0x39a3c9f31c6d6aee!8m2!3d33.002661!4d-93.4600219!16s%2Fg%2F11n310gs21!19sChIJpYpc9bxfMYYR7mptHPPJozk?authuser=0&hl=en&rclk=1,auto repair shop,Webster Parish,county,LA,2026-07-30T10:55:43,0x86315fbcf55c8aa5:0x39a3c9f31c6d6aee
Springhill Tire & Lube,(318) 539-9706,,,"210 Reynolds St, Springhill, LA 71075, United States",210 Reynolds St,Springhill,LA,71075,4.9,64,Tire shop,,,https://www.google.com/maps/place/Springhill+Tire+%26+Lube/data=!4m7!3m6!1s0x86315fa7453a364d:0x7e14867f68cdf197!8m2!3d33.0023022!4d-93.4588083!16s%2Fg%2F1hc3gtyq_!19sChIJTTY6RadfMYYRl_HNaH-GFH4?authuser=0&hl=en&rclk=1,auto repair shop,Webster Parish,county,LA,2026-07-30T10:55:43,0x86315fa7453a364d:0x7e14867f68cdf197
Rossi Auto Service,(225) 644-7991,https://m.facebook.com/profile.php?id=169643673064269,,"11442 LA-431, St Amant, LA 70774, United States",11442 LA-431,St Amant,LA,70774,4.9,48,Auto repair shop,,,https://www.google.com/maps/place/Rossi+Auto+Service/data=!4m7!3m6!1s0x8626ca2d42106f93:0x254f66f333e69ae6!8m2!3d30.2380063!4d-90.869486!16s%2Fg%2F1th28s18!19sChIJk28QQi3KJoYR5prmM_NmTyU?authuser=0&hl=en&rclk=1,auto repair shop,Ascension Parish,county,LA,2026-07-29T10:06:02,0x8626ca2d42106f93:0x254f66f333e69ae6
Court's Diesel and Automotive Services LLC,(225) 245-4413,,,"7044 Cr-653, St Francisville, LA 70775, United States",7044 Cr-653,St Francisville,LA,70775,4.7,12,Car repair and maintenance service,,,https://www.google.com/maps/place/Court%27s+Diesel+and+Automotive+Services+LLC/data=!4m7!3m6!1s0x862433191d54fc5b:0x38b81036ec79a951!8m2!3d30.8352005!4d-91.4181474!16s%2Fg%2F11sh0rl5y9!19sChIJW_xUHRkzJIYRUal57DYQuDg?authuser=0&hl=en&rclk=1,auto repair shop,West Feliciana Parish,county,LA,2026-07-30T11:19:39,0x862433191d54fc5b:0x38b81036ec79a951
Fabre Chevrolet GMC Service,(225) 245-3624,http://www.fabrechevrolet.com/,,"7193 US-61, St Francisville, LA 70775, United States",7193 US-61,St Francisville,LA,70775,5.0,1,Auto repair shop,,,https://www.google.com/maps/place/Fabre+Chevrolet+GMC+Service/data=!4m7!3m6!1s0x862431f6ad5e0b55:0xaa309f5d03607a04!8m2!3d30.7911412!4d-91.3798796!16s%2Fg%2F11fyx6p3x2!19sChIJVQterfYxJIYRBHpgA12fMKo?authuser=0&hl=en&rclk=1,auto repair shop,West Feliciana Parish,county,LA,2026-07-30T11:19:39,0x862431f6ad5e0b55:0xaa309f5d03607a04
Feliciana Auto Care,(225) 800-3131,http://www.felicianacarcare.com/,,"11355 US-61, St Francisville, LA 70775, United States",11355 US-61,St Francisville,LA,70775,4.2,23,Auto body shop,,,https://www.google.com/maps/place/Feliciana+Auto+Care/data=!4m7!3m6!1s0x86242df0dd34bf6d:0x92de5f557b85b637!8m2!3d30.891678!4d-91.3492474!16s%2Fg%2F11h_q3jj2t!19sChIJbb803fAtJIYRN7aFe1Vf3pI?authuser=0&hl=en&rclk=1,auto repair shop,West Feliciana Parish,county,LA,2026-07-30T11:19:39,0x86242df0dd34bf6d:0x92de5f557b85b637
Feliciana Powerhouse,(225) 937-9482,http://www.felicianapowerhouse.com/,feliciana.powerhouse@gmail.com,"3715 LA-964, St Francisville, LA 70775, United States",3715 LA-964,St Francisville,LA,70775,4.9,8,Diesel engine repair service,,,https://www.google.com/maps/place/Feliciana+Powerhouse/data=!4m7!3m6!1s0x86242f89b861adbb:0xb7e820a0fff4b87f!8m2!3d30.747522!4d-91.296243!16s%2Fg%2F11v3vv8bv9!19sChIJu61huIkvJIYRf7j0_6Ag6Lc?authuser=0&hl=en&rclk=1,auto repair shop,West Feliciana Parish,county,LA,2026-07-30T11:19:39,0x86242f89b861adbb:0xb7e820a0fff4b87f
Feliciana Towing and Recovery,(225) 800-3131,http://www.facebook.com/Feliciana-Towing-and-Recovery-101425378974563,,"11351 US-61, St Francisville, LA 70775, United States",11351 US-61,St Francisville,LA,70775,3.8,10,Towing service,,,https://www.google.com/maps/place/Feliciana+Towing+and+Recovery/data=!4m7!3m6!1s0x8625d35d399e0de3:0xbf78363db644c36!8m2!3d30.8914594!4d-91.3489601!16s%2Fg%2F11qbcr201m!19sChIJ4w2eOV3TJYYRNkxk22OD9ws?authuser=0&hl=en&rclk=1,auto repair shop,West Feliciana Parish,county,LA,2026-07-30T11:19:39,0x8625d35d399e0de3:0xbf78363db644c36
J & H Auto,(225) 721-2449,,,"7046 Cr-653, St Francisville, LA 70775, United States",7046 Cr-653,St Francisville,LA,70775,4.4,8,Auto repair shop,,,https://www.google.com/maps/place/J+%26+H+Auto/data=!4m7!3m6!1s0x862433a3f54d7c27:0x87f28962efc35c8b!8m2!3d30.8349874!4d-91.4193509!16s%2Fg%2F11bw421l_4!19sChIJJ3xN9aMzJIYRi1zD72KJ8oc?authuser=0&hl=en&rclk=1,auto repair shop,West Feliciana Parish,county,LA,2026-07-30T11:19:39,0x862433a3f54d7c27:0x87f28962efc35c8b
Oubre's Tires,(225) 721-8079,,,"7718 US-61, St Francisville, LA 70775, United States",7718 US-61,St Francisville,LA,70775,3.3,4,Tire shop,,,https://www.google.com/maps/place/Oubre%27s+Tires/data=!4m7!3m6!1s0x86243222025a1793:0x1fdf383c0d7ecdbb!8m2!3d30.802447!4d-91.3859471!16s%2Fg%2F11n__w1tpq!19sChIJkxdaAiIyJIYRu81-DTw43x8?authuser=0&hl=en&rclk=1,auto repair shop,West Feliciana Parish,county,LA,2026-07-30T11:19:39,0x86243222025a1793:0x1fdf383c0d7ecdbb
Total Performance Specialties,(225) 635-8090,http://tpsauto.net/,,"7786 US-61, St Francisville, LA 70775, United States",7786 US-61,St Francisville,LA,70775,4.5,29,Auto repair shop,,,https://www.google.com/maps/place/Total+Performance+Specialties/data=!4m7!3m6!1s0x862433d93c585621:0xed7ef64f1ec40543!8m2!3d30.8032455!4d-91.3859634!16s%2Fg%2F11tcbv60px!19sChIJIVZYPNkzJIYRQwXEHk_2fu0?authuser=0&hl=en&rclk=1,auto repair shop,West Feliciana Parish,county,LA,2026-07-30T11:19:39,0x862433d93c585621:0xed7ef64f1ec40543
Fletcher family automotive,(318) 439-0787,,,"138 Martha St, St Joseph, LA 71366, United States",138 Martha St,St Joseph,LA,71366,4.8,4,Auto repair shop,,,https://www.google.com/maps/place/Fletcher+family+automotive/data=!4m7!3m6!1s0x862f4bf4ff2b5b33:0x7c3c89a66708eb6c!8m2!3d31.9248986!4d-91.2487531!16s%2Fg%2F11pzjwm1kw!19sChIJM1sr__RLL4YRbOsIZ6aJPHw?authuser=0&hl=en&rclk=1,auto repair shop,Tensas Parish,county,LA,2026-07-30T09:33:29,0x862f4bf4ff2b5b33:0x7c3c89a66708eb6c
Staves' Muffler Shop,(318) 766-4711,,,"115 Newton Rd, St Joseph, LA 71366, United States",115 Newton Rd,St Joseph,LA,71366,4.6,13,Muffler shop,,,https://www.google.com/maps/place/Staves%27+Muffler+Shop/data=!4m7!3m6!1s0x862f4b154662445b:0xa5dddf3ac7984e4c!8m2!3d31.9190216!4d-91.232882!16s%2Fg%2F1trc5b2j!19sChIJW0RiRhVLL4YRTE6Yxzrf3aU?authuser=0&hl=en&rclk=1,auto repair shop,Tensas Parish,county,LA,2026-07-30T09:33:29,0x862f4b154662445b:0xa5dddf3ac7984e4c
Bernis Tire & Services Center LLC,(337) 394-3065,,,"4203 Catahoula Hwy, St Martinville, LA 70582, United States",4203 Catahoula Hwy,St Martinville,LA,70582,4.3,9,Auto repair shop,,,https://www.google.com/maps/place/Bernis+Tire+%26+Services+Center+LLC/data=!4m7!3m6!1s0x86247910e96db199:0x3d55369a82d158e2!8m2!3d30.207196!4d-91.728136!16s%2Fg%2F1tflscpq!19sChIJmbFt6RB5JIYR4ljRgpo2VT0?authuser=0&hl=en&rclk=1,auto repair shop,St. Martin Parish,county,LA,2026-07-30T09:03:24,0x86247910e96db199:0x3d55369a82d158e2
Boujee Clusters,(337) 422-2429,http://www.boujeeclusters.com/,,"1050 Rue Maline, St Martinville, LA 70582, United States",1050 Rue Maline,St Martinville,LA,70582,5.0,7,Auto repair shop,,,https://www.google.com/maps/place/Boujee+Clusters/data=!4m7!3m6!1s0x862487a8de9d9ddf:0x1e8d7f4fc8dc1058!8m2!3d30.2410228!4d-91.857326!16s%2Fg%2F11xfb3v7yj!19sChIJ352d3qiHJIYRWBDcyE9_jR4?authuser=0&hl=en&rclk=1,auto repair shop,St. Martin Parish,county,LA,2026-07-30T09:03:24,0x862487a8de9d9ddf:0x1e8d7f4fc8dc1058
Dave's Self Services,(337) 394-6129,,,"508 N Main St, St Martinville, LA 70582, United States",508 N Main St,St Martinville,LA,70582,4.5,15,Auto repair shop,,,https://www.google.com/maps/place/Dave%27s+Self+Services/data=!4m7!3m6!1s0x8623801eb8ec28b1:0x5a156285223d9de5!8m2!3d30.1277068!4d-91.8278906!16s%2Fg%2F1tmbwgxx!19sChIJsSjsuB6AI4YR5Z09IoViFVo?authuser=0&hl=en&rclk=1,auto repair shop,St. Martin Parish,county,LA,2026-07-30T09:03:24,0x8623801eb8ec28b1:0x5a156285223d9de5
Ike Robertson Paint & Body,(337) 852-1276,,,"1306 S Main St, St Martinville, LA 70582, United States",1306 S Main St,St Martinville,LA,70582,4.6,11,Auto body shop,,,https://www.google.com/maps/place/Ike+Robertson+Paint+%26+Body/data=!4m7!3m6!1s0x86237f888a0411e9:0x17b3fd0ccb656d83!8m2!3d30.112647!4d-91.834294!16s%2Fg%2F1tplqp9_!19sChIJ6REEioh_I4YRg21lywz9sxc?authuser=0&hl=en&rclk=1,auto repair shop,St. Martin Parish,county,LA,2026-07-30T09:03:24,0x86237f888a0411e9:0x17b3fd0ccb656d83
Mike David Equipment,(337) 845-4568,,,"1127 Joel Blanchard Rd # A, St Martinville, LA 70582, United States",1127 Joel Blanchard Rd # A,St Martinville,LA,70582,5.0,4,Auto repair shop,,,https://www.google.com/maps/place/Mike+David+Equipment/data=!4m7!3m6!1s0x86247dd7b2b82fcd:0x75a246e69e3802d5!8m2!3d30.241047!4d-91.800189!16s%2Fg%2F1thx4drs!19sChIJzS-4std9JIYR1QI4nuZGonU?authuser=0&hl=en&rclk=1,auto repair shop,St. Martin Parish,county,LA,2026-07-30T09:03:24,0x86247dd7b2b82fcd:0x75a246e69e3802d5
Rene's Auto Repair,(337) 394-9855,,,"5755 Resweber Hwy, St Martinville, LA 70582, United States",5755 Resweber Hwy,St Martinville,LA,70582,4.5,35,Auto repair shop,,,https://www.google.com/maps/place/Rene%27s+Auto+Repair/data=!4m7!3m6!1s0x86247fc848c9b42b:0x6e19dc2bcd031567!8m2!3d30.1829492!4d-91.8138504!16s%2Fg%2F1tlw9fdv!19sChIJK7TJSMh_JIYRZxUDzSvcGW4?authuser=0&hl=en&rclk=1,auto repair shop,St. Martin Parish,county,LA,2026-07-30T09:03:24,0x86247fc848c9b42b:0x6e19dc2bcd031567
Smitty's Mobile Auto Repair,(337) 466-6049,,,"mobile, St Martinville, LA 70582, United States",mobile,St Martinville,LA,70582,,,Auto repair shop,,,https://www.google.com/maps/place/Smitty%27s+Mobile+Auto+Repair/data=!4m7!3m6!1s0x862381062dfb9bb1:0x751db5c6649a2716!8m2!3d30.1231441!4d-91.8294817!16s%2Fg%2F11x_bh8q4f!19sChIJsZv7LQaBI4YRFieaZMa1HXU?authuser=0&hl=en&rclk=1,auto repair shop,St. Martin Parish,county,LA,2026-07-30T09:03:24,0x862381062dfb9bb1:0x751db5c6649a2716
Triple T Auto Repair LLC,(337) 394-5658,,,"2010 N Main St, St Martinville, LA 70582, United States",2010 N Main St,St Martinville,LA,70582,4.7,23,Auto repair shop,,,https://www.google.com/maps/place/Triple+T+Auto+Repair+LLC/data=!4m7!3m6!1s0x862381557bceb7c1:0x5dc56699b3d00525!8m2!3d30.1425352!4d-91.8234473!16s%2Fg%2F11fkyy3078!19sChIJwbfOe1WBI4YRJQXQs5lmxV0?authuser=0&hl=en&rclk=1,auto repair shop,St. Martin Parish,county,LA,2026-07-30T09:03:24,0x862381557bceb7c1:0x5dc56699b3d00525
Adkins Automotive,(337) 532-2179,,,"202 Darbonne St, Sulphur, LA 70663, United States",202 Darbonne St,Sulphur,LA,70663,4.6,61,Auto repair shop,,,https://www.google.com/maps/place/Adkins+Automotive/data=!4m7!3m6!1s0x863b8c6165e3644b:0x5af8f56f4dec35cd!8m2!3d30.2260149!4d-93.3757585!16s%2Fg%2F11fll66tx7!19sChIJS2TjZWGMO4YRzTXsTW_1-Fo?authuser=0&hl=en&rclk=1,auto repair shop,Calcasieu Parish,county,LA,2026-07-29T11:26:44,0x863b8c6165e3644b:0x5af8f56f4dec35cd
Bob's Full Service Station,(337) 527-7180,,,"613 E Napoleon St, Sulphur, LA 70663, United States",613 E Napoleon St,Sulphur,LA,70663,4.6,162,Auto repair shop,,,https://www.google.com/maps/place/Bob%27s+Full+Service+Station/data=!4m7!3m6!1s0x863b8c5c9bd2b035:0x1d7de596151b5c18!8m2!3d30.2364236!4d-93.3708948!16s%2Fg%2F1v46_qz9!19sChIJNbDSm1yMO4YRGFwbFZblfR0?authuser=0&hl=en&rclk=1,auto repair shop,Calcasieu Parish,county,LA,2026-07-29T11:26:44,0x863b8c5c9bd2b035:0x1d7de596151b5c18
Cartune's Automotive Repair Shop,(337) 527-6086,,,"1636 N Claiborne St, Sulphur, LA 70663, United States",1636 N Claiborne St,Sulphur,LA,70663,4.9,26,Auto repair shop,,,https://www.google.com/maps/place/Cartune%27s+Automotive+Repair+Shop/data=!4m7!3m6!1s0x863b8cfe7458bb0b:0xac0acc0eefe7e7fd!8m2!3d30.2523736!4d-93.3839089!16s%2Fg%2F1ptz8jb08!19sChIJC7tYdP6MO4YR_efn7w7MCqw?authuser=0&hl=en&rclk=1,auto repair shop,Calcasieu Parish,county,LA,2026-07-29T11:26:44,0x863b8cfe7458bb0b:0xac0acc0eefe7e7fd
Certified Precision Repairs,(337) 528-0010,,,"1339 E Napoleon St, Sulphur, LA 70663, United States",1339 E Napoleon St,Sulphur,LA,70663,4.5,2,Auto repair shop,,,https://www.google.com/maps/place/Certified+Precision+Repairs/data=!4m7!3m6!1s0x863b8c412f8bba5d:0x628fecc963be97be!8m2!3d30.2364458!4d-93.3620957!16s%2Fg%2F11bz_0gs3x!19sChIJXbqLL0GMO4YRvpe-Y8nsj2I?authuser=0&hl=en&rclk=1,auto repair shop,Calcasieu Parish,county,LA,2026-07-29T11:26:44,0x863b8c412f8bba5d:0x628fecc963be97be
Clyde's Automotive & Air Conditioning,(337) 625-4388,,,"4315 Maplewood Dr, Sulphur, LA 70663, United States",4315 Maplewood Dr,Sulphur,LA,70663,4.8,141,Auto repair shop,,,https://www.google.com/maps/place/Clyde%27s+Automotive+%26+Air+Conditioning/data=!4m7!3m6!1s0x863b8ebed8169aad:0x3c3c4492b82cb8b1!8m2!3d30.2275565!4d-93.3212604!16s%2Fg%2F1tdzlykk!19sChIJrZoW2L6OO4YRsbgsuJJEPDw?authuser=0&hl=en&rclk=1,auto repair shop,Calcasieu Parish,county,LA,2026-07-29T11:26:44,0x863b8ebed8169aad:0x3c3c4492b82cb8b1
Double j roadside assistance,(337) 215-4591,https://www.doublej.net/,help@doublejroadside.com,"181 Mustang St, Sulphur, LA 70663, United States",181 Mustang St,Sulphur,LA,70663,3.7,41,Towing service,,,https://www.google.com/maps/place/Double+j+roadside+assistance/data=!4m7!3m6!1s0x863b8d818e80ce35:0x338a3a3a7854328!8m2!3d30.2206501!4d-93.3742547!16s%2Fg%2F11k0m8pl7x!19sChIJNc6AjoGNO4YRKEOFp6OjOAM?authuser=0&hl=en&rclk=1,auto repair shop,Cameron Parish,county,LA,2026-07-29T11:45:07,0x863b8d818e80ce35:0x338a3a3a7854328
Douglas Auto,(337) 707-2290,http://douglasauto.net/?utm_source=gmb&utm_medium=referral,,"1309 E Napoleon St, Sulphur, LA 70663, United States",1309 E Napoleon St,Sulphur,LA,70663,4.5,37,Auto repair shop,,,https://www.google.com/maps/place/Douglas+Auto/data=!4m7!3m6!1s0x863b8f2128042d09:0x84f644a90b3994df!8m2!3d30.2364176!4d-93.3622915!16s%2Fg%2F11s528jvql!19sChIJCS0EKCGPO4YR35Q5C6lE9oQ?authuser=0&hl=en&rclk=1,auto repair shop,Calcasieu Parish,county,LA,2026-07-29T11:26:44,0x863b8f2128042d09:0x84f644a90b3994df
Johns Auto Service,(337) 626-7388,,,"3231 E Napoleon St, Sulphur, LA 70663, United States",3231 E Napoleon St,Sulphur,LA,70663,4.6,98,Auto repair shop,,,https://www.google.com/maps/place/Johns+Auto+Service/data=!4m7!3m6!1s0x863b8e99699c466f:0x7616f9b0d009dc53!8m2!3d30.2372005!4d-93.3325128!16s%2Fg%2F1tgyx2cq!19sChIJb0acaZmOO4YRU9wJ0LD5FnY?authuser=0&hl=en&rclk=1,auto repair shop,Calcasieu Parish,county,LA,2026-07-29T11:26:44,0x863b8e99699c466f:0x7616f9b0d009dc53
Mavis Tires & Brakes,(337) 252-0293,https://www.mavis.com/locations/sulphur-la?utm_source=yext&utm_medium=organic&utm_campaign=gmb&stnum=878,esupport1@mavistire.com,"3740 LA-27, Sulphur, LA 70665, United States",3740 LA-27,Sulphur,LA,70665,4.8,1302,Tire shop,,,https://www.google.com/maps/place/Mavis+Tires+%26+Brakes/data=!4m7!3m6!1s0x863b8b9d2a6b4a7b:0xda5d0dbc1cbaa7d6!8m2!3d30.19605!4d-93.37656!16s%2Fg%2F1tdn4gn7!19sChIJe0prKp2LO4YR1qe6HLwNXdo?authuser=0&hl=en&rclk=1,auto repair shop,Cameron Parish,county,LA,2026-07-29T11:45:07,0x863b8b9d2a6b4a7b:0xda5d0dbc1cbaa7d6
Meads Automotive,(337) 527-6111,https://www.meadsautomotive.com/,,"1548 E Napoleon St, Sulphur, LA 70663, United States",1548 E Napoleon St,Sulphur,LA,70663,4.4,319,Auto repair shop,,,https://www.google.com/maps/place/Meads+Automotive/data=!4m7!3m6!1s0x863b8c40b5fad877:0x37114e6249d9b193!8m2!3d30.2371067!4d-93.3602516!16s%2Fg%2F1w2yzv18!19sChIJd9j6tUCMO4YRk7HZSWJOETc?authuser=0&hl=en&rclk=1,auto repair shop,Calcasieu Parish,county,LA,2026-07-29T11:26:44,0x863b8c40b5fad877:0x37114e6249d9b193
Professional Auto Services,(337) 527-6745,,,"202 Darbonne St, Sulphur, LA 70663, United States",202 Darbonne St,Sulphur,LA,70663,4.9,7,Auto repair shop,,,https://www.google.com/maps/place/Professional+Auto+Services/data=!4m7!3m6!1s0x863b8c617a4b0f4b:0x8d8b23c00e007da8!8m2!3d30.2260149!4d-93.3757585!16s%2Fg%2F1tdc5lrg!19sChIJSw9LemGMO4YRqH0ADsAji40?authuser=0&hl=en&rclk=1,auto repair shop,Calcasieu Parish,county,LA,2026-07-29T11:26:44,0x863b8c617a4b0f4b:0x8d8b23c00e007da8
Pumpelly Tire,(337) 527-6355,http://www.pumpellytire.com/,claire@pumpelly.com,"1500 Ruth St, Sulphur, LA 70663, United States",1500 Ruth St,Sulphur,LA,70663,4.9,722,Tire shop,,,https://www.google.com/maps/place/Pumpelly+Tire/data=!4m7!3m6!1s0x863b8c61125ddb67:0x1bc7da385b6a0cf7!8m2!3d30.226977!4d-93.3759905!16s%2Fg%2F1tv3p1jb!19sChIJZ9tdEmGMO4YR9wxqWzjaxxs?authuser=0&hl=en&rclk=1,auto repair shop,Calcasieu Parish,county,LA,2026-07-29T11:26:44,0x863b8c61125ddb67:0x1bc7da385b6a0cf7
Savoie Alignment & Automotive,(337) 527-6803,,,"132 Starlin Dr, Sulphur, LA 70663, United States",132 Starlin Dr,Sulphur,LA,70663,4.6,20,Auto repair shop,,,https://www.google.com/maps/place/Savoie+Alignment+%26+Automotive/data=!4m7!3m6!1s0x863b8c6309f6a5bf:0x2441690214a7809e!8m2!3d30.2228554!4d-93.3755302!16s%2Fg%2F1tdb4nnh!19sChIJv6X2CWOMO4YRnoCnFAJpQSQ?authuser=0&hl=en&rclk=1,auto repair shop,Calcasieu Parish,county,LA,2026-07-29T11:26:44,0x863b8c6309f6a5bf:0x2441690214a7809e
Sulphur Automotive,(337) 476-5002,http://sulphurautomotive.com/,,"3630 E Napoleon St, Sulphur, LA 70663, United States",3630 E Napoleon St,Sulphur,LA,70663,4.5,58,Auto repair shop,,,https://www.google.com/maps/place/Sulphur+Automotive/data=!4m7!3m6!1s0x863b8e96c0eeaf1f:0x13a43f809da67b16!8m2!3d30.237292!4d-93.3235161!16s%2Fg%2F11c544vpq4!19sChIJH6_uwJaOO4YRFnumnYA_pBM?authuser=0&hl=en&rclk=1,auto repair shop,Calcasieu Parish,county,LA,2026-07-29T11:26:44,0x863b8e96c0eeaf1f:0x13a43f809da67b16
Urgent Car Care,(337) 527-0393,,,"1309 E Napoleon St, Sulphur, LA 70663, United States",1309 E Napoleon St,Sulphur,LA,70663,5.0,1,Auto repair shop,,,https://www.google.com/maps/place/Urgent+Car+Care/data=!4m7!3m6!1s0x863b8d78ce781dd1:0x7389d6116a789988!8m2!3d30.2364224!4d-93.3622879!16s%2Fg%2F11j399ywxr!19sChIJ0R14zniNO4YRiJl4ahHWiXM?authuser=0&hl=en&rclk=1,auto repair shop,Calcasieu Parish,county,LA,2026-07-29T11:26:44,0x863b8d78ce781dd1:0x7389d6116a789988
Affordable Auto Care Towing & Recovery LLC,(337) 662-2432,,,"238 Boykins Rd, Sunset, LA 70584, United States",238 Boykins Rd,Sunset,LA,70584,4.1,49,Towing service,,,https://www.google.com/maps/place/Affordable+Auto+Care+Towing+%26+Recovery+LLC/data=!4m7!3m6!1s0x862496855bd48a09:0x23e1d1caf4423259!8m2!3d30.4082984!4d-92.0984115!16s%2Fg%2F1tdg84sh!19sChIJCYrUW4WWJIYRWTJC9MrR4SM?authuser=0&hl=en&rclk=1,auto repair shop,St. Landry Parish,county,LA,2026-07-30T08:48:39,0x862496855bd48a09:0x23e1d1caf4423259
St.Landry Collision,(337) 581-6064,,,"3018 LA-754, Sunset, LA 70584, United States",3018 LA-754,Sunset,LA,70584,3.7,3,Auto body shop,,,https://www.google.com/maps/place/St.Landry+Collision/data=!4m7!3m6!1s0x862497f88d2a5609:0x267e547cb9ae78ac!8m2!3d30.4151135!4d-92.0962183!16s%2Fg%2F11w3d5s7g8!19sChIJCVYqjfiXJIYRrHiuuXxUfiY?authuser=0&hl=en&rclk=1,auto repair shop,St. Landry Parish,county,LA,2026-07-30T08:48:39,0x862497f88d2a5609:0x267e547cb9ae78ac
Sunset Castrol Premium Lube Express,(337) 789-2278,https://www.sunsetcastrol.com/,,"121 Oak Tree Park Dr, Sunset, LA 70584, United States",121 Oak Tree Park Dr,Sunset,LA,70584,5.0,33,Oil change service,,,https://www.google.com/maps/place/Sunset+Castrol+Premium+Lube+Express/data=!4m7!3m6!1s0x8624918c5de13997:0xc0ad2495acdc9c18!8m2!3d30.4126809!4d-92.05788!16s%2Fg%2F11nhhwq167!19sChIJlznhXYyRJIYRGJzcrJUkrcA?authuser=0&hl=en&rclk=1,auto repair shop,St. Landry Parish,county,LA,2026-07-30T08:48:39,0x8624918c5de13997:0xc0ad2495acdc9c18
Thibodeaux Auto Center,(337) 662-5571,,,"1004 Napoleon Ave, Sunset, LA 70584, United States",1004 Napoleon Ave,Sunset,LA,70584,4.4,19,Auto repair shop,,,https://www.google.com/maps/place/Thibodeaux+Auto+Center/data=!4m7!3m6!1s0x86249153cb2be7f7:0x97c1692cb5116b0e!8m2!3d30.4099427!4d-92.0609664!16s%2Fg%2F1w0h_zmh!19sChIJ9-cry1ORJIYRDmsRtSxpwZc?authuser=0&hl=en&rclk=1,auto repair shop,St. Landry Parish,county,LA,2026-07-30T08:48:39,0x86249153cb2be7f7:0x97c1692cb5116b0e
D S Auto Repair,(318) 574-2052,,,"1604 Felicia Dr, Tallulah, LA 71282, United States",1604 Felicia Dr,Tallulah,LA,71282,4.0,1,Auto repair shop,,,https://www.google.com/maps/place/D+S+Auto+Repair/data=!4m7!3m6!1s0x86292bdf6c86f349:0x42638bd1ff3eaebe!8m2!3d32.3925841!4d-91.1963819!16s%2Fg%2F11jj352ryn!19sChIJSfOGbN8rKYYRvq4-_9GLY0I?authuser=0&hl=en&rclk=1,auto repair shop,Tensas Parish,county,LA,2026-07-30T09:33:29,0x86292bdf6c86f349:0x42638bd1ff3eaebe
Thompson's Mobile RV Services,(318) 758-1580,,,"311 Dr Thomason Rd, Tallulah, LA 71282, United States",311 Dr Thomason Rd,Tallulah,LA,71282,5.0,2,RV repair shop,,,https://www.google.com/maps/place/Thompson%27s+Mobile+RV+Services/data=!4m7!3m6!1s0x862f2f3118637847:0x1bf760437623057e!8m2!3d32.2462694!4d-91.3555201!16s%2Fg%2F11mpx4ynfn!19sChIJR3hjGDEvL4YRfgUjdkNg9xs?authuser=0&hl=en&rclk=1,auto repair shop,Tensas Parish,county,LA,2026-07-30T09:33:29,0x862f2f3118637847:0x1bf760437623057e
"Babin's Mechanical Repair, LLC",(985) 791-8077,,,"1521 LA-304, Thibodaux, LA 70301, United States",1521 LA-304,Thibodaux,LA,70301,4.9,9,ATV repair shop,,,"https://www.google.com/maps/place/Babin%27s+Mechanical+Repair,+LLC/data=!4m7!3m6!1s0x86213ec22cf733dd:0x76e9ba8b18a05134!8m2!3d29.8583651!4d-90.8536201!16s%2Fg%2F11c1r32jmy!19sChIJ3TP3LMI-IYYRNFGgGIu66XY?authuser=0&hl=en&rclk=1",auto repair shop,Assumption Parish,county,LA,2026-07-29T10:20:35,0x86213ec22cf733dd:0x76e9ba8b18a05134
Bypass Tire & Auto,(985) 492-7255,http://bypasstireandauto.net/,,"1718 LA-3185, Thibodaux, LA 70301, United States",1718 LA-3185,Thibodaux,LA,70301,5.0,4,Tire shop,,,https://www.google.com/maps/place/Bypass+Tire+%26+Auto/data=!4m7!3m6!1s0x862115b0a52e58ed:0x79eb79c0ad8f0487!8m2!3d29.7825562!4d-90.859711!16s%2Fg%2F11yzqyr6sd!19sChIJ7VgupbAVIYYRhwSPrcB563k?authuser=0&hl=en&rclk=1,auto repair shop,Assumption Parish,county,LA,2026-07-29T10:20:35,0x862115b0a52e58ed:0x79eb79c0ad8f0487
Cajun Muffler,(985) 446-7617,,,"110 James Riviere St, Thibodaux, LA 70301, United States",110 James Riviere St,Thibodaux,LA,70301,4.3,60,Auto repair shop,,,https://www.google.com/maps/place/Cajun+Muffler/data=!4m7!3m6!1s0x86213de614455167:0x3c3ece9f30b48285!8m2!3d29.806598!4d-90.8193055!16s%2Fg%2F1tf1674h!19sChIJZ1FFFOY9IYYRhYK0MJ_OPjw?authuser=0&hl=en&rclk=1,auto repair shop,Assumption Parish,county,LA,2026-07-29T10:20:35,0x86213de614455167:0x3c3ece9f30b48285
Car Shop,(985) 448-2263,https://carshopusedcars.com/,impallari@gmail.com,"512 St Mary St, Thibodaux, LA 70301, United States",512 St Mary St,Thibodaux,LA,70301,4.6,45,Vehicle inspection service,,,https://www.google.com/maps/place/Car+Shop/data=!4m7!3m6!1s0x86213dfd188531e3:0xf825c115f56d4d45!8m2!3d29.7963769!4d-90.8277866!16s%2Fg%2F11f0_dn8qg!19sChIJ4zGFGP09IYYRRU1t9RXBJfg?authuser=0&hl=en&rclk=1,auto repair shop,Assumption Parish,county,LA,2026-07-29T10:20:35,0x86213dfd188531e3:0xf825c115f56d4d45
Chackbay Auto LLC,(985) 804-5833,http://chackbayauto.com/,,"970A LA-20, Thibodaux, LA 70301, United States",970A LA-20,Thibodaux,LA,70301,5.0,7,Auto body shop,,,https://www.google.com/maps/place/Chackbay+Auto+LLC/data=!4m7!3m6!1s0x86213b6c0a94a4fd:0xffb866c56c6035dc!8m2!3d29.8982485!4d-90.7774376!16s%2Fg%2F11h12k9lhr!19sChIJ_aSUCmw7IYYR3DVgbMVmuP8?authuser=0&hl=en&rclk=1,auto repair shop,Assumption Parish,county,LA,2026-07-29T10:20:35,0x86213b6c0a94a4fd:0xffb866c56c6035dc
Dantin Chevrolet Service,(985) 227-4354,http://www.dantinchevrolet.com/HoursAndDirections,,"644 W Main St, Thibodaux, LA 70301, United States",644 W Main St,Thibodaux,LA,70301,4.4,18,Auto repair shop,,,https://www.google.com/maps/place/Dantin+Chevrolet+Service/data=!4m7!3m6!1s0x862116f5ec6077c9:0x3aaefdc66dfa5b45!8m2!3d29.759368!4d-90.8175877!16s%2Fg%2F11bzypw7q3!19sChIJyXdg7PUWIYYRRVv6bcb9rjo?authuser=0&hl=en&rclk=1,auto repair shop,Assumption Parish,county,LA,2026-07-29T10:20:35,0x862116f5ec6077c9:0x3aaefdc66dfa5b45
Eagle Tire & Auto,(985) 446-5576,,,"105 East 7th Street, 627 Canal Blvd, Thibodaux, LA 70301, United States","105 East 7th Street, 627 Canal Blvd",Thibodaux,LA,70301,4.6,87,Auto repair shop,,,https://www.google.com/maps/place/Eagle+Tire+%26+Auto/data=!4m7!3m6!1s0x86213df09da9496d:0x4cdd8ed3857577c6!8m2!3d29.793935!4d-90.8195539!16s%2Fg%2F1tdw_xhy!19sChIJbUmpnfA9IYYRxnd1hdOO3Uw?authuser=0&hl=en&rclk=1,auto repair shop,Assumption Parish,county,LA,2026-07-29T10:20:35,0x86213df09da9496d:0x4cdd8ed3857577c6
Kustom's Autobody & Accessories LLC,(985) 492-1165,,,"1455 Tiger Dr, Thibodaux, LA 70301, United States",1455 Tiger Dr,Thibodaux,LA,70301,5.0,2,Auto body shop,,,https://www.google.com/maps/place/Kustom%27s+Autobody+%26+Accessories+LLC/data=!4m7!3m6!1s0x862115e95fc044b7:0xc6c5ee44c4327a81!8m2!3d29.7675401!4d-90.8437079!16s%2Fg%2F11gd1s3tr9!19sChIJt0TAX-kVIYYRgXoyxETuxcY?authuser=0&hl=en&rclk=1,auto repair shop,Assumption Parish,county,LA,2026-07-29T10:20:35,0x862115e95fc044b7:0xc6c5ee44c4327a81
Mike's Garage,(985) 492-9500,https://www.mikesgaragellc.com/?utm_source=google&utm_medium=wix_google_business_profile&utm_campaign=355492878640265903,,"112 Lawrence Ave, Thibodaux, LA 70301, United States",112 Lawrence Ave,Thibodaux,LA,70301,5.0,3,Auto repair shop,,,https://www.google.com/maps/place/Mike%27s+Garage/data=!4m7!3m6!1s0x86213d01586e2d99:0x41ef45ded9fd081b!8m2!3d29.7877043!4d-90.8263132!16s%2Fg%2F11x77sv59p!19sChIJmS1uWAE9IYYRGwj92d5F70E?authuser=0&hl=en&rclk=1,auto repair shop,Assumption Parish,county,LA,2026-07-29T10:20:35,0x86213d01586e2d99:0x41ef45ded9fd081b
Mitchell's Transmission & Auto,(985) 633-9941,,,"436 LA-307, Thibodaux, LA 70301, United States",436 LA-307,Thibodaux,LA,70301,3.8,19,Transmission shop,,,https://www.google.com/maps/place/Mitchell%27s+Transmission+%26+Auto/data=!4m7!3m6!1s0x8621249a4a9507ef:0x672e9ae625bb78f0!8m2!3d29.8878097!4d-90.7290344!16s%2Fg%2F1tvym3r8!19sChIJ7weVSpokIYYR8Hi7JeaaLmc?authuser=0&hl=en&rclk=1,auto repair shop,Assumption Parish,county,LA,2026-07-29T10:20:35,0x8621249a4a9507ef:0x672e9ae625bb78f0
Percle Body Shop,(985) 446-1100,,,"107 Body Shop Ct, Thibodaux, LA 70301, United States",107 Body Shop Ct,Thibodaux,LA,70301,4.5,31,Auto body shop,,,https://www.google.com/maps/place/Percle+Body+Shop/data=!4m7!3m6!1s0x8621166cce4fbf0b:0xe447aa7b6d0476f8!8m2!3d29.7623292!4d-90.8169207!16s%2Fg%2F1tc_wz9h!19sChIJC79PzmwWIYYR-HYEbXuqR-Q?authuser=0&hl=en&rclk=1,auto repair shop,Assumption Parish,county,LA,2026-07-29T10:20:35,0x8621166cce4fbf0b:0xe447aa7b6d0476f8
Pro Tire Autocare,(985) 446-5324,https://protireautocare.com/,pro.tire.autocare@hotmail.com,"500 St Mary St #1, Thibodaux, LA 70301, United States",500 St Mary St #1,Thibodaux,LA,70301,4.4,144,Auto repair shop,,,https://www.google.com/maps/place/Pro+Tire+Autocare/data=!4m7!3m6!1s0x86213dfd1e0956e7:0xa5740b90eab01f4e!8m2!3d29.7964383!4d-90.8266845!16s%2Fg%2F1tg4x5_t!19sChIJ51YJHv09IYYRTh-w6pALdKU?authuser=0&hl=en&rclk=1,auto repair shop,Assumption Parish,county,LA,2026-07-29T10:20:35,0x86213dfd1e0956e7:0xa5740b90eab01f4e
Robichaux Ford Service,(985) 446-3100,https://www.robichauxford.net/,,"272 W Main St, Thibodaux, LA 70301, United States",272 W Main St,Thibodaux,LA,70301,4.5,2,Auto repair shop,,,https://www.google.com/maps/place/Robichaux+Ford+Service/data=!4m7!3m6!1s0x86211610fc92197f:0x6d3d5819532cee54!8m2!3d29.7722575!4d-90.8169393!16s%2Fg%2F11gblz6nk_!19sChIJfxmS_BAWIYYRVO4sUxlYPW0?authuser=0&hl=en&rclk=1,auto repair shop,Assumption Parish,county,LA,2026-07-29T10:20:35,0x86211610fc92197f:0x6d3d5819532cee54
Sampey's Mobile Repair,(985) 790-1693,,,"1200 Canal Blvd, Thibodaux, LA 70301, United States",1200 Canal Blvd,Thibodaux,LA,70301,5.0,6,Auto repair shop,,,https://www.google.com/maps/place/Sampey%27s+Mobile+Repair/data=!4m7!3m6!1s0x862117b7d910cfb9:0x1a82750e1aca3023!8m2!3d29.7854208!4d-90.8228553!16s%2Fg%2F11z4y8lj__!19sChIJuc8Q2bcXIYYRIzDKGg51gho?authuser=0&hl=en&rclk=1,auto repair shop,Assumption Parish,county,LA,2026-07-29T10:20:35,0x862117b7d910cfb9:0x1a82750e1aca3023
Thibodaux Tire and Auto,(985) 446-8131,http://thibodauxtireandauto.com/,,"801 Jackson St, Thibodaux, LA 70301, United States",801 Jackson St,Thibodaux,LA,70301,4.4,156,Tire shop,,,https://www.google.com/maps/place/Thibodaux+Tire+and+Auto/data=!4m7!3m6!1s0x86213dfbcef1377d:0x8528d943aa6aa092!8m2!3d29.7930622!4d-90.8225097!16s%2Fg%2F1tjs594c!19sChIJfTfxzvs9IYYRkqBqqkPZKIU?authuser=0&hl=en&rclk=1,auto repair shop,Assumption Parish,county,LA,2026-07-29T10:20:35,0x86213dfbcef1377d:0x8528d943aa6aa092
Thibodaux Tire and Auto 2,(985) 492-2139,https://www.thibodauxtireandauto.com/,,"582 W Main St, Thibodaux, LA 70301, United States",582 W Main St,Thibodaux,LA,70301,4.8,17,Tire repair shop,,,https://www.google.com/maps/place/Thibodaux+Tire+and+Auto+2/data=!4m7!3m6!1s0x8621178c1efaba69:0xcb1664d786f50157!8m2!3d29.7617426!4d-90.8166976!16s%2Fg%2F11sw48f88x!19sChIJabr6HowXIYYRVwH1htdkFss?authuser=0&hl=en&rclk=1,auto repair shop,Assumption Parish,county,LA,2026-07-29T10:20:35,0x8621178c1efaba69:0xcb1664d786f50157
Woody's Service Center,(985) 526-3505,,,"2600 LA-1, Thibodaux, LA 70301, United States",2600 LA-1,Thibodaux,LA,70301,4.6,31,Auto repair shop,,,https://www.google.com/maps/place/Woody%27s+Service+Center/data=!4m7!3m6!1s0x86214106cf556beb:0x90ad07073412b7a2!8m2!3d29.8358086!4d-90.9492155!16s%2Fg%2F11kmns11c7!19sChIJ62tVzwZBIYYRorcSNAcHrZA?authuser=0&hl=en&rclk=1,auto repair shop,Assumption Parish,county,LA,2026-07-29T10:20:35,0x86214106cf556beb:0x90ad07073412b7a2
Xclusive Auto Specialties,(985) 991-8799,https://usmapiz.org/details/xclusive-auto-specialties-ChIJYTr,,"311 W Main St, Thibodaux, LA 70301, United States",311 W Main St,Thibodaux,LA,70301,4.8,22,Auto machine shop,,,https://www.google.com/maps/place/Xclusive+Auto+Specialties/data=!4m7!3m6!1s0x862117eb1ace3a61:0xb33a4406334b9205!8m2!3d29.7707592!4d-90.815755!16s%2Fg%2F11spqk9w8y!19sChIJYTrOGusXIYYRBZJLMwZEOrM?authuser=0&hl=en&rclk=1,auto repair shop,Assumption Parish,county,LA,2026-07-29T10:20:35,0x862117eb1ace3a61:0xb33a4406334b9205
Core's Automotive Transmission Repair,(985) 348-0108,https://corestransmission.com/,,"18522 Faller Rd, Tickfaw, LA 70466, United States",18522 Faller Rd,Tickfaw,LA,70466,4.9,25,Transmission shop,,,https://www.google.com/maps/place/Core%27s+Automotive+Transmission+Repair/data=!4m7!3m6!1s0x862717960fa0ca5b:0x685afda9c3e619bd!8m2!3d30.5653131!4d-90.4171606!16s%2Fg%2F11j2skz39f!19sChIJW8qgD5YXJ4YRvRnmw6n9Wmg?authuser=0&hl=en&rclk=1,auto repair shop,Tangipahoa Parish,county,LA,2026-07-30T09:29:30,0x862717960fa0ca5b:0x685afda9c3e619bd
DKM Repair LLC,(985) 542-1790,,,"18442 Mayers Rd, Tickfaw, LA 70466, United States",18442 Mayers Rd,Tickfaw,LA,70466,4.8,4,Truck repair shop,,,https://www.google.com/maps/place/DKM+Repair+LLC/data=!4m7!3m6!1s0x862717a8630cb463:0xb18cb3fa91da6405!8m2!3d30.5727869!4d-90.4201981!16s%2Fg%2F1v2f0wpg!19sChIJY7QMY6gXJ4YRBWTakfqzjLE?authuser=0&hl=en&rclk=1,auto repair shop,Washington Parish,county,LA,2026-07-30T10:37:12,0x862717a8630cb463:0xb18cb3fa91da6405
Dave's Auto Care,(985) 705-6182,,,"49022 Chapel Rd, Tickfaw, LA 70466, United States",49022 Chapel Rd,Tickfaw,LA,70466,4.9,17,Auto repair shop,,,https://www.google.com/maps/place/Dave%27s+Auto+Care/data=!4m7!3m6!1s0x8627190375303ced:0x9219a7b734672184!8m2!3d30.5636286!4d-90.4950576!16s%2Fg%2F11k5m3j0kh!19sChIJ7TwwdQMZJ4YRhCFnNLenGZI?authuser=0&hl=en&rclk=1,auto repair shop,Tangipahoa Parish,county,LA,2026-07-30T09:29:30,0x8627190375303ced:0x9219a7b734672184
Pete's Auto Paint & Body Repair,(985) 345-6296,,,"50157 Whiskey Ln, Tickfaw, LA 70466, United States",50157 Whiskey Ln,Tickfaw,LA,70466,4.5,19,Auto body shop,,,https://www.google.com/maps/place/Pete%27s+Auto+Paint+%26+Body+Repair/data=!4m7!3m6!1s0x862719d6fe42a0ff:0xcd6c8b9c4ff640c!8m2!3d30.581901!4d-90.4533667!16s%2Fg%2F1tdk0yv5!19sChIJ_6BC_tYZJ4YRDGT_xLnI1gw?authuser=0&hl=en&rclk=1,auto repair shop,Tangipahoa Parish,county,LA,2026-07-30T09:29:30,0x862719d6fe42a0ff:0xcd6c8b9c4ff640c
Supreme Tire,(985) 878-0442,,,"51235 US-51, Tickfaw, LA 70466, United States",51235 US-51,Tickfaw,LA,70466,4.4,161,Tire shop,,,https://www.google.com/maps/place/Supreme+Tire/data=!4m7!3m6!1s0x86271976df48c395:0x8cc5638047f037b9!8m2!3d30.5977029!4d-90.4898866!16s%2Fg%2F1tg6kxsq!19sChIJlcNI33YZJ4YRuTfwR4BjxYw?authuser=0&hl=en&rclk=1,auto repair shop,Tangipahoa Parish,county,LA,2026-07-30T09:29:30,0x86271976df48c395:0x8cc5638047f037b9
Posey's Pro Truck,(318) 992-4146,https://poseysprotruck.com/,,"23114 LA-8 W, Trout, LA 71371, United States",23114 LA-8 W,Trout,LA,71371,4.6,31,Auto repair shop,,,https://www.google.com/maps/place/Posey%27s+Pro+Truck/data=!4m7!3m6!1s0x862ff5d3b64fa631:0x4297a92b92903fd8!8m2!3d31.6669578!4d-92.19664!16s%2Fg%2F11j3sklmr4!19sChIJMaZPttP1L4YR2D-Qkiupl0I?authuser=0&hl=en&rclk=1,auto repair shop,Winn Parish,county,LA,2026-07-30T11:37:03,0x862ff5d3b64fa631:0x4297a92b92903fd8
Auto Body Unlimited,(225) 265-9515,,,"29144 LA-644, Vacherie, LA 70090, United States",29144 LA-644,Vacherie,LA,70090,4.4,24,Auto body shop,,,https://www.google.com/maps/place/Auto+Body+Unlimited/data=!4m7!3m6!1s0x862125bc7defcddf:0xc504124e3d40bff6!8m2!3d29.943953!4d-90.703113!16s%2Fg%2F1tmpf8yj!19sChIJ383vfbwlIYYR9r9APU4SBMU?authuser=0&hl=en&rclk=1,auto repair shop,Assumption Parish,county,LA,2026-07-29T10:20:35,0x862125bc7defcddf:0xc504124e3d40bff6
Vacherie Auto & Home Center,(225) 265-4801,,,"22040 LA-20, Vacherie, LA 70090, United States",22040 LA-20,Vacherie,LA,70090,4.7,22,Auto parts store,,,https://www.google.com/maps/place/Vacherie+Auto+%26+Home+Center/data=!4m7!3m6!1s0x8621257f67071541:0x3f7368db0984dbf7!8m2!3d29.967935!4d-90.7157152!16s%2Fg%2F11clwprm5s!19sChIJQRUHZ38lIYYR99uECdtocz8?authuser=0&hl=en&rclk=1,auto repair shop,Assumption Parish,county,LA,2026-07-29T10:20:35,0x8621257f67071541:0x3f7368db0984dbf7
Auto Glass Services & Automotive Repairs LLC,(318) 336-5545,https://www.facebook.com/autoglassservices501carterstreet/?ref=bookmarks,,"501-511 Carter St, Vidalia, LA 71373, United States",501-511 Carter St,Vidalia,LA,71373,4.2,43,Auto glass shop,,,https://www.google.com/maps/place/Auto+Glass+Services+%26+Automotive+Repairs+LLC/data=!4m7!3m6!1s0x8625f68ec2371347:0x4c94680d3ff7c9ec!8m2!3d31.5678806!4d-91.4301605!16s%2Fg%2F12640jnbd!19sChIJRxM3wo72JYYR7Mn3Pw1olEw?authuser=0&hl=en&rclk=1,auto repair shop,Catahoula Parish,county,LA,2026-07-29T11:59:56,0x8625f68ec2371347:0x4c94680d3ff7c9ec
B & J Auto Detailing,(318) 719-1032,,,"1402 Carter St, Vidalia, LA 71373, United States",1402 Carter St,Vidalia,LA,71373,4.5,26,Car detailing service,,,https://www.google.com/maps/place/B+%26+J+Auto+Detailing/data=!4m7!3m6!1s0x8625f42b0e8989f7:0x9976c1778aa702a5!8m2!3d31.5705194!4d-91.4406969!16s%2Fg%2F1tfgdlqr!19sChIJ94mJDiv0JYYRpQKninfBdpk?authuser=0&hl=en&rclk=1,auto repair shop,Catahoula Parish,county,LA,2026-07-29T11:59:56,0x8625f42b0e8989f7:0x9976c1778aa702a5
Backdoor Performance,(318) 202-2063,,,"4614 US-84, Vidalia, LA 71373, United States",4614 US-84,Vidalia,LA,71373,1.0,1,Diesel engine repair service,,,https://www.google.com/maps/place/Backdoor+Performance/data=!4m7!3m6!1s0x8625f5103cc66b3b:0x915c4ea55b993460!8m2!3d31.5769226!4d-91.4779915!16s%2Fg%2F11mzmzg55x!19sChIJO2vGPBD1JYYRYDSZW6VOXJE?authuser=0&hl=en&rclk=1,auto repair shop,Catahoula Parish,county,LA,2026-07-29T11:59:56,0x8625f5103cc66b3b:0x915c4ea55b993460
Caldwell Speed and Auto,(318) 414-6130,https://caldwellspeedandauto.com/,caldwellspeedandauto@gmail.com,"4997 US-84, Vidalia, LA 71373, United States",4997 US-84,Vidalia,LA,71373,5.0,3,Auto repair shop,,,https://www.google.com/maps/place/Caldwell+Speed+and+Auto/data=!4m7!3m6!1s0x8625f5c136b112d7:0x7b02c35da5228ace!8m2!3d31.5825585!4d-91.4897592!16s%2Fg%2F11yzv175hc!19sChIJ1xKxNsH1JYYRzooipV3DAns?authuser=0&hl=en&rclk=1,auto repair shop,Caldwell Parish,county,LA,2026-07-29T11:39:29,0x8625f5c136b112d7:0x7b02c35da5228ace
Curtis' Wrecker Service,(318) 757-3399,,,"5348 US-84, Vidalia, LA 71373, United States",5348 US-84,Vidalia,LA,71373,4.7,47,Towing service,,,https://www.google.com/maps/place/Curtis%27+Wrecker+Service/data=!4m7!3m6!1s0x8625f53de65eabe7:0x66e5d9b0a788fc6!8m2!3d31.5879631!4d-91.5002746!16s%2Fg%2F11bx1xtv27!19sChIJ56te5j31JYYRxo94CptdbgY?authuser=0&hl=en&rclk=1,auto repair shop,Catahoula Parish,county,LA,2026-07-29T11:59:56,0x8625f53de65eabe7:0x66e5d9b0a788fc6
Dura Import,(318) 336-8232,,,"5084 US-84, Vidalia, LA 71373, United States",5084 US-84,Vidalia,LA,71373,4.0,3,Auto repair shop,,,https://www.google.com/maps/place/Dura+Import/data=!4m7!3m6!1s0x8625f5170ea17987:0x975df0f26a85bbbb!8m2!3d31.5821064!4d-91.491778!16s%2Fg%2F1tfzs8kn!19sChIJh3mhDhf1JYYRu7uFavLwXZc?authuser=0&hl=en&rclk=1,auto repair shop,Catahoula Parish,county,LA,2026-07-29T11:59:56,0x8625f5170ea17987:0x975df0f26a85bbbb
Eames Automotive Machine Shop,(318) 336-9500,,,"4957 US-84, Vidalia, LA 71373, United States",4957 US-84,Vidalia,LA,71373,5.0,5,Auto machine shop,,,https://www.google.com/maps/place/Eames+Automotive+Machine+Shop/data=!4m7!3m6!1s0x8625f51a0b7e8a35:0x2fdd4690dd8796a0!8m2!3d31.5816536!4d-91.487877!16s%2Fg%2F1wnf1dpx!19sChIJNYp-Cxr1JYYRoJaH3ZBG3S8?authuser=0&hl=en&rclk=1,auto repair shop,Catahoula Parish,county,LA,2026-07-29T11:59:56,0x8625f51a0b7e8a35:0x2fdd4690dd8796a0
Fred's Automotive Repair-Wrckr,(318) 757-1223,,,"5826 US-84, Vidalia, LA 71373, United States",5826 US-84,Vidalia,LA,71373,3.7,43,Auto repair shop,,,https://www.google.com/maps/place/Fred%27s+Automotive+Repair-Wrckr/data=!4m7!3m6!1s0x8625f54c5e8b7875:0xff56552389e92138!8m2!3d31.5955646!4d-91.5095038!16s%2Fg%2F1wj_6d63!19sChIJdXiLXkz1JYYROCHpiSNVVv8?authuser=0&hl=en&rclk=1,auto repair shop,Catahoula Parish,county,LA,2026-07-29T11:59:56,0x8625f54c5e8b7875:0xff56552389e92138
LPR AUTO REPAIR,(318) 336-5230,,,"1908 Carter St, Vidalia, LA 71373, United States",1908 Carter St,Vidalia,LA,71373,3.0,5,Auto repair shop,,,https://www.google.com/maps/place/LPR+AUTO+REPAIR/data=!4m7!3m6!1s0x8625f432c089d429:0x9ffc37cc68fb802c!8m2!3d31.5729421!4d-91.4540659!16s%2Fg%2F11s8khc1rg!19sChIJKdSJwDL0JYYRLID7aMw3_J8?authuser=0&hl=en&rclk=1,auto repair shop,Catahoula Parish,county,LA,2026-07-29T11:59:56,0x8625f432c089d429:0x9ffc37cc68fb802c
Southern Tire Mart,(318) 336-4242,https://stmtires.com/locations/store-318/,stm318@stmtires.com,"5007 US-84, Vidalia, LA 71373, United States",5007 US-84,Vidalia,LA,71373,4.7,58,Tire shop,,,https://www.google.com/maps/place/Southern+Tire+Mart/data=!4m7!3m6!1s0x8625f510a9f2ea6f:0x76c6ee46e05027e4!8m2!3d31.58294!4d-91.4906901!16s%2Fg%2F1tfgk57c!19sChIJb-ryqRD1JYYR5CdQ4EbuxnY?authuser=0&hl=en&rclk=1,auto repair shop,Catahoula Parish,county,LA,2026-07-29T11:59:56,0x8625f510a9f2ea6f:0x76c6ee46e05027e4
Taylor Boy Paint & Body,(318) 757-6350,,,"5400 US-84 West, Vidalia, LA 71373, United States",5400 US-84 West,Vidalia,LA,71373,4.7,44,Auto body shop,,,https://www.google.com/maps/place/Taylor+Boy+Paint+%26+Body/data=!4m7!3m6!1s0x8625f5162c2e559d:0x20ca8801a36e1831!8m2!3d31.5884269!4d-91.501107!16s%2Fg%2F11g8v46xz_!19sChIJnVUuLBb1JYYRMRhuowGIyiA?authuser=0&hl=en&rclk=1,auto repair shop,Catahoula Parish,county,LA,2026-07-29T11:59:56,0x8625f5162c2e559d:0x20ca8801a36e1831
Vidalia Tires & wheels,(318) 336-4003,http://vidalia-tires-rims.edan.io/,,"1204 Carter St, Vidalia, LA 71373, United States",1204 Carter St,Vidalia,LA,71373,4.8,104,Tire shop,,,https://www.google.com/maps/place/Vidalia+Tires+%26+wheels/data=!4m7!3m6!1s0x8625f68609de900d:0xbfeb456e7456a8f9!8m2!3d31.5699744!4d-91.4384194!16s%2Fg%2F1ptybn669!19sChIJDZDeCYb2JYYR-ahWdG5F678?authuser=0&hl=en&rclk=1,auto repair shop,Catahoula Parish,county,LA,2026-07-29T11:59:56,0x8625f68609de900d:0xbfeb456e7456a8f9
Zuccaro's Body Shop,(318) 336-8061,,,"5011 US-84, Vidalia, LA 71373, United States",5011 US-84,Vidalia,LA,71373,4.4,8,Auto body shop,,,https://www.google.com/maps/place/Zuccaro%27s+Body+Shop/data=!4m7!3m6!1s0x8625f51754a27d81:0x7bf0697f0b9bbd90!8m2!3d31.583291!4d-91.4908448!16s%2Fg%2F1v940f6q!19sChIJgX2iVBf1JYYRkL2bC39p8Hs?authuser=0&hl=en&rclk=1,auto repair shop,Catahoula Parish,county,LA,2026-07-29T11:59:56,0x8625f51754a27d81:0x7bf0697f0b9bbd90
T&H Car Care,(337) 589-9996,https://www.tandhcarcare.com/,,"1750 LA-109, Vinton, LA 70668, United States",1750 LA-109,Vinton,LA,70668,4.7,74,Auto repair shop,,,https://www.google.com/maps/place/T%26H+Car+Care/data=!4m7!3m6!1s0x863bfbc054886efd:0x2c0920479e5de315!8m2!3d30.2045377!4d-93.6379408!16s%2Fg%2F1tfg812r!19sChIJ_W6IVMD7O4YRFeNdnkcgCSw?authuser=0&hl=en&rclk=1,auto repair shop,Cameron Parish,county,LA,2026-07-29T11:45:07,0x863bfbc054886efd:0x2c0920479e5de315
Affordable Automotive & Transmission Repair,(225) 665-2040,https://www.affordableautoandtransmission.com/,,"27174 Glascock Ln, Walker, LA 70785, United States",27174 Glascock Ln,Walker,LA,70785,4.4,85,Auto repair shop,,,https://www.google.com/maps/place/Affordable+Automotive+%26+Transmission+Repair/data=!4m7!3m6!1s0x8626bee732f9625b:0xc66d5cd33533a363!8m2!3d30.462685!4d-90.8484275!16s%2Fg%2F1v8gcdfp!19sChIJW2L5Mue-JoYRY6MzNdNcbcY?authuser=0&hl=en&rclk=1,auto repair shop,St. John the Baptist Parish,county,LA,2026-07-30T08:30:09,0x8626bee732f9625b:0xc66d5cd33533a363
C & T Body & Frame Shop,(337) 826-3617,,,"626 LA-10, Washington, LA 70589, United States",626 LA-10,Washington,LA,70589,4.2,18,Auto body shop,,,https://www.google.com/maps/place/C+%26+T+Body+%26+Frame+Shop/data=!4m7!3m6!1s0x8624eeba90bb209d:0x6087f21a85e78ea8!8m2!3d30.6010678!4d-92.0685341!16s%2Fg%2F1wf38zpm!19sChIJnSC7kLruJIYRqI7nhRryh2A?authuser=0&hl=en&rclk=1,auto repair shop,St. Landry Parish,county,LA,2026-07-30T08:48:39,0x8624eeba90bb209d:0x6087f21a85e78ea8
Doucet Tire,(337) 734-4202,,,"712 E Russell Ave, Welsh, LA 70591, United States",712 E Russell Ave,Welsh,LA,70591,4.7,122,Tire shop,,,https://www.google.com/maps/place/Doucet+Tire/data=!4m7!3m6!1s0x863b67287ba9916b:0xe7418ab03984842a!8m2!3d30.232444!4d-92.811257!16s%2Fg%2F12631q9x4!19sChIJa5GpeyhnO4YRKoSEObCKQec?authuser=0&hl=en&rclk=1,auto repair shop,Allen Parish,county,LA,2026-07-29T09:58:43,0x863b67287ba9916b:0xe7418ab03984842a
4WD Specialist,(318) 388-3448,,,"410 Washington St, West Monroe, LA 71292, United States",410 Washington St,West Monroe,LA,71292,4.8,71,Truck repair shop,,,https://www.google.com/maps/place/4WD+Specialist/data=!4m7!3m6!1s0x862e37ae4221ad71:0x6c2bf7d0fe5fcc26!8m2!3d32.4804573!4d-92.1760668!16s%2Fg%2F1tfc2cwz!19sChIJca0hQq43LoYRJsxf_tD3K2w?authuser=0&hl=en&rclk=1,auto repair shop,Union Parish,county,LA,2026-07-30T10:01:50,0x862e37ae4221ad71:0x6c2bf7d0fe5fcc26
Autoplex Automotive,(318) 249-8209,https://www.magicautoplex.com/,,"1515 Cypress St, West Monroe, LA 71291, United States",1515 Cypress St,West Monroe,LA,71291,4.6,47,Auto repair shop,,,https://www.google.com/maps/place/Autoplex+Automotive/data=!4m7!3m6!1s0x862e4805dcf8d0eb:0xf015182e946b96e3!8m2!3d32.5130163!4d-92.1366114!16s%2Fg%2F1vjdqfdr!19sChIJ69D43AVILoYR45ZrlC4YFfA?authuser=0&hl=en&rclk=1,auto repair shop,Union Parish,county,LA,2026-07-30T10:01:50,0x862e4805dcf8d0eb:0xf015182e946b96e3
Dewayne's Auto Repair,(318) 387-4051,,,"2439 Jonesboro Rd, West Monroe, LA 71292, United States",2439 Jonesboro Rd,West Monroe,LA,71292,4.9,43,Auto repair shop,,,https://www.google.com/maps/place/Dewayne%27s+Auto+Repair/data=!4m7!3m6!1s0x862e3639be6a5331:0xfa0fbd540ad7f6c0!8m2!3d32.4598528!4d-92.1611057!16s%2Fg%2F1tczw9cy!19sChIJMVNqvjk2LoYRwPbXClS9D_o?authuser=0&hl=en&rclk=1,auto repair shop,Union Parish,county,LA,2026-07-30T10:01:50,0x862e3639be6a5331:0xfa0fbd540ad7f6c0
Edwards Transmission,(318) 387-1593,https://edwardstransmissionshop.com/,,"1701 Cypress St, West Monroe, LA 71291, United States",1701 Cypress St,West Monroe,LA,71291,4.2,90,Transmission shop,,,https://www.google.com/maps/place/Edwards+Transmission/data=!4m7!3m6!1s0x862e461947c66dbd:0x52af89f4ff93eaf7!8m2!3d32.5134555!4d-92.1368519!16s%2Fg%2F1th5cyfd!19sChIJvW3GRxlGLoYR9-qT__SJr1I?authuser=0&hl=en&rclk=1,auto repair shop,Caldwell Parish,county,LA,2026-07-29T11:39:29,0x862e461947c66dbd:0x52af89f4ff93eaf7
Gene's Tire Services,(318) 322-3477,https://www.genestirewm.com/,,"2202 Cypress St, West Monroe, LA 71291, United States",2202 Cypress St,West Monroe,LA,71291,4.8,280,Tire shop,,,https://www.google.com/maps/place/Gene%27s+Tire+Services/data=!4m7!3m6!1s0x862e4800cec668a1:0xd6844c28acf7b19f!8m2!3d32.5182447!4d-92.1425675!16s%2Fg%2F1td8zh8f!19sChIJoWjGzgBILoYRn7H3rChMhNY?authuser=0&hl=en&rclk=1,auto repair shop,Caldwell Parish,county,LA,2026-07-29T11:39:29,0x862e4800cec668a1:0xd6844c28acf7b19f
Goliath Automotive LLC,(318) 977-1306,https://www.facebook.com/share/19AHGGCLm8/,,"539 Smith St, West Monroe, LA 71292, United States",539 Smith St,West Monroe,LA,71292,5.0,9,Auto repair shop,,,https://www.google.com/maps/place/Goliath+Automotive+LLC/data=!4m7!3m6!1s0x862e493e5d6fbf55:0x95dff98f936324cb!8m2!3d32.4847119!4d-92.1669268!16s%2Fg%2F11m5hd7w5m!19sChIJVb9vXT5JLoYRyyRjk4_535U?authuser=0&hl=en&rclk=1,auto repair shop,Union Parish,county,LA,2026-07-30T10:01:50,0x862e493e5d6fbf55:0x95dff98f936324cb
High Tech Automotive,(318) 323-7893,,,"1100 Natchitoches St, West Monroe, LA 71291, United States",1100 Natchitoches St,West Monroe,LA,71291,4.8,21,Car repair and maintenance service,,,https://www.google.com/maps/place/High+Tech+Automotive/data=!4m7!3m6!1s0x862e48163deb468f:0x7d9b5c8db0e4c2b1!8m2!3d32.4976562!4d-92.1316011!16s%2Fg%2F1thsrrkk!19sChIJj0brPRZILoYRscLksI1cm30?authuser=0&hl=en&rclk=1,auto repair shop,Caldwell Parish,county,LA,2026-07-29T11:39:29,0x862e48163deb468f:0x7d9b5c8db0e4c2b1
Jim's Auto Service,(318) 396-3742,,,"7355 Cypress St, West Monroe, LA 71291, United States",7355 Cypress St,West Monroe,LA,71291,4.5,31,Auto repair shop,,,https://www.google.com/maps/place/Jim%27s+Auto+Service/data=!4m7!3m6!1s0x862e30abeda6417f:0x46fe6530e23013df!8m2!3d32.5148224!4d-92.2273388!16s%2Fg%2F1tcw8k21!19sChIJf0Gm7aswLoYR3xMw4jBl_kY?authuser=0&hl=en&rclk=1,auto repair shop,Union Parish,county,LA,2026-07-30T10:01:50,0x862e30abeda6417f:0x46fe6530e23013df
Johnny's Auto Machine,(318) 323-1144,,,"424 Sandal St, West Monroe, LA 71292, United States",424 Sandal St,West Monroe,LA,71292,4.3,43,Auto machine shop,,,https://www.google.com/maps/place/Johnny%27s+Auto+Machine/data=!4m7!3m6!1s0x862e37b53aa3a4ad:0xa48f35867b1ac9ce!8m2!3d32.4745647!4d-92.1666113!16s%2Fg%2F1thn5wq4!19sChIJraSjOrU3LoYRzskae4Y1j6Q?authuser=0&hl=en&rclk=1,auto repair shop,Union Parish,county,LA,2026-07-30T10:01:50,0x862e37b53aa3a4ad:0xa48f35867b1ac9ce
MR Auto Collision Repair,(318) 538-1124,https://mrautocollisionrepair.com/,mrautotwincities@gmail.com,"169 Sterling Ave, West Monroe, LA 71292, United States",169 Sterling Ave,West Monroe,LA,71292,5.0,48,Auto body shop,,,https://www.google.com/maps/place/MR+Auto+Collision+Repair/data=!4m7!3m6!1s0x862e37001010158f:0x12fb88920755dd6e!8m2!3d32.4973094!4d-92.1452314!16s%2Fg%2F11ltkttxk2!19sChIJjxUQEAA3LoYRbt1VB5KI-xI?authuser=0&hl=en&rclk=1,auto repair shop,Union Parish,county,LA,2026-07-30T10:01:50,0x862e37001010158f:0x12fb88920755dd6e
Mark's Automotive,(318) 327-2045,https://www.marksautoinc.com/,,"100 Lisa Brandy Cir, West Monroe, LA 71291, United States",100 Lisa Brandy Cir,West Monroe,LA,71291,4.7,107,Auto repair shop,,,https://www.google.com/maps/place/Mark%27s+Automotive/data=!4m7!3m6!1s0x862e37fee568f42d:0xdb482056b194bf05!8m2!3d32.5155728!4d-92.1483142!16s%2Fg%2F1tc_lhyd!19sChIJLfRo5f43LoYRBb-UsVYgSNs?authuser=0&hl=en&rclk=1,auto repair shop,Union Parish,county,LA,2026-07-30T10:01:50,0x862e37fee568f42d:0xdb482056b194bf05
Parker Auto Body,(318) 593-8383,https://parkerautobody.com/,,"4560 Cypress St, West Monroe, LA 71291, United States",4560 Cypress St,West Monroe,LA,71291,4.4,112,Auto body shop,,,https://www.google.com/maps/place/Parker+Auto+Body/data=!4m7!3m6!1s0x862e37865957ff1b:0xcb7141f0f8e63043!8m2!3d32.5147307!4d-92.1765884!16s%2Fg%2F1vjdqfdk!19sChIJG_9XWYY3LoYRQzDm-PBBccs?authuser=0&hl=en&rclk=1,auto repair shop,Caldwell Parish,county,LA,2026-07-29T11:39:29,0x862e37865957ff1b:0xcb7141f0f8e63043
Parker Tire & Alignment,(318) 661-8577,https://parkertireandalignment.com/,,"4558 Cypress St, West Monroe, LA 71291, United States",4558 Cypress St,West Monroe,LA,71291,4.6,485,Auto repair shop,,,https://www.google.com/maps/place/Parker+Tire+%26+Alignment/data=!4m7!3m6!1s0x862e378615658005:0x24aab5627a126f69!8m2!3d32.5144041!4d-92.1764152!16s%2Fg%2F1tj96sry!19sChIJBYBlFYY3LoYRaW8SemK1qiQ?authuser=0&hl=en&rclk=1,auto repair shop,Union Parish,county,LA,2026-07-30T10:01:50,0x862e378615658005:0x24aab5627a126f69
Plunk's Auto Repair,(318) 388-2314,http://plunks.com/auto-repairs/4662362,office@plunks.com,"108 Jonesboro Rd, West Monroe, LA 71292, United States",108 Jonesboro Rd,West Monroe,LA,71292,4.1,9,Auto repair shop,,,https://www.google.com/maps/place/Plunk%27s+Auto+Repair/data=!4m7!3m6!1s0x862e482089d57141:0x1460cc44ac87a217!8m2!3d32.4936203!4d-92.1441671!16s%2Fg%2F11c1xgm7ry!19sChIJQXHViSBILoYRF6KHrETMYBQ?authuser=0&hl=en&rclk=1,auto repair shop,Union Parish,county,LA,2026-07-30T10:01:50,0x862e482089d57141:0x1460cc44ac87a217
Polk Boyz Auto Repair,(601) 994-4064,,,"111 Drago St, West Monroe, LA 71291, United States",111 Drago St,West Monroe,LA,71291,5.0,1,Auto repair shop,,,https://www.google.com/maps/place/Polk+Boyz+Auto+Repair/data=!4m7!3m6!1s0x862e49e865560069:0xb048ba7bfc314a81!8m2!3d32.5113856!4d-92.134147!16s%2Fg%2F11z6fkdcwf!19sChIJaQBWZehJLoYRgUox_Hu6SLA?authuser=0&hl=en&rclk=1,auto repair shop,Caldwell Parish,county,LA,2026-07-29T11:39:29,0x862e49e865560069:0xb048ba7bfc314a81
Redeemed Auto Body,(318) 467-3467,https://www.redeemedautobody.com/,redeemedautobody@gmail.com,"2144 Jonesboro Rd, West Monroe, LA 71292, United States",2144 Jonesboro Rd,West Monroe,LA,71292,5.0,234,Auto body shop,,,https://www.google.com/maps/place/Redeemed+Auto+Body/data=!4m7!3m6!1s0x862e47c8d1b61669:0x6c43ec36544a98f8!8m2!3d32.4691926!4d-92.1563338!16s%2Fg%2F11hwxdmr8c!19sChIJaRa20chHLoYR-JhKVDbsQ2w?authuser=0&hl=en&rclk=1,auto repair shop,Union Parish,county,LA,2026-07-30T10:01:50,0x862e47c8d1b61669:0x6c43ec36544a98f8
Sanchez Auto Body,(318) 361-9700,,,"1109 Cypress St, West Monroe, LA 71291, United States",1109 Cypress St,West Monroe,LA,71291,4.3,75,Auto body shop,,,https://www.google.com/maps/place/Sanchez+Auto+Body/data=!4m7!3m6!1s0x862e480fcccf06db:0xefba6a028bf5afb5!8m2!3d32.5091991!4d-92.1331958!16s%2Fg%2F1tgkhnhy!19sChIJ2wbPzA9ILoYRta_1iwJquu8?authuser=0&hl=en&rclk=1,auto repair shop,Union Parish,county,LA,2026-07-30T10:01:50,0x862e480fcccf06db:0xefba6a028bf5afb5
Semmes Automotive,(318) 614-1694,,,"423 Wallace Rd, West Monroe, LA 71291, United States",423 Wallace Rd,West Monroe,LA,71291,4.1,66,Auto repair shop,,,https://www.google.com/maps/place/Semmes+Automotive/data=!4m7!3m6!1s0x862e3987b15b1099:0xb202387e098a9f8f!8m2!3d32.5204322!4d-92.1879414!16s%2Fg%2F11gnprr3tg!19sChIJmRBbsYc5LoYRj5-KCX44ArI?authuser=0&hl=en&rclk=1,auto repair shop,Union Parish,county,LA,2026-07-30T10:01:50,0x862e3987b15b1099:0xb202387e098a9f8f
T & T Auto Repair & Towing,(318) 361-0603,,,"120 Douglas St, West Monroe, LA 71292, United States",120 Douglas St,West Monroe,LA,71292,4.3,89,Towing service,,,https://www.google.com/maps/place/T+%26+T+Auto+Repair+%26+Towing/data=!4m7!3m6!1s0x862e37ceac20995f:0xbecfb3507af8e207!8m2!3d32.4795266!4d-92.1586227!16s%2Fg%2F11dzw98777!19sChIJX5kgrM43LoYRB-L4elCzz74?authuser=0&hl=en&rclk=1,auto repair shop,Caldwell Parish,county,LA,2026-07-29T11:39:29,0x862e37ceac20995f:0xbecfb3507af8e207
T J's Auto Repair,(318) 330-9333,,,"500 Montgomery Ave, West Monroe, LA 71292, United States",500 Montgomery Ave,West Monroe,LA,71292,4.6,42,Auto repair shop,,,https://www.google.com/maps/place/T+J%27s+Auto+Repair/data=!4m7!3m6!1s0x862e483ffe39901d:0x213f912eb7c635d2!8m2!3d32.492812!4d-92.1353865!16s%2Fg%2F1td4q1xk!19sChIJHZA5_j9ILoYR0jXGty6RPyE?authuser=0&hl=en&rclk=1,auto repair shop,Union Parish,county,LA,2026-07-30T10:01:50,0x862e483ffe39901d:0x213f912eb7c635d2
Twin City Tires & Automotive,(318) 512-4160,https://www.twincitytires.com/,,"511 N 7th St, West Monroe, LA 71291, United States",511 N 7th St,West Monroe,LA,71291,4.5,107,Tire shop,,,https://www.google.com/maps/place/Twin+City+Tires+%26+Automotive/data=!4m7!3m6!1s0x862e481743f00ac9:0xc1f1cbed1dfafae7!8m2!3d32.5010145!4d-92.1337543!16s%2Fg%2F125_sdwms!19sChIJyQrwQxdILoYR5_r6He3L8cE?authuser=0&hl=en&rclk=1,auto repair shop,Union Parish,county,LA,2026-07-30T10:01:50,0x862e481743f00ac9:0xc1f1cbed1dfafae7
Walpole Tire & Service,(318) 397-1744,https://walpoletire.com/,,"207 Warren Dr, West Monroe, LA 71291, United States",207 Warren Dr,West Monroe,LA,71291,4.5,229,Tire shop,,,https://www.google.com/maps/place/Walpole+Tire+%26+Service/data=!4m7!3m6!1s0x862e381e329409ef:0xf6ff7d8ab2e49d30!8m2!3d32.5195758!4d-92.1621353!16s%2Fg%2F11bbww_2mr!19sChIJ7wmUMh44LoYRMJ3ksop9__Y?authuser=0&hl=en&rclk=1,auto repair shop,Union Parish,county,LA,2026-07-30T10:01:50,0x862e381e329409ef:0xf6ff7d8ab2e49d30
Moss Bluff Automotive & Sons,(337) 855-6757,,,"904 Shafer St, Westlake, LA 70669, United States",904 Shafer St,Westlake,LA,70669,3.9,83,Auto repair shop,,,https://www.google.com/maps/place/Moss+Bluff+Automotive+%26+Sons/data=!4m7!3m6!1s0x863b854aad488103:0xee214d105a937e3!8m2!3d30.2560073!4d-93.2586642!16s%2Fg%2F1thk93kz!19sChIJA4FIrUqFO4YR4zepBdEU4g4?authuser=0&hl=en&rclk=1,auto repair shop,Calcasieu Parish,county,LA,2026-07-29T11:26:44,0x863b854aad488103:0xee214d105a937e3
Westlake Auto Repair Shop,(337) 419-5066,,,"517 Goss Rd, Westlake, LA 70669, United States",517 Goss Rd,Westlake,LA,70669,4.1,10,Auto repair shop,,,https://www.google.com/maps/place/Westlake+Auto+Repair+Shop/data=!4m7!3m6!1s0x863b857b39cf0909:0x2491c5e9f91dd3e3!8m2!3d30.2677296!4d-93.251523!16s%2Fg%2F11b6dxqcs5!19sChIJCQnPOXuFO4YR49Md-enFkSQ?authuser=0&hl=en&rclk=1,auto repair shop,Calcasieu Parish,county,LA,2026-07-29T11:26:44,0x863b857b39cf0909:0x2491c5e9f91dd3e3
Westlake Lube & Muffler Shop,(337) 436-0075,,,"2516 Westwood Rd, Westlake, LA 70669, United States",2516 Westwood Rd,Westlake,LA,70669,4.7,30,Muffler shop,,,https://www.google.com/maps/place/Westlake+Lube+%26+Muffler+Shop/data=!4m7!3m6!1s0x863b8562bd0b3f01:0xf24493ea0d637792!8m2!3d30.2699324!4d-93.2577615!16s%2Fg%2F1tcxk44j!19sChIJAT8LvWKFO4YRkndjDeqTRPI?authuser=0&hl=en&rclk=1,auto repair shop,Calcasieu Parish,county,LA,2026-07-29T11:26:44,0x863b8562bd0b3f01:0xf24493ea0d637792
A1SPEEDY MOBILE MECHANICS,(318) 289-0450,,,"Mobile, Winnfield, LA 71483, United States",Mobile,Winnfield,LA,71483,3.3,10,Mechanic,,,https://www.google.com/maps/place/A1SPEEDY+MOBILE+MECHANICS/data=!4m7!3m6!1s0x86301743636e031f:0x1803bac0b163ff80!8m2!3d31.9288903!4d-92.6324127!16s%2Fg%2F11y4h1354_!19sChIJHwNuY0MXMIYRgP9jscC6Axg?authuser=0&hl=en&rclk=1,auto repair shop,Winn Parish,county,LA,2026-07-30T11:37:03,0x86301743636e031f:0x1803bac0b163ff80
Carnes Garage,(318) 628-7170,,,"5775 Old Hwy 167, Winnfield, LA 71483, United States",5775 Old Hwy 167,Winnfield,LA,71483,,,Auto repair shop,,,https://www.google.com/maps/place/Carnes+Garage/data=!4m7!3m6!1s0x86303d7c2b361157:0xbf7b1bc8e7b3c934!8m2!3d31.9680798!4d-92.6532503!16s%2Fg%2F1tdqp073!19sChIJVxE2K3w9MIYRNMmz58gbe78?authuser=0&hl=en&rclk=1,auto repair shop,Winn Parish,county,LA,2026-07-30T11:37:03,0x86303d7c2b361157:0xbf7b1bc8e7b3c934
John's Tire Service,(318) 628-0873,,,"84W, 9279, Winnfield, LA 71483, United States","84W, 9279",Winnfield,LA,71483,5.0,2,Tire shop,,,https://www.google.com/maps/place/John%27s+Tire+Service/data=!4m7!3m6!1s0x863017ff2c089283:0x3ec629b8562318f1!8m2!3d31.9200303!4d-92.6766374!16s%2Fg%2F11rxpv0dxm!19sChIJg5IILP8XMIYR8RgjVrgpxj4?authuser=0&hl=en&rclk=1,auto repair shop,Winn Parish,county,LA,2026-07-30T11:37:03,0x863017ff2c089283:0x3ec629b8562318f1
Lasyone Auto Exchange,(318) 648-0333,https://www.lasyoneautoexchange.com/,,"10275 US-84, Winnfield, LA 71483, United States",10275 US-84,Winnfield,LA,71483,4.2,39,Used car dealer,,,https://www.google.com/maps/place/Lasyone+Auto+Exchange/data=!4m7!3m6!1s0x863016583c8b1575:0x58c09688d7c891b8!8m2!3d31.9106965!4d-92.7177712!16s%2Fg%2F1ty74ms0!19sChIJdRWLPFgWMIYRuJHI14iWwFg?authuser=0&hl=en&rclk=1,auto repair shop,Winn Parish,county,LA,2026-07-30T11:37:03,0x863016583c8b1575:0x58c09688d7c891b8
Motor Vehicle,(318) 628-6059,https://offices.omv.la.gov/,,"119 W Main St, Winnfield, LA 71483, United States",119 W Main St,Winnfield,LA,71483,4.4,26,Department of motor vehicles,,,https://www.google.com/maps/place/Motor+Vehicle/data=!4m7!3m6!1s0x86301798a72e22ad:0x6410d904959cf975!8m2!3d31.9264503!4d-92.6392896!16s%2Fg%2F1262_l862!19sChIJrSIup5gXMIYRdfmclQTZEGQ?authuser=0&hl=en&rclk=1,auto repair shop,Winn Parish,county,LA,2026-07-30T11:37:04,0x86301798a72e22ad:0x6410d904959cf975
Northeast Truck & Trailer,(318) 628-6368,,,"424 Thomas Mill Rd, Winnfield, LA 71483, United States",424 Thomas Mill Rd,Winnfield,LA,71483,4.7,11,Truck parts supplier,,,https://www.google.com/maps/place/Northeast+Truck+%26+Trailer/data=!4m7!3m6!1s0x86303d7c2b37efdd:0xadbdb769e3f0ebf4!8m2!3d31.9470195!4d-92.6462783!16s%2Fg%2F1wn_6gqr!19sChIJ3e83K3w9MIYR9Ovw42m3va0?authuser=0&hl=en&rclk=1,auto repair shop,Winn Parish,county,LA,2026-07-30T11:37:04,0x86303d7c2b37efdd:0xadbdb769e3f0ebf4
Pardues Wrecker Service,(318) 628-2567,,,"415 S Bevill St, Winnfield, LA 71483, United States",415 S Bevill St,Winnfield,LA,71483,4.6,24,Auto wrecker,,,https://www.google.com/maps/place/Pardues+Wrecker+Service/data=!4m7!3m6!1s0x8630179f73673bfd:0xbe37bd412b758640!8m2!3d31.923178!4d-92.6375684!16s%2Fg%2F1thxwlgk!19sChIJ_Ttnc58XMIYRQIZ1K0G9N74?authuser=0&hl=en&rclk=1,auto repair shop,Winn Parish,county,LA,2026-07-30T11:37:03,0x8630179f73673bfd:0xbe37bd412b758640
Randy's Garage,(318) 471-1795,,,"2008 Apache Dr, Winnfield, LA 71483, United States",2008 Apache Dr,Winnfield,LA,71483,3.7,3,Auto repair shop,,,https://www.google.com/maps/place/Randy%27s+Garage/data=!4m7!3m6!1s0x863017f2fbb13d51:0x16b3a0b17b8af963!8m2!3d31.9249226!4d-92.6182573!16s%2Fg%2F11f5lsm76v!19sChIJUT2x-_IXMIYRY_mKe7GgsxY?authuser=0&hl=en&rclk=1,auto repair shop,Winn Parish,county,LA,2026-07-30T11:37:03,0x863017f2fbb13d51:0x16b3a0b17b8af963
Sebastian Tire Service LLC,(318) 245-7253,https://www.facebook.com/profile.php?id=100090254802578,,"5847 US-167, Winnfield, LA 71483, United States",5847 US-167,Winnfield,LA,71483,5.0,16,Tire shop,,,https://www.google.com/maps/place/Sebastian+Tire+Service+LLC/data=!4m7!3m6!1s0x8630172d77cbfed3:0xbf10eb8394dbcea4!8m2!3d31.9521563!4d-92.6528421!16s%2Fg%2F11k53zgh37!19sChIJ0_7Ldy0XMIYRpM7blIPrEL8?authuser=0&hl=en&rclk=1,auto repair shop,Winn Parish,county,LA,2026-07-30T11:37:03,0x8630172d77cbfed3:0xbf10eb8394dbcea4
Shade Tree ATV,(318) 209-8969,,,"102 Hughes Rd, Winnfield, LA 71483, United States",102 Hughes Rd,Winnfield,LA,71483,,,ATV repair shop,,,https://www.google.com/maps/place/Shade+Tree+ATV/data=!4m7!3m6!1s0x86303d69c5eb0c7b:0x14650d0f879b1258!8m2!3d31.9885407!4d-92.6548574!16s%2Fg%2F11ld8hjcwd!19sChIJewzrxWk9MIYRWBKbhw8NZRQ?authuser=0&hl=en&rclk=1,auto repair shop,Winn Parish,county,LA,2026-07-30T11:37:04,0x86303d69c5eb0c7b:0x14650d0f879b1258
"Small Engine ER, LLC",(318) 209-4511,http://facebook.com/seerllc,,"1202 S Jones St, Winnfield, LA 71483, United States",1202 S Jones St,Winnfield,LA,71483,4.7,35,Small engine repair service,,,"https://www.google.com/maps/place/Small+Engine+ER,+LLC/data=!4m7!3m6!1s0x8630170ae3ccb717:0xbac0199bdb0fbd27!8m2!3d31.9172115!4d-92.6408386!16s%2Fg%2F11c2q30hdm!19sChIJF7fM4woXMIYRJ70P25sZwLo?authuser=0&hl=en&rclk=1",auto repair shop,Winn Parish,county,LA,2026-07-30T11:37:03,0x8630170ae3ccb717:0xbac0199bdb0fbd27
TNT Tires Winnfield,(318) 209-4288,https://m.facebook.com/TNTtiresWinnfield/,,"381 Thomas Mill Rd, Winnfield, LA 71483, United States",381 Thomas Mill Rd,Winnfield,LA,71483,4.5,32,Tire shop,,,https://www.google.com/maps/place/TNT+Tires+Winnfield/data=!4m7!3m6!1s0x863017ca8efe967f:0xc7cf0706d8f1b8a2!8m2!3d31.9464295!4d-92.6454467!16s%2Fg%2F11fv6c_tpb!19sChIJf5b-jsoXMIYRorjx2AYHz8c?authuser=0&hl=en&rclk=1,auto repair shop,Winn Parish,county,LA,2026-07-30T11:37:03,0x863017ca8efe967f:0xc7cf0706d8f1b8a2
Tiger Shine Auto Matt,(318) 302-0059,,,"5945 US-167, Winnfield, LA 71483, United States",5945 US-167,Winnfield,LA,71483,3.2,25,Car wash,,,https://www.google.com/maps/place/Tiger+Shine+Auto+Matt/data=!4m7!3m6!1s0x8630171e00b55f69:0x7e55a932247ed1ab!8m2!3d31.9485713!4d-92.6528579!16s%2Fg%2F11fksqt8tp!19sChIJaV-1AB4XMIYRq9F-JDKpVX4?authuser=0&hl=en&rclk=1,auto repair shop,Winn Parish,county,LA,2026-07-30T11:37:04,0x8630171e00b55f69:0x7e55a932247ed1ab
Wayne's Auto Sales,(318) 628-2999,,,"5823 US-167, Winnfield, LA 71483, United States",5823 US-167,Winnfield,LA,71483,5.0,4,Used car dealer,,,https://www.google.com/maps/place/Wayne%27s+Auto+Sales/data=!4m7!3m6!1s0x863017a21f2f6a59:0xf60714cabf33aedc!8m2!3d31.9525678!4d-92.6528912!16s%2Fg%2F1v3h_br4!19sChIJWWovH6IXMIYR3K4zv8oUB_Y?authuser=0&hl=en&rclk=1,auto repair shop,Winn Parish,county,LA,2026-07-30T11:37:04,0x863017a21f2f6a59:0xf60714cabf33aedc
Winn Collision Center,(318) 628-1788,,,"270 LA-156, Winnfield, LA 71483, United States",270 LA-156,Winnfield,LA,71483,4.8,31,Auto body shop,,,https://www.google.com/maps/place/Winn+Collision+Center/data=!4m7!3m6!1s0x863017d304c0ef71:0x423cc7dd7ffaae88!8m2!3d31.9573811!4d-92.6611145!16s%2Fg%2F1tj1sg7n!19sChIJce_ABNMXMIYRiK76f93HPEI?authuser=0&hl=en&rclk=1,auto repair shop,Winn Parish,county,LA,2026-07-30T11:37:03,0x863017d304c0ef71:0x423cc7dd7ffaae88
Winn Truck & Trailer,(318) 628-7686,,,"5795 US-167, Winnfield, LA 71483, United States",5795 US-167,Winnfield,LA,71483,4.7,27,Cars,,,https://www.google.com/maps/place/Winn+Truck+%26+Trailer/data=!4m7!3m6!1s0x86303d7c2b363a0d:0x6fc7ca9798b97160!8m2!3d31.9538342!4d-92.652766!16s%2Fg%2F1tg5vd_m!19sChIJDTo2K3w9MIYRYHG5mJfKx28?authuser=0&hl=en&rclk=1,auto repair shop,Winn Parish,county,LA,2026-07-30T11:37:03,0x86303d7c2b363a0d:0x6fc7ca9798b97160
Winnfield Tires and rims,(318) 421-4568,https://www.facebook.com/share/189Ygfymej/?mibextid=wwXIfr,,"702 E Lafayette St, Winnfield, LA 71483, United States",702 E Lafayette St,Winnfield,LA,71483,4.5,19,Tire shop,,,https://www.google.com/maps/place/Winnfield+Tires+and+rims/data=!4m7!3m6!1s0x863017497986ad35:0x7f2f3c11e18b0263!8m2!3d31.9244102!4d-92.6333049!16s%2Fg%2F11x0j8n434!19sChIJNa2GeUkXMIYRYwKL4RE8L38?authuser=0&hl=en&rclk=1,auto repair shop,Winn Parish,county,LA,2026-07-30T11:37:03,0x863017497986ad35:0x7f2f3c11e18b0263
American Fast Lane LLC,(318) 435-9975,http://americanfastlane.com/,,"3782 Front St, Winnsboro, LA 71295, United States",3782 Front St,Winnsboro,LA,71295,4.0,116,Tire shop,,,https://www.google.com/maps/place/American+Fast+Lane+LLC/data=!4m7!3m6!1s0x862f05871d31e4cb:0x33023d29e10b88d4!8m2!3d32.1657565!4d-91.7219326!16s%2Fg%2F11bw21g188!19sChIJy-QxHYcFL4YR1IgL4Sk9AjM?authuser=0&hl=en&rclk=1,auto repair shop,Catahoula Parish,county,LA,2026-07-29T11:59:56,0x862f05871d31e4cb:0x33023d29e10b88d4
Crowville Gas & Tire,(318) 722-3762,,,"5157 LA-17, Winnsboro, LA 71295, United States",5157 LA-17,Winnsboro,LA,71295,4.6,48,Gas station,,,https://www.google.com/maps/place/Crowville+Gas+%26+Tire/data=!4m7!3m6!1s0x862f194f7660bf2f:0x76c018057c5d16b6!8m2!3d32.2444767!4d-91.5865188!16s%2Fg%2F1th6f6f9!19sChIJL79gdk8ZL4YRthZdfAUYwHY?authuser=0&hl=en&rclk=1,auto repair shop,Catahoula Parish,county,LA,2026-07-29T11:59:56,0x862f194f7660bf2f:0x76c018057c5d16b6
Doug's Body Shop & Auto Glass,(318) 435-7477,,,"4920, 7406 LA-4, Winnsboro, LA 71295, United States","4920, 7406 LA-4",Winnsboro,LA,71295,4.6,65,Auto body shop,,,https://www.google.com/maps/place/Doug%27s+Body+Shop+%26+Auto+Glass/data=!4m7!3m6!1s0x862f0f68e0d431db:0x2505aeab5bd96300!8m2!3d32.1489967!4d-91.7312956!16s%2Fg%2F1thtpzd0!19sChIJ2zHU4GgPL4YRAGPZW6uuBSU?authuser=0&hl=en&rclk=1,auto repair shop,Catahoula Parish,county,LA,2026-07-29T11:59:56,0x862f0f68e0d431db:0x2505aeab5bd96300
Graham’s Auto Body,(318) 435-4900,,,"601 LA-130, Winnsboro, LA 71295, United States",601 LA-130,Winnsboro,LA,71295,4.4,10,Auto body shop,,,https://www.google.com/maps/place/Graham%E2%80%99s+Auto+Body/data=!4m7!3m6!1s0x862f0522b53e6ccb:0xddf1b0be65a2e735!8m2!3d32.1629444!4d-91.7429515!16s%2Fg%2F11fs2q667v!19sChIJy2w-tSIFL4YRNeeiZb6w8d0?authuser=0&hl=en&rclk=1,auto repair shop,Catahoula Parish,county,LA,2026-07-29T11:59:56,0x862f0522b53e6ccb:0xddf1b0be65a2e735
H & H TIRE REPAIR,(318) 439-9831,,,"3962 Front St, Winnsboro, LA 71295, United States",3962 Front St,Winnsboro,LA,71295,4.8,12,Tire repair shop,,,https://www.google.com/maps/place/H+%26+H+TIRE+REPAIR/data=!4m7!3m6!1s0x862f0fc69f7b1331:0x7c86605926372d59!8m2!3d32.1598129!4d-91.7177047!16s%2Fg%2F11rfwgsw06!19sChIJMRN7n8YPL4YRWS03Jllghnw?authuser=0&hl=en&rclk=1,auto repair shop,Catahoula Parish,county,LA,2026-07-29T11:59:56,0x862f0fc69f7b1331:0x7c86605926372d59
Jordan Automotive,(318) 435-5079,,,"105 Hw Armstrong Loop, Winnsboro, LA 71295, United States",105 Hw Armstrong Loop,Winnsboro,LA,71295,4.8,12,Auto repair shop,,,https://www.google.com/maps/place/Jordan+Automotive/data=!4m7!3m6!1s0x862f100168c3ad13:0xd129d1d8c0ed030!8m2!3d32.1587247!4d-91.6725224!16s%2Fg%2F1td48bjm!19sChIJE63DaAEQL4YRMNAOjB2dEg0?authuser=0&hl=en&rclk=1,auto repair shop,Tensas Parish,county,LA,2026-07-30T09:33:29,0x862f100168c3ad13:0xd129d1d8c0ed030
Newsom Automotive,(318) 535-8104,,,"5076 LA-17, Winnsboro, LA 71295, United States",5076 LA-17,Winnsboro,LA,71295,,,Auto repair shop,,,https://www.google.com/maps/place/Newsom+Automotive/data=!4m7!3m6!1s0x862f19d8d51f65b9:0x1b4d1241d569e0ce!8m2!3d32.2461696!4d-91.5858315!16s%2Fg%2F11w_l1ntbf!19sChIJuWUf1dgZL4YRzuBp1UESTRs?authuser=0&hl=en&rclk=1,auto repair shop,Catahoula Parish,county,LA,2026-07-29T11:59:56,0x862f19d8d51f65b9:0x1b4d1241d569e0ce
Riders Auto Repair,(318) 439-0385,,,"1705 LA-15, Winnsboro, LA 71295, United States",1705 LA-15,Winnsboro,LA,71295,3.7,3,Auto repair shop,,,https://www.google.com/maps/place/Riders+Auto+Repair/data=!4m7!3m6!1s0x862f0528bc059779:0x6a0254cd9ce889!8m2!3d32.2398689!4d-91.7386759!16s%2Fg%2F11szdftg3n!19sChIJeZcFvCgFL4YRieiczVQCagA?authuser=0&hl=en&rclk=1,auto repair shop,Catahoula Parish,county,LA,2026-07-29T11:59:56,0x862f0528bc059779:0x6a0254cd9ce889
Superior Tire & Battery,(318) 435-3230,,,"3744 Front St, Winnsboro, LA 71295, United States",3744 Front St,Winnsboro,LA,71295,4.6,48,Tire shop,,,https://www.google.com/maps/place/Superior+Tire+%26+Battery/data=!4m7!3m6!1s0x862f05865eb70abb:0xce8ae4dc49500b87!8m2!3d32.1668705!4d-91.7228467!16s%2Fg%2F1tflscyv!19sChIJuwq3XoYFL4YRhwtQSdzkis4?authuser=0&hl=en&rclk=1,auto repair shop,Catahoula Parish,county,LA,2026-07-29T11:59:56,0x862f05865eb70abb:0xce8ae4dc49500b87
Wallace Service Center LLC,(318) 435-5545,,,"3544 Front St, Winnsboro, LA 71295, United States",3544 Front St,Winnsboro,LA,71295,4.5,99,Auto repair shop,,,https://www.google.com/maps/place/Wallace+Service+Center+LLC/data=!4m7!3m6!1s0x862f058fe35dc163:0x1189b1a15fdc999e!8m2!3d32.1739256!4d-91.7257442!16s%2Fg%2F1td2h8gw!19sChIJY8Fd448FL4YRnpncX6GxiRE?authuser=0&hl=en&rclk=1,auto repair shop,Caldwell Parish,county,LA,2026-07-29T11:39:29,0x862f058fe35dc163:0x1189b1a15fdc999e
Winnsboro Auto Repair,(318) 435-7363,http://www.winnsboroauto.com/,,"6581 Main St, Winnsboro, LA 71295, United States",6581 Main St,Winnsboro,LA,71295,4.4,77,Auto repair shop,,,https://www.google.com/maps/place/Winnsboro+Auto+Repair/data=!4m7!3m6!1s0x862f057f87c15e41:0x41664bc389d407f3!8m2!3d32.1651865!4d-91.7148509!16s%2Fg%2F1tfvt9lc!19sChIJQV7Bh38FL4YR8wfUicNLZkE?authuser=0&hl=en&rclk=1,auto repair shop,Caldwell Parish,county,LA,2026-07-29T11:39:29,0x862f057f87c15e41:0x41664bc389d407f3
Ezells Body Shop Towing and Recovery,(318) 724-6590,,,"9482 Natchez St, Wisner, LA 71378, United States",9482 Natchez St,Wisner,LA,71378,4.5,14,Auto body shop,,,https://www.google.com/maps/place/Ezells+Body+Shop+Towing+and+Recovery/data=!4m7!3m6!1s0x862f12cad0673c2f:0x9ec23252ceab61f8!8m2!3d31.9825736!4d-91.6550163!16s%2Fg%2F11c5_snfnm!19sChIJLzxn0MoSL4YR-GGrzlIywp4?authuser=0&hl=en&rclk=1,auto repair shop,Tensas Parish,county,LA,2026-07-30T09:33:29,0x862f12cad0673c2f:0x9ec23252ceab61f8
Wisner Motor Supply,(318) 724-6350,http://www.btbautoparts.com/,,"9420 Natchez St, Wisner, LA 71378, United States",9420 Natchez St,Wisner,LA,71378,4.6,33,Auto parts store,,,https://www.google.com/maps/place/Wisner+Motor+Supply/data=!4m7!3m6!1s0x862f12caf857339f:0xc1243f094a021c05!8m2!3d31.9847694!4d-91.6548127!16s%2Fg%2F1tq4rg36!19sChIJnzNX-MoSL4YRBRwCSgk_JME?authuser=0&hl=en&rclk=1,auto repair shop,Tensas Parish,county,LA,2026-07-30T09:33:29,0x862f12caf857339f:0xc1243f094a021c05
G & N Truck & Equipment Repair LLC,(318) 451-9076,https://www.gandnrepair.com/,office@gandnrepair.com,"51 N Lake Dr, Woodworth, LA 71485, United States",51 N Lake Dr,Woodworth,LA,71485,4.2,5,Truck repair shop,,,https://www.google.com/maps/place/G+%26+N+Truck+%26+Equipment+Repair+LLC/data=!4m7!3m6!1s0x863acbaecc0df045:0xcef4bd7d44e1eed8!8m2!3d31.1979234!4d-92.5160604!16s%2Fg%2F11y3rj5m8j!19sChIJRfANzK7LOoYR2O7hRH299M4?authuser=0&hl=en&rclk=1,auto repair shop,Allen Parish,county,LA,2026-07-29T09:58:43,0x863acbaecc0df045:0xcef4bd7d44e1eed8
Chabill's Tire & Auto Service,(337) 856-9933,https://chabillstire.com/locations/youngsville/,,"2627 Bonin Rd, Youngsville, LA 70592, United States",2627 Bonin Rd,Youngsville,LA,70592,4.8,1087,Tire shop,,,https://www.google.com/maps/place/Chabill%27s+Tire+%26+Auto+Service/data=!4m7!3m6!1s0x862362dd3b500b47:0xe66a4b21573126c0!8m2!3d30.1082982!4d-92.0069144!16s%2Fg%2F1tgcs7dq!19sChIJRwtQO91iI4YRwCYxVyFLauY?authuser=0&hl=en&rclk=1,auto repair shop,Vermilion Parish,county,LA,2026-07-30T10:15:24,0x862362dd3b500b47:0xe66a4b21573126c0
High-End Automotive LLC,(337) 268-5101,http://high-endauto.com/,sales@high-endauto.com,"1933 Youngsville Hwy, Youngsville, LA 70592, United States",1933 Youngsville Hwy,Youngsville,LA,70592,4.7,279,Auto repair shop,,,https://www.google.com/maps/place/High-End+Automotive+LLC/data=!4m7!3m6!1s0x86237d7b9016937d:0xeff78aeb32d24eec!8m2!3d30.1311076!4d-91.9901374!16s%2Fg%2F1v4k6wl6!19sChIJfZMWkHt9I4YR7E7SMuuK9-8?authuser=0&hl=en&rclk=1,auto repair shop,St. Martin Parish,county,LA,2026-07-30T09:03:24,0x86237d7b9016937d:0xeff78aeb32d24eec
In & Out Oil Change and Complete Auto Care,(337) 252-7275,https://inandoutoilchange.com/,nnoutoc@gmail.com,"6225 Ambassador Caffery Pkwy, Youngsville, LA 70592, United States",6225 Ambassador Caffery Pkwy,Youngsville,LA,70592,5.0,717,Auto repair shop,,,https://www.google.com/maps/place/In+%26+Out+Oil+Change+and+Complete+Auto+Care/data=!4m7!3m6!1s0x862363d9d4aefbd3:0x3bae117afd2eaadf!8m2!3d30.1346215!4d-91.9986628!16s%2Fg%2F11y1fy7vj6!19sChIJ0_uu1NljI4YR36ou_XoRrjs?authuser=0&hl=en&rclk=1,auto repair shop,Vermilion Parish,county,LA,2026-07-30T10:15:24,0x862363d9d4aefbd3:0x3bae117afd2eaadf
Roland's Auto Repair,(337) 837-6232,,,"850 Heart D Farm Rd, Youngsville, LA 70592, United States",850 Heart D Farm Rd,Youngsville,LA,70592,4.5,68,Auto repair shop,,,https://www.google.com/maps/place/Roland%27s+Auto+Repair/data=!4m7!3m6!1s0x86237d4d9fe4cdeb:0x24b3bf15541360d1!8m2!3d30.1310436!4d-91.9856588!16s%2Fg%2F1wrgkj2d!19sChIJ683kn019I4YR0WATVBW_syQ?authuser=0&hl=en&rclk=1,auto repair shop,Vermilion Parish,county,LA,2026-07-30T10:15:24,0x86237d4d9fe4cdeb:0x24b3bf15541360d1
Tire Choice Auto Service Centers,(337) 330-8361,https://locations.thetirechoice.com/la/youngsville/2715-youngsville-hwy?&utm_source=google&utm_medium=organic&utm_campaign=gbp-listing-store_1657,,"2715 Youngsville Hwy, Youngsville, LA 70592, United States",2715 Youngsville Hwy,Youngsville,LA,70592,4.1,303,Tire shop,,,https://www.google.com/maps/place/Tire+Choice+Auto+Service+Centers/data=!4m7!3m6!1s0x862362cce4d9bc3f:0x96a3c3aee597da9e!8m2!3d30.1117042!4d-91.9902071!16s%2Fg%2F11bwd2tv3b!19sChIJP7zZ5MxiI4YRntqX5a7Do5Y?authuser=0&hl=en&rclk=1,auto repair shop,Vermilion Parish,county,LA,2026-07-30T10:15:24,0x862362cce4d9bc3f:0x96a3c3aee597da9e
B M & w Auto,(225) 654-6035,,,"4365 W Mae St, Zachary, LA 70791, United States",4365 W Mae St,Zachary,LA,70791,4.7,19,Auto repair shop,,,https://www.google.com/maps/place/B+M+%26+w+Auto/data=!4m7!3m6!1s0x86269c436f3dff71:0xa3c687fb767dd512!8m2!3d30.6471932!4d-91.1585555!16s%2Fg%2F1v7pyvj0!19sChIJcf89b0OcJoYREtV9dvuHxqM?authuser=0&hl=en&rclk=1,auto repair shop,West Feliciana Parish,county,LA,2026-07-30T11:19:39,0x86269c436f3dff71:0xa3c687fb767dd512
Bryan's Place Auto Repair,(225) 529-1891,http://bryansplaceauto.com/,,"3451 LA-19, Zachary, LA 70791, United States",3451 LA-19,Zachary,LA,70791,4.9,175,Auto repair shop,,,https://www.google.com/maps/place/Bryan%27s+Place+Auto+Repair/data=!4m7!3m6!1s0x86269c6a3790268d:0xa1472c4a64fa8cf6!8m2!3d30.6390283!4d-91.1554928!16s%2Fg%2F1thf8x_x!19sChIJjSaQN2qcJoYR9oz6ZEosR6E?authuser=0&hl=en&rclk=1,auto repair shop,West Feliciana Parish,county,LA,2026-07-30T11:19:39,0x86269c6a3790268d:0xa1472c4a64fa8cf6
Chabill's Tire & Auto Service,(225) 372-6790,https://chabillstire.com/locations/zachary/,,"20808 Old Scenic Hwy, Zachary, LA 70791, United States",20808 Old Scenic Hwy,Zachary,LA,70791,4.8,591,Tire shop,,,https://www.google.com/maps/place/Chabill%27s+Tire+%26+Auto+Service/data=!4m7!3m6!1s0x86269ddf7329cc85:0x1cd9e4b916f3fc15!8m2!3d30.657997!4d-91.1922642!16s%2Fg%2F11qlzrldpm!19sChIJhcwpc9-dJoYRFfzzFrnk2Rw?authuser=0&hl=en&rclk=1,auto repair shop,West Feliciana Parish,county,LA,2026-07-30T11:19:39,0x86269ddf7329cc85:0x1cd9e4b916f3fc15
Expert Auto Care,(225) 366-0611,,,"20985 Plank Rd, Zachary, LA 70791, United States",20985 Plank Rd,Zachary,LA,70791,4.1,7,Auto repair shop,,,https://www.google.com/maps/place/Expert+Auto+Care/data=!4m7!3m6!1s0x86269ba96a5f46d5:0x4c12447c95c14768!8m2!3d30.6600594!4d-91.1023321!16s%2Fg%2F11cnc6yg48!19sChIJ1UZfaqmbJoYRaEfBlXxEEkw?authuser=0&hl=en&rclk=1,auto repair shop,West Feliciana Parish,county,LA,2026-07-30T11:19:39,0x86269ba96a5f46d5:0x4c12447c95c14768
Gerber Collision & Glass,(225) 658-1493,https://www.gerbercollision.com/locations/zachary-la,info@gerbercollision.com,"19511 Plank Rd, Zachary, LA 70791, United States",19511 Plank Rd,Zachary,LA,70791,4.7,115,Auto body shop,,,https://www.google.com/maps/place/Gerber+Collision+%26+Glass/data=!4m7!3m6!1s0x86269b4e71f47e71:0xb5be0561e97fcd23!8m2!3d30.6397966!4d-91.1090861!16s%2Fg%2F11khsfd_40!19sChIJcX70cU6bJoYRI81_6WEFvrU?authuser=0&hl=en&rclk=1,auto repair shop,West Feliciana Parish,county,LA,2026-07-30T11:19:39,0x86269b4e71f47e71:0xb5be0561e97fcd23
"Gremillion Industrial Services, LLC",(225) 654-0616,,,"17000 Barnett Rd, Zachary, LA 70791, United States",17000 Barnett Rd,Zachary,LA,70791,4.5,44,Trailer repair shop,,,"https://www.google.com/maps/place/Gremillion+Industrial+Services,+LLC/data=!4m7!3m6!1s0x8624274aa503a8b7:0x582bc38ef367fbef!8m2!3d30.6134967!4d-91.2286529!16s%2Fg%2F1tfc6zpl!19sChIJt6gDpUonJIYR7_tn847DK1g?authuser=0&hl=en&rclk=1",auto repair shop,West Feliciana Parish,county,LA,2026-07-30T11:19:39,0x8624274aa503a8b7:0x582bc38ef367fbef
Jd Home & Auto Repair,(225) 654-5215,,,"4312 Locke St, Zachary, LA 70791, United States",4312 Locke St,Zachary,LA,70791,4.5,2,Auto repair shop,,,https://www.google.com/maps/place/Jd+Home+%26+Auto+Repair/data=!4m7!3m6!1s0x86269c69adff9bff:0x9fbcdce6a31539ae!8m2!3d30.6463822!4d-91.1523881!16s%2Fg%2F1vhkkxl8!19sChIJ_5v_rWmcJoYRrjkVo-bcvJ8?authuser=0&hl=en&rclk=1,auto repair shop,West Feliciana Parish,county,LA,2026-07-30T11:19:39,0x86269c69adff9bff:0x9fbcdce6a31539ae
Jerry's Auto Painting & Repair,(225) 261-2900,,,"14810 Woodrow Kerr Ln, Zachary, LA 70791, United States",14810 Woodrow Kerr Ln,Zachary,LA,70791,5.0,2,Auto body shop,,,https://www.google.com/maps/place/Jerry%27s+Auto+Painting+%26+Repair/data=!4m7!3m6!1s0x86269761d4930d57:0x5d577847c97abc9c!8m2!3d30.5897031!4d-91.0583462!16s%2Fg%2F1trsycbs!19sChIJVw2T1GGXJoYRnLx6yUd4V10?authuser=0&hl=en&rclk=1,auto repair shop,West Feliciana Parish,county,LA,2026-07-30T11:19:39,0x86269761d4930d57:0x5d577847c97abc9c
Joe Brown Auto King,(225) 654-5604,,,"3850 LA-19, Zachary, LA 70791, United States",3850 LA-19,Zachary,LA,70791,3.9,92,Auto repair shop,,,https://www.google.com/maps/place/Joe+Brown+Auto+King/data=!4m7!3m6!1s0x86269c6a378e7dab:0xb1da8e15ae62815!8m2!3d30.641618!4d-91.1528185!16s%2Fg%2F1tftfp5m!19sChIJq32ON2qcJoYRFSjmWuGoHQs?authuser=0&hl=en&rclk=1,auto repair shop,West Feliciana Parish,county,LA,2026-07-30T11:19:39,0x86269c6a378e7dab:0xb1da8e15ae62815
Mavis Tires & Brakes,(225) 228-3925,https://www.mavis.com/locations/zachary-la?utm_source=yext&utm_medium=organic&utm_campaign=gmb&stnum=881,esupport1@mavistire.com,"20101 LA-964, Zachary, LA 70791, United States",20101 LA-964,Zachary,LA,70791,4.8,1630,Tire shop,,,https://www.google.com/maps/place/Mavis+Tires+%26+Brakes/data=!4m7!3m6!1s0x86269d0d83379943:0x92afb6d9837729a3!8m2!3d30.6501667!4d-91.1935081!16s%2Fg%2F1tkmmy0y!19sChIJQ5k3gw2dJoYRoyl3g9m2r5I?authuser=0&hl=en&rclk=1,auto repair shop,West Feliciana Parish,county,LA,2026-07-30T11:19:39,0x86269d0d83379943:0x92afb6d9837729a3
Oud's Body Shop,(225) 654-4778,,,"4353 W Central Ave, Zachary, LA 70791, United States",4353 W Central Ave,Zachary,LA,70791,3.8,6,Auto body shop,,,https://www.google.com/maps/place/Oud%27s+Body+Shop/data=!4m7!3m6!1s0x86269c4305c42a91:0x67ddd5c46446ac2a!8m2!3d30.6471918!4d-91.1577403!16s%2Fg%2F1v2kxt5z!19sChIJkSrEBUOcJoYRKqxGZMTV3Wc?authuser=0&hl=en&rclk=1,auto repair shop,West Feliciana Parish,county,LA,2026-07-30T11:19:39,0x86269c4305c42a91:0x67ddd5c46446ac2a
Pit Stop Zachary,(225) 570-5129,http://www.pitstopzachary.com/,jonathan@pitstopzachary.com,"3690 LA-19, Zachary, LA 70791, United States",3690 LA-19,Zachary,LA,70791,4.7,337,Auto repair shop,,,https://www.google.com/maps/place/Pit+Stop+Zachary/data=!4m7!3m6!1s0x86269c6a381acf73:0x125a1e3869da99d1!8m2!3d30.6406536!4d-91.1531889!16s%2Fg%2F11dxlbzs4d!19sChIJc88aOGqcJoYR0ZnaaTgeWhI?authuser=0&hl=en&rclk=1,auto repair shop,West Feliciana Parish,county,LA,2026-07-30T11:19:39,0x86269c6a381acf73:0x125a1e3869da99d1
"Premier Collision, LLC",(225) 570-2060,http://www.premiercollisionllc.com/,,"20201 MacHost Rd, Zachary, LA 70791, United States",20201 MacHost Rd,Zachary,LA,70791,4.7,81,Auto body shop,,,"https://www.google.com/maps/place/Premier+Collision,+LLC/data=!4m7!3m6!1s0x86269b9a0713d70f:0xdd24f5aa89285966!8m2!3d30.64995!4d-91.1213302!16s%2Fg%2F113dhccsh!19sChIJD9cTB5qbJoYRZlkoiar1JN0?authuser=0&hl=en&rclk=1",auto repair shop,West Feliciana Parish,county,LA,2026-07-30T11:19:39,0x86269b9a0713d70f:0xdd24f5aa89285966
Quality Lube Express-Zachary,(225) 269-5446,https://qualitytirelube.com/,,"3617 LA-19, Zachary, LA 70791, United States",3617 LA-19,Zachary,LA,70791,4.6,382,Auto repair shop,,,https://www.google.com/maps/place/Quality+Lube+Express-Zachary/data=!4m7!3m6!1s0x86269c6a86f93ecb:0xd0462e2336b8c775!8m2!3d30.6407847!4d-91.1542956!16s%2Fg%2F1tf6g_lb!19sChIJyz75hmqcJoYRdce4NiMuRtA?authuser=0&hl=en&rclk=1,auto repair shop,West Feliciana Parish,county,LA,2026-07-30T11:19:39,0x86269c6a86f93ecb:0xd0462e2336b8c775
Southern Coast Customs,(225) 306-4555,https://www.scoastcustoms.com/,shayne@scoastcustoms.com,"9660 Main St, Zachary, LA 70791, United States",9660 Main St,Zachary,LA,70791,4.4,66,Truck accessories store,,,https://www.google.com/maps/place/Southern+Coast+Customs/data=!4m7!3m6!1s0x86269b8de5b71f4f:0x45c0d89ccc06d182!8m2!3d30.648369!4d-91.106496!16s%2Fg%2F11rxqrshm_!19sChIJTx-35Y2bJoYRgtEGzJzYwEU?authuser=0&hl=en&rclk=1,auto repair shop,West Feliciana Parish,county,LA,2026-07-30T11:19:39,0x86269b8de5b71f4f:0x45c0d89ccc06d182
Supreme Car Care & Tire Center,(225) 570-8901,,,"20140 Plank Rd, Zachary, LA 70791, United States",20140 Plank Rd,Zachary,LA,70791,2.6,19,Auto repair shop,,,https://www.google.com/maps/place/Supreme+Car+Care+%26+Tire+Center/data=!4m7!3m6!1s0x86269bb03d284ac9:0xbb6426f7e0820c74!8m2!3d30.6485879!4d-91.1049029!16s%2Fg%2F11b5ztc4tm!19sChIJyUooPbCbJoYRdAyC4PcmZLs?authuser=0&hl=en&rclk=1,auto repair shop,West Feliciana Parish,county,LA,2026-07-30T11:19:39,0x86269bb03d284ac9:0xbb6426f7e0820c74
The Car Shop,(225) 286-5222,https://www.facebook.com/The-car-shop-llc-205939416976661/,,"3852 LA-19, Zachary, LA 70791, United States",3852 LA-19,Zachary,LA,70791,4.1,14,Auto repair shop,,,https://www.google.com/maps/place/The+Car+Shop/data=!4m7!3m6!1s0x86269d5740f2931f:0x17a7731562ca4eca!8m2!3d30.6418453!4d-91.1527527!16s%2Fg%2F11hf7zlkd0!19sChIJH5PyQFedJoYRyk7KYhVzpxc?authuser=0&hl=en&rclk=1,auto repair shop,West Feliciana Parish,county,LA,2026-07-30T11:19:39,0x86269d5740f2931f:0x17a7731562ca4eca
Alexander Body Shop,(601) 442-4007,https://www.alexanderbodyshop.com/,abs@alexanderbodyshop.com,"618 US-61, Natchez, MS 39120, United States",618 US-61,Natchez,MS,39120,4.7,71,Auto body shop,,,https://www.google.com/maps/place/Alexander+Body+Shop/data=!4m7!3m6!1s0x8625f071d365798b:0xaec04c2499d77f2d!8m2!3d31.5680182!4d-91.3344578!16s%2Fg%2F1tdr8j_z!19sChIJi3ll03HwJYYRLX_XmSRMwK4?authuser=0&hl=en&rclk=1,auto repair shop,Catahoula Parish,county,LA,2026-07-29T11:59:56,0x8625f071d365798b:0xaec04c2499d77f2d
Grease Monkey,(601) 442-0123,https://www.greasemonkeyauto.com/locations/us/ms/natchez/268-sgt-prentiss-drive,email@address.com,"268 Sgt Prentiss Dr, Natchez, MS 39120, United States",268 Sgt Prentiss Dr,Natchez,MS,39120,4.7,1096,Oil change service,,,https://www.google.com/maps/place/Grease+Monkey/data=!4m7!3m6!1s0x8625f75b610193a3:0xe8750aa5685c5523!8m2!3d31.549596!4d-91.372491!16s%2Fg%2F1thlnfh8!19sChIJo5MBYVv3JYYRI1VcaKUKdeg?authuser=0&hl=en&rclk=1,auto repair shop,Catahoula Parish,county,LA,2026-07-29T11:59:56,0x8625f75b610193a3:0xe8750aa5685c5523
Pro Automotive Specialists,(601) 897-0152,,,"636 US-61, Natchez, MS 39120, United States",636 US-61,Natchez,MS,39120,4.5,49,Auto repair shop,,,https://www.google.com/maps/place/Pro+Automotive+Specialists/data=!4m7!3m6!1s0x8625f9a96ed4c0d9:0xd32b9d34fc0a961e!8m2!3d31.569153!4d-91.330952!16s%2Fg%2F1tdcb4zt!19sChIJ2cDUbqn5JYYRHpYK_DSdK9M?authuser=0&hl=en&rclk=1,auto repair shop,Catahoula Parish,county,LA,2026-07-29T11:59:56,0x8625f9a96ed4c0d9:0xd32b9d34fc0a961e
THOMAS AUTO REPAIR,(601) 597-3042,,,"777 US-61, Natchez, MS 39120, United States",777 US-61,Natchez,MS,39120,5.0,24,Auto repair shop,,,https://www.google.com/maps/place/THOMAS+AUTO+REPAIR/data=!4m7!3m6!1s0x8625f8e06a040fa1:0x3986dcb25d597ef6!8m2!3d31.5780744!4d-91.3096997!16s%2Fg%2F1q6cyj10b!19sChIJoQ8EauD4JYYR9n5ZXbLchjk?authuser=0&hl=en&rclk=1,auto repair shop,Catahoula Parish,county,LA,2026-07-29T11:59:56,0x8625f8e06a040fa1:0x3986dcb25d597ef6
