name,phone,website,email,address,street,city,state,zip,rating,review_count,category,hours_status,hours_detail,google_maps_url,search_keyword,search_place,search_type,search_state,scraped_at,place_id
256 Auto Glass Llc,,,,"Littleville, AL 35654, United States",,,AL,,,,Auto repair shop,,,https://www.google.com/maps/place/256+Auto+Glass+Llc/data=!4m7!3m6!1s0x887d50b4a185ca75:0x25b4596218d919b3!8m2!3d34.5764664!4d-87.6824835!16s%2Fg%2F11yqnpr3df!19sChIJdcqFobRQfYgRsxnZGGJZtCU?authuser=0&hl=en&rclk=1,auto repair shop,Franklin County,county,AL,2026-07-21T15:12:20,0x887d50b4a185ca75:0x25b4596218d919b3
Auto Rescue Repair/Mobile Mechanic,,,,"Graysville, AL 35073, United States",,,AL,,5.0,3,Auto repair shop,,,https://www.google.com/maps/place/Auto+Rescue+Repair%2FMobile+Mechanic/data=!4m7!3m6!1s0x8888f9006ec5ad99:0x90eb48cc94875d5e!8m2!3d33.6206533!4d-86.9713743!16s%2Fg%2F11vxmymr59!19sChIJma3FbgD5iIgRXl2HlMxI65A?authuser=0&hl=en&rclk=1,auto repair shop,Choctaw County,county,AL,2026-07-21T13:02:28,0x8888f9006ec5ad99:0x90eb48cc94875d5e
Auto Service Center,,,,"Georgia 31210, United States",,,AL,,5.0,1,Auto repair shop,,,https://www.google.com/maps/place/Auto+Service+Center/data=!4m7!3m6!1s0x88f3f8b84f7ba205:0xa74ccce7ee9d7dca!8m2!3d32.9006362!4d-83.6892627!16s%2Fg%2F11fkmzksmx!19sChIJBaJ7T7j484gRyn2d7ufMTKc?authuser=0&hl=en&rclk=1,auto repair shop,Macon County,county,AL,2026-07-21T16:44:39,0x88f3f8b84f7ba205:0xa74ccce7ee9d7dca
Auto-Tech Auto Repair,,,,"Hueytown, AL 35023, United States",,,AL,,,,Auto repair shop,,,https://www.google.com/maps/place/Auto-Tech+Auto+Repair/data=!4m7!3m6!1s0x8888e74a55ac7ee7:0xd9c7c13051cc0560!8m2!3d33.4216034!4d-86.9850676!16s%2Fg%2F11rd9dpryx!19sChIJ536sVUrniIgRYAXMUTDBx9k?authuser=0&hl=en&rclk=1,auto repair shop,Washington County,county,AL,2026-07-10T12:54:01,0x8888e74a55ac7ee7:0xd9c7c13051cc0560
Automotive Service Center,,,,"Selma, AL 36701, United States",,,AL,,,,,,,https://www.google.com/maps/place/Automotive+Service+Center/data=!4m7!3m6!1s0x888f05c659f6dea1:0xef9de0e370b1e5dc!8m2!3d32.4310146!4d-87.0346453!16s%2Fg%2F11wj2q2p2q!19sChIJod72WcYFj4gR3OWxcOPgne8?authuser=0&hl=en&rclk=1,auto repair shop,Dallas County,county,AL,2026-07-21T14:23:37,0x888f05c659f6dea1:0xef9de0e370b1e5dc
Barner's Crimson Triple R INC,(251) 225-0502,https://www.barnerscrimsonroadsiderepairandrecoveryinc.com/,,,,,AL,,5.0,188,Car repair and maintenance service,,,https://www.google.com/maps/place/Barner%27s+Crimson+Triple+R+INC/data=!4m7!3m6!1s0x803d90d4bc01fe97:0xb9d78d1f5c21469e!8m2!3d33.2846624!4d-87.4551114!16s%2Fg%2F11xv8l9y3f!19sChIJl_4BvNSQPYARnkYhXB-N17k?authuser=0&hl=en&rclk=1,auto repair shop,Tuscaloosa County,county,AL,2026-07-21T18:59:25,0x803d90d4bc01fe97:0xb9d78d1f5c21469e
Beatrice service station,,,,"Monroeville, AL 36460, United States",,,AL,,,,Auto repair shop,,,https://www.google.com/maps/place/Beatrice+service+station/data=!4m7!3m6!1s0x88901b0019f5235b:0xc52e9bdbf3c3e865!8m2!3d31.4689499!4d-87.3457731!16s%2Fg%2F11vz5lmlrh!19sChIJWyP1GQAbkIgRZejD89ubLsU?authuser=0&hl=en&rclk=1,auto repair shop,Monroe County,county,AL,2026-07-21T17:36:06,0x88901b0019f5235b:0xc52e9bdbf3c3e865
Butler County I-65 Northbound Rest Area,,,,"Greenville, AL 36037, United States",,,AL,,4.3,2001,Rest stop,,,https://www.google.com/maps/place/Butler+County+I-65+Northbound+Rest+Area/data=!4m7!3m6!1s0x888e3e42d0544853:0xff9845976c0b1824!8m2!3d31.8833086!4d-86.6084003!16s%2Fg%2F11c3hw6pt7!19sChIJU0hU0EI-jogRJBgLbJdFmP8?authuser=0&hl=en&rclk=1,auto repair shop,Butler County,county,AL,2026-07-09T18:38:20,0x888e3e42d0544853:0xff9845976c0b1824
C&B Express Lube,,,,"Linden, AL 36748, United States",,,AL,,,,Auto repair shop,,,https://www.google.com/maps/place/C%26B+Express+Lube/data=!4m7!3m6!1s0x888575b7aed973a1:0xf6f815373c4eee4b!8m2!3d32.3006513!4d-87.7981084!16s%2Fg%2F11xr_n5_0h!19sChIJoXPZrrd1hYgRS-5OPDcV-PY?authuser=0&hl=en&rclk=1,auto repair shop,Marengo County,county,AL,2026-07-21T17:07:51,0x888575b7aed973a1:0xf6f815373c4eee4b
Clay's Auto Service,,,,"Alabama 35611, United States",,,AL,,4.7,23,Auto repair shop,,,https://www.google.com/maps/place/Clay%27s+Auto+Service/data=!4m7!3m6!1s0x886293639f2ae959:0x207854e3382655a9!8m2!3d34.7988895!4d-87.1383992!16s%2Fg%2F11qg2yh8by!19sChIJWekqn2OTYogRqVUmOONUeCA?authuser=0&hl=en&rclk=1,auto repair shop,Lawrence County,county,AL,2026-07-21T16:19:38,0x886293639f2ae959:0x207854e3382655a9
Cosby's Auto Repair,,,,"Marion, AL 36756, United States",,,AL,,5.0,1,Auto repair shop,,,https://www.google.com/maps/place/Cosby%27s+Auto+Repair/data=!4m7!3m6!1s0x888f696de51bf201:0x339a634ba1fa34be!8m2!3d32.6322867!4d-87.3170098!16s%2Fg%2F11vylwtrm4!19sChIJAfIb5W1pj4gRvjT6oUtjmjM?authuser=0&hl=en&rclk=1,auto repair shop,Choctaw County,county,AL,2026-07-21T13:02:28,0x888f696de51bf201:0x339a634ba1fa34be
Dale’s Diesel Repair,,http://dalesdieselrepair.com/,,,,,AL,,4.8,17,Mechanic,,,https://www.google.com/maps/place/Dale%E2%80%99s+Diesel+Repair/data=!4m7!3m6!1s0x888ad5270b6c864f:0xc694ae871114e865!8m2!3d34.0162294!4d-85.374914!16s%2Fg%2F11rk2fchc4!19sChIJT4ZsCyfViogRZegUEYeulMY?authuser=0&hl=en&rclk=1,auto repair shop,Cherokee County,county,AL,2026-07-09T19:05:14,0x888ad5270b6c864f:0xc694ae871114e865
Ellie's Used Tires,,,,"Talladega, AL 35160, United States",,,AL,,3.7,3,Tire shop,,,https://www.google.com/maps/place/Ellie%27s+Used+Tires/data=!4m7!3m6!1s0x888bdcdcb7ac9377:0x2e9b27ee6587cbc9!8m2!3d33.4330743!4d-86.1101382!16s%2Fg%2F11t9ws0_g1!19sChIJd5Ost9zci4gRycuHZe4nmy4?authuser=0&hl=en&rclk=1,auto repair shop,Talladega County,county,AL,2026-07-21T18:43:29,0x888bdcdcb7ac9377:0x2e9b27ee6587cbc9
Harold Parker Auto Repair,,,,"Centre, AL 35960, United States",,,AL,,5.0,15,Auto repair shop,,,https://www.google.com/maps/place/Harold+Parker+Auto+Repair/data=!4m7!3m6!1s0x888a61c022708a1d:0x68923f725647adfd!8m2!3d34.1426294!4d-85.6567697!16s%2Fg%2F11f9xlw_0m!19sChIJHYpwIsBhiogR_a1HVnI_kmg?authuser=0&hl=en&rclk=1,auto repair shop,Cherokee County,county,AL,2026-07-21T12:40:11,0x888a61c022708a1d:0x68923f725647adfd
Hipolito Auto,,,,"Clio, AL 36017, United States",,,AL,,5.0,3,Auto repair shop,,,https://www.google.com/maps/place/Hipolito+Auto/data=!4m7!3m6!1s0x888d83204c139b4d:0xc57a5dcaf003d859!8m2!3d31.7156631!4d-85.6457828!16s%2Fg%2F11c3s95z72!19sChIJTZsTTCCDjYgRWdgD8MpdesU?authuser=0&hl=en&rclk=1,auto repair shop,Pike County,county,AL,2026-07-21T18:08:37,0x888d83204c139b4d:0xc57a5dcaf003d859
Lube Express,,,,"Demopolis, AL 36732, United States",,,AL,,,,Auto repair shop,,,https://www.google.com/maps/place/Lube+Express/data=!4m7!3m6!1s0x8885982023d2f4d5:0xf6d7432a64d36d2!8m2!3d32.5171244!4d-87.8349872!16s%2Fg%2F11mrzy_ryx!19sChIJ1fTSIyCYhYgR0jZNpjJ0bQ8?authuser=0&hl=en&rclk=1,auto repair shop,Marengo County,county,AL,2026-07-21T17:07:51,0x8885982023d2f4d5:0xf6d7432a64d36d2
M & J MARINE AUTO Repair,,,,"Demopolis, AL 36732, United States",,,AL,,,,Auto repair shop,,,https://www.google.com/maps/place/M+%26+J+MARINE+AUTO+Repair/data=!4m7!3m6!1s0x88859818a0f962fd:0x8aed1bbb0662b060!8m2!3d32.5118623!4d-87.8354554!16s%2Fg%2F11yhyfd39p!19sChIJ_WL5oBiYhYgRYLBiBrsb7Yo?authuser=0&hl=en&rclk=1,auto repair shop,Marengo County,county,AL,2026-07-21T17:07:51,0x88859818a0f962fd:0x8aed1bbb0662b060
Nelson Auto Repair,,,,"New Hope, AL 35760, United States",,,AL,,4.1,9,Auto repair shop,,,https://www.google.com/maps/place/Nelson+Auto+Repair/data=!4m7!3m6!1s0x88620f47e476bde7:0x5b201f05d1048fd8!8m2!3d34.5576782!4d-86.438034!16s%2Fg%2F11j4fd96r4!19sChIJ57125EcPYogR2I8E0QUfIFs?authuser=0&hl=en&rclk=1,auto repair shop,Morgan County,county,AL,2026-07-21T17:49:03,0x88620f47e476bde7:0x5b201f05d1048fd8
Rdm Tire,,,,"Demopolis, AL 36732, United States",,,AL,,,,Tire shop,,,https://www.google.com/maps/place/Rdm+Tire/data=!4m7!3m6!1s0x8885983d53d99b0d:0x8ce53fcd9856f983!8m2!3d32.5070783!4d-87.8349136!16s%2Fg%2F11kjkclkpy!19sChIJDZvZUz2YhYgRg_lWmM0_5Yw?authuser=0&hl=en&rclk=1,auto repair shop,Marengo County,county,AL,2026-07-21T17:07:51,0x8885983d53d99b0d:0x8ce53fcd9856f983
Roanoke Auto Care,,,,"Roanoke, AL 36274, United States",,,AL,,3.0,2,Auto repair shop,,,https://www.google.com/maps/place/Roanoke+Auto+Care/data=!4m7!3m6!1s0x888b65d8a2bb3969:0x8d6ed04bf63cddf0!8m2!3d33.1430247!4d-85.3555563!16s%2Fg%2F11f_0t88jm!19sChIJaTm7othli4gR8N089kvQbo0?authuser=0&hl=en&rclk=1,auto repair shop,Randolph County,county,AL,2026-07-21T18:12:19,0x888b65d8a2bb3969:0x8d6ed04bf63cddf0
Tire Engineers Full Service Auto Care,,,,"Auburn, AL 36832, United States",,,AL,,5.0,1,Tire shop,,,https://www.google.com/maps/place/Tire+Engineers+Full+Service+Auto+Care/data=!4m7!3m6!1s0x888cf3eac92eac2b:0x77e4e4209ff8c408!8m2!3d32.5695767!4d-85.5010072!16s%2Fg%2F11fqtm65sc!19sChIJK6wuyerzjIgRCMT4nyDk5Hc?authuser=0&hl=en&rclk=1,auto repair shop,Auburn,city,AL,2026-07-21T20:05:57,0x888cf3eac92eac2b:0x77e4e4209ff8c408
"Professional Paint & Body, Inc.",(205) 664-2639,http://www.propaintandbody.com/,,"6282 Hwy 119, Alabaster, AL 35007, United States",6282 Hwy 119,Alabaster,AL,35007,4.9,1491,Auto body shop,,,"https://www.google.com/maps/place/Professional+Paint+%26+Body,+Inc./data=!4m7!3m6!1s0x888928aa33a8aea5:0xc64623bb66e4d5a2!8m2!3d33.1730906!4d-86.8192287!16s%2Fg%2F1pt_z_6ky!19sChIJpa6oM6ooiYgRotXkZrsjRsY?authuser=0&hl=en&rclk=1",auto repair shop,Chilton County,county,AL,2026-07-21T12:51:31,0x888928aa33a8aea5:0xc64623bb66e4d5a2
BUDDY'S AUTO REPAIR,,,,"3098 AL-75, Albertville, AL 35951, United States",3098 AL-75,Albertville,AL,35951,3.4,5,Auto repair shop,,,https://www.google.com/maps/place/BUDDY%27S+AUTO+REPAIR/data=!4m7!3m6!1s0x888a0494e270f3e5:0x2a5f94f9a49fe6b3!8m2!3d34.2959639!4d-86.156527!16s%2Fg%2F11s8khjt8c!19sChIJ5fNw4pQEiogRs-afpPmUXyo?authuser=0&hl=en&rclk=1,auto repair shop,Marshall County,county,AL,2026-07-21T17:24:20,0x888a0494e270f3e5:0x2a5f94f9a49fe6b3
Buds Auto Repair,,,,"812 Janet St, Albertville, AL 35951, United States",812 Janet St,Albertville,AL,35951,4.8,9,Auto repair shop,,,https://www.google.com/maps/place/Buds+Auto+Repair/data=!4m7!3m6!1s0x888a1ca540b10fb9:0xbdc3de479390cf4c!8m2!3d34.2594214!4d-86.1843639!16s%2Fg%2F1tcxdzqk!19sChIJuQ-xQKUciogRTM-Qk0few70?authuser=0&hl=en&rclk=1,auto repair shop,Marshall County,county,AL,2026-07-21T17:24:20,0x888a1ca540b10fb9:0xbdc3de479390cf4c
Hernandez Auto Repair,,,,"3774 Rose Rd, Albertville, AL 35951, United States",3774 Rose Rd,Albertville,AL,35951,3.0,2,Auto repair shop,,,https://www.google.com/maps/place/Hernandez+Auto+Repair/data=!4m7!3m6!1s0x888a03c4effa805d:0xe8c7bb86aad16ac9!8m2!3d34.3244408!4d-86.2274988!16s%2Fg%2F11vb7cn76p!19sChIJXYD678QDiogRyWrRqoa7x-g?authuser=0&hl=en&rclk=1,auto repair shop,Marshall County,county,AL,2026-07-21T17:24:20,0x888a03c4effa805d:0xe8c7bb86aad16ac9
Mechanic Shop,,,,"5442 US-431, Albertville, AL 35950, United States",5442 US-431,Albertville,AL,35950,,,Auto repair shop,,,https://www.google.com/maps/place/Mechanic+Shop/data=!4m7!3m6!1s0x888a1ca4d85b9997:0x365856025f0b3efe!8m2!3d34.2578681!4d-86.1845741!16s%2Fg%2F11h_81_hfm!19sChIJl5lb2KQciogR_j4LXwJWWDY?authuser=0&hl=en&rclk=1,auto repair shop,Marshall County,county,AL,2026-07-21T17:24:20,0x888a1ca4d85b9997:0x365856025f0b3efe
Claybrook Automotive,,,,"971 Cherokee Rd, Alexander City, AL 35010, United States",971 Cherokee Rd,Alexander City,AL,35010,,,Auto repair shop,,,https://www.google.com/maps/place/Claybrook+Automotive/data=!4m7!3m6!1s0x888c0b680702a53f:0x35c9486ee2ea9e7a!8m2!3d32.9349359!4d-85.9513086!16s%2Fg%2F11t7fdts1j!19sChIJP6UCB2gLjIgRep7q4m5IyTU?authuser=0&hl=en&rclk=1,auto repair shop,Tallapoosa County,county,AL,2026-07-21T18:52:56,0x888c0b680702a53f:0x35c9486ee2ea9e7a
DYE AUTOMOTIVE & REPAIR,,,,"Dadeville Rd, Alexander City, AL 35010, United States",Dadeville Rd,Alexander City,AL,35010,5.0,3,Car repair and maintenance service,,,https://www.google.com/maps/place/DYE+AUTOMOTIVE+%26+REPAIR/data=!4m7!3m6!1s0x888c0b5c3f085eb3:0x3e764e07a0e4a455!8m2!3d32.930258!4d-85.9472295!16s%2Fg%2F11l293qn65!19sChIJs14IP1wLjIgRVaTkoAdOdj4?authuser=0&hl=en&rclk=1,auto repair shop,Tallapoosa County,county,AL,2026-07-21T18:52:56,0x888c0b5c3f085eb3:0x3e764e07a0e4a455
S & S Discount Tire Pros,(256) 215-8822,https://www.sandsdiscounttire.com/,,"857 Cherokee Rd, Alexander City, AL 35010, United States",857 Cherokee Rd,Alexander City,AL,35010,4.8,76,Tire shop,,,https://www.google.com/maps/place/S+%26+S+Discount+Tire+Pros/data=!4m7!3m6!1s0x888c0be7e8f546ad:0x38e89f595a815792!8m2!3d32.9362031!4d-85.9518901!16s%2Fg%2F11k74y82yj!19sChIJrUb16OcLjIgRkleBWlmf6Dg?authuser=0&hl=en&rclk=1,auto repair shop,Coosa County,county,AL,2026-07-21T13:46:00,0x888c0be7e8f546ad:0x38e89f595a815792
Zajac's Auto Collision Inc,(256) 329-9963,,,"793 Airport Dr, Alexander City, AL 35010, United States",793 Airport Dr,Alexander City,AL,35010,4.6,29,Auto body shop,,,https://www.google.com/maps/place/Zajac%27s+Auto+Collision+Inc/data=!4m7!3m6!1s0x888c0ca7a47733db:0x5902be82bb6cd728!8m2!3d32.9207143!4d-85.9500041!16s%2Fg%2F1vc82l6s!19sChIJ2zN3pKcMjIgRKNdsu4K-Alk?authuser=0&hl=en&rclk=1,auto repair shop,Coosa County,county,AL,2026-07-21T13:46:00,0x888c0ca7a47733db:0x5902be82bb6cd728
Barrett Body Shop Inc.,(256) 892-7978,http://barrettbodyshop.com/,,"7435 U.S. Hwy 431, Alexandria, AL 36250, United States",7435 U.S. Hwy 431,Alexandria,AL,36250,4.8,46,Auto body shop,,,https://www.google.com/maps/place/Barrett+Body+Shop+Inc./data=!4m7!3m6!1s0x888a4c6e4deeac9b:0x246ef331247f2530!8m2!3d33.7794678!4d-85.8965366!16s%2Fg%2F1v4206yn!19sChIJm6zuTW5MiogRMCV_JDHzbiQ?authuser=0&hl=en&rclk=1,auto repair shop,Cleburne County,county,AL,2026-07-21T13:16:07,0x888a4c6e4deeac9b:0x246ef331247f2530
Chapman auto and disel repair,,,,"5170 US-278, Altoona, AL 35952, United States",5170 US-278,Altoona,AL,35952,,,Auto repair shop,,,https://www.google.com/maps/place/Chapman+auto+and+disel+repair/data=!4m7!3m6!1s0x88898b005eff63bf:0xc69241dedba5763c!8m2!3d34.0664488!4d-86.2855463!16s%2Fg%2F11z3yrms33!19sChIJv2P_XgCLiYgRPHal295BksY?authuser=0&hl=en&rclk=1,auto repair shop,Blount County,county,AL,2026-07-21T11:53:48,0x88898b005eff63bf:0xc69241dedba5763c
Loden's Body Shop Incorporated,(662) 256-2539,https://www.lodensbodyshop.com/,,"1217 US-278, Amory, MS 38821, United States",1217 US-278,Amory,MS,38821,4.8,36,Auto body shop,,,https://www.google.com/maps/place/Loden%27s+Body+Shop+Incorporated/data=!4m7!3m6!1s0x888717f3f64ea067:0xa9c72ce23217303a!8m2!3d33.9754!4d-88.4685834!16s%2Fg%2F1td7jhp1!19sChIJZ6BO9vMXh4gROjAXMuIsx6k?authuser=0&hl=en&rclk=1,auto repair shop,Lamar County,county,AL,2026-07-21T16:04:33,0x888717f3f64ea067:0xa9c72ce23217303a
"Andalusia Tire Co, Inc",(334) 222-3136,https://www.andalusiatire.com/,,"850 Western Bypass, Andalusia, AL 36420, United States",850 Western Bypass,Andalusia,AL,36420,4.8,104,Tire shop,,,"https://www.google.com/maps/place/Andalusia+Tire+Co,+Inc/data=!4m7!3m6!1s0x8891ee88eb799b47:0x332e620576de6bd8!8m2!3d31.2983607!4d-86.5003653!16s%2Fg%2F1tmpl8kb!19sChIJR5t564jukYgR2GvedgViLjM?authuser=0&hl=en&rclk=1",auto repair shop,Coffee County,county,AL,2026-07-21T13:22:36,0x8891ee88eb799b47:0x332e620576de6bd8
Covington Heavy Duty Parts Inc,(334) 222-4153,http://www.covingtonhd.com/,,"1000 Western Bypass, Andalusia, AL 36421, United States",1000 Western Bypass,Andalusia,AL,36421,4.8,67,Truck accessories store,,,https://www.google.com/maps/place/Covington+Heavy+Duty+Parts+Inc/data=!4m7!3m6!1s0x8891ee62e1ee372d:0xf26632b2bf8ebcec!8m2!3d31.2959231!4d-86.5008793!16s%2Fg%2F1tfc2t2k!19sChIJLTfu4WLukYgR7LyOv7IyZvI?authuser=0&hl=en&rclk=1,auto repair shop,Covington County,county,AL,2026-07-21T13:52:30,0x8891ee62e1ee372d:0xf26632b2bf8ebcec
Frankie's Heavy Equipment Repair,,,,"14309 Cottonwood Dr, Andalusia, AL 36420, United States",14309 Cottonwood Dr,Andalusia,AL,36420,5.0,7,Tractor repair shop,,,https://www.google.com/maps/place/Frankie%27s+Heavy+Equipment+Repair/data=!4m7!3m6!1s0x8891ec4f4a44ea87:0xeb7ca53fd0de9933!8m2!3d31.276945!4d-86.4681287!16s%2Fg%2F11ggb6k88m!19sChIJh-pESk_skYgRM5ne0D-lfOs?authuser=0&hl=en&rclk=1,auto repair shop,Covington County,county,AL,2026-07-21T13:52:30,0x8891ec4f4a44ea87:0xeb7ca53fd0de9933
Honda Service,,https://www.jacksonhonda.net/,,"113 River Falls St, Andalusia, AL 36420, United States",113 River Falls St,Andalusia,AL,36420,5.0,2,Auto repair shop,,,https://www.google.com/maps/place/Honda+Service/data=!4m7!3m6!1s0x8891eea64d2a58d3:0x6f67587f2017e475!8m2!3d31.3090867!4d-86.4877298!16s%2Fg%2F11f045p4_h!19sChIJ01gqTabukYgRdeQXIH9YZ28?authuser=0&hl=en&rclk=1,auto repair shop,Covington County,county,AL,2026-07-21T13:52:30,0x8891eea64d2a58d3:0x6f67587f2017e475
Rogers Diesel Inc,(334) 493-7864,https://lomyu.me/rogers-diesel-inc-282668-us,,"22721 John Rd, Andalusia, AL 36421, United States",22721 John Rd,Andalusia,AL,36421,4.6,17,Truck repair shop,,,https://www.google.com/maps/place/Rogers+Diesel+Inc/data=!4m7!3m6!1s0x8891eea0dd743f33:0x24947806493cc24f!8m2!3d31.3214062!4d-86.3257901!16s%2Fg%2F1tffvqc1!19sChIJMz903aDukYgRT8I8SQZ4lCQ?authuser=0&hl=en&rclk=1,auto repair shop,Covington County,county,AL,2026-07-21T13:52:30,0x8891eea0dd743f33:0x24947806493cc24f
Walmart Auto Care Center,(334) 222-2150,https://www.walmart.com/store/1091-andalusia-al/auto-care-center/?veh=seo_loc,,"1991 M L King Jr Expy, Andalusia, AL 36420, United States",1991 M L King Jr Expy,Andalusia,AL,36420,3.6,35,Oil change service,,,https://www.google.com/maps/place/Walmart+Auto+Care+Center/data=!4m7!3m6!1s0x8891ee62e1ee372d:0x8aebd893171c5359!8m2!3d31.3217544!4d-86.4451402!16s%2Fg%2F1tdgl0qw!19sChIJLTfu4WLukYgRWVMcF5PY64o?authuser=0&hl=en&rclk=1,auto repair shop,Covington County,county,AL,2026-07-21T13:52:30,0x8891ee62e1ee372d:0x8aebd893171c5359
AAMCO Transmissions & Total Car Care,(256) 238-1148,https://www.aamcoannistonal.com/?utm_source=G&utm_medium=local&utm_campaign=google-local,,"1109 S Quintard Ave, Anniston, AL 36201, United States",1109 S Quintard Ave,Anniston,AL,36201,4.4,143,Transmission shop,,,https://www.google.com/maps/place/AAMCO+Transmissions+%26+Total+Car+Care/data=!4m7!3m6!1s0x888bb3c075e38a35:0x5a1e0f35edf20987!8m2!3d33.633972!4d-85.82545!16s%2Fg%2F1xpwkk79!19sChIJNYrjdcCzi4gRhwny7TUPHlo?authuser=0&hl=en&rclk=1,auto repair shop,Calhoun County,county,AL,2026-07-21T12:24:14,0x888bb3c075e38a35:0x5a1e0f35edf20987
"Alabama Towing & Recovery, Inc",(833) 869-6333,https://www.facebook.com/alabamatowingandrecovery/,,"30 Plunkett Rd, Anniston, AL 36201, United States",30 Plunkett Rd,Anniston,AL,36201,4.3,412,Towing service,,,"https://www.google.com/maps/place/Alabama+Towing+%26+Recovery,+Inc/data=!4m7!3m6!1s0x888bb57b85c7bc65:0x1457141ea548cbb2!8m2!3d33.6393287!4d-85.8896747!16s%2Fg%2F11vxy2pxh0!19sChIJZbzHhXu1i4gRsstIpR4UVxQ?authuser=0&hl=en&rclk=1",auto repair shop,Calhoun County,county,AL,2026-07-21T12:24:14,0x888bb57b85c7bc65:0x1457141ea548cbb2
Auto City Inc.,(256) 831-4036,https://autocityanniston.com/,,"3730 US Hwy 78 E, Anniston, AL 36207, United States",3730 US Hwy 78 E,Anniston,AL,36207,4.5,103,Auto parts store,,,https://www.google.com/maps/place/Auto+City+Inc./data=!4m7!3m6!1s0x888bae108cc72a8f:0x20ea018abc52e364!8m2!3d33.6181959!4d-85.7589127!16s%2Fg%2F1v62jfdv!19sChIJjyrHjBCui4gRZONSvIoB6iA?authuser=0&hl=en&rclk=1,auto repair shop,Calhoun County,county,AL,2026-07-21T12:24:14,0x888bae108cc72a8f:0x20ea018abc52e364
Garrett Truck Service of AL Inc,(256) 236-3451,,,"1000 Garrett Cir, Anniston, AL 36207, United States",1000 Garrett Cir,Anniston,AL,36207,4.5,62,Truck repair shop,,,https://www.google.com/maps/place/Garrett+Truck+Service+of+AL+Inc/data=!4m7!3m6!1s0x888bb1e0d018224b:0x6aaebed65a989025!8m2!3d33.6127793!4d-85.7676028!16s%2Fg%2F1th5k70h!19sChIJSyIY0OCxi4gRJZCYWta-rmo?authuser=0&hl=en&rclk=1,auto repair shop,Calhoun County,county,AL,2026-07-21T12:24:14,0x888bb1e0d018224b:0x6aaebed65a989025
Vicker's Automotive Repair,,,,"22 03 08 0 001 012.026, Anniston, AL 36201, United States",22 03 08 0 001 012.026,Anniston,AL,36201,4.4,22,Auto repair shop,,,https://www.google.com/maps/place/Vicker%27s+Automotive+Repair/data=!4m7!3m6!1s0x888bb59b899641fd:0x78291b1647ad80b0!8m2!3d33.6497785!4d-85.9207634!16s%2Fg%2F11gkwnmhnr!19sChIJ_UGWiZu1i4gRsICtRxYbKXg?authuser=0&hl=en&rclk=1,auto repair shop,Calhoun County,county,AL,2026-07-21T12:24:14,0x888bb59b899641fd:0x78291b1647ad80b0
Seiler & Sons Automotive INC,(256) 640-8054,,,"25 Freedom Dr, Arab, AL 35016, United States",25 Freedom Dr,Arab,AL,35016,5.0,20,Auto repair shop,,,https://www.google.com/maps/place/Seiler+%26+Sons+Automotive+INC/data=!4m7!3m6!1s0x8889e1292fb8d185:0x4a771718acd59e3c!8m2!3d34.3797508!4d-86.5145172!16s%2Fg%2F11vxp_p1y2!19sChIJhdG4LynhiYgRPJ7VrBgXd0o?authuser=0&hl=en&rclk=1,auto repair shop,Marshall County,county,AL,2026-07-21T17:24:20,0x8889e1292fb8d185:0x4a771718acd59e3c
Knight's Automotive Repair & Wrecker Service Inc.,(334) 899-3257,https://www.knightswrecker.com/,,"2892 Old Hwy 84, Ashford, AL 36312, United States",2892 Old Hwy 84,Ashford,AL,36312,4.9,1306,Towing service,,,https://www.google.com/maps/place/Knight%27s+Automotive+Repair+%26+Wrecker+Service+Inc./data=!4m7!3m6!1s0x8892bf7cf08498b5:0xc1f5f79b6a549c1d!8m2!3d31.1778837!4d-85.2226923!16s%2Fg%2F1tdxg1s8!19sChIJtZiE8Hy_kogRHZxUapv39cE?authuser=0&hl=en&rclk=1,auto repair shop,Barbour County,county,AL,2026-07-21T11:34:17,0x8892bf7cf08498b5:0xc1f5f79b6a549c1d
Pure Auto Care,,,,"40612 AL-77, Ashland, AL 36251, United States",40612 AL-77,Ashland,AL,36251,,,Auto repair shop,,,https://www.google.com/maps/place/Pure+Auto+Care/data=!4m7!3m6!1s0x888b914ddc8e34f9:0x3433c9cb358a595b!8m2!3d33.2740932!4d-85.8368364!16s%2Fg%2F11wxb0hcdb!19sChIJ-TSO3E2Ri4gRW1mKNcvJMzQ?authuser=0&hl=en&rclk=1,auto repair shop,Clay County,county,AL,2026-07-21T13:12:36,0x888b914ddc8e34f9:0x3433c9cb358a595b
Bearden Garage,,,,"40865 US-411, Ashville, AL 35953, United States",40865 US-411,Ashville,AL,35953,4.0,4,Auto repair shop,,,https://www.google.com/maps/place/Bearden+Garage/data=!4m7!3m6!1s0x888a2feb2ff0a0a3:0x5ca5ea407f2ec4fd!8m2!3d33.8950528!4d-86.1134919!16s%2Fg%2F11c2qjbyns!19sChIJo6DwL-sviogR_cQuf0DqpVw?authuser=0&hl=en&rclk=1,auto repair shop,Etowah County,county,AL,2026-07-09T21:41:39,0x888a2feb2ff0a0a3:0x5ca5ea407f2ec4fd
ATHENS AUTO CARE,,,,"503 E Elm St, Athens, AL 35611, United States",503 E Elm St,Athens,AL,35611,4.3,17,Auto repair shop,,,https://www.google.com/maps/place/ATHENS+AUTO+CARE/data=!4m7!3m6!1s0x88628b1cec3a4c17:0xd174b9cbaa029893!8m2!3d34.8194448!4d-86.9559604!16s%2Fg%2F11sy6z4flm!19sChIJF0w67ByLYogRk5gCqsu5dNE?authuser=0&hl=en&rclk=1,auto repair shop,Lawrence County,county,AL,2026-07-21T16:19:38,0x88628b1cec3a4c17:0xd174b9cbaa029893
Pep Boys Auto Service & Tires,(256) 434-7952,https://www.pepboys.com/stores/al/athens/1033-us-72?Cid=gbp_appt_AN:PB%7CPB:G%7CTT:GBP%7CCG:CONVERSION%7CCD:SERVICE,,"1033 US-72, Athens, AL 35611, United States",1033 US-72,Athens,AL,35611,4.0,671,Tire shop,,,https://www.google.com/maps/place/Pep+Boys+Auto+Service+%26+Tires/data=!4m7!3m6!1s0x88628b08d46ddf07:0xf64a50375e66e717!8m2!3d34.785952!4d-86.954651!16s%2Fg%2F1tcz915j!19sChIJB99t1AiLYogRF-dmXjdQSvY?authuser=0&hl=en&rclk=1,auto repair shop,Limestone County,county,AL,2026-07-21T16:33:48,0x88628b08d46ddf07:0xf64a50375e66e717
Pitts Auto Parts Inc,(256) 233-2677,http://www.pittsautopartsincal.com/,,"14363 Blackburn Rd, Athens, AL 35611, United States",14363 Blackburn Rd,Athens,AL,35611,4.4,231,Auto parts store,,,https://www.google.com/maps/place/Pitts+Auto+Parts+Inc/data=!4m7!3m6!1s0x88628d8dc953a291:0x19178f0594f205c5!8m2!3d34.7678679!4d-87.0548157!16s%2Fg%2F1tfbjg61!19sChIJkaJTyY2NYogRxQXylAWPFxk?authuser=0&hl=en&rclk=1,auto repair shop,Limestone County,county,AL,2026-07-21T16:33:48,0x88628d8dc953a291:0x19178f0594f205c5
Sage auto repair shop,,,,"200 W Washington St, Athens, AL 35611, United States",200 W Washington St,Athens,AL,35611,,,Auto repair shop,,,https://www.google.com/maps/place/Sage+auto+repair+shop/data=!4m7!3m6!1s0x88628bfb370e371b:0x130ded1f90139bba!8m2!3d34.8028661!4d-86.9716741!16s%2Fg%2F11ghp3s5l3!19sChIJGzcON_uLYogRupsTkB_tDRM?authuser=0&hl=en&rclk=1,auto repair shop,Limestone County,county,AL,2026-07-21T16:33:48,0x88628bfb370e371b:0x130ded1f90139bba
Sides Auto Body Repair East Inc.,(256) 444-0729,https://www.facebook.com/sidesautobodyeast?mibextid=ZbWKwL,,"26941 US-72, Athens, AL 35613, United States",26941 US-72,Athens,AL,35613,4.8,170,Auto body shop,,,https://www.google.com/maps/place/Sides+Auto+Body+Repair+East+Inc./data=!4m7!3m6!1s0x88626181a65b77ef:0x66b2645a61489322!8m2!3d34.7628966!4d-86.8483522!16s%2Fg%2F11j8p1rmnv!19sChIJ73dbpoFhYogRIpNIYVpksmY?authuser=0&hl=en&rclk=1,auto repair shop,Limestone County,county,AL,2026-07-21T16:33:48,0x88626181a65b77ef:0x66b2645a61489322
Smith Transmission Inc.,(256) 230-9737,https://www.facebook.com/smithtransmission/,,"26985 Newby Rd, Athens, AL 35613, United States",26985 Newby Rd,Athens,AL,35613,4.6,82,Transmission shop,,,https://www.google.com/maps/place/Smith+Transmission+Inc./data=!4m7!3m6!1s0x8862610ba9bf28e7:0x21e0b00cb159f422!8m2!3d34.7585802!4d-86.8596443!16s%2Fg%2F1xgzchx_!19sChIJ5yi_qQthYogRIvRZsQyw4CE?authuser=0&hl=en&rclk=1,auto repair shop,Limestone County,county,AL,2026-07-10T09:44:08,0x8862610ba9bf28e7:0x21e0b00cb159f422
Street Shop Inc,(256) 233-5809,http://www.streetshopinc.com/,,"2270 US-31, Athens, AL 35611, United States",2270 US-31,Athens,AL,35611,5.0,5,Auto restoration service,,,https://www.google.com/maps/place/Street+Shop+Inc/data=!4m7!3m6!1s0x88628bbc7607181b:0x3a4495f5772cc076!8m2!3d34.760371!4d-86.959431!16s%2Fg%2F1tdwqv1j!19sChIJGxgHdryLYogRdsAsd_WVRDo?authuser=0&hl=en&rclk=1,auto repair shop,Limestone County,county,AL,2026-07-21T16:33:48,0x88628bbc7607181b:0x3a4495f5772cc076
Walmart Auto Care Center,(256) 230-2992,https://www.walmart.com/store/661-athens-al/auto-care-center/?veh=seo_loc,,"1011 US Hwy 72 E, Athens, AL 35611, United States",1011 US Hwy 72 E,Athens,AL,35611,3.2,158,Oil change service,,,https://www.google.com/maps/place/Walmart+Auto+Care+Center/data=!4m7!3m6!1s0x88628b094b42ce17:0x90011c842e0207f1!8m2!3d34.7888249!4d-86.9598549!16s%2Fg%2F1tc_lwjl!19sChIJF85CSwmLYogR8QcCLoQcAZA?authuser=0&hl=en&rclk=1,auto repair shop,Limestone County,county,AL,2026-07-21T16:33:48,0x88628b094b42ce17:0x90011c842e0207f1
Dewalt auto service,,,,"2nd St box268, Attalla, AL 35954, United States",2nd St box268,Attalla,AL,35954,,,Auto repair shop,,,https://www.google.com/maps/place/Dewalt+auto+service/data=!4m7!3m6!1s0x888a3d00700be425:0xa755a420a2c9ed0b!8m2!3d34.0265322!4d-86.0817207!16s%2Fg%2F11ldhw67ny!19sChIJJeQLcAA9iogRC-3JoiCkVac?authuser=0&hl=en&rclk=1,auto repair shop,Etowah County,county,AL,2026-07-21T14:54:32,0x888a3d00700be425:0xa755a420a2c9ed0b
AU CARS INC,(334) 521-7141,https://aucarsinc.com/inventory,,"645 Opelika Rd, Auburn, AL 36830, United States",645 Opelika Rd,Auburn,AL,36830,4.6,182,Car dealer,,,https://www.google.com/maps/place/AU+CARS+INC/data=!4m7!3m6!1s0x888cf2c2bf86fca9:0x45f1bd80a0d7f46e!8m2!3d32.6159733!4d-85.4675473!16s%2Fg%2F11cs4h6fzy!19sChIJqfyGv8LyjIgRbvTXoIC98UU?authuser=0&hl=en&rclk=1,auto repair shop,Auburn,city,AL,2026-07-10T13:49:06,0x888cf2c2bf86fca9:0x45f1bd80a0d7f46e
Arkal Automotive USA,,,,"2240 Pumphrey Ave, Auburn, AL 36832, United States",2240 Pumphrey Ave,Auburn,AL,36832,,,Auto repair shop,,,https://www.google.com/maps/place/Arkal+Automotive+USA/data=!4m7!3m6!1s0x888cf37d6345c0bd:0xf448295b1d518842!8m2!3d32.6025527!4d-85.5197603!16s%2Fg%2F11k5lv5p9h!19sChIJvcBFY33zjIgRQohRHVspSPQ?authuser=0&hl=en&rclk=1,auto repair shop,Macon County,county,AL,2026-07-21T16:44:39,0x888cf37d6345c0bd:0xf448295b1d518842
Franklin Tire & Auto Inc,(334) 821-4572,http://www.franklinautoinc.com/,,"1975 E University Dr, Auburn, AL 36830, United States",1975 E University Dr,Auburn,AL,36830,4.5,268,Auto repair shop,,,https://www.google.com/maps/place/Franklin+Tire+%26+Auto+Inc/data=!4m7!3m6!1s0x888cf2badd0be16d:0x17bf44076bf5826!8m2!3d32.6225!4d-85.4486111!16s%2Fg%2F1tj46pdp!19sChIJbeEL3bryjIgRJli_dkD0ewE?authuser=0&hl=en&rclk=1,auto repair shop,Bullock County,county,AL,2026-07-21T12:05:53,0x888cf2badd0be16d:0x17bf44076bf5826
NAPA Auto Parts,(334) 821-0060,https://www.napaonline.com/en/AL/Auburn/store/30773?cid=pl_jobber_google_dac_30773_ao,,"1213 Opelika Rd, Auburn, AL 36830, United States",1213 Opelika Rd,Auburn,AL,36830,4.4,66,Auto parts store,,,https://www.google.com/maps/place/NAPA+Auto+Parts/data=!4m7!3m6!1s0x888cf2b8e29bd919:0xf9f3c517a11b73b2!8m2!3d32.62171!4d-85.455907!16s%2Fg%2F1tfpqghw!19sChIJGdmb4rjyjIgRsnMboRfF8_k?authuser=0&hl=en&rclk=1,auto repair shop,Auburn,city,AL,2026-07-21T20:05:57,0x888cf2b8e29bd919:0xf9f3c517a11b73b2
Pep Boys Auto Service & Tires,(334) 758-0838,https://www.pepboys.com/stores/al/auburn/1347-s-college-st?Cid=gbp_appt_AN:PB%7CPB:G%7CTT:GBP%7CCG:CONVERSION%7CCD:SERVICE,,"1347 S College St, Auburn, AL 36832, United States",1347 S College St,Auburn,AL,36832,4.2,731,Tire shop,,,https://www.google.com/maps/place/Pep+Boys+Auto+Service+%26+Tires/data=!4m7!3m6!1s0x888cf3bcb259e1cd:0x23a27d365d277dc0!8m2!3d32.581022!4d-85.4942188!16s%2Fg%2F1td3gt2h!19sChIJzeFZsrzzjIgRwH0nXTZ9oiM?authuser=0&hl=en&rclk=1,auto repair shop,Lee County,county,AL,2026-07-21T16:25:34,0x888cf3bcb259e1cd:0x23a27d365d277dc0
"Ray's Collision Center of Auburn, Inc.",(334) 821-4244,http://www.rayscollisioncenter.com/,,"130 E Veterans Blvd, Auburn, AL 36832, United States",130 E Veterans Blvd,Auburn,AL,36832,4.0,96,Auto body shop,,,"https://www.google.com/maps/place/Ray%27s+Collision+Center+of+Auburn,+Inc./data=!4m7!3m6!1s0x888cf3e9c50c7c91:0x60bf7b81f95250bd!8m2!3d32.5624363!4d-85.5000126!16s%2Fg%2F1tf_p1_z!19sChIJkXwMxenzjIgRvVBS-YF7v2A?authuser=0&hl=en&rclk=1",auto repair shop,Macon County,county,AL,2026-07-21T16:44:39,0x888cf3e9c50c7c91:0x60bf7b81f95250bd
Walmart Auto Care Center,(334) 821-9644,https://www.walmart.com/store/356-auburn-al/auto-care-center/?veh=seo_loc,,"1717 S College St, Auburn, AL 36832, United States",1717 S College St,Auburn,AL,36832,3.5,118,Oil change service,,,https://www.google.com/maps/place/Walmart+Auto+Care+Center/data=!4m7!3m6!1s0x888cf3bf9cd4e167:0x8c0c32cd06b88a59!8m2!3d32.5713009!4d-85.4976024!16s%2Fg%2F1tkf1rlh!19sChIJZ-HUnL_zjIgRWYq4Bs0yDIw?authuser=0&hl=en&rclk=1,auto repair shop,Auburn,city,AL,2026-07-21T20:05:57,0x888cf3bf9cd4e167:0x8c0c32cd06b88a59
H & R Auto Repair,,,,"101 Graham Dr, Bay Minette, AL 36507, United States",101 Graham Dr,Bay Minette,AL,36507,4.8,5,Auto repair shop,,,https://www.google.com/maps/place/H+%26+R+Auto+Repair/data=!4m7!3m6!1s0x889a61fdb00823b1:0x5d31aa5a6be47514!8m2!3d30.8747481!4d-87.7832278!16s%2Fg%2F1thss4v0!19sChIJsSMIsP1hmogRFHXka1qqMV0?authuser=0&hl=en&rclk=1,auto repair shop,Escambia County,county,AL,2026-07-09T21:28:37,0x889a61fdb00823b1:0x5d31aa5a6be47514
Walmart Auto Care Center,(251) 937-2029,https://www.walmart.com/store/2739-bay-minette-al/auto-care-center/?veh=seo_loc,,"701 McMeans Ave, Bay Minette, AL 36507, United States",701 McMeans Ave,Bay Minette,AL,36507,3.2,69,Oil change service,,,https://www.google.com/maps/place/Walmart+Auto+Care+Center/data=!4m7!3m6!1s0x889a8a0f16241c7d:0xb3548041fb5c14c4!8m2!3d30.8860401!4d-87.7901609!16s%2Fg%2F1tdl6xk6!19sChIJfRwkFg-KmogRxBRc-0GAVLM?authuser=0&hl=en&rclk=1,auto repair shop,Washington County,county,AL,2026-07-21T19:17:15,0x889a8a0f16241c7d:0xb3548041fb5c14c4
Bestway Tire & Service,,,,"AL-13, Bear Creek, AL 35543, United States",AL-13,Bear Creek,AL,35543,4.0,1,Tire shop,,,https://www.google.com/maps/place/Bestway+Tire+%26+Service/data=!4m7!3m6!1s0x8887e561d77f5ddb:0xe015e544c47d6852!8m2!3d34.283827!4d-87.6974725!16s%2Fg%2F11h6507sk_!19sChIJ211_12Hlh4gRUmh9xETlFeA?authuser=0&hl=en&rclk=1,auto repair shop,Marion County,county,AL,2026-07-21T17:15:08,0x8887e561d77f5ddb:0xe015e544c47d6852
County Line Motorsports Inc.,(205) 486-2254,https://www.countylinemotorsports.com/,,"274 Co Rd 62, Bear Creek, AL 35543, United States",274 Co Rd 62,Bear Creek,AL,35543,5.0,11,ATV repair shop,,,https://www.google.com/maps/place/County+Line+Motorsports+Inc./data=!4m7!3m6!1s0x8887ef0050984cd9:0x93abaccb4b5f29a1!8m2!3d34.2650444!4d-87.6982855!16s%2Fg%2F11z48h1wfy!19sChIJ2UyYUADvh4gRoSlfS8usq5M?authuser=0&hl=en&rclk=1,auto repair shop,Marion County,county,AL,2026-07-21T17:15:08,0x8887ef0050984cd9:0x93abaccb4b5f29a1
Najm Al madaien Auto Glass,,,,"Al ahmodiarket first one , King Abdullah Branch road, Benton, AL 36785, United States","Al ahmodiarket first one , King Abdullah Branch road",Benton,AL,36785,5.0,1,Auto repair shop,,,https://www.google.com/maps/place/Najm+Al+madaien+Auto+Glass/data=!4m7!3m6!1s0x888eff007388eb59:0x958bba24e0dc7049!8m2!3d32.3182314!4d-86.902298!16s%2Fg%2F11xp4c87nx!19sChIJWeuIcwD_jogRSXDc4CS6i5U?authuser=0&hl=en&rclk=1,auto repair shop,Butler County,county,AL,2026-07-21T12:14:28,0x888eff007388eb59:0x958bba24e0dc7049
Meineke Car Care Center,(205) 417-1382,https://www.meineke.com/locations/al/bessemer-2285/,,"4754 Bell Hill Rd, Bessemer, AL 35022, United States",4754 Bell Hill Rd,Bessemer,AL,35022,4.0,689,Auto repair shop,,,https://www.google.com/maps/place/Meineke+Car+Care+Center/data=!4m7!3m6!1s0x8888dc16c9a786bf:0xa7d4e0939f92a0d8!8m2!3d33.329263!4d-86.99587!16s%2Fg%2F1q67cztf5!19sChIJv4anyRbciIgR2KCSn5Pg1Kc?authuser=0&hl=en&rclk=1,auto repair shop,Bibb County,county,AL,2026-07-21T11:43:34,0x8888dc16c9a786bf:0xa7d4e0939f92a0d8
C&S auto repair and tire,,,,"3359 US-82, Billingsley, AL 36006, United States",3359 US-82,Billingsley,AL,36006,5.0,3,Auto repair shop,,,https://www.google.com/maps/place/C%26S+auto+repair+and+tire/data=!4m7!3m6!1s0x888ee9e9b6ee6f0d:0x2596f78749157d20!8m2!3d32.627878!4d-86.7387889!16s%2Fg%2F11kjyk1_yb!19sChIJDW_utunpjogRIH0VSYf3liU?authuser=0&hl=en&rclk=1,auto repair shop,Chilton County,county,AL,2026-07-09T19:17:14,0x888ee9e9b6ee6f0d:0x2596f78749157d20
AAMCO Transmissions & Total Car Care,(205) 683-1440,http://www.aamcobirmingham-downtown.com/?utm_source=G&utm_medium=local&utm_campaign=google-local,,"2610 6th Ave S, Birmingham, AL 35233, United States",2610 6th Ave S,Birmingham,AL,35233,4.4,279,Transmission shop,,,https://www.google.com/maps/place/AAMCO+Transmissions+%26+Total+Car+Care/data=!4m7!3m6!1s0x88891bb82bd91b73:0x1c5ea7a746ca13f3!8m2!3d33.51147!4d-86.792097!16s%2Fg%2F1thgc6ph!19sChIJcxvZK7gbiYgR8xPKRqenXhw?authuser=0&hl=en&rclk=1,auto repair shop,Sumter County,county,AL,2026-07-21T18:34:39,0x88891bb82bd91b73:0x1c5ea7a746ca13f3
Alva Auto Repair,,,,"1885 Lornacrest Rd, Birmingham, AL 35244, United States",1885 Lornacrest Rd,Birmingham,AL,35244,5.0,1,Auto repair shop,,,https://www.google.com/maps/place/Alva+Auto+Repair/data=!4m7!3m6!1s0x88892224d7e9b2ed:0xd9413cc7defbae6b!8m2!3d33.3670524!4d-86.8129649!16s%2Fg%2F1vxdz0qy!19sChIJ7bLp1yQiiYgRa6773sc8Qdk?authuser=0&hl=en&rclk=1,auto repair shop,Hoover,city,AL,2026-07-21T19:53:30,0x88892224d7e9b2ed:0xd9413cc7defbae6b
Auto Repair & Body Shop,,,,"612 McCary St SW C, Birmingham, AL 35211, United States",612 McCary St SW C,Birmingham,AL,35211,5.0,1,Auto repair shop,,,https://www.google.com/maps/place/Auto+Repair+%26+Body+Shop/data=!4m7!3m6!1s0x88891c1d003525b9:0x761d4e46c09839a6!8m2!3d33.4901907!4d-86.8345519!16s%2Fg%2F11hhz5fks5!19sChIJuSU1AB0ciYgRpjmYwEZOHXY?authuser=0&hl=en&rclk=1,auto repair shop,Jefferson County,county,AL,2026-07-21T15:53:13,0x88891c1d003525b9:0x761d4e46c09839a6
Birmingham Benz Inc,(205) 251-7774,http://birmingham-inc-birmingham.jany.io/,,"2929 3rd Ave S, Birmingham, AL 35233, United States",2929 3rd Ave S,Birmingham,AL,35233,4.5,72,Auto repair shop,,,https://www.google.com/maps/place/Birmingham+Benz+Inc/data=!4m7!3m6!1s0x88891bb118da0589:0x7749761479442f83!8m2!3d33.5160428!4d-86.7892513!16s%2Fg%2F1tgf8k8l!19sChIJiQXaGLEbiYgRgy9EeRR2SXc?authuser=0&hl=en&rclk=1,auto repair shop,Birmingham,city,AL,2026-07-21T19:31:42,0x88891bb118da0589:0x7749761479442f83
CarCare Inc.,(205) 733-8863,http://www.carcareautoservice.com/,,"2048 Valleydale Terrace, Birmingham, AL 35244, United States",2048 Valleydale Terrace,Birmingham,AL,35244,4.9,248,Auto repair shop,,,https://www.google.com/maps/place/CarCare+Inc./data=!4m7!3m6!1s0x888923b44a00e88d:0x899702879676ee0d!8m2!3d33.3482384!4d-86.7991565!16s%2Fg%2F1tfw3tfj!19sChIJjegASrQjiYgRDe52locCl4k?authuser=0&hl=en&rclk=1,auto repair shop,Bibb County,county,AL,2026-07-21T11:43:34,0x888923b44a00e88d:0x899702879676ee0d
Daniel Auto Inc.,(205) 988-4208,,,"3973 Lorna Rd H, Birmingham, AL 35244, United States",3973 Lorna Rd H,Birmingham,AL,35244,4.2,9,Auto repair shop,,,https://www.google.com/maps/place/Daniel+Auto+Inc./data=!4m7!3m6!1s0x888922253d86f2f9:0x7362f32b1570d838!8m2!3d33.3656691!4d-86.8137765!16s%2Fg%2F1tfqm4dr!19sChIJ-fKGPSUiiYgRONhwFSvzYnM?authuser=0&hl=en&rclk=1,auto repair shop,Hoover,city,AL,2026-07-21T19:53:30,0x888922253d86f2f9:0x7362f32b1570d838
Durrell Tire & Auto Inc.,(205) 854-5518,http://www.durrelltireandauto.com/,,"9861 Parkway E, Birmingham, AL 35215, United States",9861 Parkway E,Birmingham,AL,35215,4.6,294,Tire shop,,,https://www.google.com/maps/place/Durrell+Tire+%26+Auto+Inc./data=!4m7!3m6!1s0x88890e5adbe43c65:0xb9d744c953f863af!8m2!3d33.6078109!4d-86.6888876!16s%2Fg%2F12hlgb_9_!19sChIJZTzk21oOiYgRr2P4U8lE17k?authuser=0&hl=en&rclk=1,auto repair shop,St. Clair County,county,AL,2026-07-21T18:26:22,0x88890e5adbe43c65:0xb9d744c953f863af
Firestone Complete Auto Care,(205) 208-7728,https://www.firestonecompleteautocare.com/alabama/birmingham/2424-bessemer-rd/?utm_source=google&utm_medium=organic&utm_campaign=localmaps&cmp=oloc_google_localmaps_maps,,"2424 Bessemer Rd, Birmingham, AL 35208, United States",2424 Bessemer Rd,Birmingham,AL,35208,4.4,515,Tire shop,,,https://www.google.com/maps/place/Firestone+Complete+Auto+Care/data=!4m7!3m6!1s0x88891ddadddf4715:0xedd2522486dcaa41!8m2!3d33.4986517!4d-86.8748722!16s%2Fg%2F1tgqk5k2!19sChIJFUff3dodiYgRQarchiRS0u0?authuser=0&hl=en&rclk=1,auto repair shop,Birmingham,city,AL,2026-07-21T19:31:42,0x88891ddadddf4715:0xedd2522486dcaa41
Firestone Complete Auto Care,(205) 413-8130,https://www.firestonecompleteautocare.com/alabama/birmingham/4619-us-280/?utm_source=google&utm_medium=organic&utm_campaign=localmaps&cmp=oloc_google_localmaps_maps,,"4619 US-280, Birmingham, AL 35242, United States",4619 US-280,Birmingham,AL,35242,4.5,543,Tire shop,,,https://www.google.com/maps/place/Firestone+Complete+Auto+Care/data=!4m7!3m6!1s0x8889164cb1f7e4bf:0x4ed3bd94504e471a!8m2!3d33.430107!4d-86.7085708!16s%2Fg%2F1wd3wtnp!19sChIJv-T3sUwWiYgRGkdOUJS9004?authuser=0&hl=en&rclk=1,auto repair shop,Jefferson County,county,AL,2026-07-21T15:53:13,0x8889164cb1f7e4bf:0x4ed3bd94504e471a
Firestone Complete Auto Care,(205) 578-6681,https://www.firestonecompleteautocare.com/alabama/birmingham/2329-center-point-pkwy/?utm_source=google&utm_medium=organic&utm_campaign=localmaps&cmp=oloc_google_localmaps_maps,,"2329 Center Point Pkwy, Birmingham, AL 35215, United States",2329 Center Point Pkwy,Birmingham,AL,35215,4.6,634,Tire shop,,,https://www.google.com/maps/place/Firestone+Complete+Auto+Care/data=!4m7!3m6!1s0x88890ec71f353b1b:0x458d9e7ede70b5bd!8m2!3d33.6475494!4d-86.6833927!16s%2Fg%2F1tdzm9x0!19sChIJGzs1H8cOiYgRvbVw3n6ejUU?authuser=0&hl=en&rclk=1,auto repair shop,Jefferson County,county,AL,2026-07-21T15:53:13,0x88890ec71f353b1b:0x458d9e7ede70b5bd
Firestone Complete Auto Care,(205) 208-7717,https://www.firestonecompleteautocare.com/alabama/birmingham/460-green-springs-hwy/?utm_source=google&utm_medium=organic&utm_campaign=localmaps&cmp=oloc_google_localmaps_maps,,"460 Green Springs Hwy, Birmingham, AL 35209, United States",460 Green Springs Hwy,Birmingham,AL,35209,4.3,693,Tire shop,,,https://www.google.com/maps/place/Firestone+Complete+Auto+Care/data=!4m7!3m6!1s0x8889193506c1028d:0xabae6dba02c854d2!8m2!3d33.4626511!4d-86.8198781!16s%2Fg%2F1tdvqhvy!19sChIJjQLBBjUZiYgR0lTIArptrqs?authuser=0&hl=en&rclk=1,auto repair shop,Jefferson County,county,AL,2026-07-21T15:53:13,0x8889193506c1028d:0xabae6dba02c854d2
Firestone Complete Auto Care,(205) 206-7932,https://www.firestonecompleteautocare.com/alabama/hoover/6606-tattersall-ln/?utm_source=google&utm_medium=organic&utm_campaign=localmaps&cmp=oloc_google_localmaps_maps,,"6606 Tattersall Ln, Birmingham, AL 35242, United States",6606 Tattersall Ln,Birmingham,AL,35242,4.7,383,Tire shop,,,https://www.google.com/maps/place/Firestone+Complete+Auto+Care/data=!4m7!3m6!1s0x8889173cccbd3b6d:0x557841a8f81cbe78!8m2!3d33.4248266!4d-86.6683094!16s%2Fg%2F11j54tvdhq!19sChIJbTu9zDwXiYgReL4c-KhBeFU?authuser=0&hl=en&rclk=1,auto repair shop,Shelby County,county,AL,2026-07-21T18:31:18,0x8889173cccbd3b6d:0x557841a8f81cbe78
Freeman Automotive,,,,"5501 Jefferson Ave SW, Birmingham, AL 35221, United States",5501 Jefferson Ave SW,Birmingham,AL,35221,2.9,15,Auto repair shop,,,https://www.google.com/maps/place/Freeman+Automotive/data=!4m7!3m6!1s0x8888e031e0687d17:0x40e67a6cac00d36d!8m2!3d33.437981!4d-86.912434!16s%2Fg%2F1tgpnszg!19sChIJF31o4DHgiIgRbdMArGx65kA?authuser=0&hl=en&rclk=1,auto repair shop,Jefferson County,county,AL,2026-07-21T15:53:13,0x8888e031e0687d17:0x40e67a6cac00d36d
Full Service Auto & Electric,,,,"129 3rd Ave N, Birmingham, AL 35204, United States",129 3rd Ave N,Birmingham,AL,35204,4.2,18,Auto repair shop,,,https://www.google.com/maps/place/Full+Service+Auto+%26+Electric/data=!4m7!3m6!1s0x88891c1244cd24df:0x46928038bf87c5c0!8m2!3d33.5066956!4d-86.833665!16s%2Fg%2F1w4vkpzh!19sChIJ3yTNRBIciYgRwMWHvziAkkY?authuser=0&hl=en&rclk=1,auto repair shop,Jefferson County,county,AL,2026-07-21T15:53:13,0x88891c1244cd24df:0x46928038bf87c5c0
Gray Auto Service Center Inc,(205) 655-3402,,,"1866 Gadsden Hwy, Birmingham, AL 35235, United States",1866 Gadsden Hwy,Birmingham,AL,35235,4.6,70,Auto repair shop,,,https://www.google.com/maps/place/Gray+Auto+Service+Center+Inc/data=!4m7!3m6!1s0x88890dae346e7fbb:0xd955641702993b02!8m2!3d33.6083529!4d-86.6298337!16s%2Fg%2F1vd3wknl!19sChIJu39uNK4NiYgRAjuZAhdkVdk?authuser=0&hl=en&rclk=1,auto repair shop,Jefferson County,county,AL,2026-07-21T15:53:13,0x88890dae346e7fbb:0xd955641702993b02
High Tech Auto & Body,,,,"1530 Green Springs Hwy, Birmingham, AL 35205, United States",1530 Green Springs Hwy,Birmingham,AL,35205,3.7,74,Auto repair shop,,,https://www.google.com/maps/place/High+Tech+Auto+%26+Body/data=!4m7!3m6!1s0x88891c00a195e3e5:0xa999d6de2b0e72f8!8m2!3d33.4915505!4d-86.8223895!16s%2Fg%2F11b77x1x1g!19sChIJ5eOVoQAciYgR-HIOK97Wmak?authuser=0&hl=en&rclk=1,auto repair shop,Jefferson County,county,AL,2026-07-21T15:53:13,0x88891c00a195e3e5:0xa999d6de2b0e72f8
Hutchinson Automotive Inc,(205) 322-6644,https://hutchvw.com/,,"2617 5th Ave S 2615, 2613 5th Ave S, Birmingham, AL 35233, United States","2617 5th Ave S 2615, 2613 5th Ave S",Birmingham,AL,35233,4.9,108,Auto repair shop,,,https://www.google.com/maps/place/Hutchinson+Automotive+Inc/data=!4m7!3m6!1s0x88891bb9d11a2e49:0x1789836ee29a308c!8m2!3d33.5122314!4d-86.7922541!16s%2Fg%2F1tmk97zd!19sChIJSS4a0bkbiYgRjDCa4m6DiRc?authuser=0&hl=en&rclk=1,auto repair shop,Jefferson County,county,AL,2026-07-21T15:53:13,0x88891bb9d11a2e49:0x1789836ee29a308c
"L & E Auto Repair, INC.",(205) 849-7361,http://landeautorepair.com/,,"2508 Cone Dr, Birmingham, AL 35217, United States",2508 Cone Dr,Birmingham,AL,35217,4.5,53,Auto repair shop,,,"https://www.google.com/maps/place/L+%26+E+Auto+Repair,+INC./data=!4m7!3m6!1s0x888905ab82121a25:0x7cfba4f4fed8de1c!8m2!3d33.6257983!4d-86.7792663!16s%2Fg%2F1vxf_ygz!19sChIJJRoSgqsFiYgRHN7Y_vSk-3w?authuser=0&hl=en&rclk=1",auto repair shop,Jefferson County,county,AL,2026-07-21T15:53:13,0x888905ab82121a25:0x7cfba4f4fed8de1c
Pep Boys Auto Service & Tires,(205) 660-0486,https://www.pepboys.com/stores/al/birmingham/1566-montclair-road?Cid=gbp_appt_AN:PB%7CPB:G%7CTT:GBP%7CCG:CONVERSION%7CCD:SERVICE,,"1566 Montclair Rd, Birmingham, AL 35213, United States",1566 Montclair Rd,Birmingham,AL,35213,4.2,507,Tire shop,,,https://www.google.com/maps/place/Pep+Boys+Auto+Service+%26+Tires/data=!4m7!3m6!1s0x8889108b6eadc881:0xcdc3e19998241b82!8m2!3d33.5257798!4d-86.7223619!16s%2Fg%2F1q62h_529!19sChIJgcitbosQiYgRghskmJnhw80?authuser=0&hl=en&rclk=1,auto repair shop,Birmingham,city,AL,2026-07-10T13:12:42,0x8889108b6eadc881:0xcdc3e19998241b82
Pep Boys Auto Service & Tires,(205) 651-0416,https://www.pepboys.com/stores/al/birmingham/5489-highway-280?Cid=gbp_appt_AN:PB%7CPB:G%7CTT:GBP%7CCG:CONVERSION%7CCD:SERVICE,,"5489 US-280, Birmingham, AL 35242, United States",5489 US-280,Birmingham,AL,35242,4.6,705,Auto repair shop,,,https://www.google.com/maps/place/Pep+Boys+Auto+Service+%26+Tires/data=!4m7!3m6!1s0x88891672f7bc5c8f:0x479619db4ef58bd2!8m2!3d33.408867!4d-86.663436!16s%2Fg%2F1ttpc1wj!19sChIJj1y893IWiYgR0ov1TtsZlkc?authuser=0&hl=en&rclk=1,auto repair shop,Birmingham,city,AL,2026-07-21T19:31:42,0x88891672f7bc5c8f:0x479619db4ef58bd2
Rugama Auto Repair Shop,,,,"1725 Lomb Ave, Birmingham, AL 35208, United States",1725 Lomb Ave,Birmingham,AL,35208,5.0,1,,,,https://www.google.com/maps/place/Rugama+Auto+Repair+Shop/data=!4m7!3m6!1s0x88891d001c4b4f53:0xb046978e85415307!8m2!3d33.500192!4d-86.8655237!16s%2Fg%2F11nbh71hpk!19sChIJU09LHAAdiYgRB1NBhY6XRrA?authuser=0&hl=en&rclk=1,auto repair shop,Birmingham,city,AL,2026-07-21T19:31:42,0x88891d001c4b4f53:0xb046978e85415307
Streamline Automotive Inc,(205) 945-5533,http://www.streamlineautomotive.net/,,"2121 Montevallo Rd SW, Birmingham, AL 35211, United States",2121 Montevallo Rd SW,Birmingham,AL,35211,4.7,48,Auto repair shop,,,https://www.google.com/maps/place/Streamline+Automotive+Inc/data=!4m7!3m6!1s0x88891ebfe6d410bf:0x2e5690a4ccb6df21!8m2!3d33.4670023!4d-86.8417021!16s%2Fg%2F1tnhz2m_!19sChIJvxDU5r8eiYgRId-2zKSQVi4?authuser=0&hl=en&rclk=1,auto repair shop,Birmingham,city,AL,2026-07-21T19:31:42,0x88891ebfe6d410bf:0x2e5690a4ccb6df21
The Auto Shop Inc.,(205) 251-2715,http://www.theautoshoponline.org/,,"3112 8th Ave S, Birmingham, AL 35233, United States",3112 8th Ave S,Birmingham,AL,35233,4.7,23,Auto repair shop,,,https://www.google.com/maps/place/The+Auto+Shop+Inc./data=!4m7!3m6!1s0x88891bb4ee4d04e9:0x5e038d0fd0df48da!8m2!3d33.5124092!4d-86.7835728!16s%2Fg%2F1tf3pn_1!19sChIJ6QRN7rQbiYgR2kjf0A-NA14?authuser=0&hl=en&rclk=1,auto repair shop,Jefferson County,county,AL,2026-07-21T15:53:13,0x88891bb4ee4d04e9:0x5e038d0fd0df48da
Jernigan Nordmeyer Tire Inc,(251) 867-6422,,,"66 Mill Creek Rd, Brewton, AL 36426, United States",66 Mill Creek Rd,Brewton,AL,36426,4.5,46,Tire shop,,,https://www.google.com/maps/place/Jernigan+Nordmeyer+Tire+Inc/data=!4m7!3m6!1s0x88904591f1ed4d7b:0xd3a36aeb14488664!8m2!3d31.081732!4d-87.1094605!16s%2Fg%2F1tx8t_2t!19sChIJe03t8ZFFkIgRZIZIFOtqo9M?authuser=0&hl=en&rclk=1,auto repair shop,Conecuh County,county,AL,2026-07-21T13:39:06,0x88904591f1ed4d7b:0xd3a36aeb14488664
West Alabama small engine & ATV repair shop,,,,"15937 Dean Dr, Brookwood, AL 35444, United States",15937 Dean Dr,Brookwood,AL,35444,1.5,2,Motorcycle repair shop,,,https://www.google.com/maps/place/West+Alabama+small+engine+%26+ATV+repair+shop/data=!4m7!3m6!1s0x8888cb2237e927cb:0x7f60196f65da882e!8m2!3d33.2290585!4d-87.3195014!16s%2Fg%2F11pd37l3jg!19sChIJyyfpNyLLiIgRLojaZW8ZYH8?authuser=0&hl=en&rclk=1,auto repair shop,Bibb County,county,AL,2026-07-09T18:04:33,0x8888cb2237e927cb:0x7f60196f65da882e
Sammy's Auto Services,,,,"701 E Troy St, Brundidge, AL 36010, United States",701 E Troy St,Brundidge,AL,36010,2.5,4,Auto repair shop,,,https://www.google.com/maps/place/Sammy%27s+Auto+Services/data=!4m7!3m6!1s0x888d8fc8e0f0a883:0xff91a1bf8d97ad37!8m2!3d31.7231034!4d-85.7997894!16s%2Fg%2F1tf1pm0l!19sChIJg6jw4MiPjYgRN62Xjb-hkf8?authuser=0&hl=en&rclk=1,auto repair shop,Pike County,county,AL,2026-07-21T18:08:37,0x888d8fc8e0f0a883:0xff91a1bf8d97ad37
Reynolds Auto care,,,,"Reynolds Rd, Buckatunna, MS 39322, United States",Reynolds Rd,Buckatunna,MS,39322,,,Tire repair shop,,,https://www.google.com/maps/place/Reynolds+Auto+care/data=!4m7!3m6!1s0x889b4b00124f1ffb:0xc929901adb3777f5!8m2!3d31.5392404!4d-88.5281286!16s%2Fg%2F11vm8tm0ps!19sChIJ-x9PEgBLm4gR9Xc32xqQKck?authuser=0&hl=en&rclk=1,auto repair shop,Washington County,county,AL,2026-07-10T12:54:01,0x889b4b00124f1ffb:0xc929901adb3777f5
Anderson incorporated. Auto repair and maintenance,(205) 784-7242,,,"3334 Co Rd 20, Calera, AL 35040, United States",3334 Co Rd 20,Calera,AL,35040,5.0,4,Auto repair shop,,,https://www.google.com/maps/place/Anderson+incorporated.+Auto+repair+and+maintenance/data=!4m7!3m6!1s0x88892db3dd85e2e1:0xfed60eb8b398ee0b!8m2!3d33.0877491!4d-86.7778358!16s%2Fg%2F11h8k91klc!19sChIJ4eKF3bMtiYgRC-6Ys7gO1v4?authuser=0&hl=en&rclk=1,auto repair shop,Chilton County,county,AL,2026-07-21T12:51:31,0x88892db3dd85e2e1:0xfed60eb8b398ee0b
Hopsons auto repair,,,,"1590 Leonards Chapel RD, Carbon Hill, AL 35549, United States",1590 Leonards Chapel RD,Carbon Hill,AL,35549,,,Auto repair shop,,,https://www.google.com/maps/place/Hopsons+auto+repair/data=!4m7!3m6!1s0x888879000fd25f05:0xa19112112dbaf17b!8m2!3d33.9025823!4d-87.4676403!16s%2Fg%2F11wxwkswq0!19sChIJBV_SDwB5iIgRe_G6LRESkaE?authuser=0&hl=en&rclk=1,auto repair shop,Walker County,county,AL,2026-07-21T19:09:03,0x888879000fd25f05:0xa19112112dbaf17b
Bambarger Wrecker Service Inc,(205) 792-8182,https://www.bambargerwrecker.com/,,"217 Tuscaloosa St, Carrollton, AL 35447, United States",217 Tuscaloosa St,Carrollton,AL,35447,5.0,1,Towing service,,,https://www.google.com/maps/place/Bambarger+Wrecker+Service+Inc/data=!4m7!3m6!1s0x888663ce454a9fe9:0xa84fab57a41d5989!8m2!3d33.2628392!4d-88.0908692!16s%2Fg%2F11xcj3ld47!19sChIJ6Z9KRc5jhogRiVkdpFerT6g?authuser=0&hl=en&rclk=1,auto repair shop,Greene County,county,AL,2026-07-21T15:22:52,0x888663ce454a9fe9:0xa84fab57a41d5989
Neyman Auto-Repair,,,,"9295 County Rd 33, Centre, AL 35960, United States",9295 County Rd 33,Centre,AL,35960,4.3,12,Auto repair shop,,,https://www.google.com/maps/place/Neyman+Auto-Repair/data=!4m7!3m6!1s0x888a8b498c7b3771:0xfc028843af92400b!8m2!3d34.0878204!4d-85.5848264!16s%2Fg%2F11rt_448v_!19sChIJcTd7jEmLiogRC0CSr0OIAvw?authuser=0&hl=en&rclk=1,auto repair shop,Cherokee County,county,AL,2026-07-21T12:40:11,0x888a8b498c7b3771:0xfc028843af92400b
Pappy's Speed Shop,,,,"5115 County Rd 34, Centre, AL 35960, United States",5115 County Rd 34,Centre,AL,35960,,,Auto repair shop,,,https://www.google.com/maps/place/Pappy%27s+Speed+Shop/data=!4m7!3m6!1s0x888a8b001fec3307:0xa4610caee65c8df4!8m2!3d34.1199201!4d-85.5359288!16s%2Fg%2F11zbkws97b!19sChIJBzPsHwCLiogR9I1c5q4MYaQ?authuser=0&hl=en&rclk=1,auto repair shop,Cherokee County,county,AL,2026-07-21T12:40:11,0x888a8b001fec3307:0xa4610caee65c8df4
Cash's Quick N Lube,,,,"19420 N 3rd St, Citronelle, AL 36522, United States",19420 N 3rd St,Citronelle,AL,36522,4.2,10,Oil change service,,,https://www.google.com/maps/place/Cash%27s+Quick+N+Lube/data=!4m7!3m6!1s0x889b1d145a660601:0x3d75b8498202f834!8m2!3d31.0959688!4d-88.2377703!16s%2Fg%2F11p17_7sdp!19sChIJAQZmWhQdm4gRNPgCgkm4dT0?authuser=0&hl=en&rclk=1,auto repair shop,Washington County,county,AL,2026-07-10T12:54:01,0x889b1d145a660601:0x3d75b8498202f834
Taller,,,,"2011 7th St N, Clanton, AL 35045, United States",2011 7th St N,Clanton,AL,35045,,,Auto repair shop,,,https://www.google.com/maps/place/Taller/data=!4m7!3m6!1s0x888ec9003dec5b13:0xfa71a867af180b05!8m2!3d32.8575005!4d-86.6401367!16s%2Fg%2F11vzgm_7zc!19sChIJE1vsPQDJjogRBQsYr2eocfo?authuser=0&hl=en&rclk=1,auto repair shop,Chilton County,county,AL,2026-07-21T12:51:31,0x888ec9003dec5b13:0xfa71a867af180b05
Walmart Auto Care Center,(205) 755-7526,https://www.walmart.com/store/424-clanton-al/auto-care-center/?veh=seo_loc,,"1415 7th St S, Clanton, AL 35045, United States",1415 7th St S,Clanton,AL,35045,3.2,82,Oil change service,,,https://www.google.com/maps/place/Walmart+Auto+Care+Center/data=!4m7!3m6!1s0x888ec7a4d979a827:0x8453e4a1af9b2306!8m2!3d32.8168235!4d-86.6092924!16s%2Fg%2F1tp8_trp!19sChIJJ6h52aTHjogRBiObr6HkU4Q?authuser=0&hl=en&rclk=1,auto repair shop,Chilton County,county,AL,2026-07-21T12:51:31,0x888ec7a4d979a827:0x8453e4a1af9b2306
NAPA Auto Parts - BENNETT AUTO PARTS LLC,(334) 775-3271,https://www.napaonline.com/en/AL/Clayton/store/26598?cid=pl_jobber_google_dac_26598_ao,,"56 Eufaula Ave, Clayton, AL 36016, United States",56 Eufaula Ave,Clayton,AL,36016,4.2,35,Auto parts store,,,https://www.google.com/maps/place/NAPA+Auto+Parts+-+BENNETT+AUTO+PARTS+LLC/data=!4m7!3m6!1s0x888d729ada96047b:0xf4fc160f221a5cb8!8m2!3d31.878751!4d-85.445817!16s%2Fg%2F113h07259!19sChIJewSW2ppyjYgRuFwaIg8W_PQ?authuser=0&hl=en&rclk=1,auto repair shop,Barbour County,county,AL,2026-07-21T11:34:17,0x888d729ada96047b:0xf4fc160f221a5cb8
Ryals Automotive,,,,"4348 AL-131, Clayton, AL 36016, United States",4348 AL-131,Clayton,AL,36016,5.0,2,Auto machine shop,,,https://www.google.com/maps/place/Ryals+Automotive/data=!4m7!3m6!1s0x888d7bc2a80cfd37:0x4c829bad7e31dafd!8m2!3d31.7056!4d-85.4656!16s%2Fg%2F11gsmmyxbd!19sChIJN_0MqMJ7jYgR_doxfq2bgkw?authuser=0&hl=en&rclk=1,auto repair shop,Barbour County,county,AL,2026-07-21T11:34:16,0x888d7bc2a80cfd37:0x4c829bad7e31dafd
D&d Repairs Inc,(205) 339-9939,,,"13592 Bone Camp Rd, Coker, AL 35452, United States",13592 Bone Camp Rd,Coker,AL,35452,4.4,34,Auto repair shop,,,https://www.google.com/maps/place/D%26d+Repairs+Inc/data=!4m7!3m6!1s0x88861904623d946b:0x60c2a1c897cab802!8m2!3d33.3651051!4d-87.6507451!16s%2Fg%2F1tgdjrxg!19sChIJa5Q9YgQZhogRArjKl8ihwmA?authuser=0&hl=en&rclk=1,auto repair shop,Choctaw County,county,AL,2026-07-21T13:02:28,0x88861904623d946b:0x60c2a1c897cab802
Diler,,,,"608 Co Rd 315, Columbiana, AL 35051, United States",608 Co Rd 315,Columbiana,AL,35051,4.3,3,Auto repair shop,,,https://www.google.com/maps/place/Diler/data=!4m7!3m6!1s0x888937d093a7795d:0x593109a72fe70f6c!8m2!3d33.146391!4d-86.6531683!16s%2Fg%2F11fqc77xv7!19sChIJXXmnk9A3iYgRbA_nL6cJMVk?authuser=0&hl=en&rclk=1,auto repair shop,Shelby County,county,AL,2026-07-21T18:31:18,0x888937d093a7795d:0x593109a72fe70f6c
Midas,(662) 329-2023,https://midasautomotive.com/columbus/,,"2219 Hwy 45 N, Columbus, MS 39705, United States",2219 Hwy 45 N,Columbus,MS,39705,4.7,689,Auto repair shop,,,https://www.google.com/maps/place/Midas/data=!4m7!3m6!1s0x8886c0410681a505:0xb1a519b85f375128!8m2!3d33.5278462!4d-88.4371029!16s%2Fg%2F1thvhq1t!19sChIJBaWBBkHAhogRKFE3X7gZpbE?authuser=0&hl=en&rclk=1,auto repair shop,Lamar County,county,AL,2026-07-21T16:04:33,0x8886c0410681a505:0xb1a519b85f375128
Midas,(706) 225-8423,https://www.midas.com/store/ga/columbus/315-thirteenth-street-1-31901/?shopnum=3515&utm_source=google&utm_medium=organic&utm_campaign=gbp,,"315 13th St #1, Columbus, GA 31901, United States",315 13th St #1,Columbus,GA,31901,4.7,694,Auto repair shop,,,https://www.google.com/maps/place/Midas/data=!4m7!3m6!1s0x888ccda5ebae6f11:0x5761eec5c6b5991e!8m2!3d32.4707999!4d-84.9881382!16s%2Fg%2F1tdq_h65!19sChIJEW-u66XNjIgRHpm1xsXuYVc?authuser=0&hl=en&rclk=1,auto repair shop,Russell County,county,AL,2026-07-21T18:20:24,0x888ccda5ebae6f11:0x5761eec5c6b5991e
"Sherman's Automotive, Inc.",(706) 322-8431,,,"2205 2nd Ave, Columbus, GA 31901, United States",2205 2nd Ave,Columbus,GA,31901,4.5,110,Auto repair shop,,,"https://www.google.com/maps/place/Sherman%27s+Automotive,+Inc./data=!4m7!3m6!1s0x888ccc52ec3bc78d:0x6d1f25fac04ca5b5!8m2!3d32.4849969!4d-84.9905946!16s%2Fg%2F1tfsj56q!19sChIJjcc77FLMjIgRtaVMwPolH20?authuser=0&hl=en&rclk=1",auto repair shop,Russell County,county,AL,2026-07-21T18:20:24,0x888ccc52ec3bc78d:0x6d1f25fac04ca5b5
Cuba road service Inc 24/7,(205) 499-1968,,,"400 6th Ave, Cuba, AL 36907, United States",400 6th Ave,Cuba,AL,36907,4.8,64,Towing service,,,https://www.google.com/maps/place/Cuba+road+service+Inc+24%2F7/data=!4m7!3m6!1s0x888459f06772f765:0xee6b97636e10dd21!8m2!3d32.4307005!4d-88.3804566!16s%2Fg%2F11v5x88srn!19sChIJZfdyZ_BZhIgRId0QbmOXa-4?authuser=0&hl=en&rclk=1,auto repair shop,Marengo County,county,AL,2026-07-21T17:07:51,0x888459f06772f765:0xee6b97636e10dd21
3E Roadside Truck & Trailer Repair Inc,(256) 737-0796,,,"651 Co Rd 1609, Cullman, AL 35058, United States",651 Co Rd 1609,Cullman,AL,35058,5.0,1,Truck repair shop,,,https://www.google.com/maps/place/3E+Roadside+Truck+%26+Trailer+Repair+Inc/data=!4m7!3m6!1s0x8889cf5ac275e32f:0x81026b448cb146a7!8m2!3d34.2122688!4d-86.7504596!16s%2Fg%2F11_rfdsmw!19sChIJL-N1wlrPiYgRp0axjERrAoE?authuser=0&hl=en&rclk=1,auto repair shop,Cullman County,county,AL,2026-07-21T14:02:39,0x8889cf5ac275e32f:0x81026b448cb146a7
AEE Truck & Trailer Repair Inc,(256) 737-7775,https://www.aeetruckrepair.com/,,"92 Doc Clemmons Rd, Cullman, AL 35055, United States",92 Doc Clemmons Rd,Cullman,AL,35055,4.7,52,Truck repair shop,,,https://www.google.com/maps/place/AEE+Truck+%26+Trailer+Repair+Inc/data=!4m7!3m6!1s0x8889ca7cbc9ebd5d:0xf08077bedb3e5d67!8m2!3d34.1183626!4d-86.8582516!16s%2Fg%2F1w0r0pb3!19sChIJXb2evHzKiYgRZ10-2753gPA?authuser=0&hl=en&rclk=1,auto repair shop,Cullman County,county,AL,2026-07-21T14:02:39,0x8889ca7cbc9ebd5d:0xf08077bedb3e5d67
Earl's Body Shop Inc,(256) 734-2406,http://www.earlsbodyshop1.com/,,"2251 Decatur Ave NW, Cullman, AL 35055, United States",2251 Decatur Ave NW,Cullman,AL,35055,4.5,68,Auto body shop,,,https://www.google.com/maps/place/Earl%27s+Body+Shop+Inc/data=!4m7!3m6!1s0x8889cc631d017129:0x853bfe42c4f011d1!8m2!3d34.2168917!4d-86.8593009!16s%2Fg%2F1tdm4hjr!19sChIJKXEBHWPMiYgR0RHwxEL-O4U?authuser=0&hl=en&rclk=1,auto repair shop,Cullman County,county,AL,2026-07-21T14:02:39,0x8889cc631d017129:0x853bfe42c4f011d1
Graves Auto Service Inc,(256) 434-9130,https://www.gravesautoservice.com/,,"2143 2nd Ave SW, Cullman, AL 35055, United States",2143 2nd Ave SW,Cullman,AL,35055,4.8,681,Auto repair shop,,,https://www.google.com/maps/place/Graves+Auto+Service+Inc/data=!4m7!3m6!1s0x8889ca26d0f226f3:0x3a82df540304a9c0!8m2!3d34.139045!4d-86.8236675!16s%2Fg%2F1td140vx!19sChIJ8yby0CbKiYgRwKkEA1Tfgjo?authuser=0&hl=en&rclk=1,auto repair shop,Cullman County,county,AL,2026-07-21T14:02:39,0x8889ca26d0f226f3:0x3a82df540304a9c0
"Guthrie's Auto Service, Inc.",(256) 739-1690,https://www.guthriesautoservice.net/,,"144 Co Rd 1435, Cullman, AL 35058, United States",144 Co Rd 1435,Cullman,AL,35058,4.8,354,Auto repair shop,,,"https://www.google.com/maps/place/Guthrie%27s+Auto+Service,+Inc./data=!4m7!3m6!1s0x8889cc01495278d5:0xf5128f1523f9e878!8m2!3d34.2047041!4d-86.8262797!16s%2Fg%2F1tfbz716!19sChIJ1XhSSQHMiYgReOj5IxWPEvU?authuser=0&hl=en&rclk=1",auto repair shop,Blount County,county,AL,2026-07-21T11:53:48,0x8889cc01495278d5:0xf5128f1523f9e878
J & S Carriage Inc.,(256) 636-4450,,,"8810 U.S. Hwy 278 W, Cullman, AL 35057, United States",8810 U.S. Hwy 278 W,Cullman,AL,35057,5.0,1,Auto repair shop,,,https://www.google.com/maps/place/J+%26+S+Carriage+Inc./data=!4m7!3m6!1s0x888837162c6d9a2b:0xd19ed068356825c2!8m2!3d34.1967978!4d-87.0126746!16s%2Fg%2F11zkpw0n3k!19sChIJK5ptLBY3iIgRwiVoNWjQntE?authuser=0&hl=en&rclk=1,auto repair shop,Cullman County,county,AL,2026-07-21T14:02:39,0x888837162c6d9a2b:0xd19ed068356825c2
M&Z Automotive,,,,"320 Co Rd 424, Cullman, AL 35057, United States",320 Co Rd 424,Cullman,AL,35057,,,Auto repair shop,,,https://www.google.com/maps/place/M%26Z+Automotive/data=!4m7!3m6!1s0x888835002e7ccd9b:0x718dd64a50512767!8m2!3d34.1243729!4d-86.9109056!16s%2Fg%2F11x10r5gqt!19sChIJm818LgA1iIgRZydRUErWjXE?authuser=0&hl=en&rclk=1,auto repair shop,Cullman County,county,AL,2026-07-21T14:02:39,0x888835002e7ccd9b:0x718dd64a50512767
Specter Motorsports,,,,"50 Co Rd 1454, Cullman, AL 35058, United States",50 Co Rd 1454,Cullman,AL,35058,5.0,1,Auto repair shop,,,https://www.google.com/maps/place/Specter+Motorsports/data=!4m7!3m6!1s0x8889cfa46a72dbb3:0x375aaf5ccb064bea!8m2!3d34.2321765!4d-86.7804998!16s%2Fg%2F11txt9m997!19sChIJs9tyaqTPiYgR6ksGy1yvWjc?authuser=0&hl=en&rclk=1,auto repair shop,Cullman County,county,AL,2026-07-21T14:02:39,0x8889cfa46a72dbb3:0x375aaf5ccb064bea
Walmart Auto Care Center,(256) 734-8904,https://www.walmart.com/store/670-cullman-al/auto-care-center/?veh=seo_loc,,"626 Olive St SW, Cullman, AL 35055, United States",626 Olive St SW,Cullman,AL,35055,3.3,138,Oil change service,,,https://www.google.com/maps/place/Walmart+Auto+Care+Center/data=!4m7!3m6!1s0x8889ca49d792997f:0x1d7b7b031ae375bb!8m2!3d34.1495662!4d-86.8414852!16s%2Fg%2F1tkmn9_7!19sChIJf5mS10nKiYgRu3XjGgN7ex0?authuser=0&hl=en&rclk=1,auto repair shop,Cullman County,county,AL,2026-07-21T14:02:39,0x8889ca49d792997f:0x1d7b7b031ae375bb
Walmart Auto Care Center,(256) 615-6664,https://www.walmart.com/store/7280-cullman-al/auto-care-center/?veh=seo_loc,,"5601 AL-157, Cullman, AL 35058, United States",5601 AL-157,Cullman,AL,35058,3.7,111,Oil change service,,,https://www.google.com/maps/place/Walmart+Auto+Care+Center/data=!4m7!3m6!1s0x8889cc825852182b:0x5160cd9bf999044a!8m2!3d34.2042804!4d-86.8695501!16s%2Fg%2F11g6nv0_f6!19sChIJKxhSWILMiYgRSgSZ-ZvNYFE?authuser=0&hl=en&rclk=1,auto repair shop,Cullman County,county,AL,2026-07-21T14:02:39,0x8889cc825852182b:0x5160cd9bf999044a
Lake Martin Transmission and Auto,,,,"10368 Co Rd 34, Dadeville, AL 36853, United States",10368 Co Rd 34,Dadeville,AL,36853,5.0,2,Transmission shop,,,https://www.google.com/maps/place/Lake+Martin+Transmission+and+Auto/data=!4m7!3m6!1s0x888c6ee8d904e589:0x8c5a0ef3f0b4b5c5!8m2!3d32.7663572!4d-85.8202218!16s%2Fg%2F11dz1d2x16!19sChIJieUE2ehujIgRxbW08PMOWow?authuser=0&hl=en&rclk=1,auto repair shop,Tallapoosa County,county,AL,2026-07-10T12:22:10,0x888c6ee8d904e589:0x8c5a0ef3f0b4b5c5
S & S Discount Tire Pros,(256) 825-8195,https://sandsdiscounttire.com/,,"224 E South St, Dadeville, AL 36853, United States",224 E South St,Dadeville,AL,36853,4.4,118,Auto repair shop,,,https://www.google.com/maps/place/S+%26+S+Discount+Tire+Pros/data=!4m7!3m6!1s0x888c6534209532ad:0xc255ea5d81f987e8!8m2!3d32.8283254!4d-85.7618283!16s%2Fg%2F1tgm3mw1!19sChIJrTKVIDRljIgR6If5gV3qVcI?authuser=0&hl=en&rclk=1,auto repair shop,Coosa County,county,AL,2026-07-21T13:46:00,0x888c6534209532ad:0xc255ea5d81f987e8
Firestone Complete Auto Care,(251) 263-6488,https://www.firestonecompleteautocare.com/alabama/daphne/27320-us-98/?utm_source=google&utm_medium=organic&utm_campaign=localmaps&cmp=oloc_google_localmaps_maps,,"27320 US-98, Daphne, AL 36526, United States",27320 US-98,Daphne,AL,36526,4.6,667,Tire shop,,,https://www.google.com/maps/place/Firestone+Complete+Auto+Care/data=!4m7!3m6!1s0x889a43c6f8fcd53f:0x61c416ccef64e465!8m2!3d30.6230292!4d-87.9065428!16s%2Fg%2F1q5ccqyj8!19sChIJP9X8-MZDmogRZeRk78wWxGE?authuser=0&hl=en&rclk=1,auto repair shop,Baldwin County,county,AL,2026-07-21T11:25:20,0x889a43c6f8fcd53f:0x61c416ccef64e465
"Jordan Automotive, Inc.",(251) 626-8700,,,"1055 Stanton Rd, Daphne, AL 36526, United States",1055 Stanton Rd,Daphne,AL,36526,4.8,66,Auto repair shop,,,"https://www.google.com/maps/place/Jordan+Automotive,+Inc./data=!4m7!3m6!1s0x889a417f520be4ed:0xccc32b24b74da26!8m2!3d30.5965989!4d-87.8950703!16s%2Fg%2F1vmr24kg!19sChIJ7eQLUn9BmogRJtp0S7IyzAw?authuser=0&hl=en&rclk=1",auto repair shop,Baldwin County,county,AL,2026-07-21T11:25:20,0x889a417f520be4ed:0xccc32b24b74da26
"Dixie Auto Repair, LLC",,,,"4706 Lightwood Rd, Deatsville, AL 36022, United States",4706 Lightwood Rd,Deatsville,AL,36022,4.3,6,Auto repair shop,,,"https://www.google.com/maps/place/Dixie+Auto+Repair,+LLC/data=!4m7!3m6!1s0x888ea3e56bc9ff6d:0x5f307d74253b8b4d!8m2!3d32.6863475!4d-86.3605924!16s%2Fg%2F11hfstqgmw!19sChIJbf_Ja-WjjogRTYs7JXR9MF8?authuser=0&hl=en&rclk=1",auto repair shop,Bullock County,county,AL,2026-07-21T12:05:53,0x888ea3e56bc9ff6d:0x5f307d74253b8b4d
Billy's Liberty Inc,(256) 355-4788,,,"1124 4th Ave SE, Decatur, AL 35601, United States",1124 4th Ave SE,Decatur,AL,35601,4.5,50,Auto repair shop,,,https://www.google.com/maps/place/Billy%27s+Liberty+Inc/data=!4m7!3m6!1s0x886284277ba785b1:0x880a419ae60f7f65!8m2!3d34.5900838!4d-86.9826266!16s%2Fg%2F1wfcpwk3!19sChIJsYWneyeEYogRZX8P5ppBCog?authuser=0&hl=en&rclk=1,auto repair shop,Morgan County,county,AL,2026-07-21T17:49:03,0x886284277ba785b1:0x880a419ae60f7f65
Pep Boys Auto Service & Tires,(256) 274-5175,https://www.pepboys.com/stores/al/decatur/2330-highway-31-south?Cid=gbp_appt_AN:PB%7CPB:G%7CTT:GBP%7CCG:CONVERSION%7CCD:SERVICE,,"2330 US-31, Decatur, AL 35601, United States",2330 US-31,Decatur,AL,35601,4.2,624,Tire shop,,,https://www.google.com/maps/place/Pep+Boys+Auto+Service+%26+Tires/data=!4m7!3m6!1s0x8862815cd5adda9d:0x1e08d41599aba539!8m2!3d34.565227!4d-86.972774!16s%2Fg%2F1tn4yx37!19sChIJndqt1VyBYogROaWrmRXUCB4?authuser=0&hl=en&rclk=1,auto repair shop,Morgan County,county,AL,2026-07-21T17:49:03,0x8862815cd5adda9d:0x1e08d41599aba539
West Auto Repair,,,,"1314 Central Pkwy SW, Decatur, AL 35601, United States",1314 Central Pkwy SW,Decatur,AL,35601,4.5,2,Auto repair shop,,,https://www.google.com/maps/place/West+Auto+Repair/data=!4m7!3m6!1s0x886285293bbb0207:0xf5ebc07cf8581d5!8m2!3d34.5860481!4d-86.9854426!16s%2Fg%2F11fmjryxxv!19sChIJBwK7OymFYogR1YGFzwe8Xg8?authuser=0&hl=en&rclk=1,auto repair shop,Morgan County,county,AL,2026-07-21T17:49:03,0x886285293bbb0207:0xf5ebc07cf8581d5
"Davis Glass Shop, LLC.",,,,"1712 US-80, Demopolis, AL 36732, United States",1712 US-80,Demopolis,AL,36732,5.0,5,Auto repair shop,,,"https://www.google.com/maps/place/Davis+Glass+Shop,+LLC./data=!4m7!3m6!1s0x888599cc17a2fb8f:0x1cc22c43ffc511fa!8m2!3d32.5026252!4d-87.8114557!16s%2Fg%2F11gh_43bnl!19sChIJj_uiF8yZhYgR-hHF_0Mswhw?authuser=0&hl=en&rclk=1",auto repair shop,Marengo County,county,AL,2026-07-21T17:07:51,0x888599cc17a2fb8f:0x1cc22c43ffc511fa
L & AUTO REPAIR SHOP,,,,"501 3rd Ave, Demopolis, AL 36732, United States",501 3rd Ave,Demopolis,AL,36732,,,Auto repair shop,,,https://www.google.com/maps/place/L+%26+AUTO+REPAIR+SHOP/data=!4m7!3m6!1s0x8885982f3f54c3c7:0x4a5114e6c8992d0c!8m2!3d32.5118206!4d-87.8242593!16s%2Fg%2F11tb612cdn!19sChIJx8NUPy-YhYgRDC2ZyOYUUUo?authuser=0&hl=en&rclk=1,auto repair shop,Marengo County,county,AL,2026-07-10T10:16:17,0x8885982f3f54c3c7:0x4a5114e6c8992d0c
NAPA Auto Parts - BAMA AUTO PARTS,(334) 289-3600,https://www.napaonline.com/en/AL/Demopolis/store/25783?cid=pl_jobber_google_dac_25783_ao,,"202 S Cedar Ave, Demopolis, AL 36732, United States",202 S Cedar Ave,Demopolis,AL,36732,4.3,47,Auto parts store,,,https://www.google.com/maps/place/NAPA+Auto+Parts+-+BAMA+AUTO+PARTS/data=!4m7!3m6!1s0x88859822083fc615:0x34f60b58e6d16ab6!8m2!3d32.5148237!4d-87.8354681!16s%2Fg%2F1tk8cwtk!19sChIJFcY_CCKYhYgRtmrR5lgL9jQ?authuser=0&hl=en&rclk=1,auto repair shop,Marengo County,county,AL,2026-07-10T10:16:17,0x88859822083fc615:0x34f60b58e6d16ab6
"WINDHAM MOTOR CO., INC. Chevrolet",(334) 289-0370,https://www.windhammotorco.com/,,"1344 US-80 E, Demopolis, AL 36732, United States",1344 US-80 E,Demopolis,AL,36732,4.3,191,Chevrolet dealer,,,"https://www.google.com/maps/place/WINDHAM+MOTOR+CO.,+INC.+Chevrolet/data=!4m7!3m6!1s0x88859833ecbfffff:0x25343edb99d690a4!8m2!3d32.502463!4d-87.8194345!16s%2Fg%2F11sw__qlh5!19sChIJ__-_7DOYhYgRpJDWmds-NCU?authuser=0&hl=en&rclk=1",auto repair shop,Marengo County,county,AL,2026-07-21T17:07:51,0x88859833ecbfffff:0x25343edb99d690a4
Walmart Auto Care Center,(334) 289-2355,https://www.walmart.com/store/731-demopolis-al/auto-care-center/?veh=seo_loc,,"969 US-80, Demopolis, AL 36732, United States",969 US-80,Demopolis,AL,36732,3.9,55,Oil change service,,,https://www.google.com/maps/place/Walmart+Auto+Care+Center/data=!4m7!3m6!1s0x88859830e8cc0553:0x4ba780dc9b63d811!8m2!3d32.4929354!4d-87.8494517!16s%2Fg%2F1wf22mbc!19sChIJUwXM6DCYhYgREdhjm9yAp0s?authuser=0&hl=en&rclk=1,auto repair shop,Marengo County,county,AL,2026-07-21T17:07:51,0x88859830e8cc0553:0x4ba780dc9b63d811
"Ace Automotive Service, Inc",(334) 793-4649,,,"1391 S Oates St, Dothan, AL 36301, United States",1391 S Oates St,Dothan,AL,36301,4.8,68,Auto repair shop,,,"https://www.google.com/maps/place/Ace+Automotive+Service,+Inc/data=!4m7!3m6!1s0x8892931e524e72fb:0x7cfac69047bb7bac!8m2!3d31.2063515!4d-85.3942488!16s%2Fg%2F1tdqcbrx!19sChIJ-3JOUh6TkogRrHu7R5DG-nw?authuser=0&hl=en&rclk=1",auto repair shop,Coffee County,county,AL,2026-07-21T13:22:36,0x8892931e524e72fb:0x7cfac69047bb7bac
Advanced Mechanix Inc.,(334) 794-0135,,,"947 N Beverlye Rd, Dothan, AL 36303, United States",947 N Beverlye Rd,Dothan,AL,36303,4.4,80,Auto repair shop,,,https://www.google.com/maps/place/Advanced+Mechanix+Inc./data=!4m7!3m6!1s0x8892948136761fc7:0x5d7d98bf08135bdb!8m2!3d31.220542!4d-85.3496581!16s%2Fg%2F1tdzxhlx!19sChIJxx92NoGUkogR21sTCL-YfV0?authuser=0&hl=en&rclk=1,auto repair shop,Dale County,county,AL,2026-07-21T14:08:58,0x8892948136761fc7:0x5d7d98bf08135bdb
C & C Automotive,,,,"1106 Coe Dairy Rd, Dothan, AL 36301, United States",1106 Coe Dairy Rd,Dothan,AL,36301,3.5,6,Auto repair shop,,,https://www.google.com/maps/place/C+%26+C+Automotive/data=!4m7!3m6!1s0x8892932529188005:0x5b453bc2eceda692!8m2!3d31.1941955!4d-85.3863906!16s%2Fg%2F11k5lwb7_6!19sChIJBYAYKSWTkogRkqbt7MI7RVs?authuser=0&hl=en&rclk=1,auto repair shop,Dothan,city,AL,2026-07-21T19:58:38,0x8892932529188005:0x5b453bc2eceda692
D & T Automotive,,,,"227 Speigner St, Dothan, AL 36303, United States",227 Speigner St,Dothan,AL,36303,4.8,4,Auto repair shop,,,https://www.google.com/maps/place/D+%26+T+Automotive/data=!4m7!3m6!1s0x889293b4b413ffff:0xfca0b5f9e3e99aaa!8m2!3d31.2445207!4d-85.3960006!16s%2Fg%2F11fll696wl!19sChIJ__8TtLSTkogRqprp4_m1oPw?authuser=0&hl=en&rclk=1,auto repair shop,Dothan,city,AL,2026-07-21T19:58:38,0x889293b4b413ffff:0xfca0b5f9e3e99aaa
Dothan Transmission Service Inc,(334) 794-7979,https://www.dothantransmissionservice.com/,,"1309 Columbia Hwy, Dothan, AL 36301, United States",1309 Columbia Hwy,Dothan,AL,36301,4.9,80,Car repair and maintenance service,,,https://www.google.com/maps/place/Dothan+Transmission+Service+Inc/data=!4m7!3m6!1s0x889293746c77be65:0x269db61c9f877340!8m2!3d31.2207701!4d-85.3719337!16s%2Fg%2F1vsps8bq!19sChIJZb53bHSTkogRQHOHnxy2nSY?authuser=0&hl=en&rclk=1,auto repair shop,Henry County,county,AL,2026-07-21T15:33:50,0x889293746c77be65:0x269db61c9f877340
Firestone Complete Auto Care,(334) 377-0471,https://www.firestonecompleteautocare.com/alabama/dothan/127-jones-dr/?utm_source=google&utm_medium=organic&utm_campaign=localmaps&cmp=oloc_google_localmaps_maps,,"127 Jones Dr, Dothan, AL 36303, United States",127 Jones Dr,Dothan,AL,36303,4.4,688,Tire shop,,,https://www.google.com/maps/place/Firestone+Complete+Auto+Care/data=!4m7!3m6!1s0x88929212c57c9dff:0xe3c8bf93417f368!8m2!3d31.250388!4d-85.4238991!16s%2Fg%2F1tptrd4h!19sChIJ_518xRKSkogRaPMXNPmLPA4?authuser=0&hl=en&rclk=1,auto repair shop,Dale County,county,AL,2026-07-21T14:08:58,0x88929212c57c9dff:0xe3c8bf93417f368
Gibbons Automotive Inc.,(334) 678-0888,https://gibbonsauto.com/,,"1608 Montgomery Hwy, Dothan, AL 36303, United States",1608 Montgomery Hwy,Dothan,AL,36303,4.6,76,Auto repair shop,,,https://www.google.com/maps/place/Gibbons+Automotive+Inc./data=!4m7!3m6!1s0x8892924ff521e01b:0x1db3552268380cdb!8m2!3d31.239344!4d-85.406464!16s%2Fg%2F1tf6hdz5!19sChIJG-Ah9U-SkogR2ww4aCJVsx0?authuser=0&hl=en&rclk=1,auto repair shop,Dale County,county,AL,2026-07-21T14:08:58,0x8892924ff521e01b:0x1db3552268380cdb
"Gibson Auto & Transmission Service, Inc.",(334) 794-0573,http://gibsonautoservice.com/,,"506 N Foster St, Dothan, AL 36303, United States",506 N Foster St,Dothan,AL,36303,4.2,87,Car repair and maintenance service,,,"https://www.google.com/maps/place/Gibson+Auto+%26+Transmission+Service,+Inc./data=!4m7!3m6!1s0x889293abb9fe82ef:0x4968e37c4042016d!8m2!3d31.2298457!4d-85.3925543!16s%2Fg%2F1v75spjj!19sChIJ74L-uauTkogRbQFCQHzjaEk?authuser=0&hl=en&rclk=1",auto repair shop,Dale County,county,AL,2026-07-21T14:08:58,0x889293abb9fe82ef:0x4968e37c4042016d
Jiffy Lube Oil Change,(334) 579-3310,https://www.jiffylube.com/locations/al/dothan/4243,,"207 Apple Ave, Dothan, AL 36305, United States",207 Apple Ave,Dothan,AL,36305,4.9,398,Oil change service,,,https://www.google.com/maps/place/Jiffy+Lube+Oil+Change/data=!4m7!3m6!1s0x88928d007882f0e7:0xfad68a97ac44d8d!8m2!3d31.240032!4d-85.468835!16s%2Fg%2F11x2vrx0mb!19sChIJ5_CCeACNkogRjU3EeqlorQ8?authuser=0&hl=en&rclk=1,auto repair shop,Dothan,city,AL,2026-07-21T19:58:38,0x88928d007882f0e7:0xfad68a97ac44d8d
Kevin Goodyear Towing,(334) 677-9994,http://goodyeartowing.com/?utm_source=omg-gbp&utm_medium=webclick,,"104 Loftin Rd, Dothan, AL 36303, United States",104 Loftin Rd,Dothan,AL,36303,4.7,91,Towing service,,,https://www.google.com/maps/place/Kevin+Goodyear+Towing/data=!4m7!3m6!1s0x88929304ce5c2f4d:0x46d5a947ec966eca!8m2!3d31.254705!4d-85.3981906!16s%2Fg%2F11fr16v0kc!19sChIJTS9czgSTkogRym6W7Eep1UY?authuser=0&hl=en&rclk=1,auto repair shop,Henry County,county,AL,2026-07-21T15:33:50,0x88929304ce5c2f4d:0x46d5a947ec966eca
Midas,(334) 513-7003,https://www.midas.com/store/al/dothan/3125-ross-clark-circle-northwest-36303/?shopnum=3863&utm_source=google&utm_medium=organic&utm_campaign=gbp,,"3125 Ross Clark Cir, Dothan, AL 36303, United States",3125 Ross Clark Cir,Dothan,AL,36303,4.6,390,Auto repair shop,,,https://www.google.com/maps/place/Midas/data=!4m7!3m6!1s0x8892927ea173ad17:0x7ea3157df09ded67!8m2!3d31.2320852!4d-85.4325749!16s%2Fg%2F1jkz5_nlr!19sChIJF61zoX6SkogRZ-2d8H0Vo34?authuser=0&hl=en&rclk=1,auto repair shop,Henry County,county,AL,2026-07-21T15:33:50,0x8892927ea173ad17:0x7ea3157df09ded67
Reliable Auto Repair,,,,"397 Murray Rd, Dothan, AL 36303, United States",397 Murray Rd,Dothan,AL,36303,,,Auto repair shop,,,https://www.google.com/maps/place/Reliable+Auto+Repair/data=!4m7!3m6!1s0x889293cc47f9c4a7:0x5268654a6db25119!8m2!3d31.2567841!4d-85.3924191!16s%2Fg%2F11wxb19kkb!19sChIJp8T5R8yTkogRGVGybUplaFI?authuser=0&hl=en&rclk=1,auto repair shop,Dothan,city,AL,2026-07-10T13:42:55,0x889293cc47f9c4a7:0x5268654a6db25119
RoadMart Inc.,(334) 794-8521,https://roadmarttire.com/,,"270 Ross Clark Cir, Dothan, AL 36303, United States",270 Ross Clark Cir,Dothan,AL,36303,4.6,86,Auto repair shop,,,https://www.google.com/maps/place/RoadMart+Inc./data=!4m7!3m6!1s0x889293c0a719e971:0x35d4a5b6c0bf8d4a!8m2!3d31.2486584!4d-85.3797005!16s%2Fg%2F1vlqq_2_!19sChIJcekZp8CTkogRSo2_wLal1DU?authuser=0&hl=en&rclk=1,auto repair shop,Dale County,county,AL,2026-07-21T14:08:58,0x889293c0a719e971:0x35d4a5b6c0bf8d4a
"RoadMart Inc. - Dothan, AL",(334) 792-1195,https://roadmarttire.com/,,"2606 Ross Clark Cir, Dothan, AL 36301, United States",2606 Ross Clark Cir,Dothan,AL,36301,4.5,137,Auto repair shop,,,"https://www.google.com/maps/place/RoadMart+Inc.+-+Dothan,+AL/data=!4m7!3m6!1s0x8892929593b828b7:0x1e07ca4b6be245b2!8m2!3d31.2052854!4d-85.4206146!16s%2Fg%2F1tfm7f9n!19sChIJtyi4k5WSkogRskXia0vKBx4?authuser=0&hl=en&rclk=1",auto repair shop,Dale County,county,AL,2026-07-21T14:08:58,0x8892929593b828b7:0x1e07ca4b6be245b2
Jim Cook Ford Inc Service,(334) 897-3130,https://www.jimcookfordinc.com/?utm_source=gmbsvc&utm_medium=social&mcmid=gmbsvc,,"620 Troy Rd, Elba, AL 36323, United States",620 Troy Rd,Elba,AL,36323,5.0,2,Auto repair shop,,,https://www.google.com/maps/place/Jim+Cook+Ford+Inc+Service/data=!4m7!3m6!1s0x88920fcf95f2e2df:0x34ae7d2be72c6172!8m2!3d31.4193383!4d-86.0683926!16s%2Fg%2F11qpw138n2!19sChIJ3-Lylc8PkogRcmEs5yt9rjQ?authuser=0&hl=en&rclk=1,auto repair shop,Coffee County,county,AL,2026-07-21T13:22:36,0x88920fcf95f2e2df:0x34ae7d2be72c6172
Wyant’ Reman LLC DBA Dean’s Transmission,,,,"28416 US-98 #2818, Elberta, AL 36530, United States",28416 US-98 #2818,Elberta,AL,36530,4.6,104,Transmission shop,,,https://www.google.com/maps/place/Wyant%E2%80%99+Reman+LLC+DBA+Dean%E2%80%99s+Transmission/data=!4m7!3m6!1s0x8890a0aa9e092b11:0x1812a55cabdcb132!8m2!3d30.4140417!4d-87.5408467!16s%2Fg%2F1tjy28dj!19sChIJESsJnqqgkIgRMrHcq1ylEhg?authuser=0&hl=en&rclk=1,auto repair shop,Baldwin County,county,AL,2026-07-21T11:25:20,0x8890a0aa9e092b11:0x1812a55cabdcb132
Firestone Complete Auto Care,(334) 392-7065,https://www.firestonecompleteautocare.com/alabama/enterprise/504-n-main-st/?utm_source=google&utm_medium=organic&utm_campaign=localmaps&cmp=oloc_google_localmaps_maps,,"504 N Main St, Enterprise, AL 36330, United States",504 N Main St,Enterprise,AL,36330,4.1,442,Tire shop,,,https://www.google.com/maps/place/Firestone+Complete+Auto+Care/data=!4m7!3m6!1s0x88926c24e5d843f7:0x4d5d6ebd7f8ec1ce!8m2!3d31.3190597!4d-85.8572265!16s%2Fg%2F1q2w03y8r!19sChIJ90PY5SRskogRzsGOf71uXU0?authuser=0&hl=en&rclk=1,auto repair shop,Coffee County,county,AL,2026-07-21T13:22:36,0x88926c24e5d843f7:0x4d5d6ebd7f8ec1ce
H S Automotive Alabama Inc,(334) 348-9516,https://hwaseung.wixsite.com/hwaseung-automotive,,"100 Sonata Dr, Enterprise, AL 36330, United States",100 Sonata Dr,Enterprise,AL,36330,3.8,73,Auto parts manufacturer,,,https://www.google.com/maps/place/H+S+Automotive+Alabama+Inc/data=!4m7!3m6!1s0x88926d945ed2242f:0xf9c9872b6c64d6a8!8m2!3d31.3591374!4d-85.8728091!16s%2Fg%2F1tg_mdp2!19sChIJLyTSXpRtkogRqNZkbCuHyfk?authuser=0&hl=en&rclk=1,auto repair shop,Coffee County,county,AL,2026-07-21T13:22:36,0x88926d945ed2242f:0xf9c9872b6c64d6a8
RoadMart Inc.,(334) 393-0503,https://roadmarttire.com/,,"5200 Boll Weevil Cir, Enterprise, AL 36330, United States",5200 Boll Weevil Cir,Enterprise,AL,36330,4.1,126,Auto repair shop,,,https://www.google.com/maps/place/RoadMart+Inc./data=!4m7!3m6!1s0x88926c06385d2a09:0x69335146f37ce9ec!8m2!3d31.2915353!4d-85.858338!16s%2Fg%2F1tgwbpgy!19sChIJCSpdOAZskogR7Ol880ZRM2k?authuser=0&hl=en&rclk=1,auto repair shop,Coffee County,county,AL,2026-07-21T13:22:36,0x88926c06385d2a09:0x69335146f37ce9ec
Reggie Auto Truck & Body Shop,,,,"7 Yates St, Epes, AL 35460, United States",7 Yates St,Epes,AL,35460,4.7,10,Auto body shop,,,https://www.google.com/maps/place/Reggie+Auto+Truck+%26+Body+Shop/data=!4m7!3m6!1s0x8885b59d8b9ce50d:0x3f72a69876bb2a12!8m2!3d32.68881!4d-88.1285801!16s%2Fg%2F1th82q9y!19sChIJDeWci521hYgREiq7dpimcj8?authuser=0&hl=en&rclk=1,auto repair shop,Bullock County,county,AL,2026-07-21T12:05:53,0x8885b59d8b9ce50d:0x3f72a69876bb2a12
Chevrolet Service,,http://www.chevrolet.com/,,"130 Greensboro St, Eutaw, AL 35462, United States",130 Greensboro St,Eutaw,AL,35462,4.8,14,Auto repair shop,,,https://www.google.com/maps/place/Chevrolet+Service/data=!4m7!3m6!1s0x8885c2f75dcb546b:0x8109df7382227d49!8m2!3d32.8400611!4d-87.8841476!16s%2Fg%2F11fy2xf047!19sChIJa1TLXffChYgRSX0ignPfCYE?authuser=0&hl=en&rclk=1,auto repair shop,Greene County,county,AL,2026-07-21T15:22:52,0x8885c2f75dcb546b:0x8109df7382227d49
Joe's Repair Shop Inc,(205) 372-4311,,,"320 Demopolis Hwy, Eutaw, AL 35462, United States",320 Demopolis Hwy,Eutaw,AL,35462,5.0,7,Auto repair shop,,,https://www.google.com/maps/place/Joe%27s+Repair+Shop+Inc/data=!4m7!3m6!1s0x8885c24f24595a29:0x5284b934841a2464!8m2!3d32.8305439!4d-87.8811803!16s%2Fg%2F1tgwt0j3!19sChIJKVpZJE_ChYgRZCQahDS5hFI?authuser=0&hl=en&rclk=1,auto repair shop,Choctaw County,county,AL,2026-07-21T13:02:28,0x8885c24f24595a29:0x5284b934841a2464
"Aubrey Padgett's Garage, Inc.",(251) 578-2137,,,"423 Martin St, Evergreen, AL 36401, United States",423 Martin St,Evergreen,AL,36401,4.7,53,Auto repair shop,,,"https://www.google.com/maps/place/Aubrey+Padgett%27s+Garage,+Inc./data=!4m7!3m6!1s0x88902deb1d914c27:0x8ea6270729bdc2af!8m2!3d31.4291416!4d-86.9637886!16s%2Fg%2F1twy_b0z!19sChIJJ0yRHestkIgRr8K9KQcnpo4?authuser=0&hl=en&rclk=1",auto repair shop,Conecuh County,county,AL,2026-07-21T13:39:06,0x88902deb1d914c27:0x8ea6270729bdc2af
Mike’s Auto Repair,,,,"105 Oil St, Evergreen, AL 36401, United States",105 Oil St,Evergreen,AL,36401,5.0,4,Auto repair shop,,,https://www.google.com/maps/place/Mike%E2%80%99s+Auto+Repair/data=!4m7!3m6!1s0x88902dd3bb6b685d:0x79c38052ad353a5c!8m2!3d31.4273872!4d-86.9596772!16s%2Fg%2F11rzjbz71c!19sChIJXWhru9MtkIgRXDo1rVKAw3k?authuser=0&hl=en&rclk=1,auto repair shop,Conecuh County,county,AL,2026-07-21T13:39:06,0x88902dd3bb6b685d:0x79c38052ad353a5c
Tawny LeeAnn Ryan,,,,"10215 US-31, Evergreen, AL 36401, United States",10215 US-31,Evergreen,AL,36401,5.0,1,Auto repair shop,,,https://www.google.com/maps/place/Tawny+LeeAnn+Ryan/data=!4m7!3m6!1s0x8890310022c0877f:0x5b2bca4d86778465!8m2!3d31.4007811!4d-87.0078869!16s%2Fg%2F11xf4xhrhb!19sChIJf4fAIgAxkIgRZYR3hk3KK1s?authuser=0&hl=en&rclk=1,auto repair shop,Conecuh County,county,AL,2026-07-09T20:14:41,0x8890310022c0877f:0x5b2bca4d86778465
Allstate Auto Sales and Repair,,,,"2530 Temple Ave N, Fayette, AL 35555, United States",2530 Temple Ave N,Fayette,AL,35555,,,Auto repair shop,,,https://www.google.com/maps/place/Allstate+Auto+Sales+and+Repair/data=!4m7!3m6!1s0x8886353d1566d781:0xefe38a5eac183763!8m2!3d33.7228798!4d-87.8153873!16s%2Fg%2F11lh401gch!19sChIJgddmFT01hogRYzcYrF6K4-8?authuser=0&hl=en&rclk=1,auto repair shop,Fayette County,county,AL,2026-07-21T14:57:11,0x8886353d1566d781:0xefe38a5eac183763
Wilks Body Shop Inc,(256) 632-3569,,,"74 AL-117, Flat Rock, AL 35966, United States",74 AL-117,Flat Rock,AL,35966,4.8,31,Auto body shop,,,https://www.google.com/maps/place/Wilks+Body+Shop+Inc/data=!4m7!3m6!1s0x8861c993bd0b4185:0x166fd2f54bd6afde!8m2!3d34.7458476!4d-85.6933137!16s%2Fg%2F1tdx088x!19sChIJhUELvZPJYYgR3q_WS_XSbxY?authuser=0&hl=en&rclk=1,auto repair shop,Cherokee County,county,AL,2026-07-09T19:05:17,0x8861c993bd0b4185:0x166fd2f54bd6afde
AAMCO Transmissions & Total Car Care,(256) 766-4244,https://www.aamco.com/Auto-Repair-Center/AL/Florence/S-Seminary-Street?utm_source=G&utm_medium=local&utm_campaign=google-local,,"119 S Seminary St, Florence, AL 35630, United States",119 S Seminary St,Florence,AL,35630,4.0,63,Transmission shop,,,https://www.google.com/maps/place/AAMCO+Transmissions+%26+Total+Car+Care/data=!4m7!3m6!1s0x887d485e93ee18a3:0x8123aaa1630d9568!8m2!3d34.800237!4d-87.67379!16s%2Fg%2F1tgw5srj!19sChIJoxjuk15IfYgRaJUNY6GqI4E?authuser=0&hl=en&rclk=1,auto repair shop,Colbert County,county,AL,2026-07-21T13:31:29,0x887d485e93ee18a3:0x8123aaa1630d9568
Arias auto Repair,,,,"State St, Florence, AL 35630, United States",State St,Florence,AL,35630,,,Auto repair shop,,,https://www.google.com/maps/place/Arias+auto+Repair/data=!4m7!3m6!1s0x887d49b600c9dd4f:0x9e82c7da67a2e4ff!8m2!3d34.817501!4d-87.6531002!16s%2Fg%2F11vxlv5_2b!19sChIJT93JALZJfYgR_-SiZ9rHgp4?authuser=0&hl=en&rclk=1,auto repair shop,Lauderdale County,county,AL,2026-07-21T16:13:49,0x887d49b600c9dd4f:0x9e82c7da67a2e4ff
Jiffy Lube Oil Change,(256) 275-3614,https://www.jiffylube.com/locations/al/florence/3957,,"2548 Florence Blvd, Florence, AL 35630, United States",2548 Florence Blvd,Florence,AL,35630,4.6,450,Oil change service,,,https://www.google.com/maps/place/Jiffy+Lube+Oil+Change/data=!4m7!3m6!1s0x887d4962e196cf5d:0xa3c17aa389162687!8m2!3d34.8285004!4d-87.6334836!16s%2Fg%2F11h89gjz1l!19sChIJXc-W4WJJfYgRhyYWiaN6waM?authuser=0&hl=en&rclk=1,auto repair shop,Lauderdale County,county,AL,2026-07-21T16:13:49,0x887d4962e196cf5d:0xa3c17aa389162687
Jiffy Lube Oil Change,(256) 718-0093,https://www.jiffylube.com/locations/al/florence/3963,,"897 Cox Creek Pkwy, Florence, AL 35630, United States",897 Cox Creek Pkwy,Florence,AL,35630,4.6,752,Oil change service,,,https://www.google.com/maps/place/Jiffy+Lube+Oil+Change/data=!4m7!3m6!1s0x887d37d9cecfcf49:0x8a4cf8c3ae044dd9!8m2!3d34.8411893!4d-87.6739068!16s%2Fg%2F11fqsgrbdx!19sChIJSc_Pztk3fYgR2U0ErsP4TIo?authuser=0&hl=en&rclk=1,auto repair shop,Lauderdale County,county,AL,2026-07-21T16:13:49,0x887d37d9cecfcf49:0x8a4cf8c3ae044dd9
Meineke Car Care Center,(256) 275-4123,https://www.meineke.com/locations/al/florence-1959/?utm_source=google&utm_medium=organic&utm_campaign=gbp_website,,"2075 Florence Blvd, Florence, AL 35630, United States",2075 Florence Blvd,Florence,AL,35630,4.3,770,Auto repair shop,,,https://www.google.com/maps/place/Meineke+Car+Care+Center/data=!4m7!3m6!1s0x887d49e80ce7b72b:0x55d360212fcc261f!8m2!3d34.824276!4d-87.647916!16s%2Fg%2F1hc4g3w6c!19sChIJK7fnDOhJfYgRHybMLyFg01U?authuser=0&hl=en&rclk=1,auto repair shop,Colbert County,county,AL,2026-07-21T13:31:29,0x887d49e80ce7b72b:0x55d360212fcc261f
Shade Tree Auto Service,,,,"7451 Co Rd 200, Florence, AL 35633, United States",7451 Co Rd 200,Florence,AL,35633,,,Auto repair shop,,,https://www.google.com/maps/place/Shade+Tree+Auto+Service/data=!4m7!3m6!1s0x887d39a09eeee7b3:0x8944df21e11eca83!8m2!3d34.8510559!4d-87.7470571!16s%2Fg%2F11qbbfkj_p!19sChIJs-funqA5fYgRg8oe4SHfRIk?authuser=0&hl=en&rclk=1,auto repair shop,Lauderdale County,county,AL,2026-07-21T16:13:49,0x887d39a09eeee7b3:0x8944df21e11eca83
Shoals Auto Glass And Accessories Inc,(256) 760-1050,http://shoalsautoglass.net/,,"1202 Helton Drive, Florence, AL 35630, United States",1202 Helton Drive,Florence,AL,35630,4.8,154,Truck accessories store,,,https://www.google.com/maps/place/Shoals+Auto+Glass+And+Accessories+Inc/data=!4m7!3m6!1s0x887d48498e13a497:0xba26ae28d2038d91!8m2!3d34.8166757!4d-87.6636005!16s%2Fg%2F1tkc7flg!19sChIJl6QTjklIfYgRkY0D0iiuJro?authuser=0&hl=en&rclk=1,auto repair shop,Lauderdale County,county,AL,2026-07-21T16:13:49,0x887d48498e13a497:0xba26ae28d2038d91
Staggs small engine repair,,,,"2301 Huntsville Rd, Florence, AL 35630, United States",2301 Huntsville Rd,Florence,AL,35630,,,Auto repair shop,,,https://www.google.com/maps/place/Staggs+small+engine+repair/data=!4m7!3m6!1s0x887d49002cc344c1:0x9ef3ba5d9175741c!8m2!3d34.8107819!4d-87.6475102!16s%2Fg%2F11y_3crmp9!19sChIJwUTDLABJfYgRHHR1kV26854?authuser=0&hl=en&rclk=1,auto repair shop,Lauderdale County,county,AL,2026-07-21T16:13:49,0x887d49002cc344c1:0x9ef3ba5d9175741c
Supper Tune,,,,"1019 W Mobile St, Florence, AL 35630, United States",1019 W Mobile St,Florence,AL,35630,1.0,1,Auto repair shop,,,https://www.google.com/maps/place/Supper+Tune/data=!4m7!3m6!1s0x887d49006f80ca19:0x13047cdf8f644550!8m2!3d34.7960605!4d-87.6896481!16s%2Fg%2F11y3s6g1zx!19sChIJGcqAbwBJfYgRUEVkj998BBM?authuser=0&hl=en&rclk=1,auto repair shop,Lauderdale County,county,AL,2026-07-21T16:13:49,0x887d49006f80ca19:0x13047cdf8f644550
Take 5 Oil Change,(256) 873-2339,https://www.take5.com/locations/oil-change/alabama/florence/31086/?utm_source=google&utm_medium=organic&utm_campaign=gbp_website,,"237 Cox Creek Pkwy, Florence, AL 35630, United States",237 Cox Creek Pkwy,Florence,AL,35630,4.8,687,Oil change service,,,https://www.google.com/maps/place/Take+5+Oil+Change/data=!4m7!3m6!1s0x887d494c6839694b:0x3e3170feccedd761!8m2!3d34.8331742!4d-87.6296912!16s%2Fg%2F11vwjp40d1!19sChIJS2k5aExJfYgRYdftzP5wMT4?authuser=0&hl=en&rclk=1,auto repair shop,Lauderdale County,county,AL,2026-07-21T16:13:49,0x887d494c6839694b:0x3e3170feccedd761
Firestone Complete Auto Care,(251) 315-3444,https://www.firestonecompleteautocare.com/alabama/foley/2830-s-mckenzie-st/?utm_source=google&utm_medium=organic&utm_campaign=localmaps&cmp=oloc_google_localmaps_maps,,"2830 S McKenzie St, Foley, AL 36535, United States",2830 S McKenzie St,Foley,AL,36535,4.6,214,Tire shop,,,https://www.google.com/maps/place/Firestone+Complete+Auto+Care/data=!4m7!3m6!1s0x889a0fcf5f927ced:0xb8595d748136030c!8m2!3d30.3731193!4d-87.6837833!16s%2Fg%2F11y1k3hbqr!19sChIJ7XySX88PmogRDAM2gXRdWbg?authuser=0&hl=en&rclk=1,auto repair shop,Baldwin County,county,AL,2026-07-21T11:25:20,0x889a0fcf5f927ced:0xb8595d748136030c
Goodyear Auto Service,(251) 943-5601,https://www.goodyear.com/en-us/goodyearautoservice,,"302 S McKenzie St, Foley, AL 36535, United States",302 S McKenzie St,Foley,AL,36535,4.2,225,Tire shop,,,https://www.google.com/maps/place/Goodyear+Auto+Service/data=!4m7!3m6!1s0x889a0e0e1f823935:0xd5d61cca4c567394!8m2!3d30.4039277!4d-87.6841947!16s%2Fg%2F1tfc7d3b!19sChIJNTmCHw4OmogRlHNWTMoc1tU?authuser=0&hl=en&rclk=1,auto repair shop,Baldwin County,county,AL,2026-07-21T11:25:20,0x889a0e0e1f823935:0xd5d61cca4c567394
Pep Boys Auto Service & Tires,(251) 980-7503,https://www.pepboys.com/stores/al/foley/1327-s-mckenzie-st?Cid=gbp_appt_AN:PB%7CPB:G%7CTT:GBP%7CCG:CONVERSION%7CCD:SERVICE,,"1327 S McKenzie St, Foley, AL 36535, United States",1327 S McKenzie St,Foley,AL,36535,4.1,634,Tire shop,,,https://www.google.com/maps/place/Pep+Boys+Auto+Service+%26+Tires/data=!4m7!3m6!1s0x889a0e3dddff01f1:0xa376522f2177eaa0!8m2!3d30.390995!4d-87.682908!16s%2Fg%2F1tfwqrhj!19sChIJ8QH_3T0OmogRoOp3IS9SdqM?authuser=0&hl=en&rclk=1,auto repair shop,Baldwin County,county,AL,2026-07-21T11:25:20,0x889a0e3dddff01f1:0xa376522f2177eaa0
Rocko Auto Repair and Service,,,,"19477 Baldwin County Rd 10 Ste F-14, Foley, AL 36535, United States",19477 Baldwin County Rd 10 Ste F-14,Foley,AL,36535,,,Auto repair shop,,,https://www.google.com/maps/place/Rocko+Auto+Repair+and+Service/data=!4m7!3m6!1s0x889a0f0064823903:0x7e3802e4ec0d05b7!8m2!3d30.3368906!4d-87.6921851!16s%2Fg%2F11yx6rp78s!19sChIJAzmCZAAPmogRtwUN7OQCOH4?authuser=0&hl=en&rclk=1,auto repair shop,Baldwin County,county,AL,2026-07-21T11:25:20,0x889a0f0064823903:0x7e3802e4ec0d05b7
Gene's 24 Hr. Rd. Service,,,,"307 W Jones St, Fort Deposit, AL 36032, United States",307 W Jones St,Fort Deposit,AL,36032,1.0,1,Auto repair shop,,,https://www.google.com/maps/place/Gene%27s+24+Hr.+Rd.+Service/data=!4m7!3m6!1s0x888e6a826c923bfb:0x124836e77cf8e655!8m2!3d31.9851394!4d-86.5795639!16s%2Fg%2F11vdrlcc6c!19sChIJ-zuSbIJqjogRVeb4fOc2SBI?authuser=0&hl=en&rclk=1,auto repair shop,Bullock County,county,AL,2026-07-21T12:05:53,0x888e6a826c923bfb:0x124836e77cf8e655
Auto Repair,,,,"6114 Gault Ave N, Fort Payne, AL 35967, United States",6114 Gault Ave N,Fort Payne,AL,35967,4.5,4,Auto repair shop,,,https://www.google.com/maps/place/Auto+Repair/data=!4m7!3m6!1s0x8861d46d0d44908d:0x4bd7275184f128c8!8m2!3d34.5072817!4d-85.6629364!16s%2Fg%2F1262f2wq_!19sChIJjZBEDW3UYYgRyCjxhFEn10s?authuser=0&hl=en&rclk=1,auto repair shop,DeKalb County,county,AL,2026-07-21T14:32:18,0x8861d46d0d44908d:0x4bd7275184f128c8
Lendells truck center,,,,"7106 Gault Ave N, Fort Payne, AL 35967, United States",7106 Gault Ave N,Fort Payne,AL,35967,,,Auto repair shop,,,https://www.google.com/maps/place/Lendells+truck+center/data=!4m7!3m6!1s0x8861d300261ccf5b:0xb7b106472aa8baca!8m2!3d34.5209693!4d-85.6522563!16s%2Fg%2F11wwx38b98!19sChIJW88cJgDTYYgRyrqoKkcGsbc?authuser=0&hl=en&rclk=1,auto repair shop,DeKalb County,county,AL,2026-07-21T14:32:18,0x8861d300261ccf5b:0xb7b106472aa8baca
Robertson Discount Tire & Auto Repair,(256) 844-2800,,,"2824 Gault Ave N, Fort Payne, AL 35967, United States",2824 Gault Ave N,Fort Payne,AL,35967,4.6,123,Tire shop,,,https://www.google.com/maps/place/Robertson+Discount+Tire+%26+Auto+Repair/data=!4m7!3m6!1s0x8861d641fe66ee67:0x3c240cef30dd2408!8m2!3d34.4709087!4d-85.6961537!16s%2Fg%2F1ts1szd7!19sChIJZ-5m_kHWYYgRCCTdMO8MJDw?authuser=0&hl=en&rclk=1,auto repair shop,DeKalb County,county,AL,2026-07-21T14:32:18,0x8861d641fe66ee67:0x3c240cef30dd2408
Shipman Auto A/C,,,,"202 18th St SW, Fort Payne, AL 35967, United States",202 18th St SW,Fort Payne,AL,35967,4.5,8,Auto repair shop,,,https://www.google.com/maps/place/Shipman+Auto+A%2FC/data=!4m7!3m6!1s0x888a79c847e4dc47:0x1b78be37c61ca4ee!8m2!3d34.4254605!4d-85.7389162!16s%2Fg%2F11rccg1f_w!19sChIJR9zkR8h5iogR7qQcxje-eBs?authuser=0&hl=en&rclk=1,auto repair shop,DeKalb County,county,AL,2026-07-21T14:32:18,0x888a79c847e4dc47:0x1b78be37c61ca4ee
Walmart Auto Care Center,(256) 997-1197,https://www.walmart.com/store/691-fort-payne-al/auto-care-center/?veh=seo_loc,,"2001 Glenn Blvd SW, Fort Payne, AL 35968, United States",2001 Glenn Blvd SW,Fort Payne,AL,35968,3.4,100,Oil change service,,,https://www.google.com/maps/place/Walmart+Auto+Care+Center/data=!4m7!3m6!1s0x8861d7fc57b81bff:0xdbf54a8426ee0ee5!8m2!3d34.4395124!4d-85.7625389!16s%2Fg%2F1thhl7bs!19sChIJ_xu4V_zXYYgR5Q7uJoRK9ds?authuser=0&hl=en&rclk=1,auto repair shop,DeKalb County,county,AL,2026-07-21T14:32:18,0x8861d7fc57b81bff:0xdbf54a8426ee0ee5
Westmoreland Tire Co Inc,(256) 845-5656,http://www.westmorelandtire.com/,,"112 3rd St SE, Fort Payne, AL 35967, United States",112 3rd St SE,Fort Payne,AL,35967,4.6,243,Tire shop,,,https://www.google.com/maps/place/Westmoreland+Tire+Co+Inc/data=!4m7!3m6!1s0x8861d62b7aaf34c3:0xc644a37cbff757ea!8m2!3d34.4385877!4d-85.7239089!16s%2Fg%2F1xgrnnvr!19sChIJwzSveivWYYgR6lf3v3yjRMY?authuser=0&hl=en&rclk=1,auto repair shop,DeKalb County,county,AL,2026-07-21T14:32:18,0x8861d62b7aaf34c3:0xc644a37cbff757ea
Westmoreland Tire Co Inc,(256) 845-5553,http://www.westmorelandtire.com/,,"1920 Industrial Blvd SW, Fort Payne, AL 35968, United States",1920 Industrial Blvd SW,Fort Payne,AL,35968,4.8,79,Tire shop,,,https://www.google.com/maps/place/Westmoreland+Tire+Co+Inc/data=!4m7!3m6!1s0x888a7806afe62b83:0xffd82da5d47a9e91!8m2!3d34.4305719!4d-85.7612213!16s%2Fg%2F1vcjn04p!19sChIJgyvmrwZ4iogRkZ561KUt2P8?authuser=0&hl=en&rclk=1,auto repair shop,DeKalb County,county,AL,2026-07-21T14:32:18,0x888a7806afe62b83:0xffd82da5d47a9e91
Firestone Complete Auto Care,(334) 625-1809,https://www.firestonecompleteautocare.com/alabama/fort-rucker/6600-dustoff-st/?utm_source=google&utm_medium=organic&utm_campaign=localmaps&cmp=oloc_google_localmaps_maps,,"6600 Dustoff St, Fort Rucker, AL 36362, United States",6600 Dustoff St,Fort Rucker,AL,36362,4.3,267,Tire shop,,,https://www.google.com/maps/place/Firestone+Complete+Auto+Care/data=!4m7!3m6!1s0x889265ac312ded63:0x59f7aaff8650510c!8m2!3d31.3241006!4d-85.7238736!16s%2Fg%2F1td2n81g!19sChIJY-0tMaxlkogRDFFQhv-q91k?authuser=0&hl=en&rclk=1,auto repair shop,Coffee County,county,AL,2026-07-21T13:22:36,0x889265ac312ded63:0x59f7aaff8650510c
"Davis Ford Sales, Inc. Service",(662) 862-3711,https://www.davisfordsales.com/,,"904 W Main St, Fulton, MS 38843, United States",904 W Main St,Fulton,MS,38843,4.9,446,Auto repair shop,,,"https://www.google.com/maps/place/Davis+Ford+Sales,+Inc.+Service/data=!4m7!3m6!1s0x888769df38fa4997:0xc66afda3489c46a5!8m2!3d34.2745353!4d-88.421493!16s%2Fg%2F11n0vh4cm_!19sChIJl0n6ON9ph4gRpUacSKP9asY?authuser=0&hl=en&rclk=1",auto repair shop,Lamar County,county,AL,2026-07-21T16:04:33,0x888769df38fa4997:0xc66afda3489c46a5
AUTO SERVICE CENTER,,,,"2700 Forrest Ave, Gadsden, AL 35904, United States",2700 Forrest Ave,Gadsden,AL,35904,,,Auto repair shop,,,https://www.google.com/maps/place/AUTO+SERVICE+CENTER/data=!4m7!3m6!1s0x888a3c669375d04b:0x13ad5029319a5b27!8m2!3d34.0187205!4d-86.0462057!16s%2Fg%2F11w8qrydc6!19sChIJS9B1k2Y8iogRJ1uaMSlQrRM?authuser=0&hl=en&rclk=1,auto repair shop,Etowah County,county,AL,2026-07-21T14:54:32,0x888a3c669375d04b:0x13ad5029319a5b27
Firestone Complete Auto Care,(256) 459-2659,https://www.firestonecompleteautocare.com/alabama/gadsden/118-s-4th-st/?utm_source=google&utm_medium=organic&utm_campaign=localmaps&cmp=oloc_google_localmaps_maps,,"118 S 4th St, Gadsden, AL 35901, United States",118 S 4th St,Gadsden,AL,35901,4.3,380,Tire shop,,,https://www.google.com/maps/place/Firestone+Complete+Auto+Care/data=!4m7!3m6!1s0x888a3ea522b042ab:0x118727c9e34ff745!8m2!3d34.0120815!4d-86.002879!16s%2Fg%2F1q2w44k2v!19sChIJq0KwIqU-iogRRfdP48knhxE?authuser=0&hl=en&rclk=1,auto repair shop,Etowah County,county,AL,2026-07-21T14:54:32,0x888a3ea522b042ab:0x118727c9e34ff745
Goodyear Auto Service,(256) 547-0561,https://www.goodyear.com/en-us/goodyearautoservice,,"297 W Meighan Blvd, Gadsden, AL 35901, United States",297 W Meighan Blvd,Gadsden,AL,35901,4.5,256,Tire shop,,,https://www.google.com/maps/place/Goodyear+Auto+Service/data=!4m7!3m6!1s0x888a3ebb76f64599:0xbe70cc6cdea10c5e!8m2!3d34.0151071!4d-85.9995917!16s%2Fg%2F1tg87f07!19sChIJmUX2drs-iogRXgyh3mzMcL4?authuser=0&hl=en&rclk=1,auto repair shop,Etowah County,county,AL,2026-07-21T14:54:32,0x888a3ebb76f64599:0xbe70cc6cdea10c5e
Rescue1Automotive,,,,"1415 Ralph St, Gadsden, AL 35903, United States",1415 Ralph St,Gadsden,AL,35903,,,Auto repair shop,,,https://www.google.com/maps/place/Rescue1Automotive/data=!4m7!3m6!1s0x888a478dc7eff245:0x8f525b50551bd2aa!8m2!3d33.9831493!4d-85.9198122!16s%2Fg%2F11yyjpvx9w!19sChIJRfLvx41HiogRqtIbVVBbUo8?authuser=0&hl=en&rclk=1,auto repair shop,Etowah County,county,AL,2026-07-09T21:41:34,0x888a478dc7eff245:0x8f525b50551bd2aa
"Ronnie Watkins Ford, Inc. Service",(256) 543-9400,https://www.ronniewatkinsford.net/?utm_source=gmbsvc&utm_medium=social&mcmid=gmbsvc,,"101 George Wallace Dr, Gadsden, AL 35903, United States",101 George Wallace Dr,Gadsden,AL,35903,4.5,12,Auto repair shop,,,"https://www.google.com/maps/place/Ronnie+Watkins+Ford,+Inc.+Service/data=!4m7!3m6!1s0x888a3f5c03cf67f7:0x96193ee611f72943!8m2!3d34.0083064!4d-85.9953326!16s%2Fg%2F11ll7gz8f6!19sChIJ92fPA1w_iogRQyn3EeY-GZY?authuser=0&hl=en&rclk=1",auto repair shop,Etowah County,county,AL,2026-07-21T14:54:32,0x888a3f5c03cf67f7:0x96193ee611f72943
W-J Body & Paint Shop Inc,(256) 492-5925,,,"2439 E Meighan Blvd, Gadsden, AL 35903, United States",2439 E Meighan Blvd,Gadsden,AL,35903,4.7,311,Auto body shop,,,https://www.google.com/maps/place/W-J+Body+%26+Paint+Shop+Inc/data=!4m7!3m6!1s0x888a38da5ca2cf03:0xaa3203c22e988296!8m2!3d33.9853565!4d-85.9660022!16s%2Fg%2F1thw7hl4!19sChIJA8-iXNo4iogRloKYLsIDMqo?authuser=0&hl=en&rclk=1,auto repair shop,Etowah County,county,AL,2026-07-21T14:54:32,0x888a38da5ca2cf03:0xaa3203c22e988296
Car Addictssss,,https://caraddictssss.com/,,"768 Co Hwy 1, Gallion, AL 36742, United States",768 Co Hwy 1,Gallion,AL,36742,,,Car detailing service,,,https://www.google.com/maps/place/Car+Addictssss/data=!4m7!3m6!1s0x88859bda92415867:0x20e93fb21754f585!8m2!3d32.4273162!4d-87.7736366!16s%2Fg%2F11xcgzmxn_!19sChIJZ1hBktqbhYgRhfVUF7I_6SA?authuser=0&hl=en&rclk=1,auto repair shop,Marengo County,county,AL,2026-07-21T17:07:51,0x88859bda92415867:0x20e93fb21754f585
Bowdoins Body Shop And Auto Repair,,https://lomyu.me/bowdoins-body-shop-and-auto-repair-383657-us,,"201 E Magnolia Ave, Geneva, AL 36340, United States",201 E Magnolia Ave,Geneva,AL,36340,4.3,15,Auto repair shop,,,https://www.google.com/maps/place/Bowdoins+Body+Shop+And+Auto+Repair/data=!4m7!3m6!1s0x8892463f3a0c0001:0xd5e0162d139f6a59!8m2!3d31.0346971!4d-85.87355!16s%2Fg%2F11fll67hw3!19sChIJAQAMOj9GkogRWWqfEy0W4NU?authuser=0&hl=en&rclk=1,auto repair shop,Geneva County,county,AL,2026-07-21T15:13:24,0x8892463f3a0c0001:0xd5e0162d139f6a59
Mote's Body Works Inc-Wrecker,(334) 684-9393,,,"700 E Magnolia Ave, Geneva, AL 36340, United States",700 E Magnolia Ave,Geneva,AL,36340,4.0,20,Auto body shop,,,https://www.google.com/maps/place/Mote%27s+Body+Works+Inc-Wrecker/data=!4m7!3m6!1s0x88924615b75fd039:0xe653df194ac9ffe2!8m2!3d31.0320513!4d-85.8669212!16s%2Fg%2F1tdxlnhy!19sChIJOdBftxVGkogR4v_JShnfU-Y?authuser=0&hl=en&rclk=1,auto repair shop,Geneva County,county,AL,2026-07-21T15:13:24,0x88924615b75fd039:0xe653df194ac9ffe2
Ron's Firestone & Auto Parts,(334) 684-3804,http://rons-parts.edan.io/,,"818 E Town Ave, Geneva, AL 36340, United States",818 E Town Ave,Geneva,AL,36340,4.3,108,Tire shop,,,https://www.google.com/maps/place/Ron%27s+Firestone+%26+Auto+Parts/data=!4m7!3m6!1s0x88924614790c3117:0x1b970fe52555fe9!8m2!3d31.0327176!4d-85.8638199!16s%2Fg%2F1v2ky63d!19sChIJFzEMeRRGkogR6V9VUv5wuQE?authuser=0&hl=en&rclk=1,auto repair shop,Geneva County,county,AL,2026-07-21T15:13:24,0x88924614790c3117:0x1b970fe52555fe9
KDD Automotive,,,,"13661 Choctaw Ave, Gilbertown, AL 36908, United States",13661 Choctaw Ave,Gilbertown,AL,36908,,,Auto repair shop,,,https://www.google.com/maps/place/KDD+Automotive/data=!4m7!3m6!1s0x8884db002d99c7a5:0x8ab6821bef95c969!8m2!3d31.8809086!4d-88.3225522!16s%2Fg%2F11ygxmg19w!19sChIJpceZLQDbhIgRacmV7xuCtoo?authuser=0&hl=en&rclk=1,auto repair shop,Choctaw County,county,AL,2026-07-21T13:02:28,0x8884db002d99c7a5:0x8ab6821bef95c969
C and H Automotive LLC,,,,"205 Keysburg Rd, Glencoe, AL 35905, United States",205 Keysburg Rd,Glencoe,AL,35905,,,Auto repair shop,,,https://www.google.com/maps/place/C+and+H+Automotive+LLC/data=!4m7!3m6!1s0x888a470011b2bab5:0x80a1ce6e5bf45997!8m2!3d33.9491682!4d-85.9261555!16s%2Fg%2F11ms2hz943!19sChIJtbqyEQBHiogRl1n0W27OoYA?authuser=0&hl=en&rclk=1,auto repair shop,Etowah County,county,AL,2026-07-09T21:41:42,0x888a470011b2bab5:0x80a1ce6e5bf45997
B & T Diesel Repair,,,,"1 Casket St, Goodwater, AL 35072, United States",1 Casket St,Goodwater,AL,35072,5.0,26,Diesel engine repair service,,,https://www.google.com/maps/place/B+%26+T+Diesel+Repair/data=!4m7!3m6!1s0x888bf754eca4546f:0xbf6b75f53ce9535d!8m2!3d33.0645755!4d-86.0524485!16s%2Fg%2F11wb42ddrr!19sChIJb1Sk7FT3i4gRXVPpPPV1a78?authuser=0&hl=en&rclk=1,auto repair shop,Coosa County,county,AL,2026-07-21T13:46:00,0x888bf754eca4546f:0xbf6b75f53ce9535d
Spookeay Automotive,,,,"2291 Co Rd 75, Goodwater, AL 35072, United States",2291 Co Rd 75,Goodwater,AL,35072,4.8,5,Auto repair shop,,,https://www.google.com/maps/place/Spookeay+Automotive/data=!4m7!3m6!1s0x888c0756bf4e33ef:0x71005fcf0c4edc52!8m2!3d33.0158034!4d-86.1688376!16s%2Fg%2F1tczfp2q!19sChIJ7zNOv1YHjIgRUtxODM9fAHE?authuser=0&hl=en&rclk=1,auto repair shop,Coosa County,county,AL,2026-07-21T13:46:00,0x888c0756bf4e33ef:0x71005fcf0c4edc52
Gordo Reliable Auto Repair,,,,"236 Honeyview Dr, Gordo, AL 35466, United States",236 Honeyview Dr,Gordo,AL,35466,,,Auto repair shop,,,https://www.google.com/maps/place/Gordo+Reliable+Auto+Repair/data=!4m7!3m6!1s0x88866900547b56fb:0x39524d901586db20!8m2!3d33.3417105!4d-87.9456441!16s%2Fg%2F11w7kvrlwn!19sChIJ-1Z7VABphogRINuGFZBNUjk?authuser=0&hl=en&rclk=1,auto repair shop,Greene County,county,AL,2026-07-21T15:22:52,0x88866900547b56fb:0x39524d901586db20
Jones Auto Repair & Transmission,,,,"63 Jones Dr, Grant, AL 35747, United States",63 Jones Dr,Grant,AL,35747,3.9,11,Auto repair shop,,,https://www.google.com/maps/place/Jones+Auto+Repair+%26+Transmission/data=!4m7!3m6!1s0x8861ffd9e7470771:0x201b4246fc1ad368!8m2!3d34.5352341!4d-86.2273667!16s%2Fg%2F11jcjhkpx5!19sChIJcQdH59n_YYgRaNMa_EZCGyA?authuser=0&hl=en&rclk=1,auto repair shop,Jackson County,county,AL,2026-07-21T15:44:30,0x8861ffd9e7470771:0x201b4246fc1ad368
Kynard Tire & Repair Inc,(334) 624-1262,http://kynard-inc.keeq.io/,,"111 Demopolis St, Greensboro, AL 36744, United States",111 Demopolis St,Greensboro,AL,36744,4.2,32,Tire shop,,,https://www.google.com/maps/place/Kynard+Tire+%26+Repair+Inc/data=!4m7!3m6!1s0x88858b520d9ba6f7:0x4d5eb7be00e342a5!8m2!3d32.6918067!4d-87.6085433!16s%2Fg%2F1thzpnqn!19sChIJ96abDVKLhYgRpULjAL63Xk0?authuser=0&hl=en&rclk=1,auto repair shop,Choctaw County,county,AL,2026-07-21T13:02:28,0x88858b520d9ba6f7:0x4d5eb7be00e342a5
Jones Car Care Center Inc,,,,"318 Greenville Bypass, Greenville, AL 36037, United States",318 Greenville Bypass,Greenville,AL,36037,4.5,21,Auto repair shop,,,https://www.google.com/maps/place/Jones+Car+Care+Center+Inc/data=!4m7!3m6!1s0x888e3dcd5b025603:0x8cc64c20b2290348!8m2!3d31.8485476!4d-86.6307971!16s%2Fg%2F1tvw5q0j!19sChIJA1YCW809jogRSAMpsiBMxow?authuser=0&hl=en&rclk=1,auto repair shop,Butler County,county,AL,2026-07-21T12:14:28,0x888e3dcd5b025603:0x8cc64c20b2290348
MOORE'S AUTO REPAIR,,,,"122 Main St, Grove Hill, AL 36451, United States",122 Main St,Grove Hill,AL,36451,5.0,1,Auto repair shop,,,https://www.google.com/maps/place/MOORE%27S+AUTO+REPAIR/data=!4m7!3m6!1s0x88854952decc4417:0x5ab1de2df41b617c!8m2!3d31.7090466!4d-87.7772687!16s%2Fg%2F11w8qszc7f!19sChIJF0TM3lJJhYgRfGEb9C3esVo?authuser=0&hl=en&rclk=1,auto repair shop,Choctaw County,county,AL,2026-07-21T13:02:28,0x88854952decc4417:0x5ab1de2df41b617c
A-1 Service Center LLC,,,,"135 10th Ave E, Guin, AL 35563, United States",135 10th Ave E,Guin,AL,35563,5.0,2,Auto repair shop,,,https://www.google.com/maps/place/A-1+Service+Center+LLC/data=!4m7!3m6!1s0x8887b9c01fd618e5:0x2244b8b9ed8737e0!8m2!3d33.9646025!4d-87.914085!16s%2Fg%2F11t9wzrxb9!19sChIJ5RjWH8C5h4gR4DeH7bm4RCI?authuser=0&hl=en&rclk=1,auto repair shop,Lamar County,county,AL,2026-07-21T16:04:33,0x8887b9c01fd618e5:0x2244b8b9ed8737e0
Auto-Medics Inc,(256) 878-3912,https://www.auto-medics.net/,,"41 Leonard Rd, Guntersville, AL 35976, United States",41 Leonard Rd,Guntersville,AL,35976,4.8,48,Auto repair shop,,,https://www.google.com/maps/place/Auto-Medics+Inc/data=!4m7!3m6!1s0x888a1cd205f8cc61:0x28f6d2cf09fb804d!8m2!3d34.2991124!4d-86.274367!16s%2Fg%2F1262lml87!19sChIJYcz4BdIciogRTYD7Cc_S9ig?authuser=0&hl=en&rclk=1,auto repair shop,Clarke County,county,AL,2026-07-21T13:07:53,0x888a1cd205f8cc61:0x28f6d2cf09fb804d
"Auto Restorers Inc. - Haleyville, Al.",(205) 486-7777,,,"405 Alabama Ave, Haleyville, AL 35565, United States",405 Alabama Ave,Haleyville,AL,35565,5.0,4,Auto body shop,,,"https://www.google.com/maps/place/Auto+Restorers+Inc.+-+Haleyville,+Al./data=!4m7!3m6!1s0x8887e6bad3730b21:0x53629e78c0e71e2d!8m2!3d34.208498!4d-87.6309885!16s%2Fg%2F1tk_q0vb!19sChIJIQtz07rmh4gRLR7nwHieYlM?authuser=0&hl=en&rclk=1",auto repair shop,Marion County,county,AL,2026-07-21T17:15:08,0x8887e6bad3730b21:0x53629e78c0e71e2d
AutoZone Auto Parts,(205) 921-0043,https://www.autozone.com/locations/al/hamilton/1684-military-st-s.html?cmpid=LOC:US:EN:AD:NL:1000000:GEN:2372,,"1684 Military St S, Hamilton, AL 35570, United States",1684 Military St S,Hamilton,AL,35570,4.5,226,Auto parts store,,,https://www.google.com/maps/place/AutoZone+Auto+Parts/data=!4m7!3m6!1s0x888797df7845a2db:0xbff1f201fd377747!8m2!3d34.1202124!4d-87.9902045!16s%2Fg%2F1tfd34zx!19sChIJ26JFeN-Xh4gRR3c3_QHy8b8?authuser=0&hl=en&rclk=1,auto repair shop,Marion County,county,AL,2026-07-21T17:15:08,0x888797df7845a2db:0xbff1f201fd377747
Fikes Chevrolet,,,,"771 Military St N, Hamilton, AL 35570, United States",771 Military St N,Hamilton,AL,35570,,,Auto repair shop,,,https://www.google.com/maps/place/Fikes+Chevrolet/data=!4m7!3m6!1s0x888797005a930ff7:0xf4261e306a6a1dfa!8m2!3d34.1511279!4d-87.9832409!16s%2Fg%2F11zg1hp9t3!19sChIJ9w-TWgCXh4gR-h1qajAeJvQ?authuser=0&hl=en&rclk=1,auto repair shop,Marion County,county,AL,2026-07-21T17:15:08,0x888797005a930ff7:0xf4261e306a6a1dfa
John's automotive,,,,"3300 Bexar Ave, Hamilton, AL 35570, United States",3300 Bexar Ave,Hamilton,AL,35570,,,Auto repair shop,,,https://www.google.com/maps/place/John%27s+automotive/data=!4m7!3m6!1s0x888799002f273cc3:0xf4db2566385108f0!8m2!3d34.1628879!4d-88.0380121!16s%2Fg%2F11yl36362j!19sChIJwzwnLwCZh4gR8AhROGYl2_Q?authuser=0&hl=en&rclk=1,auto repair shop,Lamar County,county,AL,2026-07-21T16:04:33,0x888799002f273cc3:0xf4db2566385108f0
Lamb Motors Inc.,(205) 921-4872,https://www.lambmotors.com/,,"1871 Bexar Ave E, Hamilton, AL 35570, United States",1871 Bexar Ave E,Hamilton,AL,35570,3.6,149,Used car dealer,,,https://www.google.com/maps/place/Lamb+Motors+Inc./data=!4m7!3m6!1s0x8887a25f9ebb8873:0x809f64b658f05d3b!8m2!3d34.1453823!4d-87.9586335!16s%2Fg%2F1yglp_rv1!19sChIJc4i7nl-ih4gRO13wWLZkn4A?authuser=0&hl=en&rclk=1,auto repair shop,Lamar County,county,AL,2026-07-21T16:04:33,0x8887a25f9ebb8873:0x809f64b658f05d3b
O'Reilly Auto Parts,(205) 921-2003,https://locations.oreillyauto.com/en-us/al/hamilton/autoparts-1961.html,,"1845 Military St S, Hamilton, AL 35570, United States",1845 Military St S,Hamilton,AL,35570,4.4,156,Auto parts store,,,https://www.google.com/maps/place/O%27Reilly+Auto+Parts/data=!4m7!3m6!1s0x8887bd6b00ab1449:0xb9a673611151a523!8m2!3d34.117282!4d-87.988954!16s%2Fg%2F1tctgckm!19sChIJSRSrAGu9h4gRI6VREWFzprk?authuser=0&hl=en&rclk=1,auto repair shop,Marion County,county,AL,2026-07-21T17:15:08,0x8887bd6b00ab1449:0xb9a673611151a523
Walmart Auto Care Center,(205) 921-1054,https://www.walmart.com/store/1100-hamilton-al/auto-care-center/?veh=seo_loc,,"1706 Military St S, Hamilton, AL 35570, United States",1706 Military St S,Hamilton,AL,35570,3.7,98,Oil change service,,,https://www.google.com/maps/place/Walmart+Auto+Care+Center/data=!4m7!3m6!1s0x8887bd6bcdf50a3b:0xdea1c59a57ab10ca!8m2!3d34.1196445!4d-87.9924214!16s%2Fg%2F11dxblwfy2!19sChIJOwr1zWu9h4gRyhCrV5rFod4?authuser=0&hl=en&rclk=1,auto repair shop,Lamar County,county,AL,2026-07-21T16:04:33,0x8887bd6bcdf50a3b:0xdea1c59a57ab10ca
Watha's Inc.,(205) 921-2401,,,"195 1st Ave SE, Hamilton, AL 35570, United States",195 1st Ave SE,Hamilton,AL,35570,4.1,143,Towing service,,,https://www.google.com/maps/place/Watha%27s+Inc./data=!4m7!3m6!1s0x8887bd618e7ddf29:0x704f12d6543c9e39!8m2!3d34.1413399!4d-87.9869242!16s%2Fg%2F1tfxhg3r!19sChIJKd99jmG9h4gROZ48VNYST3A?authuser=0&hl=en&rclk=1,auto repair shop,Lamar County,county,AL,2026-07-21T16:04:33,0x8887bd618e7ddf29:0x704f12d6543c9e39
"Streetscene Automotive Restoration Company, Inc. (SARCo,Inc)",(205) 655-7700,,,"4528 US-280, Harpersville, AL 35078, United States",4528 US-280,Harpersville,AL,35078,4.9,8,Auto repair shop,,,"https://www.google.com/maps/place/Streetscene+Automotive+Restoration+Company,+Inc.+%28SARCo,Inc%29/data=!4m7!3m6!1s0x88890cb5632fe7eb:0x8de4ec086bce3a61!8m2!3d33.3379347!4d-86.4272325!16s%2Fg%2F1v8l0cmm!19sChIJ6-cvY7UMiYgRYTrOawjs5I0?authuser=0&hl=en&rclk=1",auto repair shop,Coosa County,county,AL,2026-07-21T13:46:00,0x88890cb5632fe7eb:0x8de4ec086bce3a61
RRAutomotive and detailing,,,,"1910 Morningside Dr NW, Hartselle, AL 35640, United States",1910 Morningside Dr NW,Hartselle,AL,35640,5.0,3,Mechanic,,,https://www.google.com/maps/place/RRAutomotive+and+detailing/data=!4m7!3m6!1s0x88882b07c33a68d3:0xd48a131b91f8a57c!8m2!3d34.465931!4d-86.9399346!16s%2Fg%2F11sm750jc3!19sChIJ02g6wwcriIgRfKX4kRsTitQ?authuser=0&hl=en&rclk=1,auto repair shop,Morgan County,county,AL,2026-07-10T11:03:43,0x88882b07c33a68d3:0xd48a131b91f8a57c
"Tankersley's Service Center, Inc.",(256) 773-2278,http://tankersleyservice.com/,,"200 US-31, Hartselle, AL 35640, United States",200 US-31,Hartselle,AL,35640,4.8,123,Auto repair shop,,,"https://www.google.com/maps/place/Tankersley%27s+Service+Center,+Inc./data=!4m7!3m6!1s0x88882af5fbe89481:0x84cd35b9df5f7e5e!8m2!3d34.4429205!4d-86.9419248!16s%2Fg%2F1tdp16xg!19sChIJgZTo-_UqiIgRXn5f37k1zYQ?authuser=0&hl=en&rclk=1",auto repair shop,Lawrence County,county,AL,2026-07-21T16:19:38,0x88882af5fbe89481:0x84cd35b9df5f7e5e
"H & S Garage and Wrecker Service, Inc",(205) 647-5441,https://www.facebook.com/H-S-Garage-Inc-232045253800111/,,"10101 AL-160, Hayden, AL 35079, United States",10101 AL-160,Hayden,AL,35079,4.6,87,Auto repair shop,,,"https://www.google.com/maps/place/H+%26+S+Garage+and+Wrecker+Service,+Inc/data=!4m7!3m6!1s0x8889bb2d70ef0079:0xbaff928b0587e116!8m2!3d33.9336058!4d-86.6918398!16s%2Fg%2F1v96mklg!19sChIJeQDvcC27iYgRFuGHBYuS_7o?authuser=0&hl=en&rclk=1",auto repair shop,St. Clair County,county,AL,2026-07-21T18:26:22,0x8889bb2d70ef0079:0xbaff928b0587e116
Steve's auto repair,,,,"6687 Co Rd 12, Headland, AL 36345, United States",6687 Co Rd 12,Headland,AL,36345,,,Auto repair shop,,,https://www.google.com/maps/place/Steve%27s+auto+repair/data=!4m7!3m6!1s0x8892a30071a02c85:0x897e4efa78e6adf!8m2!3d31.4028519!4d-85.2114604!16s%2Fg%2F11x_g68t16!19sChIJhSygcQCjkogR32qOp-_klwg?authuser=0&hl=en&rclk=1,auto repair shop,Henry County,county,AL,2026-07-21T15:33:50,0x8892a30071a02c85:0x897e4efa78e6adf
Holbrook and Sons Automotive,,,,"7917 Co Rd 10, Heflin, AL 36264, United States",7917 Co Rd 10,Heflin,AL,36264,4.0,2,Auto repair shop,,,https://www.google.com/maps/place/Holbrook+and+Sons+Automotive/data=!4m7!3m6!1s0x888b0f000093991b:0xe4b32e38143ba4e!8m2!3d33.5030084!4d-85.4617691!16s%2Fg%2F11ykv_hj23!19sChIJG5mTAAAPi4gRTrpDgeMySw4?authuser=0&hl=en&rclk=1,auto repair shop,Cleburne County,county,AL,2026-07-21T13:16:07,0x888b0f000093991b:0xe4b32e38143ba4e
Matthew's Repair Inc,(256) 463-7070,http://matthews-inc-heflin.jany.io/,,"7006 AL-46, Heflin, AL 36264, United States",7006 AL-46,Heflin,AL,36264,4.7,105,Truck repair shop,,,https://www.google.com/maps/place/Matthew%27s+Repair+Inc/data=!4m7!3m6!1s0x888b03eb13bee81b:0x5e86c0946f50f753!8m2!3d33.6443117!4d-85.5006982!16s%2Fg%2F1w0h88n3!19sChIJG-i-E-sDi4gRU_dQb5TAhl4?authuser=0&hl=en&rclk=1,auto repair shop,Cleburne County,county,AL,2026-07-21T13:16:07,0x888b03eb13bee81b:0x5e86c0946f50f753
"Diesel Fuel Systems, Inc.",(256) 657-5193,https://lomyu.me/diesel-fuel-systems-inc-469669-us,,"8172 AL-40, Henagar, AL 35978, United States",8172 AL-40,Henagar,AL,35978,4.7,25,Diesel engine repair service,,,"https://www.google.com/maps/place/Diesel+Fuel+Systems,+Inc./data=!4m7!3m6!1s0x8861cff531577941:0xb8f72386558775b1!8m2!3d34.6175794!4d-85.7422889!16s%2Fg%2F1vp74hsk!19sChIJQXlXMfXPYYgRsXWHVYYj97g?authuser=0&hl=en&rclk=1",auto repair shop,DeKalb County,county,AL,2026-07-09T21:14:30,0x8861cff531577941:0xb8f72386558775b1
Diamond Road Service LLC,,,,"73 Poplar St, Hollywood, AL 35752, United States",73 Poplar St,Hollywood,AL,35752,5.0,1,Auto repair shop,,,https://www.google.com/maps/place/Diamond+Road+Service+LLC/data=!4m7!3m6!1s0x8861eb60858ab56f:0x6ac2849888b5e68a!8m2!3d34.7272822!4d-85.9375383!16s%2Fg%2F11vb5yc2hc!19sChIJb7WKhWDrYYgRiua1iJiEwmo?authuser=0&hl=en&rclk=1,auto repair shop,Jackson County,county,AL,2026-07-10T09:12:47,0x8861eb60858ab56f:0x6ac2849888b5e68a
Midas,(205) 208-3764,https://www.midas.com/store/al/homewood/436-green-springs-highway-35209/?shopnum=3660&utm_source=google&utm_medium=organic&utm_campaign=gbp,,"436 Green Springs Hwy, Homewood, AL 35209, United States",436 Green Springs Hwy,Homewood,AL,35209,4.6,611,Auto repair shop,,,https://www.google.com/maps/place/Midas/data=!4m7!3m6!1s0x888919350fc0aaa7:0x7161e13d76d4092d!8m2!3d33.4629935!4d-86.8201178!16s%2Fg%2F1tgs1q1_!19sChIJp6rADzUZiYgRLQnUdj3hYXE?authuser=0&hl=en&rclk=1,auto repair shop,Jefferson County,county,AL,2026-07-21T15:53:13,0x888919350fc0aaa7:0x7161e13d76d4092d
Discount Tire,(205) 905-4926,https://www.discounttire.com/schedule-appointment?utm_source=yext&utm_medium=featured+message&utm_campaign=30_percent,,"3240 Galleria Cir, Hoover, AL 35244, United States",3240 Galleria Cir,Hoover,AL,35244,4.8,298,Tire shop,,,https://www.google.com/maps/place/Discount+Tire/data=!4m7!3m6!1s0x8889234ba6c890ef:0x7feae9ca2e1adf8b!8m2!3d33.3753691!4d-86.809258!16s%2Fg%2F11sf9lmhkh!19sChIJ75DIpksjiYgRi98aLsrp6n8?authuser=0&hl=en&rclk=1,auto repair shop,Hoover,city,AL,2026-07-21T19:53:30,0x8889234ba6c890ef:0x7feae9ca2e1adf8b
Goodyear Auto Service,(205) 979-3600,https://www.goodyear.com/en-us/goodyearautoservice,,"1623 Montgomery Hwy, Hoover, AL 35216, United States",1623 Montgomery Hwy,Hoover,AL,35216,4.3,165,Tire shop,,,https://www.google.com/maps/place/Goodyear+Auto+Service/data=!4m7!3m6!1s0x888918a0c16c778d:0xda7670f3b3306375!8m2!3d33.3970585!4d-86.8054489!16s%2Fg%2F1tgdjr__!19sChIJjXdswaAYiYgRdWMws_Nwdto?authuser=0&hl=en&rclk=1,auto repair shop,Hoover,city,AL,2026-07-21T19:53:30,0x888918a0c16c778d:0xda7670f3b3306375
Midas,(205) 538-2779,https://www.midas.com/store/al/hoover/1697-montgomery-highway-35216/?shopnum=3396&utm_source=google&utm_medium=organic&utm_campaign=gbp,,"1697 Montgomery Hwy, Hoover, AL 35216, United States",1697 Montgomery Hwy,Hoover,AL,35216,4.4,547,Auto repair shop,,,https://www.google.com/maps/place/Midas/data=!4m7!3m6!1s0x8889220ddb71aff1:0xe9d28cf51e2b9c07!8m2!3d33.3892954!4d-86.8057448!16s%2Fg%2F1tgnsf8z!19sChIJ8a9x2w0iiYgRB5wrHvWM0uk?authuser=0&hl=en&rclk=1,auto repair shop,Hoover,city,AL,2026-07-21T19:53:30,0x8889220ddb71aff1:0xe9d28cf51e2b9c07
Mr. Brake,,,,"3802-3800 Crowne Reserve, Hoover, AL 35244, United States",3802-3800 Crowne Reserve,Hoover,AL,35244,,,Auto repair shop,,,https://www.google.com/maps/place/Mr.+Brake/data=!4m7!3m6!1s0x888923003ebbd531:0xe29c3a980df561f7!8m2!3d33.3696455!4d-86.8172556!16s%2Fg%2F11zbsdz7m6!19sChIJMdW7PgAjiYgR92H1DZg6nOI?authuser=0&hl=en&rclk=1,auto repair shop,Hoover,city,AL,2026-07-21T19:53:30,0x888923003ebbd531:0xe29c3a980df561f7
Pep Boys Auto Service & Tires,(205) 608-9588,https://www.pepboys.com/stores/al/hoover/3300-galleria-circle?Cid=gbp_appt_AN:PB%7CPB:G%7CTT:GBP%7CCG:CONVERSION%7CCD:SERVICE,,"3300 Galleria Cir, Hoover, AL 35244, United States",3300 Galleria Cir,Hoover,AL,35244,4.4,586,Tire shop,,,https://www.google.com/maps/place/Pep+Boys+Auto+Service+%26+Tires/data=!4m7!3m6!1s0x888922179feda2f3:0x771ea67f7ea14bbe!8m2!3d33.376082!4d-86.807205!16s%2Fg%2F1tk1nrqf!19sChIJ86LtnxciiYgRvkuhfn-mHnc?authuser=0&hl=en&rclk=1,auto repair shop,Hoover,city,AL,2026-07-21T19:53:30,0x888922179feda2f3:0x771ea67f7ea14bbe
"Pro-Tow Professional Towing Services, Inc",(205) 855-2201,https://weilwrecker.com/,,"1872 Lornacrest Rd, Hoover, AL 35244, United States",1872 Lornacrest Rd,Hoover,AL,35244,4.7,782,Towing service,,,"https://www.google.com/maps/place/Pro-Tow+Professional+Towing+Services,+Inc/data=!4m7!3m6!1s0x88892224c32b1949:0xa38d6d8f9e613e43!8m2!3d33.3663307!4d-86.8153219!16s%2Fg%2F1td6s_j9!19sChIJSRkrwyQiiYgRQz5hno9tjaM?authuser=0&hl=en&rclk=1",auto repair shop,Hoover,city,AL,2026-07-21T19:53:30,0x88892224c32b1949:0xa38d6d8f9e613e43
Walmart Auto Care Center,(205) 733-0449,https://www.walmart.com/store/1229-hoover-al/auto-care-center/?veh=seo_loc,,"2780 John Hawkins Pkwy, Hoover, AL 35244, United States",2780 John Hawkins Pkwy,Hoover,AL,35244,2.7,102,Oil change service,,,https://www.google.com/maps/place/Walmart+Auto+Care+Center/data=!4m7!3m6!1s0x88892185e015ecb9:0xbecdaedc797ddda1!8m2!3d33.3618158!4d-86.8248581!16s%2Fg%2F1tsbmx1p!19sChIJuewV4IUhiYgRod19edyuzb4?authuser=0&hl=en&rclk=1,auto repair shop,Hoover,city,AL,2026-07-21T19:53:30,0x88892185e015ecb9:0xbecdaedc797ddda1
AAMCO Transmissions & Total Car Care,(256) 539-5458,https://www.aamco.com/Auto-Repair-Center/AL/Huntsville/Putman-Drive?utm_source=G&utm_medium=local&utm_campaign=google-local,,"1007 Putman Dr NW, Huntsville, AL 35816, United States",1007 Putman Dr NW,Huntsville,AL,35816,4.7,303,Transmission shop,,,https://www.google.com/maps/place/AAMCO+Transmissions+%26+Total+Car+Care/data=!4m7!3m6!1s0x88626b8dae23004b:0x1609de655f17e185!8m2!3d34.736575!4d-86.637835!16s%2Fg%2F1tdbg4n3!19sChIJSwAjro1rYogRheEXX2XeCRY?authuser=0&hl=en&rclk=1,auto repair shop,Madison County,county,AL,2026-07-21T16:53:08,0x88626b8dae23004b:0x1609de655f17e185
Firestone Complete Auto Care,(256) 715-6842,https://www.firestonecompleteautocare.com/alabama/huntsville/1020-airport-rd-sw/?utm_source=google&utm_medium=organic&utm_campaign=localmaps&cmp=oloc_google_localmaps_maps,,"1020 Airport Rd SW, Huntsville, AL 35802, United States",1020 Airport Rd SW,Huntsville,AL,35802,4.3,436,Tire shop,,,https://www.google.com/maps/place/Firestone+Complete+Auto+Care/data=!4m7!3m6!1s0x8862132daf65397d:0x4c8031fc8bcd1e94!8m2!3d34.6913167!4d-86.5785144!16s%2Fg%2F1tlnf535!19sChIJfTllry0TYogRlB7Ni_wxgEw?authuser=0&hl=en&rclk=1,auto repair shop,Huntsville,city,AL,2026-07-21T19:38:46,0x8862132daf65397d:0x4c8031fc8bcd1e94
Firestone Complete Auto Care,(256) 666-4338,https://www.firestonecompleteautocare.com/alabama/huntsville/940-old-monrovia-rd/?utm_source=google&utm_medium=organic&utm_campaign=localmaps&cmp=oloc_google_localmaps_maps,,"940 Old Monrovia Rd, Huntsville, AL 35806, United States",940 Old Monrovia Rd,Huntsville,AL,35806,4.2,449,Tire shop,,,https://www.google.com/maps/place/Firestone+Complete+Auto+Care/data=!4m7!3m6!1s0x8862695c77f759c3:0x7788c9bb3567b393!8m2!3d34.7384913!4d-86.6611951!16s%2Fg%2F1tlw9tjs!19sChIJw1n3d1xpYogRk7NnNbvJiHc?authuser=0&hl=en&rclk=1,auto repair shop,Madison County,county,AL,2026-07-21T16:53:08,0x8862695c77f759c3:0x7788c9bb3567b393
Firestone Complete Auto Care,(256) 666-3721,https://www.firestonecompleteautocare.com/alabama/huntsville/100-weatherly-rd-se/?utm_source=google&utm_medium=organic&utm_campaign=localmaps&cmp=oloc_google_localmaps_maps,,"100 Weatherly Rd SE, Huntsville, AL 35803, United States",100 Weatherly Rd SE,Huntsville,AL,35803,4.4,315,Tire shop,,,https://www.google.com/maps/place/Firestone+Complete+Auto+Care/data=!4m7!3m6!1s0x886212a48378f141:0x7d2c99661e711041!8m2!3d34.6462323!4d-86.5655058!16s%2Fg%2F1tdx0897!19sChIJQfF4g6QSYogRQRBxHmaZLH0?authuser=0&hl=en&rclk=1,auto repair shop,Madison County,county,AL,2026-07-21T16:53:08,0x886212a48378f141:0x7d2c99661e711041
Firestone Complete Auto Care,(256) 666-4015,https://www.firestonecompleteautocare.com/alabama/huntsville/2010-bob-wallace-ave-sw/?utm_source=google&utm_medium=organic&utm_campaign=localmaps&cmp=oloc_google_localmaps_maps,,"2010 Bob Wallace Ave SW, Huntsville, AL 35805, United States",2010 Bob Wallace Ave SW,Huntsville,AL,35805,4.4,546,Tire shop,,,https://www.google.com/maps/place/Firestone+Complete+Auto+Care/data=!4m7!3m6!1s0x88626cba3f75b3bb:0x6385d71bfa74d7f0!8m2!3d34.7117106!4d-86.591851!16s%2Fg%2F1v3dsvzf!19sChIJu7N1P7psYogR8Nd0-hvXhWM?authuser=0&hl=en&rclk=1,auto repair shop,Madison County,county,AL,2026-07-21T16:53:08,0x88626cba3f75b3bb:0x6385d71bfa74d7f0
Firestone Complete Auto Care,(256) 666-4358,https://www.firestonecompleteautocare.com/alabama/huntsville/1301-memorial-pkwy-nw/?utm_source=google&utm_medium=organic&utm_campaign=localmaps&cmp=oloc_google_localmaps_maps,,"1301 Memorial Pkwy NW, Huntsville, AL 35801, United States",1301 Memorial Pkwy NW,Huntsville,AL,35801,4.1,462,Tire shop,,,https://www.google.com/maps/place/Firestone+Complete+Auto+Care/data=!4m7!3m6!1s0x88626b6a0b0c513b:0x1657c8c9b1431445!8m2!3d34.7451881!4d-86.6013647!16s%2Fg%2F1tx1txx5!19sChIJO1EMC2prYogRRRRDscnIVxY?authuser=0&hl=en&rclk=1,auto repair shop,Madison County,county,AL,2026-07-21T16:53:08,0x88626b6a0b0c513b:0x1657c8c9b1431445
Goodyear Auto Service,(256) 534-7344,https://www.goodyear.com/en-us/goodyearautoservice,,"215 Clinton Ave E, Huntsville, AL 35801, United States",215 Clinton Ave E,Huntsville,AL,35801,4.1,133,Tire shop,,,https://www.google.com/maps/place/Goodyear+Auto+Service/data=!4m7!3m6!1s0x88626b53fbd6cc4d:0x8e3bf6cc32f91310!8m2!3d34.7324056!4d-86.5851982!16s%2Fg%2F1tj6vkbx!19sChIJTczW-1NrYogREBP5Msz2O44?authuser=0&hl=en&rclk=1,auto repair shop,Huntsville,city,AL,2026-07-10T13:19:21,0x88626b53fbd6cc4d:0x8e3bf6cc32f91310
Goodyear Auto Service,(256) 721-3815,https://www.goodyear.com/en-us/goodyearautoservice,,"7036 US-72, Huntsville, AL 35806, United States",7036 US-72,Huntsville,AL,35806,4.4,173,Tire shop,,,https://www.google.com/maps/place/Goodyear+Auto+Service/data=!4m7!3m6!1s0x886268e7d4febb07:0xc89e54a2ab872bf0!8m2!3d34.7547879!4d-86.7101!16s%2Fg%2F11bxg12661!19sChIJB7v-1OdoYogR8CuHq6JUnsg?authuser=0&hl=en&rclk=1,auto repair shop,Madison County,county,AL,2026-07-21T16:53:08,0x886268e7d4febb07:0xc89e54a2ab872bf0
Johnson Foreign Auto Inc,(256) 830-0620,http://www.johnsonforeignauto.com/,,"1215 Putman Dr NW, Huntsville, AL 35816, United States",1215 Putman Dr NW,Huntsville,AL,35816,4.7,83,Auto repair shop,,,https://www.google.com/maps/place/Johnson+Foreign+Auto+Inc/data=!4m7!3m6!1s0x88626b90329c924f:0xa010b679f0557ae4!8m2!3d34.7396396!4d-86.6333216!16s%2Fg%2F1tv3pdts!19sChIJT5KcMpBrYogR5HpV8Hm2EKA?authuser=0&hl=en&rclk=1,auto repair shop,Limestone County,county,AL,2026-07-21T16:33:48,0x88626b90329c924f:0xa010b679f0557ae4
Meineke Car Care Center,(256) 715-6757,https://www.meineke.com/locations/al/huntsville-2755/?utm_source=google&utm_medium=organic&utm_campaign=gbp_website,,"10035 Memorial Pkwy SW Ste C, Huntsville, AL 35803, United States",10035 Memorial Pkwy SW Ste C,Huntsville,AL,35803,4.3,386,Auto repair shop,,,https://www.google.com/maps/place/Meineke+Car+Care+Center/data=!4m7!3m6!1s0x886213d70f6d6e4f:0x87cf8b2a2daf04b8!8m2!3d34.6421051!4d-86.5661239!16s%2Fg%2F11fjn3mw28!19sChIJT25tD9cTYogRuASvLSqLz4c?authuser=0&hl=en&rclk=1,auto repair shop,Madison County,county,AL,2026-07-21T16:53:08,0x886213d70f6d6e4f:0x87cf8b2a2daf04b8
Midas,(256) 715-6900,https://www.midas.com/store/al/huntsville/1643-winchester-rd-ne-35811/?shopnum=3926&utm_source=google&utm_medium=organic&utm_campaign=gbp,,"1643 Winchester Rd NE, Huntsville, AL 35811, United States",1643 Winchester Rd NE,Huntsville,AL,35811,4.6,274,Auto repair shop,,,https://www.google.com/maps/place/Midas/data=!4m7!3m6!1s0x886215743057b6af:0xd96383aa6704aeda!8m2!3d34.8096993!4d-86.5127895!16s%2Fg%2F11lh3324n7!19sChIJr7ZXMHQVYogR2q4EZ6qDY9k?authuser=0&hl=en&rclk=1,auto repair shop,Huntsville,city,AL,2026-07-21T19:38:46,0x886215743057b6af:0xd96383aa6704aeda
Midas,(256) 808-2312,https://www.midas.com/store/al/huntsville/3000-leeman-ferry-road-southwest-35801/?shopnum=3113&utm_source=google&utm_medium=organic&utm_campaign=gbp,,"3000 Leeman Ferry Rd SW, Huntsville, AL 35801, United States",3000 Leeman Ferry Rd SW,Huntsville,AL,35801,4.4,826,Auto repair shop,,,https://www.google.com/maps/place/Midas/data=!4m7!3m6!1s0x88626cb874a77cb5:0xd741aa1b9311753d!8m2!3d34.7048239!4d-86.5920109!16s%2Fg%2F1wk4dspm!19sChIJtXyndLhsYogRPXURkxuqQdc?authuser=0&hl=en&rclk=1,auto repair shop,Madison County,county,AL,2026-07-21T16:53:08,0x88626cb874a77cb5:0xd741aa1b9311753d
Midas,(256) 715-6826,https://www.midas.com/store/al/huntsville/3150-university-dr-nw-35816/?shopnum=3927&utm_source=google&utm_medium=organic&utm_campaign=gbp,,"3150 University Dr NW, Huntsville, AL 35816, United States",3150 University Dr NW,Huntsville,AL,35816,4.4,451,Auto repair shop,,,https://www.google.com/maps/place/Midas/data=!4m7!3m6!1s0x88626b47d455303f:0x275ebd91c6b14e06!8m2!3d34.735394!4d-86.618316!16s%2Fg%2F11dxq8zfdb!19sChIJPzBV1EdrYogRBk6xxpG9Xic?authuser=0&hl=en&rclk=1,auto repair shop,Madison County,county,AL,2026-07-21T16:53:08,0x88626b47d455303f:0x275ebd91c6b14e06
Pep Boys Auto Service & Tires,(256) 701-8417,https://www.pepboys.com/stores/al/huntsville/2301-jordan-lane-nw?Cid=gbp_appt_AN:PB%7CPB:G%7CTT:GBP%7CCG:CONVERSION%7CCD:SERVICE,,"2301 Jordan Ln NW, Huntsville, AL 35816, United States",2301 Jordan Ln NW,Huntsville,AL,35816,4.4,557,Tire shop,,,https://www.google.com/maps/place/Pep+Boys+Auto+Service+%26+Tires/data=!4m7!3m6!1s0x88626bbe5db11651:0x918fc40f59808280!8m2!3d34.752082!4d-86.637088!16s%2Fg%2F1tdl6vzh!19sChIJURaxXb5rYogRgIKAWQ_Ej5E?authuser=0&hl=en&rclk=1,auto repair shop,Huntsville,city,AL,2026-07-21T19:38:46,0x88626bbe5db11651:0x918fc40f59808280
Pep Boys Auto Service & Tires,(256) 701-8535,https://www.pepboys.com/stores/al/huntsville/3305-s-memorial-pkwy?Cid=gbp_appt_AN:PB%7CPB:G%7CTT:GBP%7CCG:CONVERSION%7CCD:SERVICE,,"3305 S Memorial Pkwy, Huntsville, AL 35801, United States",3305 S Memorial Pkwy,Huntsville,AL,35801,4.2,509,Tire shop,,,https://www.google.com/maps/place/Pep+Boys+Auto+Service+%26+Tires/data=!4m7!3m6!1s0x88626cc97e8ed329:0xa0d7c206853f337f!8m2!3d34.701326!4d-86.585687!16s%2Fg%2F1w0p6c78!19sChIJKdOOfslsYogRfzM_hQbC16A?authuser=0&hl=en&rclk=1,auto repair shop,Huntsville,city,AL,2026-07-21T19:38:46,0x88626cc97e8ed329:0xa0d7c206853f337f
Pep Boys Auto Service & Tires,(256) 701-8710,https://www.pepboys.com/stores/al/huntsville/11114-memorial-pkwy-sw?Cid=gbp_appt_AN:PB%7CPB:G%7CTT:GBP%7CCG:CONVERSION%7CCD:SERVICE,,"11114 Memorial Pkwy SW, Huntsville, AL 35803, United States",11114 Memorial Pkwy SW,Huntsville,AL,35803,4.4,438,Tire shop,,,https://www.google.com/maps/place/Pep+Boys+Auto+Service+%26+Tires/data=!4m7!3m6!1s0x88620d589a5b96b7:0xe91e448fe42e9705!8m2!3d34.6251831!4d-86.5677327!16s%2Fg%2F1tvgw1y3!19sChIJt5ZbmlgNYogRBZcu5I9EHuk?authuser=0&hl=en&rclk=1,auto repair shop,Madison County,county,AL,2026-07-21T16:53:08,0x88620d589a5b96b7:0xe91e448fe42e9705
Classic Car Motoring Inc,(205) 841-2153,http://www.classiccarmotoring.com/,,"3900 Grants Mill Rd, Irondale, AL 35210, United States",3900 Grants Mill Rd,Irondale,AL,35210,4.6,116,Auto body shop,,,https://www.google.com/maps/place/Classic+Car+Motoring+Inc/data=!4m7!3m6!1s0x888905100e82030b:0xb008eeec121161c9!8m2!3d33.5337493!4d-86.6925499!16s%2Fg%2F1wc48r11!19sChIJCwOCDhAFiYgRyWEREuzuCLA?authuser=0&hl=en&rclk=1,auto repair shop,St. Clair County,county,AL,2026-07-10T11:58:17,0x888905100e82030b:0xb008eeec121161c9
Craigs Automotive,,,,"271-205 C C Brunson Rd, Jackson, AL 36545, United States",271-205 C C Brunson Rd,Jackson,AL,36545,5.0,1,Auto repair shop,,,https://www.google.com/maps/place/Craigs+Automotive/data=!4m7!3m6!1s0x889acb0f458ff5d7:0xcf7a293fa0cfbe17!8m2!3d31.5871383!4d-87.886271!16s%2Fg%2F11hzchn47m!19sChIJ1_WPRQ_LmogRF77PoD8pes8?authuser=0&hl=en&rclk=1,auto repair shop,Clarke County,county,AL,2026-07-21T13:07:53,0x889acb0f458ff5d7:0xcf7a293fa0cfbe17
HSR,,,,"503 Church Rd, Jackson's Gap, AL 36861, United States",503 Church Rd,Jackson's Gap,AL,36861,,,Auto repair shop,,,https://www.google.com/maps/place/HSR/data=!4m7!3m6!1s0x888c7100480aaefb:0x9ba2e5aa1a79faac!8m2!3d32.8967113!4d-85.7723976!16s%2Fg%2F11zh18bv4m!19sChIJ-64KSABxjIgRrPp5Gqrlops?authuser=0&hl=en&rclk=1,auto repair shop,Tallapoosa County,county,AL,2026-07-21T18:52:56,0x888c7100480aaefb:0x9ba2e5aa1a79faac
Robert ( parts place),,,,"1839 Co Rd 40, Jackson's Gap, AL 36861, United States",1839 Co Rd 40,Jackson's Gap,AL,36861,,,Auto repair shop,,,https://www.google.com/maps/place/Robert+%28+parts+place%29/data=!4m7!3m6!1s0x888c730068da5c1b:0xce23db9ff5395a49!8m2!3d32.8670071!4d-85.8649044!16s%2Fg%2F11mz9zh8yt!19sChIJG1zaaABzjIgRSVo59Z_bI84?authuser=0&hl=en&rclk=1,auto repair shop,Tallapoosa County,county,AL,2026-07-21T18:52:56,0x888c730068da5c1b:0xce23db9ff5395a49
Kilgore Auto Repair Inc,(256) 435-5184,,,"1280 Pelham Rd S, Jacksonville, AL 36265, United States",1280 Pelham Rd S,Jacksonville,AL,36265,4.1,20,Auto repair shop,,,https://www.google.com/maps/place/Kilgore+Auto+Repair+Inc/data=!4m7!3m6!1s0x888a520f279430f9:0xf012935eabf37c6a!8m2!3d33.7993027!4d-85.7607997!16s%2Fg%2F1tp1zl6p!19sChIJ-TCUJw9SiogRanzzq16TEvA?authuser=0&hl=en&rclk=1,auto repair shop,Calhoun County,county,AL,2026-07-21T12:24:14,0x888a520f279430f9:0xf012935eabf37c6a
"Barber's Body Shop,inc",(205) 387-7429,http://www.barberbodyshop.com/,,"1211 AL-195, Jasper, AL 35503, United States",1211 AL-195,Jasper,AL,35503,4.3,6,Auto body shop,,,"https://www.google.com/maps/place/Barber%27s+Body+Shop,inc/data=!4m7!3m6!1s0x888867b63b1351a7:0x28bcbbb1812f4e09!8m2!3d33.8655826!4d-87.2887114!16s%2Fg%2F1thgc6mq!19sChIJp1ETO7ZniIgRCU4vgbG7vCg?authuser=0&hl=en&rclk=1",auto repair shop,Walker County,county,AL,2026-07-21T19:09:03,0x888867b63b1351a7:0x28bcbbb1812f4e09
"Blackwell's Body Shop & Wrecker Service, Inc.",(205) 384-5070,http://www.blackwellbodyshop.com/,,"1600 AL-69, Jasper, AL 35501, United States",1600 AL-69,Jasper,AL,35501,4.5,93,Auto body shop,,,"https://www.google.com/maps/place/Blackwell%27s+Body+Shop+%26+Wrecker+Service,+Inc./data=!4m7!3m6!1s0x88886165a3a79cbb:0x433a0633ca2027e0!8m2!3d33.8254696!4d-87.2958968!16s%2Fg%2F1tkc2wgp!19sChIJu5yno2VhiIgR4CcgyjMGOkM?authuser=0&hl=en&rclk=1",auto repair shop,Pickens County,county,AL,2026-07-21T17:58:40,0x88886165a3a79cbb:0x433a0633ca2027e0
Firestone Complete Auto Care,(205) 282-4444,https://www.firestonecompleteautocare.com/alabama/jasper/604-hwy-78-w/?utm_source=google&utm_medium=organic&utm_campaign=localmaps&cmp=oloc_google_localmaps_maps,,"604 Hwy 78 W, Jasper, AL 35501, United States",604 Hwy 78 W,Jasper,AL,35501,4.5,439,Tire shop,,,https://www.google.com/maps/place/Firestone+Complete+Auto+Care/data=!4m7!3m6!1s0x888861361fe1bb4f:0xd541954c33d3d1c3!8m2!3d33.8493952!4d-87.2822332!16s%2Fg%2F11bbwyzx9v!19sChIJT7vhHzZhiIgRw9HTM0yVQdU?authuser=0&hl=en&rclk=1,auto repair shop,Walker County,county,AL,2026-07-21T19:09:03,0x888861361fe1bb4f:0xd541954c33d3d1c3
Hamilton's Auto,,,,"4796 AL-195, Jasper, AL 35503, United States",4796 AL-195,Jasper,AL,35503,4.0,1,Car dealer,,,https://www.google.com/maps/place/Hamilton%27s+Auto/data=!4m7!3m6!1s0x888865d6fc7bad3f:0x73167b5b5cc3779c!8m2!3d33.909073!4d-87.3045355!16s%2Fg%2F11fkf83gyq!19sChIJP617_NZliIgRnHfDXFt7FnM?authuser=0&hl=en&rclk=1,auto repair shop,Walker County,county,AL,2026-07-21T19:09:03,0x888865d6fc7bad3f:0x73167b5b5cc3779c
Billy's Paint & Body Shop Inc,(334) 678-9870,http://www.billyspaint.com/,,"762 Houston Co 105, Kinsey, AL 36303, United States",762 Houston Co 105,Kinsey,AL,36303,4.7,28,Auto body shop,,,https://www.google.com/maps/place/Billy%27s+Paint+%26+Body+Shop+Inc/data=!4m7!3m6!1s0x88928ffffa01a8ef:0x8ff63e5d95ce9f0c!8m2!3d31.3079358!4d-85.35216!16s%2Fg%2F1tfcp37_!19sChIJ76gB-v-PkogRDJ_OlV0-9o8?authuser=0&hl=en&rclk=1,auto repair shop,Henry County,county,AL,2026-07-21T15:33:50,0x88928ffffa01a8ef:0x8ff63e5d95ce9f0c
Marks,,,,"232 Farm Supply Rd, Laceys Spring, AL 35754, United States",232 Farm Supply Rd,Laceys Spring,AL,35754,,,Auto repair shop,,,https://www.google.com/maps/place/Marks/data=!4m7!3m6!1s0x886275002f7fafa9:0x6a8c6e775db27749!8m2!3d34.4854824!4d-86.6020427!16s%2Fg%2F11n9xlljrq!19sChIJqa9_LwB1YogRSXeyXXdujGo?authuser=0&hl=en&rclk=1,auto repair shop,Morgan County,county,AL,2026-07-10T11:03:43,0x886275002f7fafa9:0x6a8c6e775db27749
Multi Servicio Automotriz Alabama LLC,,https://www.instagram.com/multiservicioautomotrizalabama?igsh=MThhdjVlZGVpNW1wbg==,,"8300 Side Trak suite 100, Leeds, AL 35094, United States",8300 Side Trak suite 100,Leeds,AL,35094,5.0,5,Auto repair shop,,,https://www.google.com/maps/place/Multi+Servicio+Automotriz+Alabama+LLC/data=!4m7!3m6!1s0x88896d1b9fc5bd5f:0xa2620d4dab44afec!8m2!3d33.5474692!4d-86.5426334!16s%2Fg%2F11m6ldb73j!19sChIJX73FnxttiYgR7K9Eq00NYqI?authuser=0&hl=en&rclk=1,auto repair shop,Lee County,county,AL,2026-07-21T16:25:34,0x88896d1b9fc5bd5f:0xa2620d4dab44afec
Garrett Tire Services Inc.,(256) 526-8172,http://www.garretttire.com/,,"4270 Weiss Lake Blvd, Leesburg, AL 35983, United States",4270 Weiss Lake Blvd,Leesburg,AL,35983,4.5,281,Tire shop,,,https://www.google.com/maps/place/Garrett+Tire+Services+Inc./data=!4m7!3m6!1s0x888a68d7b4539095:0x8085715566f72605!8m2!3d34.1718041!4d-85.7843672!16s%2Fg%2F1wj_v0wt!19sChIJlZBTtNdoiogRBSb3ZlVxhYA?authuser=0&hl=en&rclk=1,auto repair shop,Cherokee County,county,AL,2026-07-21T12:40:11,0x888a68d7b4539095:0x8085715566f72605
Clay Service & Electronics,,,,"89040 AL-9, Lineville, AL 36266, United States",89040 AL-9,Lineville,AL,36266,4.3,11,Auto repair shop,,,https://www.google.com/maps/place/Clay+Service+%26+Electronics/data=!4m7!3m6!1s0x888b99c8b096fa53:0xd2339ac9e1b53ebc!8m2!3d33.310803!4d-85.750694!16s%2Fg%2F1tcxdzsl!19sChIJU_qWsMiZi4gRvD614cmaM9I?authuser=0&hl=en&rclk=1,auto repair shop,Clay County,county,AL,2026-07-21T13:12:36,0x888b99c8b096fa53:0xd2339ac9e1b53ebc
LIVINGSTON KWIK LUBE INC,(205) 652-7770,http://www.livingstonkwiklube.com/,,"1124 N Washington St, Livingston, AL 35470, United States",1124 N Washington St,Livingston,AL,35470,4.9,136,Oil change service,,,https://www.google.com/maps/place/LIVINGSTON+KWIK+LUBE+INC/data=!4m7!3m6!1s0x88844ca136bfcf87:0xa9d0b7c1cb93e21!8m2!3d32.6044789!4d-88.1826941!16s%2Fg%2F1thl_65r!19sChIJh8-_NqFMhIgRIT65HHwLnQo?authuser=0&hl=en&rclk=1,auto repair shop,Choctaw County,county,AL,2026-07-21T13:02:28,0x88844ca136bfcf87:0xa9d0b7c1cb93e21
Argento Car Care Center,,,,"110 Oakland Spgs, Madison, AL 35756, United States",110 Oakland Spgs,Madison,AL,35756,5.0,1,Auto repair shop,,,https://www.google.com/maps/place/Argento+Car+Care+Center/data=!4m7!3m6!1s0x886265007ffe158d:0x2fbea230e1182502!8m2!3d34.7284185!4d-86.8200417!16s%2Fg%2F11lf7ws3ls!19sChIJjRX-fwBlYogRAiUY4TCivi8?authuser=0&hl=en&rclk=1,auto repair shop,Madison County,county,AL,2026-07-21T16:53:08,0x886265007ffe158d:0x2fbea230e1182502
CM MECHANICS LLC,,,,"Welton Dr #35757, Madison, AL 35757, United States",Welton Dr #35757,Madison,AL,35757,,,Auto repair shop,,,https://www.google.com/maps/place/CM+MECHANICS+LLC/data=!4m7!3m6!1s0x886269a0ab1f80f3:0x2feaab2f8cf71803!8m2!3d34.8159563!4d-86.7289333!16s%2Fg%2F11z92p42y0!19sChIJ84Afq6BpYogRAxj3jC-r6i8?authuser=0&hl=en&rclk=1,auto repair shop,Madison County,county,AL,2026-07-21T16:53:08,0x886269a0ab1f80f3:0x2feaab2f8cf71803
Firestone Complete Auto Care,(256) 666-4256,https://www.firestonecompleteautocare.com/alabama/madison/8634-us-72/?utm_source=google&utm_medium=organic&utm_campaign=localmaps&cmp=oloc_google_localmaps_maps,,"8634 US-72, Madison, AL 35758, United States",8634 US-72,Madison,AL,35758,4.1,507,Tire shop,,,https://www.google.com/maps/place/Firestone+Complete+Auto+Care/data=!4m7!3m6!1s0x88626f80b38e5ae9:0xb8ff68314b375fba!8m2!3d34.7482243!4d-86.7746691!16s%2Fg%2F1q2w1fjsn!19sChIJ6VqOs4BvYogRul83SzFo_7g?authuser=0&hl=en&rclk=1,auto repair shop,Limestone County,county,AL,2026-07-21T16:33:48,0x88626f80b38e5ae9:0xb8ff68314b375fba
Firestone Complete Auto Care,(256) 850-3473,https://www.firestonecompleteautocare.com/alabama/madison/100-je-briscoe-way/?utm_source=google&utm_medium=organic&utm_campaign=localmaps&cmp=oloc_google_localmaps_maps,,"100 J. E. Briscoe Wy, Madison, AL 35758, United States",100 J. E. Briscoe Wy,Madison,AL,35758,4.1,282,Tire shop,,,https://www.google.com/maps/place/Firestone+Complete+Auto+Care/data=!4m7!3m6!1s0x886265cc4c308d05:0x1e7c669bb21465ca!8m2!3d34.6816122!4d-86.7385242!16s%2Fg%2F11h_5ltkh4!19sChIJBY0wTMxlYogRymUUsptmfB4?authuser=0&hl=en&rclk=1,auto repair shop,Limestone County,county,AL,2026-07-21T16:33:48,0x886265cc4c308d05:0x1e7c669bb21465ca
Meineke Car Care Center,(256) 262-8970,https://www.meineke.com/locations/al/madison-2756/,,"12801 Hatchett Rd W, Madison, AL 35757, United States",12801 Hatchett Rd W,Madison,AL,35757,4.0,486,Auto repair shop,,,https://www.google.com/maps/place/Meineke+Car+Care+Center/data=!4m7!3m6!1s0x8862673bd7e2f22b:0x15c3e188d1ed0207!8m2!3d34.7487449!4d-86.7902069!16s%2Fg%2F11hzhfttkj!19sChIJK_Li1ztnYogRBwLt0YjhwxU?authuser=0&hl=en&rclk=1,auto repair shop,Madison County,county,AL,2026-07-21T16:53:08,0x8862673bd7e2f22b:0x15c3e188d1ed0207
"Monrovia Body Shop & Wrecker Service, Inc.",(256) 837-7466,http://monroviabodyshopal.com/,,"165 Capshaw Rd, Madison, AL 35757, United States",165 Capshaw Rd,Madison,AL,35757,4.7,169,Car repair and maintenance service,,,"https://www.google.com/maps/place/Monrovia+Body+Shop+%26+Wrecker+Service,+Inc./data=!4m7!3m6!1s0x886268f67600486d:0x8813ee389af5c8a7!8m2!3d34.772412!4d-86.716481!16s%2Fg%2F1tf3pmrk!19sChIJbUgAdvZoYogRp8j1mjjuE4g?authuser=0&hl=en&rclk=1",auto repair shop,Madison County,county,AL,2026-07-21T16:53:08,0x886268f67600486d:0x8813ee389af5c8a7
Pep Boys Auto Service & Tires,(256) 542-9467,https://www.pepboys.com/stores/al/madison/105-ivory-way?Cid=gbp_appt_AN:PB%7CPB:G%7CTT:GBP%7CCG:CONVERSION%7CCD:SERVICE,,"105 Ivory Pl, Madison, AL 35758, United States",105 Ivory Pl,Madison,AL,35758,4.4,855,Tire shop,,,https://www.google.com/maps/place/Pep+Boys+Auto+Service+%26+Tires/data=!4m7!3m6!1s0x886265706bc4bd21:0x1ad71c2d5415df59!8m2!3d34.677569!4d-86.752695!16s%2Fg%2F1tfgkk2y!19sChIJIb3Ea3BlYogRWd8VVC0c1xo?authuser=0&hl=en&rclk=1,auto repair shop,Madison County,county,AL,2026-07-21T16:53:08,0x886265706bc4bd21:0x1ad71c2d5415df59
Automotive Dynamics,,,,"3410 Co Rd 21, Maplesville, AL 36750, United States",3410 Co Rd 21,Maplesville,AL,36750,5.0,1,Auto body shop,,,https://www.google.com/maps/place/Automotive+Dynamics/data=!4m7!3m6!1s0x888ed9000e715c39:0x4d76667bfd6ffd31!8m2!3d32.8493673!4d-86.8724418!16s%2Fg%2F11z2v1yy3h!19sChIJOVxxDgDZjogRMf1v_Xtmdk0?authuser=0&hl=en&rclk=1,auto repair shop,Chilton County,county,AL,2026-07-21T12:51:31,0x888ed9000e715c39:0x4d76667bfd6ffd31
Jeff‘s Repair Shop \ Napa Auto Parts,,,,"11340 AL-5, Marion, AL 36756, United States",11340 AL-5,Marion,AL,36756,,,Auto repair shop,,,https://www.google.com/maps/place/Jeff%E2%80%98s+Repair+Shop+%5C+Napa+Auto+Parts/data=!4m7!3m6!1s0x888f6900451f2db3:0xde5fb0ad94bfca0d!8m2!3d32.6270203!4d-87.3030608!16s%2Fg%2F11m5hy9d7j!19sChIJsy0fRQBpj4gRDcq_lK2wX94?authuser=0&hl=en&rclk=1,auto repair shop,Hale County,county,AL,2026-07-21T15:27:47,0x888f6900451f2db3:0xde5fb0ad94bfca0d
Marion Tire,,,,"1308 AL-5, Marion, AL 36756, United States",1308 AL-5,Marion,AL,36756,5.0,1,Auto repair shop,,,https://www.google.com/maps/place/Marion+Tire/data=!4m7!3m6!1s0x888f69002f435cb5:0x16ea84d6a59e7901!8m2!3d32.6168825!4d-87.3122871!16s%2Fg%2F11z7d9t265!19sChIJtVxDLwBpj4gRAXmepdaE6hY?authuser=0&hl=en&rclk=1,auto repair shop,Perry County,county,AL,2026-07-21T17:53:21,0x888f69002f435cb5:0x16ea84d6a59e7901
Jiffy Lube Oil Change,(334) 679-6333,https://www.jiffylube.com/locations/al/millbrook/4236,,"1880 Grandview Rd, Millbrook, AL 36054, United States",1880 Grandview Rd,Millbrook,AL,36054,4.9,301,Oil change service,,,https://www.google.com/maps/place/Jiffy+Lube+Oil+Change/data=!4m7!3m6!1s0x888e9b94b5faeb39:0x35eb18e93a6997c8!8m2!3d32.4967297!4d-86.3977046!16s%2Fg%2F11wvzg3qq1!19sChIJOev6tZSbjogRyJdpOukY6zU?authuser=0&hl=en&rclk=1,auto repair shop,Autauga County,county,AL,2026-07-09T17:31:41,0x888e9b94b5faeb39:0x35eb18e93a6997c8
M.A.D. MECHANICS,,,,"10929 Fernbank Rd, Millport, AL 35576, United States",10929 Fernbank Rd,Millport,AL,35576,5.0,3,Auto repair shop,,,https://www.google.com/maps/place/M.A.D.+MECHANICS/data=!4m7!3m6!1s0x8886f15df5fe5085:0x6628adf003398a40!8m2!3d33.5773734!4d-88.2583427!16s%2Fg%2F11q49vx66v!19sChIJhVD-9V3xhogRQIo5A_CtKGY?authuser=0&hl=en&rclk=1,auto repair shop,Lamar County,county,AL,2026-07-21T16:04:33,0x8886f15df5fe5085:0x6628adf003398a40
Down Home Automotive,,,,"30090 AL-17, Millry, AL 36558, United States",30090 AL-17,Millry,AL,36558,5.0,1,Auto repair shop,,,https://www.google.com/maps/place/Down+Home+Automotive/data=!4m7!3m6!1s0x8884d3dba0355dc9:0xef37f387fe849b07!8m2!3d31.6320129!4d-88.3127908!16s%2Fg%2F11w8syn5px!19sChIJyV01oNvThIgRB5uE_ofzN-8?authuser=0&hl=en&rclk=1,auto repair shop,Washington County,county,AL,2026-07-21T19:17:15,0x8884d3dba0355dc9:0xef37f387fe849b07
AAMCO Transmissions & Total Car Care,(251) 325-5184,https://www.aamcomobileal.com/?utm_source=G&utm_medium=local&utm_campaign=google-local,,"90 Schillinger Rd S, Mobile, AL 36608, United States",90 Schillinger Rd S,Mobile,AL,36608,5.0,58,Transmission shop,,,https://www.google.com/maps/place/AAMCO+Transmissions+%26+Total+Car+Care/data=!4m7!3m6!1s0x889bb34641d2571f:0x58bf5be7a196db1c!8m2!3d30.68827!4d-88.226192!16s%2Fg%2F11ykz4pvr9!19sChIJH1fSQUazm4gRHNuWoedbv1g?authuser=0&hl=en&rclk=1,auto repair shop,Mobile County,county,AL,2026-07-21T17:32:01,0x889bb34641d2571f:0x58bf5be7a196db1c
Country Boy Auto Repair,,,,"658 S Wilson Ave, Mobile, AL 36617, United States",658 S Wilson Ave,Mobile,AL,36617,4.9,16,Auto repair shop,,,https://www.google.com/maps/place/Country+Boy+Auto+Repair/data=!4m7!3m6!1s0x889a518cea87d059:0x18ec8bae0059e663!8m2!3d30.7223834!4d-88.0836029!16s%2Fg%2F11cm0gqc4c!19sChIJWdCH6oxRmogRY-ZZAK6L7Bg?authuser=0&hl=en&rclk=1,auto repair shop,Mobile County,county,AL,2026-07-21T17:32:01,0x889a518cea87d059:0x18ec8bae0059e663
Firestone Complete Auto Care,(251) 263-7896,https://www.firestonecompleteautocare.com/alabama/mobile/6417-airport-blvd/?utm_source=google&utm_medium=organic&utm_campaign=localmaps&cmp=oloc_google_localmaps_maps,,"6417 Airport Blvd, Mobile, AL 36608, United States",6417 Airport Blvd,Mobile,AL,36608,4.2,510,Tire shop,,,https://www.google.com/maps/place/Firestone+Complete+Auto+Care/data=!4m7!3m6!1s0x889bb294923ef78d:0xdd3445cb874ef2ad!8m2!3d30.6784199!4d-88.1918877!16s%2Fg%2F1tdcs9nx!19sChIJjfc-kpSym4gRrfJOh8tFNN0?authuser=0&hl=en&rclk=1,auto repair shop,Mobile,city,AL,2026-07-21T19:41:53,0x889bb294923ef78d:0xdd3445cb874ef2ad
Firestone Complete Auto Care,(251) 263-7494,https://www.firestonecompleteautocare.com/alabama/mobile/1516-government-st/?utm_source=google&utm_medium=organic&utm_campaign=localmaps&cmp=oloc_google_localmaps_maps,,"1516 Government St, Mobile, AL 36604, United States",1516 Government St,Mobile,AL,36604,4.2,404,Tire shop,,,https://www.google.com/maps/place/Firestone+Complete+Auto+Care/data=!4m7!3m6!1s0x889a4e142788c61b:0x10c860f3da719669!8m2!3d30.680497!4d-88.073728!16s%2Fg%2F1tf0rd8y!19sChIJG8aIJxROmogRaZZx2vNgyBA?authuser=0&hl=en&rclk=1,auto repair shop,Mobile County,county,AL,2026-07-21T17:32:01,0x889a4e142788c61b:0x10c860f3da719669
Firestone Complete Auto Care,(251) 706-7007,https://www.firestonecompleteautocare.com/alabama/mobile/3105-airport-blvd/?utm_source=google&utm_medium=organic&utm_campaign=localmaps&cmp=oloc_google_localmaps_maps,,"3105 Airport Blvd, Mobile, AL 36606, United States",3105 Airport Blvd,Mobile,AL,36606,4.2,665,Tire shop,,,https://www.google.com/maps/place/Firestone+Complete+Auto+Care/data=!4m7!3m6!1s0x889a4d97d75980ef:0x7f3b261945e54326!8m2!3d30.6757577!4d-88.1174053!16s%2Fg%2F1tfq5ffw!19sChIJ74BZ15dNmogRJkPlRRkmO38?authuser=0&hl=en&rclk=1,auto repair shop,Mobile County,county,AL,2026-07-21T17:32:01,0x889a4d97d75980ef:0x7f3b261945e54326
Firestone Complete Auto Care,(251) 415-4377,https://www.firestonecompleteautocare.com/alabama/mobile/5565-old-pascagoula-rd/?utm_source=google&utm_medium=organic&utm_campaign=localmaps&cmp=oloc_google_localmaps_maps,,"5565 Old Pascagoula Rd, Mobile, AL 36619, United States",5565 Old Pascagoula Rd,Mobile,AL,36619,4.5,828,Tire shop,,,https://www.google.com/maps/place/Firestone+Complete+Auto+Care/data=!4m7!3m6!1s0x889bb4b46849cdbb:0xe4031127fd00d58c!8m2!3d30.5884871!4d-88.1708536!16s%2Fg%2F1tcv26tt!19sChIJu81JaLS0m4gRjNUA_ScRA-Q?authuser=0&hl=en&rclk=1,auto repair shop,Mobile County,county,AL,2026-07-21T17:32:01,0x889bb4b46849cdbb:0xe4031127fd00d58c
Import Medic Inc,(251) 639-6800,https://www.facebook.com/Import-Medic-Auto-Repair-109300172441427/?ref=aymt_homepage_panel,,"1251 Air Terminal Drive, Mobile, AL 36695, United States",1251 Air Terminal Drive,Mobile,AL,36695,4.5,63,Auto repair shop,,,https://www.google.com/maps/place/Import+Medic+Inc/data=!4m7!3m6!1s0x889bb226a7f0e1bf:0xf3bbd24a77242cac!8m2!3d30.664607!4d-88.242409!16s%2Fg%2F12612vbmj!19sChIJv-Hwpyaym4gRrCwkd0rSu_M?authuser=0&hl=en&rclk=1,auto repair shop,Mobile County,county,AL,2026-07-21T17:32:01,0x889bb226a7f0e1bf:0xf3bbd24a77242cac
J and j Automotive repair service inc,(251) 468-7843,,,"310 Oak Dr, Mobile, AL 36617, United States",310 Oak Dr,Mobile,AL,36617,3.7,10,Auto repair shop,,,https://www.google.com/maps/place/J+and+j+Automotive+repair+service+inc/data=!4m7!3m6!1s0x889a51e158f62dc7:0xb550822d3842cfaa!8m2!3d30.7080111!4d-88.0775552!16s%2Fg%2F11fkyxs2sx!19sChIJxy32WOFRmogRqs9COC2CULU?authuser=0&hl=en&rclk=1,auto repair shop,Mobile County,county,AL,2026-07-21T17:32:01,0x889a51e158f62dc7:0xb550822d3842cfaa
L&M Tires & Automotive Inc,(251) 479-8544,https://www.landmtiresal.com/,,"3155 Spring Hill Ave, Mobile, AL 36607, United States",3155 Spring Hill Ave,Mobile,AL,36607,4.4,714,Tire shop,,,https://www.google.com/maps/place/L%26M+Tires+%26+Automotive+Inc/data=!4m7!3m6!1s0x889a52767b3750bf:0xf124cb8fcd7b2c76!8m2!3d30.7006295!4d-88.1149374!16s%2Fg%2F1td390fh!19sChIJv1A3e3ZSmogRdix7zY_LJPE?authuser=0&hl=en&rclk=1,auto repair shop,Mobile County,county,AL,2026-07-21T17:32:01,0x889a52767b3750bf:0xf124cb8fcd7b2c76
M & S Autotronics Inc,(251) 666-4050,,,"3762 Government Blvd B, Mobile, AL 36693, United States",3762 Government Blvd B,Mobile,AL,36693,4.9,16,Auto repair shop,,,https://www.google.com/maps/place/M+%26+S+Autotronics+Inc/data=!4m7!3m6!1s0x889a4c558815d117:0x695fd650e6008874!8m2!3d30.648929!4d-88.12908!16s%2Fg%2F1td0tp1l!19sChIJF9EViFVMmogRdIgA5lDWX2k?authuser=0&hl=en&rclk=1,auto repair shop,Mobile,city,AL,2026-07-21T19:41:53,0x889a4c558815d117:0x695fd650e6008874
Marks Automotive Repair Inc,(251) 660-2088,https://www.facebook.com/MarksAutoRepairs/,,"3782 Halls Mill Rd, Mobile, AL 36693, United States",3782 Halls Mill Rd,Mobile,AL,36693,4.7,80,Auto repair shop,,,https://www.google.com/maps/place/Marks+Automotive+Repair+Inc/data=!4m7!3m6!1s0x889a4cf516c2766b:0x9f7f8e4d9d0d7dcb!8m2!3d30.63289!4d-88.1293588!16s%2Fg%2F1263pwhz_!19sChIJa3bCFvVMmogRy30NnU2Of58?authuser=0&hl=en&rclk=1,auto repair shop,Baldwin County,county,AL,2026-07-21T11:25:20,0x889a4cf516c2766b:0x9f7f8e4d9d0d7dcb
Meineke Car Care Center,(251) 623-7820,https://www.meineke.com/locations/al/mobile-2742/?utm_source=google&utm_medium=organic&utm_campaign=gbp_website,,"1370 N University Blvd, Mobile, AL 36618, United States",1370 N University Blvd,Mobile,AL,36618,4.5,686,Auto repair shop,,,https://www.google.com/maps/place/Meineke+Car+Care+Center/data=!4m7!3m6!1s0x889a52b42efb352d:0x3addca1954959536!8m2!3d30.7184267!4d-88.1629749!16s%2Fg%2F11fz9z49z7!19sChIJLTX7LrRSmogRNpWVVBnK3To?authuser=0&hl=en&rclk=1,auto repair shop,Mobile County,county,AL,2026-07-21T17:32:01,0x889a52b42efb352d:0x3addca1954959536
New Century Tires & Auto Repairs Inc,(251) 661-6974,https://newcenturytiresandautorepairs.com/,,"5401 Schillinger Rd S, Mobile, AL 36619, United States",5401 Schillinger Rd S,Mobile,AL,36619,4.7,222,Tire shop,,,https://www.google.com/maps/place/New+Century+Tires+%26+Auto+Repairs+Inc/data=!4m7!3m6!1s0x889bb4473af81d55:0x7d9d6910a9e0f322!8m2!3d30.5782832!4d-88.2250876!16s%2Fg%2F1tqp_0h0!19sChIJVR34Oke0m4gRIvPgqRBpnX0?authuser=0&hl=en&rclk=1,auto repair shop,Mobile County,county,AL,2026-07-21T17:32:01,0x889bb4473af81d55:0x7d9d6910a9e0f322
Paul's Automotive Inc,(251) 631-3925,http://paulsautomotiveinc.net/,,"7740 Highland Ave, Mobile, AL 36608, United States",7740 Highland Ave,Mobile,AL,36608,4.0,226,Car repair and maintenance service,,,https://www.google.com/maps/place/Paul%27s+Automotive+Inc/data=!4m7!3m6!1s0x889bb273d381e8bb:0x4479bab385d1ff7c!8m2!3d30.6906866!4d-88.2243136!16s%2Fg%2F1tdlchk0!19sChIJu-iB03Oym4gRfP_RhbO6eUQ?authuser=0&hl=en&rclk=1,auto repair shop,Mobile County,county,AL,2026-07-21T17:32:01,0x889bb273d381e8bb:0x4479bab385d1ff7c
Pep Boys Auto Service & Tires,(251) 263-4691,https://www.pepboys.com/stores/al/mobile/5335-highway-way-90-west?Cid=gbp_appt_AN:PB%7CPB:G%7CTT:GBP%7CCG:CONVERSION%7CCD:SERVICE,,"5335 Highway Way 90 West, Mobile, AL 36619, United States",5335 Highway Way 90 West,Mobile,AL,36619,4.1,462,Tire shop,,,https://www.google.com/maps/place/Pep+Boys+Auto+Service+%26+Tires/data=!4m7!3m6!1s0x889a4b529e62870d:0xcb85081b0bc8211a!8m2!3d30.5953633!4d-88.1678943!16s%2Fg%2F1tgcn1s2!19sChIJDYdinlJLmogRGiHICxsIhcs?authuser=0&hl=en&rclk=1,auto repair shop,Mobile County,county,AL,2026-07-10T10:43:52,0x889a4b529e62870d:0xcb85081b0bc8211a
Pep Boys Auto Service & Tires,(251) 263-4081,https://www.pepboys.com/stores/al/mobile/4700-airport-blvd?Cid=gbp_appt_AN:PB%7CPB:G%7CTT:GBP%7CCG:CONVERSION%7CCD:SERVICE,,"4700 Airport Blvd, Mobile, AL 36608, United States",4700 Airport Blvd,Mobile,AL,36608,4.2,509,Tire shop,,,https://www.google.com/maps/place/Pep+Boys+Auto+Service+%26+Tires/data=!4m7!3m6!1s0x889bb2b61ef039df:0x8673f55506a215db!8m2!3d30.676539!4d-88.1741157!16s%2Fg%2F1tlwgf32!19sChIJ3znwHraym4gR2xWiBlX1c4Y?authuser=0&hl=en&rclk=1,auto repair shop,Mobile,city,AL,2026-07-21T19:41:53,0x889bb2b61ef039df:0x8673f55506a215db
Pep Boys Auto Service & Tires,(251) 263-4284,https://www.pepboys.com/stores/al/mobile/831-montlimar-dr?Cid=gbp_appt_AN:PB%7CPB:G%7CTT:GBP%7CCG:CONVERSION%7CCD:SERVICE,,"831 Montlimar Dr, Mobile, AL 36609, United States",831 Montlimar Dr,Mobile,AL,36609,4.1,945,Tire shop,,,https://www.google.com/maps/place/Pep+Boys+Auto+Service+%26+Tires/data=!4m7!3m6!1s0x889a4d0cbbb6f991:0x9686bcf66678268!8m2!3d30.67473!4d-88.134115!16s%2Fg%2F1tdj4_6t!19sChIJkfm2uwxNmogRaIJnZs9raAk?authuser=0&hl=en&rclk=1,auto repair shop,Mobile,city,AL,2026-07-21T19:41:53,0x889a4d0cbbb6f991:0x9686bcf66678268
Pep Boys Auto Service & Tires,(251) 263-4490,https://www.pepboys.com/stores/al/mobile/7756-airport-blvd?Cid=gbp_appt_AN:PB%7CPB:G%7CTT:GBP%7CCG:CONVERSION%7CCD:SERVICE,,"7756 Airport Blvd, Mobile, AL 36608, United States",7756 Airport Blvd,Mobile,AL,36608,4.3,583,Tire shop,,,https://www.google.com/maps/place/Pep+Boys+Auto+Service+%26+Tires/data=!4m7!3m6!1s0x889bb26c8b4871eb:0xf6da1d866ed1dde8!8m2!3d30.68405!4d-88.224532!16s%2Fg%2F1tklrb74!19sChIJ63FIi2yym4gR6N3RboYd2vY?authuser=0&hl=en&rclk=1,auto repair shop,Mobile County,county,AL,2026-07-21T17:32:01,0x889bb26c8b4871eb:0xf6da1d866ed1dde8
Port City Foreign Car Services Inc,(251) 473-1456,,,"2308 Halls Mill Rd, Mobile, AL 36606, United States",2308 Halls Mill Rd,Mobile,AL,36606,4.5,53,Auto repair shop,,,https://www.google.com/maps/place/Port+City+Foreign+Car+Services+Inc/data=!4m7!3m6!1s0x889a4dd1bb1ab4d3:0x2f234c1e9be1c6e8!8m2!3d30.6597995!4d-88.0979766!16s%2Fg%2F1wj_v15r!19sChIJ07Qau9FNmogR6Mbhmx5MIy8?authuser=0&hl=en&rclk=1,auto repair shop,Mobile County,county,AL,2026-07-21T17:32:01,0x889a4dd1bb1ab4d3:0x2f234c1e9be1c6e8
Red's Automotive Inc,(251) 473-4141,,,"164 Noel Ave, Mobile, AL 36607, United States",164 Noel Ave,Mobile,AL,36607,4.6,57,Auto repair shop,,,https://www.google.com/maps/place/Red%27s+Automotive+Inc/data=!4m7!3m6!1s0x889a4d8747bd4147:0x16f0ef38e08ea400!8m2!3d30.6971003!4d-88.1234864!16s%2Fg%2F1th24lbn!19sChIJR0G9R4dNmogRAKSO4Djv8BY?authuser=0&hl=en&rclk=1,auto repair shop,Mobile County,county,AL,2026-07-21T17:32:01,0x889a4d8747bd4147:0x16f0ef38e08ea400
"Rester's Auto, Inc.",(251) 633-9514,https://www.restersauto.com/,,"7850 Zeigler Blvd, Mobile, AL 36608, United States",7850 Zeigler Blvd,Mobile,AL,36608,4.8,94,Auto repair shop,,,"https://www.google.com/maps/place/Rester%27s+Auto,+Inc./data=!4m7!3m6!1s0x889bad8b54ce3f07:0xeef1e69a7bd59aca!8m2!3d30.7053045!4d-88.2265054!16s%2Fg%2F1tfc7d59!19sChIJBz_OVIutm4gRyprVe5rm8e4?authuser=0&hl=en&rclk=1",auto repair shop,Mobile County,county,AL,2026-07-21T17:32:01,0x889bad8b54ce3f07:0xeef1e69a7bd59aca
Lee Motor Chevrolet Service,,https://www.leemotorcompany.com/service/?utm_source=google&utm_medium=organic&utm_campaign=scgooglemybusiness,,"31 S Alabama Ave, Monroeville, AL 36460, United States",31 S Alabama Ave,Monroeville,AL,36460,4.1,18,Auto repair shop,,,https://www.google.com/maps/place/Lee+Motor+Chevrolet+Service/data=!4m7!3m6!1s0x88901c6b767fd7c3:0x3c331640b92f2eea!8m2!3d31.526233!4d-87.3234983!16s%2Fg%2F11b6qc6r8t!19sChIJw9d_dmsckIgR6i4vuUAWMzw?authuser=0&hl=en&rclk=1,auto repair shop,Conecuh County,county,AL,2026-07-21T13:39:06,0x88901c6b767fd7c3:0x3c331640b92f2eea
"Performance Automotive & Diesel, Inc.",(251) 575-4891,,,"1376 S Alabama Ave, Monroeville, AL 36460, United States",1376 S Alabama Ave,Monroeville,AL,36460,4.7,7,Auto repair shop,,,"https://www.google.com/maps/place/Performance+Automotive+%26+Diesel,+Inc./data=!4m7!3m6!1s0x88901beffb1db7ad:0x4f4ab8376492424c!8m2!3d31.5071544!4d-87.3196439!16s%2Fg%2F11vpwrgq0p!19sChIJrbcd--8bkIgRTEKSZDe4Sk8?authuser=0&hl=en&rclk=1",auto repair shop,Conecuh County,county,AL,2026-07-21T13:39:06,0x88901beffb1db7ad:0x4f4ab8376492424c
Chico's Auto Pros,,https://www.chicosautopros.com/,,"3560 Atlanta Hwy, Montgomery, AL 36109, United States",3560 Atlanta Hwy,Montgomery,AL,36109,4.2,139,Auto body shop,,,https://www.google.com/maps/place/Chico%27s+Auto+Pros/data=!4m7!3m6!1s0x888c297d95252673:0x48edd3e006dfc8d2!8m2!3d32.384119!4d-86.2540448!16s%2Fg%2F1vxcx5lf!19sChIJcyYllX0pjIgR0sjfBuDT7Ug?authuser=0&hl=en&rclk=1,auto repair shop,Montgomery County,county,AL,2026-07-21T17:43:12,0x888c297d95252673:0x48edd3e006dfc8d2
Firestone Complete Auto Care,(334) 245-4710,https://www.firestonecompleteautocare.com/alabama/montgomery/7035-eastchase-pkwy/?utm_source=google&utm_medium=organic&utm_campaign=localmaps&cmp=oloc_google_localmaps_maps,,"7035 Eastchase Pkwy, Montgomery, AL 36117, United States",7035 Eastchase Pkwy,Montgomery,AL,36117,4.6,1566,Tire shop,,,https://www.google.com/maps/place/Firestone+Complete+Auto+Care/data=!4m7!3m6!1s0x888c2c73d8711875:0x694073df405009ce!8m2!3d32.3604568!4d-86.1683011!16s%2Fg%2F11rctthcz!19sChIJdRhx2HMsjIgRzglQQN9zQGk?authuser=0&hl=en&rclk=1,auto repair shop,Elmore County,county,AL,2026-07-21T14:37:34,0x888c2c73d8711875:0x694073df405009ce
Firestone Complete Auto Care,(334) 523-8268,https://www.firestonecompleteautocare.com/alabama/montgomery/5390-atlanta-hwy/?utm_source=google&utm_medium=organic&utm_campaign=localmaps&cmp=oloc_google_localmaps_maps,,"5390 Atlanta Hwy, Montgomery, AL 36109, United States",5390 Atlanta Hwy,Montgomery,AL,36109,4.6,1266,Tire shop,,,https://www.google.com/maps/place/Firestone+Complete+Auto+Care/data=!4m7!3m6!1s0x888c2bd2d128ade9:0x6665ad8e02b33bcd!8m2!3d32.381325!4d-86.2154923!16s%2Fg%2F1vgx1jj8!19sChIJ6a0o0dIrjIgRzTuzAo6tZWY?authuser=0&hl=en&rclk=1,auto repair shop,Elmore County,county,AL,2026-07-21T14:37:34,0x888c2bd2d128ade9:0x6665ad8e02b33bcd
Firestone Complete Auto Care,(334) 647-6987,https://www.firestonecompleteautocare.com/alabama/montgomery/4550-s-kelly-st/?utm_source=google&utm_medium=organic&utm_campaign=localmaps&cmp=oloc_google_localmaps_maps,,"4550 Kelly St, Montgomery, AL 36112, United States",4550 Kelly St,Montgomery,AL,36112,4.5,262,Tire shop,,,https://www.google.com/maps/place/Firestone+Complete+Auto+Care/data=!4m7!3m6!1s0x888e86b9d53507f7:0xf6693e25ff38c09c!8m2!3d32.3727625!4d-86.3508799!16s%2Fg%2F1x6q2jf1!19sChIJ9wc11bmGjogRnMA4_yU-afY?authuser=0&hl=en&rclk=1,auto repair shop,Elmore County,county,AL,2026-07-21T14:37:34,0x888e86b9d53507f7:0xf6693e25ff38c09c
Goodyear Commercial Tire & Service Centers,(334) 261-2872,http://www.goodyearctsc.com/,,"3001 Hayneville Rd, Montgomery, AL 36108, United States",3001 Hayneville Rd,Montgomery,AL,36108,4.6,46,Tire shop,,,https://www.google.com/maps/place/Goodyear+Commercial+Tire+%26+Service+Centers/data=!4m7!3m6!1s0x888e87282d9d2b3d:0x7d8f6f27ad55bcf!8m2!3d32.3482475!4d-86.345375!16s%2Fg%2F11b8_hlj79!19sChIJPSudLSiHjogRz1vVevL22Ac?authuser=0&hl=en&rclk=1,auto repair shop,Lowndes County,county,AL,2026-07-21T16:37:35,0x888e87282d9d2b3d:0x7d8f6f27ad55bcf
Jimmy Auto Repair,,,,"3380 Atlanta Hwy, Montgomery, AL 36109, United States",3380 Atlanta Hwy,Montgomery,AL,36109,3.4,21,Auto repair shop,,,https://www.google.com/maps/place/Jimmy+Auto+Repair/data=!4m7!3m6!1s0x888e81fc4016aaab:0xfd2bfde5ba06fe22!8m2!3d32.3843094!4d-86.2602355!16s%2Fg%2F11hy9nqwqg!19sChIJq6oWQPyBjogRIv4GuuX9K_0?authuser=0&hl=en&rclk=1,auto repair shop,Lowndes County,county,AL,2026-07-21T16:37:35,0x888e81fc4016aaab:0xfd2bfde5ba06fe22
Meineke Car Care Center,(334) 647-6893,https://www.meineke.com/locations/al/montgomery-1700/?utm_source=google&utm_medium=organic&utm_campaign=gbp_website,,"5700 - B Atlanta Hwy, Montgomery, AL 36117, United States",5700 - B Atlanta Hwy,Montgomery,AL,36117,4.5,576,Auto repair shop,,,https://www.google.com/maps/place/Meineke+Car+Care+Center/data=!4m7!3m6!1s0x888c2bda5523d327:0x22eeae655636b59f!8m2!3d32.381456!4d-86.203268!16s%2Fg%2F1hc6jn4wh!19sChIJJ9MjVdorjIgRn7U2VmWu7iI?authuser=0&hl=en&rclk=1,auto repair shop,Elmore County,county,AL,2026-07-21T14:37:34,0x888c2bda5523d327:0x22eeae655636b59f
Mr. Montgomery Mobile Auto Repair,,,,"330 S Ripley St, Montgomery, AL 36104, United States",330 S Ripley St,Montgomery,AL,36104,,,Auto repair shop,,,https://www.google.com/maps/place/Mr.+Montgomery+Mobile+Auto+Repair/data=!4m7!3m6!1s0x888e810066d32305:0x6f56755d9dd5023d!8m2!3d32.3736088!4d-86.2984237!16s%2Fg%2F11lmfz0lc6!19sChIJBSPTZgCBjogRPQLVnV11Vm8?authuser=0&hl=en&rclk=1,auto repair shop,Montgomery County,county,AL,2026-07-21T17:43:12,0x888e810066d32305:0x6f56755d9dd5023d
Pep Boys Auto Service & Tires,(334) 230-7963,https://www.pepboys.com/stores/al/montgomery/5706-atlanta-hwy?Cid=gbp_appt_AN:PB%7CPB:G%7CTT:GBP%7CCG:CONVERSION%7CCD:SERVICE,,"5706 Atlanta Hwy, Montgomery, AL 36117, United States",5706 Atlanta Hwy,Montgomery,AL,36117,4.2,535,Tire shop,,,https://www.google.com/maps/place/Pep+Boys+Auto+Service+%26+Tires/data=!4m7!3m6!1s0x888c2bdbafec9531:0x53535a3d12f8a734!8m2!3d32.381628!4d-86.202521!16s%2Fg%2F1tqnmdp5!19sChIJMZXsr9srjIgRNKf4Ej1aU1M?authuser=0&hl=en&rclk=1,auto repair shop,Macon County,county,AL,2026-07-21T16:44:39,0x888c2bdbafec9531:0x53535a3d12f8a734
Pep Boys Auto Service & Tires,(334) 230-7764,https://www.pepboys.com/stores/al/montgomery/2769-zelda-rd?Cid=gbp_appt_AN:PB%7CPB:G%7CTT:GBP%7CCG:CONVERSION%7CCD:SERVICE,,"2769 Zelda Rd, Montgomery, AL 36106, United States",2769 Zelda Rd,Montgomery,AL,36106,4.1,415,Tire shop,,,https://www.google.com/maps/place/Pep+Boys+Auto+Service+%26+Tires/data=!4m7!3m6!1s0x888e81db5167d3dd:0x45c3832d8c5d83b2!8m2!3d32.363096!4d-86.265943!16s%2Fg%2F1tklr9_m!19sChIJ3dNnUduBjogRsoNdjC2Dw0U?authuser=0&hl=en&rclk=1,auto repair shop,Montgomery County,county,AL,2026-07-21T17:43:11,0x888e81db5167d3dd:0x45c3832d8c5d83b2
Pep Boys Auto Service & Tires,(334) 230-7659,https://www.pepboys.com/stores/al/montgomery/3541-malcolm-dr?Cid=gbp_appt_AN:PB%7CPB:G%7CTT:GBP%7CCG:CONVERSION%7CCD:SERVICE,,"3541 Malcolm Dr, Montgomery, AL 36116, United States",3541 Malcolm Dr,Montgomery,AL,36116,4.4,507,Tire shop,,,https://www.google.com/maps/place/Pep+Boys+Auto+Service+%26+Tires/data=!4m7!3m6!1s0x888c2b637b4df66b:0xd85d700e949385!8m2!3d32.3303139!4d-86.1798638!16s%2Fg%2F1thpxlxk!19sChIJa_ZNe2MrjIgRhZOUDnBd2AA?authuser=0&hl=en&rclk=1,auto repair shop,Montgomery County,county,AL,2026-07-21T17:43:12,0x888c2b637b4df66b:0xd85d700e949385
Pounceys Automotive,,,,"2015 Mt Meigs Rd, Montgomery, AL 36107, United States",2015 Mt Meigs Rd,Montgomery,AL,36107,4.0,4,Auto repair shop,,,https://www.google.com/maps/place/Pounceys+Automotive/data=!4m7!3m6!1s0x888e8192febaaaab:0xd80fcb04ddb3cc1d!8m2!3d32.378143!4d-86.2789397!16s%2Fg%2F11hy9pfswj!19sChIJq6q6_pKBjogRHcyz3QTLD9g?authuser=0&hl=en&rclk=1,auto repair shop,Montgomery County,county,AL,2026-07-21T17:43:11,0x888e8192febaaaab:0xd80fcb04ddb3cc1d
River Region Auto & Service Inc,(334) 262-1721,http://riverregionauto.com/,,"218 N Bainbridge St, Montgomery, AL 36104, United States",218 N Bainbridge St,Montgomery,AL,36104,4.5,81,Auto repair shop,,,https://www.google.com/maps/place/River+Region+Auto+%26+Service+Inc/data=!4m7!3m6!1s0x888e81775c2c3b29:0x5eb7801971806d1!8m2!3d32.3810152!4d-86.3011239!16s%2Fg%2F11b6b5k50d!19sChIJKTssXHeBjogR0QYYlwF46wU?authuser=0&hl=en&rclk=1,auto repair shop,Autauga County,county,AL,2026-07-21T11:15:17,0x888e81775c2c3b29:0x5eb7801971806d1
"John Carpenter Motors, Inc.",,,,"14591 Court St, Moulton, AL 35650, United States",14591 Court St,Moulton,AL,35650,5.0,2,Auto repair shop,,,"https://www.google.com/maps/place/John+Carpenter+Motors,+Inc./data=!4m7!3m6!1s0x8862a1a89e3b08f3:0xb6242fd718059c8b!8m2!3d34.4820481!4d-87.2875152!16s%2Fg%2F11s8kbl5lm!19sChIJ8wg7nqihYogRi5wFGNcvJLY?authuser=0&hl=en&rclk=1",auto repair shop,Lawrence County,county,AL,2026-07-10T09:33:18,0x8862a1a89e3b08f3:0xb6242fd718059c8b
Your Local Mechanic LLC,,https://www.your-local-mechanic.com/,,"1751 Co Rd 164, Moulton, AL 35650, United States",1751 Co Rd 164,Moulton,AL,35650,5.0,18,Mechanic,,,https://www.google.com/maps/place/Your+Local+Mechanic+LLC/data=!4m7!3m6!1s0x8862a7ffabb55a53:0x5683eb6282dd3c59!8m2!3d34.5057356!4d-87.3468883!16s%2Fg%2F11ldbbdkm8!19sChIJU1q1q_-nYogRWTzdgmLrg1Y?authuser=0&hl=en&rclk=1,auto repair shop,Lawrence County,county,AL,2026-07-21T16:19:38,0x8862a7ffabb55a53:0x5683eb6282dd3c59
american diesel inc,(256) 974-1112,http://american-dieselinc.com/,,"101 Parker Rd, Moulton, AL 35650, United States",101 Parker Rd,Moulton,AL,35650,4.9,44,Diesel engine repair service,,,https://www.google.com/maps/place/american+diesel+inc/data=!4m7!3m6!1s0x8862a0c4b8794267:0x69d4b57cbcbb9301!8m2!3d34.5112799!4d-87.287312!16s%2Fg%2F11b6t23686!19sChIJZ0J5uMSgYogRAZO7vHy11Gk?authuser=0&hl=en&rclk=1,auto repair shop,Lawrence County,county,AL,2026-07-10T09:33:18,0x8862a0c4b8794267:0x69d4b57cbcbb9301
"Moon Automotive, Inc",(205) 631-1096,http://www.moonautomotive.com/,,"3493 Mt Olive Rd, Mt Olive, AL 35117, United States",3493 Mt Olive Rd,Mt Olive,AL,35117,4.6,32,Auto repair shop,,,"https://www.google.com/maps/place/Moon+Automotive,+Inc/data=!4m7!3m6!1s0x888901a40af455dd:0xd04fe289bdfb9a51!8m2!3d33.6915639!4d-86.8707648!16s%2Fg%2F11sh1f6gb8!19sChIJ3VX0CqQBiYgRUZr7vYniT9A?authuser=0&hl=en&rclk=1",auto repair shop,Jefferson County,county,AL,2026-07-21T15:53:13,0x888901a40af455dd:0xd04fe289bdfb9a51
Firestone Complete Auto Care,(256) 576-8547,https://www.firestonecompleteautocare.com/alabama/muscle-shoals/3202-woodward-ave/?utm_source=google&utm_medium=organic&utm_campaign=localmaps&cmp=oloc_google_localmaps_maps,,"3202 Woodward Ave, Muscle Shoals, AL 35661, United States",3202 Woodward Ave,Muscle Shoals,AL,35661,4.4,313,Tire shop,,,https://www.google.com/maps/place/Firestone+Complete+Auto+Care/data=!4m7!3m6!1s0x887d4f3d9a97325f:0x9c8da4a1a6eb4609!8m2!3d34.7317875!4d-87.6682701!16s%2Fg%2F11ng6hz8mw!19sChIJXzKXmj1PfYgRCUbrpqGkjZw?authuser=0&hl=en&rclk=1,auto repair shop,Colbert County,county,AL,2026-07-21T13:31:29,0x887d4f3d9a97325f:0x9c8da4a1a6eb4609
Jiffy Lube Oil Change,(256) 383-9333,https://www.jiffylube.com/locations/al/muscle-shoals/3956,,"710 E Avalon Ave, Muscle Shoals, AL 35661, United States",710 E Avalon Ave,Muscle Shoals,AL,35661,4.7,730,Oil change service,,,https://www.google.com/maps/place/Jiffy+Lube+Oil+Change/data=!4m7!3m6!1s0x887d4f0758ffe411:0x4ddc0d59a0f8ac93!8m2!3d34.7444829!4d-87.6634462!16s%2Fg%2F1tdq1x0d!19sChIJEeT_WAdPfYgRk6z4oFkN3E0?authuser=0&hl=en&rclk=1,auto repair shop,Colbert County,county,AL,2026-07-21T13:31:29,0x887d4f0758ffe411:0x4ddc0d59a0f8ac93
BIG JAY'S Mobile Mechanic,,,,"110 Mill View Dr, New Market, AL 35761, United States",110 Mill View Dr,New Market,AL,35761,4.0,29,Auto repair shop,,,https://www.google.com/maps/place/BIG+JAY%27S+Mobile+Mechanic/data=!4m7!3m6!1s0x88623fab423470ef:0x4b67b407ba36cef9!8m2!3d34.9024516!4d-86.5261601!16s%2Fg%2F11whlfvyzy!19sChIJ73A0Qqs_YogR-c42uge0Z0s?authuser=0&hl=en&rclk=1,auto repair shop,Madison County,county,AL,2026-07-10T10:04:15,0x88623fab423470ef:0x4b67b407ba36cef9
Wire Road Auto,,,,"6087 Co Rd 53, Notasulga, AL 36866, United States",6087 Co Rd 53,Notasulga,AL,36866,4.0,4,Auto repair shop,,,https://www.google.com/maps/place/Wire+Road+Auto/data=!4m7!3m6!1s0x888c58876fc3fd65:0x512405fa3b2f0b02!8m2!3d32.5068717!4d-85.6093725!16s%2Fg%2F11bzz065qk!19sChIJZf3Db4dYjIgRAgsvO_oFJFE?authuser=0&hl=en&rclk=1,auto repair shop,Macon County,county,AL,2026-07-21T16:44:39,0x888c58876fc3fd65:0x512405fa3b2f0b02
Auto Body Shop,,,,"10165 Hwy 174, Odenville, AL 35120, United States",10165 Hwy 174,Odenville,AL,35120,4.2,5,Auto repair shop,,,https://www.google.com/maps/place/Auto+Body+Shop/data=!4m7!3m6!1s0x888979efcb4fbce5:0xb1dcaecedb73affd!8m2!3d33.6674354!4d-86.4059898!16s%2Fg%2F11clv7qy8m!19sChIJ5bxPy-95iYgR_a9z286u3LE?authuser=0&hl=en&rclk=1,auto repair shop,St. Clair County,county,AL,2026-07-21T18:26:22,0x888979efcb4fbce5:0xb1dcaecedb73affd
Firestone Complete Auto Care,(334) 610-0382,https://www.firestonecompleteautocare.com/alabama/opelika/2200-interstate-dr/?utm_source=google&utm_medium=organic&utm_campaign=localmaps&cmp=oloc_google_localmaps_maps,,"2200 Interstate Dr, Opelika, AL 36801, United States",2200 Interstate Dr,Opelika,AL,36801,4.2,481,Tire shop,,,https://www.google.com/maps/place/Firestone+Complete+Auto+Care/data=!4m7!3m6!1s0x888cedbf6878e2db:0x8ab5ea4e6ef7a7e3!8m2!3d32.616939!4d-85.405973!16s%2Fg%2F11hdf4prm4!19sChIJ2-J4aL_tjIgR46f3bk7qtYo?authuser=0&hl=en&rclk=1,auto repair shop,Bullock County,county,AL,2026-07-21T12:05:53,0x888cedbf6878e2db:0x8ab5ea4e6ef7a7e3
"Grady's Tire & Auto Service, Inc.",(334) 745-3568,https://www.davistiregroup.com/locations/gradys-tire,,"1212 1st Ave, Opelika, AL 36801, United States",1212 1st Ave,Opelika,AL,36801,4.7,572,Tire shop,,,"https://www.google.com/maps/place/Grady%27s+Tire+%26+Auto+Service,+Inc./data=!4m7!3m6!1s0x888c933aaa1ecf2d:0xf4fe6f4f616b3875!8m2!3d32.6454379!4d-85.3851794!16s%2Fg%2F1tf0rd24!19sChIJLc8eqjqTjIgRdThrYU9v_vQ?authuser=0&hl=en&rclk=1",auto repair shop,Lee County,county,AL,2026-07-21T16:25:34,0x888c933aaa1ecf2d:0xf4fe6f4f616b3875
Hughley Garage & Services.,,,,"415 Martin Luther King Blvd, Opelika, AL 36801, United States",415 Martin Luther King Blvd,Opelika,AL,36801,4.4,8,Auto repair shop,,,https://www.google.com/maps/place/Hughley+Garage+%26+Services./data=!4m7!3m6!1s0x888c93368a5f00bb:0x773ab5a0487c6bc0!8m2!3d32.6395764!4d-85.3788015!16s%2Fg%2F1tf71q70!19sChIJuwBfijaTjIgRwGt8SKC1Onc?authuser=0&hl=en&rclk=1,auto repair shop,Chambers County,county,AL,2026-07-21T12:31:15,0x888c93368a5f00bb:0x773ab5a0487c6bc0
Midas,(334) 610-3799,https://www.midas.com/store/al/opelika/2370-frederick-rd-36801/?shopnum=3661&utm_source=google&utm_medium=organic&utm_campaign=gbp,,"2370 Frederick Rd, Opelika, AL 36801, United States",2370 Frederick Rd,Opelika,AL,36801,4.8,457,Auto repair shop,,,https://www.google.com/maps/place/Midas/data=!4m7!3m6!1s0x888ceda3b8cb5855:0x87b7489e0384e51!8m2!3d32.6218885!4d-85.4115094!16s%2Fg%2F11y3mxd02h!19sChIJVVjLuKPtjIgRUU444Il0ewg?authuser=0&hl=en&rclk=1,auto repair shop,Lee County,county,AL,2026-07-21T16:25:34,0x888ceda3b8cb5855:0x87b7489e0384e51
Opelika Chrysler Dodge Jeep Ram Service & Parts,,https://www.opelikafordchrysler.com/service/?utm_source=google&utm_medium=organic&utm_campaign=scgooglemybusiness,,"801 Columbus Pkwy, Opelika, AL 36801, United States",801 Columbus Pkwy,Opelika,AL,36801,4.5,128,Auto repair shop,,,https://www.google.com/maps/place/Opelika+Chrysler+Dodge+Jeep+Ram+Service+%26+Parts/data=!4m7!3m6!1s0x888c93a4d165efeb:0x31fbca8d63946d7f!8m2!3d32.6422554!4d-85.3569731!16s%2Fg%2F11hfvfnbqn!19sChIJ6-9l0aSTjIgRf22UY43K-zE?authuser=0&hl=en&rclk=1,auto repair shop,Chambers County,county,AL,2026-07-21T12:31:15,0x888c93a4d165efeb:0x31fbca8d63946d7f
Opelika's Mobile Mechanic,,,,"408 W Thomason Cir, Opelika, AL 36801, United States",408 W Thomason Cir,Opelika,AL,36801,5.0,1,Auto repair shop,,,https://www.google.com/maps/place/Opelika%27s+Mobile+Mechanic/data=!4m7!3m6!1s0x888c930051dc44eb:0x9d7723424ebcf97b!8m2!3d32.6390852!4d-85.4089788!16s%2Fg%2F11vkbp6cxv!19sChIJ60TcUQCTjIgRe_m8TkIjd50?authuser=0&hl=en&rclk=1,auto repair shop,Auburn,city,AL,2026-07-21T20:05:57,0x888c930051dc44eb:0x9d7723424ebcf97b
Pep Boys Auto Service & Tires,(334) 610-0376,https://www.pepboys.com/stores/al/opelika/3904-pepperell-pkwy?Cid=gbp_appt_AN:PB%7CPB:G%7CTT:GBP%7CCG:CONVERSION%7CCD:SERVICE,,"3904 Pepperell Pkwy, Opelika, AL 36801, United States",3904 Pepperell Pkwy,Opelika,AL,36801,4.2,446,Tire shop,,,https://www.google.com/maps/place/Pep+Boys+Auto+Service+%26+Tires/data=!4m7!3m6!1s0x888cf2a9f128115f:0xfdb03440f18a2d06!8m2!3d32.629737!4d-85.438636!16s%2Fg%2F1yh9txht4!19sChIJXxEo8anyjIgRBi2K8UA0sP0?authuser=0&hl=en&rclk=1,auto repair shop,Lee County,county,AL,2026-07-21T16:25:34,0x888cf2a9f128115f:0xfdb03440f18a2d06
"Wesley Tire & Auto Center, Inc.",(334) 745-7601,https://www.wesleytire.com/,,"3709 Pepperell Pkwy, Opelika, AL 36801, United States",3709 Pepperell Pkwy,Opelika,AL,36801,4.5,211,Tire shop,,,"https://www.google.com/maps/place/Wesley+Tire+%26+Auto+Center,+Inc./data=!4m7!3m6!1s0x888ced54f54a3db9:0x9610cb56e649bc02!8m2!3d32.6321289!4d-85.4339016!16s%2Fg%2F1tgs1q8y!19sChIJuT1K9VTtjIgRArxJ5lbLEJY?authuser=0&hl=en&rclk=1",auto repair shop,Bullock County,county,AL,2026-07-21T12:05:53,0x888ced54f54a3db9:0x9610cb56e649bc02
Firestone Complete Auto Care,(256) 294-1398,https://www.firestonecompleteautocare.com/alabama/oxford/819-s-quintard-ave/?utm_source=google&utm_medium=organic&utm_campaign=localmaps&cmp=oloc_google_localmaps_maps,,"819 S Quintard Ave, Oxford, AL 36203, United States",819 S Quintard Ave,Oxford,AL,36203,4.1,590,Tire shop,,,https://www.google.com/maps/place/Firestone+Complete+Auto+Care/data=!4m7!3m6!1s0x888bb11571746303:0x763cf05863595bea!8m2!3d33.6116434!4d-85.8266115!16s%2Fg%2F1tx_73sf!19sChIJA2N0cRWxi4gR6ltZY1jwPHY?authuser=0&hl=en&rclk=1,auto repair shop,Calhoun County,county,AL,2026-07-21T12:24:14,0x888bb11571746303:0x763cf05863595bea
RoadMart Inc.,(334) 774-9345,https://roadmarttire.com/,,"482 S Union Ave, Ozark, AL 36360, United States",482 S Union Ave,Ozark,AL,36360,4.2,77,Auto repair shop,,,https://www.google.com/maps/place/RoadMart+Inc./data=!4m7!3m6!1s0x88927dd22434b301:0xf708ed9a66e01ef4!8m2!3d31.4537204!4d-85.6387555!16s%2Fg%2F1tdb9m74!19sChIJAbM0JNJ9kogR9B7gZprtCPc?authuser=0&hl=en&rclk=1,auto repair shop,Barbour County,county,AL,2026-07-21T11:34:17,0x88927dd22434b301:0xf708ed9a66e01ef4
"Empire Autohaus, Inc.",(205) 664-5757,http://www.empireautohaus.com/,,"270 Yeager Pkwy, Pelham, AL 35124, United States",270 Yeager Pkwy,Pelham,AL,35124,4.9,100,Auto repair shop,,,"https://www.google.com/maps/place/Empire+Autohaus,+Inc./data=!4m7!3m6!1s0x88892416cdbcc231:0x6a54ff70a58f1c6c!8m2!3d33.2902775!4d-86.808397!16s%2Fg%2F1v3_3g0l!19sChIJMcK8zRYkiYgRbByPpXD_VGo?authuser=0&hl=en&rclk=1",auto repair shop,Bibb County,county,AL,2026-07-21T11:43:34,0x88892416cdbcc231:0x6a54ff70a58f1c6c
Firestone Complete Auto Care,(205) 208-3712,https://www.firestonecompleteautocare.com/alabama/pelham/2251-pelham-pkwy/?utm_source=google&utm_medium=organic&utm_campaign=localmaps&cmp=oloc_google_localmaps_maps,,"2251 Pelham Pkwy, Pelham, AL 35124, United States",2251 Pelham Pkwy,Pelham,AL,35124,4.4,764,Tire shop,,,https://www.google.com/maps/place/Firestone+Complete+Auto+Care/data=!4m7!3m6!1s0x888923a2d55620ef:0x4b113caf1fab1a97!8m2!3d33.3339281!4d-86.7911329!16s%2Fg%2F1vr3dygt!19sChIJ7yBW1aIjiYgRlxqrH688EUs?authuser=0&hl=en&rclk=1,auto repair shop,Shelby County,county,AL,2026-07-21T18:31:18,0x888923a2d55620ef:0x4b113caf1fab1a97
City Tire Inc,(205) 814-0824,http://citytirepc.com/,,"18525 US-231, Pell City, AL 35125, United States",18525 US-231,Pell City,AL,35125,4.4,405,Auto repair shop,,,https://www.google.com/maps/place/City+Tire+Inc/data=!4m7!3m6!1s0x88897da35c86d913:0x5ae5dfdc605b8e81!8m2!3d33.6119985!4d-86.281672!16s%2Fg%2F1tl7ph2l!19sChIJE9mGXKN9iYgRgY5bYNzf5Vo?authuser=0&hl=en&rclk=1,auto repair shop,St. Clair County,county,AL,2026-07-21T18:26:22,0x88897da35c86d913:0x5ae5dfdc605b8e81
Richey's Body Shop Inc,(205) 338-7277,https://www.richeysbodyshop.com/,,"100 Industrial Park Dr, Pell City, AL 35125, United States",100 Industrial Park Dr,Pell City,AL,35125,4.7,88,Auto body shop,,,https://www.google.com/maps/place/Richey%27s+Body+Shop+Inc/data=!4m7!3m6!1s0x88897d7974edce5f:0xcebc302500df807b!8m2!3d33.6017961!4d-86.2697473!16s%2Fg%2F1td0tnqd!19sChIJX87tdHl9iYgRe4DfACUwvM4?authuser=0&hl=en&rclk=1,auto repair shop,Talladega County,county,AL,2026-07-10T12:15:19,0x88897d7974edce5f:0xcebc302500df807b
DeBroux Automotive Inc,(850) 477-3317,http://debrouxautomotive.com/,,"9009 N Davis Hwy, Pensacola, FL 32514, United States",9009 N Davis Hwy,Pensacola,FL,32514,4.6,174,Auto repair shop,,,https://www.google.com/maps/place/DeBroux+Automotive+Inc/data=!4m7!3m6!1s0x8890eac67104464d:0x610d27eefd10ad0a!8m2!3d30.5263659!4d-87.2104384!16s%2Fg%2F1tc_lxy3!19sChIJTUYEccbqkIgRCq0Q_e4nDWE?authuser=0&hl=en&rclk=1,auto repair shop,Escambia County,county,AL,2026-07-21T14:44:39,0x8890eac67104464d:0x610d27eefd10ad0a
Firestone Complete Auto Care,(850) 912-9350,https://www.firestonecompleteautocare.com/florida/pensacola/37-e-9-mile-rd/?utm_source=google&utm_medium=organic&utm_campaign=localmaps&cmp=oloc_google_localmaps_maps,,"37 E 9 Mile Rd, Pensacola, FL 32534, United States",37 E 9 Mile Rd,Pensacola,FL,32534,4.7,725,Tire shop,,,https://www.google.com/maps/place/Firestone+Complete+Auto+Care/data=!4m7!3m6!1s0x889095a569d9f31d:0xc5f64ac2a1916a49!8m2!3d30.5326124!4d-87.2699752!16s%2Fg%2F11gcnxs6j6!19sChIJHfPZaaWVkIgRSWqRocJK9sU?authuser=0&hl=en&rclk=1,auto repair shop,Escambia County,county,AL,2026-07-21T14:44:39,0x889095a569d9f31d:0xc5f64ac2a1916a49
"Jerald Henson Automotive, Inc",(850) 477-4212,https://jeraldhensonautomotive.com/,,"9551 Pensacola Blvd, Pensacola, FL 32534, United States",9551 Pensacola Blvd,Pensacola,FL,32534,4.8,88,Auto repair shop,,,"https://www.google.com/maps/place/Jerald+Henson+Automotive,+Inc/data=!4m7!3m6!1s0x88909435630cd7fb:0x26b866dba9b67848!8m2!3d30.5364471!4d-87.2791926!16s%2Fg%2F1td5466c!19sChIJ-9cMYzWUkIgRSHi2qdtmuCY?authuser=0&hl=en&rclk=1",auto repair shop,Escambia County,county,AL,2026-07-21T14:44:39,0x88909435630cd7fb:0x26b866dba9b67848
Lo's Auto Repair,,,,"419 N 72nd Ave, Pensacola, FL 32506, United States",419 N 72nd Ave,Pensacola,FL,32506,4.2,10,Auto repair shop,,,https://www.google.com/maps/place/Lo%27s+Auto+Repair/data=!4m7!3m6!1s0x8890bc6d73cc43f9:0xb3d44e802cd12130!8m2!3d30.4149202!4d-87.30777!16s%2Fg%2F11bzypy6db!19sChIJ-UPMc228kIgRMCHRLIBO1LM?authuser=0&hl=en&rclk=1,auto repair shop,Escambia County,county,AL,2026-07-21T14:44:39,0x8890bc6d73cc43f9:0xb3d44e802cd12130
Midas,(850) 325-0958,https://www.midas.com/store/fl/pensacola/5275-n-davis-hwy-32503/?shopnum=3214&utm_source=google&utm_medium=organic&utm_campaign=gbp,,"5275 N Davis Hwy, Pensacola, FL 32503, United States",5275 N Davis Hwy,Pensacola,FL,32503,5.0,48,Auto repair shop,,,https://www.google.com/maps/place/Midas/data=!4m7!3m6!1s0x8890bfb93b73d399:0x3953bc5d3a33d8e0!8m2!3d30.4728932!4d-87.2255817!16s%2Fg%2F11ytpnx2jy!19sChIJmdNzO7m_kIgR4NgzOl28Uzk?authuser=0&hl=en&rclk=1,auto repair shop,Escambia County,county,AL,2026-07-09T21:28:30,0x8890bfb93b73d399:0x3953bc5d3a33d8e0
Midas,(448) 221-1200,https://www.midas.com/store/fl/pensacola/8969-pensacola-blvd-32534/?shopnum=3215&utm_source=google&utm_medium=organic&utm_campaign=gbp,,"8969 Pensacola Blvd, Pensacola, FL 32534, United States",8969 Pensacola Blvd,Pensacola,FL,32534,4.6,19,Auto repair shop,,,https://www.google.com/maps/place/Midas/data=!4m7!3m6!1s0x889095c3bbae5559:0x54abb385bef2946d!8m2!3d30.5297406!4d-87.276327!16s%2Fg%2F11z11wn78s!19sChIJWVWuu8OVkIgRbZTyvoWzq1Q?authuser=0&hl=en&rclk=1,auto repair shop,Escambia County,county,AL,2026-07-21T14:44:39,0x889095c3bbae5559:0x54abb385bef2946d
Palafox Imports Inc.,(850) 898-3330,https://www.facebook.com/palafoximports/,,"4040 N Palafox St, Pensacola, FL 32505, United States",4040 N Palafox St,Pensacola,FL,32505,4.5,134,Auto repair shop,,,https://www.google.com/maps/place/Palafox+Imports+Inc./data=!4m7!3m6!1s0x8890bf9dcc95f9bf:0xeb9c19ba5a250a7f!8m2!3d30.4554803!4d-87.2360407!16s%2Fg%2F11btvb9rjx!19sChIJv_mVzJ2_kIgRfwolWroZnOs?authuser=0&hl=en&rclk=1,auto repair shop,Escambia County,county,AL,2026-07-21T14:44:39,0x8890bf9dcc95f9bf:0xeb9c19ba5a250a7f
Runway Imports Inc,(850) 477-0216,https://www.importautorepairpensacola.com/,,"6606 N 9th Ave, Pensacola, FL 32504, United States",6606 N 9th Ave,Pensacola,FL,32504,4.6,186,Auto repair shop,,,https://www.google.com/maps/place/Runway+Imports+Inc/data=!4m7!3m6!1s0x8890c028a931b245:0xd7c97fb9b666589d!8m2!3d30.4925584!4d-87.1918051!16s%2Fg%2F1tj6vlsc!19sChIJRbIxqSjAkIgRnVhmtrl_ydc?authuser=0&hl=en&rclk=1,auto repair shop,Escambia County,county,AL,2026-07-21T14:44:39,0x8890c028a931b245:0xd7c97fb9b666589d
Automotive Repair,,,,"28 Meadowood Dr, Phenix City, AL 36869, United States",28 Meadowood Dr,Phenix City,AL,36869,5.0,4,Auto repair shop,,,https://www.google.com/maps/place/Automotive+Repair/data=!4m7!3m6!1s0x888cc5f4fffff4f3:0x1e876011028dcfa1!8m2!3d32.4601144!4d-85.1192672!16s%2Fg%2F11rj53v6k7!19sChIJ8_T___TFjIgRoc-NAhFghx4?authuser=0&hl=en&rclk=1,auto repair shop,Russell County,county,AL,2026-07-21T18:20:24,0x888cc5f4fffff4f3:0x1e876011028dcfa1
Dykes Body Shop Inc,(334) 298-4519,,,"1228 11th Ave, Phenix City, AL 36867, United States",1228 11th Ave,Phenix City,AL,36867,4.9,101,Auto body shop,,,https://www.google.com/maps/place/Dykes+Body+Shop+Inc/data=!4m7!3m6!1s0x888ccdc5d8e4b6cb:0xea3e61c7d054af8f!8m2!3d32.4705881!4d-85.0077584!16s%2Fg%2F1tk6wp8w!19sChIJy7bk2MXNjIgRj69U0MdhPuo?authuser=0&hl=en&rclk=1,auto repair shop,Russell County,county,AL,2026-07-21T18:20:24,0x888ccdc5d8e4b6cb:0xea3e61c7d054af8f
Faison's Tire & Services Center Inc And Mini Storage,(334) 297-6395,,,"3701 Summerville Rd, Phenix City, AL 36867, United States",3701 Summerville Rd,Phenix City,AL,36867,4.8,100,Auto repair shop,,,https://www.google.com/maps/place/Faison%27s+Tire+%26+Services+Center+Inc+And+Mini+Storage/data=!4m7!3m6!1s0x888ccc250ab2e3dd:0xe8abe84c3bc2f593!8m2!3d32.4967371!4d-85.0155061!16s%2Fg%2F1tdw8vc7!19sChIJ3eOyCiXMjIgRk_XCO0zoq-g?authuser=0&hl=en&rclk=1,auto repair shop,Russell County,county,AL,2026-07-21T18:20:24,0x888ccc250ab2e3dd:0xe8abe84c3bc2f593
Gibbons Fender & Body Works Inc,(334) 291-9800,https://m.facebook.com/GibbonsBodyWorks/?_se_imp=0YlGeqJlm9FiTE59F,,"1208 10th Ave S, Phenix City, AL 36867, United States",1208 10th Ave S,Phenix City,AL,36867,4.7,53,Auto body shop,,,https://www.google.com/maps/place/Gibbons+Fender+%26+Body+Works+Inc/data=!4m7!3m6!1s0x888ccdc6f0b2da27:0xb95cef023984728d!8m2!3d32.4693406!4d-85.0056318!16s%2Fg%2F1tpbcrnm!19sChIJJ9qy8MbNjIgRjXKEOQLvXLk?authuser=0&hl=en&rclk=1,auto repair shop,Russell County,county,AL,2026-07-21T18:20:24,0x888ccdc6f0b2da27:0xb95cef023984728d
McCarley Transmission Services Inc.,(334) 297-1038,https://www.mccarleytransmission.com/,,"908 5th Ave, Phenix City, AL 36867, United States",908 5th Ave,Phenix City,AL,36867,4.8,81,Auto repair shop,,,https://www.google.com/maps/place/McCarley+Transmission+Services+Inc./data=!4m7!3m6!1s0x888ccdbe5cb62c37:0x3962ccf7e8c470d0!8m2!3d32.4627766!4d-84.9992517!16s%2Fg%2F1th24l37!19sChIJNyy2XL7NjIgR0HDE6PfMYjk?authuser=0&hl=en&rclk=1,auto repair shop,Russell County,county,AL,2026-07-21T18:20:24,0x888ccdbe5cb62c37:0x3962ccf7e8c470d0
Pep Boys Auto Service & Tires,(334) 384-0895,https://www.pepboys.com/stores/al/phenix-city/5-ashwood-dr?Cid=gbp_appt_AN:PB%7CPB:G%7CTT:GBP%7CCG:CONVERSION%7CCD:SERVICE,,"5 Ashwood Dr, Phenix City, AL 36867, United States",5 Ashwood Dr,Phenix City,AL,36867,4.3,712,Tire shop,,,https://www.google.com/maps/place/Pep+Boys+Auto+Service+%26+Tires/data=!4m7!3m6!1s0x888ccee9bbc0d32f:0x2d7208d513e94685!8m2!3d32.506023!4d-85.05183!16s%2Fg%2F11gz88y0g!19sChIJL9PAu-nOjIgRhUbpE9UIci0?authuser=0&hl=en&rclk=1,auto repair shop,Russell County,county,AL,2026-07-21T18:20:24,0x888ccee9bbc0d32f:0x2d7208d513e94685
Phenix City Firestone,(334) 298-4047,https://www.facebook.com/PhenixFirestone/,,"2403 10th St, Phenix City, AL 36869, United States",2403 10th St,Phenix City,AL,36869,4.7,141,Auto repair shop,,,https://www.google.com/maps/place/Phenix+City+Firestone/data=!4m7!3m6!1s0x888cce748f24fdc7:0x93a0069aeb4d948d!8m2!3d32.4641873!4d-85.0275226!16s%2Fg%2F1td7cy44!19sChIJx_0kj3TOjIgRjZRN65oGoJM?authuser=0&hl=en&rclk=1,auto repair shop,Russell County,county,AL,2026-07-21T18:20:24,0x888cce748f24fdc7:0x93a0069aeb4d948d
Russell & Sons Inc,(334) 297-4366,,,"3732 Opelika Rd, Phenix City, AL 36870, United States",3732 Opelika Rd,Phenix City,AL,36870,3.9,39,Truck repair shop,,,https://www.google.com/maps/place/Russell+%26+Sons+Inc/data=!4m7!3m6!1s0x888ccef253ee4eed:0x39332bd468ce30eb!8m2!3d32.4940964!4d-85.0471192!16s%2Fg%2F1tf5fj84!19sChIJ7U7uU_LOjIgR6zDOaNQrMzk?authuser=0&hl=en&rclk=1,auto repair shop,Russell County,county,AL,2026-07-21T18:20:24,0x888ccef253ee4eed:0x39332bd468ce30eb
Scotts Tire & Auto Center Inc,(334) 297-9478,https://scottstireandauto.com/,,"1011 25th Ave, Phenix City, AL 36869, United States",1011 25th Ave,Phenix City,AL,36869,3.0,137,Tire shop,,,https://www.google.com/maps/place/Scotts+Tire+%26+Auto+Center+Inc/data=!4m7!3m6!1s0x888cce76cca7e7cb:0x33a861056e6101f7!8m2!3d32.4661919!4d-85.0280222!16s%2Fg%2F1thksgkg!19sChIJy-enzHbOjIgR9wFhbgVhqDM?authuser=0&hl=en&rclk=1,auto repair shop,Russell County,county,AL,2026-07-21T18:20:24,0x888cce76cca7e7cb:0x33a861056e6101f7
Speedy Automotive,,,,"3673 US-80, Phenix City, AL 36869, United States",3673 US-80,Phenix City,AL,36869,5.0,1,Auto repair shop,,,https://www.google.com/maps/place/Speedy+Automotive/data=!4m7!3m6!1s0x888ccfba14949405:0x16f72cfe5ea28214!8m2!3d32.4712515!4d-85.0529729!16s%2Fg%2F11l6_8vl2h!19sChIJBZSUFLrPjIgRFIKiXv4s9xY?authuser=0&hl=en&rclk=1,auto repair shop,Russell County,county,AL,2026-07-21T18:20:24,0x888ccfba14949405:0x16f72cfe5ea28214
Diesel Doctors of the South Inc,(334) 422-1332,,,"867 Enon Rd, Pine Hill, AL 36769, United States",867 Enon Rd,Pine Hill,AL,36769,4.9,35,Diesel engine repair service,,,https://www.google.com/maps/place/Diesel+Doctors+of+the+South+Inc/data=!4m7!3m6!1s0x8885613c52b1216d:0x4e8660b8fe4a6de4!8m2!3d31.9908381!4d-87.6057158!16s%2Fg%2F11svgj05lx!19sChIJbSGxUjxhhYgR5G1K_rhghk4?authuser=0&hl=en&rclk=1,auto repair shop,Clarke County,county,AL,2026-07-21T13:07:53,0x8885613c52b1216d:0x4e8660b8fe4a6de4
Car Works Inc,(205) 815-2305,http://car-works-inc.jany.io/,,"4235 Oak St W, Pinson, AL 35126, United States",4235 Oak St W,Pinson,AL,35126,4.2,63,Auto repair shop,,,https://www.google.com/maps/place/Car+Works+Inc/data=!4m7!3m6!1s0x88890eea671016d1:0xcda561cef98eada2!8m2!3d33.6829263!4d-86.6833072!16s%2Fg%2F1vjdqv7h!19sChIJ0RYQZ-oOiYgRoq2O-c5hpc0?authuser=0&hl=en&rclk=1,auto repair shop,St. Clair County,county,AL,2026-07-21T18:26:22,0x88890eea671016d1:0xcda561cef98eada2
Alabama Automotive & A/C Service,,,,"1538 S Memorial Dr, Prattville, AL 36067, United States",1538 S Memorial Dr,Prattville,AL,36067,5.0,2,Auto repair shop,,,https://www.google.com/maps/place/Alabama+Automotive+%26+A%2FC+Service/data=!4m7!3m6!1s0x888e8f7947527371:0x74b74a1a3757fc71!8m2!3d32.437158!4d-86.4247291!16s%2Fg%2F11rr139xxz!19sChIJcXNSR3mPjogRcfxXNxpKt3Q?authuser=0&hl=en&rclk=1,auto repair shop,Autauga County,county,AL,2026-07-21T11:15:17,0x888e8f7947527371:0x74b74a1a3757fc71
Auto Center Outdoor Living,,,,"1903 Cobbs Ford Rd, Prattville, AL 36066, United States",1903 Cobbs Ford Rd,Prattville,AL,36066,1.0,1,Auto repair shop,,,https://www.google.com/maps/place/Auto+Center+Outdoor+Living/data=!4m7!3m6!1s0x888e85606c74bb71:0x830fb3e98a97eb3b!8m2!3d32.462563!4d-86.4171287!16s%2Fg%2F11bz_4k9s0!19sChIJcbt0bGCFjogRO-uXiumzD4M?authuser=0&hl=en&rclk=1,auto repair shop,Autauga County,county,AL,2026-07-21T11:15:17,0x888e85606c74bb71:0x830fb3e98a97eb3b
Auto X Inc.,(334) 491-1045,http://www.autoxofprattville.com/,,"1353 S Memorial Dr, Prattville, AL 36067, United States",1353 S Memorial Dr,Prattville,AL,36067,4.6,52,Car dealer,,,https://www.google.com/maps/place/Auto+X+Inc./data=!4m7!3m6!1s0x888e8f9d5909ad17:0xb17d320dcb707dff!8m2!3d32.441826!4d-86.429652!16s%2Fg%2F1260vxr9k!19sChIJF60JWZ2PjogR_31wyw0yfbE?authuser=0&hl=en&rclk=1,auto repair shop,Autauga County,county,AL,2026-07-09T17:31:40,0x888e8f9d5909ad17:0xb17d320dcb707dff
Bone's Auto Repair,,,,"Camellia Dr, Prattville, AL 36067, United States",Camellia Dr,Prattville,AL,36067,5.0,1,Auto repair shop,,,https://www.google.com/maps/place/Bone%27s+Auto+Repair/data=!4m7!3m6!1s0x888e8f584192f893:0x9b3e91febe223a0c!8m2!3d32.4749823!4d-86.4590433!16s%2Fg%2F11q2yly7mt!19sChIJk_iSQViPjogRDDoivv6RPps?authuser=0&hl=en&rclk=1,auto repair shop,Autauga County,county,AL,2026-07-09T17:30:55,0x888e8f584192f893:0x9b3e91febe223a0c
D & J Auto Parts Inc,(334) 361-1036,http://dandjautoparts.com/,,"175 US-82E BYP, Prattville, AL 36067, United States",175 US-82E BYP,Prattville,AL,36067,4.8,28,Auto parts store,,,https://www.google.com/maps/place/D+%26+J+Auto+Parts+Inc/data=!4m7!3m6!1s0x888e8efbf471b4b7:0xccb3f136cf50d306!8m2!3d32.4380909!4d-86.4709462!16s%2Fg%2F1tmbwx07!19sChIJt7Rx9PuOjogRBtNQzzbxs8w?authuser=0&hl=en&rclk=1,auto repair shop,Autauga County,county,AL,2026-07-21T11:15:17,0x888e8efbf471b4b7:0xccb3f136cf50d306
Firestone Complete Auto Care,(334) 625-1413,https://www.firestonecompleteautocare.com/alabama/prattville/2723-legends-pkwy/?utm_source=google&utm_medium=organic&utm_campaign=localmaps&cmp=oloc_google_localmaps_maps,,"2723 Legends Pkwy, Prattville, AL 36066, United States",2723 Legends Pkwy,Prattville,AL,36066,4.6,859,Tire shop,,,https://www.google.com/maps/place/Firestone+Complete+Auto+Care/data=!4m7!3m6!1s0x888e856b443389ed:0x5fd505b54994cf64!8m2!3d32.4591509!4d-86.399231!16s%2Fg%2F1hhmtqtsq!19sChIJ7YkzRGuFjogRZM-USbUF1V8?authuser=0&hl=en&rclk=1,auto repair shop,Autauga County,county,AL,2026-07-21T11:15:17,0x888e856b443389ed:0x5fd505b54994cf64
Ford Service,,,,"2091 Fairview Ave, Prattville, AL 36066, United States",2091 Fairview Ave,Prattville,AL,36066,4.0,1,Auto repair shop,,,https://www.google.com/maps/place/Ford+Service/data=!4m7!3m6!1s0x888e8554a669b8b9:0xc9fd94e8813b51d9!8m2!3d32.4855809!4d-86.413906!16s%2Fg%2F11fy_3vw22!19sChIJubhpplSFjogR2VE7geiU_ck?authuser=0&hl=en&rclk=1,auto repair shop,Autauga County,county,AL,2026-07-21T11:15:17,0x888e8554a669b8b9:0xc9fd94e8813b51d9
Jimmy's automotive llc,,,,"952 Co Rd 69, Prattville, AL 36067, United States",952 Co Rd 69,Prattville,AL,36067,3.0,2,Auto repair shop,,,https://www.google.com/maps/place/Jimmy%27s+automotive+llc/data=!4m7!3m6!1s0x888e8fd1c64e2b1f:0x8603882ed5a174ba!8m2!3d32.5325721!4d-86.606909!16s%2Fg%2F11ssfd1hrj!19sChIJHytOxtGPjogRunSh1S6IA4Y?authuser=0&hl=en&rclk=1,auto repair shop,Autauga County,county,AL,2026-07-21T11:15:17,0x888e8fd1c64e2b1f:0x8603882ed5a174ba
Pep Boys Auto Service & Tires,(334) 310-1368,https://www.pepboys.com/stores/al/prattville/1749-e-main-st?Cid=gbp_appt_AN:PB%7CPB:G%7CTT:GBP%7CCG:CONVERSION%7CCD:SERVICE,,"1749 E Main St, Prattville, AL 36066, United States",1749 E Main St,Prattville,AL,36066,4.1,524,Tire shop,,,https://www.google.com/maps/place/Pep+Boys+Auto+Service+%26+Tires/data=!4m7!3m6!1s0x888e8f8b8565dbdb:0x40b1ca620ff55dae!8m2!3d32.460967!4d-86.42333!16s%2Fg%2F1tpbcrp_!19sChIJ29tlhYuPjogRrl31D2LKsUA?authuser=0&hl=en&rclk=1,auto repair shop,Autauga County,county,AL,2026-07-21T11:15:17,0x888e8f8b8565dbdb:0x40b1ca620ff55dae
Take 5 Oil Change,(334) 595-5981,https://www.take5.com/locations/oil-change/alabama/prattville/30497/?utm_source=google&utm_medium=organic&utm_campaign=gbp_website,,"1673 E Main St, Prattville, AL 36066, United States",1673 E Main St,Prattville,AL,36066,4.7,1084,Oil change service,,,https://www.google.com/maps/place/Take+5+Oil+Change/data=!4m7!3m6!1s0x888e8f8da415ffed:0x14043622ad93f6cc!8m2!3d32.4608651!4d-86.4272373!16s%2Fg%2F1wj_v10c!19sChIJ7f8VpI2PjogRzPaTrSI2BBQ?authuser=0&hl=en&rclk=1,auto repair shop,Autauga County,county,AL,2026-07-21T11:15:17,0x888e8f8da415ffed:0x14043622ad93f6cc
Walmart Auto Care Center,(334) 361-2140,https://www.walmart.com/store/483-prattville-al/auto-care-center/?veh=seo_loc,,"1903 Cobbs Ford Rd, Prattville, AL 36066, United States",1903 Cobbs Ford Rd,Prattville,AL,36066,2.7,55,Oil change service,,,https://www.google.com/maps/place/Walmart+Auto+Care+Center/data=!4m7!3m6!1s0x888e8560614224d5:0xb75d79ad1a65ee76!8m2!3d32.4629505!4d-86.416358!16s%2Fg%2F1tj1n8xn!19sChIJ1SRCYWCFjogRdu5lGq15Xbc?authuser=0&hl=en&rclk=1,auto repair shop,Autauga County,county,AL,2026-07-09T17:31:38,0x888e8560614224d5:0xb75d79ad1a65ee76
trailer for sale part and repair,,,,"1690 S Memorial Dr, Prattville, AL 36067, United States",1690 S Memorial Dr,Prattville,AL,36067,,,Auto repair shop,,,https://www.google.com/maps/place/trailer+for+sale+part+and+repair/data=!4m7!3m6!1s0x888e8500152bc8d1:0x81c7c6443597467a!8m2!3d32.4272463!4d-86.4134054!16s%2Fg%2F11ym15m_cw!19sChIJ0cgrFQCFjogRekaXNUTGx4E?authuser=0&hl=en&rclk=1,auto repair shop,Autauga County,county,AL,2026-07-09T17:31:37,0x888e8500152bc8d1:0x81c7c6443597467a
J Cs Auto Repair Inc,(601) 776-0023,,,"408A N Archusa Ave, Quitman, MS 39355, United States",408A N Archusa Ave,Quitman,MS,39355,3.9,15,Auto repair shop,,,https://www.google.com/maps/place/J+Cs+Auto+Repair+Inc/data=!4m7!3m6!1s0x88849ec3cad25369:0x62f197a4fef8247e!8m2!3d32.0466989!4d-88.7274185!16s%2Fg%2F1261zmmmw!19sChIJaVPSysOehIgRfiT4_qSX8WI?authuser=0&hl=en&rclk=1,auto repair shop,Choctaw County,county,AL,2026-07-09T19:30:52,0x88849ec3cad25369:0x62f197a4fef8247e
Bo's Auto Services Inc,(256) 638-4257,http://bos-auto-services-inc.jany.io/,,"927 Main St W, Rainsville, AL 35986, United States",927 Main St W,Rainsville,AL,35986,3.9,50,Auto repair shop,,,https://www.google.com/maps/place/Bo%27s+Auto+Services+Inc/data=!4m7!3m6!1s0x8861dec7c8ddb107:0x1eff6c730ee31ec3!8m2!3d34.5024451!4d-85.859851!16s%2Fg%2F1tf4fs37!19sChIJB7HdyMfeYYgRwx7jDnNs_x4?authuser=0&hl=en&rclk=1,auto repair shop,DeKalb County,county,AL,2026-07-21T14:32:18,0x8861dec7c8ddb107:0x1eff6c730ee31ec3
Hoods Bodyshop & Garage,,,,"75 Hood Hill, Reform, AL 35481, United States",75 Hood Hill,Reform,AL,35481,5.0,3,Auto repair shop,,,https://www.google.com/maps/place/Hoods+Bodyshop+%26+Garage/data=!4m7!3m6!1s0x888666793dbb3373:0x3053c5982dec79e9!8m2!3d33.3369631!4d-88.0449723!16s%2Fg%2F11c2pzsvhk!19sChIJczO7PXlmhogR6XnsLZjFUzA?authuser=0&hl=en&rclk=1,auto repair shop,Pickens County,county,AL,2026-07-21T17:58:40,0x888666793dbb3373:0x3053c5982dec79e9
Dennis Automotive & Transmission,,https://www.facebook.com/share/16fpALnGgq/,,"23853 Cumberland Rd, Robertsdale, AL 36567, United States",23853 Cumberland Rd,Robertsdale,AL,36567,4.8,4,Auto repair shop,,,https://www.google.com/maps/place/Dennis+Automotive+%26+Transmission/data=!4m7!3m6!1s0x889a738d713bffff:0xc551ebde72c5b4e9!8m2!3d30.5730075!4d-87.6276809!16s%2Fg%2F11h7v7grzd!19sChIJ__87cY1zmogR6bTFct7rUcU?authuser=0&hl=en&rclk=1,auto repair shop,Baldwin County,county,AL,2026-07-21T11:25:20,0x889a738d713bffff:0xc551ebde72c5b4e9
Pep Boys Auto Service & Tires,(251) 967-9114,https://www.pepboys.com/stores/al/robertsdale/21613-highway-59?Cid=gbp_appt_AN:PB%7CPB:G%7CTT:GBP%7CCG:CONVERSION%7CCD:SERVICE,,"21613 AL-59, Robertsdale, AL 36567, United States",21613 AL-59,Robertsdale,AL,36567,4.4,536,Tire shop,,,https://www.google.com/maps/place/Pep+Boys+Auto+Service+%26+Tires/data=!4m7!3m6!1s0x889a6d6f9eac1d01:0x21a1fc12d1185902!8m2!3d30.539796!4d-87.708916!16s%2Fg%2F1tgk1dz9!19sChIJAR2snm9tmogRAlkY0RL8oSE?authuser=0&hl=en&rclk=1,auto repair shop,Baldwin County,county,AL,2026-07-21T11:25:20,0x889a6d6f9eac1d01:0x21a1fc12d1185902
Adams Auto Body Inc.,(256) 247-7972,http://adamsautoal.com/,,"17010 US-72, Rogersville, AL 35652, United States",17010 US-72,Rogersville,AL,35652,4.8,88,Auto body shop,,,https://www.google.com/maps/place/Adams+Auto+Body+Inc./data=!4m7!3m6!1s0x8862bf5108e76f7b:0x7819579fad49fe5b!8m2!3d34.8204921!4d-87.2821497!16s%2Fg%2F1tjbsxd1!19sChIJe2_nCFG_YogRW_5JrZ9XGXg?authuser=0&hl=en&rclk=1,auto repair shop,Lawrence County,county,AL,2026-07-21T16:19:38,0x8862bf5108e76f7b:0x7819579fad49fe5b
"Auto Depot, Inc.",(256) 331-3333,http://www.autodepotrussellville.com/,,"16180 US-43, Russellville, AL 35653, United States",16180 US-43,Russellville,AL,35653,4.9,155,Used car dealer,,,"https://www.google.com/maps/place/Auto+Depot,+Inc./data=!4m7!3m6!1s0x887d584001092f13:0x3d43de78432cd580!8m2!3d34.5258057!4d-87.7148316!16s%2Fg%2F1whdk34n!19sChIJEy8JAUBYfYgRgNUsQ3jeQz0?authuser=0&hl=en&rclk=1",auto repair shop,Franklin County,county,AL,2026-07-21T15:12:20,0x887d584001092f13:0x3d43de78432cd580
Chris Berry's Woodwork,,,,"1871 Pritchard Rd, Russellville, AL 35653, United States",1871 Pritchard Rd,Russellville,AL,35653,5.0,10,RV repair shop,,,https://www.google.com/maps/place/Chris+Berry%27s+Woodwork/data=!4m7!3m6!1s0x887d62161df16f1d:0xbd62779c3ee980a!8m2!3d34.5146313!4d-87.947749!16s%2Fg%2F11hbv833rs!19sChIJHW_xHRZifYgRCpjuw3kn1gs?authuser=0&hl=en&rclk=1,auto repair shop,Franklin County,county,AL,2026-07-09T22:00:04,0x887d62161df16f1d:0xbd62779c3ee980a
JB Auto Sales,,,,"30080 AL-24, Russellville, AL 35654, United States",30080 AL-24,Russellville,AL,35654,3.0,4,Car dealer,,,https://www.google.com/maps/place/JB+Auto+Sales/data=!4m7!3m6!1s0x8887f99541f22d35:0x5d1e27be9ea87c0e!8m2!3d34.4828108!4d-87.6937823!16s%2Fg%2F11jyjkd2rz!19sChIJNS3yQZX5h4gRDnyonr4nHl0?authuser=0&hl=en&rclk=1,auto repair shop,Franklin County,county,AL,2026-07-21T15:12:20,0x8887f99541f22d35:0x5d1e27be9ea87c0e
Murphy Service Center Inc,(256) 332-6902,,,"207 Cross Ave SE, Russellville, AL 35653, United States",207 Cross Ave SE,Russellville,AL,35653,3.0,2,Auto repair shop,,,https://www.google.com/maps/place/Murphy+Service+Center+Inc/data=!4m7!3m6!1s0x887d58661a4585df:0x44aab0dda20fad37!8m2!3d34.5050378!4d-87.7274489!16s%2Fg%2F1263l5dj6!19sChIJ34VFGmZYfYgRN60Pot2wqkQ?authuser=0&hl=en&rclk=1,auto repair shop,Franklin County,county,AL,2026-07-21T15:12:20,0x887d58661a4585df:0x44aab0dda20fad37
Nate's Auto Repair,,https://www.facebook.com/NatesMobileRepairs?mibextid=ZbWKwL,,"3368 Cook Creek Rd, Russellville, AL 35654, United States",3368 Cook Creek Rd,Russellville,AL,35654,4.4,7,Auto repair shop,,,https://www.google.com/maps/place/Nate%27s+Auto+Repair/data=!4m7!3m6!1s0x887d5a6bf5d18397:0x6f646a671ba84735!8m2!3d34.6023076!4d-87.7125234!16s%2Fg%2F11ggbm36fv!19sChIJl4PR9WtafYgRNUeoG2dqZG8?authuser=0&hl=en&rclk=1,auto repair shop,Colbert County,county,AL,2026-07-21T13:31:29,0x887d5a6bf5d18397:0x6f646a671ba84735
O'Reilly Auto Parts,(256) 331-2810,https://locations.oreillyauto.com/en-us/al/russellville/autoparts-933.html,,"14101 Hwy 43, Russellville, AL 35653, United States",14101 Hwy 43,Russellville,AL,35653,4.4,127,Auto parts store,,,https://www.google.com/maps/place/O%27Reilly+Auto+Parts/data=!4m7!3m6!1s0x887d58721a3666cf:0xc552fba69727708!8m2!3d34.4979755!4d-87.722064!16s%2Fg%2F1td0z6_3!19sChIJz2Y2GnJYfYgRCHdyabovVQw?authuser=0&hl=en&rclk=1,auto repair shop,Franklin County,county,AL,2026-07-21T15:12:20,0x887d58721a3666cf:0xc552fba69727708
Pace Restoration,,,,"1200 George Wallace Hwy, Russellville, AL 35654, United States",1200 George Wallace Hwy,Russellville,AL,35654,5.0,1,Auto repair shop,,,https://www.google.com/maps/place/Pace+Restoration/data=!4m7!3m6!1s0x887d51002502ccb3:0x9fa6caf9cac6fa33!8m2!3d34.5864544!4d-87.6762554!16s%2Fg%2F11wp_8x1rn!19sChIJs8wCJQBRfYgRM_rGyvnKpp8?authuser=0&hl=en&rclk=1,auto repair shop,Franklin County,county,AL,2026-07-21T15:12:20,0x887d51002502ccb3:0x9fa6caf9cac6fa33
Po's Automotive Shop,,,,"184 E Linden St, Russellville, AL 35653, United States",184 E Linden St,Russellville,AL,35653,,,Car repair and maintenance service,,,https://www.google.com/maps/place/Po%27s+Automotive+Shop/data=!4m7!3m6!1s0x887d5840ca6a8175:0xcb49ba347cd7136e!8m2!3d34.514758!4d-87.7185694!16s%2Fg%2F11y368rdms!19sChIJdYFqykBYfYgRbhPXfDS6Scs?authuser=0&hl=en&rclk=1,auto repair shop,Franklin County,county,AL,2026-07-21T15:12:20,0x887d5840ca6a8175:0xcb49ba347cd7136e
San Miguels Auto Repair,,https://lomyu.me/san-miguels-auto-repair-976159-us,,"108 Hall Ave S, Russellville, AL 35653, United States",108 Hall Ave S,Russellville,AL,35653,4.5,11,Mechanic,,,https://www.google.com/maps/place/San+Miguels+Auto+Repair/data=!4m7!3m6!1s0x887d5865f6e12107:0x95b200af4ff2cba6!8m2!3d34.5028927!4d-87.7271477!16s%2Fg%2F11cmj0v3vy!19sChIJByHh9mVYfYgRpsvyT68AspU?authuser=0&hl=en&rclk=1,auto repair shop,Franklin County,county,AL,2026-07-21T15:12:20,0x887d5865f6e12107:0x95b200af4ff2cba6
"Scott Equipment Company, Inc.",(256) 332-0356,http://www.scottkubota.com/,,"13854 US-43, Russellville, AL 35653, United States",13854 US-43,Russellville,AL,35653,4.6,46,Tractor dealer,,,"https://www.google.com/maps/place/Scott+Equipment+Company,+Inc./data=!4m7!3m6!1s0x887d5870e99a6599:0x3b31ece75f6bf91a!8m2!3d34.4946503!4d-87.7243805!16s%2Fg%2F1th0z380!19sChIJmWWa6XBYfYgRGvlrX-fsMTs?authuser=0&hl=en&rclk=1",auto repair shop,Franklin County,county,AL,2026-07-21T15:12:20,0x887d5870e99a6599:0x3b31ece75f6bf91a
T C Auto Parts,,https://www.facebook.com/tcautomotiveparts/,,"122 Country Hill Dr, Russellville, AL 35654, United States",122 Country Hill Dr,Russellville,AL,35654,4.0,31,Auto parts store,,,https://www.google.com/maps/place/T+C+Auto+Parts/data=!4m7!3m6!1s0x887d59d1bd1c2737:0xfa2522522c946fd9!8m2!3d34.537796!4d-87.7041397!16s%2Fg%2F1tg79t6s!19sChIJNyccvdFZfYgR2W-ULFIiJfo?authuser=0&hl=en&rclk=1,auto repair shop,Franklin County,county,AL,2026-07-21T15:12:20,0x887d59d1bd1c2737:0xfa2522522c946fd9
T C Tires,,,,"122 Country Hill Dr, Russellville, AL 35654, United States",122 Country Hill Dr,Russellville,AL,35654,5.0,2,Tire shop,,,https://www.google.com/maps/place/T+C+Tires/data=!4m7!3m6!1s0x887d59d1bd1c2737:0x1eae2bba38b4e23c!8m2!3d34.5389517!4d-87.7055214!16s%2Fg%2F1tdxwsf8!19sChIJNyccvdFZfYgRPOK0OLorrh4?authuser=0&hl=en&rclk=1,auto repair shop,Franklin County,county,AL,2026-07-21T15:12:20,0x887d59d1bd1c2737:0x1eae2bba38b4e23c
T&T Motorsports,,,,"175 Beasley Rd, Russellville, AL 35654, United States",175 Beasley Rd,Russellville,AL,35654,5.0,1,Motorcycle repair shop,,,https://www.google.com/maps/place/T%26T+Motorsports/data=!4m7!3m6!1s0x8887fd8d72467095:0x7c8a815b45cba00c!8m2!3d34.3830151!4d-87.5636003!16s%2Fg%2F11s8yfmcql!19sChIJlXBGco39h4gRDKDLRVuBinw?authuser=0&hl=en&rclk=1,auto repair shop,Franklin County,county,AL,2026-07-09T21:59:50,0x8887fd8d72467095:0x7c8a815b45cba00c
Walmart Auto Care Center,(256) 332-1988,https://www.walmart.com/store/403-russellville-al/auto-care-center/?veh=seo_loc,,"13675 Hwy 43, Russellville, AL 35653, United States",13675 Hwy 43,Russellville,AL,35653,3.2,33,Oil change service,,,https://www.google.com/maps/place/Walmart+Auto+Care+Center/data=!4m7!3m6!1s0x887d587a4274779f:0xb7228946c86bccf1!8m2!3d34.493486!4d-87.7271564!16s%2Fg%2F1td3gsmb!19sChIJn3d0QnpYfYgR8cxryEaJIrc?authuser=0&hl=en&rclk=1,auto repair shop,Franklin County,county,AL,2026-07-21T15:12:20,0x887d587a4274779f:0xb7228946c86bccf1
Dabbs auto llc,,,,"415 Horseshoe Bend Rd, Scottsboro, AL 35769, United States",415 Horseshoe Bend Rd,Scottsboro,AL,35769,5.0,1,Car repair and maintenance service,,,https://www.google.com/maps/place/Dabbs+auto+llc/data=!4m7!3m6!1s0x8861fb0e3dae19d9:0x533c727959621ece!8m2!3d34.5608257!4d-86.1701947!16s%2Fg%2F11lfzw37jc!19sChIJ2RmuPQ77YYgRzh5iWXlyPFM?authuser=0&hl=en&rclk=1,auto repair shop,Jackson County,county,AL,2026-07-21T15:44:30,0x8861fb0e3dae19d9:0x533c727959621ece
"Harbin Motor Company, Inc. Service",(256) 574-1819,https://www.harbinfordscottsboro.com/,,"564 Micah Wy, Scottsboro, AL 35769, United States",564 Micah Wy,Scottsboro,AL,35769,3.0,5,Auto repair shop,,,"https://www.google.com/maps/place/Harbin+Motor+Company,+Inc.+Service/data=!4m7!3m6!1s0x8861e95e88a37455:0xfa67c87109072d0a!8m2!3d34.6637389!4d-86.0117587!16s%2Fg%2F11qpw3wpjk!19sChIJVXSjiF7pYYgRCi0HCXHIZ_o?authuser=0&hl=en&rclk=1",auto repair shop,Jackson County,county,AL,2026-07-21T15:44:30,0x8861e95e88a37455:0xfa67c87109072d0a
NCI Manufacturing Inc,(256) 259-2105,,,"209 Lonnie E Crawford Blvd, Scottsboro, AL 35769, United States",209 Lonnie E Crawford Blvd,Scottsboro,AL,35769,4.6,20,Auto repair shop,,,https://www.google.com/maps/place/NCI+Manufacturing+Inc/data=!4m7!3m6!1s0x8861ef8ed5b8ebad:0xc3db5c60b24f04ca!8m2!3d34.62916!4d-86.0634553!16s%2Fg%2F1tw_n_1r!19sChIJreu41Y7vYYgRygRPsmBc28M?authuser=0&hl=en&rclk=1,auto repair shop,Jackson County,county,AL,2026-07-21T15:44:30,0x8861ef8ed5b8ebad:0xc3db5c60b24f04ca
O K Tire & Mufflers,,,,"529 W Willow St, Scottsboro, AL 35768, United States",529 W Willow St,Scottsboro,AL,35768,4.9,10,Muffler shop,,,https://www.google.com/maps/place/O+K+Tire+%26+Mufflers/data=!4m7!3m6!1s0x8861eee4e4bcb027:0x5a1c1893eb2397b8!8m2!3d34.6736853!4d-86.0457646!16s%2Fg%2F1tj4zfk9!19sChIJJ7C85OTuYYgRuJcj65MYHFo?authuser=0&hl=en&rclk=1,auto repair shop,Jackson County,county,AL,2026-07-21T15:44:30,0x8861eee4e4bcb027:0x5a1c1893eb2397b8
Walmart Auto Care Center,(256) 574-6978,https://www.walmart.com/store/712-scottsboro-al/auto-care-center/?veh=seo_loc,,"24833 John T Reid Pkwy, Scottsboro, AL 35768, United States",24833 John T Reid Pkwy,Scottsboro,AL,35768,3.5,57,Oil change service,,,https://www.google.com/maps/place/Walmart+Auto+Care+Center/data=!4m7!3m6!1s0x8861e92c23379b11:0x51ea524f3b237fd!8m2!3d34.6695595!4d-86.0076925!16s%2Fg%2F1vzn68y5!19sChIJEZs3IyzpYYgR_Tey8ySlHgU?authuser=0&hl=en&rclk=1,auto repair shop,Jackson County,county,AL,2026-07-21T15:44:30,0x8861e92c23379b11:0x51ea524f3b237fd
B & S Used Auto Parts Inc,(334) 874-6629,http://www.bandsautoparts.com/,,"904 Kings Bend Rd, Selma, AL 36701, United States",904 Kings Bend Rd,Selma,AL,36701,4.2,38,Used auto parts store,,,https://www.google.com/maps/place/B+%26+S+Used+Auto+Parts+Inc/data=!4m7!3m6!1s0x888f068815b31cd1:0x175a37f64dbada6c!8m2!3d32.3986867!4d-87.0204329!16s%2Fg%2F1v940v95!19sChIJ0RyzFYgGj4gRbNq6TfY3Whc?authuser=0&hl=en&rclk=1,auto repair shop,Dallas County,county,AL,2026-07-21T14:23:37,0x888f068815b31cd1:0x175a37f64dbada6c
C & D Auto Services Inc,,,,"305 Kings Bend Rd, Selma, AL 36701, United States",305 Kings Bend Rd,Selma,AL,36701,4.3,12,Auto repair shop,,,https://www.google.com/maps/place/C+%26+D+Auto+Services+Inc/data=!4m7!3m6!1s0x888f0688f58d11e1:0xc8198777351859cf!8m2!3d32.3984486!4d-87.0199614!16s%2Fg%2F1v5fsp8g!19sChIJ4RGN9YgGj4gRz1kYNXeHGcg?authuser=0&hl=en&rclk=1,auto repair shop,Dallas County,county,AL,2026-07-21T14:23:37,0x888f0688f58d11e1:0xc8198777351859cf
Cougar Oil Inc,(334) 875-2023,https://www.cougaroil.com/,,"1411 Water Ave, Selma, AL 36703, United States",1411 Water Ave,Selma,AL,36703,4.2,6,Tire shop,,,https://www.google.com/maps/place/Cougar+Oil+Inc/data=!4m7!3m6!1s0x888f0683b45084a5:0x10db52612817116e!8m2!3d32.4084164!4d-87.0158613!16s%2Fg%2F1v7pz7q1!19sChIJpYRQtIMGj4gRbhEXKGFS2xA?authuser=0&hl=en&rclk=1,auto repair shop,Dallas County,county,AL,2026-07-21T14:23:37,0x888f0683b45084a5:0x10db52612817116e
Day Motor Supply Inc,,,,"13 Lauderdale St, Selma, AL 36701, United States",13 Lauderdale St,Selma,AL,36701,,,Auto parts store,,,https://www.google.com/maps/place/Day+Motor+Supply+Inc/data=!4m7!3m6!1s0x888f0680cf9b0d31:0x9e0d0cd866eef4b1!8m2!3d32.4065507!4d-87.0208185!16s%2Fg%2F11c5zx40d3!19sChIJMQ2bz4AGj4gRsfTuZtgMDZ4?authuser=0&hl=en&rclk=1,auto repair shop,Dallas County,county,AL,2026-07-21T14:23:37,0x888f0680cf9b0d31:0x9e0d0cd866eef4b1
Firestone Complete Auto Care,(334) 431-8001,https://www.firestonecompleteautocare.com/alabama/selma/610-broad-st/?utm_source=google&utm_medium=organic&utm_campaign=localmaps&cmp=oloc_google_localmaps_maps,,"610 Broad St, Selma, AL 36701, United States",610 Broad St,Selma,AL,36701,4.5,388,Tire shop,,,https://www.google.com/maps/place/Firestone+Complete+Auto+Care/data=!4m7!3m6!1s0x888f05d52462d3a9:0x3194a5ff82260132!8m2!3d32.4141373!4d-87.0231863!16s%2Fg%2F1tjdxp9l!19sChIJqdNiJNUFj4gRMgEmgv-llDE?authuser=0&hl=en&rclk=1,auto repair shop,Dallas County,county,AL,2026-07-21T14:23:37,0x888f05d52462d3a9:0x3194a5ff82260132
"Jones Interstate Tire Co., Inc.",(334) 872-6249,,,"1909 Alabama Ave, Selma, AL 36703, United States",1909 Alabama Ave,Selma,AL,36703,4.3,19,Auto repair shop,,,"https://www.google.com/maps/place/Jones+Interstate+Tire+Co.,+Inc./data=!4m7!3m6!1s0x888f0427f5fde31b:0x7353ed659d4f8048!8m2!3d32.4114141!4d-87.0116503!16s%2Fg%2F1tf6y3lh!19sChIJG-P99ScEj4gRSIBPnWXtU3M?authuser=0&hl=en&rclk=1",auto repair shop,Dallas County,county,AL,2026-07-21T14:23:37,0x888f0427f5fde31b:0x7353ed659d4f8048
M&M Auto Care,,,,"Lauderdale St, Selma, AL 36701, United States",Lauderdale St,Selma,AL,36701,,,Auto repair shop,,,https://www.google.com/maps/place/M%26M+Auto+Care/data=!4m7!3m6!1s0x888f0680ce09e853:0x9f025254dc026d44!8m2!3d32.4062997!4d-87.0207645!16s%2Fg%2F11c5ztsn3h!19sChIJU-gJzoAGj4gRRG0C3FRSAp8?authuser=0&hl=en&rclk=1,auto repair shop,Dallas County,county,AL,2026-07-21T14:23:37,0x888f0680ce09e853:0x9f025254dc026d44
Mechanic St. Auto Service,,,,"Mechanic St, Selma, AL 36703, United States",Mechanic St,Selma,AL,36703,,,Auto repair shop,,,https://www.google.com/maps/place/Mechanic+St.+Auto+Service/data=!4m7!3m6!1s0x888f069ecfcd7569:0x3b6d0723a3e06fea!8m2!3d32.4061738!4d-87.0056104!16s%2Fg%2F11zh0yxprc!19sChIJaXXNz54Gj4gR6m_goyMHbTs?authuser=0&hl=en&rclk=1,auto repair shop,Dallas County,county,AL,2026-07-21T14:23:37,0x888f069ecfcd7569:0x3b6d0723a3e06fea
NAPA Auto Parts - PARTS & COMPANY OF SELMA INC,(334) 875-6272,https://www.napaonline.com/en/AL/Selma/store/27660?cid=pl_jobber_google_dac_27660_ao,,"2809 Citizens Pkwy, Selma, AL 36701, United States",2809 Citizens Pkwy,Selma,AL,36701,4.7,73,Auto parts store,,,https://www.google.com/maps/place/NAPA+Auto+Parts+-+PARTS+%26+COMPANY+OF+SELMA+INC/data=!4m7!3m6!1s0x888f044c4fcd94d5:0x94f1545a87153d76!8m2!3d32.438714!4d-87.022307!16s%2Fg%2F11bws40r74!19sChIJ1ZTNT0wEj4gRdj0Vh1pU8ZQ?authuser=0&hl=en&rclk=1,auto repair shop,Dallas County,county,AL,2026-07-21T14:23:37,0x888f044c4fcd94d5:0x94f1545a87153d76
O'Reilly Auto Parts,(334) 874-6651,https://locations.oreillyauto.com/en-us/al/selma/autoparts-939.html,,"1210 Highland Ave, Selma, AL 36703, United States",1210 Highland Ave,Selma,AL,36703,4.4,129,Auto parts store,,,https://www.google.com/maps/place/O%27Reilly+Auto+Parts/data=!4m7!3m6!1s0x888f0434e6e62165:0x82ca09c9abbd920!8m2!3d32.4309252!4d-87.0210622!16s%2Fg%2F1tdwqwj_!19sChIJZSHm5jQEj4gRINm7mpygLAg?authuser=0&hl=en&rclk=1,auto repair shop,Dallas County,county,AL,2026-07-21T14:23:37,0x888f0434e6e62165:0x82ca09c9abbd920
P & D Auto Service,,,,"Kings Bend Rd, Selma, AL 36701, United States",Kings Bend Rd,Selma,AL,36701,,,Auto repair shop,,,https://www.google.com/maps/place/P+%26+D+Auto+Service/data=!4m7!3m6!1s0x888f06885bc32785:0x3ee0f351ca5f0558!8m2!3d32.398452!4d-87.0202987!16s%2Fg%2F11zh0yy5mb!19sChIJhSfDW4gGj4gRWAVfylHz4D4?authuser=0&hl=en&rclk=1,auto repair shop,Dallas County,county,AL,2026-07-21T14:23:37,0x888f06885bc32785:0x3ee0f351ca5f0558
"Reliable Chevrolet GMC, Inc.",(334) 375-7026,http://www.reliablegmc.com/,,"14 Lawrence St, Selma, AL 36703, United States",14 Lawrence St,Selma,AL,36703,4.8,704,Car dealer,,,"https://www.google.com/maps/place/Reliable+Chevrolet+GMC,+Inc./data=!4m7!3m6!1s0x888f06825287878d:0xe15e9cd4ea2544d8!8m2!3d32.4093068!4d-87.0151782!16s%2Fg%2F1tq6f7_y!19sChIJjYeHUoIGj4gR2EQl6tScXuE?authuser=0&hl=en&rclk=1",auto repair shop,Dallas County,county,AL,2026-07-21T14:23:37,0x888f06825287878d:0xe15e9cd4ea2544d8
"Rural Health Medical Program, Inc. (Dallas County Health Center)",(334) 877-1490,http://www.rhmpi.com/,,"101 Park Place, Selma, AL 36701, United States",101 Park Place,Selma,AL,36701,4.8,76,Medical office,,,"https://www.google.com/maps/place/Rural+Health+Medical+Program,+Inc.+%28Dallas+County+Health+Center%29/data=!4m7!3m6!1s0x888f076b7230bdcf:0x95af91b54d29fdce!8m2!3d32.4270454!4d-87.0534097!16s%2Fg%2F11fhyjxr8z!19sChIJz70wcmsHj4gRzv0pTbWRr5U?authuser=0&hl=en&rclk=1",auto repair shop,Dallas County,county,AL,2026-07-21T14:23:37,0x888f076b7230bdcf:0x95af91b54d29fdce
Walmart Auto Care Center,(334) 874-8849,https://www.walmart.com/store/700-selma-al/auto-care-center/?veh=seo_loc,,"1501 AL-14, Selma, AL 36703, United States",1501 AL-14,Selma,AL,36703,3.3,43,Oil change service,,,https://www.google.com/maps/place/Walmart+Auto+Care+Center/data=!4m7!3m6!1s0x888f0437f94f3a0f:0xa0d92810985ac385!8m2!3d32.4337793!4d-87.0128756!16s%2Fg%2F1v831wmt!19sChIJDzpP-TcEj4gRhcNamBAo2aA?authuser=0&hl=en&rclk=1,auto repair shop,Dallas County,county,AL,2026-07-21T14:23:37,0x888f0437f94f3a0f:0xa0d92810985ac385
تکیف سیارات,,,,"Address Ln, Selma, AL 36703, United States",Address Ln,Selma,AL,36703,,,Auto repair shop,,,https://www.google.com/maps/place/%D8%AA%DA%A9%DB%8C%D9%81+%D8%B3%DB%8C%D8%A7%D8%B1%D8%A7%D8%AA%E2%80%AD/data=!4m7!3m6!1s0x888f030015646711:0x303bc76132811968!8m2!3d32.426176!4d-86.9040125!16s%2Fg%2F11nb4mwy8h!19sChIJEWdkFQADj4gRaBmBMmHHOzA?authuser=0&hl=en&rclk=1,auto repair shop,Dallas County,county,AL,2026-07-21T14:23:37,0x888f030015646711:0x303bc76132811968
Dixie Auto Body Repair Inc,(251) 945-5000,,,"21030 Co Rd 55, Silverhill, AL 36576, United States",21030 Co Rd 55,Silverhill,AL,36576,5.0,110,Auto body shop,,,https://www.google.com/maps/place/Dixie+Auto+Body+Repair+Inc/data=!4m7!3m6!1s0x889a6cc2767a0393:0xb63868d67a7a3002!8m2!3d30.5314623!4d-87.7502224!16s%2Fg%2F1vzg302_!19sChIJkwN6dsJsmogRAjB6etZoOLY?authuser=0&hl=en&rclk=1,auto repair shop,Baldwin County,county,AL,2026-07-21T11:25:20,0x889a6cc2767a0393:0xb63868d67a7a3002
Crash & Clean auto repairs & detailing,,,,"Southern Oaks Dr, Smiths Station, AL 36877, United States",Southern Oaks Dr,Smiths Station,AL,36877,5.0,10,Auto body shop,,,https://www.google.com/maps/place/Crash+%26+Clean+auto+repairs+%26+detailing/data=!4m7!3m6!1s0x888ccf2c62359011:0xbfe8714dbb9fdc43!8m2!3d32.5197502!4d-85.0745341!16s%2Fg%2F11n4pxn_2k!19sChIJEZA1YizPjIgRQ9yfu01x6L8?authuser=0&hl=en&rclk=1,auto repair shop,Russell County,county,AL,2026-07-21T18:20:24,0x888ccf2c62359011:0xbfe8714dbb9fdc43
Henry Tire & Service Center Inc,(256) 778-8370,https://www.henrytire.com/,,"31 Hoyt Henry Rd, Somerville, AL 35670, United States",31 Hoyt Henry Rd,Somerville,AL,35670,4.9,43,Tire shop,,,https://www.google.com/maps/place/Henry+Tire+%26+Service+Center+Inc/data=!4m7!3m6!1s0x8889d90fa0392311:0xfa76064c3e9cc4ff!8m2!3d34.4291776!4d-86.7305175!16s%2Fg%2F11ngj78k4l!19sChIJESM5oA_ZiYgR_8ScPkwGdvo?authuser=0&hl=en&rclk=1,auto repair shop,Morgan County,county,AL,2026-07-21T17:49:03,0x8889d90fa0392311:0xfa76064c3e9cc4ff
Goodyear Auto Service,(251) 625-4577,https://www.goodyear.com/en-us/goodyearautoservice,,"30270 Eastern Shore Ct, Spanish Fort, AL 36527, United States",30270 Eastern Shore Ct,Spanish Fort,AL,36527,4.0,177,Tire shop,,,https://www.google.com/maps/place/Goodyear+Auto+Service/data=!4m7!3m6!1s0x889a68189dc9aa5b:0x16d38759dcaff5ee!8m2!3d30.6655793!4d-87.8501653!16s%2Fg%2F1tg8khtv!19sChIJW6rJnRhomogR7vWv3FmH0xY?authuser=0&hl=en&rclk=1,auto repair shop,Baldwin County,county,AL,2026-07-21T11:25:20,0x889a68189dc9aa5b:0x16d38759dcaff5ee
Braydon's automotive repair,,,,"209 Old School St, Spruce Pine, AL 35585, United States",209 Old School St,Spruce Pine,AL,35585,5.0,2,Mechanic,,,https://www.google.com/maps/place/Braydon%27s+automotive+repair/data=!4m7!3m6!1s0x8887f1dc48ba9223:0x3c37d3ab074ebe18!8m2!3d34.3928068!4d-87.7333063!16s%2Fg%2F11vk8t7xch!19sChIJI5K6SNzxh4gRGL5OB6vTNzw?authuser=0&hl=en&rclk=1,auto repair shop,Franklin County,county,AL,2026-07-21T15:12:20,0x8887f1dc48ba9223:0x3c37d3ab074ebe18
D&D Automotive,,,,"13475 Co Rd 32, Summerdale, AL 36580, United States",13475 Co Rd 32,Summerdale,AL,36580,4.8,5,Auto repair shop,,,https://www.google.com/maps/place/D%26D+Automotive/data=!4m7!3m6!1s0x889a148d8260a139:0x9521c82f81b9d1f8!8m2!3d30.4742946!4d-87.7934754!16s%2Fg%2F11k5ltxfxq!19sChIJOaFggo0UmogR-NG5gS_IIZU?authuser=0&hl=en&rclk=1,auto repair shop,Baldwin County,county,AL,2026-07-21T11:25:20,0x889a148d8260a139:0x9521c82f81b9d1f8
Gaines Auto Repair,,,,"327 W 4th St, Sylacauga, AL 35150, United States",327 W 4th St,Sylacauga,AL,35150,5.0,1,Auto body shop,,,https://www.google.com/maps/place/Gaines+Auto+Repair/data=!4m7!3m6!1s0x888bfd434338154b:0xb4895ad99b0ebc22!8m2!3d33.1722681!4d-86.2551818!16s%2Fg%2F11y1d214m2!19sChIJSxU4Q0P9i4gRIrwOm9laibQ?authuser=0&hl=en&rclk=1,auto repair shop,Coosa County,county,AL,2026-07-21T13:46:00,0x888bfd434338154b:0xb4895ad99b0ebc22
Denny's Paint & Body INC,(256) 638-6437,http://www.dennyspaintandbody.com/,,"706 2nd Ave W, Sylvania, AL 35988, United States",706 2nd Ave W,Sylvania,AL,35988,4.7,29,Auto body shop,,,https://www.google.com/maps/place/Denny%27s+Paint+%26+Body+INC/data=!4m7!3m6!1s0x8861dbbbe97cef81:0xa72bf3117451f7b8!8m2!3d34.5545455!4d-85.8219116!16s%2Fg%2F1v3gsmw5!19sChIJge986bvbYYgRuPdRdBHzK6c?authuser=0&hl=en&rclk=1,auto repair shop,DeKalb County,county,AL,2026-07-21T14:32:18,0x8861dbbbe97cef81:0xa72bf3117451f7b8
Lawson Auto & Collision,,,,"1310 Fort Lashley Ave, Talladega, AL 35160, United States",1310 Fort Lashley Ave,Talladega,AL,35160,,,Auto repair shop,,,https://www.google.com/maps/place/Lawson+Auto+%26+Collision/data=!4m7!3m6!1s0x888bdce1c84113b5:0x3ce3d8322c2229f0!8m2!3d33.4239323!4d-86.1171874!16s%2Fg%2F11fk4dx1ny!19sChIJtRNByOHci4gR8CkiLDLY4zw?authuser=0&hl=en&rclk=1,auto repair shop,Talladega County,county,AL,2026-07-21T18:43:29,0x888bdce1c84113b5:0x3ce3d8322c2229f0
NAPA Auto Parts,(256) 362-1770,https://www.napaonline.com/en/AL/Talladega/store/805227?cid=pl_jobber_google_dac_805227_ao,,"35450 AL-21, Talladega, AL 35160, United States",35450 AL-21,Talladega,AL,35160,4.8,15,Auto parts store,,,https://www.google.com/maps/place/NAPA+Auto+Parts/data=!4m7!3m6!1s0x888bc37f81e69e89:0xfe17cc9594e91fb6!8m2!3d33.45079!4d-86.05643!16s%2Fg%2F11kq8dn_fy!19sChIJiZ7mgX_Di4gRth_plJXMF_4?authuser=0&hl=en&rclk=1,auto repair shop,Talladega County,county,AL,2026-07-21T18:43:29,0x888bc37f81e69e89:0xfe17cc9594e91fb6
NAPA AutoCare Center,,,,"215 Haynes St, Talladega, AL 35160, United States",215 Haynes St,Talladega,AL,35160,5.0,6,Auto parts store,,,https://www.google.com/maps/place/NAPA+AutoCare+Center/data=!4m7!3m6!1s0x888bc33a10d131a9:0xc2fff07e296432c8!8m2!3d33.4374925!4d-86.082613!16s%2Fg%2F11fk4dxkvc!19sChIJqTHREDrDi4gRyDJkKX7w_8I?authuser=0&hl=en&rclk=1,auto repair shop,Talladega County,county,AL,2026-07-21T18:43:29,0x888bc33a10d131a9:0xc2fff07e296432c8
The Car Hospital,,,,"500 North St E, Talladega, AL 35160, United States",500 North St E,Talladega,AL,35160,3.0,2,Auto repair shop,,,https://www.google.com/maps/place/The+Car+Hospital/data=!4m7!3m6!1s0x888bdccccf700c69:0xbaed971780fbee0f!8m2!3d33.4370276!4d-86.0943385!16s%2Fg%2F11ddwxbhjf!19sChIJaQxwz8zci4gRD-77gBeX7bo?authuser=0&hl=en&rclk=1,auto repair shop,Talladega County,county,AL,2026-07-21T18:43:29,0x888bdccccf700c69:0xbaed971780fbee0f
Walmart Auto Care Center,(256) 761-1801,https://www.walmart.com/store/432-talladega-al/auto-care-center/?veh=seo_loc,,"214 Haynes St, Talladega, AL 35160, United States",214 Haynes St,Talladega,AL,35160,3.8,44,Oil change service,,,https://www.google.com/maps/place/Walmart+Auto+Care+Center/data=!4m7!3m6!1s0x888bc339f59ce2a9:0x5b1383ace39d0ac4!8m2!3d33.4392476!4d-86.0809974!16s%2Fg%2F1v1vdzdt!19sChIJqeKc9TnDi4gRxAqd46yDE1s?authuser=0&hl=en&rclk=1,auto repair shop,Talladega County,county,AL,2026-07-21T18:43:29,0x888bc339f59ce2a9:0x5b1383ace39d0ac4
Walmart Auto Care Center,(334) 636-4317,https://www.walmart.com/store/1174-thomasville-al/auto-care-center/?veh=seo_loc,,"34301 US-43, Thomasville, AL 36784, United States",34301 US-43,Thomasville,AL,36784,2.9,15,Oil change service,,,https://www.google.com/maps/place/Walmart+Auto+Care+Center/data=!4m7!3m6!1s0x88854258097e2ef7:0x9bd7ac77cc0fa41d!8m2!3d31.9402036!4d-87.7390722!16s%2Fg%2F11g6nzshw9!19sChIJ9y5-CVhChYgRHaQPzHes15s?authuser=0&hl=en&rclk=1,auto repair shop,Marengo County,county,AL,2026-07-21T17:07:51,0x88854258097e2ef7:0x9bd7ac77cc0fa41d
Robert's Auto Repair,,,,"933 Iowa Ave, Thorsby, AL 35171, United States",933 Iowa Ave,Thorsby,AL,35171,4.9,9,Auto repair shop,,,https://www.google.com/maps/place/Robert%27s+Auto+Repair/data=!4m7!3m6!1s0x888ece693f05418f:0x15b538608f31a060!8m2!3d32.9277303!4d-86.7153394!16s%2Fg%2F11cly9z3vy!19sChIJj0EFP2nOjogRYKAxj2A4tRU?authuser=0&hl=en&rclk=1,auto repair shop,Winston County,county,AL,2026-07-21T19:26:14,0x888ece693f05418f:0x15b538608f31a060
Huntsville Automotive Inc,(256) 859-8559,https://huntsvilleautomotive.com/,,"10157 Pulaski Pike, Toney, AL 35773, United States",10157 Pulaski Pike,Toney,AL,35773,4.4,55,Auto repair shop,,,https://www.google.com/maps/place/Huntsville+Automotive+Inc/data=!4m7!3m6!1s0x886269813b758e5f:0x2867210397ceed5!8m2!3d34.903426!4d-86.6818041!16s%2Fg%2F1trrdycw!19sChIJX451O4FpYogR1e58ORByhgI?authuser=0&hl=en&rclk=1,auto repair shop,Greene County,county,AL,2026-07-21T15:22:52,0x886269813b758e5f:0x2867210397ceed5
City auto service,,,,"16030 Main St, Town Creek, AL 35672, United States",16030 Main St,Town Creek,AL,35672,3.7,3,Auto repair shop,,,https://www.google.com/maps/place/City+auto+service/data=!4m7!3m6!1s0x8862b1004215d0a5:0xff10c4e3c33863aa!8m2!3d34.6835322!4d-87.405818!16s%2Fg%2F11vwdskr8z!19sChIJpdAVQgCxYogRqmM4w-PEEP8?authuser=0&hl=en&rclk=1,auto repair shop,Choctaw County,county,AL,2026-07-21T13:02:28,0x8862b1004215d0a5:0xff10c4e3c33863aa
Bill's Auto Sales,,,,"941 Pike County Lake Rd, Troy, AL 36079, United States",941 Pike County Lake Rd,Troy,AL,36079,4.3,30,Used car dealer,,,https://www.google.com/maps/place/Bill%27s+Auto+Sales/data=!4m7!3m6!1s0x888deda46707166d:0xe2c3544c4c448cb6!8m2!3d31.7725429!4d-85.9802221!16s%2Fg%2F1260gjycj!19sChIJbRYHZ6TtjYgRtoxETExUw-I?authuser=0&hl=en&rclk=1,auto repair shop,Pike County,county,AL,2026-07-21T18:08:37,0x888deda46707166d:0xe2c3544c4c448cb6
Jiffy Lube Oil Change,(334) 403-6281,https://www.jiffylube.com/locations/al/troy/4241,,"1219 US-231, Troy, AL 36081, United States",1219 US-231,Troy,AL,36081,5.0,347,Oil change service,,,https://www.google.com/maps/place/Jiffy+Lube+Oil+Change/data=!4m7!3m6!1s0x888ded7e0958b8bf:0x4d22e3a69889115f!8m2!3d31.7811721!4d-85.9495837!16s%2Fg%2F11xgt4lclv!19sChIJv7hYCX7tjYgRXxGJmKbjIk0?authuser=0&hl=en&rclk=1,auto repair shop,Pike County,county,AL,2026-07-21T18:08:37,0x888ded7e0958b8bf:0x4d22e3a69889115f
Jordan's,,,,"E Madison St, Troy, AL 36081, United States",E Madison St,Troy,AL,36081,2.1,7,Auto body shop,,,https://www.google.com/maps/place/Jordan%27s/data=!4m7!3m6!1s0x888dec578922a0ef:0x6b3ba14885ee93e2!8m2!3d31.8044395!4d-85.9730114!16s%2Fg%2F11ddwt_zc_!19sChIJ76AiiVfsjYgR4pPuhUihO2s?authuser=0&hl=en&rclk=1,auto repair shop,Pike County,county,AL,2026-07-21T18:08:37,0x888dec578922a0ef:0x6b3ba14885ee93e2
Kevin Goodyear Towing,(334) 770-0440,http://goodyeartowing.com/?utm_source=omg-gbp&utm_medium=webclick,,"917 S Three Notch St, Troy, AL 36079, United States",917 S Three Notch St,Troy,AL,36079,4.0,31,Towing service,,,https://www.google.com/maps/place/Kevin+Goodyear+Towing/data=!4m7!3m6!1s0x888ded6b7a68f8b5:0x57314cdff6d3e56b!8m2!3d31.7906481!4d-85.9777475!16s%2Fg%2F11fqjtfsch!19sChIJtfhoemvtjYgRa-XT9t9MMVc?authuser=0&hl=en&rclk=1,auto repair shop,Pike County,county,AL,2026-07-21T18:08:37,0x888ded6b7a68f8b5:0x57314cdff6d3e56b
RoadMart Inc.,(334) 566-3413,https://roadmarttire.com/,,"177 AL-10 U.S. 231, Troy, AL 36081, United States",177 AL-10 U.S. 231,Troy,AL,36081,4.5,251,Auto repair shop,,,https://www.google.com/maps/place/RoadMart+Inc./data=!4m7!3m6!1s0x888debee991615c9:0x39ca1a20b8445f63!8m2!3d31.8032783!4d-85.9854692!16s%2Fg%2F1tmqs42p!19sChIJyRUWme7rjYgRY19EuCAayjk?authuser=0&hl=en&rclk=1,auto repair shop,Bullock County,county,AL,2026-07-21T12:05:53,0x888debee991615c9:0x39ca1a20b8445f63
Walmart Auto Care Center,(334) 566-1991,https://www.walmart.com/store/723-troy-al/auto-care-center/?veh=seo_loc,,"1420 US-231, Troy, AL 36081, United States",1420 US-231,Troy,AL,36081,3.6,82,Oil change service,,,https://www.google.com/maps/place/Walmart+Auto+Care+Center/data=!4m7!3m6!1s0x888debdaf3c15ba5:0x8e1853411a59e551!8m2!3d31.7807101!4d-85.9390778!16s%2Fg%2F1thq61l3!19sChIJpVvB89rrjYgRUeVZGkFTGI4?authuser=0&hl=en&rclk=1,auto repair shop,Pike County,county,AL,2026-07-10T11:33:15,0x888debdaf3c15ba5:0x8e1853411a59e551
AAMCO Transmissions & Total Car Care,(205) 900-3485,https://www.aamcobirmingham-trussville.com/?utm_source=G&utm_medium=local&utm_campaign=google-local,,"199 Chestnut St, Trussville, AL 35173, United States",199 Chestnut St,Trussville,AL,35173,4.8,241,Transmission shop,,,https://www.google.com/maps/place/AAMCO+Transmissions+%26+Total+Car+Care/data=!4m7!3m6!1s0x88890d1deccb77e5:0x17a125c8ec95a1e0!8m2!3d33.614947!4d-86.606511!16s%2Fg%2F1tggv8qs!19sChIJ5XfL7B0NiYgR4KGV7MgloRc?authuser=0&hl=en&rclk=1,auto repair shop,St. Clair County,county,AL,2026-07-21T18:26:22,0x88890d1deccb77e5:0x17a125c8ec95a1e0
AAMCO Transmissions & Total Car Care,(205) 291-4379,http://www.aamcotuscaloosaal.com/?utm_source=G&utm_medium=local&utm_campaign=google-local,,"3017 McFarland Blvd E, Tuscaloosa, AL 35405, United States",3017 McFarland Blvd E,Tuscaloosa,AL,35405,4.5,164,Transmission shop,,,https://www.google.com/maps/place/AAMCO+Transmissions+%26+Total+Car+Care/data=!4m7!3m6!1s0x8888a9ceceb0fbb9:0x37b2b60ba2b1f0a0!8m2!3d33.181964!4d-87.525251!16s%2Fg%2F1trxfgf1!19sChIJufuwzs6piIgRoPCxogu2sjc?authuser=0&hl=en&rclk=1,auto repair shop,Bibb County,county,AL,2026-07-21T11:43:34,0x8888a9ceceb0fbb9:0x37b2b60ba2b1f0a0
Bambarger Wrecker Service Inc,(205) 758-6598,http://www.bambargerwrecker.com/,,"2700 Investigator Dornell Cousette St, Tuscaloosa, AL 35401, United States",2700 Investigator Dornell Cousette St,Tuscaloosa,AL,35401,4.3,163,Towing service,,,https://www.google.com/maps/place/Bambarger+Wrecker+Service+Inc/data=!4m7!3m6!1s0x888602502ebb66e3:0x5d7a098abdd1845f!8m2!3d33.1791201!4d-87.5716055!16s%2Fg%2F1wnf1tf5!19sChIJ42a7LlAChogRX4TRvYoJel0?authuser=0&hl=en&rclk=1,auto repair shop,Tuscaloosa County,county,AL,2026-07-21T18:59:25,0x888602502ebb66e3:0x5d7a098abdd1845f
Firestone Complete Auto Care,(205) 737-4809,https://www.firestonecompleteautocare.com/alabama/tuscaloosa/2519-mcfarland-blvd-e/?utm_source=google&utm_medium=organic&utm_campaign=localmaps&cmp=oloc_google_localmaps_maps,,"2519 McFarland Blvd E, Tuscaloosa, AL 35405, United States",2519 McFarland Blvd E,Tuscaloosa,AL,35405,3.7,581,Tire shop,,,https://www.google.com/maps/place/Firestone+Complete+Auto+Care/data=!4m7!3m6!1s0x8888a9cc6543fba1:0x32163687b1a01650!8m2!3d33.1859834!4d-87.525481!16s%2Fg%2F1tgwt0l2!19sChIJoftDZcypiIgRUBagsYc2FjI?authuser=0&hl=en&rclk=1,auto repair shop,Bibb County,county,AL,2026-07-21T11:43:34,0x8888a9cc6543fba1:0x32163687b1a01650
Hank's Auto Glass Inc,(205) 758-3306,http://www.hanksautoglass.com/,,"1416 Whigham Pl, Tuscaloosa, AL 35405, United States",1416 Whigham Pl,Tuscaloosa,AL,35405,4.7,78,Auto parts store,,,https://www.google.com/maps/place/Hank%27s+Auto+Glass+Inc/data=!4m7!3m6!1s0x888602167104da29:0x617a4b438e0475ad!8m2!3d33.161376!4d-87.5577277!16s%2Fg%2F1tfs1v93!19sChIJKdoEcRYChogRrXUEjkNLemE?authuser=0&hl=en&rclk=1,auto repair shop,Tuscaloosa,city,AL,2026-07-10T13:25:51,0x888602167104da29:0x617a4b438e0475ad
"JacMac Tire Company, Inc.",(205) 752-3501,http://www.jacmac.net/,,"2107 9th St, Tuscaloosa, AL 35401, United States",2107 9th St,Tuscaloosa,AL,35401,4.7,192,Tire shop,,,"https://www.google.com/maps/place/JacMac+Tire+Company,+Inc./data=!4m7!3m6!1s0x888602ec0ac0aeff:0xe5a75dafc0aecc58!8m2!3d33.2068072!4d-87.5629783!16s%2Fg%2F1vyn4m9g!19sChIJ_67ACuwChogRWMyuwK9dp-U?authuser=0&hl=en&rclk=1",auto repair shop,Tuscaloosa County,county,AL,2026-07-21T18:59:25,0x888602ec0ac0aeff:0xe5a75dafc0aecc58
Pep Boys Auto Service & Tires,(205) 462-7790,https://www.pepboys.com/stores/al/tuscaloosa/3025-mcfarland-blvd?Cid=gbp_appt_AN:PB%7CPB:G%7CTT:GBP%7CCG:CONVERSION%7CCD:SERVICE,,"3025 McFarland Blvd E, Tuscaloosa, AL 35405, United States",3025 McFarland Blvd E,Tuscaloosa,AL,35405,4.2,430,Tire shop,,,https://www.google.com/maps/place/Pep+Boys+Auto+Service+%26+Tires/data=!4m7!3m6!1s0x8888a9ed96ad8379:0xbc464c771dbceb4a!8m2!3d33.181658!4d-87.525109!16s%2Fg%2F1tggv8pz!19sChIJeYOtlu2piIgRSuu8HXdMRrw?authuser=0&hl=en&rclk=1,auto repair shop,Bibb County,county,AL,2026-07-21T11:43:34,0x8888a9ed96ad8379:0xbc464c771dbceb4a
Pep Boys Auto Service & Tires,(205) 346-7564,https://www.pepboys.com/stores/al/tuscaloosa/535-skyland-blvd?Cid=gbp_appt_AN:PB%7CPB:G%7CTT:GBP%7CCG:CONVERSION%7CCD:SERVICE,,"535 Skyland Blvd, Tuscaloosa, AL 35405, United States",535 Skyland Blvd,Tuscaloosa,AL,35405,4.1,339,Tire shop,,,https://www.google.com/maps/place/Pep+Boys+Auto+Service+%26+Tires/data=!4m7!3m6!1s0x8886020b76a02bbd:0x3bf0f0a87781a610!8m2!3d33.164908!4d-87.543725!16s%2Fg%2F1tdfcw85!19sChIJvSugdgsChogREKaBd6jw8Ds?authuser=0&hl=en&rclk=1,auto repair shop,Hale County,county,AL,2026-07-21T15:27:47,0x8886020b76a02bbd:0x3bf0f0a87781a610
"Pitts Automotive, Inc",(205) 556-1155,https://pittsautorepair.com/,,"1807 Hargrove E Rd, Tuscaloosa, AL 35405, United States",1807 Hargrove E Rd,Tuscaloosa,AL,35405,4.7,671,Auto repair shop,,,"https://www.google.com/maps/place/Pitts+Automotive,+Inc/data=!4m7!3m6!1s0x8888a9b3bea41d33:0x82e1ad2b88cfb109!8m2!3d33.1853651!4d-87.514016!16s%2Fg%2F119v8tkvz!19sChIJMx2kvrOpiIgRCbHPiCut4YI?authuser=0&hl=en&rclk=1",auto repair shop,Hale County,county,AL,2026-07-21T15:27:47,0x8888a9b3bea41d33:0x82e1ad2b88cfb109
Rick's Quality Transmissions Inc.,(205) 391-0615,http://ricksqualitytransmissions.com/,,"3551 Greensboro Ave, Tuscaloosa, AL 35401, United States",3551 Greensboro Ave,Tuscaloosa,AL,35401,4.5,89,Transmission shop,,,https://www.google.com/maps/place/Rick%27s+Quality+Transmissions+Inc./data=!4m7!3m6!1s0x8886027072f5ba13:0xaee7aeb6129362b9!8m2!3d33.1779816!4d-87.5481132!16s%2Fg%2F1td017hp!19sChIJE7r1cnAChogRuWKTErau564?authuser=0&hl=en&rclk=1,auto repair shop,Tuscaloosa County,county,AL,2026-07-21T18:59:25,0x8886027072f5ba13:0xaee7aeb6129362b9
Walmart Auto Care Center,(205) 750-8879,https://www.walmart.com/store/715-tuscaloosa-al/auto-care-center/?veh=seo_loc,,"1501 Skyland E Blvd, Tuscaloosa, AL 35405, United States",1501 Skyland E Blvd,Tuscaloosa,AL,35405,3.2,125,Oil change service,,,https://www.google.com/maps/place/Walmart+Auto+Care+Center/data=!4m7!3m6!1s0x8888a9bf8b3b05db:0x1231f2e1e09e5872!8m2!3d33.1651555!4d-87.5176575!16s%2Fg%2F1tc_9fqh!19sChIJ2wU7i7-piIgRclie4OHyMRI?authuser=0&hl=en&rclk=1,auto repair shop,Tuscaloosa,city,AL,2026-07-21T19:44:47,0x8888a9bf8b3b05db:0x1231f2e1e09e5872
J Fix cars,,,,"902 N Washington St, Tuscumbia, AL 35674, United States",902 N Washington St,Tuscumbia,AL,35674,,,Auto repair shop,,,https://www.google.com/maps/place/J+Fix+cars/data=!4m7!3m6!1s0x887d4f001144094d:0x6f550d0e9791b92f!8m2!3d34.7428698!4d-87.6964772!16s%2Fg%2F11nq2ywdz9!19sChIJTQlEEQBPfYgRL7mRlw4NVW8?authuser=0&hl=en&rclk=1,auto repair shop,Colbert County,county,AL,2026-07-21T13:31:29,0x887d4f001144094d:0x6f550d0e9791b92f
Hub Bhavani,,,,"Al Noor auto electrician and battery service, Tyler, AL 36785, United States",Al Noor auto electrician and battery service,Tyler,AL,36785,,,Auto repair shop,,,https://www.google.com/maps/place/Hub+Bhavani/data=!4m7!3m6!1s0x888eff00469114cf:0xc0f502603a9c02cc!8m2!3d32.3182314!4d-86.902298!16s%2Fg%2F11wv23cb2_!19sChIJzxSRRgD_jogRzAKcOmAC9cA?authuser=0&hl=en&rclk=1,auto repair shop,Wilcox County,county,AL,2026-07-21T19:21:29,0x888eff00469114cf:0xc0f502603a9c02cc
K & N Auto Repair,,,,"18930 US-29, Union Springs, AL 36089, United States",18930 US-29,Union Springs,AL,36089,5.0,2,Auto body shop,,,https://www.google.com/maps/place/K+%26+N+Auto+Repair/data=!4m7!3m6!1s0x888daf13390155c5:0x2e20d96f4ce4420b!8m2!3d32.1252784!4d-85.7112045!16s%2Fg%2F11hy9nydfj!19sChIJxVUBOROvjYgRC0LkTG_ZIC4?authuser=0&hl=en&rclk=1,auto repair shop,Barbour County,county,AL,2026-07-21T11:34:17,0x888daf13390155c5:0x2e20d96f4ce4420b
NAPA Auto Parts - PARTS AND COMPANY OF UNIONTOWN LLC,(334) 628-2281,https://www.napaonline.com/en/AL/Uniontown/store/40071?cid=pl_jobber_google_dac_40071_ao,,"761 Washington St, Uniontown, AL 36786, United States",761 Washington St,Uniontown,AL,36786,4.5,36,Auto parts store,,,https://www.google.com/maps/place/NAPA+Auto+Parts+-+PARTS+AND+COMPANY+OF+UNIONTOWN+LLC/data=!4m7!3m6!1s0x888f7db9f2086607:0x2c8bc01053c84542!8m2!3d32.449765!4d-87.5108086!16s%2Fg%2F11bx89z65b!19sChIJB2YI8rl9j4gRQkXIUxDAiyw?authuser=0&hl=en&rclk=1,auto repair shop,Marengo County,county,AL,2026-07-21T17:07:51,0x888f7db9f2086607:0x2c8bc01053c84542
Griffin's custom auto care,,,,"7121 Lee County Rd 270, Valley, AL 36854, United States",7121 Lee County Rd 270,Valley,AL,36854,,,Auto repair shop,,,https://www.google.com/maps/place/Griffin%27s+custom+auto+care/data=!4m7!3m6!1s0x888cbb839ee13355:0xdf21017b2b74a517!8m2!3d32.7256088!4d-85.1577524!16s%2Fg%2F11t3glgphd!19sChIJVTPhnoO7jIgRF6V0K3sBId8?authuser=0&hl=en&rclk=1,auto repair shop,Chambers County,county,AL,2026-07-21T12:31:15,0x888cbb839ee13355:0xdf21017b2b74a517
Valley Collision Inc,(334) 756-8787,http://valley-collision-inc.com/,,"510 Fob James Dr, Valley, AL 36854, United States",510 Fob James Dr,Valley,AL,36854,4.3,74,Auto repair shop,,,https://www.google.com/maps/place/Valley+Collision+Inc/data=!4m7!3m6!1s0x888ca35005017c97:0x10d3bf687942bed4!8m2!3d32.8182554!4d-85.2073881!16s%2Fg%2F1thhl8sk!19sChIJl3wBBVCjjIgR1L5CeWi_0xA?authuser=0&hl=en&rclk=1,auto repair shop,Chambers County,county,AL,2026-07-21T12:31:15,0x888ca35005017c97:0x10d3bf687942bed4
Averitt Express Maintenance Shop,,,,"10108 Brose Dr, Vance, AL 35490, United States",10108 Brose Dr,Vance,AL,35490,4.4,20,Truck repair shop,,,https://www.google.com/maps/place/Averitt+Express+Maintenance+Shop/data=!4m7!3m6!1s0x8888b70290280ca5:0x851f931b532de5be!8m2!3d33.1848749!4d-87.2699203!16s%2Fg%2F11c1qqzr27!19sChIJpQwokAK3iIgRvuUtUxuTH4U?authuser=0&hl=en&rclk=1,auto repair shop,Bibb County,county,AL,2026-07-09T18:04:29,0x8888b70290280ca5:0x851f931b532de5be
Tire Doctor Inc.,(205) 497-2727,https://www.tiredoctor.net/,,"11584 Co Rd 24, Verbena, AL 36091, United States",11584 Co Rd 24,Verbena,AL,36091,,,Tire shop,,,https://www.google.com/maps/place/Tire+Doctor+Inc./data=!4m7!3m6!1s0x888eb903dfd51c9d:0xf87cbe3aaed6d513!8m2!3d32.7747489!4d-86.5455617!16s%2Fg%2F11m6njycng!19sChIJnRzV3wO5jogRE9XWrjq-fPg?authuser=0&hl=en&rclk=1,auto repair shop,Chilton County,county,AL,2026-07-09T19:17:57,0x888eb903dfd51c9d:0xf87cbe3aaed6d513
Triple J Auto & Diesel Body Shop,,,,"7315 AL-18, Vernon, AL 35592, United States",7315 AL-18,Vernon,AL,35592,,,Auto repair shop,,,https://www.google.com/maps/place/Triple+J+Auto+%26+Diesel+Body+Shop/data=!4m7!3m6!1s0x88865500205d6a47:0x7f84dcd99053ab0d!8m2!3d33.7471212!4d-88.1518076!16s%2Fg%2F11zgs0fpx0!19sChIJR2pdIABVhogRDatTkNnchH8?authuser=0&hl=en&rclk=1,auto repair shop,Lamar County,county,AL,2026-07-21T16:04:33,0x88865500205d6a47:0x7f84dcd99053ab0d
"Truck & Trailer Parts, Inc",(205) 695-9181,http://truckandtrailerpartsinc.com/,,"44190 AL-17, Vernon, AL 35592, United States",44190 AL-17,Vernon,AL,35592,4.9,14,Truck parts supplier,,,"https://www.google.com/maps/place/Truck+%26+Trailer+Parts,+Inc/data=!4m7!3m6!1s0x888654bf9653eb47:0x389111a3b9665def!8m2!3d33.7502849!4d-88.1098366!16s%2Fg%2F1tf7yh4n!19sChIJR-tTlr9UhogR711muaMRkTg?authuser=0&hl=en&rclk=1",auto repair shop,Lamar County,county,AL,2026-07-21T16:04:33,0x888654bf9653eb47:0x389111a3b9665def
Firestone Complete Auto Care,(205) 209-4359,https://www.firestonecompleteautocare.com/alabama/vestavia-hills/1655-montgomery-hwy/?utm_source=google&utm_medium=organic&utm_campaign=localmaps&cmp=oloc_google_localmaps_maps,,"1655 Montgomery Hwy, Vestavia Hills, AL 35216, United States",1655 Montgomery Hwy,Vestavia Hills,AL,35216,4.4,479,Tire shop,,,https://www.google.com/maps/place/Firestone+Complete+Auto+Care/data=!4m7!3m6!1s0x8889220bb5891123:0x77ad06f93f454dcf!8m2!3d33.3943819!4d-86.8056727!16s%2Fg%2F1tx8tzwy!19sChIJIxGJtQsiiYgRz01FP_kGrXc?authuser=0&hl=en&rclk=1,auto repair shop,Hoover,city,AL,2026-07-21T19:53:30,0x8889220bb5891123:0x77ad06f93f454dcf
Goodyear Auto Service,(205) 822-8262,https://www.goodyear.com/en-us/goodyearautoservice,,"721 Montgomery Hwy, Vestavia Hills, AL 35216, United States",721 Montgomery Hwy,Vestavia Hills,AL,35216,4.6,184,Tire shop,,,https://www.google.com/maps/place/Goodyear+Auto+Service/data=!4m7!3m6!1s0x8889190311717d2f:0xe6ed087980825992!8m2!3d33.4455726!4d-86.7902131!16s%2Fg%2F1tgp1kwq!19sChIJL31xEQMZiYgRklmCgHkI7eY?authuser=0&hl=en&rclk=1,auto repair shop,Hoover,city,AL,2026-07-21T19:53:30,0x8889190311717d2f:0xe6ed087980825992
Meineke Car Care Center,(205) 598-5567,https://www.meineke.com/locations/al/vestavia-2778/?utm_source=google&utm_medium=organic&utm_campaign=gbp_website,,"2505 Rocky Ridge Rd, Vestavia Hills, AL 35243, United States",2505 Rocky Ridge Rd,Vestavia Hills,AL,35243,4.5,525,Auto repair shop,,,https://www.google.com/maps/place/Meineke+Car+Care+Center/data=!4m7!3m6!1s0x8889185b59c6ce3b:0x1e7c83bdf9d78227!8m2!3d33.4246524!4d-86.7718519!16s%2Fg%2F11b6pthkm3!19sChIJO87GWVsYiYgRJ4LX-b2DfB4?authuser=0&hl=en&rclk=1,auto repair shop,Jefferson County,county,AL,2026-07-21T15:53:13,0x8889185b59c6ce3b:0x1e7c83bdf9d78227
Pep Boys Auto Service & Tires,(205) 660-0484,https://www.pepboys.com/stores/al/vestavia-hills/1453-montgomery-hwy?Cid=gbp_appt_AN:PB%7CPB:G%7CTT:GBP%7CCG:CONVERSION%7CCD:SERVICE,,"1453 Montgomery Hwy, Vestavia Hills, AL 35216, United States",1453 Montgomery Hwy,Vestavia Hills,AL,35216,4.3,403,Auto repair shop,,,https://www.google.com/maps/place/Pep+Boys+Auto+Service+%26+Tires/data=!4m7!3m6!1s0x88891895477137ab:0xe6713afd7909b2e0!8m2!3d33.418727!4d-86.800637!16s%2Fg%2F1thlnvjw!19sChIJqzdxR5UYiYgR4LIJef06ceY?authuser=0&hl=en&rclk=1,auto repair shop,Hoover,city,AL,2026-07-21T19:53:30,0x88891895477137ab:0xe6713afd7909b2e0
"RARE, Inc. Auto Body Shop - Ray's Auto Restoration Etc.",(256) 739-1805,,,"810 Co Rd 1215, Vinemont, AL 35179, United States",810 Co Rd 1215,Vinemont,AL,35179,4.8,27,Auto body shop,,,"https://www.google.com/maps/place/RARE,+Inc.+Auto+Body+Shop+-+Ray%27s+Auto+Restoration+Etc./data=!4m7!3m6!1s0x888831ee50bfb2b3:0x16fdccba7a63a160!8m2!3d34.28131!4d-86.9955706!16s%2Fg%2F11bbwllv3n!19sChIJs7K_UO4xiIgRYKFjerrM_RY?authuser=0&hl=en&rclk=1",auto repair shop,Cullman County,county,AL,2026-07-21T14:02:39,0x888831ee50bfb2b3:0x16fdccba7a63a160
A’s Auto Repair,,,,"9585 Norgate Rd, Warrior, AL 35180, United States",9585 Norgate Rd,Warrior,AL,35180,,,Auto repair shop,,,https://www.google.com/maps/place/A%E2%80%99s+Auto+Repair/data=!4m7!3m6!1s0x8889a739c54aea5d:0xfe138f9630546dc2!8m2!3d33.7840484!4d-86.7201223!16s%2Fg%2F11y12k520p!19sChIJXepKxTmniYgRwm1UMJaPE_4?authuser=0&hl=en&rclk=1,auto repair shop,Winston County,county,AL,2026-07-21T19:26:14,0x8889a739c54aea5d:0xfe138f9630546dc2
Lakeview Auto Service Inc,(256) 363-2069,https://lomyu.me/lakeview-auto-service-inc-431175-us,,"21414 US-431, Wedowee, AL 36278, United States",21414 US-431,Wedowee,AL,36278,4.8,40,Auto repair shop,,,https://www.google.com/maps/place/Lakeview+Auto+Service+Inc/data=!4m7!3m6!1s0x888b0cb86a9a21af:0x1d351ac3e50f850b!8m2!3d33.3705928!4d-85.5011289!16s%2Fg%2F1thvhq7v!19sChIJryGaargMi4gRC4UP5cMaNR0?authuser=0&hl=en&rclk=1,auto repair shop,Bullock County,county,AL,2026-07-21T12:05:53,0x888b0cb86a9a21af:0x1d351ac3e50f850b
Strickland's Texaco Inc,(706) 643-8850,http://www.stricklandtexaco.com/,,"514 2nd Ave, West Point, GA 31833, United States",514 2nd Ave,West Point,GA,31833,4.8,43,Auto repair shop,,,https://www.google.com/maps/place/Strickland%27s+Texaco+Inc/data=!4m7!3m6!1s0x888ca40cbbe4d205:0x970686e326c69eed!8m2!3d32.8749101!4d-85.1834332!16s%2Fg%2F1tf667h2!19sChIJBdLkuwykjIgR7Z7GJuOGBpc?authuser=0&hl=en&rclk=1,auto repair shop,Chambers County,county,AL,2026-07-21T12:31:15,0x888ca40cbbe4d205:0x970686e326c69eed
Coosa Automotive Repair Inc,(334) 567-8710,,,"300 NW Main St, Wetumpka, AL 36092, United States",300 NW Main St,Wetumpka,AL,36092,4.4,19,Auto repair shop,,,https://www.google.com/maps/place/Coosa+Automotive+Repair+Inc/data=!4m7!3m6!1s0x888c26e3c45a1f49:0xf692a54c4f04fec5!8m2!3d32.5417485!4d-86.2125309!16s%2Fg%2F1262dhbt8!19sChIJSR9axOMmjIgRxf4ET0ylkvY?authuser=0&hl=en&rclk=1,auto repair shop,Coosa County,county,AL,2026-07-21T13:46:00,0x888c26e3c45a1f49:0xf692a54c4f04fec5
