name,phone,website,email,address,street,city,state,zip,rating,review_count,category,hours_status,hours_detail,google_maps_url,search_keyword,search_place,search_type,search_state,scraped_at,place_id
Amish Auto & Exhaust,,,,"Sheridan, AR 72150, United States",,,AR,,5.0,3,Auto repair shop,,,https://www.google.com/maps/place/Amish+Auto+%26+Exhaust/data=!4m7!3m6!1s0x862d577ebd3e1fed:0xe2db5be074ed322b!8m2!3d34.3115636!4d-92.4166253!16s%2Fg%2F11vylwswbw!19sChIJ7R8-vX5XLYYRKzLtdOBb2-I?authuser=0&hl=en&rclk=1,auto repair shop,Grant County,county,AR,2026-07-22T00:01:40,0x862d577ebd3e1fed:0xe2db5be074ed322b
Arkansas Power Washing And Painting Llc,,,,"Mountain Home, AR 72653, United States",,,AR,,5.0,1,Auto repair shop,,,https://www.google.com/maps/place/Arkansas+Power+Washing+And+Painting+Llc/data=!4m7!3m6!1s0x87d1d956dae78731:0x9ff9e714c3b6aa92!8m2!3d36.3336296!4d-92.3855577!16s%2Fg%2F11z8p8d823!19sChIJMYfn2lbZ0YcRkqq2wxTn-Z8?authuser=0&hl=en&rclk=1,auto repair shop,Baxter County,county,AR,2026-07-21T20:37:48,0x87d1d956dae78731:0x9ff9e714c3b6aa92
Bba Bob's Auto,,,,"Fayetteville, AR 72701, United States",,,AR,,5.0,2,Auto repair shop,,,https://www.google.com/maps/place/Bba+Bob%27s+Auto/data=!4m7!3m6!1s0x87c96f38b929932b:0x7b3b0a45119e008b!8m2!3d36.0401348!4d-94.165788!16s%2Fg%2F11f7352vgb!19sChIJK5MpuThvyYcRiwCeEUUKO3s?authuser=0&hl=en&rclk=1,auto repair shop,Fayetteville,city,AR,2026-07-22T05:02:56,0x87c96f38b929932b:0x7b3b0a45119e008b
Ben's Automotive Mobile Auto Repair,,,,"Searcy, AR 72143, United States",,,AR,,,,Auto repair shop,,,https://www.google.com/maps/place/Ben%27s+Automotive+Mobile+Auto+Repair/data=!4m7!3m6!1s0x87d3a90064dcd679:0xec2f15c0cab0d4d6!8m2!3d35.2437536!4d-91.7364422!16s%2Fg%2F11nr0j17g8!19sChIJedbcZACp04cR1tSwysAVL-w?authuser=0&hl=en&rclk=1,auto repair shop,Searcy County,county,AR,2026-07-22T03:49:16,0x87d3a90064dcd679:0xec2f15c0cab0d4d6
Buddy´s Auto Repair & Wrecker Service,,,,"Helena-West Helena, AR 72390, United States",,,AR,,,,Auto repair shop,,,https://www.google.com/maps/place/Buddy%C2%B4s+Auto+Repair+%26+Wrecker+Service/data=!4m7!3m6!1s0x87d4d4e2c3254a03:0xb05572eeac6598a!8m2!3d34.538917!4d-90.6411061!16s%2Fg%2F11yjsbvm9t!19sChIJA0olw-LU1IcRilnG6i5XBQs?authuser=0&hl=en&rclk=1,auto repair shop,Phillips County,county,AR,2026-07-22T02:44:47,0x87d4d4e2c3254a03:0xb05572eeac6598a
Butlers Garage,,,,"Piggott, AR 72454, United States",,,AR,,,,Auto repair shop,,,https://www.google.com/maps/place/Butlers+Garage/data=!4m7!3m6!1s0x87d62fa61973fed3:0xcf25b9a1a5dc0c7b!8m2!3d36.454432!4d-90.1413066!16s%2Fg%2F11l59mjcyr!19sChIJ0_5zGaYv1ocRewzcpaG5Jc8?authuser=0&hl=en&rclk=1,auto repair shop,Clay County,county,AR,2026-07-21T21:57:51,0x87d62fa61973fed3:0xcf25b9a1a5dc0c7b
Chip Repair,,,,"De Queen, AR 71832, United States",,,AR,,,,Auto repair shop,,,https://www.google.com/maps/place/Chip+Repair/data=!4m7!3m6!1s0x8634e0c6a446cc63:0x20da9178b09e321!8m2!3d34.049852!4d-94.330003!16s%2Fg%2F11gsbfrxnz!19sChIJY8xGpMbgNIYRIeMJixepDQI?authuser=0&hl=en&rclk=1,auto repair shop,Sevier County,county,AR,2026-07-10T21:34:24,0x8634e0c6a446cc63:0x20da9178b09e321
DEINO'S AUTOMOTIVE REPAIR,,,,"Marianna, AR 72360, United States",,,AR,,5.0,2,Car repair and maintenance service,,,https://www.google.com/maps/place/DEINO%27S+AUTOMOTIVE+REPAIR/data=!4m7!3m6!1s0x87d4c35f29d2274b:0x1af647ce5826c3c8!8m2!3d34.7743935!4d-90.7679698!16s%2Fg%2F11y367y4fx!19sChIJSyfSKV_D1IcRyMMmWM5H9ho?authuser=0&hl=en&rclk=1,auto repair shop,Phillips County,county,AR,2026-07-22T02:44:47,0x87d4c35f29d2274b:0x1af647ce5826c3c8
Donley Truck Repair Lllc,,,,"Arkansas 72653, United States",,,AR,,,,Auto repair shop,,,https://www.google.com/maps/place/Donley+Truck+Repair+Lllc/data=!4m7!3m6!1s0x87d1dce408da18ab:0x245c5a55f868a761!8m2!3d36.2896021!4d-92.3278426!16s%2Fg%2F11ntcf3hh6!19sChIJqxjaCOTc0YcRYado-FVaXCQ?authuser=0&hl=en&rclk=1,auto repair shop,Baxter County,county,AR,2026-07-21T20:37:48,0x87d1dce408da18ab:0x245c5a55f868a761
"FWD Performance, Inc.",(281) 288-4411,http://fwdperformance.com/,,,,,AR,,4.1,14,Auto parts store,,,"https://www.google.com/maps/place/FWD+Performance,+Inc./data=!4m7!3m6!1s0x8647350cebd2951f:0x530715d56599b03a!8m2!3d46.423669!4d-129.9427086!16s%2Fg%2F1tg9njhy!19sChIJH5XS6ww1R4YROrCZZdUVB1M?authuser=0&hl=en&rclk=1",auto repair shop,Union County,county,AR,2026-07-22T04:26:06,0x8647350cebd2951f:0x530715d56599b03a
JOHNNY'S ATV & AUTO SERVICE,,,,"Arkansas 71655, United States",,,AR,,,,Auto repair shop,,,https://www.google.com/maps/place/JOHNNY%27S+ATV+%26+AUTO+SERVICE/data=!4m7!3m6!1s0x862c52e4168918d7:0xb84af52796211ca1!8m2!3d33.6423896!4d-91.8065936!16s%2Fg%2F11z6pw98st!19sChIJ1xiJFuRSLIYRoRwhlif1Srg?authuser=0&hl=en&rclk=1,auto repair shop,Chicot County,county,AR,2026-07-21T21:32:57,0x862c52e4168918d7:0xb84af52796211ca1
KELLEY'S AUTOMOTIVE,,,,"El Dorado, AR 71730, United States",,,AR,,3.7,3,Auto repair shop,,,https://www.google.com/maps/place/KELLEY%27S+AUTOMOTIVE/data=!4m7!3m6!1s0x86321a41dc3755db:0x4bdeb93be513280!8m2!3d33.2072761!4d-92.6749768!16s%2Fg%2F11w8qsjzxn!19sChIJ21U33EEaMoYRgDJRvpPrvQQ?authuser=0&hl=en&rclk=1,auto repair shop,Union County,county,AR,2026-07-22T04:26:06,0x86321a41dc3755db:0x4bdeb93be513280
MISTER Auto Repair SHOP,,,,"Leland, MS 38756, United States",,,AR,,,,Auto repair shop,,,https://www.google.com/maps/place/MISTER+Auto+Repair+SHOP/data=!4m7!3m6!1s0x862bc028f09e882d:0xed66034dd65085d5!8m2!3d33.3993495!4d-90.9028885!16s%2Fg%2F11x95dy6t4!19sChIJLYie8CjAK4YR1YVQ1k0DZu0?authuser=0&hl=en&rclk=1,auto repair shop,Desha County,county,AR,2026-07-10T17:07:40,0x862bc028f09e882d:0xed66034dd65085d5
Muffler Shop,,,,"Conway, AR 72032, United States",,,AR,,5.0,1,Auto repair shop,,,https://www.google.com/maps/place/Muffler+Shop/data=!4m7!3m6!1s0x87d28224b1e93bb7:0xa2f687487d2316cb!8m2!3d35.0919365!4d-92.4350267!16s%2Fg%2F11y4b_xpz7!19sChIJtzvpsSSC0ocRyxYjfUiH9qI?authuser=0&hl=en&rclk=1,auto repair shop,Conway County,county,AR,2026-07-21T22:32:58,0x87d28224b1e93bb7:0xa2f687487d2316cb
Pete Hill's Garage & Wrecker Service,,,,"Arkansas 71968, United States",,,AR,,5.0,1,Auto repair shop,,,https://www.google.com/maps/place/Pete+Hill%27s+Garage+%26+Wrecker+Service/data=!4m7!3m6!1s0x87ccd3aaa26da275:0x10316149b8d19d3f!8m2!3d34.5110881!4d-93.2169357!16s%2Fg%2F11ywl9btll!19sChIJdaJtoqrTzIcRP53RuElhMRA?authuser=0&hl=en&rclk=1,auto repair shop,Pike County,county,AR,2026-07-22T02:48:53,0x87ccd3aaa26da275:0x10316149b8d19d3f
Point.S Tire & Auto service,,,,"Heber Springs, AR 72543, United States",,,AR,,,,,,,https://www.google.com/maps/place/Point.S+Tire+%26+Auto+service/data=!4m7!3m6!1s0x87d2470101f0659b:0xfedf9c10cf6b44b0!8m2!3d35.5080411!4d-92.0298094!16s%2Fg%2F11ygz945zd!19sChIJm2XwAQFH0ocRsERrzxCc3_4?authuser=0&hl=en&rclk=1,auto repair shop,Cleburne County,county,AR,2026-07-21T22:10:37,0x87d2470101f0659b:0xfedf9c10cf6b44b0
PrimeTime Mobile Mechanic,,,,,,,AR,,4.7,63,Car repair and maintenance service,,,https://www.google.com/maps/place/PrimeTime+Mobile+Mechanic/data=!4m7!3m6!1s0x7d9520283e3f0df:0xcbe9e8e3cf54183f!8m2!3d35.0729224!4d-92.4842289!16s%2Fg%2F11sryrvxlr!19sChIJ3_DjgwJS2QcRPxhUz-Po6cs?authuser=0&hl=en&rclk=1,auto repair shop,Van Buren County,county,AR,2026-07-22T04:30:12,0x7d9520283e3f0df:0xcbe9e8e3cf54183f
Red´s Starter & Alternator Services,,,,"El Dorado, AR 71730, United States",,,AR,,,,Auto repair shop,,,https://www.google.com/maps/place/Red%C2%B4s+Starter+%26+Alternator+Services/data=!4m7!3m6!1s0x863219ed5ef200f9:0x69983351c6a7cbfb!8m2!3d33.208156!4d-92.708543!16s%2Fg%2F11xmp4kp0p!19sChIJ-QDyXu0ZMoYR-8unxlEzmGk?authuser=0&hl=en&rclk=1,auto repair shop,Union County,county,AR,2026-07-22T04:26:06,0x863219ed5ef200f9:0x69983351c6a7cbfb
Tech-Net Professional Auto Service,,,,"Drasco, AR 72530, United States",,,AR,,,,Auto repair shop,,,https://www.google.com/maps/place/Tech-Net+Professional+Auto+Service/data=!4m7!3m6!1s0x87d236d50ff188cd:0x2b7feef1c3409b65!8m2!3d35.6354997!4d-91.947219!16s%2Fg%2F11jk3qwjld!19sChIJzYjxD9U20ocRZZtAw_Hufys?authuser=0&hl=en&rclk=1,auto repair shop,Stone County,county,AR,2026-07-22T04:14:09,0x87d236d50ff188cd:0x2b7feef1c3409b65
Tire shop,,,,"Jasper, AR 72641, United States",,,AR,,5.0,7,Tire shop,,,https://www.google.com/maps/place/Tire+shop/data=!4m7!3m6!1s0x87ce850700319fdf:0x7ce58e91354c3854!8m2!3d36.0110688!4d-93.1834512!16s%2Fg%2F11g0747951!19sChIJ358xAAeFzocRVDhMNZGO5Xw?authuser=0&hl=en&rclk=1,auto repair shop,Newton County,county,AR,2026-07-22T02:26:30,0x87ce850700319fdf:0x7ce58e91354c3854
Western Grove Auto Repair,,,,"Western Grove, AR 72685, United States",,,AR,,3.0,2,Auto repair shop,,,https://www.google.com/maps/place/Western+Grove+Auto+Repair/data=!4m7!3m6!1s0x87ce659fa940002f:0xe933e0c8509341a3!8m2!3d36.101203!4d-92.9535306!16s%2Fg%2F1thtdnwr!19sChIJLwBAqZ9lzocRo0GTUMjgM-k?authuser=0&hl=en&rclk=1,auto repair shop,Dallas County,county,AR,2026-07-21T23:27:20,0x87ce659fa940002f:0xe933e0c8509341a3
"Precision Truck Alignment, Inc.",(501) 920-2168,https://www.precisiontruckalignment.com/,,"43045 Central Ave, Alexander, AR 72002, United States",43045 Central Ave,Alexander,AR,72002,4.6,81,Trailer repair shop,,,"https://www.google.com/maps/place/Precision+Truck+Alignment,+Inc./data=!4m7!3m6!1s0x87d2a83c92924129:0xa9f342b83c059626!8m2!3d34.6347915!4d-92.4487231!16s%2Fg%2F1td9r1dl!19sChIJKUGSkjyo0ocRJpYFPLhC86k?authuser=0&hl=en&rclk=1",auto repair shop,Saline County,county,AR,2026-07-10T21:13:52,0x87d2a83c92924129:0xa9f342b83c059626
A & B Auto Sports,,,,"5721 Lamb Rd, Alma, AR 72921, United States",5721 Lamb Rd,Alma,AR,72921,,,Auto repair shop,,,https://www.google.com/maps/place/A+%26+B+Auto+Sports/data=!4m7!3m6!1s0x87cbb90059cb610f:0x6c3ebb5037c7685b!8m2!3d35.4760608!4d-94.1554368!16s%2Fg%2F11yq1bvvqt!19sChIJD2HLWQC5y4cRW2jHN1C7Pmw?authuser=0&hl=en&rclk=1,auto repair shop,Crawford County,county,AR,2026-07-21T22:54:22,0x87cbb90059cb610f:0x6c3ebb5037c7685b
Alma Heavy Duty Truck Towing & Recovery,,http://www.towingalmaauto.com/,,"2826 N Hwy 71, Alma, AR 72921, United States",2826 N Hwy 71,Alma,AR,72921,4.6,181,Towing service,,,https://www.google.com/maps/place/Alma+Heavy+Duty+Truck+Towing+%26+Recovery/data=!4m7!3m6!1s0x87cbc7dd13114f5b:0x8b678cfaf516dde3!8m2!3d35.5153964!4d-94.224789!16s%2Fg%2F1tcvpt69!19sChIJW08RE93Hy4cR490W9fqMZ4s?authuser=0&hl=en&rclk=1,auto repair shop,Crawford County,county,AR,2026-07-21T22:54:22,0x87cbc7dd13114f5b:0x8b678cfaf516dde3
Walmart Auto Care Center,(479) 632-4360,https://www.walmart.com/store/358-alma-ar/auto-care-center/?veh=seo_loc,,"367 W Cherry St, Alma, AR 72921, United States",367 W Cherry St,Alma,AR,72921,3.8,115,Oil change service,,,https://www.google.com/maps/place/Walmart+Auto+Care+Center/data=!4m7!3m6!1s0x87cbb81b2e606f33:0xc2340294978a9e28!8m2!3d35.4791065!4d-94.2286898!16s%2Fg%2F1vb9dlbd!19sChIJM29gLhu4y4cRKJ6Kl5QCNMI?authuser=0&hl=en&rclk=1,auto repair shop,Crawford County,county,AR,2026-07-10T16:23:59,0x87cbb81b2e606f33:0xc2340294978a9e28
"Arkadelphia Collision Repair Center, Inc.",(870) 246-8885,http://www.arkadelphiacollisionrepair.com/,,"1107 N 10th St, Arkadelphia, AR 71923, United States",1107 N 10th St,Arkadelphia,AR,71923,4.6,24,Auto body shop,,,"https://www.google.com/maps/place/Arkadelphia+Collision+Repair+Center,+Inc./data=!4m7!3m6!1s0x8632dfb44f5d1c45:0x5efcdffc0e2c5ec5!8m2!3d34.1408765!4d-93.0610333!16s%2Fg%2F1thtdhpz!19sChIJRRxdT7TfMoYRxV4sDvzf_F4?authuser=0&hl=en&rclk=1",auto repair shop,Clark County,county,AR,2026-07-21T21:45:43,0x8632dfb44f5d1c45:0x5efcdffc0e2c5ec5
Automobill's Inc,(870) 246-0458,http://automobills.net/,,"211 High School Dr, Arkadelphia, AR 71923, United States",211 High School Dr,Arkadelphia,AR,71923,4.5,75,Auto repair shop,,,https://www.google.com/maps/place/Automobill%27s+Inc/data=!4m7!3m6!1s0x86332000a6befbf7:0xab6d898c08cea6d1!8m2!3d34.11886!4d-93.097921!16s%2Fg%2F1tjpqwgt!19sChIJ9_u-pgAgM4YR0abOCIyJbas?authuser=0&hl=en&rclk=1,auto repair shop,Clark County,county,AR,2026-07-21T21:45:43,0x86332000a6befbf7:0xab6d898c08cea6d1
Bubblegum & Ziptie ATV Repairs,,,,"625 Walnut St, Arkadelphia, AR 71923, United States",625 Walnut St,Arkadelphia,AR,71923,1.0,1,ATV repair shop,,,https://www.google.com/maps/place/Bubblegum+%26+Ziptie+ATV+Repairs/data=!4m7!3m6!1s0x8632e116c20c7665:0x907b6abeade260b4!8m2!3d34.1140671!4d-93.0540987!16s%2Fg%2F11j5h_gmgm!19sChIJZXYMwhbhMoYRtGDirb5qe5A?authuser=0&hl=en&rclk=1,auto repair shop,Clark County,county,AR,2026-07-21T21:45:43,0x8632e116c20c7665:0x907b6abeade260b4
O'Reilly Auto Parts,(870) 230-8088,https://locations.oreillyauto.com/en-us/ar/arkadelphia/autoparts-815.html,,"2923 Pine St, Arkadelphia, AR 71923, United States",2923 Pine St,Arkadelphia,AR,71923,4.4,158,Auto parts store,,,https://www.google.com/maps/place/O%27Reilly+Auto+Parts/data=!4m7!3m6!1s0x8632dfe315509621:0x8abefc483a4bf816!8m2!3d34.1187776!4d-93.0864647!16s%2Fg%2F1td5rn93!19sChIJIZZQFePfMoYRFvhLOkj8voo?authuser=0&hl=en&rclk=1,auto repair shop,Clark County,county,AR,2026-07-21T21:45:43,0x8632dfe315509621:0x8abefc483a4bf816
Paul Shepherd Auto Inc,(870) 246-3399,http://paul-inc-arkadelphia.keeq.io/,,"2109 Pine St, Arkadelphia, AR 71923, United States",2109 Pine St,Arkadelphia,AR,71923,4.2,19,Used car dealer,,,https://www.google.com/maps/place/Paul+Shepherd+Auto+Inc/data=!4m7!3m6!1s0x8632dfdd9e6bc349:0x47afc07890b9828a!8m2!3d34.1227627!4d-93.0761655!16s%2Fg%2F1vvdvl6t!19sChIJScNrnt3fMoYRioK5kHjAr0c?authuser=0&hl=en&rclk=1,auto repair shop,Clark County,county,AR,2026-07-21T21:45:43,0x8632dfdd9e6bc349:0x47afc07890b9828a
Splash,,,,"121 Wp Malone Rd, Arkadelphia, AR 71923, United States",121 Wp Malone Rd,Arkadelphia,AR,71923,3.5,131,Car wash,,,https://www.google.com/maps/place/Splash/data=!4m7!3m6!1s0x8632dff91996ce05:0xec8eccb9302c3bab!8m2!3d34.121589!4d-93.0946745!16s%2Fg%2F11g6vj3qbb!19sChIJBc6WGfnfMoYRqzssMLnMjuw?authuser=0&hl=en&rclk=1,auto repair shop,Clark County,county,AR,2026-07-21T21:45:43,0x8632dff91996ce05:0xec8eccb9302c3bab
Walmart Auto Care Center,(870) 245-0083,https://www.walmart.com/store/318-arkadelphia-ar/auto-care-center/?veh=seo_loc,,"109 Wp Malone Rd, Arkadelphia, AR 71923, United States",109 Wp Malone Rd,Arkadelphia,AR,71923,3.8,134,Oil change service,,,https://www.google.com/maps/place/Walmart+Auto+Care+Center/data=!4m7!3m6!1s0x8632dffeb5ee1741:0x196a62cb484e7a66!8m2!3d34.1191749!4d-93.0968341!16s%2Fg%2F1tkq_mwp!19sChIJQRfutf7fMoYRZnpOSMtiahk?authuser=0&hl=en&rclk=1,auto repair shop,Clark County,county,AR,2026-07-21T21:45:43,0x8632dffeb5ee1741:0x196a62cb484e7a66
Baker's Body Shop Inc,(870) 571-6396,http://www.bakersbodyshopashdown.com/,,"150 US-71, Ashdown, AR 71822, United States",150 US-71,Ashdown,AR,71822,4.9,19,Auto body shop,,,https://www.google.com/maps/place/Baker%27s+Body+Shop+Inc/data=!4m7!3m6!1s0x86345e6334b05e73:0x13b7ce532ddec5bf!8m2!3d33.6502714!4d-94.1074541!16s%2Fg%2F1w97vrwz!19sChIJc16wNGNeNIYRv8XeLVPOtxM?authuser=0&hl=en&rclk=1,auto repair shop,Little River County,county,AR,2026-07-22T01:22:20,0x86345e6334b05e73:0x13b7ce532ddec5bf
GWs,,,,"SW 12th St, Atkins, AR 72823, United States",SW 12th St,Atkins,AR,72823,,,Auto repair shop,,,https://www.google.com/maps/place/GWs/data=!4m7!3m6!1s0x87cda9000405f575:0x4151bf1008f6f14a!8m2!3d35.2257856!4d-92.945304!16s%2Fg%2F11lnj1rhz5!19sChIJdfUFBACpzYcRSvH2CBC_UUE?authuser=0&hl=en&rclk=1,auto repair shop,Perry County,county,AR,2026-07-10T20:11:24,0x87cda9000405f575:0x4151bf1008f6f14a
Glenn's Auto and Truck Repair,,,,"1207 US-64, Atkins, AR 72823, United States",1207 US-64,Atkins,AR,72823,4.9,15,Truck repair shop,,,https://www.google.com/maps/place/Glenn%27s+Auto+and+Truck+Repair/data=!4m7!3m6!1s0x87cda8964e05ea37:0x72538d7e6b2413ff!8m2!3d35.2422936!4d-92.9515367!16s%2Fg%2F11c2pnc5r6!19sChIJN-oFTpaozYcR_xMka36NU3I?authuser=0&hl=en&rclk=1,auto repair shop,Franklin County,county,AR,2026-07-21T23:43:59,0x87cda8964e05ea37:0x72538d7e6b2413ff
SST Atkins Truck,,,,"302 SE 6th St, Atkins, AR 72823, United States",302 SE 6th St,Atkins,AR,72823,,,Truck repair shop,,,https://www.google.com/maps/place/SST+Atkins+Truck/data=!4m7!3m6!1s0x87cda70014b080a1:0x4a35dec5a851e007!8m2!3d35.2351707!4d-92.9355413!16s%2Fg%2F11vwm2vg18!19sChIJoYCwFACnzYcRB-BRqMXeNUo?authuser=0&hl=en&rclk=1,auto repair shop,Perry County,county,AR,2026-07-10T20:11:24,0x87cda70014b080a1:0x4a35dec5a851e007
Gillihan's Body Shop Inc,(870) 698-1030,,,"150 W Boswell St, Batesville, AR 72501, United States",150 W Boswell St,Batesville,AR,72501,4.8,117,Auto body shop,,,https://www.google.com/maps/place/Gillihan%27s+Body+Shop+Inc/data=!4m7!3m6!1s0x87d3daf47106fd65:0x3abf125aad705ac4!8m2!3d35.7680406!4d-91.6533077!16s%2Fg%2F1tdbrdl3!19sChIJZf0GcfTa04cRxFpwrVoSvzo?authuser=0&hl=en&rclk=1,auto repair shop,Independence County,county,AR,2026-07-22T00:32:09,0x87d3daf47106fd65:0x3abf125aad705ac4
Kent's Firestone Service Inc.,(870) 793-5566,https://kentsfirestone.com/,,"1316 E Main St, Batesville, AR 72501, United States",1316 E Main St,Batesville,AR,72501,4.4,281,Tire shop,,,https://www.google.com/maps/place/Kent%27s+Firestone+Service+Inc./data=!4m7!3m6!1s0x87d3da546339a5ff:0x74f1746a4649b0c5!8m2!3d35.777898!4d-91.639884!16s%2Fg%2F1tcwm2pz!19sChIJ_6U5Y1Ta04cRxbBJRmp08XQ?authuser=0&hl=en&rclk=1,auto repair shop,Independence County,county,AR,2026-07-22T00:32:09,0x87d3da546339a5ff:0x74f1746a4649b0c5
Marshall Diesel Services Inc,(870) 612-8110,https://lomyu.me/marshall-diesel-services-inc-801705-us,,"55 County Yard Rd, Batesville, AR 72501, United States",55 County Yard Rd,Batesville,AR,72501,4.9,31,Truck repair shop,,,https://www.google.com/maps/place/Marshall+Diesel+Services+Inc/data=!4m7!3m6!1s0x87d3dbb90eac5c21:0xdaf58e4a378a860a!8m2!3d35.7929521!4d-91.6253674!16s%2Fg%2F1tdwqmvg!19sChIJIVysDrnb04cRCoaKN0qO9do?authuser=0&hl=en&rclk=1,auto repair shop,Independence County,county,AR,2026-07-22T00:32:09,0x87d3dbb90eac5c21:0xdaf58e4a378a860a
TCH Truck and Auto Service,,,,"71 Co Rd 673, Bay, AR 72411, United States",71 Co Rd 673,Bay,AR,72411,,,Auto repair shop,,,https://www.google.com/maps/place/TCH+Truck+and+Auto+Service/data=!4m7!3m6!1s0x87d5d300247cd323:0x649f28b6fba0ec86!8m2!3d35.8212364!4d-90.5347266!16s%2Fg%2F11xg3qw_wt!19sChIJI9N8JADT1YcRhuyg-7Yon2Q?authuser=0&hl=en&rclk=1,auto repair shop,Poinsett County,county,AR,2026-07-22T02:54:49,0x87d5d300247cd323:0x649f28b6fba0ec86
"Snappy Service Center, Inc.",(501) 654-2797,,,"11199 Hwy 65 S, Bee Branch, AR 72013, United States",11199 Hwy 65 S,Bee Branch,AR,72013,4.8,41,Auto parts store,,,"https://www.google.com/maps/place/Snappy+Service+Center,+Inc./data=!4m7!3m6!1s0x87d276a6e89b1805:0x4845352a91207290!8m2!3d35.4502937!4d-92.3937061!16s%2Fg%2F1tg35rlv!19sChIJBRib6KZ20ocRkHIgkSo1RUg?authuser=0&hl=en&rclk=1",auto repair shop,Cleburne County,county,AR,2026-07-10T15:42:21,0x87d276a6e89b1805:0x4845352a91207290
Beebe Auto and Truck Inc.,(501) 882-6040,https://beebeautoandtruckinc.com/,,"504 W Center St, Beebe, AR 72012, United States",504 W Center St,Beebe,AR,72012,4.5,94,Car repair and maintenance service,,,https://www.google.com/maps/place/Beebe+Auto+and+Truck+Inc./data=!4m7!3m6!1s0x87d2fc5f7fc9f05b:0xd4e56fba3d4eb1f6!8m2!3d35.0685084!4d-91.8843762!16s%2Fg%2F1tcz8vv3!19sChIJW_DJf1_80ocR9rFOPbpv5dQ?authuser=0&hl=en&rclk=1,auto repair shop,Lee County,county,AR,2026-07-22T01:10:17,0x87d2fc5f7fc9f05b:0xd4e56fba3d4eb1f6
Auto shop,,,,"6948 Alcoa Rd, Benton, AR 72015, United States",6948 Alcoa Rd,Benton,AR,72015,5.0,1,Auto body shop,,,https://www.google.com/maps/place/Auto+shop/data=!4m7!3m6!1s0x87cd56cc38575ea7:0x455ee41fa9e8f9c8!8m2!3d34.6004819!4d-92.5357708!16s%2Fg%2F11c5qnmgwv!19sChIJp15XOMxWzYcRyPnoqR_kXkU?authuser=0&hl=en&rclk=1,auto repair shop,Saline County,county,AR,2026-07-22T03:38:01,0x87cd56cc38575ea7:0x455ee41fa9e8f9c8
Dannys Auto Glass,,,,"1648 Salem Rd, Benton, AR 72019, United States",1648 Salem Rd,Benton,AR,72019,5.0,1,Auto repair shop,,,https://www.google.com/maps/place/Dannys+Auto+Glass/data=!4m7!3m6!1s0x87cd50e9ba1148f9:0x6b6917235d047cc3!8m2!3d34.6293289!4d-92.5610214!16s%2Fg%2F11jk3rc5br!19sChIJ-UgRuulQzYcRw3wEXSMXaWs?authuser=0&hl=en&rclk=1,auto repair shop,Saline County,county,AR,2026-07-22T03:38:01,0x87cd50e9ba1148f9:0x6b6917235d047cc3
Firestone Complete Auto Care,(501) 574-0904,https://www.firestonecompleteautocare.com/arkansas/benton/17300-i-30-frontage-rd/?utm_source=google&utm_medium=organic&utm_campaign=localmaps&cmp=oloc_google_localmaps_maps,,"17300 I-30 Frontage Rd, Benton, AR 72019, United States",17300 I-30 Frontage Rd,Benton,AR,72019,4.5,264,Tire shop,,,https://www.google.com/maps/place/Firestone+Complete+Auto+Care/data=!4m7!3m6!1s0x87cd514dd8ac92ab:0xf7388c601e3cebd!8m2!3d34.5782294!4d-92.5840616!16s%2Fg%2F11mthz2nyj!19sChIJq5Ks2E1RzYcRvc7jAcaIcw8?authuser=0&hl=en&rclk=1,auto repair shop,Benton County,county,AR,2026-07-21T20:45:17,0x87cd514dd8ac92ab:0xf7388c601e3cebd
Firestone Complete Auto Care,(501) 214-1178,https://www.firestonecompleteautocare.com/arkansas/benton/20760-i-30-frontage-rd/?utm_source=google&utm_medium=organic&utm_campaign=localmaps&cmp=oloc_google_localmaps_maps,,"20760 I-30 Frontage Rd, Benton, AR 72019, United States",20760 I-30 Frontage Rd,Benton,AR,72019,4.1,556,Tire shop,,,https://www.google.com/maps/place/Firestone+Complete+Auto+Care/data=!4m7!3m6!1s0x87cd4b318503291d:0x9f43385bb938db01!8m2!3d34.6072455!4d-92.5321445!16s%2Fg%2F1tf48pc4!19sChIJHSkDhTFLzYcRAds4uVs4Q58?authuser=0&hl=en&rclk=1,auto repair shop,Benton County,county,AR,2026-07-21T20:45:17,0x87cd4b318503291d:0x9f43385bb938db01
NAPA Auto Parts - Beaty & Beaty of Saline County,(501) 847-3878,https://www.napaonline.com/en/AR/Benton/store/23081?cid=pl_jobber_google_dac_23081_ao,,"1625 Hwy 5 N, Benton, AR 72019, United States",1625 Hwy 5 N,Benton,AR,72019,4.7,106,Auto parts store,,,https://www.google.com/maps/place/NAPA+Auto+Parts+-+Beaty+%26+Beaty+of+Saline+County/data=!4m7!3m6!1s0x87cd56d37953b7c3:0xd8035b5fe0cb2c7c!8m2!3d34.6091909!4d-92.5374223!16s%2Fg%2F1td5m709!19sChIJw7dTedNWzYcRfCzL4F9bA9g?authuser=0&hl=en&rclk=1,auto repair shop,Saline County,county,AR,2026-07-22T03:38:01,0x87cd56d37953b7c3:0xd8035b5fe0cb2c7c
The Bus Barn Ltd. Co.,(501) 326-1495,https://thebusbarnltdco.com/,,"499 Brown Ln, Benton, AR 72019, United States",499 Brown Ln,Benton,AR,72019,5.0,16,Auto repair shop,,,https://www.google.com/maps/place/The+Bus+Barn+Ltd.+Co./data=!4m7!3m6!1s0x87cd512bbba0d7fb:0x6b38931e7cb75f81!8m2!3d34.6335482!4d-92.5767113!16s%2Fg%2F11rrwt7snf!19sChIJ-9eguytRzYcRgV-3fB6TOGs?authuser=0&hl=en&rclk=1,auto repair shop,Saline County,county,AR,2026-07-22T03:38:01,0x87cd512bbba0d7fb:0x6b38931e7cb75f81
Tire Town Inc.,(501) 778-1140,https://www.pointstire.com/tiretown/,,"1921 Military Rd, Benton, AR 72015, United States",1921 Military Rd,Benton,AR,72015,4.5,488,Tire shop,,,https://www.google.com/maps/place/Tire+Town+Inc./data=!4m7!3m6!1s0x87cd517068d46ec9:0x60a358bee2dfb439!8m2!3d34.582172!4d-92.5709314!16s%2Fg%2F1tf823sq!19sChIJyW7UaHBRzYcRObTf4r5Yo2A?authuser=0&hl=en&rclk=1,auto repair shop,Saline County,county,AR,2026-07-22T03:38:01,0x87cd517068d46ec9:0x60a358bee2dfb439
Walmart Auto Care Center,(501) 860-7608,https://www.walmart.com/store/85-benton-ar/auto-care-center/?veh=seo_loc,,"17309 I-30, Benton, AR 72015, United States",17309 I-30,Benton,AR,72015,4.0,165,Oil change service,,,https://www.google.com/maps/place/Walmart+Auto+Care+Center/data=!4m7!3m6!1s0x87cd51826f79c6c7:0xee990a04c7d17ab4!8m2!3d34.577835!4d-92.5802078!16s%2Fg%2F1vsps0hm!19sChIJx8Z5b4JRzYcRtHrRxwQKme4?authuser=0&hl=en&rclk=1,auto repair shop,Saline County,county,AR,2026-07-22T03:38:01,0x87cd51826f79c6c7:0xee990a04c7d17ab4
"Williams Tire & Service, Inc.",(501) 778-0158,http://www.williamstireandservice.com/,,"18120 I-30, Benton, AR 72019, United States",18120 I-30,Benton,AR,72019,4.4,332,Tire shop,,,"https://www.google.com/maps/place/Williams+Tire+%26+Service,+Inc./data=!4m7!3m6!1s0x87cd516dcb9c94eb:0xcaf6b5d76d04682a!8m2!3d34.5866255!4d-92.5709544!16s%2Fg%2F1tdfcmw9!19sChIJ65Scy21RzYcRKmgEbde19so?authuser=0&hl=en&rclk=1",auto repair shop,Saline County,county,AR,2026-07-22T03:38:01,0x87cd516dcb9c94eb:0xcaf6b5d76d04682a
Auto Body Unlimited Inc,(870) 423-6625,,,"3920 US-62, Berryville, AR 72616, United States",3920 US-62,Berryville,AR,72616,4.8,45,Auto body shop,,,https://www.google.com/maps/place/Auto+Body+Unlimited+Inc/data=!4m7!3m6!1s0x87cedba8c8928353:0x1a6a1a2b6ab633a2!8m2!3d36.3983061!4d-93.6523296!16s%2Fg%2F1tdxftrj!19sChIJU4OSyKjbzocRojO2aisaaho?authuser=0&hl=en&rclk=1,auto repair shop,Carroll County,county,AR,2026-07-21T21:25:45,0x87cedba8c8928353:0x1a6a1a2b6ab633a2
DNK Service & Repair LLC,,,,"716 Trinnen Ln, Berryville, AR 72616, United States",716 Trinnen Ln,Berryville,AR,72616,5.0,1,Mechanic,,,https://www.google.com/maps/place/DNK+Service+%26+Repair+LLC/data=!4m7!3m6!1s0x87cedbb98442b463:0x3401a4a2c7b430e0!8m2!3d36.383238!4d-93.580519!16s%2Fg%2F11x5cspp_w!19sChIJY7RChLnbzocR4DC0x6KkATQ?authuser=0&hl=en&rclk=1,auto repair shop,Carroll County,county,AR,2026-07-21T21:25:45,0x87cedbb98442b463:0x3401a4a2c7b430e0
Jasper Engines & Transmissions,,,,"E Carl Ave, Berryville, AR 72616, United States",E Carl Ave,Berryville,AR,72616,5.0,1,Auto repair shop,,,https://www.google.com/maps/place/Jasper+Engines+%26+Transmissions/data=!4m7!3m6!1s0x87cec541f6e0c535:0x60570974725638ef!8m2!3d36.3626249!4d-93.5658562!16s%2Fg%2F11w9nfjnpx!19sChIJNcXg9kHFzocR7zhWcnQJV2A?authuser=0&hl=en&rclk=1,auto repair shop,Carroll County,county,AR,2026-07-21T21:25:45,0x87cec541f6e0c535:0x60570974725638ef
"Randy's Towing & Trucking, Inc.",(870) 423-3345,,,"627 US-62 Suite 2, Berryville, AR 72616, United States",627 US-62 Suite 2,Berryville,AR,72616,4.2,84,Towing service,,,"https://www.google.com/maps/place/Randy%27s+Towing+%26+Trucking,+Inc./data=!4m7!3m6!1s0x87cec5f23f6805bd:0x9c6452a7b95b689f!8m2!3d36.3524536!4d-93.5397497!16s%2Fg%2F11fkr351jn!19sChIJvQVoP_LFzocRn2hbuadSZJw?authuser=0&hl=en&rclk=1",auto repair shop,Carroll County,county,AR,2026-07-21T21:25:45,0x87cec5f23f6805bd:0x9c6452a7b95b689f
Walmart Auto Care Center,(870) 423-4644,https://www.walmart.com/store/76-berryville-ar/auto-care-center/?veh=seo_loc,,"1000 W Trimble Ave, Berryville, AR 72616, United States",1000 W Trimble Ave,Berryville,AR,72616,3.7,81,Oil change service,,,https://www.google.com/maps/place/Walmart+Auto+Care+Center/data=!4m7!3m6!1s0x87cecffeb58d83bf:0xa997fd85404fd41f!8m2!3d36.3764821!4d-93.5877457!16s%2Fg%2F1tdmfdtc!19sChIJv4ONtf7PzocRH9RPQIX9l6k?authuser=0&hl=en&rclk=1,auto repair shop,Carroll County,county,AR,2026-07-21T21:25:45,0x87cecffeb58d83bf:0xa997fd85404fd41f
Bismarck Auto Repair Inc,(501) 622-0097,,,"6488 AR 7, Bismarck, AR 71929, United States",6488 AR 7,Bismarck,AR,71929,3.4,11,Auto repair shop,,,https://www.google.com/maps/place/Bismarck+Auto+Repair+Inc/data=!4m7!3m6!1s0x863329f9ae76de33:0xc97ef8d44b91041!8m2!3d34.3133092!4d-93.1692198!16s%2Fg%2F11ryt4_w58!19sChIJM952rvkpM4YRQRC5RI3vlww?authuser=0&hl=en&rclk=1,auto repair shop,Calhoun County,county,AR,2026-07-21T21:13:59,0x863329f9ae76de33:0xc97ef8d44b91041
Ace Glass Repair Inc,(870) 762-2901,,,"204 E Walnut St, Blytheville, AR 72315, United States",204 E Walnut St,Blytheville,AR,72315,4.5,97,Glass repair service,,,https://www.google.com/maps/place/Ace+Glass+Repair+Inc/data=!4m7!3m6!1s0x8878acc5ad9fae7d:0x9f5a6b0aabc11683!8m2!3d35.928771!4d-89.9002089!16s%2Fg%2F1tczwpvm!19sChIJfa6frcWseIgRgxbBqwprWp8?authuser=0&hl=en&rclk=1,auto repair shop,Mississippi County,county,AR,2026-07-22T02:00:22,0x8878acc5ad9fae7d:0x9f5a6b0aabc11683
Delta Auto Parts Inc,(870) 762-2007,http://www.btbautoparts.com/,,"1019 E Main St, Blytheville, AR 72315, United States",1019 E Main St,Blytheville,AR,72315,4.9,27,Auto parts store,,,https://www.google.com/maps/place/Delta+Auto+Parts+Inc/data=!4m7!3m6!1s0x8878ad25ea1544a7:0x3452b8c5d7b43744!8m2!3d35.9274139!4d-89.8822326!16s%2Fg%2F11gmxtbzf6!19sChIJp0QV6iWteIgRRDe018W4UjQ?authuser=0&hl=en&rclk=1,auto repair shop,Mississippi County,county,AR,2026-07-22T02:00:22,0x8878ad25ea1544a7:0x3452b8c5d7b43744
NAPA Auto Parts - Bullards Motor Supply Inc,(870) 763-6838,https://www.napaonline.com/en/AR/Blytheville/store/28282?cid=pl_jobber_google_dac_28282_ao,,"1210 S Division St, Blytheville, AR 72315, United States",1210 S Division St,Blytheville,AR,72315,4.6,35,Auto parts store,,,https://www.google.com/maps/place/NAPA+Auto+Parts+-+Bullards+Motor+Supply+Inc/data=!4m7!3m6!1s0x8878acacda42ad0f:0x969dfb69746d944e!8m2!3d35.91369!4d-89.918497!16s%2Fg%2F1wfvndgv!19sChIJD61C2qyseIgRTpRtdGn7nZY?authuser=0&hl=en&rclk=1,auto repair shop,Mississippi County,county,AR,2026-07-22T02:00:22,0x8878acacda42ad0f:0x969dfb69746d944e
THAXTON and Sons GARAGE,,,,"Hutson St, Blytheville, AR 72315, United States",Hutson St,Blytheville,AR,72315,5.0,4,Car repair and maintenance service,,,https://www.google.com/maps/place/THAXTON+and+Sons+GARAGE/data=!4m7!3m6!1s0x8878acbf0d9e4f79:0xab9a9436c1c2dee5!8m2!3d35.9336281!4d-89.9079522!16s%2Fg%2F11tfhbl756!19sChIJeU-eDb-seIgR5d7CwTaUmqs?authuser=0&hl=en&rclk=1,auto repair shop,Mississippi County,county,AR,2026-07-22T02:00:22,0x8878acbf0d9e4f79:0xab9a9436c1c2dee5
TRAPP AUTO SALES & SERVICE,,,,"Elm St, Blytheville, AR 72315, United States",Elm St,Blytheville,AR,72315,,,,,,https://www.google.com/maps/place/TRAPP+AUTO+SALES+%26+SERVICE/data=!4m7!3m6!1s0x8878acb9d8122067:0xd55beb1a2fedc16d!8m2!3d35.9261166!4d-89.9096076!16s%2Fg%2F11nk11q8fg!19sChIJZyAS2LmseIgRbcHtLxrrW9U?authuser=0&hl=en&rclk=1,auto repair shop,Mississippi County,county,AR,2026-07-22T02:00:22,0x8878acb9d8122067:0xd55beb1a2fedc16d
Walmart Auto Care Center,(870) 762-4128,https://www.walmart.com/store/62-blytheville-ar/auto-care-center/?veh=seo_loc,,"3700 AR-18, Blytheville, AR 72315, United States",3700 AR-18,Blytheville,AR,72315,3.2,45,Oil change service,,,https://www.google.com/maps/place/Walmart+Auto+Care+Center/data=!4m7!3m6!1s0x8878ad3978d9f58d:0x36bdc9960a667cc1!8m2!3d35.931141!4d-89.8724368!16s%2Fg%2F1tpc8qs9!19sChIJjfXZeDmteIgRwXxmCpbJvTY?authuser=0&hl=en&rclk=1,auto repair shop,Mississippi County,county,AR,2026-07-22T02:00:22,0x8878ad3978d9f58d:0x36bdc9960a667cc1
Auto repairs,,,,"106 Elizabeth St, Bono, AR 72416, United States",106 Elizabeth St,Bono,AR,72416,,,Auto repair shop,,,https://www.google.com/maps/place/Auto+repairs/data=!4m7!3m6!1s0x87d427006e13e0ab:0x9708a0b7148e8ef7!8m2!3d35.9077795!4d-90.7861133!16s%2Fg%2F11mt1879zl!19sChIJq-ATbgAn1IcR946OFLegCJc?authuser=0&hl=en&rclk=1,auto repair shop,Greene County,county,AR,2026-07-22T00:11:18,0x87d427006e13e0ab:0x9708a0b7148e8ef7
brothers auto,,,,"Byers Rd, Booneville, AR 72927, United States",Byers Rd,Booneville,AR,72927,,,Auto repair shop,,,https://www.google.com/maps/place/brothers+auto/data=!4m7!3m6!1s0x87cb9d0074082467:0xdafd7a27d51e93a4!8m2!3d35.1877077!4d-93.9294724!16s%2Fg%2F11z7j0thy_!19sChIJZyQIdACdy4cRpJMe1Sd6_do?authuser=0&hl=en&rclk=1,auto repair shop,Logan County,county,AR,2026-07-22T01:28:24,0x87cb9d0074082467:0xdafd7a27d51e93a4
Weco of Arkansas Inc,(501) 724-2445,https://www.wecolifts.com/,,"1481 US-167, Bradford, AR 72020, United States",1481 US-167,Bradford,AR,72020,4.1,15,Auto repair shop,,,https://www.google.com/maps/place/Weco+of+Arkansas+Inc/data=!4m7!3m6!1s0x87d3bc419515296f:0xa5f66e135939fb2a!8m2!3d35.4419491!4d-91.5763624!16s%2Fg%2F1tg6qndr!19sChIJbykVlUG804cRKvs5WRNu9qU?authuser=0&hl=en&rclk=1,auto repair shop,Woodruff County,county,AR,2026-07-22T04:44:35,0x87d3bc419515296f:0xa5f66e135939fb2a
E&J Auto Repair,,,,"200 S Main St, Brinkley, AR 72021, United States",200 S Main St,Brinkley,AR,72021,4.7,3,Auto repair shop,,,https://www.google.com/maps/place/E%26J+Auto+Repair/data=!4m7!3m6!1s0x87d49feaeecb6143:0x53fd930bd0e8e038!8m2!3d34.8768151!4d-91.1944184!16s%2Fg%2F11gl2vg18p!19sChIJQ2HL7uqf1IcROODo0AuT_VM?authuser=0&hl=en&rclk=1,auto repair shop,Lee County,county,AR,2026-07-22T01:10:17,0x87d49feaeecb6143:0x53fd930bd0e8e038
In and Out Automotive,,,,"32340 AR-17, Brinkley, AR 72021, United States",32340 AR-17,Brinkley,AR,72021,4.2,19,Auto repair shop,,,https://www.google.com/maps/place/In+and+Out+Automotive/data=!4m7!3m6!1s0x87d49e14e9cb8407:0xb243866f85b7f50f!8m2!3d34.9262504!4d-91.1940383!16s%2Fg%2F11c1jr_044!19sChIJB4TL6RSe1IcRD_W3hW-GQ7I?authuser=0&hl=en&rclk=1,auto repair shop,Lee County,county,AR,2026-07-22T01:10:17,0x87d49e14e9cb8407:0xb243866f85b7f50f
"Jeff's Repair, Inc",(870) 734-1414,,,"421 E Cypress St, Brinkley, AR 72021, United States",421 E Cypress St,Brinkley,AR,72021,4.6,39,Auto parts store,,,"https://www.google.com/maps/place/Jeff%27s+Repair,+Inc/data=!4m7!3m6!1s0x87d49fa502609a47:0x4836830723d30421!8m2!3d34.8873796!4d-91.1810198!16s%2Fg%2F1vgx18yk!19sChIJR5pgAqWf1IcRIQTTIweDNkg?authuser=0&hl=en&rclk=1",auto repair shop,Lee County,county,AR,2026-07-22T01:10:17,0x87d49fa502609a47:0x4836830723d30421
First Recovery Inc,(501) 653-2122,https://www.facebook.com/1strecovery?mibextid=LQQJ4d,,"2206 Bishop Rd, Bryant, AR 72022, United States",2206 Bishop Rd,Bryant,AR,72022,4.6,92,Towing service,,,https://www.google.com/maps/place/First+Recovery+Inc/data=!4m7!3m6!1s0x87cd565588ec0d73:0x91b243ad16b3f4ce!8m2!3d34.6147664!4d-92.5022267!16s%2Fg%2F1tf87md6!19sChIJcw3siFVWzYcRzvSzFq1DspE?authuser=0&hl=en&rclk=1,auto repair shop,Dallas County,county,AR,2026-07-21T23:27:20,0x87cd565588ec0d73:0x91b243ad16b3f4ce
"JONES MOBILE AUTO SERVICE, inc.",(501) 954-0911,http://www.jonesmobileauto.com/,,"3825 Mt Carmel Rd, Bryant, AR 72022, United States",3825 Mt Carmel Rd,Bryant,AR,72022,4.3,26,Auto repair shop,,,"https://www.google.com/maps/place/JONES+MOBILE+AUTO+SERVICE,+inc./data=!4m7!3m6!1s0x87d2a856b3b34579:0x5d4c3d43f1371ebe!8m2!3d34.599263!4d-92.5292804!16s%2Fg%2F1hc2s86k3!19sChIJeUWzs1ao0ocRvh438UM9TF0?authuser=0&hl=en&rclk=1",auto repair shop,Polk County,county,AR,2026-07-22T03:00:07,0x87d2a856b3b34579:0x5d4c3d43f1371ebe
Jiffy Lube,(501) 943-7339,https://www.jiffylube.com/locations/ar/bryant/3812,,"1900 N Reynolds Rd, Bryant, AR 72022, United States",1900 N Reynolds Rd,Bryant,AR,72022,4.4,501,Oil change service,,,https://www.google.com/maps/place/Jiffy+Lube/data=!4m7!3m6!1s0x87cd565468d0edd3:0x175b793b68090a7b!8m2!3d34.6124267!4d-92.4960612!16s%2Fg%2F11hd77zzyj!19sChIJ0-3QaFRWzYcRewoJaDt5Wxc?authuser=0&hl=en&rclk=1,auto repair shop,Saline County,county,AR,2026-07-22T03:38:01,0x87cd565468d0edd3:0x175b793b68090a7b
Take 5 Oil Change,(501) 653-6848,https://www.take5.com/locations/oil-change/arkansas/bryant/30668/?utm_source=google&utm_medium=organic&utm_campaign=gbp_website,,"3120 N Reynolds Rd, Bryant, AR 72022, United States",3120 N Reynolds Rd,Bryant,AR,72022,4.2,1020,Oil change service,,,https://www.google.com/maps/place/Take+5+Oil+Change/data=!4m7!3m6!1s0x87cd575576534b59:0x5638af07aa72c878!8m2!3d34.6232143!4d-92.4984282!16s%2Fg%2F11llmhbrnx!19sChIJWUtTdlVXzYcReMhyqgevOFY?authuser=0&hl=en&rclk=1,auto repair shop,Saline County,county,AR,2026-07-22T03:38:01,0x87cd575576534b59:0x5638af07aa72c878
Arnold's Auto Service Inc,(501) 941-2030,https://arnolds-auto.com/,,"343 Arena Rd, Cabot, AR 72023, United States",343 Arena Rd,Cabot,AR,72023,4.2,64,Auto repair shop,,,https://www.google.com/maps/place/Arnold%27s+Auto+Service+Inc/data=!4m7!3m6!1s0x87d2ee58bac236fb:0x723c054052d1224d!8m2!3d34.9784454!4d-92.0413068!16s%2Fg%2F1tfg3mkn!19sChIJ-zbCulju0ocRTSLRUkAFPHI?authuser=0&hl=en&rclk=1,auto repair shop,Chicot County,county,AR,2026-07-21T21:32:57,0x87d2ee58bac236fb:0x723c054052d1224d
Bob's Garage Inc,(501) 843-6661,,,"701 S 1st St, Cabot, AR 72023, United States",701 S 1st St,Cabot,AR,72023,4.7,44,Auto repair shop,,,https://www.google.com/maps/place/Bob%27s+Garage+Inc/data=!4m7!3m6!1s0x87d2ef04ef915235:0x8d22005e8aa4a121!8m2!3d34.9686661!4d-92.0206724!16s%2Fg%2F1wc48hql!19sChIJNVKR7wTv0ocRIaGkil4AIo0?authuser=0&hl=en&rclk=1,auto repair shop,Prairie County,county,AR,2026-07-22T03:14:02,0x87d2ef04ef915235:0x8d22005e8aa4a121
AK Automotive,,,,"387 Treagans Trail, Calico Rock, AR 72519, United States",387 Treagans Trail,Calico Rock,AR,72519,,,Auto repair shop,,,https://www.google.com/maps/place/AK+Automotive/data=!4m7!3m6!1s0x87d1c10011790657:0x5aba232d7e55d54e!8m2!3d36.2515294!4d-92.1844569!16s%2Fg%2F11x1hbtk8x!19sChIJVwZ5EQDB0YcRTtVVfi0julo?authuser=0&hl=en&rclk=1,auto repair shop,Izard County,county,AR,2026-07-22T00:37:31,0x87d1c10011790657:0x5aba232d7e55d54e
Ace Trim Shop Inc,(870) 836-5664,,,"1282 California Ave SW, Camden, AR 71701, United States",1282 California Ave SW,Camden,AR,71701,4.6,46,Window tinting service,,,https://www.google.com/maps/place/Ace+Trim+Shop+Inc/data=!4m7!3m6!1s0x863243679c6e4c75:0x6a981b597118758a!8m2!3d33.5627424!4d-92.8486705!16s%2Fg%2F1tfwqbdx!19sChIJdUxunGdDMoYRinUYcVkbmGo?authuser=0&hl=en&rclk=1,auto repair shop,Ouachita County,county,AR,2026-07-22T02:29:09,0x863243679c6e4c75:0x6a981b597118758a
Andy's Auto Glass Inc,(870) 836-6965,,,"1655 Nix Ave SW, Camden, AR 71701, United States",1655 Nix Ave SW,Camden,AR,71701,4.5,36,Auto glass shop,,,https://www.google.com/maps/place/Andy%27s+Auto+Glass+Inc/data=!4m7!3m6!1s0x86324362718d068d:0x37de5a8e0d8449b8!8m2!3d33.5552915!4d-92.857112!16s%2Fg%2F1tpbcbtk!19sChIJjQaNcWJDMoYRuEmEDY5a3jc?authuser=0&hl=en&rclk=1,auto repair shop,Ouachita County,county,AR,2026-07-22T02:29:09,0x86324362718d068d:0x37de5a8e0d8449b8
McKelvin & Sons Inc,(870) 574-0659,,,"114 Ouachita Rd 203, Camden, AR 71701, United States",114 Ouachita Rd 203,Camden,AR,71701,4.8,38,Car repair and maintenance service,,,https://www.google.com/maps/place/McKelvin+%26+Sons+Inc/data=!4m7!3m6!1s0x863267c017e58035:0x85879be3a152f75d!8m2!3d33.608776!4d-92.7576675!16s%2Fg%2F1tg6kx_h!19sChIJNYDlF8BnMoYRXfdSoeObh4U?authuser=0&hl=en&rclk=1,auto repair shop,Calhoun County,county,AR,2026-07-21T21:13:59,0x863267c017e58035:0x85879be3a152f75d
Mitch Lowe's Body Shop Inc,(870) 837-2560,,,"1983 California Ave SW, Camden, AR 71701, United States",1983 California Ave SW,Camden,AR,71701,4.9,29,Auto body shop,,,https://www.google.com/maps/place/Mitch+Lowe%27s+Body+Shop+Inc/data=!4m7!3m6!1s0x8632448ef2dd660b:0x60b7f4abace3c25a!8m2!3d33.5473101!4d-92.8686514!16s%2Fg%2F1tqg0q3g!19sChIJC2bd8o5EMoYRWsLjrKv0t2A?authuser=0&hl=en&rclk=1,auto repair shop,Nevada County,county,AR,2026-07-22T02:21:33,0x8632448ef2dd660b:0x60b7f4abace3c25a
Mobil Auto Repair Express,,,,"972 W Washington St Ste a, Camden, AR 71701, United States",972 W Washington St Ste a,Camden,AR,71701,,,Mechanic,,,https://www.google.com/maps/place/Mobil+Auto+Repair+Express/data=!4m7!3m6!1s0x86325d0fd19193c9:0x4808bfded86f76e9!8m2!3d33.5851196!4d-92.8457503!16s%2Fg%2F11hzsnhlh8!19sChIJyZOR0Q9dMoYR6XZv2N6_CEg?authuser=0&hl=en&rclk=1,auto repair shop,Nevada County,county,AR,2026-07-22T02:21:33,0x86325d0fd19193c9:0x4808bfded86f76e9
Parks Garage,,,,"101 B Post Oak, Camden, AR 71701, United States",101 B Post Oak,Camden,AR,71701,5.0,4,Auto repair shop,,,https://www.google.com/maps/place/Parks+Garage/data=!4m7!3m6!1s0x863245056d47e4cb:0x9addf097ee08aad9!8m2!3d33.5149281!4d-92.9110101!16s%2Fg%2F11tsn98kj5!19sChIJy-RHbQVFMoYR2aoI7pfw3Zo?authuser=0&hl=en&rclk=1,auto repair shop,Nevada County,county,AR,2026-07-22T02:21:33,0x863245056d47e4cb:0x9addf097ee08aad9
Walmart Auto Care Center,(870) 836-8040,https://www.walmart.com/store/171-camden-ar/auto-care-center/?veh=seo_loc,,"950 California Ave SW, Camden, AR 71701, United States",950 California Ave SW,Camden,AR,71701,3.9,42,Oil change service,,,https://www.google.com/maps/place/Walmart+Auto+Care+Center/data=!4m7!3m6!1s0x863243475ae6f71b:0x88c11af1b3fc65ba!8m2!3d33.5671855!4d-92.8369867!16s%2Fg%2F1xcbp_cz!19sChIJG_fmWkdDMoYRumX8s_EawYg?authuser=0&hl=en&rclk=1,auto repair shop,Ouachita County,county,AR,2026-07-22T02:29:09,0x863243475ae6f71b:0x88c11af1b3fc65ba
Williams Body & Glass Inc,(870) 837-1772,,,"330 S Adams Ave, Camden, AR 71701, United States",330 S Adams Ave,Camden,AR,71701,4.8,47,Auto body shop,,,https://www.google.com/maps/place/Williams+Body+%26+Glass+Inc/data=!4m7!3m6!1s0x8632432d8b6cf441:0x91b6978a55ec9b45!8m2!3d33.580902!4d-92.8280715!16s%2Fg%2F1td7npp_!19sChIJQfRsiy1DMoYRRZvsVYqXtpE?authuser=0&hl=en&rclk=1,auto repair shop,Nevada County,county,AR,2026-07-22T02:21:33,0x8632432d8b6cf441:0x91b6978a55ec9b45
Garage,,,,"5760 AR-9, Center Ridge, AR 72027, United States",5760 AR-9,Center Ridge,AR,72027,,,Auto repair shop,,,https://www.google.com/maps/place/Garage/data=!4m7!3m6!1s0x87cd8f00170d6683:0x801cdf11b68dd94a!8m2!3d35.3747437!4d-92.5631637!16s%2Fg%2F11w8l5fdss!19sChIJg2YNFwCPzYcRStmNthHfHIA?authuser=0&hl=en&rclk=1,auto repair shop,Lincoln County,county,AR,2026-07-22T01:17:53,0x87cd8f00170d6683:0x801cdf11b68dd94a
BOX'S GARAGE AND MORE,,,,"AR-24, Chidester, AR 71726, United States",AR-24,Chidester,AR,71726,,,Auto repair shop,,,https://www.google.com/maps/place/BOX%27S+GARAGE+AND+MORE/data=!4m7!3m6!1s0x8632542716d24d35:0xeb1f5ef10aafef10!8m2!3d33.6999925!4d-93.019262!16s%2Fg%2F11vxqzwpws!19sChIJNU3SFidUMoYREO-vCvFeH-s?authuser=0&hl=en&rclk=1,auto repair shop,Pike County,county,AR,2026-07-22T02:48:53,0x8632542716d24d35:0xeb1f5ef10aafef10
CR Raceworks,,,,"125 Porter Industrial Rd #125b, Clarksville, AR 72830, United States",125 Porter Industrial Rd #125b,Clarksville,AR,72830,5.0,2,Auto repair shop,,,https://www.google.com/maps/place/CR+Raceworks/data=!4m7!3m6!1s0x87cc6b9d495868fb:0xd663e353d560dc6b!8m2!3d35.4572284!4d-93.4611295!16s%2Fg%2F11l1dc42tx!19sChIJ-2hYSZ1rzIcRa9xg1VPjY9Y?authuser=0&hl=en&rclk=1,auto repair shop,Johnson County,county,AR,2026-07-22T00:56:11,0x87cc6b9d495868fb:0xd663e353d560dc6b
Dobbs Body Shop Inc,(479) 754-5017,,,"1060 E Main St, Clarksville, AR 72830, United States",1060 E Main St,Clarksville,AR,72830,4.5,55,Auto body shop,,,https://www.google.com/maps/place/Dobbs+Body+Shop+Inc/data=!4m7!3m6!1s0x87cc6a5fcaeb70b5:0x48d35a4db9e40f09!8m2!3d35.4702478!4d-93.4417265!16s%2Fg%2F1v8j0zk4!19sChIJtXDryl9qzIcRCQ_kuU1a00g?authuser=0&hl=en&rclk=1,auto repair shop,Johnson County,county,AR,2026-07-22T00:56:11,0x87cc6a5fcaeb70b5:0x48d35a4db9e40f09
Walmart Auto Care Center,(479) 754-2469,https://www.walmart.com/store/66-clarksville-ar/auto-care-center/?veh=seo_loc,,"230 Market St, Clarksville, AR 72830, United States",230 Market St,Clarksville,AR,72830,3.7,87,Oil change service,,,https://www.google.com/maps/place/Walmart+Auto+Care+Center/data=!4m7!3m6!1s0x87cc6a344d3228f9:0x12dc879afb1ca4b2!8m2!3d35.4487637!4d-93.460453!16s%2Fg%2F12hl5nnv8!19sChIJ-SgyTTRqzIcRsqQc-5qH3BI?authuser=0&hl=en&rclk=1,auto repair shop,Johnson County,county,AR,2026-07-22T00:56:11,0x87cc6a344d3228f9:0x12dc879afb1ca4b2
Walmart Auto Care Center,(501) 745-3855,https://www.walmart.com/store/788-clinton-ar/auto-care-center/?veh=seo_loc,,"1966 Hwy 65 S, Clinton, AR 72031, United States",1966 Hwy 65 S,Clinton,AR,72031,3.7,74,Oil change service,,,https://www.google.com/maps/place/Walmart+Auto+Care+Center/data=!4m7!3m6!1s0x87d20a09ccb81b99:0x5b3d70e121ffd2fb!8m2!3d35.5667174!4d-92.4543882!16s%2Fg%2F1trqhrm5!19sChIJmRu4zAkK0ocR-9L_IeFwPVs?authuser=0&hl=en&rclk=1,auto repair shop,Stone County,county,AR,2026-07-22T04:14:09,0x87d20a09ccb81b99:0x5b3d70e121ffd2fb
Mitchusson ATV,,,,"7878 AR-1, Colt, AR 72326, United States",7878 AR-1,Colt,AR,72326,4.6,5,ATV repair shop,,,https://www.google.com/maps/place/Mitchusson+ATV/data=!4m7!3m6!1s0x87d4f1005d4a031f:0xf9b1f4354299195b!8m2!3d35.1162833!4d-90.8110159!16s%2Fg%2F11w_fwxf3j!19sChIJHwNKXQDx1IcRWxmZQjX0sfk?authuser=0&hl=en&rclk=1,auto repair shop,Cross County,county,AR,2026-07-21T23:22:02,0x87d4f1005d4a031f:0xf9b1f4354299195b
Pooja’s,,,,"3328 Co Rd 972, Compton, AR 72624, United States",3328 Co Rd 972,Compton,AR,72624,,,Auto repair shop,,,https://www.google.com/maps/place/Pooja%E2%80%99s/data=!4m7!3m6!1s0x87ce91005f45b0c7:0xd6a641571b5ec3f9!8m2!3d36.1227644!4d-93.3260136!16s%2Fg%2F11z8sw_xq0!19sChIJx7BFXwCRzocR-cNeG1dBptY?authuser=0&hl=en&rclk=1,auto repair shop,Carroll County,county,AR,2026-07-21T21:25:45,0x87ce91005f45b0c7:0xd6a641571b5ec3f9
AAMCO Transmissions & Total Car Care,(501) 299-9239,https://www.aamcoconwayar.com/?utm_source=G&utm_medium=local&utm_campaign=google-local,,"822 N Creek Dr, Conway, AR 72032, United States",822 N Creek Dr,Conway,AR,72032,5.0,27,Transmission shop,,,https://www.google.com/maps/place/AAMCO+Transmissions+%26+Total+Car+Care/data=!4m7!3m6!1s0x87d283af4ddf0709:0xe97b1ad7c5e353b7!8m2!3d35.096816!4d-92.421759!16s%2Fg%2F11x2klkt28!19sChIJCQffTa-D0ocRt1Pjxdcae-k?authuser=0&hl=en&rclk=1,auto repair shop,Conway County,county,AR,2026-07-21T22:32:58,0x87d283af4ddf0709:0xe97b1ad7c5e353b7
"Conway Automotive, Inc.",(501) 428-4474,,,"1401 Lollie Rd, Conway, AR 72034, United States",1401 Lollie Rd,Conway,AR,72034,4.5,89,Auto repair shop,,,"https://www.google.com/maps/place/Conway+Automotive,+Inc./data=!4m7!3m6!1s0x87d283e89541a7f1:0x351ff8b8292d27e1!8m2!3d35.0576215!4d-92.5350738!16s%2Fg%2F1td38sdp!19sChIJ8adBleiD0ocR4SctKbj4HzU?authuser=0&hl=en&rclk=1",auto repair shop,Conway County,county,AR,2026-07-21T22:32:58,0x87d283e89541a7f1:0x351ff8b8292d27e1
Conway Collision Center Inc,(501) 450-7833,http://www.conwaycollisioncenter.com/,,"804 N Creek Dr, Conway, AR 72032, United States",804 N Creek Dr,Conway,AR,72032,4.8,213,Auto body shop,,,https://www.google.com/maps/place/Conway+Collision+Center+Inc/data=!4m7!3m6!1s0x87d2822ea9ecad6b:0x3f66a4791f8cc4c5!8m2!3d35.0968806!4d-92.4256873!16s%2Fg%2F1tcysc5r!19sChIJa63sqS6C0ocRxcSMH3mkZj8?authuser=0&hl=en&rclk=1,auto repair shop,Conway County,county,AR,2026-07-21T22:32:58,0x87d2822ea9ecad6b:0x3f66a4791f8cc4c5
DJ's Paint & Body Inc,(501) 514-3955,https://www.djspaintandbody.com/,,"4 Saltillo Rd, Conway, AR 72032, United States",4 Saltillo Rd,Conway,AR,72032,4.9,122,Auto body shop,,,https://www.google.com/maps/place/DJ%27s+Paint+%26+Body+Inc/data=!4m7!3m6!1s0x87d28f381a6f7b87:0x1af24476fe0c70f8!8m2!3d35.077331!4d-92.3057557!16s%2Fg%2F1260fmxv1!19sChIJh3tvGjiP0ocR-HAM_nZE8ho?authuser=0&hl=en&rclk=1,auto repair shop,Conway County,county,AR,2026-07-21T22:32:58,0x87d28f381a6f7b87:0x1af24476fe0c70f8
Firestone Complete Auto Care,(501) 358-3364,https://www.firestonecompleteautocare.com/arkansas/conway/711-front-st/?utm_source=google&utm_medium=organic&utm_campaign=localmaps&cmp=oloc_google_localmaps_maps,,"711 Front St, Conway, AR 72032, United States",711 Front St,Conway,AR,72032,4.6,619,Tire shop,,,https://www.google.com/maps/place/Firestone+Complete+Auto+Care/data=!4m7!3m6!1s0x87d2823d83db9feb:0x7efb8cd76639504a!8m2!3d35.088542!4d-92.4402139!16s%2Fg%2F1v7tlxsz!19sChIJ65_bgz2C0ocRSlA5ZteM-34?authuser=0&hl=en&rclk=1,auto repair shop,Conway County,county,AR,2026-07-21T22:32:58,0x87d2823d83db9feb:0x7efb8cd76639504a
Jiffy Lube,(501) 327-6381,https://www.jiffylube.com/locations/ar/conway/4085,,"618 Oak St, Conway, AR 72032, United States",618 Oak St,Conway,AR,72032,4.4,313,Oil change service,,,https://www.google.com/maps/place/Jiffy+Lube/data=!4m7!3m6!1s0x87d28224cc441419:0x468847896079d9b6!8m2!3d35.0919712!4d-92.4342884!16s%2Fg%2F1vlqqrbh!19sChIJGRREzCSC0ocRttl5YIlHiEY?authuser=0&hl=en&rclk=1,auto repair shop,Conway County,county,AR,2026-07-21T22:32:58,0x87d28224cc441419:0x468847896079d9b6
Jiffy Lube,(501) 327-5997,https://www.jiffylube.com/locations/ar/conway/4086,,"1210 Dave Ward Dr, Conway, AR 72034, United States",1210 Dave Ward Dr,Conway,AR,72034,4.3,339,Oil change service,,,https://www.google.com/maps/place/Jiffy+Lube/data=!4m7!3m6!1s0x87d28267c0f2b513:0xb2c4804f27895eb9!8m2!3d35.0680969!4d-92.4421082!16s%2Fg%2F1tdxftv3!19sChIJE7XywGeC0ocRuV6JJ0-AxLI?authuser=0&hl=en&rclk=1,auto repair shop,Conway,city,AR,2026-07-22T05:16:39,0x87d28267c0f2b513:0xb2c4804f27895eb9
Jiffy Lube,(501) 327-2202,https://www.jiffylube.com/locations/ar/conway/4088,,"805 Hogan Ln, Conway, AR 72034, United States",805 Hogan Ln,Conway,AR,72034,4.6,249,Oil change service,,,https://www.google.com/maps/place/Jiffy+Lube/data=!4m7!3m6!1s0x87cd7dcd7045682f:0xdafed6951bd1bfba!8m2!3d35.0901284!4d-92.4983527!16s%2Fg%2F1wc31sgg!19sChIJL2hFcM19zYcRur_RG5XW_to?authuser=0&hl=en&rclk=1,auto repair shop,Conway,city,AR,2026-07-22T05:16:39,0x87cd7dcd7045682f:0xdafed6951bd1bfba
Mattison's Shop,,,,"1213 Markham St, Conway, AR 72032, United States",1213 Markham St,Conway,AR,72032,4.1,15,Muffler shop,,,https://www.google.com/maps/place/Mattison%27s+Shop/data=!4m7!3m6!1s0x87d28222124fb0eb:0xbb5dff85e83d4809!8m2!3d35.0954483!4d-92.4402698!16s%2Fg%2F125_zzvyy!19sChIJ67BPEiKC0ocRCUg96IX_Xbs?authuser=0&hl=en&rclk=1,auto repair shop,Conway County,county,AR,2026-07-21T22:32:58,0x87d28222124fb0eb:0xbb5dff85e83d4809
Meineke Car Care Center,(501) 358-4800,https://www.meineke.com/locations/ar/conway-2682/?utm_source=google&utm_medium=organic&utm_campaign=gbp_website,,"425 Dave Ward Dr, Conway, AR 72032, United States",425 Dave Ward Dr,Conway,AR,72032,4.1,747,Auto repair shop,,,https://www.google.com/maps/place/Meineke+Car+Care+Center/data=!4m7!3m6!1s0x87d28253a4f66a35:0x5b72915ed55b77d8!8m2!3d35.0661358!4d-92.4237956!16s%2Fg%2F11g7_jzdf3!19sChIJNWr2pFOC0ocR2Hdb1V6Rcls?authuser=0&hl=en&rclk=1,auto repair shop,Conway County,county,AR,2026-07-21T22:32:58,0x87d28253a4f66a35:0x5b72915ed55b77d8
Priceless Collision Repair Inc.,(501) 548-4695,http://facebook.com/pricelesscollisionrepair,,"1050 E Siebenmorgen Rd, Conway, AR 72032, United States",1050 E Siebenmorgen Rd,Conway,AR,72032,4.8,16,Auto body shop,,,https://www.google.com/maps/place/Priceless+Collision+Repair+Inc./data=!4m7!3m6!1s0x87d283e67e4e45d1:0x81ea1a67583a68bd!8m2!3d35.0989966!4d-92.4158497!16s%2Fg%2F11h5xdn9y2!19sChIJ0UVOfuaD0ocRvWg6WGca6oE?authuser=0&hl=en&rclk=1,auto repair shop,Conway County,county,AR,2026-07-21T22:32:58,0x87d283e67e4e45d1:0x81ea1a67583a68bd
Take 5 Oil Change,(501) 358-3787,https://www.take5.com/locations/oil-change/arkansas/conway/30248/?utm_source=google&utm_medium=organic&utm_campaign=gbp_website,,"415 Oak St, Conway, AR 72032, United States",415 Oak St,Conway,AR,72032,4.4,1952,Oil change service,,,https://www.google.com/maps/place/Take+5+Oil+Change/data=!4m7!3m6!1s0x87d2835b37618bf1:0xb33026ef829cd133!8m2!3d35.0914604!4d-92.4317963!16s%2Fg%2F11ghrd1pv2!19sChIJ8YthN1uD0ocRM9Gcgu8mMLM?authuser=0&hl=en&rclk=1,auto repair shop,Conway,city,AR,2026-07-22T05:16:39,0x87d2835b37618bf1:0xb33026ef829cd133
Walmart Auto Care Center,(501) 329-0402,https://www.walmart.com/store/5-conway-ar/auto-care-center/?veh=seo_loc,,"1155 Hwy 65 N, Conway, AR 72032, United States",1155 Hwy 65 N,Conway,AR,72032,3.3,152,Oil change service,,,https://www.google.com/maps/place/Walmart+Auto+Care+Center/data=!4m7!3m6!1s0x87d27ea3f0b4642d:0x377b4af3bde41026!8m2!3d35.1078505!4d-92.4372113!16s%2Fg%2F1tk4rpns!19sChIJLWS08KN-0ocRJhDkvfNKezc?authuser=0&hl=en&rclk=1,auto repair shop,Conway,city,AR,2026-07-22T05:16:39,0x87d27ea3f0b4642d:0x377b4af3bde41026
Carter's Auto Repair,,,,"501 W Main St, Corning, AR 72422, United States",501 W Main St,Corning,AR,72422,5.0,2,Auto repair shop,,,https://www.google.com/maps/place/Carter%27s+Auto+Repair/data=!4m7!3m6!1s0x87d65841a3526787:0x648d281e3df7b109!8m2!3d36.4096397!4d-90.5807353!16s%2Fg%2F11gr3l0g5l!19sChIJh2dSo0FY1ocRCbH3PR4ojWQ?authuser=0&hl=en&rclk=1,auto repair shop,Clay County,county,AR,2026-07-21T21:57:51,0x87d65841a3526787:0x648d281e3df7b109
Mike's Auto Repair,,https://z7az.top/business/mike-s-auto-repair-5VRdVSY4,,"700 Ferguson Rd, Corning, AR 72422, United States",700 Ferguson Rd,Corning,AR,72422,4.7,35,Auto repair shop,,,https://www.google.com/maps/place/Mike%27s+Auto+Repair/data=!4m7!3m6!1s0x87d6584d0eb1a349:0x8e49551755390ed9!8m2!3d36.4043711!4d-90.5656547!16s%2Fg%2F11b_23ykyw!19sChIJSaOxDk1Y1ocR2Q45VRdVSY4?authuser=0&hl=en&rclk=1,auto repair shop,Arkansas County,county,AR,2026-07-21T20:14:00,0x87d6584d0eb1a349:0x8e49551755390ed9
Red Taylor Ford Inc Service,(870) 857-3516,https://www.redtaylorford.com/,,"401 SW 2nd St, Corning, AR 72422, United States",401 SW 2nd St,Corning,AR,72422,2.0,1,Auto repair shop,,,https://www.google.com/maps/place/Red+Taylor+Ford+Inc+Service/data=!4m7!3m6!1s0x87d65933aa28a94b:0xb8c0063ce87575e6!8m2!3d36.4084311!4d-90.5816115!16s%2Fg%2F11qqc_sspp!19sChIJS6koqjNZ1ocR5nV16DwGwLg?authuser=0&hl=en&rclk=1,auto repair shop,Clay County,county,AR,2026-07-21T21:57:51,0x87d65933aa28a94b:0xb8c0063ce87575e6
Scott's Body Shop,,,,"739 US-62, Corning, AR 72422, United States",739 US-62,Corning,AR,72422,3.0,2,Auto repair shop,,,https://www.google.com/maps/place/Scott%27s+Body+Shop/data=!4m7!3m6!1s0x87d659b03512ee65:0x569ac6818b656a3c!8m2!3d36.4039833!4d-90.556432!16s%2Fg%2F11fj10rspv!19sChIJZe4SNbBZ1ocRPGpli4HGmlY?authuser=0&hl=en&rclk=1,auto repair shop,Clay County,county,AR,2026-07-21T21:57:51,0x87d659b03512ee65:0x569ac6818b656a3c
Dardanelle Tire & Auto Inc,(479) 229-3875,,,"1003 Old Hwy 7 S, Dardanelle, AR 72834, United States",1003 Old Hwy 7 S,Dardanelle,AR,72834,4.8,88,Tire shop,,,https://www.google.com/maps/place/Dardanelle+Tire+%26+Auto+Inc/data=!4m7!3m6!1s0x87cc55b0cc5ee891:0xde705e5fd9584e62!8m2!3d35.2082861!4d-93.1556092!16s%2Fg%2F1tj7wxqj!19sChIJkehezLBVzIcRYk5Y2V9ecN4?authuser=0&hl=en&rclk=1,auto repair shop,Pope County,county,AR,2026-07-22T03:09:20,0x87cc55b0cc5ee891:0xde705e5fd9584e62
"De Queen Ford, Inc. Service",(870) 642-3604,https://www.dequeenford.net/,,"863 E Collin Raye Dr, De Queen, AR 71832, United States",863 E Collin Raye Dr,De Queen,AR,71832,4.6,5,Auto repair shop,,,"https://www.google.com/maps/place/De+Queen+Ford,+Inc.+Service/data=!4m7!3m6!1s0x8634e1b7d8d37aef:0x69b9695e04b6cc01!8m2!3d34.0461386!4d-94.3233849!16s%2Fg%2F11n0vfqxw4!19sChIJ73rT2LfhNIYRAcy2BF5puWk?authuser=0&hl=en&rclk=1",auto repair shop,Sevier County,county,AR,2026-07-22T03:58:50,0x8634e1b7d8d37aef:0x69b9695e04b6cc01
C.J. Bell's Body Shop Inc.,(870) 256-4419,http://cjbellsbodyshop.wix.com/cjbellsbodyshop,,"9434 AR-11 N, Des Arc, AR 72040, United States",9434 AR-11 N,Des Arc,AR,72040,4.8,19,Auto repair shop,,,https://www.google.com/maps/place/C.J.+Bell%27s+Body+Shop+Inc./data=!4m7!3m6!1s0x87d3132243f5b54b:0xa3285ffbf788fef!8m2!3d34.9477051!4d-91.5643137!16s%2Fg%2F1vtzhrgr!19sChIJS7X1QyIT04cR7494v_-FMgo?authuser=0&hl=en&rclk=1,auto repair shop,Monroe County,county,AR,2026-07-22T02:04:55,0x87d3132243f5b54b:0xa3285ffbf788fef
Chad's Collision Repair Inc,(870) 286-2451,,,"1542 US-70, Dierks, AR 71833, United States",1542 US-70,Dierks,AR,71833,5.0,23,Auto body shop,,,https://www.google.com/maps/place/Chad%27s+Collision+Repair+Inc/data=!4m7!3m6!1s0x8634be58989487e9:0x739b49f9ad08387a!8m2!3d34.141222!4d-94.012944!16s%2Fg%2F1tg50t38!19sChIJ6YeUmFi-NIYRejgIrflJm3M?authuser=0&hl=en&rclk=1,auto repair shop,Howard County,county,AR,2026-07-22T00:28:29,0x8634be58989487e9:0x739b49f9ad08387a
"T & J TRUCK AND TRAILER, INC.",(870) 557-9756,,,"207 W 2nd St, Dierks, AR 71833, United States",207 W 2nd St,Dierks,AR,71833,,,Auto repair shop,,,"https://www.google.com/maps/place/T+%26+J+TRUCK+AND+TRAILER,+INC./data=!4m7!3m6!1s0x8634bfd2b22d19a3:0xb5e56fbbf6e945b8!8m2!3d34.1181583!4d-94.0186539!16s%2Fg%2F11zj_j3hgj!19sChIJoxktstK_NIYRuEXp9rtv5bU?authuser=0&hl=en&rclk=1",auto repair shop,Howard County,county,AR,2026-07-22T00:28:29,0x8634bfd2b22d19a3:0xb5e56fbbf6e945b8
Haynes Garage,,,,"202 E Banks St, Dumas, AR 71639, United States",202 E Banks St,Dumas,AR,71639,,,Auto repair shop,,,https://www.google.com/maps/place/Haynes+Garage/data=!4m7!3m6!1s0x862c8d002cca9825:0xfa57644cf79cc97b!8m2!3d33.8938477!4d-91.4935564!16s%2Fg%2F11nhz5kqjq!19sChIJJZjKLACNLIYRe8mc90xkV_o?authuser=0&hl=en&rclk=1,auto repair shop,Desha County,county,AR,2026-07-21T23:33:20,0x862c8d002cca9825:0xfa57644cf79cc97b
Ray's shop,,,,"719 US-165, Dumas, AR 71639, United States",719 US-165,Dumas,AR,71639,,,Auto repair shop,,,https://www.google.com/maps/place/Ray%27s+shop/data=!4m7!3m6!1s0x862c8f004ee026d1:0x53306cda6e3d5582!8m2!3d33.8859266!4d-91.4334893!16s%2Fg%2F11ynvjsnzc!19sChIJ0SbgTgCPLIYRglU9btpsMFM?authuser=0&hl=en&rclk=1,auto repair shop,Desha County,county,AR,2026-07-21T23:33:20,0x862c8f004ee026d1:0x53306cda6e3d5582
NAPA Auto Parts - Beggs Auto Supply,(870) 792-8791,https://www.napaonline.com/en/AR/Earle/store/35733?cid=pl_jobber_google_dac_35733_ao,,"17764 US-64, Earle, AR 72331, United States",17764 US-64,Earle,AR,72331,4.5,36,Auto parts store,,,https://www.google.com/maps/place/NAPA+Auto+Parts+-+Beggs+Auto+Supply/data=!4m7!3m6!1s0x87d5a892459ee089:0xb643142fde5e7c04!8m2!3d35.276289!4d-90.47099!16s%2Fg%2F1tqtb6d6!19sChIJieCeRZKo1YcRBHxe3i8UQ7Y?authuser=0&hl=en&rclk=1,auto repair shop,Cross County,county,AR,2026-07-21T23:22:02,0x87d5a892459ee089:0xb643142fde5e7c04
Carsons Garage & Towing Service Inc,(870) 875-8877,http://carsonsgarageandtowingservice.com/,,"522 W 1st St, El Dorado, AR 71730, United States",522 W 1st St,El Dorado,AR,71730,4.1,29,Towing service,,,https://www.google.com/maps/place/Carsons+Garage+%26+Towing+Service+Inc/data=!4m7!3m6!1s0x86321a427cb89fd7:0x3d0752d2b5ce5cf4!8m2!3d33.2063361!4d-92.6712007!16s%2Fg%2F1thcn42m!19sChIJ15-4fEIaMoYR9FzOtdJSBz0?authuser=0&hl=en&rclk=1,auto repair shop,Union County,county,AR,2026-07-22T04:26:06,0x86321a427cb89fd7:0x3d0752d2b5ce5cf4
Chad's Automotive,,,,"1041 Hinson Rd, El Dorado, AR 71730, United States",1041 Hinson Rd,El Dorado,AR,71730,,,Auto repair shop,,,https://www.google.com/maps/place/Chad%27s+Automotive/data=!4m7!3m6!1s0x86321b0065633243:0x7930f262eb574dbe!8m2!3d33.1779184!4d-92.6900185!16s%2Fg%2F11njdthmx7!19sChIJQzJjZQAbMoYRvk1X62LyMHk?authuser=0&hl=en&rclk=1,auto repair shop,Union County,county,AR,2026-07-22T04:26:06,0x86321b0065633243:0x7930f262eb574dbe
El Dorado Tire,,,,"810 W Hillsboro St, El Dorado, AR 71730, United States",810 W Hillsboro St,El Dorado,AR,71730,,,Tire shop,,,https://www.google.com/maps/place/El+Dorado+Tire/data=!4m7!3m6!1s0x86321a6a0aa83819:0x15f2521a829b7f28!8m2!3d33.2077041!4d-92.6747515!16s%2Fg%2F11fk4dvpq5!19sChIJGTioCmoaMoYRKH-bghpS8hU?authuser=0&hl=en&rclk=1,auto repair shop,Union County,county,AR,2026-07-22T04:26:06,0x86321a6a0aa83819:0x15f2521a829b7f28
Mopar Service,,,,"1910 W Hillsboro St, El Dorado, AR 71730, United States",1910 W Hillsboro St,El Dorado,AR,71730,,,Auto repair shop,,,https://www.google.com/maps/place/Mopar+Service/data=!4m7!3m6!1s0x86321a186dfe9f6b:0x15ca383cf7c003de!8m2!3d33.2080948!4d-92.6899857!16s%2Fg%2F11fkf8gqly!19sChIJa5_-bRgaMoYR3gPA9zw4yhU?authuser=0&hl=en&rclk=1,auto repair shop,Union County,county,AR,2026-07-22T04:26:06,0x86321a186dfe9f6b:0x15ca383cf7c003de
NAPA Auto Parts - Randy Wells Auto Supply Inc,(870) 862-5569,https://www.napaonline.com/en/AR/El-Dorado/store/30012?cid=pl_jobber_google_dac_30012_ao,,"900 N West Ave, El Dorado, AR 71730, United States",900 N West Ave,El Dorado,AR,71730,4.7,35,Auto parts store,,,https://www.google.com/maps/place/NAPA+Auto+Parts+-+Randy+Wells+Auto+Supply+Inc/data=!4m7!3m6!1s0x86321a7b22a5d469:0x1c718db44999a854!8m2!3d33.220302!4d-92.665896!16s%2Fg%2F1tg81v5_!19sChIJadSlInsaMoYRVKiZSbSNcRw?authuser=0&hl=en&rclk=1,auto repair shop,Union County,county,AR,2026-07-22T04:26:06,0x86321a7b22a5d469:0x1c718db44999a854
Norris Mechanical Shop Inc,(870) 863-4200,https://norrismechanicalshop.com/?utm_source=GBP&utm_medium=organic,,"2400 Lorene St, El Dorado, AR 71730, United States",2400 Lorene St,El Dorado,AR,71730,4.9,77,Air conditioning contractor,,,https://www.google.com/maps/place/Norris+Mechanical+Shop+Inc/data=!4m7!3m6!1s0x86321adf1ce2ff35:0x5a78073875afdc66!8m2!3d33.1888941!4d-92.6357838!16s%2Fg%2F1tjtjn3m!19sChIJNf_iHN8aMoYRZtyvdTgHeFo?authuser=0&hl=en&rclk=1,auto repair shop,Union County,county,AR,2026-07-10T22:00:35,0x86321adf1ce2ff35:0x5a78073875afdc66
Rush Leasing,,,,"160 Hinson Rd, El Dorado, AR 71730, United States",160 Hinson Rd,El Dorado,AR,71730,,,Truck repair shop,,,https://www.google.com/maps/place/Rush+Leasing/data=!4m7!3m6!1s0x86321b006aaa5dc1:0xc906c7f782f3cc3f!8m2!3d33.197796!4d-92.682364!16s%2Fg%2F11nqww3vl6!19sChIJwV2qagAbMoYRP8zzgvfHBsk?authuser=0&hl=en&rclk=1,auto repair shop,Union County,county,AR,2026-07-10T22:00:35,0x86321b006aaa5dc1:0xc906c7f782f3cc3f
Take 5 Oil Change,(870) 639-6755,https://www.take5.com/locations/oil-change/arkansas/el-dorado/30777/?utm_source=google&utm_medium=organic&utm_campaign=gbp_website,,"1106 N West Ave, El Dorado, AR 71730, United States",1106 N West Ave,El Dorado,AR,71730,4.4,534,Oil change service,,,https://www.google.com/maps/place/Take+5+Oil+Change/data=!4m7!3m6!1s0x86321a7b07896daf:0x7ebadb6803f561a8!8m2!3d33.2220357!4d-92.6659688!16s%2Fg%2F1w0sd748!19sChIJr22JB3saMoYRqGH1A2jbun4?authuser=0&hl=en&rclk=1,auto repair shop,Union County,county,AR,2026-07-22T04:26:06,0x86321a7b07896daf:0x7ebadb6803f561a8
Van Hook Tire Center Inc.,(870) 863-8156,https://www.vanhooktire.com/,,"1802 Lorene St, El Dorado, AR 71730, United States",1802 Lorene St,El Dorado,AR,71730,4.7,55,Tire shop,,,https://www.google.com/maps/place/Van+Hook+Tire+Center+Inc./data=!4m7!3m6!1s0x86321ae64d2ed9bb:0xfa2a295cbdb7e4e4!8m2!3d33.1973702!4d-92.6420127!16s%2Fg%2F1tjz89sb!19sChIJu9kuTeYaMoYR5OS3vVwpKvo?authuser=0&hl=en&rclk=1,auto repair shop,Union County,county,AR,2026-07-22T04:26:06,0x86321ae64d2ed9bb:0xfa2a295cbdb7e4e4
Walmart Auto Care Center,(870) 862-7410,https://www.walmart.com/store/530-el-dorado-ar/auto-care-center/?veh=seo_loc,,"2730 N West Ave, El Dorado, AR 71730, United States",2730 N West Ave,El Dorado,AR,71730,3.5,64,Oil change service,,,https://www.google.com/maps/place/Walmart+Auto+Care+Center/data=!4m7!3m6!1s0x86321085a241c001:0x9e0da150d452b723!8m2!3d33.2418613!4d-92.6688841!16s%2Fg%2F1tzgplc5!19sChIJAcBBooUQMoYRI7dS1FChDZ4?authuser=0&hl=en&rclk=1,auto repair shop,Union County,county,AR,2026-07-22T04:26:06,0x86321085a241c001:0x9e0da150d452b723
Twin Oaks Automotive Inc,(479) 643-3396,,,"2047 Twin Oaks Dr, Elkins, AR 72727, United States",2047 Twin Oaks Dr,Elkins,AR,72727,4.3,13,Auto repair shop,,,https://www.google.com/maps/place/Twin+Oaks+Automotive+Inc/data=!4m7!3m6!1s0x87c943299c8b5e17:0xf61b4cbd59f0a217!8m2!3d36.0282506!4d-94.0261923!16s%2Fg%2F1tdqp58k!19sChIJF16LnClDyYcRF6LwWb1MG_Y?authuser=0&hl=en&rclk=1,auto repair shop,Madison County,county,AR,2026-07-22T01:40:59,0x87c943299c8b5e17:0xf61b4cbd59f0a217
JRod's Garage,,,,"2953 US-65, Eudora, AR 71640, United States",2953 US-65,Eudora,AR,71640,5.0,3,Auto repair shop,,,https://www.google.com/maps/place/JRod%27s+Garage/data=!4m7!3m6!1s0x862c01e79dbcf33d:0xe0609fa5c9d1bcd6!8m2!3d33.1090235!4d-91.2573283!16s%2Fg%2F11jzdz798k!19sChIJPfO8necBLIYR1rzRyaWfYOA?authuser=0&hl=en&rclk=1,auto repair shop,Ashley County,county,AR,2026-07-10T14:08:39,0x862c01e79dbcf33d:0xe0609fa5c9d1bcd6
Little Apple Inc.,(479) 253-4914,,,"19492 US-62 W, Eureka Springs, AR 72631, United States",19492 US-62 W,Eureka Springs,AR,72631,4.7,76,Glass repair service,,,https://www.google.com/maps/place/Little+Apple+Inc./data=!4m7!3m6!1s0x87c92953e7f6412d:0x1d22175f37b922e0!8m2!3d36.4609872!4d-93.8295768!16s%2Fg%2F1tmpl0q0!19sChIJLUH251MpyYcR4CK5N18XIh0?authuser=0&hl=en&rclk=1,auto repair shop,Carroll County,county,AR,2026-07-21T21:25:45,0x87c92953e7f6412d:0x1d22175f37b922e0
AAMCO Transmissions & Total Car Care,(479) 443-5668,https://www.aamco.com/Auto-Repair-Center/AR/Fayetteville/North-College-Avenue?utm_source=G&utm_medium=local&utm_campaign=google-local,,"3270 N College Ave, Fayetteville, AR 72703, United States",3270 N College Ave,Fayetteville,AR,72703,4.4,116,Transmission shop,,,https://www.google.com/maps/place/AAMCO+Transmissions+%26+Total+Car+Care/data=!4m7!3m6!1s0x87c96bfb857bf9e3:0x60d8f94322339168!8m2!3d36.110889!4d-94.144479!16s%2Fg%2F1tdp5kv5!19sChIJ4_l7hftryYcRaJEzIkP52GA?authuser=0&hl=en&rclk=1,auto repair shop,Washington County,county,AR,2026-07-22T04:34:41,0x87c96bfb857bf9e3:0x60d8f94322339168
Fayetteville Tire & Auto Inc,(479) 521-2383,https://www.fayettevilletire.com/,,"3264 N College Ave, Fayetteville, AR 72703, United States",3264 N College Ave,Fayetteville,AR,72703,4.5,141,Car dealer,,,https://www.google.com/maps/place/Fayetteville+Tire+%26+Auto+Inc/data=!4m7!3m6!1s0x87c96bfb8eb8413b:0x400d68b1ff7b8fdd!8m2!3d36.1106384!4d-94.1446171!16s%2Fg%2F1wf22cw2!19sChIJO0G4jvtryYcR3Y97_7FoDUA?authuser=0&hl=en&rclk=1,auto repair shop,Washington County,county,AR,2026-07-22T04:34:41,0x87c96bfb8eb8413b:0x400d68b1ff7b8fdd
Firestone Complete Auto Care,(479) 439-5941,https://www.firestonecompleteautocare.com/arkansas/fayetteville/2876-e-mission-blvd/?utm_source=google&utm_medium=organic&utm_campaign=localmaps&cmp=oloc_google_localmaps_maps,,"2876 E Mission Blvd, Fayetteville, AR 72703, United States",2876 E Mission Blvd,Fayetteville,AR,72703,3.9,422,Tire shop,,,https://www.google.com/maps/place/Firestone+Complete+Auto+Care/data=!4m7!3m6!1s0x87c96972704413f3:0x297e6efb32a723e9!8m2!3d36.0877147!4d-94.120154!16s%2Fg%2F1td9wnd5!19sChIJ8xNEcHJpyYcR6SOnMvtufik?authuser=0&hl=en&rclk=1,auto repair shop,Washington County,county,AR,2026-07-22T04:34:41,0x87c96972704413f3:0x297e6efb32a723e9
H & R Tire & Auto Inc,(479) 448-2517,https://www.handrtireandauto.com/,,"3500 M.L.K. Jr Blvd, Fayetteville, AR 72704, United States",3500 M.L.K. Jr Blvd,Fayetteville,AR,72704,4.5,275,Tire shop,,,https://www.google.com/maps/place/H+%26+R+Tire+%26+Auto+Inc/data=!4m7!3m6!1s0x87c96fb7a99bc4f1:0xbafbf9f838f0c4b8!8m2!3d36.0505392!4d-94.2101883!16s%2Fg%2F1tggv14m!19sChIJ8cSbqbdvyYcRuMTwOPj5-7o?authuser=0&hl=en&rclk=1,auto repair shop,Madison County,county,AR,2026-07-22T01:40:59,0x87c96fb7a99bc4f1:0xbafbf9f838f0c4b8
Jiffy Lube Oil Change,(479) 396-4211,https://www.jiffylube.com/locations/ar/fayetteville/4093,,"1849 N Crossover Rd, Fayetteville, AR 72701, United States",1849 N Crossover Rd,Fayetteville,AR,72701,4.9,710,Oil change service,,,https://www.google.com/maps/place/Jiffy+Lube+Oil+Change/data=!4m7!3m6!1s0x87c9695e90843189:0x29c73ab2ddfd0f91!8m2!3d36.0862017!4d-94.1217558!16s%2Fg%2F11syt78c0w!19sChIJiTGEkF5pyYcRkQ_93bI6xyk?authuser=0&hl=en&rclk=1,auto repair shop,Fayetteville,city,AR,2026-07-22T05:02:56,0x87c9695e90843189:0x29c73ab2ddfd0f91
Midas,(479) 439-0846,https://www.midas.com/store/ar/fayetteville/2570-north-college-avenue-72703/?shopnum=5996&utm_source=google&utm_medium=organic&utm_campaign=gbp,,"2570 N College Ave, Fayetteville, AR 72703, United States",2570 N College Ave,Fayetteville,AR,72703,4.4,409,Auto repair shop,,,https://www.google.com/maps/place/Midas/data=!4m7!3m6!1s0x87c9695344fd3ed5:0x61e0304bef937082!8m2!3d36.0983849!4d-94.150607!16s%2Fg%2F1tq4rm3x!19sChIJ1T79RFNpyYcRgnCT70sw4GE?authuser=0&hl=en&rclk=1,auto repair shop,Washington County,county,AR,2026-07-22T04:34:41,0x87c9695344fd3ed5:0x61e0304bef937082
Rainbow Service Tech Inc,(479) 587-8118,http://www.rainbowservicetechinc.com/,,"6390 W Wedington Dr, Fayetteville, AR 72704, United States",6390 W Wedington Dr,Fayetteville,AR,72704,4.0,25,Auto repair shop,,,https://www.google.com/maps/place/Rainbow+Service+Tech+Inc/data=!4m7!3m6!1s0x87c971eaa18c28f9:0x70a32b264b6e9723!8m2!3d36.0796381!4d-94.2527277!16s%2Fg%2F1tflb5jl!19sChIJ-SiMoepxyYcRI5duSyYro3A?authuser=0&hl=en&rclk=1,auto repair shop,Washington County,county,AR,2026-07-22T04:34:41,0x87c971eaa18c28f9:0x70a32b264b6e9723
"Richard Mayes Auto, Inc.",(479) 443-4346,http://richardmayesautoservice.net/,,"1641 N Leverett Ave, Fayetteville, AR 72703, United States",1641 N Leverett Ave,Fayetteville,AR,72703,4.2,91,Auto repair shop,,,"https://www.google.com/maps/place/Richard+Mayes+Auto,+Inc./data=!4m7!3m6!1s0x87c96ebfcc3bd407:0x52c82d41ee612e16!8m2!3d36.0843435!4d-94.1710225!16s%2Fg%2F1tr7db1c!19sChIJB9Q7zL9uyYcRFi5h7kEtyFI?authuser=0&hl=en&rclk=1",auto repair shop,Lincoln County,county,AR,2026-07-22T01:17:53,0x87c96ebfcc3bd407:0x52c82d41ee612e16
Take 5 Oil Change,(479) 595-0208,https://www.take5.com/locations/oil-change/arkansas/fayetteville/30694/?utm_source=google&utm_medium=organic&utm_campaign=gbp_website,,"4020 N College Ave, Fayetteville, AR 72703, United States",4020 N College Ave,Fayetteville,AR,72703,4.6,712,Oil change service,,,https://www.google.com/maps/place/Take+5+Oil+Change/data=!4m7!3m6!1s0x87c96fa60d94089d:0xb7baec43130b0e1d!8m2!3d36.1242383!4d-94.1439797!16s%2Fg%2F11rd2gnydd!19sChIJnQiUDaZvyYcRHQ4LE0Psurc?authuser=0&hl=en&rclk=1,auto repair shop,Fayetteville,city,AR,2026-07-22T05:02:56,0x87c96fa60d94089d:0xb7baec43130b0e1d
Take 5 Oil Change,(479) 310-7570,https://www.take5.com/locations/oil-change/arkansas/fayetteville/30240/?utm_source=google&utm_medium=organic&utm_campaign=gbp_website,,"1561 M.L.K. Jr Blvd, Fayetteville, AR 72701, United States",1561 M.L.K. Jr Blvd,Fayetteville,AR,72701,4.4,1493,Oil change service,,,https://www.google.com/maps/place/Take+5+Oil+Change/data=!4m7!3m6!1s0x87c96f8d65d52def:0x3ddfeee64e0d3f58!8m2!3d36.0562845!4d-94.1836724!16s%2Fg%2F11g25y0xtt!19sChIJ7y3VZY1vyYcRWD8NTubu3z0?authuser=0&hl=en&rclk=1,auto repair shop,Fayetteville,city,AR,2026-07-22T05:02:56,0x87c96f8d65d52def:0x3ddfeee64e0d3f58
Unique Creations by Billy Inc.,(479) 521-8430,https://www.facebook.com/Unique-Creations-by-Billy-Inc-170153169711362/home,,"1620 Hanshew Rd, Fayetteville, AR 72701, United States",1620 Hanshew Rd,Fayetteville,AR,72701,4.7,71,Auto repair shop,,,https://www.google.com/maps/place/Unique+Creations+by+Billy+Inc./data=!4m7!3m6!1s0x87c96fc807a59277:0x23410f1a8ca179d3!8m2!3d36.048267!4d-94.21334!16s%2Fg%2F11c15s_2q3!19sChIJd5KlB8hvyYcR03mhjBoPQSM?authuser=0&hl=en&rclk=1,auto repair shop,Madison County,county,AR,2026-07-22T01:40:59,0x87c96fc807a59277:0x23410f1a8ca179d3
Value Auto Care,,,,"2099 S School Ave, Fayetteville, AR 72701, United States",2099 S School Ave,Fayetteville,AR,72701,,,Auto repair shop,,,https://www.google.com/maps/place/Value+Auto+Care/data=!4m7!3m6!1s0x87c96fa90ae6bd09:0x68c6ff98159e7bd5!8m2!3d36.0412372!4d-94.1663083!16s%2Fg%2F11xkzwywkr!19sChIJCb3mCqlvyYcR1XueFZj_xmg?authuser=0&hl=en&rclk=1,auto repair shop,Fayetteville,city,AR,2026-07-22T05:02:56,0x87c96fa90ae6bd09:0x68c6ff98159e7bd5
Valvoline Instant Oil Change,(479) 527-6445,https://store.vioc.com/ar/fayetteville/3460-n-college-ave?utm_source=google&utm_medium=local&utm_campaign=localsearch,,"3460 N College Ave, Fayetteville, AR 72701, United States",3460 N College Ave,Fayetteville,AR,72701,4.5,417,Oil change service,,,https://www.google.com/maps/place/Valvoline+Instant+Oil+Change/data=!4m7!3m6!1s0x87c96bc8e3255b33:0x102a4d20db842ce5!8m2!3d36.114425!4d-94.1445408!16s%2Fg%2F11lm8rvf9j!19sChIJM1sl48hryYcR5SyE2yBNKhA?authuser=0&hl=en&rclk=1,auto repair shop,Fayetteville,city,AR,2026-07-22T05:02:56,0x87c96bc8e3255b33:0x102a4d20db842ce5
Walmart Auto Care Center,(479) 582-0152,https://www.walmart.com/store/144-fayetteville-ar/auto-care-center/?veh=seo_loc,,"2875 M.L.K. Jr Blvd, Fayetteville, AR 72704, United States",2875 M.L.K. Jr Blvd,Fayetteville,AR,72704,3.1,229,Oil change service,,,https://www.google.com/maps/place/Walmart+Auto+Care+Center/data=!4m7!3m6!1s0x87c96fb7a99bc4f1:0x1eec8c721bb72068!8m2!3d36.0499043!4d-94.2021536!16s%2Fg%2F1td0100s!19sChIJ8cSbqbdvyYcRaCC3G3KM7B4?authuser=0&hl=en&rclk=1,auto repair shop,Fayetteville,city,AR,2026-07-22T05:02:56,0x87c96fb7a99bc4f1:0x1eec8c721bb72068
Hicks Body Shop Inc,(870) 633-6643,,,"3825 N Washington St, Forrest City, AR 72335, United States",3825 N Washington St,Forrest City,AR,72335,4.3,32,Auto body shop,,,https://www.google.com/maps/place/Hicks+Body+Shop+Inc/data=!4m7!3m6!1s0x87d4f02b1da9d1d3:0x42036aa15abb61e3!8m2!3d35.0458137!4d-90.7954485!16s%2Fg%2F1tjmf5ps!19sChIJ09GpHSvw1IcR42G7WqFqA0I?authuser=0&hl=en&rclk=1,auto repair shop,Cross County,county,AR,2026-07-21T23:22:02,0x87d4f02b1da9d1d3:0x42036aa15abb61e3
Walmart Auto Care Center,(870) 633-1775,https://www.walmart.com/store/91-forrest-city-ar/auto-care-center/?veh=seo_loc,,"205 Deaderick Rd, Forrest City, AR 72335, United States",205 Deaderick Rd,Forrest City,AR,72335,3.9,114,Oil change service,,,https://www.google.com/maps/place/Walmart+Auto+Care+Center/data=!4m7!3m6!1s0x87d4efd34c2c5f21:0xc91ae2ce7080838e!8m2!3d35.0283017!4d-90.7936389!16s%2Fg%2F1tfm1_ds!19sChIJIV8sTNPv1IcRjoOAcM7iGsk?authuser=0&hl=en&rclk=1,auto repair shop,Cross County,county,AR,2026-07-21T23:22:02,0x87d4efd34c2c5f21:0xc91ae2ce7080838e
Ace Radiator Inc,(479) 782-9939,https://aceradiatorinc.localsearch.com/,,"1801 Towson Ave, Fort Smith, AR 72901, United States",1801 Towson Ave,Fort Smith,AR,72901,4.6,26,Auto repair shop,,,https://www.google.com/maps/place/Ace+Radiator+Inc/data=!4m7!3m6!1s0x87ca4ce8f20847af:0x9adba53fa3137eb8!8m2!3d35.3662574!4d-94.4210591!16s%2Fg%2F1tdk5q7x!19sChIJr0cI8uhMyocRuH4Toz-l25o?authuser=0&hl=en&rclk=1,auto repair shop,Fort Smith,city,AR,2026-07-22T04:55:51,0x87ca4ce8f20847af:0x9adba53fa3137eb8
"Ed's Tire & Alignment, Inc.",(479) 649-9446,,,"5504 S 31st St #8744, Fort Smith, AR 72901, United States",5504 S 31st St #8744,Fort Smith,AR,72901,4.6,168,Tire shop,,,"https://www.google.com/maps/place/Ed%27s+Tire+%26+Alignment,+Inc./data=!4m7!3m6!1s0x87ca4d4ba3453a7d:0x4d962b6becbfd3bf!8m2!3d35.3286984!4d-94.4009543!16s%2Fg%2F1tjhy5kz!19sChIJfTpFo0tNyocRv9O_7Gsrlk0?authuser=0&hl=en&rclk=1",auto repair shop,Sebastian County,county,AR,2026-07-22T03:56:07,0x87ca4d4ba3453a7d:0x4d962b6becbfd3bf
Firestone Complete Auto Care,(479) 401-2208,https://www.firestonecompleteautocare.com/arkansas/fort-smith/4901-rogers-ave/?utm_source=google&utm_medium=organic&utm_campaign=localmaps&cmp=oloc_google_localmaps_maps,,"4901 Rogers Ave, Fort Smith, AR 72903, United States",4901 Rogers Ave,Fort Smith,AR,72903,4.1,684,Tire shop,,,https://www.google.com/maps/place/Firestone+Complete+Auto+Care/data=!4m7!3m6!1s0x87cbb322ac57b629:0x391da477d9177c1c!8m2!3d35.3672602!4d-94.3777699!16s%2Fg%2F1tdl6njq!19sChIJKbZXrCKzy4cRHHwX2XekHTk?authuser=0&hl=en&rclk=1,auto repair shop,Sebastian County,county,AR,2026-07-22T03:56:07,0x87cbb322ac57b629:0x391da477d9177c1c
Ft Smith Service Center,,,,"S R St, Fort Smith, AR 72901, United States",S R St,Fort Smith,AR,72901,5.0,1,Mechanic,,,https://www.google.com/maps/place/Ft+Smith+Service+Center/data=!4m7!3m6!1s0x87ca4ce8a2cf9bc1:0x191e6fc16e88be5c!8m2!3d35.36528!4d-94.4221598!16s%2Fg%2F11jk3r7j6s!19sChIJwZvPouhMyocRXL6IbsFvHhk?authuser=0&hl=en&rclk=1,auto repair shop,Fort Smith,city,AR,2026-07-22T04:55:51,0x87ca4ce8a2cf9bc1:0x191e6fc16e88be5c
Goodyear Commercial Tire & Service Centers,,http://www.goodyearctsc.com/,,"6201 S 29th St, Fort Smith, AR 72908, United States",6201 S 29th St,Fort Smith,AR,72908,4.2,27,Tire shop,,,https://www.google.com/maps/place/Goodyear+Commercial+Tire+%26+Service+Centers/data=!4m7!3m6!1s0x87ca4cc70444eef7:0xff371bc267c29584!8m2!3d35.3235766!4d-94.4026957!16s%2Fg%2F1td20sy1!19sChIJ9-5EBMdMyocRhJXCZ8IbN_8?authuser=0&hl=en&rclk=1,auto repair shop,Fort Smith,city,AR,2026-07-22T04:55:51,0x87ca4cc70444eef7:0xff371bc267c29584
Hunt Engine Rebuilders Inc,(479) 646-6863,,,"5213 S 33rd St, Fort Smith, AR 72903, United States",5213 S 33rd St,Fort Smith,AR,72903,4.4,33,Auto machine shop,,,https://www.google.com/maps/place/Hunt+Engine+Rebuilders+Inc/data=!4m7!3m6!1s0x87ca4d4aaf722f97:0x9c568fae9aa336c6!8m2!3d35.3318128!4d-94.397863!16s%2Fg%2F1v3gsfdr!19sChIJly9yr0pNyocRxjajmq6PVpw?authuser=0&hl=en&rclk=1,auto repair shop,Fort Smith,city,AR,2026-07-10T22:30:17,0x87ca4d4aaf722f97:0x9c568fae9aa336c6
JU AUTO REPAIR,,,,"4210 Clarendon Ave, Fort Smith, AR 72904, United States",4210 Clarendon Ave,Fort Smith,AR,72904,,,Auto repair shop,,,https://www.google.com/maps/place/JU+AUTO+REPAIR/data=!4m7!3m6!1s0x87cbb4b96258a753:0x7a914d1684afa9ba!8m2!3d35.415409!4d-94.383978!16s%2Fg%2F11w25pzvtq!19sChIJU6dYYrm0y4cRuqmvhBZNkXo?authuser=0&hl=en&rclk=1,auto repair shop,Crawford County,county,AR,2026-07-21T22:54:22,0x87cbb4b96258a753:0x7a914d1684afa9ba
Jiffy Lube Oil Change,(479) 646-2080,https://www.jiffylube.com/locations/ar/fort-smith/4204,,"7520 Jenny Lind Rd, Fort Smith, AR 72908, United States",7520 Jenny Lind Rd,Fort Smith,AR,72908,4.6,455,Oil change service,,,https://www.google.com/maps/place/Jiffy+Lube+Oil+Change/data=!4m7!3m6!1s0x87ca4d5f33813e6f:0xf04947941eca2e0d!8m2!3d35.3129014!4d-94.4134564!16s%2Fg%2F1v3kj0px!19sChIJbz6BM19NyocRDS7KHpRHSfA?authuser=0&hl=en&rclk=1,auto repair shop,Sebastian County,county,AR,2026-07-10T21:30:34,0x87ca4d5f33813e6f:0xf04947941eca2e0d
Jiffy Lube Oil Change,(479) 452-2370,https://www.jiffylube.com/locations/ar/fort-smith/4195,,"1707 S Waldron Rd, Fort Smith, AR 72903, United States",1707 S Waldron Rd,Fort Smith,AR,72903,4.9,280,Oil change service,,,https://www.google.com/maps/place/Jiffy+Lube+Oil+Change/data=!4m7!3m6!1s0x87cbb3f548a5c0f3:0x808613b6e47a14ba!8m2!3d35.3656411!4d-94.3723624!16s%2Fg%2F11srdw1ksh!19sChIJ88ClSPWzy4cRuhR65LYThoA?authuser=0&hl=en&rclk=1,auto repair shop,Fort Smith,city,AR,2026-07-22T04:55:51,0x87cbb3f548a5c0f3:0x808613b6e47a14ba
Jiffy Lube Oil Change,(479) 551-3150,https://www.jiffylube.com/locations/ar/fort-smith/3961,,"8301 Phoenix Ave, Fort Smith, AR 72903, United States",8301 Phoenix Ave,Fort Smith,AR,72903,4.8,1075,Oil change service,,,https://www.google.com/maps/place/Jiffy+Lube+Oil+Change/data=!4m7!3m6!1s0x87cbb3fbf892dee9:0xd6344fb459b80bc7!8m2!3d35.3460198!4d-94.3402939!16s%2Fg%2F11j9hw_2bk!19sChIJ6d6S-Puzy4cRxwu4WbRPNNY?authuser=0&hl=en&rclk=1,auto repair shop,Sebastian County,county,AR,2026-07-22T03:56:07,0x87cbb3fbf892dee9:0xd6344fb459b80bc7
Medley & Sons Autobody Inc,(479) 782-5276,http://medleyautobody.com/,,"3203 Midland Blvd, Fort Smith, AR 72904, United States",3203 Midland Blvd,Fort Smith,AR,72904,4.4,118,Auto body shop,,,https://www.google.com/maps/place/Medley+%26+Sons+Autobody+Inc/data=!4m7!3m6!1s0x87cbb4b210442153:0xf69de9896af8f09e!8m2!3d35.4103829!4d-94.3932543!16s%2Fg%2F1tjl6flr!19sChIJUyFEELK0y4cRnvD4aonpnfY?authuser=0&hl=en&rclk=1,auto repair shop,Crawford County,county,AR,2026-07-21T22:54:22,0x87cbb4b210442153:0xf69de9896af8f09e
Meineke Car Care Center,(479) 274-8684,https://www.meineke.com/locations/ar/fort-smith-2200/?utm_source=google&utm_medium=organic&utm_campaign=gbp_website,,"4515 Towson Ave, Fort Smith, AR 72901, United States",4515 Towson Ave,Fort Smith,AR,72901,4.7,1089,Auto repair shop,,,https://www.google.com/maps/place/Meineke+Car+Care+Center/data=!4m7!3m6!1s0x87ca4d1723686d29:0xd978460706c8befb!8m2!3d35.3405548!4d-94.4223712!16s%2Fg%2F1td1dyps!19sChIJKW1oIxdNyocR-77IBgdGeNk?authuser=0&hl=en&rclk=1,auto repair shop,Sebastian County,county,AR,2026-07-22T03:56:07,0x87ca4d1723686d29:0xd978460706c8befb
Midas,(479) 222-1344,https://www.midas.com/store/ar/ft-smith/4601-massard-rd-72903/?shopnum=5629&utm_source=google&utm_medium=organic&utm_campaign=gbp,,"4601 Massard Rd, Fort Smith, AR 72903, United States",4601 Massard Rd,Fort Smith,AR,72903,4.4,433,Auto repair shop,,,https://www.google.com/maps/place/Midas/data=!4m7!3m6!1s0x87cbb25461ba87bd:0xd95fc9899d9b153d!8m2!3d35.3376128!4d-94.3402459!16s%2Fg%2F1v8l041r!19sChIJvYe6YVSyy4cRPRWbnYnJX9k?authuser=0&hl=en&rclk=1,auto repair shop,Sebastian County,county,AR,2026-07-22T03:56:07,0x87cbb25461ba87bd:0xd95fc9899d9b153d
"Mike's Automotive, Inc.",(479) 646-9321,https://www.mikesautomotiveinc.com/,,"3905 Towson Ave, Fort Smith, AR 72901, United States",3905 Towson Ave,Fort Smith,AR,72901,3.9,77,Auto repair shop,,,"https://www.google.com/maps/place/Mike%27s+Automotive,+Inc./data=!4m7!3m6!1s0x87ca4d196c2b418f:0x834911e17a850a7c!8m2!3d35.3459628!4d-94.422157!16s%2Fg%2F1tdqv1k4!19sChIJj0ErbBlNyocRfAqFeuERSYM?authuser=0&hl=en&rclk=1",auto repair shop,Sebastian County,county,AR,2026-07-22T03:56:07,0x87ca4d196c2b418f:0x834911e17a850a7c
Wilcox Transmission Inc,(479) 783-2735,https://wilcoxtransmissions.net/,,"2801 Towson Ave, Fort Smith, AR 72901, United States",2801 Towson Ave,Fort Smith,AR,72901,4.3,82,Transmission shop,,,https://www.google.com/maps/place/Wilcox+Transmission+Inc/data=!4m7!3m6!1s0x87ca4ce1131bab29:0x930675808b721da6!8m2!3d35.3570176!4d-94.4210784!16s%2Fg%2F1tgfx4nd!19sChIJKasbE-FMyocRph1yi4B1BpM?authuser=0&hl=en&rclk=1,auto repair shop,Fort Smith,city,AR,2026-07-22T04:55:51,0x87ca4ce1131bab29:0x930675808b721da6
#,,,,"AR-8, Fountain Hill, AR 71642, United States",AR-8,Fountain Hill,AR,71642,,,Auto repair shop,,,https://www.google.com/maps/place/%23/data=!4m7!3m6!1s0x862dcb284e6a5c3d:0x3c4c0f23ac6cc620!8m2!3d33.3520973!4d-91.8597934!16s%2Fg%2F11rhsj6pyb!19sChIJPVxqTijLLYYRIMZsrCMPTDw?authuser=0&hl=en&rclk=1,auto repair shop,Ashley County,county,AR,2026-07-21T20:25:48,0x862dcb284e6a5c3d:0x3c4c0f23ac6cc620
PPG Collision Repair Center,,,,"421 E Main St, Gassville, AR 72635, United States",421 E Main St,Gassville,AR,72635,4.5,4,Auto body shop,,,https://www.google.com/maps/place/PPG+Collision+Repair+Center/data=!4m7!3m6!1s0x87ce20f77a5e4813:0xbed8a3ff7ff03f5e!8m2!3d36.2838515!4d-92.4895582!16s%2Fg%2F11ggbdcvsj!19sChIJE0heevcgzocRXj_wf_-j2L4?authuser=0&hl=en&rclk=1,auto repair shop,Baxter County,county,AR,2026-07-21T20:37:48,0x87ce20f77a5e4813:0xbed8a3ff7ff03f5e
A & A Wrecker & Repair Service Inc,(870) 356-3651,,,"129 Double A Rd, Glenwood, AR 71943, United States",129 Double A Rd,Glenwood,AR,71943,4.6,39,Towing service,,,https://www.google.com/maps/place/A+%26+A+Wrecker+%26+Repair+Service+Inc/data=!4m7!3m6!1s0x8633521ceda3d925:0x9695d0daef82f840!8m2!3d34.3697586!4d-93.5938339!16s%2Fg%2F1tglhphw!19sChIJJdmj7RxSM4YRQPiC79rQlZY?authuser=0&hl=en&rclk=1,auto repair shop,Montgomery County,county,AR,2026-07-22T02:12:44,0x8633521ceda3d925:0x9695d0daef82f840
Tires and Exhaust,,,,"4351 AR-27, Glenwood, AR 71943, United States",4351 AR-27,Glenwood,AR,71943,,,Tire repair shop,,,https://www.google.com/maps/place/Tires+and+Exhaust/data=!4m7!3m6!1s0x86334fa6da66b139:0xcb9d844c89582c00!8m2!3d34.362888!4d-93.5768301!16s%2Fg%2F11kjdwjk55!19sChIJObFm2qZPM4YRACxYiUyEncs?authuser=0&hl=en&rclk=1,auto repair shop,Montgomery County,county,AR,2026-07-22T02:12:44,0x86334fa6da66b139:0xcb9d844c89582c00
62 auto,,,,"605 W Main St, Green Forest, AR 72638, United States",605 W Main St,Green Forest,AR,72638,4.1,20,Used car dealer,,,https://www.google.com/maps/place/62+auto/data=!4m7!3m6!1s0x87cec25d09c1f555:0x8f4001770e519a4f!8m2!3d36.33499!4d-93.4436899!16s%2Fg%2F1tt1t6km!19sChIJVfXBCV3CzocRT5pRDncBQI8?authuser=0&hl=en&rclk=1,auto repair shop,Carroll County,county,AR,2026-07-21T21:25:45,0x87cec25d09c1f555:0x8f4001770e519a4f
Carroll County Tire,,,,"200 Sanford Ave, Green Forest, AR 72638, United States",200 Sanford Ave,Green Forest,AR,72638,4.0,3,Tire shop,,,https://www.google.com/maps/place/Carroll+County+Tire/data=!4m7!3m6!1s0x87cec25baf9608b1:0x7b3d49211309319a!8m2!3d36.3374649!4d-93.4468173!16s%2Fg%2F12633d190!19sChIJsQiWr1vCzocRmjEJEyFJPXs?authuser=0&hl=en&rclk=1,auto repair shop,Carroll County,county,AR,2026-07-21T21:25:45,0x87cec25baf9608b1:0x7b3d49211309319a
Springhill Tire Service Inc.,(501) 679-1226,http://www.springhilltireinc.com/,,"601 US-65, Greenbrier, AR 72058, United States",601 US-65,Greenbrier,AR,72058,4.9,306,Tire shop,,,https://www.google.com/maps/place/Springhill+Tire+Service+Inc./data=!4m7!3m6!1s0x87d280bb3927d517:0xd581048d6bc7456e!8m2!3d35.1791819!4d-92.3948258!16s%2Fg%2F1thtdnz6!19sChIJF9UnObuA0ocRbkXHa40EgdU?authuser=0&hl=en&rclk=1,auto repair shop,Conway County,county,AR,2026-07-10T16:03:00,0x87d280bb3927d517:0xd581048d6bc7456e
Delta's Mobile Mechanic Inc.,(662) 931-5809,,,"564 8th St, Greenville, MS 38703, United States",564 8th St,Greenville,MS,38703,4.6,24,Auto repair shop,,,https://www.google.com/maps/place/Delta%27s+Mobile+Mechanic+Inc./data=!4m7!3m6!1s0x862bed3e6cd5a277:0xf7e13f9b0e97f103!8m2!3d33.4131655!4d-91.035438!16s%2Fg%2F11bcdhvzsc!19sChIJd6LVbD7tK4YRA_GXDps_4fc?authuser=0&hl=en&rclk=1,auto repair shop,Chicot County,county,AR,2026-07-21T21:32:57,0x862bed3e6cd5a277:0xf7e13f9b0e97f103
NAPA Auto Parts - Ryans Auto Supply,(501) 825-7211,https://www.napaonline.com/en/AR/Greers-Ferry/store/23152?cid=pl_jobber_google_dac_23152_ao,,"7652 Greers Ferry Rd, Greers Ferry, AR 72067, United States",7652 Greers Ferry Rd,Greers Ferry,AR,72067,4.6,38,Auto parts store,,,https://www.google.com/maps/place/NAPA+Auto+Parts+-+Ryans+Auto+Supply/data=!4m7!3m6!1s0x87d215709481a777:0x90bec01c7f6adc38!8m2!3d35.578314!4d-92.176457!16s%2Fg%2F1tfd7h_6!19sChIJd6eBlHAV0ocRONxqfxzAvpA?authuser=0&hl=en&rclk=1,auto repair shop,Stone County,county,AR,2026-07-22T04:14:09,0x87d215709481a777:0x90bec01c7f6adc38
Knights AutoBody INC.,(870) 853-5853,,,"503 E St Louis St, Hamburg, AR 71646, United States",503 E St Louis St,Hamburg,AR,71646,4.9,78,Auto body shop,,,https://www.google.com/maps/place/Knights+AutoBody+INC./data=!4m7!3m6!1s0x862c2d772fc6f8b9:0x2990484da638b673!8m2!3d33.2299705!4d-91.7930846!16s%2Fg%2F1tgdny1h!19sChIJufjGL3ctLIYRc7Y4pk1IkCk?authuser=0&hl=en&rclk=1,auto repair shop,Ashley County,county,AR,2026-07-21T20:25:48,0x862c2d772fc6f8b9:0x2990484da638b673
Thomason Body Shop,,,,"1768 US-278, Hampton, AR 71744, United States",1768 US-278,Hampton,AR,71744,5.0,1,Auto repair shop,,,https://www.google.com/maps/place/Thomason+Body+Shop/data=!4m7!3m6!1s0x862d89b8962a2501:0xa4e314b133ba577f!8m2!3d33.5324671!4d-92.4421272!16s%2Fg%2F11h3vc9h58!19sChIJASUqlriJLYYRf1e6M7EU46Q?authuser=0&hl=en&rclk=1,auto repair shop,Ashley County,county,AR,2026-07-21T20:25:48,0x862d89b8962a2501:0xa4e314b133ba577f
West 66 Tire Shop,,,,"15138 AR-66, Hanover, AR 72560, United States",15138 AR-66,Hanover,AR,72560,5.0,10,Tire shop,,,https://www.google.com/maps/place/West+66+Tire+Shop/data=!4m7!3m6!1s0x87d21e339d395555:0x4531a1b6a673aee2!8m2!3d35.8797816!4d-92.1868821!16s%2Fg%2F11h7v7vgv4!19sChIJVVU5nTMe0ocR4q5zprahMUU?authuser=0&hl=en&rclk=1,auto repair shop,Stone County,county,AR,2026-07-22T04:14:09,0x87d21e339d395555:0x4531a1b6a673aee2
"BLOCK'S BODY SHOP, INC.",(870) 741-6777,,,"201 N Sycamore St, Harrison, AR 72601, United States",201 N Sycamore St,Harrison,AR,72601,4.8,42,Auto body shop,,,"https://www.google.com/maps/place/BLOCK%27S+BODY+SHOP,+INC./data=!4m7!3m6!1s0x87cef55102ddd263:0xb6eda5be7482107f!8m2!3d36.230991!4d-93.1045008!16s%2Fg%2F1td0nkb1!19sChIJY9LdAlH1zocRfxCCdL6l7bY?authuser=0&hl=en&rclk=1",auto repair shop,Boone County,county,AR,2026-07-21T20:58:21,0x87cef55102ddd263:0xb6eda5be7482107f
Bellefonte Auto Repair & Used Car Sales,,http://bellefonteauto.1234apply.com/,,"26 Bellefonte Rd, Harrison, AR 72601, United States",26 Bellefonte Rd,Harrison,AR,72601,4.4,13,Mechanic,,,https://www.google.com/maps/place/Bellefonte+Auto+Repair+%26+Used+Car+Sales/data=!4m7!3m6!1s0x87ce60edbd704f77:0x24e8b8f89825e918!8m2!3d36.199356!4d-93.0464232!16s%2Fg%2F11kmpgstc0!19sChIJd09wve1gzocRGOklmPi46CQ?authuser=0&hl=en&rclk=1,auto repair shop,Boone County,county,AR,2026-07-21T20:58:21,0x87ce60edbd704f77:0x24e8b8f89825e918
COLLISION REPAIR CENTER,,,,"515 N Main St, Harrison, AR 72601, United States",515 N Main St,Harrison,AR,72601,,,Auto repair shop,,,https://www.google.com/maps/place/COLLISION+REPAIR+CENTER/data=!4m7!3m6!1s0x87cef55ac7897fa9:0x58aa3ce637ccc15!8m2!3d36.2351031!4d-93.1069745!16s%2Fg%2F11yb7rj0ym!19sChIJqX-Jx1r1zocRFcx8Y86jigU?authuser=0&hl=en&rclk=1,auto repair shop,Boone County,county,AR,2026-07-21T20:58:21,0x87cef55ac7897fa9:0x58aa3ce637ccc15
Carquest Auto Parts - Modern Parts Inc,(870) 741-6131,https://www.carquest.com/locations/ar/harrison/6238/,,"212 E Crandall Ave, Harrison, AR 72601, United States",212 E Crandall Ave,Harrison,AR,72601,4.5,82,Auto parts store,,,https://www.google.com/maps/place/Carquest+Auto+Parts+-+Modern+Parts+Inc/data=!4m7!3m6!1s0x87cef56a901bd9f1:0x52b63e2112569d56!8m2!3d36.2374222!4d-93.1043445!16s%2Fg%2F1hc30n4ms!19sChIJ8dkbkGr1zocRVp1WEiE-tlI?authuser=0&hl=en&rclk=1,auto repair shop,Boone County,county,AR,2026-07-10T14:39:39,0x87cef56a901bd9f1:0x52b63e2112569d56
Dpr Auto Repair,,,,"1007 N Main St, Harrison, AR 72601, United States",1007 N Main St,Harrison,AR,72601,,,Auto repair shop,,,https://www.google.com/maps/place/Dpr+Auto+Repair/data=!4m7!3m6!1s0x87cef5432d51df83:0xab8a5175f4fc3ae2!8m2!3d36.2412128!4d-93.1077528!16s%2Fg%2F11x2y3cszl!19sChIJg99RLUP1zocR4jr89HVRiqs?authuser=0&hl=en&rclk=1,auto repair shop,Boone County,county,AR,2026-07-21T20:58:21,0x87cef5432d51df83:0xab8a5175f4fc3ae2
Hudson Tire & Battery Inc.,(870) 741-2740,,,"1009 N Main St, Harrison, AR 72601, United States",1009 N Main St,Harrison,AR,72601,4.7,488,Car repair and maintenance service,,,https://www.google.com/maps/place/Hudson+Tire+%26+Battery+Inc./data=!4m7!3m6!1s0x87cef5432fa3d251:0x88085381317570a8!8m2!3d36.2413698!4d-93.1082369!16s%2Fg%2F1txfppkd!19sChIJUdKjL0P1zocRqHB1MYFTCIg?authuser=0&hl=en&rclk=1,auto repair shop,Boone County,county,AR,2026-07-21T20:58:21,0x87cef5432fa3d251:0x88085381317570a8
Jt Automotive & Off Road,,,,"Osburn Dr, Harrison, AR 72601, United States",Osburn Dr,Harrison,AR,72601,,,Auto repair shop,,,https://www.google.com/maps/place/Jt+Automotive+%26+Off+Road/data=!4m7!3m6!1s0x87ce5f8f502d5eff:0xe7ed8bcaa166c80a!8m2!3d36.2551605!4d-93.0921965!16s%2Fg%2F11xr_s0602!19sChIJ_14tUI9fzocRCshmocqL7ec?authuser=0&hl=en&rclk=1,auto repair shop,Boone County,county,AR,2026-07-21T20:58:21,0x87ce5f8f502d5eff:0xe7ed8bcaa166c80a
NAPA Auto Parts - Collier Auto Supply Inc,(870) 741-2167,https://www.napaonline.com/en/AR/Harrison/store/32541?cid=pl_jobber_google_dac_32541_ao,,"308 US-62 65 N, Harrison, AR 72601, United States",308 US-62 65 N,Harrison,AR,72601,4.6,126,Auto parts store,,,https://www.google.com/maps/place/NAPA+Auto+Parts+-+Collier+Auto+Supply+Inc/data=!4m7!3m6!1s0x87cef50070fc64b9:0x4e2f197d772c79f2!8m2!3d36.240428!4d-93.104884!16s%2Fg%2F1vfn75jx!19sChIJuWT8cAD1zocR8nksd30ZL04?authuser=0&hl=en&rclk=1,auto repair shop,Boone County,county,AR,2026-07-21T20:58:21,0x87cef50070fc64b9:0x4e2f197d772c79f2
Opr Auto Repair,,,,"1007 N Main St, Harrison, AR 72601, United States",1007 N Main St,Harrison,AR,72601,,,Auto repair shop,,,https://www.google.com/maps/place/Opr+Auto+Repair/data=!4m7!3m6!1s0x87cef5432d4d2b93:0x5f3b7b4e43f622d5!8m2!3d36.241223!4d-93.1077285!16s%2Fg%2F11yrwssccg!19sChIJkytNLUP1zocR1SL2Q057O18?authuser=0&hl=en&rclk=1,auto repair shop,Boone County,county,AR,2026-07-21T20:58:21,0x87cef5432d4d2b93:0x5f3b7b4e43f622d5
Protomotive Inc.,(870) 420-3889,https://protomotive.com/,,"HC 33 Box 40B, Harrison, AR 72601, United States",HC 33 Box 40B,Harrison,AR,72601,5.0,42,Auto machine shop,,,https://www.google.com/maps/place/Protomotive+Inc./data=!4m7!3m6!1s0x87ce91e7fb40b68b:0xe8a2945b01b87e34!8m2!3d36.1106956!4d-93.2679983!16s%2Fg%2F11c6_6xvhy!19sChIJi7ZA--eRzocRNH64AVuUoug?authuser=0&hl=en&rclk=1,auto repair shop,Carroll County,county,AR,2026-07-21T21:25:45,0x87ce91e7fb40b68b:0xe8a2945b01b87e34
Rpm,,,,"8480 AR 7, Harrison, AR 72601, United States",8480 AR 7,Harrison,AR,72601,5.0,6,Auto repair shop,,,https://www.google.com/maps/place/Rpm/data=!4m7!3m6!1s0x87ce8a23f6c5d487:0xb9208fb38820681b!8m2!3d36.1420364!4d-93.1225487!16s%2Fg%2F11ddwwv2n7!19sChIJh9TF9iOKzocRG2ggiLOPILk?authuser=0&hl=en&rclk=1,auto repair shop,Boone County,county,AR,2026-07-21T20:58:21,0x87ce8a23f6c5d487:0xb9208fb38820681b
SMB Paintworks,,,,"2122 AR 7, Harrison, AR 72601, United States",2122 AR 7,Harrison,AR,72601,5.0,1,Auto repair shop,,,https://www.google.com/maps/place/SMB+Paintworks/data=!4m7!3m6!1s0x87ce5f0060185c27:0x6860508114296f8d!8m2!3d36.2567189!4d-93.0917698!16s%2Fg%2F11ld2vf9v3!19sChIJJ1wYYABfzocRjW8pFIFQYGg?authuser=0&hl=en&rclk=1,auto repair shop,Boone County,county,AR,2026-07-21T20:58:21,0x87ce5f0060185c27:0x6860508114296f8d
Take 5 Oil Change,(870) 380-1291,https://www.take5.com/locations/oil-change/arkansas/harrison/33012/?utm_source=google&utm_medium=organic&utm_campaign=gbp_website,,"1411 US-65, Harrison, AR 72601, United States",1411 US-65,Harrison,AR,72601,4.4,325,Oil change service,,,https://www.google.com/maps/place/Take+5+Oil+Change/data=!4m7!3m6!1s0x87cef53d6707671d:0xf1ce797e6e8091d0!8m2!3d36.2651507!4d-93.1365781!16s%2Fg%2F11ydbms346!19sChIJHWcHZz31zocR0JGAbn55zvE?authuser=0&hl=en&rclk=1,auto repair shop,Boone County,county,AR,2026-07-21T20:58:21,0x87cef53d6707671d:0xf1ce797e6e8091d0
Walmart Auto Care Center,(870) 365-8411,https://www.walmart.com/store/2-harrison-ar/auto-care-center/?veh=seo_loc,,"161 Wal Mart Dr, Harrison, AR 72601, United States",161 Wal Mart Dr,Harrison,AR,72601,3.4,146,Oil change service,,,https://www.google.com/maps/place/Walmart+Auto+Care+Center/data=!4m7!3m6!1s0x87cef56a4dafe8ed:0x2f157869ed6a9062!8m2!3d36.268977!4d-93.1389147!16s%2Fg%2F1tdb9c76!19sChIJ7eivTWr1zocRYpBq7Wl4FS8?authuser=0&hl=en&rclk=1,auto repair shop,Boone County,county,AR,2026-07-21T20:58:21,0x87cef56a4dafe8ed:0x2f157869ed6a9062
Wood Motor Company INC.,(870) 455-4768,https://www.woodmotorchevy.com/,,"600 US-62 65 N 65 N 65 N, Harrison, AR 72601, United States",600 US-62 65 N 65 N 65 N,Harrison,AR,72601,4.5,1159,Chevrolet dealer,,,https://www.google.com/maps/place/Wood+Motor+Company+INC./data=!4m7!3m6!1s0x87cef56a441ceb8d:0x9b429e28e368927d!8m2!3d36.2460815!4d-93.1143082!16s%2Fg%2F1th0nfhm!19sChIJjescRGr1zocRfZJo4yieQps?authuser=0&hl=en&rclk=1,auto repair shop,Boone County,county,AR,2026-07-21T20:58:21,0x87cef56a441ceb8d:0x9b429e28e368927d
djs Auto,,,,"4782 US-71, Hatfield, AR 71945, United States",4782 US-71,Hatfield,AR,71945,4.0,3,Auto repair shop,,,https://www.google.com/maps/place/djs+Auto/data=!4m7!3m6!1s0x87cb2a67c2c2ab93:0x49d15ecb515aa50d!8m2!3d34.4849153!4d-94.3785695!16s%2Fg%2F1thq176j!19sChIJk6vCwmcqy4cRDaVaUcte0Uk?authuser=0&hl=en&rclk=1,auto repair shop,Bradley County,county,AR,2026-07-21T21:07:13,0x87cb2a67c2c2ab93:0x49d15ecb515aa50d
Auto repair shop,,,,"F2M8+PC2, Heber Springs, AR 72543, United States",F2M8+PC2,Heber Springs,AR,72543,,,Auto repair shop,,,https://www.google.com/maps/place/Auto+repair+shop/data=!4m7!3m6!1s0x87d2495d4f40e627:0x6a91fbde5c9a042a!8m2!3d35.4842625!4d-91.9839844!16s%2Fg%2F11l5ftg0vm!19sChIJJ-ZAT11J0ocRKgSaXN77kWo?authuser=0&hl=en&rclk=1,auto repair shop,Cleburne County,county,AR,2026-07-21T22:10:37,0x87d2495d4f40e627:0x6a91fbde5c9a042a
AutoZone Auto Parts,(501) 206-0723,https://www.autozone.com/locations/ar/heber-springs/2108-hwy-25b-n.html?cmpid=LOC:US:EN:AD:NL:1000000:GEN:2391,,"2108 Hwy 25B, Heber Springs, AR 72543, United States",2108 Hwy 25B,Heber Springs,AR,72543,4.5,204,Auto parts store,,,https://www.google.com/maps/place/AutoZone+Auto+Parts/data=!4m7!3m6!1s0x87d24707b09e49d5:0x9f2f2aaf8137efd9!8m2!3d35.5150164!4d-92.0296009!16s%2Fg%2F1tk23gj_!19sChIJ1UmesAdH0ocR2e83ga8qL58?authuser=0&hl=en&rclk=1,auto repair shop,Cleburne County,county,AR,2026-07-10T15:42:21,0x87d24707b09e49d5:0x9f2f2aaf8137efd9
Chevrolet Service,,,,"100 Trailwood Dr, Heber Springs, AR 72543, United States",100 Trailwood Dr,Heber Springs,AR,72543,4.3,7,Auto repair shop,,,https://www.google.com/maps/place/Chevrolet+Service/data=!4m7!3m6!1s0x87d247074bd01eab:0x5b201bb15b417f37!8m2!3d35.5107492!4d-92.028467!16s%2Fg%2F11fz9wt27z!19sChIJqx7QSwdH0ocRN39BW7EbIFs?authuser=0&hl=en&rclk=1,auto repair shop,Cleburne County,county,AR,2026-07-21T22:10:37,0x87d247074bd01eab:0x5b201bb15b417f37
Louie' s Hot Rod Garage,,,,"188 N 4th St, Heber Springs, AR 72543, United States",188 N 4th St,Heber Springs,AR,72543,3.5,2,Auto repair shop,,,https://www.google.com/maps/place/Louie%27+s+Hot+Rod+Garage/data=!4m7!3m6!1s0x87d246f0b62e7a6d:0xd722780abc914d5f!8m2!3d35.4926674!4d-92.0326557!16s%2Fg%2F11jk3qdb3t!19sChIJbXoutvBG0ocRX02RvAp4Itc?authuser=0&hl=en&rclk=1,auto repair shop,Cleburne County,county,AR,2026-07-21T22:10:37,0x87d246f0b62e7a6d:0xd722780abc914d5f
NAPA Auto Parts - Auto Tire And Parts - Heber Springs Ar,(501) 362-2481,https://www.napaonline.com/en/AR/Heber-Springs/store/27782?cid=pl_jobber_google_dac_27782_ao,,"718 W Main St, Heber Springs, AR 72543, United States",718 W Main St,Heber Springs,AR,72543,4.5,59,Auto parts store,,,https://www.google.com/maps/place/NAPA+Auto+Parts+-+Auto+Tire+And+Parts+-+Heber+Springs+Ar/data=!4m7!3m6!1s0x87d246f026180d05:0xbd41dda24b524a8a!8m2!3d35.492252!4d-92.03746!16s%2Fg%2F1tykvy1s!19sChIJBQ0YJvBG0ocRikpSS6LdQb0?authuser=0&hl=en&rclk=1,auto repair shop,Cleburne County,county,AR,2026-07-21T22:10:37,0x87d246f026180d05:0xbd41dda24b524a8a
"Cajun's Mechanic Shop,LLC,",,,,"18557 Marilyn Dr, Hensley, AR 72065, United States",18557 Marilyn Dr,Hensley,AR,72065,,,Mechanic,,,"https://www.google.com/maps/place/Cajun%27s+Mechanic+Shop,LLC,/data=!4m7!3m6!1s0x87d2b154b67eca99:0xbe7957a5d3ff305b!8m2!3d34.576004!4d-92.2767738!16s%2Fg%2F11z18ksk8v!19sChIJmcp-tlSx0ocRWzD_06VXeb4?authuser=0&hl=en&rclk=1",auto repair shop,Calhoun County,county,AR,2026-07-21T21:13:59,0x87d2b154b67eca99:0xbe7957a5d3ff305b
Shell Lake Diesel,,,,"732 AR-149, Heth, AR 72346, United States",732 AR-149,Heth,AR,72346,4.4,9,Truck repair shop,,,https://www.google.com/maps/place/Shell+Lake+Diesel/data=!4m7!3m6!1s0x87d5077bfc9a4a7d:0xd80650605743cc1d!8m2!3d35.1393895!4d-90.4889506!16s%2Fg%2F11twkfbpr2!19sChIJfUqa_HsH1YcRHcxDV2BQBtg?authuser=0&hl=en&rclk=1,auto repair shop,Cross County,county,AR,2026-07-21T23:22:02,0x87d5077bfc9a4a7d:0xd80650605743cc1d
Body Shop Supplies Inc,(870) 856-3231,,,"1652 US-62, Highland, AR 72542, United States",1652 US-62,Highland,AR,72542,4.9,24,Auto parts store,,,https://www.google.com/maps/place/Body+Shop+Supplies+Inc/data=!4m7!3m6!1s0x87d11549fd716c7d:0x62910eca9780bf7c!8m2!3d36.2593917!4d-91.5404815!16s%2Fg%2F1v3_36gp!19sChIJfWxx_UkV0YcRfL-Al8oOkWI?authuser=0&hl=en&rclk=1,auto repair shop,Fulton County,county,AR,2026-07-21T23:49:30,0x87d11549fd716c7d:0x62910eca9780bf7c
"RELIABLE TOW AND RECOVERY, INC",(870) 636-1471,https://reliabletowandrecoveryinc.com/,,"1344 US-62, Highland, AR 72542, United States",1344 US-62,Highland,AR,72542,4.7,12,Towing service,,,"https://www.google.com/maps/place/RELIABLE+TOW+AND+RECOVERY,+INC/data=!4m7!3m6!1s0x87d16b9200bb3e37:0x62ba09ff74ef6c83!8m2!3d36.2598294!4d-91.5536524!16s%2Fg%2F11vbw2t3f5!19sChIJNz67AJJr0YcRg2zvdP8JumI?authuser=0&hl=en&rclk=1",auto repair shop,Fulton County,county,AR,2026-07-21T23:49:30,0x87d16b9200bb3e37:0x62ba09ff74ef6c83
BALLARDS AUTO REPAIR,,,,"6057 Hwy 67 E, Hope, AR 71801, United States",6057 Hwy 67 E,Hope,AR,71801,,,Auto repair shop,,,https://www.google.com/maps/place/BALLARDS+AUTO+REPAIR/data=!4m7!3m6!1s0x86339d001d1c0a39:0x61ed186982baf578!8m2!3d33.6963441!4d-93.5375226!16s%2Fg%2F11xlzqgrkf!19sChIJOQocHQCdM4YRePW6gmkY7WE?authuser=0&hl=en&rclk=1,auto repair shop,Hempstead County,county,AR,2026-07-22T00:17:11,0x86339d001d1c0a39:0x61ed186982baf578
Goodyear Commercial Tire & Service Centers,(870) 777-2325,http://www.goodyearctsc.com/,,"3081 AR-32 North, Hope, AR 71801, United States",3081 AR-32 North,Hope,AR,71801,4.7,47,Tire shop,,,https://www.google.com/maps/place/Goodyear+Commercial+Tire+%26+Service+Centers/data=!4m7!3m6!1s0x863382e67339de05:0xa8d3365a8679be01!8m2!3d33.7069457!4d-93.6058548!16s%2Fg%2F11bc740dvf!19sChIJBd45c-aCM4YRAb55hlo206g?authuser=0&hl=en&rclk=1,auto repair shop,Nevada County,county,AR,2026-07-22T02:21:33,0x863382e67339de05:0xa8d3365a8679be01
KD Truck and Trailer Repair Inc.,(870) 777-7503,https://www.k-dtruckandtrailerrepair.com/,,"3091 AR-32, Hope, AR 71801, United States",3091 AR-32,Hope,AR,71801,4.0,84,Truck repair shop,,,https://www.google.com/maps/place/KD+Truck+and+Trailer+Repair+Inc./data=!4m7!3m6!1s0x863382e68aa28fcf:0xfdec5a6987162244!8m2!3d33.707553!4d-93.605477!16s%2Fg%2F1tj52zdt!19sChIJz4-iiuaCM4YRRCIWh2la7P0?authuser=0&hl=en&rclk=1,auto repair shop,Nevada County,county,AR,2026-07-22T02:21:33,0x863382e68aa28fcf:0xfdec5a6987162244
Pine Park Transmissions Inc,(870) 777-2411,,,"1306 Pine Park Dr, Hope, AR 71801, United States",1306 Pine Park Dr,Hope,AR,71801,4.6,23,Transmission shop,,,https://www.google.com/maps/place/Pine+Park+Transmissions+Inc/data=!4m7!3m6!1s0x863383157bddac59:0xabdfb70fe7c090af!8m2!3d33.6796476!4d-93.6015712!16s%2Fg%2F1tx47dzn!19sChIJWazdexWDM4YRr5DA5w-336s?authuser=0&hl=en&rclk=1,auto repair shop,Nevada County,county,AR,2026-07-22T02:21:33,0x863383157bddac59:0xabdfb70fe7c090af
"Still's Auto Service, Inc.",(870) 777-3281,http://stills-inc.poi.place/,,"300 S Washington St, Hope, AR 71801, United States",300 S Washington St,Hope,AR,71801,4.4,58,Auto repair shop,,,"https://www.google.com/maps/place/Still%27s+Auto+Service,+Inc./data=!4m7!3m6!1s0x8633835cda709d55:0xc1b1fb0cccf1a9bb!8m2!3d33.6651364!4d-93.5988255!16s%2Fg%2F1tdzx2g9!19sChIJVZ1w2lyDM4YRu6nxzAz7scE?authuser=0&hl=en&rclk=1",auto repair shop,Ashley County,county,AR,2026-07-21T20:25:48,0x8633835cda709d55:0xc1b1fb0cccf1a9bb
Bismarck Auto Repair Inc,(501) 467-2559,,,"5611 Central Ave, Hot Springs, AR 71913, United States",5611 Central Ave,Hot Springs,AR,71913,,,Auto repair shop,,,https://www.google.com/maps/place/Bismarck+Auto+Repair+Inc/data=!4m7!3m6!1s0x8632d5ce333fb97b:0x252345365413c012!8m2!3d34.4209124!4d-93.0975062!16s%2Fg%2F11sy3chcgt!19sChIJe7k_M87VMoYREsATVDZFIyU?authuser=0&hl=en&rclk=1,auto repair shop,Hot Spring County,county,AR,2026-07-22T00:23:09,0x8632d5ce333fb97b:0x252345365413c012
Eastside Garage & Marine Service,,,,"1214 E Grand Ave, Hot Springs, AR 71901, United States",1214 E Grand Ave,Hot Springs,AR,71901,5.0,5,Auto repair shop,,,https://www.google.com/maps/place/Eastside+Garage+%26+Marine+Service/data=!4m7!3m6!1s0x87cd2b63455ca35d:0x207a7c6376e90adb!8m2!3d34.5177713!4d-93.0363881!16s%2Fg%2F11t0m4mxj_!19sChIJXaNcRWMrzYcR2wrpdmN8eiA?authuser=0&hl=en&rclk=1,auto repair shop,Garland County,county,AR,2026-07-21T23:57:56,0x87cd2b63455ca35d:0x207a7c6376e90adb
Grant`s Auto Works,,,,"106 Lancer Ct, Hot Springs, AR 71913, United States",106 Lancer Ct,Hot Springs,AR,71913,,,Auto repair shop,,,https://www.google.com/maps/place/Grant%60s+Auto+Works/data=!4m7!3m6!1s0x87ccd57976eee12f:0x543a9d30defce573!8m2!3d34.5066326!4d-93.1236387!16s%2Fg%2F11qb9fy8j3!19sChIJL-HudnnVzIcRc-X83jCdOlQ?authuser=0&hl=en&rclk=1,auto repair shop,Montgomery County,county,AR,2026-07-22T02:12:44,0x87ccd57976eee12f:0x543a9d30defce573
"Holcomb's Transport & Recovery, Inc.",(501) 767-9999,http://holcombstransportinc.com/,,"2281 Airport Rd, Hot Springs, AR 71913, United States",2281 Airport Rd,Hot Springs,AR,71913,4.4,220,Towing service,,,"https://www.google.com/maps/place/Holcomb%27s+Transport+%26+Recovery,+Inc./data=!4m7!3m6!1s0x86332b4624cc19b3:0x37e59271cee94d5d!8m2!3d34.4545645!4d-93.1650012!16s%2Fg%2F1tdb9601!19sChIJsxnMJEYrM4YRXU3pznGS5Tc?authuser=0&hl=en&rclk=1",auto repair shop,Garland County,county,AR,2026-07-21T23:57:56,0x86332b4624cc19b3:0x37e59271cee94d5d
Hot Rod's Repair Shop,,,,"1024 N Hwy 7, Hot Springs, AR 71909, United States",1024 N Hwy 7,Hot Springs,AR,71909,4.3,7,Auto repair shop,,,https://www.google.com/maps/place/Hot+Rod%27s+Repair+Shop/data=!4m7!3m6!1s0x87cd2ec347c66a4d:0xa700051abd791835!8m2!3d34.5928332!4d-93.001425!16s%2Fg%2F11h1v9wb4_!19sChIJTWrGR8MuzYcRNRh5vRoFAKc?authuser=0&hl=en&rclk=1,auto repair shop,Hot Spring County,county,AR,2026-07-22T00:23:09,0x87cd2ec347c66a4d:0xa700051abd791835
Johnny’s Auto Performance,,,,"110 Stonewall St, Hot Springs, AR 71913, United States",110 Stonewall St,Hot Springs,AR,71913,5.0,1,Auto repair shop,,,https://www.google.com/maps/place/Johnny%E2%80%99s+Auto+Performance/data=!4m7!3m6!1s0x87cd2b3736b2a6ed:0x3331dd006247c81b!8m2!3d34.4799499!4d-93.1029266!16s%2Fg%2F11sk4j236l!19sChIJ7aayNjcrzYcRG8hHYgDdMTM?authuser=0&hl=en&rclk=1,auto repair shop,Montgomery County,county,AR,2026-07-22T02:12:44,0x87cd2b3736b2a6ed:0x3331dd006247c81b
"Lone Wolf Auto Body & Paint, Inc",(501) 767-1871,,,"National Park, 107 Worthey Trail, Hot Springs, AR 71913, United States","National Park, 107 Worthey Trail",Hot Springs,AR,71913,4.6,61,Auto body shop,,,"https://www.google.com/maps/place/Lone+Wolf+Auto+Body+%26+Paint,+Inc/data=!4m7!3m6!1s0x86332ce84b537b35:0x77a56b0e3df3e505!8m2!3d34.4533362!4d-93.1710421!16s%2Fg%2F1tfcnqg4!19sChIJNXtTS-gsM4YRBeXzPQ5rpXc?authuser=0&hl=en&rclk=1",auto repair shop,Garland County,county,AR,2026-07-21T23:57:56,0x86332ce84b537b35:0x77a56b0e3df3e505
Master Tech Automotive Inc.,(501) 623-3237,,,"116 Vasseur Alley, Hot Springs, AR 71913, United States",116 Vasseur Alley,Hot Springs,AR,71913,4.4,59,Auto repair shop,,,https://www.google.com/maps/place/Master+Tech+Automotive+Inc./data=!4m7!3m6!1s0x87cd2a98e819ae19:0xed6808d80d20855f!8m2!3d34.494803!4d-93.0911704!16s%2Fg%2F1tlwg552!19sChIJGa4Z6JgqzYcRX4UgDdgIaO0?authuser=0&hl=en&rclk=1,auto repair shop,Garland County,county,AR,2026-07-21T23:57:56,0x87cd2a98e819ae19:0xed6808d80d20855f
Midas,(501) 625-9833,https://www.midas.com/store/ar/hot-springs/4536-central-avenue-71913/?shopnum=5681&utm_source=google&utm_medium=organic&utm_campaign=gbp,,"4536 Central Ave, Hot Springs, AR 71913, United States",4536 Central Ave,Hot Springs,AR,71913,4.3,410,Auto repair shop,,,https://www.google.com/maps/place/Midas/data=!4m7!3m6!1s0x8632d541a19b4cb9:0x40f077208f5fe40f!8m2!3d34.4501226!4d-93.0813936!16s%2Fg%2F1tfc2czb!19sChIJuUyboUHVMoYRD-RfjyB38EA?authuser=0&hl=en&rclk=1,auto repair shop,Garland County,county,AR,2026-07-21T23:57:56,0x8632d541a19b4cb9:0x40f077208f5fe40f
"Star Windshield, Inc.",(501) 525-1504,https://starwindshieldar.com/,,"225 Buena Vista Rd, Hot Springs, AR 71913, United States",225 Buena Vista Rd,Hot Springs,AR,71913,4.7,172,Auto glass shop,,,"https://www.google.com/maps/place/Star+Windshield,+Inc./data=!4m7!3m6!1s0x8632d527781e34c1:0xfb0263f1f4170365!8m2!3d34.4567733!4d-93.0573041!16s%2Fg%2F1tczf84r!19sChIJwTQeeCfVMoYRZQMX9PFjAvs?authuser=0&hl=en&rclk=1",auto repair shop,Garland County,county,AR,2026-07-21T23:57:56,0x8632d527781e34c1:0xfb0263f1f4170365
Stroope Tire Inc.,(501) 624-5484,,,"317 Ouachita Ave, Hot Springs, AR 71901, United States",317 Ouachita Ave,Hot Springs,AR,71901,4.5,208,Tire shop,,,https://www.google.com/maps/place/Stroope+Tire+Inc./data=!4m7!3m6!1s0x87cd2b0266b4729f:0xe1d5c5429565e940!8m2!3d34.5065814!4d-93.0566838!16s%2Fg%2F1td4f27c!19sChIJn3K0ZgIrzYcRQOlllULF1eE?authuser=0&hl=en&rclk=1,auto repair shop,Hot Spring County,county,AR,2026-07-22T00:23:09,0x87cd2b0266b4729f:0xe1d5c5429565e940
Walmart Auto Care Center,(501) 525-4429,https://www.walmart.com/store/261-hot-springs-ar/auto-care-center/?veh=seo_loc,,"4019 Central Ave, Hot Springs, AR 71913, United States",4019 Central Ave,Hot Springs,AR,71913,3.9,180,Oil change service,,,https://www.google.com/maps/place/Walmart+Auto+Care+Center/data=!4m7!3m6!1s0x8632d526b0f99403:0x17eb660969d75002!8m2!3d34.4544255!4d-93.0607501!16s%2Fg%2F1tflsc_s!19sChIJA5T5sCbVMoYRAlDXaQlm6xc?authuser=0&hl=en&rclk=1,auto repair shop,Garland County,county,AR,2026-07-21T23:57:56,0x8632d526b0f99403:0x17eb660969d75002
"John Gibson Auto Sales, Inc.",(501) 767-8455,http://www.johngibsonautosales.com/,,"1425 Airport Rd, Hot Springs National Park, AR 71913, United States",1425 Airport Rd,Hot Springs National Park,AR,71913,4.5,2269,Car dealer,,,"https://www.google.com/maps/place/John+Gibson+Auto+Sales,+Inc./data=!4m7!3m6!1s0x87ccd52c9ec55c79:0xf52cfc5f91364419!8m2!3d34.4699946!4d-93.1317018!16s%2Fg%2F1thlnlz7!19sChIJeVzFnizVzIcRGUQ2kV_8LPU?authuser=0&hl=en&rclk=1",auto repair shop,Garland County,county,AR,2026-07-21T23:57:56,0x87ccd52c9ec55c79:0xf52cfc5f91364419
Mid America Collision Repair & Sales Inc.,(501) 625-1927,http://www.midamericacollision.com/,,"778 Mid America Blvd, Hot Springs National Park, AR 71913, United States",778 Mid America Blvd,Hot Springs National Park,AR,71913,4.9,107,Auto body shop,,,https://www.google.com/maps/place/Mid+America+Collision+Repair+%26+Sales+Inc./data=!4m7!3m6!1s0x87ccd5a60aad96cd:0x41080b6dddfe1904!8m2!3d34.5198293!4d-93.1235968!16s%2Fg%2F1pzrt3f2k!19sChIJzZatCqbVzIcRBBn-3W0LCEE?authuser=0&hl=en&rclk=1,auto repair shop,Garland County,county,AR,2026-07-21T23:57:56,0x87ccd5a60aad96cd:0x41080b6dddfe1904
Barnhill's Body Shop,,,,"2113 Hwy 63b, Hoxie, AR 72433, United States",2113 Hwy 63b,Hoxie,AR,72433,4.0,4,Auto repair shop,,,https://www.google.com/maps/place/Barnhill%27s+Body+Shop/data=!4m7!3m6!1s0x87d6a4942803226d:0x2b4312fd65aa1b2a!8m2!3d36.0600937!4d-90.9964433!16s%2Fg%2F11k5lrx0_0!19sChIJbSIDKJSk1ocRKhuqZf0SQys?authuser=0&hl=en&rclk=1,auto repair shop,Randolph County,county,AR,2026-07-22T03:28:16,0x87d6a4942803226d:0x2b4312fd65aa1b2a
J&M Small Engine Repair,,,,"169 Madison 8965, Huntsville, AR 72740, United States",169 Madison 8965,Huntsville,AR,72740,,,Auto repair shop,,,https://www.google.com/maps/place/J%26M+Small+Engine+Repair/data=!4m7!3m6!1s0x87ceb5002b57329f:0xc7873345c26cb51a!8m2!3d36.1801389!4d-93.723218!16s%2Fg%2F11x71b60tr!19sChIJnzJXKwC1zocRGrVswkUzh8c?authuser=0&hl=en&rclk=1,auto repair shop,Carroll County,county,AR,2026-07-21T21:25:45,0x87ceb5002b57329f:0xc7873345c26cb51a
Morgan Diesel,,,,"10605 US-62, Imboden, AR 72434, United States",10605 US-62,Imboden,AR,72434,5.0,1,Diesel engine repair service,,,https://www.google.com/maps/place/Morgan+Diesel/data=!4m7!3m6!1s0x87d6b5002a1295e1:0x3f3d3b85c585de99!8m2!3d36.2301178!4d-91.1369887!16s%2Fg%2F11vt5ttdv7!19sChIJ4ZUSKgC11ocRmd6FxYU7PT8?authuser=0&hl=en&rclk=1,auto repair shop,Randolph County,county,AR,2026-07-22T03:28:16,0x87d6b5002a1295e1:0x3f3d3b85c585de99
Firestone Complete Auto Care,(501) 340-0979,https://www.firestonecompleteautocare.com/arkansas/jacksonville/1006-w-main-st/?utm_source=google&utm_medium=organic&utm_campaign=localmaps&cmp=oloc_google_localmaps_maps,,"1006 W Main St, Jacksonville, AR 72076, United States",1006 W Main St,Jacksonville,AR,72076,4.4,393,Tire shop,,,https://www.google.com/maps/place/Firestone+Complete+Auto+Care/data=!4m7!3m6!1s0x87d2eaeb5e7922a1:0xe4b96289c3b3e9d5!8m2!3d34.8673005!4d-92.1208389!16s%2Fg%2F1wnf1l5k!19sChIJoSJ5Xuvq0ocR1emzw4liueQ?authuser=0&hl=en&rclk=1,auto repair shop,Prairie County,county,AR,2026-07-22T03:14:02,0x87d2eaeb5e7922a1:0xe4b96289c3b3e9d5
Mobile mechanic,,,,"27 Forestry Rd I'd, Jerusalem, AR 72080, United States",27 Forestry Rd I'd,Jerusalem,AR,72080,,,Auto repair shop,,,https://www.google.com/maps/place/Mobile+mechanic/data=!4m7!3m6!1s0x87cdbd0072a24451:0xf2eacb3006ae7aa1!8m2!3d35.4072054!4d-92.8174301!16s%2Fg%2F11ytd8j5l3!19sChIJUUSicgC9zYcRoXquBjDL6vI?authuser=0&hl=en&rclk=1,auto repair shop,Dallas County,county,AR,2026-07-21T23:27:20,0x87cdbd0072a24451:0xf2eacb3006ae7aa1
Affordable auto repair,,,,"Haven St, Jonesboro, AR 72401, United States",Haven St,Jonesboro,AR,72401,,,Auto repair shop,,,https://www.google.com/maps/place/Affordable+auto+repair/data=!4m7!3m6!1s0x87d429003fb5fe4b:0x441d8182ca270fc1!8m2!3d35.8305855!4d-90.7089002!16s%2Fg%2F11vr9ygj0q!19sChIJS_61PwAp1IcRwQ8nyoKBHUQ?authuser=0&hl=en&rclk=1,auto repair shop,Craighead County,county,AR,2026-07-21T22:43:09,0x87d429003fb5fe4b:0x441d8182ca270fc1
Big Wheel Customs,,,,"4608 Distribution Dr, Jonesboro, AR 72401, United States",4608 Distribution Dr,Jonesboro,AR,72401,4.7,12,Tire shop,,,https://www.google.com/maps/place/Big+Wheel+Customs/data=!4m7!3m6!1s0x87d429e8f019d5b7:0x317b87ae96288c3d!8m2!3d35.8081031!4d-90.6427943!16s%2Fg%2F11h29xhzp2!19sChIJt9UZ8Ogp1IcRPYwolq6HezE?authuser=0&hl=en&rclk=1,auto repair shop,Craighead County,county,AR,2026-07-21T22:43:09,0x87d429e8f019d5b7:0x317b87ae96288c3d
Firestone Complete Auto Care,(870) 520-7653,https://www.firestonecompleteautocare.com/arkansas/jonesboro/2106-wilkins-ave/?utm_source=google&utm_medium=organic&utm_campaign=localmaps&cmp=oloc_google_localmaps_maps,,"2106 Wilkins Ave, Jonesboro, AR 72401, United States",2106 Wilkins Ave,Jonesboro,AR,72401,3.8,385,Tire shop,,,https://www.google.com/maps/place/Firestone+Complete+Auto+Care/data=!4m7!3m6!1s0x87d42eaac2182387:0x39ccfe4f449ce394!8m2!3d35.8251895!4d-90.6796507!16s%2Fg%2F1td9f8qk!19sChIJhyMYwqou1IcRlOOcRE_-zDk?authuser=0&hl=en&rclk=1,auto repair shop,Craighead County,county,AR,2026-07-21T22:43:09,0x87d42eaac2182387:0x39ccfe4f449ce394
Huntington Avenue Auto Services,,,,"608 W Huntington Ave, Jonesboro, AR 72401, United States",608 W Huntington Ave,Jonesboro,AR,72401,2.0,3,Transmission shop,,,https://www.google.com/maps/place/Huntington+Avenue+Auto+Services/data=!4m7!3m6!1s0x87d429269eca8573:0xb29ced4c606676cd!8m2!3d35.8406889!4d-90.7108056!16s%2Fg%2F113j9x3kk!19sChIJc4XKniYp1IcRzXZmYEztnLI?authuser=0&hl=en&rclk=1,auto repair shop,Craighead County,county,AR,2026-07-21T22:43:09,0x87d429269eca8573:0xb29ced4c606676cd
Jiffy Lube Oil Change,(870) 641-7220,https://www.jiffylube.com/locations/ar/jonesboro/4157,,"816 E Parker Rd, Jonesboro, AR 72404, United States",816 E Parker Rd,Jonesboro,AR,72404,4.8,1078,Oil change service,,,https://www.google.com/maps/place/Jiffy+Lube+Oil+Change/data=!4m7!3m6!1s0x87d42f4f397eafb7:0x5b4a1c0862d90438!8m2!3d35.8044563!4d-90.6997055!16s%2Fg%2F11kj3mk1dw!19sChIJt69-OU8v1IcROATZYggcSls?authuser=0&hl=en&rclk=1,auto repair shop,Craighead County,county,AR,2026-07-21T22:43:09,0x87d42f4f397eafb7:0x5b4a1c0862d90438
NAPA Auto Parts - Auto Tire and Parts,(870) 935-5558,https://www.napaonline.com/en/AR/Jonesboro/store/26860?cid=pl_jobber_google_dac_26860_ao,,"1910 S Church St, Jonesboro, AR 72401, United States",1910 S Church St,Jonesboro,AR,72401,4.5,94,Auto parts store,,,https://www.google.com/maps/place/NAPA+Auto+Parts+-+Auto+Tire+and+Parts/data=!4m7!3m6!1s0x87d42ecdb8387d13:0x4e3135429db09be0!8m2!3d35.821983!4d-90.70431!16s%2Fg%2F11bbrkh98v!19sChIJE304uM0u1IcR4JuwnUI1MU4?authuser=0&hl=en&rclk=1,auto repair shop,Jonesboro,city,AR,2026-07-22T05:11:40,0x87d42ecdb8387d13:0x4e3135429db09be0
Pennzoil,,https://www.pennzoil.com/,,"2221 Grant Ave, Jonesboro, AR 72401, United States",2221 Grant Ave,Jonesboro,AR,72401,4.4,28,Auto repair shop,,,https://www.google.com/maps/place/Pennzoil/data=!4m7!3m6!1s0x87d42ea9b2682d0d:0xa1d7de9527ab3e4a!8m2!3d35.8181199!4d-90.6790013!16s%2Fg%2F11glwxpffm!19sChIJDS1osqku1IcRSj6rJ5Xe16E?authuser=0&hl=en&rclk=1,auto repair shop,Jonesboro,city,AR,2026-07-22T05:11:40,0x87d42ea9b2682d0d:0xa1d7de9527ab3e4a
Robbins Auto Repair,,,,"5217 AR-1, Jonesboro, AR 72404, United States",5217 AR-1,Jonesboro,AR,72404,,,Auto repair shop,,,https://www.google.com/maps/place/Robbins+Auto+Repair/data=!4m7!3m6!1s0x87d42f78db9d8319:0x2639630cea326eff!8m2!3d35.75006!4d-90.6911973!16s%2Fg%2F11xmmnczzj!19sChIJGYOd23gv1IcR_24y6gxjOSY?authuser=0&hl=en&rclk=1,auto repair shop,Poinsett County,county,AR,2026-07-22T02:54:49,0x87d42f78db9d8319:0x2639630cea326eff
Smith Tire & Auto Inc,(870) 268-1800,,,"4218 E Johnson Ave, Jonesboro, AR 72401, United States",4218 E Johnson Ave,Jonesboro,AR,72401,4.3,137,Tire shop,,,https://www.google.com/maps/place/Smith+Tire+%26+Auto+Inc/data=!4m7!3m6!1s0x87d42baef9c8db5d:0x57870274a40a5823!8m2!3d35.8629437!4d-90.6461862!16s%2Fg%2F1tdbljnn!19sChIJXdvI-a4r1IcRI1gKpHQCh1c?authuser=0&hl=en&rclk=1,auto repair shop,Craighead County,county,AR,2026-07-21T22:43:09,0x87d42baef9c8db5d:0x57870274a40a5823
Take 5 Oil Change,(870) 277-4260,https://www.take5.com/locations/oil-change/arkansas/jonesboro/30675/?utm_source=google&utm_medium=organic&utm_campaign=gbp_website,,"3003 E Nettleton Ave, Jonesboro, AR 72401, United States",3003 E Nettleton Ave,Jonesboro,AR,72401,4.4,1028,Oil change service,,,https://www.google.com/maps/place/Take+5+Oil+Change/data=!4m7!3m6!1s0x87d42bf9b50b1d9f:0x33d35e4141a37095!8m2!3d35.8283875!4d-90.6683003!16s%2Fg%2F11rg8cg56q!19sChIJnx0Ltfkr1IcRlXCjQUFe0zM?authuser=0&hl=en&rclk=1,auto repair shop,Jonesboro,city,AR,2026-07-22T05:11:40,0x87d42bf9b50b1d9f:0x33d35e4141a37095
Three Star Automotive Inc,(870) 972-0960,https://m.facebook.com/ThreeStarAutomotive/,,"1210 E Johnson Ave, Jonesboro, AR 72401, United States",1210 E Johnson Ave,Jonesboro,AR,72401,4.7,83,Auto repair shop,,,https://www.google.com/maps/place/Three+Star+Automotive+Inc/data=!4m7!3m6!1s0x87d4294236d586cd:0xf8a92e30f4a579c!8m2!3d35.845616!4d-90.690639!16s%2Fg%2F1thsrxz3!19sChIJzYbVNkIp1IcRnFdKD-OSig8?authuser=0&hl=en&rclk=1,auto repair shop,Craighead County,county,AR,2026-07-21T22:43:09,0x87d4294236d586cd:0xf8a92e30f4a579c
Walmart Auto Care Center,(870) 931-5012,https://www.walmart.com/store/45-jonesboro-ar/auto-care-center/?veh=seo_loc,,"1815 E Highland Dr, Jonesboro, AR 72401, United States",1815 E Highland Dr,Jonesboro,AR,72401,3.7,187,Oil change service,,,https://www.google.com/maps/place/Walmart+Auto+Care+Center/data=!4m7!3m6!1s0x87d42eaddb817ebd:0x781b4bbb678ee399!8m2!3d35.8189262!4d-90.6862605!16s%2Fg%2F1v75sfsm!19sChIJvX6B260u1IcRmeOOZ7tLG3g?authuser=0&hl=en&rclk=1,auto repair shop,Craighead County,county,AR,2026-07-21T22:43:09,0x87d42eaddb817ebd:0x781b4bbb678ee399
Walmart Auto Care Center,(870) 203-7062,https://www.walmart.com/store/128-jonesboro-ar/auto-care-center/?veh=seo_loc,,"1911 W Parker Rd, Jonesboro, AR 72404, United States",1911 W Parker Rd,Jonesboro,AR,72404,3.1,79,Oil change service,,,https://www.google.com/maps/place/Walmart+Auto+Care+Center/data=!4m7!3m6!1s0x87d42f3769490869:0xca8929bb3af2372e!8m2!3d35.8160699!4d-90.7340126!16s%2Fg%2F1tmpfglh!19sChIJaQhJaTcv1IcRLjfyOrspico?authuser=0&hl=en&rclk=1,auto repair shop,Jonesboro,city,AR,2026-07-22T05:11:40,0x87d42f3769490869:0xca8929bb3af2372e
Shane’s Tire and Auto Inc.,(501) 827-9366,https://shanestire.vercel.app/,,"207 W Dandridge St, Kensett, AR 72082, United States",207 W Dandridge St,Kensett,AR,72082,5.0,10,Tire shop,,,https://www.google.com/maps/place/Shane%E2%80%99s+Tire+and+Auto+Inc./data=!4m7!3m6!1s0x87d3a7481bacd261:0x868480e1cef945ee!8m2!3d35.231633!4d-91.669389!16s%2Fg%2F11xnw05qry!19sChIJYdKsG0in04cR7kX5zuGAhIY?authuser=0&hl=en&rclk=1,auto repair shop,Searcy County,county,AR,2026-07-22T03:49:16,0x87d3a7481bacd261:0x868480e1cef945ee
NAPA Auto Parts - Livingston Auto & Farm Supply,(870) 265-5546,https://www.napaonline.com/en/AR/Lake-Village/store/24590?cid=pl_jobber_google_dac_24590_ao,,"724 Hwy 65 & 82 South, Lake Village, AR 71653, United States",724 Hwy 65 & 82 South,Lake Village,AR,71653,4.7,15,Auto parts store,,,https://www.google.com/maps/place/NAPA+Auto+Parts+-+Livingston+Auto+%26+Farm+Supply/data=!4m7!3m6!1s0x862c0ecb90118363:0xf735c96e080eedaa!8m2!3d33.325564!4d-91.292973!16s%2Fg%2F1tmpf95l!19sChIJY4MRkMsOLIYRqu0OCG7JNfc?authuser=0&hl=en&rclk=1,auto repair shop,Chicot County,county,AR,2026-07-21T21:32:57,0x862c0ecb90118363:0xf735c96e080eedaa
O'Reilly Auto Parts,(870) 265-2654,https://locations.oreillyauto.com/en-us/ar/lakevillage/autoparts-1641.html,,"633 Southside St #65/82, Lake Village, AR 71653, United States",633 Southside St #65/82,Lake Village,AR,71653,4.5,82,Auto parts store,,,https://www.google.com/maps/place/O%27Reilly+Auto+Parts/data=!4m7!3m6!1s0x862c0ecd986a2d8b:0x39c556374aa709a8!8m2!3d33.3260184!4d-91.2913984!16s%2Fg%2F1twyzxsv!19sChIJiy1qmM0OLIYRqAmnSjdWxTk?authuser=0&hl=en&rclk=1,auto repair shop,Chicot County,county,AR,2026-07-10T15:11:00,0x862c0ecd986a2d8b:0x39c556374aa709a8
Wayne Edwards Parts & Services Inc,(870) 265-3061,,,"444 Chicago Blvd, Lake Village, AR 71653, United States",444 Chicago Blvd,Lake Village,AR,71653,3.3,58,Auto repair shop,,,https://www.google.com/maps/place/Wayne+Edwards+Parts+%26+Services+Inc/data=!4m7!3m6!1s0x862c09522d6b311d:0xf6a729f4f663261e!8m2!3d33.3327908!4d-91.2852302!16s%2Fg%2F1261xmt0y!19sChIJHTFrLVIJLIYRHiZj9vQpp_Y?authuser=0&hl=en&rclk=1,auto repair shop,Ashley County,county,AR,2026-07-21T20:25:48,0x862c09522d6b311d:0xf6a729f4f663261e
The Off Road Company Of The Ozarks,,,,"4832 AR-178, Lakeview, AR 72642, United States",4832 AR-178,Lakeview,AR,72642,,,Auto repair shop,,,https://www.google.com/maps/place/The+Off+Road+Company+Of+The+Ozarks/data=!4m7!3m6!1s0x87ce270039e3ce0d:0x277b9395e4538697!8m2!3d36.3776909!4d-92.5309825!16s%2Fg%2F11vxjh5z1z!19sChIJDc7jOQAnzocRl4ZT5JWTeyc?authuser=0&hl=en&rclk=1,auto repair shop,Baxter County,county,AR,2026-07-21T20:37:48,0x87ce270039e3ce0d:0x277b9395e4538697
CoonTuned Garage,,,,"978 Co Rd 2641, Lamar, AR 72846, United States",978 Co Rd 2641,Lamar,AR,72846,5.0,1,Repair service,,,https://www.google.com/maps/place/CoonTuned+Garage/data=!4m7!3m6!1s0x87cc41a377e96839:0xd88e069034c685f6!8m2!3d35.457334!4d-93.3622206!16s%2Fg%2F11rh9z7_6n!19sChIJOWjpd6NBzIcR9oXGNJAGjtg?authuser=0&hl=en&rclk=1,auto repair shop,Johnson County,county,AR,2026-07-22T00:56:11,0x87cc41a377e96839:0xd88e069034c685f6
Parts 69,,,,"21564 US-62, Lincoln, AR 72744, United States",21564 US-62,Lincoln,AR,72744,,,Auto repair shop,,,https://www.google.com/maps/place/Parts+69/data=!4m7!3m6!1s0x87c979002e8b54bf:0xe63e1c1423089e9f!8m2!3d35.9512948!4d-94.3783079!16s%2Fg%2F11wj8t6cpf!19sChIJv1SLLgB5yYcRn54IIxQcPuY?authuser=0&hl=en&rclk=1,auto repair shop,Lincoln County,county,AR,2026-07-22T01:17:53,0x87c979002e8b54bf:0xe63e1c1423089e9f
Clark's Foreign Car Inc,(501) 868-1018,https://clarksforeigncarinc.shop/,,"6123 Buz Ln, Little Rock, AR 72223, United States",6123 Buz Ln,Little Rock,AR,72223,4.9,17,Auto repair shop,,,https://www.google.com/maps/place/Clark%27s+Foreign+Car+Inc/data=!4m7!3m6!1s0x87d2ac31757c6d6b:0x5f2f03cfb74b3623!8m2!3d34.8107073!4d-92.4748083!16s%2Fg%2F12635zrsr!19sChIJa218dTGs0ocRIzZLt88DL18?authuser=0&hl=en&rclk=1,auto repair shop,Little Rock,city,AR,2026-07-22T04:51:17,0x87d2ac31757c6d6b:0x5f2f03cfb74b3623
Firestone Complete Auto Care,(501) 214-0983,https://www.firestonecompleteautocare.com/arkansas/little-rock/7426-cantrell-rd/?utm_source=google&utm_medium=organic&utm_campaign=localmaps&cmp=oloc_google_localmaps_maps,,"7426 Cantrell Rd, Little Rock, AR 72207, United States",7426 Cantrell Rd,Little Rock,AR,72207,4.0,486,Tire shop,,,https://www.google.com/maps/place/Firestone+Complete+Auto+Care/data=!4m7!3m6!1s0x87d2a396555982ff:0x332385a7d0ca07ae!8m2!3d34.7715017!4d-92.3565778!16s%2Fg%2F1vgx18wn!19sChIJ_4JZVZaj0ocRrgfK0KeFIzM?authuser=0&hl=en&rclk=1,auto repair shop,Little Rock,city,AR,2026-07-22T04:51:17,0x87d2a396555982ff:0x332385a7d0ca07ae
Firestone Complete Auto Care,(501) 712-5201,https://www.firestonecompleteautocare.com/arkansas/little-rock/920-w-3rd-st/?utm_source=google&utm_medium=organic&utm_campaign=localmaps&cmp=oloc_google_localmaps_maps,,"920 W 3rd St, Little Rock, AR 72201, United States",920 W 3rd St,Little Rock,AR,72201,4.2,491,Tire shop,,,https://www.google.com/maps/place/Firestone+Complete+Auto+Care/data=!4m7!3m6!1s0x87d2bb60d189113d:0xea95b27ebee23a06!8m2!3d34.7478478!4d-92.2810013!16s%2Fg%2F1tdw3_zy!19sChIJPRGJ0WC70ocRBjrivn6yleo?authuser=0&hl=en&rclk=1,auto repair shop,Little Rock,city,AR,2026-07-22T04:51:17,0x87d2bb60d189113d:0xea95b27ebee23a06
Firestone Complete Auto Care,(501) 588-7584,https://www.firestonecompleteautocare.com/arkansas/little-rock/12320-chenal-pkwy/?utm_source=google&utm_medium=organic&utm_campaign=localmaps&cmp=oloc_google_localmaps_maps,,"12320 Chenal Pkwy, Little Rock, AR 72211, United States",12320 Chenal Pkwy,Little Rock,AR,72211,3.6,455,Tire shop,,,https://www.google.com/maps/place/Firestone+Complete+Auto+Care/data=!4m7!3m6!1s0x87d2a12d05c3a7ff:0xb85ccb7bb99869df!8m2!3d34.7530765!4d-92.4127348!16s%2Fg%2F1thd76d3!19sChIJ_6fDBS2h0ocR32mYuXvLXLg?authuser=0&hl=en&rclk=1,auto repair shop,Little Rock,city,AR,2026-07-22T04:51:17,0x87d2a12d05c3a7ff:0xb85ccb7bb99869df
Goodyear Auto Service,(501) 372-0113,https://www.goodyear.com/en-us/goodyearautoservice,,"624 Broadway St, Little Rock, AR 72201, United States",624 Broadway St,Little Rock,AR,72201,4.2,177,Tire shop,,,https://www.google.com/maps/place/Goodyear+Auto+Service/data=!4m7!3m6!1s0x87d2bb65be6e4239:0x2bb731648f561a4e!8m2!3d34.7432946!4d-92.2766345!16s%2Fg%2F1tl1jf92!19sChIJOUJuvmW70ocRThpWj2Qxtys?authuser=0&hl=en&rclk=1,auto repair shop,Little Rock,city,AR,2026-07-22T04:51:17,0x87d2bb65be6e4239:0x2bb731648f561a4e
Goodyear Auto Service,(501) 565-0362,https://www.goodyear.com/en-us/goodyearautoservice,,"8014 Geyer Springs Rd, Little Rock, AR 72209, United States",8014 Geyer Springs Rd,Little Rock,AR,72209,4.1,152,Tire shop,,,https://www.google.com/maps/place/Goodyear+Auto+Service/data=!4m7!3m6!1s0x87d2a59d0036e46d:0xf76f336336331fcf!8m2!3d34.6768072!4d-92.3444198!16s%2Fg%2F1tdn00yy!19sChIJbeQ2AJ2l0ocRzx8zNmMzb_c?authuser=0&hl=en&rclk=1,auto repair shop,Little Rock,city,AR,2026-07-22T04:51:17,0x87d2a59d0036e46d:0xf76f336336331fcf
Midas,(501) 683-8273,https://www.midas.com/store/ar/little-rock/9214-rodney-parham-72227/?shopnum=5104&utm_source=google&utm_medium=organic&utm_campaign=gbp,,"9214 N Rodney Parham Rd, Little Rock, AR 72227, United States",9214 N Rodney Parham Rd,Little Rock,AR,72227,4.0,420,Auto repair shop,,,https://www.google.com/maps/place/Midas/data=!4m7!3m6!1s0x87d2a3fc5b842ac1:0x7eefc74022197984!8m2!3d34.7586446!4d-92.3780449!16s%2Fg%2F1vs5x7t_!19sChIJwSqEW_yj0ocRhHkZIkDH734?authuser=0&hl=en&rclk=1,auto repair shop,Little Rock,city,AR,2026-07-22T04:51:17,0x87d2a3fc5b842ac1:0x7eefc74022197984
Ruben's Auto Repair,,,,"7610 Enmar Dr, Little Rock, AR 72209, United States",7610 Enmar Dr,Little Rock,AR,72209,4.3,18,Auto repair shop,,,https://www.google.com/maps/place/Ruben%27s+Auto+Repair/data=!4m7!3m6!1s0x87d2a599852d62ad:0x4e0e557930da8977!8m2!3d34.6804155!4d-92.3498641!16s%2Fg%2F11kmng0nbp!19sChIJrWIthZml0ocRd4naMHlVDk4?authuser=0&hl=en&rclk=1,auto repair shop,Pulaski County,county,AR,2026-07-22T03:19:09,0x87d2a599852d62ad:0x4e0e557930da8977
Two Counties Auto Repair,,,,"5716 Atwood Rd, Little Rock, AR 72206, United States",5716 Atwood Rd,Little Rock,AR,72206,5.0,2,Auto repair shop,,,https://www.google.com/maps/place/Two+Counties+Auto+Repair/data=!4m7!3m6!1s0x87d2af28606ed549:0xb98e80debecc9aa0!8m2!3d34.6131672!4d-92.3460406!16s%2Fg%2F11r76yqnsr!19sChIJSdVuYCiv0ocRoJrMvt6Ajrk?authuser=0&hl=en&rclk=1,auto repair shop,Pulaski County,county,AR,2026-07-10T20:57:00,0x87d2af28606ed549:0xb98e80debecc9aa0
West End Garage Inc,(501) 455-4396,https://www.westendgarageinc.com/,,"8324 Stagecoach Rd, Little Rock, AR 72210, United States",8324 Stagecoach Rd,Little Rock,AR,72210,4.5,125,Auto repair shop,,,https://www.google.com/maps/place/West+End+Garage+Inc/data=!4m7!3m6!1s0x87d2a630fefa1c6d:0x73e2ef0248af5bc1!8m2!3d34.6761951!4d-92.4129824!16s%2Fg%2F1ttq2n29!19sChIJbRz6_jCm0ocRwVuvSALv4nM?authuser=0&hl=en&rclk=1,auto repair shop,Pulaski County,county,AR,2026-07-22T03:19:08,0x87d2a630fefa1c6d:0x73e2ef0248af5bc1
"Williams Automotive, Inc.",(501) 888-2255,http://www.williamsautomotivear.com/,,"20825 Arch St, Little Rock, AR 72206, United States",20825 Arch St,Little Rock,AR,72206,4.6,213,Auto repair shop,,,"https://www.google.com/maps/place/Williams+Automotive,+Inc./data=!4m7!3m6!1s0x87d2adcc03df4685:0x931395116dbd5ef4!8m2!3d34.5593748!4d-92.3369731!16s%2Fg%2F1tdrxvs7!19sChIJhUbfA8yt0ocR9F69bRGVE5M?authuser=0&hl=en&rclk=1",auto repair shop,Monroe County,county,AR,2026-07-22T02:04:55,0x87d2adcc03df4685:0x931395116dbd5ef4
Arkansas Diesel,,,,"913 Frontage Rd, Lonoke, AR 72086, United States",913 Frontage Rd,Lonoke,AR,72086,5.0,1,Auto repair shop,,,https://www.google.com/maps/place/Arkansas+Diesel/data=!4m7!3m6!1s0x87d2bd00164a2ef1:0x744ab25e45a2d935!8m2!3d34.8034933!4d-91.8747126!16s%2Fg%2F11wgqzjcmp!19sChIJ8S5KFgC90ocRNdmiRV6ySnQ?authuser=0&hl=en&rclk=1,auto repair shop,Lonoke County,county,AR,2026-07-22T01:37:06,0x87d2bd00164a2ef1:0x744ab25e45a2d935
C&M Motors,,,,"1401 N Center St, Lonoke, AR 72086, United States",1401 N Center St,Lonoke,AR,72086,,,Auto repair shop,,,https://www.google.com/maps/place/C%26M+Motors/data=!4m7!3m6!1s0x87d2df00423aef25:0x355c548a1fc730d7!8m2!3d34.7944466!4d-91.8957196!16s%2Fg%2F11ymyclqlz!19sChIJJe86QgDf0ocR1zDHH4pUXDU?authuser=0&hl=en&rclk=1,auto repair shop,Lonoke County,county,AR,2026-07-22T01:37:06,0x87d2df00423aef25:0x355c548a1fc730d7
Cooper,,,,"175 N Center St, Lonoke, AR 72086, United States",175 N Center St,Lonoke,AR,72086,5.0,1,Tire shop,,,https://www.google.com/maps/place/Cooper/data=!4m7!3m6!1s0x87d2de9763c076bd:0xb36d1af51f659b9f!8m2!3d34.7851196!4d-91.8999322!16s%2Fg%2F11cs2h832j!19sChIJvXbAY5fe0ocRn5tlH_UabbM?authuser=0&hl=en&rclk=1,auto repair shop,Lonoke County,county,AR,2026-07-22T01:37:06,0x87d2de9763c076bd:0xb36d1af51f659b9f
J and S Farm Shop,,,,"V3PP+8H, Lonoke, AR 72086, United States",V3PP+8H,Lonoke,AR,72086,5.0,1,Auto repair shop,,,https://www.google.com/maps/place/J+and+S+Farm+Shop/data=!4m7!3m6!1s0x87d2e70046048c29:0x11cd217c9e68fdbc!8m2!3d34.8858123!4d-91.9135861!16s%2Fg%2F11yczy482p!19sChIJKYwERgDn0ocRvP1onnwhzRE?authuser=0&hl=en&rclk=1,auto repair shop,Lonoke County,county,AR,2026-07-22T01:37:06,0x87d2e70046048c29:0x11cd217c9e68fdbc
Klan Tire Shop & Carwash,,,,"14205 Chicot Rd, Mabelvale, AR 72103, United States",14205 Chicot Rd,Mabelvale,AR,72103,4.3,8,Tire repair shop,,,https://www.google.com/maps/place/Klan+Tire+Shop+%26+Carwash/data=!4m7!3m6!1s0x87d2af3de83fd87d:0x85a1e5c8ed12e2af!8m2!3d34.6205657!4d-92.3636056!16s%2Fg%2F11jt0t4wy3!19sChIJfdg_6D2v0ocRr-IS7cjloYU?authuser=0&hl=en&rclk=1,auto repair shop,Chicot County,county,AR,2026-07-10T15:11:00,0x87d2af3de83fd87d:0x85a1e5c8ed12e2af
Jerry's Performance Auto,,,,"36B AR-109, Magazine, AR 72943, United States",36B AR-109,Magazine,AR,72943,5.0,1,Auto repair shop,,,https://www.google.com/maps/place/Jerry%27s+Performance+Auto/data=!4m7!3m6!1s0x87cb7f3479df10c5:0x58b83c77f1a7934a!8m2!3d35.1504158!4d-93.8069388!16s%2Fg%2F11rsbgc8_x!19sChIJxRDfeTR_y4cRSpOn8Xc8uFg?authuser=0&hl=en&rclk=1,auto repair shop,Logan County,county,AR,2026-07-22T01:28:24,0x87cb7f3479df10c5:0x58b83c77f1a7934a
"Magnolia Motor Company, Inc.",(870) 234-4777,http://www.magnoliamotorcompany.com/,,"55 US-79, Magnolia, AR 71753, United States",55 US-79,Magnolia,AR,71753,4.7,116,Used car dealer,,,"https://www.google.com/maps/place/Magnolia+Motor+Company,+Inc./data=!4m7!3m6!1s0x8633cf434a269599:0xd6f35de04ac0c446!8m2!3d33.272449!4d-93.2159275!16s%2Fg%2F1tcvjgfz!19sChIJmZUmSkPPM4YRRsTASuBd89Y?authuser=0&hl=en&rclk=1",auto repair shop,Columbia County,county,AR,2026-07-21T22:23:26,0x8633cf434a269599:0xd6f35de04ac0c446
Take 5 Oil Change,(870) 725-5104,https://www.take5.com/locations/oil-change/arkansas/magnolia/30775/?utm_source=google&utm_medium=organic&utm_campaign=gbp_website,,"701 E Main St, Magnolia, AR 71753, United States",701 E Main St,Magnolia,AR,71753,4.4,337,Oil change service,,,https://www.google.com/maps/place/Take+5+Oil+Change/data=!4m7!3m6!1s0x8633cf4e41c1273d:0x5a61a72aac6fcb36!8m2!3d33.2666747!4d-93.2310647!16s%2Fg%2F11q4c3xjr2!19sChIJPSfBQU7PM4YRNstvrCqnYVo?authuser=0&hl=en&rclk=1,auto repair shop,Columbia County,county,AR,2026-07-21T22:23:26,0x8633cf4e41c1273d:0x5a61a72aac6fcb36
Walmart Auto Care Center,(870) 901-7623,https://www.walmart.com/store/83-magnolia-ar/auto-care-center/?veh=seo_loc,,"60 US-79, Magnolia, AR 71753, United States",60 US-79,Magnolia,AR,71753,4.1,56,Oil change service,,,https://www.google.com/maps/place/Walmart+Auto+Care+Center/data=!4m7!3m6!1s0x8633cecc86e22ab3:0x1e8ecb494d02306!8m2!3d33.2772417!4d-93.2117788!16s%2Fg%2F1td5xjkn!19sChIJsyrihszOM4YRBiPQlLTs6AE?authuser=0&hl=en&rclk=1,auto repair shop,Columbia County,county,AR,2026-07-21T22:23:26,0x8633cecc86e22ab3:0x1e8ecb494d02306
Abby's Garage,,,,"420 Church St, Malvern, AR 72104, United States",420 Church St,Malvern,AR,72104,5.0,4,Auto repair shop,,,https://www.google.com/maps/place/Abby%27s+Garage/data=!4m7!3m6!1s0x8632c9719f8d6405:0x2f7685c8cae66a96!8m2!3d34.372046!4d-92.8253884!16s%2Fg%2F11f03zkkc_!19sChIJBWSNn3HJMoYRlmrmysiFdi8?authuser=0&hl=en&rclk=1,auto repair shop,Bradley County,county,AR,2026-07-21T21:07:13,0x8632c9719f8d6405:0x2f7685c8cae66a96
Malvern Transmission,,https://malvern-transmission.ueniweb.com/?utm_campaign=gmb,,"26606 U.S. Hwy 67, Malvern, AR 72104, United States",26606 U.S. Hwy 67,Malvern,AR,72104,3.3,13,Auto repair shop,,,https://www.google.com/maps/place/Malvern+Transmission/data=!4m7!3m6!1s0x8632c92f970e888d:0x87210971fb4b08a7!8m2!3d34.3377075!4d-92.833786!16s%2Fg%2F11hczw45k7!19sChIJjYgOly_JMoYRpwhL-3EJIYc?authuser=0&hl=en&rclk=1,auto repair shop,Dallas County,county,AR,2026-07-10T16:56:12,0x8632c92f970e888d:0x87210971fb4b08a7
Tyler's auto repair,,,,"1171 Dannys Trail, Malvern, AR 72104, United States",1171 Dannys Trail,Malvern,AR,72104,1.0,1,Auto repair shop,,,https://www.google.com/maps/place/Tyler%27s+auto+repair/data=!4m7!3m6!1s0x8632b553343a5247:0x25908b15d36ad4db!8m2!3d34.4747791!4d-92.7207689!16s%2Fg%2F11nk1b_kn_!19sChIJR1I6NFO1MoYR29Rq0xWLkCU?authuser=0&hl=en&rclk=1,auto repair shop,Hot Spring County,county,AR,2026-07-22T00:23:09,0x8632b553343a5247:0x25908b15d36ad4db
City Limit Auto Sales,,,,"251 Chaffin Rd, Marianna, AR 72360, United States",251 Chaffin Rd,Marianna,AR,72360,5.0,3,Auto repair shop,,,https://www.google.com/maps/place/City+Limit+Auto+Sales/data=!4m7!3m6!1s0x87d4c50075fc8663:0x64ba7772bcbd587c!8m2!3d34.7556407!4d-90.7666826!16s%2Fg%2F11wp6nltvn!19sChIJY4b8dQDF1IcRfFi9vHJ3umQ?authuser=0&hl=en&rclk=1,auto repair shop,Lee County,county,AR,2026-07-22T01:10:17,0x87d4c50075fc8663:0x64ba7772bcbd587c
Bacon’s Foreign Car Parts Inc.,(870) 732-4340,http://baconsforeignparts.com/,,"6130 U.S. 70, W Broadway Ave, Marion, AR 72364, United States","6130 U.S. 70, W Broadway Ave",Marion,AR,72364,4.7,144,Used auto parts store,,,https://www.google.com/maps/place/Bacon%E2%80%99s+Foreign+Car+Parts+Inc./data=!4m7!3m6!1s0x87d574166fca0b0f:0x154a7bebc4f9224e!8m2!3d35.1472396!4d-90.2323989!16s%2Fg%2F1tdr3vs1!19sChIJDwvKbxZ01YcRTiL5xOt7ShU?authuser=0&hl=en&rclk=1,auto repair shop,Crittenden County,county,AR,2026-07-21T23:08:26,0x87d574166fca0b0f:0x154a7bebc4f9224e
NAPA Auto Parts - CLIFF S AUTO and TRACTOR,(870) 739-4458,https://www.napaonline.com/en/ar/marion/store/806496?sdref=,,"120 Block St, Marion, AR 72364, United States",120 Block St,Marion,AR,72364,4.7,158,Auto parts store,,,https://www.google.com/maps/place/NAPA+Auto+Parts+-+CLIFF+S+AUTO+and+TRACTOR/data=!4m7!3m6!1s0x87d5762192e2a8b7:0xcdcf4e758a7d97fb!8m2!3d35.2096866!4d-90.2032417!16s%2Fg%2F1tf3c20z!19sChIJt6jikiF21YcR-5d9inVOz80?authuser=0&hl=en&rclk=1,auto repair shop,Crittenden County,county,AR,2026-07-21T23:08:26,0x87d5762192e2a8b7:0xcdcf4e758a7d97fb
O'Reilly Auto Parts,(870) 330-9624,https://locations.oreillyauto.com/en-us/ar/marion/autoparts-5356.html,,"3312 I-55, Marion, AR 72364, United States",3312 I-55,Marion,AR,72364,4.4,59,Auto parts store,,,https://www.google.com/maps/place/O%27Reilly+Auto+Parts/data=!4m7!3m6!1s0x87d57621d85a7fcf:0xfae8fe503082c8ab!8m2!3d35.2111354!4d-90.2055864!16s%2Fg%2F11fjzb89zb!19sChIJz39a2CF21YcRq8iCMFD-6Po?authuser=0&hl=en&rclk=1,auto repair shop,Crittenden County,county,AR,2026-07-10T16:36:05,0x87d57621d85a7fcf:0xfae8fe503082c8ab
Southern Intermodal Inc,(870) 739-9100,,,"5189 AR-77, Marion, AR 72364, United States",5189 AR-77,Marion,AR,72364,4.3,22,Used tire shop,,,https://www.google.com/maps/place/Southern+Intermodal+Inc/data=!4m7!3m6!1s0x87d59dcf089ce355:0xb3f8c2a89907351d!8m2!3d35.2359082!4d-90.2088199!16s%2Fg%2F1td6h07_!19sChIJVeOcCM-d1YcRHTUHmajC-LM?authuser=0&hl=en&rclk=1,auto repair shop,Crittenden County,county,AR,2026-07-21T23:08:26,0x87d59dcf089ce355:0xb3f8c2a89907351d
Rusty's Automotive Inc,(870) 358-3012,,,"104 Division St, Marked Tree, AR 72365, United States",104 Division St,Marked Tree,AR,72365,4.0,63,Auto repair shop,,,https://www.google.com/maps/place/Rusty%27s+Automotive+Inc/data=!4m7!3m6!1s0x87d5b9648778d0f7:0x805e2654c7d8c06b!8m2!3d35.5369923!4d-90.424203!16s%2Fg%2F11gxjxym2l!19sChIJ99B4h2S51YcRa8DYx1QmXoA?authuser=0&hl=en&rclk=1,auto repair shop,Ashley County,county,AR,2026-07-21T20:25:48,0x87d5b9648778d0f7:0x805e2654c7d8c06b
City Auto Repair,,,,"103 US-65, Marshall, AR 72650, United States",103 US-65,Marshall,AR,72650,,,Auto repair shop,,,https://www.google.com/maps/place/City+Auto+Repair/data=!4m7!3m6!1s0x87ce09bd9cc69feb:0xc8ecd543b7892aae!8m2!3d35.9106523!4d-92.6310517!16s%2Fg%2F11vy0s91j3!19sChIJ65_GnL0JzocRriqJt0PV7Mg?authuser=0&hl=en&rclk=1,auto repair shop,Ashley County,county,AR,2026-07-21T20:25:48,0x87ce09bd9cc69feb:0xc8ecd543b7892aae
Leroy's Body Shop,,,,"609 US-65, Marshall, AR 72650, United States",609 US-65,Marshall,AR,72650,,,Auto repair shop,,,https://www.google.com/maps/place/Leroy%27s+Body+Shop/data=!4m7!3m6!1s0x87ce0847022b4b51:0x78a8d00b86c28244!8m2!3d35.9105111!4d-92.6459003!16s%2Fg%2F11x6v_9wp9!19sChIJUUsrAkcIzocRRILChgvQqHg?authuser=0&hl=en&rclk=1,auto repair shop,Marion County,county,AR,2026-07-22T01:45:21,0x87ce0847022b4b51:0x78a8d00b86c28244
Ozark Air-cooled,,,,"11489 AR-115, Maynard, AR 72444, United States",11489 AR-115,Maynard,AR,72444,,,Auto repair shop,,,https://www.google.com/maps/place/Ozark+Air-cooled/data=!4m7!3m6!1s0x87d6e90031b94767:0x798d7eea80a547ad!8m2!3d36.4000208!4d-90.9034511!16s%2Fg%2F11n3pqswwx!19sChIJZ0e5MQDp1ocRrUelgOp-jXk?authuser=0&hl=en&rclk=1,auto repair shop,Randolph County,county,AR,2026-07-22T03:28:16,0x87d6e90031b94767:0x798d7eea80a547ad
"Smith Auto & Tire, Inc",(870) 731-2055,,,"US-64, McCrory, AR 72101, United States",US-64,McCrory,AR,72101,4.5,65,Auto parts store,,,"https://www.google.com/maps/place/Smith+Auto+%26+Tire,+Inc/data=!4m7!3m6!1s0x87d38105bd08592d:0xdeb6c3d3283b326!8m2!3d35.2686292!4d-91.2058944!16s%2Fg%2F11b6hpt8wy!19sChIJLVkIvQWB04cRJrODMj1s6w0?authuser=0&hl=en&rclk=1",auto repair shop,Poinsett County,county,AR,2026-07-22T02:54:49,0x87d38105bd08592d:0xdeb6c3d3283b326
Mc Gehee Automatic Trans Inc,(870) 222-6650,,,"110 N 2nd St, McGehee, AR 71654, United States",110 N 2nd St,McGehee,AR,71654,4.0,5,Transmission shop,,,https://www.google.com/maps/place/Mc+Gehee+Automatic+Trans+Inc/data=!4m7!3m6!1s0x862c65731b4844f5:0x44232d10ff5c25e5!8m2!3d33.6287986!4d-91.3966888!16s%2Fg%2F1tnqhc4p!19sChIJ9URIG3NlLIYR5SVc_xAtI0Q?authuser=0&hl=en&rclk=1,auto repair shop,Chicot County,county,AR,2026-07-21T21:32:57,0x862c65731b4844f5:0x44232d10ff5c25e5
Counce Collision Repair Inc,(870) 368-7281,http://www.councecollisionrepair.com/,,"671 Main St, Melbourne, AR 72556, United States",671 Main St,Melbourne,AR,72556,4.4,37,Auto body shop,,,https://www.google.com/maps/place/Counce+Collision+Repair+Inc/data=!4m7!3m6!1s0x87d18356e252bcaf:0x96ecea50ad5bd9f5!8m2!3d36.0688033!4d-91.906635!16s%2Fg%2F1thkxt2w!19sChIJr7xS4laD0YcR9dlbrVDq7JY?authuser=0&hl=en&rclk=1,auto repair shop,Izard County,county,AR,2026-07-22T00:37:31,0x87d18356e252bcaf:0x96ecea50ad5bd9f5
"Freedom Ford, Inc. Service",(870) 368-4219,https://www.freedomford.net/,,"901 E Main St, Melbourne, AR 72556, United States",901 E Main St,Melbourne,AR,72556,5.0,1,Auto repair shop,,,"https://www.google.com/maps/place/Freedom+Ford,+Inc.+Service/data=!4m7!3m6!1s0x87d18317034674c3:0xb92f6928c632b379!8m2!3d36.0590861!4d-91.8927534!16s%2Fg%2F11n09jd4p8!19sChIJw3RGAxeD0YcRebMyxihpL7k?authuser=0&hl=en&rclk=1",auto repair shop,Fulton County,county,AR,2026-07-21T23:49:30,0x87d18317034674c3:0xb92f6928c632b379
Holly Springs Auto Repair,,,,"957 Polk Rd 74, Mena, AR 71953, United States",957 Polk Rd 74,Mena,AR,71953,5.0,1,Auto repair shop,,,https://www.google.com/maps/place/Holly+Springs+Auto+Repair/data=!4m7!3m6!1s0x87cb31002711e4ed:0xcd7a6154bfee1dd6!8m2!3d34.6114998!4d-94.1546667!16s%2Fg%2F11wmxd4vdz!19sChIJ7eQRJwAxy4cR1h3uv1Rhes0?authuser=0&hl=en&rclk=1,auto repair shop,Calhoun County,county,AR,2026-07-21T21:13:59,0x87cb31002711e4ed:0xcd7a6154bfee1dd6
"Mena Ford, Inc. Service",(479) 394-2214,https://www.menaford.com/,,"1103 US-71, Mena, AR 71953, United States",1103 US-71,Mena,AR,71953,5.0,2,Auto repair shop,,,"https://www.google.com/maps/place/Mena+Ford,+Inc.+Service/data=!4m7!3m6!1s0x87cb2f611cf96767:0x4d94cb03c8fbb315!8m2!3d34.5769409!4d-94.2396816!16s%2Fg%2F11n0b0yd99!19sChIJZ2f5HGEvy4cRFbP7yAPLlE0?authuser=0&hl=en&rclk=1",auto repair shop,Polk County,county,AR,2026-07-22T03:00:07,0x87cb2f611cf96767:0x4d94cb03c8fbb315
Rodney Matthews Garage,,,,"2826 US-71, Mena, AR 71953, United States",2826 US-71,Mena,AR,71953,4.2,6,Auto repair shop,,,https://www.google.com/maps/place/Rodney+Matthews+Garage/data=!4m7!3m6!1s0x87cb312761eb560b:0xa6ea298017cb4d0a!8m2!3d34.6098364!4d-94.2038419!16s%2Fg%2F11smrx_jhc!19sChIJC1brYScxy4cRCk3LF4Ap6qY?authuser=0&hl=en&rclk=1,auto repair shop,Polk County,county,AR,2026-07-22T03:00:07,0x87cb312761eb560b:0xa6ea298017cb4d0a
Speedy glass,,,,"#9626, Mena, AR 71953, United States",#9626,Mena,AR,71953,,,Auto repair shop,,,https://www.google.com/maps/place/Speedy+glass/data=!4m7!3m6!1s0x87cb2f000e3c9893:0xbeeef4a50b6e8564!8m2!3d34.5842244!4d-94.2363689!16s%2Fg%2F11z24dm92s!19sChIJk5g8DgAvy4cRZIVuC6X07r4?authuser=0&hl=en&rclk=1,auto repair shop,Polk County,county,AR,2026-07-10T20:37:30,0x87cb2f000e3c9893:0xbeeef4a50b6e8564
Walmart Auto Care Center,(479) 394-3259,https://www.walmart.com/store/67-mena-ar/auto-care-center/?veh=seo_loc,,"600 US-71, Mena, AR 71953, United States",600 US-71,Mena,AR,71953,3.7,65,Oil change service,,,https://www.google.com/maps/place/Walmart+Auto+Care+Center/data=!4m7!3m6!1s0x87cb30225760097f:0x362bdd8ab51e0b83!8m2!3d34.588744!4d-94.2265948!16s%2Fg%2F1vxcwytw!19sChIJfwlgVyIwy4cRgwsetYrdKzY?authuser=0&hl=en&rclk=1,auto repair shop,Polk County,county,AR,2026-07-10T20:37:30,0x87cb30225760097f:0x362bdd8ab51e0b83
Porter's Auto Repair,,,,"518 E Spring St, Mineral Springs, AR 71851, United States",518 E Spring St,Mineral Springs,AR,71851,5.0,1,Auto repair shop,,,https://www.google.com/maps/place/Porter%27s+Auto+Repair/data=!4m7!3m6!1s0x86348f83e2bf0b09:0x92ecd1288b8775b4!8m2!3d33.8736322!4d-93.910826!16s%2Fg%2F1tf1c3h8!19sChIJCQu_4oOPNIYRtHWHiyjR7JI?authuser=0&hl=en&rclk=1,auto repair shop,Howard County,county,AR,2026-07-22T00:28:29,0x86348f83e2bf0b09:0x92ecd1288b8775b4
Goodyear Monticello Tire & Service,(870) 367-2401,http://monticellotirear.com/,,"323 US-425, Monticello, AR 71655, United States",323 US-425,Monticello,AR,71655,4.4,126,Tire shop,,,https://www.google.com/maps/place/Goodyear+Monticello+Tire+%26+Service/data=!4m7!3m6!1s0x862c52f20e4344bf:0xcee8cb12d428b638!8m2!3d33.6220135!4d-91.8020332!16s%2Fg%2F1vzg2lyp!19sChIJv0RDDvJSLIYROLYo1BLL6M4?authuser=0&hl=en&rclk=1,auto repair shop,Ashley County,county,AR,2026-07-21T20:25:48,0x862c52f20e4344bf:0xcee8cb12d428b638
J's Automotive & Cycle Repair,,,,"514 E Bolling Ave, Monticello, AR 71655, United States",514 E Bolling Ave,Monticello,AR,71655,4.6,9,,,,https://www.google.com/maps/place/J%27s+Automotive+%26+Cycle+Repair/data=!4m7!3m6!1s0x862c53bac5264d23:0xb1f9476ad5c689eb!8m2!3d33.6195464!4d-91.7796584!16s%2Fg%2F11jl2cqblm!19sChIJI00mxbpTLIYR64nG1WpH-bE?authuser=0&hl=en&rclk=1,auto repair shop,Drew County,county,AR,2026-07-21T23:36:42,0x862c53bac5264d23:0xb1f9476ad5c689eb
Rob's Rims Tires Accessories LLC,,,,"439 E Gaines St B, Monticello, AR 71655, United States",439 E Gaines St B,Monticello,AR,71655,4.5,4,Tire shop,,,https://www.google.com/maps/place/Rob%27s+Rims+Tires+Accessories+LLC/data=!4m7!3m6!1s0x862c525dc11fd66b:0x79294ca69db4c94!8m2!3d33.62895!4d-91.7854981!16s%2Fg%2F11bylcp3g3!19sChIJa9YfwV1SLIYRlEzbacqUkgc?authuser=0&hl=en&rclk=1,auto repair shop,Drew County,county,AR,2026-07-21T23:36:42,0x862c525dc11fd66b:0x79294ca69db4c94
"Ryburn Motor Company, Inc. Lincoln Service",(870) 367-5353,https://www.lincoln.com/?,,"156 US-425, Monticello, AR 71655, United States",156 US-425,Monticello,AR,71655,2.0,1,Auto repair shop,,,"https://www.google.com/maps/place/Ryburn+Motor+Company,+Inc.+Lincoln+Service/data=!4m7!3m6!1s0x862c53a7f1395873:0x1facfb01deff0fa4!8m2!3d33.6275226!4d-91.8031599!16s%2Fg%2F11n0710kgn!19sChIJc1g58adTLIYRpA__3gH7rB8?authuser=0&hl=en&rclk=1",auto repair shop,Ashley County,county,AR,2026-07-21T20:25:48,0x862c53a7f1395873:0x1facfb01deff0fa4
"Ryburn Motor Company, Inc. Service",(870) 367-5353,https://www.ryburnford.com/,,"156 US-425, Monticello, AR 71655, United States",156 US-425,Monticello,AR,71655,,,Auto repair shop,,,"https://www.google.com/maps/place/Ryburn+Motor+Company,+Inc.+Service/data=!4m7!3m6!1s0x862c539111401f15:0x93eef814b0084d7d!8m2!3d33.6275226!4d-91.8031599!16s%2Fg%2F11t4dw8nhh!19sChIJFR9AEZFTLIYRfU0IsBT47pM?authuser=0&hl=en&rclk=1",auto repair shop,Chicot County,county,AR,2026-07-21T21:32:57,0x862c539111401f15:0x93eef814b0084d7d
Take 5 Oil Change,(870) 224-4681,https://www.take5.com/locations/oil-change/arkansas/monticello/30799/?utm_source=google&utm_medium=organic&utm_campaign=gbp_website,,"704 Chapman Dr, Monticello, AR 71655, United States",704 Chapman Dr,Monticello,AR,71655,4.3,261,Oil change service,,,https://www.google.com/maps/place/Take+5+Oil+Change/data=!4m7!3m6!1s0x862c5398070921af:0xe5dfc0c294f9a293!8m2!3d33.635897!4d-91.800132!16s%2Fg%2F11tg0qy3fd!19sChIJryEJB5hTLIYRk6L5lMLA3-U?authuser=0&hl=en&rclk=1,auto repair shop,Chicot County,county,AR,2026-07-21T21:32:57,0x862c5398070921af:0xe5dfc0c294f9a293
Walmart Auto Care Center,(870) 367-0434,https://www.walmart.com/store/348-monticello-ar/auto-care-center/?veh=seo_loc,,"427 US-425, Monticello, AR 71655, United States",427 US-425,Monticello,AR,71655,3.3,45,Oil change service,,,https://www.google.com/maps/place/Walmart+Auto+Care+Center/data=!4m7!3m6!1s0x862c52f1c3aab53f:0x8ee7662919ce6bc!8m2!3d33.6351936!4d-91.8050395!16s%2Fg%2F1hm3xk1qp!19sChIJP7Wqw_FSLIYRvOackWJ27gg?authuser=0&hl=en&rclk=1,auto repair shop,Drew County,county,AR,2026-07-21T23:36:42,0x862c52f1c3aab53f:0x8ee7662919ce6bc
ATKINSON AUTO & EQUIPMENT REPAIR,,,,"756 Sardis Rd, Morrilton, AR 72110, United States",756 Sardis Rd,Morrilton,AR,72110,5.0,1,Auto repair shop,,,https://www.google.com/maps/place/ATKINSON+AUTO+%26+EQUIPMENT+REPAIR/data=!4m7!3m6!1s0x87cd774a6ab2a71f:0x612305dee8c2f9a6!8m2!3d35.1521871!4d-92.6673988!16s%2Fg%2F11mrbjsnbw!19sChIJH6eyakp3zYcRpvnC6N4FI2E?authuser=0&hl=en&rclk=1,auto repair shop,Perry County,county,AR,2026-07-22T02:34:26,0x87cd774a6ab2a71f:0x612305dee8c2f9a6
David's Muffler Shop,,,,"1116 S Bridge St, Morrilton, AR 72110, United States",1116 S Bridge St,Morrilton,AR,72110,4.8,4,Auto repair shop,,,https://www.google.com/maps/place/David%27s+Muffler+Shop/data=!4m7!3m6!1s0x87cd74512f00dea1:0x448fa12f639e1296!8m2!3d35.132502!4d-92.7327509!16s%2Fg%2F1ts2_tbw!19sChIJod4AL1F0zYcRlhKeYy-hj0Q?authuser=0&hl=en&rclk=1,auto repair shop,Perry County,county,AR,2026-07-10T20:11:24,0x87cd74512f00dea1:0x448fa12f639e1296
Jiffy Lube,(501) 354-5035,https://www.jiffylube.com/locations/ar/morrilton/4087,,"1717 E Harding St, Morrilton, AR 72110, United States",1717 E Harding St,Morrilton,AR,72110,4.6,331,Oil change service,,,https://www.google.com/maps/place/Jiffy+Lube/data=!4m7!3m6!1s0x87cd7598baee0f7f:0x817f8190ef106037!8m2!3d35.1703108!4d-92.7203448!16s%2Fg%2F113fqm3m0!19sChIJfw_uuph1zYcRN2AQ75CBf4E?authuser=0&hl=en&rclk=1,auto repair shop,Perry County,county,AR,2026-07-10T20:11:24,0x87cd7598baee0f7f:0x817f8190ef106037
"Roberson Tire Services, Inc.",(501) 354-0306,http://www.robersontireservice.net/,,"4 Bruce St, Morrilton, AR 72110, United States",4 Bruce St,Morrilton,AR,72110,4.7,223,Tire shop,,,"https://www.google.com/maps/place/Roberson+Tire+Services,+Inc./data=!4m7!3m6!1s0x87cd75920d6e879d:0xe12255bd033f4ff!8m2!3d35.1725082!4d-92.7221527!16s%2Fg%2F1tfh55jd!19sChIJnYduDZJ1zYcR__Qz0FslEg4?authuser=0&hl=en&rclk=1",auto repair shop,Perry County,county,AR,2026-07-10T20:11:24,0x87cd75920d6e879d:0xe12255bd033f4ff
Walmart Auto Care Center,(501) 354-3934,https://www.walmart.com/store/8-morrilton-ar/auto-care-center/?veh=seo_loc,,"1621 S Business 9, Morrilton, AR 72110, United States",1621 S Business 9,Morrilton,AR,72110,4.0,71,Oil change service,,,https://www.google.com/maps/place/Walmart+Auto+Care+Center/data=!4m7!3m6!1s0x87cd7590c146958d:0xc8ab8a1d6463f352!8m2!3d35.1694027!4d-92.7270177!16s%2Fg%2F1tdbrdd7!19sChIJjZVGwZB1zYcRUvNjZB2Kq8g?authuser=0&hl=en&rclk=1,auto repair shop,Perry County,county,AR,2026-07-10T20:11:24,0x87cd7590c146958d:0xc8ab8a1d6463f352
Advanced Auto Body Repair Inc.,(870) 424-2030,http://www.advancedautobodyrepair.com/,,"640 Market St, Mountain Home, AR 72653, United States",640 Market St,Mountain Home,AR,72653,4.4,39,Auto body shop,,,https://www.google.com/maps/place/Advanced+Auto+Body+Repair+Inc./data=!4m7!3m6!1s0x87d1dbe010387a77:0x1308f2e11821a80f!8m2!3d36.3464355!4d-92.3777857!16s%2Fg%2F1vlqqrb2!19sChIJd3o4EODb0YcRD6ghGOHyCBM?authuser=0&hl=en&rclk=1,auto repair shop,Baxter County,county,AR,2026-07-21T20:37:48,0x87d1dbe010387a77:0x1308f2e11821a80f
Auto Services Co Inc,(870) 425-8330,,,"1793 AR-201, Mountain Home, AR 72653, United States",1793 AR-201,Mountain Home,AR,72653,2.9,12,Auto repair shop,,,https://www.google.com/maps/place/Auto+Services+Co+Inc/data=!4m7!3m6!1s0x87d1dbdc2b087801:0x403da63e7ac5e957!8m2!3d36.3592095!4d-92.3849244!16s%2Fg%2F1tf6bl3c!19sChIJAXgIK9zb0YcRV-nFej6mPUA?authuser=0&hl=en&rclk=1,auto repair shop,Baxter County,county,AR,2026-07-21T20:37:48,0x87d1dbdc2b087801:0x403da63e7ac5e957
Automotive Specialties Inc.,(870) 424-3387,,,"173, 424-3387 Industrial #870, Mountain Home, AR 72653, United States","173, 424-3387 Industrial #870",Mountain Home,AR,72653,4.9,37,Auto repair shop,,,https://www.google.com/maps/place/Automotive+Specialties+Inc./data=!4m7!3m6!1s0x87d1deca03007373:0x9b37d948e8aadcdd!8m2!3d36.3205529!4d-92.4011202!16s%2Fg%2F12645ktby!19sChIJc3MAA8re0YcR3dyq6EjZN5s?authuser=0&hl=en&rclk=1,auto repair shop,Baxter County,county,AR,2026-07-21T20:37:48,0x87d1deca03007373:0x9b37d948e8aadcdd
C & C Automotive Inc,(870) 425-1595,http://courtneysccauto.com/,,"203 Dodd St, Mountain Home, AR 72653, United States",203 Dodd St,Mountain Home,AR,72653,4.6,41,,,,https://www.google.com/maps/place/C+%26+C+Automotive+Inc/data=!4m7!3m6!1s0x87d1d953e8ebb837:0xe4676c664151b894!8m2!3d36.3309325!4d-92.3873389!16s%2Fg%2F1tdx4nt7!19sChIJN7jr6FPZ0YcRlLhRQWZsZ-Q?authuser=0&hl=en&rclk=1,auto repair shop,Baxter County,county,AR,2026-07-10T14:19:54,0x87d1d953e8ebb837:0xe4676c664151b894
Cherry's Automatic Transmissions Inc,(870) 492-2127,http://www.facebook.com/cherrysautomatictransmissions,,"4819 US-62, Mountain Home, AR 72653, United States",4819 US-62,Mountain Home,AR,72653,4.4,76,Transmission shop,,,https://www.google.com/maps/place/Cherry%27s+Automatic+Transmissions+Inc/data=!4m7!3m6!1s0x87d1df3c30c930e5:0x96483ac7510cf9ff!8m2!3d36.3750975!4d-92.3124283!16s%2Fg%2F1tdkms07!19sChIJ5TDJMDzf0YcR__kMUcc6SJY?authuser=0&hl=en&rclk=1,auto repair shop,Baxter County,county,AR,2026-07-21T20:37:48,0x87d1df3c30c930e5:0x96483ac7510cf9ff
Discount Tire,(870) 492-8030,https://www.discounttire.com/store/ar/mountain-home/s/2338,,"3027 US-62, Mountain Home, AR 72653, United States",3027 US-62,Mountain Home,AR,72653,4.7,262,Tire shop,,,https://www.google.com/maps/place/Discount+Tire/data=!4m7!3m6!1s0x87d1db39d1f64c65:0x46e1a7907104ee4e!8m2!3d36.3585686!4d-92.3381827!16s%2Fg%2F11sv_251s0!19sChIJZUz20Tnb0YcRTu4EcZCn4UY?authuser=0&hl=en&rclk=1,auto repair shop,Baxter County,county,AR,2026-07-10T14:19:54,0x87d1db39d1f64c65:0x46e1a7907104ee4e
Lube Tune & More,,,,"1419 US-62 BUS, Mountain Home, AR 72653, United States",1419 US-62 BUS,Mountain Home,AR,72653,3.5,34,Auto repair shop,,,https://www.google.com/maps/place/Lube+Tune+%26+More/data=!4m7!3m6!1s0x87d1dead5b485bb5:0x475c129db8c1a8d0!8m2!3d36.3249206!4d-92.3907623!16s%2Fg%2F1tdvf335!19sChIJtVtIW63e0YcR0KjBuJ0SXEc?authuser=0&hl=en&rclk=1,auto repair shop,Baxter County,county,AR,2026-07-10T14:19:54,0x87d1dead5b485bb5:0x475c129db8c1a8d0
Precision Auto Repair Inc,(870) 425-1111,,,"250 Bomber Blvd, Mountain Home, AR 72653, United States",250 Bomber Blvd,Mountain Home,AR,72653,4.4,105,Auto repair shop,,,https://www.google.com/maps/place/Precision+Auto+Repair+Inc/data=!4m7!3m6!1s0x87d1d9523e2e43c7:0x951672b6eb7943c7!8m2!3d36.3305279!4d-92.3898428!16s%2Fg%2F1tgxv270!19sChIJx0MuPlLZ0YcRx0N567ZyFpU?authuser=0&hl=en&rclk=1,auto repair shop,Baxter County,county,AR,2026-07-21T20:37:48,0x87d1d9523e2e43c7:0x951672b6eb7943c7
Take 5 Oil Change,(870) 469-2106,https://www.take5.com/locations/oil-change/arkansas/mountain-home/30718/,,"341 Hwy 62 E, Mountain Home, AR 72653, United States",341 Hwy 62 E,Mountain Home,AR,72653,4.5,200,Oil change service,,,https://www.google.com/maps/place/Take+5+Oil+Change/data=!4m7!3m6!1s0x87d1d9608271ea25:0xe9fdb486907c47dd!8m2!3d36.3428935!4d-92.381474!16s%2Fg%2F11myd30n7v!19sChIJJepxgmDZ0YcR3Ud8kIa0_ek?authuser=0&hl=en&rclk=1,auto repair shop,Baxter County,county,AR,2026-07-21T20:37:48,0x87d1d9608271ea25:0xe9fdb486907c47dd
"Ultimate Ford, Inc. Collision",(870) 425-2181,https://www.ultimatefordinc.com/,,"2448 Hwy 62 W, Mountain Home, AR 72653, United States",2448 Hwy 62 W,Mountain Home,AR,72653,5.0,1,Auto body shop,,,"https://www.google.com/maps/place/Ultimate+Ford,+Inc.+Collision/data=!4m7!3m6!1s0x87d1dfcbbeb9e3d1:0xe97635ec55f2abf1!8m2!3d36.3167655!4d-92.4030108!16s%2Fg%2F11mhwc2p5p!19sChIJ0eO5vsvf0YcR8avyVew1duk?authuser=0&hl=en&rclk=1",auto repair shop,Baxter County,county,AR,2026-07-21T20:37:48,0x87d1dfcbbeb9e3d1:0xe97635ec55f2abf1
"Ultimate Ford, Inc. Service",(870) 425-2181,https://www.ultimatefordinc.com/,,"2448 Hwy 62 W, Mountain Home, AR 72653, United States",2448 Hwy 62 W,Mountain Home,AR,72653,5.0,1,Auto repair shop,,,"https://www.google.com/maps/place/Ultimate+Ford,+Inc.+Service/data=!4m7!3m6!1s0x87d1dff46328b509:0x825095a247ca3af1!8m2!3d36.3167885!4d-92.4029039!16s%2Fg%2F11n0cm9bnk!19sChIJCbUoY_Tf0YcR8TrKR6KVUII?authuser=0&hl=en&rclk=1",auto repair shop,Baxter County,county,AR,2026-07-21T20:37:48,0x87d1dff46328b509:0x825095a247ca3af1
Walmart Auto Care Center,(870) 492-9297,https://www.walmart.com/store/11-mountain-home-ar/auto-care-center/?veh=seo_loc,,"65 N Walmart Dr, Mountain Home, AR 72653, United States",65 N Walmart Dr,Mountain Home,AR,72653,3.8,104,Oil change service,,,https://www.google.com/maps/place/Walmart+Auto+Care+Center/data=!4m7!3m6!1s0x87d1db083193763f:0xb87bb4ce79f6820b!8m2!3d36.3551174!4d-92.3411098!16s%2Fg%2F1t_wpwxj!19sChIJP3aTMQjb0YcRC4L2ec60e7g?authuser=0&hl=en&rclk=1,auto repair shop,Baxter County,county,AR,2026-07-21T20:37:48,0x87d1db083193763f:0xb87bb4ce79f6820b
Cedar Mountain Auto,,,,"6761 AR-5, Mountain View, AR 72560, United States",6761 AR-5,Mountain View,AR,72560,,,Car dealer,,,https://www.google.com/maps/place/Cedar+Mountain+Auto/data=!4m7!3m6!1s0x87d22f005eb79f89:0xa3ec537f99873b2d!8m2!3d35.7791816!4d-91.9527199!16s%2Fg%2F11mdhsh82p!19sChIJiZ-3XgAv0ocRLTuHmX9T7KM?authuser=0&hl=en&rclk=1,auto repair shop,Stone County,county,AR,2026-07-22T04:14:09,0x87d22f005eb79f89:0xa3ec537f99873b2d
O'Reilly Auto Parts,(870) 269-7177,https://locations.oreillyauto.com/en-us/ar/mountainview/autoparts-1475.html,,"308 Sylamore Ave, Mountain View, AR 72560, United States",308 Sylamore Ave,Mountain View,AR,72560,4.4,114,Auto parts store,,,https://www.google.com/maps/place/O%27Reilly+Auto+Parts/data=!4m7!3m6!1s0x87d220585c357901:0xb6798dfbc3674ee7!8m2!3d35.867224!4d-92.1068666!16s%2Fg%2F1tywygyt!19sChIJAXk1XFgg0ocR505nw_uNebY?authuser=0&hl=en&rclk=1,auto repair shop,Stone County,county,AR,2026-07-22T04:14:09,0x87d220585c357901:0xb6798dfbc3674ee7
Walmart Auto Care Center,(870) 269-4095,https://www.walmart.com/store/1114-mountain-view-ar/auto-care-center/?veh=seo_loc,,"409 Sylamore Ave, Mountain View, AR 72560, United States",409 Sylamore Ave,Mountain View,AR,72560,3.7,63,Oil change service,,,https://www.google.com/maps/place/Walmart+Auto+Care+Center/data=!4m7!3m6!1s0x87d220f6de7ccfcf:0xe2c1c9d57efa38db!8m2!3d35.8670974!4d-92.1019219!16s%2Fg%2F1tfmjbp4!19sChIJz8983vYg0ocR2zj6ftXJweI?authuser=0&hl=en&rclk=1,auto repair shop,Stone County,county,AR,2026-07-22T04:14:09,0x87d220f6de7ccfcf:0xe2c1c9d57efa38db
Mt. Ida Service Center & Wrecker Service Inc.,(870) 867-3332,,,"320 West US-270, Mt Ida, AR 71957, United States",320 West US-270,Mt Ida,AR,71957,4.3,86,Auto repair shop,,,https://www.google.com/maps/place/Mt.+Ida+Service+Center+%26+Wrecker+Service+Inc./data=!4m7!3m6!1s0x87ccae8e2548ae07:0x270887acf0be7bfc!8m2!3d34.5621986!4d-93.6391525!16s%2Fg%2F11clvqdsmt!19sChIJB65IJY6uzIcR_Hu-8KyHCCc?authuser=0&hl=en&rclk=1,auto repair shop,Calhoun County,county,AR,2026-07-21T21:13:59,0x87ccae8e2548ae07:0x270887acf0be7bfc
Neeley's Service Center and Wrecker Inc.,(870) 845-2802,http://www.neeleystowing.com/,,"321 S Main St, Nashville, AR 71852, United States",321 S Main St,Nashville,AR,71852,4.6,177,Tire shop,,,https://www.google.com/maps/place/Neeley%27s+Service+Center+and+Wrecker+Inc./data=!4m7!3m6!1s0x86349b14e159d891:0x2dfa541b3ad5edfc!8m2!3d33.9405525!4d-93.8467552!16s%2Fg%2F1tdblc8k!19sChIJkdhZ4RSbNIYR_O3VOhtU-i0?authuser=0&hl=en&rclk=1,auto repair shop,Hempstead County,county,AR,2026-07-22T00:17:12,0x86349b14e159d891:0x2dfa541b3ad5edfc
Getcha Goin Auto,,,,"1519 Malcolm Ave, Newport, AR 72112, United States",1519 Malcolm Ave,Newport,AR,72112,,,Auto repair shop,,,https://www.google.com/maps/place/Getcha+Goin+Auto/data=!4m7!3m6!1s0x87d3f459d5fd0001:0xb2c31ef63f36dd4e!8m2!3d35.6060513!4d-91.260251!16s%2Fg%2F11fll6ht05!19sChIJAQD91Vn004cRTt02P_Yew7I?authuser=0&hl=en&rclk=1,auto repair shop,Jackson County,county,AR,2026-07-10T18:17:25,0x87d3f459d5fd0001:0xb2c31ef63f36dd4e
Newport Auto Body Shop Inc.,(870) 523-6572,,,"1300 AR-367, Newport, AR 72112, United States",1300 AR-367,Newport,AR,72112,4.6,16,Auto body shop,,,https://www.google.com/maps/place/Newport+Auto+Body+Shop+Inc./data=!4m7!3m6!1s0x87d3f44ce7ec0717:0x4eaf1d160b042bec!8m2!3d35.618146!4d-91.251365!16s%2Fg%2F1tff3ktp!19sChIJFwfs50z004cR7CsECxYdr04?authuser=0&hl=en&rclk=1,auto repair shop,Jackson County,county,AR,2026-07-22T00:41:59,0x87d3f44ce7ec0717:0x4eaf1d160b042bec
"Discount Tire & Brake, Inc.",(501) 502-2316,https://www.discounttireandbrake.com/locations/6001-john-f-kennedy-blvd-north-little-rock-ar-72116?store_number=4604&utm_source=organic&utm_medium=gbp&utm_campaign=4604,,"6001 John F Kennedy Blvd, North Little Rock, AR 72116, United States",6001 John F Kennedy Blvd,North Little Rock,AR,72116,4.6,649,Tire shop,,,"https://www.google.com/maps/place/Discount+Tire+%26+Brake,+Inc./data=!4m7!3m6!1s0x87d2bdb862d06405:0xe1d88664ebb21804!8m2!3d34.810942!4d-92.2457616!16s%2Fg%2F1tdmfdyf!19sChIJBWTQYri90ocRBBiy62SG2OE?authuser=0&hl=en&rclk=1",auto repair shop,Dallas County,county,AR,2026-07-21T23:27:20,0x87d2bdb862d06405:0xe1d88664ebb21804
GT Auto Repairs Gas and Diesel,,,,"3004 E Broadway St, North Little Rock, AR 72114, United States",3004 E Broadway St,North Little Rock,AR,72114,5.0,1,Auto repair shop,,,https://www.google.com/maps/place/GT+Auto+Repairs+Gas+and+Diesel/data=!4m7!3m6!1s0x87d2bd679f59b595:0xeb71a182d4f62100!8m2!3d34.755033!4d-92.2334781!16s%2Fg%2F11nbbfy71w!19sChIJlbVZn2e90ocRACH21IKhces?authuser=0&hl=en&rclk=1,auto repair shop,Pulaski County,county,AR,2026-07-22T03:19:08,0x87d2bd679f59b595:0xeb71a182d4f62100
Meineke Car Care Center,(501) 712-3697,https://www.meineke.com/locations/ar/north-little-rock-2681/?utm_source=google&utm_medium=organic&utm_campaign=gbp_website,,"7121 John F Kennedy Blvd, North Little Rock, AR 72116, United States",7121 John F Kennedy Blvd,North Little Rock,AR,72116,4.5,853,Auto repair shop,,,https://www.google.com/maps/place/Meineke+Car+Care+Center/data=!4m7!3m6!1s0x87d2bdc2a05d9927:0xcae807b0b72012ff!8m2!3d34.8198072!4d-92.2345993!16s%2Fg%2F11cn5qq40d!19sChIJJ5ldoMK90ocR_xIgt7AH6Mo?authuser=0&hl=en&rclk=1,auto repair shop,Pulaski County,county,AR,2026-07-22T03:19:09,0x87d2bdc2a05d9927:0xcae807b0b72012ff
NAPA Auto Parts - Wayne's Auto Supply & Machine Machine,(479) 667-2169,https://www.napaonline.com/en/AR/Ozark/store/24507?cid=pl_jobber_google_dac_24507_ao,,"201 N 5th St, Ozark, AR 72949, United States",201 N 5th St,Ozark,AR,72949,4.6,70,Auto parts store,,,https://www.google.com/maps/place/NAPA+Auto+Parts+-+Wayne%27s+Auto+Supply+%26+Machine+Machine/data=!4m7!3m6!1s0x87cb8ca14450b04b:0xa1255a754f861e92!8m2!3d35.488214!4d-93.829354!16s%2Fg%2F1tpbchwr!19sChIJS7BQRKGMy4cRkh6GT3VaJaE?authuser=0&hl=en&rclk=1,auto repair shop,Franklin County,county,AR,2026-07-21T23:43:59,0x87cb8ca14450b04b:0xa1255a754f861e92
Silver Star Imports,,,,"2009 US-64, Ozark, AR 72949, United States",2009 US-64,Ozark,AR,72949,,,Auto repair shop,,,https://www.google.com/maps/place/Silver+Star+Imports/data=!4m7!3m6!1s0x87cb8d0010ef76bd:0x8ce55bfe79849490!8m2!3d35.4959808!4d-93.903869!16s%2Fg%2F11vk4v81_5!19sChIJvXbvEACNy4cRkJSEef5b5Yw?authuser=0&hl=en&rclk=1,auto repair shop,Franklin County,county,AR,2026-07-21T23:43:59,0x87cb8d0010ef76bd:0x8ce55bfe79849490
8790 U.S. 412 West,,,,"8790 US-412, Paragould, AR 72450, United States",8790 US-412,Paragould,AR,72450,5.0,2,Auto repair shop,,,https://www.google.com/maps/place/8790+U.S.+412+West/data=!4m7!3m6!1s0x87d687020d074a37:0xfb1ff70355978225!8m2!3d36.0680542!4d-90.6041955!16s%2Fg%2F11gh6zxvkd!19sChIJN0oHDQKH1ocRJYKXVQP3H_s?authuser=0&hl=en&rclk=1,auto repair shop,Greene County,county,AR,2026-07-22T00:11:18,0x87d687020d074a37:0xfb1ff70355978225
8802 U.S. 412 West,,,,"8802 US-412, Paragould, AR 72450, United States",8802 US-412,Paragould,AR,72450,5.0,3,Auto repair shop,,,https://www.google.com/maps/place/8802+U.S.+412+West/data=!4m7!3m6!1s0x87d687421505e85f:0xa1fc5a48b6e5e90c!8m2!3d36.0682461!4d-90.6045384!16s%2Fg%2F11f5mkmj12!19sChIJX-gFFUKH1ocRDOnltkha_KE?authuser=0&hl=en&rclk=1,auto repair shop,Greene County,county,AR,2026-07-22T00:11:18,0x87d687421505e85f:0xa1fc5a48b6e5e90c
Auto Paint & Glass Inc,(870) 236-1841,,,"1001 E Kingshighway, Paragould, AR 72450, United States",1001 E Kingshighway,Paragould,AR,72450,4.8,27,Auto glass shop,,,https://www.google.com/maps/place/Auto+Paint+%26+Glass+Inc/data=!4m7!3m6!1s0x87d67af17dbc248d:0x6527cc14c714ab46!8m2!3d36.0529183!4d-90.4729402!16s%2Fg%2F1tdq1ny_!19sChIJjSS8ffF61ocRRqsUxxTMJ2U?authuser=0&hl=en&rclk=1,auto repair shop,Greene County,county,AR,2026-07-22T00:11:18,0x87d67af17dbc248d:0x6527cc14c714ab46
Freeman Body Shop Inc,(870) 236-1515,,,"700 E Garland St, Paragould, AR 72450, United States",700 E Garland St,Paragould,AR,72450,4.6,158,Auto body shop,,,https://www.google.com/maps/place/Freeman+Body+Shop+Inc/data=!4m7!3m6!1s0x87d67af05b449e13:0x7507508487ce471f!8m2!3d36.0534248!4d-90.4766082!16s%2Fg%2F1thlnm6b!19sChIJE55EW_B61ocRH0fOh4RQB3U?authuser=0&hl=en&rclk=1,auto repair shop,Clay County,county,AR,2026-07-21T21:57:51,0x87d67af05b449e13:0x7507508487ce471f
"Glen Sain Ford, Inc. Service",(870) 236-8546,https://www.glensainford.net/,,"1301 US 49, Paragould, AR 72450, United States",1301 US 49,Paragould,AR,72450,1.0,1,Auto repair shop,,,"https://www.google.com/maps/place/Glen+Sain+Ford,+Inc.+Service/data=!4m7!3m6!1s0x87d67b90e0379f6f:0x2c29706b83976e7!8m2!3d36.0723455!4d-90.4971407!16s%2Fg%2F11mk5q6c9v!19sChIJb5834JB71ocR53Y5uAaXwgI?authuser=0&hl=en&rclk=1",auto repair shop,Greene County,county,AR,2026-07-22T00:11:18,0x87d67b90e0379f6f:0x2c29706b83976e7
Herren Tire Service Inc.,(870) 239-8466,https://www.herrentireservice.com/,,"700 E Kingshighway, Paragould, AR 72450, United States",700 E Kingshighway,Paragould,AR,72450,4.7,486,Tire shop,,,https://www.google.com/maps/place/Herren+Tire+Service+Inc./data=!4m7!3m6!1s0x87d67af0f1f98fcb:0xe5e124aec2d48fcd!8m2!3d36.052329!4d-90.4769423!16s%2Fg%2F1tycx5p_!19sChIJy4_58fB61ocRzY_Uwq4k4eU?authuser=0&hl=en&rclk=1,auto repair shop,Clay County,county,AR,2026-07-21T21:57:51,0x87d67af0f1f98fcb:0xe5e124aec2d48fcd
Hoke's Auto Electric Inc,(870) 239-9493,,,"1800 E Kingshighway, Paragould, AR 72450, United States",1800 E Kingshighway,Paragould,AR,72450,4.6,55,Auto repair shop,,,https://www.google.com/maps/place/Hoke%27s+Auto+Electric+Inc/data=!4m7!3m6!1s0x87d67a8f0e8650e7:0xc5693f69a9fac4fe!8m2!3d36.052256!4d-90.4642954!16s%2Fg%2F1tp08nmt!19sChIJ51CGDo961ocR_sT6qWk_acU?authuser=0&hl=en&rclk=1,auto repair shop,Clay County,county,AR,2026-07-21T21:57:51,0x87d67a8f0e8650e7:0xc5693f69a9fac4fe
Jack's Alignment Inc.,(870) 236-8802,http://jacksalignment.net/,,"717 S 2nd Ave, Paragould, AR 72450, United States",717 S 2nd Ave,Paragould,AR,72450,4.5,77,Auto repair shop,,,https://www.google.com/maps/place/Jack%27s+Alignment+Inc./data=!4m7!3m6!1s0x87d67afc2a36bd6d:0x28107d929664cd93!8m2!3d36.0502695!4d-90.485001!16s%2Fg%2F1tf43hgq!19sChIJbb02Kvx61ocRk81klpJ9ECg?authuser=0&hl=en&rclk=1,auto repair shop,Clay County,county,AR,2026-07-21T21:57:51,0x87d67afc2a36bd6d:0x28107d929664cd93
Marc Siebert's Auto Repair,,,,"304 S 16th Ave, Paragould, AR 72450, United States",304 S 16th Ave,Paragould,AR,72450,5.0,1,Auto repair shop,,,https://www.google.com/maps/place/Marc+Siebert%27s+Auto+Repair/data=!4m7!3m6!1s0x87d67a8d071409d1:0x613260cbd3ffec48!8m2!3d36.0535422!4d-90.4668392!16s%2Fg%2F11md_w_439!19sChIJ0QkUB4161ocRSOz_08tgMmE?authuser=0&hl=en&rclk=1,auto repair shop,Clay County,county,AR,2026-07-21T21:57:51,0x87d67a8d071409d1:0x613260cbd3ffec48
Mid South Muffler Tire Brake Automotive Inc.,(870) 239-2255,,,"115 W Main St, Paragould, AR 72450, United States",115 W Main St,Paragould,AR,72450,4.3,129,Auto repair shop,,,https://www.google.com/maps/place/Mid+South+Muffler+Tire+Brake+Automotive+Inc./data=!4m7!3m6!1s0x87d67afd3c5ab1d3:0xe75489ebf8caa1a0!8m2!3d36.0546813!4d-90.4871224!16s%2Fg%2F11bw677v_s!19sChIJ07FaPP161ocRoKHK-OuJVOc?authuser=0&hl=en&rclk=1,auto repair shop,Clay County,county,AR,2026-07-21T21:57:51,0x87d67afd3c5ab1d3:0xe75489ebf8caa1a0
NAPA Auto Parts - Mosley Auto Parts Inc,(870) 236-1000,https://www.napaonline.com/en/AR/Paragould/store/27649?cid=pl_jobber_google_dac_27649_ao,,"207 E Main St, Paragould, AR 72450, United States",207 E Main St,Paragould,AR,72450,4.7,48,Auto parts store,,,https://www.google.com/maps/place/NAPA+Auto+Parts+-+Mosley+Auto+Parts+Inc/data=!4m7!3m6!1s0x87d67afcdc28c3fd:0x4c376be5d0eb59ca!8m2!3d36.05494!4d-90.483971!16s%2Fg%2F1t_tkv90!19sChIJ_cMo3Px61ocRylnr0OVrN0w?authuser=0&hl=en&rclk=1,auto repair shop,Greene County,county,AR,2026-07-22T00:11:18,0x87d67afcdc28c3fd:0x4c376be5d0eb59ca
Walmart Auto Care Center,(870) 236-4079,https://www.walmart.com/store/36-paragould-ar/auto-care-center/?veh=seo_loc,,"2802 W Kingshighway, Paragould, AR 72450, United States",2802 W Kingshighway,Paragould,AR,72450,3.4,134,Oil change service,,,https://www.google.com/maps/place/Walmart+Auto+Care+Center/data=!4m7!3m6!1s0x87d67b63c96b2e3f:0x24ecc5070ca50238!8m2!3d36.0576243!4d-90.5228286!16s%2Fg%2F1w9y1myc!19sChIJPy5ryWN71ocROAKlDAfF7CQ?authuser=0&hl=en&rclk=1,auto repair shop,Greene County,county,AR,2026-07-22T00:11:18,0x87d67b63c96b2e3f:0x24ecc5070ca50238
Gary's Full Service Station,,,,"914 E Walnut St, Paris, AR 72855, United States",914 E Walnut St,Paris,AR,72855,3.2,5,Auto repair shop,,,https://www.google.com/maps/place/Gary%27s+Full+Service+Station/data=!4m7!3m6!1s0x87cc790022dbeff7:0xab87d22bec525843!8m2!3d35.2917825!4d-93.7213962!16s%2Fg%2F11vwkp64dt!19sChIJ9-_bIgB5zIcRQ1hS7CvSh6s?authuser=0&hl=en&rclk=1,auto repair shop,Logan County,county,AR,2026-07-22T01:28:24,0x87cc790022dbeff7:0xab87d22bec525843
Harris Brake Fire Dept.,,,,"2236 AR-9, Perryville, AR 72126, United States",2236 AR-9,Perryville,AR,72126,,,Auto repair shop,,,https://www.google.com/maps/place/Harris+Brake+Fire+Dept./data=!4m7!3m6!1s0x87cd136d8600139b:0x9334b68cc13a36f4!8m2!3d34.9369569!4d-92.8075561!16s%2Fg%2F11h5vz22_t!19sChIJmxMAhm0TzYcR9DY6wYy2NJM?authuser=0&hl=en&rclk=1,auto repair shop,Perry County,county,AR,2026-07-22T02:34:26,0x87cd136d8600139b:0x9334b68cc13a36f4
Mikes Hot Rod Shop,,,,"68 Old 216 Spur, Perryville, AR 72126, United States",68 Old 216 Spur,Perryville,AR,72126,4.8,8,Auto restoration service,,,https://www.google.com/maps/place/Mikes+Hot+Rod+Shop/data=!4m7!3m6!1s0x87cd6d13c6b5df3f:0xa38e9c04b4799583!8m2!3d34.9809167!4d-92.7516542!16s%2Fg%2F11c1447whc!19sChIJP9-1xhNtzYcRg5V5tAScjqM?authuser=0&hl=en&rclk=1,auto repair shop,Perry County,county,AR,2026-07-22T02:34:26,0x87cd6d13c6b5df3f:0xa38e9c04b4799583
Napa Auto Care Center,,,,"W Scenic Dr, Perryville, AR 72126, United States",W Scenic Dr,Perryville,AR,72126,5.0,1,Truck accessories store,,,https://www.google.com/maps/place/Napa+Auto+Care+Center/data=!4m7!3m6!1s0x87cd0d61aee30785:0x8e01ac540fa01193!8m2!3d35.0089192!4d-92.8008469!16s%2Fg%2F11fqtm642x!19sChIJhQfjrmENzYcRkxGgD1SsAY4?authuser=0&hl=en&rclk=1,auto repair shop,Perry County,county,AR,2026-07-22T02:34:26,0x87cd0d61aee30785:0x8e01ac540fa01193
870 MINI CUSTOMS IN SMALL ENGINE REPAIR,,,,"2622 W 17th Ave, Pine Bluff, AR 71603, United States",2622 W 17th Ave,Pine Bluff,AR,71603,5.0,1,Motorcycle repair shop,,,https://www.google.com/maps/place/870+MINI+CUSTOMS+IN+SMALL+ENGINE+REPAIR/data=!4m7!3m6!1s0x862d3d0050648383:0x250cc92d91da51be!8m2!3d34.2094288!4d-92.0313241!16s%2Fg%2F11z2svt9lt!19sChIJg4NkUAA9LYYRvlHakS3JDCU?authuser=0&hl=en&rclk=1,auto repair shop,Jefferson County,county,AR,2026-07-22T00:52:07,0x862d3d0050648383:0x250cc92d91da51be
B & D AUTOMOTIVE,,,,"School St, Pine Bluff, AR 71602, United States",School St,Pine Bluff,AR,71602,,,Auto repair shop,,,https://www.google.com/maps/place/B+%26+D+AUTOMOTIVE/data=!4m7!3m6!1s0x862d3beed4bbbddf:0x3e46421beb92bba3!8m2!3d34.24164!4d-92.0540109!16s%2Fg%2F11zggymlg2!19sChIJ37271O47LYYRo7uS6xtCRj4?authuser=0&hl=en&rclk=1,auto repair shop,Jefferson County,county,AR,2026-07-22T00:52:07,0x862d3beed4bbbddf:0x3e46421beb92bba3
C M & K Mechanic Shop,,,,"801 E 2nd Ave, Pine Bluff, AR 71601, United States",801 E 2nd Ave,Pine Bluff,AR,71601,4.0,8,Auto repair shop,,,https://www.google.com/maps/place/C+M+%26+K+Mechanic+Shop/data=!4m7!3m6!1s0x862d3b57afcd5697:0x220524a7ea54bc62!8m2!3d34.2282665!4d-91.9958575!16s%2Fg%2F1tdc0_rm!19sChIJl1bNr1c7LYYRYrxU6qckBSI?authuser=0&hl=en&rclk=1,auto repair shop,Cleveland County,county,AR,2026-07-21T22:18:36,0x862d3b57afcd5697:0x220524a7ea54bc62
Ford's auto shop,,,,"1201 S Tennessee St, Pine Bluff, AR 71601, United States",1201 S Tennessee St,Pine Bluff,AR,71601,,,Auto repair shop,,,https://www.google.com/maps/place/Ford%27s+auto+shop/data=!4m7!3m6!1s0x862d3d002d067c5d:0x9bf53f703401eb37!8m2!3d34.2177701!4d-91.9980367!16s%2Fg%2F11yhbrllss!19sChIJXXwGLQA9LYYRN-sBNHA_9Zs?authuser=0&hl=en&rclk=1,auto repair shop,Cleveland County,county,AR,2026-07-21T22:18:36,0x862d3d002d067c5d:0x9bf53f703401eb37
Gene Kimbrell's Body Shop Inc,(870) 536-8966,,,"3100 S Catalpa St, Pine Bluff, AR 71603, United States",3100 S Catalpa St,Pine Bluff,AR,71603,4.4,44,Auto body shop,,,https://www.google.com/maps/place/Gene+Kimbrell%27s+Body+Shop+Inc/data=!4m7!3m6!1s0x862d3c5c72834d01:0xf0c979116698a2a9!8m2!3d34.1985096!4d-92.033847!16s%2Fg%2F1thtpzbw!19sChIJAU2Dclw8LYYRqaKYZhF5yfA?authuser=0&hl=en&rclk=1,auto repair shop,Cleveland County,county,AR,2026-07-21T22:18:36,0x862d3c5c72834d01:0xf0c979116698a2a9
Goodyear Commercial Tire & Service Centers,(870) 536-4524,http://www.goodyearctsc.com/,,"501 Portea Cir, Pine Bluff, AR 71601, United States",501 Portea Cir,Pine Bluff,AR,71601,4.3,31,Tire shop,,,https://www.google.com/maps/place/Goodyear+Commercial+Tire+%26+Service+Centers/data=!4m7!3m6!1s0x862d2358c212c445:0x84fff5f49d592f3!8m2!3d34.2236507!4d-91.9744622!16s%2Fg%2F11bc73d73p!19sChIJRcQSwlgjLYYR85LVSV__Twg?authuser=0&hl=en&rclk=1,auto repair shop,Jefferson County,county,AR,2026-07-22T00:52:07,0x862d2358c212c445:0x84fff5f49d592f3
K and M automotive,,,,"801 S Blake St, Pine Bluff, AR 71603, United States",801 S Blake St,Pine Bluff,AR,71603,1.0,3,Auto repair shop,,,https://www.google.com/maps/place/K+and+M+automotive/data=!4m7!3m6!1s0x862d3d000f6e01db:0x2cb0d3b86978acb5!8m2!3d34.2209856!4d-92.0431535!16s%2Fg%2F11x165htcf!19sChIJ2wFuDwA9LYYRtax4abjTsCw?authuser=0&hl=en&rclk=1,auto repair shop,Jefferson County,county,AR,2026-07-22T00:52:07,0x862d3d000f6e01db:0x2cb0d3b86978acb5
Meineke Car Care Center,(870) 280-2481,https://www.meineke.com/locations/ar/pine-bluff-4384/?utm_source=google&utm_medium=organic&utm_campaign=gbp_website,,"2700 W 28th Ave, Pine Bluff, AR 71603, United States",2700 W 28th Ave,Pine Bluff,AR,71603,4.2,516,Auto repair shop,,,https://www.google.com/maps/place/Meineke+Car+Care+Center/data=!4m7!3m6!1s0x862d3c5e37d70a5b:0xbbc87a5927e3a778!8m2!3d34.20163!4d-92.030668!16s%2Fg%2F1q627x1w_!19sChIJWwrXN148LYYReKfjJ1l6yLs?authuser=0&hl=en&rclk=1,auto repair shop,Cleveland County,county,AR,2026-07-21T22:18:36,0x862d3c5e37d70a5b:0xbbc87a5927e3a778
Pine Bluff Tire INC,(870) 209-5597,,,"2101 E Harding Ave, Pine Bluff, AR 71601, United States",2101 E Harding Ave,Pine Bluff,AR,71601,4.3,32,Tire shop,,,https://www.google.com/maps/place/Pine+Bluff+Tire+INC/data=!4m7!3m6!1s0x862d231898830e9d:0x17ee3be0d24ef75c!8m2!3d34.2134166!4d-91.9814226!16s%2Fg%2F11q2q05w3d!19sChIJnQ6DmBgjLYYRXPdO0uA77hc?authuser=0&hl=en&rclk=1,auto repair shop,Jefferson County,county,AR,2026-07-22T00:52:07,0x862d231898830e9d:0x17ee3be0d24ef75c
Trotter Ford Body Shop,,,,"3201 S Olive St, Pine Bluff, AR 71603, United States",3201 S Olive St,Pine Bluff,AR,71603,4.2,6,Auto glass shop,,,https://www.google.com/maps/place/Trotter+Ford+Body+Shop/data=!4m7!3m6!1s0x862d3cc26ce0a8b3:0x27bfa0b12d492359!8m2!3d34.1961872!4d-92.0057447!16s%2Fg%2F11hy9n_x_t!19sChIJs6jgbMI8LYYRWSNJLbGgvyc?authuser=0&hl=en&rclk=1,auto repair shop,Jefferson County,county,AR,2026-07-22T00:52:07,0x862d3cc26ce0a8b3:0x27bfa0b12d492359
Wholesale Tire Company Inc,(870) 247-4343,http://www.cotnerswholesaletireco.com/,,"5109 Dollarway Rd, Pine Bluff, AR 71602, United States",5109 Dollarway Rd,Pine Bluff,AR,71602,4.3,188,Tire shop,,,https://www.google.com/maps/place/Wholesale+Tire+Company+Inc/data=!4m7!3m6!1s0x862d3bef2d51e6fb:0x128f476bdc53467c!8m2!3d34.2431611!4d-92.0573759!16s%2Fg%2F1v8j0tbj!19sChIJ--ZRLe87LYYRfEZT3GtHjxI?authuser=0&hl=en&rclk=1,auto repair shop,Jefferson County,county,AR,2026-07-22T00:52:07,0x862d3bef2d51e6fb:0x128f476bdc53467c
John's Automotive,,,,"2541 Harmony Rd, Pocahontas, AR 72455, United States",2541 Harmony Rd,Pocahontas,AR,72455,4.9,10,,,,https://www.google.com/maps/place/John%27s+Automotive/data=!4m7!3m6!1s0x87d6b9a5741af5ef:0x1351550906db29a5!8m2!3d36.2033844!4d-91.0277518!16s%2Fg%2F1tczffkk!19sChIJ7_UadKW51ocRpSnbBglVURM?authuser=0&hl=en&rclk=1,auto repair shop,Randolph County,county,AR,2026-07-22T03:28:16,0x87d6b9a5741af5ef:0x1351550906db29a5
NAPA Auto Parts - Auto Tire and Parts,(870) 892-5268,https://www.napaonline.com/en/AR/Pocahontas/store/28303?cid=pl_jobber_google_dac_28303_ao,,"623 U.S. Hwy 67, Pocahontas, AR 72455, United States",623 U.S. Hwy 67,Pocahontas,AR,72455,4.2,51,Auto parts store,,,https://www.google.com/maps/place/NAPA+Auto+Parts+-+Auto+Tire+and+Parts/data=!4m7!3m6!1s0x87d6bf579e80772f:0x86ffcced4f8930b7!8m2!3d36.257245!4d-90.972655!16s%2Fg%2F1tl_m7v2!19sChIJL3eAnle_1ocRtzCJT-3M_4Y?authuser=0&hl=en&rclk=1,auto repair shop,Randolph County,county,AR,2026-07-22T03:28:16,0x87d6bf579e80772f:0x86ffcced4f8930b7
Napa Auto Care Center,,,,"4603 U.S. Hwy 67, Pocahontas, AR 72455, United States",4603 U.S. Hwy 67,Pocahontas,AR,72455,4.3,3,Auto repair shop,,,https://www.google.com/maps/place/Napa+Auto+Care+Center/data=!4m7!3m6!1s0x87d6bee66293a185:0x61a97a4cef161dd0!8m2!3d36.2075762!4d-90.958898!16s%2Fg%2F11j1j6mjtb!19sChIJhaGTYua-1ocR0B0W70x6qWE?authuser=0&hl=en&rclk=1,auto repair shop,Randolph County,county,AR,2026-07-22T03:28:16,0x87d6bee66293a185:0x61a97a4cef161dd0
Walmart Auto Care Center,(870) 892-7802,https://www.walmart.com/store/71-pocahontas-ar/auto-care-center/?veh=seo_loc,,"1415 U.S. Hwy 67, Pocahontas, AR 72455, United States",1415 U.S. Hwy 67,Pocahontas,AR,72455,3.4,44,Oil change service,,,https://www.google.com/maps/place/Walmart+Auto+Care+Center/data=!4m7!3m6!1s0x87d6bf5d51baed2b:0x9c4e3644f755fda1!8m2!3d36.2487148!4d-90.9632509!16s%2Fg%2F1tdmw4mj!19sChIJK-26UV2_1ocRof1V90Q2Tpw?authuser=0&hl=en&rclk=1,auto repair shop,Randolph County,county,AR,2026-07-22T03:28:16,0x87d6bf5d51baed2b:0x9c4e3644f755fda1
"Fleet Tire & Retreading, Inc.",(479) 968-2555,https://www.pointstire.com/pottsville/,,"6284 US-64, Pottsville, AR 72858, United States",6284 US-64,Pottsville,AR,72858,4.6,35,Tire shop,,,"https://www.google.com/maps/place/Fleet+Tire+%26+Retreading,+Inc./data=!4m7!3m6!1s0x87cdab9316a884bd:0x45c46e93574385a5!8m2!3d35.2517472!4d-93.0439746!16s%2Fg%2F1td3m3hx!19sChIJvYSoFpOrzYcRpYVDV5NuxEU?authuser=0&hl=en&rclk=1",auto repair shop,Van Buren County,county,AR,2026-07-22T04:30:12,0x87cdab9316a884bd:0x45c46e93574385a5
Wright's Auto Repair,,,,"201 S Mock St, Prairie Grove, AR 72753, United States",201 S Mock St,Prairie Grove,AR,72753,,,Auto repair shop,,,https://www.google.com/maps/place/Wright%27s+Auto+Repair/data=!4m7!3m6!1s0x87c9790041128931:0xfc00047d542a7124!8m2!3d35.9737453!4d-94.3170594!16s%2Fg%2F11z7q67yrh!19sChIJMYkSQQB5yYcRJHEqVH0EAPw?authuser=0&hl=en&rclk=1,auto repair shop,Prairie County,county,AR,2026-07-22T03:14:02,0x87c9790041128931:0xfc00047d542a7124
NAPA Auto Parts - Haney's Truck and Auto,(870) 887-5761,https://www.napaonline.com/en/AR/Prescott/store/27848?cid=pl_jobber_google_dac_27848_ao,,"211 W Main St, Prescott, AR 71857, United States",211 W Main St,Prescott,AR,71857,4.6,103,Auto parts store,,,https://www.google.com/maps/place/NAPA+Auto+Parts+-+Haney%27s+Truck+and+Auto/data=!4m7!3m6!1s0x86330b0657dd91e1:0x9d4de79ef6aa7540!8m2!3d33.8032974!4d-93.3823809!16s%2Fg%2F1tmqrr19!19sChIJ4ZHdVwYLM4YRQHWq9p7nTZ0?authuser=0&hl=en&rclk=1,auto repair shop,Nevada County,county,AR,2026-07-22T02:21:33,0x86330b0657dd91e1:0x9d4de79ef6aa7540
Ed's Shop Complete Auto Repair,,,,"301 S Main St, Rector, AR 72461, United States",301 S Main St,Rector,AR,72461,3.0,2,Auto repair shop,,,https://www.google.com/maps/place/Ed%27s+Shop+Complete+Auto+Repair/data=!4m7!3m6!1s0x87d63ffda03bf4cb:0xd14b86b0912e5843!8m2!3d36.2644788!4d-90.2923935!16s%2Fg%2F11f9xsxd71!19sChIJy_Q7oP0_1ocRQ1gukbCGS9E?authuser=0&hl=en&rclk=1,auto repair shop,Clay County,county,AR,2026-07-21T21:57:51,0x87d63ffda03bf4cb:0xd14b86b0912e5843
Legacy Auto Care Inc.,(501) 397-2699,https://autolegacy2018.wixsite.com/legacy-auto-care,,"9583 Grant 58, Redfield, AR 72132, United States",9583 Grant 58,Redfield,AR,72132,5.0,26,Auto body shop,,,https://www.google.com/maps/place/Legacy+Auto+Care+Inc./data=!4m7!3m6!1s0x87d2b4b3ca3b0373:0x6d4956eabf98ebd9!8m2!3d34.4922259!4d-92.2106022!16s%2Fg%2F11f54jkdxq!19sChIJcwM7yrO00ocR2euYv-pWSW0?authuser=0&hl=en&rclk=1,auto repair shop,Ashley County,county,AR,2026-07-21T20:25:48,0x87d2b4b3ca3b0373:0x6d4956eabf98ebd9
A & B Auto Glass Inc.,(479) 621-5073,,,"2403 N 2nd St, Rogers, AR 72756, United States",2403 N 2nd St,Rogers,AR,72756,4.6,97,Auto glass shop,,,https://www.google.com/maps/place/A+%26+B+Auto+Glass+Inc./data=!4m7!3m6!1s0x87c91770a939bd93:0xe837bd4a0bda9007!8m2!3d36.3545686!4d-94.116076!16s%2Fg%2F1tdfj68_!19sChIJk705qXAXyYcRB5DaC0q9N-g?authuser=0&hl=en&rclk=1,auto repair shop,Rogers,city,AR,2026-07-13T07:15:55,0x87c91770a939bd93:0xe837bd4a0bda9007
AAMCO Transmissions & Total Car Care,(479) 364-4491,https://www.aamcorogersar.com/?utm_source=G&utm_medium=local&utm_campaign=google-local,,"1901 S 8th St, Rogers, AR 72758, United States",1901 S 8th St,Rogers,AR,72758,4.5,32,Transmission shop,,,https://www.google.com/maps/place/AAMCO+Transmissions+%26+Total+Car+Care/data=!4m7!3m6!1s0x87c917563bf931cd:0x764c8e910761d1dd!8m2!3d36.3112327!4d-94.12586!16s%2Fg%2F11lp5814ns!19sChIJzTH5O1YXyYcR3dFhB5GOTHY?authuser=0&hl=en&rclk=1,auto repair shop,Rogers,city,AR,2026-07-13T07:15:55,0x87c917563bf931cd:0x764c8e910761d1dd
"Almaraz Tire and Service, Inc.",(479) 381-8369,,,"849 W Banz Rd, Rogers, AR 72758, United States",849 W Banz Rd,Rogers,AR,72758,4.8,60,Tire shop,,,"https://www.google.com/maps/place/Almaraz+Tire+and+Service,+Inc./data=!4m7!3m6!1s0x87c917dcaee1004d:0x651a05b7f8459f62!8m2!3d36.3015368!4d-94.1274378!16s%2Fg%2F11gmxx31cm!19sChIJTQDhrtwXyYcRYp9F-LcFGmU?authuser=0&hl=en&rclk=1",auto repair shop,Rogers,city,AR,2026-07-13T07:15:55,0x87c917dcaee1004d:0x651a05b7f8459f62
Auto Maintenance Inc.,(479) 636-8608,https://www.automaint.com/,,"103 N 14th Pl, Rogers, AR 72756, United States",103 N 14th Pl,Rogers,AR,72756,4.6,66,Auto repair shop,,,https://www.google.com/maps/place/Auto+Maintenance+Inc./data=!4m7!3m6!1s0x87c9173b123b825b:0x195dae418ad6989d!8m2!3d36.3344949!4d-94.1374373!16s%2Fg%2F1tq4rm3k!19sChIJW4I7EjsXyYcRnZjWikGuXRk?authuser=0&hl=en&rclk=1,auto repair shop,Rogers,city,AR,2026-07-22T05:12:53,0x87c9173b123b825b:0x195dae418ad6989d
"Best Brake & More, Inc.",(479) 621-9880,,,"2820 NE Hudson Rd, Rogers, AR 72756, United States",2820 NE Hudson Rd,Rogers,AR,72756,4.7,159,Auto repair shop,,,"https://www.google.com/maps/place/Best+Brake+%26+More,+Inc./data=!4m7!3m6!1s0x87c91778dd3b59af:0x9fadf47907cd3b2c!8m2!3d36.359518!4d-94.1121668!16s%2Fg%2F1tt1t6ft!19sChIJr1k73XgXyYcRLDvNB3n0rZ8?authuser=0&hl=en&rclk=1",auto repair shop,Rogers,city,AR,2026-07-22T05:12:53,0x87c91778dd3b59af:0x9fadf47907cd3b2c
Credence Automotive Repair,,http://www.credenceautomotiverepair.com/,,"3010 W Walnut St, Rogers, AR 72756, United States",3010 W Walnut St,Rogers,AR,72756,4.7,84,Car repair and maintenance service,,,https://www.google.com/maps/place/Credence+Automotive+Repair/data=!4m7!3m6!1s0x87c9116b819733ed:0xa580ade0c1974f2!8m2!3d36.334117!4d-94.1658023!16s%2Fg%2F11h2fqzs1r!19sChIJ7TOXgWsRyYcR8nQZDN4KWAo?authuser=0&hl=en&rclk=1,auto repair shop,Benton County,county,AR,2026-07-21T20:45:17,0x87c9116b819733ed:0xa580ade0c1974f2
Firestone Complete Auto Care,(479) 202-9915,https://www.firestonecompleteautocare.com/arkansas/rogers/2603-w-pleasant-crossing-dr/?utm_source=google&utm_medium=organic&utm_campaign=localmaps&cmp=oloc_google_localmaps_maps,,"2603 W Pleasant Crossing Dr, Rogers, AR 72758, United States",2603 W Pleasant Crossing Dr,Rogers,AR,72758,4.3,645,Tire shop,,,https://www.google.com/maps/place/Firestone+Complete+Auto+Care/data=!4m7!3m6!1s0x87c91154b128c8cd:0x957403390bb6bc86!8m2!3d36.2827479!4d-94.152896!16s%2Fg%2F1hc2bj4cc!19sChIJzcgosVQRyYcRhry2CzkDdJU?authuser=0&hl=en&rclk=1,auto repair shop,Benton County,county,AR,2026-07-21T20:45:17,0x87c91154b128c8cd:0x957403390bb6bc86
Firestone Complete Auto Care,(479) 202-6329,https://www.firestonecompleteautocare.com/arkansas/rogers/3925-w-walnut-st/?utm_source=google&utm_medium=organic&utm_campaign=localmaps&cmp=oloc_google_localmaps_maps,,"3925 W Walnut St, Rogers, AR 72756, United States",3925 W Walnut St,Rogers,AR,72756,3.9,568,Tire shop,,,https://www.google.com/maps/place/Firestone+Complete+Auto+Care/data=!4m7!3m6!1s0x87c910e9a6bedb61:0xa4f757c33fe1ebcc!8m2!3d36.3353963!4d-94.1742145!16s%2Fg%2F1tnms7pw!19sChIJYdu-pukQyYcRzOvhP8NX96Q?authuser=0&hl=en&rclk=1,auto repair shop,Benton County,county,AR,2026-07-21T20:45:17,0x87c910e9a6bedb61:0xa4f757c33fe1ebcc
Hack Shack Inc,(479) 636-8817,http://www.hackshackinc.com/,,"11138 N Old Wire Rd, Rogers, AR 72756, United States",11138 N Old Wire Rd,Rogers,AR,72756,4.8,21,Auto restoration service,,,https://www.google.com/maps/place/Hack+Shack+Inc/data=!4m7!3m6!1s0x87c9183df3703b4d:0x8d9b5112f64d2f6a!8m2!3d36.3814926!4d-94.0912392!16s%2Fg%2F1tppshf4!19sChIJTTtw8z0YyYcRai9N9hJRm40?authuser=0&hl=en&rclk=1,auto repair shop,Rogers,city,AR,2026-07-13T07:15:55,0x87c9183df3703b4d:0x8d9b5112f64d2f6a
"Northwest Arkansas U Pull It Auto Parts, Inc.",(479) 282-9225,https://upiautoparts.com/,,"600 W Price Ln, Rogers, AR 72758, United States",600 W Price Ln,Rogers,AR,72758,4.2,1033,Salvage yard,,,"https://www.google.com/maps/place/Northwest+Arkansas+U+Pull+It+Auto+Parts,+Inc./data=!4m7!3m6!1s0x87c9169391975235:0x35f7eecd90ab9042!8m2!3d36.2965304!4d-94.1245005!16s%2Fg%2F1tftxclp!19sChIJNVKXkZMWyYcRQpCrkM3u9zU?authuser=0&hl=en&rclk=1",auto repair shop,Rogers,city,AR,2026-07-13T07:15:55,0x87c9169391975235:0x35f7eecd90ab9042
Old Town Auto Body & Sales Inc,(479) 636-7276,https://www.oldtownautobodyrogers.ablebk.com/,,"111 S Arkansas St, Rogers, AR 72756, United States",111 S Arkansas St,Rogers,AR,72756,4.7,64,Auto body shop,,,https://www.google.com/maps/place/Old+Town+Auto+Body+%26+Sales+Inc/data=!4m7!3m6!1s0x87c917060ee28c67:0xef5ac8c053e32028!8m2!3d36.3325081!4d-94.1148721!16s%2Fg%2F1tvym95r!19sChIJZ4ziDgYXyYcRKCDjU8DIWu8?authuser=0&hl=en&rclk=1,auto repair shop,Benton County,county,AR,2026-07-21T20:45:17,0x87c917060ee28c67:0xef5ac8c053e32028
Silverstar Automotive Inc,(479) 521-7281,,,"2104 S 8th St, Rogers, AR 72758, United States",2104 S 8th St,Rogers,AR,72758,4.0,4,Auto repair shop,,,https://www.google.com/maps/place/Silverstar+Automotive+Inc/data=!4m7!3m6!1s0x87c916ebd1d8818b:0x5373cf5745e459c7!8m2!3d36.3051745!4d-94.1279322!16s%2Fg%2F126390dq2!19sChIJi4HY0esWyYcRx1nkRVfPc1M?authuser=0&hl=en&rclk=1,auto repair shop,Rogers,city,AR,2026-07-13T07:15:55,0x87c916ebd1d8818b:0x5373cf5745e459c7
Walmart Auto Care Center,(479) 636-0035,https://www.walmart.com/store/1-rogers-ar/auto-care-center/?veh=seo_loc,,"2110 W Walnut St, Rogers, AR 72756, United States",2110 W Walnut St,Rogers,AR,72756,3.4,203,Oil change service,,,https://www.google.com/maps/place/Walmart+Auto+Care+Center/data=!4m7!3m6!1s0x87c91aaf38e67703:0x31642445ea75c8c9!8m2!3d36.3313003!4d-94.1490539!16s%2Fg%2F1vd76frn!19sChIJA3fmOK8ayYcRych16kUkZDE?authuser=0&hl=en&rclk=1,auto repair shop,Rogers,city,AR,2026-07-13T07:15:55,0x87c91aaf38e67703:0x31642445ea75c8c9
Walmart Auto Care Center,(479) 621-8497,https://www.walmart.com/store/5260-rogers-ar/auto-care-center/?veh=seo_loc,,"4208 S Pleasant Crossing Blvd, Rogers, AR 72758, United States",4208 S Pleasant Crossing Blvd,Rogers,AR,72758,3.0,163,Oil change service,,,https://www.google.com/maps/place/Walmart+Auto+Care+Center/data=!4m7!3m6!1s0x87c91154d2a4795d:0xf9049c19dbff85d0!8m2!3d36.2788311!4d-94.1512165!16s%2Fg%2F1tmpfg88!19sChIJXXmk0lQRyYcR0IX_2xmcBPk?authuser=0&hl=en&rclk=1,auto repair shop,Rogers,city,AR,2026-07-13T07:15:55,0x87c91154d2a4795d:0xf9049c19dbff85d0
39th Street Truck Repair,,,,"308 E 39th St, Russellville, AR 72802, United States",308 E 39th St,Russellville,AR,72802,2.1,7,Auto repair shop,,,https://www.google.com/maps/place/39th+Street+Truck+Repair/data=!4m7!3m6!1s0x87cc553c0644439d:0xc508ec0eef1d9f79!8m2!3d35.2375106!4d-93.1368862!16s%2Fg%2F11h230ys6r!19sChIJnUNEBjxVzIcReZ8d7w7sCMU?authuser=0&hl=en&rclk=1,auto repair shop,Pope County,county,AR,2026-07-22T03:09:20,0x87cc553c0644439d:0xc508ec0eef1d9f79
Dan's Transmission Co Inc,(479) 967-8558,,,"1356 Sparksford Dr, Russellville, AR 72802, United States",1356 Sparksford Dr,Russellville,AR,72802,3.7,15,Transmission shop,,,https://www.google.com/maps/place/Dan%27s+Transmission+Co+Inc/data=!4m7!3m6!1s0x87cc531f051a0735:0x94c93433eaf09b98!8m2!3d35.302025!4d-93.1203779!16s%2Fg%2F1tj2jf4q!19sChIJNQcaBR9TzIcRmJvw6jM0yZQ?authuser=0&hl=en&rclk=1,auto repair shop,Pope County,county,AR,2026-07-22T03:09:20,0x87cc531f051a0735:0x94c93433eaf09b98
Glenn's Mobile Road Service and Towing,,,,"233 Hidden Valley Ln, Russellville, AR 72802, United States",233 Hidden Valley Ln,Russellville,AR,72802,4.3,19,Truck repair shop,,,https://www.google.com/maps/place/Glenn%27s+Mobile+Road+Service+and+Towing/data=!4m7!3m6!1s0x87cc52be13b84645:0x2e6c519faa2f4b09!8m2!3d35.3324002!4d-93.1163829!16s%2Fg%2F11f37tm3m5!19sChIJRUa4E75SzIcRCUsvqp9RbC4?authuser=0&hl=en&rclk=1,auto repair shop,Logan County,county,AR,2026-07-22T01:28:24,0x87cc52be13b84645:0x2e6c519faa2f4b09
Goodyear Auto Service,(479) 968-4912,https://www.goodyear.com/en-us/goodyearautoservice,,"603 N Arkansas Ave, Russellville, AR 72801, United States",603 N Arkansas Ave,Russellville,AR,72801,4.3,153,Tire shop,,,https://www.google.com/maps/place/Goodyear+Auto+Service/data=!4m7!3m6!1s0x87cc5374b0fbdff5:0x573ace20d53284db!8m2!3d35.2836058!4d-93.1340985!16s%2Fg%2F1tf9tc13!19sChIJ9d_7sHRTzIcR24Qy1SDOOlc?authuser=0&hl=en&rclk=1,auto repair shop,Pope County,county,AR,2026-07-22T03:09:20,0x87cc5374b0fbdff5:0x573ace20d53284db
Honda Service,,https://www.hondaofrussellville.com/,,"2407 AR 7, Russellville, AR 72802, United States",2407 AR 7,Russellville,AR,72802,5.0,2,Auto repair shop,,,https://www.google.com/maps/place/Honda+Service/data=!4m7!3m6!1s0x87cc53ab292e5b41:0xa3e6a06319c184ef!8m2!3d35.3055615!4d-93.1407112!16s%2Fg%2F11fy4tlxh3!19sChIJQVsuKatTzIcR74TBGWOg5qM?authuser=0&hl=en&rclk=1,auto repair shop,Pope County,county,AR,2026-07-22T03:09:20,0x87cc53ab292e5b41:0xa3e6a06319c184ef
Mazda Service,,,,"1900 E Main St Ste 1, Russellville, AR 72801, United States",1900 E Main St Ste 1,Russellville,AR,72801,3.7,3,Auto repair shop,,,https://www.google.com/maps/place/Mazda+Service/data=!4m7!3m6!1s0x87cc534447bb37a1:0xe5b9cf11f0a34bd3!8m2!3d35.2778683!4d-93.1110715!16s%2Fg%2F11fyxc7x_q!19sChIJoTe7R0RTzIcR00uj8BHPueU?authuser=0&hl=en&rclk=1,auto repair shop,Pope County,county,AR,2026-07-22T03:09:20,0x87cc534447bb37a1:0xe5b9cf11f0a34bd3
Meza International Truck And Trailer Service Inc,,,,"50 Joyce Ln, Russellville, AR 72802, United States",50 Joyce Ln,Russellville,AR,72802,5.0,5,Truck repair shop,,,https://www.google.com/maps/place/Meza+International+Truck+And+Trailer+Service+Inc/data=!4m7!3m6!1s0x87cdad004d0ee6c3:0xc7e8f7341b239c08!8m2!3d35.281111!4d-93.0879999!16s%2Fg%2F11x8y16dlx!19sChIJw-YOTQCtzYcRCJwjGzT36Mc?authuser=0&hl=en&rclk=1,auto repair shop,Pope County,county,AR,2026-07-22T03:09:20,0x87cdad004d0ee6c3:0xc7e8f7341b239c08
Off Road Tire Inc,(479) 968-4969,,,"106 W Tacoma Ave, Russellville, AR 72801, United States",106 W Tacoma Ave,Russellville,AR,72801,5.0,29,Tire shop,,,https://www.google.com/maps/place/Off+Road+Tire+Inc/data=!4m7!3m6!1s0x87cc53d013611307:0xbdacae9df5bf94b!8m2!3d35.2952627!4d-93.169168!16s%2Fg%2F1tgxjldm!19sChIJBxNhE9BTzIcRS_lb3-nK2gs?authuser=0&hl=en&rclk=1,auto repair shop,Pope County,county,AR,2026-07-22T03:09:20,0x87cc53d013611307:0xbdacae9df5bf94b
Russellville Auto Repair,,,,"108 Skyline Dr, Russellville, AR 72801, United States",108 Skyline Dr,Russellville,AR,72801,,,Auto repair shop,,,https://www.google.com/maps/place/Russellville+Auto+Repair/data=!4m7!3m6!1s0x87cc53001237cc9f:0x6852900858fdff16!8m2!3d35.2875024!4d-93.1676835!16s%2Fg%2F11y8t8g93x!19sChIJn8w3EgBTzIcRFv_9WAiQUmg?authuser=0&hl=en&rclk=1,auto repair shop,Pope County,county,AR,2026-07-22T03:09:20,0x87cc53001237cc9f:0x6852900858fdff16
Tires R Us,,,,"3507 S Arkansas Ave, Russellville, AR 72802, United States",3507 S Arkansas Ave,Russellville,AR,72802,5.0,2,Auto repair shop,,,https://www.google.com/maps/place/Tires+R+Us/data=!4m7!3m6!1s0x87cc5461ca0194a9:0xc69276acaba469b8!8m2!3d35.238493!4d-93.1397574!16s%2Fg%2F1tsyq9jn!19sChIJqZQBymFUzIcRuGmkq6x2ksY?authuser=0&hl=en&rclk=1,auto repair shop,Pope County,county,AR,2026-07-22T03:09:20,0x87cc5461ca0194a9:0xc69276acaba469b8
Main Street Tire & Lube Inc,(870) 895-2917,,,"351 N Main St, Salem, AR 72576, United States",351 N Main St,Salem,AR,72576,4.8,125,Tire shop,,,https://www.google.com/maps/place/Main+Street+Tire+%26+Lube+Inc/data=!4m7!3m6!1s0x87d109cd154a144d:0x3c1ece0c87513aa7!8m2!3d36.3779028!4d-91.8205774!16s%2Fg%2F1thqh8vd!19sChIJTRRKFc0J0YcRpzpRhwzOHjw?authuser=0&hl=en&rclk=1,auto repair shop,Fulton County,county,AR,2026-07-21T23:49:30,0x87d109cd154a144d:0x3c1ece0c87513aa7
Scott Automotive Center Inc,(501) 961-9300,,,"14831 US-165, Scott, AR 72142, United States",14831 US-165,Scott,AR,72142,4.5,31,Auto repair shop,,,https://www.google.com/maps/place/Scott+Automotive+Center+Inc/data=!4m7!3m6!1s0x87d2c64f5c84db47:0x25b0ba8a4acb15f!8m2!3d34.7034524!4d-92.1028993!16s%2Fg%2F1vysx1r8!19sChIJR9uEXE_G0ocRX7GspKgLWwI?authuser=0&hl=en&rclk=1,auto repair shop,Ashley County,county,AR,2026-07-21T20:25:48,0x87d2c64f5c84db47:0x25b0ba8a4acb15f
Daves Auto Repair,,,,"508 E Booth Rd, Searcy, AR 72143, United States",508 E Booth Rd,Searcy,AR,72143,,,Auto repair shop,,,https://www.google.com/maps/place/Daves+Auto+Repair/data=!4m7!3m6!1s0x87d3a90055194e0d:0xcb8b145c45c61641!8m2!3d35.2256488!4d-91.7274017!16s%2Fg%2F11vx479fgl!19sChIJDU4ZVQCp04cRQRbGRVwUi8s?authuser=0&hl=en&rclk=1,auto repair shop,White County,county,AR,2026-07-22T04:41:36,0x87d3a90055194e0d:0xcb8b145c45c61641
Nissan Service,,,,"3131 E Beebe Capps Expy, Searcy, AR 72143, United States",3131 E Beebe Capps Expy,Searcy,AR,72143,4.6,9,Auto repair shop,,,https://www.google.com/maps/place/Nissan+Service/data=!4m7!3m6!1s0x87d3a84483b50203:0x37dc8afcc0f0bd43!8m2!3d35.2337346!4d-91.7004847!16s%2Fg%2F11g9qc1ht4!19sChIJAwK1g0So04cRQ73wwPyK3Dc?authuser=0&hl=en&rclk=1,auto repair shop,White County,county,AR,2026-07-22T04:41:36,0x87d3a84483b50203:0x37dc8afcc0f0bd43
Pro Tech Auto Repair,,,,"2700 Shiloh Rd #8, Searcy, AR 72143, United States",2700 Shiloh Rd #8,Searcy,AR,72143,5.0,18,Auto repair shop,,,https://www.google.com/maps/place/Pro+Tech+Auto+Repair/data=!4m7!3m6!1s0x87d3a928321b8951:0x7e735c6e195a90a5!8m2!3d35.2280496!4d-91.7069946!16s%2Fg%2F11yywpv7qd!19sChIJUYkbMiip04cRpZBaGW5cc34?authuser=0&hl=en&rclk=1,auto repair shop,Searcy County,county,AR,2026-07-22T03:49:16,0x87d3a928321b8951:0x7e735c6e195a90a5
Take 5 Oil Change,(501) 593-4281,https://www.take5.com/locations/oil-change/arkansas/searcy/33010/?utm_source=google&utm_medium=organic&utm_campaign=gbp_website,,"3600 E Race Ave, Searcy, AR 72143, United States",3600 E Race Ave,Searcy,AR,72143,4.6,552,Oil change service,,,https://www.google.com/maps/place/Take+5+Oil+Change/data=!4m7!3m6!1s0x87d3a917259b3df1:0xffff2e2018dd59de!8m2!3d35.2506831!4d-91.6853236!16s%2Fg%2F11x5n5zl46!19sChIJ8T2bJRep04cR3lndGCAu__8?authuser=0&hl=en&rclk=1,auto repair shop,White County,county,AR,2026-07-22T04:41:36,0x87d3a917259b3df1:0xffff2e2018dd59de
Toyota Service,,https://www.orrtoyotaofsearcy.com/,,"1745 Janet Dr, Searcy, AR 72143, United States",1745 Janet Dr,Searcy,AR,72143,5.0,1,Auto repair shop,,,https://www.google.com/maps/place/Toyota+Service/data=!4m7!3m6!1s0x87d3a861b2d16c6b:0x74a82353d223138e!8m2!3d35.2318777!4d-91.7075816!16s%2Fg%2F11g9q4s643!19sChIJa2zRsmGo04cRjhMj0lMjqHQ?authuser=0&hl=en&rclk=1,auto repair shop,White County,county,AR,2026-07-22T04:41:36,0x87d3a861b2d16c6b:0x74a82353d223138e
B&B Tire Center Inc,(870) 942-7079,http://www.bbtire.net/,,"1122 S Rock St, Sheridan, AR 72150, United States",1122 S Rock St,Sheridan,AR,72150,4.6,139,Tire shop,,,https://www.google.com/maps/place/B%26B+Tire+Center+Inc/data=!4m7!3m6!1s0x862d59e71c958773:0x8023c2c5179200df!8m2!3d34.2922222!4d-92.3975!16s%2Fg%2F1pxw29lst!19sChIJc4eVHOdZLYYR3wCSF8XCI4A?authuser=0&hl=en&rclk=1,auto repair shop,Cleveland County,county,AR,2026-07-21T22:18:36,0x862d59e71c958773:0x8023c2c5179200df
Samson autoworks,,,,"1848 Hwy 167South, Sheridan, AR 72150, United States",1848 Hwy 167South,Sheridan,AR,72150,5.0,1,Auto body shop,,,https://www.google.com/maps/place/Samson+autoworks/data=!4m7!3m6!1s0x862d5f6d94f13103:0x8d98299b9a5b0274!8m2!3d34.2842134!4d-92.3981259!16s%2Fg%2F11q4jvx84v!19sChIJAzHxlG1fLYYRdAJbmpspmI0?authuser=0&hl=en&rclk=1,auto repair shop,Grant County,county,AR,2026-07-22T00:01:40,0x862d5f6d94f13103:0x8d98299b9a5b0274
Troy's Restorations,,,,"311 E Center St, Sheridan, AR 72150, United States",311 E Center St,Sheridan,AR,72150,,,Auto repair shop,,,https://www.google.com/maps/place/Troy%27s+Restorations/data=!4m7!3m6!1s0x862d5940b2abbf8f:0xda40e7a2c3db6587!8m2!3d34.3065916!4d-92.3977001!16s%2Fg%2F11l5ns2x6m!19sChIJj7-rskBZLYYRh2Xbw6LnQNo?authuser=0&hl=en&rclk=1,auto repair shop,Grant County,county,AR,2026-07-22T00:01:40,0x862d5940b2abbf8f:0xda40e7a2c3db6587
"KEVIN'S AUTO TECH, INC.",(501) 723-8411,,,"105 AR-9, Shirley, AR 72153, United States",105 AR-9,Shirley,AR,72153,4.8,12,Auto repair shop,,,"https://www.google.com/maps/place/KEVIN%27S+AUTO+TECH,+INC./data=!4m7!3m6!1s0x87d2128323ba8327:0xd70dd9249cade8d4!8m2!3d35.6504343!4d-92.32056!16s%2Fg%2F1tffk9kb!19sChIJJ4O6I4MS0ocR1OitnCTZDdc?authuser=0&hl=en&rclk=1",auto repair shop,Ashley County,county,AR,2026-07-21T20:25:48,0x87d2128323ba8327:0xd70dd9249cade8d4
Ozark's Mechanic,,,,"9 Bradley Dr, Smithville, AR 72466, United States",9 Bradley Dr,Smithville,AR,72466,,,Auto repair shop,,,https://www.google.com/maps/place/Ozark%27s+Mechanic/data=!4m7!3m6!1s0x87d151b4118b6c69:0x59a878293a0e49f6!8m2!3d36.0799707!4d-91.3026295!16s%2Fg%2F11yv1g0fj7!19sChIJaWyLEbRR0YcR9kkOOil4qFk?authuser=0&hl=en&rclk=1,auto repair shop,Clay County,county,AR,2026-07-21T21:57:51,0x87d151b4118b6c69:0x59a878293a0e49f6
412 Route Collision Center Inc.,(479) 717-2500,http://www.412routecollisions.com/,,"1106 Shaver St, Springdale, AR 72762, United States",1106 Shaver St,Springdale,AR,72762,5.0,153,Auto body shop,,,https://www.google.com/maps/place/412+Route+Collision+Center+Inc./data=!4m7!3m6!1s0x87c96bf972d23157:0x4aa553783f5a90b3!8m2!3d36.1761613!4d-94.17082!16s%2Fg%2F11h0bp_6_7!19sChIJVzHScvlryYcRs5BaP3hTpUo?authuser=0&hl=en&rclk=1,auto repair shop,Springdale,city,AR,2026-07-22T05:07:57,0x87c96bf972d23157:0x4aa553783f5a90b3
AAMCO Transmissions & Total Car Care,(479) 446-6195,https://www.aamcospringdalear.com/?utm_source=G&utm_medium=local&utm_campaign=google-local,,"3801 Kelley Ave, Springdale, AR 72762, United States",3801 Kelley Ave,Springdale,AR,72762,4.5,173,Transmission shop,,,https://www.google.com/maps/place/AAMCO+Transmissions+%26+Total+Car+Care/data=!4m7!3m6!1s0x87c96cc784540f73:0xf44a959e07fab352!8m2!3d36.177512!4d-94.172374!16s%2Fg%2F1tdfz7qh!19sChIJcw9UhMdsyYcRUrP6B56VSvQ?authuser=0&hl=en&rclk=1,auto repair shop,Franklin County,county,AR,2026-07-21T23:43:59,0x87c96cc784540f73:0xf44a959e07fab352
Enrique’s Auto Repair,,,,"1410 Crutcher St, Springdale, AR 72764, United States",1410 Crutcher St,Springdale,AR,72764,5.0,3,Auto repair shop,,,https://www.google.com/maps/place/Enrique%E2%80%99s+Auto+Repair/data=!4m7!3m6!1s0x87c96bb5ce1b7007:0xecdaa04a3caf1aad!8m2!3d36.167693!4d-94.1305053!16s%2Fg%2F11v195nzjm!19sChIJB3AbzrVryYcRrRqvPEqg2uw?authuser=0&hl=en&rclk=1,auto repair shop,Springdale,city,AR,2026-07-22T05:07:57,0x87c96bb5ce1b7007:0xecdaa04a3caf1aad
Firestone Complete Auto Care,(479) 231-1925,https://www.firestonecompleteautocare.com/arkansas/springdale/512-n-thompson-st/?utm_source=google&utm_medium=organic&utm_campaign=localmaps&cmp=oloc_google_localmaps_maps,,"512 N Thompson St, Springdale, AR 72764, United States",512 N Thompson St,Springdale,AR,72764,4.5,613,Tire shop,,,https://www.google.com/maps/place/Firestone+Complete+Auto+Care/data=!4m7!3m6!1s0x87c96bbb496dbf83:0xec7db6780b74eed5!8m2!3d36.1891721!4d-94.1388619!16s%2Fg%2F11gs54q6cd!19sChIJg79tSbtryYcR1e50C3i2few?authuser=0&hl=en&rclk=1,auto repair shop,Franklin County,county,AR,2026-07-21T23:43:59,0x87c96bbb496dbf83:0xec7db6780b74eed5
Goodyear Commercial Tire & Service Centers,(479) 756-6011,http://www.goodyearctsc.com/,,"480 N 40th St, Springdale, AR 72762, United States",480 N 40th St,Springdale,AR,72762,4.4,70,Tire shop,,,https://www.google.com/maps/place/Goodyear+Commercial+Tire+%26+Service+Centers/data=!4m7!3m6!1s0x87c96ccca320dc5f:0xb2fce4057b61e21c!8m2!3d36.1892242!4d-94.1774587!16s%2Fg%2F11bc73m95b!19sChIJX9wgo8xsyYcRHOJhewXk_LI?authuser=0&hl=en&rclk=1,auto repair shop,Springdale,city,AR,2026-07-13T06:55:10,0x87c96ccca320dc5f:0xb2fce4057b61e21c
Jiffy Lube Oil Change,(479) 334-5639,https://www.jiffylube.com/locations/ar/springdale/3985,,"881 Oak Grove Rd, Springdale, AR 72762, United States",881 Oak Grove Rd,Springdale,AR,72762,4.7,961,Oil change service,,,https://www.google.com/maps/place/Jiffy+Lube+Oil+Change/data=!4m7!3m6!1s0x87c9131d2c05858f:0xc971f62fbc594383!8m2!3d36.1931847!4d-94.1873578!16s%2Fg%2F11jv21l_cn!19sChIJj4UFLB0TyYcRg0NZvC_2cck?authuser=0&hl=en&rclk=1,auto repair shop,Springdale,city,AR,2026-07-22T05:07:57,0x87c9131d2c05858f:0xc971f62fbc594383
Mancia auto services,,,,"2104 Turner St, Springdale, AR 72764, United States",2104 Turner St,Springdale,AR,72764,3.5,2,Auto body shop,,,https://www.google.com/maps/place/Mancia+auto+services/data=!4m7!3m6!1s0x87c96b980105b24d:0x63560e15f166b7d7!8m2!3d36.1655905!4d-94.1351049!16s%2Fg%2F11fkjy828q!19sChIJTbIFAZhryYcR17dm8RUOVmM?authuser=0&hl=en&rclk=1,auto repair shop,Springdale,city,AR,2026-07-22T05:07:57,0x87c96b980105b24d:0x63560e15f166b7d7
Meineke Car Care Center,(479) 231-1215,https://www.meineke.com/locations/ar/springdale-2775/?utm_source=google&utm_medium=organic&utm_campaign=gbp_website,,"3558 S Thompson St, Springdale, AR 72764, United States",3558 S Thompson St,Springdale,AR,72764,4.7,1095,Auto repair shop,,,https://www.google.com/maps/place/Meineke+Car+Care+Center/data=!4m7!3m6!1s0x87c96b79645def5d:0x7aa4babc787ccd9a!8m2!3d36.1531105!4d-94.1453857!16s%2Fg%2F11d_cr_pgt!19sChIJXe9dZHlryYcRms18eLy6pHo?authuser=0&hl=en&rclk=1,auto repair shop,Benton County,county,AR,2026-07-21T20:45:17,0x87c96b79645def5d:0x7aa4babc787ccd9a
Taller de carros,,,,"765 Creek Ave, Springdale, AR 72764, United States",765 Creek Ave,Springdale,AR,72764,5.0,2,Auto repair shop,,,https://www.google.com/maps/place/Taller+de+carros/data=!4m7!3m6!1s0x87c9150022da428f:0xe7f751122d9a6023!8m2!3d36.200899!4d-94.134541!16s%2Fg%2F11w2ff06h8!19sChIJj0LaIgAVyYcRI2CaLRJR9-c?authuser=0&hl=en&rclk=1,auto repair shop,Springdale,city,AR,2026-07-22T05:07:57,0x87c9150022da428f:0xe7f751122d9a6023
"Custom T Repair, Inc.",(501) 208-4730,http://www.customtrepairar.com/,,"4346 AR-9, Springfield, AR 72157, United States",4346 AR-9,Springfield,AR,72157,4.7,35,Truck repair shop,,,"https://www.google.com/maps/place/Custom+T+Repair,+Inc./data=!4m7!3m6!1s0x87d27ffccbdf99bf:0x7b4a9169907c7fd7!8m2!3d35.304298!4d-92.6106031!16s%2Fg%2F11jc9dvtsg!19sChIJv5nfy_x_0ocR1398kGmRSns?authuser=0&hl=en&rclk=1",auto repair shop,Van Buren County,county,AR,2026-07-22T04:30:12,0x87d27ffccbdf99bf:0x7b4a9169907c7fd7
Matt's automotive repair,,,,"938 Plain Dealing Rd, Springhill, LA 71075, United States",938 Plain Dealing Rd,Springhill,LA,71075,4.6,14,Auto repair shop,,,https://www.google.com/maps/place/Matt%27s+automotive+repair/data=!4m7!3m6!1s0x86315fbb48f5c699:0xefabb5927463621a!8m2!3d33.0100404!4d-93.4792027!16s%2Fg%2F11krm9txdd!19sChIJmcb1SLtfMYYRGmJjdJK1q-8?authuser=0&hl=en&rclk=1,auto repair shop,Lafayette County,county,AR,2026-07-22T01:00:16,0x86315fbb48f5c699:0xefabb5927463621a
Stamps Tire & Lube,,,,"200 E Antigo St, Stamps, AR 71860, United States",200 E Antigo St,Stamps,AR,71860,4.0,5,Auto repair shop,,,https://www.google.com/maps/place/Stamps+Tire+%26+Lube/data=!4m7!3m6!1s0x8633eb3e06f015f9:0x6ff5b11ea0138da4!8m2!3d33.3659846!4d-93.4989851!16s%2Fg%2F11ss6fwmgq!19sChIJ-RXwBj7rM4YRpI0ToB6x9W8?authuser=0&hl=en&rclk=1,auto repair shop,Columbia County,county,AR,2026-07-21T22:23:26,0x8633eb3e06f015f9:0x6ff5b11ea0138da4
Citgo Lube,,,,"E Bradley St, Star City, AR 71667, United States",E Bradley St,Star City,AR,71667,4.6,5,Auto repair shop,,,https://www.google.com/maps/place/Citgo+Lube/data=!4m7!3m6!1s0x862d02bd1d2bb94f:0x285663b7e92e2d5f!8m2!3d33.9414794!4d-91.8433429!16s%2Fg%2F11ljcspc9f!19sChIJT7krHb0CLYYRXy0u6bdjVig?authuser=0&hl=en&rclk=1,auto repair shop,Lincoln County,county,AR,2026-07-22T01:17:53,0x862d02bd1d2bb94f:0x285663b7e92e2d5f
St John's Auto Repair Inc.,(870) 370-5127,,,"1604 N Lincoln Ave, Star City, AR 71667, United States",1604 N Lincoln Ave,Star City,AR,71667,5.0,2,Auto repair shop,,,https://www.google.com/maps/place/St+John%27s+Auto+Repair+Inc./data=!4m7!3m6!1s0x862d03001d76a1f3:0x3472cda70cedac8b!8m2!3d33.9594655!4d-91.8424445!16s%2Fg%2F11msl58mw_!19sChIJ86F2HQADLYYRi6ztDKfNcjQ?authuser=0&hl=en&rclk=1,auto repair shop,Cleveland County,county,AR,2026-07-21T22:18:36,0x862d03001d76a1f3:0x3472cda70cedac8b
NAPA Auto Parts - Mitcham Truck & Auto Supply,(870) 797-7300,https://www.napaonline.com/en/AR/Strong/store/24950?cid=pl_jobber_google_dac_24950_ao,,"9580 Strong Hwy, Strong, AR 71765, United States",9580 Strong Hwy,Strong,AR,71765,4.4,18,Auto parts store,,,https://www.google.com/maps/place/NAPA+Auto+Parts+-+Mitcham+Truck+%26+Auto+Supply/data=!4m7!3m6!1s0x862dfc53b1652545:0x2a01800971196db1!8m2!3d33.112126!4d-92.361581!16s%2Fg%2F1vd768qz!19sChIJRSVlsVP8LYYRsW0ZcQmAASo?authuser=0&hl=en&rclk=1,auto repair shop,Union County,county,AR,2026-07-22T04:26:06,0x862dfc53b1652545:0x2a01800971196db1
"SAZ Millsburgh, Kosi & Cleerk Auto Repair Shop",,,,"9666 Strong Hwy, Strong, AR 71765, United States",9666 Strong Hwy,Strong,AR,71765,5.0,1,Auto repair shop,,,"https://www.google.com/maps/place/SAZ+Millsburgh,+Kosi+%26+Cleerk+Auto+Repair+Shop/data=!4m7!3m6!1s0x862dfd7ab596c70f:0xd5e330a624accfbb!8m2!3d33.1117171!4d-92.3585697!16s%2Fg%2F11sj9kwq8x!19sChIJD8eWtXr9LYYRu8-sJKYw49U?authuser=0&hl=en&rclk=1",auto repair shop,Ashley County,county,AR,2026-07-21T20:25:48,0x862dfd7ab596c70f:0xd5e330a624accfbb
Garys Auto Electric,,,,"1901 S Vine St, Stuttgart, AR 72160, United States",1901 S Vine St,Stuttgart,AR,72160,5.0,4,Auto repair shop,,,https://www.google.com/maps/place/Garys+Auto+Electric/data=!4m7!3m6!1s0x862ccac6fb0bffff:0xc6285b89148f55ed!8m2!3d34.4844297!4d-91.5430519!16s%2Fg%2F11hy9p2vpr!19sChIJ__8L-8bKLIYR7VWPFIlbKMY?authuser=0&hl=en&rclk=1,auto repair shop,Monroe County,county,AR,2026-07-22T02:04:55,0x862ccac6fb0bffff:0xc6285b89148f55ed
AAMCO Transmissions & Total Car Care,(870) 621-3769,https://www.aamcotexarkanaar.com/?utm_source=G&utm_medium=local&utm_campaign=google-local,,"1519 Arkansas Blvd, Texarkana, AR 71854, United States",1519 Arkansas Blvd,Texarkana,AR,71854,4.6,133,Transmission shop,,,https://www.google.com/maps/place/AAMCO+Transmissions+%26+Total+Car+Care/data=!4m7!3m6!1s0x86346bec4c2266d7:0xe306c215a0457766!8m2!3d33.461176!4d-94.027252!16s%2Fg%2F11tgcbcm30!19sChIJ12YiTOxrNIYRZndFoBXCBuM?authuser=0&hl=en&rclk=1,auto repair shop,Hempstead County,county,AR,2026-07-22T00:17:11,0x86346bec4c2266d7:0xe306c215a0457766
Goodyear Auto Service,(870) 772-6971,https://www.goodyearautoservice.com/en_US/location/Texarkana-AR-71854-US-000905617,,"5320 N State Line Ave, Texarkana, AR 71854, United States",5320 N State Line Ave,Texarkana,AR,71854,4.5,231,Auto repair shop,,,https://www.google.com/maps/place/Goodyear+Auto+Service/data=!4m7!3m6!1s0x86346991e8bfd6d9:0xe7a168511afb8649!8m2!3d33.4756432!4d-94.0422039!16s%2Fg%2F1tql54cr!19sChIJ2da_6JFpNIYRSYb7GlFooec?authuser=0&hl=en&rclk=1,auto repair shop,Little River County,county,AR,2026-07-22T01:22:20,0x86346991e8bfd6d9:0xe7a168511afb8649
Cars,,,,"3332 Hale Ln, Tyronza, AR 72386, United States",3332 Hale Ln,Tyronza,AR,72386,,,Auto body shop,,,https://www.google.com/maps/place/Cars/data=!4m7!3m6!1s0x87d5bf9b8c7b89e5:0x47445dd388dc0983!8m2!3d35.4873132!4d-90.3404739!16s%2Fg%2F11vf55pht5!19sChIJ5Yl7jJu_1YcRgwnciNNdREc?authuser=0&hl=en&rclk=1,auto repair shop,Cross County,county,AR,2026-07-10T16:49:09,0x87d5bf9b8c7b89e5:0x47445dd388dc0983
Evans Body Shop Inc,(479) 410-1147,http://evansbodyshopvb.com/,,"412 Gordon Ave, Van Buren, AR 72956, United States",412 Gordon Ave,Van Buren,AR,72956,4.9,306,Auto body shop,,,https://www.google.com/maps/place/Evans+Body+Shop+Inc/data=!4m7!3m6!1s0x87cbb507f86f95cb:0x19dd7caeaa73d181!8m2!3d35.4524332!4d-94.3556012!16s%2Fg%2F1tj7wxq1!19sChIJy5Vv-Ae1y4cRgdFzqq583Rk?authuser=0&hl=en&rclk=1,auto repair shop,Crawford County,county,AR,2026-07-21T22:54:22,0x87cbb507f86f95cb:0x19dd7caeaa73d181
Gary's Collision Center Inc,(479) 474-1153,http://www.garyscollisioncenter.com/,,"2530 Fayetteville Rd, Van Buren, AR 72956, United States",2530 Fayetteville Rd,Van Buren,AR,72956,4.9,96,Auto body shop,,,https://www.google.com/maps/place/Gary%27s+Collision+Center+Inc/data=!4m7!3m6!1s0x87cbb59d12694593:0x2eb082155b6ae922!8m2!3d35.4745241!4d-94.3555364!16s%2Fg%2F1tdjrp3w!19sChIJk0VpEp21y4cRIulqWxWCsC4?authuser=0&hl=en&rclk=1,auto repair shop,Crawford County,county,AR,2026-07-21T22:54:22,0x87cbb59d12694593:0x2eb082155b6ae922
Glen's Used Tire,,,,"8430 AR-59, Van Buren, AR 72956, United States",8430 AR-59,Van Buren,AR,72956,4.7,39,Tire shop,,,https://www.google.com/maps/place/Glen%27s+Used+Tire/data=!4m7!3m6!1s0x87cbcb6c8c8fb21b:0x7f0b8ae8f1781b54!8m2!3d35.5605411!4d-94.3687075!16s%2Fg%2F11fkr2fvh9!19sChIJG7KPjGzLy4cRVBt48eiKC38?authuser=0&hl=en&rclk=1,auto repair shop,Crawford County,county,AR,2026-07-21T22:54:22,0x87cbcb6c8c8fb21b:0x7f0b8ae8f1781b54
Goodyear Commercial Tire & Service Centers,(479) 410-2086,http://www.goodyearctsc.com/,,"715 S Co-Op Dr, Van Buren, AR 72956, United States",715 S Co-Op Dr,Van Buren,AR,72956,4.3,97,Tire shop,,,https://www.google.com/maps/place/Goodyear+Commercial+Tire+%26+Service+Centers/data=!4m7!3m6!1s0x87cbb440f5be5981:0x4f93e3ac7b40ae11!8m2!3d35.4251788!4d-94.3376744!16s%2Fg%2F1tw1fc1r!19sChIJgVm-9UC0y4cREa5Ae6zjk08?authuser=0&hl=en&rclk=1,auto repair shop,Crawford County,county,AR,2026-07-21T22:54:22,0x87cbb440f5be5981:0x4f93e3ac7b40ae11
"Hi Tech Truck Refrigeration Service, INC",(479) 474-2220,https://www.hitechtruck.com/,,"6410 Alma Hwy, Van Buren, AR 72956, United States",6410 Alma Hwy,Van Buren,AR,72956,4.6,91,Trailer repair shop,,,"https://www.google.com/maps/place/Hi+Tech+Truck+Refrigeration+Service,+INC/data=!4m7!3m6!1s0x87cbb7b6f52007a3:0xbfb9de5948f0714!8m2!3d35.4657205!4d-94.2679998!16s%2Fg%2F1tjdxff8!19sChIJowcg9ba3y4cRFAePlOWd-ws?authuser=0&hl=en&rclk=1",auto repair shop,Crawford County,county,AR,2026-07-21T22:54:22,0x87cbb7b6f52007a3:0xbfb9de5948f0714
TWC Auto Repair Inc,(479) 474-4751,http://twc-auto-services-inc.edan.io/,,"1803 Main St, Van Buren, AR 72956, United States",1803 Main St,Van Buren,AR,72956,4.5,90,Auto repair shop,,,https://www.google.com/maps/place/TWC+Auto+Repair+Inc/data=!4m7!3m6!1s0x87cbb4493b0f426b:0xca5b61d91cf64e4f!8m2!3d35.43685!4d-94.3402542!16s%2Fg%2F1td48hs6!19sChIJa0IPO0m0y4cRT072HNlhW8o?authuser=0&hl=en&rclk=1,auto repair shop,Crawford County,county,AR,2026-07-21T22:54:22,0x87cbb4493b0f426b:0xca5b61d91cf64e4f
Walmart Auto Care Center,(479) 410-3824,https://www.walmart.com/store/16-van-buren-ar/auto-care-center/?veh=seo_loc,,"2214 Fayetteville Rd, Van Buren, AR 72956, United States",2214 Fayetteville Rd,Van Buren,AR,72956,4.0,123,Oil change service,,,https://www.google.com/maps/place/Walmart+Auto+Care+Center/data=!4m7!3m6!1s0x87cbb59ef790cf21:0x464363043ef90073!8m2!3d35.4693645!4d-94.3535989!16s%2Fg%2F1t_wpwsw!19sChIJIc-Q9561y4cRcwD5PgRjQ0Y?authuser=0&hl=en&rclk=1,auto repair shop,Van Buren County,county,AR,2026-07-10T22:03:40,0x87cbb59ef790cf21:0x464363043ef90073
Discount Tire & Wrecker Services,(870) 693-5806,,,"101 E McKissack, Waldo, AR 71770, United States",101 E McKissack,Waldo,AR,71770,4.5,97,Tire shop,,,https://www.google.com/maps/place/Discount+Tire+%26+Wrecker+Services/data=!4m7!3m6!1s0x8633c7ab1fd92289:0xadc55eb4d532fd17!8m2!3d33.3513039!4d-93.2957952!16s%2Fg%2F1tdvdy_0!19sChIJiSLZH6vHM4YRF_0y1bRexa0?authuser=0&hl=en&rclk=1,auto repair shop,Columbia County,county,AR,2026-07-21T22:23:26,0x8633c7ab1fd92289:0xadc55eb4d532fd17
Cooper Tires,,,,"840 S Main St, Waldron, AR 72958, United States",840 S Main St,Waldron,AR,72958,4.5,13,Tire shop,,,https://www.google.com/maps/place/Cooper+Tires/data=!4m7!3m6!1s0x87cb1367f087437b:0xfb5a9aeb74a5b913!8m2!3d34.892385!4d-94.0904688!16s%2Fg%2F11hb8pg6jc!19sChIJe0OH8GcTy4cRE7mldOuaWvs?authuser=0&hl=en&rclk=1,auto repair shop,Scott County,county,AR,2026-07-10T21:17:55,0x87cb1367f087437b:0xfb5a9aeb74a5b913
R & R Automotive Truck & Equipment Repair,,,,"20 Whitaker Ln, Waldron, AR 72958, United States",20 Whitaker Ln,Waldron,AR,72958,4.4,7,Auto repair shop,,,https://www.google.com/maps/place/R+%26+R+Automotive+Truck+%26+Equipment+Repair/data=!4m7!3m6!1s0x87cb13143ca28d6f:0x8cfd2092888215d3!8m2!3d34.9088775!4d-94.092455!16s%2Fg%2F11fct6f_br!19sChIJb42iPBQTy4cR0xWCiJIg_Yw?authuser=0&hl=en&rclk=1,auto repair shop,Scott County,county,AR,2026-07-22T03:41:28,0x87cb13143ca28d6f:0x8cfd2092888215d3
Walmart Auto Care Center,(870) 886-7580,https://www.walmart.com/store/57-walnut-ridge-ar/auto-care-center/?veh=seo_loc,,"1600 W Main St, Walnut Ridge, AR 72476, United States",1600 W Main St,Walnut Ridge,AR,72476,4.5,32,Oil change service,,,https://www.google.com/maps/place/Walmart+Auto+Care+Center/data=!4m7!3m6!1s0x87d6a3505a925ee7:0x7741260f2a3a6c56!8m2!3d36.0767331!4d-90.9744498!16s%2Fg%2F1wv_srrr!19sChIJ516SWlCj1ocRVmw6Kg8mQXc?authuser=0&hl=en&rclk=1,auto repair shop,Randolph County,county,AR,2026-07-22T03:28:16,0x87d6a3505a925ee7:0x7741260f2a3a6c56
B & M Automotive Inc,(870) 345-6548,http://bmautoarkansas.com/,,"1315 E Church St, Warren, AR 71671, United States",1315 E Church St,Warren,AR,71671,4.0,33,Auto repair shop,,,https://www.google.com/maps/place/B+%26+M+Automotive+Inc/data=!4m7!3m6!1s0x862da4c8d5b6c351:0x29bd0a499e62a533!8m2!3d33.6096206!4d-92.0410221!16s%2Fg%2F1tcvv6s8!19sChIJUcO21cikLYYRM6VinkkKvSk?authuser=0&hl=en&rclk=1,auto repair shop,Bradley County,county,AR,2026-07-21T21:07:13,0x862da4c8d5b6c351:0x29bd0a499e62a533
ATM (Circle N Exxon),,,,"670 Sebastian St, West Helena, AR 72390, United States",670 Sebastian St,West Helena,AR,72390,5.0,1,ATM,,,https://www.google.com/maps/place/ATM+%28Circle+N+Exxon%29/data=!4m7!3m6!1s0x87d4d45816a6ead5:0x588aa23573aa93d3!8m2!3d34.5543285!4d-90.6520913!16s%2Fg%2F1tcvvd5r!19sChIJ1eqmFljU1IcR05OqczWiilg?authuser=0&hl=en&rclk=1,auto repair shop,Phillips County,county,AR,2026-07-10T20:24:33,0x87d4d45816a6ead5:0x588aa23573aa93d3
NAPA Auto Parts - Sibley Auto & Farm Supply,(870) 572-0100,https://www.napaonline.com/en/ar/west-helena/store/30166?cid=pl_DAC_jobber_SibleyAuto&FarmSupply_30166,,"81 Plaza Ave, West Helena, AR 72390, United States",81 Plaza Ave,West Helena,AR,72390,4.4,43,Auto parts store,,,https://www.google.com/maps/place/NAPA+Auto+Parts+-+Sibley+Auto+%26+Farm+Supply/data=!4m7!3m6!1s0x87d4d380ef1ade39:0x9b20394d6c58d8d7!8m2!3d34.5437737!4d-90.6458865!16s%2Fg%2F1tf9tc7_!19sChIJOd4a74DT1IcR19hYbE05IJs?authuser=0&hl=en&rclk=1,auto repair shop,Phillips County,county,AR,2026-07-22T02:44:47,0x87d4d380ef1ade39:0x9b20394d6c58d8d7
Shell Rapid Lube,,,,"2-14 Leonard Ave, West Helena, AR 72390, United States",2-14 Leonard Ave,West Helena,AR,72390,3.0,4,Auto repair shop,,,https://www.google.com/maps/place/Shell+Rapid+Lube/data=!4m7!3m6!1s0x87d4d458177d7a87:0x5e05e33fe9a38774!8m2!3d34.5522963!4d-90.6494453!16s%2Fg%2F11df0nv9pm!19sChIJh3p9F1jU1IcRdIej6T_jBV4?authuser=0&hl=en&rclk=1,auto repair shop,Phillips County,county,AR,2026-07-22T02:44:47,0x87d4d458177d7a87:0x5e05e33fe9a38774
Walmart Auto Care Center,(870) 572-3711,https://www.walmart.com/store/714-helena-west-helena-ar/auto-care-center/?veh=seo_loc,,"602 Shelia St, West Helena, AR 72390, United States",602 Shelia St,West Helena,AR,72390,4.1,37,Oil change service,,,https://www.google.com/maps/place/Walmart+Auto+Care+Center/data=!4m7!3m6!1s0x87d4d2faaaaaaaab:0xe91071b9f4f3a2bb!8m2!3d34.5555165!4d-90.6506296!16s%2Fg%2F1tdjrpcr!19sChIJq6qqqvrS1IcRu6Lz9LlxEOk?authuser=0&hl=en&rclk=1,auto repair shop,Phillips County,county,AR,2026-07-22T02:44:47,0x87d4d2faaaaaaaab:0xe91071b9f4f3a2bb
Burroughs Young Glass Co Inc,(870) 733-1717,,,"1116 E Broadway Ave, West Memphis, AR 72301, United States",1116 E Broadway Ave,West Memphis,AR,72301,4.8,69,Auto glass shop,,,https://www.google.com/maps/place/Burroughs+Young+Glass+Co+Inc/data=!4m7!3m6!1s0x87d5773fa5118ad3:0x17f7e1ae4a058b25!8m2!3d35.1467925!4d-90.1703216!16s%2Fg%2F1tk6qv_g!19sChIJ04oRpT931YcRJYsFSq7h9xc?authuser=0&hl=en&rclk=1,auto repair shop,Crittenden County,county,AR,2026-07-21T23:08:26,0x87d5773fa5118ad3:0x17f7e1ae4a058b25
CARTER & COLE TIRE SERVICE,,,,"215 Graham St, West Memphis, AR 72301, United States",215 Graham St,West Memphis,AR,72301,,,Tire shop,,,https://www.google.com/maps/place/CARTER+%26+COLE+TIRE+SERVICE/data=!4m7!3m6!1s0x87d577189dbe4687:0x7770570a882a589d!8m2!3d35.1488373!4d-90.1807299!16s%2Fg%2F11nk11sb9f!19sChIJh0a-nRh31YcRnVgqiApXcHc?authuser=0&hl=en&rclk=1,auto repair shop,Crittenden County,county,AR,2026-07-21T23:08:26,0x87d577189dbe4687:0x7770570a882a589d
"Goldy's Bodyworks, Inc",(870) 735-4215,,,"400 E Jefferson Ave, West Memphis, AR 72301, United States",400 E Jefferson Ave,West Memphis,AR,72301,4.8,9,Auto body shop,,,"https://www.google.com/maps/place/Goldy%27s+Bodyworks,+Inc/data=!4m7!3m6!1s0x87d577a066922883:0x11e961d5fa4c8648!8m2!3d35.1362011!4d-90.1812218!16s%2Fg%2F11qqt9my1x!19sChIJgyiSZqB31YcRSIZM-tVh6RE?authuser=0&hl=en&rclk=1",auto repair shop,Crittenden County,county,AR,2026-07-21T23:08:26,0x87d577a066922883:0x11e961d5fa4c8648
Goodyear Auto Service,(870) 735-5000,https://www.goodyear.com/en-us/goodyearautoservice,,"1625 N Missouri St, West Memphis, AR 72301, United States",1625 N Missouri St,West Memphis,AR,72301,4.2,149,Tire shop,,,https://www.google.com/maps/place/Goodyear+Auto+Service/data=!4m7!3m6!1s0x87d577024b5ca421:0xb43548638431c7e8!8m2!3d35.1652995!4d-90.184268!16s%2Fg%2F1tdhmc7v!19sChIJIaRcSwJ31YcR6McxhGNINbQ?authuser=0&hl=en&rclk=1,auto repair shop,Crittenden County,county,AR,2026-07-21T23:08:26,0x87d577024b5ca421:0xb43548638431c7e8
Goodyear Commercial Tire & Service Centers,(870) 735-4227,https://www.goodyearctsc.com/locations/details?ns=000162313&lat=35.1485812&lng=-90.0518955&miles=5,,"800 #2 Martin Luther King Jr Dr, West Memphis, AR 72301, United States",800 #2 Martin Luther King Jr Dr,West Memphis,AR,72301,3.7,35,Tire shop,,,https://www.google.com/maps/place/Goodyear+Commercial+Tire+%26+Service+Centers/data=!4m7!3m6!1s0x87d579c37b69b0c3:0x88f8fed14d621472!8m2!3d35.1549093!4d-90.1391719!16s%2Fg%2F11byczrd43!19sChIJw7Bpe8N51YcRchRiTdH--Ig?authuser=0&hl=en&rclk=1,auto repair shop,Crittenden County,county,AR,2026-07-21T23:08:26,0x87d579c37b69b0c3:0x88f8fed14d621472
"Steve""s Auto Body ,West Memphis",,,,"101 E Broadway Blvd St, West Memphis, AR 72301, United States",101 E Broadway Blvd St,West Memphis,AR,72301,,,Auto body shop,,,"https://www.google.com/maps/place/Steve%22s+Auto+Body+,West+Memphis/data=!4m7!3m6!1s0x87d577eb3ec74f31:0x8534adfe79b0737e!8m2!3d35.1462759!4d-90.1845607!16s%2Fg%2F11f7r3t49y!19sChIJMU_HPut31YcRfnOwef6tNIU?authuser=0&hl=en&rclk=1",auto repair shop,Crittenden County,county,AR,2026-07-21T23:08:26,0x87d577eb3ec74f31:0x8534adfe79b0737e
Tackers automotive,,,,"E Broadway Ave, West Memphis, AR 72301, United States",E Broadway Ave,West Memphis,AR,72301,,,Auto repair shop,,,https://www.google.com/maps/place/Tackers+automotive/data=!4m7!3m6!1s0x87d57900145fe739:0x662ecc40c0260746!8m2!3d35.1462604!4d-90.1489681!16s%2Fg%2F11z5wnq63s!19sChIJOedfFAB51YcRRgcmwEDMLmY?authuser=0&hl=en&rclk=1,auto repair shop,Crittenden County,county,AR,2026-07-21T23:08:26,0x87d57900145fe739:0x662ecc40c0260746
Valvoline Instant Oil Change,(870) 394-3951,https://store.vioc.com/ar/west-memphis/308-w-service-rd?utm_source=google&utm_medium=local&utm_campaign=localsearch,,"308 West Service Rd, West Memphis, AR 72301, United States",308 West Service Rd,West Memphis,AR,72301,4.8,294,Oil change service,,,https://www.google.com/maps/place/Valvoline+Instant+Oil+Change/data=!4m7!3m6!1s0x87d577528082dda9:0xcc6e29752e861856!8m2!3d35.16926!4d-90.19261!16s%2Fg%2F11m71ym8xq!19sChIJqd2CgFJ31YcRVhiGLnUpbsw?authuser=0&hl=en&rclk=1,auto repair shop,Crittenden County,county,AR,2026-07-21T23:08:26,0x87d577528082dda9:0xcc6e29752e861856
Walmart Auto Care Center,(870) 732-0303,https://www.walmart.com/store/70-west-memphis-ar/auto-care-center/?veh=seo_loc,,"798 West Service Rd, West Memphis, AR 72301, United States",798 West Service Rd,West Memphis,AR,72301,3.5,240,Oil change service,,,https://www.google.com/maps/place/Walmart+Auto+Care+Center/data=!4m7!3m6!1s0x87d576f6f6904d39:0x313a5f43f3d8ad1c!8m2!3d35.1652632!4d-90.1991319!16s%2Fg%2F1tdm482l!19sChIJOU2Q9vZ21YcRHK3Y80NfOjE?authuser=0&hl=en&rclk=1,auto repair shop,Crittenden County,county,AR,2026-07-21T23:08:26,0x87d576f6f6904d39:0x313a5f43f3d8ad1c
Ricketts homestead,,,,"97 NC 4020, Western Grove, AR 72685, United States",97 NC 4020,Western Grove,AR,72685,,,Auto repair shop,,,https://www.google.com/maps/place/Ricketts+homestead/data=!4m7!3m6!1s0x87ce65004194c5e9:0x20f8414bb21ebcf9!8m2!3d36.0861951!4d-92.975874!16s%2Fg%2F11xp4mkckn!19sChIJ6cWUQQBlzocR-bwesktB-CA?authuser=0&hl=en&rclk=1,auto repair shop,Newton County,county,AR,2026-07-22T02:26:30,0x87ce65004194c5e9:0x20f8414bb21ebcf9
Qm Tire Shop New & Used Tires,,,,"10900 US-270, White Hall, AR 71602, United States",10900 US-270,White Hall,AR,71602,5.0,1,Tire shop,,,https://www.google.com/maps/place/Qm+Tire+Shop+New+%26+Used+Tires/data=!4m7!3m6!1s0x862d478e52e5394d:0x7bab76f713248448!8m2!3d34.2816838!4d-92.1529149!16s%2Fg%2F11s8kl7b7g!19sChIJTTnlUo5HLYYRSIQkE_d2q3s?authuser=0&hl=en&rclk=1,auto repair shop,Jefferson County,county,AR,2026-07-22T00:52:07,0x862d478e52e5394d:0x7bab76f713248448
Big Splash Car Wash,,http://big-splash-car-wash-wynne.edan.io/,,"1907 Falls Blvd, Wynne, AR 72396, United States",1907 Falls Blvd,Wynne,AR,72396,3.9,145,Self service car wash,,,https://www.google.com/maps/place/Big+Splash+Car+Wash/data=!4m7!3m6!1s0x87d458503b412a43:0xda60d66b85b3f64e!8m2!3d35.2470613!4d-90.7823806!16s%2Fg%2F11c5z_8f1f!19sChIJQypBO1BY1IcRTvazhWvWYNo?authuser=0&hl=en&rclk=1,auto repair shop,Cross County,county,AR,2026-07-21T23:22:02,0x87d458503b412a43:0xda60d66b85b3f64e
NAPA Auto Parts - DC Automotive Parts,(870) 238-3281,https://www.napaonline.com/en/AR/Wynne/store/22991?cid=pl_jobber_google_dac_22991_ao,,"1761 Falls Blvd, Wynne, AR 72396, United States",1761 Falls Blvd,Wynne,AR,72396,4.4,45,Auto parts store,,,https://www.google.com/maps/place/NAPA+Auto+Parts+-+DC+Automotive+Parts/data=!4m7!3m6!1s0x87d4585ade8dedc9:0x3545159d82f86ed6!8m2!3d35.2407146!4d-90.7837227!16s%2Fg%2F1tfgds9n!19sChIJye2N3lpY1IcR1m74gp0VRTU?authuser=0&hl=en&rclk=1,auto repair shop,Cross County,county,AR,2026-07-21T23:22:02,0x87d4585ade8dedc9:0x3545159d82f86ed6
Walmart Auto Care Center,(870) 238-7395,https://www.walmart.com/store/68-wynne-ar/auto-care-center/?veh=seo_loc,,"800 US-64, Wynne, AR 72396, United States",800 US-64,Wynne,AR,72396,3.5,47,Oil change service,,,https://www.google.com/maps/place/Walmart+Auto+Care+Center/data=!4m7!3m6!1s0x87d4619c51f1d92f:0x764217225467fc0b!8m2!3d35.2517967!4d-90.9696339!16s%2Fg%2F1tmk90mk!19sChIJL9nxUZxh1IcRC_xnVCIXQnY?authuser=0&hl=en&rclk=1,auto repair shop,Cross County,county,AR,2026-07-21T23:22:02,0x87d4619c51f1d92f:0x764217225467fc0b
