name,phone,website,email,address,street,city,state,zip,rating,review_count,category,hours_status,hours_detail,google_maps_url,search_keyword,search_place,search_type,search_state,scraped_at,place_id
Stamford Mobile Tire Service Inc.,(203) 969-5638,http://smts.pro/,,"Stamford, CT 06905, United States",,,CT,,5.0,59,Tire shop,,,https://www.google.com/maps/place/Stamford+Mobile+Tire+Service+Inc./data=!4m7!3m6!1s0x89c2a1680216aaab:0x3280f648b40ea0c1!8m2!3d41.0901834!4d-73.541744!16s%2Fg%2F11gglpkgs1!19sChIJq6oWAmihwokRwaAOtEj2gDI?authuser=0&hl=en&rclk=1,auto repair shop,Stamford,city,CT,2026-07-23T01:12:09,0x89c2a1680216aaab:0x3280f648b40ea0c1
Firestone Complete Auto Care,(860) 969-0018,https://www.firestonecompleteautocare.com/connecticut/avon/225-west-main-street/?utm_source=google&utm_medium=organic&utm_campaign=localmaps&cmp=oloc_google_localmaps_maps,,"225 W Main St, Avon, CT 06001, United States",225 W Main St,Avon,CT,06001,4.8,530,Tire shop,,,https://www.google.com/maps/place/Firestone+Complete+Auto+Care/data=!4m7!3m6!1s0x89e7a96f86290a43:0xe571e9f4c29a2e4a!8m2!3d41.8117169!4d-72.8507171!16s%2Fg%2F11vl0qyc7k!19sChIJQwophm-p54kRSi6awvTpceU?authuser=0&hl=en&rclk=1,auto repair shop,Hartford County,county,CT,2026-07-23T00:00:37,0x89e7a96f86290a43:0xe571e9f4c29a2e4a
"Kensington Auto Service, Ltd.",(860) 829-7377,http://www.kensingtonautoserviceltd.com/,,"89 Harding St, Berlin, CT 06037, United States",89 Harding St,Berlin,CT,06037,4.4,136,Auto repair shop,,,"https://www.google.com/maps/place/Kensington+Auto+Service,+Ltd./data=!4m7!3m6!1s0x89e7b385ee4601c7:0x4572cfcbfc4eba61!8m2!3d41.6374848!4d-72.768002!16s%2Fg%2F1tt1j7j9!19sChIJxwFG7oWz54kRYbpO_MvPckU?authuser=0&hl=en&rclk=1",auto repair shop,Hartford County,county,CT,2026-07-23T00:00:37,0x89e7b385ee4601c7:0x4572cfcbfc4eba61
Ron's Automotive Repair Inc,(860) 828-3346,http://www.ronsautoct.com/auto-repair-berlin-ct-contact.html,,"928 Farmington Ave, Berlin, CT 06037, United States",928 Farmington Ave,Berlin,CT,06037,4.8,44,Auto repair shop,,,https://www.google.com/maps/place/Ron%27s+Automotive+Repair+Inc/data=!4m7!3m6!1s0x89e7b3873975dc6d:0x79745bdac442fba!8m2!3d41.6330403!4d-72.7635683!16s%2Fg%2F1thx5271!19sChIJbdx1OYez54kRui9ErL1Flwc?authuser=0&hl=en&rclk=1,auto repair shop,Middlesex County,county,CT,2026-07-23T00:13:31,0x89e7b3873975dc6d:0x79745bdac442fba
"Bloomfield Garage, Inc.",(860) 243-1706,http://www.bgiautos.com/,,"689 Park Ave, Bloomfield, CT 06002, United States",689 Park Ave,Bloomfield,CT,06002,4.8,375,Auto repair shop,,,"https://www.google.com/maps/place/Bloomfield+Garage,+Inc./data=!4m7!3m6!1s0x89e7aadc5b61e49d:0xb6cf475554fac5be!8m2!3d41.8260122!4d-72.7295025!16s%2Fg%2F1td6t7z2!19sChIJneRhW9yq54kRvsX6VFVHz7Y?authuser=0&hl=en&rclk=1",auto repair shop,Hartford County,county,CT,2026-07-23T00:00:37,0x89e7aadc5b61e49d:0xb6cf475554fac5be
Meineke Car Care Center,(203) 208-8649,https://www.meineke.com/locations/ct/branford-316/?utm_source=google&utm_medium=organic&utm_campaign=gbp_website,,"471 W Main St, Branford, CT 06405, United States",471 W Main St,Branford,CT,06405,4.6,668,Auto repair shop,,,https://www.google.com/maps/place/Meineke+Car+Care+Center/data=!4m7!3m6!1s0x89e7d64b8aaeef27:0x6511a7f78cd6a16!8m2!3d41.2793664!4d-72.8468079!16s%2Fg%2F12q4whnhk!19sChIJJ--uikvW54kRFmrNeH8aUQY?authuser=0&hl=en&rclk=1,auto repair shop,Middlesex County,county,CT,2026-07-14T21:24:42,0x89e7d64b8aaeef27:0x6511a7f78cd6a16
Midas,(203) 903-2519,https://www.midas.com/store/ct/branford/755-west-main-street-06405/?shopnum=4562&utm_source=google&utm_medium=organic&utm_campaign=gbp,,"755 W Main St, Branford, CT 06405, United States",755 W Main St,Branford,CT,06405,4.7,536,Auto repair shop,,,https://www.google.com/maps/place/Midas/data=!4m7!3m6!1s0x89e7d648a9318b49:0x1312d9154c4d20b5!8m2!3d41.27784!4d-72.8401515!16s%2Fg%2F1tf16xm9!19sChIJSYsxqUjW54kRtSBNTBXZEhM?authuser=0&hl=en&rclk=1,auto repair shop,Middlesex County,county,CT,2026-07-14T21:24:42,0x89e7d648a9318b49:0x1312d9154c4d20b5
Alfa Motors Inc,(203) 367-9816,,,"28 Huntington Rd, Bridgeport, CT 06608, United States",28 Huntington Rd,Bridgeport,CT,06608,4.6,38,Auto repair shop,,,https://www.google.com/maps/place/Alfa+Motors+Inc/data=!4m7!3m6!1s0x89e80e83dfb91435:0x13cf402ca5e01067!8m2!3d41.1943757!4d-73.186203!16s%2Fg%2F1wc328fd!19sChIJNRS534MO6IkRZxDgpSxAzxM?authuser=0&hl=en&rclk=1,auto repair shop,Bridgeport,city,CT,2026-07-23T00:54:42,0x89e80e83dfb91435:0x13cf402ca5e01067
Belmont Auto Tech,,,,"39 Belmont Ave, Bridgeport, CT 06605, United States",39 Belmont Ave,Bridgeport,CT,06605,5.0,1,Auto repair shop,,,https://www.google.com/maps/place/Belmont+Auto+Tech/data=!4m7!3m6!1s0x89e80e2fd356aaab:0x46d4b1e45ccc68ab!8m2!3d41.16482!4d-73.2204844!16s%2Fg%2F11h3vc0w_6!19sChIJq6pW0y8O6IkRq2jMXOSx1EY?authuser=0&hl=en&rclk=1,auto repair shop,Bridgeport,city,CT,2026-07-23T00:54:42,0x89e80e2fd356aaab:0x46d4b1e45ccc68ab
Cardinale Auto Services Inc,(203) 334-6242,,,"405 North Ave, Bridgeport, CT 06606, United States",405 North Ave,Bridgeport,CT,06606,4.6,68,Auto repair shop,,,https://www.google.com/maps/place/Cardinale+Auto+Services+Inc/data=!4m7!3m6!1s0x89e80e850ceda0e1:0xbee9433eeab428cb!8m2!3d41.1979685!4d-73.1920138!16s%2Fg%2F1ts_7n1s!19sChIJ4aDtDIUO6IkRyyi06j5D6b4?authuser=0&hl=en&rclk=1,auto repair shop,Bridgeport,city,CT,2026-07-23T00:54:42,0x89e80e850ceda0e1:0xbee9433eeab428cb
Family Auto Body Inc,(203) 366-5631,http://familyautobodyct.com/,,"88 North Ave, Bridgeport, CT 06606, United States",88 North Ave,Bridgeport,CT,06606,2.9,99,Auto body shop,,,https://www.google.com/maps/place/Family+Auto+Body+Inc/data=!4m7!3m6!1s0x89e80e9ba239678f:0x68740afdcd0a1dd!8m2!3d41.2021912!4d-73.1907379!16s%2Fg%2F1v9412k1!19sChIJj2c5opsO6IkR3aHQ3K9AhwY?authuser=0&hl=en&rclk=1,auto repair shop,Bridgeport,city,CT,2026-07-23T00:54:42,0x89e80e9ba239678f:0x68740afdcd0a1dd
Firestone Complete Auto Care,(203) 916-5125,https://www.firestonecompleteautocare.com/connecticut/bridgeport/300-john-st/?utm_source=google&utm_medium=organic&utm_campaign=localmaps&cmp=oloc_google_localmaps_maps,,"300 John St, Bridgeport, CT 06604, United States",300 John St,Bridgeport,CT,06604,4.5,813,Tire shop,,,https://www.google.com/maps/place/Firestone+Complete+Auto+Care/data=!4m7!3m6!1s0x89e80e71bf852fdb:0xc1c7183b4139b81!8m2!3d41.1770598!4d-73.1925609!16s%2Fg%2F1vn_z_96!19sChIJ2y-Fv3EO6IkRgZsTtINxHAw?authuser=0&hl=en&rclk=1,auto repair shop,Fairfield County,county,CT,2026-07-22T23:53:36,0x89e80e71bf852fdb:0xc1c7183b4139b81
Flr Automotive Llc,,,,"371 Orange St, Bridgeport, CT 06607, United States",371 Orange St,Bridgeport,CT,06607,2.1,7,Auto repair shop,,,https://www.google.com/maps/place/Flr+Automotive+Llc/data=!4m7!3m6!1s0x89e80dc7df540001:0x3fa94bc7c86233ef!8m2!3d41.1756888!4d-73.1603834!16s%2Fg%2F11hy9nmtsm!19sChIJAQBU38cN6IkR7zNiyMdLqT8?authuser=0&hl=en&rclk=1,auto repair shop,Bridgeport,city,CT,2026-07-23T00:54:42,0x89e80dc7df540001:0x3fa94bc7c86233ef
Larocca Garage Inc Madison,(203) 335-9926,http://www.laroccagaragebridgeport.com/,,"71 Federal St, Bridgeport, CT 06606, United States",71 Federal St,Bridgeport,CT,06606,4.7,123,Auto repair shop,,,https://www.google.com/maps/place/Larocca+Garage+Inc+Madison/data=!4m7!3m6!1s0x89e80e8be9f7bac3:0xb2250b1a81b41708!8m2!3d41.1951546!4d-73.2004885!16s%2Fg%2F1tj2d0ks!19sChIJw7r36YsO6IkRCBe0gRoLJbI?authuser=0&hl=en&rclk=1,auto repair shop,Fairfield County,county,CT,2026-07-22T23:53:36,0x89e80e8be9f7bac3:0xb2250b1a81b41708
M & F Auto Body Inc,(203) 334-2225,,,"1015 North Ave, Bridgeport, CT 06606, United States",1015 North Ave,Bridgeport,CT,06606,4.6,144,Auto body shop,,,https://www.google.com/maps/place/M+%26+F+Auto+Body+Inc/data=!4m7!3m6!1s0x89e80e62711f4ad9:0x9a5f58dbcf14d328!8m2!3d41.1905919!4d-73.1976877!16s%2Fg%2F1tds7q_g!19sChIJ2UofcWIO6IkRKNMUz9tYX5o?authuser=0&hl=en&rclk=1,auto repair shop,Bridgeport,city,CT,2026-07-23T00:54:42,0x89e80e62711f4ad9:0x9a5f58dbcf14d328
Mid-Town Autobody Inc,(203) 384-1537,https://www.mid-townautobody.com/,,"177 Pulaski St, Bridgeport, CT 06608, United States",177 Pulaski St,Bridgeport,CT,06608,3.0,160,Towing service,,,https://www.google.com/maps/place/Mid-Town+Autobody+Inc/data=!4m7!3m6!1s0x89e80e78cb3afcef:0xa2d7bc417009e930!8m2!3d41.1842547!4d-73.1837388!16s%2Fg%2F1tc_xn0k!19sChIJ7_w6y3gO6IkRMOkJcEG816I?authuser=0&hl=en&rclk=1,auto repair shop,Bridgeport,city,CT,2026-07-23T00:54:42,0x89e80e78cb3afcef:0xa2d7bc417009e930
Mino’s Auto Center Inc,(203) 384-9248,,,"2205 E Main St, Bridgeport, CT 06610, United States",2205 E Main St,Bridgeport,CT,06610,4.4,99,Auto repair shop,,,https://www.google.com/maps/place/Mino%E2%80%99s+Auto+Center+Inc/data=!4m7!3m6!1s0x89e80c2102f054ad:0x972d7859cfdbcbf5!8m2!3d41.2045!4d-73.179391!16s%2Fg%2F1pxw8_0m6!19sChIJrVTwAiEM6IkR9cvbz1l4LZc?authuser=0&hl=en&rclk=1,auto repair shop,Bridgeport,city,CT,2026-07-23T00:54:42,0x89e80c2102f054ad:0x972d7859cfdbcbf5
Paul's Service Center,,,,"819 Lindley St, Bridgeport, CT 06606, United States",819 Lindley St,Bridgeport,CT,06606,4.4,101,Auto repair shop,,,https://www.google.com/maps/place/Paul%27s+Service+Center/data=!4m7!3m6!1s0x89e80e91fd3f8ddd:0xde7e8a420ddd5cf5!8m2!3d41.2010396!4d-73.1992616!16s%2Fg%2F1tdwr3q6!19sChIJ3Y0__ZEO6IkR9VzdDUKKft4?authuser=0&hl=en&rclk=1,auto repair shop,Fairfield County,county,CT,2026-07-22T23:53:36,0x89e80e91fd3f8ddd:0xde7e8a420ddd5cf5
Transmission Repair,,,,"185 Dover St, Bridgeport, CT 06610, United States",185 Dover St,Bridgeport,CT,06610,5.0,1,Auto repair shop,,,https://www.google.com/maps/place/Transmission+Repair/data=!4m7!3m6!1s0x89e80c307a7f07e5:0xa14a1b75ab86f48f!8m2!3d41.1959932!4d-73.1681439!16s%2Fg%2F11k5lsbl9w!19sChIJ5Qd_ejAM6IkRj_SGq3UbSqE?authuser=0&hl=en&rclk=1,auto repair shop,Bridgeport,city,CT,2026-07-23T00:54:42,0x89e80c307a7f07e5:0xa14a1b75ab86f48f
Midas,(860) 506-5321,https://www.midas.com/store/ct/bristol/33-farmington-avenue-06010/?shopnum=4939&utm_source=google&utm_medium=organic&utm_campaign=gbp,,"33 Farmington Ave, Bristol, CT 06010, United States",33 Farmington Ave,Bristol,CT,06010,4.7,741,Auto repair shop,,,https://www.google.com/maps/place/Midas/data=!4m7!3m6!1s0x89e7ba4c0ebec173:0x1a19b80abe4a3d43!8m2!3d41.6832911!4d-72.9414665!16s%2Fg%2F1ttdzgr4!19sChIJc8G-Dky654kRQz1Kvgq4GRo?authuser=0&hl=en&rclk=1,auto repair shop,Litchfield County,county,CT,2026-07-14T21:18:31,0x89e7ba4c0ebec173:0x1a19b80abe4a3d43
Firestone Complete Auto Care,(203) 456-1004,https://www.firestonecompleteautocare.com/connecticut/brookfield/164-federal-rd/?utm_source=google&utm_medium=organic&utm_campaign=localmaps&cmp=oloc_google_localmaps_maps,,"164 Federal Rd, Brookfield, CT 06804, United States",164 Federal Rd,Brookfield,CT,06804,4.5,771,Tire shop,,,https://www.google.com/maps/place/Firestone+Complete+Auto+Care/data=!4m7!3m6!1s0x89e7f927e6dcacd9:0xa0480f81c9729bb9!8m2!3d41.4399434!4d-73.4071725!16s%2Fg%2F1v3kp2ty!19sChIJ2azc5if554kRuZtyyYEPSKA?authuser=0&hl=en&rclk=1,auto repair shop,Danbury,city,CT,2026-07-15T06:47:22,0x89e7f927e6dcacd9:0xa0480f81c9729bb9
Bergeron Limited,(860) 546-9485,http://www.bergeronltd.com/,,"239 S Canterbury Rd, Canterbury, CT 06331, United States",239 S Canterbury Rd,Canterbury,CT,06331,4.7,57,Auto repair shop,,,https://www.google.com/maps/place/Bergeron+Limited/data=!4m7!3m6!1s0x89e67f4129ae2fa5:0x17ca9a5d57676ebb!8m2!3d41.6763343!4d-71.9731597!16s%2Fg%2F1thqhsl6!19sChIJpS-uKUF_5okRu25nV12ayhc?authuser=0&hl=en&rclk=1,auto repair shop,Windham County,county,CT,2026-07-23T00:47:00,0x89e67f4129ae2fa5:0x17ca9a5d57676ebb
"R & R General Repair, Inc.",(860) 546-6305,https://www.randrgeneralrepair.com/,,"16 Old Plainfield Rd, Canterbury, CT 06331, United States",16 Old Plainfield Rd,Canterbury,CT,06331,4.8,81,Tire shop,,,"https://www.google.com/maps/place/R+%26+R+General+Repair,+Inc./data=!4m7!3m6!1s0x89e67f9db7f9e5df:0x5d1bb6163daa33fb!8m2!3d41.7000308!4d-71.9658125!16s%2Fg%2F1tg9p4j_!19sChIJ3-X5t51_5okR-zOqPRa2G10?authuser=0&hl=en&rclk=1",auto repair shop,Windham County,county,CT,2026-07-23T00:47:00,0x89e67f9db7f9e5df:0x5d1bb6163daa33fb
Midas,(860) 352-0487,https://www.midas.com/store/ct/canton/66-albany-turnpike-06019/?shopnum=4289&utm_source=google&utm_medium=organic&utm_campaign=gbp,,"66 Albany Turnpike, Canton, CT 06019, United States",66 Albany Turnpike,Canton,CT,06019,4.9,765,Auto repair shop,,,https://www.google.com/maps/place/Midas/data=!4m7!3m6!1s0x89e7a8be2480a221:0x53ef7e1d2bd83cbb!8m2!3d41.8226289!4d-72.8790938!16s%2Fg%2F1tht2gym!19sChIJIaKAJL6o54kRuzzYKx1-71M?authuser=0&hl=en&rclk=1,auto repair shop,Litchfield County,county,CT,2026-07-14T21:18:31,0x89e7a8be2480a221:0x53ef7e1d2bd83cbb
"Columbia Ford, Inc. Service",(800) 557-8112,https://www.columbiafordinc.com/?utm_source=gmbsvc&utm_medium=social&mcmid=gmbsvc,,"234 US-6, Columbia, CT 06237, United States",234 US-6,Columbia,CT,06237,3.4,5,Auto repair shop,,,"https://www.google.com/maps/place/Columbia+Ford,+Inc.+Service/data=!4m7!3m6!1s0x89e661a38e064667:0x50294014c28c0177!8m2!3d41.720397!4d-72.284364!16s%2Fg%2F11qpwt1hmz!19sChIJZ0YGjqNh5okRdwGMwhRAKVA?authuser=0&hl=en&rclk=1",auto repair shop,Windham County,county,CT,2026-07-23T00:47:00,0x89e661a38e064667:0x50294014c28c0177
D & S Auto Body,,,,"121 US-6, Columbia, CT 06237, United States",121 US-6,Columbia,CT,06237,,,Auto repair shop,,,https://www.google.com/maps/place/D+%26+S+Auto+Body/data=!4m7!3m6!1s0x89e660b80994cbdf:0xb91911314fcc2762!8m2!3d41.7253895!4d-72.3075264!16s%2Fg%2F11k9kgpfv5!19sChIJ38uUCbhg5okRYifMTzERGbk?authuser=0&hl=en&rclk=1,auto repair shop,Windham County,county,CT,2026-07-23T00:47:00,0x89e660b80994cbdf:0xb91911314fcc2762
Olender's Of Columbia Inc.,(860) 255-2461,http://olenders.com/,,"121 US-6, Columbia, CT 06237, United States",121 US-6,Columbia,CT,06237,4.6,50,Auto body shop,,,https://www.google.com/maps/place/Olender%27s+Of+Columbia+Inc./data=!4m7!3m6!1s0x879352bc8c0d42d1:0x7511ae9732e4df9e!8m2!3d41.7253996!4d-72.3075132!16s%2Fg%2F12634ltcx!19sChIJ0UINjLxSk4cRnt_kMpeuEXU?authuser=0&hl=en&rclk=1,auto repair shop,Windham County,county,CT,2026-07-23T00:47:00,0x879352bc8c0d42d1:0x7511ae9732e4df9e
Firestone Complete Auto Care,(860) 704-9309,https://www.firestonecompleteautocare.com/connecticut/cromwell/136-berlin-rd/?utm_source=google&utm_medium=organic&utm_campaign=localmaps&cmp=oloc_google_localmaps_maps,,"136 Berlin Rd, Cromwell, CT 06416, United States",136 Berlin Rd,Cromwell,CT,06416,4.6,865,Tire shop,,,https://www.google.com/maps/place/Firestone+Complete+Auto+Care/data=!4m7!3m6!1s0x89e64b4b37ce435d:0x85cf17abd938e3e9!8m2!3d41.6074244!4d-72.7078226!16s%2Fg%2F1tg_h23_!19sChIJXUPON0tL5okR6eM42asXz4U?authuser=0&hl=en&rclk=1,auto repair shop,Middlesex County,county,CT,2026-07-23T00:13:31,0x89e64b4b37ce435d:0x85cf17abd938e3e9
Advanced Auto Repair Inc,(203) 743-7877,,,"21 Chestnut St #2, Danbury, CT 06810, United States",21 Chestnut St #2,Danbury,CT,06810,4.0,29,Auto repair shop,,,https://www.google.com/maps/place/Advanced+Auto+Repair+Inc/data=!4m7!3m6!1s0x89e7ff134a1905cb:0xc6074406a085dd99!8m2!3d41.3975656!4d-73.4433239!16s%2Fg%2F1tc_9q6g!19sChIJywUZShP_54kRmd2FoAZEB8Y?authuser=0&hl=en&rclk=1,auto repair shop,Danbury,city,CT,2026-07-23T01:38:57,0x89e7ff134a1905cb:0xc6074406a085dd99
Albert's Auto Body Inc.,(203) 743-3867,,,"36 Tamarack Ave, Danbury, CT 06811, United States",36 Tamarack Ave,Danbury,CT,06811,5.0,32,Auto body shop,,,https://www.google.com/maps/place/Albert%27s+Auto+Body+Inc./data=!4m7!3m6!1s0x89e7ff450d8e16fb:0xe450f1fb0a9bae6b!8m2!3d41.4133566!4d-73.4510068!16s%2Fg%2F1vp74tdj!19sChIJ-xaODUX_54kRa66bCvvxUOQ?authuser=0&hl=en&rclk=1,auto repair shop,Danbury,city,CT,2026-07-23T01:38:57,0x89e7ff450d8e16fb:0xe450f1fb0a9bae6b
"Cardinale Auto Repair, Inc. - Bosch Car Service",(203) 790-4872,http://www.boschcarservice.us/,,"16 Chestnut St, Danbury, CT 06810, United States",16 Chestnut St,Danbury,CT,06810,4.9,43,Auto repair shop,,,"https://www.google.com/maps/place/Cardinale+Auto+Repair,+Inc.+-+Bosch+Car+Service/data=!4m7!3m6!1s0x89e7ff6cca638e19:0x5709ebba89ce6131!8m2!3d41.3968608!4d-73.4403734!16s%2Fg%2F1tp1zvpk!19sChIJGY5jymz_54kRMWHOibrrCVc?authuser=0&hl=en&rclk=1",auto repair shop,Danbury,city,CT,2026-07-23T01:38:56,0x89e7ff6cca638e19:0x5709ebba89ce6131
Danbury Automotive Services Inc,(203) 990-1850,https://www.danburyautomotive.com/,,"32 South St, Danbury, CT 06810, United States",32 South St,Danbury,CT,06810,4.5,27,Auto repair shop,,,https://www.google.com/maps/place/Danbury+Automotive+Services+Inc/data=!4m7!3m6!1s0x89e7ff063fc50d9b:0x1f92e6d04aeb14da!8m2!3d41.3849146!4d-73.4283476!16s%2Fg%2F1tfkm66t!19sChIJmw3FPwb_54kR2hTrStDmkh8?authuser=0&hl=en&rclk=1,auto repair shop,Danbury,city,CT,2026-07-23T01:38:57,0x89e7ff063fc50d9b:0x1f92e6d04aeb14da
Firestone Complete Auto Care,(203) 826-8742,https://www.firestonecompleteautocare.com/connecticut/danbury/99-railroad-pl/?utm_source=google&utm_medium=organic&utm_campaign=localmaps&cmp=oloc_google_localmaps_maps,,"99 Railroad Pl, Danbury, CT 06810, United States",99 Railroad Pl,Danbury,CT,06810,4.7,518,Tire shop,,,https://www.google.com/maps/place/Firestone+Complete+Auto+Care/data=!4m7!3m6!1s0x89e7ff6fee5ab5df:0x5290e70f0e438e0c!8m2!3d41.3955248!4d-73.4521459!16s%2Fg%2F1tftx_5x!19sChIJ37Va7m__54kRDI5DDg_nkFI?authuser=0&hl=en&rclk=1,auto repair shop,Danbury,city,CT,2026-07-23T01:38:57,0x89e7ff6fee5ab5df:0x5290e70f0e438e0c
Jiffy Lube,(203) 791-2382,https://www.jiffylube.com/locations/ct/danbury/896,,"112 Federal Rd, Danbury, CT 06811, United States",112 Federal Rd,Danbury,CT,06811,4.8,1267,Oil change service,,,https://www.google.com/maps/place/Jiffy+Lube/data=!4m7!3m6!1s0x89e7f8d5c5e7c2c9:0x29b3b309f483b7a7!8m2!3d41.4233498!4d-73.420191!16s%2Fg%2F1trtwbsw!19sChIJycLnxdX454kRp7eD9Amzsyk?authuser=0&hl=en&rclk=1,auto repair shop,Danbury,city,CT,2026-07-15T06:47:22,0x89e7f8d5c5e7c2c9:0x29b3b309f483b7a7
Juan el mecánico,,,,"4 Fern St, Danbury, CT 06811, United States",4 Fern St,Danbury,CT,06811,1.0,1,Auto repair shop,,,https://www.google.com/maps/place/Juan+el+mec%C3%A1nico/data=!4m7!3m6!1s0x89dd5500644c210d:0xa085ab182ee81b9!8m2!3d41.4028526!4d-73.4654366!16s%2Fg%2F11y46qwfbd!19sChIJDSFMZABV3YkRuYHugrFaCAo?authuser=0&hl=en&rclk=1,auto repair shop,Danbury,city,CT,2026-07-23T01:38:57,0x89dd5500644c210d:0xa085ab182ee81b9
Meineke Car Care Center,(203) 501-1582,https://www.meineke.com/locations/ct/danbury-125/?utm_source=google&utm_medium=organic&utm_campaign=gbp_website,,"1 Main St, Danbury, CT 06810, United States",1 Main St,Danbury,CT,06810,4.8,558,Auto repair shop,,,https://www.google.com/maps/place/Meineke+Car+Care+Center/data=!4m7!3m6!1s0x89e7ff74fb804c9f:0x15352f9edb16292a!8m2!3d41.3867409!4d-73.4441318!16s%2Fg%2F1tfkm66y!19sChIJn0yA-3T_54kRKikW254vNRU?authuser=0&hl=en&rclk=1,auto repair shop,Danbury,city,CT,2026-07-23T01:38:56,0x89e7ff74fb804c9f:0x15352f9edb16292a
Midas,(203) 456-1896,https://www.midas.com/store/ct/danbury/350-main-street-06810/?shopnum=4110&utm_source=google&utm_medium=organic&utm_campaign=gbp,,"350 Main St, Danbury, CT 06810, United States",350 Main St,Danbury,CT,06810,4.8,727,Auto repair shop,,,https://www.google.com/maps/place/Midas/data=!4m7!3m6!1s0x89e7ff644fef3d89:0x23f88689e70e2601!8m2!3d41.3983089!4d-73.457097!16s%2Fg%2F1tdzh07v!19sChIJiT3vT2T_54kRASYO54mG-CM?authuser=0&hl=en&rclk=1,auto repair shop,Danbury,city,CT,2026-07-23T01:38:57,0x89e7ff644fef3d89:0x23f88689e70e2601
"Mike's Towing & Collision Center, Inc",(203) 743-0603,https://www.mikestowingandcollision.com/,,"1 Chestnut St, Danbury, CT 06810, United States",1 Chestnut St,Danbury,CT,06810,4.8,324,Auto body shop,,,"https://www.google.com/maps/place/Mike%27s+Towing+%26+Collision+Center,+Inc/data=!4m7!3m6!1s0x89e7ff6ceb1c7055:0xc51e173c23b5a1d3!8m2!3d41.3970936!4d-73.4435901!16s%2Fg%2F11bx90x8y3!19sChIJVXAc62z_54kR06G1IzwXHsU?authuser=0&hl=en&rclk=1",auto repair shop,Danbury,city,CT,2026-07-23T01:38:57,0x89e7ff6ceb1c7055:0xc51e173c23b5a1d3
"Modzelewski's Auto & Tire Center, Inc.",(203) 830-4900,http://www.modztowing.com/,,"68 Federal Rd, Danbury, CT 06810, United States",68 Federal Rd,Danbury,CT,06810,3.0,8,Auto repair shop,,,"https://www.google.com/maps/place/Modzelewski%27s+Auto+%26+Tire+Center,+Inc./data=!4m7!3m6!1s0x89e7ff70044f5e29:0x130e83a35918fab0!8m2!3d41.4078994!4d-73.4298764!16s%2Fg%2F11tp24dbnd!19sChIJKV5PBHD_54kRsPoYWaODDhM?authuser=0&hl=en&rclk=1",auto repair shop,Danbury,city,CT,2026-07-23T01:38:57,0x89e7ff70044f5e29:0x130e83a35918fab0
"Modzelewski's Auto Body Works, Inc",(203) 748-0471,http://modzelewskiautobody.com/,,"76 Federal Rd, Danbury, CT 06810, United States",76 Federal Rd,Danbury,CT,06810,4.4,68,Auto body shop,,,"https://www.google.com/maps/place/Modzelewski%27s+Auto+Body+Works,+Inc/data=!4m7!3m6!1s0x89e7ff2526851e1f:0x94e8204271e21ad!8m2!3d41.4086469!4d-73.429393!16s%2Fg%2F1tjyvmxn!19sChIJHx6FJiX_54kRrSEeJwSCTgk?authuser=0&hl=en&rclk=1",auto repair shop,Danbury,city,CT,2026-07-23T01:38:57,0x89e7ff2526851e1f:0x94e8204271e21ad
Mohawk West Tire & Auto Center Goodyear,(203) 744-1835,http://mohawkservice.com/,,"31 Mill Plain Rd, Danbury, CT 06811, United States",31 Mill Plain Rd,Danbury,CT,06811,4.3,127,Tire shop,,,https://www.google.com/maps/place/Mohawk+West+Tire+%26+Auto+Center+Goodyear/data=!4m7!3m6!1s0x89dd55088b56ae45:0xeb8303b1bdb3be17!8m2!3d41.3892379!4d-73.4975477!16s%2Fg%2F1vcjn7mh!19sChIJRa5WiwhV3YkRF76zvbEDg-s?authuser=0&hl=en&rclk=1,auto repair shop,Danbury,city,CT,2026-07-23T01:38:57,0x89dd55088b56ae45:0xeb8303b1bdb3be17
Monro Auto Service and Tire Centers,(203) 792-9440,https://locations.monro.com/ct/danbury/41-lake-avenue-extension?&utm_source=google&utm_medium=organic&utm_campaign=gbp-listing-store_160,,"41 Lake Ave Ext, Danbury, CT 06811, United States",41 Lake Ave Ext,Danbury,CT,06811,4.6,245,Tire shop,,,https://www.google.com/maps/place/Monro+Auto+Service+and+Tire+Centers/data=!4m7!3m6!1s0x89dd5574919f9431:0x79967888cef8fead!8m2!3d41.3866988!4d-73.4867773!16s%2Fg%2F1txc80kq!19sChIJMZSfkXRV3YkRrf74zoh4lnk?authuser=0&hl=en&rclk=1,auto repair shop,Danbury,city,CT,2026-07-23T01:38:57,0x89dd5574919f9431:0x79967888cef8fead
New England Vehicle Services Inc,(203) 343-9552,http://nevsvc.com/,,"85 Mill Plain Rd, Danbury, CT 06811, United States",85 Mill Plain Rd,Danbury,CT,06811,5.0,6,Auto repair shop,,,https://www.google.com/maps/place/New+England+Vehicle+Services+Inc/data=!4m7!3m6!1s0x89dd551e0ad8f747:0x6b51b982fdf534c9!8m2!3d41.3939785!4d-73.5098536!16s%2Fg%2F11nq94bk56!19sChIJR_fYCh5V3YkRyTT1_YK5UWs?authuser=0&hl=en&rclk=1,auto repair shop,Danbury,city,CT,2026-07-23T01:38:57,0x89dd551e0ad8f747:0x6b51b982fdf534c9
Rodrigo mecánica,,,,"39 Mill Plain Rd, Danbury, CT 06811, United States",39 Mill Plain Rd,Danbury,CT,06811,4.2,19,Auto repair shop,,,https://www.google.com/maps/place/Rodrigo+mec%C3%A1nica/data=!4m7!3m6!1s0x89dd5591e183438d:0xd7f3c461b69d9613!8m2!3d41.3905469!4d-73.500525!16s%2Fg%2F11nmrwmp2t!19sChIJjUOD4ZFV3YkRE5adtmHE89c?authuser=0&hl=en&rclk=1,auto repair shop,Danbury,city,CT,2026-07-15T06:47:22,0x89dd5591e183438d:0xd7f3c461b69d9613
Westchester Classic Cars & Coachwork ltd.,(203) 730-8240,http://www.westchesterclassiccars.com/,,"7 Shalvoys Ln, Danbury, CT 06810, United States",7 Shalvoys Ln,Danbury,CT,06810,5.0,40,Auto body shop,,,https://www.google.com/maps/place/Westchester+Classic+Cars+%26+Coachwork+ltd./data=!4m7!3m6!1s0x89e7ff168ca4b353:0x8bb67c1925447fc7!8m2!3d41.3985167!4d-73.4342752!16s%2Fg%2F1tfm2h26!19sChIJU7OkjBb_54kRx39EJRl8tos?authuser=0&hl=en&rclk=1,auto repair shop,Danbury,city,CT,2026-07-15T06:47:22,0x89e7ff168ca4b353:0x8bb67c1925447fc7
Cliff's Auto Body Inc,(860) 774-2524,http://www.cliffsautobody.org/,,"148 Margaret Henry Rd, Danielson, CT 06239, United States",148 Margaret Henry Rd,Danielson,CT,06239,2.8,55,Auto repair shop,,,https://www.google.com/maps/place/Cliff%27s+Auto+Body+Inc/data=!4m7!3m6!1s0x89e42c3b2aeb2ffb:0x88960f9b3a3339cb!8m2!3d41.7820968!4d-71.8247146!16s%2Fg%2F1th7zc6c!19sChIJ-y_rKjss5IkRyzkzOpsPlog?authuser=0&hl=en&rclk=1,auto repair shop,Windham County,county,CT,2026-07-23T00:47:00,0x89e42c3b2aeb2ffb:0x88960f9b3a3339cb
Rob's Auto Service Inc,(860) 526-3835,http://www.robs-auto-service.com/,,"21 Town St, East Haddam, CT 06423, United States",21 Town St,East Haddam,CT,06423,5.0,31,Auto repair shop,,,https://www.google.com/maps/place/Rob%27s+Auto+Service+Inc/data=!4m7!3m6!1s0x89e63ea30bc2677f:0xa621e4494fc242bb!8m2!3d41.4281565!4d-72.4059505!16s%2Fg%2F11cn77yc4z!19sChIJf2fCC6M-5okRu0LCT0nkIaY?authuser=0&hl=en&rclk=1,auto repair shop,Middlesex County,county,CT,2026-07-23T00:13:31,0x89e63ea30bc2677f:0xa621e4494fc242bb
AAMCO Transmissions & Total Car Care,(860) 735-4086,https://www.aamcoeasthartford.com/?utm_source=G&utm_medium=local&utm_campaign=google-local,,"133 Pitkin St, East Hartford, CT 06108, United States",133 Pitkin St,East Hartford,CT,06108,4.6,361,Transmission shop,,,https://www.google.com/maps/place/AAMCO+Transmissions+%26+Total+Car+Care/data=!4m7!3m6!1s0x89e65385d071ad6f:0xef431a71a090eca5!8m2!3d41.763318!4d-72.6526843!16s%2Fg%2F1td0p10r!19sChIJb61x0IVT5okRpeyQoHEaQ-8?authuser=0&hl=en&rclk=1,auto repair shop,Hartford County,county,CT,2026-07-23T00:00:37,0x89e65385d071ad6f:0xef431a71a090eca5
D'Addario's Auto Services Inc,(860) 289-6427,http://www.daddariosauto.com/,,"117 Burnside Ave, East Hartford, CT 06108, United States",117 Burnside Ave,East Hartford,CT,06108,4.6,167,Auto repair shop,,,https://www.google.com/maps/place/D%27Addario%27s+Auto+Services+Inc/data=!4m7!3m6!1s0x89e6540d943307b9:0x6be6c520bd314442!8m2!3d41.7745215!4d-72.6347911!16s%2Fg%2F1tdcskcx!19sChIJuQczlA1U5okRQkQxvSDF5ms?authuser=0&hl=en&rclk=1,auto repair shop,Hartford,city,CT,2026-07-23T01:03:52,0x89e6540d943307b9:0x6be6c520bd314442
Monro Auto Service and Tire Centers,(860) 569-7037,https://locations.monro.com/ct/east-hartford/431-main-street?&utm_source=google&utm_medium=organic&utm_campaign=gbp-listing-store_521,,"431 Main St, East Hartford, CT 06118, United States",431 Main St,East Hartford,CT,06118,4.8,1501,Tire shop,,,https://www.google.com/maps/place/Monro+Auto+Service+and+Tire+Centers/data=!4m7!3m6!1s0x89e6525a92b0a50b:0x9f121a3e215f54e3!8m2!3d41.7517583!4d-72.6403468!16s%2Fg%2F1tfzyj1c!19sChIJC6WwklpS5okR41RfIT4aEp8?authuser=0&hl=en&rclk=1,auto repair shop,Hartford County,county,CT,2026-07-23T00:00:37,0x89e6525a92b0a50b:0x9f121a3e215f54e3
Monro Auto Service and Tire Centers,(203) 469-2422,https://locations.monro.com/ct/east-haven/789-foxon-road?&utm_source=google&utm_medium=organic&utm_campaign=gbp-listing-store_171,,"789 Foxon Rd, East Haven, CT 06512, United States",789 Foxon Rd,East Haven,CT,06512,4.4,476,Tire shop,,,https://www.google.com/maps/place/Monro+Auto+Service+and+Tire+Centers/data=!4m7!3m6!1s0x89e7d72684ab6981:0x5cd909ead41d6662!8m2!3d41.3222712!4d-72.8575028!16s%2Fg%2F1tds7qyp!19sChIJgWmrhCbX54kRYmYd1OoJ2Vw?authuser=0&hl=en&rclk=1,auto repair shop,New Haven,city,CT,2026-07-23T01:00:06,0x89e7d72684ab6981:0x5cd909ead41d6662
"Bowen's Garage, Inc. Service",(860) 974-0363,https://www.bowensgarage.com/,,"184 Eastford Road, CT-198, Eastford, CT 06242, United States","184 Eastford Road, CT-198",Eastford,CT,06242,,,Auto repair shop,,,"https://www.google.com/maps/place/Bowen%27s+Garage,+Inc.+Service/data=!4m7!3m6!1s0x89e685127223160d:0x9220f4b8e69f8539!8m2!3d41.9016659!4d-72.0795451!16s%2Fg%2F11qpwsg9z_!19sChIJDRYjchKF5okROYWf5rj0IJI?authuser=0&hl=en&rclk=1",auto repair shop,Windham County,county,CT,2026-07-23T00:47:00,0x89e685127223160d:0x9220f4b8e69f8539
"Dan Cortigiano & Son, Inc.",(203) 259-4295,https://www.dancortigianoandsoninc.com/,,"1927 Post Rd, Fairfield, CT 06824, United States",1927 Post Rd,Fairfield,CT,06824,4.6,50,Auto repair shop,,,"https://www.google.com/maps/place/Dan+Cortigiano+%26+Son,+Inc./data=!4m7!3m6!1s0x89e8107290c7cad1:0x206481ca0a847b8e!8m2!3d41.1406967!4d-73.2656444!16s%2Fg%2F1tkbz7pw!19sChIJ0crHkHIQ6IkRjnuECsqBZCA?authuser=0&hl=en&rclk=1",auto repair shop,Fairfield County,county,CT,2026-07-22T23:53:36,0x89e8107290c7cad1:0x206481ca0a847b8e
Firestone Complete Auto Care,(203) 916-9351,https://www.firestonecompleteautocare.com/connecticut/fairfield/750-kings-hwy-e/?utm_source=google&utm_medium=organic&utm_campaign=localmaps&cmp=oloc_google_localmaps_maps,,"750 Kings Hwy E, Fairfield, CT 06825, United States",750 Kings Hwy E,Fairfield,CT,06825,4.1,586,Tire shop,,,https://www.google.com/maps/place/Firestone+Complete+Auto+Care/data=!4m7!3m6!1s0x89e80fcd1e10d045:0xa5ff13ab89b8c47e!8m2!3d41.1691535!4d-73.2312435!16s%2Fg%2F1wd3x24d!19sChIJRdAQHs0P6IkRfsS4iasT_6U?authuser=0&hl=en&rclk=1,auto repair shop,Fairfield County,county,CT,2026-07-22T23:53:36,0x89e80fcd1e10d045:0xa5ff13ab89b8c47e
Meineke Car Care Center,(203) 864-6082,https://www.meineke.com/locations/ct/fairfield-1013/?utm_source=google&utm_medium=organic&utm_campaign=gbp_website,,"94 Kings Hwy E, Fairfield, CT 06825, United States",94 Kings Hwy E,Fairfield,CT,06825,4.7,1541,Auto repair shop,,,https://www.google.com/maps/place/Meineke+Car+Care+Center/data=!4m7!3m6!1s0x89e80e4a0d7bc34d:0xf6539e1c09bdc958!8m2!3d41.1760369!4d-73.2247361!16s%2Fg%2F1td59n8s!19sChIJTcN7DUoO6IkRWMm9CRyeU_Y?authuser=0&hl=en&rclk=1,auto repair shop,Fairfield County,county,CT,2026-07-22T23:53:36,0x89e80e4a0d7bc34d:0xf6539e1c09bdc958
Midas,(203) 307-1337,https://www.midas.com/store/ct/fairfield/925-post-road-06824/?shopnum=4102&utm_source=google&utm_medium=organic&utm_campaign=gbp,,"925 Post Rd, Fairfield, CT 06824, United States",925 Post Rd,Fairfield,CT,06824,4.8,713,Auto repair shop,,,https://www.google.com/maps/place/Midas/data=!4m7!3m6!1s0x89c2a080d0d2e517:0xe801e8becfbc42ac!8m2!3d41.146231!4d-73.2505668!16s%2Fg%2F1tm2blw_!19sChIJF-XS0ICgwokRrEK8z77oAeg?authuser=0&hl=en&rclk=1,auto repair shop,Fairfield County,county,CT,2026-07-22T23:53:36,0x89c2a080d0d2e517:0xe801e8becfbc42ac
Sport Hill Service Station Inc,(203) 372-0077,http://www.facebook.com/sporthillservicestation,,"2629 Easton Turnpike, Fairfield, CT 06825, United States",2629 Easton Turnpike,Fairfield,CT,06825,4.6,42,Gas station,,,https://www.google.com/maps/place/Sport+Hill+Service+Station+Inc/data=!4m7!3m6!1s0x89e80f1473458475:0x98011e80fe77f88f!8m2!3d41.2137033!4d-73.248571!16s%2Fg%2F11cm_qhx_0!19sChIJdYRFcxQP6IkRj_h3_oAeAZg?authuser=0&hl=en&rclk=1,auto repair shop,Fairfield County,county,CT,2026-07-22T23:53:36,0x89e80f1473458475:0x98011e80fe77f88f
Farmington Motor Sports Inc,(860) 677-9074,http://www.farmingtonmotorsports.com/,,"146 Brickyard Rd, Farmington, CT 06032, United States",146 Brickyard Rd,Farmington,CT,06032,4.5,351,Auto repair shop,,,https://www.google.com/maps/place/Farmington+Motor+Sports+Inc/data=!4m7!3m6!1s0x89e7afb26ff02b3b:0xa614729755d7fdad!8m2!3d41.7500675!4d-72.8560284!16s%2Fg%2F1tkkvxlt!19sChIJOyvwb7Kv54kRrf3XVZdyFKY?authuser=0&hl=en&rclk=1,auto repair shop,Litchfield County,county,CT,2026-07-14T21:18:31,0x89e7afb26ff02b3b:0xa614729755d7fdad
Circle Motors Inc,(860) 445-7388,,,"1496 CT-12, Gales Ferry, CT 06335, United States",1496 CT-12,Gales Ferry,CT,06335,4.3,18,Auto body shop,,,https://www.google.com/maps/place/Circle+Motors+Inc/data=!4m7!3m6!1s0x89e60e84c7bfe2cd:0x6d22ccf051a37722!8m2!3d41.4074062!4d-72.0744042!16s%2Fg%2F1tf3_d6b!19sChIJzeK_x4QO5okRInejUfDMIm0?authuser=0&hl=en&rclk=1,auto repair shop,New London County,county,CT,2026-07-23T00:32:15,0x89e60e84c7bfe2cd:0x6d22ccf051a37722
Imported Auto Center Inc.,(860) 633-2769,http://www.importedautoct.com/,,"128 Welles St, Glastonbury, CT 06033, United States",128 Welles St,Glastonbury,CT,06033,5.0,403,Car repair and maintenance service,,,https://www.google.com/maps/place/Imported+Auto+Center+Inc./data=!4m7!3m6!1s0x89e65188bb2cf851:0xd8cfaf7ee266eced!8m2!3d41.7132247!4d-72.6108683!16s%2Fg%2F1w0j0mkz!19sChIJUfgsu4hR5okR7exm4n6vz9g?authuser=0&hl=en&rclk=1,auto repair shop,Hartford County,county,CT,2026-07-23T00:00:37,0x89e65188bb2cf851:0xd8cfaf7ee266eced
Accessory Warehouse Corporation,(860) 448-3192,http://accessorywarehousect.com/,,"375 CT-12, Groton, CT 06340, United States",375 CT-12,Groton,CT,06340,4.6,316,Tire shop,,,https://www.google.com/maps/place/Accessory+Warehouse+Corporation/data=!4m7!3m6!1s0x89e60c2187acb7eb:0x1287e434aece9610!8m2!3d41.372244!4d-72.072897!16s%2Fg%2F1th1drdg!19sChIJ67eshyEM5okREJbOrjTkhxI?authuser=0&hl=en&rclk=1,auto repair shop,New London County,county,CT,2026-07-23T00:32:15,0x89e60c2187acb7eb:0x1287e434aece9610
Meineke Car Care Center,(860) 629-8252,https://www.meineke.com/locations/ct/groton-437/?utm_source=google&utm_medium=organic&utm_campaign=gbp_website,,"266 Bridge St, Groton, CT 06340, United States",266 Bridge St,Groton,CT,06340,4.6,921,Auto repair shop,,,https://www.google.com/maps/place/Meineke+Car+Care+Center/data=!4m7!3m6!1s0x89e60e9a2b1cac95:0x17c0c57b2c72a123!8m2!3d41.3605021!4d-72.0737475!16s%2Fg%2F1tfg4373!19sChIJlawcK5oO5okRI6FyLHvFwBc?authuser=0&hl=en&rclk=1,auto repair shop,New London County,county,CT,2026-07-23T00:32:15,0x89e60e9a2b1cac95:0x17c0c57b2c72a123
Midas,(860) 333-5868,https://www.midas.com/store/ct/groton/170-route-12-06340/?shopnum=4710&utm_source=google&utm_medium=organic&utm_campaign=gbp,,"170 CT-12, Groton, CT 06340, United States",170 CT-12,Groton,CT,06340,4.3,445,Auto repair shop,,,https://www.google.com/maps/place/Midas/data=!4m7!3m6!1s0x89e60c1fdd21d49f:0x66592e3618618b1!8m2!3d41.3673727!4d-72.0688607!16s%2Fg%2F1tdg8ty4!19sChIJn9Qh3R8M5okRsRiGYeOSZQY?authuser=0&hl=en&rclk=1,auto repair shop,New London County,county,CT,2026-07-23T00:32:15,0x89e60c1fdd21d49f:0x66592e3618618b1
Roy & Sons Auto Body Inc,(860) 445-7093,http://royandsons.net/,,"325 Rogers Rd #2729, Groton, CT 06340, United States",325 Rogers Rd #2729,Groton,CT,06340,4.7,77,Auto body shop,,,https://www.google.com/maps/place/Roy+%26+Sons+Auto+Body+Inc/data=!4m7!3m6!1s0x89e60bbbe8188e43:0x762e95fd44249eb0!8m2!3d41.3833765!4d-72.015443!16s%2Fg%2F1t_tl9rw!19sChIJQ44Y6LsL5okRsJ4kRP2VLnY?authuser=0&hl=en&rclk=1,auto repair shop,New London County,county,CT,2026-07-23T00:32:15,0x89e60bbbe8188e43:0x762e95fd44249eb0
Monro Auto Service and Tire Centers,(203) 458-1658,https://locations.monro.com/ct/guilford/556-boston-post-road?&utm_source=google&utm_medium=organic&utm_campaign=gbp-listing-store_607,,"556 Boston Post Rd, Guilford, CT 06437, United States",556 Boston Post Rd,Guilford,CT,06437,4.6,436,Tire shop,,,https://www.google.com/maps/place/Monro+Auto+Service+and+Tire+Centers/data=!4m7!3m6!1s0x89e62b745e941587:0x2f557382e31a5e80!8m2!3d41.2883717!4d-72.6667153!16s%2Fg%2F1tjs5zfk!19sChIJhxWUXnQr5okRgF4a44JzVS8?authuser=0&hl=en&rclk=1,auto repair shop,Middlesex County,county,CT,2026-07-23T00:13:31,0x89e62b745e941587:0x2f557382e31a5e80
Wheelers Auto Service Inc,(203) 230-4869,http://www.wheelersautoinc.com/,,"2695 State St, Hamden, CT 06517, United States",2695 State St,Hamden,CT,06517,4.5,318,Auto repair shop,,,https://www.google.com/maps/place/Wheelers+Auto+Service+Inc/data=!4m7!3m6!1s0x89e7d0a38a0ce01b:0x2fe5679d7b873205!8m2!3d41.3548038!4d-72.8906579!16s%2Fg%2F1tc_g8ry!19sChIJG-AMiqPQ54kRBTKHe51n5S8?authuser=0&hl=en&rclk=1,auto repair shop,Middlesex County,county,CT,2026-07-23T00:13:31,0x89e7d0a38a0ce01b:0x2fe5679d7b873205
Ace Auto Body Inc.,(860) 246-1713,https://aceautobodyinc.com/,,"911 Park St, Hartford, CT 06106, United States",911 Park St,Hartford,CT,06106,5.0,214,Auto body shop,,,https://www.google.com/maps/place/Ace+Auto+Body+Inc./data=!4m7!3m6!1s0x89e6534728bb8c9f:0xb96ace9c970eb790!8m2!3d41.7579875!4d-72.6926428!16s%2Fg%2F1tf66hhk!19sChIJn4y7KEdT5okRkLcOl5zOark?authuser=0&hl=en&rclk=1,auto repair shop,Hartford County,county,CT,2026-07-23T00:00:37,0x89e6534728bb8c9f:0xb96ace9c970eb790
Airport Auto Body Inc.,(860) 296-2639,http://www.airportroadautobody.com/,,"75 Locust St, Hartford, CT 06114, United States",75 Locust St,Hartford,CT,06114,5.0,1183,Auto body shop,,,https://www.google.com/maps/place/Airport+Auto+Body+Inc./data=!4m7!3m6!1s0x89e65306baa4e831:0xe7e82f316922ddf9!8m2!3d41.7480621!4d-72.6645834!16s%2Fg%2F12hk6mb7h!19sChIJMeikugZT5okR-d0iaTEv6Oc?authuser=0&hl=en&rclk=1,auto repair shop,Hartford County,county,CT,2026-07-23T00:00:37,0x89e65306baa4e831:0xe7e82f316922ddf9
B & S Automotive Inc.,(860) 296-9290,http://www.bandsautomotive.com/,,"127 Meadow St, Hartford, CT 06114, United States",127 Meadow St,Hartford,CT,06114,4.7,103,Auto repair shop,,,https://www.google.com/maps/place/B+%26+S+Automotive+Inc./data=!4m7!3m6!1s0x89e65308e2bd2a51:0x3e26e65b9bdc262e!8m2!3d41.7440773!4d-72.6668866!16s%2Fg%2F1tdygnh5!19sChIJUSq94ghT5okRLibcm1vmJj4?authuser=0&hl=en&rclk=1,auto repair shop,Hartford County,county,CT,2026-07-23T00:00:37,0x89e65308e2bd2a51:0x3e26e65b9bdc262e
"Friendly Auto Body & Towing, Inc.",(860) 296-8588,http://www.friendlyautobody.com/,,"99 Meadow St, Hartford, CT 06114, United States",99 Meadow St,Hartford,CT,06114,4.5,117,Auto body shop,,,"https://www.google.com/maps/place/Friendly+Auto+Body+%26+Towing,+Inc./data=!4m7!3m6!1s0x89e65308d1b391c3:0xfbe693049d3b9b74!8m2!3d41.7440176!4d-72.6682384!16s%2Fg%2F1xfsprvp!19sChIJw5Gz0QhT5okRdJs7nQST5vs?authuser=0&hl=en&rclk=1",auto repair shop,Hartford,city,CT,2026-07-23T01:03:52,0x89e65308d1b391c3:0xfbe693049d3b9b74
Johnny's Automotive Inc,(860) 527-8884,,,"201 Buckingham St, Hartford, CT 06106, United States",201 Buckingham St,Hartford,CT,06106,4.7,26,Auto body shop,,,https://www.google.com/maps/place/Johnny%27s+Automotive+Inc/data=!4m7!3m6!1s0x89e6536ee0b1ab97:0x7793a4045943ce53!8m2!3d41.7606473!4d-72.6789798!16s%2Fg%2F1tfnv0jw!19sChIJl6ux4G5T5okRU85DWQSkk3c?authuser=0&hl=en&rclk=1,auto repair shop,Hartford County,county,CT,2026-07-23T00:00:37,0x89e6536ee0b1ab97:0x7793a4045943ce53
"Metro Auto Body & Towing, Inc.",(860) 296-9226,https://metroautobodyandtowing.com/,,"722 Wethersfield Ave, Hartford, CT 06114, United States",722 Wethersfield Ave,Hartford,CT,06114,4.5,75,Auto body shop,,,"https://www.google.com/maps/place/Metro+Auto+Body+%26+Towing,+Inc./data=!4m7!3m6!1s0x89e653ffc80e4d73:0xf1b6df05f656815c!8m2!3d41.7366257!4d-72.6700947!16s%2Fg%2F11h_m3sk0y!19sChIJc00OyP9T5okRXIFW9gXftvE?authuser=0&hl=en&rclk=1",auto repair shop,Hartford,city,CT,2026-07-23T01:03:52,0x89e653ffc80e4d73:0xf1b6df05f656815c
Midas,(860) 856-9228,https://www.midas.com/store/ct/hartford/65-weston-street-06120/?shopnum=4290&utm_source=google&utm_medium=organic&utm_campaign=gbp,,"65 Weston St, Hartford, CT 06120, United States",65 Weston St,Hartford,CT,06120,4.6,609,Auto repair shop,,,https://www.google.com/maps/place/Midas/data=!4m7!3m6!1s0x89e6548a835b489d:0x8e9d79ea02c5006d!8m2!3d41.784379!4d-72.6653301!16s%2Fg%2F1td4w90z!19sChIJnUhbg4pU5okRbQDFAup5nY4?authuser=0&hl=en&rclk=1,auto repair shop,Hartford County,county,CT,2026-07-23T00:00:37,0x89e6548a835b489d:0x8e9d79ea02c5006d
Monro Auto Service and Tire Centers,(860) 233-8273,https://locations.monro.com/ct/hartford/330-prospect-avenue?&utm_source=google&utm_medium=organic&utm_campaign=gbp-listing-store_510,,"330 Prospect Avenue, 2135 Park St, Hartford, CT 06106, United States","330 Prospect Avenue, 2135 Park St",Hartford,CT,06106,4.4,409,Tire shop,,,https://www.google.com/maps/place/Monro+Auto+Service+and+Tire+Centers/data=!4m7!3m6!1s0x89e7accbb7c163e7:0xa624242596ded8f1!8m2!3d41.7561144!4d-72.7144773!16s%2Fg%2F1vyn4wqb!19sChIJ52PBt8us54kR8djeliUkJKY?authuser=0&hl=en&rclk=1,auto repair shop,Hartford,city,CT,2026-07-23T01:03:52,0x89e7accbb7c163e7:0xa624242596ded8f1
"Nutmeg Auto Service, Inc.",(860) 522-8724,http://nutmeg-auto.com/,,"3490 Main St #1138, Hartford, CT 06120, United States",3490 Main St #1138,Hartford,CT,06120,4.0,70,Auto repair shop,,,"https://www.google.com/maps/place/Nutmeg+Auto+Service,+Inc./data=!4m7!3m6!1s0x89e6545809c93de9:0x83739fb850d63e55!8m2!3d41.7988584!4d-72.6617673!16s%2Fg%2F1tcvk3nc!19sChIJ6T3JCVhU5okRVT7WULifc4M?authuser=0&hl=en&rclk=1",auto repair shop,Hartford County,county,CT,2026-07-23T00:00:37,0x89e6545809c93de9:0x83739fb850d63e55
Reliable Auto Tire Co Inc,(860) 247-7977,,,"711 Maple Ave, Hartford, CT 06114, United States",711 Maple Ave,Hartford,CT,06114,4.7,201,Tire shop,,,https://www.google.com/maps/place/Reliable+Auto+Tire+Co+Inc/data=!4m7!3m6!1s0x89e65318c3a2f231:0x62dc74c567c1c00!8m2!3d41.7409554!4d-72.6842106!16s%2Fg%2F1vm7ch4x!19sChIJMfKiwxhT5okRABx8VkzHLQY?authuser=0&hl=en&rclk=1,auto repair shop,Hartford,city,CT,2026-07-23T01:03:52,0x89e65318c3a2f231:0x62dc74c567c1c00
Reno's Auto Body & Repair Inc,(860) 296-7030,http://renosholdings.com/,,"99 Hanmer St, Hartford, CT 06114, United States",99 Hanmer St,Hartford,CT,06114,2.7,155,Auto repair shop,,,https://www.google.com/maps/place/Reno%27s+Auto+Body+%26+Repair+Inc/data=!4m7!3m6!1s0x89e6531d4fbe09cd:0xc6b313167f62b8de!8m2!3d41.7321419!4d-72.6760987!16s%2Fg%2F1td1qxnf!19sChIJzQm-Tx1T5okR3rhifxYTs8Y?authuser=0&hl=en&rclk=1,auto repair shop,Hartford,city,CT,2026-07-23T01:03:52,0x89e6531d4fbe09cd:0xc6b313167f62b8de
"Sher's Automotive Center, Inc.",(860) 527-0185,http://www.shersauto.com/,,"405 Washington St, Hartford, CT 06106, United States",405 Washington St,Hartford,CT,06106,4.5,71,Auto repair shop,,,"https://www.google.com/maps/place/Sher%27s+Automotive+Center,+Inc./data=!4m7!3m6!1s0x89e653167fa897b5:0x9b0e8bd259ef6c8f!8m2!3d41.7493677!4d-72.6837314!16s%2Fg%2F1tdcskch!19sChIJtZeofxZT5okRj2zvWdKLDps?authuser=0&hl=en&rclk=1",auto repair shop,Hartford County,county,CT,2026-07-23T00:00:37,0x89e653167fa897b5:0x9b0e8bd259ef6c8f
Super Spring & Brake Co Inc,(860) 249-7774,http://www.superspringandbrake.com/,,"767 Windsor St, Hartford, CT 06120, United States",767 Windsor St,Hartford,CT,06120,4.7,66,Brake shop,,,https://www.google.com/maps/place/Super+Spring+%26+Brake+Co+Inc/data=!4m7!3m6!1s0x89e6548c6041d1cb:0x99f77e1c436b6579!8m2!3d41.7885267!4d-72.6699236!16s%2Fg%2F1tczfydq!19sChIJy9FBYIxU5okReWVrQxx-95k?authuser=0&hl=en&rclk=1,auto repair shop,Hartford,city,CT,2026-07-23T01:03:52,0x89e6548c6041d1cb:0x99f77e1c436b6579
Autoworks Unlimited Inc,(860) 489-7466,http://www.autoworksunlimited.net/,,"80 Thomaston Rd, Harwinton, CT 06791, United States",80 Thomaston Rd,Harwinton,CT,06791,5.0,4,Auto body shop,,,https://www.google.com/maps/place/Autoworks+Unlimited+Inc/data=!4m7!3m6!1s0x89e79612b19d512d:0x61077c1f15a513e5!8m2!3d41.7724469!4d-73.1189246!16s%2Fg%2F1v8x36mx!19sChIJLVGdsRKW54kR5ROlFR98B2E?authuser=0&hl=en&rclk=1,auto repair shop,Litchfield County,county,CT,2026-07-23T00:06:08,0x89e79612b19d512d:0x61077c1f15a513e5
Tobin's Automotive Inc.,(860) 927-1190,,,"14 S Main St, Kent, CT 06757, United States",14 S Main St,Kent,CT,06757,4.7,14,Auto repair shop,,,https://www.google.com/maps/place/Tobin%27s+Automotive+Inc./data=!4m7!3m6!1s0x89dd6132b3ddf519:0x87943dbf9cc2050f!8m2!3d41.7241168!4d-73.4780822!16s%2Fg%2F11tt6rnks4!19sChIJGfXdszJh3YkRDwXCnL89lIc?authuser=0&hl=en&rclk=1,auto repair shop,Litchfield County,county,CT,2026-07-14T21:18:31,0x89dd6132b3ddf519:0x87943dbf9cc2050f
Ron's Automotive Center Inc,(860) 482-1100,http://rons-auto.com/,,"22 Thomaston Rd, Litchfield, CT 06759, United States",22 Thomaston Rd,Litchfield,CT,06759,3.5,95,Auto repair shop,,,https://www.google.com/maps/place/Ron%27s+Automotive+Center+Inc/data=!4m7!3m6!1s0x89e79844893c0be9:0x8f059030d5477497!8m2!3d41.766398!4d-73.116491!16s%2Fg%2F1td7v6ft!19sChIJ6Qs8iUSY54kRl3RH1TCQBY8?authuser=0&hl=en&rclk=1,auto repair shop,Litchfield County,county,CT,2026-07-23T00:06:08,0x89e79844893c0be9:0x8f059030d5477497
Toyota Service,,https://www.dowlingtoyota.com/,,"451 Bantam Rd, Litchfield, CT 06759, United States",451 Bantam Rd,Litchfield,CT,06759,4.8,6,Auto repair shop,,,https://www.google.com/maps/place/Toyota+Service/data=!4m7!3m6!1s0x89e7911ce2dc5371:0x20f511af6bcbbc08!8m2!3d41.7362721!4d-73.2155029!16s%2Fg%2F11g9q6b76_!19sChIJcVPc4hyR54kRCLzLa68R9SA?authuser=0&hl=en&rclk=1,auto repair shop,Litchfield County,county,CT,2026-07-23T00:06:08,0x89e7911ce2dc5371:0x20f511af6bcbbc08
AAMCO Transmissions & Total Car Care,(860) 288-3828,https://www.aamcomanchesterct.com/?utm_source=G&utm_medium=local&utm_campaign=google-local,,"697 Parker St, Manchester, CT 06042, United States",697 Parker St,Manchester,CT,06042,4.6,359,Transmission shop,,,https://www.google.com/maps/place/AAMCO+Transmissions+%26+Total+Car+Care/data=!4m7!3m6!1s0x89e6583cc5c46753:0xc0490f06aba325c9!8m2!3d41.8011343!4d-72.5077044!16s%2Fg%2F1vnrm0yg!19sChIJU2fExTxY5okRySWjqwYPScA?authuser=0&hl=en&rclk=1,auto repair shop,Tolland County,county,CT,2026-07-23T00:39:10,0x89e6583cc5c46753:0xc0490f06aba325c9
Firestone Complete Auto Care,(860) 281-2182,https://www.firestonecompleteautocare.com/connecticut/manchester/1195-tolland-turnpike/?utm_source=google&utm_medium=organic&utm_campaign=localmaps&cmp=oloc_google_localmaps_maps,,"1195 Tolland Turnpike, Manchester, CT 06042, United States",1195 Tolland Turnpike,Manchester,CT,06042,4.3,867,Tire shop,,,https://www.google.com/maps/place/Firestone+Complete+Auto+Care/data=!4m7!3m6!1s0x89e657a69b8d4563:0xc511283186c0aa80!8m2!3d41.7974616!4d-72.5560103!16s%2Fg%2F1v8x36jt!19sChIJY0WNm6ZX5okRgKrAhjEoEcU?authuser=0&hl=en&rclk=1,auto repair shop,Tolland County,county,CT,2026-07-23T00:39:10,0x89e657a69b8d4563:0xc511283186c0aa80
Mansfield Auto Parts Inc,(860) 423-4514,https://mansfieldauto.parts/,,"214 Stafford Rd, Mansfield Center, CT 06250, United States",214 Stafford Rd,Mansfield Center,CT,06250,4.4,125,Used auto parts store,,,https://www.google.com/maps/place/Mansfield+Auto+Parts+Inc/data=!4m7!3m6!1s0x89e6617331d26339:0xbcf681af792511ea!8m2!3d41.7395781!4d-72.2589185!16s%2Fg%2F1wv_t76p!19sChIJOWPSMXNh5okR6hElea-B9rw?authuser=0&hl=en&rclk=1,auto repair shop,Windham County,county,CT,2026-07-14T21:57:50,0x89e6617331d26339:0xbcf681af792511ea
"T & B Motor Sales and Service, Inc",(860) 423-1187,http://www.tandbmotors.com/,,"460 Storrs Rd, Mansfield Center, CT 06250, United States",460 Storrs Rd,Mansfield Center,CT,06250,3.9,257,Auto repair shop,,,"https://www.google.com/maps/place/T+%26+B+Motor+Sales+and+Service,+Inc/data=!4m7!3m6!1s0x89e66266a86acf99:0x3c326d68db66c2f0!8m2!3d41.7594492!4d-72.1952252!16s%2Fg%2F1v27wj9m!19sChIJmc9qqGZi5okR8MJm22htMjw?authuser=0&hl=en&rclk=1",auto repair shop,Tolland County,county,CT,2026-07-23T00:39:10,0x89e66266a86acf99:0x3c326d68db66c2f0
Northeast Auto and Truck Inc,(860) 295-9517,http://www.northeastautoandtruck.com/,,"394 N Main St, Marlborough, CT 06447, United States",394 N Main St,Marlborough,CT,06447,4.7,61,Auto repair shop,,,https://www.google.com/maps/place/Northeast+Auto+and+Truck+Inc/data=!4m7!3m6!1s0x89e645232e3bde1d:0xdd4b8ad046f8648f!8m2!3d41.649061!4d-72.484495!16s%2Fg%2F1tkmnl2k!19sChIJHd47LiNF5okRj2T4RtCKS90?authuser=0&hl=en&rclk=1,auto repair shop,Middlesex County,county,CT,2026-07-23T00:13:31,0x89e645232e3bde1d:0xdd4b8ad046f8648f
Firestone Complete Auto Care,(860) 352-5694,https://www.firestonecompleteautocare.com/connecticut/middletown/804-washington-st/?utm_source=google&utm_medium=organic&utm_campaign=localmaps&cmp=oloc_google_localmaps_maps,,"804 Washington St, Middletown, CT 06457, United States",804 Washington St,Middletown,CT,06457,4.7,627,Tire shop,,,https://www.google.com/maps/place/Firestone+Complete+Auto+Care/data=!4m7!3m6!1s0x89e64bd314188373:0xe1f935ea8ae45481!8m2!3d41.5557083!4d-72.6794894!16s%2Fg%2F11q_c73bzt!19sChIJc4MYFNNL5okRgVTkiuo1-eE?authuser=0&hl=en&rclk=1,auto repair shop,Middlesex County,county,CT,2026-07-23T00:13:31,0x89e64bd314188373:0xe1f935ea8ae45481
Midas,(860) 398-4561,https://www.midas.com/store/ct/middletown/380-washington-street-06457/?shopnum=4123&utm_source=google&utm_medium=organic&utm_campaign=gbp,,"380 Washington St, Middletown, CT 06457, United States",380 Washington St,Middletown,CT,06457,4.5,209,Auto repair shop,,,https://www.google.com/maps/place/Midas/data=!4m7!3m6!1s0x89e64af55e9869a7:0x17ecd0bfadc76457!8m2!3d41.5587604!4d-72.6635673!16s%2Fg%2F1tk6wy81!19sChIJp2mYXvVK5okRV2THrb_Q7Bc?authuser=0&hl=en&rclk=1,auto repair shop,Middlesex County,county,CT,2026-07-23T00:13:31,0x89e64af55e9869a7:0x17ecd0bfadc76457
Personal Auto Care Service Center Inc,(860) 347-9845,http://www.personalautocare.net/,,"60 deKoven Drive, Middletown, CT 06457, United States",60 deKoven Drive,Middletown,CT,06457,4.5,197,Auto repair shop,,,https://www.google.com/maps/place/Personal+Auto+Care+Service+Center+Inc/data=!4m7!3m6!1s0x89e64a43d46b4a0f:0x246c5eac10b13ca4!8m2!3d41.5573942!4d-72.6442271!16s%2Fg%2F1w04l3p0!19sChIJD0pr1ENK5okRpDyxEKxebCQ?authuser=0&hl=en&rclk=1,auto repair shop,Middlesex County,county,CT,2026-07-23T00:13:31,0x89e64a43d46b4a0f:0x246c5eac10b13ca4
Pep Boys Auto Service & Tires,(860) 415-3216,https://www.pepboys.com/stores/ct/mystic-groton/2400-gold-star-hwy?Cid=gbp_appt_AN:PB%7CPB:G%7CTT:GBP%7CCG:CONVERSION%7CCD:SERVICE,,"2400 Gold Star Hwy, Mystic, CT 06355, United States",2400 Gold Star Hwy,Mystic,CT,06355,4.0,699,Tire shop,,,https://www.google.com/maps/place/Pep+Boys+Auto+Service+%26+Tires/data=!4m7!3m6!1s0x89e60baf9136e8f3:0x57dc7af173b135d1!8m2!3d41.390272!4d-71.988618!16s%2Fg%2F11gjm6wrr4!19sChIJ8-g2ka8L5okR0TWxc_F63Fc?authuser=0&hl=en&rclk=1,auto repair shop,New London County,county,CT,2026-07-23T00:32:15,0x89e60baf9136e8f3:0x57dc7af173b135d1
Ceglarz Motor Repair & Sales Inc,(860) 224-3532,http://www.ceglarzmotors.com/,,"581 W Main St, New Britain, CT 06053, United States",581 W Main St,New Britain,CT,06053,4.8,134,Auto repair shop,,,https://www.google.com/maps/place/Ceglarz+Motor+Repair+%26+Sales+Inc/data=!4m7!3m6!1s0x89e7b3d82bac7d15:0x970782bf1c5edeb1!8m2!3d41.6660852!4d-72.8015184!16s%2Fg%2F1tdjs4_p!19sChIJFX2sK9iz54kRsd5eHL-CB5c?authuser=0&hl=en&rclk=1,auto repair shop,Middlesex County,county,CT,2026-07-23T00:13:31,0x89e7b3d82bac7d15:0x970782bf1c5edeb1
Monro Auto Service and Tire Centers,(860) 826-8678,https://locations.monro.com/ct/new-britain/963-west-main-street?&utm_source=google&utm_medium=organic&utm_campaign=gbp-listing-store_334,,"963 W Main St, New Britain, CT 06053, United States",963 W Main St,New Britain,CT,06053,4.4,472,Tire shop,,,https://www.google.com/maps/place/Monro+Auto+Service+and+Tire+Centers/data=!4m7!3m6!1s0x89e7b16552b840fb:0x38689319a0b53428!8m2!3d41.6684279!4d-72.8154235!16s%2Fg%2F1ttpcb2c!19sChIJ-0C4UmWx54kRKDS1oBmTaDg?authuser=0&hl=en&rclk=1,auto repair shop,Middlesex County,county,CT,2026-07-23T00:13:31,0x89e7b16552b840fb:0x38689319a0b53428
United Auto Service Inc,(860) 938-3431,https://www.united-autoservices.com/,,"211 213 Washington St, New Britain, CT 06051, United States",211 213 Washington St,New Britain,CT,06051,4.7,41,Auto repair shop,,,https://www.google.com/maps/place/United+Auto+Service+Inc/data=!4m7!3m6!1s0x89e7b234cfc0e1f1:0x9a567294a6b47a28!8m2!3d41.6738083!4d-72.7843538!16s%2Fg%2F1vc82vkj!19sChIJ8eHAzzSy54kRKHq0ppRyVpo?authuser=0&hl=en&rclk=1,auto repair shop,Hartford County,county,CT,2026-07-23T00:00:37,0x89e7b234cfc0e1f1:0x9a567294a6b47a28
AC Auto Body & Mechanical Service Inc.,(203) 966-1818,http://www.acautobodyinc.com/,,"182 Main St, New Canaan, CT 06840, United States",182 Main St,New Canaan,CT,06840,4.1,180,Auto body shop,,,https://www.google.com/maps/place/AC+Auto+Body+%26+Mechanical+Service+Inc./data=!4m7!3m6!1s0x89c2a712f29c9d89:0x2afaf53daacba3bf!8m2!3d41.1451248!4d-73.4909986!16s%2Fg%2F1tqtblvm!19sChIJiZ2c8hKnwokRv6PLqj31-io?authuser=0&hl=en&rclk=1,auto repair shop,Fairfield County,county,CT,2026-07-22T23:53:36,0x89c2a712f29c9d89:0x2afaf53daacba3bf
A & M Foreign Car Services Inc,(203) 467-2078,,,"313 Forbes Ave, New Haven, CT 06512, United States",313 Forbes Ave,New Haven,CT,06512,5.0,58,Auto repair shop,,,https://www.google.com/maps/place/A+%26+M+Foreign+Car+Services+Inc/data=!4m7!3m6!1s0x89e7d787d09b369b:0x111fd50b65f581df!8m2!3d41.2924474!4d-72.8965512!16s%2Fg%2F1tdzmlcv!19sChIJmzab0IfX54kR34H1ZQvVHxE?authuser=0&hl=en&rclk=1,auto repair shop,New Haven County,county,CT,2026-07-23T00:21:52,0x89e7d787d09b369b:0x111fd50b65f581df
Autoworks of Westville Inc.,(203) 389-4401,https://autoworksofwestville.com/,,"66 Fitch St, New Haven, CT 06515, United States",66 Fitch St,New Haven,CT,06515,4.8,156,Auto body shop,,,https://www.google.com/maps/place/Autoworks+of+Westville+Inc./data=!4m7!3m6!1s0x89e7d90db79bdacd:0x3067278004a3c0d5!8m2!3d41.3268008!4d-72.9556882!16s%2Fg%2F1tj2d0hv!19sChIJzdqbtw3Z54kR1cCjBIAnZzA?authuser=0&hl=en&rclk=1,auto repair shop,New Haven County,county,CT,2026-07-23T00:21:52,0x89e7d90db79bdacd:0x3067278004a3c0d5
Blake Auto Repair,,,,"Osborn Ave, New Haven, CT 06511, United States",Osborn Ave,New Haven,CT,06511,,,Auto repair shop,,,https://www.google.com/maps/place/Blake+Auto+Repair/data=!4m7!3m6!1s0x89e7d909490a8d0f:0x8c033a190e3be706!8m2!3d41.3237525!4d-72.9514917!16s%2Fg%2F11zhvx8xgc!19sChIJD40KSQnZ54kRBuc7Dhk6A4w?authuser=0&hl=en&rclk=1,auto repair shop,New Haven,city,CT,2026-07-23T01:00:06,0x89e7d909490a8d0f:0x8c033a190e3be706
"Columbus Auto Body Works, Inc.",(203) 803-1857,https://www.columbusautobodyworksct.com/,,"487 Columbus Ave, New Haven, CT 06519, United States",487 Columbus Ave,New Haven,CT,06519,4.8,85,Auto body shop,,,"https://www.google.com/maps/place/Columbus+Auto+Body+Works,+Inc./data=!4m7!3m6!1s0x89e7d859b9b6ea1d:0x77f6cad814a2c208!8m2!3d41.2978967!4d-72.9421213!16s%2Fg%2F1w0j56kw!19sChIJHeq2uVnY54kRCMKiFNjK9nc?authuser=0&hl=en&rclk=1",auto repair shop,New Haven County,county,CT,2026-07-23T00:21:52,0x89e7d859b9b6ea1d:0x77f6cad814a2c208
East Rock Auto Repair Inc,(203) 776-9220,http://eastrockauto.com/,,"1400 State St, New Haven, CT 06511, United States",1400 State St,New Haven,CT,06511,4.8,369,Auto repair shop,,,https://www.google.com/maps/place/East+Rock+Auto+Repair+Inc/data=!4m7!3m6!1s0x89e7d760735b7d21:0x1ca98a32eb5f6f1!8m2!3d41.3212216!4d-72.8974618!16s%2Fg%2F1v8x36q3!19sChIJIX1bc2DX54kR8fa1LqOYygE?authuser=0&hl=en&rclk=1,auto repair shop,Middlesex County,county,CT,2026-07-23T00:13:31,0x89e7d760735b7d21:0x1ca98a32eb5f6f1
Firestone Complete Auto Care,(203) 392-1798,https://www.firestonecompleteautocare.com/connecticut/new-haven/680-chapel-st/?utm_source=google&utm_medium=organic&utm_campaign=localmaps&cmp=oloc_google_localmaps_maps,,"680 Chapel St, New Haven, CT 06510, United States",680 Chapel St,New Haven,CT,06510,4.3,653,Tire shop,,,https://www.google.com/maps/place/Firestone+Complete+Auto+Care/data=!4m7!3m6!1s0x89e7d8356bedd3bb:0xfd36058d5a5021f5!8m2!3d41.3040293!4d-72.9212794!16s%2Fg%2F1tcwmlcv!19sChIJu9PtazXY54kR9SFQWo0FNv0?authuser=0&hl=en&rclk=1,auto repair shop,New Haven County,county,CT,2026-07-23T00:21:52,0x89e7d8356bedd3bb:0xfd36058d5a5021f5
Gillette Auto Body Co Inc,(203) 777-5581,https://thegilletteautobody.com/,,"4 Middletown Ave, New Haven, CT 06513, United States",4 Middletown Ave,New Haven,CT,06513,4.4,65,Auto body shop,,,https://www.google.com/maps/place/Gillette+Auto+Body+Co+Inc/data=!4m7!3m6!1s0x89e7d7604aded3b9:0x330481a423773f26!8m2!3d41.3190297!4d-72.8971555!16s%2Fg%2F1th0zd25!19sChIJudPeSmDX54kRJj93I6SBBDM?authuser=0&hl=en&rclk=1,auto repair shop,New Haven County,county,CT,2026-07-23T00:21:52,0x89e7d7604aded3b9:0x330481a423773f26
Lyons Auto Inc,(203) 624-9954,https://lyonsautorepairct.com/,,"465 Ella T Grasso Blvd, New Haven, CT 06519, United States",465 Ella T Grasso Blvd,New Haven,CT,06519,4.1,38,Auto repair shop,,,https://www.google.com/maps/place/Lyons+Auto+Inc/data=!4m7!3m6!1s0x89e7d85f19704e87:0x6839a0f35bce6b6e!8m2!3d41.2928317!4d-72.9431003!16s%2Fg%2F1tj22l26!19sChIJh05wGV_Y54kRbmvOW_OgOWg?authuser=0&hl=en&rclk=1,auto repair shop,New Haven County,county,CT,2026-07-23T00:21:52,0x89e7d85f19704e87:0x6839a0f35bce6b6e
Megill's Inc,(203) 387-2236,,,"1390 Whalley Ave, New Haven, CT 06515, United States",1390 Whalley Ave,New Haven,CT,06515,3.5,120,Auto repair shop,,,https://www.google.com/maps/place/Megill%27s+Inc/data=!4m7!3m6!1s0x89e7d93f52551da3:0x78c6a76f9e913e76!8m2!3d41.3326767!4d-72.9756741!16s%2Fg%2F1tw1fw5h!19sChIJox1VUj_Z54kRdj6Rnm-nxng?authuser=0&hl=en&rclk=1,auto repair shop,New Haven County,county,CT,2026-07-23T00:21:52,0x89e7d93f52551da3:0x78c6a76f9e913e76
Meineke Car Care Center,(203) 800-7122,https://www.meineke.com/locations/ct/new-haven-122/?utm_source=google&utm_medium=organic&utm_campaign=gbp_website,,"1175 Whalley Ave, New Haven, CT 06515, United States",1175 Whalley Ave,New Haven,CT,06515,4.4,906,Auto repair shop,,,https://www.google.com/maps/place/Meineke+Car+Care+Center/data=!4m7!3m6!1s0x89e7d915844f2af3:0x239441c4150b5b27!8m2!3d41.3296758!4d-72.9690306!16s%2Fg%2F1hc58hpqs!19sChIJ8ypPhBXZ54kRJ1sLFcRBlCM?authuser=0&hl=en&rclk=1,auto repair shop,New Haven County,county,CT,2026-07-23T00:21:52,0x89e7d915844f2af3:0x239441c4150b5b27
Norkor Clutch & Brake Inc.,(203) 288-9763,,,"1533 State St, New Haven, CT 06511, United States",1533 State St,New Haven,CT,06511,4.8,47,Auto parts store,,,https://www.google.com/maps/place/Norkor+Clutch+%26+Brake+Inc./data=!4m7!3m6!1s0x89e7d75f1bdf5283:0x36eea65c1f59f1e!8m2!3d41.3245883!4d-72.8962558!16s%2Fg%2F1tdhg0ps!19sChIJg1LfG1_X54kRHp_1wWXqbgM?authuser=0&hl=en&rclk=1,auto repair shop,New Haven,city,CT,2026-07-23T01:00:06,0x89e7d75f1bdf5283:0x36eea65c1f59f1e
Powsner Auto Metal Works Inc,(203) 787-1231,,,"33 Sperry St, New Haven, CT 06511, United States",33 Sperry St,New Haven,CT,06511,4.9,21,Auto body shop,,,https://www.google.com/maps/place/Powsner+Auto+Metal+Works+Inc/data=!4m7!3m6!1s0x89e7d9ae333913ff:0xa17a845f829aa3aa!8m2!3d41.3150052!4d-72.935129!16s%2Fg%2F1tg_mnpp!19sChIJ_xM5M67Z54kRqqOagl-EeqE?authuser=0&hl=en&rclk=1,auto repair shop,New Haven County,county,CT,2026-07-23T00:21:52,0x89e7d9ae333913ff:0xa17a845f829aa3aa
Sunbeam Service Center Inc,,,,"170 Middletown Ave, New Haven, CT 06513, United States",170 Middletown Ave,New Haven,CT,06513,5.0,2,Auto repair shop,,,https://www.google.com/maps/place/Sunbeam+Service+Center+Inc/data=!4m7!3m6!1s0x89e7d7434229c551:0x79f2e6ac94ef04f4!8m2!3d41.3246604!4d-72.8851883!16s%2Fg%2F1tjy2jhv!19sChIJUcUpQkPX54kR9ATvlKzm8nk?authuser=0&hl=en&rclk=1,auto repair shop,New Haven County,county,CT,2026-07-23T00:21:52,0x89e7d7434229c551:0x79f2e6ac94ef04f4
Tony's Auto Services Inc,(203) 624-0105,https://tonysautoct.com/,,"599 Lombard St, New Haven, CT 06513, United States",599 Lombard St,New Haven,CT,06513,4.7,135,Auto repair shop,,,https://www.google.com/maps/place/Tony%27s+Auto+Services+Inc/data=!4m7!3m6!1s0x89e7d9d990c7ee1f:0xfaa413cc3c3c94bd!8m2!3d41.3143837!4d-72.9036251!16s%2Fg%2F1tg_h2bv!19sChIJH-7HkNnZ54kRvZQ8PMwTpPo?authuser=0&hl=en&rclk=1,auto repair shop,Middlesex County,county,CT,2026-07-23T00:13:31,0x89e7d9d990c7ee1f:0xfaa413cc3c3c94bd
Bernie's Service Station,,,,"151 Jefferson Ave, New London, CT 06320, United States",151 Jefferson Ave,New London,CT,06320,,,Auto repair shop,,,https://www.google.com/maps/place/Bernie%27s+Service+Station/data=!4m7!3m6!1s0x89e60f001ffe6e1d:0x5fa3c43949d07aa!8m2!3d41.3534514!4d-72.1098833!16s%2Fg%2F11lzg_x5q2!19sChIJHW7-HwAP5okRqgedlEM8-gU?authuser=0&hl=en&rclk=1,auto repair shop,New London County,county,CT,2026-07-23T00:32:14,0x89e60f001ffe6e1d:0x5fa3c43949d07aa
CAR BAZAAR,,,,"60 Truman St, New London, CT 06320, United States",60 Truman St,New London,CT,06320,,,Auto repair shop,,,https://www.google.com/maps/place/CAR+BAZAAR/data=!4m7!3m6!1s0x89e60f0054736739:0xa33ba6cecd223e62!8m2!3d41.3511835!4d-72.1034845!16s%2Fg%2F11xlh55509!19sChIJOWdzVAAP5okRYj4izc6mO6M?authuser=0&hl=en&rclk=1,auto repair shop,New London County,county,CT,2026-07-23T00:32:15,0x89e60f0054736739:0xa33ba6cecd223e62
Firestone Complete Auto Care,(860) 333-8971,https://www.firestonecompleteautocare.com/connecticut/new-london/45-truman-st/?utm_source=google&utm_medium=organic&utm_campaign=localmaps&cmp=oloc_google_localmaps_maps,,"45 Truman St, New London, CT 06320, United States",45 Truman St,New London,CT,06320,4.3,546,Tire shop,,,https://www.google.com/maps/place/Firestone+Complete+Auto+Care/data=!4m7!3m6!1s0x89e60e5cfda999df:0x49fe45d11e1edf3a!8m2!3d41.350524!4d-72.1033371!16s%2Fg%2F1tjwjs4z!19sChIJ35mp_VwO5okROt8eHtFF_kk?authuser=0&hl=en&rclk=1,auto repair shop,New London County,county,CT,2026-07-23T00:32:14,0x89e60e5cfda999df:0x49fe45d11e1edf3a
Goodyear Auto Service,(860) 447-1745,https://www.goodyear.com/en-us/goodyearautoservice,,"527 Vauxhall St, New London, CT 06320, United States",527 Vauxhall St,New London,CT,06320,4.7,403,Tire shop,,,https://www.google.com/maps/place/Goodyear+Auto+Service/data=!4m7!3m6!1s0x89e60e0c6b9ddd11:0xf5b9c0c400e357e5!8m2!3d41.3699602!4d-72.1223421!16s%2Fg%2F1tkrmts9!19sChIJEd2dawwO5okR5VfjAMTAufU?authuser=0&hl=en&rclk=1,auto repair shop,New London County,county,CT,2026-07-23T00:32:14,0x89e60e0c6b9ddd11:0xf5b9c0c400e357e5
Meineke Car Care Center,(860) 333-8376,https://www.meineke.com/locations/ct/new-london-178/?utm_source=google&utm_medium=organic&utm_campaign=gbp_website,,"665 Broad St, New London, CT 06320, United States",665 Broad St,New London,CT,06320,4.5,331,Auto repair shop,,,https://www.google.com/maps/place/Meineke+Car+Care+Center/data=!4m7!3m6!1s0x89e60e6d60967365:0x57767b13c59b113c!8m2!3d41.367575!4d-72.125086!16s%2Fg%2F1hm2g4d1b!19sChIJZXOWYG0O5okRPBGbxRN7dlc?authuser=0&hl=en&rclk=1,auto repair shop,New London County,county,CT,2026-07-23T00:32:14,0x89e60e6d60967365:0x57767b13c59b113c
Monro Auto Service and Tire Centers,(860) 440-3772,https://locations.monro.com/ct/new-london/317-n-frontage-road?&utm_source=google&utm_medium=organic&utm_campaign=gbp-listing-store_194,,"317 N Frontage Rd, New London, CT 06320, United States",317 N Frontage Rd,New London,CT,06320,4.5,478,Tire shop,,,https://www.google.com/maps/place/Monro+Auto+Service+and+Tire+Centers/data=!4m7!3m6!1s0x89e60e7110c3e031:0x6fe60c87a50c3a03!8m2!3d41.3703158!4d-72.1183578!16s%2Fg%2F1v8323s7!19sChIJMeDDEHEO5okRAzoMpYcM5m8?authuser=0&hl=en&rclk=1,auto repair shop,New London County,county,CT,2026-07-23T00:32:14,0x89e60e7110c3e031:0x6fe60c87a50c3a03
Dowler Garage Inc,(860) 868-2719,,,"199 New Milford Turnpike, New Preston, CT 06777, United States",199 New Milford Turnpike,New Preston,CT,06777,5.0,11,Auto repair shop,,,https://www.google.com/maps/place/Dowler+Garage+Inc/data=!4m7!3m6!1s0x89e78c9a221c72e9:0x88345cefe6375ade!8m2!3d41.6672229!4d-73.3624756!16s%2Fg%2F1vn9q35_!19sChIJ6XIcIpqM54kR3lo35u9cNIg?authuser=0&hl=en&rclk=1,auto repair shop,Litchfield County,county,CT,2026-07-14T21:18:31,0x89e78c9a221c72e9:0x88345cefe6375ade
C & C Automotive Services Inc,(860) 953-0257,,,"416 Hartford Ave, Newington, CT 06111, United States",416 Hartford Ave,Newington,CT,06111,4.7,17,Auto repair shop,,,https://www.google.com/maps/place/C+%26+C+Automotive+Services+Inc/data=!4m7!3m6!1s0x89e7ad34c2812771:0x922b569ed4d6c4e1!8m2!3d41.721953!4d-72.7125868!16s%2Fg%2F1tf08pp7!19sChIJcSeBwjSt54kR4cTW1J5WK5I?authuser=0&hl=en&rclk=1,auto repair shop,Hartford County,county,CT,2026-07-23T00:00:37,0x89e7ad34c2812771:0x922b569ed4d6c4e1
Monro Auto Service and Tire Centers,(860) 739-0630,https://locations.monro.com/ct/niantic/252-flanders-road?&utm_source=google&utm_medium=organic&utm_campaign=gbp-listing-store_1450,,"252 Flanders Rd, Niantic, CT 06357, United States",252 Flanders Rd,Niantic,CT,06357,4.4,353,Tire shop,,,https://www.google.com/maps/place/Monro+Auto+Service+and+Tire+Centers/data=!4m7!3m6!1s0x89e61118f17b42c5:0x2012f2417928758c!8m2!3d41.3575797!4d-72.2108039!16s%2Fg%2F1td2cc25!19sChIJxUJ78RgR5okRjHUoeUHyEiA?authuser=0&hl=en&rclk=1,auto repair shop,New London County,county,CT,2026-07-23T00:32:15,0x89e61118f17b42c5:0x2012f2417928758c
Noank Service Center Inc,(860) 536-4364,,,"11 Ward Ave, Noank, CT 06340, United States",11 Ward Ave,Noank,CT,06340,4.9,16,Auto repair shop,,,https://www.google.com/maps/place/Noank+Service+Center+Inc/data=!4m7!3m6!1s0x89e609a5400fc94d:0xce9f562f0daf0004!8m2!3d41.3261968!4d-71.9892266!16s%2Fg%2F1tdw4hhw!19sChIJTckPQKUJ5okRBACvDS9Wn84?authuser=0&hl=en&rclk=1,auto repair shop,New London County,county,CT,2026-07-23T00:32:15,0x89e609a5400fc94d:0xce9f562f0daf0004
Complete Auto Repair Inc.,(203) 239-8064,,,"439 Washington Ave, North Haven, CT 06473, United States",439 Washington Ave,North Haven,CT,06473,4.2,14,Auto repair shop,,,https://www.google.com/maps/place/Complete+Auto+Repair+Inc./data=!4m7!3m6!1s0x89e7ce282c987f97:0xa04c7dc042f19738!8m2!3d41.4117223!4d-72.8426397!16s%2Fg%2F1tfsjfmy!19sChIJl3-YLCjO54kROJfxQsB9TKA?authuser=0&hl=en&rclk=1,auto repair shop,New Haven County,county,CT,2026-07-23T00:21:52,0x89e7ce282c987f97:0xa04c7dc042f19738
Lydell Motors Ltd,(203) 288-9015,https://www.lydellmotorsltd.com/,,"400 State St, North Haven, CT 06473, United States",400 State St,North Haven,CT,06473,4.8,280,Auto repair shop,,,https://www.google.com/maps/place/Lydell+Motors+Ltd/data=!4m7!3m6!1s0x89e7d09a76b1fd11:0x90c0e50a08283b4b!8m2!3d41.3652919!4d-72.8878122!16s%2Fg%2F1th5kh5t!19sChIJEf2xdprQ54kRSzsoCArlwJA?authuser=0&hl=en&rclk=1,auto repair shop,New Haven County,county,CT,2026-07-14T21:32:30,0x89e7d09a76b1fd11:0x90c0e50a08283b4b
Walmart Auto Care Center,(860) 423-5017,https://www.walmart.com/store/2022-north-windham-ct/auto-care-center/?veh=seo_loc,,"474 Boston Post Rd, North Windham, CT 06256, United States",474 Boston Post Rd,North Windham,CT,06256,2.9,181,Oil change service,,,https://www.google.com/maps/place/Walmart+Auto+Care+Center/data=!4m7!3m6!1s0x89e662ea28f2809f:0xe8ad759232f453b0!8m2!3d41.7417289!4d-72.1744888!16s%2Fg%2F1thvhzbr!19sChIJn4DyKOpi5okRsFP0MpJ1reg?authuser=0&hl=en&rclk=1,auto repair shop,Windham County,county,CT,2026-07-23T00:47:00,0x89e662ea28f2809f:0xe8ad759232f453b0
AAMCO Transmissions & Total Car Care,(203) 563-8153,http://www.aamconorwalk.com/?utm_source=G&utm_medium=local&utm_campaign=google-local,,"269 Main Ave, Norwalk, CT 06851, United States",269 Main Ave,Norwalk,CT,06851,4.5,225,Transmission shop,,,https://www.google.com/maps/place/AAMCO+Transmissions+%26+Total+Car+Care/data=!4m7!3m6!1s0x89e81db41b38580f:0x872f773ffb4f579f!8m2!3d41.132408!4d-73.424212!16s%2Fg%2F1tdw92q2!19sChIJD1g4G7Qd6IkRn1dP-z93L4c?authuser=0&hl=en&rclk=1,auto repair shop,Norwalk,city,CT,2026-07-23T01:29:34,0x89e81db41b38580f:0x872f773ffb4f579f
Atlantic Automotive Services Corp.,(203) 853-3076,,,"2 Meadow St, Norwalk, CT 06854, United States",2 Meadow St,Norwalk,CT,06854,5.0,1,Auto repair shop,,,https://www.google.com/maps/place/Atlantic+Automotive+Services+Corp./data=!4m7!3m6!1s0x89e81e5e52acb2bd:0xae996a670ce14a76!8m2!3d41.085042!4d-73.4205165!16s%2Fg%2F1wj_v9br!19sChIJvbKsUl4e6IkRdkrhDGdqma4?authuser=0&hl=en&rclk=1,auto repair shop,Norwalk,city,CT,2026-07-23T01:29:34,0x89e81e5e52acb2bd:0xae996a670ce14a76
Cotaling's Auto Body Inc,(203) 838-5032,http://cotalings.com/,,"130 Connecticut Ave, Norwalk, CT 06854, United States",130 Connecticut Ave,Norwalk,CT,06854,4.8,113,Auto body shop,,,https://www.google.com/maps/place/Cotaling%27s+Auto+Body+Inc/data=!4m7!3m6!1s0x89e81e79cdfbe193:0xf1305becc082eb8d!8m2!3d41.1054172!4d-73.4294454!16s%2Fg%2F1tkkvxqx!19sChIJk-H7zXke6IkRjeuCwOxbMPE?authuser=0&hl=en&rclk=1,auto repair shop,Norwalk,city,CT,2026-07-23T01:29:34,0x89e81e79cdfbe193:0xf1305becc082eb8d
Good Year,,https://www.goodyear.com/en-US/tires/tire-shop/all?addr=Norwalk%2C+CT+06851%2C+USA&zip=06851&lat=41.1339818&lng=-73.40623419999997,,"470 Westport Ave, Norwalk, CT 06851, United States",470 Westport Ave,Norwalk,CT,06851,4.7,21,Tire shop,,,https://www.google.com/maps/place/Good+Year/data=!4m7!3m6!1s0x89e81c6e977fe78f:0x463cc6db27c3acd!8m2!3d41.1266951!4d-73.386895!16s%2Fg%2F11c56rny7w!19sChIJj-d_l24c6IkRzTp8sm3MYwQ?authuser=0&hl=en&rclk=1,auto repair shop,Norwalk,city,CT,2026-07-23T01:29:34,0x89e81c6e977fe78f:0x463cc6db27c3acd
Hank May's Discount Tire & Auto Center,(203) 846-3277,http://hankmays.com/,,"470 Westport Ave, Norwalk, CT 06851, United States",470 Westport Ave,Norwalk,CT,06851,4.2,265,Auto repair shop,,,https://www.google.com/maps/place/Hank+May%27s+Discount+Tire+%26+Auto+Center/data=!4m7!3m6!1s0x89e81c6e9786c951:0x97187246f6ff65f7!8m2!3d41.1267133!4d-73.3868214!16s%2Fg%2F1vb9f2mp!19sChIJUcmGl24c6IkR92X_9kZyGJc?authuser=0&hl=en&rclk=1,auto repair shop,Norwalk,city,CT,2026-07-23T01:29:34,0x89e81c6e9786c951:0x97187246f6ff65f7
Midas,(203) 663-3834,https://www.midas.com/store/ct/norwalk/377-main-avenue-06851/?shopnum=4796&utm_source=google&utm_medium=organic&utm_campaign=gbp,,"377 Main Ave, Norwalk, CT 06851, United States",377 Main Ave,Norwalk,CT,06851,4.3,519,Auto repair shop,,,https://www.google.com/maps/place/Midas/data=!4m7!3m6!1s0x89e81daee8be6431:0x4b6e0370666323e8!8m2!3d41.1404276!4d-73.4262822!16s%2Fg%2F1thgj1rd!19sChIJMWS-6K4d6IkR6CNjZnADbks?authuser=0&hl=en&rclk=1,auto repair shop,Norwalk,city,CT,2026-07-23T01:29:34,0x89e81daee8be6431:0x4b6e0370666323e8
Monro Auto Service and Tire Centers,(203) 847-6305,https://locations.monro.com/ct/norwalk/280-westport-avenue?&utm_source=google&utm_medium=organic&utm_campaign=gbp-listing-store_522,,"280 Westport Ave, Norwalk, CT 06851, United States",280 Westport Ave,Norwalk,CT,06851,4.0,296,Tire shop,,,https://www.google.com/maps/place/Monro+Auto+Service+and+Tire+Centers/data=!4m7!3m6!1s0x89e81c404f9a15cd:0xf92a330e4e57cfe7!8m2!3d41.1244757!4d-73.3959927!16s%2Fg%2F1tfv1lc0!19sChIJzRWaT0Ac6IkR589XTg4zKvk?authuser=0&hl=en&rclk=1,auto repair shop,Norwalk,city,CT,2026-07-23T01:29:34,0x89e81c404f9a15cd:0xf92a330e4e57cfe7
Meineke Car Care Center,(860) 237-3165,https://www.meineke.com/locations/ct/norwich-917/?utm_source=google&utm_medium=organic&utm_campaign=gbp_website,,"74 W Thames St #32, Norwich, CT 06360, United States",74 W Thames St #32,Norwich,CT,06360,4.6,399,Auto repair shop,,,https://www.google.com/maps/place/Meineke+Car+Care+Center/data=!4m7!3m6!1s0x89e673dafa793ae1:0x6802da0d7867b850!8m2!3d41.5161559!4d-72.0800312!16s%2Fg%2F1ts3m70y!19sChIJ4Tp5-tpz5okRULhneA3aAmg?authuser=0&hl=en&rclk=1,auto repair shop,New London County,county,CT,2026-07-23T00:32:15,0x89e673dafa793ae1:0x6802da0d7867b850
Monro Auto Service and Tire Centers,(860) 886-8266,https://locations.monro.com/ct/norwich/557-w-main-street?&utm_source=google&utm_medium=organic&utm_campaign=gbp-listing-store_207,,"557 W Main St, Norwich, CT 06360, United States",557 W Main St,Norwich,CT,06360,4.5,447,Tire shop,,,https://www.google.com/maps/place/Monro+Auto+Service+and+Tire+Centers/data=!4m7!3m6!1s0x89e6722d894ab465:0x22f7acc186535842!8m2!3d41.5174862!4d-72.0983832!16s%2Fg%2F1tctmtqm!19sChIJZbRKiS1y5okRQlhThsGs9yI?authuser=0&hl=en&rclk=1,auto repair shop,New London County,county,CT,2026-07-23T00:32:15,0x89e6722d894ab465:0x22f7acc186535842
Monro Auto Service and Tire Centers,(860) 388-1016,https://locations.monro.com/ct/old-saybrook/901-boston-post-road?&utm_source=google&utm_medium=organic&utm_campaign=gbp-listing-store_213,,"901 Boston Post Rd, Old Saybrook, CT 06475, United States",901 Boston Post Rd,Old Saybrook,CT,06475,4.5,410,Tire shop,,,https://www.google.com/maps/place/Monro+Auto+Service+and+Tire+Centers/data=!4m7!3m6!1s0x89e623b1c6fa2c07:0x5bdf2703b34bd062!8m2!3d41.2902616!4d-72.3865217!16s%2Fg%2F1tj8bfv1!19sChIJByz6xrEj5okRYtBLswMn31s?authuser=0&hl=en&rclk=1,auto repair shop,Middlesex County,county,CT,2026-07-23T00:13:31,0x89e623b1c6fa2c07:0x5bdf2703b34bd062
Thomas Buffington Associates Inc. Auto repair,(860) 317-1079,https://lnjgus2605.wixsite.com/tbaautorepair,,"111 Commercial Dr, Plainfield, CT 06374, United States",111 Commercial Dr,Plainfield,CT,06374,4.7,120,Auto repair shop,,,https://www.google.com/maps/place/Thomas+Buffington+Associates+Inc.+Auto+repair/data=!4m7!3m6!1s0x89e5d61ae8500947:0x23a142b3169aa9fb!8m2!3d41.6453628!4d-71.9431304!16s%2Fg%2F11dd_lsrh5!19sChIJRwlQ6BrW5YkR-6maFrNCoSM?authuser=0&hl=en&rclk=1,auto repair shop,Windham County,county,CT,2026-07-23T00:47:00,0x89e5d61ae8500947:0x23a142b3169aa9fb
"National Auto Dealers Service, Inc.",(800) 722-4183,http://www.nadswarranty.net/,,"326 Orchard Hill Rd, Pomfret Center, CT 06259, United States",326 Orchard Hill Rd,Pomfret Center,CT,06259,5.0,5,Auto repair shop,,,"https://www.google.com/maps/place/National+Auto+Dealers+Service,+Inc./data=!4m7!3m6!1s0x89e682739a9b7513:0x9d10975152c9f67f!8m2!3d41.8359784!4d-71.9591327!16s%2Fg%2F1tfr1g0q!19sChIJE3WbmnOC5okRf_bJUlGXEJ0?authuser=0&hl=en&rclk=1",auto repair shop,Windham County,county,CT,2026-07-23T00:47:00,0x89e682739a9b7513:0x9d10975152c9f67f
Bill's Auto Inc.,(860) 887-3648,http://billsautoct.com/,,"3 Nelson Dr, Preston, CT 06365, United States",3 Nelson Dr,Preston,CT,06365,5.0,93,Auto repair shop,,,https://www.google.com/maps/place/Bill%27s+Auto+Inc./data=!4m7!3m6!1s0x89e6757d01f7d385:0x6caf891d10d55a93!8m2!3d41.4982137!4d-72.0373463!16s%2Fg%2F11lqm6v9ds!19sChIJhdP3AX115okRk1rVEB2Jr2w?authuser=0&hl=en&rclk=1,auto repair shop,New London County,county,CT,2026-07-14T21:42:18,0x89e6757d01f7d385:0x6caf891d10d55a93
Limestone Service Station Inc,(203) 438-8028,http://limestoneservicestation.com/,,"399 Danbury Rd, Ridgefield, CT 06877, United States",399 Danbury Rd,Ridgefield,CT,06877,4.8,100,Auto repair shop,,,https://www.google.com/maps/place/Limestone+Service+Station+Inc/data=!4m7!3m6!1s0x89c2aa61b692e009:0x77dc09d77468559d!8m2!3d41.3103845!4d-73.4858747!16s%2Fg%2F11c1s3h9db!19sChIJCeCStmGqwokRnVVodNcJ3Hc?authuser=0&hl=en&rclk=1,auto repair shop,Fairfield County,county,CT,2026-07-14T21:02:23,0x89c2aa61b692e009:0x77dc09d77468559d
"Deane's Auto & Truck, Inc.",(860) 851-9048,https://deanesautoandtruck.com/,,"296 East St, Stafford Springs, CT 06076, United States",296 East St,Stafford Springs,CT,06076,4.6,74,Auto repair shop,,,"https://www.google.com/maps/place/Deane%27s+Auto+%26+Truck,+Inc./data=!4m7!3m6!1s0x89e6f69fa96cbb5d:0xbe7efbb5dd798f5!8m2!3d41.992678!4d-72.2787962!16s%2Fg%2F1thr85tn!19sChIJXbtsqZ_25okR9ZjXXbvv5ws?authuser=0&hl=en&rclk=1",auto repair shop,Tolland County,county,CT,2026-07-23T00:39:10,0x89e6f69fa96cbb5d:0xbe7efbb5dd798f5
Clark's Hill Services Inc,(203) 324-2575,,,"765 E Main St, Stamford, CT 06902, United States",765 E Main St,Stamford,CT,06902,3.7,3,Auto repair shop,,,https://www.google.com/maps/place/Clark%27s+Hill+Services+Inc/data=!4m7!3m6!1s0x89c2a1c4eab88cd5:0x2ecee22ea72b2fa4!8m2!3d41.0550231!4d-73.5293438!16s%2Fg%2F1td54c11!19sChIJ1Yy46sShwokRpC8rpy7izi4?authuser=0&hl=en&rclk=1,auto repair shop,Stamford,city,CT,2026-07-23T01:12:09,0x89c2a1c4eab88cd5:0x2ecee22ea72b2fa4
"Core Car, Inc.",(203) 348-3199,https://corecar.com/,,"30 Commerce Rd, Stamford, CT 06902, United States",30 Commerce Rd,Stamford,CT,06902,5.0,276,Limousine service,,,"https://www.google.com/maps/place/Core+Car,+Inc./data=!4m7!3m6!1s0x89c298ab033544d9:0x451726347d64d97d!8m2!3d41.046753!4d-73.561743!16s%2Fg%2F11bztd67l8!19sChIJ2UQ1A6uYwokRfdlkfTQmF0U?authuser=0&hl=en&rclk=1",auto repair shop,Stamford,city,CT,2026-07-23T01:12:09,0x89c298ab033544d9:0x451726347d64d97d
D'Agostino Bros. Foreign Car Service Inc.,(203) 324-3966,,,"316 Long Ridge Rd, Stamford, CT 06902, United States",316 Long Ridge Rd,Stamford,CT,06902,4.5,18,Auto repair shop,,,https://www.google.com/maps/place/D%27Agostino+Bros.+Foreign+Car+Service+Inc./data=!4m7!3m6!1s0x89c2a186ba955f9b:0xcf5eb640419e1428!8m2!3d41.0814831!4d-73.554373!16s%2Fg%2F11bv30j7_z!19sChIJm1-VuoahwokRKBSeQUC2Xs8?authuser=0&hl=en&rclk=1,auto repair shop,Stamford,city,CT,2026-07-23T01:12:09,0x89c2a186ba955f9b:0xcf5eb640419e1428
Firestone Complete Auto Care,(203) 614-1840,https://www.firestonecompleteautocare.com/connecticut/stamford/892-e-main-st/?utm_source=google&utm_medium=organic&utm_campaign=localmaps&cmp=oloc_google_localmaps_maps,,"892 E Main St, Stamford, CT 06902, United States",892 E Main St,Stamford,CT,06902,3.5,675,Tire shop,,,https://www.google.com/maps/place/Firestone+Complete+Auto+Care/data=!4m7!3m6!1s0x89c2a1cf7e5fdb4b:0x977a2c3b3c65d24b!8m2!3d41.0561605!4d-73.524534!16s%2Fg%2F1tfgq9x6!19sChIJS9tffs-hwokRS9JlPDssepc?authuser=0&hl=en&rclk=1,auto repair shop,Stamford,city,CT,2026-07-23T01:12:09,0x89c2a1cf7e5fdb4b:0x977a2c3b3c65d24b
"Glennco Auto, Inc",(203) 504-8417,http://glenncoautoinc.com/,,"130 Lenox Ave Ste 26, Stamford, CT 06906, United States",130 Lenox Ave Ste 26,Stamford,CT,06906,4.8,13,Car repair and maintenance service,,,"https://www.google.com/maps/place/Glennco+Auto,+Inc/data=!4m7!3m6!1s0x89c2a04d15eeb2eb:0xe4cf4bc5a3e06a2f!8m2!3d41.0696478!4d-73.5105605!16s%2Fg%2F11bzv1hmh1!19sChIJ67LuFU2gwokRL2rgo8VLz-Q?authuser=0&hl=en&rclk=1",auto repair shop,Stamford,city,CT,2026-07-23T01:12:09,0x89c2a04d15eeb2eb:0xe4cf4bc5a3e06a2f
Hank May's Discount Tire & Auto Center,(203) 348-3000,http://hankmays.com/,,"168 Magee Ave, Stamford, CT 06902, United States",168 Magee Ave,Stamford,CT,06902,4.4,308,Tire shop,,,https://www.google.com/maps/place/Hank+May%27s+Discount+Tire+%26+Auto+Center/data=!4m7!3m6!1s0x89c2a1d89297bbef:0xc4539f6466dcd065!8m2!3d41.0442874!4d-73.5269729!16s%2Fg%2F1trrf3qr!19sChIJ77uXktihwokRZdDcZmSfU8Q?authuser=0&hl=en&rclk=1,auto repair shop,Stamford,city,CT,2026-07-23T01:12:09,0x89c2a1d89297bbef:0xc4539f6466dcd065
Long Ridge Service Inc,(203) 322-3900,,,"1095 Long Ridge Rd, Stamford, CT 06903, United States",1095 Long Ridge Rd,Stamford,CT,06903,3.7,54,Convenience store,,,https://www.google.com/maps/place/Long+Ridge+Service+Inc/data=!4m7!3m6!1s0x89c2a3dc50d800c9:0xd1cfbb430344b0ad!8m2!3d41.1058987!4d-73.5677358!16s%2Fg%2F1tlwgksc!19sChIJyQDYUNyjwokRrbBEA0O7z9E?authuser=0&hl=en&rclk=1,auto repair shop,Stamford,city,CT,2026-07-23T01:12:09,0x89c2a3dc50d800c9:0xd1cfbb430344b0ad
Pershing Automotive,,,,"28 Stone St, Stamford, CT 06902, United States",28 Stone St,Stamford,CT,06902,5.0,2,Auto repair shop,,,https://www.google.com/maps/place/Pershing+Automotive/data=!4m7!3m6!1s0x89c29f005d818dad:0x180d2d6f00db7508!8m2!3d41.0426263!4d-73.535532!16s%2Fg%2F11ysy5c8hx!19sChIJrY2BXQCfwokRCHXbAG8tDRg?authuser=0&hl=en&rclk=1,auto repair shop,Stamford,city,CT,2026-07-23T01:12:09,0x89c29f005d818dad:0x180d2d6f00db7508
Pisano Bros Auto Repair Inc,(203) 961-0778,,,"86 Elmcroft Rd, Stamford, CT 06902, United States",86 Elmcroft Rd,Stamford,CT,06902,5.0,7,Auto repair shop,,,https://www.google.com/maps/place/Pisano+Bros+Auto+Repair+Inc/data=!4m7!3m6!1s0x89c2a1e048496259:0xd4c714ed9352d793!8m2!3d41.0388446!4d-73.5375325!16s%2Fg%2F1tx4q8l4!19sChIJWWJJSOChwokRk9dSk-0Ux9Q?authuser=0&hl=en&rclk=1,auto repair shop,Stamford,city,CT,2026-07-23T01:12:09,0x89c2a1e048496259:0xd4c714ed9352d793
Twin Ridge Services Inc,(203) 327-6224,https://twinridgeautobody.com/,,"22 Fahey St, Stamford, CT 06907, United States",22 Fahey St,Stamford,CT,06907,5.0,145,Auto body shop,,,https://www.google.com/maps/place/Twin+Ridge+Services+Inc/data=!4m7!3m6!1s0x89c2a1034cb384c1:0xb0de01595b94a97f!8m2!3d41.0915998!4d-73.5169905!16s%2Fg%2F1ttphtqc!19sChIJwYSzTAOhwokRf6mUW1kB3rA?authuser=0&hl=en&rclk=1,auto repair shop,Stamford,city,CT,2026-07-23T01:12:09,0x89c2a1034cb384c1:0xb0de01595b94a97f
Vantage Motors Inc,(203) 554-6168,https://www.vantagemotorsports.com/,,"11 Fahey St, Stamford, CT 06907, United States",11 Fahey St,Stamford,CT,06907,5.0,10,Auto repair shop,,,https://www.google.com/maps/place/Vantage+Motors+Inc/data=!4m7!3m6!1s0x89c2a10352fa6ddb:0x36873eaadcfb36e2!8m2!3d41.0912973!4d-73.5175951!16s%2Fg%2F1twy_gvv!19sChIJ2236UgOhwokR4jb73Ko-hzY?authuser=0&hl=en&rclk=1,auto repair shop,Stamford,city,CT,2026-07-23T01:12:09,0x89c2a10352fa6ddb:0x36873eaadcfb36e2
West High Service Station Inc,(203) 324-0288,https://westhighservice.com/,,"355 W Main St, Stamford, CT 06902, United States",355 W Main St,Stamford,CT,06902,4.1,130,Auto repair shop,,,https://www.google.com/maps/place/West+High+Service+Station+Inc/data=!4m7!3m6!1s0x89c2a1fdee55f3ef:0x9261c7f6f1c109fb!8m2!3d41.048404!4d-73.5525833!16s%2Fg%2F1vhq4mxb!19sChIJ7_NV7v2hwokR-wnB8fbHYZI?authuser=0&hl=en&rclk=1,auto repair shop,Stamford,city,CT,2026-07-23T01:12:09,0x89c2a1fdee55f3ef:0x9261c7f6f1c109fb
Westover Service Inc.,(203) 324-3094,http://www.westoverservice.com/,,"10 West Ave, Stamford, CT 06902, United States",10 West Ave,Stamford,CT,06902,4.5,36,Auto repair shop,,,https://www.google.com/maps/place/Westover+Service+Inc./data=!4m7!3m6!1s0x89c2a1f8ce069119:0x90286a51b23e0700!8m2!3d41.0531887!4d-73.5569682!16s%2Fg%2F1tj341m7!19sChIJGZEGzvihwokRAAc-slFqKJA?authuser=0&hl=en&rclk=1,auto repair shop,Stamford,city,CT,2026-07-23T01:12:09,0x89c2a1f8ce069119:0x90286a51b23e0700
"Breezy Point Auto Repairs, Inc",(203) 377-8601,https://breezypointautorepairinc.com/,,"609 Main St, Stratford, CT 06615, United States",609 Main St,Stratford,CT,06615,4.7,224,Auto repair shop,,,"https://www.google.com/maps/place/Breezy+Point+Auto+Repairs,+Inc/data=!4m7!3m6!1s0x89e80d0f81977021:0xc80bb12b255e4070!8m2!3d41.1699909!4d-73.1261512!16s%2Fg%2F11_s0xkkj!19sChIJIXCXgQ8N6IkRcEBeJSuxC8g?authuser=0&hl=en&rclk=1",auto repair shop,Fairfield County,county,CT,2026-07-22T23:53:36,0x89e80d0f81977021:0xc80bb12b255e4070
Midas,(203) 212-8250,https://www.midas.com/store/ct/stratford/910-barnum-avenue-cutoff-06614/?shopnum=4671&utm_source=google&utm_medium=organic&utm_campaign=gbp,,"910 Barnum Avenue Cutoff, Stratford, CT 06614, United States",910 Barnum Avenue Cutoff,Stratford,CT,06614,4.7,763,Auto repair shop,,,https://www.google.com/maps/place/Midas/data=!4m7!3m6!1s0x89e80cf4938be563:0x993c470c011c9b05!8m2!3d41.1993054!4d-73.1300911!16s%2Fg%2F1tp1zvq2!19sChIJY-WLk_QM6IkRBZscAQxHPJk?authuser=0&hl=en&rclk=1,auto repair shop,Fairfield County,county,CT,2026-07-22T23:53:36,0x89e80cf4938be563:0x993c470c011c9b05
Bill's Service Station & Auto Parts Inc.,(860) 875-6231,http://www.bills-autoparts.com/,,"844 Tolland Stage Rd, Tolland, CT 06084, United States",844 Tolland Stage Rd,Tolland,CT,06084,4.6,263,Used auto parts store,,,https://www.google.com/maps/place/Bill%27s+Service+Station+%26+Auto+Parts+Inc./data=!4m7!3m6!1s0x89e6f49950bad85d:0x1fccb744e65ff6d5!8m2!3d41.872183!4d-72.360339!16s%2Fg%2F1tfr1g2q!19sChIJXdi6UJn05okR1fZf5kS3zB8?authuser=0&hl=en&rclk=1,auto repair shop,Tolland County,county,CT,2026-07-23T00:39:10,0x89e6f49950bad85d:0x1fccb744e65ff6d5
Johnson Auto Body Inc,(860) 875-7136,http://www.johnsonautobody.com/,,"393 Merrow Rd, Tolland, CT 06084, United States",393 Merrow Rd,Tolland,CT,06084,4.8,98,Auto body shop,,,https://www.google.com/maps/place/Johnson+Auto+Body+Inc/data=!4m7!3m6!1s0x89e6f4c9c6855dc5:0xabf4080f72b3de44!8m2!3d41.8541202!4d-72.3379158!16s%2Fg%2F1tjprjg3!19sChIJxV2Fxsn05okRRN6zcg8I9Ks?authuser=0&hl=en&rclk=1,auto repair shop,Tolland County,county,CT,2026-07-23T00:39:10,0x89e6f4c9c6855dc5:0xabf4080f72b3de44
"Morrison And Johnson, Inc.",(860) 872-4265,http://morrisonandjohnson.com/,,"391 Merrow Rd, Tolland, CT 06084, United States",391 Merrow Rd,Tolland,CT,06084,4.4,31,Car repair and maintenance service,,,"https://www.google.com/maps/place/Morrison+And+Johnson,+Inc./data=!4m7!3m6!1s0x89e6f4c9c5e67d8f:0xa8d604b48c56c449!8m2!3d41.853868!4d-72.3383196!16s%2Fg%2F1tgpz6wn!19sChIJj33mxcn05okRScRWjLQE1qg?authuser=0&hl=en&rclk=1",auto repair shop,Tolland County,county,CT,2026-07-23T00:39:10,0x89e6f4c9c5e67d8f:0xa8d604b48c56c449
Town Line Auto Body Inc,(860) 875-0746,,,"220 Hartford Turnpike #2823, Tolland, CT 06084, United States",220 Hartford Turnpike #2823,Tolland,CT,06084,4.6,37,Auto body shop,,,https://www.google.com/maps/place/Town+Line+Auto+Body+Inc/data=!4m7!3m6!1s0x89e6f427346b5431:0x3a3907557ae960f9!8m2!3d41.8640726!4d-72.4227618!16s%2Fg%2F1vd3wv29!19sChIJMVRrNCf05okR-WDpelUHOTo?authuser=0&hl=en&rclk=1,auto repair shop,Tolland County,county,CT,2026-07-23T00:39:10,0x89e6f427346b5431:0x3a3907557ae960f9
Midas,(860) 387-7159,https://www.midas.com/store/ct/torrington/91-south-main-street-06790/?shopnum=4980&utm_source=google&utm_medium=organic&utm_campaign=gbp,,"91 S Main St, Torrington, CT 06790, United States",91 S Main St,Torrington,CT,06790,4.5,550,Auto repair shop,,,https://www.google.com/maps/place/Midas/data=!4m7!3m6!1s0x89e798590a88a6e5:0x64599684a02dec46!8m2!3d41.7984415!4d-73.120181!16s%2Fg%2F1vxzbngs!19sChIJ5aaIClmY54kRRuwtoISWWWQ?authuser=0&hl=en&rclk=1,auto repair shop,Litchfield County,county,CT,2026-07-23T00:06:08,0x89e798590a88a6e5:0x64599684a02dec46
Knecht's Garage Inc,(203) 268-6284,,,"101 Monroe Turnpike, Trumbull, CT 06611, United States",101 Monroe Turnpike,Trumbull,CT,06611,4.9,213,Auto repair shop,,,https://www.google.com/maps/place/Knecht%27s+Garage+Inc/data=!4m7!3m6!1s0x89e8084a9c921f03:0x83a0cddf7823e760!8m2!3d41.2937355!4d-73.231842!16s%2Fg%2F1tfkxbl7!19sChIJAx-SnEoI6IkRYOcjeN_NoIM?authuser=0&hl=en&rclk=1,auto repair shop,Fairfield County,county,CT,2026-07-14T21:02:23,0x89e8084a9c921f03:0x83a0cddf7823e760
Firestone Complete Auto Care,(860) 896-8799,https://www.firestonecompleteautocare.com/connecticut/vernon-rockville/327-hartford-turnpike/?utm_source=google&utm_medium=organic&utm_campaign=localmaps&cmp=oloc_google_localmaps_maps,,"327 Hartford Turnpike, Vernon, CT 06066, United States",327 Hartford Turnpike,Vernon,CT,06066,4.2,477,Tire shop,,,https://www.google.com/maps/place/Firestone+Complete+Auto+Care/data=!4m7!3m6!1s0x89e6f7dc22620833:0xd638c6358ecdb527!8m2!3d41.8275664!4d-72.4897709!16s%2Fg%2F1tgffd6h!19sChIJMwhiItz35okRJ7XNjjXGONY?authuser=0&hl=en&rclk=1,auto repair shop,Tolland County,county,CT,2026-07-23T00:39:10,0x89e6f7dc22620833:0xd638c6358ecdb527
Goodyear Auto Service,(860) 646-0101,https://www.goodyear.com/en-us/goodyearautoservice,,"378 Kelly Rd 1 Ste 1, Vernon, CT 06066, United States",378 Kelly Rd 1 Ste 1,Vernon,CT,06066,4.5,306,Tire shop,,,https://www.google.com/maps/place/Goodyear+Auto+Service/data=!4m7!3m6!1s0x89e6f7e0ed251345:0x827841b6fed07ed6!8m2!3d41.8249329!4d-72.4986015!16s%2Fg%2F1tddt6ql!19sChIJRRMl7eD35okR1n7Q_rZBeII?authuser=0&hl=en&rclk=1,auto repair shop,Tolland County,county,CT,2026-07-23T00:39:10,0x89e6f7e0ed251345:0x827841b6fed07ed6
Meineke Car Care Center,(860) 375-5014,https://www.meineke.com/locations/ct/vernon-rockville-1423/?utm_source=google&utm_medium=organic&utm_campaign=gbp_website,,"370A Hartford Turnpike, Vernon, CT 06066, United States",370A Hartford Turnpike,Vernon,CT,06066,4.7,492,Auto repair shop,,,https://www.google.com/maps/place/Meineke+Car+Care+Center/data=!4m7!3m6!1s0x89e6f7da8bc8f635:0x7b2baa288815fe3!8m2!3d41.827526!4d-72.486229!16s%2Fg%2F1hc4g3wtv!19sChIJNfbIi9r35okR41-BiKK6sgc?authuser=0&hl=en&rclk=1,auto repair shop,Tolland County,county,CT,2026-07-23T00:39:10,0x89e6f7da8bc8f635:0x7b2baa288815fe3
Monro Auto Service and Tire Centers,(860) 871-6955,https://locations.monro.com/ct/vernon/548-talcottville-road?&utm_source=google&utm_medium=organic&utm_campaign=gbp-listing-store_192,,"548 Talcottville Rd, Vernon, CT 06066, United States",548 Talcottville Rd,Vernon,CT,06066,4.3,435,Tire shop,,,https://www.google.com/maps/place/Monro+Auto+Service+and+Tire+Centers/data=!4m7!3m6!1s0x89e6f7af731534b1:0xe01b2640e19ca629!8m2!3d41.8518653!4d-72.4831277!16s%2Fg%2F1wc3288q!19sChIJsTQVc6_35okRKaac4UAmG-A?authuser=0&hl=en&rclk=1,auto repair shop,Tolland County,county,CT,2026-07-23T00:39:10,0x89e6f7af731534b1:0xe01b2640e19ca629
Frenchy's Auto Repair Inc,(203) 265-0889,https://frenchysautoinc.net/,,"508 Main St, Wallingford, CT 06492, United States",508 Main St,Wallingford,CT,06492,4.5,217,Auto repair shop,,,https://www.google.com/maps/place/Frenchy%27s+Auto+Repair+Inc/data=!4m7!3m6!1s0x89e7c95b3d49373f:0xef734cc9fb6e399f!8m2!3d41.4970804!4d-72.8143726!16s%2Fg%2F1tkrmtzx!19sChIJPzdJPVvJ54kRnzlu-8lMc-8?authuser=0&hl=en&rclk=1,auto repair shop,Middlesex County,county,CT,2026-07-23T00:13:31,0x89e7c95b3d49373f:0xef734cc9fb6e399f
Vertucci Automotive Inc,(203) 269-2323,http://www.vertucciauto.com/,,"848 S Colony St, Wallingford, CT 06492, United States",848 S Colony St,Wallingford,CT,06492,4.6,167,Auto repair shop,,,https://www.google.com/maps/place/Vertucci+Automotive+Inc/data=!4m7!3m6!1s0x89e7ce4360ea25f9:0xf449b2cfd58a4cf!8m2!3d41.4367807!4d-72.8327545!16s%2Fg%2F1tjs5zmn!19sChIJ-SXqYEPO54kRz6RY_SybRA8?authuser=0&hl=en&rclk=1,auto repair shop,Middlesex County,county,CT,2026-07-23T00:13:31,0x89e7ce4360ea25f9:0xf449b2cfd58a4cf
Deriu and Sons Auto Service Inc.,(203) 755-2712,https://www.facebook.com/profile.php?id=61554646756934,,"1945 Baldwin St, Waterbury, CT 06706, United States",1945 Baldwin St,Waterbury,CT,06706,4.8,17,Auto repair shop,,,https://www.google.com/maps/place/Deriu+and+Sons+Auto+Service+Inc./data=!4m7!3m6!1s0x89e7c1783a69f213:0x860e6ac8a465136c!8m2!3d41.5268896!4d-73.0380862!16s%2Fg%2F1tfzht2x!19sChIJE_JpOnjB54kRbBNlpMhqDoY?authuser=0&hl=en&rclk=1,auto repair shop,Waterbury,city,CT,2026-07-23T01:21:21,0x89e7c1783a69f213:0x860e6ac8a465136c
Firestone Complete Auto Care,(203) 805-7325,https://www.firestonecompleteautocare.com/connecticut/waterbury/809-wolcott-st/?utm_source=google&utm_medium=organic&utm_campaign=localmaps&cmp=oloc_google_localmaps_maps,,"809 Wolcott St, Waterbury, CT 06705, United States",809 Wolcott St,Waterbury,CT,06705,4.3,529,Tire shop,,,https://www.google.com/maps/place/Firestone+Complete+Auto+Care/data=!4m7!3m6!1s0x89e7c0c4949e7a79:0x65515b6000ac53e2!8m2!3d41.5637755!4d-73.0101607!16s%2Fg%2F1thxm2nl!19sChIJeXqelMTA54kR4lOsAGBbUWU?authuser=0&hl=en&rclk=1,auto repair shop,Waterbury,city,CT,2026-07-23T01:21:21,0x89e7c0c4949e7a79:0x65515b6000ac53e2
Jannetty Racing Enterprises Inc.,(203) 753-7223,http://www.jannettyracing.com/,,"2984 E Main St, Waterbury, CT 06705, United States",2984 E Main St,Waterbury,CT,06705,4.8,213,Auto repair shop,,,https://www.google.com/maps/place/Jannetty+Racing+Enterprises+Inc./data=!4m7!3m6!1s0x89e7c6d6a5211fb5:0xf9ee05430cd792cd!8m2!3d41.5450342!4d-72.9872161!16s%2Fg%2F1td1ffvp!19sChIJtR8hpdbG54kRzZLXDEMF7vk?authuser=0&hl=en&rclk=1,auto repair shop,Waterbury,city,CT,2026-07-23T01:21:21,0x89e7c6d6a5211fb5:0xf9ee05430cd792cd
Jiffy Lube,(203) 573-0119,https://www.jiffylube.com/locations/ct/waterbury/350,,"50 Thomaston Ave, Waterbury, CT 06702, United States",50 Thomaston Ave,Waterbury,CT,06702,4.3,273,Oil change service,,,https://www.google.com/maps/place/Jiffy+Lube/data=!4m7!3m6!1s0x89e7c04d42ac39f5:0x149dac4aff6a590c!8m2!3d41.5590374!4d-73.0522219!16s%2Fg%2F1tjt2zn1!19sChIJ9TmsQk3A54kRDFlq_0qsnRQ?authuser=0&hl=en&rclk=1,auto repair shop,Waterbury,city,CT,2026-07-23T01:21:21,0x89e7c04d42ac39f5:0x149dac4aff6a590c
"Karas Motors, Inc.",(203) 597-8899,http://karasmotorsct.com/,,"19 Coolidge Ave, Waterbury, CT 06708, United States",19 Coolidge Ave,Waterbury,CT,06708,3.7,87,Towing service,,,"https://www.google.com/maps/place/Karas+Motors,+Inc./data=!4m7!3m6!1s0x89e7c048ebf13595:0xb5571d404aa7ce7b!8m2!3d41.5682531!4d-73.0602078!16s%2Fg%2F1td4qr53!19sChIJlTXx60jA54kRe86nSkAdV7U?authuser=0&hl=en&rclk=1",auto repair shop,Waterbury,city,CT,2026-07-23T01:21:21,0x89e7c048ebf13595:0xb5571d404aa7ce7b
Meineke Car Care Center,(203) 721-7302,https://www.meineke.com/locations/ct/waterbury-54/?utm_source=google&utm_medium=organic&utm_campaign=gbp_website,,"760 Wolcott St, Waterbury, CT 06705, United States",760 Wolcott St,Waterbury,CT,06705,4.3,679,Auto repair shop,,,https://www.google.com/maps/place/Meineke+Car+Care+Center/data=!4m7!3m6!1s0x89e7c0c4ad67ee49:0x3a179daf83f1d8b4!8m2!3d41.5622959!4d-73.0100758!16s%2Fg%2F1hc1cdq4s!19sChIJSe5nrcTA54kRtNjxg6-dFzo?authuser=0&hl=en&rclk=1,auto repair shop,Waterbury,city,CT,2026-07-23T01:21:21,0x89e7c0c4ad67ee49:0x3a179daf83f1d8b4
Mobilemechanics,,,,"927 S Main St, Waterbury, CT 06706, United States",927 S Main St,Waterbury,CT,06706,,,Auto repair shop,,,https://www.google.com/maps/place/Mobilemechanics/data=!4m7!3m6!1s0x89e7c159e2173c7f:0x14be984287c7436f!8m2!3d41.5433709!4d-73.0373602!16s%2Fg%2F11tp13k99r!19sChIJfzwX4lnB54kRb0PHh0KYvhQ?authuser=0&hl=en&rclk=1,auto repair shop,Waterbury,city,CT,2026-07-23T01:21:21,0x89e7c159e2173c7f:0x14be984287c7436f
Model Garage Inc,(203) 574-1882,https://modelgarageinc.com/,,"110 Thomaston Ave, Waterbury, CT 06702, United States",110 Thomaston Ave,Waterbury,CT,06702,4.7,215,Auto repair shop,,,https://www.google.com/maps/place/Model+Garage+Inc/data=!4m7!3m6!1s0x89e7c04d42c5c907:0xd6afc82a4a79a86b!8m2!3d41.5605676!4d-73.052534!16s%2Fg%2F1v3_3qhf!19sChIJB8nFQk3A54kRa6h5SirIr9Y?authuser=0&hl=en&rclk=1,auto repair shop,Litchfield County,county,CT,2026-07-23T00:06:08,0x89e7c04d42c5c907:0xd6afc82a4a79a86b
Monro Auto Service and Tire Centers,(203) 755-9644,https://locations.monro.com/ct/waterbury/649-west-main-street?&utm_source=google&utm_medium=organic&utm_campaign=gbp-listing-store_517,,"649 W Main St, Waterbury, CT 06702, United States",649 W Main St,Waterbury,CT,06702,4.4,491,Tire shop,,,https://www.google.com/maps/place/Monro+Auto+Service+and+Tire+Centers/data=!4m7!3m6!1s0x89e7c1ad5fb159e7:0x3374d6263d2be3ce!8m2!3d41.5576051!4d-73.0521746!16s%2Fg%2F1tg51g43!19sChIJ51mxX63B54kRzuMrPSbWdDM?authuser=0&hl=en&rclk=1,auto repair shop,Waterbury,city,CT,2026-07-23T01:21:21,0x89e7c1ad5fb159e7:0x3374d6263d2be3ce
Monro Auto Service and Tire Centers,(203) 755-5501,https://locations.monro.com/ct/waterbury/1040-wolcott-street?&utm_source=google&utm_medium=organic&utm_campaign=gbp-listing-store_511,,"1040 Wolcott St, Waterbury, CT 06705, United States",1040 Wolcott St,Waterbury,CT,06705,4.3,230,Tire shop,,,https://www.google.com/maps/place/Monro+Auto+Service+and+Tire+Centers/data=!4m7!3m6!1s0x89e7b8c528a5db43:0x7439674fa2ac8844!8m2!3d41.5691432!4d-73.0054745!16s%2Fg%2F1v9gl0j8!19sChIJQ9ulKMW454kRRIisok9nOXQ?authuser=0&hl=en&rclk=1,auto repair shop,Waterbury,city,CT,2026-07-23T01:21:21,0x89e7b8c528a5db43:0x7439674fa2ac8844
Pep Boys Auto Service & Tires,(203) 718-3813,https://www.pepboys.com/stores/ct/waterbury/699-wolcott-st?Cid=gbp_appt_AN:PB%7CPB:G%7CTT:GBP%7CCG:CONVERSION%7CCD:SERVICE,,"699 Wolcott St, Waterbury, CT 06705, United States",699 Wolcott St,Waterbury,CT,06705,3.8,865,Tire shop,,,https://www.google.com/maps/place/Pep+Boys+Auto+Service+%26+Tires/data=!4m7!3m6!1s0x89e7c0db58760b09:0xa3f9757f925b2e26!8m2!3d41.561307!4d-73.01236!16s%2Fg%2F1w0r0ymx!19sChIJCQt2WNvA54kRJi5bkn91-aM?authuser=0&hl=en&rclk=1,auto repair shop,Waterbury,city,CT,2026-07-23T01:21:21,0x89e7c0db58760b09:0xa3f9757f925b2e26
Ray's Automotive Inc - Auto Body Repair Waterbury,(203) 527-4116,http://www.raysautoinc.com/?utm_campaign=gmb,,"1704 Baldwin St, Waterbury, CT 06706, United States",1704 Baldwin St,Waterbury,CT,06706,4.9,719,Auto body shop,,,https://www.google.com/maps/place/Ray%27s+Automotive+Inc+-+Auto+Body+Repair+Waterbury/data=!4m7!3m6!1s0x89e7c176efd6a545:0xfdaa108ea1492409!8m2!3d41.5304733!4d-73.0377315!16s%2Fg%2F113kcxgdd!19sChIJRaXW73bB54kRCSRJoY4Qqv0?authuser=0&hl=en&rclk=1,auto repair shop,Waterbury,city,CT,2026-07-23T01:21:21,0x89e7c176efd6a545:0xfdaa108ea1492409
Setaro Motors Inc,(203) 525-8114,http://setaromotors.com/,,"11 Chase Ave, Waterbury, CT 06704, United States",11 Chase Ave,Waterbury,CT,06704,4.9,53,Auto repair shop,,,https://www.google.com/maps/place/Setaro+Motors+Inc/data=!4m7!3m6!1s0x89e7c092724ac8ad:0x39fe33a9f5e8f0b1!8m2!3d41.5780975!4d-73.0286748!16s%2Fg%2F1thx0gl0!19sChIJrchKcpLA54kRsfDo9akz_jk?authuser=0&hl=en&rclk=1,auto repair shop,Waterbury,city,CT,2026-07-23T01:21:21,0x89e7c092724ac8ad:0x39fe33a9f5e8f0b1
Superior Transmission Inc,(203) 574-2308,,,"1201 Wolcott St, Waterbury, CT 06705, United States",1201 Wolcott St,Waterbury,CT,06705,4.6,179,Auto repair shop,,,https://www.google.com/maps/place/Superior+Transmission+Inc/data=!4m7!3m6!1s0x89e7c0b7a429aaf5:0xd31fea9a862b4d39!8m2!3d41.5730953!4d-73.0035273!16s%2Fg%2F1tlbvrg8!19sChIJ9aoppLfA54kROU0rhprqH9M?authuser=0&hl=en&rclk=1,auto repair shop,Waterbury,city,CT,2026-07-23T01:21:21,0x89e7c0b7a429aaf5:0xd31fea9a862b4d39
United Auto Sales & Service Inc,(203) 756-8851,https://www.unitedautowaterbury.com/,,"219 Congress Ave, Waterbury, CT 06708, United States",219 Congress Ave,Waterbury,CT,06708,4.8,274,Auto repair shop,,,https://www.google.com/maps/place/United+Auto+Sales+%26+Service+Inc/data=!4m7!3m6!1s0x89e7c1a383e35095:0x27efc4557785d92b!8m2!3d41.543651!4d-73.049062!16s%2Fg%2F1thr85wz!19sChIJlVDjg6PB54kRK9mFd1XE7yc?authuser=0&hl=en&rclk=1,auto repair shop,Waterbury,city,CT,2026-07-23T01:21:21,0x89e7c1a383e35095:0x27efc4557785d92b
Vito's Auto Tech Inc,(203) 755-0020,http://www.vitosautotech.net/,,"594 Lakewood Rd, Waterbury, CT 06704, United States",594 Lakewood Rd,Waterbury,CT,06704,4.7,35,Auto repair shop,,,https://www.google.com/maps/place/Vito%27s+Auto+Tech+Inc/data=!4m7!3m6!1s0x89e7c0bf2fd6279d:0x56bb8c5761cef112!8m2!3d41.5740483!4d-73.0120935!16s%2Fg%2F1tfqrzp9!19sChIJnSfWL7_A54kREvHOYVeMu1Y?authuser=0&hl=en&rclk=1,auto repair shop,Waterbury,city,CT,2026-07-23T01:21:21,0x89e7c0bf2fd6279d:0x56bb8c5761cef112
Waterbury Transmission Inc,(203) 754-0171,,,"1480 N Main St, Waterbury, CT 06704, United States",1480 N Main St,Waterbury,CT,06704,4.4,134,Transmission shop,,,https://www.google.com/maps/place/Waterbury+Transmission+Inc/data=!4m7!3m6!1s0x89e7c0edb3e5d833:0xde9204da05d42bbe!8m2!3d41.5711693!4d-73.0254461!16s%2Fg%2F1tf7nlln!19sChIJM9jls-3A54kRvivUBdoEkt4?authuser=0&hl=en&rclk=1,auto repair shop,Waterbury,city,CT,2026-07-23T01:21:21,0x89e7c0edb3e5d833:0xde9204da05d42bbe
AC Automotive Inc,(860) 236-5020,https://ac-auto.com/,,"1072 New Britain Ave, West Hartford, CT 06110, United States",1072 New Britain Ave,West Hartford,CT,06110,4.8,401,Auto body shop,,,https://www.google.com/maps/place/AC+Automotive+Inc/data=!4m7!3m6!1s0x89e7ad3c9f596573:0xb086998089f3d6c3!8m2!3d41.7313536!4d-72.7276565!16s%2Fg%2F1tk4s5hc!19sChIJc2VZnzyt54kRw9bziYCZhrA?authuser=0&hl=en&rclk=1,auto repair shop,Hartford County,county,CT,2026-07-23T00:00:37,0x89e7ad3c9f596573:0xb086998089f3d6c3
Goodyear Auto Service,(860) 953-5243,https://www.goodyear.com/en-us/goodyearautoservice,,"1009 New Britain Ave, West Hartford, CT 06110, United States",1009 New Britain Ave,West Hartford,CT,06110,4.5,356,Tire shop,,,https://www.google.com/maps/place/Goodyear+Auto+Service/data=!4m7!3m6!1s0x89e7ad3a971038ad:0x26d2e7f04fe5bcae!8m2!3d41.7297915!4d-72.7223778!16s%2Fg%2F1vbl8m79!19sChIJrTgQlzqt54kRrrzlT_Dn0iY?authuser=0&hl=en&rclk=1,auto repair shop,Hartford County,county,CT,2026-07-23T00:00:37,0x89e7ad3a971038ad:0x26d2e7f04fe5bcae
Midas,(860) 856-8575,https://www.midas.com/store/ct/west-hartford/918-new-britain-avenue-06110/?shopnum=4132&utm_source=google&utm_medium=organic&utm_campaign=gbp,,"918 New Britain Ave, West Hartford, CT 06110, United States",918 New Britain Ave,West Hartford,CT,06110,4.3,780,Auto repair shop,,,https://www.google.com/maps/place/Midas/data=!4m7!3m6!1s0x89e7ad2ddd8074c1:0x7fb2113ab8b2c041!8m2!3d41.7316416!4d-72.7151451!16s%2Fg%2F1tggpnv4!19sChIJwXSA3S2t54kRQcCyuDoRsn8?authuser=0&hl=en&rclk=1,auto repair shop,Hartford County,county,CT,2026-07-23T00:00:37,0x89e7ad2ddd8074c1:0x7fb2113ab8b2c041
Pep Boys Auto Service & Tires,(860) 785-5530,https://www.pepboys.com/stores/ct/west-hartford/1000-new-britain-ave?Cid=gbp_appt_AN:PB%7CPB:G%7CTT:GBP%7CCG:CONVERSION%7CCD:SERVICE,,"1000 New Britain Ave, West Hartford, CT 06110, United States",1000 New Britain Ave,West Hartford,CT,06110,3.8,793,Tire shop,,,https://www.google.com/maps/place/Pep+Boys+Auto+Service+%26+Tires/data=!4m7!3m6!1s0x89e7ad3a988cb7df:0xdd06c717cc87ceee!8m2!3d41.730746!4d-72.7216296!16s%2Fg%2F1tvw5z75!19sChIJ37eMmDqt54kR7s6HzBfHBt0?authuser=0&hl=en&rclk=1,auto repair shop,Hartford,city,CT,2026-07-23T01:03:52,0x89e7ad3a988cb7df:0xdd06c717cc87ceee
"A & S Auto Repair and Body Shop, Inc.",(203) 934-1127,http://www.asbodyshop.com/,,"401 Elm St, West Haven, CT 06516, United States",401 Elm St,West Haven,CT,06516,4.1,62,Auto repair shop,,,"https://www.google.com/maps/place/A+%26+S+Auto+Repair+and+Body+Shop,+Inc./data=!4m7!3m6!1s0x89e7d882da947e4f:0x6b9fe534b99784a3!8m2!3d41.273771!4d-72.9572136!16s%2Fg%2F1wj_v98f!19sChIJT36U2oLY54kRo4SXuTTln2s?authuser=0&hl=en&rclk=1",auto repair shop,New Haven County,county,CT,2026-07-23T00:21:52,0x89e7d882da947e4f:0x6b9fe534b99784a3
ANDERSON AUTO CORP,(203) 387-1272,http://www.andersonautoct.com/,,"449 Derby Ave, West Haven, CT 06516, United States",449 Derby Ave,West Haven,CT,06516,4.7,27,Auto repair shop,,,https://www.google.com/maps/place/ANDERSON+AUTO+CORP/data=!4m7!3m6!1s0x89e7d8dd92ce8487:0x68acec6ca3a96e7f!8m2!3d41.3072923!4d-72.9705667!16s%2Fg%2F1tzlz_h7!19sChIJh4TOkt3Y54kRf26po2zsrGg?authuser=0&hl=en&rclk=1,auto repair shop,New Haven County,county,CT,2026-07-23T00:21:52,0x89e7d8dd92ce8487:0x68acec6ca3a96e7f
R&l Auto Service Inc,(203) 932-2347,,,"35 Everett St, West Haven, CT 06516, United States",35 Everett St,West Haven,CT,06516,4.8,23,Auto repair shop,,,https://www.google.com/maps/place/R%26l+Auto+Service+Inc/data=!4m7!3m6!1s0x89e7d895af6a53f7:0xf13a5eaf6d9d3339!8m2!3d41.2843609!4d-72.9775493!16s%2Fg%2F1tm69zq4!19sChIJ91Nqr5XY54kROTOdba9eOvE?authuser=0&hl=en&rclk=1,auto repair shop,New Haven,city,CT,2026-07-14T22:12:11,0x89e7d895af6a53f7:0xf13a5eaf6d9d3339
Midas,(860) 552-0466,https://www.midas.com/store/ct/westbrook/55-boston-post-road-06498/?shopnum=4782&utm_source=google&utm_medium=organic&utm_campaign=gbp,,"55 Boston Post Rd, Westbrook, CT 06498, United States",55 Boston Post Rd,Westbrook,CT,06498,4.7,269,Auto repair shop,,,https://www.google.com/maps/place/Midas/data=!4m7!3m6!1s0x89e626777d2ca7bf:0xb64c17603c66f941!8m2!3d41.2739655!4d-72.4849621!16s%2Fg%2F1td_664_!19sChIJv6csfXcm5okRQflmPGAXTLY?authuser=0&hl=en&rclk=1,auto repair shop,Middlesex County,county,CT,2026-07-14T21:24:42,0x89e626777d2ca7bf:0xb64c17603c66f941
Vautrin Auto Service Inc,(203) 255-1680,,,"1690 Post Rd E, Westport, CT 06880, United States",1690 Post Rd E,Westport,CT,06880,4.9,59,Auto repair shop,,,https://www.google.com/maps/place/Vautrin+Auto+Service+Inc/data=!4m7!3m6!1s0x89e81af2096055d3:0x8ab22d89c1ec9314!8m2!3d41.1381715!4d-73.3049505!16s%2Fg%2F1tfs22wp!19sChIJ01VgCfIa6IkRFJPswYktsoo?authuser=0&hl=en&rclk=1,auto repair shop,Fairfield County,county,CT,2026-07-22T23:53:36,0x89e81af2096055d3:0x8ab22d89c1ec9314
Meineke Car Care Center,(860) 634-5732,https://www.meineke.com/locations/ct/willimantic-2475/?utm_source=google&utm_medium=organic&utm_campaign=gbp_website,,"1050 Main St, Willimantic, CT 06226, United States",1050 Main St,Willimantic,CT,06226,4.6,850,Auto repair shop,,,https://www.google.com/maps/place/Meineke+Car+Care+Center/data=!4m7!3m6!1s0x89e663ee8a331c2d:0x12d10ad03665e992!8m2!3d41.712941!4d-72.2201675!16s%2Fg%2F11b6tj50nf!19sChIJLRwziu5j5okRkullNtAK0RI?authuser=0&hl=en&rclk=1,auto repair shop,Tolland County,county,CT,2026-07-23T00:39:10,0x89e663ee8a331c2d:0x12d10ad03665e992
Franc Motors Inc,(860) 429-2614,https://francmotorsinc.com/,,"33 River Rd, Willington, CT 06279, United States",33 River Rd,Willington,CT,06279,4.8,71,Auto repair shop,,,https://www.google.com/maps/place/Franc+Motors+Inc/data=!4m7!3m6!1s0x89e68b3d599c8b63:0xdf12a5dd5bd95f43!8m2!3d41.841217!4d-72.3077563!16s%2Fg%2F1w0sdx43!19sChIJY4ucWT2L5okRQ1_ZW92lEt8?authuser=0&hl=en&rclk=1,auto repair shop,Tolland County,county,CT,2026-07-23T00:39:10,0x89e68b3d599c8b63:0xdf12a5dd5bd95f43
Monro Auto Service and Tire Centers,(860) 738-1336,https://locations.monro.com/ct/winsted/200-new-hartford-road?&utm_source=google&utm_medium=organic&utm_campaign=gbp-listing-store_308,,"200 New Hartford Rd, Winsted, CT 06098, United States",200 New Hartford Rd,Winsted,CT,06098,4.2,501,Tire shop,,,https://www.google.com/maps/place/Monro+Auto+Service+and+Tire+Centers/data=!4m7!3m6!1s0x89e70a82f4d7c23b:0x12938750123c45e0!8m2!3d41.9099526!4d-73.0500662!16s%2Fg%2F1tnmsrr5!19sChIJO8LX9IIK54kR4EU8ElCHkxI?authuser=0&hl=en&rclk=1,auto repair shop,Litchfield County,county,CT,2026-07-14T21:18:31,0x89e70a82f4d7c23b:0x12938750123c45e0
MATIC inc Transportation & Dispatch Service -Repair - Road Side- Automobile Storage Facility - Parking- CARB Test,(267) 282-2027,,,"13 Town Line Rd, Wolcott, CT 06716, United States",13 Town Line Rd,Wolcott,CT,06716,5.0,73,Car repair and maintenance service,,,https://www.google.com/maps/place/MATIC+inc+Transportation+%26+Dispatch+Service+-Repair+-+Road+Side-+Automobile+Storage+Facility+-+Parking-+CARB+Test/data=!4m7!3m6!1s0x89dd55f8d599953b:0x1e54d63ec23dd0f5!8m2!3d41.5737647!4d-72.9992748!16s%2Fg%2F11vlpdvb0f!19sChIJO5WZ1fhV3YkR9dA9wj7WVB4?authuser=0&hl=en&rclk=1,auto repair shop,Litchfield County,county,CT,2026-07-23T00:06:08,0x89dd55f8d599953b:0x1e54d63ec23dd0f5
Peoples Choice Auto Service (P.C. Auto),(203) 263-5415,,,"486 Main St N, Woodbury, CT 06798, United States",486 Main St N,Woodbury,CT,06798,4.9,152,Auto repair shop,,,https://www.google.com/maps/place/Peoples+Choice+Auto+Service+%28P.C.+Auto%29/data=!4m7!3m6!1s0x89e7ec21b95151ff:0xaad364528bda0794!8m2!3d41.5634696!4d-73.1913485!16s%2Fg%2F1tnpm0rd!19sChIJ_1FRuSHs54kRlAfai1Jk06o?authuser=0&hl=en&rclk=1,auto repair shop,Litchfield County,county,CT,2026-07-23T00:06:08,0x89e7ec21b95151ff:0xaad364528bda0794
