name,phone,website,email,address,street,city,state,zip,rating,review_count,category,hours_status,hours_detail,google_maps_url,search_keyword,search_place,search_type,search_state,scraped_at,place_id
Argyle Mobile Automotive Repair,,,,,,,FL,,5.0,2,Car repair and maintenance service,,,https://www.google.com/maps/place/Argyle+Mobile+Automotive+Repair/data=!4m7!3m6!1s0x88e5c157c7149a83:0x3c54064d5f0f8962!8m2!3d30.2921015!4d-81.683107!16s%2Fg%2F11tg4ypdkb!19sChIJg5oUx1fB5YgRYokPX00GVDw?authuser=0&hl=en&rclk=1,auto repair shop,Nassau County,county,FL,2026-07-15T12:51:07,0x88e5c157c7149a83:0x3c54064d5f0f8962
DOT inspection and agricultura,,,,"Sanderson, FL 32087, United States",,,FL,,3.5,4,Vehicle inspection service,,,https://www.google.com/maps/place/DOT+inspection+and+agricultura/data=!4m7!3m6!1s0x88ef7d8e19d1df8b:0x12c3b0c6a92a5633!8m2!3d30.5161962!4d-82.2347913!16s%2Fg%2F11fl3yg6xz!19sChIJi9_RGY5974gRM1YqqcawwxI?authuser=0&hl=en&rclk=1,auto repair shop,Baker County,county,FL,2026-07-23T03:20:59,0x88ef7d8e19d1df8b:0x12c3b0c6a92a5633
Dave's Clay County Transmission,,,,"Middleburg, FL 32068, United States",,,FL,,2.8,4,Auto repair shop,,,https://www.google.com/maps/place/Dave%27s+Clay+County+Transmission/data=!4m7!3m6!1s0x88e5dd5f3828f807:0x57fbb339a3f9e65!8m2!3d30.073582!4d-81.8646426!16s%2Fg%2F11xvgfgfmd!19sChIJB_goOF_d5YgRZZ4_mjO7fwU?authuser=0&hl=en&rclk=1,auto repair shop,Clay County,county,FL,2026-07-23T04:22:46,0x88e5dd5f3828f807:0x57fbb339a3f9e65
FIX-IT PROS OF FLORIDA inc,(239) 445-9930,https://www.fix-it-pros-of-florida.com/,,,,,FL,,5.0,2,Car repair and maintenance service,,,https://www.google.com/maps/place/FIX-IT+PROS+OF+FLORIDA+inc/data=!4m7!3m6!1s0xbbec8a37b78607f:0xa57bfc35cbbcd149!8m2!3d28.044637!4d-82.5385269!16s%2Fg%2F11yn3m_l8p!19sChIJf2B4e6PIvgsRSdG8yzX8e6U?authuser=0&hl=en&rclk=1,auto repair shop,Putnam County,county,FL,2026-07-23T11:20:34,0xbbec8a37b78607f:0xa57bfc35cbbcd149
Firestone,,,,"Crawfordville, FL 32327, United States",,,FL,,,,Auto repair shop,,,https://www.google.com/maps/place/Firestone/data=!4m7!3m6!1s0x88ec850046caf41f:0x992d1550971faddc!8m2!3d30.1944839!4d-84.3711207!16s%2Fg%2F11yhgprjcc!19sChIJH_TKRgCF7IgR3K0fl1AVLZk?authuser=0&hl=en&rclk=1,auto repair shop,Franklin County,county,FL,2026-07-23T05:26:55,0x88ec850046caf41f:0x992d1550971faddc
GOODYEAR Tires,,https://www.goodyear.com/en_US/location/Palatka-FL-32177-US-000156667,,"Palatka, FL 32177, United States",,,FL,,4.5,2,Auto repair shop,,,https://www.google.com/maps/place/GOODYEAR+Tires/data=!4m7!3m6!1s0x88e66500698f7a0d:0x83db42d0dd80eca5!8m2!3d29.6485801!4d-81.6375819!16s%2Fg%2F11vzpvyntk!19sChIJDXqPaQBl5ogRpeyA3dBC24M?authuser=0&hl=en&rclk=1,auto repair shop,Putnam County,county,FL,2026-07-23T11:20:34,0x88e66500698f7a0d:0x83db42d0dd80eca5
Google Maps can't reach the internet,,,,,,,FL,,,,,,,https://www.google.com/maps/place/Jenkins+Kia+of+Gainesville+Service/data=!4m7!3m6!1s0x88e8a5fc136f239b:0xc80ac87ae31fc7c0!8m2!3d29.6785976!4d-82.3210251!16s%2Fg%2F11fph8q_tl!19sChIJmyNvE_yl6IgRwMcf43rICsg?authuser=0&hl=en&rclk=1,auto repair shop,Gainesville,city,FL,2026-07-15T16:44:12,0x88e8a5fc136f239b:0xc80ac87ae31fc7c0
Google Maps can't reach the internet,,,,,,,FL,,,,,,,https://www.google.com/maps/place/Extreme+Automotive+%26+Diesel+LLC/data=!4m7!3m6!1s0x88e8a7c8dc664ba5:0x4d66e738579312b3!8m2!3d29.6844801!4d-82.3227847!16s%2Fg%2F11bwf6z66y!19sChIJpUtm3Min6IgRsxKTVzjnZk0?authuser=0&hl=en&rclk=1,auto repair shop,Gainesville,city,FL,2026-07-15T16:44:12,0x88e8a7c8dc664ba5:0x4d66e738579312b3
Google Maps can't reach the internet,,,,,,,FL,,,,,,,https://www.google.com/maps/place/Mr.+Al%27s+Auto+Repair/data=!4m7!3m6!1s0x88e8a78955ad359f:0x497d3f6acad742df!8m2!3d29.6807741!4d-82.2973194!16s%2Fg%2F11p60rzkds!19sChIJnzWtVYmn6IgR30LXymo_fUk?authuser=0&hl=en&rclk=1,auto repair shop,Gainesville,city,FL,2026-07-15T16:44:12,0x88e8a78955ad359f:0x497d3f6acad742df
Google Maps can't reach the internet,,,,,,,FL,,,,,,,https://www.google.com/maps/place/Affordable+Truck+%26+Trailer+Service/data=!4m7!3m6!1s0x88e8a2df1e39876d:0x754d9c946afc9f6c!8m2!3d29.675212!4d-82.2978669!16s%2Fg%2F11fy4qvt_f!19sChIJbYc5Ht-i6IgRbJ_8apScTXU?authuser=0&hl=en&rclk=1,auto repair shop,Gainesville,city,FL,2026-07-15T16:44:12,0x88e8a2df1e39876d:0x754d9c946afc9f6c
Google Maps can't reach the internet,,,,,,,FL,,,,,,,https://www.google.com/maps/place/Hogtown+Auto+Inc./data=!4m7!3m6!1s0x88e8a7a5e262a825:0x2fd93a9425b3cbc8!8m2!3d29.6760136!4d-82.3000525!16s%2Fg%2F11qnvppnb_!19sChIJJahi4qWn6IgRyMuzJZQ62S8?authuser=0&hl=en&rclk=1,auto repair shop,Gainesville,city,FL,2026-07-15T16:44:12,0x88e8a7a5e262a825:0x2fd93a9425b3cbc8
J.A.R. Auto Repair Mecanica En General,,,,"Hialeah, FL 33010, United States",,,FL,,3.0,3,Auto repair shop,,,https://www.google.com/maps/place/J.A.R.+Auto+Repair+Mecanica+En+General/data=!4m7!3m6!1s0x88d9ba4277091bc7:0x471236fa2204dfd!8m2!3d25.8423959!4d-80.2992686!16s%2Fg%2F11bz_3d9n2!19sChIJxxsJd0K62YgR_U0gom8jcQQ?authuser=0&hl=en&rclk=1,auto repair shop,Hialeah,city,FL,2026-07-15T15:40:33,0x88d9ba4277091bc7:0x471236fa2204dfd
JS TIRE & OIL SERVICE INC,(863) 458-7035,,,,,,FL,,5.0,15,Mechanic,,,https://www.google.com/maps/place/JS+TIRE+%26+OIL+SERVICE+INC/data=!4m7!3m6!1s0xa68d541f54b007:0xecd6427de7b9cc51!8m2!3d29.7353755!4d-83.804601!16s%2Fg%2F11njcphcfv!19sChIJB7BUH1SNpgARUcy5531C1uw?authuser=0&hl=en&rclk=1,auto repair shop,Highlands County,county,FL,2026-07-15T10:57:09,0xa68d541f54b007:0xecd6427de7b9cc51
Javi-Yahus Towing & Detail,,https://javiyahustowinganddetail.com/,,,,,FL,,5.0,41,Towing service,,,https://www.google.com/maps/place/Javi-Yahus+Towing+%26+Detail/data=!4m7!3m6!1s0x6f57208266a6369b:0x4f87f7654c8dc184!8m2!3d30.7820526!4d-85.226536!16s%2Fg%2F11xw98gzv8!19sChIJmzamZoIgV28RhMGNTGX3h08?authuser=0&hl=en&rclk=1,auto repair shop,Calhoun County,county,FL,2026-07-23T03:58:09,0x6f57208266a6369b:0x4f87f7654c8dc184
McNish Genuine Automotive INC,(904) 207-9354,http://mcnishgenuineautomotive.com/,,,,,FL,,5.0,32,Car repair and maintenance service,,,https://www.google.com/maps/place/McNish+Genuine+Automotive+INC/data=!4m7!3m6!1s0x88e5cfbe7a7a73c5:0x48b7b2417fcbc622!8m2!3d30.20284!4d-81.6558305!16s%2Fg%2F11h6h7bk91!19sChIJxXN6er7P5YgRIsbLf0Gyt0g?authuser=0&hl=en&rclk=1,auto repair shop,Nassau County,county,FL,2026-07-15T12:51:07,0x88e5cfbe7a7a73c5:0x48b7b2417fcbc622
Mels Auto Repair LLC,,http://melsautorepairllc.net/,,,,,FL,,5.0,5,Car repair and maintenance service,,,https://www.google.com/maps/place/Mels+Auto+Repair+LLC/data=!4m7!3m6!1s0x248f3136582d4129:0xe8558a3a41d088df!8m2!3d46.423669!4d-129.9427086!16s%2Fg%2F11tdyb5wr9!19sChIJKUEtWDYxjyQR34jQQTqKVeg?authuser=0&hl=en&rclk=1,auto repair shop,Nassau County,county,FL,2026-07-23T09:45:08,0x248f3136582d4129:0xe8558a3a41d088df
NASSAU SUFFOLK AUTO REPAIR,,,,"East Massapequa, NY 11758, United States",,,FL,,1.0,1,Auto repair shop,,,https://www.google.com/maps/place/NASSAU+SUFFOLK+AUTO+REPAIR/data=!4m7!3m6!1s0x89e9d5af5053e92f:0x52a1dea4d6cf28bc!8m2!3d40.6696477!4d-73.4292273!16s%2Fg%2F11ywnc8hpt!19sChIJL-lTUK_V6YkRvCjP1qTeoVI?authuser=0&hl=en&rclk=1,auto repair shop,Nassau County,county,FL,2026-07-23T09:45:08,0x89e9d5af5053e92f:0x52a1dea4d6cf28bc
Precision Mobile Mechanic Inc,(904) 275-4056,,,,,,FL,,4.8,48,Mechanic,,,https://www.google.com/maps/place/Precision+Mobile+Mechanic+Inc/data=!4m7!3m6!1s0x88ef5f0997efa0d1:0x4cd09799435cdc16!8m2!3d29.6988055!4d-83.804601!16s%2Fg%2F11csb0g6cv!19sChIJ0aDvlwlf74gRFtxcQ5mX0Ew?authuser=0&hl=en&rclk=1,auto repair shop,Baker County,county,FL,2026-07-23T03:20:59,0x88ef5f0997efa0d1:0x4cd09799435cdc16
SOPCHOPPY TIRE,,,,"Sopchoppy, FL 32358, United States",,,FL,,,,Tire shop,,,https://www.google.com/maps/place/SOPCHOPPY+TIRE/data=!4m7!3m6!1s0x88ec9d76a7c2a9d9:0x96bbb51e6e48465e!8m2!3d30.0603869!4d-84.4757123!16s%2Fg%2F11l65ytgqh!19sChIJ2anCp3ad7IgRXkZIbh61u5Y?authuser=0&hl=en&rclk=1,auto repair shop,Franklin County,county,FL,2026-07-23T05:26:55,0x88ec9d76a7c2a9d9:0x96bbb51e6e48465e
Saint Johns Auto Repair,,https://stjohnsautorepair.vercel.app/,,,,,FL,,5.0,16,Mechanic,,,https://www.google.com/maps/place/Saint+Johns+Auto+Repair/data=!4m7!3m6!1s0x88e5cd6f8b6def8b:0xaec1c2ec32fe6d56!8m2!3d46.423669!4d-129.9427086!16s%2Fg%2F11kk6jq3zq!19sChIJi-9ti2_N5YgRVm3-MuzCwa4?authuser=0&hl=en&rclk=1,auto repair shop,Nassau County,county,FL,2026-07-15T12:51:06,0x88e5cd6f8b6def8b:0xaec1c2ec32fe6d56
interlachen to ST Augustine central florida auto repair,,,,"St. Augustine, FL 32086, United States",,,FL,,,,Auto repair shop,,,https://www.google.com/maps/place/interlachen+to+ST+Augustine+central+florida+auto+repair/data=!4m7!3m6!1s0x88e69d001e5e1bc3:0xc5b295f96e8aebec!8m2!3d29.8093885!4d-81.3124341!16s%2Fg%2F11x7n309tn!19sChIJwxteHgCd5ogR7OuKbvmVssU?authuser=0&hl=en&rclk=1,auto repair shop,St. Johns County,county,FL,2026-07-23T11:03:38,0x88e69d001e5e1bc3:0xc5b295f96e8aebec
CRT Automotive,,,,"15220 NW 118th Ave, Alachua, FL 32615, United States",15220 NW 118th Ave,Alachua,FL,32615,,,Auto repair shop,,,https://www.google.com/maps/place/CRT+Automotive/data=!4m7!3m6!1s0x88e8b70075f022b9:0x9b6dea9c89482c21!8m2!3d29.764328!4d-82.505584!16s%2Fg%2F11z16rtyxz!19sChIJuSLwdQC36IgRISxIiZzqbZs?authuser=0&hl=en&rclk=1,auto repair shop,Alachua County,county,FL,2026-07-23T03:04:02,0x88e8b70075f022b9:0x9b6dea9c89482c21
Firestone Complete Auto Care,(386) 229-3480,https://www.firestonecompleteautocare.com/florida/alachua/16308-nw-us-hwy-441/,,"16308 NW US Hwy 441, Alachua, FL 32615, United States",16308 NW US Hwy 441,Alachua,FL,32615,4.9,496,Tire shop,,,https://www.google.com/maps/place/Firestone+Complete+Auto+Care/data=!4m7!3m6!1s0x88e8b7ababf78edb:0x85d33e19dba79998!8m2!3d29.8040643!4d-82.5278156!16s%2Fg%2F11mck_vhw4!19sChIJ2473q6u36IgRmJmn2xk-04U?authuser=0&hl=en&rclk=1,auto repair shop,Union County,county,FL,2026-07-23T12:23:25,0x88e8b7ababf78edb:0x85d33e19dba79998
Roger's Tire & Repair Inc,(386) 462-3700,,,"15251 NW US Hwy 441, Alachua, FL 32615, United States",15251 NW US Hwy 441,Alachua,FL,32615,4.7,107,Tire shop,,,https://www.google.com/maps/place/Roger%27s+Tire+%26+Repair+Inc/data=!4m7!3m6!1s0x88e8b730be66eb3d:0x8e32c9ba5ce270a7!8m2!3d29.7952548!4d-82.4961468!16s%2Fg%2F1tr7dmfk!19sChIJPetmvjC36IgRp3DiXLrJMo4?authuser=0&hl=en&rclk=1,auto repair shop,Union County,county,FL,2026-07-23T12:23:25,0x88e8b730be66eb3d:0x8e32c9ba5ce270a7
Firestone Complete Auto Care,(321) 214-7758,https://www.firestonecompleteautocare.com/florida/altamonte-springs/369-fl-436/?utm_source=google&utm_medium=organic&utm_campaign=localmaps&cmp=oloc_google_localmaps_maps,,"369 FL-436, Altamonte Springs, FL 32714, United States",369 FL-436,Altamonte Springs,FL,32714,4.1,674,Tire shop,,,https://www.google.com/maps/place/Firestone+Complete+Auto+Care/data=!4m7!3m6!1s0x88e7716e0705fef5:0xdcf6bf12ca90dbbd!8m2!3d28.6623181!4d-81.3963519!16s%2Fg%2F1tfqm624!19sChIJ9f4FB25x54gRvduQyhK_9tw?authuser=0&hl=en&rclk=1,auto repair shop,Seminole County,county,FL,2026-07-15T14:28:50,0x88e7716e0705fef5:0xdcf6bf12ca90dbbd
"Zych's Certified Auto Service, Inc.",(407) 862-2633,http://www.zychscertifiedauto.com/,,"1194 W State Rd 436, Altamonte Springs, FL 32714, United States",1194 W State Rd 436,Altamonte Springs,FL,32714,5.0,147,Auto repair shop,,,"https://www.google.com/maps/place/Zych%27s+Certified+Auto+Service,+Inc./data=!4m7!3m6!1s0x88e776b3ac1057b7:0xe7fa027876bcc7f2!8m2!3d28.6664757!4d-81.4310842!16s%2Fg%2F1tlgys91!19sChIJt1cQrLN254gR8se8dngC-uc?authuser=0&hl=en&rclk=1",auto repair shop,Seminole County,county,FL,2026-07-23T11:54:17,0x88e776b3ac1057b7:0xe7fa027876bcc7f2
Complete Auto Repair,,,,"22 S Orange Ave, Arcadia, FL 34266, United States",22 S Orange Ave,Arcadia,FL,34266,5.0,1,Auto repair shop,,,https://www.google.com/maps/place/Complete+Auto+Repair/data=!4m7!3m6!1s0x88dc9601b05c1f2d:0x585b6c10126514fb!8m2!3d27.2156856!4d-81.8642365!16s%2Fg%2F11hm3yxq58!19sChIJLR9csAGW3IgR-xRlEhBsW1g?authuser=0&hl=en&rclk=1,auto repair shop,DeSoto County,county,FL,2026-07-23T04:40:22,0x88dc9601b05c1f2d:0x585b6c10126514fb
D & G RV Repair,,,,"2390 SW Westward Ave, Arcadia, FL 34266, United States",2390 SW Westward Ave,Arcadia,FL,34266,4.8,23,RV repair shop,,,https://www.google.com/maps/place/D+%26+G+RV+Repair/data=!4m7!3m6!1s0x88dcbb6b95db52ef:0xe11e4239d87b756!8m2!3d27.1869112!4d-81.9961098!16s%2Fg%2F11k4tt9myc!19sChIJ71LblWu73IgRVreHnSPkEQ4?authuser=0&hl=en&rclk=1,auto repair shop,DeSoto County,county,FL,2026-07-23T04:40:23,0x88dcbb6b95db52ef:0xe11e4239d87b756
"Fender Auto Parts, Inc.",(863) 494-1866,,,"1442 US-17, Arcadia, FL 34266, United States",1442 US-17,Arcadia,FL,34266,4.8,112,Auto parts store,,,"https://www.google.com/maps/place/Fender+Auto+Parts,+Inc./data=!4m7!3m6!1s0x88dcbd6dccc0d071:0x64ac067eee82652!8m2!3d27.1985944!4d-81.8637703!16s%2Fg%2F1vyxk6lw!19sChIJcdDAzG293IgRUibo7mfASgY?authuser=0&hl=en&rclk=1",auto repair shop,DeSoto County,county,FL,2026-07-23T04:40:23,0x88dcbd6dccc0d071:0x64ac067eee82652
Fender's Tire & Battery Inc,(863) 494-1330,,,"1442 SW Hwy 17, Arcadia, FL 34266, United States",1442 SW Hwy 17,Arcadia,FL,34266,5.0,2,Auto parts store,,,https://www.google.com/maps/place/Fender%27s+Tire+%26+Battery+Inc/data=!4m7!3m6!1s0x88dc97304ffc1207:0xd1a5672219291045!8m2!3d27.198542!4d-81.8638226!16s%2Fg%2F11t9trsymr!19sChIJBxL8TzCX3IgRRRApGSJnpdE?authuser=0&hl=en&rclk=1,auto repair shop,DeSoto County,county,FL,2026-07-23T04:40:23,0x88dc97304ffc1207:0xd1a5672219291045
Miller Automotive Service Inc,(863) 491-0091,,,"1965 SE Carlstrom Field Rd, Arcadia, FL 34266, United States",1965 SE Carlstrom Field Rd,Arcadia,FL,34266,4.6,52,Auto repair shop,,,https://www.google.com/maps/place/Miller+Automotive+Service+Inc/data=!4m7!3m6!1s0x88dca9f30de34abd:0xa3b2534c7f0acfa3!8m2!3d27.2088705!4d-81.8429916!16s%2Fg%2F11p02g17vx!19sChIJvUrjDfOp3IgRo88Kf0xTsqM?authuser=0&hl=en&rclk=1,auto repair shop,DeSoto County,county,FL,2026-07-23T04:40:22,0x88dca9f30de34abd:0xa3b2534c7f0acfa3
"Scott's Service Center, Inc",(863) 494-5604,,,"1120 US-17, Arcadia, FL 34266, United States",1120 US-17,Arcadia,FL,34266,4.5,50,Auto repair shop,,,"https://www.google.com/maps/place/Scott%27s+Service+Center,+Inc/data=!4m7!3m6!1s0x88dcbd70d011eed7:0xf67074d133927876!8m2!3d27.2016433!4d-81.8627979!16s%2Fg%2F11hd756fwl!19sChIJ1-4R0HC93IgRdniSM9F0cPY?authuser=0&hl=en&rclk=1",auto repair shop,DeSoto County,county,FL,2026-07-23T04:40:23,0x88dcbd70d011eed7:0xf67074d133927876
"Southwest Mobile Mechanic, Inc.",(941) 204-7455,http://www.swmobilemechanic.com/,,"2432 SW Brewer Ave, Arcadia, FL 34266, United States",2432 SW Brewer Ave,Arcadia,FL,34266,5.0,6,Diesel engine repair service,,,"https://www.google.com/maps/place/Southwest+Mobile+Mechanic,+Inc./data=!4m7!3m6!1s0x88dcbdb67960be61:0x86d5c9d25b04b58c!8m2!3d27.1917794!4d-81.904446!16s%2Fg%2F11j2tpyp3x!19sChIJYb5geba93IgRjLUEW9LJ1YY?authuser=0&hl=en&rclk=1",auto repair shop,DeSoto County,county,FL,2026-07-23T04:40:23,0x88dcbdb67960be61:0x86d5c9d25b04b58c
Sydney Auto Repairs,,,,"308 E Hickory St, Arcadia, FL 34266, United States",308 E Hickory St,Arcadia,FL,34266,,,Car repair and maintenance service,,,https://www.google.com/maps/place/Sydney+Auto+Repairs/data=!4m7!3m6!1s0x88dc975a2733c1c7:0x346753a45e1113cb!8m2!3d27.2145876!4d-81.855128!16s%2Fg%2F11nj986118!19sChIJx8EzJ1qX3IgRyxMRXqRTZzQ?authuser=0&hl=en&rclk=1,auto repair shop,DeSoto County,county,FL,2026-07-23T04:40:23,0x88dc975a2733c1c7:0x346753a45e1113cb
Take 5 Oil Change,(941) 787-2724,https://www.take5.com/locations/oil-change/florida/arcadia/31142/?utm_source=google&utm_medium=organic&utm_campaign=gbp_website,,"2551 SE Hwy 70, Arcadia, FL 34266, United States",2551 SE Hwy 70,Arcadia,FL,34266,4.7,436,Oil change service,,,https://www.google.com/maps/place/Take+5+Oil+Change/data=!4m7!3m6!1s0x88dc97ef80e3595f:0x834bec2fa9cc1472!8m2!3d27.2084398!4d-81.8360069!16s%2Fg%2F11l6qmv53r!19sChIJX1njgO-X3IgRchTMqS_sS4M?authuser=0&hl=en&rclk=1,auto repair shop,DeSoto County,county,FL,2026-07-23T04:40:23,0x88dc97ef80e3595f:0x834bec2fa9cc1472
Walmart Auto Care Center,(863) 494-4760,https://www.walmart.com/store/811-arcadia-fl/auto-care-center/?veh=seo_loc,,"2725 SE Hwy 70, Arcadia, FL 34266, United States",2725 SE Hwy 70,Arcadia,FL,34266,3.5,59,Oil change service,,,https://www.google.com/maps/place/Walmart+Auto+Care+Center/data=!4m7!3m6!1s0x88dc967b3dd79dcb:0xc5ffcfd3edb0bb21!8m2!3d27.2088694!4d-81.8295013!16s%2Fg%2F1wcxdxdy!19sChIJy53XPXuW3IgRIbuw7dPP_8U?authuser=0&hl=en&rclk=1,auto repair shop,DeSoto County,county,FL,2026-07-23T04:40:23,0x88dc967b3dd79dcb:0xc5ffcfd3edb0bb21
"64 West Collision Repair, Inc",(863) 453-5445,https://www.64westcollision.com/,,"2215 FL-64, Avon Park, FL 33825, United States",2215 FL-64,Avon Park,FL,33825,4.8,216,Auto body shop,,,"https://www.google.com/maps/place/64+West+Collision+Repair,+Inc/data=!4m7!3m6!1s0x88dcff6aaec491a5:0xd2217e4dffb444e1!8m2!3d27.5963292!4d-81.5375843!16s%2Fg%2F1tf82dst!19sChIJpZHErmr_3IgR4US0_01-IdI?authuser=0&hl=en&rclk=1",auto repair shop,Highlands County,county,FL,2026-07-23T06:22:35,0x88dcff6aaec491a5:0xd2217e4dffb444e1
"Bill Jarrett Ford, Inc.",(863) 453-3117,https://www.jarrettfordavonpark.com/?utm_source=google&utm_medium=organic&utm_campaign=gbp_sales,,"1305 US-27, Avon Park, FL 33825, United States",1305 US-27,Avon Park,FL,33825,4.6,918,Ford dealer,,,"https://www.google.com/maps/place/Bill+Jarrett+Ford,+Inc./data=!4m7!3m6!1s0x88dc55f8c9ef33d5:0xc8e1495c65ba3ade!8m2!3d27.610659!4d-81.515378!16s%2Fg%2F1tvm3kxj!19sChIJ1TPvyfhV3IgR3jq6ZVxJ4cg?authuser=0&hl=en&rclk=1",auto repair shop,Highlands County,county,FL,2026-07-23T06:22:35,0x88dc55f8c9ef33d5:0xc8e1495c65ba3ade
Main Street Auto-Care,,,,"200 W Main St, Avon Park, FL 33825, United States",200 W Main St,Avon Park,FL,33825,5.0,1,Auto repair shop,,,https://www.google.com/maps/place/Main+Street+Auto-Care/data=!4m7!3m6!1s0x88dc559290c39f85:0x16c799c06b368751!8m2!3d27.5960963!4d-81.5041417!16s%2Fg%2F11gvqq5107!19sChIJhZ_DkJJV3IgRUYc2a8CZxxY?authuser=0&hl=en&rclk=1,auto repair shop,Highlands County,county,FL,2026-07-23T06:22:35,0x88dc559290c39f85:0x16c799c06b368751
NAPA Auto Parts -JNK Auto Supply Inc,(863) 453-3191,https://www.napaonline.com/en/FL/Avon-Park/store/22029?cid=pl_jobber_google_dac_22029_ao,,"195 US Hwy 27 N, Avon Park, FL 33825, United States",195 US Hwy 27 N,Avon Park,FL,33825,4.6,88,Auto parts store,,,https://www.google.com/maps/place/NAPA+Auto+Parts+-JNK+Auto+Supply+Inc/data=!4m7!3m6!1s0x88dc559294a495bf:0x7ae753351bcdf840!8m2!3d27.5969143!4d-81.5149472!16s%2Fg%2F1tdd1hf9!19sChIJv5WklJJV3IgRQPjNGzVT53o?authuser=0&hl=en&rclk=1,auto repair shop,Highlands County,county,FL,2026-07-15T10:57:09,0x88dc559294a495bf:0x7ae753351bcdf840
On D Go Mobile Mechanic Corp,(786) 481-9028,https://www.facebook.com/profile.php?id=61573443617895,,"1695 Pardee Rd, Avon Park, FL 33825, United States",1695 Pardee Rd,Avon Park,FL,33825,4.9,24,Mechanic,,,https://www.google.com/maps/place/On+D+Go+Mobile+Mechanic+Corp/data=!4m7!3m6!1s0x88dc558fafb088ef:0x2bc76c344f8d1ff2!8m2!3d27.5726171!4d-81.4949344!16s%2Fg%2F11x5ybc15h!19sChIJ74iwr49V3IgR8h-NTzRsxys?authuser=0&hl=en&rclk=1,auto repair shop,Highlands County,county,FL,2026-07-23T06:22:35,0x88dc558fafb088ef:0x2bc76c344f8d1ff2
Goodyear Auto Service,(863) 533-4136,https://www.goodyear.com/en-us/goodyearautoservice,,"390 E Van Fleet Dr, Bartow, FL 33830, United States",390 E Van Fleet Dr,Bartow,FL,33830,4.6,558,Tire shop,,,https://www.google.com/maps/place/Goodyear+Auto+Service/data=!4m7!3m6!1s0x88dd17b9b6065e9f:0x14cf21ea88bf5a4b!8m2!3d27.9044269!4d-81.8407192!16s%2Fg%2F1tkkvpjt!19sChIJn14GtrkX3YgRS1q_iOohzxQ?authuser=0&hl=en&rclk=1,auto repair shop,Polk County,county,FL,2026-07-23T10:40:27,0x88dd17b9b6065e9f:0x14cf21ea88bf5a4b
Gilchrist county Bus Garage,,https://www.gilchristschools.org/page/maintenance-and-transportation,,"1699 US-129, Bell, FL 32619, United States",1699 US-129,Bell,FL,32619,3.0,3,Parking garage,,,https://www.google.com/maps/place/Gilchrist+county+Bus+Garage/data=!4m7!3m6!1s0x88e8d96741365a83:0x1acdf72ec9f7eba3!8m2!3d29.7118135!4d-82.8582345!16s%2Fg%2F11kn92ry29!19sChIJg1o2QWfZ6IgRo-v3yS73zRo?authuser=0&hl=en&rclk=1,auto repair shop,Gilchrist County,county,FL,2026-07-23T05:39:27,0x88e8d96741365a83:0x1acdf72ec9f7eba3
Martel Automotive Service Inc,(352) 245-6334,https://www.martelautomotive.com/,,"6105 SE Hames Rd, Belleview, FL 34420, United States",6105 SE Hames Rd,Belleview,FL,34420,4.8,144,Auto repair shop,,,https://www.google.com/maps/place/Martel+Automotive+Service+Inc/data=!4m7!3m6!1s0x88e7d1dcf2ce331b:0x499888f92c4416a1!8m2!3d29.0616098!4d-82.0497399!16s%2Fg%2F1tl9nd9c!19sChIJGzPO8tzR54gRoRZELPmImEk?authuser=0&hl=en&rclk=1,auto repair shop,Marion County,county,FL,2026-07-23T09:14:38,0x88e7d1dcf2ce331b:0x499888f92c4416a1
Gary's Automotive Inc,(352) 746-1226,http://garysautomaintenance.com/,,"3983 N Lecanto Hwy, Beverly Hills, FL 34465, United States",3983 N Lecanto Hwy,Beverly Hills,FL,34465,4.2,161,Auto repair shop,,,https://www.google.com/maps/place/Gary%27s+Automotive+Inc/data=!4m7!3m6!1s0x88e86c0497f024ff:0xb1006a52cdeb51db!8m2!3d28.9215063!4d-82.4657913!16s%2Fg%2F1tgff5sg!19sChIJ_yTwlwRs6IgR21HrzVJqALE?authuser=0&hl=en&rclk=1,auto repair shop,Citrus County,county,FL,2026-07-23T04:13:38,0x88e86c0497f024ff:0xb1006a52cdeb51db
R&B's Auto Care Inc.,(352) 746-2040,https://rbautocare.wixsite.com/randbsautocareinc,,"4459 N Lecanto Hwy, Beverly Hills, FL 34465, United States",4459 N Lecanto Hwy,Beverly Hills,FL,34465,4.6,182,Auto repair shop,,,https://www.google.com/maps/place/R%26B%27s+Auto+Care+Inc./data=!4m7!3m6!1s0x88e86ea750d675ab:0x318f627b6d57a815!8m2!3d28.928275!4d-82.4595469!16s%2Fg%2F1td6t1f_!19sChIJq3XWUKdu6IgRFahXbXtijzE?authuser=0&hl=en&rclk=1,auto repair shop,Citrus County,county,FL,2026-07-23T04:13:38,0x88e86ea750d675ab:0x318f627b6d57a815
City Tire Company Inc.,(850) 674-8784,,,"19511 FL-20, Blountstown, FL 32424, United States",19511 FL-20,Blountstown,FL,32424,4.7,151,Tire shop,,,https://www.google.com/maps/place/City+Tire+Company+Inc./data=!4m7!3m6!1s0x889337a493ec70ed:0x1ada9f0025172ab!8m2!3d30.4430744!4d-85.0649365!16s%2Fg%2F1tglj2dv!19sChIJ7XDsk6Q3k4gRq3JRAvCprQE?authuser=0&hl=en&rclk=1,auto repair shop,Calhoun County,county,FL,2026-07-23T03:58:09,0x889337a493ec70ed:0x1ada9f0025172ab
Goodman´s Auto & Tire Center,,,,"FL-69, Blountstown, FL 32424, United States",FL-69,Blountstown,FL,32424,3.6,5,Auto repair shop,,,https://www.google.com/maps/place/Goodman%C2%B4s+Auto+%26+Tire+Center/data=!4m7!3m6!1s0x8893365e3b903213:0x515f184897041ef4!8m2!3d30.4761942!4d-85.0449702!16s%2Fg%2F11p65q4lw9!19sChIJEzKQO142k4gR9B4El0gYX1E?authuser=0&hl=en&rclk=1,auto repair shop,Calhoun County,county,FL,2026-07-23T03:58:09,0x8893365e3b903213:0x515f184897041ef4
Keiths Body A Shop,,,,"15836 FL-71, Blountstown, FL 32424, United States",15836 FL-71,Blountstown,FL,32424,4.6,5,Auto body shop,,,https://www.google.com/maps/place/Keiths+Body+A+Shop/data=!4m7!3m6!1s0x889349d403498bd5:0x70f5271d233150bf!8m2!3d30.4296446!4d-85.0599634!16s%2Fg%2F11bzq338wq!19sChIJ1YtJA9RJk4gRv1AxIx0n9XA?authuser=0&hl=en&rclk=1,auto repair shop,Calhoun County,county,FL,2026-07-23T03:58:09,0x889349d403498bd5:0x70f5271d233150bf
Mallory Towing & Recovery Inc,(850) 674-2869,https://mallorytowing.com/,,"17617 FL-20 Ste 2, Blountstown, FL 32424, United States",17617 FL-20 Ste 2,Blountstown,FL,32424,4.7,70,Towing service,,,https://www.google.com/maps/place/Mallory+Towing+%26+Recovery+Inc/data=!4m7!3m6!1s0x8893481fe6c284f3:0xee54420a7d5248cc!8m2!3d30.4319579!4d-85.0940794!16s%2Fg%2F1thr7yvr!19sChIJ84TC5h9Ik4gRzEhSfQpCVO4?authuser=0&hl=en&rclk=1,auto repair shop,Calhoun County,county,FL,2026-07-23T03:58:09,0x8893481fe6c284f3:0xee54420a7d5248cc
Allstar Tire and Performance Inc,(850) 547-2072,,,"304 US-90, Bonifay, FL 32425, United States",304 US-90,Bonifay,FL,32425,4.5,242,Tire shop,,,https://www.google.com/maps/place/Allstar+Tire+and+Performance+Inc/data=!4m7!3m6!1s0x8893ab7d21b58305:0x354586f27477099b!8m2!3d30.7880666!4d-85.6826539!16s%2Fg%2F1tk23qf5!19sChIJBYO1IX2rk4gRmwl3dPKGRTU?authuser=0&hl=en&rclk=1,auto repair shop,Washington County,county,FL,2026-07-23T12:43:22,0x8893ab7d21b58305:0x354586f27477099b
Bush Body Shop Inc,(850) 547-0480,,,"506 Armstrong St, Bonifay, FL 32425, United States",506 Armstrong St,Bonifay,FL,32425,4.9,10,Auto body shop,,,https://www.google.com/maps/place/Bush+Body+Shop+Inc/data=!4m7!3m6!1s0x8893ac828bbeb7f5:0xb341bf077604f3d7!8m2!3d30.7874128!4d-85.6860358!16s%2Fg%2F1tcy9pcl!19sChIJ9be-i4Ksk4gR1_MEdge_QbM?authuser=0&hl=en&rclk=1,auto repair shop,Holmes County,county,FL,2026-07-15T11:19:03,0x8893ac828bbeb7f5:0xb341bf077604f3d7
Cloud Auto Parts Inc,(850) 547-3646,,,"310 S Waukesha St, Bonifay, FL 32425, United States",310 S Waukesha St,Bonifay,FL,32425,4.6,221,Auto parts store,,,https://www.google.com/maps/place/Cloud+Auto+Parts+Inc/data=!4m7!3m6!1s0x8893ab6355c5b4e7:0xc85ea6ab9e6de20b!8m2!3d30.7895972!4d-85.6793165!16s%2Fg%2F1v9gkskr!19sChIJ57TFVWOrk4gRC-JtnqumXsg?authuser=0&hl=en&rclk=1,auto repair shop,Washington County,county,FL,2026-07-23T12:43:22,0x8893ab6355c5b4e7:0xc85ea6ab9e6de20b
Eastern Diesel & Auto Wrecker Service Inc,(850) 547-5545,https://easterndieselautowreckerservice.com/?utm_source=omg-gbp&utm_medium=webclick,,"2005 S Waukesha St, Bonifay, FL 32425, United States",2005 S Waukesha St,Bonifay,FL,32425,4.5,171,Towing service,,,https://www.google.com/maps/place/Eastern+Diesel+%26+Auto+Wrecker+Service+Inc/data=!4m7!3m6!1s0x8893ab80af0fcb09:0xbe84d984a725dd0b!8m2!3d30.7701407!4d-85.6855501!16s%2Fg%2F1tjds33k!19sChIJCcsPr4Crk4gRC90lp4TZhL4?authuser=0&hl=en&rclk=1,auto repair shop,Washington County,county,FL,2026-07-23T12:43:22,0x8893ab80af0fcb09:0xbe84d984a725dd0b
No Boundaries Transport,,,,"3328 FL-2, Bonifay, FL 32425, United States",3328 FL-2,Bonifay,FL,32425,,,Auto repair shop,,,https://www.google.com/maps/place/No+Boundaries+Transport/data=!4m7!3m6!1s0x8892570041c91cab:0xb53eb63cd40af1da!8m2!3d30.9672472!4d-85.6426505!16s%2Fg%2F11z17cg382!19sChIJqxzJQQBXkogR2vEK1Dy2PrU?authuser=0&hl=en&rclk=1,auto repair shop,Holmes County,county,FL,2026-07-15T11:19:03,0x8892570041c91cab:0xb53eb63cd40af1da
Our Community Auto Sales LLC,,,,"410 S Oklahoma St, Bonifay, FL 32425, United States",410 S Oklahoma St,Bonifay,FL,32425,4.4,62,Used car dealer,,,https://www.google.com/maps/place/Our+Community+Auto+Sales+LLC/data=!4m7!3m6!1s0x8893abee366b00bd:0xd36e225b9fdd012d!8m2!3d30.7883633!4d-85.6782712!16s%2Fg%2F11fl790y3c!19sChIJvQBrNu6rk4gRLQHdn1sibtM?authuser=0&hl=en&rclk=1,auto repair shop,Holmes County,county,FL,2026-07-15T11:19:04,0x8893abee366b00bd:0xd36e225b9fdd012d
Shade tree mechanic,,,,"3263 De Reese Dr, Bonifay, FL 32425, United States",3263 De Reese Dr,Bonifay,FL,32425,4.8,6,Auto repair shop,,,https://www.google.com/maps/place/Shade+tree+mechanic/data=!4m7!3m6!1s0x88925500179dab0f:0xc2060aaf73cc745c!8m2!3d30.8957844!4d-85.6533691!16s%2Fg%2F11x0mtbtsr!19sChIJD6udFwBVkogRXHTMc68KBsI?authuser=0&hl=en&rclk=1,auto repair shop,Holmes County,county,FL,2026-07-23T06:33:38,0x88925500179dab0f:0xc2060aaf73cc745c
Lexpert Automotive Inc.,(239) 260-1038,https://www.lexpertautomotive.com/,,"27861 Crown Lake Blvd, Bonita Springs, FL 34135, United States",27861 Crown Lake Blvd,Bonita Springs,FL,34135,4.9,289,Auto repair shop,,,https://www.google.com/maps/place/Lexpert+Automotive+Inc./data=!4m7!3m6!1s0x88db19652a4668bf:0xac846c4d5f03f009!8m2!3d26.3329368!4d-81.8043745!16s%2Fg%2F1hhxsqdnm!19sChIJv2hGKmUZ24gRCfADX01shKw?authuser=0&hl=en&rclk=1,auto repair shop,Hendry County,county,FL,2026-07-23T06:09:32,0x88db19652a4668bf:0xac846c4d5f03f009
Bowling Green Quick Lube Inc,(863) 375-4461,,,"5101 US-17, Bowling Green, FL 33834, United States",5101 US-17,Bowling Green,FL,33834,4.1,30,Auto repair shop,,,https://www.google.com/maps/place/Bowling+Green+Quick+Lube+Inc/data=!4m7!3m6!1s0x88dce0533889dc5d:0x1988e8cd6303a23d!8m2!3d27.644091!4d-81.823292!16s%2Fg%2F1tfcc_51!19sChIJXdyJOFPg3IgRPaIDY83oiBk?authuser=0&hl=en&rclk=1,auto repair shop,Hardee County,county,FL,2026-07-23T06:03:28,0x88dce0533889dc5d:0x1988e8cd6303a23d
AAMCO Transmissions & Total Car Care,(941) 231-5349,http://www.aamcobradenton.com/?utm_source=G&utm_medium=local&utm_campaign=google-local,,"2801 Cortez Rd W, Bradenton, FL 34207, United States",2801 Cortez Rd W,Bradenton,FL,34207,4.5,325,Transmission shop,,,https://www.google.com/maps/place/AAMCO+Transmissions+%26+Total+Car+Care/data=!4m7!3m6!1s0x88c3166e91611e8d:0x1fb8dd2b829fb3e4!8m2!3d27.462081!4d-82.589852!16s%2Fg%2F1td0z800!19sChIJjR5hkW4Ww4gR5LOfgivduB8?authuser=0&hl=en&rclk=1,auto repair shop,Manatee County,county,FL,2026-07-23T09:07:27,0x88c3166e91611e8d:0x1fb8dd2b829fb3e4
BLVD Auto Inc,(941) 479-7959,http://blvdautoinc.com/,,"4724 53rd Ave E, Bradenton, FL 34203, United States",4724 53rd Ave E,Bradenton,FL,34203,4.9,59,Car dealer,,,https://www.google.com/maps/place/BLVD+Auto+Inc/data=!4m7!3m6!1s0x88c33de3ad137c4f:0x983a95f29148c836!8m2!3d27.4453437!4d-82.5016974!16s%2Fg%2F11p768mns9!19sChIJT3wTreM9w4gRNshIkfKVOpg?authuser=0&hl=en&rclk=1,auto repair shop,Manatee County,county,FL,2026-07-15T12:15:14,0x88c33de3ad137c4f:0x983a95f29148c836
Cars Dl auto repair INC,(941) 465-2865,,,"5724 15th St E, Bradenton, FL 34203, United States",5724 15th St E,Bradenton,FL,34203,4.9,20,Transmission shop,,,https://www.google.com/maps/place/Cars+Dl+auto+repair+INC/data=!4m7!3m6!1s0x88c33e09386ba249:0xe38b687a27a321f6!8m2!3d27.4392672!4d-82.5469645!16s%2Fg%2F11g8fzcmm5!19sChIJSaJrOAk-w4gR9iGjJ3poi-M?authuser=0&hl=en&rclk=1,auto repair shop,Manatee County,county,FL,2026-07-23T09:07:27,0x88c33e09386ba249:0xe38b687a27a321f6
Midas,(941) 254-3407,https://www.midas.com/store/fl/bradenton/6712-manatee-avenue-west-34209/?shopnum=3428&utm_source=google&utm_medium=organic&utm_campaign=gbp,,"6712 Manatee Ave W, Bradenton, FL 34209, United States",6712 Manatee Ave W,Bradenton,FL,34209,4.6,486,Auto repair shop,,,https://www.google.com/maps/place/Midas/data=!4m7!3m6!1s0x88c317208b01a0fb:0x4b0a141d87e92dbc!8m2!3d27.4964058!4d-82.6297239!16s%2Fg%2F1td6nfwb!19sChIJ-6ABiyAXw4gRvC3phx0UCks?authuser=0&hl=en&rclk=1,auto repair shop,Manatee County,county,FL,2026-07-23T09:07:27,0x88c317208b01a0fb:0x4b0a141d87e92dbc
Midas,(941) 254-3415,https://www.midas.com/store/fl/bradenton/1415-cortez-road-west-34207/?shopnum=3631&utm_source=google&utm_medium=organic&utm_campaign=gbp,,"1415 Cortez Rd W, Bradenton, FL 34207, United States",1415 Cortez Rd W,Bradenton,FL,34207,4.6,629,Auto repair shop,,,https://www.google.com/maps/place/Midas/data=!4m7!3m6!1s0x88c316113c15c4d1:0xf57886e7164a35b6!8m2!3d27.4620337!4d-82.5763713!16s%2Fg%2F1tfh5fvx!19sChIJ0cQVPBEWw4gRtjVKFueGePU?authuser=0&hl=en&rclk=1,auto repair shop,Manatee County,county,FL,2026-07-23T09:07:27,0x88c316113c15c4d1:0xf57886e7164a35b6
Ramirez Auto Repair,,,,"1802 5th St W, Bradenton, FL 34205, United States",1802 5th St W,Bradenton,FL,34205,4.7,60,Auto repair shop,,,https://www.google.com/maps/place/Ramirez+Auto+Repair/data=!4m7!3m6!1s0x88c3162ed5197ff7:0xb4809073cae8f403!8m2!3d27.4833622!4d-82.567335!16s%2Fg%2F11gm9t_0xg!19sChIJ938Z1S4Ww4gRA_ToynOQgLQ?authuser=0&hl=en&rclk=1,auto repair shop,Manatee County,county,FL,2026-07-23T09:07:27,0x88c3162ed5197ff7:0xb4809073cae8f403
Ray's Auto Clinic,,https://rainmanraysrepairs.com/,,"1035 26th Ave E, Bradenton, FL 34208, United States",1035 26th Ave E,Bradenton,FL,34208,5.0,24,Auto repair shop,,,https://www.google.com/maps/place/Ray%27s+Auto+Clinic/data=!4m7!3m6!1s0x88c33d00774f23d7:0x13003ade65c6c3d5!8m2!3d27.4773887!4d-82.5518667!16s%2Fg%2F11ytlqybmh!19sChIJ1yNPdwA9w4gR1cPGZd46ABM?authuser=0&hl=en&rclk=1,auto repair shop,Manatee County,county,FL,2026-07-23T09:07:27,0x88c33d00774f23d7:0x13003ade65c6c3d5
Bronson Lube Inc,(352) 486-2100,https://bronsonlubeinc.com/,,"555 N Hathaway Ave, Bronson, FL 32621, United States",555 N Hathaway Ave,Bronson,FL,32621,4.7,101,Auto repair shop,,,https://www.google.com/maps/place/Bronson+Lube+Inc/data=!4m7!3m6!1s0x88e8ec2a7736c16b:0xc5906276696f21dd!8m2!3d29.4508904!4d-82.6482584!16s%2Fg%2F1thq1jnt!19sChIJa8E2dyrs6IgR3SFvaXZikMU?authuser=0&hl=en&rclk=1,auto repair shop,Levy County,county,FL,2026-07-23T07:20:31,0x88e8ec2a7736c16b:0xc5906276696f21dd
Big Mechanic Complete Automotive,,,,"1325 E Jefferson St, Brooksville, FL 34601, United States",1325 E Jefferson St,Brooksville,FL,34601,5.0,1,Auto repair shop,,,https://www.google.com/maps/place/Big+Mechanic+Complete+Automotive/data=!4m7!3m6!1s0x88e80356dd8e9803:0x41193a6bbf64dbd1!8m2!3d28.5482235!4d-82.3808371!16s%2Fg%2F11y1500qd3!19sChIJA5iO3VYD6IgR0dtkv2s6GUE?authuser=0&hl=en&rclk=1,auto repair shop,Hernando County,county,FL,2026-07-15T10:49:54,0x88e80356dd8e9803:0x41193a6bbf64dbd1
"Brooksville Transmissions, Inc",(352) 796-6544,http://brooksvilletransmissionrepairs.com/,,"16402 Cortez Blvd, Brooksville, FL 34601, United States",16402 Cortez Blvd,Brooksville,FL,34601,4.7,376,Transmission shop,,,"https://www.google.com/maps/place/Brooksville+Transmissions,+Inc/data=!4m7!3m6!1s0x88e81c13478b4d35:0xaf5bda2d16c1b1a2!8m2!3d28.5402629!4d-82.454318!16s%2Fg%2F1tfbc_0g!19sChIJNU2LRxMc6IgRorHBFi3aW68?authuser=0&hl=en&rclk=1",auto repair shop,Hernando County,county,FL,2026-07-23T06:16:49,0x88e81c13478b4d35:0xaf5bda2d16c1b1a2
David’s Mobile Mechanic,,,,"12116 Millington Ave, Brooksville, FL 34614, United States",12116 Millington Ave,Brooksville,FL,34614,3.0,2,Auto repair shop,,,https://www.google.com/maps/place/David%E2%80%99s+Mobile+Mechanic/data=!4m7!3m6!1s0x88e819e3fcba0057:0x5653d23db6d5eb04!8m2!3d28.587295!4d-82.525952!16s%2Fg%2F11krj0rrrn!19sChIJVwC6_OMZ6IgRBOvVtj3SU1Y?authuser=0&hl=en&rclk=1,auto repair shop,Hernando County,county,FL,2026-07-23T06:16:49,0x88e819e3fcba0057:0x5653d23db6d5eb04
Firestone Complete Auto Care,(352) 600-2376,https://www.firestonecompleteautocare.com/florida/brooksville/12400-cortez-blvd/?utm_source=google&utm_medium=organic&utm_campaign=localmaps&cmp=oloc_google_localmaps_maps,,"12400 Cortez Blvd, Brooksville, FL 34613, United States",12400 Cortez Blvd,Brooksville,FL,34613,4.4,541,Tire shop,,,https://www.google.com/maps/place/Firestone+Complete+Auto+Care/data=!4m7!3m6!1s0x88e81f4dfb42472f:0x7b09ac90f31a86fd!8m2!3d28.532814!4d-82.5180206!16s%2Fg%2F11h4ydywzq!19sChIJL0dC-00f6IgR_YYa85CsCXs?authuser=0&hl=en&rclk=1,auto repair shop,Hernando County,county,FL,2026-07-23T06:16:49,0x88e81f4dfb42472f:0x7b09ac90f31a86fd
Goodyear Auto Service,(352) 796-4961,https://www.goodyear.com/en-us/goodyearautoservice,,"740 S Broad St, Brooksville, FL 34601, United States",740 S Broad St,Brooksville,FL,34601,4.2,218,Tire shop,,,https://www.google.com/maps/place/Goodyear+Auto+Service/data=!4m7!3m6!1s0x88e81ca88d783caf:0x9125e2eb6a510303!8m2!3d28.549995!4d-82.3985039!16s%2Fg%2F1tdzgtvp!19sChIJrzx4jagc6IgRAwNRauviJZE?authuser=0&hl=en&rclk=1,auto repair shop,Hernando County,county,FL,2026-07-23T06:16:49,0x88e81ca88d783caf:0x9125e2eb6a510303
"Minnie's Auto & Truck Repair, Inc",(352) 796-4666,http://www.weatherkingportablebuildings.com/,,"7154 Broad St, Brooksville, FL 34601, United States",7154 Broad St,Brooksville,FL,34601,4.4,33,Auto repair shop,,,"https://www.google.com/maps/place/Minnie%27s+Auto+%26+Truck+Repair,+Inc/data=!4m7!3m6!1s0x88e81cbf9cdb43a3:0xe861e997ff32e6a0!8m2!3d28.5322964!4d-82.4077013!16s%2Fg%2F1tfcp4w9!19sChIJo0PbnL8c6IgRoOYy_5fpYeg?authuser=0&hl=en&rclk=1",auto repair shop,Hernando County,county,FL,2026-07-23T06:16:49,0x88e81cbf9cdb43a3:0xe861e997ff32e6a0
Rolands Auto Mechanic and Repair INC,(352) 835-9304,https://wontgocallro.com/,,"13475 Chambord St, Brooksville, FL 34613, United States",13475 Chambord St,Brooksville,FL,34613,4.4,13,Auto repair shop,,,https://www.google.com/maps/place/Rolands+Auto+Mechanic+and+Repair+INC/data=!4m7!3m6!1s0x88e81f6770bd2b93:0xdbff0146d2cb338d!8m2!3d28.5359485!4d-82.5007773!16s%2Fg%2F11t85vjzfr!19sChIJkyu9cGcf6IgRjTPL0kYB_9s?authuser=0&hl=en&rclk=1,auto repair shop,Hernando County,county,FL,2026-07-23T06:16:49,0x88e81f6770bd2b93:0xdbff0146d2cb338d
Sunrunner Automotive Inc,(352) 596-2314,http://sunrunnerautomotive.net/,,"13419 Cortez Blvd, Brooksville, FL 34613, United States",13419 Cortez Blvd,Brooksville,FL,34613,4.8,189,Auto repair shop,,,https://www.google.com/maps/place/Sunrunner+Automotive+Inc/data=!4m7!3m6!1s0x88e81eea416c35d3:0xa7c6fded2a3151b1!8m2!3d28.5344851!4d-82.500784!16s%2Fg%2F1thxlx52!19sChIJ0zVsQeoe6IgRsVExKu39xqc?authuser=0&hl=en&rclk=1,auto repair shop,Hernando County,county,FL,2026-07-23T06:16:49,0x88e81eea416c35d3:0xa7c6fded2a3151b1
White&Sonz,,,,"724 S Brooksville Ave, Brooksville, FL 34601, United States",724 S Brooksville Ave,Brooksville,FL,34601,5.0,26,Tire shop,,,https://www.google.com/maps/place/White%26Sonz/data=!4m7!3m6!1s0x88e8036ce5f21acd:0x7353548c531dcd17!8m2!3d28.5455844!4d-82.3840622!16s%2Fg%2F11jgd94mkw!19sChIJzRry5WwD6IgRF80dU4xUU3M?authuser=0&hl=en&rclk=1,auto repair shop,Hernando County,county,FL,2026-07-15T10:49:54,0x88e8036ce5f21acd:0x7353548c531dcd17
Car Time Inc,(386) 437-9117,http://www.cartime.org/,,"4620 E Moody Blvd, Bunnell, FL 32110, United States",4620 E Moody Blvd,Bunnell,FL,32110,4.1,187,Car dealer,,,https://www.google.com/maps/place/Car+Time+Inc/data=!4m7!3m6!1s0x88e6eb60d3f8966b:0x50dd452032dcdbd8!8m2!3d29.4761449!4d-81.2259629!16s%2Fg%2F1wk4dwkr!19sChIJa5b402Dr5ogR2NvcMiBF3VA?authuser=0&hl=en&rclk=1,auto repair shop,Flagler County,county,FL,2026-07-23T05:13:45,0x88e6eb60d3f8966b:0x50dd452032dcdbd8
Flagler Auto Center Inc,(386) 437-0800,http://flaglerautocenter.com/,,"113 N State St, Bunnell, FL 32110, United States",113 N State St,Bunnell,FL,32110,4.9,58,Car dealer,,,https://www.google.com/maps/place/Flagler+Auto+Center+Inc/data=!4m7!3m6!1s0x88e6ec84b740b537:0xbd4a62fe69b9a14a!8m2!3d29.4659784!4d-81.2585085!16s%2Fg%2F1tjh05qg!19sChIJN7VAt4Ts5ogRSqG5af5iSr0?authuser=0&hl=en&rclk=1,auto repair shop,Flagler County,county,FL,2026-07-23T05:13:45,0x88e6ec84b740b537:0xbd4a62fe69b9a14a
J&J Auto Body & Paint Inc,(386) 437-0041,http://jandjautobodyinc.com/,,"410 N Railroad St, Bunnell, FL 32110, United States",410 N Railroad St,Bunnell,FL,32110,4.5,182,Auto body shop,,,https://www.google.com/maps/place/J%26J+Auto+Body+%26+Paint+Inc/data=!4m7!3m6!1s0x88e6ec9ac8687cb1:0x26153242773bfa06!8m2!3d29.4676333!4d-81.2613415!16s%2Fg%2F1tcz942g!19sChIJsXxoyJrs5ogRBvo7d0IyFSY?authuser=0&hl=en&rclk=1,auto repair shop,Flagler County,county,FL,2026-07-23T05:13:45,0x88e6ec9ac8687cb1:0x26153242773bfa06
Sebastian's Auto Repair Inc,(386) 206-9525,,,"2530 N State St, Bunnell, FL 32110, United States",2530 N State St,Bunnell,FL,32110,4.5,170,Auto repair shop,,,https://www.google.com/maps/place/Sebastian%27s+Auto+Repair+Inc/data=!4m7!3m6!1s0x88e6939f523137f5:0x7c2de9be82be3d07!8m2!3d29.4933194!4d-81.2645508!16s%2Fg%2F1tgcsq1j!19sChIJ9TcxUp-T5ogRBz2-gr7pLXw?authuser=0&hl=en&rclk=1,auto repair shop,Flagler County,county,FL,2026-07-23T05:13:45,0x88e6939f523137f5:0x7c2de9be82be3d07
Davis Mobile Diagnostics & Auto Repair Inc,(904) 704-7884,,,"54033 Vikki Rd, Callahan, FL 32011, United States",54033 Vikki Rd,Callahan,FL,32011,4.8,32,Mechanic,,,https://www.google.com/maps/place/Davis+Mobile+Diagnostics+%26+Auto+Repair+Inc/data=!4m7!3m6!1s0x88e5a38c09bee495:0x1bc0e54fe53ca637!8m2!3d30.5169313!4d-81.7842851!16s%2Fg%2F113f3c8qr!19sChIJleS-CYyj5YgRN6Y85U_lwBs?authuser=0&hl=en&rclk=1,auto repair shop,Nassau County,county,FL,2026-07-23T09:45:08,0x88e5a38c09bee495:0x1bc0e54fe53ca637
Iris automotive mechanics,,,,"55216 Thomas Rd, Callahan, FL 32011, United States",55216 Thomas Rd,Callahan,FL,32011,,,Auto repair shop,,,https://www.google.com/maps/place/Iris+automotive+mechanics/data=!4m7!3m6!1s0x88e5a1f8e138d67f:0xa1c26baeb1170e55!8m2!3d30.5934995!4d-81.7855541!16s%2Fg%2F11z5xxvygy!19sChIJf9Y44fih5YgRVQ4Xsa5rwqE?authuser=0&hl=en&rclk=1,auto repair shop,Nassau County,county,FL,2026-07-23T09:45:08,0x88e5a1f8e138d67f:0xa1c26baeb1170e55
Parkway Tire And Service Center Inc,(850) 785-6300,http://www.parkwaytire.com/,,"412 N Tyndall Pkwy, Callaway, FL 32404, United States",412 N Tyndall Pkwy,Callaway,FL,32404,4.5,239,Auto repair shop,,,https://www.google.com/maps/place/Parkway+Tire+And+Service+Center+Inc/data=!4m7!3m6!1s0x88937f70884b267b:0x36e4234998f27626!8m2!3d30.155163!4d-85.590732!16s%2Fg%2F1tkmnb8_!19sChIJeyZLiHB_k4gRJnbymEkj5DY?authuser=0&hl=en&rclk=1,auto repair shop,Calhoun County,county,FL,2026-07-23T03:58:09,0x88937f70884b267b:0x36e4234998f27626
Pep Boys Auto Service & Tires,(850) 359-2986,https://www.pepboys.com/stores/fl/callaway/161-n-tyndall-pkwy?Cid=gbp_appt_AN:PB%7CPB:G%7CTT:GBP%7CCG:CONVERSION%7CCD:SERVICE,,"161 N Tyndall Pkwy, Callaway, FL 32404, United States",161 N Tyndall Pkwy,Callaway,FL,32404,4.3,661,Tire shop,,,https://www.google.com/maps/place/Pep+Boys+Auto+Service+%26+Tires/data=!4m7!3m6!1s0x88937f43596baac3:0xf1e6f7ec3b24932!8m2!3d30.148078!4d-85.59157!16s%2Fg%2F1tjfhmq2!19sChIJw6prWUN_k4gRMkmyw35vHg8?authuser=0&hl=en&rclk=1,auto repair shop,Calhoun County,county,FL,2026-07-23T03:58:09,0x88937f43596baac3:0xf1e6f7ec3b24932
239 Mechanics,,https://www.239mechanics.com/,,"745 NE 19th Pl Ste e, Cape Coral, FL 33909, United States",745 NE 19th Pl Ste e,Cape Coral,FL,33909,5.0,134,Auto repair shop,,,https://www.google.com/maps/place/239+Mechanics/data=!4m7!3m6!1s0x88db43e08cb86e0b:0xce6d76882d723985!8m2!3d26.6652376!4d-81.932749!16s%2Fg%2F1263hfv59!19sChIJC264jOBD24gRhTlyLYh2bc4?authuser=0&hl=en&rclk=1,auto repair shop,Lee County,county,FL,2026-07-15T11:55:07,0x88db43e08cb86e0b:0xce6d76882d723985
Body Shop,,,,"902 Del Prado Blvd S, Cape Coral, FL 33990, United States",902 Del Prado Blvd S,Cape Coral,FL,33990,5.0,1,Auto repair shop,,,https://www.google.com/maps/place/Body+Shop/data=!4m7!3m6!1s0x88db41875a5a28cf:0x670e8d1b414e5d5!8m2!3d26.6357583!4d-81.9412487!16s%2Fg%2F11tdy5h7r1!19sChIJzyhaWodB24gR1eUUtNHocAY?authuser=0&hl=en&rclk=1,auto repair shop,Cape Coral,city,FL,2026-07-15T16:00:41,0x88db41875a5a28cf:0x670e8d1b414e5d5
Cape Foreign & Domestic Cars,,https://bestautorepaircapecoral.com/cape-coral-foreign-cars/,,"1009 SE 12th Pl #1, Cape Coral, FL 33990, United States",1009 SE 12th Pl #1,Cape Coral,FL,33990,4.6,124,Auto repair shop,,,https://www.google.com/maps/place/Cape+Foreign+%26+Domestic+Cars/data=!4m7!3m6!1s0x88db41373105c10f:0x74ee91b219eccd9a!8m2!3d26.6334826!4d-81.9488317!16s%2Fg%2F1tk1zvs6!19sChIJD8EFMTdB24gRms3sGbKR7nQ?authuser=0&hl=en&rclk=1,auto repair shop,Cape Coral,city,FL,2026-07-23T13:44:15,0x88db41373105c10f:0x74ee91b219eccd9a
Firestone Complete Auto Care,(239) 443-4715,https://www.firestonecompleteautocare.com/florida/cape-coral/1919-del-prado-blvd-s/?utm_source=google&utm_medium=organic&utm_campaign=localmaps&cmp=oloc_google_localmaps_maps,,"1919 Del Prado Blvd S, Cape Coral, FL 33990, United States",1919 Del Prado Blvd S,Cape Coral,FL,33990,4.4,541,Tire shop,,,https://www.google.com/maps/place/Firestone+Complete+Auto+Care/data=!4m7!3m6!1s0x88db4127910c7371:0xd18c55a05c97a9c!8m2!3d26.6165063!4d-81.9405923!16s%2Fg%2F1thvhrd4!19sChIJcXMMkSdB24gRnHrJBVrFGA0?authuser=0&hl=en&rclk=1,auto repair shop,Cape Coral,city,FL,2026-07-23T13:44:15,0x88db4127910c7371:0xd18c55a05c97a9c
Firestone Complete Auto Care,(239) 215-2158,https://www.firestonecompleteautocare.com/florida/cape-coral/905-del-prado-blvd-n/?utm_source=google&utm_medium=organic&utm_campaign=localmaps&cmp=oloc_google_localmaps_maps,,"905 Del Prado Blvd N, Cape Coral, FL 33909, United States",905 Del Prado Blvd N,Cape Coral,FL,33909,4.5,797,Tire shop,,,https://www.google.com/maps/place/Firestone+Complete+Auto+Care/data=!4m7!3m6!1s0x88db434028c50b75:0x88d4716fe0c96e4e!8m2!3d26.6691047!4d-81.9408876!16s%2Fg%2F11hzv3l9ds!19sChIJdQvFKEBD24gRTm7J4G9x1Ig?authuser=0&hl=en&rclk=1,auto repair shop,Cape Coral,city,FL,2026-07-23T13:44:15,0x88db434028c50b75:0x88d4716fe0c96e4e
Firestone Complete Auto Care,(239) 673-1930,https://www.firestonecompleteautocare.com/florida/cape-coral/2502-skyline-blvd/?utm_source=google&utm_medium=organic&utm_campaign=localmaps&cmp=oloc_google_localmaps_maps,,"2502 Skyline Blvd, Cape Coral, FL 33914, United States",2502 Skyline Blvd,Cape Coral,FL,33914,4.3,1242,Tire shop,,,https://www.google.com/maps/place/Firestone+Complete+Auto+Care/data=!4m7!3m6!1s0x88db47079eb09417:0xd6e59539d2dc7457!8m2!3d26.6062962!4d-81.9914593!16s%2Fg%2F1ptyqppgs!19sChIJF5SwngdH24gRV3Tc0jmV5dY?authuser=0&hl=en&rclk=1,auto repair shop,Cape Coral,city,FL,2026-07-23T13:44:15,0x88db47079eb09417:0xd6e59539d2dc7457
Firestone Complete Auto Care,(239) 984-3479,https://www.firestonecompleteautocare.com/florida/cape-coral/1003-cape-coral-pkwy-e/?utm_source=google&utm_medium=organic&utm_campaign=localmaps&cmp=oloc_google_localmaps_maps,,"1003 Cape Coral Pkwy E, Cape Coral, FL 33904, United States",1003 Cape Coral Pkwy E,Cape Coral,FL,33904,4.2,492,Tire shop,,,https://www.google.com/maps/place/Firestone+Complete+Auto+Care/data=!4m7!3m6!1s0x88db3f535ddb50e1:0x8e7ceaaf320de52a!8m2!3d26.5629843!4d-81.9520751!16s%2Fg%2F1tgx2v2m!19sChIJ4VDbXVM_24gRKuUNMq_qfI4?authuser=0&hl=en&rclk=1,auto repair shop,Cape Coral,city,FL,2026-07-23T13:44:15,0x88db3f535ddb50e1:0x8e7ceaaf320de52a
Goodyear Auto Service,(239) 574-3539,https://www.goodyear.com/en-us/goodyearautoservice,,"2144 Del Prado Blvd S, Cape Coral, FL 33990, United States",2144 Del Prado Blvd S,Cape Coral,FL,33990,4.3,246,Tire shop,,,https://www.google.com/maps/place/Goodyear+Auto+Service/data=!4m7!3m6!1s0x88db40d9c6cda8ad:0xdceea98d33a536fa!8m2!3d26.6114274!4d-81.941475!16s%2Fg%2F1tczfq5t!19sChIJrajNxtlA24gR-jalM42p7tw?authuser=0&hl=en&rclk=1,auto repair shop,Cape Coral,city,FL,2026-07-23T13:44:15,0x88db40d9c6cda8ad:0xdceea98d33a536fa
Ken's Auto Repair Inc,(239) 542-5540,http://www.kensautorepaircapecoral.com/,,"4533 Del Prado Blvd S, Cape Coral, FL 33904, United States",4533 Del Prado Blvd S,Cape Coral,FL,33904,4.5,69,Auto repair shop,,,https://www.google.com/maps/place/Ken%27s+Auto+Repair+Inc/data=!4m7!3m6!1s0x88db3f57933ace41:0x32543b78e34bc3e!8m2!3d26.5672359!4d-81.9435657!16s%2Fg%2F1tfjx2f5!19sChIJQc46k1c_24gRPrw0jrdDJQM?authuser=0&hl=en&rclk=1,auto repair shop,Cape Coral,city,FL,2026-07-23T13:44:15,0x88db3f57933ace41:0x32543b78e34bc3e
Kenmark Inc,(239) 772-3353,,,"1107 SE 12th Ct A, Cape Coral, FL 33990, United States",1107 SE 12th Ct A,Cape Coral,FL,33990,4.6,36,Truck repair shop,,,https://www.google.com/maps/place/Kenmark+Inc/data=!4m7!3m6!1s0x88db4133c2469bed:0x481da8f1dd09e142!8m2!3d26.63191!4d-81.948944!16s%2Fg%2F1tg_mfmw!19sChIJ7ZtGwjNB24gRQuEJ3fGoHUg?authuser=0&hl=en&rclk=1,auto repair shop,Cape Coral,city,FL,2026-07-15T16:00:41,0x88db4133c2469bed:0x481da8f1dd09e142
Master Touch Auto Body Inc,(239) 574-6711,,,"1508 Viscaya Pkwy, Cape Coral, FL 33990, United States",1508 Viscaya Pkwy,Cape Coral,FL,33990,4.8,120,Auto body shop,,,https://www.google.com/maps/place/Master+Touch+Auto+Body+Inc/data=!4m7!3m6!1s0x88db4139d2aa5c99:0x647bd9d610c3f077!8m2!3d26.6359883!4d-81.9419729!16s%2Fg%2F1tgs1rcp!19sChIJmVyq0jlB24gRd_DDENbZe2Q?authuser=0&hl=en&rclk=1,auto repair shop,Cape Coral,city,FL,2026-07-23T13:44:15,0x88db4139d2aa5c99:0x647bd9d610c3f077
Pep Boys Auto Service & Tires,(239) 387-4123,https://www.pepboys.com/stores/fl/cape-coral/1820-s-del-prado-blvd?Cid=gbp_appt_AN:PB%7CPB:G%7CTT:GBP%7CCG:CONVERSION%7CCD:SERVICE,,"1820 Del Prado Blvd S, Cape Coral, FL 33990, United States",1820 Del Prado Blvd S,Cape Coral,FL,33990,4.0,634,Tire shop,,,https://www.google.com/maps/place/Pep+Boys+Auto+Service+%26+Tires/data=!4m7!3m6!1s0x88db4127cabdf4d9:0xd78185622ae358b3!8m2!3d26.6183168!4d-81.9412704!16s%2Fg%2F11b808y1h6!19sChIJ2fS9yidB24gRs1jjKmKFgdc?authuser=0&hl=en&rclk=1,auto repair shop,Cape Coral,city,FL,2026-07-23T13:44:15,0x88db4127cabdf4d9:0xd78185622ae358b3
Williams Family Auto Care Inc.,(239) 558-5342,http://www.williamsfamilyauto.com/,,"3138 SW Pine Island Rd, Cape Coral, FL 33991, United States",3138 SW Pine Island Rd,Cape Coral,FL,33991,4.8,73,Auto repair shop,,,https://www.google.com/maps/place/Williams+Family+Auto+Care+Inc./data=!4m7!3m6!1s0x88db4626d91c412f:0x5f20179fc5617fd8!8m2!3d26.636671!4d-82.0382385!16s%2Fg%2F1pt_0ly7w!19sChIJL0Ec2SZG24gR2H9hxZ8XIF8?authuser=0&hl=en&rclk=1,auto repair shop,Cape Coral,city,FL,2026-07-23T13:44:15,0x88db4626d91c412f:0x5f20179fc5617fd8
Gene's Auto Repair Inc,(407) 834-5833,,,"290 Melody Ln W, Casselberry, FL 32707, United States",290 Melody Ln W,Casselberry,FL,32707,4.6,59,Auto repair shop,,,https://www.google.com/maps/place/Gene%27s+Auto+Repair+Inc/data=!4m7!3m6!1s0x88e771fe4b1f9027:0x3e06840afa76b9b9!8m2!3d28.6724689!4d-81.3412628!16s%2Fg%2F1tc_0bf1!19sChIJJ5AfS_5x54gRubl2-gqEBj4?authuser=0&hl=en&rclk=1,auto repair shop,Seminole County,county,FL,2026-07-23T11:54:17,0x88e771fe4b1f9027:0x3e06840afa76b9b9
Central Florida Mobile Mechanic Works,,,,"Osceola Ave, Center Hill, FL 33514, United States",Osceola Ave,Center Hill,FL,33514,5.0,1,Auto repair shop,,,https://www.google.com/maps/place/Central+Florida+Mobile+Mechanic+Works/data=!4m7!3m6!1s0x88e7efdff94b3117:0x92885bf684773bf9!8m2!3d28.6498094!4d-81.9935073!16s%2Fg%2F11x1_x6h2s!19sChIJFzFL-d_v54gR-Tt3hPZbiJI?authuser=0&hl=en&rclk=1,auto repair shop,Sumter County,county,FL,2026-07-23T11:59:40,0x88e7efdff94b3117:0x92885bf684773bf9
NAPA Auto Parts - Gulf Coast Parts Supply LLC,(352) 493-2533,https://www.napaonline.com/en/FL/Chiefland/store/24857?cid=pl_jobber_google_dac_24857_ao,,"1523 N Young Blvd, Chiefland, FL 32626, United States",1523 N Young Blvd,Chiefland,FL,32626,4.3,307,Auto parts store,,,https://www.google.com/maps/place/NAPA+Auto+Parts+-+Gulf+Coast+Parts+Supply+LLC/data=!4m7!3m6!1s0x88e8e22d5f639bff:0x452c014b43d6febf!8m2!3d29.493657!4d-82.865029!16s%2Fg%2F1tdn4y9k!19sChIJ_5tjXy3i6IgRv_7WQ0sBLEU?authuser=0&hl=en&rclk=1,auto repair shop,Dixie County,county,FL,2026-07-23T04:51:10,0x88e8e22d5f639bff:0x452c014b43d6febf
Perk's Automotive Inc.,(352) 493-4531,https://www.facebook.com/perksautomotiveinc,,"15565 US-19, Chiefland, FL 32626, United States",15565 US-19,Chiefland,FL,32626,4.7,102,Auto repair shop,,,https://www.google.com/maps/place/Perk%27s+Automotive+Inc./data=!4m7!3m6!1s0x88e8e02a2b11158d:0xbb8c4e3a6a7cca42!8m2!3d29.555792!4d-82.902621!16s%2Fg%2F1th0nqxy!19sChIJjRURKyrg6IgRQsp8ajpOjLs?authuser=0&hl=en&rclk=1,auto repair shop,Dixie County,county,FL,2026-07-23T04:51:10,0x88e8e02a2b11158d:0xbb8c4e3a6a7cca42
Walmart Auto Care Center,(352) 493-1407,https://www.walmart.com/store/1297-chiefland-fl/auto-care-center/?veh=seo_loc,,"2201 N Young Blvd, Chiefland, FL 32626, United States",2201 N Young Blvd,Chiefland,FL,32626,3.2,126,Oil change service,,,https://www.google.com/maps/place/Walmart+Auto+Care+Center/data=!4m7!3m6!1s0x88e8e229784e6ebd:0x4d89e5910d8edab8!8m2!3d29.5024053!4d-82.8675957!16s%2Fg%2F11xmjxqtp!19sChIJvW5OeCni6IgRuNqODZHliU0?authuser=0&hl=en&rclk=1,auto repair shop,Dixie County,county,FL,2026-07-23T04:51:10,0x88e8e229784e6ebd:0x4d89e5910d8edab8
Davidsons Frontend Shop,,,,"1373 Jackson Ave, Chipley, FL 32428, United States",1373 Jackson Ave,Chipley,FL,32428,5.0,2,Store,,,https://www.google.com/maps/place/Davidsons+Frontend+Shop/data=!4m7!3m6!1s0x889301a6916bffff:0x7c7b9bf0e410cc8e!8m2!3d30.7784349!4d-85.5474781!16s%2Fg%2F11j03by9pr!19sChIJ__9rkaYBk4gRjswQ5PCbe3w?authuser=0&hl=en&rclk=1,auto repair shop,Jackson County,county,FL,2026-07-23T06:48:55,0x889301a6916bffff:0x7c7b9bf0e410cc8e
Walmart Auto Care Center,(850) 638-3420,https://www.walmart.com/store/2114-chipley-fl/auto-care-center/?veh=seo_loc,,"1621 Main St, Chipley, FL 32428, United States",1621 Main St,Chipley,FL,32428,3.8,135,Oil change service,,,https://www.google.com/maps/place/Walmart+Auto+Care+Center/data=!4m7!3m6!1s0x8893011638140dc3:0x855370b20f2454b!8m2!3d30.7526602!4d-85.5476438!16s%2Fg%2F1vn19979!19sChIJww0UOBYBk4gRS0XyIAs3VQg?authuser=0&hl=en&rclk=1,auto repair shop,Washington County,county,FL,2026-07-23T12:43:22,0x8893011638140dc3:0x855370b20f2454b
Auto Service Experts Inc,(727) 791-7677,http://autoserviceexpertsclearwater.com/,,"27837 US Hwy 19 N Ste B, Clearwater, FL 33761, United States",27837 US Hwy 19 N Ste B,Clearwater,FL,33761,4.7,188,Auto repair shop,,,https://www.google.com/maps/place/Auto+Service+Experts+Inc/data=!4m7!3m6!1s0x88c2f206286e9c9d:0x7cc3ba00942e61a4!8m2!3d28.0248763!4d-82.7369126!16s%2Fg%2F1ts_7d9w!19sChIJnZxuKAbywogRpGEulAC6w3w?authuser=0&hl=en&rclk=1,auto repair shop,Pinellas County,county,FL,2026-07-15T13:38:52,0x88c2f206286e9c9d:0x7cc3ba00942e61a4
Auto Tech Inc,(727) 586-2886,,,"1700 Clearwater Largo Rd, Clearwater, FL 33756, United States",1700 Clearwater Largo Rd,Clearwater,FL,33756,4.9,265,Auto repair shop,,,https://www.google.com/maps/place/Auto+Tech+Inc/data=!4m7!3m6!1s0x88c2f099c54cc57f:0xeb6b765cc43d2355!8m2!3d27.93488!4d-82.795995!16s%2Fg%2F11b88g_1d1!19sChIJf8VMxZnwwogRVSM9xFx2a-s?authuser=0&hl=en&rclk=1,auto repair shop,Pinellas County,county,FL,2026-07-23T10:32:55,0x88c2f099c54cc57f:0xeb6b765cc43d2355
Cooper's Automotive Repair inc,(727) 443-7922,http://coopersar.com/platform/,,"1603 N Hercules Ave, Clearwater, FL 33765, United States",1603 N Hercules Ave,Clearwater,FL,33765,4.7,188,Auto repair shop,,,https://www.google.com/maps/place/Cooper%27s+Automotive+Repair+inc/data=!4m7!3m6!1s0x88c2f1c7c4d037a3:0xa44c2f482264cbb8!8m2!3d27.9808869!4d-82.7542276!16s%2Fg%2F1tf9z68h!19sChIJozfQxMfxwogRuMtkIkgvTKQ?authuser=0&hl=en&rclk=1,auto repair shop,Pinellas County,county,FL,2026-07-15T13:38:52,0x88c2f1c7c4d037a3:0xa44c2f482264cbb8
Rio Imports Repair Inc,(727) 530-9047,https://www.rioimportsrepair.com/,,"12737 US-19, Clearwater, FL 33764, United States",12737 US-19,Clearwater,FL,33764,5.0,254,Auto repair shop,,,https://www.google.com/maps/place/Rio+Imports+Repair+Inc/data=!4m7!3m6!1s0x88c2e53c64e5184f:0x34c7816911d9c9!8m2!3d27.8881168!4d-82.7179035!16s%2Fg%2F1tpf7xyh!19sChIJTxjlZDzlwogRydkRaYHHNAA?authuser=0&hl=en&rclk=1,auto repair shop,Pinellas County,county,FL,2026-07-23T10:32:55,0x88c2e53c64e5184f:0x34c7816911d9c9
Auto repair and performance.,,,,"5 S San Benito St, Clewiston, FL 33440, United States",5 S San Benito St,Clewiston,FL,33440,,,Auto repair shop,,,https://www.google.com/maps/place/Auto+repair+and+performance./data=!4m7!3m6!1s0x88dbfb0063ff51cb:0x68ee48d474e4339e!8m2!3d26.7492696!4d-80.9303735!16s%2Fg%2F11yxjpn0pl!19sChIJy1H_YwD724gRnjPkdNRI7mg?authuser=0&hl=en&rclk=1,auto repair shop,Glades County,county,FL,2026-07-23T05:48:48,0x88dbfb0063ff51cb:0x68ee48d474e4339e
Flores and Son's Tires Inc,(239) 206-9720,,,"340 W C Owen Ave, Clewiston, FL 33440, United States",340 W C Owen Ave,Clewiston,FL,33440,4.9,37,Tire repair shop,,,https://www.google.com/maps/place/Flores+and+Son%27s+Tires+Inc/data=!4m7!3m6!1s0x88dba523e0d25977:0x11e9ac5527bd2fb4!8m2!3d26.7509948!4d-80.9358201!16s%2Fg%2F11h07gg0lt!19sChIJd1nS4COl24gRtC-9J1Ws6RE?authuser=0&hl=en&rclk=1,auto repair shop,Hendry County,county,FL,2026-07-23T06:09:32,0x88dba523e0d25977:0x11e9ac5527bd2fb4
AAMCO Transmissions & Total Car Care,(321) 332-9923,https://aamcocentralflorida.com/locations/cocoa?utm_source=G&utm_medium=local&utm_campaign=google-local,,"800 W King St, Cocoa, FL 32922, United States",800 W King St,Cocoa,FL,32922,4.7,212,Transmission shop,,,https://www.google.com/maps/place/AAMCO+Transmissions+%26+Total+Car+Care/data=!4m7!3m6!1s0x88de016741832013:0xafc007338627373f!8m2!3d28.356315!4d-80.74028!16s%2Fg%2F11h3qngrqb!19sChIJEyCDQWcB3ogRPzcnhjMHwK8?authuser=0&hl=en&rclk=1,auto repair shop,Brevard County,county,FL,2026-07-23T03:42:45,0x88de016741832013:0xafc007338627373f
Goodyear Auto Service,(305) 446-8101,https://www.goodyear.com/en-us/goodyearautoservice,,"3690 Bird Rd, Coral Gables, FL 33133, United States",3690 Bird Rd,Coral Gables,FL,33133,4.1,345,Tire shop,,,https://www.google.com/maps/place/Goodyear+Auto+Service/data=!4m7!3m6!1s0x88d9b7c036a4485d:0xdc27f5a90988c8c8!8m2!3d25.7347148!4d-80.2536722!16s%2Fg%2F1tpc8s8y!19sChIJXUikNsC32YgRyMiICan1J9w?authuser=0&hl=en&rclk=1,auto repair shop,Monroe County,county,FL,2026-07-15T12:41:16,0x88d9b7c036a4485d:0xdc27f5a90988c8c8
Frankie's Tires,,,,"2649 Levy St, Cottondale, FL 32431, United States",2649 Levy St,Cottondale,FL,32431,5.0,2,Auto repair shop,,,https://www.google.com/maps/place/Frankie%27s+Tires/data=!4m7!3m6!1s0x88931d0065c3e525:0x9f9d2208b8a76ef!8m2!3d30.7919951!4d-85.3769541!16s%2Fg%2F11yj2vxsdv!19sChIJJeXDZQAdk4gR73aKiyDS-Qk?authuser=0&hl=en&rclk=1,auto repair shop,Jackson County,county,FL,2026-07-23T06:48:55,0x88931d0065c3e525:0x9f9d2208b8a76ef
Backwoods Brotherhood compound,,,,"48 Ridgeway Ct, Crawfordville, FL 32327, United States",48 Ridgeway Ct,Crawfordville,FL,32327,3.0,2,Motorcycle repair shop,,,https://www.google.com/maps/place/Backwoods+Brotherhood+compound/data=!4m7!3m6!1s0x88ec85006f0ae98b:0x8fd1976374b4952a!8m2!3d30.1818626!4d-84.3590751!16s%2Fg%2F11vrg3y3rw!19sChIJi-kKbwCF7IgRKpW0dGOX0Y8?authuser=0&hl=en&rclk=1,auto repair shop,Franklin County,county,FL,2026-07-23T05:26:55,0x88ec85006f0ae98b:0x8fd1976374b4952a
C-B & Sons Automotive,,,,"3031 Crawfordville Hwy, Crawfordville, FL 32327, United States",3031 Crawfordville Hwy,Crawfordville,FL,32327,,,Auto repair shop,,,https://www.google.com/maps/place/C-B+%26+Sons+Automotive/data=!4m7!3m6!1s0x88ec843553f677fb:0xcc343a1b905b5e2d!8m2!3d30.1767887!4d-84.3748075!16s%2Fg%2F11jlz_kcqg!19sChIJ-3f2UzWE7IgRLV5bkBs6NMw?authuser=0&hl=en&rclk=1,auto repair shop,Franklin County,county,FL,2026-07-23T05:26:55,0x88ec843553f677fb:0xcc343a1b905b5e2d
Firestone Complete Auto Care,(850) 296-1759,https://www.firestonecompleteautocare.com/florida/crawfordville/24-Linzy-Store-Road/?utm_source=google&utm_medium=organic&utm_campaign=localmaps&cmp=oloc_google_localmaps_maps,,"24 Linzy Store Rd, Crawfordville, FL 32327, United States",24 Linzy Store Rd,Crawfordville,FL,32327,4.7,378,Tire shop,,,https://www.google.com/maps/place/Firestone+Complete+Auto+Care/data=!4m7!3m6!1s0x88ec85bcb140cea7:0x15c4779e79635915!8m2!3d30.219133!4d-84.360787!16s%2Fg%2F11x1bzj4q_!19sChIJp85AsbyF7IgRFVljeZ53xBU?authuser=0&hl=en&rclk=1,auto repair shop,Wakulla County,county,FL,2026-07-23T12:35:11,0x88ec85bcb140cea7:0x15c4779e79635915
Levels Autoworks,,,,"975 Doctor M.L.K. Jr Memorial Rd, Crawfordville, FL 32327, United States",975 Doctor M.L.K. Jr Memorial Rd,Crawfordville,FL,32327,3.7,3,Auto body shop,,,https://www.google.com/maps/place/Levels+Autoworks/data=!4m7!3m6!1s0x88ec86f4ef827133:0x4c98eab946dcf0de!8m2!3d30.171596!4d-84.33136!16s%2Fg%2F11f3ncd4qd!19sChIJM3GC7_SG7IgR3vDcRrnqmEw?authuser=0&hl=en&rclk=1,auto repair shop,Franklin County,county,FL,2026-07-23T05:26:55,0x88ec86f4ef827133:0x4c98eab946dcf0de
Take 5 Oil Change,(850) 745-4009,https://www.take5.com/locations/oil-change/florida/crawfordville/30470/?utm_source=google&utm_medium=organic&utm_campaign=gbp_website,,"2317 Crawfordville Hwy, Crawfordville, FL 32327, United States",2317 Crawfordville Hwy,Crawfordville,FL,32327,4.8,631,Oil change service,,,https://www.google.com/maps/place/Take+5+Oil+Change/data=!4m7!3m6!1s0x88ec85ef3e3a930f:0x94d782c9db473d9f!8m2!3d30.2066213!4d-84.3659725!16s%2Fg%2F1tl1jqpr!19sChIJD5M6Pu-F7IgRnz1H28mC15Q?authuser=0&hl=en&rclk=1,auto repair shop,Wakulla County,county,FL,2026-07-23T12:35:11,0x88ec85ef3e3a930f:0x94d782c9db473d9f
Take 5 Oil Change,(850) 745-4511,https://www.take5.com/locations/oil-change/florida/crawfordville/30469/?utm_source=google&utm_medium=organic&utm_campaign=gbp_website,,"2597 Crawfordville Hwy, Crawfordville, FL 32327, United States",2597 Crawfordville Hwy,Crawfordville,FL,32327,4.8,842,Oil change service,,,https://www.google.com/maps/place/Take+5+Oil+Change/data=!4m7!3m6!1s0x88ec85c14fcf8fc3:0xe26630e8a67a12e8!8m2!3d30.1948189!4d-84.3705721!16s%2Fg%2F1tcwgtrw!19sChIJw4_PT8GF7IgR6BJ6pugwZuI?authuser=0&hl=en&rclk=1,auto repair shop,Wakulla County,county,FL,2026-07-23T12:35:11,0x88ec85c14fcf8fc3:0xe26630e8a67a12e8
Walmart Auto Care Center,(850) 926-2812,https://www.walmart.com/store/3307-crawfordville-fl/auto-care-center/?veh=seo_loc,,"35 Mike Stewart Dr, Crawfordville, FL 32327, United States",35 Mike Stewart Dr,Crawfordville,FL,32327,4.2,99,Oil change service,,,https://www.google.com/maps/place/Walmart+Auto+Care+Center/data=!4m7!3m6!1s0x88ec85f9670da237:0x7490897ee1e81e0f!8m2!3d30.217762!4d-84.3600571!16s%2Fg%2F1tcy9qz2!19sChIJN6INZ_mF7IgRDx7o4X6JkHQ?authuser=0&hl=en&rclk=1,auto repair shop,Wakulla County,county,FL,2026-07-23T12:35:11,0x88ec85f9670da237:0x7490897ee1e81e0f
Lloyd's repair shop small engine and all other mechanical repairs,,,,"104 Cris Dr, Crescent City, FL 32112, United States",104 Cris Dr,Crescent City,FL,32112,,,Auto repair shop,,,https://www.google.com/maps/place/Lloyd%27s+repair+shop+small+engine+and+all+other+mechanical+repairs/data=!4m7!3m6!1s0x88e65f004d193e45:0x28859f9e967eba!8m2!3d29.5055052!4d-81.5657492!16s%2Fg%2F11vy79zk5g!19sChIJRT4ZTQBf5ogRun6Wnp-FKAA?authuser=0&hl=en&rclk=1,auto repair shop,Putnam County,county,FL,2026-07-23T11:20:34,0x88e65f004d193e45:0x28859f9e967eba
"Mack's Auto-Tech, Inc.",(850) 682-5470,http://macksautotech.com/,,"101 John King Rd, Crestview, FL 32539, United States",101 John King Rd,Crestview,FL,32539,4.6,146,Auto repair shop,,,"https://www.google.com/maps/place/Mack%27s+Auto-Tech,+Inc./data=!4m7!3m6!1s0x889173250124d811:0xc4a66c7d457d799d!8m2!3d30.7217115!4d-86.5680894!16s%2Fg%2F1tgd79f8!19sChIJEdgkASVzkYgRnXl9RX1spsQ?authuser=0&hl=en&rclk=1",auto repair shop,Walton County,county,FL,2026-07-23T12:41:32,0x889173250124d811:0xc4a66c7d457d799d
Pep Boys Auto Service & Tires,(850) 398-4134,https://www.pepboys.com/stores/fl/crestview/883-n-ferdon-blvd?Cid=gbp_appt_AN:PB%7CPB:G%7CTT:GBP%7CCG:CONVERSION%7CCD:SERVICE,,"883 N Ferdon Blvd, Crestview, FL 32536, United States",883 N Ferdon Blvd,Crestview,FL,32536,4.2,753,Tire shop,,,https://www.google.com/maps/place/Pep+Boys+Auto+Service+%26+Tires/data=!4m7!3m6!1s0x889174be4420d0e1:0xb741752a48cd6056!8m2!3d30.777193!4d-86.561967!16s%2Fg%2F1trxl1bv!19sChIJ4dAgRL50kYgRVmDNSCp1Qbc?authuser=0&hl=en&rclk=1,auto repair shop,Okaloosa County,county,FL,2026-07-15T12:58:42,0x889174be4420d0e1:0xb741752a48cd6056
Stanton Automotive Inc,(850) 423-7113,http://stantonautomotive.com/,,"861 W James Lee Blvd, Crestview, FL 32536, United States",861 W James Lee Blvd,Crestview,FL,32536,4.8,252,Auto repair shop,,,https://www.google.com/maps/place/Stanton+Automotive+Inc/data=!4m7!3m6!1s0x889174abda836fb5:0x505859d200427419!8m2!3d30.7645219!4d-86.5917784!16s%2Fg%2F11cs4jd7mf!19sChIJtW-D2qt0kYgRGXRCANJZWFA?authuser=0&hl=en&rclk=1,auto repair shop,Okaloosa County,county,FL,2026-07-23T09:52:16,0x889174abda836fb5:0x505859d200427419
Cross City Machine Shop,,,,"219 NE 152nd St, Cross City, FL 32628, United States",219 NE 152nd St,Cross City,FL,32628,5.0,2,Machine shop,,,https://www.google.com/maps/place/Cross+City+Machine+Shop/data=!4m7!3m6!1s0x88e93d096181b099:0x5fa0e54e59201df7!8m2!3d29.6395646!4d-83.1182752!16s%2Fg%2F1tfff09v!19sChIJmbCBYQk96YgR9x0gWU7loF8?authuser=0&hl=en&rclk=1,auto repair shop,Dixie County,county,FL,2026-07-23T04:51:10,0x88e93d096181b099:0x5fa0e54e59201df7
Express Auto,,,,"56 Veneer Rd, Cross City, FL 32628, United States",56 Veneer Rd,Cross City,FL,32628,1.0,2,Car repair and maintenance service,,,https://www.google.com/maps/place/Express+Auto/data=!4m7!3m6!1s0x88e93d008aabffdd:0x757518a8b003c0cd!8m2!3d29.6268301!4d-83.1102371!16s%2Fg%2F11kqtnwf0g!19sChIJ3f-rigA96YgRzcADsKgYdXU?authuser=0&hl=en&rclk=1,auto repair shop,Dixie County,county,FL,2026-07-23T04:51:10,0x88e93d008aabffdd:0x757518a8b003c0cd
"ALL COUNTY AUTOMOTIVE OF CITRUS COUNTY, INC",(352) 228-4950,http://allcountyrepair.com/,,"8297 W Crystal St, Crystal River, FL 34428, United States",8297 W Crystal St,Crystal River,FL,34428,4.7,251,Auto repair shop,,,"https://www.google.com/maps/place/ALL+COUNTY+AUTOMOTIVE+OF+CITRUS+COUNTY,+INC/data=!4m7!3m6!1s0x88e841cff165dba1:0xcf14d2fa4b340a4b!8m2!3d28.8989707!4d-82.5723279!16s%2Fg%2F1z44b36tp!19sChIJodtl8c9B6IgRSwo0S_rSFM8?authuser=0&hl=en&rclk=1",auto repair shop,Nassau County,county,FL,2026-07-23T09:45:08,0x88e841cff165dba1:0xcf14d2fa4b340a4b
Crystal River Firestone,(352) 795-5118,https://www.crfirestone.com/,,"1010 N Suncoast Blvd, Crystal River, FL 34429, United States",1010 N Suncoast Blvd,Crystal River,FL,34429,4.2,269,Auto repair shop,,,https://www.google.com/maps/place/Crystal+River+Firestone/data=!4m7!3m6!1s0x88e8403906b4b797:0xaef1507a3bbf81a5!8m2!3d28.8766972!4d-82.5808028!16s%2Fg%2F1tl1p88h!19sChIJl7e0BjlA6IgRpYG_O3pQ8a4?authuser=0&hl=en&rclk=1,auto repair shop,Citrus County,county,FL,2026-07-23T04:13:38,0x88e8403906b4b797:0xaef1507a3bbf81a5
Midas,(786) 671-4606,https://www.midas.com/store/fl/cutler-bay/20033-s-dixie-hwy-33189/?shopnum=3365&utm_source=google&utm_medium=organic&utm_campaign=gbp,,"20033 S Dixie Hwy, Cutler Bay, FL 33189, United States",20033 S Dixie Hwy,Cutler Bay,FL,33189,4.6,540,Auto repair shop,,,https://www.google.com/maps/place/Midas/data=!4m7!3m6!1s0x88d9c3e330ff821b:0x725ecc0f64f44c3!8m2!3d25.5804672!4d-80.3672787!16s%2Fg%2F11h6dh7z88!19sChIJG4L_MOPD2YgRw0RP9sDsJQc?authuser=0&hl=en&rclk=1,auto repair shop,Monroe County,county,FL,2026-07-23T09:35:41,0x88d9c3e330ff821b:0x725ecc0f64f44c3
Integrity Automotive Repair Inc,(352) 567-1815,http://integrityautomotive.biz/,,"16419 US-301, Dade City, FL 33523, United States",16419 US-301,Dade City,FL,33523,4.5,133,Auto repair shop,,,https://www.google.com/maps/place/Integrity+Automotive+Repair+Inc/data=!4m7!3m6!1s0x88dd5568729d078f:0x71da796b16831623!8m2!3d28.3971003!4d-82.1962156!16s%2Fg%2F11rss4w4g7!19sChIJjwedcmhV3YgRIxaDFmt52nE?authuser=0&hl=en&rclk=1,auto repair shop,Pasco County,county,FL,2026-07-15T13:31:18,0x88dd5568729d078f:0x71da796b16831623
Franco's Auto Repair Inc,(954) 922-8333,,,"167 N Federal Hwy, Dania Beach, FL 33004, United States",167 N Federal Hwy,Dania Beach,FL,33004,4.6,188,Auto repair shop,,,https://www.google.com/maps/place/Franco%27s+Auto+Repair+Inc/data=!4m7!3m6!1s0x88d9aa5f98fa17ed:0x2ad46e9a04c70c62!8m2!3d26.0556408!4d-80.1440274!16s%2Fg%2F1tgcn2f3!19sChIJ7Rf6mF-q2YgRYgzHBJpu1Co?authuser=0&hl=en&rclk=1,auto repair shop,Broward County,county,FL,2026-07-23T03:47:47,0x88d9aa5f98fa17ed:0x2ad46e9a04c70c62
"Michael's British American and Foreign Auto Repair, Inc.",(386) 253-2832,http://www.daytonabeachautorepair.com/,,"241 S Palmetto Ave, Daytona Beach, FL 32114, United States",241 S Palmetto Ave,Daytona Beach,FL,32114,4.8,170,Auto repair shop,,,"https://www.google.com/maps/place/Michael%27s+British+American+and+Foreign+Auto+Repair,+Inc./data=!4m7!3m6!1s0x88e6d9881bb38ecb:0x2ddc94562790875c!8m2!3d29.2082046!4d-81.0192676!16s%2Fg%2F1tj5rkcb!19sChIJy46zG4jZ5ogRXIeQJ1aU3C0?authuser=0&hl=en&rclk=1",auto repair shop,Volusia County,county,FL,2026-07-23T12:30:46,0x88e6d9881bb38ecb:0x2ddc94562790875c
"Day's Service Station, Inc.",(850) 892-3935,,,"11 Argyle RR Ave, Defuniak Springs, FL 32435, United States",11 Argyle RR Ave,Defuniak Springs,FL,32435,4.5,95,Towing service,,,"https://www.google.com/maps/place/Day%27s+Service+Station,+Inc./data=!4m7!3m6!1s0x8893d1dd091e4ed9:0x79065cdfbdaa160c!8m2!3d30.7188949!4d-86.0425949!16s%2Fg%2F1w6r91j3!19sChIJ2U4eCd3Rk4gRDBaqvd9cBnk?authuser=0&hl=en&rclk=1",auto repair shop,Walton County,county,FL,2026-07-23T12:41:32,0x8893d1dd091e4ed9:0x79065cdfbdaa160c
FIRESTONE SERVICE CENTER,(850) 892-2147,http://www.firestone-service-center.com/,,"618 US-90, Defuniak Springs, FL 32433, United States",618 US-90,Defuniak Springs,FL,32433,4.4,343,Auto repair shop,,,https://www.google.com/maps/place/FIRESTONE+SERVICE+CENTER/data=!4m7!3m6!1s0x8893ce935b4ea929:0xbccc7cd1dc7d586e!8m2!3d30.7207108!4d-86.1104045!16s%2Fg%2F1tsbmxdd!19sChIJKalOW5POk4gRblh93NF8zLw?authuser=0&hl=en&rclk=1,auto repair shop,Walton County,county,FL,2026-07-23T12:41:32,0x8893ce935b4ea929:0xbccc7cd1dc7d586e
Take 5 Oil Change,(850) 201-6833,https://www.take5.com/locations/oil-change/florida/defuniak-springs/30984/?utm_source=google&utm_medium=organic&utm_campaign=gbp_website,,"1199 US-331, Defuniak Springs, FL 32435, United States",1199 US-331,Defuniak Springs,FL,32435,4.8,340,Oil change service,,,https://www.google.com/maps/place/Take+5+Oil+Change/data=!4m7!3m6!1s0x8893d1253ba5dd4d:0x7f1d5e831881aa83!8m2!3d30.7050435!4d-86.122286!16s%2Fg%2F11xdzzkxk3!19sChIJTd2lOyXRk4gRg6qBGINeHX8?authuser=0&hl=en&rclk=1,auto repair shop,Walton County,county,FL,2026-07-23T12:41:32,0x8893d1253ba5dd4d:0x7f1d5e831881aa83
All Auto Tech Inc - Auto Repair Doral,(305) 482-0202,https://www.allautotech.com/,,"2379 NW 97th Ave, Doral, FL 33172, United States",2379 NW 97th Ave,Doral,FL,33172,4.8,146,Auto repair shop,,,https://www.google.com/maps/place/All+Auto+Tech+Inc+-+Auto+Repair+Doral/data=!4m7!3m6!1s0x88d9b0518778e403:0xfedcf7782970e714!8m2!3d25.795641!4d-80.3526839!16s%2Fg%2F1tdr435m!19sChIJA-R4h1Gw2YgRFOdwKXj33P4?authuser=0&hl=en&rclk=1,auto repair shop,Miami-Dade County,county,FL,2026-07-23T09:29:17,0x88d9b0518778e403:0xfedcf7782970e714
3T's Mobile Automotive Repair inc.,(352) 361-1555,https://www.3tsmobileautomotiverepair.com/,,"10190 SW 138th Ct, Dunnellon, FL 34432, United States",10190 SW 138th Ct,Dunnellon,FL,34432,4.8,136,Auto repair shop,,,https://www.google.com/maps/place/3T%27s+Mobile+Automotive+Repair+inc./data=!4m7!3m6!1s0x20f6945e45af4b59:0x1db3052508642b3d!8m2!3d29.0751926!4d-82.3494063!16s%2Fg%2F11pvg6slf1!19sChIJWUuvRV6U9iARPStkCCUFsx0?authuser=0&hl=en&rclk=1,auto repair shop,Levy County,county,FL,2026-07-23T07:20:31,0x20f6945e45af4b59:0x1db3052508642b3d
"Kelly's Auto Repair & Service, Inc.",(352) 489-2014,https://www.kellysautorepairandservice.com/,,"2202 W Dunnellon Rd, Dunnellon, FL 34433, United States",2202 W Dunnellon Rd,Dunnellon,FL,34433,4.9,1007,Auto repair shop,,,"https://www.google.com/maps/place/Kelly%27s+Auto+Repair+%26+Service,+Inc./data=!4m7!3m6!1s0x88e865e08dca170b:0x46ac3847e47c7460!8m2!3d29.0428234!4d-82.4720717!16s%2Fg%2F1wz53jl5!19sChIJCxfKjeBl6IgRYHR85Ec4rEY?authuser=0&hl=en&rclk=1",auto repair shop,Citrus County,county,FL,2026-07-23T04:13:38,0x88e865e08dca170b:0x46ac3847e47c7460
Maintenance and More Automotive Inc,(352) 462-7033,http://www.mmautocr.com/,,"12038 S Williams St, Dunnellon, FL 34432, United States",12038 S Williams St,Dunnellon,FL,34432,4.8,75,Mechanic,,,https://www.google.com/maps/place/Maintenance+and+More+Automotive+Inc/data=!4m7!3m6!1s0x88e8656092ecf763:0x4db0a9a0cf6b49ca!8m2!3d29.0486952!4d-82.4623499!16s%2Fg%2F11h4nbd9pl!19sChIJY_fskmBl6IgRyklrz6CpsE0?authuser=0&hl=en&rclk=1,auto repair shop,Citrus County,county,FL,2026-07-23T04:13:38,0x88e8656092ecf763:0x4db0a9a0cf6b49ca
Right Turn Auto Center Inc,(352) 897-8876,http://rightturnautocenter.com/,,"11825 N Williams St, Dunnellon, FL 34432, United States",11825 N Williams St,Dunnellon,FL,34432,4.9,91,Auto repair shop,,,https://www.google.com/maps/place/Right+Turn+Auto+Center+Inc/data=!4m7!3m6!1s0x88e8651ef90de579:0xdfeb9f144a94e17!8m2!3d29.051578!4d-82.459016!16s%2Fg%2F11y4brl8rk!19sChIJeeUN-R5l6IgRF06pRPG5_g0?authuser=0&hl=en&rclk=1,auto repair shop,Citrus County,county,FL,2026-07-23T04:13:38,0x88e8651ef90de579:0xdfeb9f144a94e17
Jimmy's Auto,,,,"9 Franklin St, Eastpoint, FL 32328, United States",9 Franklin St,Eastpoint,FL,32328,3.7,3,Auto repair shop,,,https://www.google.com/maps/place/Jimmy%27s+Auto/data=!4m7!3m6!1s0x88eb4a4d34608e03:0x5cab3199afb40a94!8m2!3d29.7369127!4d-84.8866888!16s%2Fg%2F1v_s6q6b!19sChIJA45gNE1K64gRlAq0r5kxq1w?authuser=0&hl=en&rclk=1,auto repair shop,Franklin County,county,FL,2026-07-23T05:26:55,0x88eb4a4d34608e03:0x5cab3199afb40a94
High Gear Automotive Inc.,(941) 475-0198,https://www.highgearautomotive.com/englewood.html,,"2720 Avenue of the Americas, Englewood, FL 34224, United States",2720 Avenue of the Americas,Englewood,FL,34224,4.8,322,Auto repair shop,,,https://www.google.com/maps/place/High+Gear+Automotive+Inc./data=!4m7!3m6!1s0x88c4a9787ddd1687:0x9e06d1a628493d97!8m2!3d26.9166673!4d-82.3100995!16s%2Fg%2F1tczl86k!19sChIJhxbdfXipxIgRlz1JKKbRBp4?authuser=0&hl=en&rclk=1,auto repair shop,Charlotte County,county,FL,2026-07-23T04:05:56,0x88c4a9787ddd1687:0x9e06d1a628493d97
"Walton's Auto Repair, Inc.",(941) 474-0686,,,"2533 S McCall Rd, Englewood, FL 34224, United States",2533 S McCall Rd,Englewood,FL,34224,4.5,87,Auto repair shop,,,"https://www.google.com/maps/place/Walton%27s+Auto+Repair,+Inc./data=!4m7!3m6!1s0x88c4a996b196a28f:0xb55f77b367c51ffb!8m2!3d26.9341514!4d-82.3184535!16s%2Fg%2F1vn_zrks!19sChIJj6KWsZapxIgR-x_FZ7N3X7U?authuser=0&hl=en&rclk=1",auto repair shop,Charlotte County,county,FL,2026-07-23T04:05:56,0x88c4a996b196a28f:0xb55f77b367c51ffb
"Xpertech Auto Repair, Inc.",(941) 474-3793,https://www.xpertechautorepair.com/?y_source=1_MjA1NzA0Mjg3NS03MTUtbG9jYXRpb24ud2Vic2l0ZQ%3D%3D,,"101 N McCall Rd, Englewood, FL 34223, United States",101 N McCall Rd,Englewood,FL,34223,4.9,1225,Auto repair shop,,,"https://www.google.com/maps/place/Xpertech+Auto+Repair,+Inc./data=!4m7!3m6!1s0x88c4a827c514d4fd:0x427a09888a5a39f1!8m2!3d26.9642586!4d-82.3567561!16s%2Fg%2F1tgd79xj!19sChIJ_dQUxSeoxIgR8TlaiogJekI?authuser=0&hl=en&rclk=1",auto repair shop,Charlotte County,county,FL,2026-07-23T04:05:56,0x88c4a827c514d4fd:0x427a09888a5a39f1
Pep Boys Auto Service & Tires,(352) 800-6475,https://www.pepboys.com/stores/fl/eustis/15469-us-highway-441?Cid=gbp_appt_AN:PB%7CPB:G%7CTT:GBP%7CCG:CONVERSION%7CCD:SERVICE,,"15469 US-441, Eustis, FL 32726, United States",15469 US-441,Eustis,FL,32726,4.0,561,Tire shop,,,https://www.google.com/maps/place/Pep+Boys+Auto+Service+%26+Tires/data=!4m7!3m6!1s0x88e7a2ce75af1cfd:0x5b00552daed4c924!8m2!3d28.822595!4d-81.700349!16s%2Fg%2F1vlzc5rs!19sChIJ_Ryvdc6i54gRJMnUri1VAFs?authuser=0&hl=en&rclk=1,auto repair shop,Lake County,county,FL,2026-07-23T07:02:18,0x88e7a2ce75af1cfd:0x5b00552daed4c924
AAMCO Transmissions & Total Car Care,(407) 544-3362,https://aamcocentralflorida.com/locations/casselberry?utm_source=G&utm_medium=local&utm_campaign=google-local,,"8250 S US Hwy 17 92, Fern Park, FL 32730, United States",8250 S US Hwy 17 92,Fern Park,FL,32730,4.7,439,Transmission shop,,,https://www.google.com/maps/place/AAMCO+Transmissions+%26+Total+Car+Care/data=!4m7!3m6!1s0x88e76df1cdb5c50f:0xef857c2c26c04ff4!8m2!3d28.650128!4d-81.350813!16s%2Fg%2F1tdy9x0w!19sChIJD8W1zfFt54gR9E_AJix8he8?authuser=0&hl=en&rclk=1,auto repair shop,Seminole County,county,FL,2026-07-23T11:54:17,0x88e76df1cdb5c50f:0xef857c2c26c04ff4
Flagler Beach Marine Mechanics Inc,(386) 439-0935,,,"115 Lehigh Ave, Flagler Beach, FL 32136, United States",115 Lehigh Ave,Flagler Beach,FL,32136,4.4,22,Boat repair shop,,,https://www.google.com/maps/place/Flagler+Beach+Marine+Mechanics+Inc/data=!4m7!3m6!1s0x88e6c06e6f7b0a35:0x5afabb91ae2a12b!8m2!3d29.4793234!4d-81.1352503!16s%2Fg%2F1tc_9hfg!19sChIJNQp7b27A5ogRK6HiGrmrrwU?authuser=0&hl=en&rclk=1,auto repair shop,Flagler County,county,FL,2026-07-23T05:13:45,0x88e6c06e6f7b0a35:0x5afabb91ae2a12b
Goodyear Auto Service,(904) 215-3711,https://www.goodyear.com/en-us/goodyearautoservice,,"1585A Island Line Suite A Ste A, Fleming Island, FL 32003, United States",1585A Island Line Suite A Ste A,Fleming Island,FL,32003,4.1,277,Tire shop,,,https://www.google.com/maps/place/Goodyear+Auto+Service/data=!4m7!3m6!1s0x88e5c53f96f39f5f:0xdf26dc88abbb9edd!8m2!3d30.1028624!4d-81.713392!16s%2Fg%2F1tfcv0wh!19sChIJX5_zlj_F5YgR3Z67q4jcJt8?authuser=0&hl=en&rclk=1,auto repair shop,Clay County,county,FL,2026-07-23T04:22:46,0x88e5c53f96f39f5f:0xdf26dc88abbb9edd
AAMCO Transmissions & Total Car Care,(954) 787-5368,http://www.aamcofortlauderdale-dixiehwy.com/?utm_source=G&utm_medium=local&utm_campaign=google-local,,"2767 N Dixie Hwy, Fort Lauderdale, FL 33334, United States",2767 N Dixie Hwy,Fort Lauderdale,FL,33334,4.5,326,Transmission shop,,,https://www.google.com/maps/place/AAMCO+Transmissions+%26+Total+Car+Care/data=!4m7!3m6!1s0x88d9019ab1fb8fe7:0xd789a980e7509275!8m2!3d26.162266!4d-80.132374!16s%2Fg%2F1tywyr2p!19sChIJ54_7sZoB2YgRdZJQ54Cpidc?authuser=0&hl=en&rclk=1,auto repair shop,Fort Lauderdale,city,FL,2026-07-23T12:59:32,0x88d9019ab1fb8fe7:0xd789a980e7509275
"Affordable Auto Service, Inc.",(954) 587-4033,,,"642 SW 27th Ave, Fort Lauderdale, FL 33312, United States",642 SW 27th Ave,Fort Lauderdale,FL,33312,4.6,60,Auto repair shop,,,"https://www.google.com/maps/place/Affordable+Auto+Service,+Inc./data=!4m7!3m6!1s0x88d900c8cafbae65:0xd301606a84587ac9!8m2!3d26.1126258!4d-80.1776016!16s%2Fg%2F1thq1hmn!19sChIJZa77ysgA2YgRyXpYhGpgAdM?authuser=0&hl=en&rclk=1",auto repair shop,Fort Lauderdale,city,FL,2026-07-23T13:36:10,0x88d900c8cafbae65:0xd301606a84587ac9
Auto Repair Solutions Inc.,(954) 801-1833,http://www.facebook.com/adenauer300,,"710 NW 57th St, Fort Lauderdale, FL 33309, United States",710 NW 57th St,Fort Lauderdale,FL,33309,5.0,2,Auto repair shop,,,https://www.google.com/maps/place/Auto+Repair+Solutions+Inc./data=!4m7!3m6!1s0x88d903c84421fdff:0xe59e730af2faea9!8m2!3d26.197244!4d-80.1521402!16s%2Fg%2F11crydd24z!19sChIJ__0hRMgD2YgRqa4vrzDnWQ4?authuser=0&hl=en&rclk=1,auto repair shop,Fort Lauderdale,city,FL,2026-07-15T15:52:12,0x88d903c84421fdff:0xe59e730af2faea9
Brads Automotive Repair Inc,(954) 321-6388,,,"2968 Ravenswood Rd #102, Fort Lauderdale, FL 33312, United States",2968 Ravenswood Rd #102,Fort Lauderdale,FL,33312,4.8,98,Tire shop,,,https://www.google.com/maps/place/Brads+Automotive+Repair+Inc/data=!4m7!3m6!1s0x88d9a9959828ed1d:0xdd13b4cf3fe41edb!8m2!3d26.0850045!4d-80.1708255!16s%2Fg%2F1wc48s2l!19sChIJHe0omJWp2YgR2x7kP8-0E90?authuser=0&hl=en&rclk=1,auto repair shop,Fort Lauderdale,city,FL,2026-07-23T13:36:10,0x88d9a9959828ed1d:0xdd13b4cf3fe41edb
Bud & Mack’s Auto Repair and Sales Inc.,(754) 281-0087,,,"728 NW 6th Ave Ste D, Fort Lauderdale, FL 33311, United States",728 NW 6th Ave Ste D,Fort Lauderdale,FL,33311,4.9,62,Auto repair shop,,,https://www.google.com/maps/place/Bud+%26+Mack%E2%80%99s+Auto+Repair+and+Sales+Inc./data=!4m7!3m6!1s0x88d9a948b506a267:0x8745f7a83208994b!8m2!3d26.1323619!4d-80.1496998!16s%2Fg%2F1xpwkl3r!19sChIJZ6IGtUip2YgRS5kIMqj3RYc?authuser=0&hl=en&rclk=1,auto repair shop,Broward County,county,FL,2026-07-23T03:47:47,0x88d9a948b506a267:0x8745f7a83208994b
EurAutoSolution INC,(954) 763-1496,https://eurautosolutions.com/,,"1201 Riverland Rd, Fort Lauderdale, FL 33312, United States",1201 Riverland Rd,Fort Lauderdale,FL,33312,4.9,147,Auto repair shop,,,https://www.google.com/maps/place/EurAutoSolution+INC/data=!4m7!3m6!1s0x88d900b7ded43d7b:0xaecbb2eb74c53360!8m2!3d26.1069905!4d-80.1782245!16s%2Fg%2F11x9v_f4s!19sChIJez3U3rcA2YgRYDPFdOuyy64?authuser=0&hl=en&rclk=1,auto repair shop,Fort Lauderdale,city,FL,2026-07-23T13:36:10,0x88d900b7ded43d7b:0xaecbb2eb74c53360
Galaxy Tires & Auto Repair Inc,(954) 489-0760,,,"4401 Powerline Rd, Fort Lauderdale, FL 33309, United States",4401 Powerline Rd,Fort Lauderdale,FL,33309,4.7,44,Auto repair shop,,,https://www.google.com/maps/place/Galaxy+Tires+%26+Auto+Repair+Inc/data=!4m7!3m6!1s0x88d903d9f11d7a91:0xadf8889d8e919318!8m2!3d26.1813572!4d-80.1557026!16s%2Fg%2F1tvtc3_3!19sChIJkXod8dkD2YgRGJORjp2I-K0?authuser=0&hl=en&rclk=1,auto repair shop,Fort Lauderdale,city,FL,2026-07-23T13:36:10,0x88d903d9f11d7a91:0xadf8889d8e919318
In & Out Auto Services Inc.,(954) 760-4779,,,"1247 W Sunrise Blvd, Fort Lauderdale, FL 33311, United States",1247 W Sunrise Blvd,Fort Lauderdale,FL,33311,4.1,354,Auto repair shop,,,https://www.google.com/maps/place/In+%26+Out+Auto+Services+Inc./data=!4m7!3m6!1s0x88d9011bc1b6ff85:0x12b2a7db13ea89fb!8m2!3d26.136884!4d-80.158357!16s%2Fg%2F1vvr6_nh!19sChIJhf-2wRsB2YgR-4nqE9unshI?authuser=0&hl=en&rclk=1,auto repair shop,Fort Lauderdale,city,FL,2026-07-23T12:59:32,0x88d9011bc1b6ff85:0x12b2a7db13ea89fb
J & M Auto Repair Service Inc.,(954) 937-5043,,,"3730 W Broward Blvd, Fort Lauderdale, FL 33312, United States",3730 W Broward Blvd,Fort Lauderdale,FL,33312,4.3,42,Auto repair shop,,,https://www.google.com/maps/place/J+%26+M+Auto+Repair+Service+Inc./data=!4m7!3m6!1s0x88d90793e17e6bc3:0x852a33fd4ec7820f!8m2!3d26.1207076!4d-80.1982602!16s%2Fg%2F11h_w_17vk!19sChIJw2t-4ZMH2YgRD4LHTv0zKoU?authuser=0&hl=en&rclk=1,auto repair shop,Broward County,county,FL,2026-07-23T03:47:47,0x88d90793e17e6bc3:0x852a33fd4ec7820f
Meineke Car Care Center,(954) 900-9296,https://www.meineke.com/locations/fl/fort-lauderdale-2251/?utm_source=google&utm_medium=organic&utm_campaign=gbp_website,,"901 N Andrews Ave, Fort Lauderdale, FL 33311, United States",901 N Andrews Ave,Fort Lauderdale,FL,33311,4.5,613,Auto repair shop,,,https://www.google.com/maps/place/Meineke+Car+Care+Center/data=!4m7!3m6!1s0x88d901073ebe302f:0x35b489d604118f44!8m2!3d26.1353107!4d-80.144505!16s%2Fg%2F1th57snd!19sChIJLzC-PgcB2YgRRI8RBNaJtDU?authuser=0&hl=en&rclk=1,auto repair shop,Fort Lauderdale,city,FL,2026-07-23T13:36:10,0x88d901073ebe302f:0x35b489d604118f44
Midas,(954) 687-9342,https://www.midas.com/store/fl/ft-lauderdale/235-east-sunrise-boulevard-33304/?shopnum=3149&utm_source=google&utm_medium=organic&utm_campaign=gbp,,"235 E Sunrise Blvd, Fort Lauderdale, FL 33304, United States",235 E Sunrise Blvd,Fort Lauderdale,FL,33304,4.4,786,Auto repair shop,,,https://www.google.com/maps/place/Midas/data=!4m7!3m6!1s0x88d901a832e3c5cb:0x19d2f2ace8719399!8m2!3d26.137338!4d-80.1418257!16s%2Fg%2F1tjfhn76!19sChIJy8XjMqgB2YgRmZNx6Kzy0hk?authuser=0&hl=en&rclk=1,auto repair shop,Fort Lauderdale,city,FL,2026-07-23T13:36:10,0x88d901a832e3c5cb:0x19d2f2ace8719399
Mr D's Auto Repair Inc,(954) 767-9073,,,"20 NW 9th Ave, Fort Lauderdale, FL 33311, United States",20 NW 9th Ave,Fort Lauderdale,FL,33311,4.5,68,Auto repair shop,,,https://www.google.com/maps/place/Mr+D%27s+Auto+Repair+Inc/data=!4m7!3m6!1s0x88d900fb4f1c6967:0x7b5b62947ccba342!8m2!3d26.1225828!4d-80.153391!16s%2Fg%2F1tdc6054!19sChIJZ2kcT_sA2YgRQqPLfJRiW3s?authuser=0&hl=en&rclk=1,auto repair shop,Fort Lauderdale,city,FL,2026-07-23T13:36:10,0x88d900fb4f1c6967:0x7b5b62947ccba342
Pep Boys Auto Service & Tires,(954) 666-8572,https://www.pepboys.com/stores/fl/fort-lauderdale/601-sunrise-blvd?Cid=gbp_appt_AN:PB%7CPB:G%7CTT:GBP%7CCG:CONVERSION%7CCD:SERVICE,,"601 E Sunrise Blvd, Fort Lauderdale, FL 33304, United States",601 E Sunrise Blvd,Fort Lauderdale,FL,33304,4.0,1129,Tire shop,,,https://www.google.com/maps/place/Pep+Boys+Auto+Service+%26+Tires/data=!4m7!3m6!1s0x88d901044e953815:0x4de33614171e92a8!8m2!3d26.137858!4d-80.137108!16s%2Fg%2F1w97w56h!19sChIJFTiVTgQB2YgRqJIeFxQ2400?authuser=0&hl=en&rclk=1,auto repair shop,Fort Lauderdale,city,FL,2026-07-23T12:59:32,0x88d901044e953815:0x4de33614171e92a8
State Auto Body Inc.,(954) 776-6505,http://www.stateautobodyinc.com/,,"4487 NE 6th Terrace, Fort Lauderdale, FL 33334, United States",4487 NE 6th Terrace,Fort Lauderdale,FL,33334,5.0,256,Auto body shop,,,https://www.google.com/maps/place/State+Auto+Body+Inc./data=!4m7!3m6!1s0x88d9022c3373b5ab:0xb05dcdc752423a74!8m2!3d26.1832501!4d-80.1382251!16s%2Fg%2F1tznn46_!19sChIJq7VzMywC2YgRdDpCUsfNXbA?authuser=0&hl=en&rclk=1,auto repair shop,Fort Lauderdale,city,FL,2026-07-23T12:59:32,0x88d9022c3373b5ab:0xb05dcdc752423a74
A1 Automotive,,http://a1automotivellc.godaddysites.com/,,"3905 Dr Martin Luther King Jr Blvd, Fort Myers, FL 33916, United States",3905 Dr Martin Luther King Jr Blvd,Fort Myers,FL,33916,4.6,23,Auto repair shop,,,https://www.google.com/maps/place/A1+Automotive/data=!4m7!3m6!1s0x88db6b13c7f87411:0x51bc1818bedbe287!8m2!3d26.6428915!4d-81.8339206!16s%2Fg%2F11rq12gbg0!19sChIJEXT4xxNr24gRh-LbvhgYvFE?authuser=0&hl=en&rclk=1,auto repair shop,Lee County,county,FL,2026-07-23T07:10:11,0x88db6b13c7f87411:0x51bc1818bedbe287
Fort Myers USA Truck & Trailer Repair,,,,"3296 Old Metro Pkwy, Fort Myers, FL 33916, United States",3296 Old Metro Pkwy,Fort Myers,FL,33916,,,Truck repair shop,,,https://www.google.com/maps/place/Fort+Myers+USA+Truck+%26+Trailer+Repair/data=!4m7!3m6!1s0x88db6b00549b30a5:0xdd360d88cf0ddb4b!8m2!3d26.617321!4d-81.8521895!16s%2Fg%2F11vysp9m1r!19sChIJpTCbVABr24gRS9sNz4gNNt0?authuser=0&hl=en&rclk=1,auto repair shop,Hendry County,county,FL,2026-07-15T10:40:47,0x88db6b00549b30a5:0xdd360d88cf0ddb4b
Havana Auto Electric Inc,(239) 888-6363,https://havanaautoelectric.com/,,"2462 Lafayette St, Fort Myers, FL 33901, United States",2462 Lafayette St,Fort Myers,FL,33901,4.9,129,Auto repair shop,,,https://www.google.com/maps/place/Havana+Auto+Electric+Inc/data=!4m7!3m6!1s0x88db6bb24b03133f:0x4ab06319b4fd3dc0!8m2!3d26.63444!4d-81.862976!16s%2Fg%2F11c6rx1hbw!19sChIJPxMDS7Jr24gRwD39tBljsEo?authuser=0&hl=en&rclk=1,auto repair shop,Hendry County,county,FL,2026-07-23T06:09:32,0x88db6bb24b03133f:0x4ab06319b4fd3dc0
Hunt Automotive Inc,(239) 481-1978,http://huntautomotive.com/,,"2200 Andrea Ln, Fort Myers, FL 33912, United States",2200 Andrea Ln,Fort Myers,FL,33912,4.8,55,Auto repair shop,,,https://www.google.com/maps/place/Hunt+Automotive+Inc/data=!4m7!3m6!1s0x88db15669bed2ca5:0xe637ac6eb692da71!8m2!3d26.5348968!4d-81.8587622!16s%2Fg%2F1tf87x2_!19sChIJpSztm2YV24gRcdqStm6sN-Y?authuser=0&hl=en&rclk=1,auto repair shop,Lee County,county,FL,2026-07-23T07:10:12,0x88db15669bed2ca5:0xe637ac6eb692da71
Jerry's Tire & Auto Services Inc,(239) 466-6500,https://jerrys-services-inc.edan.io/,,"16856 San Carlos Blvd, Fort Myers, FL 33908, United States",16856 San Carlos Blvd,Fort Myers,FL,33908,4.8,358,Tire shop,,,https://www.google.com/maps/place/Jerry%27s+Tire+%26+Auto+Services+Inc/data=!4m7!3m6!1s0x88db3eb7a52f4793:0x4d84575bdd6df077!8m2!3d26.4962721!4d-81.9437735!16s%2Fg%2F1tqg141y!19sChIJk0cvpbc-24gRd_Bt3VtXhE0?authuser=0&hl=en&rclk=1,auto repair shop,Lee County,county,FL,2026-07-15T11:55:07,0x88db3eb7a52f4793:0x4d84575bdd6df077
Midas,(239) 291-6486,https://www.midas.com/store/fl/fort-myers/4608-s-cleveland-ave-33907/?shopnum=3178&utm_source=google&utm_medium=organic&utm_campaign=gbp,,"4608 S Cleveland Ave, Fort Myers, FL 33907, United States",4608 S Cleveland Ave,Fort Myers,FL,33907,4.7,334,Auto repair shop,,,https://www.google.com/maps/place/Midas/data=!4m7!3m6!1s0x88db41607fbcd71b:0xd89b218f06c0a2b9!8m2!3d26.5947115!4d-81.8727578!16s%2Fg%2F11vm62ymnc!19sChIJG9e8f2BB24gRuaLABo8hm9g?authuser=0&hl=en&rclk=1,auto repair shop,Lee County,county,FL,2026-07-15T11:55:07,0x88db41607fbcd71b:0xd89b218f06c0a2b9
"Milton Auto Repair, Corp.",(239) 243-3689,,,"4901 Dr Martin Luther King Jr Blvd, Fort Myers, FL 33905, United States",4901 Dr Martin Luther King Jr Blvd,Fort Myers,FL,33905,4.7,35,Auto repair shop,,,"https://www.google.com/maps/place/Milton+Auto+Repair,+Corp./data=!4m7!3m6!1s0x88db6bcee4f00001:0x908b8934d8d84967!8m2!3d26.639512!4d-81.8146419!16s%2Fg%2F11hy9nv905!19sChIJAQDw5M5r24gRZ0nY2DSJi5A?authuser=0&hl=en&rclk=1",auto repair shop,Lee County,county,FL,2026-07-23T07:10:11,0x88db6bcee4f00001:0x908b8934d8d84967
"Sam Galloway Ford, Inc.",(239) 936-3673,https://www.samgallowayford.com/,,"1800 Boy Scout Dr, Fort Myers, FL 33907, United States",1800 Boy Scout Dr,Fort Myers,FL,33907,4.3,4776,Ford dealer,,,"https://www.google.com/maps/place/Sam+Galloway+Ford,+Inc./data=!4m7!3m6!1s0x88db401a1d18e51b:0x6cb54223865fe835!8m2!3d26.580517!4d-81.876555!16s%2Fg%2F1trxl2c4!19sChIJG-UYHRpA24gRNehfhiNCtWw?authuser=0&hl=en&rclk=1",auto repair shop,Lee County,county,FL,2026-07-15T11:55:07,0x88db401a1d18e51b:0x6cb54223865fe835
"Segura Auto & Performance, Inc.",(239) 693-1199,https://seguraautomotiveandperformance.net/,,"11500 Palm Beach Blvd, Fort Myers, FL 33905, United States",11500 Palm Beach Blvd,Fort Myers,FL,33905,4.8,100,Auto repair shop,,,"https://www.google.com/maps/place/Segura+Auto+%26+Performance,+Inc./data=!4m7!3m6!1s0x88db6ed7fdee3be1:0xf2a05132e1b90f16!8m2!3d26.6996432!4d-81.7680578!16s%2Fg%2F1hc7nn63j!19sChIJ4Tvu_ddu24gRFg-54TJRoPI?authuser=0&hl=en&rclk=1",auto repair shop,Lee County,county,FL,2026-07-23T07:10:12,0x88db6ed7fdee3be1:0xf2a05132e1b90f16
AAMCO Transmissions & Total Car Care,(772) 758-2227,http://www.aamcoftpiercefl.com/?utm_source=G&utm_medium=local&utm_campaign=google-local,,"3821 S US Hwy 1, Fort Pierce, FL 34982, United States",3821 S US Hwy 1,Fort Pierce,FL,34982,4.1,327,Auto repair shop,,,https://www.google.com/maps/place/AAMCO+Transmissions+%26+Total+Car+Care/data=!4m7!3m6!1s0x88deee2dd25cd9ed:0x62125b2779a09bba!8m2!3d27.391745!4d-80.326282!16s%2Fg%2F1tl4dvlj!19sChIJ7dlc0i3u3ogRupugeSdbEmI?authuser=0&hl=en&rclk=1,auto repair shop,Glades County,county,FL,2026-07-23T05:48:48,0x88deee2dd25cd9ed:0x62125b2779a09bba
Able Auto Repair,,,,"500 Farmers Market Rd Ste 18, Fort Pierce, FL 34982, United States",500 Farmers Market Rd Ste 18,Fort Pierce,FL,34982,4.7,18,Auto repair shop,,,https://www.google.com/maps/place/Able+Auto+Repair/data=!4m7!3m6!1s0x88def1d5fc2c7ec9:0x9b3e185f701fb50e!8m2!3d27.3975369!4d-80.328712!16s%2Fg%2F1tgkj2ts!19sChIJyX4s_NXx3ogRDrUfcF8YPps?authuser=0&hl=en&rclk=1,auto repair shop,Glades County,county,FL,2026-07-15T10:20:01,0x88def1d5fc2c7ec9:0x9b3e185f701fb50e
"Auto Clinic of Ft Pierce, Inc.",(772) 465-8440,,,"3349 S US Hwy 1, Fort Pierce, FL 34982, United States",3349 S US Hwy 1,Fort Pierce,FL,34982,4.9,29,Auto repair shop,,,"https://www.google.com/maps/place/Auto+Clinic+of+Ft+Pierce,+Inc./data=!4m7!3m6!1s0x88deee2a0277b457:0xd4f589fe6002175c!8m2!3d27.4002872!4d-80.3261847!16s%2Fg%2F1vd3wm5c!19sChIJV7R3Airu3ogRXBcCYP6J9dQ?authuser=0&hl=en&rclk=1",auto repair shop,Glades County,county,FL,2026-07-23T05:48:48,0x88deee2a0277b457:0xd4f589fe6002175c
Firestone Complete Auto Care,(772) 242-3913,https://www.firestonecompleteautocare.com/florida/fort-pierce/4160-okeechobee-rd/?utm_source=google&utm_medium=organic&utm_campaign=localmaps&cmp=oloc_google_localmaps_maps,,"4160 Okeechobee Rd, Fort Pierce, FL 34947, United States",4160 Okeechobee Rd,Fort Pierce,FL,34947,4.5,987,Tire shop,,,https://www.google.com/maps/place/Firestone+Complete+Auto+Care/data=!4m7!3m6!1s0x88def21f268ad199:0x86218e6f5ad7da4!8m2!3d27.4245319!4d-80.3704485!16s%2Fg%2F1tklrc92!19sChIJmdGKJh_y3ogRpH2t9eYYYgg?authuser=0&hl=en&rclk=1,auto repair shop,Okeechobee County,county,FL,2026-07-23T09:58:07,0x88def21f268ad199:0x86218e6f5ad7da4
Midas,(772) 618-2741,https://www.midas.com/store/fl/fort-pierce/2606-s-us-highway-1-34982/?shopnum=3705&utm_source=google&utm_medium=organic&utm_campaign=gbp,,"2606 S US Hwy 1, Fort Pierce, FL 34982, United States",2606 S US Hwy 1,Fort Pierce,FL,34982,4.7,420,Auto repair shop,,,https://www.google.com/maps/place/Midas/data=!4m7!3m6!1s0x88def1d5e8af66db:0x3a2a898d222a87b!8m2!3d27.4216508!4d-80.3253485!16s%2Fg%2F11nxqt06z7!19sChIJ22av6NXx3ogRe6gi0pioogM?authuser=0&hl=en&rclk=1,auto repair shop,Glades County,county,FL,2026-07-23T05:48:48,0x88def1d5e8af66db:0x3a2a898d222a87b
Morgan Automotive Inc,(772) 461-1144,,,"2433 Okeechobee Rd, Fort Pierce, FL 34950, United States",2433 Okeechobee Rd,Fort Pierce,FL,34950,4.7,72,Auto repair shop,,,https://www.google.com/maps/place/Morgan+Automotive+Inc/data=!4m7!3m6!1s0x88def19a024efc0f:0x8de73d2339052b9d!8m2!3d27.4373406!4d-80.3494041!16s%2Fg%2F1wrgkzrb!19sChIJD_xOAprx3ogRnSsFOSM9540?authuser=0&hl=en&rclk=1,auto repair shop,Okeechobee County,county,FL,2026-07-23T09:58:07,0x88def19a024efc0f:0x8de73d2339052b9d
AAMCO Transmissions & Total Car Care,(850) 244-2284,http://www.aamcofortwaltonbeach.com/?utm_source=G&utm_medium=local&utm_campaign=google-local,,"202 Racetrack Rd NE, Fort Walton Beach, FL 32547, United States",202 Racetrack Rd NE,Fort Walton Beach,FL,32547,4.7,204,Transmission shop,,,https://www.google.com/maps/place/AAMCO+Transmissions+%26+Total+Car+Care/data=!4m7!3m6!1s0x88913fb7d97080e3:0xee46ece7f2ba93b4!8m2!3d30.446698!4d-86.607519!16s%2Fg%2F11h9k_9q7k!19sChIJ44Bw2bc_kYgRtJO68ufsRu4?authuser=0&hl=en&rclk=1,auto repair shop,Walton County,county,FL,2026-07-23T12:41:32,0x88913fb7d97080e3:0xee46ece7f2ba93b4
Baier's Auto Time Inc,(850) 243-1980,http://www.baiersautotime.com/,,"207 Hickory St, Fort Walton Beach, FL 32548, United States",207 Hickory St,Fort Walton Beach,FL,32548,4.4,69,Auto repair shop,,,https://www.google.com/maps/place/Baier%27s+Auto+Time+Inc/data=!4m7!3m6!1s0x88913e9cf11b37e3:0x645e68137836acba!8m2!3d30.4251522!4d-86.6577845!16s%2Fg%2F1tjtk12w!19sChIJ4zcb8Zw-kYgRuqw2eBNoXmQ?authuser=0&hl=en&rclk=1,auto repair shop,Walton County,county,FL,2026-07-23T12:41:32,0x88913e9cf11b37e3:0x645e68137836acba
Firestone Complete Auto Care,(850) 200-0714,https://www.firestonecompleteautocare.com/florida/fort-walton-beach/532-mary-esther-cut-off-nw/?utm_source=google&utm_medium=organic&utm_campaign=localmaps&cmp=oloc_google_localmaps_maps,,"532 Mary Esther Cut Off NW, Fort Walton Beach, FL 32548, United States",532 Mary Esther Cut Off NW,Fort Walton Beach,FL,32548,4.1,546,Tire shop,,,https://www.google.com/maps/place/Firestone+Complete+Auto+Care/data=!4m7!3m6!1s0x88913e910161329b:0x9fc75d044c06966b!8m2!3d30.4226159!4d-86.6507558!16s%2Fg%2F1tf3pp8z!19sChIJmzJhAZE-kYgRa5YGTARdx58?authuser=0&hl=en&rclk=1,auto repair shop,Walton County,county,FL,2026-07-23T12:41:32,0x88913e910161329b:0x9fc75d044c06966b
German Car Repair,,https://german-car-repair.ueniweb.com/,,"515 Lovejoy Rd NW Unit d, Fort Walton Beach, FL 32548, United States",515 Lovejoy Rd NW Unit d,Fort Walton Beach,FL,32548,5.0,1,Auto repair shop,,,https://www.google.com/maps/place/German+Car+Repair/data=!4m7!3m6!1s0x88913fff5040048b:0xd1cd4ad1f7439615!8m2!3d30.4247457!4d-86.6577238!16s%2Fg%2F11fmc1wmvt!19sChIJiwRAUP8_kYgRFZZD99FKzdE?authuser=0&hl=en&rclk=1,auto repair shop,Okaloosa County,county,FL,2026-07-23T09:52:16,0x88913fff5040048b:0xd1cd4ad1f7439615
Import Auto Specialist Inc,(850) 863-2886,,,"318 Green Acres Rd units 9,10,11, Fort Walton Beach, FL 32547, United States","318 Green Acres Rd units 9,10,11",Fort Walton Beach,FL,32547,4.8,40,Auto repair shop,,,https://www.google.com/maps/place/Import+Auto+Specialist+Inc/data=!4m7!3m6!1s0x88913e5db2134ed5:0xdff99b129db38a37!8m2!3d30.4564768!4d-86.6443924!16s%2Fg%2F1vfp4dw1!19sChIJ1U4Tsl0-kYgRN4qznRKb-d8?authuser=0&hl=en&rclk=1,auto repair shop,Walton County,county,FL,2026-07-23T12:41:32,0x88913e5db2134ed5:0xdff99b129db38a37
"MIRACLE STRIP BODY SHOP, INC.",(850) 862-8212,https://www.miraclestripbodyshop.com/,,"318 Racetrack Rd NW, Fort Walton Beach, FL 32547, United States",318 Racetrack Rd NW,Fort Walton Beach,FL,32547,4.7,259,Auto restoration service,,,"https://www.google.com/maps/place/MIRACLE+STRIP+BODY+SHOP,+INC./data=!4m7!3m6!1s0x88913e502641f261:0xf6a37e36bb9a2840!8m2!3d30.4499742!4d-86.6292283!16s%2Fg%2F1v6qjd82!19sChIJYfJBJlA-kYgRQCiauzZ-o_Y?authuser=0&hl=en&rclk=1",auto repair shop,Walton County,county,FL,2026-07-23T12:41:32,0x88913e502641f261:0xf6a37e36bb9a2840
Midas,(850) 200-0876,https://www.midas.com/store/fl/ft-walton-beach/101-eglin-parkway-southeast-32548/?shopnum=3692&utm_source=google&utm_medium=organic&utm_campaign=gbp,,"101 Eglin Pkwy SE, Fort Walton Beach, FL 32548, United States",101 Eglin Pkwy SE,Fort Walton Beach,FL,32548,4.8,980,Auto repair shop,,,https://www.google.com/maps/place/Midas/data=!4m7!3m6!1s0x88913f392ff1b5a1:0xbf91fcb00bbcf356!8m2!3d30.4083337!4d-86.6036918!16s%2Fg%2F12hn2ts84!19sChIJobXxLzk_kYgRVvO8C7D8kb8?authuser=0&hl=en&rclk=1,auto repair shop,Santa Rosa County,county,FL,2026-07-23T11:41:38,0x88913f392ff1b5a1:0xbf91fcb00bbcf356
Pep Boys Auto Service & Tires,(850) 344-1396,https://www.pepboys.com/stores/fl/fort-walton-beach/705-north-beal-st?Cid=gbp_appt_AN:PB%7CPB:G%7CTT:GBP%7CCG:CONVERSION%7CCD:SERVICE,,"705 Beal Pkwy NW, Fort Walton Beach, FL 32547, United States",705 Beal Pkwy NW,Fort Walton Beach,FL,32547,4.3,506,Tire shop,,,https://www.google.com/maps/place/Pep+Boys+Auto+Service+%26+Tires/data=!4m7!3m6!1s0x88913ef5090cdb8f:0x13d6cb8c4eb452c6!8m2!3d30.437041!4d-86.638319!16s%2Fg%2F1tgff42l!19sChIJj9sMCfU-kYgRxlK0TozL1hM?authuser=0&hl=en&rclk=1,auto repair shop,Walton County,county,FL,2026-07-15T15:05:22,0x88913ef5090cdb8f:0x13d6cb8c4eb452c6
Pep Boys Auto Service & Tires,(850) 344-1291,https://www.pepboys.com/stores/fl/fort-walton-beach/15-w-miracle-strip-pkwy?Cid=gbp_appt_AN:PB%7CPB:G%7CTT:GBP%7CCG:CONVERSION%7CCD:SERVICE,,"15 Miracle Strip Pkwy SW, Fort Walton Beach, FL 32548, United States",15 Miracle Strip Pkwy SW,Fort Walton Beach,FL,32548,4.4,549,Tire shop,,,https://www.google.com/maps/place/Pep+Boys+Auto+Service+%26+Tires/data=!4m7!3m6!1s0x88913f25e551456f:0x48d5cd6649304ca3!8m2!3d30.404571!4d-86.615146!16s%2Fg%2F1tj53cks!19sChIJb0VR5SU_kYgRo0wwSWbN1Ug?authuser=0&hl=en&rclk=1,auto repair shop,Okaloosa County,county,FL,2026-07-23T09:52:16,0x88913f25e551456f:0x48d5cd6649304ca3
Sal's Mufflers & Brakes inc,(850) 864-1993,http://salsmuffler.com/,,"1306 N Beal Extended, Fort Walton Beach, FL 32547, United States",1306 N Beal Extended,Fort Walton Beach,FL,32547,4.9,247,Muffler shop,,,https://www.google.com/maps/place/Sal%27s+Mufflers+%26+Brakes+inc/data=!4m7!3m6!1s0x88913e419c0afd8d:0x8bfd26f1855df232!8m2!3d30.4570024!4d-86.6388225!16s%2Fg%2F1tm0cl7b!19sChIJjf0KnEE-kYgRMvJdhfEm_Ys?authuser=0&hl=en&rclk=1,auto repair shop,Walton County,county,FL,2026-07-23T12:41:32,0x88913e419c0afd8d:0x8bfd26f1855df232
Fruitland Park Auto Repair Inc,(352) 315-0303,,,"2780 US-441, Fruitland Park, FL 34731, United States",2780 US-441,Fruitland Park,FL,34731,4.6,78,Auto repair shop,,,https://www.google.com/maps/place/Fruitland+Park+Auto+Repair+Inc/data=!4m7!3m6!1s0x88e7c0e399ea0a9b:0xf5bd2700dc5db3b7!8m2!3d28.8645579!4d-81.9052401!16s%2Fg%2F1tf6bwh8!19sChIJmwrqmePA54gRt7Nd3AAnvfU?authuser=0&hl=en&rclk=1,auto repair shop,Sumter County,county,FL,2026-07-23T11:59:40,0x88e7c0e399ea0a9b:0xf5bd2700dc5db3b7
Michael's Auto Repair Inc,(352) 365-2955,http://michaels-inc.edan.io/,,"307 N Villa Ave, Fruitland Park, FL 34731, United States",307 N Villa Ave,Fruitland Park,FL,34731,4.9,130,Auto repair shop,,,https://www.google.com/maps/place/Michael%27s+Auto+Repair+Inc/data=!4m7!3m6!1s0x88e7c0e34b0994af:0xb29a3b2953be7756!8m2!3d28.8610798!4d-81.9052977!16s%2Fg%2F1tf36slp!19sChIJr5QJS-PA54gRVne-Uyk7mrI?authuser=0&hl=en&rclk=1,auto repair shop,Sumter County,county,FL,2026-07-23T11:59:40,0x88e7c0e34b0994af:0xb29a3b2953be7756
AAMCO Transmissions & Total Car Care,(352) 448-0291,http://www.aamco-gainesvillefl.com/?utm_source=G&utm_medium=local&utm_campaign=google-local,,"125 NE 23rd Ave Ste E, Gainesville, FL 32609, United States",125 NE 23rd Ave Ste E,Gainesville,FL,32609,4.2,214,Transmission shop,,,https://www.google.com/maps/place/AAMCO+Transmissions+%26+Total+Car+Care/data=!4m7!3m6!1s0x88e8a412d80ac569:0x7ae22e8274c0bce5!8m2!3d29.673525!4d-82.322764!16s%2Fg%2F11f1lr4hff!19sChIJacUK2BKk6IgR5bzAdIIu4no?authuser=0&hl=en&rclk=1,auto repair shop,Alachua County,county,FL,2026-07-23T03:04:02,0x88e8a412d80ac569:0x7ae22e8274c0bce5
Ahrens Auto Inc.,(352) 378-5710,http://www.ahrensauto.com/,,"604 SE 2nd St, Gainesville, FL 32601, United States",604 SE 2nd St,Gainesville,FL,32601,4.6,138,Auto repair shop,,,https://www.google.com/maps/place/Ahrens+Auto+Inc./data=!4m7!3m6!1s0x88e8a3ed49c2332d:0xad8cee1817185414!8m2!3d29.64629!4d-82.3232952!16s%2Fg%2F1hc2xp6x4!19sChIJLTPCSe2j6IgRFFQYFxjujK0?authuser=0&hl=en&rclk=1,auto repair shop,Alachua County,county,FL,2026-07-23T03:04:02,0x88e8a3ed49c2332d:0xad8cee1817185414
Automotive Super Sports Inc.,(352) 379-9111,http://www.automotivesupersportinc.com/,,"3001 NE 21 Way, Gainesville, FL 32609, United States",3001 NE 21 Way,Gainesville,FL,32609,4.7,331,Auto body shop,,,https://www.google.com/maps/place/Automotive+Super+Sports+Inc./data=!4m7!3m6!1s0x88e8a6a27034a87f:0x547fca322b6ecd8c!8m2!3d29.6798831!4d-82.2943512!16s%2Fg%2F1td4fcq_!19sChIJf6g0cKKm6IgRjM1uKzLKf1Q?authuser=0&hl=en&rclk=1,auto repair shop,Alachua County,county,FL,2026-07-23T03:04:02,0x88e8a6a27034a87f:0x547fca322b6ecd8c
Dave Barber's Paint & Body Inc,(352) 376-5331,http://davebarbers.com/,,"310 NW 6th St, Gainesville, FL 32601, United States",310 NW 6th St,Gainesville,FL,32601,4.7,116,Auto body shop,,,https://www.google.com/maps/place/Dave+Barber%27s+Paint+%26+Body+Inc/data=!4m7!3m6!1s0x88e8a3892e38bbb5:0x9bf536d9822d6f4d!8m2!3d29.654315!4d-82.3311339!16s%2Fg%2F1wt3p7h4!19sChIJtbs4Lomj6IgRTW8tgtk29Zs?authuser=0&hl=en&rclk=1,auto repair shop,Gainesville,city,FL,2026-07-15T16:44:12,0x88e8a3892e38bbb5:0x9bf536d9822d6f4d
Firestone Complete Auto Care,(352) 436-4710,https://www.firestonecompleteautocare.com/florida/gainesville/725-n-main-st/?utm_source=google&utm_medium=organic&utm_campaign=localmaps&cmp=oloc_google_localmaps_maps,,"725 N Main St, Gainesville, FL 32601, United States",725 N Main St,Gainesville,FL,32601,4.2,668,Tire shop,,,https://www.google.com/maps/place/Firestone+Complete+Auto+Care/data=!4m7!3m6!1s0x88e8a38aa3f3b8df:0x2859b0047eed46c4!8m2!3d29.6588389!4d-82.3247729!16s%2Fg%2F1vf9d5vd!19sChIJ37jzo4qj6IgRxEbtfgSwWSg?authuser=0&hl=en&rclk=1,auto repair shop,Alachua County,county,FL,2026-07-23T03:04:02,0x88e8a38aa3f3b8df:0x2859b0047eed46c4
Firestone Complete Auto Care,(352) 358-3128,https://www.firestonecompleteautocare.com/florida/gainesville/3744-sw-archer-rd/?utm_source=google&utm_medium=organic&utm_campaign=localmaps&cmp=oloc_google_localmaps_maps,,"3744 SW Archer Rd, Gainesville, FL 32608, United States",3744 SW Archer Rd,Gainesville,FL,32608,4.1,823,Tire shop,,,https://www.google.com/maps/place/Firestone+Complete+Auto+Care/data=!4m7!3m6!1s0x88e8a328c570ebdf:0xc5bad539fa0ccf6b!8m2!3d29.6211809!4d-82.3797208!16s%2Fg%2F1td0z98v!19sChIJ3-twxSij6IgRa88M-jnVusU?authuser=0&hl=en&rclk=1,auto repair shop,Alachua County,county,FL,2026-07-23T03:04:02,0x88e8a328c570ebdf:0xc5bad539fa0ccf6b
"G.T. Motorcars, Inc.",(352) 371-0215,http://www.gt-motorcars.net/,,"33 SE 13th Rd, Gainesville, FL 32601, United States",33 SE 13th Rd,Gainesville,FL,32601,4.8,134,Auto body shop,,,"https://www.google.com/maps/place/G.T.+Motorcars,+Inc./data=!4m7!3m6!1s0x88e8a3bfd47fe2bf:0x3fb1d069cef28e0a!8m2!3d29.6371785!4d-82.3258134!16s%2Fg%2F1vcjn232!19sChIJv-J_1L-j6IgRCo7yzmnQsT8?authuser=0&hl=en&rclk=1",auto repair shop,Alachua County,county,FL,2026-07-23T03:04:02,0x88e8a3bfd47fe2bf:0x3fb1d069cef28e0a
Goodyear Auto Service,(352) 372-3537,https://www.goodyear.com/en-us/goodyearautoservice,,"1211 N Main St, Gainesville, FL 32601, United States",1211 N Main St,Gainesville,FL,32601,3.8,193,Tire shop,,,https://www.google.com/maps/place/Goodyear+Auto+Service/data=!4m7!3m6!1s0x88e8a474c6497697:0x404027d29261c825!8m2!3d29.6634363!4d-82.3241139!16s%2Fg%2F1tfd36_n!19sChIJl3ZJxnSk6IgRJchhktInQEA?authuser=0&hl=en&rclk=1,auto repair shop,Gainesville,city,FL,2026-07-23T14:06:00,0x88e8a474c6497697:0x404027d29261c825
Goodyear Auto Service,(352) 332-5111,https://www.goodyear.com/en-us/goodyearautoservice,,"407 NW 75th St, Gainesville, FL 32607, United States",407 NW 75th St,Gainesville,FL,32607,4.1,342,Tire shop,,,https://www.google.com/maps/place/Goodyear+Auto+Service/data=!4m7!3m6!1s0x88e8bc84d9a255db:0xe5f194a933608795!8m2!3d29.6565819!4d-82.4218895!16s%2Fg%2F1tg9jcw_!19sChIJ21Wi2YS86IgRlYdgM6mU8eU?authuser=0&hl=en&rclk=1,auto repair shop,Alachua County,county,FL,2026-07-23T03:04:02,0x88e8bc84d9a255db:0xe5f194a933608795
Hoffmann Auto Inc,(352) 336-0530,,,"3020 N Main St #4, Gainesville, FL 32609, United States",3020 N Main St #4,Gainesville,FL,32609,4.8,66,Auto repair shop,,,https://www.google.com/maps/place/Hoffmann+Auto+Inc/data=!4m7!3m6!1s0x88e8a38eb5ec2413:0x8697d0ca0bf9b882!8m2!3d29.6813327!4d-82.320297!16s%2Fg%2F1vxf__gd!19sChIJEyTstY6j6IgRgrj5C8rQl4Y?authuser=0&hl=en&rclk=1,auto repair shop,Alachua County,county,FL,2026-07-23T03:04:02,0x88e8a38eb5ec2413:0x8697d0ca0bf9b882
J & B Auto Repair LLC,,,,"2629 N Main St, Gainesville, FL 32609, United States",2629 N Main St,Gainesville,FL,32609,5.0,1,Auto repair shop,,,https://www.google.com/maps/place/J+%26+B+Auto+Repair+LLC/data=!4m7!3m6!1s0x88e8a58d4f8f9179:0xe69a07da982b69a3!8m2!3d29.6764242!4d-82.3191411!16s%2Fg%2F11j3vpp3by!19sChIJeZGPT42l6IgRo2krmNoHmuY?authuser=0&hl=en&rclk=1,auto repair shop,Gainesville,city,FL,2026-07-15T16:44:12,0x88e8a58d4f8f9179:0xe69a07da982b69a3
Jiffy Lube Oil Change,(352) 375-4884,https://www.jiffylube.com/locations/fl/gainesville/1837,,"3200 SW 34th St, Gainesville, FL 32608, United States",3200 SW 34th St,Gainesville,FL,32608,4.7,1444,Oil change service,,,https://www.google.com/maps/place/Jiffy+Lube+Oil+Change/data=!4m7!3m6!1s0x88e8a3247cd2f299:0xd946eb1f88ff9d92!8m2!3d29.6244151!4d-82.3729308!16s%2Fg%2F1td9fl6p!19sChIJmfLSfCSj6IgRkp3_iB_rRtk?authuser=0&hl=en&rclk=1,auto repair shop,Gainesville,city,FL,2026-07-23T14:06:00,0x88e8a3247cd2f299:0xd946eb1f88ff9d92
Midas,(352) 231-8648,https://www.midas.com/store/fl/gainesville/3845-southwest-archer-road-32608/?shopnum=3211&utm_source=google&utm_medium=organic&utm_campaign=gbp,,"3845 SW Archer Rd, Gainesville, FL 32608, United States",3845 SW Archer Rd,Gainesville,FL,32608,4.5,1236,Auto repair shop,,,https://www.google.com/maps/place/Midas/data=!4m7!3m6!1s0x88e8a3299922cfe3:0x2d5446d9a3d8898a!8m2!3d29.61894!4d-82.38212!16s%2Fg%2F1tfjlz3l!19sChIJ488imSmj6IgRionYo9lGVC0?authuser=0&hl=en&rclk=1,auto repair shop,Alachua County,county,FL,2026-07-23T03:04:02,0x88e8a3299922cfe3:0x2d5446d9a3d8898a
Pep Boys Auto Service & Tires,(352) 224-9835,https://www.pepboys.com/stores/fl/gainesville/7725-w-newberry-rd?Cid=gbp_appt_AN:PB%7CPB:G%7CTT:GBP%7CCG:CONVERSION%7CCD:SERVICE,,"7725 W Newberry Rd, Gainesville, FL 32606, United States",7725 W Newberry Rd,Gainesville,FL,32606,3.9,1199,Tire shop,,,https://www.google.com/maps/place/Pep+Boys+Auto+Service+%26+Tires/data=!4m7!3m6!1s0x88e8bc83f49cc0a1:0x1032614fe4821abb!8m2!3d29.659058!4d-82.424913!16s%2Fg%2F1thx4wvp!19sChIJocCc9IO86IgRuxqC5E9hMhA?authuser=0&hl=en&rclk=1,auto repair shop,Gainesville,city,FL,2026-07-23T14:06:00,0x88e8bc83f49cc0a1:0x1032614fe4821abb
Rollins Automotive Inc,(352) 335-7223,,,"9430 NW 13th St, Gainesville, FL 32653, United States",9430 NW 13th St,Gainesville,FL,32653,4.8,78,Auto parts store,,,https://www.google.com/maps/place/Rollins+Automotive+Inc/data=!4m7!3m6!1s0x88e8a54d060d02c9:0x347325730faaf662!8m2!3d29.7410397!4d-82.3863979!16s%2Fg%2F1tfbc_20!19sChIJyQINBk2l6IgRYvaqD3MlczQ?authuser=0&hl=en&rclk=1,auto repair shop,Alachua County,county,FL,2026-07-23T03:04:02,0x88e8a54d060d02c9:0x347325730faaf662
"Star Import Service, Inc.",(352) 375-8552,https://www.starimport.com/home,,"2219 NW 71st Pl, Gainesville, FL 32653, United States",2219 NW 71st Pl,Gainesville,FL,32653,4.8,48,Auto repair shop,,,"https://www.google.com/maps/place/Star+Import+Service,+Inc./data=!4m7!3m6!1s0x88e8a50ffb052bb9:0xae5a7e5fc3cade29!8m2!3d29.719297!4d-82.355628!16s%2Fg%2F1vtzj0ts!19sChIJuSsF-w-l6IgRKd7Kw19-Wq4?authuser=0&hl=en&rclk=1",auto repair shop,Gainesville,city,FL,2026-07-23T14:06:00,0x88e8a50ffb052bb9:0xae5a7e5fc3cade29
Bowdoins Body Shop And Auto Repair,,https://lomyu.me/bowdoins-body-shop-and-auto-repair-383657-us,,"201 E Magnolia Ave, Geneva, AL 36340, United States",201 E Magnolia Ave,Geneva,AL,36340,4.3,15,Auto repair shop,,,https://www.google.com/maps/place/Bowdoins+Body+Shop+And+Auto+Repair/data=!4m7!3m6!1s0x8892463f3a0c0001:0xd5e0162d139f6a59!8m2!3d31.0346971!4d-85.87355!16s%2Fg%2F11fll67hw3!19sChIJAQAMOj9GkogRWWqfEy0W4NU?authuser=0&hl=en&rclk=1,auto repair shop,Holmes County,county,FL,2026-07-15T11:19:03,0x8892463f3a0c0001:0xd5e0162d139f6a59
Ron's Firestone & Auto Parts,(334) 684-3804,http://rons-parts.edan.io/,,"818 E Town Ave, Geneva, AL 36340, United States",818 E Town Ave,Geneva,AL,36340,4.3,108,Tire shop,,,https://www.google.com/maps/place/Ron%27s+Firestone+%26+Auto+Parts/data=!4m7!3m6!1s0x88924614790c3117:0x1b970fe52555fe9!8m2!3d31.0327176!4d-85.8638199!16s%2Fg%2F1v2ky63d!19sChIJFzEMeRRGkogR6V9VUv5wuQE?authuser=0&hl=en&rclk=1,auto repair shop,Holmes County,county,FL,2026-07-15T11:19:03,0x88924614790c3117:0x1b970fe52555fe9
"Custom Carts and Coatings, Inc",(904) 259-0737,,,"9889 S Glen Ave, Glen St Mary, FL 32040, United States",9889 S Glen Ave,Glen St Mary,FL,32040,5.0,25,Repair service,,,"https://www.google.com/maps/place/Custom+Carts+and+Coatings,+Inc/data=!4m7!3m6!1s0x88e5f582ece2f3e9:0xdb996d68c77b868!8m2!3d30.2733766!4d-82.1599112!16s%2Fg%2F11j8wjby6r!19sChIJ6fPi7IL15YgRaLh3jNaWuQ0?authuser=0&hl=en&rclk=1",auto repair shop,Baker County,county,FL,2026-07-23T03:20:59,0x88e5f582ece2f3e9:0xdb996d68c77b868
Higginbotham’s Towing and Recovery Inc.,(904) 259-4375,http://fb.me/higgtow,,"7611 West Mt Vernon St, Glen St Mary, FL 32040, United States",7611 West Mt Vernon St,Glen St Mary,FL,32040,4.6,20,Towing service,,,https://www.google.com/maps/place/Higginbotham%E2%80%99s+Towing+and+Recovery+Inc./data=!4m7!3m6!1s0x88e5f5774d8ab817:0x414e40124fc8d9a6!8m2!3d30.275915!4d-82.1660519!16s%2Fg%2F11h7v7wydh!19sChIJF7iKTXf15YgRptnITxJATkE?authuser=0&hl=en&rclk=1,auto repair shop,Baker County,county,FL,2026-07-23T03:20:59,0x88e5f5774d8ab817:0x414e40124fc8d9a6
Rowan's Rides,,,,"10890 County Rd 125, Glen St Mary, FL 32040, United States",10890 County Rd 125,Glen St Mary,FL,32040,,,Auto repair shop,,,https://www.google.com/maps/place/Rowan%27s+Rides/data=!4m7!3m6!1s0x88e5f50014789acd:0x9abf409151ae8f4!8m2!3d30.286001!4d-82.1632037!16s%2Fg%2F11z7jy0x98!19sChIJzZp4FAD15YgR9OgaFQn0qwk?authuser=0&hl=en&rclk=1,auto repair shop,Baker County,county,FL,2026-07-23T03:20:59,0x88e5f50014789acd:0x9abf409151ae8f4
"Henry Arnold Ford Co., Inc. Collision",(850) 263-3271,,,"5323 Brown St, Graceville, FL 32440, United States",5323 Brown St,Graceville,FL,32440,,,Auto body shop,,,"https://www.google.com/maps/place/Henry+Arnold+Ford+Co.,+Inc.+Collision/data=!4m7!3m6!1s0x8892fbe7ba7964b9:0xc20aa8c2d953eb80!8m2!3d30.9553945!4d-85.51596!16s%2Fg%2F11q_jhz4sk!19sChIJuWR5uuf7kogRgOtT2cKoCsI?authuser=0&hl=en&rclk=1",auto repair shop,Holmes County,county,FL,2026-07-15T11:19:04,0x8892fbe7ba7964b9:0xc20aa8c2d953eb80
"Henry Arnold Ford Co., Inc. Service",(850) 263-3271,,,"5323 Brown St, Graceville, FL 32440, United States",5323 Brown St,Graceville,FL,32440,,,Auto repair shop,,,"https://www.google.com/maps/place/Henry+Arnold+Ford+Co.,+Inc.+Service/data=!4m7!3m6!1s0x8892fb886bab628b:0xeb8c7f38b6be411b!8m2!3d30.9553945!4d-85.51596!16s%2Fg%2F11r0vr8wb9!19sChIJi2Kra4j7kogRG0G-tjh_jOs?authuser=0&hl=en&rclk=1",auto repair shop,Holmes County,county,FL,2026-07-23T06:33:38,0x8892fb886bab628b:0xeb8c7f38b6be411b
S & W Auto Parts Inc,(850) 263-3249,http://www.carquest.com/,,"5328 Cotton St, Graceville, FL 32440, United States",5328 Cotton St,Graceville,FL,32440,4.5,58,Auto parts store,,,https://www.google.com/maps/place/S+%26+W+Auto+Parts+Inc/data=!4m7!3m6!1s0x8892fbd4ca5e72c1:0xd574b8299b35cf0f!8m2!3d30.955764!4d-85.5165301!16s%2Fg%2F11c1tt64cr!19sChIJwXJeytT7kogRD881mym4dNU?authuser=0&hl=en&rclk=1,auto repair shop,Holmes County,county,FL,2026-07-15T11:19:03,0x8892fbd4ca5e72c1:0xd574b8299b35cf0f
Meineke Car Care Center,(904) 297-3199,https://www.meineke.com/locations/fl/green-cove-springs-2961/?utm_source=google&utm_medium=organic&utm_campaign=gbp_website,,"3150 US-17, Green Cove Springs, FL 32043, United States",3150 US-17,Green Cove Springs,FL,32043,4.8,254,Auto repair shop,,,https://www.google.com/maps/place/Meineke+Car+Care+Center/data=!4m7!3m6!1s0x88e5db221abf1ff7:0x20f31af96ddab9a3!8m2!3d30.0303825!4d-81.7090094!16s%2Fg%2F11tp2n1kh_!19sChIJ9x-_GiLb5YgRo7nabfka8yA?authuser=0&hl=en&rclk=1,auto repair shop,Clay County,county,FL,2026-07-23T04:22:46,0x88e5db221abf1ff7:0x20f31af96ddab9a3
"Griffis Automotive Clinic, Inc",(352) 243-2277,https://griffisautomotiveclinic.com/,,"125 Villa City Rd, Groveland, FL 34736, United States",125 Villa City Rd,Groveland,FL,34736,4.6,309,Auto repair shop,,,"https://www.google.com/maps/place/Griffis+Automotive+Clinic,+Inc/data=!4m7!3m6!1s0x88e78db4820522e1:0x466d2a9f7f9b9238!8m2!3d28.5653261!4d-81.8679279!16s%2Fg%2F1vfzf_53!19sChIJ4SIFgrSN54gROJKbf58qbUY?authuser=0&hl=en&rclk=1",auto repair shop,Sumter County,county,FL,2026-07-23T11:59:40,0x88e78db4820522e1:0x466d2a9f7f9b9238
J Garrett Tire Inc,(352) 429-4673,https://jgarretttinc.wixsite.com/jgarrett,,"132 FL-33, Groveland, FL 34736, United States",132 FL-33,Groveland,FL,34736,4.8,305,Tire shop,,,https://www.google.com/maps/place/J+Garrett+Tire+Inc/data=!4m7!3m6!1s0x88e78cdb3bec1ebf:0x2add78ea36baf279!8m2!3d28.5576449!4d-81.8517733!16s%2Fg%2F1v26myhd!19sChIJvx7sO9uM54gRefK6Nup43So?authuser=0&hl=en&rclk=1,auto repair shop,Lake County,county,FL,2026-07-15T11:47:28,0x88e78cdb3bec1ebf:0x2add78ea36baf279
"Gulfport Garage, Inc",(727) 345-1798,http://gulfportautogarage.com/,,"2731 Beach Blvd S, Gulfport, FL 33707, United States",2731 Beach Blvd S,Gulfport,FL,33707,4.8,202,Auto repair shop,,,"https://www.google.com/maps/place/Gulfport+Garage,+Inc/data=!4m7!3m6!1s0x88c2e299906a0b8f:0xd967222cda2443ec!8m2!3d27.7423823!4d-82.7084747!16s%2Fg%2F1td5s1lj!19sChIJjwtqkJniwogR7EMk2iwiZ9k?authuser=0&hl=en&rclk=1",auto repair shop,Gulf County,county,FL,2026-07-23T05:53:47,0x88c2e299906a0b8f:0xd967222cda2443ec
"Auto One Repair, Inc.",(863) 547-9664,http://autoonerepairs.com/,,"930 Roberts Rd #50, Haines City, FL 33844, United States",930 Roberts Rd #50,Haines City,FL,33844,4.1,60,Car repair and maintenance service,,,"https://www.google.com/maps/place/Auto+One+Repair,+Inc./data=!4m7!3m6!1s0x88dd733a84f396ed:0x507535251e704c9c!8m2!3d28.0565151!4d-81.6348927!16s%2Fg%2F11cmylk77m!19sChIJ7ZbzhDpz3YgRnExwHiU1dVA?authuser=0&hl=en&rclk=1",auto repair shop,Polk County,county,FL,2026-07-15T13:46:10,0x88dd733a84f396ed:0x507535251e704c9c
Cope Auto Repair & Body Shop Inc.,(863) 419-1444,,,"1415 Lockhart Ave, Haines City, FL 33844, United States",1415 Lockhart Ave,Haines City,FL,33844,4.5,99,Auto repair shop,,,https://www.google.com/maps/place/Cope+Auto+Repair+%26+Body+Shop+Inc./data=!4m7!3m6!1s0x88dd73eea96c37a1:0xc69b6f2c3b35f17c!8m2!3d28.1192271!4d-81.6195443!16s%2Fg%2F11b6gd8wpm!19sChIJoTdsqe5z3YgRfPE1Oyxvm8Y?authuser=0&hl=en&rclk=1,auto repair shop,Polk County,county,FL,2026-07-23T10:40:27,0x88dd73eea96c37a1:0xc69b6f2c3b35f17c
Carls Automotive,,,,"3636-3698 AL-167, Hartford, AL 36344, United States",3636-3698 AL-167,Hartford,AL,36344,3.9,7,Auto repair shop,,,https://www.google.com/maps/place/Carls+Automotive/data=!4m7!3m6!1s0x8892597fd4b496ad:0xcb7d4046a655a445!8m2!3d31.0561261!4d-85.6843209!16s%2Fg%2F11c466drs0!19sChIJrZa01H9ZkogRRaRVpkZAfcs?authuser=0&hl=en&rclk=1,auto repair shop,Holmes County,county,FL,2026-07-15T11:19:03,0x8892597fd4b496ad:0xcb7d4046a655a445
1 Auto Center Corp,(786) 409-6265,http://autocentercorp.com/,,"1010 E 49th St, Hialeah, FL 33013, United States",1010 E 49th St,Hialeah,FL,33013,4.8,465,Auto repair shop,,,https://www.google.com/maps/place/1+Auto+Center+Corp/data=!4m7!3m6!1s0x88d9b1a7c97cdfb1:0xe27e14d1e1879135!8m2!3d25.8669965!4d-80.2627774!16s%2Fg%2F11j920kfmw!19sChIJsd98yaex2YgRNZGH4dEUfuI?authuser=0&hl=en&rclk=1,auto repair shop,Hialeah,city,FL,2026-07-23T13:24:21,0x88d9b1a7c97cdfb1:0xe27e14d1e1879135
271 Hialeah Automotive Corp,(305) 887-5583,http://271hialeahautomotive.com/,,"271 E 1st Ave, Hialeah, FL 33010, United States",271 E 1st Ave,Hialeah,FL,33010,3.9,97,Tire shop,,,https://www.google.com/maps/place/271+Hialeah+Automotive+Corp/data=!4m7!3m6!1s0x88d9ba0853583aef:0xec47056e988d59a4!8m2!3d25.8243047!4d-80.2791277!16s%2Fg%2F1tfp_m_7!19sChIJ7zpYUwi62YgRpFmNmG4FR-w?authuser=0&hl=en&rclk=1,auto repair shop,Hialeah,city,FL,2026-07-23T13:24:21,0x88d9ba0853583aef:0xec47056e988d59a4
AAMCO Transmissions & Total Car Care,(305) 755-4784,http://www.aamcohialeahfl.com/?utm_source=G&utm_medium=local&utm_campaign=google-local,,"420 W 29th St, Hialeah, FL 33012, United States",420 W 29th St,Hialeah,FL,33012,4.5,135,Transmission shop,,,https://www.google.com/maps/place/AAMCO+Transmissions+%26+Total+Car+Care/data=!4m7!3m6!1s0x88d9ba65a595b39b:0x5ef1c5b79c17fe6e!8m2!3d25.847765!4d-80.291116!16s%2Fg%2F1tx1t_6b!19sChIJm7OVpWW62YgRbv4XnLfF8V4?authuser=0&hl=en&rclk=1,auto repair shop,Hialeah,city,FL,2026-07-23T12:46:13,0x88d9ba65a595b39b:0x5ef1c5b79c17fe6e
Alfred's Auto Care Inc,(305) 828-0060,,,"17, 1997, 8725 NW 117th St, Hialeah, FL 33018, United States","17, 1997, 8725 NW 117th St",Hialeah,FL,33018,4.8,18,Auto repair shop,,,https://www.google.com/maps/place/Alfred%27s+Auto+Care+Inc/data=!4m7!3m6!1s0x88d9bb14c22df5cd:0xeac30c0325364aa9!8m2!3d25.880234!4d-80.342355!16s%2Fg%2F1tf668fn!19sChIJzfUtwhS72YgRqUo2JQMMw-o?authuser=0&hl=en&rclk=1,auto repair shop,Hialeah,city,FL,2026-07-23T13:24:21,0x88d9bb14c22df5cd:0xeac30c0325364aa9
Alignment Center,,,,"3883 W 16th Ave, Hialeah, FL 33012, United States",3883 W 16th Ave,Hialeah,FL,33012,4.5,29,Auto repair shop,,,https://www.google.com/maps/place/Alignment+Center/data=!4m7!3m6!1s0x88d9ba566bdc0327:0x2b384f394cd9325d!8m2!3d25.8641207!4d-80.3045967!16s%2Fg%2F1q65ylg4r!19sChIJJwPca1a62YgRXTLZTDlPOCs?authuser=0&hl=en&rclk=1,auto repair shop,Hialeah,city,FL,2026-07-23T13:24:21,0x88d9ba566bdc0327:0x2b384f394cd9325d
Artemisa Auto Air Inc,(305) 888-8427,https://www.acautorepairmiami.com/,,"261 W 23rd St, Hialeah, FL 33010, United States",261 W 23rd St,Hialeah,FL,33010,4.6,752,Auto air conditioning service,,,https://www.google.com/maps/place/Artemisa+Auto+Air+Inc/data=!4m7!3m6!1s0x88d9ba702bfe3b95:0x97d770df16684ce0!8m2!3d25.842939!4d-80.287513!16s%2Fg%2F1wzt355p!19sChIJlTv-K3C62YgR4ExoFt9w15c?authuser=0&hl=en&rclk=1,auto repair shop,Hialeah,city,FL,2026-07-23T13:24:21,0x88d9ba702bfe3b95:0x97d770df16684ce0
BMW AUTO CENTER INC,(305) 705-5919,https://www.bmwautocenter.com/,,"2724 W 79th St B, Hialeah, FL 33016, United States",2724 W 79th St B,Hialeah,FL,33016,4.6,217,Auto repair shop,,,https://www.google.com/maps/place/BMW+AUTO+CENTER+INC/data=!4m7!3m6!1s0x88d9bb250f046957:0x4517b6df7bfe54fa!8m2!3d25.8939903!4d-80.3386089!16s%2Fg%2F11fx7vt4__!19sChIJV2kEDyW72YgR-lT-e9-2F0U?authuser=0&hl=en&rclk=1,auto repair shop,Hialeah,city,FL,2026-07-23T13:24:21,0x88d9bb250f046957:0x4517b6df7bfe54fa
"Bayamo General Auto Repair,Inc.",(305) 769-9911,,,"5195 E 10th Ave, Hialeah, FL 33013, United States",5195 E 10th Ave,Hialeah,FL,33013,4.3,95,Auto repair shop,,,"https://www.google.com/maps/place/Bayamo+General+Auto+Repair,Inc./data=!4m7!3m6!1s0x88d9b06faa761b47:0xce89b3e682652ced!8m2!3d25.869845!4d-80.262799!16s%2Fg%2F1tg5_fhz!19sChIJRxt2qm-w2YgR7Sxlguazic4?authuser=0&hl=en&rclk=1",auto repair shop,Hialeah,city,FL,2026-07-23T13:24:21,0x88d9b06faa761b47:0xce89b3e682652ced
Diaz Family Inc,(305) 887-4746,,,"2990 Palm Ave, Hialeah, FL 33012, United States",2990 Palm Ave,Hialeah,FL,33012,4.8,175,Auto repair shop,,,https://www.google.com/maps/place/Diaz+Family+Inc/data=!4m7!3m6!1s0x88d9ba7bdbd579c1:0xc188a014eb06db24!8m2!3d25.8489235!4d-80.2826662!16s%2Fg%2F1thqhkkn!19sChIJwXnV23u62YgRJNsG6xSgiME?authuser=0&hl=en&rclk=1,auto repair shop,Hialeah,city,FL,2026-07-23T13:24:21,0x88d9ba7bdbd579c1:0xc188a014eb06db24
Eagle Overhauling Inc,(305) 887-7349,,,"500 W 27th St, Hialeah, FL 33010, United States",500 W 27th St,Hialeah,FL,33010,4.1,602,Auto repair shop,,,https://www.google.com/maps/place/Eagle+Overhauling+Inc/data=!4m7!3m6!1s0x88d9ba65f9ddfc49:0x4be2b84f7b012790!8m2!3d25.8459398!4d-80.2924513!16s%2Fg%2F113flyb56!19sChIJSfzd-WW62YgRkCcBe0-44ks?authuser=0&hl=en&rclk=1,auto repair shop,Hialeah,city,FL,2026-07-23T13:24:21,0x88d9ba65f9ddfc49:0x4be2b84f7b012790
Firestone Complete Auto Care,(786) 600-4087,https://www.firestonecompleteautocare.com/florida/hialeah/1595-w-49th-st/?utm_source=google&utm_medium=organic&utm_campaign=localmaps&cmp=oloc_google_localmaps_maps,,"1595 W 49th St, Hialeah, FL 33012, United States",1595 W 49th St,Hialeah,FL,33012,4.0,861,Tire shop,,,https://www.google.com/maps/place/Firestone+Complete+Auto+Care/data=!4m7!3m6!1s0x88d9bafba3f9be03:0xfb7ffd7d21df1bac!8m2!3d25.867161!4d-80.3141686!16s%2Fg%2F1td43915!19sChIJA775o_u62YgRrBvfIX39f_s?authuser=0&hl=en&rclk=1,auto repair shop,Hialeah,city,FL,2026-07-23T12:46:13,0x88d9bafba3f9be03:0xfb7ffd7d21df1bac
Fleites Auto Repair Inc,(786) 294-7724,,,"9695 NW 79th Ave, Hialeah, FL 33016, United States",9695 NW 79th Ave,Hialeah,FL,33016,5.0,3,Auto machine shop,,,https://www.google.com/maps/place/Fleites+Auto+Repair+Inc/data=!4m7!3m6!1s0x88d9bb00c05d3693:0x90a9b2ec10194a88!8m2!3d25.8614454!4d-80.3252028!16s%2Fg%2F11cjpyvpyq!19sChIJkzZdwAC72YgRiEoZEOyyqZA?authuser=0&hl=en&rclk=1,auto repair shop,Hialeah,city,FL,2026-07-15T15:40:33,0x88d9bb00c05d3693:0x90a9b2ec10194a88
Gmm Auto Repair Corp.,(786) 356-5248,,,"1056 E 43rd St, Hialeah, FL 33013, United States",1056 E 43rd St,Hialeah,FL,33013,3.5,14,Auto repair shop,,,https://www.google.com/maps/place/Gmm+Auto+Repair+Corp./data=!4m7!3m6!1s0x88d9b06472f31ebb:0x3f31330ed5f9d6bf!8m2!3d25.8618164!4d-80.2615269!16s%2Fg%2F11fct5m65m!19sChIJux7zcmSw2YgRv9b51Q4zMT8?authuser=0&hl=en&rclk=1,auto repair shop,Hialeah,city,FL,2026-07-15T15:40:33,0x88d9b06472f31ebb:0x3f31330ed5f9d6bf
Goodyear Auto Service,(305) 819-7433,https://www.goodyear.com/en-us/goodyearautoservice,,"2670 W 68th St, Hialeah, FL 33016, United States",2670 W 68th St,Hialeah,FL,33016,4.4,315,Tire shop,,,https://www.google.com/maps/place/Goodyear+Auto+Service/data=!4m7!3m6!1s0x88d9bb161f04ad2d:0xbc7351884b14dabd!8m2!3d25.8836849!4d-80.3367189!16s%2Fg%2F1tg3608v!19sChIJLa0EHxa72YgRvdoUS4hRc7w?authuser=0&hl=en&rclk=1,auto repair shop,Hialeah,city,FL,2026-07-23T13:24:21,0x88d9bb161f04ad2d:0xbc7351884b14dabd
Guantanamo Corporation,(305) 696-1669,,,"3195 E 4th Ave, Hialeah, FL 33013, United States",3195 E 4th Ave,Hialeah,FL,33013,4.8,69,Auto repair shop,,,https://www.google.com/maps/place/Guantanamo+Corporation/data=!4m7!3m6!1s0x88d9b0819a94b56b:0x6365a17e0fdd4272!8m2!3d25.8512195!4d-80.2743324!16s%2Fg%2F1td7zwwh!19sChIJa7WUmoGw2YgRckLdD36hZWM?authuser=0&hl=en&rclk=1,auto repair shop,Hialeah,city,FL,2026-07-15T15:40:33,0x88d9b0819a94b56b:0x6365a17e0fdd4272
Llanes Auto Solutions & More,,http://llanesautosolutions.com/,,"6340 E 4th Ave, Hialeah, FL 33013, United States",6340 E 4th Ave,Hialeah,FL,33013,4.9,117,Auto repair shop,,,https://www.google.com/maps/place/Llanes+Auto+Solutions+%26+More/data=!4m7!3m6!1s0x88d9b184d0fc1db7:0xd0460ce23ed3f905!8m2!3d25.8801838!4d-80.2752329!16s%2Fg%2F11y5nvg4w8!19sChIJtx380ISx2YgRBfnTPuIMRtA?authuser=0&hl=en&rclk=1,auto repair shop,Hialeah,city,FL,2026-07-15T15:40:33,0x88d9b184d0fc1db7:0xd0460ce23ed3f905
Rey's Auto Repair Inc,(786) 399-0034,,,"1080 E 45th St, Hialeah, FL 33013, United States",1080 E 45th St,Hialeah,FL,33013,4.9,66,Auto repair shop,,,https://www.google.com/maps/place/Rey%27s+Auto+Repair+Inc/data=!4m7!3m6!1s0x88d9b1dd15b13e51:0x8b0ff4e3712527ce!8m2!3d25.863646!4d-80.261121!16s%2Fg%2F11g1kv91yl!19sChIJUT6xFd2x2YgRziclceP0D4s?authuser=0&hl=en&rclk=1,auto repair shop,Hialeah,city,FL,2026-07-23T13:24:21,0x88d9b1dd15b13e51:0x8b0ff4e3712527ce
Sharp Deal Auto Repair Inc,(305) 821-0101,http://sharpautorepair.com/,,"1730 W 31st Pl, Hialeah, FL 33012, United States",1730 W 31st Pl,Hialeah,FL,33012,4.9,130,Auto repair shop,,,https://www.google.com/maps/place/Sharp+Deal+Auto+Repair+Inc/data=!4m7!3m6!1s0x88d9ba52333ee1c3:0x2b9290a60ad5e060!8m2!3d25.849952!4d-80.316695!16s%2Fg%2F1tdng1hj!19sChIJw-E-M1K62YgRYODVCqaQkis?authuser=0&hl=en&rclk=1,auto repair shop,Hialeah,city,FL,2026-07-23T13:24:21,0x88d9ba52333ee1c3:0x2b9290a60ad5e060
Soler Auto Repair since 1962 inc.,(786) 457-4233,,,"4520 E 10th Ct, Hialeah, FL 33013, United States",4520 E 10th Ct,Hialeah,FL,33013,4.8,157,Auto electrical service,,,https://www.google.com/maps/place/Soler+Auto+Repair+since+1962+inc./data=!4m7!3m6!1s0x88d9b065acc1300d:0x51bde12c9eab176a!8m2!3d25.8642667!4d-80.262475!16s%2Fg%2F12632z12l!19sChIJDTDBrGWw2YgRahernizhvVE?authuser=0&hl=en&rclk=1,auto repair shop,Hialeah,city,FL,2026-07-23T13:24:21,0x88d9b065acc1300d:0x51bde12c9eab176a
Tires World Corp,(305) 928-1396,https://www.tireswcorp.com/,,"460 W 83rd St, Hialeah, FL 33014, United States",460 W 83rd St,Hialeah,FL,33014,4.9,1417,Tire shop,,,https://www.google.com/maps/place/Tires+World+Corp/data=!4m7!3m6!1s0x88d9bb9437fe2057:0x975295f00c09f50a!8m2!3d25.8975756!4d-80.293348!16s%2Fg%2F1tfxhh7v!19sChIJVyD-N5S72YgRCvUJDPCVUpc?authuser=0&hl=en&rclk=1,auto repair shop,Hialeah,city,FL,2026-07-23T13:24:21,0x88d9bb9437fe2057:0x975295f00c09f50a
Y&H Auto Body Inc,(786) 414-7678,,,"2330 E 11th Ave, Hialeah, FL 33013, United States",2330 E 11th Ave,Hialeah,FL,33013,4.6,28,Auto body shop,,,https://www.google.com/maps/place/Y%26H+Auto+Body+Inc/data=!4m7!3m6!1s0x88d9b18923c49abd:0xaff282958d79b626!8m2!3d25.8440107!4d-80.2601719!16s%2Fg%2F11c2psqk7m!19sChIJvZrEI4mx2YgRJrZ5jZWC8q8?authuser=0&hl=en&rclk=1,auto repair shop,Hialeah,city,FL,2026-07-15T15:40:33,0x88d9b18923c49abd:0xaff282958d79b626
"best auto services,corp",(786) 285-2613,,,"3879w W 16th Ave, Hialeah, FL 33012, United States",3879w W 16th Ave,Hialeah,FL,33012,4.4,29,Auto repair shop,,,"https://www.google.com/maps/place/best+auto+services,corp/data=!4m7!3m6!1s0x88d9bba929344a19:0x7caed0453bf2eb08!8m2!3d25.8569597!4d-80.3143398!16s%2Fg%2F11fmybqwxm!19sChIJGUo0Kam72YgRCOvyO0XQrnw?authuser=0&hl=en&rclk=1",auto repair shop,Hialeah,city,FL,2026-07-23T13:24:21,0x88d9bba929344a19:0x7caed0453bf2eb08
"Auto Transmission Repairs Usa, Inc.",(786) 768-1410,https://www.autotransmissionsrepairs.com/,,"8040 NW 103rd St unit 43, Hialeah Gardens, FL 33016, United States",8040 NW 103rd St unit 43,Hialeah Gardens,FL,33016,4.8,125,Transmission shop,,,"https://www.google.com/maps/place/Auto+Transmission+Repairs+Usa,+Inc./data=!4m7!3m6!1s0x88d9bbd6d64d0171:0x7c3c1dc0c49e1486!8m2!3d25.8676115!4d-80.3281942!16s%2Fg%2F11ld14r4qx!19sChIJcQFN1ta72YgRhhSexMAdPHw?authuser=0&hl=en&rclk=1",auto repair shop,Hialeah,city,FL,2026-07-23T13:24:21,0x88d9bbd6d64d0171:0x7c3c1dc0c49e1486
Camilo Automotive Garage Inc.,(305) 824-3060,http://www.camiloautomotivegarage.com/,,"9605 NW 79th Ave Bay 23, Hialeah Gardens, FL 33016, United States",9605 NW 79th Ave Bay 23,Hialeah Gardens,FL,33016,4.8,127,Auto repair shop,,,https://www.google.com/maps/place/Camilo+Automotive+Garage+Inc./data=!4m7!3m6!1s0x88d9bb00bdc42973:0xb274597d34dd225!8m2!3d25.860755!4d-80.3254283!16s%2Fg%2F11b7gdq3y8!19sChIJcynEvQC72YgRJdJN05dFJws?authuser=0&hl=en&rclk=1,auto repair shop,Hialeah,city,FL,2026-07-23T13:24:21,0x88d9bb00bdc42973:0xb274597d34dd225
Barbers Auto Service Inc. and 24 Hour Towing Service,(386) 454-2250,https://www.barbersautoservice.com/,,"19412 NW US Hwy 441, High Springs, FL 32643, United States",19412 NW US Hwy 441,High Springs,FL,32643,4.1,148,Auto repair shop,,,https://www.google.com/maps/place/Barbers+Auto+Service+Inc.+and+24+Hour+Towing+Service/data=!4m7!3m6!1s0x88e8b62acd1e2841:0x32ccec82f004e502!8m2!3d29.8327415!4d-82.5976463!16s%2Fg%2F11cs6466lp!19sChIJQSgezSq26IgRAuUE8ILszDI?authuser=0&hl=en&rclk=1,auto repair shop,Alachua County,county,FL,2026-07-23T03:04:02,0x88e8b62acd1e2841:0x32ccec82f004e502
Jacksonville Engineering Welding & Repair Inc.,(904) 845-3696,https://jaxweldengr.wixsite.com/website-1,,"552458 US-1, Hilliard, FL 32046, United States",552458 US-1,Hilliard,FL,32046,3.0,4,Welder,,,https://www.google.com/maps/place/Jacksonville+Engineering+Welding+%26+Repair+Inc./data=!4m7!3m6!1s0x88e57440c5acbf63:0x6bf298d4d58d8a5b!8m2!3d30.7089458!4d-81.9295203!16s%2Fg%2F11b7l4_cds!19sChIJY7-sxUB05YgRW4qN1dSY8ms?authuser=0&hl=en&rclk=1,auto repair shop,Nassau County,county,FL,2026-07-23T09:45:08,0x88e57440c5acbf63:0x6bf298d4d58d8a5b
A-1 Auto Care Inc,(772) 546-6667,https://a1autocareinc.com/,,"9611 SE Gleason St #101, Hobe Sound, FL 33455, United States",9611 SE Gleason St #101,Hobe Sound,FL,33455,4.9,486,Auto repair shop,,,https://www.google.com/maps/place/A-1+Auto+Care+Inc/data=!4m7!3m6!1s0x88ded85e94cc147f:0x1ed342865ec78e2e!8m2!3d27.0562177!4d-80.124948!16s%2Fg%2F1w4vkrdr!19sChIJfxTMlF7Y3ogRLo7HXoZC0x4?authuser=0&hl=en&rclk=1,auto repair shop,Martin County,county,FL,2026-07-15T12:28:39,0x88ded85e94cc147f:0x1ed342865ec78e2e
C & C Auto Repair Inc,(772) 545-1050,,,"11148 SE Federal Hwy, Hobe Sound, FL 33455, United States",11148 SE Federal Hwy,Hobe Sound,FL,33455,4.7,87,Auto repair shop,,,https://www.google.com/maps/place/C+%26+C+Auto+Repair+Inc/data=!4m7!3m6!1s0x88ded8fdd45fd7cf:0xcbc496ea56c158d6!8m2!3d27.0680456!4d-80.1409502!16s%2Fg%2F113k7snl3!19sChIJz9df1P3Y3ogR1ljBVuqWxMs?authuser=0&hl=en&rclk=1,auto repair shop,Okeechobee County,county,FL,2026-07-23T09:58:07,0x88ded8fdd45fd7cf:0xcbc496ea56c158d6
2 Unique Auto INC,(386) 585-4105,https://mikelabrep.wixsite.com/2uniqueauto,,"337 Carswell Ave, Holly Hill, FL 32117, United States",337 Carswell Ave,Holly Hill,FL,32117,4.7,24,Auto repair shop,,,https://www.google.com/maps/place/2+Unique+Auto+INC/data=!4m7!3m6!1s0x88e693941bfc74ef:0x1f73dfd920a2b475!8m2!3d29.2318139!4d-81.0357308!16s%2Fg%2F11sd9pfjls!19sChIJ73T8G5ST5ogRdbSiINnfcx8?authuser=0&hl=en&rclk=1,auto repair shop,Volusia County,county,FL,2026-07-15T14:57:58,0x88e693941bfc74ef:0x1f73dfd920a2b475
Action Automotive Repair Inc,(386) 615-1505,,,"1850 N Nova Rd, Holly Hill, FL 32117, United States",1850 N Nova Rd,Holly Hill,FL,32117,4.8,38,Auto repair shop,,,https://www.google.com/maps/place/Action+Automotive+Repair+Inc/data=!4m7!3m6!1s0x88e6db8feecfe81f:0xd3af7189d2d4a101!8m2!3d29.2456187!4d-81.0662378!16s%2Fg%2F119x1dgrl!19sChIJH-jP7o_b5ogRAaHU0olxr9M?authuser=0&hl=en&rclk=1,auto repair shop,Volusia County,county,FL,2026-07-23T12:30:46,0x88e6db8feecfe81f:0xd3af7189d2d4a101
Toy Connection Auto Repair Inc.,(386) 672-9127,https://www.toyconnectionautorepair.com/,,"1610 State Ave Unit 200, Holly Hill, FL 32117, United States",1610 State Ave Unit 200,Holly Hill,FL,32117,4.9,170,Car repair and maintenance service,,,https://www.google.com/maps/place/Toy+Connection+Auto+Repair+Inc./data=!4m7!3m6!1s0x88e6dba0df16589b:0xd64ff3b09bb151bb!8m2!3d29.2558975!4d-81.0498192!16s%2Fg%2F1tjds4hj!19sChIJm1gW36Db5ogRu1Gxm7DzT9Y?authuser=0&hl=en&rclk=1,auto repair shop,Volusia County,county,FL,2026-07-23T12:30:46,0x88e6dba0df16589b:0xd64ff3b09bb151bb
Auto State Body Shop Inc.,(954) 613-5951,http://www.autostatebodyshopinc.com/,,"2405 SW 57th Way, Hollywood, FL 33023, United States",2405 SW 57th Way,Hollywood,FL,33023,4.6,64,Auto body shop,,,https://www.google.com/maps/place/Auto+State+Body+Shop+Inc./data=!4m7!3m6!1s0x88d9aeb3aa7b4bbb:0x40e3c436cfd0a794!8m2!3d25.988614!4d-80.2016024!16s%2Fg%2F1tdnxq3h!19sChIJu0t7qrOu2YgRlKfQzzbE40A?authuser=0&hl=en&rclk=1,auto repair shop,Pembroke Pines,city,FL,2026-07-15T16:09:59,0x88d9aeb3aa7b4bbb:0x40e3c436cfd0a794
C & C Parts & Repair Inc,(954) 251-3236,,,"500 N Dixie Hwy #6, Hollywood, FL 33020, United States",500 N Dixie Hwy #6,Hollywood,FL,33020,5.0,60,Auto repair shop,,,https://www.google.com/maps/place/C+%26+C+Parts+%26+Repair+Inc/data=!4m7!3m6!1s0x88d9aba3c5d3b60f:0x3533dbcf330798de!8m2!3d26.0153662!4d-80.1498808!16s%2Fg%2F1tdq_j2x!19sChIJD7bTxaOr2YgR3pgHM8_bMzU?authuser=0&hl=en&rclk=1,auto repair shop,Hollywood,city,FL,2026-07-23T13:58:29,0x88d9aba3c5d3b60f:0x3533dbcf330798de
Chuck's Auto Air Inc,(954) 962-8475,,,"5690 Johnson St, Hollywood, FL 33021, United States",5690 Johnson St,Hollywood,FL,33021,4.5,122,Auto repair shop,,,https://www.google.com/maps/place/Chuck%27s+Auto+Air+Inc/data=!4m7!3m6!1s0x88d9a968533348e9:0x15e6cdb449c00756!8m2!3d26.0176105!4d-80.2014389!16s%2Fg%2F1tf9tmng!19sChIJ6UgzU2ip2YgRVgfASbTN5hU?authuser=0&hl=en&rclk=1,auto repair shop,Hollywood,city,FL,2026-07-15T16:16:20,0x88d9a968533348e9:0x15e6cdb449c00756
Convenient automotive service inc.,(954) 989-2811,,,"4319 W Hallandale Beach Blvd, Hollywood, FL 33023, United States",4319 W Hallandale Beach Blvd,Hollywood,FL,33023,4.8,23,Auto repair shop,,,https://www.google.com/maps/place/Convenient+automotive+service+inc./data=!4m7!3m6!1s0x88d9ad7cdb3668a1:0x15008837dd547328!8m2!3d25.9846937!4d-80.1863726!16s%2Fg%2F11nys577r4!19sChIJoWg223yt2YgRKHNU3TeIABU?authuser=0&hl=en&rclk=1,auto repair shop,Hollywood,city,FL,2026-07-23T13:58:29,0x88d9ad7cdb3668a1:0x15008837dd547328
Firestone Complete Auto Care,(954) 998-5125,https://www.firestonecompleteautocare.com/florida/hollywood/106-n-dixie-hwy/?utm_source=google&utm_medium=organic&utm_campaign=localmaps&cmp=oloc_google_localmaps_maps,,"106 N Dixie Hwy, Hollywood, FL 33020, United States",106 N Dixie Hwy,Hollywood,FL,33020,4.0,535,Tire shop,,,https://www.google.com/maps/place/Firestone+Complete+Auto+Care/data=!4m7!3m6!1s0x88d9aba20bd50bd1:0x50da371f4306a6b5!8m2!3d26.0117105!4d-80.1495963!16s%2Fg%2F1tgn5jsh!19sChIJ0QvVC6Kr2YgRtaYGQx832lA?authuser=0&hl=en&rclk=1,auto repair shop,Hollywood,city,FL,2026-07-23T13:58:29,0x88d9aba20bd50bd1:0x50da371f4306a6b5
First Class Autotech Corp.,(305) 741-1040,,,"2114 Pierce St, Hollywood, FL 33020, United States",2114 Pierce St,Hollywood,FL,33020,4.4,54,Auto repair shop,,,https://www.google.com/maps/place/First+Class+Autotech+Corp./data=!4m7!3m6!1s0x88d9ab9b9d024adf:0xc2dc8adf3863cac8!8m2!3d26.0160866!4d-80.1500467!16s%2Fg%2F11cs5nmb1m!19sChIJ30oCnZur2YgRyMpjON-K3MI?authuser=0&hl=en&rclk=1,auto repair shop,Hollywood,city,FL,2026-07-23T13:58:29,0x88d9ab9b9d024adf:0xc2dc8adf3863cac8
Fleet Tire Truck And Auto Center Inc,(954) 989-2600,http://fleettire.net/,,"5911 Pembroke Rd, Hollywood, FL 33023, United States",5911 Pembroke Rd,Hollywood,FL,33023,4.6,174,Tire shop,,,https://www.google.com/maps/place/Fleet+Tire+Truck+And+Auto+Center+Inc/data=!4m7!3m6!1s0x88d9a94b9965e681:0xf35d46bdd133e0a5!8m2!3d25.9954543!4d-80.2053287!16s%2Fg%2F1tj2jptd!19sChIJgeZlmUup2YgRpeAz0b1GXfM?authuser=0&hl=en&rclk=1,auto repair shop,Pembroke Pines,city,FL,2026-07-15T16:09:59,0x88d9a94b9965e681:0xf35d46bdd133e0a5
"German Vehicles Service, Inc.",(954) 241-7038,https://germanvehiclesservice.com/,,"3841 Pembroke Rd, Hollywood, FL 33021, United States",3841 Pembroke Rd,Hollywood,FL,33021,4.5,320,Auto repair shop,,,"https://www.google.com/maps/place/German+Vehicles+Service,+Inc./data=!4m7!3m6!1s0x88d9abfeae129bbb:0x171cb979887314fd!8m2!3d25.9959428!4d-80.183198!16s%2Fg%2F1tf43rww!19sChIJu5sSrv6r2YgR_RRziHm5HBc?authuser=0&hl=en&rclk=1",auto repair shop,Hollywood,city,FL,2026-07-23T13:58:29,0x88d9abfeae129bbb:0x171cb979887314fd
Goodyear Auto Service,(954) 923-6521,https://www.goodyear.com/en-us/goodyearautoservice,,"2825 Hollywood Blvd, Hollywood, FL 33020, United States",2825 Hollywood Blvd,Hollywood,FL,33020,4.3,262,Tire shop,,,https://www.google.com/maps/place/Goodyear+Auto+Service/data=!4m7!3m6!1s0x88d9ab95487b0fdb:0xd54f9a9c62ebbc73!8m2!3d26.0112867!4d-80.1646419!16s%2Fg%2F1tdhmmfr!19sChIJ2w97SJWr2YgRc7zrYpyaT9U?authuser=0&hl=en&rclk=1,auto repair shop,Hollywood,city,FL,2026-07-23T13:58:29,0x88d9ab95487b0fdb:0xd54f9a9c62ebbc73
Goodyear Auto Service,(954) 987-0450,https://www.goodyear.com/en-us/goodyearautoservice,,"497 S State Rd 7, Hollywood, FL 33023, United States",497 S State Rd 7,Hollywood,FL,33023,4.6,280,Tire shop,,,https://www.google.com/maps/place/Goodyear+Auto+Service/data=!4m7!3m6!1s0x88d9a947ccca056f:0x2bb94e082c6237ad!8m2!3d26.0048638!4d-80.2069654!16s%2Fg%2F1tdvfcj0!19sChIJbwXKzEep2YgRrTdiLAhOuSs?authuser=0&hl=en&rclk=1,auto repair shop,Pembroke Pines,city,FL,2026-07-23T13:51:34,0x88d9a947ccca056f:0x2bb94e082c6237ad
"Imported Cars Repair, INC.",(954) 966-5571,https://importedcarsrepair.com/,,"5766 Dawson St, Hollywood, FL 33023, United States",5766 Dawson St,Hollywood,FL,33023,4.4,35,Auto repair shop,,,"https://www.google.com/maps/place/Imported+Cars+Repair,+INC./data=!4m7!3m6!1s0x88d9a94f21b106d1:0xb37c42d63b515bef!8m2!3d26.0008112!4d-80.2029674!16s%2Fg%2F1th0c73x!19sChIJ0QaxIU-p2YgR71tRO9ZCfLM?authuser=0&hl=en&rclk=1",auto repair shop,Hollywood,city,FL,2026-07-15T16:16:20,0x88d9a94f21b106d1:0xb37c42d63b515bef
Jumbo Automotive Inc.,(954) 926-2500,http://www.jumboautorepair.com/,,"1205 N 21st Ave, Hollywood, FL 33020, United States",1205 N 21st Ave,Hollywood,FL,33020,4.7,1194,Auto repair shop,,,https://www.google.com/maps/place/Jumbo+Automotive+Inc./data=!4m7!3m6!1s0x88d9aba5c2d4dc05:0x216a3eca1d9dae4d!8m2!3d26.0217438!4d-80.1489944!16s%2Fg%2F113d_qrrh!19sChIJBdzUwqWr2YgRTa6dHco-aiE?authuser=0&hl=en&rclk=1,auto repair shop,Broward County,county,FL,2026-07-23T03:47:47,0x88d9aba5c2d4dc05:0x216a3eca1d9dae4d
"Mobile Auto Service and Diagnostics, Inc",(954) 404-7673,,,"5701 Rodman St, Hollywood, FL 33023, United States",5701 Rodman St,Hollywood,FL,33023,4.7,39,Auto repair shop,,,"https://www.google.com/maps/place/Mobile+Auto+Service+and+Diagnostics,+Inc/data=!4m7!3m6!1s0x88d9a948d2e2e91d:0xaabf03514d6b7290!8m2!3d25.999854!4d-80.201014!16s%2Fg%2F11c5dsjb26!19sChIJHeni0kip2YgRkHJrTVEDv6o?authuser=0&hl=en&rclk=1",auto repair shop,Hollywood,city,FL,2026-07-23T13:58:29,0x88d9a948d2e2e91d:0xaabf03514d6b7290
"Tripple RRR O Automotive, Inc.",(407) 300-2258,,,"2223 W Pembroke Rd Unit A, Hollywood, FL 33020, United States",2223 W Pembroke Rd Unit A,Hollywood,FL,33020,4.8,66,Auto repair shop,,,"https://www.google.com/maps/place/Tripple+RRR+O+Automotive,+Inc./data=!4m7!3m6!1s0x88d9ac7931647deb:0xcafde40c498f03f!8m2!3d25.9966857!4d-80.1515716!16s%2Fg%2F11gdw3l663!19sChIJ631kMXms2YgRP_CYxEDerww?authuser=0&hl=en&rclk=1",auto repair shop,Hollywood,city,FL,2026-07-23T13:58:29,0x88d9ac7931647deb:0xcafde40c498f03f
World Tire Auto Repair Inc.,(954) 922-0650,http://worldtirerepair.com/,,"1314 N Federal Hwy, Hollywood, FL 33020, United States",1314 N Federal Hwy,Hollywood,FL,33020,3.8,156,Auto repair shop,,,https://www.google.com/maps/place/World+Tire+Auto+Repair+Inc./data=!4m7!3m6!1s0x88d9aba80727064d:0x4338362aeb3db7b6!8m2!3d26.023128!4d-80.1436095!16s%2Fg%2F1tgcn2f9!19sChIJTQYnB6ir2YgRtrc96yo2OEM?authuser=0&hl=en&rclk=1,auto repair shop,Hollywood,city,FL,2026-07-23T13:58:29,0x88d9aba80727064d:0x4338362aeb3db7b6
"Xtreme Automotive Repairs, Inc",(954) 534-9138,http://xautorepairs.com/,,"5934 Funston St, Hollywood, FL 33023, United States",5934 Funston St,Hollywood,FL,33023,4.8,134,Auto repair shop,,,"https://www.google.com/maps/place/Xtreme+Automotive+Repairs,+Inc/data=!4m7!3m6!1s0x88d9a94922a1489d:0x4ae7f4c3e16e7829!8m2!3d26.000225!4d-80.2064095!16s%2Fg%2F1ttdnspf!19sChIJnUihIkmp2YgRKXhu4cP050o?authuser=0&hl=en&rclk=1",auto repair shop,Broward County,county,FL,2026-07-23T03:47:47,0x88d9a94922a1489d:0x4ae7f4c3e16e7829
Goodyear Auto Service,(305) 247-6966,https://www.goodyear.com/en-us/goodyearautoservice,,"30100 S Dixie Hwy, Homestead, FL 33033, United States",30100 S Dixie Hwy,Homestead,FL,33033,4.2,285,Tire shop,,,https://www.google.com/maps/place/Goodyear+Auto+Service/data=!4m7!3m6!1s0x88d9e77c18171681:0x6fd9ac2c80655c7e!8m2!3d25.4869398!4d-80.4592128!16s%2Fg%2F1tfp37v3!19sChIJgRYXGHzn2YgRflxlgCys2W8?authuser=0&hl=en&rclk=1,auto repair shop,Monroe County,county,FL,2026-07-23T09:35:41,0x88d9e77c18171681:0x6fd9ac2c80655c7e
"USA Auto Glass, Inc.",(305) 247-9100,https://www.usaautoglassflorida.com/,,"30000 S Dixie Hwy, Homestead, FL 33033, United States",30000 S Dixie Hwy,Homestead,FL,33033,4.9,643,Auto glass shop,,,"https://www.google.com/maps/place/USA+Auto+Glass,+Inc./data=!4m7!3m6!1s0x88d9dd8935376d61:0xcd4ef0897f5f4393!8m2!3d25.488167!4d-80.4580295!16s%2Fg%2F1vm_ypnv!19sChIJYW03NYnd2YgRk0Nff4nwTs0?authuser=0&hl=en&rclk=1",auto repair shop,Monroe County,county,FL,2026-07-15T12:41:16,0x88d9dd8935376d61:0xcd4ef0897f5f4393
Chaz Auto & Trailer Repair Inc,(352) 382-2526,,,"7365 W Miss Maggie Dr, Homosassa, FL 34448, United States",7365 W Miss Maggie Dr,Homosassa,FL,34448,4.9,179,Auto repair shop,,,https://www.google.com/maps/place/Chaz+Auto+%26+Trailer+Repair+Inc/data=!4m7!3m6!1s0x88e816224b0dfb73:0x6388089c1ac9440d!8m2!3d28.722001!4d-82.5557721!16s%2Fg%2F1tdbltzb!19sChIJc_sNSyIW6IgRDUTJGpwIiGM?authuser=0&hl=en&rclk=1,auto repair shop,Citrus County,county,FL,2026-07-23T04:13:38,0x88e816224b0dfb73:0x6388089c1ac9440d
A Mobile Mechanic 365 Inc,(727) 333-1986,,,"#8521, Hudson, FL 34667, United States",#8521,Hudson,FL,34667,4.5,15,Auto repair shop,,,https://www.google.com/maps/place/A+Mobile+Mechanic+365+Inc/data=!4m7!3m6!1s0x88c29b1337068571:0x14a7facece334ccd!8m2!3d28.3644485!4d-82.6934343!16s%2Fg%2F11vj6wfg_p!19sChIJcYUGNxObwogRzUwzzs76pxQ?authuser=0&hl=en&rclk=1,auto repair shop,Pasco County,county,FL,2026-07-15T13:31:19,0x88c29b1337068571:0x14a7facece334ccd
Hudson Auto Care Inc,(727) 868-2051,https://hudsonautocareinc.com/,,"8619 State Rd 52, Hudson, FL 34667, United States",8619 State Rd 52,Hudson,FL,34667,4.8,253,Auto repair shop,,,https://www.google.com/maps/place/Hudson+Auto+Care+Inc/data=!4m7!3m6!1s0x88c29a4bccb34679:0xd2e13c0aaa9401b8!8m2!3d28.3316051!4d-82.6726571!16s%2Fg%2F1td7cyhp!19sChIJeUazzEuawogRuAGUqgo84dI?authuser=0&hl=en&rclk=1,auto repair shop,Pasco County,county,FL,2026-07-23T10:25:48,0x88c29a4bccb34679:0xd2e13c0aaa9401b8
Ocacio Mechanic Shop,,,,"836 FL-20, Interlachen, FL 32148, United States",836 FL-20,Interlachen,FL,32148,5.0,2,Auto repair shop,,,https://www.google.com/maps/place/Ocacio+Mechanic+Shop/data=!4m7!3m6!1s0x88e66b6430f603c5:0xa1cf39be278231eb!8m2!3d29.6290199!4d-81.8344146!16s%2Fg%2F11mpd2nbr8!19sChIJxQP2MGRr5ogR6zGCJ745z6E?authuser=0&hl=en&rclk=1,auto repair shop,Putnam County,county,FL,2026-07-23T11:20:34,0x88e66b6430f603c5:0xa1cf39be278231eb
"TMT Auto Clinic, Inc.",(386) 684-1901,https://tmtautoclinic.net/,,"1117 FL-20, Interlachen, FL 32148, United States",1117 FL-20,Interlachen,FL,32148,4.6,351,Auto repair shop,,,"https://www.google.com/maps/place/TMT+Auto+Clinic,+Inc./data=!4m7!3m6!1s0x88e614a693f14131:0x1a6374ceee16bd4a!8m2!3d29.6284491!4d-81.8810988!16s%2Fg%2F1tmcn19z!19sChIJMUHxk6YU5ogRSr0W7s50Yxo?authuser=0&hl=en&rclk=1",auto repair shop,Putnam County,county,FL,2026-07-23T11:20:33,0x88e614a693f14131:0x1a6374ceee16bd4a
Tony's Auto Clinic II Inc.,(352) 344-5121,http://facebook.com/tonysautoclinicii,,"3190 S Florida Ave, Inverness, FL 34450, United States",3190 S Florida Ave,Inverness,FL,34450,4.5,173,Auto repair shop,,,https://www.google.com/maps/place/Tony%27s+Auto+Clinic+II+Inc./data=!4m7!3m6!1s0x88e80cb07ea0971b:0x5c97348099d38ce1!8m2!3d28.8157284!4d-82.315537!16s%2Fg%2F1vnnk6zj!19sChIJG5egfrAM6IgR4YzTmYA0l1w?authuser=0&hl=en&rclk=1,auto repair shop,Citrus County,county,FL,2026-07-23T04:13:38,0x88e80cb07ea0971b:0x5c97348099d38ce1
Bill's Custom Automotive Inc,(305) 664-4531,http://bills-custom.poi.place/,,"82760 Overseas Hwy, Islamorada, FL 33036, United States",82760 Overseas Hwy,Islamorada,FL,33036,4.7,95,Auto repair shop,,,https://www.google.com/maps/place/Bill%27s+Custom+Automotive+Inc/data=!4m7!3m6!1s0x88d739da8e94e71d:0xb3b77206bddd2208!8m2!3d24.927633!4d-80.623935!16s%2Fg%2F1vqmk4sk!19sChIJHeeUjto514gRCCLdvQZyt7M?authuser=0&hl=en&rclk=1,auto repair shop,Monroe County,county,FL,2026-07-23T09:35:41,0x88d739da8e94e71d:0xb3b77206bddd2208
A-xpert Service Inc.,(904) 580-4404,,,"3533 Buckhead Rd, Jacksonville, FL 32216, United States",3533 Buckhead Rd,Jacksonville,FL,32216,4.9,12,Car repair and maintenance service,,,https://www.google.com/maps/place/A-xpert+Service+Inc./data=!4m7!3m6!1s0x88e5b56fcac46f6b:0xa915ad8bc921f7c1!8m2!3d30.262142!4d-81.582103!16s%2Fg%2F11fp8n15d9!19sChIJa2_Eym-15YgRwfchyYutFak?authuser=0&hl=en&rclk=1,auto repair shop,Jacksonville,city,FL,2026-07-15T15:10:49,0x88e5b56fcac46f6b:0xa915ad8bc921f7c1
Atlantic Imported Auto Inc,(904) 721-0267,,,"7311 Atlantic Blvd, Jacksonville, FL 32211, United States",7311 Atlantic Blvd,Jacksonville,FL,32211,4.6,65,Auto repair shop,,,https://www.google.com/maps/place/Atlantic+Imported+Auto+Inc/data=!4m7!3m6!1s0x88e5b44801ae2a7d:0x434fcc6340918e79!8m2!3d30.3139025!4d-81.5814717!16s%2Fg%2F1tpf7yt9!19sChIJfSquAUi05YgReY6RQGPMT0M?authuser=0&hl=en&rclk=1,auto repair shop,Duval County,county,FL,2026-07-15T09:44:36,0x88e5b44801ae2a7d:0x434fcc6340918e79
Auto repair shop Jordan,,,,"2009 Lane Ave S, Jacksonville, FL 32210, United States",2009 Lane Ave S,Jacksonville,FL,32210,4.8,26,Auto body shop,,,https://www.google.com/maps/place/Auto+repair+shop+Jordan/data=!4m7!3m6!1s0x88e5b9005517e633:0xcde8caa80986e571!8m2!3d30.2817212!4d-81.7548814!16s%2Fg%2F11m5kw69xb!19sChIJM-YXVQC55YgRceWGCajK6M0?authuser=0&hl=en&rclk=1,auto repair shop,Duval County,county,FL,2026-07-23T05:00:52,0x88e5b9005517e633:0xcde8caa80986e571
Auto repair. Navin land llc,,,,"Wambolt St, Jacksonville, FL 32202, United States",Wambolt St,Jacksonville,FL,32202,5.0,14,Auto repair shop,,,https://www.google.com/maps/place/Auto+repair.+Navin+land+llc/data=!4m7!3m6!1s0x88e5b7002e734393:0xccd8bf304f2c724a!8m2!3d30.3292864!4d-81.630498!16s%2Fg%2F11vrzq05q0!19sChIJk0NzLgC35YgRSnIsTzC_2Mw?authuser=0&hl=en&rclk=1,auto repair shop,Duval County,county,FL,2026-07-23T05:00:52,0x88e5b7002e734393:0xccd8bf304f2c724a
Budget Automotive Repair Inc,(904) 778-9900,http://www.budgetautomotiverepair.com/,,"8670 103rd St, Jacksonville, FL 32210, United States",8670 103rd St,Jacksonville,FL,32210,4.2,126,Auto repair shop,,,https://www.google.com/maps/place/Budget+Automotive+Repair+Inc/data=!4m7!3m6!1s0x88e5c0c0a5719297:0x640440230548839a!8m2!3d30.2473975!4d-81.7957072!16s%2Fg%2F1tdvw3mq!19sChIJl5JxpcDA5YgRmoNIBSNABGQ?authuser=0&hl=en&rclk=1,auto repair shop,Duval County,county,FL,2026-07-15T09:44:35,0x88e5c0c0a5719297:0x640440230548839a
"Car Spa, Inc.",(904) 724-5700,https://carspa.net/locations/atlantic-monument-car-wash/,,"9715 Atlantic Blvd, Jacksonville, FL 32225, United States",9715 Atlantic Blvd,Jacksonville,FL,32225,4.1,1692,Car wash,,,"https://www.google.com/maps/place/Car+Spa,+Inc./data=!4m7!3m6!1s0x88e5b4ed2083e41b:0x8c16710c93d1581f!8m2!3d30.322619!4d-81.546214!16s%2Fg%2F1thzpqdz!19sChIJG-SDIO205YgRH1jRkwxxFow?authuser=0&hl=en&rclk=1",auto repair shop,Jacksonville,city,FL,2026-07-23T12:48:45,0x88e5b4ed2083e41b:0x8c16710c93d1581f
Crossroads Auto Repair of Jacksonville Inc.,(904) 267-2490,https://www.crossroadsautorepairandservice.com/,,"5921 Arlington Rd, Jacksonville, FL 32211, United States",5921 Arlington Rd,Jacksonville,FL,32211,4.7,124,Auto repair shop,,,https://www.google.com/maps/place/Crossroads+Auto+Repair+of+Jacksonville+Inc./data=!4m7!3m6!1s0x88e5b41c4f651b73:0x534b2bb47bf89208!8m2!3d30.3339175!4d-81.5980675!16s%2Fg%2F11g9qgv0py!19sChIJcxtlTxy05YgRCJL4e7QrS1M?authuser=0&hl=en&rclk=1,auto repair shop,Duval County,county,FL,2026-07-23T05:00:52,0x88e5b41c4f651b73:0x534b2bb47bf89208
D J's Automotive,,,,"2204 University Blvd N, Jacksonville, FL 32211, United States",2204 University Blvd N,Jacksonville,FL,32211,4.8,23,Auto repair shop,,,https://www.google.com/maps/place/D+J%27s+Automotive/data=!4m7!3m6!1s0x88e5b41d66e0313b:0xbcf8121429043ca4!8m2!3d30.3444552!4d-81.603209!16s%2Fg%2F1tf7hh2y!19sChIJOzHgZh205YgRpDwEKRQS-Lw?authuser=0&hl=en&rclk=1,auto repair shop,Duval County,county,FL,2026-07-23T05:00:52,0x88e5b41d66e0313b:0xbcf8121429043ca4
Durbin Motorworks INC,(904) 683-5420,https://vipshopmanagement.com/schedule-appointment.php?SubID=51mbP7TxtMEYAhH3,,"12647 Philips Hwy, Jacksonville, FL 32256, United States",12647 Philips Hwy,Jacksonville,FL,32256,5.0,123,Car repair and maintenance service,,,https://www.google.com/maps/place/Durbin+Motorworks+INC/data=!4m7!3m6!1s0x88e433602a3f7c8b:0x2f46659d5ea11271!8m2!3d30.141501!4d-81.515732!16s%2Fg%2F11jg2fyfgh!19sChIJi3w_KmAz5IgRcRKhXp1lRi8?authuser=0&hl=en&rclk=1,auto repair shop,St. Johns County,county,FL,2026-07-23T11:03:38,0x88e433602a3f7c8b:0x2f46659d5ea11271
Euro Spec Inc.,(904) 448-9886,https://eurospecjax.com/,,"8737 Philips Hwy, Jacksonville, FL 32256, United States",8737 Philips Hwy,Jacksonville,FL,32256,4.7,999,Auto repair shop,,,https://www.google.com/maps/place/Euro+Spec+Inc./data=!4m7!3m6!1s0x88e5cbb461d50bcd:0x829e106f60862e1!8m2!3d30.2079139!4d-81.5775784!16s%2Fg%2F1tkkvptg!19sChIJzQvVYbTL5YgR4WII9gbhKQg?authuser=0&hl=en&rclk=1,auto repair shop,Duval County,county,FL,2026-07-23T05:00:52,0x88e5cbb461d50bcd:0x829e106f60862e1
"Everything Automotive of Jacksonville, Inc.",(904) 734-6359,https://www.everythingautorepair.com/,,"6211 Blanding Blvd, Jacksonville, FL 32244, United States",6211 Blanding Blvd,Jacksonville,FL,32244,5.0,19,Auto repair shop,,,"https://www.google.com/maps/place/Everything+Automotive+of+Jacksonville,+Inc./data=!4m7!3m6!1s0x88e5c785af966b0b:0xa166bf62c231e0e6!8m2!3d30.2372126!4d-81.7400408!16s%2Fg%2F11ywqmxgdj!19sChIJC2uWr4XH5YgR5uAxwmK_ZqE?authuser=0&hl=en&rclk=1",auto repair shop,Clay County,county,FL,2026-07-15T09:09:51,0x88e5c785af966b0b:0xa166bf62c231e0e6
"Everything Automotive of Jacksonville, Inc.",(904) 418-7234,https://everythingautorepair.com/,,"7624 Beach Blvd, Jacksonville, FL 32216, United States",7624 Beach Blvd,Jacksonville,FL,32216,4.9,332,Auto repair shop,,,"https://www.google.com/maps/place/Everything+Automotive+of+Jacksonville,+Inc./data=!4m7!3m6!1s0x88e5b70050c68145:0xf52588054b0df76!8m2!3d30.2882322!4d-81.5786153!16s%2Fg%2F11h0hq8x3!19sChIJRYHGUAC35YgRdt-wVIBYUg8?authuser=0&hl=en&rclk=1",auto repair shop,Duval County,county,FL,2026-07-23T05:00:52,0x88e5b70050c68145:0xf52588054b0df76
Firestone Complete Auto Care,(904) 515-4430,https://www.firestonecompleteautocare.com/florida/jacksonville/4628-tropea-way/?utm_source=google&utm_medium=organic&utm_campaign=localmaps&cmp=oloc_google_localmaps_maps,,"4628 Tropea Wy, Jacksonville, FL 32246, United States",4628 Tropea Wy,Jacksonville,FL,32246,4.1,451,Tire shop,,,https://www.google.com/maps/place/Firestone+Complete+Auto+Care/data=!4m7!3m6!1s0x88e5b5af08542d31:0x2dda26a7ba7ccb20!8m2!3d30.25984!4d-81.5303802!16s%2Fg%2F11j4mck4yg!19sChIJMS1UCK-15YgRIMt8uqcm2i0?authuser=0&hl=en&rclk=1,auto repair shop,Duval County,county,FL,2026-07-15T09:44:36,0x88e5b5af08542d31:0x2dda26a7ba7ccb20
Firestone Complete Auto Care,(904) 660-0400,https://www.firestonecompleteautocare.com/florida/jacksonville/10553-san-jose-blvd/?utm_source=google&utm_medium=organic&utm_campaign=localmaps&cmp=oloc_google_localmaps_maps,,"10553 San Jose Blvd, Jacksonville, FL 32257, United States",10553 San Jose Blvd,Jacksonville,FL,32257,4.3,652,Tire shop,,,https://www.google.com/maps/place/Firestone+Complete+Auto+Care/data=!4m7!3m6!1s0x88e5c93f2f7dbd5d:0x6613639990266d5e!8m2!3d30.1861872!4d-81.6274403!16s%2Fg%2F1tjyvf4m!19sChIJXb19Lz_J5YgRXm0mkJljE2Y?authuser=0&hl=en&rclk=1,auto repair shop,Clay County,county,FL,2026-07-23T04:22:46,0x88e5c93f2f7dbd5d:0x6613639990266d5e
Goodyear Auto Service,(904) 220-4929,https://www.goodyear.com/en-us/goodyearautoservice,,"40 Girvin Rd, Jacksonville, FL 32225, United States",40 Girvin Rd,Jacksonville,FL,32225,4.2,202,Tire shop,,,https://www.google.com/maps/place/Goodyear+Auto+Service/data=!4m7!3m6!1s0x88e44b754757837f:0xc5cf1abc2b112933!8m2!3d30.3197554!4d-81.4731797!16s%2Fg%2F1vn_zsb7!19sChIJf4NXR3VL5IgRMykRK7waz8U?authuser=0&hl=en&rclk=1,auto repair shop,Nassau County,county,FL,2026-07-15T12:51:06,0x88e44b754757837f:0xc5cf1abc2b112933
Goodyear Auto Service,(904) 262-0090,https://www.goodyear.com/en-us/goodyearautoservice,,"11800 San Jose Blvd, Jacksonville, FL 32223, United States",11800 San Jose Blvd,Jacksonville,FL,32223,4.2,236,Tire shop,,,https://www.google.com/maps/place/Goodyear+Auto+Service/data=!4m7!3m6!1s0x88e5cecf1239820f:0x3158eac85202565a!8m2!3d30.1570118!4d-81.6332923!16s%2Fg%2F1tht284s!19sChIJD4I5Es_O5YgRWlYCUsjqWDE?authuser=0&hl=en&rclk=1,auto repair shop,Clay County,county,FL,2026-07-23T04:22:46,0x88e5cecf1239820f:0x3158eac85202565a
Goodyear Auto Service,(904) 714-9065,https://www.goodyear.com/en-us/goodyearautoservice,,"675 Skymarks Dr, Jacksonville, FL 32218, United States",675 Skymarks Dr,Jacksonville,FL,32218,4.0,294,Tire shop,,,https://www.google.com/maps/place/Goodyear+Auto+Service/data=!4m7!3m6!1s0x88e5ae5aefb68ddb:0xee7fa9f078404138!8m2!3d30.4801502!4d-81.634607!16s%2Fg%2F1w0h8b3z!19sChIJ242271qu5YgROEFAePCpf-4?authuser=0&hl=en&rclk=1,auto repair shop,Nassau County,county,FL,2026-07-23T09:45:08,0x88e5ae5aefb68ddb:0xee7fa9f078404138
Goodyear Auto Service,(904) 823-1800,https://www.goodyear.com/en-us/goodyearautoservice,,"131 Gateway Cir, Jacksonville, FL 32259, United States",131 Gateway Cir,Jacksonville,FL,32259,4.0,357,Tire shop,,,https://www.google.com/maps/place/Goodyear+Auto+Service/data=!4m7!3m6!1s0x88e42d50cd3e3723:0xcc9e48aaa8feada2!8m2!3d30.063003!4d-81.5060857!16s%2Fg%2F11bcf05z00!19sChIJIzc-zVAt5IgRoq3-qKpInsw?authuser=0&hl=en&rclk=1,auto repair shop,St. Johns County,county,FL,2026-07-23T11:25:24,0x88e42d50cd3e3723:0xcc9e48aaa8feada2
H & T Auto Inc,(904) 376-0198,,,"4038 St Augustine Rd, Jacksonville, FL 32207, United States",4038 St Augustine Rd,Jacksonville,FL,32207,4.5,30,Auto repair shop,,,https://www.google.com/maps/place/H+%26+T+Auto+Inc/data=!4m7!3m6!1s0x88e5b6345d467b2f:0x853c7bbc4ed6a11b!8m2!3d30.2797385!4d-81.6439932!16s%2Fg%2F11hy9pc8zj!19sChIJL3tGXTS25YgRG6HWTrx7PIU?authuser=0&hl=en&rclk=1,auto repair shop,St. Johns County,county,FL,2026-07-15T14:07:01,0x88e5b6345d467b2f:0x853c7bbc4ed6a11b
Japanese Auto Specialist Inc.,(904) 722-9061,http://www.jacksonvillejapaneseautospecialist.com/,,"2062 St Johns Bluff Rd S, Jacksonville, FL 32246, United States",2062 St Johns Bluff Rd S,Jacksonville,FL,32246,4.4,199,Auto repair shop,,,https://www.google.com/maps/place/Japanese+Auto+Specialist+Inc./data=!4m7!3m6!1s0x88e5b4eacb9cdb77:0xb03d461c234217c2!8m2!3d30.3140451!4d-81.525845!16s%2Fg%2F1tfkrlc6!19sChIJd9ucy-q05YgRwhdCIxxGPbA?authuser=0&hl=en&rclk=1,auto repair shop,Jacksonville,city,FL,2026-07-23T12:22:22,0x88e5b4eacb9cdb77:0xb03d461c234217c2
John's Automotive Inc.,(904) 743-3857,https://johnsautomotivejax.com/,,"5748 Arlington Rd, Jacksonville, FL 32211, United States",5748 Arlington Rd,Jacksonville,FL,32211,4.5,251,Auto repair shop,,,https://www.google.com/maps/place/John%27s+Automotive+Inc./data=!4m7!3m6!1s0x88e5b41dd328f127:0x49104619fc0c0096!8m2!3d30.3332805!4d-81.6006147!16s%2Fg%2F1vbnq6x4!19sChIJJ_Eo0x205YgRlgAM_BlGEEk?authuser=0&hl=en&rclk=1,auto repair shop,Duval County,county,FL,2026-07-23T05:00:52,0x88e5b41dd328f127:0x49104619fc0c0096
Livingston Automotive,,,,"2449 Kings Rd, Jacksonville, FL 32209, United States",2449 Kings Rd,Jacksonville,FL,32209,4.4,34,Auto repair shop,,,https://www.google.com/maps/place/Livingston+Automotive/data=!4m7!3m6!1s0x88e5b9f73f1de835:0x4fbdad33f1f168bf!8m2!3d30.3519232!4d-81.7036247!16s%2Fg%2F11h04ns41x!19sChIJNegdP_e55YgRv2jx8TOtvU8?authuser=0&hl=en&rclk=1,auto repair shop,Duval County,county,FL,2026-07-23T05:00:52,0x88e5b9f73f1de835:0x4fbdad33f1f168bf
Masterworks Automotive Inc,(904) 565-1813,,,"3122 Leon Rd, Jacksonville, FL 32246, United States",3122 Leon Rd,Jacksonville,FL,32246,4.7,24,Auto repair shop,,,https://www.google.com/maps/place/Masterworks+Automotive+Inc/data=!4m7!3m6!1s0x88e5b522ce5ceea7:0x5cd8d494f651da88!8m2!3d30.289173!4d-81.536467!16s%2Fg%2F1tklrccl!19sChIJp-5cziK15YgRiNpR9pTU2Fw?authuser=0&hl=en&rclk=1,auto repair shop,Jacksonville,city,FL,2026-07-15T15:10:49,0x88e5b522ce5ceea7:0x5cd8d494f651da88
Meineke Car Care Center,(904) 469-0340,https://www.meineke.com/locations/fl/jacksonville-2773/?utm_source=google&utm_medium=organic&utm_campaign=gbp_website,,"8605 Beach Blvd, Jacksonville, FL 32216, United States",8605 Beach Blvd,Jacksonville,FL,32216,4.9,1020,Auto repair shop,,,https://www.google.com/maps/place/Meineke+Car+Care+Center/data=!4m7!3m6!1s0x88e5b5dfccef177f:0xc5614d9c8ebbed8a!8m2!3d30.2877732!4d-81.5664723!16s%2Fg%2F11gh34p2sl!19sChIJfxfvzN-15YgRiu27jpxNYcU?authuser=0&hl=en&rclk=1,auto repair shop,Duval County,county,FL,2026-07-23T05:00:52,0x88e5b5dfccef177f:0xc5614d9c8ebbed8a
Midas,(904) 515-5505,https://www.midas.com/store/fl/jacksonville/14081-beach-boulevard-32250/?shopnum=2321&utm_source=google&utm_medium=organic&utm_campaign=gbp,,"14081 Beach Blvd, Jacksonville, FL 32250, United States",14081 Beach Blvd,Jacksonville,FL,32250,4.6,1150,Auto repair shop,,,https://www.google.com/maps/place/Midas/data=!4m7!3m6!1s0x88e44a341d9392cd:0x2b431c61453df78!8m2!3d30.2883312!4d-81.4453323!16s%2Fg%2F1thq62x8!19sChIJzZKTHTRK5IgReN9TFMYxtAI?authuser=0&hl=en&rclk=1,auto repair shop,Duval County,county,FL,2026-07-23T05:00:52,0x88e44a341d9392cd:0x2b431c61453df78
P & L Automotive of Jacksonville Inc.,(904) 731-0077,http://p-l-automotive-of.poi.place/,,"4130 Spring Park Rd, Jacksonville, FL 32207, United States",4130 Spring Park Rd,Jacksonville,FL,32207,4.8,103,Auto repair shop,,,https://www.google.com/maps/place/P+%26+L+Automotive+of+Jacksonville+Inc./data=!4m7!3m6!1s0x88e5b66b57dd04a1:0x7498c7671090572b!8m2!3d30.2830264!4d-81.6201051!16s%2Fg%2F1tlbkcyz!19sChIJoQTdV2u25YgRK1eQEGfHmHQ?authuser=0&hl=en&rclk=1,auto repair shop,Jacksonville,city,FL,2026-07-23T12:48:45,0x88e5b66b57dd04a1:0x7498c7671090572b
Pep Boys Auto Service & Tires,(904) 414-6114,https://www.pepboys.com/stores/fl/jacksonville/1105-dunn-ave?Cid=gbp_appt_AN:PB%7CPB:G%7CTT:GBP%7CCG:CONVERSION%7CCD:SERVICE,,"1105 Dunn Ave, Jacksonville, FL 32218, United States",1105 Dunn Ave,Jacksonville,FL,32218,4.1,612,Tire shop,,,https://www.google.com/maps/place/Pep+Boys+Auto+Service+%26+Tires/data=!4m7!3m6!1s0x88e5b03c7dbfcad3:0x70029558116e74d9!8m2!3d30.430725!4d-81.664309!16s%2Fg%2F1vfn7gl_!19sChIJ08q_fTyw5YgR2XRuEViVAnA?authuser=0&hl=en&rclk=1,auto repair shop,Nassau County,county,FL,2026-07-23T09:45:08,0x88e5b03c7dbfcad3:0x70029558116e74d9
Satterfield's Automotive Repair Inc.,(904) 292-1016,http://www.satterfieldsautorepair.com/,,"9532-1 Historic Kings Rd S, Jacksonville, FL 32257, United States",9532-1 Historic Kings Rd S,Jacksonville,FL,32257,4.9,84,Auto repair shop,,,https://www.google.com/maps/place/Satterfield%27s+Automotive+Repair+Inc./data=!4m7!3m6!1s0x88e5cbd4034ecdb1:0xa0a78e3242c6ab6e!8m2!3d30.2053109!4d-81.5789553!16s%2Fg%2F1tggvbdr!19sChIJsc1OA9TL5YgRbqvGQjKOp6A?authuser=0&hl=en&rclk=1,auto repair shop,Duval County,county,FL,2026-07-23T05:00:52,0x88e5cbd4034ecdb1:0xa0a78e3242c6ab6e
Vu's Auto Service center inc,(904) 768-1300,http://www.vusautoservice.com/,,"1944 Tourist St, Jacksonville, FL 32208, United States",1944 Tourist St,Jacksonville,FL,32208,4.4,224,Auto repair shop,,,https://www.google.com/maps/place/Vu%27s+Auto+Service+center+inc/data=!4m7!3m6!1s0x88e5b07d8692bbc1:0xdb6d08dafaf90b88!8m2!3d30.4012765!4d-81.6835225!16s%2Fg%2F1tyt64xt!19sChIJwbuShn2w5YgRiAv5-toIbds?authuser=0&hl=en&rclk=1,auto repair shop,Duval County,county,FL,2026-07-23T05:00:52,0x88e5b07d8692bbc1:0xdb6d08dafaf90b88
Westside Automotive Inc,(904) 783-8444,http://www.westsideautofl.com/,,"1258 Cassat Ave, Jacksonville, FL 32205, United States",1258 Cassat Ave,Jacksonville,FL,32205,4.0,165,Auto repair shop,,,https://www.google.com/maps/place/Westside+Automotive+Inc/data=!4m7!3m6!1s0x88e5b85767c88bab:0xf1eb53a4b309f6e3!8m2!3d30.301495!4d-81.7308987!16s%2Fg%2F1tkp5t0n!19sChIJq4vIZ1e45YgR4_YJs6RT6_E?authuser=0&hl=en&rclk=1,auto repair shop,Duval County,county,FL,2026-07-23T05:00:52,0x88e5b85767c88bab:0xf1eb53a4b309f6e3
Discount Tire & Battery,(386) 438-9339,,,"616 N 1st St NW, Jasper, FL 32052, United States",616 N 1st St NW,Jasper,FL,32052,4.7,93,Tire shop,,,https://www.google.com/maps/place/Discount+Tire+%26+Battery/data=!4m7!3m6!1s0x88eee32a5e882a8b:0x7a8e7644f77c6a8e!8m2!3d30.5238533!4d-82.9445659!16s%2Fg%2F12629gmgy!19sChIJiyqIXirj7ogRjmp890R2jno?authuser=0&hl=en&rclk=1,auto repair shop,Hamilton County,county,FL,2026-07-23T05:59:29,0x88eee32a5e882a8b:0x7a8e7644f77c6a8e
NAPA Auto Parts - Performance 744,(386) 792-1320,https://www.napaonline.com/en/FL/Jasper/store/27721?cid=pl_jobber_google_dac_27721_ao,,"308 Hatley St W, Jasper, FL 32052, United States",308 Hatley St W,Jasper,FL,32052,4.7,101,Auto parts store,,,https://www.google.com/maps/place/NAPA+Auto+Parts+-+Performance+744/data=!4m7!3m6!1s0x88eee32a7c1eb9cf:0xcab2f123e7316f3f!8m2!3d30.518273!4d-82.950617!16s%2Fg%2F1tgnmxm3!19sChIJz7kefCrj7ogRP28x5yPxsso?authuser=0&hl=en&rclk=1,auto repair shop,Hamilton County,county,FL,2026-07-15T10:29:46,0x88eee32a7c1eb9cf:0xcab2f123e7316f3f
"Dennis' Garage, Inc.",(386) 792-2626,,,"8109 NW Co Rd 146, Jennings, FL 32053, United States",8109 NW Co Rd 146,Jennings,FL,32053,3.9,132,Towing service,,,"https://www.google.com/maps/place/Dennis%27+Garage,+Inc./data=!4m7!3m6!1s0x88eee54fadd4ba87:0x7aa35a1260c5d428!8m2!3d30.5184383!4d-83.066101!16s%2Fg%2F1tdhmnft!19sChIJh7rUrU_l7ogRKNTFYBJao3o?authuser=0&hl=en&rclk=1",auto repair shop,Taylor County,county,FL,2026-07-23T12:18:01,0x88eee54fadd4ba87:0x7aa35a1260c5d428
Clark motors inc,(772) 334-9721,http://clarkmotorsjensenbeach.com/,,"suites 2, 867 NE Dixie Hwy Ste 2 & 3, Jensen Beach, FL 34957, United States","suites 2, 867 NE Dixie Hwy Ste 2 & 3",Jensen Beach,FL,34957,4.9,52,Auto repair shop,,,https://www.google.com/maps/place/Clark+motors+inc/data=!4m7!3m6!1s0x88dee7852e175773:0x3fda25ba3cdc3ac!8m2!3d27.2199654!4d-80.2410856!16s%2Fg%2F1tjs5rpn!19sChIJc1cXLoXn3ogRrMPNo1ui_QM?authuser=0&hl=en&rclk=1,auto repair shop,Martin County,county,FL,2026-07-23T09:22:50,0x88dee7852e175773:0x3fda25ba3cdc3ac
"M&A Auto - Key West Automotive Repair, Inc",(305) 295-9259,http://keywestautorepair.com/,,"5324 3rd Ave, Key West, FL 33040, United States",5324 3rd Ave,Key West,FL,33040,5.0,7,Auto bodywork mechanic,,,"https://www.google.com/maps/place/M%26A+Auto+-+Key+West+Automotive+Repair,+Inc/data=!4m7!3m6!1s0x88d1b19e31cf19f5:0xe1eae378eebac53a!8m2!3d24.5697124!4d-81.7412275!16s%2Fg%2F11vz0g9dxc!19sChIJ9RnPMZ6x0YgROsW67njj6uE?authuser=0&hl=en&rclk=1",auto repair shop,Monroe County,county,FL,2026-07-23T09:35:41,0x88d1b19e31cf19f5:0xe1eae378eebac53a
"NAPA Auto Parts - Key's Auto Supply, Inc.",(305) 294-5201,https://www.napaonline.com/en/FL/Key-West/store/28179?cid=pl_jobber_google_dac_28179_ao,,"2334 N Roosevelt Blvd, Key West, FL 33040, United States",2334 N Roosevelt Blvd,Key West,FL,33040,4.5,139,Auto parts store,,,"https://www.google.com/maps/place/NAPA+Auto+Parts+-+Key%27s+Auto+Supply,+Inc./data=!4m7!3m6!1s0x88d1b14abd9cdd57:0x378dc6937bd1ee0b!8m2!3d24.561839!4d-81.777356!16s%2Fg%2F1txc7tx0!19sChIJV92cvUqx0YgRC-7Re5PGjTc?authuser=0&hl=en&rclk=1",auto repair shop,Monroe County,county,FL,2026-07-23T09:35:41,0x88d1b14abd9cdd57:0x378dc6937bd1ee0b
"Quality Auto & Diesel Repair, Inc.",(305) 849-2018,https://www.qualityautodiesel.com/,,"5180 Suncrest Rd, Key West, FL 33040, United States",5180 Suncrest Rd,Key West,FL,33040,4.3,128,Auto repair shop,,,"https://www.google.com/maps/place/Quality+Auto+%26+Diesel+Repair,+Inc./data=!4m7!3m6!1s0x88d1b17aa3d3c9ed:0x6d53fd20d3c568b9!8m2!3d24.5712983!4d-81.7447504!16s%2Fg%2F11bxfxh_td!19sChIJ7cnTo3qx0YgRuWjF0yD9U20?authuser=0&hl=en&rclk=1",auto repair shop,Monroe County,county,FL,2026-07-23T09:35:41,0x88d1b17aa3d3c9ed:0x6d53fd20d3c568b9
C & D Automotive Repairs Inc,(407) 201-3928,http://canddautorepairs.com/,,"2239 Clay St, Kissimmee, FL 34741, United States",2239 Clay St,Kissimmee,FL,34741,4.6,85,Auto repair shop,,,https://www.google.com/maps/place/C+%26+D+Automotive+Repairs+Inc/data=!4m7!3m6!1s0x88dd84739210ff57:0x6ee0f821a7fd9323!8m2!3d28.2805052!4d-81.427729!16s%2Fg%2F1tj58l3m!19sChIJV_8QknOE3YgRI5P9pyH44G4?authuser=0&hl=en&rclk=1,auto repair shop,Osceola County,county,FL,2026-07-23T10:10:07,0x88dd84739210ff57:0x6ee0f821a7fd9323
Car Hospital USA Inc.,(407) 908-3107,,,"409 E Donegan Ave, Kissimmee, FL 34744, United States",409 E Donegan Ave,Kissimmee,FL,34744,4.5,16,Auto repair shop,,,https://www.google.com/maps/place/Car+Hospital+USA+Inc./data=!4m7!3m6!1s0x88dd87475d618cf5:0x54742e94a638223e!8m2!3d28.3194953!4d-81.4009301!16s%2Fg%2F11fk0rrmnr!19sChIJ9YxhXUeH3YgRPiI4ppQudFQ?authuser=0&hl=en&rclk=1,auto repair shop,Osceola County,county,FL,2026-07-23T10:10:07,0x88dd87475d618cf5:0x54742e94a638223e
Elite Auto Repair & Service Inc.,(407) 483-4377,http://eliteautorepairit.com/,,"1030 American Way, Kissimmee, FL 34741, United States",1030 American Way,Kissimmee,FL,34741,4.5,331,Auto repair shop,,,https://www.google.com/maps/place/Elite+Auto+Repair+%26+Service+Inc./data=!4m7!3m6!1s0x88dd838905e67b85:0xcc8e8a6db4eff570!8m2!3d28.2814997!4d-81.4473729!16s%2Fg%2F11gsbb5m__!19sChIJhXvmBYmD3YgRcPXvtG2Kjsw?authuser=0&hl=en&rclk=1,auto repair shop,Osceola County,county,FL,2026-07-23T10:10:07,0x88dd838905e67b85:0xcc8e8a6db4eff570
Firestone Complete Auto Care,(321) 250-6795,https://www.firestonecompleteautocare.com/florida/kissimmee/1479-e-osceola-pkwy/?utm_source=google&utm_medium=organic&utm_campaign=localmaps&cmp=oloc_google_localmaps_maps,,"1479 Osceola Pkwy, Kissimmee, FL 34744, United States",1479 Osceola Pkwy,Kissimmee,FL,34744,3.9,698,Tire shop,,,https://www.google.com/maps/place/Firestone+Complete+Auto+Care/data=!4m7!3m6!1s0x88dd86f7dc461309:0x9abbd84e2542c101!8m2!3d28.3412327!4d-81.3856934!16s%2Fg%2F119w_h3r_!19sChIJCRNG3PeG3YgRAcFCJU7Yu5o?authuser=0&hl=en&rclk=1,auto repair shop,Osceola County,county,FL,2026-07-23T10:10:07,0x88dd86f7dc461309:0x9abbd84e2542c101
Gerry's Auto Repair Inc,(407) 932-5009,http://www.gerrysautorepair.net/,,"1417 E Vine St, Kissimmee, FL 34744, United States",1417 E Vine St,Kissimmee,FL,34744,4.3,172,Auto repair shop,,,https://www.google.com/maps/place/Gerry%27s+Auto+Repair+Inc/data=!4m7!3m6!1s0x88dd842bb596419f:0x1ffa33d6b835ce7c!8m2!3d28.3046703!4d-81.3882446!16s%2Fg%2F1hc3xwhg6!19sChIJn0GWtSuE3YgRfM41uNYz-h8?authuser=0&hl=en&rclk=1,auto repair shop,Osceola County,county,FL,2026-07-23T10:10:07,0x88dd842bb596419f:0x1ffa33d6b835ce7c
"M & M Auto Repair, Inc.",(407) 933-4020,http://bit.ly/M-M-Auto-Repair,,"3420 S Orange Blossom Trail, Kissimmee, FL 34746, United States",3420 S Orange Blossom Trail,Kissimmee,FL,34746,4.7,167,Auto repair shop,,,"https://www.google.com/maps/place/M+%26+M+Auto+Repair,+Inc./data=!4m7!3m6!1s0x88dd8377530bb233:0x22fb9943689422f5!8m2!3d28.2589811!4d-81.4394234!16s%2Fg%2F1v7pz8tt!19sChIJM7ILU3eD3YgR9SKUaEOZ-yI?authuser=0&hl=en&rclk=1",auto repair shop,Osceola County,county,FL,2026-07-23T10:10:07,0x88dd8377530bb233:0x22fb9943689422f5
Meta Auto Tech INC,(407) 655-8146,,,"1001 American Way A, Kissimmee, FL 34741, United States",1001 American Way A,Kissimmee,FL,34741,5.0,66,Auto repair shop,,,https://www.google.com/maps/place/Meta+Auto+Tech+INC/data=!4m7!3m6!1s0x88dd835137280901:0x12140d827f6a3b04!8m2!3d28.282122!4d-81.446201!16s%2Fg%2F11kjfkhwf2!19sChIJAQkoN1GD3YgRBDtqf4INFBI?authuser=0&hl=en&rclk=1,auto repair shop,Osceola County,county,FL,2026-07-23T10:10:07,0x88dd835137280901:0x12140d827f6a3b04
Motors Santana Services Inc,(321) 830-6572,https://santanamotors.mycarsonline.com/,,"2646 Michigan Ave Unit C, Kissimmee, FL 34744, United States",2646 Michigan Ave Unit C,Kissimmee,FL,34744,5.0,61,Auto repair shop,,,https://www.google.com/maps/place/Motors+Santana+Services+Inc/data=!4m7!3m6!1s0x88dd870fe500e1c1:0x11aee061794cb56!8m2!3d28.3245037!4d-81.393319!16s%2Fg%2F11v3ltdm72!19sChIJweEA5Q-H3YgRVsuUFwbuGgE?authuser=0&hl=en&rclk=1,auto repair shop,Osceola County,county,FL,2026-07-23T10:10:07,0x88dd870fe500e1c1:0x11aee061794cb56
Pep Boys Auto Service & Tires,(407) 502-3147,https://www.pepboys.com/stores/fl/kissimmee/2708-w-osceola-parkway?Cid=gbp_appt_AN:PB%7CPB:G%7CTT:GBP%7CCG:CONVERSION%7CCD:SERVICE,,"2708 Osceola Pkwy, Kissimmee, FL 34741, United States",2708 Osceola Pkwy,Kissimmee,FL,34741,4.1,969,Tire shop,,,https://www.google.com/maps/place/Pep+Boys+Auto+Service+%26+Tires/data=!4m7!3m6!1s0x88dd8133a8de7d3b:0x5c4cc811f4fa3080!8m2!3d28.3412914!4d-81.4321987!16s%2Fg%2F11c3tsd_yj!19sChIJO33eqDOB3YgRgDD69BHITFw?authuser=0&hl=en&rclk=1,auto repair shop,Osceola County,county,FL,2026-07-15T13:17:40,0x88dd8133a8de7d3b:0x5c4cc811f4fa3080
R & J Auto Services Inc,(407) 931-2686,,,"2958 Michigan Ave, Kissimmee, FL 34744, United States",2958 Michigan Ave,Kissimmee,FL,34744,4.7,111,Auto repair shop,,,https://www.google.com/maps/place/R+%26+J+Auto+Services+Inc/data=!4m7!3m6!1s0x88dd86f39551772b:0xb30521189273dba0!8m2!3d28.335278!4d-81.3908616!16s%2Fg%2F1wn34gxt!19sChIJK3dRlfOG3YgRoNtzkhghBbM?authuser=0&hl=en&rclk=1,auto repair shop,Osceola County,county,FL,2026-07-23T10:10:07,0x88dd86f39551772b:0xb30521189273dba0
R&R General Auto Body Shop INC,(407) 361-8445,,,"2758 Michigan Ave suites 1&2, Kissimmee, FL 34744, United States",2758 Michigan Ave suites 1&2,Kissimmee,FL,34744,4.8,17,Auto body shop,,,https://www.google.com/maps/place/R%26R+General+Auto+Body+Shop+INC/data=!4m7!3m6!1s0x88dd868cf8dff4b9:0xf3e0b23ce16882ed!8m2!3d28.328336!4d-81.3917795!16s%2Fg%2F11hbc3h3xx!19sChIJufTf-IyG3YgR7YJo4Tyy4PM?authuser=0&hl=en&rclk=1,auto repair shop,Osceola County,county,FL,2026-07-15T13:17:40,0x88dd868cf8dff4b9:0xf3e0b23ce16882ed
Shalom Auto Repair & Tires,,,,"400 W Carroll St, Kissimmee, FL 34741, United States",400 W Carroll St,Kissimmee,FL,34741,3.9,102,Auto repair shop,,,https://www.google.com/maps/place/Shalom+Auto+Repair+%26+Tires/data=!4m7!3m6!1s0x88dd86bddc079e07:0x43861e77614d6d86!8m2!3d28.3259631!4d-81.4076949!16s%2Fg%2F11dxl8crsq!19sChIJB54H3L2G3YgRhm1NYXcehkM?authuser=0&hl=en&rclk=1,auto repair shop,Osceola County,county,FL,2026-07-15T13:17:40,0x88dd86bddc079e07:0x43861e77614d6d86
Smitty's Auto Repair Inc,(407) 846-6767,https://smittysautorepair.app/,,"2639 N Orange Blossom Trail, Kissimmee, FL 34744, United States",2639 N Orange Blossom Trail,Kissimmee,FL,34744,4.8,67,Auto repair shop,,,https://www.google.com/maps/place/Smitty%27s+Auto+Repair+Inc/data=!4m7!3m6!1s0x88dd8696f660894d:0x8e98fd53acd886df!8m2!3d28.3241614!4d-81.4030008!16s%2Fg%2F1hcb63mby!19sChIJTYlg9paG3YgR34bYrFP9mI4?authuser=0&hl=en&rclk=1,auto repair shop,Osceola County,county,FL,2026-07-23T10:10:07,0x88dd8696f660894d:0x8e98fd53acd886df
M & C Premium Mechanic CORP,(786) 586-0536,,,"8029 Sandy Cir, LaBelle, FL 33935, United States",8029 Sandy Cir,LaBelle,FL,33935,4.8,22,Auto market,,,https://www.google.com/maps/place/M+%26+C+Premium+Mechanic+CORP/data=!4m7!3m6!1s0x88db85afc71a66cd:0x597fba6de1c29b7a!8m2!3d26.767017!4d-81.361606!16s%2Fg%2F11z18gc379!19sChIJzWYax6-F24gRepvC4W26f1k?authuser=0&hl=en&rclk=1,auto repair shop,Hendry County,county,FL,2026-07-23T06:09:32,0x88db85afc71a66cd:0x597fba6de1c29b7a
Roger's Automotive Inc,(863) 675-0388,,,"911 Spratt Blvd, LaBelle, FL 33935, United States",911 Spratt Blvd,LaBelle,FL,33935,5.0,1,Auto repair shop,,,https://www.google.com/maps/place/Roger%27s+Automotive+Inc/data=!4m7!3m6!1s0x88db835e373adf07:0xa28d7eb546b87aa3!8m2!3d26.749171!4d-81.431263!16s%2Fg%2F1tcv27pp!19sChIJB986N16D24gRo3q4RrV-jaI?authuser=0&hl=en&rclk=1,auto repair shop,Hendry County,county,FL,2026-07-23T06:09:32,0x88db835e373adf07:0xa28d7eb546b87aa3
Goodyear Auto Service,(352) 751-1119,https://www.goodyear.com/en-us/goodyearautoservice,,"863 US-27, Lady Lake, FL 32159, United States",863 US-27,Lady Lake,FL,32159,4.4,198,Tire shop,,,https://www.google.com/maps/place/Goodyear+Auto+Service/data=!4m7!3m6!1s0x88e7c6d5bcda9355:0xf8e361954cd0e177!8m2!3d28.9347515!4d-81.9333033!16s%2Fg%2F1tf9tnjf!19sChIJVZPavNXG54gRd-HQTJVh4_g?authuser=0&hl=en&rclk=1,auto repair shop,Sumter County,county,FL,2026-07-23T11:59:40,0x88e7c6d5bcda9355:0xf8e361954cd0e177
NAPA Auto Parts - Automotive Parts And Equip,(386) 496-2345,https://www.napaonline.com/en/FL/Lake-Butler/store/24725?cid=pl_jobber_google_dac_24725_ao,,"675 SE 6th St, Lake Butler, FL 32054, United States",675 SE 6th St,Lake Butler,FL,32054,4.4,90,Auto parts store,,,https://www.google.com/maps/place/NAPA+Auto+Parts+-+Automotive+Parts+And+Equip/data=!4m7!3m6!1s0x88ef53db96dcf099:0x2e16b1e5d5c2e0cb!8m2!3d30.019005!4d-82.329716!16s%2Fg%2F12m981kmb!19sChIJmfDclttT74gRy-DC1eWxFi4?authuser=0&hl=en&rclk=1,auto repair shop,Union County,county,FL,2026-07-23T12:23:25,0x88ef53db96dcf099:0x2e16b1e5d5c2e0cb
Jiffy Lube,(386) 755-4400,https://www.jiffylube.com/locations/fl/lake-city/1832,,"1896 W US Hwy 90, Lake City, FL 32055, United States",1896 W US Hwy 90,Lake City,FL,32055,4.2,776,Oil change service,,,https://www.google.com/maps/place/Jiffy+Lube/data=!4m7!3m6!1s0x88ef3a33e0b5acdf:0xc0d21c24b784d947!8m2!3d30.1793707!4d-82.6632642!16s%2Fg%2F1tfwfb2q!19sChIJ36y14DM674gRR9mEtyQc0sA?authuser=0&hl=en&rclk=1,auto repair shop,Lafayette County,county,FL,2026-07-15T11:41:13,0x88ef3a33e0b5acdf:0xc0d21c24b784d947
Lake City Auto Repair LLC,,,,"730 S Marion Ave, Lake City, FL 32025, United States",730 S Marion Ave,Lake City,FL,32025,4.7,26,Auto repair shop,,,https://www.google.com/maps/place/Lake+City+Auto+Repair+LLC/data=!4m7!3m6!1s0x88ef399cd50d852b:0x4bd61449a57061ab!8m2!3d30.1801269!4d-82.6371342!16s%2Fg%2F1tdwlbdx!19sChIJK4UN1Zw574gRq2FwpUkU1ks?authuser=0&hl=en&rclk=1,auto repair shop,Suwannee County,county,FL,2026-07-23T12:08:02,0x88ef399cd50d852b:0x4bd61449a57061ab
Pure Adrenaline Performance Inc,(386) 269-6592,https://pureadrenalineperformance.com/,,"10434 SW, SW County Rd 240, Lake City, FL 32024, United States","10434 SW, SW County Rd 240",Lake City,FL,32024,4.7,46,Auto repair shop,,,https://www.google.com/maps/place/Pure+Adrenaline+Performance+Inc/data=!4m7!3m6!1s0x88ef2f7c558362f5:0xf2e7f1cdbeaf2dc4!8m2!3d30.059122!4d-82.7662506!16s%2Fg%2F11frt4_v46!19sChIJ9WKDVXwv74gRxC2vvs3x5_I?authuser=0&hl=en&rclk=1,auto repair shop,Suwannee County,county,FL,2026-07-23T12:08:02,0x88ef2f7c558362f5:0xf2e7f1cdbeaf2dc4
"Wishes Auto Shop Repair, Inc.",(386) 754-0040,http://wishesauto.com/,,"1357 SE Baya Dr, Lake City, FL 32025, United States",1357 SE Baya Dr,Lake City,FL,32025,4.2,206,Auto body shop,,,"https://www.google.com/maps/place/Wishes+Auto+Shop+Repair,+Inc./data=!4m7!3m6!1s0x88ef390c685d7787:0xdec7a7b73df544ef!8m2!3d30.1827415!4d-82.6162062!16s%2Fg%2F1thvhs5f!19sChIJh3ddaAw574gR70T1Pbenx94?authuser=0&hl=en&rclk=1",auto repair shop,Suwannee County,county,FL,2026-07-23T12:08:02,0x88ef390c685d7787:0xdec7a7b73df544ef
Master Automotive Center Inc.,(561) 644-1292,https://masterautomotivefl.com/,,"849 15th St Ste 4, Lake Park, FL 33403, United States",849 15th St Ste 4,Lake Park,FL,33403,4.9,155,Auto repair shop,,,https://www.google.com/maps/place/Master+Automotive+Center+Inc./data=!4m7!3m6!1s0x88d8d5698b2cd38d:0x8baacd46201bdc68!8m2!3d26.8000258!4d-80.0821156!16s%2Fg%2F11b806ph8d!19sChIJjdMsi2nV2IgRaNwbIEbNqos?authuser=0&hl=en&rclk=1,auto repair shop,Palm Beach County,county,FL,2026-07-23T10:18:09,0x88d8d5698b2cd38d:0x8baacd46201bdc68
Restore Automotive Works,,,,"1408 N Killian Dr Ste 111, Lake Park, FL 33403, United States",1408 N Killian Dr Ste 111,Lake Park,FL,33403,4.2,36,Auto repair shop,,,https://www.google.com/maps/place/Restore+Automotive+Works/data=!4m7!3m6!1s0x88d8d5663b28c0d9:0x54337c23d03acf82!8m2!3d26.805144!4d-80.081706!16s%2Fg%2F11t15hz429!19sChIJ2cAoO2bV2IgRgs860CN8M1Q?authuser=0&hl=en&rclk=1,auto repair shop,Palm Beach County,county,FL,2026-07-15T13:24:42,0x88d8d5663b28c0d9:0x54337c23d03acf82
"Complete Auto Body of Lake Placid, Inc.",(863) 699-1331,https://www.completeautobodyinc.com/,,"1270 County Rd 621 E, Lake Placid, FL 33852, United States",1270 County Rd 621 E,Lake Placid,FL,33852,4.8,57,Auto body shop,,,"https://www.google.com/maps/place/Complete+Auto+Body+of+Lake+Placid,+Inc./data=!4m7!3m6!1s0x88dc42b9254c3857:0xcd55b80d6e30f6aa!8m2!3d27.2997823!4d-81.3241044!16s%2Fg%2F1tj2jq2n!19sChIJVzhMJblC3IgRqvYwbg24Vc0?authuser=0&hl=en&rclk=1",auto repair shop,Highlands County,county,FL,2026-07-23T06:22:35,0x88dc42b9254c3857:0xcd55b80d6e30f6aa
Lockhart Auto Care Inc,(863) 699-0440,,,"256 E Interlake Blvd, Lake Placid, FL 33852, United States",256 E Interlake Blvd,Lake Placid,FL,33852,4.3,133,Car repair and maintenance service,,,https://www.google.com/maps/place/Lockhart+Auto+Care+Inc/data=!4m7!3m6!1s0x88dc5d684aa2ec63:0x7355cf169e90471c!8m2!3d27.2969782!4d-81.3633835!16s%2Fg%2F1tfrn48w!19sChIJY-yiSmhd3IgRHEeQnhbPVXM?authuser=0&hl=en&rclk=1,auto repair shop,Glades County,county,FL,2026-07-23T05:48:48,0x88dc5d684aa2ec63:0x7355cf169e90471c
G & S Auto Repair Shop Inc,(561) 493-0060,,,"1231 N Dixie Hwy, Lake Worth Beach, FL 33460, United States",1231 N Dixie Hwy,Lake Worth Beach,FL,33460,4.8,139,Auto repair shop,,,https://www.google.com/maps/place/G+%26+S+Auto+Repair+Shop+Inc/data=!4m7!3m6!1s0x88d8d82b8fd19fd5:0x7e108e8399dd52b8!8m2!3d26.6310099!4d-80.0569235!16s%2Fg%2F1w0h89bm!19sChIJ1Z_RjyvY2IgRuFLdmYOOEH4?authuser=0&hl=en&rclk=1,auto repair shop,Palm Beach County,county,FL,2026-07-23T10:18:09,0x88d8d82b8fd19fd5:0x7e108e8399dd52b8
Palm Beach Auto Repair Inc,(561) 585-3747,,,"1520 S Dixie Hwy, Lake Worth Beach, FL 33460, United States",1520 S Dixie Hwy,Lake Worth Beach,FL,33460,3.0,2,Auto repair shop,,,https://www.google.com/maps/place/Palm+Beach+Auto+Repair+Inc/data=!4m7!3m6!1s0x88d8d8533db3eec5:0x2bc4dbb0d8b86aee!8m2!3d26.5971641!4d-80.0546885!16s%2Fg%2F1tgn5jk2!19sChIJxe6zPVPY2IgR7mq42LDbxCs?authuser=0&hl=en&rclk=1,auto repair shop,Palm Beach County,county,FL,2026-07-15T13:24:42,0x88d8d8533db3eec5:0x2bc4dbb0d8b86aee
Pman Automotive Repair Inc,(561) 762-5701,,,"1106 6th Ave N Unit 17, Lake Worth Beach, FL 33460, United States",1106 6th Ave N Unit 17,Lake Worth Beach,FL,33460,4.1,58,Auto repair shop,,,https://www.google.com/maps/place/Pman+Automotive+Repair+Inc/data=!4m7!3m6!1s0x88d8d63ed99ecfa3:0xc644e9bd775611!8m2!3d26.6221626!4d-80.059531!16s%2Fg%2F1tnmsj50!19sChIJo8-e2T7W2IgREVZ3velExgA?authuser=0&hl=en&rclk=1,auto repair shop,Palm Beach County,county,FL,2026-07-15T13:24:42,0x88d8d63ed99ecfa3:0xc644e9bd775611
Carr's Automotive Service Inc,(863) 646-4417,https://carrsautomotiveservice.com/about,,"5533 Old Rd 37, Lakeland, FL 33811, United States",5533 Old Rd 37,Lakeland,FL,33811,4.2,112,Auto repair shop,,,https://www.google.com/maps/place/Carr%27s+Automotive+Service+Inc/data=!4m7!3m6!1s0x88dd3be717981a9b:0xfe31e9cedc1d399a!8m2!3d27.9641284!4d-81.9735712!16s%2Fg%2F1tywyrmy!19sChIJmxqYF-c73YgRmjkd3M7pMf4?authuser=0&hl=en&rclk=1,auto repair shop,Polk County,county,FL,2026-07-23T10:40:27,0x88dd3be717981a9b:0xfe31e9cedc1d399a
Firestone Complete Auto Care,(863) 279-4146,https://www.firestonecompleteautocare.com/florida/lakeland/3940-us-hwy-98-n/?utm_source=google&utm_medium=organic&utm_campaign=localmaps&cmp=oloc_google_localmaps_maps,,"3940 US Hwy 98 N, Lakeland, FL 33809, United States",3940 US Hwy 98 N,Lakeland,FL,33809,4.2,573,Tire shop,,,https://www.google.com/maps/place/Firestone+Complete+Auto+Care/data=!4m7!3m6!1s0x8869094410177ed5:0xac4a49e3fa0ea2eb!8m2!3d28.0928521!4d-81.9754273!16s%2Fg%2F1vljh212!19sChIJ1X4XEEQJaYgR66IO-uNJSqw?authuser=0&hl=en&rclk=1,auto repair shop,Polk County,county,FL,2026-07-15T13:46:10,0x8869094410177ed5:0xac4a49e3fa0ea2eb
Lakeland Auto Service inc.,(863) 687-9800,https://www.facebook.com/Lakelandautoservice/,,"1323 W Memorial Blvd, Lakeland, FL 33815, United States",1323 W Memorial Blvd,Lakeland,FL,33815,4.1,88,Auto repair shop,,,https://www.google.com/maps/place/Lakeland+Auto+Service+inc./data=!4m7!3m6!1s0x88dd389844532a25:0x493a0e2f3b6acdd5!8m2!3d28.0551827!4d-81.9771685!16s%2Fg%2F1trvm7f9!19sChIJJSpTRJg43YgR1c1qOy8OOkk?authuser=0&hl=en&rclk=1,auto repair shop,Polk County,county,FL,2026-07-23T10:40:27,0x88dd389844532a25:0x493a0e2f3b6acdd5
"Maurice's Auto Body, Inc.",(863) 647-3143,https://www.mauricesautobody.com/,,"2940 Drane Field Rd, Lakeland, FL 33811, United States",2940 Drane Field Rd,Lakeland,FL,33811,4.5,545,Auto body shop,,,"https://www.google.com/maps/place/Maurice%27s+Auto+Body,+Inc./data=!4m7!3m6!1s0x88dd39987ac0ce6d:0x775590601d3c1fcb!8m2!3d27.9962054!4d-82.0059134!16s%2Fg%2F11clyh1rs7!19sChIJbc7Aepg53YgRyx88HWCQVXc?authuser=0&hl=en&rclk=1",auto repair shop,Polk County,county,FL,2026-07-23T10:40:27,0x88dd39987ac0ce6d:0x775590601d3c1fcb
Midas,(863) 797-4593,https://www.midas.com/store/fl/lakeland/3250-south-florida-avenue-33803/?shopnum=3173&utm_source=google&utm_medium=organic&utm_campaign=gbp,,"3250 Florida Ave S, Lakeland, FL 33803, United States",3250 Florida Ave S,Lakeland,FL,33803,4.6,811,Auto repair shop,,,https://www.google.com/maps/place/Midas/data=!4m7!3m6!1s0x88dd393277e0f03b:0xbe44710b237625a9!8m2!3d28.003784!4d-81.9566089!16s%2Fg%2F1td_5_d_!19sChIJO_DgdzI53YgRqSV2IwtxRL4?authuser=0&hl=en&rclk=1,auto repair shop,Polk County,county,FL,2026-07-15T13:46:10,0x88dd393277e0f03b:0xbe44710b237625a9
Pep Boys Auto Service & Tires,(863) 225-4185,https://www.pepboys.com/stores/fl/lakeland/4405-us-hwy-98-n?Cid=gbp_appt_AN:PB%7CPB:G%7CTT:GBP%7CCG:CONVERSION%7CCD:SERVICE,,"4405 US Hwy 98 N, Lakeland, FL 33809, United States",4405 US Hwy 98 N,Lakeland,FL,33809,4.4,1224,Tire shop,,,https://www.google.com/maps/place/Pep+Boys+Auto+Service+%26+Tires/data=!4m7!3m6!1s0x88dd473d2a10c307:0x51083ca8242d554b!8m2!3d28.0991213!4d-81.9725224!16s%2Fg%2F1tmbwy67!19sChIJB8MQKj1H3YgRS1UtJKg8CFE?authuser=0&hl=en&rclk=1,auto repair shop,Polk County,county,FL,2026-07-23T10:40:27,0x88dd473d2a10c307:0x51083ca8242d554b
"Service On Site of Central Florida, Inc.",(863) 668-9005,,,"3135 US-92, Lakeland, FL 33801, United States",3135 US-92,Lakeland,FL,33801,4.5,8,Truck repair shop,,,"https://www.google.com/maps/place/Service+On+Site+of+Central+Florida,+Inc./data=!4m7!3m6!1s0x88dd3f9ad8c63e71:0x5cbdb5ec455e398b!8m2!3d28.0469378!4d-81.8982053!16s%2Fg%2F1thpxn2q!19sChIJcT7G2Jo_3YgRizleRey1vVw?authuser=0&hl=en&rclk=1",auto repair shop,Polk County,county,FL,2026-07-15T13:46:10,0x88dd3f9ad8c63e71:0x5cbdb5ec455e398b
Meineke Car Care Center,(813) 527-0006,https://www.meineke.com/locations/fl/land-o-lakes-2473/?utm_source=google&utm_medium=organic&utm_campaign=gbp_website,,"2632 Land O' Lakes Blvd, Land O' Lakes, FL 34639, United States",2632 Land O' Lakes Blvd,Land O' Lakes,FL,34639,4.7,1144,Auto repair shop,,,https://www.google.com/maps/place/Meineke+Car+Care+Center/data=!4m7!3m6!1s0x88c2bbfab246969b:0xd078c4f1b70a7358!8m2!3d28.1961684!4d-82.4642263!16s%2Fg%2F1q67wc1r4!19sChIJm5ZGsvq7wogRWHMKt_HEeNA?authuser=0&hl=en&rclk=1,auto repair shop,Pasco County,county,FL,2026-07-23T10:25:48,0x88c2bbfab246969b:0xd078c4f1b70a7358
Largo Auto Care & Tire Inc,(727) 532-6778,,,"9485 Ulmerton Rd, Largo, FL 33771, United States",9485 Ulmerton Rd,Largo,FL,33771,4.8,150,Auto repair shop,,,https://www.google.com/maps/place/Largo+Auto+Care+%26+Tire+Inc/data=!4m7!3m6!1s0x88c2faf249d44659:0x70fd6719d2b5a2!8m2!3d27.8951228!4d-82.770393!16s%2Fg%2F11b75kfm9g!19sChIJWUbUSfL6wogRorXSGWf9cAA?authuser=0&hl=en&rclk=1,auto repair shop,Pinellas County,county,FL,2026-07-23T10:32:55,0x88c2faf249d44659:0x70fd6719d2b5a2
Hampton's Auto Services Inc,(352) 728-3334,,,"2323 S 14th St #1, Leesburg, FL 34748, United States",2323 S 14th St #1,Leesburg,FL,34748,4.8,268,Auto repair shop,,,https://www.google.com/maps/place/Hampton%27s+Auto+Services+Inc/data=!4m7!3m6!1s0x88e7eaeaadfec819:0x3b281fde448a7e8!8m2!3d28.7785316!4d-81.8882449!16s%2Fg%2F1tj6vnfy!19sChIJGcj-rerq54gR6KdI5P2BsgM?authuser=0&hl=en&rclk=1,auto repair shop,Sumter County,county,FL,2026-07-23T11:59:40,0x88e7eaeaadfec819:0x3b281fde448a7e8
Pep Boys Auto Service & Tires,(352) 460-1955,https://www.pepboys.com/stores/fl/leesburg/10209-highway-441?Cid=gbp_appt_AN:PB%7CPB:G%7CTT:GBP%7CCG:CONVERSION%7CCD:SERVICE,,"10209 US-441, Leesburg, FL 34788, United States",10209 US-441,Leesburg,FL,34788,4.5,545,Tire shop,,,https://www.google.com/maps/place/Pep+Boys+Auto+Service+%26+Tires/data=!4m7!3m6!1s0x88e7be864a116063:0x9e1d66132ad6a0bd!8m2!3d28.823881!4d-81.787516!16s%2Fg%2F1vmr2601!19sChIJY2ARSoa-54gRvaDWKhNmHZ4?authuser=0&hl=en&rclk=1,auto repair shop,Lake County,county,FL,2026-07-15T11:47:28,0x88e7be864a116063:0x9e1d66132ad6a0bd
Reynolds Automotive & Diesel Services Inc,(352) 303-8331,https://reynoldsautomotivedieselserviceinc.com/,,"736 Carpenter Ave, Leesburg, FL 34748, United States",736 Carpenter Ave,Leesburg,FL,34748,4.7,75,Diesel engine repair service,,,https://www.google.com/maps/place/Reynolds+Automotive+%26+Diesel+Services+Inc/data=!4m7!3m6!1s0x88e7c1da168f198f:0xdf6d8731bcbab455!8m2!3d28.803935!4d-81.8896557!16s%2Fg%2F11h229746d!19sChIJjxmPFtrB54gRVbS6vDGHbd8?authuser=0&hl=en&rclk=1,auto repair shop,Sumter County,county,FL,2026-07-15T14:34:28,0x88e7c1da168f198f:0xdf6d8731bcbab455
Alpha Auto Services Inc.,(239) 785-0925,https://alphaautoservicesinc.com/,,"1810 Floyd Ave S, Lehigh Acres, FL 33976, United States",1810 Floyd Ave S,Lehigh Acres,FL,33976,4.7,123,Auto repair shop,,,https://www.google.com/maps/place/Alpha+Auto+Services+Inc./data=!4m7!3m6!1s0x88db6d6ac351877b:0x862de882e0f2650d!8m2!3d26.5942842!4d-81.712!16s%2Fg%2F11t6h57xp9!19sChIJe4dRw2pt24gRDWXy4ILoLYY?authuser=0&hl=en&rclk=1,auto repair shop,Lee County,county,FL,2026-07-23T07:10:12,0x88db6d6ac351877b:0x862de882e0f2650d
"Express Auto Repair,inc",(239) 369-2886,,,"1335 Homestead Rd N, Lehigh Acres, FL 33936, United States",1335 Homestead Rd N,Lehigh Acres,FL,33936,4.3,38,Auto repair shop,,,"https://www.google.com/maps/place/Express+Auto+Repair,inc/data=!4m7!3m6!1s0x88db7251f72ec0a1:0x81e99d70ac3b99e9!8m2!3d26.6092131!4d-81.6534708!16s%2Fg%2F12605_t8t!19sChIJocAu91Fy24gR6Zk7rHCd6YE?authuser=0&hl=en&rclk=1",auto repair shop,Glades County,county,FL,2026-07-23T05:48:48,0x88db7251f72ec0a1:0x81e99d70ac3b99e9
M & M Automotive & Diagnostic Inc.,(239) 369-7020,,,"109 Gretchen Ave S #2002, Lehigh Acres, FL 33973, United States",109 Gretchen Ave S #2002,Lehigh Acres,FL,33973,4.5,36,Auto repair shop,,,https://www.google.com/maps/place/M+%26+M+Automotive+%26+Diagnostic+Inc./data=!4m7!3m6!1s0x88db6da2ef85cde1:0x9f53c8decc32a087!8m2!3d26.6122985!4d-81.7148192!16s%2Fg%2F1thqbnqs!19sChIJ4c2F76Jt24gRh6AyzN7IU58?authuser=0&hl=en&rclk=1,auto repair shop,Glades County,county,FL,2026-07-23T05:48:48,0x88db6da2ef85cde1:0x9f53c8decc32a087
The Professional Auto Mechanic inc,(239) 369-6151,http://www.professionalautomechanic.com/,,"3305 Lee Blvd #1310, Lehigh Acres, FL 33971, United States",3305 Lee Blvd #1310,Lehigh Acres,FL,33971,4.6,124,Auto repair shop,,,https://www.google.com/maps/place/The+Professional+Auto+Mechanic+inc/data=!4m7!3m6!1s0x88db727140154f8d:0x4543f52d00e5aedf!8m2!3d26.6168392!4d-81.6844403!16s%2Fg%2F1wk6_k_w!19sChIJjU8VQHFy24gR367lAC31Q0U?authuser=0&hl=en&rclk=1,auto repair shop,Glades County,county,FL,2026-07-23T05:48:48,0x88db727140154f8d:0x4543f52d00e5aedf
"Toledo Auto Repair, Inc",(239) 410-4169,,,"551 Westgate Blvd #107, Lehigh Acres, FL 33971, United States",551 Westgate Blvd #107,Lehigh Acres,FL,33971,4.8,72,Auto repair shop,,,"https://www.google.com/maps/place/Toledo+Auto+Repair,+Inc/data=!4m7!3m6!1s0x88db7332f917246d:0x6a11083a376c0f45!8m2!3d26.6178989!4d-81.7493466!16s%2Fg%2F11kqhvs758!19sChIJbSQX-TJz24gRRQ9sNzoIEWo?authuser=0&hl=en&rclk=1",auto repair shop,Lee County,county,FL,2026-07-23T07:10:12,0x88db7332f917246d:0x6a11083a376c0f45
American Auto Body Inc.,(386) 364-1479,http://american-inc-live-oak.poi.place/,,"13508 US-90 W, Live Oak, FL 32060, United States",13508 US-90 W,Live Oak,FL,32060,4.6,105,Auto body shop,,,https://www.google.com/maps/place/American+Auto+Body+Inc./data=!4m7!3m6!1s0x88eedda19b64874f:0xc7bc1f484ee82807!8m2!3d30.31397!4d-83.026338!16s%2Fg%2F1tgwnj7x!19sChIJT4dkm6Hd7ogRByjoTkgfvMc?authuser=0&hl=en&rclk=1,auto repair shop,Suwannee County,county,FL,2026-07-23T12:08:02,0x88eedda19b64874f:0xc7bc1f484ee82807
"Dennis' Garage, Inc.",(386) 364-4123,,,"487 Goldkist Blvd SW, Live Oak, FL 32064, United States",487 Goldkist Blvd SW,Live Oak,FL,32064,4.4,74,Towing service,,,"https://www.google.com/maps/place/Dennis%27+Garage,+Inc./data=!4m7!3m6!1s0x88eeddceb1d68791:0xa4f7b155656e8f7d!8m2!3d30.3028055!4d-83.0078322!16s%2Fg%2F11c1qrbxw4!19sChIJkYfWsc7d7ogRfY9uZVWx96Q?authuser=0&hl=en&rclk=1",auto repair shop,Suwannee County,county,FL,2026-07-23T12:08:02,0x88eeddceb1d68791:0xa4f7b155656e8f7d
Furst Automotive & Cycle Inc,(386) 364-8310,,,"109 Duval St NW, Live Oak, FL 32064, United States",109 Duval St NW,Live Oak,FL,32064,4.7,126,Auto repair shop,,,https://www.google.com/maps/place/Furst+Automotive+%26+Cycle+Inc/data=!4m7!3m6!1s0x88eede7cc124ca25:0x74733f94884f23fc!8m2!3d30.2979114!4d-82.9840445!16s%2Fg%2F1hc66wc0k!19sChIJJcokwXze7ogR_CNPiJQ_c3Q?authuser=0&hl=en&rclk=1,auto repair shop,Suwannee County,county,FL,2026-07-23T12:08:02,0x88eede7cc124ca25:0x74733f94884f23fc
Gillette's Auto Inc.,(386) 362-5171,,,"4673 US-129, Live Oak, FL 32060, United States",4673 US-129,Live Oak,FL,32060,4.7,64,Auto repair shop,,,https://www.google.com/maps/place/Gillette%27s+Auto+Inc./data=!4m7!3m6!1s0x88eee11ec950698b:0x8c061325d2dda82c!8m2!3d30.3650369!4d-82.9420472!16s%2Fg%2F11f5vbnqph!19sChIJi2lQyR7h7ogRLKjd0iUTBow?authuser=0&hl=en&rclk=1,auto repair shop,Columbia County,county,FL,2026-07-23T04:34:37,0x88eee11ec950698b:0x8c061325d2dda82c
Joe's Rancho and Services,,,,"12377 144th Terrace, Live Oak, FL 32060, United States",12377 144th Terrace,Live Oak,FL,32060,5.0,1,Auto repair shop,,,https://www.google.com/maps/place/Joe%27s+Rancho+and+Services/data=!4m7!3m6!1s0x88eedb9c63ad302f:0x202a9fa4908f3c88!8m2!3d30.1877702!4d-83.0037933!16s%2Fg%2F11kjckn3kv!19sChIJLzCtY5zb7ogRiDyPkKSfKiA?authuser=0&hl=en&rclk=1,auto repair shop,Lafayette County,county,FL,2026-07-23T06:55:26,0x88eedb9c63ad302f:0x202a9fa4908f3c88
Take 5 Oil Change,(386) 246-7255,https://www.take5.com/locations/oil-change/florida/live-oak/30476/?utm_source=google&utm_medium=organic&utm_campaign=gbp_website,,"903 Ohio Ave S, Live Oak, FL 32064, United States",903 Ohio Ave S,Live Oak,FL,32064,4.6,1105,Oil change service,,,https://www.google.com/maps/place/Take+5+Oil+Change/data=!4m7!3m6!1s0x88eede86aa96e235:0xbed97c72365b2351!8m2!3d30.2885663!4d-82.9874289!16s%2Fg%2F1hhhgzh_b!19sChIJNeKWqobe7ogRUSNbNnJ82b4?authuser=0&hl=en&rclk=1,auto repair shop,Suwannee County,county,FL,2026-07-23T12:08:02,0x88eede86aa96e235:0xbed97c72365b2351
Walmart Auto Care Center,(386) 330-2499,https://www.walmart.com/store/2626-live-oak-fl/auto-care-center/?veh=seo_loc,,"6868 US-129, Live Oak, FL 32060, United States",6868 US-129,Live Oak,FL,32060,3.6,141,Oil change service,,,https://www.google.com/maps/place/Walmart+Auto+Care+Center/data=!4m7!3m6!1s0x88eede3b9f69e70b:0x2d956e11a991cacc!8m2!3d30.3245978!4d-82.9641018!16s%2Fg%2F11z1yrpg0!19sChIJC-dpnzve7ogRzMqRqRFulS0?authuser=0&hl=en&rclk=1,auto repair shop,Suwannee County,county,FL,2026-07-15T14:37:44,0x88eede3b9f69e70b:0x2d956e11a991cacc
"Autobahn German Auto Repair & Sales, Inc.",(407) 831-2899,http://www.autobahnlongwood.com/,,"115 Mingo Trail, Longwood, FL 32750, United States",115 Mingo Trail,Longwood,FL,32750,4.7,99,Auto repair shop,,,"https://www.google.com/maps/place/Autobahn+German+Auto+Repair+%26+Sales,+Inc./data=!4m7!3m6!1s0x88e772137baded19:0xf574442705339d0c!8m2!3d28.6972298!4d-81.3561028!16s%2Fg%2F1tzzwb79!19sChIJGe2texNy54gRDJ0zBSdEdPU?authuser=0&hl=en&rclk=1",auto repair shop,Seminole County,county,FL,2026-07-23T11:54:17,0x88e772137baded19:0xf574442705339d0c
"A, R&R, Inc.",(904) 259-4774,,,"11837 FL-121, Macclenny, FL 32063, United States",11837 FL-121,Macclenny,FL,32063,4.4,56,Towing service,,,"https://www.google.com/maps/place/A,+R%26R,+Inc./data=!4m7!3m6!1s0x88e5f4ba9527fc37:0x238f3cc2a49128fe!8m2!3d30.2998925!4d-82.1252712!16s%2Fg%2F1v4704yz!19sChIJN_wnlbr05YgR_iiRpMI8jyM?authuser=0&hl=en&rclk=1",auto repair shop,Baker County,county,FL,2026-07-23T03:20:59,0x88e5f4ba9527fc37:0x238f3cc2a49128fe
Jiffy Lube Oil Change,(904) 259-8899,https://www.jiffylube.com/locations/fl/macclenny/1825,,"1445 S 6th St, Macclenny, FL 32063, United States",1445 S 6th St,Macclenny,FL,32063,4.8,771,Oil change service,,,https://www.google.com/maps/place/Jiffy+Lube+Oil+Change/data=!4m7!3m6!1s0x88e5f366d293279f:0xe329fb7a15897a67!8m2!3d30.264328!4d-82.1221872!16s%2Fg%2F1tgpc2k1!19sChIJnyeT0mbz5YgRZ3qJFXr7KeM?authuser=0&hl=en&rclk=1,auto repair shop,Baker County,county,FL,2026-07-23T03:20:59,0x88e5f366d293279f:0xe329fb7a15897a67
"Jimmy's Automotive Repair, Inc.",(904) 259-2054,https://jimmysautorepairfl.com/,,"959 W Macclenny Ave, Macclenny, FL 32063, United States",959 W Macclenny Ave,Macclenny,FL,32063,4.7,118,Auto repair shop,,,"https://www.google.com/maps/place/Jimmy%27s+Automotive+Repair,+Inc./data=!4m7!3m6!1s0x88e5f4af9a9b0393:0x6d7fdcae954b100!8m2!3d30.2807171!4d-82.1367465!16s%2Fg%2F1vvr70ds!19sChIJkwObmq_05YgRALFU6cr91wY?authuser=0&hl=en&rclk=1",auto repair shop,Baker County,county,FL,2026-07-23T03:20:59,0x88e5f4af9a9b0393:0x6d7fdcae954b100
"Macc's Glass, Inc.",(904) 259-6070,http://maccsglassinc.com/,,"33 E Macclenny Ave, Macclenny, FL 32063, United States",33 E Macclenny Ave,Macclenny,FL,32063,4.8,56,Glass & mirror shop,,,"https://www.google.com/maps/place/Macc%27s+Glass,+Inc./data=!4m7!3m6!1s0x88e5f351244be6ff:0x3fe7a53aaadcde62!8m2!3d30.2827332!4d-82.1217727!16s%2Fg%2F11bws8q0ym!19sChIJ_-ZLJFHz5YgRYt7cqjql5z8?authuser=0&hl=en&rclk=1",auto repair shop,Baker County,county,FL,2026-07-23T03:20:59,0x88e5f351244be6ff:0x3fe7a53aaadcde62
Marvel Auto Restoration Inc,(904) 233-0980,,,"10522 St Marys Cir E, Macclenny, FL 32063, United States",10522 St Marys Cir E,Macclenny,FL,32063,5.0,2,Auto restoration service,,,https://www.google.com/maps/place/Marvel+Auto+Restoration+Inc/data=!4m7!3m6!1s0x88e5f5e1585a8851:0x9481f364640606a4!8m2!3d30.2822543!4d-82.1429529!16s%2Fg%2F11s98nfgmv!19sChIJUYhaWOH15YgRpAYGZGTzgZQ?authuser=0&hl=en&rclk=1,auto repair shop,Baker County,county,FL,2026-07-15T08:16:55,0x88e5f5e1585a8851:0x9481f364640606a4
Moran's Auto Parts Inc,(904) 259-3828,,,"159 W Macclenny Ave, Macclenny, FL 32063, United States",159 W Macclenny Ave,Macclenny,FL,32063,3.0,3,Auto parts store,,,https://www.google.com/maps/place/Moran%27s+Auto+Parts+Inc/data=!4m7!3m6!1s0x88e5f3570333efa1:0x32207da20f14788d!8m2!3d30.2825391!4d-82.1248826!16s%2Fg%2F1wj_6vt1!19sChIJoe8zA1fz5YgRjXgUD6J9IDI?authuser=0&hl=en&rclk=1,auto repair shop,Baker County,county,FL,2026-07-15T08:16:55,0x88e5f3570333efa1:0x32207da20f14788d
Mpw,,,,"15636 FL-121, Macclenny, FL 32063, United States",15636 FL-121,Macclenny,FL,32063,2.0,3,Car repair and maintenance service,,,https://www.google.com/maps/place/Mpw/data=!4m7!3m6!1s0x88e58b8bcd5dbcdd:0x388516865c96fb05!8m2!3d30.3550194!4d-82.1306399!16s%2Fg%2F11gxsbz7pd!19sChIJ3bxdzYuL5YgRBfuWXIYWhTg?authuser=0&hl=en&rclk=1,auto repair shop,Baker County,county,FL,2026-07-23T03:20:59,0x88e58b8bcd5dbcdd:0x388516865c96fb05
NAPA Auto Parts,(904) 259-2851,https://www.napaonline.com/en/FL/Macclenny/store/24081?cid=pl_gpc_google_dac_24081_ao,,"264 W Macclenny Ave, Macclenny, FL 32063, United States",264 W Macclenny Ave,Macclenny,FL,32063,4.5,52,Auto parts store,,,https://www.google.com/maps/place/NAPA+Auto+Parts/data=!4m7!3m6!1s0x88e5f357b92a3523:0x9da2f6928d5e1458!8m2!3d30.281183!4d-82.126266!16s%2Fg%2F1tcw4fpj!19sChIJIzUquVfz5YgRWBRejZL2op0?authuser=0&hl=en&rclk=1,auto repair shop,Baker County,county,FL,2026-07-23T03:21:00,0x88e5f357b92a3523:0x9da2f6928d5e1458
O'Reilly Auto Parts,(904) 259-8701,https://locations.oreillyauto.com/en-us/fl/macclenny/autoparts-1897.html,,"757 W Macclenny Ave, Macclenny, FL 32063, United States",757 W Macclenny Ave,Macclenny,FL,32063,4.4,171,Auto parts store,,,https://www.google.com/maps/place/O%27Reilly+Auto+Parts/data=!4m7!3m6!1s0x88e5f4a8b339e507:0x286a2fe4b0058852!8m2!3d30.2812167!4d-82.1342596!16s%2Fg%2F1tfgkmyb!19sChIJB-U5s6j05YgRUogFsOQvaig?authuser=0&hl=en&rclk=1,auto repair shop,Baker County,county,FL,2026-07-15T08:16:55,0x88e5f4a8b339e507:0x286a2fe4b0058852
R H Davis Oil Co Inc,(904) 259-1999,,,"11907 FL-121, Macclenny, FL 32063, United States",11907 FL-121,Macclenny,FL,32063,5.0,7,Auto repair shop,,,https://www.google.com/maps/place/R+H+Davis+Oil+Co+Inc/data=!4m7!3m6!1s0x88e58ca86261660b:0x2d1bf802e5404e3!8m2!3d30.3011738!4d-82.1254342!16s%2Fg%2F1tmqs5gk!19sChIJC2ZhYqiM5YgR4wRULoC_0QI?authuser=0&hl=en&rclk=1,auto repair shop,Baker County,county,FL,2026-07-23T03:20:59,0x88e58ca86261660b:0x2d1bf802e5404e3
Walmart Auto Care Center,(904) 259-4807,https://www.walmart.com/store/1205-macclenny-fl/auto-care-center/?veh=seo_loc,,"9218 FL-228, Macclenny, FL 32063, United States",9218 FL-228,Macclenny,FL,32063,3.7,149,Oil change service,,,https://www.google.com/maps/place/Walmart+Auto+Care+Center/data=!4m7!3m6!1s0x88e58ca9aa548b03:0x49a4cbfb154ecd2a!8m2!3d30.2629015!4d-82.1089603!16s%2Fg%2F1tk8cygg!19sChIJA4tUqqmM5YgRKs1OFfvLpEk?authuser=0&hl=en&rclk=1,auto repair shop,Baker County,county,FL,2026-07-23T03:20:59,0x88e58ca9aa548b03:0x49a4cbfb154ecd2a
Webber Tire Co Inc,(904) 259-2224,,,"9 E Macclenny Ave, Macclenny, FL 32063, United States",9 E Macclenny Ave,Macclenny,FL,32063,4.6,110,Tire shop,,,https://www.google.com/maps/place/Webber+Tire+Co+Inc/data=!4m7!3m6!1s0x88e5f3512e9d2d2b:0x11614dc15d3b0fb9!8m2!3d30.2826046!4d-82.1220457!16s%2Fg%2F1td4kyr1!19sChIJKy2dLlHz5YgRuQ87XcFNYRE?authuser=0&hl=en&rclk=1,auto repair shop,Baker County,county,FL,2026-07-23T03:20:59,0x88e5f3512e9d2d2b:0x11614dc15d3b0fb9
Jimmie's Firestone & 24/7 Roadside & Towing Services,(850) 973-8546,,,"6025 FL-53, Madison, FL 32340, United States",6025 FL-53,Madison,FL,32340,4.2,225,Tire shop,,,https://www.google.com/maps/place/Jimmie%27s+Firestone+%26+24%2F7+Roadside+%26+Towing+Services/data=!4m7!3m6!1s0x88ee965f39dc2dab:0xb2cf6dd74a8adfc3!8m2!3d30.4036493!4d-83.3621226!16s%2Fg%2F1v3knx6d!19sChIJqy3cOV-W7ogRw9-KStdtz7I?authuser=0&hl=en&rclk=1,auto repair shop,Taylor County,county,FL,2026-07-23T12:18:01,0x88ee965f39dc2dab:0xb2cf6dd74a8adfc3
Madison Automotive Repair Service,,,,"1411 S. State Rd 53, Madison, FL 32340, United States",1411 S. State Rd 53,Madison,FL,32340,4.5,182,Auto repair shop,,,https://www.google.com/maps/place/Madison+Automotive+Repair+Service/data=!4m7!3m6!1s0x88ee90b2510b0b59:0x53d6ea75e003d729!8m2!3d30.4563007!4d-83.4084625!16s%2Fg%2F11fxdnh6tn!19sChIJWQsLUbKQ7ogRKdcD4HXq1lM?authuser=0&hl=en&rclk=1,auto repair shop,Taylor County,county,FL,2026-07-23T12:18:01,0x88ee90b2510b0b59:0x53d6ea75e003d729
Firestone Complete Auto Care,(850) 317-8732,https://www.firestonecompleteautocare.com/florida/marianna/4386-lafayette-st/?utm_source=google&utm_medium=organic&utm_campaign=localmaps&cmp=oloc_google_localmaps_maps,,"4386 Lafayette St, Marianna, FL 32446, United States",4386 Lafayette St,Marianna,FL,32446,4.3,669,Tire shop,,,https://www.google.com/maps/place/Firestone+Complete+Auto+Care/data=!4m7!3m6!1s0x889320f7e77ab1e3:0x4aee15dcb70f8f5e!8m2!3d30.7753182!4d-85.2303156!16s%2Fg%2F1vl5hkfj!19sChIJ47F65_cgk4gRXo8Pt9wV7ko?authuser=0&hl=en&rclk=1,auto repair shop,Calhoun County,county,FL,2026-07-23T03:58:09,0x889320f7e77ab1e3:0x4aee15dcb70f8f5e
John Bryan's Automotive Inc.,(850) 482-4594,,,"2900 Borden St, Marianna, FL 32448, United States",2900 Borden St,Marianna,FL,32448,4.0,108,Auto repair shop,,,https://www.google.com/maps/place/John+Bryan%27s+Automotive+Inc./data=!4m7!3m6!1s0x8893205a6c3444c5:0x58954f38658f0507!8m2!3d30.7761859!4d-85.2362823!16s%2Fg%2F1tykw4yr!19sChIJxUQ0bFogk4gRBwWPZThPlVg?authuser=0&hl=en&rclk=1,auto repair shop,Calhoun County,county,FL,2026-07-23T03:58:09,0x8893205a6c3444c5:0x58954f38658f0507
Mallory Towing & Recovery Inc,(850) 526-5646,https://mallorytowing.com/?utm_source=omg-gbp&utm_medium=webclick,,"4141 Lafayette St, Marianna, FL 32446, United States",4141 Lafayette St,Marianna,FL,32446,4.2,64,Towing service,,,https://www.google.com/maps/place/Mallory+Towing+%26+Recovery+Inc/data=!4m7!3m6!1s0x889320406c57d8d1:0xc96d20db211db595!8m2!3d30.7844837!4d-85.2508827!16s%2Fg%2F1t_wq3r8!19sChIJ0dhXbEAgk4gRlbUdIdsgbck?authuser=0&hl=en&rclk=1,auto repair shop,Jackson County,county,FL,2026-07-23T06:48:55,0x889320406c57d8d1:0xc96d20db211db595
Marianna Chevrolet Service,,,,"4205 Lafayette St, Marianna, FL 32446, United States",4205 Lafayette St,Marianna,FL,32446,5.0,1,Auto repair shop,,,https://www.google.com/maps/place/Marianna+Chevrolet+Service/data=!4m7!3m6!1s0x8893210003228d09:0x22cd740df644b163!8m2!3d30.7821245!4d-85.2458854!16s%2Fg%2F11vwxbjgt6!19sChIJCY0iAwAhk4gRY7FE9g10zSI?authuser=0&hl=en&rclk=1,auto repair shop,Jackson County,county,FL,2026-07-23T06:48:55,0x8893210003228d09:0x22cd740df644b163
"RoadMart Inc. - Marianna, FL",(850) 526-1950,https://roadmarttire.com/,,"4716 US-90, Marianna, FL 32446, United States",4716 US-90,Marianna,FL,32446,4.0,142,Auto repair shop,,,"https://www.google.com/maps/place/RoadMart+Inc.+-+Marianna,+FL/data=!4m7!3m6!1s0x889320d9b71fcfff:0x92a92fd1a8a60053!8m2!3d30.764617!4d-85.2011301!16s%2Fg%2F1tf36r1f!19sChIJ_88ft9kgk4gRUwCmqNEvqZI?authuser=0&hl=en&rclk=1",auto repair shop,Calhoun County,county,FL,2026-07-23T03:58:09,0x889320d9b71fcfff:0x92a92fd1a8a60053
Take 5 Oil Change,(850) 250-5574,https://www.take5.com/locations/oil-change/florida/marianna/30983/?utm_source=google&utm_medium=organic&utm_campaign=gbp_website,,"2193 FL-71, Marianna, FL 32448, United States",2193 FL-71,Marianna,FL,32448,4.7,252,Oil change service,,,https://www.google.com/maps/place/Take+5+Oil+Change/data=!4m7!3m6!1s0x88932766517b4c45:0x37e4a4058ff8b759!8m2!3d30.7246988!4d-85.18648!16s%2Fg%2F11ycdzvkth!19sChIJRUx7UWYnk4gRWbf4jwWk5Dc?authuser=0&hl=en&rclk=1,auto repair shop,Jackson County,county,FL,2026-07-23T06:48:54,0x88932766517b4c45:0x37e4a4058ff8b759
Walmart Auto Care Center,(850) 526-0064,https://www.walmart.com/store/1375-marianna-fl/auto-care-center/?veh=seo_loc,,"2255 FL-71, Marianna, FL 32448, United States",2255 FL-71,Marianna,FL,32448,3.5,146,Oil change service,,,https://www.google.com/maps/place/Walmart+Auto+Care+Center/data=!4m7!3m6!1s0x889326b294cbe3b7:0x3de53d4936e555d5!8m2!3d30.728613!4d-85.188686!16s%2Fg%2F1hf3n_jcz!19sChIJt-PLlLImk4gR1VXlNkk95T0?authuser=0&hl=en&rclk=1,auto repair shop,Jackson County,county,FL,2026-07-23T06:48:55,0x889326b294cbe3b7:0x3de53d4936e555d5
"Yolo Automotive Group, Inc.",(850) 526-7253,http://www.goyoloauto.com/,,"4352 Lafayette St, Marianna, FL 32446, United States",4352 Lafayette St,Marianna,FL,32446,4.8,122,Car dealer,,,"https://www.google.com/maps/place/Yolo+Automotive+Group,+Inc./data=!4m7!3m6!1s0x8893205855a8cd8f:0xd3b36165671391b0!8m2!3d30.7762945!4d-85.2332076!16s%2Fg%2F11b6xf5b2b!19sChIJj82oVVggk4gRsJETZ2Vhs9M?authuser=0&hl=en&rclk=1",auto repair shop,Jackson County,county,FL,2026-07-23T06:48:55,0x8893205855a8cd8f:0xd3b36165671391b0
Mayo Truck Clinic Inc,(386) 294-2027,,,"4075 NE County Rd 354, Mayo, FL 32066, United States",4075 NE County Rd 354,Mayo,FL,32066,3.4,5,Truck repair shop,,,https://www.google.com/maps/place/Mayo+Truck+Clinic+Inc/data=!4m7!3m6!1s0x88eece9aac99061b:0x69f66501db3ba913!8m2!3d30.0837726!4d-83.1305618!16s%2Fg%2F1trtw4b_!19sChIJGwaZrJrO7ogRE6k72wFl9mk?authuser=0&hl=en&rclk=1,auto repair shop,Lafayette County,county,FL,2026-07-23T06:55:26,0x88eece9aac99061b:0x69f66501db3ba913
NAPA Auto Parts - Hamlin Auto Supply Inc,(386) 294-1114,https://www.napaonline.com/en/FL/Mayo/store/22090?cid=pl_jobber_google_dac_22090_ao,,"718 E Main St, Mayo, FL 32066, United States",718 E Main St,Mayo,FL,32066,4.7,100,Auto parts store,,,https://www.google.com/maps/place/NAPA+Auto+Parts+-+Hamlin+Auto+Supply+Inc/data=!4m7!3m6!1s0x88eecc0a85ed02a1:0x49963646fe0b460d!8m2!3d30.052588!4d-83.165025!16s%2Fg%2F1tqcm148!19sChIJoQLthQrM7ogRDUYL_kY2lkk?authuser=0&hl=en&rclk=1,auto repair shop,Lafayette County,county,FL,2026-07-23T06:55:26,0x88eecc0a85ed02a1:0x49963646fe0b460d
W R Williams Distributors Inc,(386) 294-1888,,,"1404 E Main St, Mayo, FL 32066, United States",1404 E Main St,Mayo,FL,32066,4.8,125,Tire shop,,,https://www.google.com/maps/place/W+R+Williams+Distributors+Inc/data=!4m7!3m6!1s0x88eecc13a9090a9f:0x1b08b1223490e440!8m2!3d30.0526719!4d-83.1534171!16s%2Fg%2F1v2ky7w1!19sChIJnwoJqRPM7ogRQOSQNCKxCBs?authuser=0&hl=en&rclk=1,auto repair shop,Suwannee County,county,FL,2026-07-23T12:08:02,0x88eecc13a9090a9f:0x1b08b1223490e440
Champion Auto of Brevard Corp,(269) 251-1032,https://www.facebook.com/profile.php?id=100087161755804&mibextid=LQQJ4d,,"2885 Electronics Dr Unit D10, Melbourne, FL 32935, United States",2885 Electronics Dr Unit D10,Melbourne,FL,32935,4.5,15,Auto repair shop,,,https://www.google.com/maps/place/Champion+Auto+of+Brevard+Corp/data=!4m7!3m6!1s0x88de13dcfe956a0b:0xf9659a3e4953fe2!8m2!3d28.1390469!4d-80.6699757!16s%2Fg%2F11s4zps3rg!19sChIJC2qV_twT3ogR4j-V5KNZlg8?authuser=0&hl=en&rclk=1,auto repair shop,Brevard County,county,FL,2026-07-23T03:42:45,0x88de13dcfe956a0b:0xf9659a3e4953fe2
Dewey's Transmissions And Auto Repair Inc,(321) 259-0505,,,"1835 Aurora Rd, Melbourne, FL 32935, United States",1835 Aurora Rd,Melbourne,FL,32935,4.7,69,Transmission shop,,,https://www.google.com/maps/place/Dewey%27s+Transmissions+And+Auto+Repair+Inc/data=!4m7!3m6!1s0x88de0fc6efb5cb1b:0xae85e881513a1572!8m2!3d28.1351424!4d-80.6512956!16s%2Fg%2F1tffq4k3!19sChIJG8u178YP3ogRchU6UYHoha4?authuser=0&hl=en&rclk=1,auto repair shop,Brevard County,county,FL,2026-07-23T03:42:45,0x88de0fc6efb5cb1b:0xae85e881513a1572
A Auto Tech Inc,(305) 448-4100,http://www.aautotech.com/,,"3051 SW 38th Ct, Miami, FL 33146, United States",3051 SW 38th Ct,Miami,FL,33146,4.8,302,Auto body shop,,,https://www.google.com/maps/place/A+Auto+Tech+Inc/data=!4m7!3m6!1s0x88d9b7ea4be447d9:0xc40d896c2414eca!8m2!3d25.7338563!4d-80.2566882!16s%2Fg%2F1tdvw33k!19sChIJ2UfkS-q32YgRyk5BwpbYQAw?authuser=0&hl=en&rclk=1,auto repair shop,Miami-Dade County,county,FL,2026-07-23T09:29:17,0x88d9b7ea4be447d9:0xc40d896c2414eca
Alignment Kings Inc.,(305) 974-5020,http://kingsalignment.com/,,"17100 NW 2nd Ct BAY 4, Miami, FL 33169, United States",17100 NW 2nd Ct BAY 4,Miami,FL,33169,4.8,158,Wheel alignment service,,,https://www.google.com/maps/place/Alignment+Kings+Inc./data=!4m7!3m6!1s0x88d9af02a3c11b27:0xde39531cd164e333!8m2!3d25.931897!4d-80.206115!16s%2Fg%2F11s6xfts90!19sChIJJxvBowKv2YgRM-Nk0RxTOd4?authuser=0&hl=en&rclk=1,auto repair shop,Miami,city,FL,2026-07-23T12:24:43,0x88d9af02a3c11b27:0xde39531cd164e333
All Mechanic Corp,(305) 441-1464,,,"7018 SW 4th St, Miami, FL 33144, United States",7018 SW 4th St,Miami,FL,33144,4.9,54,Auto repair shop,,,https://www.google.com/maps/place/All+Mechanic+Corp/data=!4m7!3m6!1s0x88d9b93bf8b5e22f:0x98f02ba1a2e32b9!8m2!3d25.7657446!4d-80.3086975!16s%2Fg%2F1tdvkzzc!19sChIJL-K1-Du52YgRuTIuGroCjwk?authuser=0&hl=en&rclk=1,auto repair shop,Miami-Dade County,county,FL,2026-07-23T09:29:17,0x88d9b93bf8b5e22f:0x98f02ba1a2e32b9
Artemisa Japanese Car Care Inc,(305) 262-7467,,,"6966 SW 4th St, Miami, FL 33144, United States",6966 SW 4th St,Miami,FL,33144,4.6,22,Auto repair shop,,,https://www.google.com/maps/place/Artemisa+Japanese+Car+Care+Inc/data=!4m7!3m6!1s0x88d9b9b2e92dd119:0xa4a44fae8bc739ac!8m2!3d25.766222!4d-80.3084549!16s%2Fg%2F1vmr258f!19sChIJGdEt6bK52YgRrDnHi65PpKQ?authuser=0&hl=en&rclk=1,auto repair shop,Miami-Dade County,county,FL,2026-07-23T09:29:17,0x88d9b9b2e92dd119:0xa4a44fae8bc739ac
"Auto Miami, Inc.",(305) 262-5559,,,"7300 SW 42nd St, Miami, FL 33155, United States",7300 SW 42nd St,Miami,FL,33155,4.9,58,Auto repair shop,,,"https://www.google.com/maps/place/Auto+Miami,+Inc./data=!4m7!3m6!1s0x88d9b864dddf9b93:0x1ecc2cff1ebdd4d1!8m2!3d25.7313737!4d-80.3131274!16s%2Fg%2F1tffd_hp!19sChIJk5vf3WS42YgR0dS9Hv8szB4?authuser=0&hl=en&rclk=1",auto repair shop,Miami,city,FL,2026-07-23T12:56:09,0x88d9b864dddf9b93:0x1ecc2cff1ebdd4d1
B & T Tire Repair Inc,(786) 285-0427,,,"5600 NW 2nd Ave, Miami, FL 33127, United States",5600 NW 2nd Ave,Miami,FL,33127,4.4,121,Used tire shop,,,https://www.google.com/maps/place/B+%26+T+Tire+Repair+Inc/data=!4m7!3m6!1s0x88d9b14299a49d4b:0x937e435e831fea3c!8m2!3d25.8271282!4d-80.2003619!16s%2Fg%2F1tcz93fd!19sChIJS52kmUKx2YgRPOofg15DfpM?authuser=0&hl=en&rclk=1,auto repair shop,Miami,city,FL,2026-07-15T15:16:27,0x88d9b14299a49d4b:0x937e435e831fea3c
"Benz Auto Service, Inc.",(305) 260-7565,,,"4240 SW 74th Ave, Miami, FL 33155, United States",4240 SW 74th Ave,Miami,FL,33155,4.8,66,Auto repair shop,,,"https://www.google.com/maps/place/Benz+Auto+Service,+Inc./data=!4m7!3m6!1s0x88d9b87c666a6f37:0x41ce9a3c4fc990f7!8m2!3d25.7310376!4d-80.3152333!16s%2Fg%2F1tdwl9hh!19sChIJN29qZny42YgR95DJTzyazkE?authuser=0&hl=en&rclk=1",auto repair shop,Miami,city,FL,2026-07-15T15:16:27,0x88d9b87c666a6f37:0x41ce9a3c4fc990f7
"European Master Tech of Miami, Inc.",(305) 240-7358,http://europeanmastertechofmiami.com/,,"12440 W Dixie Hwy, Miami, FL 33161, United States",12440 W Dixie Hwy,Miami,FL,33161,4.4,133,Auto repair shop,,,"https://www.google.com/maps/place/European+Master+Tech+of+Miami,+Inc./data=!4m7!3m6!1s0x88d9b2735ed80627:0xdc11009f6b47a4e3!8m2!3d25.8899873!4d-80.188095!16s%2Fg%2F1hjhb3nqb!19sChIJJwbYXnOy2YgR46RHa58AEdw?authuser=0&hl=en&rclk=1",auto repair shop,Miami,city,FL,2026-07-23T12:56:09,0x88d9b2735ed80627:0xdc11009f6b47a4e3
First Class Auto Services Inc,(305) 874-2210,http://www.firstclassautomb.com/,,"3928 NW 27th St, Miami, FL 33142, United States",3928 NW 27th St,Miami,FL,33142,4.8,43,Auto repair shop,,,https://www.google.com/maps/place/First+Class+Auto+Services+Inc/data=!4m7!3m6!1s0x88d9b74ed0fa33f1:0xed01ab26c5375aa2!8m2!3d25.800083!4d-80.2605321!16s%2Fg%2F1tdwfq_9!19sChIJ8TP60E632YgRolo3xSarAe0?authuser=0&hl=en&rclk=1,auto repair shop,Miami,city,FL,2026-07-23T12:56:09,0x88d9b74ed0fa33f1:0xed01ab26c5375aa2
Freddy's Auto Inc,(305) 480-1004,https://www.freddys-autoservice.com/,,"10190 W Flagler St, Miami, FL 33174, United States",10190 W Flagler St,Miami,FL,33174,4.0,197,Auto repair shop,,,https://www.google.com/maps/place/Freddy%27s+Auto+Inc/data=!4m7!3m6!1s0x88d9b92a03de8e37:0xe8e9c19a87fd31d5!8m2!3d25.7679336!4d-80.3606742!16s%2Fg%2F1tvgw45g!19sChIJN47eAyq52YgR1TH9h5rB6eg?authuser=0&hl=en&rclk=1,auto repair shop,Miami-Dade County,county,FL,2026-07-23T09:29:17,0x88d9b92a03de8e37:0xe8e9c19a87fd31d5
"Gold Wing Motors, Inc.",(305) 447-0144,http://www.goldwingmotors.com/,,"7495 Coral Wy, Miami, FL 33155, United States",7495 Coral Wy,Miami,FL,33155,4.7,257,Auto repair shop,,,"https://www.google.com/maps/place/Gold+Wing+Motors,+Inc./data=!4m7!3m6!1s0x88d9b8594bcaf991:0x9b1d85e9e70e0892!8m2!3d25.7485611!4d-80.3169579!16s%2Fg%2F1ttdnst9!19sChIJkfnKS1m42YgRkggO5-mFHZs?authuser=0&hl=en&rclk=1",auto repair shop,Miami,city,FL,2026-07-15T15:16:27,0x88d9b8594bcaf991:0x9b1d85e9e70e0892
Goodyear Auto Service,(305) 667-7575,https://www.goodyear.com/en-us/goodyearautoservice,,"9001 S Dixie Hwy, Miami, FL 33156, United States",9001 S Dixie Hwy,Miami,FL,33156,4.3,346,Tire shop,,,https://www.google.com/maps/place/Goodyear+Auto+Service/data=!4m7!3m6!1s0x88d9c7a4cd1505df:0x969ad2d332d55cee!8m2!3d25.686684!4d-80.3103582!16s%2Fg%2F1v_z53nd!19sChIJ3wUVzaTH2YgR7lzVMtPSmpY?authuser=0&hl=en&rclk=1,auto repair shop,Monroe County,county,FL,2026-07-15T12:41:16,0x88d9c7a4cd1505df:0x969ad2d332d55cee
Ibarra Auto Repair Corporation,(305) 638-1540,,,"3675 NW 47th St, Miami, FL 33142, United States",3675 NW 47th St,Miami,FL,33142,4.9,12,Auto body shop,,,https://www.google.com/maps/place/Ibarra+Auto+Repair+Corporation/data=!4m7!3m6!1s0x88d9b0b64c9702ff:0xbc94b97183a798c5!8m2!3d25.816968!4d-80.2562703!16s%2Fg%2F1tfcjkmb!19sChIJ_wKXTLaw2YgRxZing3G5lLw?authuser=0&hl=en&rclk=1,auto repair shop,Monroe County,county,FL,2026-07-15T12:41:16,0x88d9b0b64c9702ff:0xbc94b97183a798c5
J Mobil Inc,(305) 325-0116,https://usatiresandautorepair.com/,,"1550 NW 17th Ave, Miami, FL 33125, United States",1550 NW 17th Ave,Miami,FL,33125,4.6,279,Mechanic,,,https://www.google.com/maps/place/J+Mobil+Inc/data=!4m7!3m6!1s0x88d9b79a8c5c9c5b:0xe23c395d9f6042e5!8m2!3d25.789489!4d-80.2233861!16s%2Fg%2F11s0x8n3vw!19sChIJW5xcjJq32YgR5UJgn105POI?authuser=0&hl=en&rclk=1,auto repair shop,Miami,city,FL,2026-07-23T12:56:09,0x88d9b79a8c5c9c5b:0xe23c395d9f6042e5
Japanese Auto Tech Inc,(305) 445-0948,http://www.japaneseautomiami.com/,,"1650 SW 27th Ave, Miami, FL 33145, United States",1650 SW 27th Ave,Miami,FL,33145,4.6,96,Auto repair shop,,,https://www.google.com/maps/place/Japanese+Auto+Tech+Inc/data=!4m7!3m6!1s0x88d9b7a9722e2efd:0x4a5deb8512f2723e!8m2!3d25.7566121!4d-80.2389279!16s%2Fg%2F1tfq5g46!19sChIJ_S4ucqm32YgRPnLyEoXrXUo?authuser=0&hl=en&rclk=1,auto repair shop,Monroe County,county,FL,2026-07-23T09:35:41,0x88d9b7a9722e2efd:0x4a5deb8512f2723e
La Ganga General Mechanic Inc,(305) 635-9770,https://lagangageneralmechanicinc.com/,,"2353 NW 17th Ave, Miami, FL 33142, United States",2353 NW 17th Ave,Miami,FL,33142,4.5,325,Auto repair shop,,,https://www.google.com/maps/place/La+Ganga+General+Mechanic+Inc/data=!4m7!3m6!1s0x88d9b07cdccbd84f:0x3f3580256bed2e4a!8m2!3d25.7991769!4d-80.2232431!16s%2Fg%2F1tfpqhb4!19sChIJT9jL3Hyw2YgRSi7tayWANT8?authuser=0&hl=en&rclk=1,auto repair shop,Miami-Dade County,county,FL,2026-07-23T09:29:17,0x88d9b07cdccbd84f:0x3f3580256bed2e4a
"Manny's Auto Service, Inc.",(305) 262-9921,http://www.mannysautoservice.com/,,"5609 NW 6th St, Miami, FL 33126, United States",5609 NW 6th St,Miami,FL,33126,4.5,216,Auto repair shop,,,"https://www.google.com/maps/place/Manny%27s+Auto+Service,+Inc./data=!4m7!3m6!1s0x88d9b9dac317715b:0xcfeae8b18dd7c883!8m2!3d25.7774066!4d-80.2863916!16s%2Fg%2F1tc_lyv0!19sChIJW3EXw9q52YgRg8jXjbHo6s8?authuser=0&hl=en&rclk=1",auto repair shop,Miami-Dade County,county,FL,2026-07-23T09:29:17,0x88d9b9dac317715b:0xcfeae8b18dd7c883
Milo Auto Repair Inc,(305) 541-7313,,,"330 NW 22nd Ave, Miami, FL 33125, United States",330 NW 22nd Ave,Miami,FL,33125,4.8,37,Auto repair shop,,,https://www.google.com/maps/place/Milo+Auto+Repair+Inc/data=!4m7!3m6!1s0x88d9b6e210fb1c61:0xab3dc140cc1d023b!8m2!3d25.776299!4d-80.231349!16s%2Fg%2F1v_nd9ds!19sChIJYRz7EOK22YgROwIdzEDBPas?authuser=0&hl=en&rclk=1,auto repair shop,Miami,city,FL,2026-07-23T12:56:09,0x88d9b6e210fb1c61:0xab3dc140cc1d023b
NEFESH AUTO REPAIR SHOP,,,,"7301 NW 27th Ave, Miami, FL 33147, United States",7301 NW 27th Ave,Miami,FL,33147,4.4,7,Auto repair shop,,,https://www.google.com/maps/place/NEFESH+AUTO+REPAIR+SHOP/data=!4m7!3m6!1s0x88d9b0e53d566085:0x338b03ddeb9ca987!8m2!3d25.8408358!4d-80.241223!16s%2Fg%2F11c0qvq56h!19sChIJhWBWPeWw2YgRh6mc690DizM?authuser=0&hl=en&rclk=1,auto repair shop,Miami,city,FL,2026-07-15T15:16:27,0x88d9b0e53d566085:0x338b03ddeb9ca987
Naulin Auto Services Inc.,(305) 251-6663,https://naulinautoservices.com/,,"15420 SW 136th St Unit 21, Miami, FL 33196, United States",15420 SW 136th St Unit 21,Miami,FL,33196,4.7,141,Auto repair shop,,,https://www.google.com/maps/place/Naulin+Auto+Services+Inc./data=!4m7!3m6!1s0x88d9c185c3fac7b7:0x4b498ad58964fd73!8m2!3d25.6388703!4d-80.4443202!16s%2Fg%2F1vqmk555!19sChIJt8f6w4XB2YgRc_1kidWKSUs?authuser=0&hl=en&rclk=1,auto repair shop,Miami-Dade County,county,FL,2026-07-23T09:29:17,0x88d9c185c3fac7b7:0x4b498ad58964fd73
Nica's USA Corporation,(305) 637-5566,,,"2503 NW 23rd St, Miami, FL 33142, United States",2503 NW 23rd St,Miami,FL,33142,4.4,26,Auto repair shop,,,https://www.google.com/maps/place/Nica%27s+USA+Corporation/data=!4m7!3m6!1s0x88d9b72f29c4e2fb:0x1a0ffa43c19f005c!8m2!3d25.7983119!4d-80.2381169!16s%2Fg%2F1v6l88xr!19sChIJ--LEKS-32YgRXACfwUP6Dxo?authuser=0&hl=en&rclk=1,auto repair shop,Monroe County,county,FL,2026-07-23T09:35:41,0x88d9b72f29c4e2fb:0x1a0ffa43c19f005c
USA Special Tires Corp 2,(786) 254-7431,,,"10875 SW 40th St, Miami, FL 33165, United States",10875 SW 40th St,Miami,FL,33165,3.6,52,Used tire shop,,,https://www.google.com/maps/place/USA+Special+Tires+Corp+2/data=!4m7!3m6!1s0x88d9bf4136fc16c9:0xbb3346c7eea61481!8m2!3d25.732646!4d-80.3711063!16s%2Fg%2F11fwgr9xzy!19sChIJyRb8NkG_2YgRgRSm7sdGM7s?authuser=0&hl=en&rclk=1,auto repair shop,Monroe County,county,FL,2026-07-15T12:41:16,0x88d9bf4136fc16c9:0xbb3346c7eea61481
Miami Shores Auto Repair Inc,(305) 759-4988,http://www.miamishoresautorepair.com/,,"9734 NE 2nd Ave, Miami Shores, FL 33138, United States",9734 NE 2nd Ave,Miami Shores,FL,33138,4.6,108,Auto repair shop,,,https://www.google.com/maps/place/Miami+Shores+Auto+Repair+Inc/data=!4m7!3m6!1s0x88d9a40f140ac2ab:0xfe92b7182e69b9d6!8m2!3d25.8650658!4d-80.1937831!16s%2Fg%2F1v3kj9fv!19sChIJq8IKFA-k2YgR1rlpLhi3kv4?authuser=0&hl=en&rclk=1,auto repair shop,Miami-Dade County,county,FL,2026-07-23T09:29:17,0x88d9a40f140ac2ab:0xfe92b7182e69b9d6
"Laid Back Garage, INC",(904) 203-7615,http://laid-backgarage.com/,,"4283 Co Rd 218 Ste 112, Middleburg, FL 32068, United States",4283 Co Rd 218 Ste 112,Middleburg,FL,32068,4.6,123,Car repair and maintenance service,,,"https://www.google.com/maps/place/Laid+Back+Garage,+INC/data=!4m7!3m6!1s0x88e5e7bc66700001:0xd82aeb04af78dcc3!8m2!3d30.0622721!4d-81.892381!16s%2Fg%2F11f0kvnhzv!19sChIJAQBwZrzn5YgRw9x4rwTrKtg?authuser=0&hl=en&rclk=1",auto repair shop,Clay County,county,FL,2026-07-23T04:22:46,0x88e5e7bc66700001:0xd82aeb04af78dcc3
Pep Boys Auto Service & Tires,(904) 203-4266,https://www.pepboys.com/stores/fl/middleburg/1716-blanding-blvd?Cid=gbp_appt_AN:PB%7CPB:G%7CTT:GBP%7CCG:CONVERSION%7CCD:SERVICE,,"1716 Blanding Blvd, Middleburg, FL 32068, United States",1716 Blanding Blvd,Middleburg,FL,32068,4.3,511,Tire shop,,,https://www.google.com/maps/place/Pep+Boys+Auto+Service+%26+Tires/data=!4m7!3m6!1s0x88e5c2df3d2531ef:0x627b0b2bc531597b!8m2!3d30.1072826!4d-81.8256944!16s%2Fg%2F1jkygmhj7!19sChIJ7zElPd_C5YgRe1kxxSsLe2I?authuser=0&hl=en&rclk=1,auto repair shop,Clay County,county,FL,2026-07-23T04:22:46,0x88e5c2df3d2531ef:0x627b0b2bc531597b
Smith Mobile Auto Repair,,,,"1961 Gentlebreeze Rd, Middleburg, FL 32068, United States",1961 Gentlebreeze Rd,Middleburg,FL,32068,4.5,8,Auto repair shop,,,https://www.google.com/maps/place/Smith+Mobile+Auto+Repair/data=!4m7!3m6!1s0x88e5e7b25769def9:0x11e177e75a97dba!8m2!3d30.0889921!4d-81.9309699!16s%2Fg%2F11zknt12dv!19sChIJ-d5pV7Ln5YgRun2pdX4XHgE?authuser=0&hl=en&rclk=1,auto repair shop,Clay County,county,FL,2026-07-23T04:22:46,0x88e5e7b25769def9:0x11e177e75a97dba
"Eddie English Co., Inc.",(850) 623-4353,,,"5724 US-90, Milton, FL 32583, United States",5724 US-90,Milton,FL,32583,4.9,174,Trailer repair shop,,,"https://www.google.com/maps/place/Eddie+English+Co.,+Inc./data=!4m7!3m6!1s0x8890ef391fd5e7f3:0xa725d394962731a5!8m2!3d30.6030171!4d-87.0849403!16s%2Fg%2F1tfbcycz!19sChIJ8-fVHznvkIgRpTEnlpTTJac?authuser=0&hl=en&rclk=1",auto repair shop,Santa Rosa County,county,FL,2026-07-23T11:41:38,0x8890ef391fd5e7f3:0xa725d394962731a5
Florida Stores Firestone,(850) 623-6651,http://floridastoresfirestone.com/,,"6715 Caroline St, Milton, FL 32570, United States",6715 Caroline St,Milton,FL,32570,4.4,116,Auto repair shop,,,https://www.google.com/maps/place/Florida+Stores+Firestone/data=!4m7!3m6!1s0x8890e598044510bb:0xbc028dc2417e2a97!8m2!3d30.6215167!4d-87.0428695!16s%2Fg%2F11c5zn8p5k!19sChIJuxBFBJjlkIgRlyp-QcKNArw?authuser=0&hl=en&rclk=1,auto repair shop,Santa Rosa County,county,FL,2026-07-23T11:41:38,0x8890e598044510bb:0xbc028dc2417e2a97
Pep Boys Auto Service & Tires,(850) 400-3874,https://www.pepboys.com/stores/fl/milton/6611-caroline-st?Cid=gbp_appt_AN:PB%7CPB:G%7CTT:GBP%7CCG:CONVERSION%7CCD:SERVICE,,"6611 Caroline St, Milton, FL 32570, United States",6611 Caroline St,Milton,FL,32570,4.4,839,Tire shop,,,https://www.google.com/maps/place/Pep+Boys+Auto+Service+%26+Tires/data=!4m7!3m6!1s0x8890e59754a0f1db:0x927d6ce469ad63e!8m2!3d30.620429!4d-87.04711!16s%2Fg%2F1tcyltp7!19sChIJ2_GgVJflkIgRPtaaRs7WJwk?authuser=0&hl=en&rclk=1,auto repair shop,Santa Rosa County,county,FL,2026-07-23T11:41:38,0x8890e59754a0f1db:0x927d6ce469ad63e
Walmart Auto Care Center,(850) 995-4608,https://www.walmart.com/store/990-milton-fl/auto-care-center/?veh=seo_loc,,"4965 US-90, Milton, FL 32571, United States",4965 US-90,Milton,FL,32571,3.7,160,Oil change service,,,https://www.google.com/maps/place/Walmart+Auto+Care+Center/data=!4m7!3m6!1s0x8890eec5de09ecf9:0xdca02366b07662e7!8m2!3d30.6006782!4d-87.1159818!16s%2Fg%2F1tghqc3h!19sChIJ-ewJ3sXukIgR52J2sGYjoNw?authuser=0&hl=en&rclk=1,auto repair shop,Santa Rosa County,county,FL,2026-07-23T11:41:38,0x8890eec5de09ecf9:0xdca02366b07662e7
Minneola Automotive Center Inc,(352) 394-2131,http://minneolaauto.com/,,"115 W Pearl St, Minneola, FL 34715, United States",115 W Pearl St,Minneola,FL,34715,4.8,736,Auto repair shop,,,https://www.google.com/maps/place/Minneola+Automotive+Center+Inc/data=!4m7!3m6!1s0x88e78e4421cb0aa7:0x88fdfd5e19439a3d!8m2!3d28.5789704!4d-81.7494617!16s%2Fg%2F1vrqbgc9!19sChIJpwrLIUSO54gRPZpDGV79_Yg?authuser=0&hl=en&rclk=1,auto repair shop,Sumter County,county,FL,2026-07-23T11:59:40,0x88e78e4421cb0aa7:0x88fdfd5e19439a3d
Goodyear Auto Service,(954) 450-4984,https://www.goodyear.com/en-us/goodyearautoservice,,"2101 Hiatus Rd, Miramar, FL 33025, United States",2101 Hiatus Rd,Miramar,FL,33025,3.6,176,Tire shop,,,https://www.google.com/maps/place/Goodyear+Auto+Service/data=!4m7!3m6!1s0x88d9a5e124f55af1:0x9c84bf66febc9e10!8m2!3d25.9906146!4d-80.2945675!16s%2Fg%2F1tvyml18!19sChIJ8Vr1JOGl2YgREJ68_ma_hJw?authuser=0&hl=en&rclk=1,auto repair shop,Pembroke Pines,city,FL,2026-07-23T13:51:34,0x88d9a5e124f55af1:0x9c84bf66febc9e10
Auto Tech of Miami Inc,(850) 997-0200,,,"203 Ashville Hwy, Monticello, FL 32344, United States",203 Ashville Hwy,Monticello,FL,32344,4.8,38,Auto repair shop,,,https://www.google.com/maps/place/Auto+Tech+of+Miami+Inc/data=!4m7!3m6!1s0x88ec39eb4988ecaf:0x2b29c15e69d8a5ed!8m2!3d30.5488615!4d-83.8512932!16s%2Fg%2F1thd2mrr!19sChIJr-yISes57IgR7aXYaV7BKSs?authuser=0&hl=en&rclk=1,auto repair shop,Jefferson County,county,FL,2026-07-23T06:50:31,0x88ec39eb4988ecaf:0x2b29c15e69d8a5ed
Curtis Morgan's Garage Inc.,(850) 997-2798,,,"1538 N Jefferson St, Monticello, FL 32344, United States",1538 N Jefferson St,Monticello,FL,32344,4.7,73,Auto repair shop,,,https://www.google.com/maps/place/Curtis+Morgan%27s+Garage+Inc./data=!4m7!3m6!1s0x88ec39ddc0d7d22f:0x3866d94d476e7917!8m2!3d30.5609161!4d-83.868501!16s%2Fg%2F1tcxqhkj!19sChIJL9LXwN057IgRF3luR03ZZjg?authuser=0&hl=en&rclk=1,auto repair shop,Jefferson County,county,FL,2026-07-23T06:50:31,0x88ec39ddc0d7d22f:0x3866d94d476e7917
Keaton Tire & Auto,,,,"870 N Jefferson St, Monticello, FL 32344, United States",870 N Jefferson St,Monticello,FL,32344,4.5,17,Tire shop,,,https://www.google.com/maps/place/Keaton+Tire+%26+Auto/data=!4m7!3m6!1s0x88ec39c24068b2f9:0x569e3556ab532055!8m2!3d30.5522373!4d-83.8699535!16s%2Fg%2F11fhvk9wtw!19sChIJ-bJoQMI57IgRVSBTq1Y1nlY?authuser=0&hl=en&rclk=1,auto repair shop,Taylor County,county,FL,2026-07-23T12:18:01,0x88ec39c24068b2f9:0x569e3556ab532055
Lake County Auto Service Inc.,(352) 729-2167,https://lakecountyautoservice.com/,,"3316 County Rd 19A, Mt Dora, FL 32757, United States",3316 County Rd 19A,Mt Dora,FL,32757,4.9,209,Auto repair shop,,,https://www.google.com/maps/place/Lake+County+Auto+Service+Inc./data=!4m7!3m6!1s0x88e7a3c62d8a0b45:0x8fce573ead72b280!8m2!3d28.808336!4d-81.6780257!16s%2Fg%2F11sz2vpk20!19sChIJRQuKLcaj54gRgLJyrT5Xzo8?authuser=0&hl=en&rclk=1,auto repair shop,Union County,county,FL,2026-07-23T12:23:25,0x88e7a3c62d8a0b45:0x8fce573ead72b280
AAMCO Transmissions & Total Car Care,(239) 610-2920,http://www.aamcoofnaples.com/?utm_source=G&utm_medium=local&utm_campaign=google-local,,"3030 Davis Blvd, Naples, FL 34104, United States",3030 Davis Blvd,Naples,FL,34104,4.8,389,Transmission shop,,,https://www.google.com/maps/place/AAMCO+Transmissions+%26+Total+Car+Care/data=!4m7!3m6!1s0x88dae19a08b4c655:0xf001b29b3cfe1414!8m2!3d26.138156!4d-81.76958!16s%2Fg%2F1tf038sr!19sChIJVca0CJrh2ogRFBT-PJuyAfA?authuser=0&hl=en&rclk=1,auto repair shop,Collier County,county,FL,2026-07-23T04:30:15,0x88dae19a08b4c655:0xf001b29b3cfe1414
Action Automotive Inc,(239) 262-8787,,,"578 10th St N, Naples, FL 34102, United States",578 10th St N,Naples,FL,34102,4.9,39,Auto repair shop,,,https://www.google.com/maps/place/Action+Automotive+Inc/data=!4m7!3m6!1s0x88dae19133d902e7:0x4274110625c36306!8m2!3d26.1538584!4d-81.7950578!16s%2Fg%2F1tj8b6wq!19sChIJ5wLZM5Hh2ogRBmPDJQYRdEI?authuser=0&hl=en&rclk=1,auto repair shop,Collier County,county,FL,2026-07-23T04:30:15,0x88dae19133d902e7:0x4274110625c36306
"After Hours Road Service, Inc",(239) 417-2980,http://www.afterhoursroadservice.com/,,"80 27th St NW, Naples, FL 34120, United States",80 27th St NW,Naples,FL,34120,4.9,187,Truck repair shop,,,"https://www.google.com/maps/place/After+Hours+Road+Service,+Inc/data=!4m7!3m6!1s0x88db03f06e2a21d9:0x6c53e15dae49b20b!8m2!3d26.2296914!4d-81.6607981!16s%2Fg%2F1tmpwsk3!19sChIJ2SEqbvAD24gRC7JJrl3hU2w?authuser=0&hl=en&rclk=1",auto repair shop,Collier County,county,FL,2026-07-23T04:30:15,0x88db03f06e2a21d9:0x6c53e15dae49b20b
Amb Auto Repair Inc,(239) 403-9248,,,"311 Airport-Pulling Rd N, Naples, FL 34104, United States",311 Airport-Pulling Rd N,Naples,FL,34104,4.5,37,Auto repair shop,,,https://www.google.com/maps/place/Amb+Auto+Repair+Inc/data=!4m7!3m6!1s0x88dae3a933629579:0x43fbe6725948e1f4!8m2!3d26.1556669!4d-81.7659023!16s%2Fg%2F1vk6_0wn!19sChIJeZViM6nj2ogR9OFIWXLm-0M?authuser=0&hl=en&rclk=1,auto repair shop,Collier County,county,FL,2026-07-23T04:30:15,0x88dae3a933629579:0x43fbe6725948e1f4
C&M Auto Service Inc,(239) 793-0005,,,"1837 J and C Blvd, Naples, FL 34109, United States",1837 J and C Blvd,Naples,FL,34109,4.9,46,Auto repair shop,,,https://www.google.com/maps/place/C%26M+Auto+Service+Inc/data=!4m7!3m6!1s0x88db1e3d0ece18a7:0xdba296b1d7f11778!8m2!3d26.2240115!4d-81.7818591!16s%2Fg%2F11bw42cf59!19sChIJpxjODj0e24gReBfx17GWots?authuser=0&hl=en&rclk=1,auto repair shop,Collier County,county,FL,2026-07-23T04:30:15,0x88db1e3d0ece18a7:0xdba296b1d7f11778
Collier Goodyear South,(239) 793-7117,http://colliergoodyear.com/?utm_source=gbp&utm_medium=organic&utm_campaign=sitelink_naples,,"6220 Collier Blvd, Naples, FL 34114, United States",6220 Collier Blvd,Naples,FL,34114,4.7,892,Tire shop,,,https://www.google.com/maps/place/Collier+Goodyear+South/data=!4m7!3m6!1s0x88dae59e9250513b:0x65ae16a607816c58!8m2!3d26.0487308!4d-81.6992263!16s%2Fg%2F11j0ttwcr6!19sChIJO1FQkp7l2ogRWGyBB6YWrmU?authuser=0&hl=en&rclk=1,auto repair shop,Collier County,county,FL,2026-07-15T09:16:35,0x88dae59e9250513b:0x65ae16a607816c58
Collier Mobile Auto Repair inc,(239) 352-7111,http://www.colliermobileautorepair.com/,,"6490 Hunters Rd, Naples, FL 34109, United States",6490 Hunters Rd,Naples,FL,34109,4.2,40,Auto repair shop,,,https://www.google.com/maps/place/Collier+Mobile+Auto+Repair+inc/data=!4m7!3m6!1s0x88db0718b8e4428b:0x763d182c63097e7!8m2!3d26.227594!4d-81.739339!16s%2Fg%2F1trtw3jj!19sChIJi0LkuBgH24gR55cwxoLRYwc?authuser=0&hl=en&rclk=1,auto repair shop,Collier County,county,FL,2026-07-23T04:30:15,0x88db0718b8e4428b:0x763d182c63097e7
Firestone Complete Auto Care,(239) 306-5049,https://www.firestonecompleteautocare.com/florida/naples/4070-pine-ridge-rd/?utm_source=google&utm_medium=organic&utm_campaign=localmaps&cmp=oloc_google_localmaps_maps,,"4070 Pine Ridge Rd, Naples, FL 34119, United States",4070 Pine Ridge Rd,Naples,FL,34119,3.9,248,Tire shop,,,https://www.google.com/maps/place/Firestone+Complete+Auto+Care/data=!4m7!3m6!1s0x88db03383d369ae7:0x3cf9c6c218c6811f!8m2!3d26.211648!4d-81.6891429!16s%2Fg%2F11qpqhw4ns!19sChIJ55o2PTgD24gRH4HGGMLG-Tw?authuser=0&hl=en&rclk=1,auto repair shop,Collier County,county,FL,2026-07-23T04:30:15,0x88db03383d369ae7:0x3cf9c6c218c6811f
Jack's Auto Repair Of Naples Inc,(239) 566-2220,,,"6200 Lee Ann Ln, Naples, FL 34109, United States",6200 Lee Ann Ln,Naples,FL,34109,5.0,96,Auto repair shop,,,https://www.google.com/maps/place/Jack%27s+Auto+Repair+Of+Naples+Inc/data=!4m7!3m6!1s0x88db1dd7b059602b:0xac94d7431c527981!8m2!3d26.2217481!4d-81.776794!16s%2Fg%2F11b5zqmtpp!19sChIJK2BZsNcd24gRgXlSHEPXlKw?authuser=0&hl=en&rclk=1,auto repair shop,Collier County,county,FL,2026-07-23T04:30:15,0x88db1dd7b059602b:0xac94d7431c527981
Mannix Automotive Repair Inc.,(239) 352-1255,http://mannixauto.com/,,"3899 Mannix Dr Ste 431, Naples, FL 34114, United States",3899 Mannix Dr Ste 431,Naples,FL,34114,4.5,57,Auto repair shop,,,https://www.google.com/maps/place/Mannix+Automotive+Repair+Inc./data=!4m7!3m6!1s0x88dafd47966edb55:0x3b73c8beb5719639!8m2!3d26.1565589!4d-81.6777911!16s%2Fg%2F1tv3phb6!19sChIJVdtulkf92ogROZZxtb7Iczs?authuser=0&hl=en&rclk=1,auto repair shop,Collier County,county,FL,2026-07-23T04:30:15,0x88dafd47966edb55:0x3b73c8beb5719639
Midas,(239) 260-9864,https://www.midas.com/store/fl/naples/2111-pine-ridge-road-34109/?shopnum=3727&utm_source=google&utm_medium=organic&utm_campaign=gbp,,"2111 Pine Ridge Rd, Naples, FL 34109, United States",2111 Pine Ridge Rd,Naples,FL,34109,4.9,1283,Auto repair shop,,,https://www.google.com/maps/place/Midas/data=!4m7!3m6!1s0x88db1ddf1ee4df03:0x2bb36268d02907cc!8m2!3d26.2119596!4d-81.7763052!16s%2Fg%2F1tgdd6m9!19sChIJA9_kHt8d24gRzAcp0Ghisys?authuser=0&hl=en&rclk=1,auto repair shop,Collier County,county,FL,2026-07-23T04:30:15,0x88db1ddf1ee4df03:0x2bb36268d02907cc
"Naples Auto Repair, Inc.",(239) 592-0511,https://naplesautorepairinc.com/,,"2225 J and C Blvd, Naples, FL 34109, United States",2225 J and C Blvd,Naples,FL,34109,5.0,110,Auto repair shop,,,"https://www.google.com/maps/place/Naples+Auto+Repair,+Inc./data=!4m7!3m6!1s0x88dae19a0e9b4669:0x53c7ed60baad5663!8m2!3d26.2242239!4d-81.7741424!16s%2Fg%2F1tfc2v09!19sChIJaUabDprh2ogRY1atumDtx1M?authuser=0&hl=en&rclk=1",auto repair shop,Collier County,county,FL,2026-07-23T04:30:15,0x88dae19a0e9b4669:0x53c7ed60baad5663
New York 1 Auto Inc,(239) 530-3000,http://facebook.com/newyork1autonaples,,"1700 Commercial Dr, Naples, FL 34112, United States",1700 Commercial Dr,Naples,FL,34112,4.6,102,Auto repair shop,,,https://www.google.com/maps/place/New+York+1+Auto+Inc/data=!4m7!3m6!1s0x88dae3d1617de1a7:0xadc829bfe799bcc0!8m2!3d26.137529!4d-81.7784465!16s%2Fg%2F11bbrmhy8r!19sChIJp-F9YdHj2ogRwLyZ578pyK0?authuser=0&hl=en&rclk=1,auto repair shop,Collier County,county,FL,2026-07-23T04:30:15,0x88dae3d1617de1a7:0xadc829bfe799bcc0
Summit Automotive Inc,(239) 643-4699,https://summitautomotivefl.com/,,"3784 Domestic Ave, Naples, FL 34104, United States",3784 Domestic Ave,Naples,FL,34104,4.7,108,Auto repair shop,,,https://www.google.com/maps/place/Summit+Automotive+Inc/data=!4m7!3m6!1s0x88dae215d84ea0cf:0x8a9ab2b5fc763643!8m2!3d26.1619045!4d-81.7620515!16s%2Fg%2F1thzvlr3!19sChIJz6BO2BXi2ogRQzZ2_LWymoo?authuser=0&hl=en&rclk=1,auto repair shop,Collier County,county,FL,2026-07-23T04:30:15,0x88dae215d84ea0cf:0x8a9ab2b5fc763643
"The Shop by Ahrens Mobile, Inc.",(239) 465-5617,http://www.ahrensmobile.com/,,"8230 Collier Blvd, Naples, FL 34114, United States",8230 Collier Blvd,Naples,FL,34114,5.0,19,Auto repair shop,,,"https://www.google.com/maps/place/The+Shop+by+Ahrens+Mobile,+Inc./data=!4m7!3m6!1s0x88dafd4a1a12473d:0x7239d8f53fb6ebb3!8m2!3d26.1029444!4d-81.6851865!16s%2Fg%2F11m_p1tgkn!19sChIJPUcSGkr92ogRs-u2P_XYOXI?authuser=0&hl=en&rclk=1",auto repair shop,Collier County,county,FL,2026-07-15T09:16:35,0x88dafd4a1a12473d:0x7239d8f53fb6ebb3
Grand Auto Care Inc,(727) 845-8955,https://www.facebook.com/GRAND-AUTO-CARE-INC-102347471642092/,,"4346 Grand Blvd, New Port Richey, FL 34652, United States",4346 Grand Blvd,New Port Richey,FL,34652,4.6,211,Auto repair shop,,,https://www.google.com/maps/place/Grand+Auto+Care+Inc/data=!4m7!3m6!1s0x88c291e81ff71427:0x21ddaf1df1f71aef!8m2!3d28.2227606!4d-82.7224529!16s%2Fg%2F1v9gw7p5!19sChIJJxT3H-iRwogR7xr38R2v3SE?authuser=0&hl=en&rclk=1,auto repair shop,Pasco County,county,FL,2026-07-23T10:25:48,0x88c291e81ff71427:0x21ddaf1df1f71aef
Integrity Tire & Automotive Centers Inc,(727) 435-8088,https://www.integritytire727.com/,,"9736 Little Rd, New Port Richey, FL 34654, United States",9736 Little Rd,New Port Richey,FL,34654,4.6,124,Auto repair shop,,,https://www.google.com/maps/place/Integrity+Tire+%26+Automotive+Centers+Inc/data=!4m7!3m6!1s0x88c29b84f5b74f39:0x13054ab7e74cf90d!8m2!3d28.2969478!4d-82.6726258!16s%2Fg%2F11qby36fbh!19sChIJOU-39YSbwogRDflM57dKBRM?authuser=0&hl=en&rclk=1,auto repair shop,Pasco County,county,FL,2026-07-23T10:25:48,0x88c29b84f5b74f39:0x13054ab7e74cf90d
RAS Auto Inc,(727) 846-8870,http://ralphs-auto-services-new-port-richey.edan.io/,,"7904 Rutillio Ct, New Port Richey, FL 34653, United States",7904 Rutillio Ct,New Port Richey,FL,34653,4.6,116,Auto repair shop,,,https://www.google.com/maps/place/RAS+Auto+Inc/data=!4m7!3m6!1s0x88c29068ee14931d:0x33289d71e92cb278!8m2!3d28.2720375!4d-82.7040916!16s%2Fg%2F1w0r0psp!19sChIJHZMU7miQwogReLIs6XGdKDM?authuser=0&hl=en&rclk=1,auto repair shop,Pasco County,county,FL,2026-07-23T10:25:48,0x88c29068ee14931d:0x33289d71e92cb278
Pep Boys Auto Service & Tires,(850) 424-7705,https://www.pepboys.com/stores/fl/niceville/796-john-sims-pkwy?Cid=gbp_appt_AN:PB%7CPB:G%7CTT:GBP%7CCG:CONVERSION%7CCD:SERVICE,,"796 E John Sims Pkwy, Niceville, FL 32578, United States",796 E John Sims Pkwy,Niceville,FL,32578,4.5,791,Tire shop,,,https://www.google.com/maps/place/Pep+Boys+Auto+Service+%26+Tires/data=!4m7!3m6!1s0x88916a283279e4b9:0xe11ae8b6b42965a2!8m2!3d30.519348!4d-86.478798!16s%2Fg%2F1thvtgvp!19sChIJueR5MihqkYgRomUptLboGuE?authuser=0&hl=en&rclk=1,auto repair shop,Okaloosa County,county,FL,2026-07-15T12:58:42,0x88916a283279e4b9:0xe11ae8b6b42965a2
N. Fort Myers Discount Tire & Auto Repair,(239) 997-3347,https://www.nfmdiscounttireandauto.com/,,"14990 N Cleveland Ave, North Fort Myers, FL 33903, United States",14990 N Cleveland Ave,North Fort Myers,FL,33903,4.8,193,Auto repair shop,,,https://www.google.com/maps/place/N.+Fort+Myers+Discount+Tire+%26+Auto+Repair/data=!4m7!3m6!1s0x88db43b2d5d86755:0xaec3cd340ed16a88!8m2!3d26.6817794!4d-81.900806!16s%2Fg%2F11h4c778p8!19sChIJVWfY1bJD24gRiGrRDjTNw64?authuser=0&hl=en&rclk=1,auto repair shop,Lee County,county,FL,2026-07-15T11:55:07,0x88db43b2d5d86755:0xaec3cd340ed16a88
Euro Auto Service Inc.,(786) 940-5115,https://euroautoservicenmb.com/,,"365 NW 170th St, North Miami Beach, FL 33169, United States",365 NW 170th St,North Miami Beach,FL,33169,5.0,22,Auto repair shop,,,https://www.google.com/maps/place/Euro+Auto+Service+Inc./data=!4m7!3m6!1s0x88d9af1be971feeb:0xebd66aedbbc4b84b!8m2!3d25.9308391!4d-80.208048!16s%2Fg%2F11x7xj2xt6!19sChIJ6_5x6Ruv2YgRS7jEu-1q1us?authuser=0&hl=en&rclk=1,auto repair shop,Miami-Dade County,county,FL,2026-07-15T12:35:03,0x88d9af1be971feeb:0xebd66aedbbc4b84b
Kenny's auto repair,,,,"4725 256th St, O'Brien, FL 32071, United States",4725 256th St,O'Brien,FL,32071,5.0,9,Auto repair shop,,,https://www.google.com/maps/place/Kenny%27s+auto+repair/data=!4m7!3m6!1s0x88ef2b1ff8cafe6b:0x6a13139311e5bbb9!8m2!3d29.9859972!4d-82.8364464!16s%2Fg%2F11rhkr9h16!19sChIJa_7K-B8r74gRubvlEZMTE2o?authuser=0&hl=en&rclk=1,auto repair shop,Suwannee County,county,FL,2026-07-23T12:08:02,0x88ef2b1ff8cafe6b:0x6a13139311e5bbb9
Top End Powersports Repair,,,,"8596 208th Pl, O'Brien, FL 32071, United States",8596 208th Pl,O'Brien,FL,32071,,,ATV repair shop,,,https://www.google.com/maps/place/Top+End+Powersports+Repair/data=!4m7!3m6!1s0x88eed71c17e5b9bb:0x8af7a2ac56007dfd!8m2!3d30.0711113!4d-82.9245106!16s%2Fg%2F11wq8075d2!19sChIJu7nlFxzX7ogR_X0AVqyi94o?authuser=0&hl=en&rclk=1,auto repair shop,Lafayette County,county,FL,2026-07-15T11:41:13,0x88eed71c17e5b9bb:0x8af7a2ac56007dfd
New Era Automotive Inc,(954) 661-3446,http://www.neweraautomotive.net/,,"2873 NW 21st Ave, Oakland Park, FL 33311, United States",2873 NW 21st Ave,Oakland Park,FL,33311,4.7,625,Auto repair shop,,,https://www.google.com/maps/place/New+Era+Automotive+Inc/data=!4m7!3m6!1s0x88d9014b05fe61c7:0xeb21f5e0bfaeb7f7!8m2!3d26.1620404!4d-80.171333!16s%2Fg%2F1xfspjh7!19sChIJx2H-BUsB2YgR97euv-D1Ies?authuser=0&hl=en&rclk=1,auto repair shop,Fort Lauderdale,city,FL,2026-07-23T12:59:32,0x88d9014b05fe61c7:0xeb21f5e0bfaeb7f7
10th St Garage Inc,(352) 622-5406,,,"2280 NW 10th St, Ocala, FL 34475, United States",2280 NW 10th St,Ocala,FL,34475,4.7,68,Auto repair shop,,,https://www.google.com/maps/place/10th+St+Garage+Inc/data=!4m7!3m6!1s0x88e62b2e3307c387:0x96cda0f218fa0e68!8m2!3d29.1966109!4d-82.1614889!16s%2Fg%2F1vvr70f5!19sChIJh8MHMy4r5ogRaA76GPKgzZY?authuser=0&hl=en&rclk=1,auto repair shop,Marion County,county,FL,2026-07-23T09:14:38,0x88e62b2e3307c387:0x96cda0f218fa0e68
AAMCO Transmissions & Total Car Care,(352) 703-6107,https://aamcocentralflorida.com/locations/ocala/?utm_source=G&utm_medium=local&utm_campaign=google-local,,"661 SW 17th Loop, Ocala, FL 34471, United States",661 SW 17th Loop,Ocala,FL,34471,4.3,288,Transmission shop,,,https://www.google.com/maps/place/AAMCO+Transmissions+%26+Total+Car+Care/data=!4m7!3m6!1s0x88e7d4bbc04e9c5f:0x5cdf3280fd3e0516!8m2!3d29.171261!4d-82.142896!16s%2Fg%2F1txfpzzd!19sChIJX5xOwLvU54gRFgU-_YAy31w?authuser=0&hl=en&rclk=1,auto repair shop,Marion County,county,FL,2026-07-23T09:14:38,0x88e7d4bbc04e9c5f:0x5cdf3280fd3e0516
After Hours Garage-Ocala Inc,(352) 629-1126,http://www.afterhourssalvage.com/,,"1101 NW 24th Ave, Ocala, FL 34475, United States",1101 NW 24th Ave,Ocala,FL,34475,4.6,132,Auto repair shop,,,https://www.google.com/maps/place/After+Hours+Garage-Ocala+Inc/data=!4m7!3m6!1s0x88e62b2f0c424cb9:0xaf18ee1f12340afc!8m2!3d29.1979625!4d-82.1635787!16s%2Fg%2F1td7jkcy!19sChIJuUxCDC8r5ogR_Ao0Eh_uGK8?authuser=0&hl=en&rclk=1,auto repair shop,Marion County,county,FL,2026-07-23T09:14:38,0x88e62b2f0c424cb9:0xaf18ee1f12340afc
Batten Automotive Inc,(352) 351-1002,http://www.battenautomotive.com/,,"2402 E Silver Springs Blvd, Ocala, FL 34470, United States",2402 E Silver Springs Blvd,Ocala,FL,34470,4.5,103,Auto repair shop,,,https://www.google.com/maps/place/Batten+Automotive+Inc/data=!4m7!3m6!1s0x88e62cca9eba4f9d:0x4e517e54cd6f0d7d!8m2!3d29.186534!4d-82.10535!16s%2Fg%2F1tdmqwn3!19sChIJnU-6nsos5ogRfQ1vzVR-UU4?authuser=0&hl=en&rclk=1,auto repair shop,Marion County,county,FL,2026-07-23T09:14:38,0x88e62cca9eba4f9d:0x4e517e54cd6f0d7d
Firestone Complete Auto Care,(352) 433-0936,https://www.firestonecompleteautocare.com/florida/ocala/212-s-pine-ave/?utm_source=google&utm_medium=organic&utm_campaign=localmaps&cmp=oloc_google_localmaps_maps,,"212 S Pine Ave, Ocala, FL 34471, United States",212 S Pine Ave,Ocala,FL,34471,4.5,915,Tire shop,,,https://www.google.com/maps/place/Firestone+Complete+Auto+Care/data=!4m7!3m6!1s0x88e7d4b2f82e537b:0x348adc25c0f2fcce!8m2!3d29.1844031!4d-82.1408063!16s%2Fg%2F1vbl8dtz!19sChIJe1Mu-LLU54gRzvzywCXcijQ?authuser=0&hl=en&rclk=1,auto repair shop,Marion County,county,FL,2026-07-23T09:14:38,0x88e7d4b2f82e537b:0x348adc25c0f2fcce
Firestone Complete Auto Care,(352) 414-4640,https://www.firestonecompleteautocare.com/florida/ocala/2355-sw-college-rd/?utm_source=google&utm_medium=organic&utm_campaign=localmaps&cmp=oloc_google_localmaps_maps,,"2355 SW College Rd, Ocala, FL 34471, United States",2355 SW College Rd,Ocala,FL,34471,4.7,470,Tire shop,,,https://www.google.com/maps/place/Firestone+Complete+Auto+Care/data=!4m7!3m6!1s0x88e7d4dc79a6caf9:0x7dca2da379f0cf1a!8m2!3d29.1710471!4d-82.1638492!16s%2Fg%2F11f15kf7wy!19sChIJ-cqmedzU54gRGs_weaMtyn0?authuser=0&hl=en&rclk=1,auto repair shop,Marion County,county,FL,2026-07-23T09:14:38,0x88e7d4dc79a6caf9:0x7dca2da379f0cf1a
"H & D Services, Inc.",(352) 245-9090,http://www.handdcompleteautotruckrepair.com/,,"2045 SW Hwy 484, Ocala, FL 34473, United States",2045 SW Hwy 484,Ocala,FL,34473,3.9,239,Car repair and maintenance service,,,"https://www.google.com/maps/place/H+%26+D+Services,+Inc./data=!4m7!3m6!1s0x88e7d76d4ea08ac1:0x6ebafdcde144c4fe!8m2!3d29.0259664!4d-82.159477!16s%2Fg%2F1th87yzm!19sChIJwYqgTm3X54gR_sRE4c39um4?authuser=0&hl=en&rclk=1",auto repair shop,Marion County,county,FL,2026-07-23T09:14:38,0x88e7d76d4ea08ac1:0x6ebafdcde144c4fe
Hilton Automotive Inc,(352) 854-6868,,,"9055 SW State Rd 200, Ocala, FL 34481, United States",9055 SW State Rd 200,Ocala,FL,34481,4.2,141,Auto repair shop,,,https://www.google.com/maps/place/Hilton+Automotive+Inc/data=!4m7!3m6!1s0x88e8790fe596bf57:0x80c55d035ac50977!8m2!3d29.0671318!4d-82.2704052!16s%2Fg%2F1tdyx5lv!19sChIJV7-W5Q956IgRdwnFWgNdxYA?authuser=0&hl=en&rclk=1,auto repair shop,Marion County,county,FL,2026-07-23T09:14:38,0x88e8790fe596bf57:0x80c55d035ac50977
Meineke Car Care Center,(352) 269-1312,https://www.meineke.com/locations/fl/ocala-2372/?utm_source=google&utm_medium=organic&utm_campaign=gbp_website,,"6187 SW State Rd 200, Ocala, FL 34476, United States",6187 SW State Rd 200,Ocala,FL,34476,4.7,1196,Auto repair shop,,,https://www.google.com/maps/place/Meineke+Car+Care+Center/data=!4m7!3m6!1s0x88e87f5bc4a306b5:0xf8a520c828ac8b48!8m2!3d29.115102!4d-82.2214396!16s%2Fg%2F11d_z4m9by!19sChIJtQajxFt_6IgRSIusKMggpfg?authuser=0&hl=en&rclk=1,auto repair shop,Marion County,county,FL,2026-07-23T09:14:38,0x88e87f5bc4a306b5:0xf8a520c828ac8b48
Ocala Subaru Service Center,,https://www.ocalasubaru.com/service/index.htm?utm_source=google&utm_medium=organic&utm_campaign=GMB-service,,"4150 N US Hwy 441, Ocala, FL 34475, United States",4150 N US Hwy 441,Ocala,FL,34475,4.8,53,Auto repair shop,,,https://www.google.com/maps/place/Ocala+Subaru+Service+Center/data=!4m7!3m6!1s0x88e62b79c7f5df45:0xe1596ad07a4b4397!8m2!3d29.1538035!4d-82.0932596!16s%2Fg%2F11pr3qhy__!19sChIJRd_1x3kr5ogRl0NLetBqWeE?authuser=0&hl=en&rclk=1,auto repair shop,Marion County,county,FL,2026-07-15T12:22:01,0x88e62b79c7f5df45:0xe1596ad07a4b4397
Ocala Tire Services Inc,(352) 622-7233,https://www.facebook.com/profile.php?id=100057641350384,,"424 S Magnolia Ave, Ocala, FL 34471, United States",424 S Magnolia Ave,Ocala,FL,34471,4.9,265,Auto repair shop,,,https://www.google.com/maps/place/Ocala+Tire+Services+Inc/data=!4m7!3m6!1s0x88e7d4ad957b4409:0x9dbb8ada92128cf1!8m2!3d29.1826925!4d-82.1373367!16s%2Fg%2F1tf16q12!19sChIJCUR7la3U54gR8YwSktqKu50?authuser=0&hl=en&rclk=1,auto repair shop,Marion County,county,FL,2026-07-15T12:22:01,0x88e7d4ad957b4409:0x9dbb8ada92128cf1
Pep Boys Auto Service & Tires,(352) 421-3873,https://www.pepboys.com/stores/fl/ocala/2425-ne-silver-sprngs-blv?Cid=gbp_appt_AN:PB%7CPB:G%7CTT:GBP%7CCG:CONVERSION%7CCD:SERVICE,,"2425 E Silver Springs Blvd, Ocala, FL 34470, United States",2425 E Silver Springs Blvd,Ocala,FL,34470,4.6,923,Tire shop,,,https://www.google.com/maps/place/Pep+Boys+Auto+Service+%26+Tires/data=!4m7!3m6!1s0x88e62cca8dfeb0e1:0xc02bfe79af3b8094!8m2!3d29.187237!4d-82.1050716!16s%2Fg%2F1tzlzsm0!19sChIJ4bD-jcos5ogRlIA7r3n-K8A?authuser=0&hl=en&rclk=1,auto repair shop,Marion County,county,FL,2026-07-23T09:14:38,0x88e62cca8dfeb0e1:0xc02bfe79af3b8094
Tony's Autobody & Repairs Inc,(352) 732-7100,http://autorepairsocala.com/,,"234 NE 13th Pl, Ocala, FL 34470, United States",234 NE 13th Pl,Ocala,FL,34470,4.8,26,Auto repair shop,,,https://www.google.com/maps/place/Tony%27s+Autobody+%26+Repairs+Inc/data=!4m7!3m6!1s0x88e62b5a3c7d741d:0x5da12e9f2e8f3306!8m2!3d29.2000007!4d-82.1341092!16s%2Fg%2F1tpc8svv!19sChIJHXR9PFor5ogRBjOPLp8uoV0?authuser=0&hl=en&rclk=1,auto repair shop,Marion County,county,FL,2026-07-23T09:14:38,0x88e62b5a3c7d741d:0x5da12e9f2e8f3306
3-A MOBILE REPAIRS INC,(561) 329-3800,,,"16265 NW 292nd St, Okeechobee, FL 34972, United States",16265 NW 292nd St,Okeechobee,FL,34972,5.0,1,Auto repair shop,,,https://www.google.com/maps/place/3-A+MOBILE+REPAIRS+INC/data=!4m7!3m6!1s0x88dc315d16cbc721:0x7d2be57e9ac3b370!8m2!3d27.513039!4d-80.992858!16s%2Fg%2F11npr36dvv!19sChIJIcfLFl0x3IgRcLPDmn7lK30?authuser=0&hl=en&rclk=1,auto repair shop,Okeechobee County,county,FL,2026-07-23T09:58:07,0x88dc315d16cbc721:0x7d2be57e9ac3b370
AAA Radiator & Air Conditioning Inc,(863) 763-4033,https://aaaokeechobee.com/,,"405 N Parrott Ave, Okeechobee, FL 34972, United States",405 N Parrott Ave,Okeechobee,FL,34972,4.8,121,Auto repair shop,,,https://www.google.com/maps/place/AAA+Radiator+%26+Air+Conditioning+Inc/data=!4m7!3m6!1s0x88dc1ff56da44f7d:0xbb11d9b83918ca1e!8m2!3d27.247264!4d-80.830283!16s%2Fg%2F1tfc7f1r!19sChIJfU-kbfUf3IgRHsoYObjZEbs?authuser=0&hl=en&rclk=1,auto repair shop,Okeechobee County,county,FL,2026-07-23T09:58:07,0x88dc1ff56da44f7d:0xbb11d9b83918ca1e
Daytona Automotive Repair,,,,"2693 NE 11th Ct, Okeechobee, FL 34972, United States",2693 NE 11th Ct,Okeechobee,FL,34972,,,Auto repair shop,,,https://www.google.com/maps/place/Daytona+Automotive+Repair/data=!4m7!3m6!1s0x88de9f005a9c27c1:0x931cdbd1d523dbd7!8m2!3d27.2543581!4d-80.8011817!16s%2Fg%2F11z5x_wn8v!19sChIJwSecWgCf3ogR19sj1dHbHJM?authuser=0&hl=en&rclk=1,auto repair shop,Okeechobee County,county,FL,2026-07-23T09:58:07,0x88de9f005a9c27c1:0x931cdbd1d523dbd7
NAPA Auto Parts - Performance,(863) 763-3121,https://www.napaonline.com/en/FL/Okeechobee/store/27635?cid=pl_jobber_google_dac_27635_ao,,"409 N Parrott Ave, Okeechobee, FL 34972, United States",409 N Parrott Ave,Okeechobee,FL,34972,4.5,128,Auto parts store,,,https://www.google.com/maps/place/NAPA+Auto+Parts+-+Performance/data=!4m7!3m6!1s0x88dc1ff56fbc536b:0xa5c4712323647986!8m2!3d27.247644!4d-80.830296!16s%2Fg%2F1tgpnv8l!19sChIJa1O8b_Uf3IgRhnlkIyNxxKU?authuser=0&hl=en&rclk=1,auto repair shop,Okeechobee County,county,FL,2026-07-23T09:58:07,0x88dc1ff56fbc536b:0xa5c4712323647986
Taylor Creek Autorepair inc,(863) 357-2880,https://mapsask.top/taylor-creek-tire-f-guc6m,,"3826 US-441, Okeechobee, FL 34974, United States",3826 US-441,Okeechobee,FL,34974,4.8,187,Auto repair shop,,,https://www.google.com/maps/place/Taylor+Creek+Autorepair+inc/data=!4m7!3m6!1s0x88dea067ba42506d:0xa37394e17fb7b9c2!8m2!3d27.2091825!4d-80.7898229!16s%2Fg%2F1tl8lj91!19sChIJbVBCumeg3ogRwrm3f-GUc6M?authuser=0&hl=en&rclk=1,auto repair shop,Okeechobee County,county,FL,2026-07-23T09:58:07,0x88dea067ba42506d:0xa37394e17fb7b9c2
"Unique Paint and Body and Collision, Inc",(863) 763-7069,,,"SE, 5295 US-441, Okeechobee, FL 34974, United States","SE, 5295 US-441",Okeechobee,FL,34974,3.9,24,Auto body shop,,,"https://www.google.com/maps/place/Unique+Paint+and+Body+and+Collision,+Inc/data=!4m7!3m6!1s0x88dc201e65a5fad7:0xf7f3cd0e4400866e!8m2!3d27.201559!4d-80.774193!16s%2Fg%2F1wzt35bd!19sChIJ1_qlZR4g3IgRboYARA7N8_c?authuser=0&hl=en&rclk=1",auto repair shop,Okeechobee County,county,FL,2026-07-23T09:58:07,0x88dc201e65a5fad7:0xf7f3cd0e4400866e
Walmart Auto Care Center,(863) 467-7924,https://www.walmart.com/store/814-okeechobee-fl/auto-care-center/?veh=seo_loc,,"2101 S Parrott Ave, Okeechobee, FL 34974, United States",2101 S Parrott Ave,Okeechobee,FL,34974,3.9,119,Oil change service,,,https://www.google.com/maps/place/Walmart+Auto+Care+Center/data=!4m7!3m6!1s0x88dc1fc0fc0b543d:0xa8a4ffde361e065d!8m2!3d27.2215841!4d-80.8279175!16s%2Fg%2F11_fkyqqt!19sChIJPVQL_MAf3IgRXQYeNt7_pKg?authuser=0&hl=en&rclk=1,auto repair shop,Okeechobee County,county,FL,2026-07-23T09:58:07,0x88dc1fc0fc0b543d:0xa8a4ffde361e065d
4 trailers,,,,"27888 SE Hwy 19, Old Town, FL 32680, United States",27888 SE Hwy 19,Old Town,FL,32680,1.0,1,Auto repair shop,,,https://www.google.com/maps/place/4+trailers/data=!4m7!3m6!1s0x88e91f00054d2af9:0xf3ce9e426b0b7815!8m2!3d29.5830059!4d-82.9542486!16s%2Fg%2F11w1f13z__!19sChIJ-SpNBQAf6YgRFXgLa0KezvM?authuser=0&hl=en&rclk=1,auto repair shop,Dixie County,county,FL,2026-07-23T04:51:10,0x88e91f00054d2af9:0xf3ce9e426b0b7815
NAPA Auto Parts - Old Town Auto Parts Inc,(352) 542-8583,https://www.napaonline.com/en/FL/Old-Town/store/20595?cid=pl_jobber_google_dac_20595_ao,,"25983 SE Hwy 19, Old Town, FL 32680, United States",25983 SE Hwy 19,Old Town,FL,32680,4.4,127,Auto parts store,,,https://www.google.com/maps/place/NAPA+Auto+Parts+-+Old+Town+Auto+Parts+Inc/data=!4m7!3m6!1s0x88e91f58c3c476db:0x32d6085b22db545a!8m2!3d29.601516!4d-82.978105!16s%2Fg%2F1tczl9fp!19sChIJ23bEw1gf6YgRWlTbIlsI1jI?authuser=0&hl=en&rclk=1,auto repair shop,Dixie County,county,FL,2026-07-15T09:37:34,0x88e91f58c3c476db:0x32d6085b22db545a
Sparks & Rec Mobile RV Repair,,https://recreationalrepair.wixsite.com/sparkswreckmobilervr,,"319 SE 147th Ave, Old Town, FL 32680, United States",319 SE 147th Ave,Old Town,FL,32680,4.8,92,RV repair and maintenance service,,,https://www.google.com/maps/place/Sparks+%26+Rec+Mobile+RV+Repair/data=!4m7!3m6!1s0x88e919a6ebd70503:0x9c329c74ac6df2db!8m2!3d29.5878834!4d-83.0097183!16s%2Fg%2F11krggbssd!19sChIJAwXX66YZ6YgR2_JtrHScMpw?authuser=0&hl=en&rclk=1,auto repair shop,Dixie County,county,FL,2026-07-23T04:51:10,0x88e919a6ebd70503:0x9c329c74ac6df2db
TRI COUNTY COLLISION INC,(352) 469-5065,https://www.tricountycollisionfl.com/,,"23306 SE Hwy 19, Old Town, FL 32680, United States",23306 SE Hwy 19,Old Town,FL,32680,3.8,48,Auto body shop,,,https://www.google.com/maps/place/TRI+COUNTY+COLLISION+INC/data=!4m7!3m6!1s0x88e9189c91ad623d:0xb1cc1804b70a76d7!8m2!3d29.6025695!4d-83.0228805!16s%2Fg%2F11g6hzhhpn!19sChIJPWKtkZwY6YgR13YKtwQYzLE?authuser=0&hl=en&rclk=1,auto repair shop,Dixie County,county,FL,2026-07-23T04:51:10,0x88e9189c91ad623d:0xb1cc1804b70a76d7
AAMCO Transmissions & Total Car Care,(904) 490-6131,https://www.aamcojacksonville.com/?utm_source=G&utm_medium=local&utm_campaign=google-local,,"356 Blanding Blvd, Orange Park, FL 32073, United States",356 Blanding Blvd,Orange Park,FL,32073,4.5,357,Transmission shop,,,https://www.google.com/maps/place/AAMCO+Transmissions+%26+Total+Car+Care/data=!4m7!3m6!1s0x88e5c688caeb9763:0x1b1cb614ba27514e!8m2!3d30.167381!4d-81.74822!16s%2Fg%2F1td8zylz!19sChIJY5fryojG5YgRTlEnuhS2HBs?authuser=0&hl=en&rclk=1,auto repair shop,Clay County,county,FL,2026-07-23T04:22:46,0x88e5c688caeb9763:0x1b1cb614ba27514e
"Car Spa, Inc.",(904) 394-2277,https://carspa.net/locations/orange-park-fl-car-wash/,,"326 Blanding Blvd, Orange Park, FL 32073, United States",326 Blanding Blvd,Orange Park,FL,32073,4.5,765,Car wash,,,"https://www.google.com/maps/place/Car+Spa,+Inc./data=!4m7!3m6!1s0x88e5c425cf7c5ebf:0x726f16b0b9a138f8!8m2!3d30.169338!4d-81.748159!16s%2Fg%2F1tvdkm3h!19sChIJv158zyXE5YgR-DihubAWb3I?authuser=0&hl=en&rclk=1",auto repair shop,Jacksonville,city,FL,2026-07-23T12:48:45,0x88e5c425cf7c5ebf:0x726f16b0b9a138f8
Firestone Complete Auto Care,(904) 385-5545,https://www.firestonecompleteautocare.com/florida/orange-park/237-blanding-blvd/?utm_source=google&utm_medium=organic&utm_campaign=localmaps&cmp=oloc_google_localmaps_maps,,"237 Blanding Blvd, Orange Park, FL 32073, United States",237 Blanding Blvd,Orange Park,FL,32073,4.3,457,Tire shop,,,https://www.google.com/maps/place/Firestone+Complete+Auto+Care/data=!4m7!3m6!1s0x88e5c42817ea9d83:0xaa27e0e22844f1bb!8m2!3d30.174814!4d-81.7444478!16s%2Fg%2F1tgpz04t!19sChIJg53qFyjE5YgRu_FEKOLgJ6o?authuser=0&hl=en&rclk=1,auto repair shop,Clay County,county,FL,2026-07-23T04:22:46,0x88e5c42817ea9d83:0xaa27e0e22844f1bb
Firestone Complete Auto Care,(904) 385-2342,https://www.firestonecompleteautocare.com/florida/orange-park/841-blanding-blvd/?utm_source=google&utm_medium=organic&utm_campaign=localmaps&cmp=oloc_google_localmaps_maps,,"841 Blanding Blvd, Orange Park, FL 32065, United States",841 Blanding Blvd,Orange Park,FL,32065,4.4,594,Tire shop,,,https://www.google.com/maps/place/Firestone+Complete+Auto+Care/data=!4m7!3m6!1s0x88e5c46568a1bad9:0x17026d6914296a39!8m2!3d30.1419883!4d-81.7661234!16s%2Fg%2F1tsr4077!19sChIJ2bqhaGXE5YgROWopFGltAhc?authuser=0&hl=en&rclk=1,auto repair shop,Clay County,county,FL,2026-07-23T04:22:46,0x88e5c46568a1bad9:0x17026d6914296a39
Goodyear Auto Service,(904) 269-9700,https://www.goodyear.com/en-us/goodyearautoservice,,"1615 Wells Rd, Orange Park, FL 32073, United States",1615 Wells Rd,Orange Park,FL,32073,4.4,355,Tire shop,,,https://www.google.com/maps/place/Goodyear+Auto+Service/data=!4m7!3m6!1s0x88e5c66eee93cbdd:0x8f0df7221c76d3b2!8m2!3d30.1894823!4d-81.7203285!16s%2Fg%2F1vxvjp4k!19sChIJ3cuT7m7G5YgRstN2HCL3DY8?authuser=0&hl=en&rclk=1,auto repair shop,Clay County,county,FL,2026-07-23T04:22:46,0x88e5c66eee93cbdd:0x8f0df7221c76d3b2
Hill Automotive Inc.,(904) 269-6777,,,"234 Industrial Loop S, Orange Park, FL 32073, United States",234 Industrial Loop S,Orange Park,FL,32073,4.9,93,Auto repair shop,,,https://www.google.com/maps/place/Hill+Automotive+Inc./data=!4m7!3m6!1s0x88e5c60ca7d62dbf:0x1d9179b97ec25673!8m2!3d30.1793796!4d-81.7123134!16s%2Fg%2F11fl0f48tw!19sChIJvy3WpwzG5YgRc1bCfrl5kR0?authuser=0&hl=en&rclk=1,auto repair shop,Clay County,county,FL,2026-07-15T09:09:51,0x88e5c60ca7d62dbf:0x1d9179b97ec25673
Midas,(904) 385-5562,https://www.midas.com/store/fl/orange-park/214-blanding-boulevard-32073/?shopnum=3292&utm_source=google&utm_medium=organic&utm_campaign=gbp,,"214 Blanding Blvd, Orange Park, FL 32073, United States",214 Blanding Blvd,Orange Park,FL,32073,4.6,1189,Auto repair shop,,,https://www.google.com/maps/place/Midas/data=!4m7!3m6!1s0x88e5c682a26df5b7:0xd548c0e3d7450461!8m2!3d30.1761695!4d-81.7445613!16s%2Fg%2F1tk63yl1!19sChIJt_VtooLG5YgRYQRF1-PASNU?authuser=0&hl=en&rclk=1,auto repair shop,Clay County,county,FL,2026-07-23T04:22:46,0x88e5c682a26df5b7:0xd548c0e3d7450461
Pep Boys Auto Service & Tires,(904) 385-2427,https://www.pepboys.com/stores/fl/orange-park/204-blanding-blvd?Cid=gbp_appt_AN:PB%7CPB:G%7CTT:GBP%7CCG:CONVERSION%7CCD:SERVICE,,"204 Blanding Blvd, Orange Park, FL 32073, United States",204 Blanding Blvd,Orange Park,FL,32073,4.2,751,Tire shop,,,https://www.google.com/maps/place/Pep+Boys+Auto+Service+%26+Tires/data=!4m7!3m6!1s0x88e5c682e94c01cf:0x907af6c2e6dd1e1f!8m2!3d30.1777055!4d-81.7440963!16s%2Fg%2F1tfgkmxd!19sChIJzwFM6YLG5YgRHx7d5sL2epA?authuser=0&hl=en&rclk=1,auto repair shop,Clay County,county,FL,2026-07-23T04:22:46,0x88e5c682e94c01cf:0x907af6c2e6dd1e1f
"Schutter Automotive, Inc",(904) 779-0054,https://schutterautomotive.com/,,"3035 Bravo Ct, Orange Park, FL 32065, United States",3035 Bravo Ct,Orange Park,FL,32065,4.9,167,Auto repair shop,,,"https://www.google.com/maps/place/Schutter+Automotive,+Inc/data=!4m7!3m6!1s0x88e5c76c6c3db61d:0xc3df347a39448ec4!8m2!3d30.1359142!4d-81.7757789!16s%2Fg%2F1260fz9wz!19sChIJHbY9bGzH5YgRxI5EOXo038M?authuser=0&hl=en&rclk=1",auto repair shop,Clay County,county,FL,2026-07-23T04:22:46,0x88e5c76c6c3db61d:0xc3df347a39448ec4
Abe's Auto Repair Inc.,(407) 273-9900,http://abeauto.com/,,"3328 Conway Rd, Orlando, FL 32812, United States",3328 Conway Rd,Orlando,FL,32812,4.7,69,Auto repair shop,,,https://www.google.com/maps/place/Abe%27s+Auto+Repair+Inc./data=!4m7!3m6!1s0x88e764b036298e8b:0xf1bf9225693156c!8m2!3d28.5026204!4d-81.3312026!16s%2Fg%2F11cn96kw1v!19sChIJi44pNrBk54gRbBWTViL5Gw8?authuser=0&hl=en&rclk=1,auto repair shop,Orange County,county,FL,2026-07-23T10:03:02,0x88e764b036298e8b:0xf1bf9225693156c
Brakemaster Auto Repair Inc.,(407) 536-0661,,,"9797 S Orange Blossom Trl Unit 13, Orlando, FL 32837, United States",9797 S Orange Blossom Trl Unit 13,Orlando,FL,32837,5.0,16,Auto repair shop,,,https://www.google.com/maps/place/Brakemaster+Auto+Repair+Inc./data=!4m7!3m6!1s0x88e77d9286d5a815:0x37efa579ff6bd46e!8m2!3d28.4134401!4d-81.4033508!16s%2Fg%2F11rc1sw0qs!19sChIJFajVhpJ954gRbtRr_3ml7zc?authuser=0&hl=en&rclk=1,auto repair shop,Orange County,county,FL,2026-07-15T13:10:15,0x88e77d9286d5a815:0x37efa579ff6bd46e
CELENA'S AUTO & TRUCK REPAIR INC,(321) 299-2895,,,"5313 E Colonial Dr, Orlando, FL 32807, United States",5313 E Colonial Dr,Orlando,FL,32807,4.9,74,Auto repair shop,,,https://www.google.com/maps/place/CELENA%27S+AUTO+%26+TRUCK+REPAIR+INC/data=!4m7!3m6!1s0x88e765159c41d37d:0xb8d09783ffb3f111!8m2!3d28.5551186!4d-81.3171886!16s%2Fg%2F12hsc5sgs!19sChIJfdNBnBVl54gREfGz_4OX0Lg?authuser=0&hl=en&rclk=1,auto repair shop,Orange County,county,FL,2026-07-15T13:10:15,0x88e765159c41d37d:0xb8d09783ffb3f111
Gaby's Auto Repair,,,,"2000 S Orange Blossom Trl, Orlando, FL 32805, United States",2000 S Orange Blossom Trl,Orlando,FL,32805,3.9,57,Auto repair shop,,,https://www.google.com/maps/place/Gaby%27s+Auto+Repair/data=!4m7!3m6!1s0x88e77bbcfb386b4f:0xc7871628359eb2a8!8m2!3d28.520581!4d-81.3974148!16s%2Fg%2F1tdrg5l0!19sChIJT2s4-7x754gRqLKeNSgWh8c?authuser=0&hl=en&rclk=1,auto repair shop,Orange County,county,FL,2026-07-23T10:03:02,0x88e77bbcfb386b4f:0xc7871628359eb2a8
Gibney's Auto Repair Inc,(407) 426-9489,http://gibneysautoorlando.com/,,"Gibney's Auto Repair, 2801 S Orange Blossom Trl, Orlando, FL 32805, United States","Gibney's Auto Repair, 2801 S Orange Blossom Trl",Orlando,FL,32805,4.9,135,Auto repair shop,,,https://www.google.com/maps/place/Gibney%27s+Auto+Repair+Inc/data=!4m7!3m6!1s0x88e77bf8893b68e3:0x81436d55c383ad8b!8m2!3d28.5135238!4d-81.3967136!16s%2Fg%2F11fh_s2yft!19sChIJ42g7ifh754gRi62Dw1VtQ4E?authuser=0&hl=en&rclk=1,auto repair shop,Orlando,city,FL,2026-07-23T13:09:05,0x88e77bf8893b68e3:0x81436d55c383ad8b
"Greg's Complete Auto Repair & Sales, Inc.",(407) 523-5917,,,"5210 Old Winter Garden Rd, Orlando, FL 32811, United States",5210 Old Winter Garden Rd,Orlando,FL,32811,4.6,159,Auto repair shop,,,"https://www.google.com/maps/place/Greg%27s+Complete+Auto+Repair+%26+Sales,+Inc./data=!4m7!3m6!1s0x88e77974d4b03d9b:0x2ad5be9653b1308c!8m2!3d28.5402562!4d-81.4498288!16s%2Fg%2F11g71y07z2!19sChIJmz2w1HR554gRjDCxU5a-1So?authuser=0&hl=en&rclk=1",auto repair shop,Orlando,city,FL,2026-07-15T15:25:18,0x88e77974d4b03d9b:0x2ad5be9653b1308c
"Griffis Automotive Repair, Inc",(407) 896-2225,http://griffisautomotiverepair.com/,,"1400 S Bumby Ave, Orlando, FL 32806, United States",1400 S Bumby Ave,Orlando,FL,32806,4.6,205,Auto repair shop,,,"https://www.google.com/maps/place/Griffis+Automotive+Repair,+Inc/data=!4m7!3m6!1s0x88e77b3ab2296c13:0xa63e044982f33cea!8m2!3d28.5252831!4d-81.3518654!16s%2Fg%2F1tfzsr8c!19sChIJE2wpsjp754gR6jzzgkkEPqY?authuser=0&hl=en&rclk=1",auto repair shop,Orange County,county,FL,2026-07-23T10:03:02,0x88e77b3ab2296c13:0xa63e044982f33cea
Jesus's Auto Repair Service Inc,(407) 501-3787,,,"4640 Old Winter Garden Rd Unit c, Orlando, FL 32811, United States",4640 Old Winter Garden Rd Unit c,Orlando,FL,32811,4.8,36,Auto repair shop,,,https://www.google.com/maps/place/Jesus%27s+Auto+Repair+Service+Inc/data=!4m7!3m6!1s0x88e7798a1c20523f:0xb9666f5c88ce1a6!8m2!3d28.5450425!4d-81.4400612!16s%2Fg%2F11j_zjxmdj!19sChIJP1IgHIp554gRpuGMyPVmlgs?authuser=0&hl=en&rclk=1,auto repair shop,Orange County,county,FL,2026-07-15T13:10:15,0x88e7798a1c20523f:0xb9666f5c88ce1a6
Maitland Importers Inc,(407) 425-0545,https://www.volvoorlando.com/,,"1008 W Church St, Orlando, FL 32805, United States",1008 W Church St,Orlando,FL,32805,4.9,425,Auto repair shop,,,https://www.google.com/maps/place/Maitland+Importers+Inc/data=!4m7!3m6!1s0x88e77a52ca9aa7db:0xb74207f848a91358!8m2!3d28.5400124!4d-81.3935012!16s%2Fg%2F1td5mjg7!19sChIJ26eaylJ654gRWBOpSPgHQrc?authuser=0&hl=en&rclk=1,auto repair shop,Orlando,city,FL,2026-07-23T13:09:05,0x88e77a52ca9aa7db:0xb74207f848a91358
Meineke Car Care Center,(407) 233-0467,https://www.meineke.com/locations/fl/orlando-2929/?utm_source=google&utm_medium=organic&utm_campaign=gbp_website,,"4834 S Orange Ave, Orlando, FL 32806, United States",4834 S Orange Ave,Orlando,FL,32806,4.6,241,Auto repair shop,,,https://www.google.com/maps/place/Meineke+Car+Care+Center/data=!4m7!3m6!1s0x88e77b8e4c05a791:0xe700aff119c616cb!8m2!3d28.4924853!4d-81.3744405!16s%2Fg%2F11krh6498p!19sChIJkacFTI5754gRyxbGGfGvAOc?authuser=0&hl=en&rclk=1,auto repair shop,Orlando,city,FL,2026-07-23T13:09:05,0x88e77b8e4c05a791:0xe700aff119c616cb
Midas,(407) 917-4489,https://www.midas.com/store/fl/orlando/3400-south-orange-avenue-32806/?shopnum=3194&utm_source=google&utm_medium=organic&utm_campaign=gbp,,"3400 S Orange Ave, Orlando, FL 32806, United States",3400 S Orange Ave,Orlando,FL,32806,4.5,651,Auto repair shop,,,https://www.google.com/maps/place/Midas/data=!4m7!3m6!1s0x88e77b7093577193:0x9445349e825d521c!8m2!3d28.5055599!4d-81.3766752!16s%2Fg%2F1v_z54b2!19sChIJk3FXk3B754gRHFJdgp40RZQ?authuser=0&hl=en&rclk=1,auto repair shop,Orlando,city,FL,2026-07-23T13:09:05,0x88e77b7093577193:0x9445349e825d521c
"Orlando Import Auto Specialists, Inc.",(407) 895-3001,https://www.orlandoimportspecialist.com/,,"2801 E South St, Orlando, FL 32803, United States",2801 E South St,Orlando,FL,32803,4.8,744,Auto repair shop,,,"https://www.google.com/maps/place/Orlando+Import+Auto+Specialists,+Inc./data=!4m7!3m6!1s0x88e77ad644f1997f:0x1aa8ab043e888ae3!8m2!3d28.5390621!4d-81.3471896!16s%2Fg%2F1v27w9sl!19sChIJf5nxRNZ654gR44qIPgSrqBo?authuser=0&hl=en&rclk=1",auto repair shop,Orange County,county,FL,2026-07-23T10:03:02,0x88e77ad644f1997f:0x1aa8ab043e888ae3
Prestige Auto Repair Inc,(407) 299-7736,http://www.prestigeautofl.net/,,"3052 Shader Rd #1, Orlando, FL 32808, United States",3052 Shader Rd #1,Orlando,FL,32808,4.8,286,Auto repair shop,,,https://www.google.com/maps/place/Prestige+Auto+Repair+Inc/data=!4m7!3m6!1s0x88e77a0654604e8f:0xcdde81b071abb492!8m2!3d28.5850762!4d-81.419419!16s%2Fg%2F1hc5c859z!19sChIJj05gVAZ654gRkrSrcbCB3s0?authuser=0&hl=en&rclk=1,auto repair shop,Lake County,county,FL,2026-07-23T07:02:18,0x88e77a0654604e8f:0xcdde81b071abb492
Total Auto Repair Inc,(407) 816-6226,,,"9773 S Orange Blossom Trl suite 31, Orlando, FL 32837, United States",9773 S Orange Blossom Trl suite 31,Orlando,FL,32837,5.0,43,Auto repair shop,,,https://www.google.com/maps/place/Total+Auto+Repair+Inc/data=!4m7!3m6!1s0x88e77d9522e4365f:0xe013040a9ceea6b1!8m2!3d28.4148661!4d-81.4030043!16s%2Fg%2F1vg_dpgc!19sChIJXzbkIpV954gRsabunAoEE-A?authuser=0&hl=en&rclk=1,auto repair shop,Orange County,county,FL,2026-07-23T10:03:02,0x88e77d9522e4365f:0xe013040a9ceea6b1
Andre's Automotive Inc,(386) 677-5011,,,"297 Wilmette Ave, Ormond Beach, FL 32174, United States",297 Wilmette Ave,Ormond Beach,FL,32174,4.9,173,Auto repair shop,,,https://www.google.com/maps/place/Andre%27s+Automotive+Inc/data=!4m7!3m6!1s0x88e6db5a41a946bb:0x24038c7bdff8a5a8!8m2!3d29.2913395!4d-81.0686059!16s%2Fg%2F1td9fk_7!19sChIJu0apQVrb5ogRqKX433uMAyQ?authuser=0&hl=en&rclk=1,auto repair shop,Volusia County,county,FL,2026-07-23T12:30:46,0x88e6db5a41a946bb:0x24038c7bdff8a5a8
Auto Clinic of Ormond Inc,(386) 675-6978,http://auto-inc-ormond-beach.jany.io/,,"130 N Yonge St, Ormond Beach, FL 32174, United States",130 N Yonge St,Ormond Beach,FL,32174,4.6,52,Auto repair shop,,,https://www.google.com/maps/place/Auto+Clinic+of+Ormond+Inc/data=!4m7!3m6!1s0x88e6db435330b1d3:0xd97479512494f83f!8m2!3d29.286239!4d-81.064386!16s%2Fg%2F1td2123q!19sChIJ07EwU0Pb5ogRP_iUJFF5dNk?authuser=0&hl=en&rclk=1,auto repair shop,Volusia County,county,FL,2026-07-15T14:57:58,0x88e6db435330b1d3:0xd97479512494f83f
Karl's Advanced Automotive Repair Inc.,(386) 441-7756,http://www.autoserviceormondbeach.com/,,"1340 Ocean Shore Blvd, Ormond Beach, FL 32176, United States",1340 Ocean Shore Blvd,Ormond Beach,FL,32176,4.8,91,Auto repair shop,,,https://www.google.com/maps/place/Karl%27s+Advanced+Automotive+Repair+Inc./data=!4m7!3m6!1s0x88e6c4be497f5ffd:0x36a69de330082570!8m2!3d29.3248988!4d-81.0563399!16s%2Fg%2F1tdr9001!19sChIJ_V9_Sb7E5ogRcCUIMOOdpjY?authuser=0&hl=en&rclk=1,auto repair shop,Flagler County,county,FL,2026-07-23T05:13:45,0x88e6c4be497f5ffd:0x36a69de330082570
Pep Boys Auto Service & Tires,(407) 502-3145,https://www.pepboys.com/stores/fl/oviedo/907-south-lake-jessup-ave?Cid=gbp_appt_AN:PB%7CPB:G%7CTT:GBP%7CCG:CONVERSION%7CCD:SERVICE,,"907 S Lake Jessup Ave, Oviedo, FL 32765, United States",907 S Lake Jessup Ave,Oviedo,FL,32765,4.8,941,Tire shop,,,https://www.google.com/maps/place/Pep+Boys+Auto+Service+%26+Tires/data=!4m7!3m6!1s0x88e769075bced739:0x494bd6a8ed4cfa89!8m2!3d28.656113!4d-81.212821!16s%2Fg%2F1td4_pf_!19sChIJOdfOWwdp54gRifpM7ajWS0k?authuser=0&hl=en&rclk=1,auto repair shop,Seminole County,county,FL,2026-07-15T14:28:50,0x88e769075bced739:0x494bd6a8ed4cfa89
Firestone Complete Auto Care,(352) 571-2445,https://www.firestonecompleteautocare.com/florida/oxford/4210-e-county-rd-466/?utm_source=google&utm_medium=organic&utm_campaign=localmaps&cmp=oloc_google_localmaps_maps,,"4210 E County Rd 466, Oxford, FL 34484, United States",4210 E County Rd 466,Oxford,FL,34484,4.6,582,Tire shop,,,https://www.google.com/maps/place/Firestone+Complete+Auto+Care/data=!4m7!3m6!1s0x88e7c4c9c23a28bf:0xebea7cddbf96eb1c!8m2!3d28.9279226!4d-82.033945!16s%2Fg%2F11c6cr3lt0!19sChIJvyg6wsnE54gRHOuWv9186us?authuser=0&hl=en&rclk=1,auto repair shop,Sumter County,county,FL,2026-07-23T11:59:40,0x88e7c4c9c23a28bf:0xebea7cddbf96eb1c
Pep Boys Auto Service & Tires,(850) 889-1722,https://www.pepboys.com/stores/fl/pace/4128-hwy-90?Cid=gbp_appt_AN:PB%7CPB:G%7CTT:GBP%7CCG:CONVERSION%7CCD:SERVICE,,"4128 US-90, Pace, FL 32571, United States",4128 US-90,Pace,FL,32571,4.5,637,Tire shop,,,https://www.google.com/maps/place/Pep+Boys+Auto+Service+%26+Tires/data=!4m7!3m6!1s0x8890ec1a88740da9:0xe178d975b639d93a!8m2!3d30.603525!4d-87.151778!16s%2Fg%2F1tftl_27!19sChIJqQ10iBrskIgROtk5tnXZeOE?authuser=0&hl=en&rclk=1,auto repair shop,Santa Rosa County,county,FL,2026-07-23T11:41:38,0x8890ec1a88740da9:0xe178d975b639d93a
"Vannoy's Tires, Inc. Tire Pros",(850) 994-5434,https://www.vannoystirespensacola.com/,,"4020 US-90, Pace, FL 32571, United States",4020 US-90,Pace,FL,32571,4.8,456,Tire shop,,,"https://www.google.com/maps/place/Vannoy%27s+Tires,+Inc.+Tire+Pros/data=!4m7!3m6!1s0x8890ec11ecdbc32d:0x8b213bb855a6a54!8m2!3d30.6015523!4d-87.156738!16s%2Fg%2F1264nny5q!19sChIJLcPb7BHskIgRVGpahbsTsgg?authuser=0&hl=en&rclk=1",auto repair shop,Santa Rosa County,county,FL,2026-07-23T11:41:38,0x8890ec11ecdbc32d:0x8b213bb855a6a54
LAKESHORE MECHANIC INC,(561) 924-7774,,,"2814 E Main St, Pahokee, FL 33476, United States",2814 E Main St,Pahokee,FL,33476,4.9,8,Truck repair shop,,,https://www.google.com/maps/place/LAKESHORE+MECHANIC+INC/data=!4m7!3m6!1s0x88d9531d9e4257fd:0xb7ac3c051b2adf9!8m2!3d26.844848!4d-80.6430536!16s%2Fg%2F11vz3j9rhk!19sChIJ_VdCnh1T2YgR-a2yUcDDegs?authuser=0&hl=en&rclk=1,auto repair shop,Glades County,county,FL,2026-07-23T05:48:48,0x88d9531d9e4257fd:0xb7ac3c051b2adf9
Jeremys Tire Shop,,,,"4117 Silver Lake Dr, Palatka, FL 32177, United States",4117 Silver Lake Dr,Palatka,FL,32177,,,Auto repair shop,,,https://www.google.com/maps/place/Jeremys+Tire+Shop/data=!4m7!3m6!1s0x88e665b71df04b23:0xf0da9cb1586bb1eb!8m2!3d29.621168!4d-81.67554!16s%2Fg%2F11sjbxp4vc!19sChIJI0vwHbdl5ogR67FrWLGc2vA?authuser=0&hl=en&rclk=1,auto repair shop,Putnam County,county,FL,2026-07-23T11:20:34,0x88e665b71df04b23:0xf0da9cb1586bb1eb
Kustom Automotive,,,,"1612 Reid St, Palatka, FL 32177, United States",1612 Reid St,Palatka,FL,32177,4.0,1,Auto repair shop,,,https://www.google.com/maps/place/Kustom+Automotive/data=!4m7!3m6!1s0x88e6650005b4d16f:0x16394a2092d1b293!8m2!3d29.6504337!4d-81.6459316!16s%2Fg%2F11y4lv81_w!19sChIJb9G0BQBl5ogRk7LRkiBKORY?authuser=0&hl=en&rclk=1,auto repair shop,Putnam County,county,FL,2026-07-23T11:20:34,0x88e6650005b4d16f:0x16394a2092d1b293
Laible tire outlet,,,,"Reid St, Palatka, FL 32177, United States",Reid St,Palatka,FL,32177,,,Auto repair shop,,,https://www.google.com/maps/place/Laible+tire+outlet/data=!4m7!3m6!1s0x88e665c11d0de24b:0x423a13c94f0ca635!8m2!3d29.6593035!4d-81.6718947!16s%2Fg%2F11l2qkw9cr!19sChIJS-INHcFl5ogRNaYMT8kTOkI?authuser=0&hl=en&rclk=1,auto repair shop,Putnam County,county,FL,2026-07-23T11:20:34,0x88e665c11d0de24b:0x423a13c94f0ca635
"One Stop Auto Body , Inc",(386) 328-8461,,,"3853 Reid St, Palatka, FL 32177, United States",3853 Reid St,Palatka,FL,32177,4.8,85,Auto body shop,,,"https://www.google.com/maps/place/One+Stop+Auto+Body+,+Inc/data=!4m7!3m6!1s0x88e6659c7899a613:0x6875f5fe2087c7b1!8m2!3d29.6605078!4d-81.6769045!16s%2Fg%2F11_ssc90f!19sChIJE6aZeJxl5ogRsceHIP71dWg?authuser=0&hl=en&rclk=1",auto repair shop,Putnam County,county,FL,2026-07-23T11:20:33,0x88e6659c7899a613:0x6875f5fe2087c7b1
Pitstop,,,,"East St, Palatka, FL 32177, United States",East St,Palatka,FL,32177,3.8,6,Auto repair shop,,,https://www.google.com/maps/place/Pitstop/data=!4m7!3m6!1s0x88e66f003c091ea3:0x38c6626c04da7049!8m2!3d29.6771864!4d-81.7201261!16s%2Fg%2F11vpdjf3dr!19sChIJox4JPABv5ogRSXDaBGxixjg?authuser=0&hl=en&rclk=1,auto repair shop,Putnam County,county,FL,2026-07-23T11:20:34,0x88e66f003c091ea3:0x38c6626c04da7049
Take 5 Oil Change,(386) 267-4854,https://www.take5.com/locations/oil-change/florida/palatka/30808/?utm_source=google&utm_medium=organic&utm_campaign=gbp_website,,"934 S State Rd 19, Palatka, FL 32177, United States",934 S State Rd 19,Palatka,FL,32177,4.7,717,Oil change service,,,https://www.google.com/maps/place/Take+5+Oil+Change/data=!4m7!3m6!1s0x88e6650021448117:0x811384b6b8e13140!8m2!3d29.637571!4d-81.6786225!16s%2Fg%2F11y401r7wy!19sChIJF4FEIQBl5ogRQDHhuLaEE4E?authuser=0&hl=en&rclk=1,auto repair shop,Putnam County,county,FL,2026-07-23T11:20:34,0x88e6650021448117:0x811384b6b8e13140
"Toby's Alignment, Inc.",(386) 328-5490,http://www.tobysalignment.com/,,"2604 Peters St, Palatka, FL 32177, United States",2604 Peters St,Palatka,FL,32177,4.7,194,Tire shop,,,"https://www.google.com/maps/place/Toby%27s+Alignment,+Inc./data=!4m7!3m6!1s0x88e665afdcbaff99:0x1f4c809e27500254!8m2!3d29.6541141!4d-81.656671!16s%2Fg%2F1thk9km3!19sChIJmf-63K9l5ogRVAJQJ56ATB8?authuser=0&hl=en&rclk=1",auto repair shop,Putnam County,county,FL,2026-07-23T11:20:33,0x88e665afdcbaff99:0x1f4c809e27500254
Valvoline Instant Oil Change,(386) 854-4595,https://store.vioc.com/fl/palatka/4100-crill-ave?utm_source=google&utm_medium=local&utm_campaign=localsearch,,"4100 Crill Ave, Palatka, FL 32177, United States",4100 Crill Ave,Palatka,FL,32177,4.8,152,Oil change service,,,https://www.google.com/maps/place/Valvoline+Instant+Oil+Change/data=!4m7!3m6!1s0x88e665a0492421d1:0x6676e2e6395b6784!8m2!3d29.64173!4d-81.67723!16s%2Fg%2F11y21p4wtp!19sChIJ0SEkSaBl5ogRhGdbOebidmY?authuser=0&hl=en&rclk=1,auto repair shop,Putnam County,county,FL,2026-07-23T11:20:34,0x88e665a0492421d1:0x6676e2e6395b6784
Walmart Auto Care Center,(386) 328-7252,https://www.walmart.com/store/551-palatka-fl/auto-care-center/?veh=seo_loc,,"1024 S State Rd 19, Palatka, FL 32177, United States",1024 S State Rd 19,Palatka,FL,32177,2.9,133,Oil change service,,,https://www.google.com/maps/place/Walmart+Auto+Care+Center/data=!4m7!3m6!1s0x88e665f21ebe5a1b:0x5161b973f7fd9145!8m2!3d29.6383569!4d-81.6801276!16s%2Fg%2F1tjt2rtm!19sChIJG1q-HvJl5ogRRZH993O5YVE?authuser=0&hl=en&rclk=1,auto repair shop,Putnam County,county,FL,2026-07-23T10:55:26,0x88e665f21ebe5a1b:0x5161b973f7fd9145
Discount Auto Repair & Tire INC,(561) 557-8785,https://www.discountautorepairtire.com/,,"9730 FL A1AAlt, Palm Beach Gardens, FL 33410, United States",9730 FL A1AAlt,Palm Beach Gardens,FL,33410,4.8,212,Auto repair shop,,,https://www.google.com/maps/place/Discount+Auto+Repair+%26+Tire+INC/data=!4m7!3m6!1s0x88d8d5f9d863171f:0xc47faa16f4438087!8m2!3d26.8191689!4d-80.0827927!16s%2Fg%2F11vc1wyppw!19sChIJHxdj2PnV2IgRh4BD9Baqf8Q?authuser=0&hl=en&rclk=1,auto repair shop,Palm Beach County,county,FL,2026-07-23T10:18:09,0x88d8d5f9d863171f:0xc47faa16f4438087
GARY'S MOBILE AUTO REPAIR OF THE TREASURE COAST INC.,(772) 382-9794,,,"3246 SW Feroe Ave, Palm City, FL 34990, United States",3246 SW Feroe Ave,Palm City,FL,34990,4.7,37,Mechanic,,,https://www.google.com/maps/place/GARY%27S+MOBILE+AUTO+REPAIR+OF+THE+TREASURE+COAST+INC./data=!4m7!3m6!1s0x88dedda2296c4c79:0x9c761be6115af818!8m2!3d27.1652743!4d-80.2680914!16s%2Fg%2F11t6xpbbnp!19sChIJeUxsKaLd3ogRGPhaEeYbdpw?authuser=0&hl=en&rclk=1,auto repair shop,Martin County,county,FL,2026-07-23T09:22:50,0x88dedda2296c4c79:0x9c761be6115af818
Flagler Auto Repair and Sales Inc,(386) 986-9948,https://www.flaglerautorepairsales.com/?keywordutm_source=goggle,,"11 Hargrove Grde J, Palm Coast, FL 32137, United States",11 Hargrove Grde J,Palm Coast,FL,32137,5.0,105,Car repair and maintenance service,,,https://www.google.com/maps/place/Flagler+Auto+Repair+and+Sales+Inc/data=!4m7!3m6!1s0x88e69345c97367a7:0x5f9ba79d16dd0f22!8m2!3d29.5541296!4d-81.2709348!16s%2Fg%2F11vr0vcgkv!19sChIJp2dzyUWT5ogRIg_dFp2nm18?authuser=0&hl=en&rclk=1,auto repair shop,Flagler County,county,FL,2026-07-23T05:13:45,0x88e69345c97367a7:0x5f9ba79d16dd0f22
Kaz Auto Repair Inc,(386) 446-5535,,,"15 Hargrove Ln # 3B, Palm Coast, FL 32137, United States",15 Hargrove Ln # 3B,Palm Coast,FL,32137,,,Auto repair shop,,,https://www.google.com/maps/place/Kaz+Auto+Repair+Inc/data=!4m7!3m6!1s0x88e693a038bf2799:0x2ec7b2b4021cf52c!8m2!3d29.5495295!4d-81.2785092!16s%2Fg%2F1tgnbffb!19sChIJmSe_OKCT5ogRLPUcArSyxy4?authuser=0&hl=en&rclk=1,auto repair shop,Flagler County,county,FL,2026-07-23T05:13:45,0x88e693a038bf2799:0x2ec7b2b4021cf52c
Walmart Auto Care Center,(386) 446-8488,https://www.walmart.com/store/1182-palm-coast-fl/auto-care-center/?veh=seo_loc,,"174 Cypress Point Pkwy, Palm Coast, FL 32164, United States",174 Cypress Point Pkwy,Palm Coast,FL,32164,3.8,199,Oil change service,,,https://www.google.com/maps/place/Walmart+Auto+Care+Center/data=!4m7!3m6!1s0x88e6945ea48f2e0f:0x4fdce6832f193164!8m2!3d29.5498305!4d-81.2252052!16s%2Fg%2F1tc_9hf4!19sChIJDy6PpF6U5ogRZDEZL4Pm3E8?authuser=0&hl=en&rclk=1,auto repair shop,Flagler County,county,FL,2026-07-23T05:13:45,0x88e6945ea48f2e0f:0x4fdce6832f193164
Steve White's Auto Service Inc.,(941) 722-4367,http://stevewhitesautoservice.com/,,"824 8th Ave W, Palmetto, FL 34221, United States",824 8th Ave W,Palmetto,FL,34221,4.6,382,Auto repair shop,,,https://www.google.com/maps/place/Steve+White%27s+Auto+Service+Inc./data=!4m7!3m6!1s0x88c317e62826ff1d:0x700723b806c9c24f!8m2!3d27.5191203!4d-82.5726546!16s%2Fg%2F1w9y1wz8!19sChIJHf8mKOYXw4gRT8LJBrgjB3A?authuser=0&hl=en&rclk=1,auto repair shop,Manatee County,county,FL,2026-07-23T09:07:27,0x88c317e62826ff1d:0x700723b806c9c24f
BackWoods BrotherHood (Panacea Shop),,,,"33 Britton Dr, Panacea, FL 32346, United States",33 Britton Dr,Panacea,FL,32346,,,Motorcycle repair shop,,,https://www.google.com/maps/place/BackWoods+BrotherHood+%28Panacea+Shop%29/data=!4m7!3m6!1s0x88eb7db590e4e2f1:0xba93cd4acd1987fe!8m2!3d30.0335424!4d-84.4020464!16s%2Fg%2F11vpmkbm6v!19sChIJ8eLkkLV964gR_ocZzUrNk7o?authuser=0&hl=en&rclk=1,auto repair shop,Franklin County,county,FL,2026-07-23T05:26:55,0x88eb7db590e4e2f1:0xba93cd4acd1987fe
"Affordable Transmissions and Parts, Inc",(850) 522-9208,http://www.affordabletransmissions.us/,,"2725 N East Ave, Panama City, FL 32405, United States",2725 N East Ave,Panama City,FL,32405,4.4,158,Auto repair shop,,,"https://www.google.com/maps/place/Affordable+Transmissions+and+Parts,+Inc/data=!4m7!3m6!1s0x8893823e568e05d7:0xec5bc8ae7765d03c!8m2!3d30.1980747!4d-85.6253344!16s%2Fg%2F1pyqf3wsp!19sChIJ1wWOVj6Ck4gRPNBld67IW-w?authuser=0&hl=en&rclk=1",auto repair shop,Bay County,county,FL,2026-07-23T03:28:40,0x8893823e568e05d7:0xec5bc8ae7765d03c
Firestone Complete Auto Care,(850) 252-8387,https://www.firestonecompleteautocare.com/florida/panama-city/2051-martin-luther-king-jr-blvd/?utm_source=google&utm_medium=organic&utm_campaign=localmaps&cmp=oloc_google_localmaps_maps,,"2051 Martin Luther King Jr Blvd, Panama City, FL 32405, United States",2051 Martin Luther King Jr Blvd,Panama City,FL,32405,4.6,1220,Tire shop,,,https://www.google.com/maps/place/Firestone+Complete+Auto+Care/data=!4m7!3m6!1s0x8893817a41e3a4c3:0x5ddd250880d558bb!8m2!3d30.185103!4d-85.650552!16s%2Fg%2F1tf08flv!19sChIJw6TjQXqBk4gRu1jVgAgl3V0?authuser=0&hl=en&rclk=1,auto repair shop,Bay County,county,FL,2026-07-23T03:28:40,0x8893817a41e3a4c3:0x5ddd250880d558bb
Goodyear Auto Service,(850) 763-4651,https://www.goodyear.com/en-us/goodyearautoservice,,"1001 W 15th St, Panama City, FL 32401, United States",1001 W 15th St,Panama City,FL,32401,4.2,244,Tire shop,,,https://www.google.com/maps/place/Goodyear+Auto+Service/data=!4m7!3m6!1s0x88938157372cda81:0x7080d3d8fa3f5ca9!8m2!3d30.1749196!4d-85.6757439!16s%2Fg%2F1tp8_twj!19sChIJgdosN1eBk4gRqVw_-tjTgHA?authuser=0&hl=en&rclk=1,auto repair shop,Bay County,county,FL,2026-07-23T03:28:40,0x88938157372cda81:0x7080d3d8fa3f5ca9
Pep Boys Auto Service & Tires,(850) 403-0450,https://www.pepboys.com/stores/fl/panama-city/712-w-23rd-st?Cid=gbp_appt_AN:PB%7CPB:G%7CTT:GBP%7CCG:CONVERSION%7CCD:SERVICE,,"712 W 23rd St, Panama City, FL 32405, United States",712 W 23rd St,Panama City,FL,32405,3.9,602,Tire shop,,,https://www.google.com/maps/place/Pep+Boys+Auto+Service+%26+Tires/data=!4m7!3m6!1s0x889383e5a36fd317:0xebba8725b9e925a4!8m2!3d30.190111!4d-85.671435!16s%2Fg%2F1tc_rss5!19sChIJF9Nvo-WDk4gRpCXpuSWHuus?authuser=0&hl=en&rclk=1,auto repair shop,Bay County,county,FL,2026-07-15T08:23:33,0x889383e5a36fd317:0xebba8725b9e925a4
Take 5 Oil Change,(850) 250-5583,https://www.take5.com/locations/oil-change/florida/panama-city/30914/?utm_source=google&utm_medium=organic&utm_campaign=gbp_website,,"307 S Tyndall Pkwy, Panama City, FL 32404, United States",307 S Tyndall Pkwy,Panama City,FL,32404,4.6,285,Oil change service,,,https://www.google.com/maps/place/Take+5+Oil+Change/data=!4m7!3m6!1s0x88937f502a8bcff7:0xf462304880b637f0!8m2!3d30.1417965!4d-85.5908578!16s%2Fg%2F11x2kmvdlq!19sChIJ98-LKlB_k4gR8De2gEgwYvQ?authuser=0&hl=en&rclk=1,auto repair shop,Calhoun County,county,FL,2026-07-15T08:50:17,0x88937f502a8bcff7:0xf462304880b637f0
AAMCO Transmissions & Total Car Care,(800) 462-2626,https://www.aamcopanamacitybeach.com/?utm_source=G&utm_medium=local&utm_campaign=google-local,,"21929 Panama City Beach Pkwy Unit 1, Panama City Beach, FL 32413, United States",21929 Panama City Beach Pkwy Unit 1,Panama City Beach,FL,32413,4.6,167,Transmission shop,,,https://www.google.com/maps/place/AAMCO+Transmissions+%26+Total+Car+Care/data=!4m7!3m6!1s0x8893f3ba07d8644b:0x79acb9b5c2aa263b!8m2!3d30.261404!4d-85.959053!16s%2Fg%2F11h6s0wy2f!19sChIJS2TYB7rzk4gROyaqwrW5rHk?authuser=0&hl=en&rclk=1,auto repair shop,Bay County,county,FL,2026-07-23T03:28:40,0x8893f3ba07d8644b:0x79acb9b5c2aa263b
PARKWAY TIRES & SERVICE BEACH INC,(850) 230-2355,http://www.parkwaytire.com/,,"1810 Navy Blvd, Panama City Beach, FL 32408, United States",1810 Navy Blvd,Panama City Beach,FL,32408,4.6,367,Tire shop,,,https://www.google.com/maps/place/PARKWAY+TIRES+%26+SERVICE+BEACH+INC/data=!4m7!3m6!1s0x8893861a1119fd63:0x5473436b6651136c!8m2!3d30.1665996!4d-85.7572339!16s%2Fg%2F1tf2yl0p!19sChIJY_0ZERqGk4gRbBNRZmtDc1Q?authuser=0&hl=en&rclk=1,auto repair shop,Bay County,county,FL,2026-07-23T03:28:40,0x8893861a1119fd63:0x5473436b6651136c
Auto Zone pines,,,,"8655 Pines Blvd, Pembroke Pines, FL 33024, United States",8655 Pines Blvd,Pembroke Pines,FL,33024,5.0,1,Auto repair shop,,,https://www.google.com/maps/place/Auto+Zone+pines/data=!4m7!3m6!1s0x88d9a90014bdada1:0x45c09ab83861c609!8m2!3d26.009921!4d-80.2613238!16s%2Fg%2F11z645ysf9!19sChIJoa29FACp2YgRCcZhOLiawEU?authuser=0&hl=en&rclk=1,auto repair shop,Pembroke Pines,city,FL,2026-07-15T16:09:59,0x88d9a90014bdada1:0x45c09ab83861c609
Caliven Auto Group,,https://orionautogroup.xyz/,,"175 N Hiatus Rd, Pembroke Pines, FL 33026, United States",175 N Hiatus Rd,Pembroke Pines,FL,33026,,,Auto repair shop,,,https://www.google.com/maps/place/Caliven+Auto+Group/data=!4m7!3m6!1s0x88d9a7978864b065:0x1510a703257a4d7b!8m2!3d26.0093493!4d-80.2957705!16s%2Fg%2F11x0wx2ygy!19sChIJZbBkiJen2YgRe016JQOnEBU?authuser=0&hl=en&rclk=1,auto repair shop,Pembroke Pines,city,FL,2026-07-15T16:09:59,0x88d9a7978864b065:0x1510a703257a4d7b
Firestone Complete Auto Care,(954) 613-6196,https://www.firestonecompleteautocare.com/florida/pembroke-pines/11288-pines-blvd/?utm_source=google&utm_medium=organic&utm_campaign=localmaps&cmp=oloc_google_localmaps_maps,,"11288 Pines Blvd, Pembroke Pines, FL 33026, United States",11288 Pines Blvd,Pembroke Pines,FL,33026,4.0,851,Tire shop,,,https://www.google.com/maps/place/Firestone+Complete+Auto+Care/data=!4m7!3m6!1s0x88d9a60d1db57eb7:0x66e48764ded6aac1!8m2!3d26.0071792!4d-80.2972586!16s%2Fg%2F1tflh0fb!19sChIJt361HQ2m2YgRwarW3mSH5GY?authuser=0&hl=en&rclk=1,auto repair shop,Pembroke Pines,city,FL,2026-07-23T13:51:34,0x88d9a60d1db57eb7:0x66e48764ded6aac1
Formula 1 Car Care Center Inc.,(904) 424-3733,,,"16050 Pines Blvd, Pembroke Pines, FL 33027, United States",16050 Pines Blvd,Pembroke Pines,FL,33027,4.7,25,Car detailing service,,,https://www.google.com/maps/place/Formula+1+Car+Care+Center+Inc./data=!4m7!3m6!1s0x88d9a72f31bdcbeb:0x4a1f46af525ef30!8m2!3d26.0071969!4d-80.362211!16s%2Fg%2F11nckqrknj!19sChIJ68u9MS-n2YgRMO8l9Wr0oQQ?authuser=0&hl=en&rclk=1,auto repair shop,Pembroke Pines,city,FL,2026-07-23T13:51:34,0x88d9a72f31bdcbeb:0x4a1f46af525ef30
Goodyear Auto Service,(954) 436-3661,https://www.goodyear.com/en-us/goodyearautoservice,,"300 NW 172nd Ave, Pembroke Pines, FL 33029, United States",300 NW 172nd Ave,Pembroke Pines,FL,33029,3.9,340,Tire shop,,,https://www.google.com/maps/place/Goodyear+Auto+Service/data=!4m7!3m6!1s0x88d9a15a01d180cb:0x2182fad7173db5a2!8m2!3d26.0094573!4d-80.3772201!16s%2Fg%2F1hc46nl_s!19sChIJy4DRAVqh2YgRorU9F9f6giE?authuser=0&hl=en&rclk=1,auto repair shop,Pembroke Pines,city,FL,2026-07-23T13:51:34,0x88d9a15a01d180cb:0x2182fad7173db5a2
Goodyear Auto Service,(954) 435-1383,https://www.goodyear.com/en-us/goodyearautoservice,,"8301 Pines Blvd, Pembroke Pines, FL 33024, United States",8301 Pines Blvd,Pembroke Pines,FL,33024,4.6,447,Tire shop,,,https://www.google.com/maps/place/Goodyear+Auto+Service/data=!4m7!3m6!1s0x88d9a8c7049bae9b:0xe96f2ce2dfd40ac8!8m2!3d26.0103209!4d-80.2518508!16s%2Fg%2F1tcylvdm!19sChIJm66bBMeo2YgRyArU3-Isb-k?authuser=0&hl=en&rclk=1,auto repair shop,Monroe County,county,FL,2026-07-23T09:35:41,0x88d9a8c7049bae9b:0xe96f2ce2dfd40ac8
Jap Tech Inc,(954) 985-9855,http://www.japtech.com/,,"7701 Pines Blvd, Pembroke Pines, FL 33024, United States",7701 Pines Blvd,Pembroke Pines,FL,33024,4.8,197,Car repair and maintenance service,,,https://www.google.com/maps/place/Jap+Tech+Inc/data=!4m7!3m6!1s0x88d9a8db19afe223:0x3d95a8bd24d9cc11!8m2!3d26.0097154!4d-80.2415635!16s%2Fg%2F1tf87wwt!19sChIJI-KvGduo2YgREczZJL2olT0?authuser=0&hl=en&rclk=1,auto repair shop,Pembroke Pines,city,FL,2026-07-23T13:51:34,0x88d9a8db19afe223:0x3d95a8bd24d9cc11
Jiffy Lube,(954) 824-2287,https://jiffylubespecials.com/locations/florida/17311-pines-blvd-pembroke-pines-33029?utm_source=GMB&utm_medium=organic&utm_campaign=Map_Pack_Store_1739,,"17311 Pines Blvd, Pembroke Pines, FL 33029, United States",17311 Pines Blvd,Pembroke Pines,FL,33029,4.4,1214,Oil change service,,,https://www.google.com/maps/place/Jiffy+Lube/data=!4m7!3m6!1s0x88d9a159c0d6d225:0x98dd561b247796e2!8m2!3d26.0082148!4d-80.3777196!16s%2Fg%2F1tff8dm6!19sChIJJdLWwFmh2YgR4pZ3JBtW3Zg?authuser=0&hl=en&rclk=1,auto repair shop,Pembroke Pines,city,FL,2026-07-23T13:51:34,0x88d9a159c0d6d225:0x98dd561b247796e2
Jiffy Lube,(954) 824-0189,https://jiffylubespecials.com/locations/florida/8329-pines-blvd-pembroke-pines-33024?utm_source=GMB&utm_medium=organic&utm_campaign=Map_Pack_Store_804,,"8329 Pines Blvd, Pembroke Pines, FL 33024, United States",8329 Pines Blvd,Pembroke Pines,FL,33024,4.2,1129,Oil change service,,,https://www.google.com/maps/place/Jiffy+Lube/data=!4m7!3m6!1s0x88d9a8c7903ea6e5:0x1123e9036784a927!8m2!3d26.0095511!4d-80.2536191!16s%2Fg%2F1pp2twxds!19sChIJ5aY-kMeo2YgRJ6mEZwPpIxE?authuser=0&hl=en&rclk=1,auto repair shop,Pembroke Pines,city,FL,2026-07-23T13:51:34,0x88d9a8c7903ea6e5:0x1123e9036784a927
Midas,(954) 417-8916,https://www.midas.com/store/fl/pembroke-pines/12391-pembroke-road-33025/?shopnum=2324&utm_source=google&utm_medium=organic&utm_campaign=gbp,,"12391 Pembroke Rd, Pembroke Pines, FL 33025, United States",12391 Pembroke Rd,Pembroke Pines,FL,33025,4.5,1653,Auto repair shop,,,https://www.google.com/maps/place/Midas/data=!4m7!3m6!1s0x88d9a5d9fdde0caf:0xbd38ed01c01b6d0b!8m2!3d25.9935993!4d-80.3101611!16s%2Fg%2F1tdd61kt!19sChIJrwze_dml2YgRC20bwAHtOL0?authuser=0&hl=en&rclk=1,auto repair shop,Pembroke Pines,city,FL,2026-07-23T13:51:34,0x88d9a5d9fdde0caf:0xbd38ed01c01b6d0b
Sparkling Tires Auto Repair inc,(954) 893-9293,http://sparklingtires.wixsite.com/home,,"Sparkling Tires Autor Repair, 6450 Pines Blvd, Pembroke Pines, FL 33024, United States","Sparkling Tires Autor Repair, 6450 Pines Blvd",Pembroke Pines,FL,33024,4.7,609,Tire shop,,,https://www.google.com/maps/place/Sparkling+Tires+Auto+Repair+inc/data=!4m7!3m6!1s0x88d9a9176b5470b9:0x9ff0393dca022fdd!8m2!3d26.0094723!4d-80.2166417!16s%2Fg%2F1hc10r5ns!19sChIJuXBUaxep2YgR3S8Cyj058J8?authuser=0&hl=en&rclk=1,auto repair shop,Pembroke Pines,city,FL,2026-07-23T13:51:34,0x88d9a9176b5470b9:0x9ff0393dca022fdd
AAMCO Transmissions & Total Car Care,(850) 477-2500,http://www.aamcotransmissionpensacola.com/?utm_source=G&utm_medium=local&utm_campaign=google-local,,"5655 N Davis Hwy, Pensacola, FL 32503, United States",5655 N Davis Hwy,Pensacola,FL,32503,4.7,277,Transmission shop,,,https://www.google.com/maps/place/AAMCO+Transmissions+%26+Total+Car+Care/data=!4m7!3m6!1s0x8890bff4558b2cab:0x36c2c8d1ba39b2d4!8m2!3d30.4783772!4d-87.2248931!16s%2Fg%2F1tl_mh8s!19sChIJqyyLVfS_kIgR1LI5utHIwjY?authuser=0&hl=en&rclk=1,auto repair shop,Escambia County,county,FL,2026-07-23T05:04:10,0x8890bff4558b2cab:0x36c2c8d1ba39b2d4
DeBroux Automotive Inc,(850) 477-3317,http://debrouxautomotive.com/,,"9009 N Davis Hwy, Pensacola, FL 32514, United States",9009 N Davis Hwy,Pensacola,FL,32514,4.7,173,Auto repair shop,,,https://www.google.com/maps/place/DeBroux+Automotive+Inc/data=!4m7!3m6!1s0x8890eac67104464d:0x610d27eefd10ad0a!8m2!3d30.5263659!4d-87.2104384!16s%2Fg%2F1tc_lxy3!19sChIJTUYEccbqkIgRCq0Q_e4nDWE?authuser=0&hl=en&rclk=1,auto repair shop,Escambia County,county,FL,2026-07-15T09:52:20,0x8890eac67104464d:0x610d27eefd10ad0a
Firestone Complete Auto Care,(850) 462-3402,https://www.firestonecompleteautocare.com/florida/pensacola/7179-n-davis-hwy/?utm_source=google&utm_medium=organic&utm_campaign=localmaps&cmp=oloc_google_localmaps_maps,,"7179 N Davis Hwy, Pensacola, FL 32504, United States",7179 N Davis Hwy,Pensacola,FL,32504,4.2,387,Tire shop,,,https://www.google.com/maps/place/Firestone+Complete+Auto+Care/data=!4m7!3m6!1s0x8890eaaad398f5c9:0x8bb551c0d80f17dc!8m2!3d30.5012858!4d-87.2226799!16s%2Fg%2F1tmk987d!19sChIJyfWY06rqkIgR3BcP2MBRtYs?authuser=0&hl=en&rclk=1,auto repair shop,Escambia County,county,FL,2026-07-15T09:52:20,0x8890eaaad398f5c9:0x8bb551c0d80f17dc
Lo's Auto Repair,,,,"419 N 72nd Ave, Pensacola, FL 32506, United States",419 N 72nd Ave,Pensacola,FL,32506,4.2,10,Auto repair shop,,,https://www.google.com/maps/place/Lo%27s+Auto+Repair/data=!4m7!3m6!1s0x8890bc6d73cc43f9:0xb3d44e802cd12130!8m2!3d30.4149202!4d-87.30777!16s%2Fg%2F11bzypy6db!19sChIJ-UPMc228kIgRMCHRLIBO1LM?authuser=0&hl=en&rclk=1,auto repair shop,Escambia County,county,FL,2026-07-15T09:52:20,0x8890bc6d73cc43f9:0xb3d44e802cd12130
Meineke Car Care Center,(850) 912-9592,https://www.meineke.com/locations/fl/pensacola-2058/?utm_source=google&utm_medium=organic&utm_campaign=gbp_website,,"2871 W Michigan Ave, Pensacola, FL 32526, United States",2871 W Michigan Ave,Pensacola,FL,32526,4.4,607,Auto repair shop,,,https://www.google.com/maps/place/Meineke+Car+Care+Center/data=!4m7!3m6!1s0x8890be64b8fb219b:0x2e1e0c37e9a3f49b!8m2!3d30.460336!4d-87.291159!16s%2Fg%2F11bbrhmjk2!19sChIJmyH7uGS-kIgRm_Sj6TcMHi4?authuser=0&hl=en&rclk=1,auto repair shop,Escambia County,county,FL,2026-07-15T09:52:20,0x8890be64b8fb219b:0x2e1e0c37e9a3f49b
Midas,(448) 221-1200,https://www.midas.com/store/fl/pensacola/8969-pensacola-blvd-32534/?shopnum=3215&utm_source=google&utm_medium=organic&utm_campaign=gbp,,"8969 Pensacola Blvd, Pensacola, FL 32534, United States",8969 Pensacola Blvd,Pensacola,FL,32534,4.6,18,Auto repair shop,,,https://www.google.com/maps/place/Midas/data=!4m7!3m6!1s0x889095c3bbae5559:0x54abb385bef2946d!8m2!3d30.5297406!4d-87.276327!16s%2Fg%2F11z11wn78s!19sChIJWVWuu8OVkIgRbZTyvoWzq1Q?authuser=0&hl=en&rclk=1,auto repair shop,Escambia County,county,FL,2026-07-15T09:52:20,0x889095c3bbae5559:0x54abb385bef2946d
Midas,(850) 325-0958,https://www.midas.com/store/fl/pensacola/5275-n-davis-hwy-32503/?shopnum=3214&utm_source=google&utm_medium=organic&utm_campaign=gbp,,"5275 N Davis Hwy, Pensacola, FL 32503, United States",5275 N Davis Hwy,Pensacola,FL,32503,5.0,52,Auto repair shop,,,https://www.google.com/maps/place/Midas/data=!4m7!3m6!1s0x8890bfb93b73d399:0x3953bc5d3a33d8e0!8m2!3d30.4728932!4d-87.2255817!16s%2Fg%2F11ytpnx2jy!19sChIJmdNzO7m_kIgR4NgzOl28Uzk?authuser=0&hl=en&rclk=1,auto repair shop,Escambia County,county,FL,2026-07-23T05:04:10,0x8890bfb93b73d399:0x3953bc5d3a33d8e0
Nevels Automotive Service Inc,(850) 944-3008,,,"3170 W Michigan Ave, Pensacola, FL 32526, United States",3170 W Michigan Ave,Pensacola,FL,32526,4.3,102,Auto repair shop,,,https://www.google.com/maps/place/Nevels+Automotive+Service+Inc/data=!4m7!3m6!1s0x8890be79686f9d09:0x889bcaf955133807!8m2!3d30.4613189!4d-87.2972183!16s%2Fg%2F1tdh4n3g!19sChIJCZ1vaHm-kIgRBzgTVfnKm4g?authuser=0&hl=en&rclk=1,auto repair shop,Escambia County,county,FL,2026-07-23T05:04:10,0x8890be79686f9d09:0x889bcaf955133807
Pensacola Imports Inc,(850) 791-6607,https://www.pensacolaimports.com/,,"725 W Garden St, Pensacola, FL 32502, United States",725 W Garden St,Pensacola,FL,32502,4.3,71,Auto repair shop,,,https://www.google.com/maps/place/Pensacola+Imports+Inc/data=!4m7!3m6!1s0x8890bf54154f89c1:0x8ac9afda370f504a!8m2!3d30.4108129!4d-87.2258499!16s%2Fg%2F1tnblxp3!19sChIJwYlPFVS_kIgRSlAPN9qvyYo?authuser=0&hl=en&rclk=1,auto repair shop,Escambia County,county,FL,2026-07-23T05:04:10,0x8890bf54154f89c1:0x8ac9afda370f504a
Pep Boys Auto Service & Tires,(850) 361-2530,https://www.pepboys.com/stores/fl/pensacola/6340-n-davis-hwy?Cid=gbp_appt_AN:PB%7CPB:G%7CTT:GBP%7CCG:CONVERSION%7CCD:SERVICE,,"6340 N Davis Hwy, Pensacola, FL 32504, United States",6340 N Davis Hwy,Pensacola,FL,32504,4.1,693,Tire shop,,,https://www.google.com/maps/place/Pep+Boys+Auto+Service+%26+Tires/data=!4m7!3m6!1s0x8890bff8f345bc9b:0xa3e8ab6a5b04df1e!8m2!3d30.4903022!4d-87.2227147!16s%2Fg%2F1td_cg9v!19sChIJm7xF8_i_kIgRHt8EW2qr6KM?authuser=0&hl=en&rclk=1,auto repair shop,Escambia County,county,FL,2026-07-15T09:52:20,0x8890bff8f345bc9b:0xa3e8ab6a5b04df1e
Pep Boys Auto Service & Tires,(850) 332-3589,https://www.pepboys.com/stores/fl/pensacola/300-e-cervantes-st?Cid=gbp_appt_AN:PB%7CPB:G%7CTT:GBP%7CCG:CONVERSION%7CCD:SERVICE,,"300 E Cervantes St, Pensacola, FL 32501, United States",300 E Cervantes St,Pensacola,FL,32501,4.2,501,Tire shop,,,https://www.google.com/maps/place/Pep+Boys+Auto+Service+%26+Tires/data=!4m7!3m6!1s0x8890c0a4bfc78241:0x8bb20e44de4dcf7!8m2!3d30.4223968!4d-87.2128858!16s%2Fg%2F1tdw8vfx!19sChIJQYLHv6TAkIgR99zkTeQguwg?authuser=0&hl=en&rclk=1,auto repair shop,Santa Rosa County,county,FL,2026-07-23T11:41:38,0x8890c0a4bfc78241:0x8bb20e44de4dcf7
Pep Boys at Navy Exchange - Car Care Center,(448) 239-6131,https://www.mynavyexchange.com/storelocator/storesearch.jsp?displayDetails=true&storeid=193,,"5600 US-98 Bldg 3778, Pensacola, FL 32507, United States",5600 US-98 Bldg 3778,Pensacola,FL,32507,4.4,12,Auto repair shop,,,https://www.google.com/maps/place/Pep+Boys+at+Navy+Exchange+-+Car+Care+Center/data=!4m7!3m6!1s0x8890b9028e831e05:0xf4157753fc1abba0!8m2!3d30.4007182!4d-87.2880438!16s%2Fg%2F11s_z3gqyt!19sChIJBR6DjgK5kIgRoLsa_FN3FfQ?authuser=0&hl=en&rclk=1,auto repair shop,Escambia County,county,FL,2026-07-23T05:04:10,0x8890b9028e831e05:0xf4157753fc1abba0
Profast Auto Service Center Inc.,(850) 475-9840,http://profastautomotive.com/,,"8812 N Palafox St, Pensacola, FL 32534, United States",8812 N Palafox St,Pensacola,FL,32534,4.2,129,Auto repair shop,,,https://www.google.com/maps/place/Profast+Auto+Service+Center+Inc./data=!4m7!3m6!1s0x889095a308ebdbff:0x31a316f6c9b8bee3!8m2!3d30.5258337!4d-87.2694167!16s%2Fg%2F1tksjkzg!19sChIJ_9vrCKOVkIgR4764yfYWozE?authuser=0&hl=en&rclk=1,auto repair shop,Escambia County,county,FL,2026-07-23T05:04:10,0x889095a308ebdbff:0x31a316f6c9b8bee3
Runway Imports Inc,(850) 477-0216,https://www.importautorepairpensacola.com/,,"6606 N 9th Ave, Pensacola, FL 32504, United States",6606 N 9th Ave,Pensacola,FL,32504,4.6,184,Auto repair shop,,,https://www.google.com/maps/place/Runway+Imports+Inc/data=!4m7!3m6!1s0x8890c028a931b245:0xd7c97fb9b666589d!8m2!3d30.4925584!4d-87.1918051!16s%2Fg%2F1tj6vlsc!19sChIJRbIxqSjAkIgRnVhmtrl_ydc?authuser=0&hl=en&rclk=1,auto repair shop,Escambia County,county,FL,2026-07-15T09:52:20,0x8890c028a931b245:0xd7c97fb9b666589d
"Vannoy's Tires, Inc. Tire Pros",(850) 477-0209,https://vannoystirespensacola.com/tires-auto-repair-pensacola-fl-4,,"6113 N 9th Ave, Pensacola, FL 32504, United States",6113 N 9th Ave,Pensacola,FL,32504,4.7,587,Tire shop,,,"https://www.google.com/maps/place/Vannoy%27s+Tires,+Inc.+Tire+Pros/data=!4m7!3m6!1s0x8890c03d2e118749:0x2553d912bd86a7a0!8m2!3d30.4860897!4d-87.2002487!16s%2Fg%2F1tk68g58!19sChIJSYcRLj3AkIgRoKeGvRLZUyU?authuser=0&hl=en&rclk=1",auto repair shop,Escambia County,county,FL,2026-07-15T09:52:20,0x8890c03d2e118749:0x2553d912bd86a7a0
AutoZone Auto Parts,(850) 295-6051,https://www.autozone.com/locations/fl/perry/2171-s-byron-butler-blvd.html?cmpid=LOC:US:EN:AD:NL:1000000:GEN:10078,,"2171 S Byron Butler Pkwy, Perry, FL 32348, United States",2171 S Byron Butler Pkwy,Perry,FL,32348,4.6,13,Auto parts store,,,https://www.google.com/maps/place/AutoZone+Auto+Parts/data=!4m7!3m6!1s0x88eea994f233ca27:0x2b67b2d72d182696!8m2!3d30.095632!4d-83.581118!16s%2Fg%2F11yl1cxrtr!19sChIJJ8oz8pSp7ogRliYYLdeyZys?authuser=0&hl=en&rclk=1,auto repair shop,Taylor County,county,FL,2026-07-15T14:48:58,0x88eea994f233ca27:0x2b67b2d72d182696
Big Tire Inc,(850) 347-5541,,,"1951 US-27, Perry, FL 32347, United States",1951 US-27,Perry,FL,32347,4.0,3,Used tire shop,,,https://www.google.com/maps/place/Big+Tire+Inc/data=!4m7!3m6!1s0x88eea97dc60493a9:0x8d249c8ecf6c4fe9!8m2!3d30.1000285!4d-83.5552132!16s%2Fg%2F1vs1sq9r!19sChIJqZMExn2p7ogR6U9sz46cJI0?authuser=0&hl=en&rclk=1,auto repair shop,Lafayette County,county,FL,2026-07-23T06:55:26,0x88eea97dc60493a9:0x8d249c8ecf6c4fe9
Campbell's Automotive Repair Solutions Inc.,(850) 838-2167,https://www.facebook.com/CARS1137,,"1137 N Byron Butler Pkwy, Perry, FL 32347, United States",1137 N Byron Butler Pkwy,Perry,FL,32347,4.7,162,Auto repair shop,,,https://www.google.com/maps/place/Campbell%27s+Automotive+Repair+Solutions+Inc./data=!4m7!3m6!1s0x88eea9e3224359b7:0x5825d17563c33296!8m2!3d30.1291694!4d-83.5986938!16s%2Fg%2F1tg5vw_1!19sChIJt1lDIuOp7ogRljLDY3XRJVg?authuser=0&hl=en&rclk=1,auto repair shop,Taylor County,county,FL,2026-07-23T12:18:01,0x88eea9e3224359b7:0x5825d17563c33296
Cribbs and Sons Inc.,(850) 584-3883,,,"1005 S Jefferson St, Perry, FL 32347, United States",1005 S Jefferson St,Perry,FL,32347,4.7,99,Auto repair shop,,,https://www.google.com/maps/place/Cribbs+and+Sons+Inc./data=!4m7!3m6!1s0x88eea9e5f3e07949:0x51f09fa1925a3d18!8m2!3d30.1105751!4d-83.5823267!16s%2Fg%2F1s04fnyyg!19sChIJSXng8-Wp7ogRGD1akqGf8FE?authuser=0&hl=en&rclk=1,auto repair shop,Taylor County,county,FL,2026-07-23T12:18:01,0x88eea9e5f3e07949:0x51f09fa1925a3d18
Harrop & Son's Auto Repair Inc.,(850) 371-5931,,,"2721 W U.S 98, Perry, FL 32347, United States",2721 W U.S 98,Perry,FL,32347,4.7,19,Auto repair shop,,,https://www.google.com/maps/place/Harrop+%26+Son%27s+Auto+Repair+Inc./data=!4m7!3m6!1s0x88e74d0c7d139383:0x41a550bbc44c4a95!8m2!3d30.1010905!4d-83.616718!16s%2Fg%2F1hc2v8040!19sChIJg5MTfQxN54gRlUpMxLtQpUE?authuser=0&hl=en&rclk=1,auto repair shop,Taylor County,county,FL,2026-07-23T12:18:01,0x88e74d0c7d139383:0x41a550bbc44c4a95
NAPA Auto Parts - Perry Auto Supply,(850) 584-2118,https://www.napaonline.com/en/FL/Perry/store/28356?cid=pl_jobber_google_dac_28356_ao,,"1107 S Jefferson St, Perry, FL 32348, United States",1107 S Jefferson St,Perry,FL,32348,4.7,95,Auto parts store,,,https://www.google.com/maps/place/NAPA+Auto+Parts+-+Perry+Auto+Supply/data=!4m7!3m6!1s0x88eea9e590daa39d:0xd06268aa3a507787!8m2!3d30.109917!4d-83.582405!16s%2Fg%2F11b7hm1hw7!19sChIJnaPakOWp7ogRh3dQOqpoYtA?authuser=0&hl=en&rclk=1,auto repair shop,Taylor County,county,FL,2026-07-15T14:48:58,0x88eea9e590daa39d:0xd06268aa3a507787
O'Reilly Auto Parts,(850) 584-4111,https://locations.oreillyauto.com/en-us/fl/perry/autoparts-2151.html,,"2284 S Byron Butler Pkwy, Perry, FL 32348, United States",2284 S Byron Butler Pkwy,Perry,FL,32348,4.5,244,Auto parts store,,,https://www.google.com/maps/place/O%27Reilly+Auto+Parts/data=!4m7!3m6!1s0x88eeaa1d977b9205:0x23a224ae3272682e!8m2!3d30.0936049!4d-83.5777459!16s%2Fg%2F1thxlx9r!19sChIJBZJ7lx2q7ogRLmhyMq4koiM?authuser=0&hl=en&rclk=1,auto repair shop,Taylor County,county,FL,2026-07-15T14:48:58,0x88eeaa1d977b9205:0x23a224ae3272682e
Rest Stop with Bathrooms,,,,"5871 US-19, Perry, FL 32347, United States",5871 US-19,Perry,FL,32347,4.4,315,Rest stop,,,https://www.google.com/maps/place/Rest+Stop+with+Bathrooms/data=!4m7!3m6!1s0x88ec1cc834398baf:0x59409b86a249580e!8m2!3d30.1992097!4d-83.6550055!16s%2Fg%2F11dftlxxk6!19sChIJr4s5NMgc7IgRDlhJooabQFk?authuser=0&hl=en&rclk=1,auto repair shop,Taylor County,county,FL,2026-07-15T14:48:58,0x88ec1cc834398baf:0x59409b86a249580e
Ring Power Corporation,(850) 584-2800,https://www.ringpower.com/locations/perry/?utm_content=local&utm_source=googlegmb&utm_medium=referral&utm_campaign=gmb,,"2920 S Byron Butler Pkwy, Perry, FL 32348, United States",2920 S Byron Butler Pkwy,Perry,FL,32348,5.0,6,Construction machine dealer,,,https://www.google.com/maps/place/Ring+Power+Corporation/data=!4m7!3m6!1s0x88eeaa18bd40fe15:0x7e78ea88e16dc16f!8m2!3d30.0837591!4d-83.5673716!16s%2Fg%2F1thx4wyh!19sChIJFf5AvRiq7ogRb8Ft4YjqeH4?authuser=0&hl=en&rclk=1,auto repair shop,Taylor County,county,FL,2026-07-15T14:48:58,0x88eeaa18bd40fe15:0x7e78ea88e16dc16f
Take 5 Oil Change,(850) 588-1601,https://www.take5.com/locations/oil-change/florida/perry/30471/?utm_source=google&utm_medium=organic&utm_campaign=gbp_website,,"1631 S Byron Butler Pkwy, Perry, FL 32348, United States",1631 S Byron Butler Pkwy,Perry,FL,32348,4.7,621,Oil change service,,,https://www.google.com/maps/place/Take+5+Oil+Change/data=!4m7!3m6!1s0x88eea9fc6b7feae3:0x418bbf32db1a1ff0!8m2!3d30.1023913!4d-83.5879174!16s%2Fg%2F1tqtyq0t!19sChIJ4-p_a_yp7ogR8B8a2zK_i0E?authuser=0&hl=en&rclk=1,auto repair shop,Taylor County,county,FL,2026-07-23T12:18:01,0x88eea9fc6b7feae3:0x418bbf32db1a1ff0
Taller de carro,,,,"27 W Hampton Springs Ave, Perry, FL 32347, United States",27 W Hampton Springs Ave,Perry,FL,32347,,,Auto repair shop,,,https://www.google.com/maps/place/Taller+de+carro/data=!4m7!3m6!1s0x88eea90035967793:0xa56ce52887ff150c!8m2!3d30.1115662!4d-83.5821063!16s%2Fg%2F11zgcmdxg6!19sChIJk3eWNQCp7ogRDBX_hyjlbKU?authuser=0&hl=en&rclk=1,auto repair shop,Taylor County,county,FL,2026-07-23T12:18:01,0x88eea90035967793:0xa56ce52887ff150c
Tesla Supercharger,,https://tesla.com/charge,,"2717 S Byron Butler Pkwy, Perry, FL 32348, United States",2717 S Byron Butler Pkwy,Perry,FL,32348,3.6,55,Electric vehicle charging station,,,https://www.google.com/maps/place/Tesla+Supercharger/data=!4m7!3m6!1s0x88eeab7e14295d43:0x5b3c9e7efa808b96!8m2!3d30.086061!4d-83.571334!16s%2Fg%2F11q7vfqrmz!19sChIJQ10pFH6r7ogRlouA-n6ePFs?authuser=0&hl=en&rclk=1,auto repair shop,Taylor County,county,FL,2026-07-15T14:48:58,0x88eeab7e14295d43:0x5b3c9e7efa808b96
Walmart Auto Care Center,(850) 223-4194,https://www.walmart.com/store/5172-perry-fl/auto-care-center/?veh=seo_loc,,"1900 S Jefferson St, Perry, FL 32348, United States",1900 S Jefferson St,Perry,FL,32348,4.1,64,Oil change service,,,https://www.google.com/maps/place/Walmart+Auto+Care+Center/data=!4m7!3m6!1s0x88eea9eff8ab3679:0xf03cb844be8f2b3d!8m2!3d30.1022047!4d-83.5799509!16s%2Fg%2F11xq4whdn!19sChIJeTar-O-p7ogRPSuPvkS4PPA?authuser=0&hl=en&rclk=1,auto repair shop,Taylor County,county,FL,2026-07-15T14:48:58,0x88eea9eff8ab3679:0xf03cb844be8f2b3d
iFixandRepair - Perry Walmart,(448) 208-4297,https://ifixandrepair.com/stores/perry-walmart/,,"1900 S Jefferson St, Perry, FL 32348, United States",1900 S Jefferson St,Perry,FL,32348,4.9,28,Phone repair service,,,https://www.google.com/maps/place/iFixandRepair+-+Perry+Walmart/data=!4m7!3m6!1s0x88eea9de2d1f5fd1:0xd3dbbd38c40b3cb6!8m2!3d30.1020673!4d-83.5801122!16s%2Fg%2F11ln3p6f9w!19sChIJ0V8fLd6p7ogRtjwLxDi929M?authuser=0&hl=en&rclk=1,auto repair shop,Taylor County,county,FL,2026-07-15T14:48:58,0x88eea9de2d1f5fd1:0xd3dbbd38c40b3cb6
Cooper Auto Repair Service,,,,"8900 49th Street N, Pinellas Park, FL 33782, United States",8900 49th Street N,Pinellas Park,FL,33782,4.8,23,Auto repair shop,,,https://www.google.com/maps/place/Cooper+Auto+Repair+Service/data=!4m7!3m6!1s0x88c2e582fdd64bbb:0x886483395953c4cf!8m2!3d27.853163!4d-82.7006151!16s%2Fg%2F11hdk_mf4t!19sChIJu0vW_YLlwogRz8RTWTmDZIg?authuser=0&hl=en&rclk=1,auto repair shop,Pinellas County,county,FL,2026-07-23T10:32:55,0x88c2e582fdd64bbb:0x886483395953c4cf
Expert Auto Service Inc,(954) 336-5965,http://www.expertautoserviceinc.com/,,"Serving Broward County, We Come To You, 5781 SW 5th St, Plantation, FL 33317, United States","Serving Broward County, We Come To You, 5781 SW 5th St",Plantation,FL,33317,5.0,61,Auto repair shop,,,https://www.google.com/maps/place/Expert+Auto+Service+Inc/data=!4m7!3m6!1s0xaa7259cae8c29a91:0xc8c88943e06ee9d7!8m2!3d26.114719!4d-80.2279409!16s%2Fg%2F11pf2rdnnd!19sChIJkZrC6MpZcqoR1-lu4EOJyMg?authuser=0&hl=en&rclk=1,auto repair shop,Broward County,county,FL,2026-07-23T03:47:47,0xaa7259cae8c29a91:0xc8c88943e06ee9d7
AAMCO Transmissions & Total Car Care,(941) 625-0900,https://www.aamco.com/Auto-Repair-Center/FL/Port-Charlotte/Tamiami-Trail-Unit-I?utm_source=G&utm_medium=local&utm_campaign=google-local,,"1182 S Tamiami Trl, Port Charlotte, FL 33953, United States",1182 S Tamiami Trl,Port Charlotte,FL,33953,4.2,125,Transmission shop,,,https://www.google.com/maps/place/AAMCO+Transmissions+%26+Total+Car+Care/data=!4m7!3m6!1s0x88dcabb875fae95b:0xe2e27e4d4413e1ea!8m2!3d27.015217!4d-82.149641!16s%2Fg%2F1tj2p88f!19sChIJW-n6dbir3IgR6uETRE1-4uI?authuser=0&hl=en&rclk=1,auto repair shop,Charlotte County,county,FL,2026-07-23T04:05:56,0x88dcabb875fae95b:0xe2e27e4d4413e1ea
All-Motive Transmission & Automotive Repair Inc,(941) 629-2000,,,"2090, 19800 Veterans Blvd Unit D9, Port Charlotte, FL 33954, United States","2090, 19800 Veterans Blvd Unit D9",Port Charlotte,FL,33954,4.7,60,Transmission shop,,,https://www.google.com/maps/place/All-Motive+Transmission+%26+Automotive+Repair+Inc/data=!4m7!3m6!1s0x88dca8979581a11f:0xe690250750397d41!8m2!3d27.0210567!4d-82.1255954!16s%2Fg%2F1v6p52sj!19sChIJH6GBlZeo3IgRQX05UAclkOY?authuser=0&hl=en&rclk=1,auto repair shop,Charlotte County,county,FL,2026-07-23T04:05:56,0x88dca8979581a11f:0xe690250750397d41
Avenue Garage Inc,(941) 625-4424,http://www.avenuegarageinc.com/,,"4138 Electric Way, Port Charlotte, FL 33980, United States",4138 Electric Way,Port Charlotte,FL,33980,4.4,212,Auto repair shop,,,https://www.google.com/maps/place/Avenue+Garage+Inc/data=!4m7!3m6!1s0x88dca830cf2eac9f:0xea9de04af7460271!8m2!3d26.9678076!4d-82.0749325!16s%2Fg%2F1tfv5yg7!19sChIJn6wuzzCo3IgRcQJG90rgneo?authuser=0&hl=en&rclk=1,auto repair shop,Charlotte County,county,FL,2026-07-23T04:05:56,0x88dca830cf2eac9f:0xea9de04af7460271
Brad's Automotive and Marine LLC,,http://www.facebook.com/BradsAutomotiveandMarineLLC,,"3212 Normandy Dr, Port Charlotte, FL 33952, United States",3212 Normandy Dr,Port Charlotte,FL,33952,4.6,20,Auto repair shop,,,https://www.google.com/maps/place/Brad%27s+Automotive+and+Marine+LLC/data=!4m7!3m6!1s0x88dca9752852fe87:0x911de7f22aa9e11b!8m2!3d26.9830949!4d-82.0939048!16s%2Fg%2F11q3s5czqz!19sChIJh_5SKHWp3IgRG-GpKvLnHZE?authuser=0&hl=en&rclk=1,auto repair shop,Charlotte County,county,FL,2026-07-23T04:05:56,0x88dca9752852fe87:0x911de7f22aa9e11b
Elevation Automotive Corp,(941) 467-6109,,,"565 Prineville St UNITS 10 & 11, Port Charlotte, FL 33954, United States",565 Prineville St UNITS 10 & 11,Port Charlotte,FL,33954,4.7,50,Auto repair shop,,,https://www.google.com/maps/place/Elevation+Automotive+Corp/data=!4m7!3m6!1s0x88dcabb93e80118d:0xea3f3058b1701c72!8m2!3d27.0171495!4d-82.1405731!16s%2Fg%2F11y9rmnn9j!19sChIJjRGAPrmr3IgRchxwsVgwP-o?authuser=0&hl=en&rclk=1,auto repair shop,Charlotte County,county,FL,2026-07-15T08:58:17,0x88dcabb93e80118d:0xea3f3058b1701c72
Firestone Complete Auto Care,(941) 787-2592,https://www.firestonecompleteautocare.com/florida/port-charlotte/24020-beatrix-blvd/?utm_source=google&utm_medium=organic&utm_campaign=localmaps&cmp=oloc_google_localmaps_maps,,"24020 Beatrix Blvd, Port Charlotte, FL 33954, United States",24020 Beatrix Blvd,Port Charlotte,FL,33954,4.2,540,Tire shop,,,https://www.google.com/maps/place/Firestone+Complete+Auto+Care/data=!4m7!3m6!1s0x88dca964c0c4db43:0xda4dc137ad7f86aa!8m2!3d27.0179737!4d-82.0563414!16s%2Fg%2F11j1fj7wl9!19sChIJQ9vEwGSp3IgRqoZ_rTfBTdo?authuser=0&hl=en&rclk=1,auto repair shop,Charlotte County,county,FL,2026-07-15T08:58:17,0x88dca964c0c4db43:0xda4dc137ad7f86aa
Firestone Complete Auto Care,(941) 787-3356,https://www.firestonecompleteautocare.com/florida/port-charlotte/19560-cochran-blvd/?utm_source=google&utm_medium=organic&utm_campaign=localmaps&cmp=oloc_google_localmaps_maps,,"19560 Cochran Blvd, Port Charlotte, FL 33948, United States",19560 Cochran Blvd,Port Charlotte,FL,33948,4.4,378,Tire shop,,,https://www.google.com/maps/place/Firestone+Complete+Auto+Care/data=!4m7!3m6!1s0x88dcabb65c6164ad:0xed670b5b140e2545!8m2!3d27.0124397!4d-82.1336135!16s%2Fg%2F11pqq7hfkl!19sChIJrWRhXLar3IgRRSUOFFsLZ-0?authuser=0&hl=en&rclk=1,auto repair shop,Charlotte County,county,FL,2026-07-23T04:05:56,0x88dcabb65c6164ad:0xed670b5b140e2545
High Gear Automotive Inc.,(941) 214-8609,https://www.highgearautomotive.com/portcharlotte.html,,"7330 Sawyer Cir Unit 2, Port Charlotte, FL 33981, United States",7330 Sawyer Cir Unit 2,Port Charlotte,FL,33981,4.8,148,Auto repair shop,,,https://www.google.com/maps/place/High+Gear+Automotive+Inc./data=!4m7!3m6!1s0x88c4abf60aa29739:0x6b6f9d5dd2cb471a!8m2!3d26.9262654!4d-82.2250602!16s%2Fg%2F11h18_56j4!19sChIJOZeiCvarxIgRGkfL0l2db2s?authuser=0&hl=en&rclk=1,auto repair shop,Charlotte County,county,FL,2026-07-23T04:05:56,0x88c4abf60aa29739:0x6b6f9d5dd2cb471a
Jackie's Auto Body Inc,(941) 255-5967,https://www.carwise.com/auto-body-shops/jackies-auto-body-inc-port-charlotte-fl-33954/464709,,"19888 Veterans Blvd, Port Charlotte, FL 33954, United States",19888 Veterans Blvd,Port Charlotte,FL,33954,4.6,208,Auto body shop,,,https://www.google.com/maps/place/Jackie%27s+Auto+Body+Inc/data=!4m7!3m6!1s0x88dca897de7af41d:0xeb4ff1bc71694170!8m2!3d27.0208191!4d-82.1251138!16s%2Fg%2F1td0nv58!19sChIJHfR63peo3IgRcEFpcbzxT-s?authuser=0&hl=en&rclk=1,auto repair shop,Charlotte County,county,FL,2026-07-23T04:05:56,0x88dca897de7af41d:0xeb4ff1bc71694170
KB AUTO SALES & SERVICE INC.,(941) 421-8804,,,"17345 Abbott Ave Unit 104, Port Charlotte, FL 33954, United States",17345 Abbott Ave Unit 104,Port Charlotte,FL,33954,4.8,89,Auto repair shop,,,https://www.google.com/maps/place/KB+AUTO+SALES+%26+SERVICE+INC./data=!4m7!3m6!1s0x88dcabc44137b833:0x249504753617e514!8m2!3d27.0198165!4d-82.1620265!16s%2Fg%2F1tl_mjdb!19sChIJM7g3QcSr3IgRFOUXNnUElSQ?authuser=0&hl=en&rclk=1,auto repair shop,Charlotte County,county,FL,2026-07-23T04:05:56,0x88dcabc44137b833:0x249504753617e514
M & R Auto Center Inc.,(941) 766-6121,https://mandrautofl.com/,,"1223 Enterprise Dr #7, Port Charlotte, FL 33953, United States",1223 Enterprise Dr #7,Port Charlotte,FL,33953,4.6,76,Auto repair shop,,,https://www.google.com/maps/place/M+%26+R+Auto+Center+Inc./data=!4m7!3m6!1s0x88dcabb73e24d481:0x8b55624827cfa9fa!8m2!3d27.0120474!4d-82.1534507!16s%2Fg%2F1tdq1yl4!19sChIJgdQkPrer3IgR-qnPJ0hiVYs?authuser=0&hl=en&rclk=1,auto repair shop,Charlotte County,county,FL,2026-07-15T08:58:17,0x88dcabb73e24d481:0x8b55624827cfa9fa
"Matic’s Auto Repair & Diagnostic, Inc.",(941) 255-9116,https://www.maticsautorepair.com/?y_source=1_MjA2NDA3ODc2Ny03MTUtbG9jYXRpb24ud2Vic2l0ZQ%3D%3D,,"1381 Market Cir Unit 10, Port Charlotte, FL 33953, United States",1381 Market Cir Unit 10,Port Charlotte,FL,33953,4.6,121,Auto repair shop,,,"https://www.google.com/maps/place/Matic%E2%80%99s+Auto+Repair+%26+Diagnostic,+Inc./data=!4m7!3m6!1s0x88dca9b68b0758e3:0x8b0e9a840387421e!8m2!3d27.0116747!4d-82.1541808!16s%2Fg%2F1txnq83d!19sChIJ41gHi7ap3IgRHkKHA4SaDos?authuser=0&hl=en&rclk=1",auto repair shop,Charlotte County,county,FL,2026-07-23T04:05:56,0x88dca9b68b0758e3:0x8b0e9a840387421e
Midas,(941) 421-0712,https://www.midas.com/store/fl/port-charlotte/4125-tamiami-trail-33952/?shopnum=3913&utm_source=google&utm_medium=organic&utm_campaign=gbp,,"4125 S Tamiami Trl, Port Charlotte, FL 33952, United States",4125 S Tamiami Trl,Port Charlotte,FL,33952,4.7,730,Auto repair shop,,,https://www.google.com/maps/place/Midas/data=!4m7!3m6!1s0x88dca834ed60118b:0x6f661abb6df3c6bf!8m2!3d26.9695352!4d-82.0828792!16s%2Fg%2F1tdgqmyx!19sChIJixFg7TSo3IgRv8bzbbsaZm8?authuser=0&hl=en&rclk=1,auto repair shop,Charlotte County,county,FL,2026-07-23T04:05:56,0x88dca834ed60118b:0x6f661abb6df3c6bf
S & S Money Auto Inc,(941) 639-5705,https://ssmoneyautorepairs.com/,,"23371 Harbor View Rd, Port Charlotte, FL 33980, United States",23371 Harbor View Rd,Port Charlotte,FL,33980,4.4,224,Auto repair shop,,,https://www.google.com/maps/place/S+%26+S+Money+Auto+Inc/data=!4m7!3m6!1s0x88dca8162af24c4f:0x34d9a47854afabaf!8m2!3d26.9653527!4d-82.0625224!16s%2Fg%2F1tfcp48v!19sChIJT0zyKhao3IgRr6uvVHik2TQ?authuser=0&hl=en&rclk=1,auto repair shop,Charlotte County,county,FL,2026-07-23T04:05:56,0x88dca8162af24c4f:0x34d9a47854afabaf
Firestone Complete Auto Care,(727) 877-2089,https://www.firestonecompleteautocare.com/florida/port-richey/9009-us-19/?utm_source=google&utm_medium=organic&utm_campaign=localmaps&cmp=oloc_google_localmaps_maps,,"9009 US-19, Port Richey, FL 34668, United States",9009 US-19,Port Richey,FL,34668,4.3,522,Tire shop,,,https://www.google.com/maps/place/Firestone+Complete+Auto+Care/data=!4m7!3m6!1s0x88c29074cc6b64b5:0xe1610f6842070dd0!8m2!3d28.2881356!4d-82.7135491!16s%2Fg%2F1tfgq56m!19sChIJtWRrzHSQwogR0A0HQmgPYeE?authuser=0&hl=en&rclk=1,auto repair shop,Pasco County,county,FL,2026-07-15T13:31:18,0x88c29074cc6b64b5:0xe1610f6842070dd0
Meineke Car Care Center,(727) 324-6263,https://www.meineke.com/locations/fl/port-richey-3050/,,"6135 Salt Springs Rd, Port Richey, FL 34668, United States",6135 Salt Springs Rd,Port Richey,FL,34668,4.7,24,Auto repair shop,,,https://www.google.com/maps/place/Meineke+Car+Care+Center/data=!4m7!3m6!1s0x88c2911579194481:0xc806c2262829dbea!8m2!3d28.290102!4d-82.7128309!16s%2Fg%2F11zbxtjn8f!19sChIJgUQZeRWRwogR6tspKCbCBsg?authuser=0&hl=en&rclk=1,auto repair shop,Pasco County,county,FL,2026-07-23T10:25:48,0x88c2911579194481:0xc806c2262829dbea
Pep Boys Auto Service & Tires,(727) 339-0287,https://www.pepboys.com/stores/fl/port-richey/9208-us-hwy-19-n?Cid=gbp_appt_AN:PB%7CPB:G%7CTT:GBP%7CCG:CONVERSION%7CCD:SERVICE,,"9208 US-19, Port Richey, FL 34668, United States",9208 US-19,Port Richey,FL,34668,4.4,714,Tire shop,,,https://www.google.com/maps/place/Pep+Boys+Auto+Service+%26+Tires/data=!4m7!3m6!1s0x88c290759d005523:0x829221f2ed4659d!8m2!3d28.2909527!4d-82.7102325!16s%2Fg%2F11g7z9l80m!19sChIJI1UAnXWQwogRnWXULh8iKQg?authuser=0&hl=en&rclk=1,auto repair shop,Pasco County,county,FL,2026-07-15T13:31:18,0x88c290759d005523:0x829221f2ed4659d
Raymond Charles Automotive INC,(727) 379-7057,http://www.raymondcharlesautomotive.com/,,"6741 Industrial Ave, Port Richey, FL 34668, United States",6741 Industrial Ave,Port Richey,FL,34668,4.8,475,Auto repair shop,,,https://www.google.com/maps/place/Raymond+Charles+Automotive+INC/data=!4m7!3m6!1s0x88c2919964e9b725:0x953033adb046911a!8m2!3d28.2787457!4d-82.7028035!16s%2Fg%2F11httsy1ky!19sChIJJbfpZJmRwogRGpFGsK0zMJU?authuser=0&hl=en&rclk=1,auto repair shop,Pasco County,county,FL,2026-07-23T10:25:48,0x88c2919964e9b725:0x953033adb046911a
Suncoast Automotive Repair & Service Inc,(727) 857-6935,http://www.suncoastautomotiveinc.com/,,"11728 US-19, Port Richey, FL 34668, United States",11728 US-19,Port Richey,FL,34668,4.7,222,Auto repair shop,,,https://www.google.com/maps/place/Suncoast+Automotive+Repair+%26+Service+Inc/data=!4m7!3m6!1s0x88c29c10d3985f03:0xbe1dcad79cff98e2!8m2!3d28.3278805!4d-82.6987412!16s%2Fg%2F12lkplkk_!19sChIJA1-Y0xCcwogR4pj_nNfKHb4?authuser=0&hl=en&rclk=1,auto repair shop,Pasco County,county,FL,2026-07-23T10:25:48,0x88c29c10d3985f03:0xbe1dcad79cff98e2
Tonys Garage Inc | Reliable Car Repairing Garage in Florida,(727) 697-2697,https://www.tonysgarageinc.com/,,"8530 Leo Kidd Ave, Port Richey, FL 34668, United States",8530 Leo Kidd Ave,Port Richey,FL,34668,4.2,91,Car repair and maintenance service,,,https://www.google.com/maps/place/Tonys+Garage+Inc+%7C+Reliable+Car+Repairing+Garage+in+Florida/data=!4m7!3m6!1s0x88c2909d891d7b39:0xb1610a726bb41d1c!8m2!3d28.2814759!4d-82.7153819!16s%2Fg%2F11dxr1g81f!19sChIJOXsdiZ2QwogRHB20a3IKYbE?authuser=0&hl=en&rclk=1,auto repair shop,Pasco County,county,FL,2026-07-23T10:25:48,0x88c2909d891d7b39:0xb1610a726bb41d1c
Bumper to Bumper Auto Parts,,,,"401 Williams Ave, Port St Joe, FL 32456, United States",401 Williams Ave,Port St Joe,FL,32456,5.0,2,Auto parts store,,,https://www.google.com/maps/place/Bumper+to+Bumper+Auto+Parts/data=!4m7!3m6!1s0x889497000bad23c3:0xb3e81e207ef37f15!8m2!3d29.8132432!4d-85.3018645!16s%2Fg%2F11zj2ctt20!19sChIJwyOtCwCXlIgRFX_zfiAe6LM?authuser=0&hl=en&rclk=1,auto repair shop,Gulf County,county,FL,2026-07-15T10:23:59,0x889497000bad23c3:0xb3e81e207ef37f15
Jv Gander Distributors Inc,(850) 229-8081,http://www.jvgander.com/,,"302 Garrison Ave, Port St Joe, FL 32456, United States",302 Garrison Ave,Port St Joe,FL,32456,4.6,23,Distribution service,,,https://www.google.com/maps/place/Jv+Gander+Distributors+Inc/data=!4m7!3m6!1s0x8894966b81c844fb:0x30dded6b0cb2bcb2!8m2!3d29.8155022!4d-85.2956452!16s%2Fg%2F1261fc7vf!19sChIJ-0TIgWuWlIgRsryyDGvt3TA?authuser=0&hl=en&rclk=1,auto repair shop,Franklin County,county,FL,2026-07-23T05:26:55,0x8894966b81c844fb:0x30dded6b0cb2bcb2
NAPA Auto Parts - St Joe Auto Parts,(850) 229-8222,https://www.napaonline.com/en/FL/Port-Saint-Joe/store/24171?cid=pl_jobber_google_dac_24171_ao,,"201 Long Ave, Port St Joe, FL 32456, United States",201 Long Ave,Port St Joe,FL,32456,4.6,55,Auto parts store,,,https://www.google.com/maps/place/NAPA+Auto+Parts+-+St+Joe+Auto+Parts/data=!4m7!3m6!1s0x88949668b5339025:0xa936e2a170f8fd55!8m2!3d29.815596!4d-85.301927!16s%2Fg%2F1tgnmvzd!19sChIJJZAztWiWlIgRVf34cKHiNqk?authuser=0&hl=en&rclk=1,auto repair shop,Franklin County,county,FL,2026-07-23T05:26:55,0x88949668b5339025:0xa936e2a170f8fd55
"Advanced Auto Repair and Transmission, Inc.",(772) 408-6507,http://www.advancedautosrepair.com/,,"1900 SW Biltmore St, Port St. Lucie, FL 34984, United States",1900 SW Biltmore St,Port St. Lucie,FL,34984,4.7,242,Auto repair shop,,,"https://www.google.com/maps/place/Advanced+Auto+Repair+and+Transmission,+Inc./data=!4m7!3m6!1s0x88dee961134335cf:0xa48dc029cf79b37e!8m2!3d27.2827591!4d-80.3621804!16s%2Fg%2F1q62gc_dm!19sChIJzzVDE2Hp3ogRfrN5zynAjaQ?authuser=0&hl=en&rclk=1",auto repair shop,St. Lucie County,county,FL,2026-07-23T11:32:53,0x88dee961134335cf:0xa48dc029cf79b37e
E. Lopez RM Mechanic Shop Corp.,(772) 985-2399,https://www.facebook.com/pages/E-Lopez-Rm-Mechanic-Corp/334033396792015,,"2721 SW Fondura Rd, Port St. Lucie, FL 34953, United States",2721 SW Fondura Rd,Port St. Lucie,FL,34953,4.5,62,Auto repair shop,,,https://www.google.com/maps/place/E.+Lopez+RM+Mechanic+Shop+Corp./data=!4m7!3m6!1s0x88deea5591db40bd:0xafa1e5de2215be4e!8m2!3d27.2629288!4d-80.4096609!16s%2Fg%2F11f3hglg5g!19sChIJvUDbkVXq3ogRTr4VIt7loa8?authuser=0&hl=en&rclk=1,auto repair shop,St. Lucie County,county,FL,2026-07-23T11:32:53,0x88deea5591db40bd:0xafa1e5de2215be4e
"Empire Automotive, Inc.",(772) 370-8564,http://www.empireautomotivepsl.com/,,"1935 SW South Macedo Blvd, Port St. Lucie, FL 34984, United States",1935 SW South Macedo Blvd,Port St. Lucie,FL,34984,4.8,98,Auto repair shop,,,"https://www.google.com/maps/place/Empire+Automotive,+Inc./data=!4m7!3m6!1s0x88dee9615e2e7439:0x1353de78a280b1e8!8m2!3d27.2813574!4d-80.3616954!16s%2Fg%2F11d_yngky6!19sChIJOXQuXmHp3ogR6LGAonjeUxM?authuser=0&hl=en&rclk=1",auto repair shop,St. Lucie County,county,FL,2026-07-23T11:32:53,0x88dee9615e2e7439:0x1353de78a280b1e8
"Euro/Jap Auto Repair,Inc.",(772) 340-3544,http://eurojap.com/,,"1701 SW Biltmore St, Port St. Lucie, FL 34984, United States",1701 SW Biltmore St,Port St. Lucie,FL,34984,4.4,262,Auto repair shop,,,"https://www.google.com/maps/place/Euro%2FJap+Auto+Repair,Inc./data=!4m7!3m6!1s0x88dee92d3783e1d9:0xaf34340e06d5af9b!8m2!3d27.2892583!4d-80.3651285!16s%2Fg%2F11scvx1pgb!19sChIJ2eGDNy3p3ogRm6_VBg40NK8?authuser=0&hl=en&rclk=1",auto repair shop,St. Lucie County,county,FL,2026-07-23T11:32:53,0x88dee92d3783e1d9:0xaf34340e06d5af9b
FINAL FRONTIER TIRES INC. DBA FINAL FRONTIER AUTO SALE,(772) 222-5113,https://www.fftire.com/,,"2130 SW Hayworth Ave, Port St. Lucie, FL 34953, United States",2130 SW Hayworth Ave,Port St. Lucie,FL,34953,4.7,140,Used tire shop,,,https://www.google.com/maps/place/FINAL+FRONTIER+TIRES+INC.+DBA+FINAL+FRONTIER+AUTO+SALE/data=!4m7!3m6!1s0x88deeaf8d2f0e4e3:0x23ed0cb92bac9342!8m2!3d27.2610481!4d-80.4126017!16s%2Fg%2F11hdc5w6dx!19sChIJ4-Tw0vjq3ogRQpOsK7kM7SM?authuser=0&hl=en&rclk=1,auto repair shop,Port St. Lucie,city,FL,2026-07-15T16:49:05,0x88deeaf8d2f0e4e3:0x23ed0cb92bac9342
Goodyear Auto Service,(772) 398-9052,https://www.goodyear.com/en-us/goodyearautoservice,,"10475 S U.S. Hwy 1, Port St. Lucie, FL 34952, United States",10475 S U.S. Hwy 1,Port St. Lucie,FL,34952,4.2,187,Tire shop,,,https://www.google.com/maps/place/Goodyear+Auto+Service/data=!4m7!3m6!1s0x88dee890ffb0224b:0x7b809075a68e1651!8m2!3d27.2731583!4d-80.2906272!16s%2Fg%2F1vq75p2g!19sChIJSyKw_5Do3ogRURaOpnWQgHs?authuser=0&hl=en&rclk=1,auto repair shop,St. Lucie County,county,FL,2026-07-23T11:32:53,0x88dee890ffb0224b:0x7b809075a68e1651
KB Auto Repair – Goodyear Dealer | CarMax Certified repair facility &Tesla & EV Maintenance Done Right,(772) 777-2213,,,"1441 SE Village Green Dr, Port St. Lucie, FL 34952, United States",1441 SE Village Green Dr,Port St. Lucie,FL,34952,3.7,3,Auto repair shop,,,https://www.google.com/maps/place/KB+Auto+Repair+%E2%80%93+Goodyear+Dealer+%7C+CarMax+Certified+repair+facility+%26Tesla+%26+EV+Maintenance+Done+Right/data=!4m7!3m6!1s0x88dee9a64d7f2e35:0x42734ca61c54f330!8m2!3d27.3063235!4d-80.3076407!16s%2Fg%2F11l2xb2wgb!19sChIJNS5_Tabp3ogRMPNUHKZMc0I?authuser=0&hl=en&rclk=1,auto repair shop,Port St. Lucie,city,FL,2026-07-15T16:49:05,0x88dee9a64d7f2e35:0x42734ca61c54f330
Limitless Auto Service inc,(772) 807-5637,,,"2706 SW Edgarce St, Port St. Lucie, FL 34953, United States",2706 SW Edgarce St,Port St. Lucie,FL,34953,4.5,70,Auto repair shop,,,https://www.google.com/maps/place/Limitless+Auto+Service+inc/data=!4m7!3m6!1s0x88deeafebfa627a1:0x841194091d5774b!8m2!3d27.2627061!4d-80.4149838!16s%2Fg%2F1hc4jq81b!19sChIJoSemv_7q3ogRS3fVkUAZQQg?authuser=0&hl=en&rclk=1,auto repair shop,St. Lucie County,county,FL,2026-07-23T11:32:53,0x88deeafebfa627a1:0x841194091d5774b
Midas,(772) 236-6869,https://www.midas.com/store/fl/port-st-lucie/10730-us-1-34952/?shopnum=3118&utm_source=google&utm_medium=organic&utm_campaign=gbp,,"10730 US-1, Port St. Lucie, FL 34952, United States",10730 US-1,Port St. Lucie,FL,34952,4.3,479,Auto repair shop,,,https://www.google.com/maps/place/Midas/data=!4m7!3m6!1s0x88dee8853c59a815:0xa3b7805a95197042!8m2!3d27.268568!4d-80.2862596!16s%2Fg%2F1tf48zg2!19sChIJFahZPIXo3ogRQnAZlVqAt6M?authuser=0&hl=en&rclk=1,auto repair shop,St. Lucie County,county,FL,2026-07-23T11:32:53,0x88dee8853c59a815:0xa3b7805a95197042
Posten's Performance Inc.,(772) 971-9258,http://postensperformance.com/,,"675 SW Sea Holly Terrace, Port St. Lucie, FL 34984, United States",675 SW Sea Holly Terrace,Port St. Lucie,FL,34984,5.0,91,Auto repair shop,,,https://www.google.com/maps/place/Posten%27s+Performance+Inc./data=!4m7!3m6!1s0x88dee9283132d137:0x6a49a5cf020c6816!8m2!3d27.2896372!4d-80.3661892!16s%2Fg%2F11gyxgp8qk!19sChIJN9EyMSjp3ogRFmgMAs-lSWo?authuser=0&hl=en&rclk=1,auto repair shop,St. Lucie County,county,FL,2026-07-23T11:32:53,0x88dee9283132d137:0x6a49a5cf020c6816
Scott's Automotive & Golf Car Repair Inc,(772) 466-4433,http://scottsautogolf.com/,,"2182 NW Settle Ave, Port St. Lucie, FL 34986, United States",2182 NW Settle Ave,Port St. Lucie,FL,34986,5.0,633,Auto repair shop,,,https://www.google.com/maps/place/Scott%27s+Automotive+%26+Golf+Car+Repair+Inc/data=!4m7!3m6!1s0x88deedb73c8b0c15:0x454b17d474880a75!8m2!3d27.3399403!4d-80.4235294!16s%2Fg%2F11g0vz82_g!19sChIJFQyLPLft3ogRdQqIdNQXS0U?authuser=0&hl=en&rclk=1,auto repair shop,St. Lucie County,county,FL,2026-07-23T11:32:53,0x88deedb73c8b0c15:0x454b17d474880a75
"The Oil Depot, Auto Repair Inc.",(772) 224-2475,https://theoildepotfl.com/,,"781 NW Enterprise Dr Ste 104, Port St. Lucie, FL 34986, United States",781 NW Enterprise Dr Ste 104,Port St. Lucie,FL,34986,4.8,81,Car repair and maintenance service,,,"https://www.google.com/maps/place/The+Oil+Depot,+Auto+Repair+Inc./data=!4m7!3m6!1s0x88deeb3632487e2f:0x5f81143ce4a67538!8m2!3d27.3359386!4d-80.4098136!16s%2Fg%2F11mnh37lw1!19sChIJL35IMjbr3ogROHWm5DwUgV8?authuser=0&hl=en&rclk=1",auto repair shop,St. Lucie County,county,FL,2026-07-23T11:32:53,0x88deeb3632487e2f:0x5f81143ce4a67538
A & B Auto Repairs & Tires Inc.,(941) 639-2894,https://aandbautorepairandtiresinc.com/,,"4322 Duncan Rd, Punta Gorda, FL 33982, United States",4322 Duncan Rd,Punta Gorda,FL,33982,4.5,97,Auto repair shop,,,https://www.google.com/maps/place/A+%26+B+Auto+Repairs+%26+Tires+Inc./data=!4m7!3m6!1s0x88dca737f16d1593:0x595feb60e6ba6a4a!8m2!3d26.9687912!4d-81.9637679!16s%2Fg%2F1tlmp3sq!19sChIJkxVt8Ten3IgRSmq65mDrX1k?authuser=0&hl=en&rclk=1,auto repair shop,Charlotte County,county,FL,2026-07-23T04:05:56,0x88dca737f16d1593:0x595feb60e6ba6a4a
A-1 Auto Service Inc.,(850) 627-9819,http://www.a1automarine.com/,,"17974 Blue Star Hwy, Quincy, FL 32351, United States",17974 Blue Star Hwy,Quincy,FL,32351,4.0,41,Auto repair shop,,,https://www.google.com/maps/place/A-1+Auto+Service+Inc./data=!4m7!3m6!1s0x88ecc2b838338e73:0xef167cba6b8b594d!8m2!3d30.5886552!4d-84.6248972!16s%2Fg%2F1thsgrpt!19sChIJc44zOLjC7IgRTVmLa7p8Fu8?authuser=0&hl=en&rclk=1,auto repair shop,Calhoun County,county,FL,2026-07-23T03:58:09,0x88ecc2b838338e73:0xef167cba6b8b594d
"D and R Automotive Specialties, Inc.",(561) 842-6192,http://dandrautomotive.net/,,"3651 Prospect Ave, Riviera Beach, FL 33404, United States",3651 Prospect Ave,Riviera Beach,FL,33404,4.9,107,Auto repair shop,,,"https://www.google.com/maps/place/D+and+R+Automotive+Specialties,+Inc./data=!4m7!3m6!1s0x88d8d57cb34ca249:0xe292b989c1487f18!8m2!3d26.7905803!4d-80.0930023!16s%2Fg%2F1s04dqk_7!19sChIJSaJMs3zV2IgRGH9IwYm5kuI?authuser=0&hl=en&rclk=1",auto repair shop,Palm Beach County,county,FL,2026-07-23T10:18:09,0x88d8d57cb34ca249:0xe292b989c1487f18
"Advanced Automotive Repair Group, Inc",(321) 631-9666,http://www.advancedarg.com/,,"428 Richard Rd, Rockledge, FL 32955, United States",428 Richard Rd,Rockledge,FL,32955,4.8,69,Auto repair shop,,,"https://www.google.com/maps/place/Advanced+Automotive+Repair+Group,+Inc/data=!4m7!3m6!1s0x88de018fd4f5465f:0x45ad26f9c96dd7fd!8m2!3d28.3257904!4d-80.7329308!16s%2Fg%2F1tftm07j!19sChIJX0b11I8B3ogR_ddtyfkmrUU?authuser=0&hl=en&rclk=1",auto repair shop,Brevard County,county,FL,2026-07-23T03:42:45,0x88de018fd4f5465f:0x45ad26f9c96dd7fd
AAMCO Transmissions & Total Car Care,(407) 322-0564,https://aamcocentralflorida.com/locations/sanford/?utm_source=G&utm_medium=local&utm_campaign=google-local,,"2890 S Orlando Dr, Sanford, FL 32773, United States",2890 S Orlando Dr,Sanford,FL,32773,4.7,407,Transmission shop,,,https://www.google.com/maps/place/AAMCO+Transmissions+%26+Total+Car+Care/data=!4m7!3m6!1s0x88e71338361b95cb:0x8cd618210c7759e8!8m2!3d28.77391!4d-81.278703!16s%2Fg%2F1wnbyv4d!19sChIJy5UbNjgT54gR6Fl3DCEY1ow?authuser=0&hl=en&rclk=1,auto repair shop,Seminole County,county,FL,2026-07-23T11:54:17,0x88e71338361b95cb:0x8cd618210c7759e8
BAYAMON AUTO REPAIR,,,,"1471 Kastner Pl, Sanford, FL 32771, United States",1471 Kastner Pl,Sanford,FL,32771,5.0,1,Auto repair shop,,,https://www.google.com/maps/place/BAYAMON+AUTO+REPAIR/data=!4m7!3m6!1s0x88e713a951419cdd:0x82c66bad222796bd!8m2!3d28.8308346!4d-81.3266185!16s%2Fg%2F11smzs34ht!19sChIJ3ZxBUakT54gRvZYnIq1rxoI?authuser=0&hl=en&rclk=1,auto repair shop,Seminole County,county,FL,2026-07-15T14:28:50,0x88e713a951419cdd:0x82c66bad222796bd
My Auto mechanic repair shop inc,(321) 696-4202,,,"2621 S Sanford Ave, Sanford, FL 32773, United States",2621 S Sanford Ave,Sanford,FL,32773,4.7,82,Auto repair shop,,,https://www.google.com/maps/place/My+Auto+mechanic+repair+shop+inc/data=!4m7!3m6!1s0x88e71373025fba31:0xb166a3f2f2dd698c!8m2!3d28.7805087!4d-81.2643235!16s%2Fg%2F11h9zj_4ld!19sChIJMbpfAnMT54gRjGnd8vKjZrE?authuser=0&hl=en&rclk=1,auto repair shop,Seminole County,county,FL,2026-07-23T11:54:17,0x88e71373025fba31:0xb166a3f2f2dd698c
"S G & K Auto Repair Center, Inc.",(407) 302-3337,,,"1122 Celery Ave, Sanford, FL 32771, United States",1122 Celery Ave,Sanford,FL,32771,4.7,62,Auto repair shop,,,"https://www.google.com/maps/place/S+G+%26+K+Auto+Repair+Center,+Inc./data=!4m7!3m6!1s0x88e7137c400af4cb:0x1f03196661aca3ef!8m2!3d28.8015992!4d-81.2559689!16s%2Fg%2F1tjpr9tz!19sChIJy_QKQHwT54gR76OsYWYZAx8?authuser=0&hl=en&rclk=1",auto repair shop,Seminole County,county,FL,2026-07-23T11:54:17,0x88e7137c400af4cb:0x1f03196661aca3ef
Samuel's Auto Corp,(407) 321-1438,http://www.samuelsauto.com/,,"5508 Benchmark Ln #120, Sanford, FL 32773, United States",5508 Benchmark Ln #120,Sanford,FL,32773,4.9,178,Auto body shop,,,https://www.google.com/maps/place/Samuel%27s+Auto+Corp/data=!4m7!3m6!1s0x88e76d031345e389:0x66272771e10a172b!8m2!3d28.7287807!4d-81.2999838!16s%2Fg%2F1v_z547g!19sChIJieNFEwNt54gRKxcK4XEnJ2Y?authuser=0&hl=en&rclk=1,auto repair shop,Seminole County,county,FL,2026-07-15T14:28:50,0x88e76d031345e389:0x66272771e10a172b
Elite's Motor Sports and Auto Accessories LLC,,http://www.elitesmotorsports.net/,,"161 Goldsby Rd Unit C, Santa Rosa Beach, FL 32459, United States",161 Goldsby Rd Unit C,Santa Rosa Beach,FL,32459,4.9,155,Truck accessories store,,,https://www.google.com/maps/place/Elite%27s+Motor+Sports+and+Auto+Accessories+LLC/data=!4m7!3m6!1s0x8891591241f2d8ab:0xc674b4f65756ead6!8m2!3d30.3776059!4d-86.2968122!16s%2Fg%2F11tcq_llb1!19sChIJq9jyQRJZkYgR1upWV_a0dMY?authuser=0&hl=en&rclk=1,auto repair shop,Santa Rosa County,county,FL,2026-07-23T11:41:38,0x8891591241f2d8ab:0xc674b4f65756ead6
AAMCO Transmissions & Total Car Care,(941) 877-5252,http://www.aamcosouthsarasota.com/?utm_source=G&utm_medium=local&utm_campaign=google-local,,"2856 Clark Rd, Sarasota, FL 34231, United States",2856 Clark Rd,Sarasota,FL,34231,4.7,341,Transmission shop,,,https://www.google.com/maps/place/AAMCO+Transmissions+%26+Total+Car+Care/data=!4m7!3m6!1s0x88c34170cc081af5:0x374fa76b13b81d52!8m2!3d27.268904!4d-82.512972!16s%2Fg%2F1thpxmjn!19sChIJ9RoIzHBBw4gRUh24E2unTzc?authuser=0&hl=en&rclk=1,auto repair shop,Sarasota County,county,FL,2026-07-23T11:24:16,0x88c34170cc081af5:0x374fa76b13b81d52
Ab's Auto Inc.,(941) 735-7399,,,"2025 Princeton St, Sarasota, FL 34237, United States",2025 Princeton St,Sarasota,FL,34237,4.8,34,Auto repair shop,,,https://www.google.com/maps/place/Ab%27s+Auto+Inc./data=!4m7!3m6!1s0x88c340777fbdaccb:0x1ff715ab367400f5!8m2!3d27.3466553!4d-82.5298081!16s%2Fg%2F126262l6p!19sChIJy6y9f3dAw4gR9QB0NqsV9x8?authuser=0&hl=en&rclk=1,auto repair shop,Sarasota County,county,FL,2026-07-23T11:46:45,0x88c340777fbdaccb:0x1ff715ab367400f5
"Brian's Auto Repair, Inc",(941) 926-2526,http://briansrepair.com/?utm_source=Google&utm_medium=GBP,,"4502 McAshton St, Sarasota, FL 34233, United States",4502 McAshton St,Sarasota,FL,34233,4.4,122,Auto repair shop,,,"https://www.google.com/maps/place/Brian%27s+Auto+Repair,+Inc/data=!4m7!3m6!1s0x88c341459a739c71:0x784a343e050d639a!8m2!3d27.2780757!4d-82.4779358!16s%2Fg%2F1tj33y53!19sChIJcZxzmkVBw4gRmmMNBT40Sng?authuser=0&hl=en&rclk=1",auto repair shop,Sarasota County,county,FL,2026-07-23T11:46:45,0x88c341459a739c71:0x784a343e050d639a
Firestone Complete Auto Care,(941) 549-8848,https://www.firestonecompleteautocare.com/florida/sarasota/2121-stickney-point-rd/?utm_source=google&utm_medium=organic&utm_campaign=localmaps&cmp=oloc_google_localmaps_maps,,"2121 Stickney Point Rd, Sarasota, FL 34231, United States",2121 Stickney Point Rd,Sarasota,FL,34231,4.1,580,Tire shop,,,https://www.google.com/maps/place/Firestone+Complete+Auto+Care/data=!4m7!3m6!1s0x88c34183d5a3c97d:0x171000a1b2856c2c!8m2!3d27.2618645!4d-82.5216573!16s%2Fg%2F1tdwqx1g!19sChIJfcmj1YNBw4gRLGyFsqEAEBc?authuser=0&hl=en&rclk=1,auto repair shop,Sarasota County,county,FL,2026-07-15T14:22:29,0x88c34183d5a3c97d:0x171000a1b2856c2c
"Gary's Auto Repair Service, Inc.",(941) 343-2983,http://www.garysautorepairserviceinc.com/,,"4023 Sawyer Road #135 BLDG 3, Sarasota, FL 34233, United States",4023 Sawyer Road #135 BLDG 3,Sarasota,FL,34233,4.2,66,Auto repair shop,,,"https://www.google.com/maps/place/Gary%27s+Auto+Repair+Service,+Inc./data=!4m7!3m6!1s0x88c341260f4e7743:0x5c805eee5cef592b!8m2!3d27.2955523!4d-82.4883048!16s%2Fg%2F1pp2vdmf0!19sChIJQ3dODyZBw4gRK1nvXO5egFw?authuser=0&hl=en&rclk=1",auto repair shop,Sarasota County,county,FL,2026-07-23T11:24:16,0x88c341260f4e7743:0x5c805eee5cef592b
Goodyear Auto Service,(941) 923-3364,https://www.goodyear.com/en-us/goodyearautoservice,,"5785 S Beneva Rd, Sarasota, FL 34233, United States",5785 S Beneva Rd,Sarasota,FL,34233,4.4,219,Tire shop,,,https://www.google.com/maps/place/Goodyear+Auto+Service/data=!4m7!3m6!1s0x88c34169d119cb21:0xfdb3a1a459449f23!8m2!3d27.2696672!4d-82.4972618!16s%2Fg%2F1tgff4k3!19sChIJIcsZ0WlBw4gRI59EWaShs_0?authuser=0&hl=en&rclk=1,auto repair shop,Sarasota County,county,FL,2026-07-15T14:22:29,0x88c34169d119cb21:0xfdb3a1a459449f23
Goodyear Auto Service,(941) 365-5060,https://www.goodyear.com/en-us/goodyearautoservice,,"401 N Lemon Ave, Sarasota, FL 34236, United States",401 N Lemon Ave,Sarasota,FL,34236,4.6,310,Tire shop,,,https://www.google.com/maps/place/Goodyear+Auto+Service/data=!4m7!3m6!1s0x88c3400d46ffe925:0xff6db394813695fd!8m2!3d27.3399549!4d-82.5409586!16s%2Fg%2F1td4w1kd!19sChIJJen_Rg1Aw4gR_ZU2gZSzbf8?authuser=0&hl=en&rclk=1,auto repair shop,Sarasota County,county,FL,2026-07-23T11:24:16,0x88c3400d46ffe925:0xff6db394813695fd
Non Stop Auto Inc,(941) 600-6016,,,"2812 Fruitville Rd, Sarasota, FL 34237, United States",2812 Fruitville Rd,Sarasota,FL,34237,4.8,25,Auto repair shop,,,https://www.google.com/maps/place/Non+Stop+Auto+Inc/data=!4m7!3m6!1s0x88c341004c8c5eab:0xb8c39a1320871247!8m2!3d27.3371423!4d-82.5137545!16s%2Fg%2F11fk92znds!19sChIJq16MTABBw4gRRxKHIBOaw7g?authuser=0&hl=en&rclk=1,auto repair shop,Sarasota County,county,FL,2026-07-23T11:24:16,0x88c341004c8c5eab:0xb8c39a1320871247
Scott's Auto Repair Inc,(941) 355-3117,,,"6691 33rd St E, Sarasota, FL 34243, United States",6691 33rd St E,Sarasota,FL,34243,4.6,34,Auto repair shop,,,https://www.google.com/maps/place/Scott%27s+Auto+Repair+Inc/data=!4m7!3m6!1s0x88c315816fe95181:0x157fbad07a4d017a!8m2!3d27.4218786!4d-82.5215804!16s%2Fg%2F1tnl25pt!19sChIJgVHpb4EVw4gRegFNetC6fxU?authuser=0&hl=en&rclk=1,auto repair shop,Sarasota County,county,FL,2026-07-23T11:46:45,0x88c315816fe95181:0x157fbad07a4d017a
troyers automotive inc.,(941) 373-5750,http://www.troyersautomotive.com/,,"757 Gantt Ave #2, Sarasota, FL 34232, United States",757 Gantt Ave #2,Sarasota,FL,34232,4.9,67,Auto repair shop,,,https://www.google.com/maps/place/troyers+automotive+inc./data=!4m7!3m6!1s0x88c347410abb0e05:0x663895cb3d454138!8m2!3d27.3288765!4d-82.4551611!16s%2Fg%2F1261x0mdw!19sChIJBQ67CkFHw4gROEFFPcuVOGY?authuser=0&hl=en&rclk=1,auto repair shop,Sarasota County,county,FL,2026-07-23T11:24:16,0x88c347410abb0e05:0x663895cb3d454138
R & J Towing of Putnam County Inc.,(386) 649-4100,,,"1160 US-17, Satsuma, FL 32189, United States",1160 US-17,Satsuma,FL,32189,4.2,62,Towing service,,,https://www.google.com/maps/place/R+%26+J+Towing+of+Putnam+County+Inc./data=!4m7!3m6!1s0x88e667a4577154d1:0x9f1b1028ac68e88e!8m2!3d29.5572645!4d-81.6562593!16s%2Fg%2F113gnv4s3!19sChIJ0VRxV6Rn5ogRjuhorCgQG58?authuser=0&hl=en&rclk=1,auto repair shop,Putnam County,county,FL,2026-07-23T10:55:26,0x88e667a4577154d1:0x9f1b1028ac68e88e
The Shop Auto Repair,,,,"1162 US-17, Satsuma, FL 32189, United States",1162 US-17,Satsuma,FL,32189,4.8,5,Auto repair shop,,,https://www.google.com/maps/place/The+Shop+Auto+Repair/data=!4m7!3m6!1s0x88e667a492f2b575:0xe0ffb40275aebc5!8m2!3d29.5568512!4d-81.6563316!16s%2Fg%2F11dz_t3slm!19sChIJdbXykqRn5ogRxetaJ0D7Dw4?authuser=0&hl=en&rclk=1,auto repair shop,Putnam County,county,FL,2026-07-23T11:20:33,0x88e667a492f2b575:0xe0ffb40275aebc5
"Aries Auto Body, Inc.",(863) 658-2874,,,"1108 Weigle Ave, Sebring, FL 33870, United States",1108 Weigle Ave,Sebring,FL,33870,4.6,43,Auto repair shop,,,"https://www.google.com/maps/place/Aries+Auto+Body,+Inc./data=!4m7!3m6!1s0x88dc57e0687a53e5:0x712b5b03aa2a8a48!8m2!3d27.4884036!4d-81.4276709!16s%2Fg%2F11fp32jr7b!19sChIJ5VN6aOBX3IgRSIoqqgNbK3E?authuser=0&hl=en&rclk=1",auto repair shop,Highlands County,county,FL,2026-07-23T06:22:35,0x88dc57e0687a53e5:0x712b5b03aa2a8a48
Rosco's Garage Inc.,(863) 385-1988,http://www.facebook.com/TechAutomotiveINC,,"5507 U.S. Hwy 27 S, Sebring, FL 33870, United States",5507 U.S. Hwy 27 S,Sebring,FL,33870,4.6,116,Auto repair shop,,,https://www.google.com/maps/place/Rosco%27s+Garage+Inc./data=!4m7!3m6!1s0x88dc59de53c5dc4d:0xb5c227102b43b6c4!8m2!3d27.446712!4d-81.4202071!16s%2Fg%2F1tk23rcc!19sChIJTdzFU95Z3IgRxLZDKxAnwrU?authuser=0&hl=en&rclk=1,auto repair shop,Highlands County,county,FL,2026-07-23T06:22:35,0x88dc59de53c5dc4d:0xb5c227102b43b6c4
Watson's Tire & Auto Service Inc.,(863) 385-7692,,,"3455 Bartee Rd, Sebring, FL 33870, United States",3455 Bartee Rd,Sebring,FL,33870,4.4,24,Auto repair shop,,,https://www.google.com/maps/place/Watson%27s+Tire+%26+Auto+Service+Inc./data=!4m7!3m6!1s0x88dc59fb4a659a39:0xe260815653b73177!8m2!3d27.4664546!4d-81.4386035!16s%2Fg%2F1tz725_f!19sChIJOZplSvtZ3IgRdzG3U1aBYOI?authuser=0&hl=en&rclk=1,auto repair shop,Highlands County,county,FL,2026-07-15T10:57:09,0x88dc59fb4a659a39:0xe260815653b73177
O'Brien's Garage Inc,(352) 236-4540,http://www.obriensgarageflorida.com/,,"5121 E Silver Springs Blvd, Silver Springs, FL 34488, United States",5121 E Silver Springs Blvd,Silver Springs,FL,34488,4.7,163,Auto repair shop,,,https://www.google.com/maps/place/O%27Brien%27s+Garage+Inc/data=!4m7!3m6!1s0x88e62d1343c4618f:0x1431b73467482127!8m2!3d29.2123643!4d-82.0637058!16s%2Fg%2F1td_zf32!19sChIJj2HEQxMt5ogRJyFIZzS3MRQ?authuser=0&hl=en&rclk=1,auto repair shop,Marion County,county,FL,2026-07-23T09:14:38,0x88e62d1343c4618f:0x1431b73467482127
Dixie Auto Service Inc,(305) 667-5096,https://dixieautoservice.com/,,"6360 S Dixie Hwy, South Miami, FL 33143, United States",6360 S Dixie Hwy,South Miami,FL,33143,4.7,106,Auto repair shop,,,https://www.google.com/maps/place/Dixie+Auto+Service+Inc/data=!4m7!3m6!1s0x88d9c7eb74397a0b:0x2981abd5013ed1e8!8m2!3d25.6984172!4d-80.296453!16s%2Fg%2F1tgf3_zc!19sChIJC3o5dOvH2YgR6NE-AdWrgSk?authuser=0&hl=en&rclk=1,auto repair shop,Monroe County,county,FL,2026-07-23T09:35:41,0x88d9c7eb74397a0b:0x2981abd5013ed1e8
Goodyear Auto Service,(954) 434-2370,https://www.goodyear.com/en-us/goodyearautoservice,,"4699 Volunteer Rd, Southwest Ranches, FL 33330, United States",4699 Volunteer Rd,Southwest Ranches,FL,33330,4.1,214,Tire shop,,,https://www.google.com/maps/place/Goodyear+Auto+Service/data=!4m7!3m6!1s0x88d9a73d26b80347:0x8bbfec836db18394!8m2!3d26.0619529!4d-80.3484161!16s%2Fg%2F1hc31w7b2!19sChIJRwO4Jj2n2YgRlIOxbYPsv4s?authuser=0&hl=en&rclk=1,auto repair shop,Pembroke Pines,city,FL,2026-07-15T16:09:59,0x88d9a73d26b80347:0x8bbfec836db18394
"Bill's European Autoworks, Inc",(352) 835-7124,http://billseuropeanautoworks.com/,,"10479 County Line Rd, Spring Hill, FL 34609, United States",10479 County Line Rd,Spring Hill,FL,34609,4.5,106,Auto repair shop,,,"https://www.google.com/maps/place/Bill%27s+European+Autoworks,+Inc/data=!4m7!3m6!1s0x88e81eea05777325:0xe6289537d9133849!8m2!3d28.4348331!4d-82.5427423!16s%2Fg%2F11b75kt0vl!19sChIJJXN3Beoe6IgRSTgT2TeVKOY?authuser=0&hl=en&rclk=1",auto repair shop,Hernando County,county,FL,2026-07-23T06:16:49,0x88e81eea05777325:0xe6289537d9133849
Firestone Complete Auto Care,(352) 340-3293,https://www.firestonecompleteautocare.com/florida/spring-hill/4833-commercial-way/?utm_source=google&utm_medium=organic&utm_campaign=localmaps&cmp=oloc_google_localmaps_maps,,"4833 Commercial Way, Spring Hill, FL 34606, United States",4833 Commercial Way,Spring Hill,FL,34606,4.5,572,Tire shop,,,https://www.google.com/maps/place/Firestone+Complete+Auto+Care/data=!4m7!3m6!1s0x88e821f8e30fa47b:0xe1ee658d5f08b2bb!8m2!3d28.5006123!4d-82.5919303!16s%2Fg%2F11j3s1qjjz!19sChIJe6QP4_gh6IgRu7IIX41l7uE?authuser=0&hl=en&rclk=1,auto repair shop,Hernando County,county,FL,2026-07-23T06:16:49,0x88e821f8e30fa47b:0xe1ee658d5f08b2bb
Goodyear Auto Service,(352) 398-1960,https://www.goodyear.com/en-us/goodyearautoservice,,"11021 Northcliffe Blvd, Spring Hill, FL 34608, United States",11021 Northcliffe Blvd,Spring Hill,FL,34608,4.2,314,Tire shop,,,https://www.google.com/maps/place/Goodyear+Auto+Service/data=!4m7!3m6!1s0x88e81f94d2577547:0x24d7d410a3044d54!8m2!3d28.4924416!4d-82.5432488!16s%2Fg%2F1txfpz_6!19sChIJR3VX0pQf6IgRVE0EoxDU1yQ?authuser=0&hl=en&rclk=1,auto repair shop,Hernando County,county,FL,2026-07-23T06:16:49,0x88e81f94d2577547:0x24d7d410a3044d54
Lube King & Auto Inc,(352) 799-9720,https://www.lubekingandauto.com/,,"3119 Anderson Snow Rd, Spring Hill, FL 34609, United States",3119 Anderson Snow Rd,Spring Hill,FL,34609,4.6,253,Auto repair shop,,,https://www.google.com/maps/place/Lube+King+%26+Auto+Inc/data=!4m7!3m6!1s0x88e81e1a935b5cd1:0xee863234e951fe4b!8m2!3d28.4758735!4d-82.4877403!16s%2Fg%2F1v3_3hy9!19sChIJ0Vxbkxoe6IgRS_5R6TQyhu4?authuser=0&hl=en&rclk=1,auto repair shop,Hernando County,county,FL,2026-07-23T06:16:49,0x88e81e1a935b5cd1:0xee863234e951fe4b
Meineke Car Care Center,(352) 593-3027,https://www.meineke.com/locations/fl/spring-hill-2033/?utm_source=google&utm_medium=organic&utm_campaign=gbp_website,,"14395 Spring Hill Dr, Spring Hill, FL 34609, United States",14395 Spring Hill Dr,Spring Hill,FL,34609,4.6,683,Auto repair shop,,,https://www.google.com/maps/place/Meineke+Car+Care+Center/data=!4m7!3m6!1s0x88e81e0fccab1ddd:0xc5a737886a124108!8m2!3d28.4797524!4d-82.4863026!16s%2Fg%2F1tjdmksn!19sChIJ3R2rzA8e6IgRCEESaog3p8U?authuser=0&hl=en&rclk=1,auto repair shop,Hernando County,county,FL,2026-07-23T06:16:49,0x88e81e0fccab1ddd:0xc5a737886a124108
Midas,(352) 600-5317,https://www.midas.com/store/fl/spring-hill/5234-mariner-blvd-34609/?shopnum=3284&utm_source=google&utm_medium=organic&utm_campaign=gbp,,"5234 Mariner Blvd, Spring Hill, FL 34609, United States",5234 Mariner Blvd,Spring Hill,FL,34609,4.5,352,Auto repair shop,,,https://www.google.com/maps/place/Midas/data=!4m7!3m6!1s0x88e81fada349a063:0x9ee791bf1811baad!8m2!3d28.5042514!4d-82.5220108!16s%2Fg%2F1tftrxzq!19sChIJY6BJo60f6IgRrboRGL-R554?authuser=0&hl=en&rclk=1,auto repair shop,Hernando County,county,FL,2026-07-23T06:16:49,0x88e81fada349a063:0x9ee791bf1811baad
Auto Clinic Auto Service Inc.,(407) 892-8104,https://autoclinicautoserviceinc.com/,,"1524 13th St, St Cloud, FL 34769, United States",1524 13th St,St Cloud,FL,34769,4.5,261,Auto repair shop,,,https://www.google.com/maps/place/Auto+Clinic+Auto+Service+Inc./data=!4m7!3m6!1s0x88dd8e50f5ddf5a7:0x2b5c710c20c0135b!8m2!3d28.2463004!4d-81.2865471!16s%2Fg%2F1tn4yzql!19sChIJp_Xd9VCO3YgRWxPAIAxxXCs?authuser=0&hl=en&rclk=1,auto repair shop,Osceola County,county,FL,2026-07-23T10:10:07,0x88dd8e50f5ddf5a7:0x2b5c710c20c0135b
AAMCO Transmissions & Total Car Care,(904) 506-1300,https://www.aamcojacksonville.com/?utm_source=G&utm_medium=local&utm_campaign=google-local,,"2664 US-1, St. Augustine, FL 32086, United States",2664 US-1,St. Augustine,FL,32086,4.7,264,Transmission shop,,,https://www.google.com/maps/place/AAMCO+Transmissions+%26+Total+Car+Care/data=!4m7!3m6!1s0x88e69b6aaaaaaaed:0x7cc06199d693a63f!8m2!3d29.846942!4d-81.322223!16s%2Fg%2F1tcwrz81!19sChIJ7aqqqmqb5ogRP6aT1plhwHw?authuser=0&hl=en&rclk=1,auto repair shop,St. Johns County,county,FL,2026-07-15T14:07:01,0x88e69b6aaaaaaaed:0x7cc06199d693a63f
"Elite German Auto Service, Inc.",(904) 829-5259,http://elitegermanautoservice.weebly.com/,,"2060 Dobbs Rd D, St. Augustine, FL 32086, United States",2060 Dobbs Rd D,St. Augustine,FL,32086,4.6,63,Auto repair shop,,,"https://www.google.com/maps/place/Elite+German+Auto+Service,+Inc./data=!4m7!3m6!1s0x88e69d4e0f3975e5:0x5c3dcfa1ba5bc459!8m2!3d29.8619691!4d-81.3342082!16s%2Fg%2F1thw2zgv!19sChIJ5XU5D06d5ogRWcRbuqHPPVw?authuser=0&hl=en&rclk=1",auto repair shop,St. Johns County,county,FL,2026-07-23T11:25:24,0x88e69d4e0f3975e5:0x5c3dcfa1ba5bc459
Firestone Complete Auto Care,(904) 671-7330,https://www.firestonecompleteautocare.com/florida/saint-augustine/57-san-marco-ave/?utm_source=google&utm_medium=organic&utm_campaign=localmaps&cmp=oloc_google_localmaps_maps,,"57 San Marco Ave, St. Augustine, FL 32084, United States",57 San Marco Ave,St. Augustine,FL,32084,4.5,704,Tire shop,,,https://www.google.com/maps/place/Firestone+Complete+Auto+Care/data=!4m7!3m6!1s0x88e427b8d2d473ed:0x83c2d2812cc3b4e6!8m2!3d29.9012306!4d-81.3152928!16s%2Fg%2F113k3c2w6!19sChIJ7XPU0rgn5IgR5rTDLIHSwoM?authuser=0&hl=en&rclk=1,auto repair shop,St. Johns County,county,FL,2026-07-23T11:25:24,0x88e427b8d2d473ed:0x83c2d2812cc3b4e6
Goodyear Auto Service,(904) 825-1229,https://www.goodyear.com/en-us/goodyearautoservice,,"512 W Geoffrey St, St. Augustine, FL 32086, United States",512 W Geoffrey St,St. Augustine,FL,32086,4.3,220,Tire shop,,,https://www.google.com/maps/place/Goodyear+Auto+Service/data=!4m7!3m6!1s0x88e69d5119b7663b:0xec140b4da4146811!8m2!3d29.86669!4d-81.3323712!16s%2Fg%2F1tx_75bf!19sChIJO2a3GVGd5ogREWgUpE0LFOw?authuser=0&hl=en&rclk=1,auto repair shop,St. Johns County,county,FL,2026-07-23T11:03:38,0x88e69d5119b7663b:0xec140b4da4146811
North City Automotive Inc,(904) 824-3030,,,"6310 US-1, St. Augustine, FL 32095, United States",6310 US-1,St. Augustine,FL,32095,4.4,16,Auto body shop,,,https://www.google.com/maps/place/North+City+Automotive+Inc/data=!4m7!3m6!1s0x88e42f3c30390ed5:0x6a65a84cd36cb03a!8m2!3d29.9874765!4d-81.3682571!16s%2Fg%2F1tdm4j_t!19sChIJ1Q45MDwv5IgROrBs00yoZWo?authuser=0&hl=en&rclk=1,auto repair shop,St. Johns County,county,FL,2026-07-23T11:25:24,0x88e42f3c30390ed5:0x6a65a84cd36cb03a
A & R Auto Center Inc.,(727) 319-0488,http://andrauto.com/,,"4712 95th St N, St. Petersburg, FL 33708, United States",4712 95th St N,St. Petersburg,FL,33708,4.8,28,Auto repair shop,,,https://www.google.com/maps/place/A+%26+R+Auto+Center+Inc./data=!4m7!3m6!1s0x88c2fc8f3e33fb69:0x489c662c2a4ee527!8m2!3d27.8161252!4d-82.7711874!16s%2Fg%2F1tdh972d!19sChIJafszPo_8wogRJ-VOKixmnEg?authuser=0&hl=en&rclk=1,auto repair shop,Pinellas County,county,FL,2026-07-15T13:38:52,0x88c2fc8f3e33fb69:0x489c662c2a4ee527
AAMCO Transmissions & Total Car Care,(727) 485-9790,http://www.stpetersburgaamco.com/?utm_source=G&utm_medium=local&utm_campaign=google-local,,"3353 5th Ave S, St. Petersburg, FL 33712, United States",3353 5th Ave S,St. Petersburg,FL,33712,4.3,273,Transmission shop,,,https://www.google.com/maps/place/AAMCO+Transmissions+%26+Total+Car+Care/data=!4m7!3m6!1s0x88c2e24f8bed2699:0x5b8549f038daf69b!8m2!3d27.766738!4d-82.67909!16s%2Fg%2F1w112znq!19sChIJmSbti0_iwogRm_baOPBJhVs?authuser=0&hl=en&rclk=1,auto repair shop,St. Petersburg,city,FL,2026-07-23T13:16:01,0x88c2e24f8bed2699:0x5b8549f038daf69b
"Ace Tire & Auto, Inc.",(727) 528-1009,https://www.acetireandautos.com/,,"4900 49th Street N, St. Petersburg, FL 33709, United States",4900 49th Street N,St. Petersburg,FL,33709,4.6,825,Tire shop,,,"https://www.google.com/maps/place/Ace+Tire+%26+Auto,+Inc./data=!4m7!3m6!1s0x88c2e37b02d383af:0x5787bdf4ad89d5a8!8m2!3d27.8171772!4d-82.7003292!16s%2Fg%2F1tj6vm5h!19sChIJr4PTAnvjwogRqNWJrfS9h1c?authuser=0&hl=en&rclk=1",auto repair shop,St. Petersburg,city,FL,2026-07-23T13:16:01,0x88c2e37b02d383af:0x5787bdf4ad89d5a8
"Action Imports Repair, Inc.",(727) 895-1175,,,"2931 4th St N, St. Petersburg, FL 33704, United States",2931 4th St N,St. Petersburg,FL,33704,4.5,75,Auto repair shop,,,"https://www.google.com/maps/place/Action+Imports+Repair,+Inc./data=!4m7!3m6!1s0x88c2e1527dd62bb9:0x9893beb40f7dbd94!8m2!3d27.7990497!4d-82.6381958!16s%2Fg%2F11hrd1vn1h!19sChIJuSvWfVLhwogRlL19D7S-k5g?authuser=0&hl=en&rclk=1",auto repair shop,St. Petersburg,city,FL,2026-07-23T13:16:01,0x88c2e1527dd62bb9:0x9893beb40f7dbd94
"Andy's Automotive, Inc.",(727) 321-6414,https://andys-automotive.com/,,"2800 5th Ave S, St. Petersburg, FL 33712, United States",2800 5th Ave S,St. Petersburg,FL,33712,4.9,510,Auto repair shop,,,"https://www.google.com/maps/place/Andy%27s+Automotive,+Inc./data=!4m7!3m6!1s0x88c2e2480d3de195:0xf0d807808c537b33!8m2!3d27.7661853!4d-82.671453!16s%2Fg%2F1vcl4k1n!19sChIJleE9DUjiwogRM3tTjIAH2PA?authuser=0&hl=en&rclk=1",auto repair shop,Pinellas County,county,FL,2026-07-23T10:32:55,0x88c2e2480d3de195:0xf0d807808c537b33
Eddie's Auto Repair Inc,(727) 821-7876,https://www.eddiesautorepair.net/,,"4001 6th St S, St. Petersburg, FL 33705, United States",4001 6th St S,St. Petersburg,FL,33705,4.8,90,Auto repair shop,,,https://www.google.com/maps/place/Eddie%27s+Auto+Repair+Inc/data=!4m7!3m6!1s0x88c2e1fc4cf7df17:0xe2dec4131c254bf8!8m2!3d27.7323507!4d-82.641191!16s%2Fg%2F1tf7sy03!19sChIJF9_3TPzhwogR-EslHBPE3uI?authuser=0&hl=en&rclk=1,auto repair shop,St. Petersburg,city,FL,2026-07-23T13:16:01,0x88c2e1fc4cf7df17:0xe2dec4131c254bf8
Firestone Complete Auto Care,(727) 565-1306,https://www.firestonecompleteautocare.com/florida/saint-petersburg/6291-9th-st-n/?utm_source=google&utm_medium=organic&utm_campaign=localmaps&cmp=oloc_google_localmaps_maps,,"6291 9th St N, St. Petersburg, FL 33702, United States",6291 9th St N,St. Petersburg,FL,33702,3.9,623,Tire shop,,,https://www.google.com/maps/place/Firestone+Complete+Auto+Care/data=!4m7!3m6!1s0x88c2e6a98c16bf6b:0xb1dd9687480b7a15!8m2!3d27.8291677!4d-82.6464578!16s%2Fg%2F1vwlpxrh!19sChIJa78WjKnmwogRFXoLSIeW3bE?authuser=0&hl=en&rclk=1,auto repair shop,St. Petersburg,city,FL,2026-07-23T13:16:01,0x88c2e6a98c16bf6b:0xb1dd9687480b7a15
J & B Auto Care Inc.,(727) 570-8800,,,"10580 Snug Harbor Rd NE, St. Petersburg, FL 33702, United States",10580 Snug Harbor Rd NE,St. Petersburg,FL,33702,5.0,10,Auto repair shop,,,https://www.google.com/maps/place/J+%26+B+Auto+Care+Inc./data=!4m7!3m6!1s0x88c2e7392b09472b:0xdb0f3657613a9d1c!8m2!3d27.8662639!4d-82.6178267!16s%2Fg%2F11t4dgmnnj!19sChIJK0cJKznnwogRHJ06YVc2D9s?authuser=0&hl=en&rclk=1,auto repair shop,St. Petersburg,city,FL,2026-07-15T15:32:02,0x88c2e7392b09472b:0xdb0f3657613a9d1c
Mahoney Auto Repair Inc.,(727) 527-7773,http://mahoneyautorepairinc.com/,,"4040 54th Ave N, St. Petersburg, FL 33714, United States",4040 54th Ave N,St. Petersburg,FL,33714,4.0,92,Auto repair shop,,,https://www.google.com/maps/place/Mahoney+Auto+Repair+Inc./data=!4m7!3m6!1s0x88c2e3810bfcad1f:0x1bc106fd5e305e84!8m2!3d27.8208249!4d-82.6888061!16s%2Fg%2F1tk63xmw!19sChIJH638C4HjwogRhF4wXv0GwRs?authuser=0&hl=en&rclk=1,auto repair shop,St. Petersburg,city,FL,2026-07-23T13:16:01,0x88c2e3810bfcad1f:0x1bc106fd5e305e84
Midas,(727) 202-2603,https://www.midas.com/store/fl/st-petersburg/290-34th-street-north-33713/?shopnum=3174&utm_source=google&utm_medium=organic&utm_campaign=gbp,,"290 34th St N, St. Petersburg, FL 33713, United States",290 34th St N,St. Petersburg,FL,33713,4.5,876,Auto repair shop,,,https://www.google.com/maps/place/Midas/data=!4m7!3m6!1s0x88c2e24d9a6ee93b:0x606cc069040e348b!8m2!3d27.7742993!4d-82.6798258!16s%2Fg%2F1tfp378k!19sChIJO-lumk3iwogRizQOBGnAbGA?authuser=0&hl=en&rclk=1,auto repair shop,St. Petersburg,city,FL,2026-07-23T13:16:01,0x88c2e24d9a6ee93b:0x606cc069040e348b
Midas,(727) 914-9872,https://www.midas.com/store/fl/st-petersburg/5844-4th-street-north-33703/?shopnum=3135&utm_source=google&utm_medium=organic&utm_campaign=gbp,,"5844 4th St N, St. Petersburg, FL 33703, United States",5844 4th St N,St. Petersburg,FL,33703,4.4,995,Auto repair shop,,,https://www.google.com/maps/place/Midas/data=!4m7!3m6!1s0x88c2e6ad0ce7db43:0xa9988f1cf8d94d6b!8m2!3d27.8248374!4d-82.6390262!16s%2Fg%2F1tc_xd0z!19sChIJQ9vnDK3mwogRa03Z-ByPmKk?authuser=0&hl=en&rclk=1,auto repair shop,St. Petersburg,city,FL,2026-07-23T13:16:01,0x88c2e6ad0ce7db43:0xa9988f1cf8d94d6b
"QUAN VANS AUTO REPAIR, Inc",(727) 827-1998,,,"3200 26th St N. Ste #: B & C On: Morris Street North. (26th ST N is in front of the building, St. Petersburg, FL 33713, United States",3200 26th St N. Ste #: B & C On: Morris Street North. (26th ST N is in front of the building,St. Petersburg,FL,33713,4.7,35,Auto repair shop,,,"https://www.google.com/maps/place/QUAN+VANS+AUTO+REPAIR,+Inc/data=!4m7!3m6!1s0x88c2e3eaae0b31eb:0x3b1ea35d14a07190!8m2!3d27.8013406!4d-82.6696517!16s%2Fg%2F1tkc7gjl!19sChIJ6zELrurjwogRkHGgFF2jHjs?authuser=0&hl=en&rclk=1",auto repair shop,St. Petersburg,city,FL,2026-07-23T13:16:01,0x88c2e3eaae0b31eb:0x3b1ea35d14a07190
Sunshine Automotive Inc.,(727) 823-7191,http://www.sunshineautomotiveinc.com/,,"315 16th St N, St. Petersburg, FL 33705, United States",315 16th St N,St. Petersburg,FL,33705,4.7,292,Auto body shop,,,https://www.google.com/maps/place/Sunshine+Automotive+Inc./data=!4m7!3m6!1s0x88c2e22cb0707649:0xd200f1a4058d4f1b!8m2!3d27.7752888!4d-82.6546976!16s%2Fg%2F1tfvzybl!19sChIJSXZwsCziwogRG0-NBaTxANI?authuser=0&hl=en&rclk=1,auto repair shop,St. Petersburg,city,FL,2026-07-23T13:16:01,0x88c2e22cb0707649:0xd200f1a4058d4f1b
Tommy’s auto service,,,,"22nd Ave N, St. Petersburg, FL 33713, United States",22nd Ave N,St. Petersburg,FL,33713,5.0,1,Auto repair shop,,,https://www.google.com/maps/place/Tommy%E2%80%99s+auto+service/data=!4m7!3m6!1s0x88c2e3005ae5a4c3:0x53723f21e00901c4!8m2!3d27.7918294!4d-82.6944699!16s%2Fg%2F11x1dkvbhr!19sChIJw6TlWgDjwogRxAEJ4CE_clM?authuser=0&hl=en&rclk=1,auto repair shop,St. Petersburg,city,FL,2026-07-15T15:32:02,0x88c2e3005ae5a4c3:0x53723f21e00901c4
"UNITED TRANSMISSIONS & AUTO REPAIRS ST PETE, INC.",(727) 896-3852,,,"1008 16th St S, St. Petersburg, FL 33705, United States",1008 16th St S,St. Petersburg,FL,33705,3.9,30,Auto repair shop,,,"https://www.google.com/maps/place/UNITED+TRANSMISSIONS+%26+AUTO+REPAIRS+ST+PETE,+INC./data=!4m7!3m6!1s0x88c2e224171fc091:0xe6e4fb29878fac84!8m2!3d27.7603408!4d-82.654482!16s%2Fg%2F1td_5zp_!19sChIJkcAfFyTiwogRhKyPhyn75OY?authuser=0&hl=en&rclk=1",auto repair shop,St. Petersburg,city,FL,2026-07-23T13:16:01,0x88c2e224171fc091:0xe6e4fb29878fac84
Miguel’s Automobile Repair,,,,"2601 FL-16, Starke, FL 32091, United States",2601 FL-16,Starke,FL,32091,5.0,1,Auto repair shop,,,https://www.google.com/maps/place/Miguel%E2%80%99s+Automobile+Repair/data=!4m7!3m6!1s0x88e5fd006b7e978d:0x4c8e09b04ff9540f!8m2!3d30.0194011!4d-82.1500895!16s%2Fg%2F11x630f94d!19sChIJjZd-awD95YgRD1T5T7AJjkw?authuser=0&hl=en&rclk=1,auto repair shop,Bradford County,county,FL,2026-07-23T03:35:25,0x88e5fd006b7e978d:0x4c8e09b04ff9540f
Miracle Automotive Towing Ctr Inc,(904) 368-1114,https://miracleautoandtowing.com/,,"620 N Thompson St, Starke, FL 32091, United States",620 N Thompson St,Starke,FL,32091,4.6,34,Towing service,,,https://www.google.com/maps/place/Miracle+Automotive+Towing+Ctr+Inc/data=!4m7!3m6!1s0x88e5fdc0bcaa411b:0x2a136924fdacffa6!8m2!3d29.950097!4d-82.1067275!16s%2Fg%2F11h5vz4lh_!19sChIJG0GqvMD95YgRpv-s_SRpEyo?authuser=0&hl=en&rclk=1,auto repair shop,Bradford County,county,FL,2026-07-23T03:35:25,0x88e5fdc0bcaa411b:0x2a136924fdacffa6
Montford Paint & Body Inc,(904) 964-9139,,,"12782 US-301, Starke, FL 32091, United States",12782 US-301,Starke,FL,32091,4.9,9,Auto body shop,,,https://www.google.com/maps/place/Montford+Paint+%26+Body+Inc/data=!4m7!3m6!1s0x88e5e4dc0cf19b8b:0x2c8d1c2a227d0461!8m2!3d29.8969175!4d-82.1384079!16s%2Fg%2F1td1ktdn!19sChIJi5vxDNzk5YgRYQR9IiocjSw?authuser=0&hl=en&rclk=1,auto repair shop,Bradford County,county,FL,2026-07-23T03:35:25,0x88e5e4dc0cf19b8b:0x2c8d1c2a227d0461
"Murray Ford of Starke, Inc. Service",(904) 796-6060,https://www.murrayfordstarke.com/,,"13447 US-301, Starke, FL 32091, United States",13447 US-301,Starke,FL,32091,4.5,11,Auto repair shop,,,"https://www.google.com/maps/place/Murray+Ford+of+Starke,+Inc.+Service/data=!4m7!3m6!1s0x88e6013dd0ec5591:0xfcff777caf2d76d6!8m2!3d29.9059965!4d-82.1345572!16s%2Fg%2F11fyzfjb9w!19sChIJkVXs0D0B5ogR1nYtr3x3__w?authuser=0&hl=en&rclk=1",auto repair shop,Bradford County,county,FL,2026-07-23T03:35:25,0x88e6013dd0ec5591:0xfcff777caf2d76d6
Walmart Auto Care Center,(904) 964-6833,https://www.walmart.com/store/1283-starke-fl/auto-care-center/?veh=seo_loc,,"14500 US-301, Starke, FL 32091, United States",14500 US-301,Starke,FL,32091,3.4,156,Oil change service,,,https://www.google.com/maps/place/Walmart+Auto+Care+Center/data=!4m7!3m6!1s0x88e600ab760970bd:0x346859365d1d604c!8m2!3d29.922261!4d-82.1295625!16s%2Fg%2F11xlz9mwl!19sChIJvXAJdqsA5ogRTGAdXTZZaDQ?authuser=0&hl=en&rclk=1,auto repair shop,Bradford County,county,FL,2026-07-23T03:35:25,0x88e600ab760970bd:0x346859365d1d604c
AAMCO Transmissions & Total Car Care,(772) 362-2044,http://www.aamcostuartfl.com/?utm_source=G&utm_medium=local&utm_campaign=google-local,,"2973 SE Federal Hwy, Stuart, FL 34994, United States",2973 SE Federal Hwy,Stuart,FL,34994,4.7,146,Transmission shop,,,https://www.google.com/maps/place/AAMCO+Transmissions+%26+Total+Car+Care/data=!4m7!3m6!1s0x88dedda96cd355dd:0x94b672a4919481ba!8m2!3d27.168599!4d-80.228103!16s%2Fg%2F1tdym0b0!19sChIJ3VXTbKnd3ogRuoGUkaRytpQ?authuser=0&hl=en&rclk=1,auto repair shop,Martin County,county,FL,2026-07-23T09:22:50,0x88dedda96cd355dd:0x94b672a4919481ba
Auto Expressions Inc,(772) 220-5997,,,"735 SE Monterey Rd, Stuart, FL 34994, United States",735 SE Monterey Rd,Stuart,FL,34994,4.5,38,Auto repair shop,,,https://www.google.com/maps/place/Auto+Expressions+Inc/data=!4m7!3m6!1s0x88dedd0fda24f027:0x5b66a0bc0d3e127f!8m2!3d27.1759612!4d-80.2428873!16s%2Fg%2F1tf6sl__!19sChIJJ_Ak2g_d3ogRfxI-DbygZls?authuser=0&hl=en&rclk=1,auto repair shop,Martin County,county,FL,2026-07-23T09:22:50,0x88dedd0fda24f027:0x5b66a0bc0d3e127f
Econo Tire and Auto Inc,(772) 286-4491,,,"2385 SE Velasquez Ave, Stuart, FL 34994, United States",2385 SE Velasquez Ave,Stuart,FL,34994,4.6,266,Tire shop,,,https://www.google.com/maps/place/Econo+Tire+and+Auto+Inc/data=!4m7!3m6!1s0x88dedd172d42789d:0x27aab22f2b7bc5c0!8m2!3d27.1761388!4d-80.2487183!16s%2Fg%2F1vb9dwjc!19sChIJnXhCLRfd3ogRwMV7Ky-yqic?authuser=0&hl=en&rclk=1,auto repair shop,Martin County,county,FL,2026-07-23T09:22:50,0x88dedd172d42789d:0x27aab22f2b7bc5c0
Firestone Complete Auto Care,(772) 266-0765,https://www.firestonecompleteautocare.com/florida/stuart/3060-se-federal-hwy/?utm_source=google&utm_medium=organic&utm_campaign=localmaps&cmp=oloc_google_localmaps_maps,,"3060 SE Federal Hwy, Stuart, FL 34994, United States",3060 SE Federal Hwy,Stuart,FL,34994,3.9,523,Tire shop,,,https://www.google.com/maps/place/Firestone+Complete+Auto+Care/data=!4m7!3m6!1s0x88dedda97ad61b79:0xb3ab7f1a00b93a48!8m2!3d27.1673393!4d-80.2286894!16s%2Fg%2F1tdch5bk!19sChIJeRvWeqnd3ogRSDq5ABp_q7M?authuser=0&hl=en&rclk=1,auto repair shop,Martin County,county,FL,2026-07-23T09:22:50,0x88dedda97ad61b79:0xb3ab7f1a00b93a48
Goodyear Auto Service,(772) 286-8550,https://www.goodyear.com/en-us/goodyearautoservice,,"1955 SE Federal Hwy, Stuart, FL 34994, United States",1955 SE Federal Hwy,Stuart,FL,34994,4.2,188,Tire shop,,,https://www.google.com/maps/place/Goodyear+Auto+Service/data=!4m7!3m6!1s0x88dedd0c13d862e1:0xaa3582e7ce1973ed!8m2!3d27.1803476!4d-80.2384642!16s%2Fg%2F1tdd1hlc!19sChIJ4WLYEwzd3ogR7XMZzueCNao?authuser=0&hl=en&rclk=1,auto repair shop,Martin County,county,FL,2026-07-23T09:22:50,0x88dedd0c13d862e1:0xaa3582e7ce1973ed
K AutoWorks inc,(772) 775-2161,,,"446 SE Monterey Rd, Stuart, FL 34994, United States",446 SE Monterey Rd,Stuart,FL,34994,4.5,8,Auto repair shop,,,https://www.google.com/maps/place/K+AutoWorks+inc/data=!4m7!3m6!1s0x88dedde16888d433:0xd1347aff444ace36!8m2!3d27.1749884!4d-80.2467215!16s%2Fg%2F11ypzq0g5z!19sChIJM9SIaOHd3ogRNs5KRP96NNE?authuser=0&hl=en&rclk=1,auto repair shop,Martin County,county,FL,2026-07-23T09:22:50,0x88dedde16888d433:0xd1347aff444ace36
Hilton Automotive Inc,(352) 347-3565,,,"16420 US-441, Summerfield, FL 34491, United States",16420 US-441,Summerfield,FL,34491,4.4,136,Auto repair shop,,,https://www.google.com/maps/place/Hilton+Automotive+Inc/data=!4m7!3m6!1s0x88e7c58524b825eb:0x62ca1409cfb39480!8m2!3d28.9828017!4d-81.9889421!16s%2Fg%2F1tdblty7!19sChIJ6yW4JIXF54gRgJSzzwkUymI?authuser=0&hl=en&rclk=1,auto repair shop,Sumter County,county,FL,2026-07-15T14:34:28,0x88e7c58524b825eb:0x62ca1409cfb39480
Moxie Auto solutions,,,,"2840 CR 523 unit C06, Sumterville, FL 33585, United States",2840 CR 523 unit C06,Sumterville,FL,33585,5.0,5,Auto repair shop,,,https://www.google.com/maps/place/Moxie+Auto+solutions/data=!4m7!3m6!1s0x88e7e7007b60294f:0xf73ac19e730353c5!8m2!3d28.7974347!4d-82.0544745!16s%2Fg%2F11yjrylsk0!19sChIJTylgewDn54gRxVMDc57BOvc?authuser=0&hl=en&rclk=1,auto repair shop,Sumter County,county,FL,2026-07-23T11:38:04,0x88e7e7007b60294f:0xf73ac19e730353c5
AAMCO Transmissions & Total Car Care,(850) 296-1450,http://aamcotallahassee.com/?utm_source=G&utm_medium=local&utm_campaign=google-local,,"2516 W Tennessee St, Tallahassee, FL 32304, United States",2516 W Tennessee St,Tallahassee,FL,32304,4.5,211,Transmission shop,,,https://www.google.com/maps/place/AAMCO+Transmissions+%26+Total+Car+Care/data=!4m7!3m6!1s0x88ecf4f5bfaa458b:0x6693c3b49170d557!8m2!3d30.4492988!4d-84.3294906!16s%2Fg%2F11fx8gj07n!19sChIJi0Wqv_X07IgRV9VwkbTDk2Y?authuser=0&hl=en&rclk=1,auto repair shop,Leon County,county,FL,2026-07-23T07:15:54,0x88ecf4f5bfaa458b:0x6693c3b49170d557
"Bass Auto Repair, Inc.",(850) 765-4595,,,"1836 Capital Cir NE, Tallahassee, FL 32308, United States",1836 Capital Cir NE,Tallahassee,FL,32308,4.7,91,Auto repair shop,,,"https://www.google.com/maps/place/Bass+Auto+Repair,+Inc./data=!4m7!3m6!1s0x88ec5f1f0d6087b9:0xc80fd396ccf79be1!8m2!3d30.4681909!4d-84.2310435!16s%2Fg%2F1hc94dv1f!19sChIJuYdgDR9f7IgR4Zv3zJbTD8g?authuser=0&hl=en&rclk=1",auto repair shop,Taylor County,county,FL,2026-07-23T12:18:01,0x88ec5f1f0d6087b9:0xc80fd396ccf79be1
Campbell's Automotive Repair Inc. & Riders Choice motorcycle Audio,(850) 575-3330,http://campbellsautomotiverepair.com/,,"4708 Capital Cir NW, Tallahassee, FL 32303, United States",4708 Capital Cir NW,Tallahassee,FL,32303,4.4,25,Auto repair shop,,,https://www.google.com/maps/place/Campbell%27s+Automotive+Repair+Inc.+%26+Riders+Choice+motorcycle+Audio/data=!4m7!3m6!1s0x88ecf3a16b2b7019:0x2cb11421fc92312a!8m2!3d30.5176017!4d-84.3671894!16s%2Fg%2F1vlzc5x3!19sChIJGXAra6Hz7IgRKjGS_CEUsSw?authuser=0&hl=en&rclk=1,auto repair shop,Taylor County,county,FL,2026-07-23T12:18:01,0x88ecf3a16b2b7019:0x2cb11421fc92312a
"Clay's Automotive Service, Inc",(850) 357-8258,,,"2877 W Tharpe St Ste k, Tallahassee, FL 32303, United States",2877 W Tharpe St Ste k,Tallahassee,FL,32303,4.5,32,Auto repair shop,,,"https://www.google.com/maps/place/Clay%27s+Automotive+Service,+Inc/data=!4m7!3m6!1s0x88ecf470f28d3745:0x8463c9b2c17eddc9!8m2!3d30.4648321!4d-84.3469725!16s%2Fg%2F1td9wyz8!19sChIJRTeN8nD07IgRyd1-wbLJY4Q?authuser=0&hl=en&rclk=1",auto repair shop,Leon County,county,FL,2026-07-23T07:15:54,0x88ecf470f28d3745:0x8463c9b2c17eddc9
Discount Tire And Auto Repair LLC,(850) 544-7234,https://discounttiresandautorepair.com/,,"114 Ridge Rd, Tallahassee, FL 32305, United States",114 Ridge Rd,Tallahassee,FL,32305,4.4,144,Tire service,,,https://www.google.com/maps/place/Discount+Tire+And+Auto+Repair+LLC/data=!4m7!3m6!1s0x88ecf53cbeba0c6f:0x8cbe2f4dca54a803!8m2!3d30.3978927!4d-84.2832487!16s%2Fg%2F11gf6243fc!19sChIJbwy6vjz17IgRA6hUyk0vvow?authuser=0&hl=en&rclk=1,auto repair shop,Leon County,county,FL,2026-07-23T07:15:54,0x88ecf53cbeba0c6f:0x8cbe2f4dca54a803
Firestone Complete Auto Care,(850) 749-6997,https://www.firestonecompleteautocare.com/florida/tallahassee/2211-apalachee-pkwy/,,"2220 Capital Cir NE, Tallahassee, FL 32308, United States",2220 Capital Cir NE,Tallahassee,FL,32308,4.9,461,Tire shop,,,https://www.google.com/maps/place/Firestone+Complete+Auto+Care/data=!4m7!3m6!1s0x88ec5f7421686373:0xfd8486e433b0e9c9!8m2!3d30.480857!4d-84.237467!16s%2Fg%2F11wfhqx70v!19sChIJc2NoIXRf7IgRyemwM-SGhP0?authuser=0&hl=en&rclk=1,auto repair shop,Tallahassee,city,FL,2026-07-23T13:31:06,0x88ec5f7421686373:0xfd8486e433b0e9c9
Firestone Complete Auto Care,(850) 273-5254,https://www.firestonecompleteautocare.com/florida/tallahassee/501-n-monroe-st/?utm_source=google&utm_medium=organic&utm_campaign=localmaps&cmp=oloc_google_localmaps_maps,,"501 N Monroe St, Tallahassee, FL 32301, United States",501 N Monroe St,Tallahassee,FL,32301,4.3,816,Tire shop,,,https://www.google.com/maps/place/Firestone+Complete+Auto+Care/data=!4m7!3m6!1s0x88ecf57789b0a81f:0xe053383276884aaf!8m2!3d30.4472092!4d-84.2801777!16s%2Fg%2F1thr7_jp!19sChIJH6iwiXf17IgRr0qIdjI4U-A?authuser=0&hl=en&rclk=1,auto repair shop,Leon County,county,FL,2026-07-23T07:15:54,0x88ecf57789b0a81f:0xe053383276884aaf
Firestone Complete Auto Care,(850) 792-1319,https://www.firestonecompleteautocare.com/florida/tallahassee/2211-apalachee-pkwy/?utm_source=google&utm_medium=organic&utm_campaign=localmaps&cmp=oloc_google_localmaps_maps,,"2211 Apalachee Pkwy, Tallahassee, FL 32301, United States",2211 Apalachee Pkwy,Tallahassee,FL,32301,4.3,646,Tire shop,,,https://www.google.com/maps/place/Firestone+Complete+Auto+Care/data=!4m7!3m6!1s0x88ec5fbeaa8c8805:0x78b54b40b8e31798!8m2!3d30.4296634!4d-84.2441374!16s%2Fg%2F1tddylsr!19sChIJBYiMqr5f7IgRmBfjuEBLtXg?authuser=0&hl=en&rclk=1,auto repair shop,Taylor County,county,FL,2026-07-23T12:18:01,0x88ec5fbeaa8c8805:0x78b54b40b8e31798
McKenzies Automotive Services Inc.,(850) 224-1722,https://www.tallahasseeautorepairfl.com/,,"244 E Jennings St, Tallahassee, FL 32301, United States",244 E Jennings St,Tallahassee,FL,32301,4.8,107,Auto repair shop,,,https://www.google.com/maps/place/McKenzies+Automotive+Services+Inc./data=!4m7!3m6!1s0x88ecf5664ac2db8d:0x72f2995bfb206650!8m2!3d30.4287998!4d-84.2791299!16s%2Fg%2F1td6nh3m!19sChIJjdvCSmb17IgRUGYg-1uZ8nI?authuser=0&hl=en&rclk=1,auto repair shop,Gadsden County,county,FL,2026-07-23T05:33:42,0x88ecf5664ac2db8d:0x72f2995bfb206650
"Mighty Muffler, Inc.",(850) 224-6833,,,"1620 S Monroe St, Tallahassee, FL 32301, United States",1620 S Monroe St,Tallahassee,FL,32301,4.7,222,Auto repair shop,,,"https://www.google.com/maps/place/Mighty+Muffler,+Inc./data=!4m7!3m6!1s0x88ecf5680251e811:0x9414539ae7dc6ae8!8m2!3d30.4261382!4d-84.2809176!16s%2Fg%2F1tlc8x7g!19sChIJEehRAmj17IgR6Grc55pTFJQ?authuser=0&hl=en&rclk=1",auto repair shop,Leon County,county,FL,2026-07-23T07:15:54,0x88ecf5680251e811:0x9414539ae7dc6ae8
My Mobile Mechanic of Tallahassee,,,,"2651 Olson Rd, Tallahassee, FL 32308, United States",2651 Olson Rd,Tallahassee,FL,32308,5.0,2,Auto repair shop,,,https://www.google.com/maps/place/My+Mobile+Mechanic+of+Tallahassee/data=!4m7!3m6!1s0x88ec5fdb51b6195f:0x1c540a02be796e6!8m2!3d30.4874435!4d-84.2297117!16s%2Fg%2F11stvlpy03!19sChIJXxm2Udtf7IgR5pbnK6BAxQE?authuser=0&hl=en&rclk=1,auto repair shop,Leon County,county,FL,2026-07-23T07:15:54,0x88ec5fdb51b6195f:0x1c540a02be796e6
Pep Boys Auto Service & Tires,(850) 296-0581,https://www.pepboys.com/stores/fl/tallahassee/2525-north-monroe-st?Cid=gbp_appt_AN:PB%7CPB:G%7CTT:GBP%7CCG:CONVERSION%7CCD:SERVICE,,"2525 N Monroe St, Tallahassee, FL 32303, United States",2525 N Monroe St,Tallahassee,FL,32303,4.6,597,Tire shop,,,https://www.google.com/maps/place/Pep+Boys+Auto+Service+%26+Tires/data=!4m7!3m6!1s0x88ecf5c12054d521:0x281d9e050a741584!8m2!3d30.47556!4d-84.295162!16s%2Fg%2F1tfln840!19sChIJIdVUIMH17IgRhBV0CgWeHSg?authuser=0&hl=en&rclk=1,auto repair shop,Leon County,county,FL,2026-07-23T07:15:54,0x88ecf5c12054d521:0x281d9e050a741584
Pep Boys Auto Service & Tires,(850) 273-5990,https://www.pepboys.com/stores/fl/tallahassee/1425-west-tennessee-st?Cid=gbp_appt_AN:PB%7CPB:G%7CTT:GBP%7CCG:CONVERSION%7CCD:SERVICE,,"1425 W Tennessee St, Tallahassee, FL 32304, United States",1425 W Tennessee St,Tallahassee,FL,32304,4.5,1230,Tire shop,,,https://www.google.com/maps/place/Pep+Boys+Auto+Service+%26+Tires/data=!4m7!3m6!1s0x88ecf507462e5045:0xe49944afc6ab8ff!8m2!3d30.448682!4d-84.30616!16s%2Fg%2F1vljh4z8!19sChIJRVAuRgf17IgR_7hq_EqUSQ4?authuser=0&hl=en&rclk=1,auto repair shop,Leon County,county,FL,2026-07-23T07:15:54,0x88ecf507462e5045:0xe49944afc6ab8ff
Pep Boys Auto Service & Tires,(850) 296-1928,https://www.pepboys.com/stores/fl/tallahassee/2353-apalachee-parkway?Cid=gbp_appt_AN:PB%7CPB:G%7CTT:GBP%7CCG:CONVERSION%7CCD:SERVICE,,"2353 Apalachee Pkwy, Tallahassee, FL 32301, United States",2353 Apalachee Pkwy,Tallahassee,FL,32301,4.5,1182,Tire shop,,,https://www.google.com/maps/place/Pep+Boys+Auto+Service+%26+Tires/data=!4m7!3m6!1s0x88ec5fb9a4517e8d:0xfdf58afc3ab715eb!8m2!3d30.427808!4d-84.240573!16s%2Fg%2F1tvtc51z!19sChIJjX5RpLlf7IgR6xW3OvyK9f0?authuser=0&hl=en&rclk=1,auto repair shop,Taylor County,county,FL,2026-07-23T12:18:01,0x88ec5fb9a4517e8d:0xfdf58afc3ab715eb
Pep Boys Auto Service & Tires,(850) 296-0413,https://www.pepboys.com/stores/fl/tallahassee/2984-apalachee-pkwy?Cid=gbp_appt_AN:PB%7CPB:G%7CTT:GBP%7CCG:CONVERSION%7CCD:SERVICE,,"2984 Apalachee Pkwy, Tallahassee, FL 32301, United States",2984 Apalachee Pkwy,Tallahassee,FL,32301,4.5,497,Tire shop,,,https://www.google.com/maps/place/Pep+Boys+Auto+Service+%26+Tires/data=!4m7!3m6!1s0x88ec5fb4c4632e2b:0x670ed40c0f776dc7!8m2!3d30.4277748!4d-84.2286543!16s%2Fg%2F1tff3w8z!19sChIJKy5jxLRf7IgRx213DwzUDmc?authuser=0&hl=en&rclk=1,auto repair shop,Taylor County,county,FL,2026-07-23T12:18:01,0x88ec5fb4c4632e2b:0x670ed40c0f776dc7
Pep Boys Auto Service & Tires,(850) 296-0377,https://www.pepboys.com/stores/fl/tallahassee/2237-capital-circle-ne?Cid=gbp_appt_AN:PB%7CPB:G%7CTT:GBP%7CCG:CONVERSION%7CCD:SERVICE,,"2237 Capital Cir NE, Tallahassee, FL 32308, United States",2237 Capital Cir NE,Tallahassee,FL,32308,4.6,489,Tire shop,,,https://www.google.com/maps/place/Pep+Boys+Auto+Service+%26+Tires/data=!4m7!3m6!1s0x88ec5f256f08d907:0xaadb1c58c4f8f2e4!8m2!3d30.480652!4d-84.236329!16s%2Fg%2F1v62jh62!19sChIJB9kIbyVf7IgR5PL4xFgc26o?authuser=0&hl=en&rclk=1,auto repair shop,Taylor County,county,FL,2026-07-23T12:18:01,0x88ec5f256f08d907:0xaadb1c58c4f8f2e4
"Porter's Automotive, Inc.",(850) 224-2886,http://portersautomotivefl.net/,,"415 Capital Cir SW, Tallahassee, FL 32304, United States",415 Capital Cir SW,Tallahassee,FL,32304,4.3,50,Auto repair shop,,,"https://www.google.com/maps/place/Porter%27s+Automotive,+Inc./data=!4m7!3m6!1s0x88ecf39cebd000d5:0x568858ab2f6c2777!8m2!3d30.4518586!4d-84.3589635!16s%2Fg%2F1tfv5z52!19sChIJ1QDQ65zz7IgRdydsL6tYiFY?authuser=0&hl=en&rclk=1",auto repair shop,Tallahassee,city,FL,2026-07-23T12:52:02,0x88ecf39cebd000d5:0x568858ab2f6c2777
"Stadium Auto Repair, Inc.",(850) 575-1991,https://johnsandsonautorepair.com/,,"1332 N Lake Bradford Rd, Tallahassee, FL 32304, United States",1332 N Lake Bradford Rd,Tallahassee,FL,32304,4.6,176,Auto repair shop,,,"https://www.google.com/maps/place/Stadium+Auto+Repair,+Inc./data=!4m7!3m6!1s0x88ecf519c15437cb:0x61ece5d63ca53fe3!8m2!3d30.4308483!4d-84.302616!16s%2Fg%2F1tg5cyk4!19sChIJyzdUwRn17IgR4z-lPNbl7GE?authuser=0&hl=en&rclk=1",auto repair shop,Wakulla County,county,FL,2026-07-23T12:35:11,0x88ecf519c15437cb:0x61ece5d63ca53fe3
Take 5 Oil Change,(850) 273-6109,https://www.take5.com/locations/oil-change/florida/tallahassee/30458/?utm_source=google&utm_medium=organic&utm_campaign=gbp_website,,"2317 Apalachee Pkwy, Tallahassee, FL 32301, United States",2317 Apalachee Pkwy,Tallahassee,FL,32301,4.6,784,Oil change service,,,https://www.google.com/maps/place/Take+5+Oil+Change/data=!4m7!3m6!1s0x88ec5f11f96ca307:0xd0ae4c6da4b6ccdb!8m2!3d30.4292692!4d-84.2429236!16s%2Fg%2F11fmq0hzzq!19sChIJB6Ns-RFf7IgR28y2pG1MrtA?authuser=0&hl=en&rclk=1,auto repair shop,Tallahassee,city,FL,2026-07-15T15:45:50,0x88ec5f11f96ca307:0xd0ae4c6da4b6ccdb
Tallahassee Auto Inc,(850) 562-2886,https://www.facebook.com/profile.php?id=61561385253566,,"1840 S Monroe St, Tallahassee, FL 32301, United States",1840 S Monroe St,Tallahassee,FL,32301,3.7,31,Auto repair shop,,,https://www.google.com/maps/place/Tallahassee+Auto+Inc/data=!4m7!3m6!1s0x88ecf542c925ca8d:0xd8425edd037f071b!8m2!3d30.4242148!4d-84.2810398!16s%2Fg%2F11c3k505cm!19sChIJjcolyUL17IgRGwd_A91eQtg?authuser=0&hl=en&rclk=1,auto repair shop,Leon County,county,FL,2026-07-23T07:15:54,0x88ecf542c925ca8d:0xd8425edd037f071b
Thompson Auto Repair & Services Incorporated,(850) 386-5026,,,"2966 Olson Rd, Tallahassee, FL 32308, United States",2966 Olson Rd,Tallahassee,FL,32308,4.7,31,Auto repair shop,,,https://www.google.com/maps/place/Thompson+Auto+Repair+%26+Services+Incorporated/data=!4m7!3m6!1s0x88ec58d652c9c177:0x92d3a5b95da604ca!8m2!3d30.4938112!4d-84.2305889!16s%2Fg%2F1vyk3b5w!19sChIJd8HJUtZY7IgRygSmXbml05I?authuser=0&hl=en&rclk=1,auto repair shop,Taylor County,county,FL,2026-07-23T12:18:01,0x88ec58d652c9c177:0x92d3a5b95da604ca
Vol-Car Inc,(850) 942-4980,http://www.volcartally.com/,,"1883 Capital Cir NE #2, Tallahassee, FL 32308, United States",1883 Capital Cir NE #2,Tallahassee,FL,32308,4.7,66,Auto repair shop,,,https://www.google.com/maps/place/Vol-Car+Inc/data=!4m7!3m6!1s0x88ec5f21b63d82bf:0x3a08179f82941327!8m2!3d30.4710673!4d-84.2309252!16s%2Fg%2F1wnbyvdp!19sChIJv4I9tiFf7IgRJxOUgp8XCDo?authuser=0&hl=en&rclk=1,auto repair shop,Taylor County,county,FL,2026-07-23T12:18:01,0x88ec5f21b63d82bf:0x3a08179f82941327
"Advanced Auto Repair, Inc.",(813) 875-5912,,,"5020 N Grady Ave, Tampa, FL 33614, United States",5020 N Grady Ave,Tampa,FL,33614,4.9,65,Auto repair shop,,,"https://www.google.com/maps/place/Advanced+Auto+Repair,+Inc./data=!4m7!3m6!1s0x88c2c3d0f68b0aa9:0x5f86d63cc677fdf4!8m2!3d27.9932708!4d-82.5095901!16s%2Fg%2F1td6nfr4!19sChIJqQqL9tDDwogR9P13xjzWhl8?authuser=0&hl=en&rclk=1",auto repair shop,Tampa,city,FL,2026-07-23T13:01:25,0x88c2c3d0f68b0aa9:0x5f86d63cc677fdf4
Butch's Automotive Repair Inc,(656) 234-3529,https://www.instagram.com/butchs1231/,,"9743 W Hillsborough Ave # B, Tampa, FL 33615, United States",9743 W Hillsborough Ave # B,Tampa,FL,33615,4.6,74,Auto repair shop,,,https://www.google.com/maps/place/Butch%27s+Automotive+Repair+Inc/data=!4m7!3m6!1s0x88c2e9862390b019:0x6389b8b07b7292e1!8m2!3d28.0023145!4d-82.594616!16s%2Fg%2F1tdc5_yz!19sChIJGbCQI4bpwogR4ZJye7C4iWM?authuser=0&hl=en&rclk=1,auto repair shop,Hillsborough County,county,FL,2026-07-15T11:04:13,0x88c2e9862390b019:0x6389b8b07b7292e1
Jose's Auto Center Inc,(813) 969-3778,,,"14733 N Florida Ave, Tampa, FL 33613, United States",14733 N Florida Ave,Tampa,FL,33613,4.7,108,Auto repair shop,,,https://www.google.com/maps/place/Jose%27s+Auto+Center+Inc/data=!4m7!3m6!1s0x88c2c75b600c229f:0x102bcef98950c9ec!8m2!3d28.0820679!4d-82.4591725!16s%2Fg%2F1tdxr7hj!19sChIJnyIMYFvHwogR7MlQifnOKxA?authuser=0&hl=en&rclk=1,auto repair shop,Tampa,city,FL,2026-07-23T12:31:32,0x88c2c75b600c229f:0x102bcef98950c9ec
"K's Euro Auto Repair, Inc.",(813) 885-4404,,,"3926 W Crest Ave, Tampa, FL 33614, United States",3926 W Crest Ave,Tampa,FL,33614,4.7,109,Auto repair shop,,,"https://www.google.com/maps/place/K%27s+Euro+Auto+Repair,+Inc./data=!4m7!3m6!1s0x88c2c3d84a1893a5:0xa2fd6157fbdaaffd!8m2!3d27.9935956!4d-82.5091627!16s%2Fg%2F1tmy5vct!19sChIJpZMYStjDwogR_a_a-1dh_aI?authuser=0&hl=en&rclk=1",auto repair shop,Tampa,city,FL,2026-07-23T12:31:32,0x88c2c3d84a1893a5:0xa2fd6157fbdaaffd
M & S AUTO REPAIR INC,(813) 930-7008,,,"901 E Lotus Ave, Tampa, FL 33612, United States",901 E Lotus Ave,Tampa,FL,33612,4.7,53,Auto repair shop,,,https://www.google.com/maps/place/M+%26+S+AUTO+REPAIR+INC/data=!4m7!3m6!1s0x88c2c6e6ded61cd9:0xdb536442ae26ec04!8m2!3d28.038247!4d-82.450733!16s%2Fg%2F1tmqg_bk!19sChIJ2RzW3ubGwogRBOwmrkJkU9s?authuser=0&hl=en&rclk=1,auto repair shop,Tampa,city,FL,2026-07-23T12:31:32,0x88c2c6e6ded61cd9:0xdb536442ae26ec04
Meineke - Benny's Auto,(813) 960-5066,https://www.meineke.com/locations/fl/tampa-3057/,,"14401 N Florida Ave, Tampa, FL 33613, United States",14401 N Florida Ave,Tampa,FL,33613,4.8,151,Auto repair shop,,,https://www.google.com/maps/place/Meineke+-+Benny%27s+Auto/data=!4m7!3m6!1s0x88c2c744822b8685:0xe00dd375cba7c2b!8m2!3d28.0780477!4d-82.4591984!16s%2Fg%2F1tsjff7q!19sChIJhYYrgkTHwogRK3y6XDfdAA4?authuser=0&hl=en&rclk=1,auto repair shop,Hillsborough County,county,FL,2026-07-15T11:04:13,0x88c2c744822b8685:0xe00dd375cba7c2b
One Stop Automotive Repair,,,,"3602 N Florida Ave, Tampa, FL 33603, United States",3602 N Florida Ave,Tampa,FL,33603,4.6,75,Auto repair shop,,,https://www.google.com/maps/place/One+Stop+Automotive+Repair/data=!4m7!3m6!1s0x88c2c41367f6afb3:0x41aa116a1a44d16f!8m2!3d27.9773246!4d-82.4596783!16s%2Fg%2F1tnblx_w!19sChIJs6_2ZxPEwogRb9FEGmoRqkE?authuser=0&hl=en&rclk=1,auto repair shop,Hillsborough County,county,FL,2026-07-23T06:27:59,0x88c2c41367f6afb3:0x41aa116a1a44d16f
Richie's Auto Repair Inc,(813) 662-7951,http://www.richiesonline.com/,,"10134 Fisher Ave # B3, Tampa, FL 33619, United States",10134 Fisher Ave # B3,Tampa,FL,33619,4.6,108,Auto repair shop,,,https://www.google.com/maps/place/Richie%27s+Auto+Repair+Inc/data=!4m7!3m6!1s0x88c2ceef8a299dd3:0xc27d368f97c64c3a!8m2!3d27.959058!4d-82.334193!16s%2Fg%2F1td0ntfs!19sChIJ050piu_OwogROkzGl482fcI?authuser=0&hl=en&rclk=1,auto repair shop,Hillsborough County,county,FL,2026-07-23T06:27:59,0x88c2ceef8a299dd3:0xc27d368f97c64c3a
Ricky Auto Repair corp,(813) 445-9377,https://rickyautorepaircorp.com/,,"4101 W South Ave, Tampa, FL 33614, United States",4101 W South Ave,Tampa,FL,33614,4.8,55,Auto repair shop,,,https://www.google.com/maps/place/Ricky+Auto+Repair+corp/data=!4m7!3m6!1s0x88c2c3d1ed6be711:0x41e10fda7654d809!8m2!3d27.9917573!4d-82.5124245!16s%2Fg%2F1vyxk5v0!19sChIJEedr7dHDwogRCdhUdtoP4UE?authuser=0&hl=en&rclk=1,auto repair shop,Hillsborough County,county,FL,2026-07-23T06:27:59,0x88c2c3d1ed6be711:0x41e10fda7654d809
Speedy Lube & Auto Care Inc,(813) 666-8718,https://tampaautoshop.com/,,"5601 N 40th St, Tampa, FL 33610, United States",5601 N 40th St,Tampa,FL,33610,4.2,313,Auto repair shop,,,https://www.google.com/maps/place/Speedy+Lube+%26+Auto+Care+Inc/data=!4m7!3m6!1s0x88c2c675bd5de013:0x1fef8bfd5057efb8!8m2!3d27.9979705!4d-82.4137039!16s%2Fg%2F1tq8kb99!19sChIJE-BdvXXGwogRuO9XUP2L7x8?authuser=0&hl=en&rclk=1,auto repair shop,Hillsborough County,county,FL,2026-07-23T06:27:59,0x88c2c675bd5de013:0x1fef8bfd5057efb8
Tam's Quality Auto Repair Inc,(813) 237-6734,http://tams-quality-auto.jany.io/,,"3622 E Hillsborough Ave, Tampa, FL 33610, United States",3622 E Hillsborough Ave,Tampa,FL,33610,4.7,49,Auto repair shop,,,https://www.google.com/maps/place/Tam%27s+Quality+Auto+Repair+Inc/data=!4m7!3m6!1s0x88c2c5d87c50fb9f:0x6d57047ec0f635ba!8m2!3d27.9963555!4d-82.4185856!16s%2Fg%2F1v5k3td8!19sChIJn_tQfNjFwogRujX2wH4EV20?authuser=0&hl=en&rclk=1,auto repair shop,Hillsborough County,county,FL,2026-07-23T06:27:59,0x88c2c5d87c50fb9f:0x6d57047ec0f635ba
"Unique Automotive Repair, Inc.",(813) 401-5352,,,"1717 E Busch Blvd Ste 909, Tampa, FL 33612, United States",1717 E Busch Blvd Ste 909,Tampa,FL,33612,5.0,164,Auto repair shop,,,"https://www.google.com/maps/place/Unique+Automotive+Repair,+Inc./data=!4m7!3m6!1s0x88c2c6f09004dce3:0x213ee1cac6f017d0!8m2!3d28.0296288!4d-82.4396078!16s%2Fg%2F11dym99lq6!19sChIJ49wEkPDGwogR0BfwxsrhPiE?authuser=0&hl=en&rclk=1",auto repair shop,Hillsborough County,county,FL,2026-07-23T06:27:59,0x88c2c6f09004dce3:0x213ee1cac6f017d0
WorldWide Auto Systems Corp.,(813) 237-2577,https://go.thryv.com/site/WorldWideAutoSystemsCorp,,"701 W Hillsborough Ave, Tampa, FL 33603, United States",701 W Hillsborough Ave,Tampa,FL,33603,4.7,401,Car repair and maintenance service,,,https://www.google.com/maps/place/WorldWide+Auto+Systems+Corp./data=!4m7!3m6!1s0x88c2c403d12e9e59:0xbf6c1eb3eb8fe988!8m2!3d27.9963623!4d-82.4694055!16s%2Fg%2F1vg4klh0!19sChIJWZ4u0QPEwogRiOmP67MebL8?authuser=0&hl=en&rclk=1,auto repair shop,Hillsborough County,county,FL,2026-07-23T06:27:59,0x88c2c403d12e9e59:0xbf6c1eb3eb8fe988
Mike's Auto Body Inc,(305) 852-0535,,,"91795 Overseas Hwy, Tavernier, FL 33070, United States",91795 Overseas Hwy,Tavernier,FL,33070,4.9,34,Auto body shop,,,https://www.google.com/maps/place/Mike%27s+Auto+Body+Inc/data=!4m7!3m6!1s0x88d740ebbfb8e4e5:0x70f60f1360025e59!8m2!3d25.008447!4d-80.517544!16s%2Fg%2F1tg79vb2!19sChIJ5eS4v-tA14gRWV4CYBMP9nA?authuser=0&hl=en&rclk=1,auto repair shop,Monroe County,county,FL,2026-07-23T09:35:41,0x88d740ebbfb8e4e5:0x70f60f1360025e59
Pep Boys Auto Service & Tires,(352) 775-1760,https://www.pepboys.com/stores/fl/the-villages/8697-se-165th-mulberry-ln?Cid=gbp_appt_AN:PB%7CPB:G%7CTT:GBP%7CCG:CONVERSION%7CCD:SERVICE,,"8697 SE 165th Mulberry Ln, The Villages, FL 32162, United States",8697 SE 165th Mulberry Ln,The Villages,FL,32162,4.4,785,Tire shop,,,https://www.google.com/maps/place/Pep+Boys+Auto+Service+%26+Tires/data=!4m7!3m6!1s0x88e7c56fc09e7013:0x33f4b9f3a497b062!8m2!3d28.9815857!4d-82.008884!16s%2Fg%2F11bwfkq_yz!19sChIJE3CewG_F54gRYrCXpPO59DM?authuser=0&hl=en&rclk=1,auto repair shop,Sumter County,county,FL,2026-07-23T11:38:04,0x88e7c56fc09e7013:0x33f4b9f3a497b062
Beyer Auto Salvage & Sales Inc,(352) 440-0528,https://www.facebook.com/pg/Gilchrist-County-Recycling-100828032711733/community/,,"6860 FL-47, Trenton, FL 32693, United States",6860 FL-47,Trenton,FL,32693,4.5,106,Scrap metal dealer,,,https://www.google.com/maps/place/Beyer+Auto+Salvage+%26+Sales+Inc/data=!4m7!3m6!1s0x88e8ddb458a3c61f:0x642cb78e4dabe5a6!8m2!3d29.6370878!4d-82.7960635!16s%2Fg%2F1tfvts57!19sChIJH8ajWLTd6IgRpuWrTY63LGQ?authuser=0&hl=en&rclk=1,auto repair shop,Gilchrist County,county,FL,2026-07-23T05:39:27,0x88e8ddb458a3c61f:0x642cb78e4dabe5a6
"Fanning Springs Auto, Inc.",(352) 463-2387,https://www.fanningspringsauto.com/,,"16720 US-19, Trenton, FL 32693, United States",16720 US-19,Trenton,FL,32693,4.2,52,Auto body shop,,,"https://www.google.com/maps/place/Fanning+Springs+Auto,+Inc./data=!4m7!3m6!1s0x88e91fdc59dc9381:0xa1c2a28ea53d0db0!8m2!3d29.573228!4d-82.9146453!16s%2Fg%2F1t_tl3k3!19sChIJgZPcWdwf6YgRsA09pY6iwqE?authuser=0&hl=en&rclk=1",auto repair shop,Dixie County,county,FL,2026-07-23T04:51:10,0x88e91fdc59dc9381:0xa1c2a28ea53d0db0
"S&S Automotive and Diesel Service, Inc.",(229) 244-0530,http://www.ssautovaldosta.com/,,"3719 Madison Hwy, Valdosta, GA 31601, United States",3719 Madison Hwy,Valdosta,GA,31601,4.3,84,Auto repair shop,,,"https://www.google.com/maps/place/S%26S+Automotive+and+Diesel+Service,+Inc./data=!4m7!3m6!1s0x88ee603f5f2b1b05:0x6167b2b2c949c922!8m2!3d30.7446296!4d-83.2764932!16s%2Fg%2F1tf87xxz!19sChIJBRsrXz9g7ogRIslJybKyZ2E?authuser=0&hl=en&rclk=1",auto repair shop,Hamilton County,county,FL,2026-07-23T05:59:29,0x88ee603f5f2b1b05:0x6167b2b2c949c922
"Import Automotive Service Of Venice, Inc.",(941) 485-1700,http://importautoserviceofvenice.com/,,"450 Hauser Ln, Venice, FL 34285, United States",450 Hauser Ln,Venice,FL,34285,4.9,100,Auto repair shop,,,"https://www.google.com/maps/place/Import+Automotive+Service+Of+Venice,+Inc./data=!4m7!3m6!1s0x88c35bacfa7e207d:0x3eb7e25ba896b2b0!8m2!3d27.103261!4d-82.435423!16s%2Fg%2F1tlwgffl!19sChIJfSB--qxbw4gRsLKWqFvitz4?authuser=0&hl=en&rclk=1",auto repair shop,Charlotte County,county,FL,2026-07-15T08:58:17,0x88c35bacfa7e207d:0x3eb7e25ba896b2b0
Venice Auto Body Inc.,(941) 229-6890,https://www.autobodyrepairsvenice.com/,,"120 Grove St, Venice, FL 34285, United States",120 Grove St,Venice,FL,34285,4.8,144,Auto body shop,,,https://www.google.com/maps/place/Venice+Auto+Body+Inc./data=!4m7!3m6!1s0x88c35bb2708d6841:0x88d892b7d55790c2!8m2!3d27.099164!4d-82.435485!16s%2Fg%2F1tf1pml8!19sChIJQWiNcLJbw4gRwpBX1beS2Ig?authuser=0&hl=en&rclk=1,auto repair shop,Sarasota County,county,FL,2026-07-23T11:46:45,0x88c35bb2708d6841:0x88d892b7d55790c2
B&B Performance Shop Inc.,(772) 778-8235,,,"3600 69th St, Vero Beach, FL 32967, United States",3600 69th St,Vero Beach,FL,32967,4.9,28,Auto repair shop,,,https://www.google.com/maps/place/B%26B+Performance+Shop+Inc./data=!4m7!3m6!1s0x88de5d2ff8dacf71:0x6b9a9c63ddfac4d4!8m2!3d27.7193007!4d-80.4221871!16s%2Fg%2F11jlfxnnn5!19sChIJcc_a-C9d3ogR1MT63WOcmms?authuser=0&hl=en&rclk=1,auto repair shop,Indian River County,county,FL,2026-07-23T06:41:26,0x88de5d2ff8dacf71:0x6b9a9c63ddfac4d4
Firestone Complete Auto Care,(772) 410-3176,https://www.firestonecompleteautocare.com/florida/vero-beach/1306-19th-pl/?utm_source=google&utm_medium=organic&utm_campaign=localmaps&cmp=oloc_google_localmaps_maps,,"1306 19th Pl, Vero Beach, FL 32960, United States",1306 19th Pl,Vero Beach,FL,32960,4.0,568,Tire shop,,,https://www.google.com/maps/place/Firestone+Complete+Auto+Care/data=!4m7!3m6!1s0x88de5f1d4c149c67:0x870f8681c8363fac!8m2!3d27.6371593!4d-80.3990683!16s%2Fg%2F1tf3pqgh!19sChIJZ5wUTB1f3ogRrD82yIGGD4c?authuser=0&hl=en&rclk=1,auto repair shop,Indian River County,county,FL,2026-07-23T06:41:26,0x88de5f1d4c149c67:0x870f8681c8363fac
Goodyear Auto Service,(772) 567-1174,https://www.goodyear.com/en-us/goodyearautoservice,,"755 21st St, Vero Beach, FL 32960, United States",755 21st St,Vero Beach,FL,32960,4.2,156,Tire shop,,,https://www.google.com/maps/place/Goodyear+Auto+Service/data=!4m7!3m6!1s0x88de5edfdbf798fb:0x9846bb22ef01968!8m2!3d27.6393105!4d-80.3876869!16s%2Fg%2F1tdjxv18!19sChIJ-5j3299e3ogRaBnwLrJrhAk?authuser=0&hl=en&rclk=1,auto repair shop,Indian River County,county,FL,2026-07-23T06:41:26,0x88de5edfdbf798fb:0x9846bb22ef01968
Goodyear Auto Service,(772) 562-4654,https://www.goodyear.com/en-us/goodyearautoservice,,"1920 58th Ave, Vero Beach, FL 32966, United States",1920 58th Ave,Vero Beach,FL,32966,4.1,213,Tire shop,,,https://www.google.com/maps/place/Goodyear+Auto+Service/data=!4m7!3m6!1s0x88de5fd249f88913:0x72c39841e2e91295!8m2!3d27.6373096!4d-80.4461567!16s%2Fg%2F1hc6tmyvv!19sChIJE4n4SdJf3ogRlRLp4kGYw3I?authuser=0&hl=en&rclk=1,auto repair shop,Indian River County,county,FL,2026-07-23T06:41:26,0x88de5fd249f88913:0x72c39841e2e91295
"Indian River Battery, Inc.",(772) 562-3255,,,"3638 US-1, Vero Beach, FL 32960, United States",3638 US-1,Vero Beach,FL,32960,4.7,122,Auto parts store,,,"https://www.google.com/maps/place/Indian+River+Battery,+Inc./data=!4m7!3m6!1s0x88de5ef30a4ddab1:0x882e170543103c73!8m2!3d27.6590336!4d-80.4034138!16s%2Fg%2F1ts1t0z8!19sChIJsdpNCvNe3ogRczwQQwUXLog?authuser=0&hl=en&rclk=1",auto repair shop,Indian River County,county,FL,2026-07-23T06:41:26,0x88de5ef30a4ddab1:0x882e170543103c73
K & A Foreign Car Services Inc.,(772) 569-3070,https://www.facebook.com/K-A-Foreign-Car-Service-646321772117730/,,"2300 US-1, Vero Beach, FL 32960, United States",2300 US-1,Vero Beach,FL,32960,4.8,91,Auto repair shop,,,https://www.google.com/maps/place/K+%26+A+Foreign+Car+Services+Inc./data=!4m7!3m6!1s0x88de5ee33e7d8f4d:0x2b650b1103c0eb83!8m2!3d27.6423398!4d-80.3979333!16s%2Fg%2F1v1tnx8q!19sChIJTY99PuNe3ogRg-vAAxELZSs?authuser=0&hl=en&rclk=1,auto repair shop,Indian River County,county,FL,2026-07-23T06:41:26,0x88de5ee33e7d8f4d:0x2b650b1103c0eb83
Mid-Coast Tire Service Inc.,(772) 567-2011,http://www.mid-coast-tire.com/,,"870 US-1, Vero Beach, FL 32960, United States",870 US-1,Vero Beach,FL,32960,4.8,424,Tire shop,,,https://www.google.com/maps/place/Mid-Coast+Tire+Service+Inc./data=!4m7!3m6!1s0x88de5ee1b178a215:0x35793eb597fa43b2!8m2!3d27.6175206!4d-80.3881954!16s%2Fg%2F1tdwl9tw!19sChIJFaJ4seFe3ogRskP6l7U-eTU?authuser=0&hl=en&rclk=1,auto repair shop,Indian River County,county,FL,2026-07-23T06:41:26,0x88de5ee1b178a215:0x35793eb597fa43b2
Midas,(772) 888-0304,https://www.midas.com/store/fl/vero-beach/1365-us-hwy-1-32960/?shopnum=3900&utm_source=google&utm_medium=organic&utm_campaign=gbp,,"1365 US-1, Vero Beach, FL 32960, United States",1365 US-1,Vero Beach,FL,32960,4.7,316,Auto repair shop,,,https://www.google.com/maps/place/Midas/data=!4m7!3m6!1s0x88de5f367e7113f3:0x6d14b4fbc7976d1f!8m2!3d27.6261716!4d-80.3901026!16s%2Fg%2F11spp7ljqx!19sChIJ8xNxfjZf3ogRH22Xx_u0FG0?authuser=0&hl=en&rclk=1,auto repair shop,Indian River County,county,FL,2026-07-23T06:41:26,0x88de5f367e7113f3:0x6d14b4fbc7976d1f
"Spada's Total Auto Repair, Inc.",(772) 299-5900,http://spadasauto.com/,,"9010 16th Pl, Vero Beach, FL 32966, United States",9010 16th Pl,Vero Beach,FL,32966,4.7,244,Auto repair shop,,,"https://www.google.com/maps/place/Spada%27s+Total+Auto+Repair,+Inc./data=!4m7!3m6!1s0x88de61bad00b538f:0x5b9eeb442c00fd3!8m2!3d27.6339855!4d-80.5126763!16s%2Fg%2F1tkc2xz_!19sChIJj1ML0Lph3ogR0w_AQrTuuQU?authuser=0&hl=en&rclk=1",auto repair shop,Indian River County,county,FL,2026-07-23T06:41:26,0x88de61bad00b538f:0x5b9eeb442c00fd3
"Alan Jay Ford of Wauchula, Inc. Service",(863) 773-4113,https://www.alanjayfordofwauchula.com/,,"1031 US-17, Wauchula, FL 33873, United States",1031 US-17,Wauchula,FL,33873,3.5,2,Auto repair shop,,,"https://www.google.com/maps/place/Alan+Jay+Ford+of+Wauchula,+Inc.+Service/data=!4m7!3m6!1s0x88dce7f2fbc6ffb3:0xbb27f14e75587981!8m2!3d27.5591084!4d-81.8144687!16s%2Fg%2F11n0cx1841!19sChIJs__G-_Ln3IgRgXlYdU7xJ7s?authuser=0&hl=en&rclk=1",auto repair shop,Hardee County,county,FL,2026-07-23T06:03:28,0x88dce7f2fbc6ffb3:0xbb27f14e75587981
DITHER TIRES CORP,(863) 445-0557,,,"627 N 6th Ave, Wauchula, FL 33873, United States",627 N 6th Ave,Wauchula,FL,33873,4.6,10,Tire shop,,,https://www.google.com/maps/place/DITHER+TIRES+CORP/data=!4m7!3m6!1s0x88dce6fac8acd693:0x3d598c2a1d87c271!8m2!3d27.5538754!4d-81.8132116!16s%2Fg%2F11x95fmvjj!19sChIJk9asyPrm3IgRccKHHSqMWT0?authuser=0&hl=en&rclk=1,auto repair shop,Hardee County,county,FL,2026-07-23T06:03:28,0x88dce6fac8acd693:0x3d598c2a1d87c271
J&C Paint and Bodyshop Inc,(863) 781-0323,,,"182 Boyd Cowart Rd, Wauchula, FL 33873, United States",182 Boyd Cowart Rd,Wauchula,FL,33873,4.9,48,Auto body shop,,,https://www.google.com/maps/place/J%26C+Paint+and+Bodyshop+Inc/data=!4m7!3m6!1s0x88dce529d9dfe9d1:0x2ec1c1e80ca2a16f!8m2!3d27.5536!4d-81.766566!16s%2Fg%2F11vrlkbmzf!19sChIJ0enf2Snl3IgRb6GiDOjBwS4?authuser=0&hl=en&rclk=1,auto repair shop,Hardee County,county,FL,2026-07-23T06:03:28,0x88dce529d9dfe9d1:0x2ec1c1e80ca2a16f
Lang's Auto,,,,"1002 S Florida Ave, Wauchula, FL 33873, United States",1002 S Florida Ave,Wauchula,FL,33873,,,Auto repair shop,,,https://www.google.com/maps/place/Lang%27s+Auto/data=!4m7!3m6!1s0x88dce7004d3dd95f:0xfe5af738d28ee38f!8m2!3d27.5363308!4d-81.8178035!16s%2Fg%2F11mryjn7qy!19sChIJX9k9TQDn3IgRj-OO0jj3Wv4?authuser=0&hl=en&rclk=1,auto repair shop,Hardee County,county,FL,2026-07-23T06:03:28,0x88dce7004d3dd95f:0xfe5af738d28ee38f
Triangle Body Shop Inc,(863) 773-9549,,,"323 N 10th Ave, Wauchula, FL 33873, United States",323 N 10th Ave,Wauchula,FL,33873,4.6,37,Auto body shop,,,https://www.google.com/maps/place/Triangle+Body+Shop+Inc/data=!4m7!3m6!1s0x88dce6fc736afe33:0x39ca18f07d3fb98e!8m2!3d27.5505485!4d-81.8173911!16s%2Fg%2F1tf3pqbw!19sChIJM_5qc_zm3IgRjrk_ffAYyjk?authuser=0&hl=en&rclk=1,auto repair shop,Hardee County,county,FL,2026-07-23T06:03:28,0x88dce6fc736afe33:0x39ca18f07d3fb98e
Craig's Auto Service Inc,(321) 676-7896,https://www.craigsautoservice.com/,,"60 Sunset Dr Ste K, West Melbourne, FL 32904, United States",60 Sunset Dr Ste K,West Melbourne,FL,32904,5.0,112,Car repair and maintenance service,,,https://www.google.com/maps/place/Craig%27s+Auto+Service+Inc/data=!4m7!3m6!1s0x88de0e08be50ceb5:0x81529455c110318b!8m2!3d28.0775841!4d-80.6450107!16s%2Fg%2F1th5k8bj!19sChIJtc5QvggO3ogRizEQwVWUUoE?authuser=0&hl=en&rclk=1,auto repair shop,Brevard County,county,FL,2026-07-23T03:42:45,0x88de0e08be50ceb5:0x81529455c110318b
AAMCO Transmissions & Total Car Care,(561) 765-7181,http://www.aamcowestpalmbeach.com/?utm_source=G&utm_medium=local&utm_campaign=google-local,,"845 N Military Trl, West Palm Beach, FL 33415, United States",845 N Military Trl,West Palm Beach,FL,33415,4.5,533,Auto repair shop,,,https://www.google.com/maps/place/AAMCO+Transmissions+%26+Total+Car+Care/data=!4m7!3m6!1s0x88d929cc55bc6bab:0xcd1f51b539fe56a8!8m2!3d26.689698!4d-80.112367!16s%2Fg%2F1tdq1y76!19sChIJq2u8Vcwp2YgRqFb-ObVRH80?authuser=0&hl=en&rclk=1,auto repair shop,Palm Beach County,county,FL,2026-07-23T10:18:09,0x88d929cc55bc6bab:0xcd1f51b539fe56a8
DCP/ Mobile Mechanic,,https://www.facebook.com/DennisCarParts,,"757 W 4th St, West Palm Beach, FL 33404, United States",757 W 4th St,West Palm Beach,FL,33404,4.8,180,Mechanic,,,https://www.google.com/maps/place/DCP%2F+Mobile+Mechanic/data=!4m7!3m6!1s0x88d8d5fa8b89cbe9:0x30ce9bbd57c0f672!8m2!3d26.7662753!4d-80.0650829!16s%2Fg%2F11l6qhf0px!19sChIJ6cuJi_rV2IgRcvbAV72bzjA?authuser=0&hl=en&rclk=1,auto repair shop,Palm Beach County,county,FL,2026-07-23T10:18:09,0x88d8d5fa8b89cbe9:0x30ce9bbd57c0f672
Diaz Auto Service Inc,(561) 502-7668,http://diazmobile.com/,,"1750 Osceola Dr Ste 4, West Palm Beach, FL 33409, United States",1750 Osceola Dr Ste 4,West Palm Beach,FL,33409,4.1,27,Auto repair shop,,,https://www.google.com/maps/place/Diaz+Auto+Service+Inc/data=!4m7!3m6!1s0x88d8d755ecb555ed:0x6a5a86faf865c3b6!8m2!3d26.702572!4d-80.0925141!16s%2Fg%2F11swzh6m04!19sChIJ7VW17FXX2IgRtsNl-PqGWmo?authuser=0&hl=en&rclk=1,auto repair shop,Palm Beach County,county,FL,2026-07-15T13:24:42,0x88d8d755ecb555ed:0x6a5a86faf865c3b6
"GT Auto Repair, Inc.",(561) 964-7334,http://www.gtwpb.com/,,"2833 Forest Hill Blvd, West Palm Beach, FL 33406, United States",2833 Forest Hill Blvd,West Palm Beach,FL,33406,4.5,66,Auto repair shop,,,"https://www.google.com/maps/place/GT+Auto+Repair,+Inc./data=!4m7!3m6!1s0x88d8d7efc3dd3f15:0x9f68cddec36b36f1!8m2!3d26.6511512!4d-80.0852655!16s%2Fg%2F1tr9p6fd!19sChIJFT_dw-_X2IgR8TZrw97NaJ8?authuser=0&hl=en&rclk=1",auto repair shop,Palm Beach County,county,FL,2026-07-23T10:18:09,0x88d8d7efc3dd3f15:0x9f68cddec36b36f1
"Griffin Auto Care, Inc.",(561) 659-0765,http://griffinautocare.com/,,"1241 Roebuck Ct, West Palm Beach, FL 33401, United States",1241 Roebuck Ct,West Palm Beach,FL,33401,4.5,238,Auto body shop,,,"https://www.google.com/maps/place/Griffin+Auto+Care,+Inc./data=!4m7!3m6!1s0x88d8d644c6be69ad:0xabee342c1eab0a81!8m2!3d26.6992146!4d-80.0656403!16s%2Fg%2F11b77qrnf6!19sChIJrWm-xkTW2IgRgQqrHiw07qs?authuser=0&hl=en&rclk=1",auto repair shop,Palm Beach County,county,FL,2026-07-23T10:18:09,0x88d8d644c6be69ad:0xabee342c1eab0a81
Meineke Car Care Center,(561) 855-1880,https://www.meineke.com/locations/fl/west-palm-beach-2950/?utm_source=google&utm_medium=organic&utm_campaign=gbp_website,,"2774 Okeechobee Blvd, West Palm Beach, FL 33409, United States",2774 Okeechobee Blvd,West Palm Beach,FL,33409,4.8,172,Auto repair shop,,,https://www.google.com/maps/place/Meineke+Car+Care+Center/data=!4m7!3m6!1s0x88d8d72594384559:0x92d4d167d4e6d408!8m2!3d26.7063235!4d-80.0975135!16s%2Fg%2F11st9nxwx8!19sChIJWUU4lCXX2IgRCNTm1GfR1JI?authuser=0&hl=en&rclk=1,auto repair shop,Palm Beach County,county,FL,2026-07-23T10:18:09,0x88d8d72594384559:0x92d4d167d4e6d408
Technomaticar Electric.Inc..''Auto Repair'',(561) 478-5020,,,"2758 Old Okeechobee Rd #4, West Palm Beach, FL 33409, United States",2758 Old Okeechobee Rd #4,West Palm Beach,FL,33409,4.9,146,Auto repair shop,,,https://www.google.com/maps/place/Technomaticar+Electric.Inc..%27%27Auto+Repair%27%27/data=!4m7!3m6!1s0x88d8d63c1412407d:0xa186509ef94221a5!8m2!3d26.7032918!4d-80.0825477!16s%2Fg%2F11bz_1fyb9!19sChIJfUASFDzW2IgRpSFC-Z5QhqE?authuser=0&hl=en&rclk=1,auto repair shop,Palm Beach County,county,FL,2026-07-23T10:18:09,0x88d8d63c1412407d:0xa186509ef94221a5
"Coastal Towing & Roadside Service, INC",(850) 647-3031,https://www.coastal-towing.com/,,"7419 Co Rd 381, Wewahitchka, FL 32465, United States",7419 Co Rd 381,Wewahitchka,FL,32465,4.7,14,Towing service,,,"https://www.google.com/maps/place/Coastal+Towing+%26+Roadside+Service,+INC/data=!4m7!3m6!1s0x8894bda0af8b4585:0xf58b59dc183c3a53!8m2!3d29.9709195!4d-85.0835309!16s%2Fg%2F11h651g35t!19sChIJhUWLr6C9lIgRUzo8GNxZi_U?authuser=0&hl=en&rclk=1",auto repair shop,Franklin County,county,FL,2026-07-23T05:26:55,0x8894bda0af8b4585:0xf58b59dc183c3a53
M&N Auto Heavy Duty Truck Repair and Towing Inc.,(352) 254-0489,https://mnautoandtruckrepair.com/,,"3056 NE 37th Pl, Wildwood, FL 34785, United States",3056 NE 37th Pl,Wildwood,FL,34785,4.1,133,Auto repair shop,,,https://www.google.com/maps/place/M%26N+Auto+Heavy+Duty+Truck+Repair+and+Towing+Inc./data=!4m7!3m6!1s0x88e7fabc7898b3b1:0xcd984e5c703c7141!8m2!3d28.811131!4d-82.052866!16s%2Fg%2F11d_9chc3w!19sChIJsbOYeLz654gRQXE8cFxOmM0?authuser=0&hl=en&rclk=1,auto repair shop,Sumter County,county,FL,2026-07-23T11:38:04,0x88e7fabc7898b3b1:0xcd984e5c703c7141
"Wildwood Auto Repair & Wrecker Service, Inc.",(352) 748-1716,,,"1190 S Main St, Wildwood, FL 34785, United States",1190 S Main St,Wildwood,FL,34785,4.1,156,Auto repair shop,,,"https://www.google.com/maps/place/Wildwood+Auto+Repair+%26+Wrecker+Service,+Inc./data=!4m7!3m6!1s0x88e7dd340f095703:0x9fe69bd6bf43e9e4!8m2!3d28.8401251!4d-82.0450938!16s%2Fg%2F1tmy5wqm!19sChIJA1cJDzTd54gR5OlDv9ab5p8?authuser=0&hl=en&rclk=1",auto repair shop,Sumter County,county,FL,2026-07-23T11:59:40,0x88e7dd340f095703:0x9fe69bd6bf43e9e4
Williston Tire & Automotive Inc.,(352) 528-5000,,,"102 NE 6 Ave, Williston, FL 32696, United States",102 NE 6 Ave,Williston,FL,32696,4.7,117,Auto repair shop,,,https://www.google.com/maps/place/Williston+Tire+%26+Automotive+Inc./data=!4m7!3m6!1s0x88e891d951a05515:0xc1cbe819e24c876f!8m2!3d29.394978!4d-82.4487182!16s%2Fg%2F1ts1t1fk!19sChIJFVWgUdmR6IgRb4dM4hnoy8E?authuser=0&hl=en&rclk=1,auto repair shop,Levy County,county,FL,2026-07-23T07:20:31,0x88e891d951a05515:0xc1cbe819e24c876f
AAMCO Transmissions & Total Car Care,(863) 293-3139,http://www.aamcowinterhaven.com/?utm_source=G&utm_medium=local&utm_campaign=google-local,,"1641 3rd St SW, Winter Haven, FL 33880, United States",1641 3rd St SW,Winter Haven,FL,33880,4.6,455,Transmission shop,,,https://www.google.com/maps/place/AAMCO+Transmissions+%26+Total+Car+Care/data=!4m7!3m6!1s0x88dd12ff6b04a0c9:0xd5432d0873cad8be!8m2!3d28.005129!4d-81.73128!16s%2Fg%2F1v1sm0vw!19sChIJyaAEa_8S3YgRvtjKcwgtQ9U?authuser=0&hl=en&rclk=1,auto repair shop,Polk County,county,FL,2026-07-23T10:40:27,0x88dd12ff6b04a0c9:0xd5432d0873cad8be
M & D Auto Repair Inc,(863) 297-7070,,,"2301 Avenue G NW, Winter Haven, FL 33880, United States",2301 Avenue G NW,Winter Haven,FL,33880,4.5,102,Auto repair shop,,,https://www.google.com/maps/place/M+%26+D+Auto+Repair+Inc/data=!4m7!3m6!1s0x88dd1341cd0c18ff:0xf0fbe2a1cee85e92!8m2!3d28.0304044!4d-81.7563949!16s%2Fg%2F1tpbcsty!19sChIJ_xgMzUET3YgRkl7ozqHi-_A?authuser=0&hl=en&rclk=1,auto repair shop,Polk County,county,FL,2026-07-23T10:40:27,0x88dd1341cd0c18ff:0xf0fbe2a1cee85e92
Midas,(863) 315-8867,https://www.midas.com/store/fl/winter-haven/6906-cypress-gardens-blvd-33884/?shopnum=3992&utm_source=google&utm_medium=organic&utm_campaign=gbp,,"6906 Cypress Gardens Blvd, Winter Haven, FL 33884, United States",6906 Cypress Gardens Blvd,Winter Haven,FL,33884,4.7,867,Auto repair shop,,,https://www.google.com/maps/place/Midas/data=!4m7!3m6!1s0x88dd0db83c1f7a35:0xa5f0aaa7aca51cf6!8m2!3d27.9778703!4d-81.6597108!16s%2Fg%2F1tf58q3c!19sChIJNXofPLgN3YgR9hylrKeq8KU?authuser=0&hl=en&rclk=1,auto repair shop,Polk County,county,FL,2026-07-23T10:40:27,0x88dd0db83c1f7a35:0xa5f0aaa7aca51cf6
"Auto Mechanic Shop, Inc.",(407) 678-2886,https://automechanicshop.com/,,"4031 Forsyth Rd, Winter Park, FL 32792, United States",4031 Forsyth Rd,Winter Park,FL,32792,4.8,218,Auto repair shop,,,"https://www.google.com/maps/place/Auto+Mechanic+Shop,+Inc./data=!4m7!3m6!1s0x88e76fa030e4943f:0x1120652f102143cf!8m2!3d28.6040387!4d-81.298819!16s%2Fg%2F1tywys06!19sChIJP5TkMKBv54gRz0MhEC9lIBE?authuser=0&hl=en&rclk=1",auto repair shop,Seminole County,county,FL,2026-07-23T11:54:17,0x88e76fa030e4943f:0x1120652f102143cf
Springtown Automotive Sales & Service,,,,"4237 FL-121, Worthington Springs, FL 32697, United States",4237 FL-121,Worthington Springs,FL,32697,5.0,3,Motor vehicle dealer,,,https://www.google.com/maps/place/Springtown+Automotive+Sales+%26+Service/data=!4m7!3m6!1s0x88e8b2d3b11b58e7:0x60628961f9d261e8!8m2!3d29.9373811!4d-82.4243374!16s%2Fg%2F11qg2ycwxk!19sChIJ51gbsdOy6IgR6GHS-WGJYmA?authuser=0&hl=en&rclk=1,auto repair shop,Gilchrist County,county,FL,2026-07-23T05:39:27,0x88e8b2d3b11b58e7:0x60628961f9d261e8
Carter Auto Repair Inc,(904) 849-7195,,,"850540 US-17, Yulee, FL 32097, United States",850540 US-17,Yulee,FL,32097,4.9,99,Auto repair shop,,,https://www.google.com/maps/place/Carter+Auto+Repair+Inc/data=!4m7!3m6!1s0x88e5aa1b9e97f913:0xd638bde5b3978297!8m2!3d30.6095465!4d-81.5972401!16s%2Fg%2F1wnf1w2s!19sChIJE_mXnhuq5YgRl4KXs-W9ONY?authuser=0&hl=en&rclk=1,auto repair shop,Nassau County,county,FL,2026-07-23T09:45:08,0x88e5aa1b9e97f913:0xd638bde5b3978297
Tire Tech and Auto Repair inc.,(813) 900-3507,https://tiretechandautorepair.com/,,"6437 23rd St, Zephyrhills, FL 33542, United States",6437 23rd St,Zephyrhills,FL,33542,4.8,168,Tire shop,,,https://www.google.com/maps/place/Tire+Tech+and+Auto+Repair+inc./data=!4m7!3m6!1s0x88dd4d0c9328bb67:0xcb85f4956b0588d9!8m2!3d28.2515331!4d-82.1677727!16s%2Fg%2F11gy3h5zkk!19sChIJZ7sokwxN3YgR2YgFa5X0hcs?authuser=0&hl=en&rclk=1,auto repair shop,Pasco County,county,FL,2026-07-15T13:31:18,0x88dd4d0c9328bb67:0xcb85f4956b0588d9
