name,phone,website,email,address,street,city,state,zip,rating,review_count,category,hours_status,hours_detail,google_maps_url,search_keyword,search_place,search_type,search_state,scraped_at,place_id
85 to 75 Mobile Repair,,,,,,,GA,,4.4,14,Mechanic,,,https://www.google.com/maps/place/85+to+75+Mobile+Repair/data=!4m7!3m6!1s0x88f4635bce7effad:0xae7d025e5dbccdec!8m2!3d33.369035!4d-84.38424!16s%2Fg%2F11htqzl0by!19sChIJrf9-zltj9IgR7M28XV4Cfa4?authuser=0&hl=en&rclk=1,auto repair shop,Butts County,county,GA,2026-07-23T16:33:27,0x88f4635bce7effad:0xae7d025e5dbccdec
A1Automotive,,,,"Kingsland, GA 31548, United States",,,GA,,,,Auto repair shop,,,https://www.google.com/maps/place/A1Automotive/data=!4m7!3m6!1s0x88e5050045d6b135:0xd4d3ee92bb1d7dfa!8m2!3d30.7999504!4d-81.6898634!16s%2Fg%2F11vys1kr6n!19sChIJNbHWRQAF5YgR-n0du5Lu09Q?authuser=0&hl=en&rclk=1,auto repair shop,Camden County,county,GA,2026-07-15T19:54:40,0x88e5050045d6b135:0xd4d3ee92bb1d7dfa
ABS Automotive Inc,(770) 920-5136,,,"Douglasville, GA 30135, United States",,,GA,,3.0,12,Auto repair shop,,,https://www.google.com/maps/place/ABS+Automotive+Inc/data=!4m7!3m6!1s0x88f52641fbaa0507:0x72c98a6265fd3840!8m2!3d33.7514426!4d-84.7476828!16s%2Fg%2F1262m1mtv!19sChIJBwWq-0Em9YgRQDj9ZWKKyXI?authuser=0&hl=en&rclk=1,auto repair shop,Douglas County,county,GA,2026-07-23T18:23:38,0x88f52641fbaa0507:0x72c98a6265fd3840
ATHENS AUTO CLINIC,,,,"Athens, GA 30606, United States",,,GA,,,,Auto repair shop,,,https://www.google.com/maps/place/ATHENS+AUTO+CLINIC/data=!4m7!3m6!1s0x88f6728cd8b9b443:0x76bf5ee995446459!8m2!3d33.9425109!4d-83.442059!16s%2Fg%2F11zggn82lj!19sChIJQ7S52Ixy9ogRWWRElelev3Y?authuser=0&hl=en&rclk=1,auto repair shop,Oconee County,county,GA,2026-07-23T22:36:51,0x88f6728cd8b9b443:0x76bf5ee995446459
Alas Automotive Mobile Repair LTD. Co,(770) 876-5243,https://sites.google.com/view/alasautomotive/home,,,,,GA,,5.0,34,Car repair and maintenance service,,,https://www.google.com/maps/place/Alas+Automotive+Mobile+Repair+LTD.+Co/data=!4m7!3m6!1s0xa13fd386e408c82d:0xaa8a4f0c3d4a5163!8m2!3d33.7988445!4d-83.6432931!16s%2Fg%2F11xvdt9s83!19sChIJLcgI5IbTP6ERY1FKPQxPiqo?authuser=0&hl=en&rclk=1,auto repair shop,Barrow County,county,GA,2026-07-23T15:12:45,0xa13fd386e408c82d:0xaa8a4f0c3d4a5163
Auto & Tire Service Center,,,,"Georgia 31763, United States",,,GA,,,,Auto repair shop,,,https://www.google.com/maps/place/Auto+%26+Tire+Service+Center/data=!4m7!3m6!1s0x88f27b785b090717:0xfa80396e6d66393f!8m2!3d31.6345319!4d-84.1772965!16s%2Fg%2F11npy93xjx!19sChIJFwcJW3h78ogRPzlmbW45gPo?authuser=0&hl=en&rclk=1,auto repair shop,Wilcox County,county,GA,2026-07-16T09:00:44,0x88f27b785b090717:0xfa80396e6d66393f
Auto Repairs,,,,"Hinesville, GA 31313, United States",,,GA,,,,Auto repair shop,,,https://www.google.com/maps/place/Auto+Repairs/data=!4m7!3m6!1s0x88fae30b20b4385b:0x330feb631053a1f3!8m2!3d31.8531271!4d-81.5805331!16s%2Fg%2F11s944_c6s!19sChIJWzi0IAvj-ogR86FTEGPrDzM?authuser=0&hl=en&rclk=1,auto repair shop,Liberty County,county,GA,2026-07-23T22:08:36,0x88fae30b20b4385b:0x330feb631053a1f3
Auto Service,,,,"Baldwin, GA 30531, United States",,,GA,,,,Auto repair shop,,,https://www.google.com/maps/place/Auto+Service/data=!4m7!3m6!1s0x8858ad930106f35f:0xc127b04469e9356f!8m2!3d34.5005215!4d-83.5308668!16s%2Fg%2F11s413xdg8!19sChIJX_MGAZOtWIgRbzXpaUSwJ8E?authuser=0&hl=en&rclk=1,auto repair shop,Banks County,county,GA,2026-07-15T17:51:40,0x8858ad930106f35f:0xc127b04469e9356f
Auto Service,,,,"Sparta, GA 31087, United States",,,GA,,,,Auto repair shop,,,https://www.google.com/maps/place/Auto+Service/data=!4m7!3m6!1s0x88f6e0dc9f65c673:0x52fb713be48481e1!8m2!3d33.2751553!4d-82.9768053!16s%2Fg%2F11hf3lps5_!19sChIJc8Zln9zg9ogR4YGE5Dtx-1I?authuser=0&hl=en&rclk=1,auto repair shop,Taliaferro County,county,GA,2026-07-24T00:11:37,0x88f6e0dc9f65c673:0x52fb713be48481e1
Auto Service Center,,,,"Georgia 31210, United States",,,GA,,5.0,1,Auto repair shop,,,https://www.google.com/maps/place/Auto+Service+Center/data=!4m7!3m6!1s0x88f3f8b84f7ba205:0xa74ccce7ee9d7dca!8m2!3d32.9006362!4d-83.6892627!16s%2Fg%2F11fkmzksmx!19sChIJBaJ7T7j484gRyn2d7ufMTKc?authuser=0&hl=en&rclk=1,auto repair shop,Wilkinson County,county,GA,2026-07-24T02:40:48,0x88f3f8b84f7ba205:0xa74ccce7ee9d7dca
Baskin auto repair,,,,"Lavonia, GA 30553, United States",,,GA,,,,Auto repair shop,,,https://www.google.com/maps/place/Baskin+auto+repair/data=!4m7!3m6!1s0x88589b4ab74403f7:0x68d866b42210cd92!8m2!3d34.4359361!4d-83.106818!16s%2Fg%2F11khszdwm9!19sChIJ9wNEt0qbWIgRks0QIrRm2Gg?authuser=0&hl=en&rclk=1,auto repair shop,Hart County,county,GA,2026-07-23T20:52:31,0x88589b4ab74403f7:0x68d866b42210cd92
Blakely Tire Service,,,,"Blakely, GA 39823, United States",,,GA,,,,Tire shop,,,https://www.google.com/maps/place/Blakely+Tire+Service/data=!4m7!3m6!1s0x88ed52cf99a36bab:0xeb05fff629aaa138!8m2!3d31.3777082!4d-84.930794!16s%2Fg%2F11y4c0287r!19sChIJq2ujmc9S7YgROKGqKfb_Bes?authuser=0&hl=en&rclk=1,auto repair shop,Early County,county,GA,2026-07-23T18:55:38,0x88ed52cf99a36bab:0xeb05fff629aaa138
C.A.R.S CHASTAIN AUTO REPAIR SERVICE,,,,"Ochlocknee, GA 31773, United States",,,GA,,,,Car repair and maintenance service,,,https://www.google.com/maps/place/C.A.R.S+CHASTAIN+AUTO+REPAIR+SERVICE/data=!4m7!3m6!1s0x88edba597c3c4f4b:0xb5e10c9f3008bcf2!8m2!3d30.9739108!4d-84.0539799!16s%2Fg%2F11v3swgfpc!19sChIJS088fFm67YgR8rwIMJ8M4bU?authuser=0&hl=en&rclk=1,auto repair shop,Mitchell County,county,GA,2026-07-16T04:26:12,0x88edba597c3c4f4b:0xb5e10c9f3008bcf2
CSX Waycross Car Shop,,,,"Waycross, GA 31503, United States",,,GA,,5.0,1,Railway services,,,https://www.google.com/maps/place/CSX+Waycross+Car+Shop/data=!4m7!3m6!1s0x88eff185af1d56a7:0xc2002bf613e64566!8m2!3d31.1878095!4d-82.3830907!16s%2Fg%2F11gm73q1zl!19sChIJp1Ydr4Xx74gRZkXmE_YrAMI?authuser=0&hl=en&rclk=1,auto repair shop,Ware County,county,GA,2026-07-24T02:09:02,0x88eff185af1d56a7:0xc2002bf613e64566
Chetrkoot,,,,"McRae-Helena, GA 31037, United States",,,GA,,,,Auto parts store,,,https://www.google.com/maps/place/Chetrkoot/data=!4m7!3m6!1s0x88f1ab0002f8106d:0x77b8af8d2cbe6f24!8m2!3d32.1574351!4d-82.907123!16s%2Fg%2F11z3wnmycc!19sChIJbRD4AgCr8YgRJG--LI2vuHc?authuser=0&hl=en&rclk=1,auto repair shop,Telfair County,county,GA,2026-07-16T07:09:51,0x88f1ab0002f8106d:0x77b8af8d2cbe6f24
Chucky's Mobile Service,,https://chuckysmobileservice.com/,,,,,GA,,,,Mechanic,,,https://www.google.com/maps/place/Chucky%27s+Mobile+Service/data=!4m7!3m6!1s0xa0a1153f40bc6edb:0xf5b15d1faeaa15de!8m2!3d31.7221999!4d-83.2505634!16s%2Fg%2F11ym88nm7b!19sChIJ2268QD8VoaAR3hWqrh9dsfU?authuser=0&hl=en&rclk=1,auto repair shop,Ben Hill County,county,GA,2026-07-23T15:35:40,0xa0a1153f40bc6edb:0xf5b15d1faeaa15de
Coastal Truck & Container Repair,,http://coastaltruckcontainerrepair.com/,,,,,GA,,4.0,32,Diesel engine repair service,,,https://www.google.com/maps/place/Coastal+Truck+%26+Container+Repair/data=!4m7!3m6!1s0x88fba209c4415b27:0x86d8e16aab2dcf60!8m2!3d32.229128!4d-82.9379995!16s%2Fg%2F1vc_r6hn!19sChIJJ1tBxAmi-4gRYM8tq2rh2IY?authuser=0&hl=en&rclk=1,auto repair shop,Liberty County,county,GA,2026-07-16T03:12:52,0x88fba209c4415b27:0x86d8e16aab2dcf60
Cooper Tires,,,,"Hazlehurst, GA 31539, United States",,,GA,,4.0,2,Tire shop,,,https://www.google.com/maps/place/Cooper+Tires/data=!4m7!3m6!1s0x88f041f47c30f6ab:0x61269bf0e279a423!8m2!3d31.8619747!4d-82.5809205!16s%2Fg%2F11fk4dqvwt!19sChIJq_YwfPRB8IgRI6R54vCbJmE?authuser=0&hl=en&rclk=1,auto repair shop,Jeff Davis County,county,GA,2026-07-23T21:27:44,0x88f041f47c30f6ab:0x61269bf0e279a423
Cs Auto Repair,,,,"Georgia 31058, United States",,,GA,,,,Auto repair shop,,,https://www.google.com/maps/place/Cs+Auto+Repair/data=!4m7!3m6!1s0x88f309492f2fd8d1:0xaee9e38b8d5a4f4d!8m2!3d32.4835264!4d-84.3466807!16s%2Fg%2F11q2ytlrzs!19sChIJ0dgvL0kJ84gRTU9ajYvj6a4?authuser=0&hl=en&rclk=1,auto repair shop,Marion County,county,GA,2026-07-16T04:02:30,0x88f309492f2fd8d1:0xaee9e38b8d5a4f4d
Dahlonega Free Car Park,,,,"Dahlonega, GA 30533, United States",,,GA,,4.7,10,Parking lot,,,https://www.google.com/maps/place/Dahlonega+Free+Car+Park/data=!4m7!3m6!1s0x885f6628cd62e697:0x6250e89dbec42e90!8m2!3d34.5324409!4d-83.9833435!16s%2Fg%2F11c3sqcqd9!19sChIJl-ZizShmX4gRkC7Evp3oUGI?authuser=0&hl=en&rclk=1,auto repair shop,Lumpkin County,county,GA,2026-07-16T03:37:32,0x885f6628cd62e697:0x6250e89dbec42e90
Decatur Pro Auto Repair,,,,"Georgia 30286, United States",,,GA,,,,Auto repair shop,,,https://www.google.com/maps/place/Decatur+Pro+Auto+Repair/data=!4m7!3m6!1s0x88f3808bf61c8003:0x7a2df8f7821125fe!8m2!3d32.9277568!4d-84.2226307!16s%2Fg%2F11q1w1pglg!19sChIJA4Ac9ouA84gR_iURgvf4LXo?authuser=0&hl=en&rclk=1,auto repair shop,Decatur County,county,GA,2026-07-15T22:13:11,0x88f3808bf61c8003:0x7a2df8f7821125fe
Derrick's Automotive,,,,"Ailey, GA 30410, United States",,,GA,,5.0,2,Auto repair shop,,,https://www.google.com/maps/place/Derrick%27s+Automotive/data=!4m7!3m6!1s0x88f08f0053355451:0xa31a5f09937296c9!8m2!3d32.2271276!4d-82.4575796!16s%2Fg%2F11y7c7sz2r!19sChIJUVQ1UwCP8IgRyZZykwlfGqM?authuser=0&hl=en&rclk=1,auto repair shop,Emanuel County,county,GA,2026-07-23T19:13:54,0x88f08f0053355451:0xa31a5f09937296c9
Eagles truck repair shop,,,,"Vidalia, GA 30474, United States",,,GA,,,,Truck repair shop,,,https://www.google.com/maps/place/Eagles+truck+repair+shop/data=!4m7!3m6!1s0x88f08900162fe367:0x3804a1dbe6514003!8m2!3d32.2177724!4d-82.4134089!16s%2Fg%2F11z5x7wz8z!19sChIJZ-MvFgCJ8IgRA0BR5tuhBDg?authuser=0&hl=en&rclk=1,auto repair shop,Treutlen County,county,GA,2026-07-24T00:45:50,0x88f08900162fe367:0x3804a1dbe6514003
Eastside Auto Service,,,,"Dalton, GA 30721, United States",,,GA,,,,Auto repair shop,,,https://www.google.com/maps/place/Eastside+Auto+Service/data=!4m7!3m6!1s0x88607537f335aedf:0x27b6015d834d8dab!8m2!3d34.7690532!4d-84.9622281!16s%2Fg%2F11hcdwby01!19sChIJ36418zd1YIgRq41Ng10Btic?authuser=0&hl=en&rclk=1,auto repair shop,Whitfield County,county,GA,2026-07-16T08:56:50,0x88607537f335aedf:0x27b6015d834d8dab
Fitzgerald Express Lube,,,,"Fitzgerald, GA 31750, United States",,,GA,,,,Auto repair shop,,,https://www.google.com/maps/place/Fitzgerald+Express+Lube/data=!4m7!3m6!1s0x88f1e9e18fefe2cd:0xadf37d4b08b8cbd5!8m2!3d31.7057258!4d-83.2525657!16s%2Fg%2F11yk2hc47z!19sChIJzeLvj-Hp8YgR1cu4CEt9860?authuser=0&hl=en&rclk=1,auto repair shop,Ben Hill County,county,GA,2026-07-23T14:56:08,0x88f1e9e18fefe2cd:0xadf37d4b08b8cbd5
Gators Garage,,,,"Talking Rock, GA 30175, United States",,,GA,,,,Transmission shop,,,https://www.google.com/maps/place/Gators+Garage/data=!4m7!3m6!1s0x885f9216b5a8904f:0xcc6ba5b95fff0beb!8m2!3d34.5804353!4d-84.5367883!16s%2Fg%2F11gbp4f819!19sChIJT5CotRaSX4gR6wv_X7mla8w?authuser=0&hl=en&rclk=1,auto repair shop,Pickens County,county,GA,2026-07-16T05:23:03,0x885f9216b5a8904f:0xcc6ba5b95fff0beb
Highway Heros Inc,(850) 666-0905,https://www.facebook.com/p/Highway-Heros-Inc-61588231935890/,,,,,GA,,5.0,11,Mechanic,,,https://www.google.com/maps/place/Highway+Heros+Inc/data=!4m7!3m6!1s0x88ec2fa0fca42ceb:0xaa66f21a78d52dfa!8m2!3d30.6874855!4d-84.590142!16s%2Fg%2F11mzk7x5n3!19sChIJ6yyk_KAv7IgR-i3VeBryZqo?authuser=0&hl=en&rclk=1,auto repair shop,Brooks County,county,GA,2026-07-15T19:09:07,0x88ec2fa0fca42ceb:0xaa66f21a78d52dfa
Jackson county,,,,"Hoschton, GA 30548, United States",,,GA,,,,Auto repair shop,,,https://www.google.com/maps/place/Jackson+county/data=!4m7!3m6!1s0x88f5e5000d3111ff:0xefb73a77742f9a15!8m2!3d34.0964846!4d-83.7613163!16s%2Fg%2F11mm8rwspp!19sChIJ_xExDQDl9YgRFZovdHc6t-8?authuser=0&hl=en&rclk=1,auto repair shop,Jackson County,county,GA,2026-07-23T21:17:26,0x88f5e5000d3111ff:0xefb73a77742f9a15
James Paint & Body Shop Inc,(706) 782-3394,,,,,,GA,,3.8,29,Car repair and maintenance service,,,https://www.google.com/maps/place/James+Paint+%26+Body+Shop+Inc/data=!4m7!3m6!1s0x8858daeaabadba1b:0x62fee3918011c4b5!8m2!3d46.423669!4d-129.9427086!16s%2Fg%2F1tjdgxw7!19sChIJG7qtq-raWIgRtcQRgJHj_mI?authuser=0&hl=en&rclk=1,auto repair shop,Rabun County,county,GA,2026-07-16T05:56:58,0x8858daeaabadba1b:0x62fee3918011c4b5
Laytons Performance & Racing | LPRports.com,,https://lprports.com/,,,,,GA,,5.0,16,Engine rebuilding service,,,https://www.google.com/maps/place/Laytons+Performance+%26+Racing+%7C+LPRports.com/data=!4m7!3m6!1s0x25d1b4218215ea01:0x24b78c6e15c984b1!8m2!3d46.423669!4d-129.9427086!16s%2Fg%2F11z1t4gmzy!19sChIJAeoVgiG00SURsYTJFW6MtyQ?authuser=0&hl=en&rclk=1,auto repair shop,Ben Hill County,county,GA,2026-07-23T15:35:40,0x25d1b4218215ea01:0x24b78c6e15c984b1
METRO AUTOMOTIVE SERVICES,,,,"Georgia 30238, United States",,,GA,,5.0,2,Auto repair shop,,,https://www.google.com/maps/place/METRO+AUTOMOTIVE+SERVICES/data=!4m7!3m6!1s0x88f4f9fdbae13c85:0x8c64a9c11b37fd7f!8m2!3d33.490865!4d-84.3470698!16s%2Fg%2F11s5z8tzpc!19sChIJhTzhuv359IgRf_03G8GpZIw?authuser=0&hl=en&rclk=1,auto repair shop,Wilkes County,county,GA,2026-07-16T09:04:22,0x88f4f9fdbae13c85:0x8c64a9c11b37fd7f
MILLEN SERVICE STATION,,,,"Millen, GA 30442, United States",,,GA,,5.0,1,Gas station,,,https://www.google.com/maps/place/MILLEN+SERVICE+STATION/data=!4m7!3m6!1s0x88fa1e16cafa9419:0x27b253e0575475c4!8m2!3d32.8038272!4d-81.9369796!16s%2Fg%2F11s7tcb7_h!19sChIJGZT6yhYe-ogRxHVUV-BTsic?authuser=0&hl=en&rclk=1,auto repair shop,Jenkins County,county,GA,2026-07-23T21:38:53,0x88fa1e16cafa9419:0x27b253e0575475c4
Mavis tire repair,,https://www.mavis.com/service/tire-repair/,,"Fitzgerald, GA 31750, United States",,,GA,,4.3,6,Auto repair shop,,,https://www.google.com/maps/place/Mavis+tire+repair/data=!4m7!3m6!1s0x88f1e9007a34f7f7:0xd24a796cb11dba7f!8m2!3d31.7149082!4d-83.2526545!16s%2Fg%2F11vyfj66bt!19sChIJ9_c0egDp8YgRf7odsWx5StI?authuser=0&hl=en&rclk=1,auto repair shop,Ben Hill County,county,GA,2026-07-23T15:35:40,0x88f1e9007a34f7f7:0xd24a796cb11dba7f
Mecanica En General,,,,"Gainesville, GA 30504, United States",,,GA,,4.8,4,Auto repair shop,,,https://www.google.com/maps/place/Mecanica+En+General/data=!4m7!3m6!1s0x88f5f15355aabba9:0x43b512abc199c3b1!8m2!3d34.2652256!4d-83.841826!16s%2Fg%2F11gdrp_62z!19sChIJqbuqVVPx9YgRscOZwasStUM?authuser=0&hl=en&rclk=1,auto repair shop,Hall County,county,GA,2026-07-16T01:16:35,0x88f5f15355aabba9:0x43b512abc199c3b1
Middle Ga Automotive Detailing,,https://www.facebook.com/middlegaautomotivedetailing/,,"Hawkinsville, GA 31036, United States",,,GA,,4.5,10,Car detailing service,,,https://www.google.com/maps/place/Middle+Ga+Automotive+Detailing/data=!4m7!3m6!1s0x88f17b478a43f315:0x5f95f4d153dd6040!8m2!3d32.2837731!4d-83.4721177!16s%2Fg%2F11j7_52p9r!19sChIJFfNDikd78YgRQGDdU9H0lV8?authuser=0&hl=en&rclk=1,auto repair shop,Pulaski County,county,GA,2026-07-24T00:00:00,0x88f17b478a43f315:0x5f95f4d153dd6040
Migo the Mobile Mechanic,,,,,,,GA,,3.2,53,Mechanic,,,https://www.google.com/maps/place/Migo+the+Mobile+Mechanic/data=!4m7!3m6!1s0x88f3f9034a6d2fed:0x720602e7cf18a98f!8m2!3d32.9494975!4d-83.9388689!16s%2Fg%2F11rnj_6c1g!19sChIJ7S9tSgP584gRj6kYz-cCBnI?authuser=0&hl=en&rclk=1,auto repair shop,Wilkinson County,county,GA,2026-07-24T02:40:48,0x88f3f9034a6d2fed:0x720602e7cf18a98f
Not bowden auto repair,,,,"Homer, GA 30547, United States",,,GA,,4.5,2,Auto repair shop,,,https://www.google.com/maps/place/Not+bowden+auto+repair/data=!4m7!3m6!1s0x88f6021c753a51cb:0xdcca4a968b904b7!8m2!3d34.3211712!4d-83.5018009!16s%2Fg%2F11q24kjrdc!19sChIJy1E6dRwC9ogRtwS5aKmkzA0?authuser=0&hl=en&rclk=1,auto repair shop,Banks County,county,GA,2026-07-23T15:03:46,0x88f6021c753a51cb:0xdcca4a968b904b7
Pennzoil Discount Tire & Muffler,(229) 924-1589,,,"Americus, GA 31719, United States",,,GA,,3.1,19,Auto parts store,,,https://www.google.com/maps/place/Pennzoil+Discount+Tire+%26+Muffler/data=!4m7!3m6!1s0x88f257b24710da91:0x44b32b33543341c8!8m2!3d32.0852124!4d-84.2401937!16s%2Fg%2F11spp4wz30!19sChIJkdoQR7JX8ogRyEEzVDMrs0Q?authuser=0&hl=en&rclk=1,auto repair shop,Sumter County,county,GA,2026-07-16T06:41:34,0x88f257b24710da91:0x44b32b33543341c8
Pilgrim & Sons Garage,,,,"Thomson, GA 30824, United States",,,GA,,,,Auto repair shop,,,https://www.google.com/maps/place/Pilgrim+%26+Sons+Garage/data=!4m7!3m6!1s0x88f773ec6265655d:0x653200158ed99e61!8m2!3d33.4640364!4d-82.4941741!16s%2Fg%2F11k9kh34yr!19sChIJXWVlYuxz94gRYZ7ZjhUAMmU?authuser=0&hl=en&rclk=1,auto repair shop,McDuffie County,county,GA,2026-07-23T22:32:37,0x88f773ec6265655d:0x653200158ed99e61
R. E Clark Garage,,,,"Jacksonville, GA 31544, United States",,,GA,,,,Auto repair shop,,,https://www.google.com/maps/place/R.+E+Clark+Garage/data=!4m7!3m6!1s0x88f1b5ee5e62e535:0x5b3bdd91c0ac24f3!8m2!3d31.8131871!4d-82.9785406!16s%2Fg%2F11fqtm7pzn!19sChIJNeViXu618YgR8ySswJHdO1s?authuser=0&hl=en&rclk=1,auto repair shop,Telfair County,county,GA,2026-07-24T01:06:56,0x88f1b5ee5e62e535:0x5b3bdd91c0ac24f3
Rabi auto parts,,,,"McRae-Helena, GA 31037, United States",,,GA,,,,Motorcycle repair shop,,,https://www.google.com/maps/place/Rabi+auto+parts/data=!4m7!3m6!1s0x88f1ab004d1a0fc1:0xab422da54cae2c05!8m2!3d32.1574351!4d-82.907123!16s%2Fg%2F11w_pctc5d!19sChIJwQ8aTQCr8YgRBSyuTKUtQqs?authuser=0&hl=en&rclk=1,auto repair shop,Telfair County,county,GA,2026-07-16T07:09:51,0x88f1ab004d1a0fc1:0xab422da54cae2c05
Richie's Auto,,,,"Georgia 39840, United States",,,GA,,4.8,6,Auto repair shop,,,https://www.google.com/maps/place/Richie%27s+Auto/data=!4m7!3m6!1s0x88f2b098eea3cfed:0xa2dc6702999d6651!8m2!3d31.7705508!4d-84.7802525!16s%2Fg%2F11fqtm9v73!19sChIJ7c-j7piw8ogRUWadmQJn3KI?authuser=0&hl=en&rclk=1,auto repair shop,Randolph County,county,GA,2026-07-24T00:13:49,0x88f2b098eea3cfed:0xa2dc6702999d6651
Skin's family auto service,,,,,,,GA,,4.9,33,Towing service,,,https://www.google.com/maps/place/Skin%27s+family+auto+service/data=!4m7!3m6!1s0x88f3e11b60c29371:0x5fce366fc89afd02!8m2!3d32.320892!4d-83.8865615!16s%2Fg%2F11h7n7dn7c!19sChIJcZPCYBvh84gRAv2ayG82zl8?authuser=0&hl=en&rclk=1,auto repair shop,Wilkinson County,county,GA,2026-07-24T02:40:48,0x88f3e11b60c29371:0x5fce366fc89afd02
Stark's Auto Shop,,,,"Cordele, GA 31015, United States",,,GA,,5.0,1,Auto repair shop,,,https://www.google.com/maps/place/Stark%27s+Auto+Shop/data=!4m7!3m6!1s0x88f23b3e6a714af7:0x37129e2f1667c371!8m2!3d31.958738!4d-83.78209!16s%2Fg%2F11vf3x9j1d!19sChIJ90pxaj478ogRccNnFi-eEjc?authuser=0&hl=en&rclk=1,auto repair shop,Wilcox County,county,GA,2026-07-24T02:30:18,0x88f23b3e6a714af7:0x37129e2f1667c371
Truck & Trailer Service Ctr. Inc.,,,,"Georgia 31513, United States",,,GA,,,,Auto repair shop,,,https://www.google.com/maps/place/Truck+%26+Trailer+Service+Ctr.+Inc./data=!4m7!3m6!1s0x88f00d2d13a21707:0x2cbfea92dc5197aa!8m2!3d31.7615012!4d-82.3544889!16s%2Fg%2F11vz80zt8r!19sChIJBxeiEy0N8IgRqpdR3JLqvyw?authuser=0&hl=en&rclk=1,auto repair shop,Appling County,county,GA,2026-07-15T17:01:58,0x88f00d2d13a21707:0x2cbfea92dc5197aa
Waters Mobile Mechanic,,,,"Waycross, GA 31503, United States",,,GA,,5.0,12,Auto repair shop,,,https://www.google.com/maps/place/Waters+Mobile+Mechanic/data=!4m7!3m6!1s0xaab42012cb5e11e1:0x4520922f17f11f4!8m2!3d31.2135511!4d-82.3540178!16s%2Fg%2F11mz045yr3!19sChIJ4RFeyxIgtKoR9BF_8SIJUgQ?authuser=0&hl=en&rclk=1,auto repair shop,Ware County,county,GA,2026-07-24T02:09:02,0xaab42012cb5e11e1:0x4520922f17f11f4
Wholesale Tire Company,,,,"Pelham, GA 31779, United States",,,GA,,5.0,1,Tire shop,,,https://www.google.com/maps/place/Wholesale+Tire+Company/data=!4m7!3m6!1s0x88eda279fcba8d0b:0x121f3c206770299!8m2!3d31.1252104!4d-84.1537854!16s%2Fg%2F11vj18clc_!19sChIJC426_Hmi7YgRmQJ3BsLzIQE?authuser=0&hl=en&rclk=1,auto repair shop,Mitchell County,county,GA,2026-07-16T04:26:12,0x88eda279fcba8d0b:0x121f3c206770299
Xpress Lube,,,,"Toccoa, GA 30577, United States",,,GA,,5.0,1,Auto repair shop,,,https://www.google.com/maps/place/Xpress+Lube/data=!4m7!3m6!1s0x8858bc4806ee1a27:0x57fc855da093547b!8m2!3d34.5680669!4d-83.3038434!16s%2Fg%2F11h56yhvf9!19sChIJJxruBki8WIgRe1SToF2F_Fc?authuser=0&hl=en&rclk=1,auto repair shop,Stephens County,county,GA,2026-07-24T00:36:57,0x8858bc4806ee1a27:0x57fc855da093547b
"Adel Tire Co., Inc",(229) 896-3086,,,"215 N Hutchinson Ave, Adel, GA 31620, United States",215 N Hutchinson Ave,Adel,GA,31620,4.6,81,Tire shop,,,"https://www.google.com/maps/place/Adel+Tire+Co.,+Inc/data=!4m7!3m6!1s0x88ee0d8a6d9b3179:0xaf393d273523c75c!8m2!3d31.1392148!4d-83.4244557!16s%2Fg%2F11n283_qt4!19sChIJeTGbbYoN7ogRXMcjNSc9Oa8?authuser=0&hl=en&rclk=1",auto repair shop,Cook County,county,GA,2026-07-23T17:57:25,0x88ee0d8a6d9b3179:0xaf393d273523c75c
Cook County Ford Inc Service,(229) 896-7411,https://www.cookford.com/service/?utm_source=google&utm_medium=organic&utm_campaign=scgooglemybusiness,,"1000 S Hutchinson Ave, Adel, GA 31620, United States",1000 S Hutchinson Ave,Adel,GA,31620,5.0,2,Auto repair shop,,,https://www.google.com/maps/place/Cook+County+Ford+Inc+Service/data=!4m7!3m6!1s0x88ee131dbd2e3bf3:0xa98fa84bf01cca2a!8m2!3d31.1253867!4d-83.4198073!16s%2Fg%2F11llrsm3qj!19sChIJ8zsuvR0T7ogRKsoc8Euoj6k?authuser=0&hl=en&rclk=1,auto repair shop,Cook County,county,GA,2026-07-23T17:57:24,0x88ee131dbd2e3bf3:0xa98fa84bf01cca2a
One Stop Exhaust Shop,,,,"211 S Elm St, Adel, GA 31620, United States",211 S Elm St,Adel,GA,31620,5.0,2,Auto repair shop,,,https://www.google.com/maps/place/One+Stop+Exhaust+Shop/data=!4m7!3m6!1s0x88ee0d706305a049:0xbbed214a98c8aa4d!8m2!3d31.1324454!4d-83.4331407!16s%2Fg%2F11fct5mx9t!19sChIJSaAFY3AN7ogRTarImEoh7bs?authuser=0&hl=en&rclk=1,auto repair shop,Cook County,county,GA,2026-07-23T17:57:24,0x88ee0d706305a049:0xbbed214a98c8aa4d
Purvis Auto & Diesel,,,,"138 Erick Rd, Alamo, GA 30411, United States",138 Erick Rd,Alamo,GA,30411,5.0,1,Truck repair shop,,,https://www.google.com/maps/place/Purvis+Auto+%26+Diesel/data=!4m7!3m6!1s0x88f057b4cebf7013:0xddf6e3a746161e99!8m2!3d32.1228473!4d-82.8040854!16s%2Fg%2F11vyb0fd01!19sChIJE3C_zrRX8IgRmR4WRqfj9t0?authuser=0&hl=en&rclk=1,auto repair shop,Brooks County,county,GA,2026-07-23T16:01:53,0x88f057b4cebf7013:0xddf6e3a746161e99
TUCKERS SERVICE STATION,,,,"8928 US-82, Alapaha, GA 31622, United States",8928 US-82,Alapaha,GA,31622,4.7,7,Gas station,,,https://www.google.com/maps/place/TUCKERS+SERVICE+STATION/data=!4m7!3m6!1s0x88ee217355e1a181:0x596f268ff6a2b394!8m2!3d31.3870824!4d-83.226264!16s%2Fg%2F11j2z22dp5!19sChIJgaHhVXMh7ogRlLOi9o8mb1k?authuser=0&hl=en&rclk=1,auto repair shop,Atkinson County,county,GA,2026-07-15T17:18:06,0x88ee217355e1a181:0x596f268ff6a2b394
808 Automotive and Paint,,,,"808 W Broad Ave, Albany, GA 31701, United States",808 W Broad Ave,Albany,GA,31701,5.0,4,Auto repair shop,,,https://www.google.com/maps/place/808+Automotive+and+Paint/data=!4m7!3m6!1s0x88f27953327f4c2d:0xa900d67ce7284e51!8m2!3d31.576662!4d-84.1684315!16s%2Fg%2F11t15hr58b!19sChIJLUx_MlN58ogRUU4o53zWAKk?authuser=0&hl=en&rclk=1,auto repair shop,Dougherty County,county,GA,2026-07-23T18:46:52,0x88f27953327f4c2d:0xa900d67ce7284e51
Albany General Tire Services Inc,(229) 436-2484,,,"1006 W Broad Ave #1002, Albany, GA 31701, United States",1006 W Broad Ave #1002,Albany,GA,31701,4.8,26,Tire shop,,,https://www.google.com/maps/place/Albany+General+Tire+Services+Inc/data=!4m7!3m6!1s0x88f2795abee2a301:0x94ce16afeae16eb2!8m2!3d31.5765937!4d-84.1739747!16s%2Fg%2F1tzvxdcb!19sChIJAaPivlp58ogRsm7h6q8WzpQ?authuser=0&hl=en&rclk=1,auto repair shop,Albany,city,GA,2026-07-24T03:04:09,0x88f2795abee2a301:0x94ce16afeae16eb2
B K's Auto Air & Repair Inc,(229) 483-9340,,,"2887 Ledo Rd # B, Albany, GA 31707, United States",2887 Ledo Rd # B,Albany,GA,31707,5.0,26,Auto repair shop,,,https://www.google.com/maps/place/B+K%27s+Auto+Air+%26+Repair+Inc/data=!4m7!3m6!1s0x88f27c529d61dc19:0x90695627e9d46db5!8m2!3d31.6229187!4d-84.2192134!16s%2Fg%2F1trtw4ft!19sChIJGdxhnVJ88ogRtW3U6SdWaZA?authuser=0&hl=en&rclk=1,auto repair shop,Dougherty County,county,GA,2026-07-23T18:46:52,0x88f27c529d61dc19:0x90695627e9d46db5
DJ's Repair Service,,,,"726 S Westover Blvd, Albany, GA 31707, United States",726 S Westover Blvd,Albany,GA,31707,5.0,1,Repair service,,,https://www.google.com/maps/place/DJ%27s+Repair+Service/data=!4m7!3m6!1s0x88f27ef9de862b13:0xb85903beec3703b8!8m2!3d31.5549623!4d-84.2244434!16s%2Fg%2F1th1vw_k!19sChIJEyuG3vl-8ogRuAM37L4DWbg?authuser=0&hl=en&rclk=1,auto repair shop,Dougherty County,county,GA,2026-07-23T18:17:52,0x88f27ef9de862b13:0xb85903beec3703b8
Firestone Complete Auto Care,(229) 638-6897,https://www.firestonecompleteautocare.com/georgia/albany/2530-dawson-rd/?utm_source=google&utm_medium=organic&utm_campaign=localmaps&cmp=oloc_google_localmaps_maps,,"2530 Dawson Rd, Albany, GA 31707, United States",2530 Dawson Rd,Albany,GA,31707,4.4,534,Tire shop,,,https://www.google.com/maps/place/Firestone+Complete+Auto+Care/data=!4m7!3m6!1s0x88f27c477df388d7:0x3a2ea4aacfcbe85c!8m2!3d31.6117941!4d-84.2142523!16s%2Fg%2F1thnplyk!19sChIJ14jzfUd88ogRXOjLz6qkLjo?authuser=0&hl=en&rclk=1,auto repair shop,Albany,city,GA,2026-07-24T03:04:09,0x88f27c477df388d7:0x3a2ea4aacfcbe85c
Goodyear Auto Service,(229) 439-2285,https://www.goodyear.com/en-us/goodyearautoservice,,"502 W Broad Ave, Albany, GA 31701, United States",502 W Broad Ave,Albany,GA,31701,4.5,166,Tire shop,,,https://www.google.com/maps/place/Goodyear+Auto+Service/data=!4m7!3m6!1s0x88f27966761944f7:0x6f6cc6ea6ba4e76!8m2!3d31.5764293!4d-84.1593685!16s%2Fg%2F1tkkvq84!19sChIJ90QZdmZ58ogRdk66pm7M9gY?authuser=0&hl=en&rclk=1,auto repair shop,Baker County,county,GA,2026-07-23T14:49:18,0x88f27966761944f7:0x6f6cc6ea6ba4e76
Goodyear Auto Service,(229) 883-8800,https://www.goodyear.com/en-us/goodyearautoservice,,"2537 Stuart Ave, Albany, GA 31707, United States",2537 Stuart Ave,Albany,GA,31707,4.2,202,Tire shop,,,https://www.google.com/maps/place/Goodyear+Auto+Service/data=!4m7!3m6!1s0x88f27c47254a6277:0xdc0db0b18ebbaec0!8m2!3d31.6139207!4d-84.2126462!16s%2Fg%2F1tx4q5kx!19sChIJd2JKJUd88ogRwK67jrGwDdw?authuser=0&hl=en&rclk=1,auto repair shop,Dougherty County,county,GA,2026-07-23T18:46:52,0x88f27c47254a6277:0xdc0db0b18ebbaec0
Jim Mcreynolds Truck & Trailer Inc.,(229) 439-8088,,,"2505 Sylvester Rd, Albany, GA 31705, United States",2505 Sylvester Rd,Albany,GA,31705,4.4,23,Truck repair shop,,,https://www.google.com/maps/place/Jim+Mcreynolds+Truck+%26+Trailer+Inc./data=!4m7!3m6!1s0x88f2774e5fbad397:0x20de4626370ddb96!8m2!3d31.5753718!4d-84.0877307!16s%2Fg%2F1vqthmbf!19sChIJl9O6X0538ogRltsNNyZG3iA?authuser=0&hl=en&rclk=1,auto repair shop,Dougherty County,county,GA,2026-07-15T22:46:35,0x88f2774e5fbad397:0x20de4626370ddb96
Master Tech Automotive,,,,"2301 N Monroe St, Albany, GA 31701, United States",2301 N Monroe St,Albany,GA,31701,,,Auto repair shop,,,https://www.google.com/maps/place/Master+Tech+Automotive/data=!4m7!3m6!1s0x88f27f5a7e1e4a11:0x56d88459b38d517f!8m2!3d31.5787718!4d-84.1894439!16s%2Fg%2F11l2p2fvkz!19sChIJEUoeflp_8ogRf1GNs1mE2FY?authuser=0&hl=en&rclk=1,auto repair shop,Dougherty County,county,GA,2026-07-23T18:17:52,0x88f27f5a7e1e4a11:0x56d88459b38d517f
"Perry Paint & Body Shop, Inc.",(229) 436-8011,https://www.carwise.com/auto-body-shops/perry-paint-body-shop-inc-albany-ga-31701/474786,,"405 W Roosevelt Ave, Albany, GA 31701, United States",405 W Roosevelt Ave,Albany,GA,31701,4.7,62,Auto body shop,,,"https://www.google.com/maps/place/Perry+Paint+%26+Body+Shop,+Inc./data=!4m7!3m6!1s0x88f27963a00873ff:0xcba532fb7315bfda!8m2!3d31.5818057!4d-84.156747!16s%2Fg%2F11hbb0gzx6!19sChIJ_3MIoGN58ogR2r8Vc_sypcs?authuser=0&hl=en&rclk=1",auto repair shop,Albany,city,GA,2026-07-24T03:04:09,0x88f27963a00873ff:0xcba532fb7315bfda
Ted's Auto Repair,,,,"600 W Oglethorpe Blvd, Albany, GA 31701, United States",600 W Oglethorpe Blvd,Albany,GA,31701,1.0,1,Auto repair shop,,,https://www.google.com/maps/place/Ted%27s+Auto+Repair/data=!4m7!3m6!1s0x88f279687f595449:0x44b33bd368ca3b1f!8m2!3d31.5750697!4d-84.1622476!16s%2Fg%2F11fll65cz4!19sChIJSVRZf2h58ogRHzvKaNM7s0Q?authuser=0&hl=en&rclk=1,auto repair shop,Baker County,county,GA,2026-07-23T14:49:18,0x88f279687f595449:0x44b33bd368ca3b1f
Westside Service Center,,,,"1402 GA-234, Albany, GA 31701, United States",1402 GA-234,Albany,GA,31701,,,Auto repair shop,,,https://www.google.com/maps/place/Westside+Service+Center/data=!4m7!3m6!1s0x88f279376eba6573:0xb875a017899ab5fc!8m2!3d31.5605024!4d-84.1761003!16s%2Fg%2F11h_82843w!19sChIJc2W6bjd58ogR_LWaiRegdbg?authuser=0&hl=en&rclk=1,auto repair shop,Baker County,county,GA,2026-07-23T14:12:17,0x88f279376eba6573:0xb875a017899ab5fc
Alma's Auto Service Center,,,,"410 W 16th St, Alma, GA 31510, United States",410 W 16th St,Alma,GA,31510,,,Auto repair shop,,,https://www.google.com/maps/place/Alma%27s+Auto+Service+Center/data=!4m7!3m6!1s0x88f01bd3bb9f2783:0x90c2f2ea9f9ced07!8m2!3d31.539588!4d-82.4680964!16s%2Fg%2F11fjzb8brh!19sChIJgyefu9Mb8IgRB-2cn-rywpA?authuser=0&hl=en&rclk=1,auto repair shop,Bacon County,county,GA,2026-07-23T14:39:04,0x88f01bd3bb9f2783:0x90c2f2ea9f9ced07
Bussey's Tire Shop,,,,"905 S Pierce St, Alma, GA 31510, United States",905 S Pierce St,Alma,GA,31510,,,Tire repair shop,,,https://www.google.com/maps/place/Bussey%27s+Tire+Shop/data=!4m7!3m6!1s0x88f01b3689521685:0x5fb6430f0c1906c2!8m2!3d31.5352588!4d-82.4640636!16s%2Fg%2F11ssky2htw!19sChIJhRZSiTYb8IgRwgYZDA9Dtl8?authuser=0&hl=en&rclk=1,auto repair shop,Bacon County,county,GA,2026-07-15T17:25:32,0x88f01b3689521685:0x5fb6430f0c1906c2
NAPA Auto Parts - Brooks Auto Parts,(912) 632-8696,https://www.napaonline.com/en/GA/Alma/store/26383?cid=pl_jobber_google_dac_26383_ao,,"717 W 12th St, Alma, GA 31510, United States",717 W 12th St,Alma,GA,31510,4.6,36,Auto parts store,,,https://www.google.com/maps/place/NAPA+Auto+Parts+-+Brooks+Auto+Parts/data=!4m7!3m6!1s0x88f0197f908e3559:0x2b2b3d3242047713!8m2!3d31.542892!4d-82.473202!16s%2Fg%2F1tdfjh_r!19sChIJWTWOkH8Z8IgRE3cEQjI9Kys?authuser=0&hl=en&rclk=1,auto repair shop,Bacon County,county,GA,2026-07-23T14:39:04,0x88f0197f908e3559:0x2b2b3d3242047713
Window Tint,,,,"2081 GA-32, Alma, GA 31510, United States",2081 GA-32,Alma,GA,31510,,,Auto repair shop,,,https://www.google.com/maps/place/Window+Tint/data=!4m7!3m6!1s0x88f018f8384945b1:0x1b995fe15fd8f964!8m2!3d31.5448528!4d-82.5281982!16s%2Fg%2F11vd_d1c_y!19sChIJsUVJOPgY8IgRZPnYX-FfmRs?authuser=0&hl=en&rclk=1,auto repair shop,Bacon County,county,GA,2026-07-23T14:39:04,0x88f018f8384945b1:0x1b995fe15fd8f964
Deutschland Auto Service Inc.,(770) 852-8841,http://www.deutschlandautoservice.com/,,"185 Creamer Dr Suite B, Alpharetta, GA 30004, United States",185 Creamer Dr Suite B,Alpharetta,GA,30004,5.0,63,Auto repair shop,,,https://www.google.com/maps/place/Deutschland+Auto+Service+Inc./data=!4m7!3m6!1s0x88f59d7bc2cfd123:0x5864964be45a8a13!8m2!3d34.1362856!4d-84.2460165!16s%2Fg%2F11j651jpky!19sChIJI9HPwnud9YgRE4pa5EuWZFg?authuser=0&hl=en&rclk=1,auto repair shop,Forsyth County,county,GA,2026-07-16T00:12:41,0x88f59d7bc2cfd123:0x5864964be45a8a13
German Car Repair Inc,(770) 649-8700,http://germancarrepair.com/,,"6070 Atlanta Hwy, Alpharetta, GA 30004, United States",6070 Atlanta Hwy,Alpharetta,GA,30004,4.9,1169,Auto repair shop,,,https://www.google.com/maps/place/German+Car+Repair+Inc/data=!4m7!3m6!1s0x88f574a85f9f2091:0x7f3540764552def9!8m2!3d34.1345183!4d-84.2505668!16s%2Fg%2F1tfp393_!19sChIJkSCfX6h09YgR-d5SRXZANX8?authuser=0&hl=en&rclk=1,auto repair shop,Randolph County,county,GA,2026-07-24T00:13:49,0x88f574a85f9f2091:0x7f3540764552def9
Americus Auto Care Inc,(229) 928-2828,,,"902 S Martin Luther King Blvd, Americus, GA 31719, United States",902 S Martin Luther King Blvd,Americus,GA,31719,4.7,20,Tire shop,,,https://www.google.com/maps/place/Americus+Auto+Care+Inc/data=!4m7!3m6!1s0x88f2ff5f58681d45:0xdfbab9a056bb6ad6!8m2!3d32.0759718!4d-84.2411643!16s%2Fg%2F1vh_9656!19sChIJRR1oWF__8ogR1mq7VqC5ut8?authuser=0&hl=en&rclk=1,auto repair shop,Sumter County,county,GA,2026-07-16T06:41:34,0x88f2ff5f58681d45:0xdfbab9a056bb6ad6
Peacock Towing Inc,(229) 924-2771,http://www.peacocktowing.com/,,"440 US-280, Americus, GA 31709, United States",440 US-280,Americus,GA,31709,4.7,62,Towing service,,,https://www.google.com/maps/place/Peacock+Towing+Inc/data=!4m7!3m6!1s0x88f2574d88c66b1d:0x80d9b53e8d5a912a!8m2!3d32.0530584!4d-84.1890687!16s%2Fg%2F1tftm0xc!19sChIJHWvGiE1X8ogRKpFajT612YA?authuser=0&hl=en&rclk=1,auto repair shop,Sumter County,county,GA,2026-07-16T06:41:34,0x88f2574d88c66b1d:0x80d9b53e8d5a912a
"Sunbelt Ford of Americus, Inc. Service",(229) 924-2702,https://www.sunbeltamericus.com/,,"1710 US-280, Americus, GA 31709, United States",1710 US-280,Americus,GA,31709,5.0,1,Auto repair shop,,,"https://www.google.com/maps/place/Sunbelt+Ford+of+Americus,+Inc.+Service/data=!4m7!3m6!1s0x88f25736c85f722b:0x66059eed55af7a1b!8m2!3d32.0617333!4d-84.199304!16s%2Fg%2F11qpv_06ts!19sChIJK3JfyDZX8ogRG3qvVe2eBWY?authuser=0&hl=en&rclk=1",auto repair shop,Sumter County,county,GA,2026-07-16T06:41:34,0x88f25736c85f722b:0x66059eed55af7a1b
Tystanic Custom Paint And Body Inc.,(229) 931-6343,,,"102 US-19, Americus, GA 31719, United States",102 US-19,Americus,GA,31719,4.1,57,Auto body shop,,,https://www.google.com/maps/place/Tystanic+Custom+Paint+And+Body+Inc./data=!4m7!3m6!1s0x88598c49c4b2cf43:0xe481a6b8aba5fa61!8m2!3d32.0919479!4d-84.2402666!16s%2Fg%2F1hc2sxcd4!19sChIJQ8-yxEmMWYgRYfqlq7imgeQ?authuser=0&hl=en&rclk=1,auto repair shop,Sumter County,county,GA,2026-07-24T00:45:14,0x88598c49c4b2cf43:0xe481a6b8aba5fa61
Walmart Auto Care Centers,(229) 928-1953,https://www.walmart.com/store/758-americus-ga/auto-care-center/?veh=seo_loc,,"1711 E Lamar St, Americus, GA 31709, United States",1711 E Lamar St,Americus,GA,31709,3.6,38,Oil change service,,,https://www.google.com/maps/place/Walmart+Auto+Care+Centers/data=!4m7!3m6!1s0x88f25716a4249f05:0xbf689ab8d0ff5e50!8m2!3d32.0611604!4d-84.2018667!16s%2Fg%2F1tf669dr!19sChIJBZ8kpBZX8ogRUF7_0LiaaL8?authuser=0&hl=en&rclk=1,auto repair shop,Sumter County,county,GA,2026-07-16T06:41:34,0x88f25716a4249f05:0xbf689ab8d0ff5e50
Columbia County Fleet Services,,,,"County Camp Rd, Appling, GA 30802, United States",County Camp Rd,Appling,GA,30802,5.0,3,Auto repair shop,,,https://www.google.com/maps/place/Columbia+County+Fleet+Services/data=!4m7!3m6!1s0x88f778ca1efac365:0xb151e7845187dcc2!8m2!3d33.5340995!4d-82.3068313!16s%2Fg%2F11k5lvkx1_!19sChIJZcP6Hsp494gRwtyHUYTnUbE?authuser=0&hl=en&rclk=1,auto repair shop,Columbia County,county,GA,2026-07-15T21:33:52,0x88f778ca1efac365:0xb151e7845187dcc2
Chuck's 24/7 Paint and Body,,,,"68 New Rosedale Rd NE, Armuchee, GA 30105, United States",68 New Rosedale Rd NE,Armuchee,GA,30105,4.8,5,Auto body shop,,,https://www.google.com/maps/place/Chuck%27s+24%2F7+Paint+and+Body/data=!4m7!3m6!1s0x888aa718ee592359:0x67fccf606e9ff336!8m2!3d34.3930182!4d-85.1876381!16s%2Fg%2F11t02475tb!19sChIJWSNZ7hiniogRNvOfbmDP_Gc?authuser=0&hl=en&rclk=1,auto repair shop,Chattooga County,county,GA,2026-07-23T17:18:49,0x888aa718ee592359:0x67fccf606e9ff336
KSD Customs & Collision Inc.,(706) 291-7938,http://ksdcustoms.com/,,"4433 Old Summerville Rd, Armuchee, GA 30105, United States",4433 Old Summerville Rd,Armuchee,GA,30105,4.6,39,Auto body shop,,,https://www.google.com/maps/place/KSD+Customs+%26+Collision+Inc./data=!4m7!3m6!1s0x888aa423713394dd:0xc43207b5982180e7!8m2!3d34.4008295!4d-85.2110542!16s%2Fg%2F1td18m68!19sChIJ3ZQzcSOkiogR54AhmLUHMsQ?authuser=0&hl=en&rclk=1,auto repair shop,Chattooga County,county,GA,2026-07-23T17:18:49,0x888aa423713394dd:0xc43207b5982180e7
Doug's Body Shop,,,,"185 County Farm Rd, Ashburn, GA 31714, United States",185 County Farm Rd,Ashburn,GA,31714,,,Auto body shop,,,https://www.google.com/maps/place/Doug%27s+Body+Shop/data=!4m7!3m6!1s0x88f21d00325230a3:0x256eda89fe0152bd!8m2!3d31.6847257!4d-83.6423974!16s%2Fg%2F11z73xb86x!19sChIJozBSMgAd8ogRvVIB_onabiU?authuser=0&hl=en&rclk=1,auto repair shop,Turner County,county,GA,2026-07-16T07:57:11,0x88f21d00325230a3:0x256eda89fe0152bd
Procraft Automotive,,,,"333 E Washington Ave, Ashburn, GA 31714, United States",333 E Washington Ave,Ashburn,GA,31714,4.9,32,Auto repair shop,,,https://www.google.com/maps/place/Procraft+Automotive/data=!4m7!3m6!1s0x88f21d5a318d6e11:0xe4c0e215643814a1!8m2!3d31.707628!4d-83.6496389!16s%2Fg%2F11g0l9g14s!19sChIJEW6NMVod8ogRoRQ4ZBXiwOQ?authuser=0&hl=en&rclk=1,auto repair shop,Sumter County,county,GA,2026-07-24T00:45:14,0x88f21d5a318d6e11:0xe4c0e215643814a1
Knight's Automotive Repair & Wrecker Service Inc.,(334) 899-3257,https://www.knightswrecker.com/,,"2892 Old Hwy 84, Ashford, AL 36312, United States",2892 Old Hwy 84,Ashford,AL,36312,4.9,1306,Towing service,,,https://www.google.com/maps/place/Knight%27s+Automotive+Repair+%26+Wrecker+Service+Inc./data=!4m7!3m6!1s0x8892bf7cf08498b5:0xc1f5f79b6a549c1d!8m2!3d31.1778837!4d-85.2226923!16s%2Fg%2F1tdxg1s8!19sChIJtZiE8Hy_kogRHZxUapv39cE?authuser=0&hl=en&rclk=1,auto repair shop,Early County,county,GA,2026-07-23T18:55:38,0x8892bf7cf08498b5:0xc1f5f79b6a549c1d
AAMCO Transmissions & Total Car Care,(706) 522-7025,http://www.aamcoathensga.com/?utm_source=G&utm_medium=local&utm_campaign=google-local,,"2110 & 2120 W Broad St, Athens, GA 30606, United States",2110 & 2120 W Broad St,Athens,GA,30606,4.4,317,Transmission shop,,,https://www.google.com/maps/place/AAMCO+Transmissions+%26+Total+Car+Care/data=!4m7!3m6!1s0x88f6729d747a9ae9:0x96509b3436fa8161!8m2!3d33.951253!4d-83.405423!16s%2Fg%2F1v2pr1h9!19sChIJ6Zp6dJ1y9ogRYYH6NjSbUJY?authuser=0&hl=en&rclk=1,auto repair shop,Clarke County,county,GA,2026-07-23T17:32:42,0x88f6729d747a9ae9:0x96509b3436fa8161
Boidog Automotive Repair,,,,"176 Old Epps Bridge Rd, Athens, GA 30606, United States",176 Old Epps Bridge Rd,Athens,GA,30606,2.3,3,Auto repair shop,,,https://www.google.com/maps/place/Boidog+Automotive+Repair/data=!4m7!3m6!1s0x88f66d68f6063bd3:0xdfeb4627f1b9dd45!8m2!3d33.9519201!4d-83.4092947!16s%2Fg%2F11mhg_j51p!19sChIJ0zsG9mht9ogRRd258SdG698?authuser=0&hl=en&rclk=1,auto repair shop,Athens,city,GA,2026-07-16T09:39:24,0x88f66d68f6063bd3:0xdfeb4627f1b9dd45
Butler’s Automotive Inc,(706) 552-0072,,,"1563 S Lumpkin St, Athens, GA 30605, United States",1563 S Lumpkin St,Athens,GA,30605,4.7,103,Auto repair shop,,,https://www.google.com/maps/place/Butler%E2%80%99s+Automotive+Inc/data=!4m7!3m6!1s0x88f66d04ed60807b:0x56bcfc0f4ee9a2fd!8m2!3d33.9402522!4d-83.3857051!16s%2Fg%2F1tr7dn3b!19sChIJe4Bg7QRt9ogR_aLpTg_8vFY?authuser=0&hl=en&rclk=1,auto repair shop,Clarke County,county,GA,2026-07-23T17:32:42,0x88f66d04ed60807b:0x56bcfc0f4ee9a2fd
Diesel Doctor Truck And Trailer Repair Ltd Co,(706) 296-6472,https://dieseldoctortruckandtrailerrepair.com/,,"180 Produce Ln, Athens, GA 30605, United States",180 Produce Ln,Athens,GA,30605,4.9,26,Diesel engine repair service,,,https://www.google.com/maps/place/Diesel+Doctor+Truck+And+Trailer+Repair+Ltd+Co/data=!4m7!3m6!1s0x88f60c6e7d957567:0x5a4c70e465e467d4!8m2!3d33.9569297!4d-83.3435424!16s%2Fg%2F11ff4y688m!19sChIJZ3WVfW4M9ogR1GfkZeRwTFo?authuser=0&hl=en&rclk=1,auto repair shop,Madison County,county,GA,2026-07-16T03:54:31,0x88f60c6e7d957567:0x5a4c70e465e467d4
Five Star Automotive Corporation,(706) 353-0059,,,"530 Macon Hwy, Athens, GA 30606, United States",530 Macon Hwy,Athens,GA,30606,4.9,205,Auto repair shop,,,https://www.google.com/maps/place/Five+Star+Automotive+Corporation/data=!4m7!3m6!1s0x88f66dae200d03b7:0x968b3de57d71c472!8m2!3d33.9205611!4d-83.3857541!16s%2Fg%2F1tctsj7c!19sChIJtwMNIK5t9ogRcsRxfeU9i5Y?authuser=0&hl=en&rclk=1,auto repair shop,Clarke County,county,GA,2026-07-23T17:32:42,0x88f66dae200d03b7:0x968b3de57d71c472
JC & Sons Auto Service Inc,(762) 402-6152,,,"525b Hawthorne Ave, Athens, GA 30606, United States",525b Hawthorne Ave,Athens,GA,30606,5.0,3,Auto repair shop,,,https://www.google.com/maps/place/JC+%26+Sons+Auto+Service+Inc/data=!4m7!3m6!1s0x88f66dbd5a5602a9:0xfabcfdeb2144c07!8m2!3d33.958629!4d-83.4138905!16s%2Fg%2F11smkj6m5m!19sChIJqQJWWr1t9ogRB0wUst7Pqw8?authuser=0&hl=en&rclk=1,auto repair shop,Athens,city,GA,2026-07-16T09:39:24,0x88f66dbd5a5602a9:0xfabcfdeb2144c07
James Transmissions Inc.,(706) 353-1877,https://jamestransmissions.com/,,"1195 Danielsville Rd, Athens, GA 30601, United States",1195 Danielsville Rd,Athens,GA,30601,4.4,84,Transmission shop,,,https://www.google.com/maps/place/James+Transmissions+Inc./data=!4m7!3m6!1s0x88f613477fbb5725:0x517129d81817980b!8m2!3d33.9874004!4d-83.3586007!16s%2Fg%2F1trrf15n!19sChIJJVe7f0cT9ogRC5gXGNgpcVE?authuser=0&hl=en&rclk=1,auto repair shop,Athens,city,GA,2026-07-16T09:39:24,0x88f613477fbb5725:0x517129d81817980b
Japanese Motor Works Inc,(706) 549-5222,http://www.japanesemotorworks.com/,,"200 Firefighter Ct, Athens, GA 30607, United States",200 Firefighter Ct,Athens,GA,30607,4.8,620,Auto repair shop,,,https://www.google.com/maps/place/Japanese+Motor+Works+Inc/data=!4m7!3m6!1s0x88f60d5097e0e6c3:0x9b4afbb41324fd47!8m2!3d33.9882319!4d-83.4289855!16s%2Fg%2F1tg87hl9!19sChIJw-bgl1AN9ogRR_0kE7T7Sps?authuser=0&hl=en&rclk=1,auto repair shop,Clarke County,county,GA,2026-07-23T17:32:42,0x88f60d5097e0e6c3:0x9b4afbb41324fd47
LUXURY AUTO REPAIR,,,,"2250 Commerce Rd, Athens, GA 30607, United States",2250 Commerce Rd,Athens,GA,30607,5.0,6,,,,https://www.google.com/maps/place/LUXURY+AUTO+REPAIR/data=!4m7!3m6!1s0x88f613002586ab6b:0xfdcc244ad7fb3bc!8m2!3d34.0078283!4d-83.3861315!16s%2Fg%2F11yxlgy9mf!19sChIJa6uGJQAT9ogRvLN_rUTC3A8?authuser=0&hl=en&rclk=1,auto repair shop,Clarke County,county,GA,2026-07-23T17:32:42,0x88f613002586ab6b:0xfdcc244ad7fb3bc
Pep Boys Auto Service & Tires,(706) 521-6881,https://www.pepboys.com/stores/ga/athens/3702-atlanta-hwy?Cid=gbp_appt_AN:PB%7CPB:G%7CTT:GBP%7CCG:CONVERSION%7CCD:SERVICE,,"3702 Atlanta Hwy, Athens, GA 30606, United States",3702 Atlanta Hwy,Athens,GA,30606,3.9,698,Tire shop,,,https://www.google.com/maps/place/Pep+Boys+Auto+Service+%26+Tires/data=!4m7!3m6!1s0x88f6730218af2f21:0x1ddbdc151248bbac!8m2!3d33.941354!4d-83.46572!16s%2Fg%2F1tcvvq6c!19sChIJIS-vGAJz9ogRrLtIEhXc2x0?authuser=0&hl=en&rclk=1,auto repair shop,Clarke County,county,GA,2026-07-23T17:32:42,0x88f6730218af2f21:0x1ddbdc151248bbac
Superior Car Care Inc,(706) 316-1400,,,"110 Florence Dr, Athens, GA 30606, United States",110 Florence Dr,Athens,GA,30606,4.8,194,Auto repair shop,,,https://www.google.com/maps/place/Superior+Car+Care+Inc/data=!4m7!3m6!1s0x88f673777c44aee3:0x1a5dd426fdf32d8a!8m2!3d33.9394709!4d-83.4840263!16s%2Fg%2F1tcx_pf5!19sChIJ465EfHdz9ogRii3z_SbUXRo?authuser=0&hl=en&rclk=1,auto repair shop,Clarke County,county,GA,2026-07-23T17:32:42,0x88f673777c44aee3:0x1a5dd426fdf32d8a
Take 5 Oil Change,(706) 785-6121,https://www.take5.com/locations/oil-change/georgia/athens/31095/?utm_source=google&utm_medium=organic&utm_campaign=gbp_website,,"650 US-29, Athens, GA 30601, United States",650 US-29,Athens,GA,30601,4.6,712,Oil change service,,,https://www.google.com/maps/place/Take+5+Oil+Change/data=!4m7!3m6!1s0x88f6152540131b45:0x80beb162114e8434!8m2!3d33.9946255!4d-83.3363835!16s%2Fg%2F11kk7w9_0k!19sChIJRRsTQCUV9ogRNIROEWKxvoA?authuser=0&hl=en&rclk=1,auto repair shop,Clarke County,county,GA,2026-07-23T17:32:43,0x88f6152540131b45:0x80beb162114e8434
A & D Automotive Inc.,(404) 844-0144,http://adautoatl.com/,,"1256 Sylvan Rd SW, Atlanta, GA 30310, United States",1256 Sylvan Rd SW,Atlanta,GA,30310,4.8,99,Auto repair shop,,,https://www.google.com/maps/place/A+%26+D+Automotive+Inc./data=!4m7!3m6!1s0x88f50490ffc57e37:0xbdc661ea15feddf6!8m2!3d33.7206777!4d-84.4177322!16s%2Fg%2F1tnssr_b!19sChIJN37F_5AE9YgR9t3-Fephxr0?authuser=0&hl=en&rclk=1,auto repair shop,Fulton County,county,GA,2026-07-23T19:39:06,0x88f50490ffc57e37:0xbdc661ea15feddf6
A&S Road Mechanics,,,,"4872 Clark Howell Hwy #6010, Atlanta, GA 30349, United States",4872 Clark Howell Hwy #6010,Atlanta,GA,30349,5.0,4,Auto repair shop,,,https://www.google.com/maps/place/A%26S+Road+Mechanics/data=!4m7!3m6!1s0x88f4fda1219cd06d:0x7e74e2626f9db6b5!8m2!3d33.6222153!4d-84.4078558!16s%2Fg%2F11pxnc8zhk!19sChIJbdCcIaH99IgRtbadb2LidH4?authuser=0&hl=en&rclk=1,auto repair shop,Fulton County,county,GA,2026-07-16T00:20:17,0x88f4fda1219cd06d:0x7e74e2626f9db6b5
D&I Auto Body Shop Inc.,(404) 885-9575,https://www.dandiautobodyshop.com/,,"1779 Marietta Blvd NW, Atlanta, GA 30318, United States",1779 Marietta Blvd NW,Atlanta,GA,30318,4.7,288,Auto body shop,,,https://www.google.com/maps/place/D%26I+Auto+Body+Shop+Inc./data=!4m7!3m6!1s0x88f5038528343aff:0x2b3e4dcc5ce18096!8m2!3d33.803256!4d-84.4362284!16s%2Fg%2F1tn021s4!19sChIJ_zo0KIUD9YgRloDhXMxNPis?authuser=0&hl=en&rclk=1,auto repair shop,Atlanta,city,GA,2026-07-16T09:26:56,0x88f5038528343aff:0x2b3e4dcc5ce18096
"EddieTurnerTheCarDoctor,INC",(770) 728-5741,"https://www.google.com/gasearch?q=eddieturnerthecardoctor,inc&tbm=&source=sh/x/gs/m2/5#mpd=~5346897114290853544/editprofile/info",,"955 Desoto St NW Unit 11, Atlanta, GA 30314, United States",955 Desoto St NW Unit 11,Atlanta,GA,30314,4.9,235,Auto repair shop,,,"https://www.google.com/maps/place/EddieTurnerTheCarDoctor,INC/data=!4m7!3m6!1s0x88f50333801dc00b:0x68fbcef07908b804!8m2!3d33.7576712!4d-84.4190456!16s%2Fg%2F11vc0q9ywk!19sChIJC8AdgDMD9YgRBLgIefDO-2g?authuser=0&hl=en&rclk=1",auto repair shop,Fulton County,county,GA,2026-07-23T19:55:54,0x88f50333801dc00b:0x68fbcef07908b804
"European Automotive, Inc",(404) 872-2490,https://atlantaeuropeanautorepair.com/,,"754 Paines Ave NW, Atlanta, GA 30318, United States",754 Paines Ave NW,Atlanta,GA,30318,4.7,75,Auto repair shop,,,"https://www.google.com/maps/place/European+Automotive,+Inc/data=!4m7!3m6!1s0x88f50496891cd64d:0x5cb573a5d0d30398!8m2!3d33.7754477!4d-84.4141211!16s%2Fg%2F1ttyxkwm!19sChIJTdYciZYE9YgRmAPT0KVztVw?authuser=0&hl=en&rclk=1",auto repair shop,Fulton County,county,GA,2026-07-23T19:39:06,0x88f50496891cd64d:0x5cb573a5d0d30398
Firestone Complete Auto Care,(404) 369-8930,https://www.firestonecompleteautocare.com/georgia/atlanta/1776-howell-mill-rd-nw/?utm_source=google&utm_medium=organic&utm_campaign=localmaps&cmp=oloc_google_localmaps_maps,,"1776 Howell Mill Rd NW, Atlanta, GA 30318, United States",1776 Howell Mill Rd NW,Atlanta,GA,30318,3.6,837,Tire shop,,,https://www.google.com/maps/place/Firestone+Complete+Auto+Care/data=!4m7!3m6!1s0x88f504e0364631f7:0x59ecd7a0c40c7527!8m2!3d33.8029957!4d-84.4152559!16s%2Fg%2F1tdskmg9!19sChIJ9zFGNuAE9YgRJ3UMxKDX7Fk?authuser=0&hl=en&rclk=1,auto repair shop,Atlanta,city,GA,2026-07-16T09:26:56,0x88f504e0364631f7:0x59ecd7a0c40c7527
MIDTOWN TIRE INC,(404) 874-1112,http://www.midtowntire.com/,,"411 Ponce De Leon Ave NE, Atlanta, GA 30308, United States",411 Ponce De Leon Ave NE,Atlanta,GA,30308,4.7,2964,Tire shop,,,https://www.google.com/maps/place/MIDTOWN+TIRE+INC/data=!4m7!3m6!1s0x88f5041374e80107:0x60f41fb05acc33e4!8m2!3d33.7723509!4d-84.3737879!16s%2Fg%2F1tdn4yn3!19sChIJBwHodBME9YgR5DPMWrAf9GA?authuser=0&hl=en&rclk=1,auto repair shop,Atlanta,city,GA,2026-07-16T09:26:56,0x88f5041374e80107:0x60f41fb05acc33e4
Midas,(404) 692-6228,https://www.midas.com/store/ga/atlanta/920-northside-drive-30318/?shopnum=3133&utm_source=google&utm_medium=organic&utm_campaign=gbp,,"920 Northside Dr NW, Atlanta, GA 30318, United States",920 Northside Dr NW,Atlanta,GA,30318,4.5,1461,Auto repair shop,,,https://www.google.com/maps/place/Midas/data=!4m7!3m6!1s0x88f5049297097c59:0x5b4e0508866f12aa!8m2!3d33.7798396!4d-84.4079113!16s%2Fg%2F1tq4rxzt!19sChIJWXwJl5IE9YgRqhJvhggFTls?authuser=0&hl=en&rclk=1,auto repair shop,Atlanta,city,GA,2026-07-24T02:45:47,0x88f5049297097c59:0x5b4e0508866f12aa
Peter's Car Care,,https://peterscarcare.wixsite.com/mysite,,"1036 Donald Lee Hollowell Pkwy NW, Atlanta, GA 30318, United States",1036 Donald Lee Hollowell Pkwy NW,Atlanta,GA,30318,4.4,47,Auto repair shop,,,https://www.google.com/maps/place/Peter%27s+Car+Care/data=!4m7!3m6!1s0x88f504bc9235ed2b:0xa50e7942225ea14b!8m2!3d33.7729503!4d-84.4214512!16s%2Fg%2F11bz_2np9h!19sChIJK-01krwE9YgRS6FeIkJ5DqU?authuser=0&hl=en&rclk=1,auto repair shop,Fulton County,county,GA,2026-07-23T19:39:06,0x88f504bc9235ed2b:0xa50e7942225ea14b
"Roger Jordan Garage, Inc.",(404) 688-2692,http://www.rogerjordangarage.net/,,"1152 DeKalb Ave NE, Atlanta, GA 30307, United States",1152 DeKalb Ave NE,Atlanta,GA,30307,4.7,183,Auto repair shop,,,"https://www.google.com/maps/place/Roger+Jordan+Garage,+Inc./data=!4m7!3m6!1s0x88f506aba205f3cb:0x8c3133c4673acb74!8m2!3d33.7599606!4d-84.3502992!16s%2Fg%2F1v62jhkl!19sChIJy_MFoqsG9YgRdMs6Z8QzMYw?authuser=0&hl=en&rclk=1",auto repair shop,DeKalb County,county,GA,2026-07-23T18:33:07,0x88f506aba205f3cb:0x8c3133c4673acb74
"A. C. Proctor's Paint & Body Shop, Inc.",(706) 736-3110,http://www.proctorscollision.com/,,"3011 Milledgeville Rd, Augusta, GA 30904, United States",3011 Milledgeville Rd,Augusta,GA,30904,4.5,154,Auto repair shop,,,"https://www.google.com/maps/place/A.+C.+Proctor%27s+Paint+%26+Body+Shop,+Inc./data=!4m7!3m6!1s0x88f9ce01b46b5e0d:0xa91ad462aaa71e77!8m2!3d33.448346!4d-82.0391762!16s%2Fg%2F1tj4hxj8!19sChIJDV5rtAHO-YgRdx6nqmLUGqk?authuser=0&hl=en&rclk=1",auto repair shop,Richmond County,county,GA,2026-07-16T06:05:27,0x88f9ce01b46b5e0d:0xa91ad462aaa71e77
Bowyer Built Auto Inc,(762) 233-3813,,,"3865 Oak Dr, Augusta, GA 30907, United States",3865 Oak Dr,Augusta,GA,30907,4.9,130,Auto repair shop,,,https://www.google.com/maps/place/Bowyer+Built+Auto+Inc/data=!4m7!3m6!1s0x88f9d3981768aaf9:0x4684f6a6efef377f!8m2!3d33.509485!4d-82.0891307!16s%2Fg%2F11j6r8fhbg!19sChIJ-apoF5jT-YgRfzfv76b2hEY?authuser=0&hl=en&rclk=1,auto repair shop,Evans County,county,GA,2026-07-23T19:18:29,0x88f9d3981768aaf9:0x4684f6a6efef377f
Eddies Auto Service,,,,"2311 Old Savannah Rd, Augusta, GA 30906, United States",2311 Old Savannah Rd,Augusta,GA,30906,4.7,11,Auto repair shop,,,https://www.google.com/maps/place/Eddies+Auto+Service/data=!4m7!3m6!1s0x88f9ce64327c0001:0x5b51b02ba989d834!8m2!3d33.4332181!4d-82.0051043!16s%2Fg%2F11h3vbs93p!19sChIJAQB8MmTO-YgRNNiJqSuwUVs?authuser=0&hl=en&rclk=1,auto repair shop,Richmond County,county,GA,2026-07-23T23:37:55,0x88f9ce64327c0001:0x5b51b02ba989d834
Firestone Complete Auto Care,(706) 250-7409,https://www.firestonecompleteautocare.com/georgia/augusta/3220-wrightsboro-rd/?utm_source=google&utm_medium=organic&utm_campaign=localmaps&cmp=oloc_google_localmaps_maps,,"3220 Wrightsboro Rd, Augusta, GA 30909, United States",3220 Wrightsboro Rd,Augusta,GA,30909,3.7,394,Tire shop,,,https://www.google.com/maps/place/Firestone+Complete+Auto+Care/data=!4m7!3m6!1s0x88f9d23ddb195d8b:0xd4fdb9f1264f118d!8m2!3d33.46915!4d-82.0642499!16s%2Fg%2F1td61l7z!19sChIJi10Z2z3S-YgRjRFPJvG5_dQ?authuser=0&hl=en&rclk=1,auto repair shop,Columbia County,county,GA,2026-07-15T21:33:52,0x88f9d23ddb195d8b:0xd4fdb9f1264f118d
Firestone Complete Auto Care,(706) 828-1202,https://www.firestonecompleteautocare.com/georgia/augusta/1213-broad-st/?utm_source=google&utm_medium=organic&utm_campaign=localmaps&cmp=oloc_google_localmaps_maps,,"1213 Broad St, Augusta, GA 30901, United States",1213 Broad St,Augusta,GA,30901,4.7,1545,Tire shop,,,https://www.google.com/maps/place/Firestone+Complete+Auto+Care/data=!4m7!3m6!1s0x88f9cc685095b87f:0x8b6fc7aaceaa215e!8m2!3d33.4783164!4d-81.9730417!16s%2Fg%2F1v3gsrw5!19sChIJf7iVUGjM-YgRXiGqzqrHb4s?authuser=0&hl=en&rclk=1,auto repair shop,Richmond County,county,GA,2026-07-23T23:37:55,0x88f9cc685095b87f:0x8b6fc7aaceaa215e
Goodyear Auto Service,(706) 860-6200,https://www.goodyear.com/en-us/goodyearautoservice,,"3807 Washington Rd, Augusta, GA 30907, United States",3807 Washington Rd,Augusta,GA,30907,4.4,181,Tire shop,,,https://www.google.com/maps/place/Goodyear+Auto+Service/data=!4m7!3m6!1s0x88f9d31c54380e5f:0x18c02d0cc278b71e!8m2!3d33.5132222!4d-82.0872784!16s%2Fg%2F1txnq9hz!19sChIJXw44VBzT-YgRHrd4wgwtwBg?authuser=0&hl=en&rclk=1,auto repair shop,Columbia County,county,GA,2026-07-15T21:33:52,0x88f9d31c54380e5f:0x18c02d0cc278b71e
Goodyear Auto Service,(706) 228-5452,https://www.goodyear.com/en-us/goodyearautoservice,,"4393 W Maysfield Dr, Augusta, GA 30909, United States",4393 W Maysfield Dr,Augusta,GA,30909,4.7,548,Tire shop,,,https://www.google.com/maps/place/Goodyear+Auto+Service/data=!4m7!3m6!1s0x88f9d40abb548d91:0xf034e3871414cea4!8m2!3d33.4787384!4d-82.1285733!16s%2Fg%2F1tr7k7c3!19sChIJkY1UuwrU-YgRpM4UFIfjNPA?authuser=0&hl=en&rclk=1,auto repair shop,Richmond County,county,GA,2026-07-23T23:37:55,0x88f9d40abb548d91:0xf034e3871414cea4
Jiffy Lube,(706) 738-4111,https://www.jiffylube.com/locations/ga/augusta/3775,,"2836 Washington Rd, Augusta, GA 30909, United States",2836 Washington Rd,Augusta,GA,30909,4.6,1021,Oil change service,,,https://www.google.com/maps/place/Jiffy+Lube/data=!4m7!3m6!1s0x88f9cd6ef090499f:0xe64dd9176f804227!8m2!3d33.5106884!4d-82.0355568!16s%2Fg%2F1tf58rjb!19sChIJn0mQ8G7N-YgRJ0KAbxfZTeY?authuser=0&hl=en&rclk=1,auto repair shop,Augusta,city,GA,2026-07-16T09:30:05,0x88f9cd6ef090499f:0xe64dd9176f804227
Jiffy Lube,(706) 651-9808,https://www.jiffylube.com/locations/ga/augusta/3146,,"375 S Belair Rd, Augusta, GA 30907, United States",375 S Belair Rd,Augusta,GA,30907,4.8,1030,Oil change service,,,https://www.google.com/maps/place/Jiffy+Lube/data=!4m7!3m6!1s0x88f9d471221f1ed3:0xe8e359eaaec67372!8m2!3d33.4863028!4d-82.1350251!16s%2Fg%2F1tf7ndwz!19sChIJ0x4fInHU-YgRcnPGrupZ4-g?authuser=0&hl=en&rclk=1,auto repair shop,Augusta,city,GA,2026-07-16T09:30:05,0x88f9d471221f1ed3:0xe8e359eaaec67372
Midas,(706) 550-1934,https://www.midas.com/store/ga/augusta/2806-washington-road-30909/?shopnum=3180&utm_source=google&utm_medium=organic&utm_campaign=gbp,,"2806 Washington Rd, Augusta, GA 30909, United States",2806 Washington Rd,Augusta,GA,30909,4.3,369,Auto repair shop,,,https://www.google.com/maps/place/Midas/data=!4m7!3m6!1s0x88f9cd6f7bee6a75:0x8f3c807b56d9997a!8m2!3d33.5098044!4d-82.0293174!16s%2Fg%2F1tgm3qhg!19sChIJdWrue2_N-YgRepnZVnuAPI8?authuser=0&hl=en&rclk=1,auto repair shop,Richmond County,county,GA,2026-07-16T06:05:27,0x88f9cd6f7bee6a75:0x8f3c807b56d9997a
Pep Boys Auto Service & Tires,(706) 432-1887,https://www.pepboys.com/stores/ga/augusta/3127-washington-road?Cid=gbp_appt_AN:PB%7CPB:G%7CTT:GBP%7CCG:CONVERSION%7CCD:SERVICE,,"3127 Washington Rd, Augusta, GA 30909, United States",3127 Washington Rd,Augusta,GA,30909,4.1,567,Tire shop,,,https://www.google.com/maps/place/Pep+Boys+Auto+Service+%26+Tires/data=!4m7!3m6!1s0x88f9d296af1d63d9:0x4c55efa9f27a5be!8m2!3d33.5143329!4d-82.0565828!16s%2Fg%2F11gbxgbhrz!19sChIJ2WMdr5bS-YgRvqUnn_pexQQ?authuser=0&hl=en&rclk=1,auto repair shop,Columbia County,county,GA,2026-07-15T21:33:52,0x88f9d296af1d63d9:0x4c55efa9f27a5be
Pep Boys Auto Service & Tires,(706) 426-9741,https://www.pepboys.com/stores/ga/augusta/1725-gordon-hwy?Cid=gbp_appt_AN:PB%7CPB:G%7CTT:GBP%7CCG:CONVERSION%7CCD:SERVICE,,"1725 Gordon Hwy, Augusta, GA 30904, United States",1725 Gordon Hwy,Augusta,GA,30904,4.1,631,Tire shop,,,https://www.google.com/maps/place/Pep+Boys+Auto+Service+%26+Tires/data=!4m7!3m6!1s0x88f9ce0e1d31986f:0x5f4ad2dd456e8b87!8m2!3d33.441164!4d-82.026706!16s%2Fg%2F1tx_76fd!19sChIJb5gxHQ7O-YgRh4tuRd3SSl8?authuser=0&hl=en&rclk=1,auto repair shop,Columbia County,county,GA,2026-07-15T21:33:52,0x88f9ce0e1d31986f:0x5f4ad2dd456e8b87
Ray's Auto Sales & Service,,,,"3859 Peach Orchard Rd, Augusta, GA 30906, United States",3859 Peach Orchard Rd,Augusta,GA,30906,4.3,46,Tire shop,,,https://www.google.com/maps/place/Ray%27s+Auto+Sales+%26+Service/data=!4m7!3m6!1s0x88f9dabaf0e463eb:0x64a56b77c149a9d8!8m2!3d33.3496547!4d-82.0535211!16s%2Fg%2F11bzxzmznl!19sChIJ62Pk8Lra-YgR2KlJwXdrpWQ?authuser=0&hl=en&rclk=1,auto repair shop,Richmond County,county,GA,2026-07-16T06:05:27,0x88f9dabaf0e463eb:0x64a56b77c149a9d8
Ty's Auto World,,,,"2419 1/2 Milledgeville Rd, Augusta, GA 30906, United States",2419 1/2 Milledgeville Rd,Augusta,GA,30906,5.0,54,Auto repair shop,,,https://www.google.com/maps/place/Ty%27s+Auto+World/data=!4m7!3m6!1s0x88f9cfc88a6946cf:0xa346454d49f4fa3b!8m2!3d33.4471845!4d-82.013145!16s%2Fg%2F11tbxt7dds!19sChIJz0ZpisjP-YgRO_r0SU1FRqM?authuser=0&hl=en&rclk=1,auto repair shop,Richmond County,county,GA,2026-07-23T23:37:55,0x88f9cfc88a6946cf:0xa346454d49f4fa3b
Hart's Automotive Inc,,,,"109 Spring Creek Rd, Bainbridge, GA 39817, United States",109 Spring Creek Rd,Bainbridge,GA,39817,4.4,20,Auto repair shop,,,https://www.google.com/maps/place/Hart%27s+Automotive+Inc/data=!4m7!3m6!1s0x88ed1889162aea11:0x4f58a53072a6d097!8m2!3d30.9154526!4d-84.5919733!16s%2Fg%2F1tgx7fk0!19sChIJEeoqFokY7YgRl9CmcjClWE8?authuser=0&hl=en&rclk=1,auto repair shop,Decatur County,county,GA,2026-07-23T18:27:25,0x88ed1889162aea11:0x4f58a53072a6d097
Southern Tire & Battery Co Inc,(229) 246-4925,,,"1129 E Shotwell St, Bainbridge, GA 39819, United States",1129 E Shotwell St,Bainbridge,GA,39819,4.6,48,Tire shop,,,https://www.google.com/maps/place/Southern+Tire+%26+Battery+Co+Inc/data=!4m7!3m6!1s0x88ed191c462441bf:0x8e245236641aeb6c!8m2!3d30.904111!4d-84.5598634!16s%2Fg%2F1thgc8qw!19sChIJv0EkRhwZ7YgRbOsaZDZSJI4?authuser=0&hl=en&rclk=1,auto repair shop,Baker County,county,GA,2026-07-23T14:49:18,0x88ed191c462441bf:0x8e245236641aeb6c
Walmart Auto Care Center,(229) 246-9596,https://www.walmart.com/store/5422-bainbridge-ga/auto-care-center/?veh=seo_loc,,"500 E Alice St, Bainbridge, GA 39819, United States",500 E Alice St,Bainbridge,GA,39819,3.5,71,Oil change service,,,https://www.google.com/maps/place/Walmart+Auto+Care+Center/data=!4m7!3m6!1s0x88ed18c3620094d5:0x9e0a6f24c5b09866!8m2!3d30.8901547!4d-84.571023!16s%2Fg%2F1tfj3_fj!19sChIJ1ZQAYsMY7YgRZpiwxSRvCp4?authuser=0&hl=en&rclk=1,auto repair shop,Decatur County,county,GA,2026-07-15T22:13:11,0x88ed18c3620094d5:0x9e0a6f24c5b09866
Jared's Tire Shop,,,,"836 Willingham Ave, Baldwin, GA 30511, United States",836 Willingham Ave,Baldwin,GA,30511,4.2,103,Used tire shop,,,https://www.google.com/maps/place/Jared%27s+Tire+Shop/data=!4m7!3m6!1s0x8858ada388ea30c3:0x77b033a0acae1552!8m2!3d34.4884639!4d-83.5412471!16s%2Fg%2F11gfjt2cbf!19sChIJwzDqiKOtWIgRUhWurKAzsHc?authuser=0&hl=en&rclk=1,auto repair shop,Banks County,county,GA,2026-07-23T15:03:47,0x8858ada388ea30c3:0x77b033a0acae1552
CFN Automotive and Performance,,,,"376 Liberty St, Barnesville, GA 30204, United States",376 Liberty St,Barnesville,GA,30204,5.0,3,Auto repair shop,,,https://www.google.com/maps/place/CFN+Automotive+and+Performance/data=!4m7!3m6!1s0x88f47be4df684203:0x5a792448d109dce9!8m2!3d33.0620475!4d-84.16833!16s%2Fg%2F11lkq4g5c0!19sChIJA0Jo3-R79IgR6dwJ0UgkeVo?authuser=0&hl=en&rclk=1,auto repair shop,Lamar County,county,GA,2026-07-16T02:46:54,0x88f47be4df684203:0x5a792448d109dce9
"Dan's Automotive & Welding, Inc.",(770) 358-9389,,,"991 Veterans Pkwy, Barnesville, GA 30204, United States",991 Veterans Pkwy,Barnesville,GA,30204,4.3,39,Auto repair shop,,,"https://www.google.com/maps/place/Dan%27s+Automotive+%26+Welding,+Inc./data=!4m7!3m6!1s0x88f47a3597aeaa2d:0xf9c262ef33e184be!8m2!3d33.0328388!4d-84.1490771!16s%2Fg%2F1tg_mgm_!19sChIJLaqulzV69IgRvoThM-9iwvk?authuser=0&hl=en&rclk=1",auto repair shop,Lamar County,county,GA,2026-07-23T21:50:11,0x88f47a3597aeaa2d:0xf9c262ef33e184be
Marty's Transmission Shop,,,,"5092 Highfalls Park Rd, Barnesville, GA 30204, United States",5092 Highfalls Park Rd,Barnesville,GA,30204,4.1,28,Transmission shop,,,https://www.google.com/maps/place/Marty%27s+Transmission+Shop/data=!4m7!3m6!1s0x88f46f40208ee1d3:0x826b3afcec192ca0!8m2!3d33.1740455!4d-84.0304794!16s%2Fg%2F11gk8x4bv1!19sChIJ0-GOIEBv9IgRoCwZ7Pw6a4I?authuser=0&hl=en&rclk=1,auto repair shop,Lamar County,county,GA,2026-07-23T21:18:12,0x88f46f40208ee1d3:0x826b3afcec192ca0
"Hadden's Auto Repair, Inc.",(478) 625-9655,,,"1264 Punk Tarver Rd, Bartow, GA 30413, United States",1264 Punk Tarver Rd,Bartow,GA,30413,5.0,1,Auto repair shop,,,"https://www.google.com/maps/place/Hadden%27s+Auto+Repair,+Inc./data=!4m7!3m6!1s0x88f74c9e46e08dbb:0xc6ad49defe45bda2!8m2!3d32.962183!4d-82.436681!16s%2Fg%2F1tdn9jdg!19sChIJu43gRp5M94gRor1F_t5JrcY?authuser=0&hl=en&rclk=1",auto repair shop,Jefferson County,county,GA,2026-07-23T21:32:31,0x88f74c9e46e08dbb:0xc6ad49defe45bda2
Guerra's Auto,,,,"4366 Fire Tower Rd, Baxley, GA 31513, United States",4366 Fire Tower Rd,Baxley,GA,31513,5.0,6,Mechanic,,,https://www.google.com/maps/place/Guerra%27s+Auto/data=!4m7!3m6!1s0x88fa9dbb686449ad:0x87b26c1700197444!8m2!3d31.8479783!4d-82.1834507!16s%2Fg%2F11khksjjw5!19sChIJrUlkaLud-ogRRHQZABdssoc?authuser=0&hl=en&rclk=1,auto repair shop,Appling County,county,GA,2026-07-23T14:17:14,0x88fa9dbb686449ad:0x87b26c1700197444
Honda Service,,,,"2384 Golden Isles W, Baxley, GA 31513, United States",2384 Golden Isles W,Baxley,GA,31513,,,,,,https://www.google.com/maps/place/Honda+Service/data=!4m7!3m6!1s0x88f0729e67265687:0xaa4fccabaddbd21!8m2!3d31.7922767!4d-82.3858793!16s%2Fg%2F11f0wpb1_6!19sChIJh1YmZ55y8IgRIb3dusr8pAo?authuser=0&hl=en&rclk=1,auto repair shop,Appling County,county,GA,2026-07-15T17:01:58,0x88f0729e67265687:0xaa4fccabaddbd21
J&Y Auto Repair,,,,"137 Henry Ryals Rd, Baxley, GA 31513, United States",137 Henry Ryals Rd,Baxley,GA,31513,,,,,,https://www.google.com/maps/place/J%26Y+Auto+Repair/data=!4m7!3m6!1s0x88f073535b2bd0ed:0x5f8477d3fca8b83e!8m2!3d31.7943683!4d-82.3463709!16s%2Fg%2F11v141v_91!19sChIJ7dArW1Nz8IgRPrio_NN3hF8?authuser=0&hl=en&rclk=1,auto repair shop,Appling County,county,GA,2026-07-23T14:17:14,0x88f073535b2bd0ed:0x5f8477d3fca8b83e
Just rite paint and body,,,,"137 Omega Cemetary Rd, Baxley, GA 31513, United States",137 Omega Cemetary Rd,Baxley,GA,31513,5.0,2,Auto repair shop,,,https://www.google.com/maps/place/Just+rite+paint+and+body/data=!4m7!3m6!1s0x88f073342697f7a9:0x8c6faea6bac44eb1!8m2!3d31.8209103!4d-82.3319622!16s%2Fg%2F11s4zc6lrb!19sChIJqfeXJjRz8IgRsU7Euqaub4w?authuser=0&hl=en&rclk=1,auto repair shop,Appling County,county,GA,2026-07-23T14:17:14,0x88f073342697f7a9:0x8c6faea6bac44eb1
KAT'S Automotive,,https://www.facebook.com/katsautomotive,,"2245 Golden Isles Hwy E, Baxley, GA 31513, United States",2245 Golden Isles Hwy E,Baxley,GA,31513,,,Mechanic,,,https://www.google.com/maps/place/KAT%27S+Automotive/data=!4m7!3m6!1s0x88f073c92b34b027:0x13490c54a7fc1ec5!8m2!3d31.7669142!4d-82.3131698!16s%2Fg%2F11nh4pkgbw!19sChIJJ7A0K8lz8IgRxR78p1QMSRM?authuser=0&hl=en&rclk=1,auto repair shop,Appling County,county,GA,2026-07-23T14:17:14,0x88f073c92b34b027:0x13490c54a7fc1ec5
Livingston's Garage Inc,(912) 367-2459,,,"1129 Hatch Pkwy N, Baxley, GA 31513, United States",1129 Hatch Pkwy N,Baxley,GA,31513,4.0,59,Auto repair shop,,,https://www.google.com/maps/place/Livingston%27s+Garage+Inc/data=!4m7!3m6!1s0x88f072e41b92fdd1:0x709f77785957430!8m2!3d31.7941583!4d-82.3517411!16s%2Fg%2F1tr8mdwj!19sChIJ0f2SG-Ry8IgRMHSVhXf3CQc?authuser=0&hl=en&rclk=1,auto repair shop,Appling County,county,GA,2026-07-23T14:17:14,0x88f072e41b92fdd1:0x709f77785957430
NAPA Auto Parts - Brooks Auto Parts,(912) 367-2436,https://www.napaonline.com/en/GA/Baxley/store/22248?cid=pl_jobber_google_dac_22248_ao,,"161 E Parker St, Baxley, GA 31513, United States",161 E Parker St,Baxley,GA,31513,4.5,69,Auto parts store,,,https://www.google.com/maps/place/NAPA+Auto+Parts+-+Brooks+Auto+Parts/data=!4m7!3m6!1s0x88f0732776d581d7:0x24a87c1e4a21a9ce!8m2!3d31.7781383!4d-82.3458606!16s%2Fg%2F1tf58qvb!19sChIJ14HVdidz8IgRzqkhSh58qCQ?authuser=0&hl=en&rclk=1,auto repair shop,Appling County,county,GA,2026-07-23T13:42:14,0x88f0732776d581d7:0x24a87c1e4a21a9ce
Randy's Paint and Body,,,,"170 Errin Ln, Baxley, GA 31513, United States",170 Errin Ln,Baxley,GA,31513,5.0,3,Auto repair shop,,,https://www.google.com/maps/place/Randy%27s+Paint+and+Body/data=!4m7!3m6!1s0x88f07100634d5dcb:0xacde10d3302393c5!8m2!3d31.8994181!4d-82.3149022!16s%2Fg%2F11yswkqv1n!19sChIJy11NYwBx8IgRxZMjMNMQ3qw?authuser=0&hl=en&rclk=1,auto repair shop,Appling County,county,GA,2026-07-23T14:17:14,0x88f07100634d5dcb:0xacde10d3302393c5
Tacoes General Inspections,,,,"4800 10 Mile Rd, Baxley, GA 31513, United States",4800 10 Mile Rd,Baxley,GA,31513,5.0,1,Auto repair shop,,,https://www.google.com/maps/place/Tacoes+General+Inspections/data=!4m7!3m6!1s0x88f075000ac0f95b:0x8717db2b4c01b951!8m2!3d31.8439742!4d-82.2829481!16s%2Fg%2F11yfznp38j!19sChIJW_nACgB18IgRUbkBTCvbF4c?authuser=0&hl=en&rclk=1,auto repair shop,Appling County,county,GA,2026-07-23T14:17:14,0x88f075000ac0f95b:0x8717db2b4c01b951
Walmart Auto Care Center,(912) 367-3231,https://www.walmart.com/store/5392-baxley-ga/auto-care-center/?veh=seo_loc,,"980 W Parker St, Baxley, GA 31513, United States",980 W Parker St,Baxley,GA,31513,3.4,55,Oil change service,,,https://www.google.com/maps/place/Walmart+Auto+Care+Center/data=!4m7!3m6!1s0x88f072c3bf74d51b:0xf75d80d620df3fe2!8m2!3d31.7860976!4d-82.3646836!16s%2Fg%2F1tftxssm!19sChIJG9V0v8Ny8IgR4j_fINaAXfc?authuser=0&hl=en&rclk=1,auto repair shop,Appling County,county,GA,2026-07-23T14:17:14,0x88f072c3bf74d51b:0xf75d80d620df3fe2
"Woody Folsom Automotive, Inc. Chevrolet GMC",(912) 209-0652,https://www.woodyfolsomchevroletolds.com/?utm_source=gmb_listing&utm_medium=organic&utm_campaign=directorylistings,,"1749 Golden Isles W, Baxley, GA 31513, United States",1749 Golden Isles W,Baxley,GA,31513,4.4,1206,Car dealer,,,"https://www.google.com/maps/place/Woody+Folsom+Automotive,+Inc.+Chevrolet+GMC/data=!4m7!3m6!1s0x88f072bd606b80f1:0x97e11bbee0a21c1a!8m2!3d31.7872256!4d-82.3763138!16s%2Fg%2F11rtnvwyjr!19sChIJ8YBrYL1y8IgRGhyi4L4b4Zc?authuser=0&hl=en&rclk=1",auto repair shop,Appling County,county,GA,2026-07-23T13:42:14,0x88f072bd606b80f1:0x97e11bbee0a21c1a
"Woody Folsom Ford, Inc. Collision",(912) 367-2466,https://www.woodyfolsomford.net/?utm_source=gmbcol&utm_medium=social&mcmid=gmbcol,,"1633 Golden Isles W, Baxley, GA 31513, United States",1633 Golden Isles W,Baxley,GA,31513,1.0,1,Auto body shop,,,"https://www.google.com/maps/place/Woody+Folsom+Ford,+Inc.+Collision/data=!4m7!3m6!1s0x88f073651f01ed55:0xa2cf7b4131f94d4f!8m2!3d31.786615!4d-82.3740476!16s%2Fg%2F11mhwbf0mz!19sChIJVe0BH2Vz8IgRT035MUF7z6I?authuser=0&hl=en&rclk=1",auto repair shop,Appling County,county,GA,2026-07-23T14:17:14,0x88f073651f01ed55:0xa2cf7b4131f94d4f
"Woody Folsom Ford, Inc. Service",(912) 367-2466,https://www.woodyfolsomford.net/?utm_source=gmbsvc&utm_medium=social&mcmid=gmbsvc,,"1633 Golden Isles W, Baxley, GA 31513, United States",1633 Golden Isles W,Baxley,GA,31513,4.3,12,Auto repair shop,,,"https://www.google.com/maps/place/Woody+Folsom+Ford,+Inc.+Service/data=!4m7!3m6!1s0x88f073a3ae07d917:0xc8b4c3df5c9fe49b!8m2!3d31.786615!4d-82.3740476!16s%2Fg%2F11n0cl_ctg!19sChIJF9kHrqNz8IgRm-SfXN_DtMg?authuser=0&hl=en&rclk=1",auto repair shop,Appling County,county,GA,2026-07-23T14:17:14,0x88f073a3ae07d917:0xc8b4c3df5c9fe49b
O'Reilly Auto Parts,(912) 452-0484,https://locations.oreillyauto.com/en-us/ga/blackshear/autoparts-5050.html,,"3232 US-84, Blackshear, GA 31516, United States",3232 US-84,Blackshear,GA,31516,4.5,124,Auto parts store,,,https://www.google.com/maps/place/O%27Reilly+Auto+Parts/data=!4m7!3m6!1s0x88eff8d27f690a09:0xbf6f8a9abef4e503!8m2!3d31.296719!4d-82.2522608!16s%2Fg%2F11cmsnmywb!19sChIJCQppf9L474gRA-X0vpqKb78?authuser=0&hl=en&rclk=1,auto repair shop,Pierce County,county,GA,2026-07-16T05:30:01,0x88eff8d27f690a09:0xbf6f8a9abef4e503
Sodwin & Sons Auto Truck Tractor Repair,,,,"Keller St, Blackshear, GA 31516, United States",Keller St,Blackshear,GA,31516,,,Auto repair shop,,,https://www.google.com/maps/place/Sodwin+%26+Sons+Auto+Truck+Tractor+Repair/data=!4m7!3m6!1s0x88eff8cd83e18dc9:0x4074bab9a1491d7b!8m2!3d31.2998256!4d-82.2470967!16s%2Fg%2F11w9nfbk0c!19sChIJyY3hg83474gRex1Jobm6dEA?authuser=0&hl=en&rclk=1,auto repair shop,Pierce County,county,GA,2026-07-23T23:46:06,0x88eff8cd83e18dc9:0x4074bab9a1491d7b
Tire & Wheel Inc.,(912) 449-6164,,,"3599 GA-38, Blackshear, GA 31516, United States",3599 GA-38,Blackshear,GA,31516,4.9,43,Tire shop,,,https://www.google.com/maps/place/Tire+%26+Wheel+Inc./data=!4m7!3m6!1s0x88efff35e79b865d:0x48c560728e87b4ae!8m2!3d31.3062657!4d-82.240431!16s%2Fg%2F1tppst0_!19sChIJXYab5zX_74gRrrSHjnJgxUg?authuser=0&hl=en&rclk=1,auto repair shop,Pierce County,county,GA,2026-07-23T23:46:06,0x88efff35e79b865d:0x48c560728e87b4ae
Blairsville Truck & Equipment,,,,"808 Crump Creek Rd, Blairsville, GA 30512, United States",808 Crump Creek Rd,Blairsville,GA,30512,3.5,2,Truck repair shop,,,https://www.google.com/maps/place/Blairsville+Truck+%26+Equipment/data=!4m7!3m6!1s0x885f3d68e5f2d313:0x99f29385ea0dadb0!8m2!3d34.8613248!4d-83.9195258!16s%2Fg%2F1261dxly6!19sChIJE9Py5Wg9X4gRsK0N6oWT8pk?authuser=0&hl=en&rclk=1,auto repair shop,Union County,county,GA,2026-07-24T01:48:39,0x885f3d68e5f2d313:0x99f29385ea0dadb0
Express Auto Repair Inc. & U-HAUL Rentals,(706) 835-1481,,,"1538 Blue Ridge Hwy, Blairsville, GA 30512, United States",1538 Blue Ridge Hwy,Blairsville,GA,30512,,,Auto repair shop,,,https://www.google.com/maps/place/Express+Auto+Repair+Inc.+%26+U-HAUL+Rentals/data=!4m7!3m6!1s0x885f17053dd93a85:0x467b8ea5c5b670c8!8m2!3d34.8561856!4d-83.983264!16s%2Fg%2F11b6t7jxhx!19sChIJhTrZPQUXX4gRyHC2xaWOe0Y?authuser=0&hl=en&rclk=1,auto repair shop,Union County,county,GA,2026-07-24T01:48:39,0x885f17053dd93a85:0x467b8ea5c5b670c8
"Peach State Paint & Body, Inc",(706) 781-7997,,,"3525 Gainesville Hwy, Blairsville, GA 30512, United States",3525 Gainesville Hwy,Blairsville,GA,30512,4.9,56,Auto body shop,,,"https://www.google.com/maps/place/Peach+State+Paint+%26+Body,+Inc/data=!4m7!3m6!1s0x885f3d947269be09:0xcd21bf4eeef65659!8m2!3d34.8276015!4d-83.9247379!16s%2Fg%2F11csszjw77!19sChIJCb5pcpQ9X4gRWVb27k6_Ic0?authuser=0&hl=en&rclk=1",auto repair shop,Union County,county,GA,2026-07-24T01:48:39,0x885f3d947269be09:0xcd21bf4eeef65659
Thomas Tire Inc.,(706) 745-0264,http://www.thomastireinc.com/,,"76 Shoe Factory Rd, Blairsville, GA 30512, United States",76 Shoe Factory Rd,Blairsville,GA,30512,4.7,196,Tire shop,,,https://www.google.com/maps/place/Thomas+Tire+Inc./data=!4m7!3m6!1s0x885f17ebeaf6df07:0x58ee24a02132c815!8m2!3d34.8691667!4d-83.9502778!16s%2Fg%2F1tfbp1fs!19sChIJB9_26usXX4gRFcgyIaAk7lg?authuser=0&hl=en&rclk=1,auto repair shop,Union County,county,GA,2026-07-24T01:48:39,0x885f17ebeaf6df07:0x58ee24a02132c815
Walmart Auto Care Center,(706) 835-2831,https://www.walmart.com/store/3485-blairsville-ga/auto-care-center/?veh=seo_loc,,"2257 Hwy 515 W, Blairsville, GA 30512, United States",2257 Hwy 515 W,Blairsville,GA,30512,4.1,130,Oil change service,,,https://www.google.com/maps/place/Walmart+Auto+Care+Center/data=!4m7!3m6!1s0x8833e6713815d3ad:0xbd2d1a9197eff641!8m2!3d34.8634653!4d-83.9974004!16s%2Fg%2F11b6csp0p6!19sChIJrdMVOHHmM4gRQfbvl5EaLb0?authuser=0&hl=en&rclk=1,auto repair shop,Union County,county,GA,2026-07-24T01:48:39,0x8833e6713815d3ad:0xbd2d1a9197eff641
B&M auto and truck repair,,,,"10927 GA-62 Bypass, Blakely, GA 39823, United States",10927 GA-62 Bypass,Blakely,GA,39823,,,Auto repair shop,,,https://www.google.com/maps/place/B%26M+auto+and+truck+repair/data=!4m7!3m6!1s0x88ed53cd9550b7db:0x3449b30ecf1f7ee4!8m2!3d31.3915697!4d-84.9303822!16s%2Fg%2F11sv_6p300!19sChIJ27dQlc1T7YgR5H4fzw6zSTQ?authuser=0&hl=en&rclk=1,auto repair shop,Calhoun County,county,GA,2026-07-23T16:40:20,0x88ed53cd9550b7db:0x3449b30ecf1f7ee4
Chevrolet Service,,https://www.blakelygmc.com/,,"113 N Main St, Blakely, GA 39823, United States",113 N Main St,Blakely,GA,39823,4.0,2,Auto repair shop,,,https://www.google.com/maps/place/Chevrolet+Service/data=!4m7!3m6!1s0x88ed52d1f7517a59:0xd9c098b000dcc343!8m2!3d31.3808813!4d-84.9346232!16s%2Fg%2F11fy2xxrds!19sChIJWXpR99FS7YgRQ8PcALCYwNk?authuser=0&hl=en&rclk=1,auto repair shop,Early County,county,GA,2026-07-23T18:55:38,0x88ed52d1f7517a59:0xd9c098b000dcc343
NAPA Auto Parts - EARLY AUTO PARTS INC,(229) 723-4121,https://www.napaonline.com/en/GA/Blakely/store/30184?cid=pl_jobber_google_dac_30184_ao,,"87 Murdock Ave, Blakely, GA 39823, United States",87 Murdock Ave,Blakely,GA,39823,4.2,36,Auto parts store,,,https://www.google.com/maps/place/NAPA+Auto+Parts+-+EARLY+AUTO+PARTS+INC/data=!4m7!3m6!1s0x88ed52ce676a946d:0x17e13d076bb8580f!8m2!3d31.380161!4d-84.934583!16s%2Fg%2F1v62jh72!19sChIJbZRqZ85S7YgRD1i4awc94Rc?authuser=0&hl=en&rclk=1,auto repair shop,Early County,county,GA,2026-07-23T18:55:38,0x88ed52ce676a946d:0x17e13d076bb8580f
SOWEGA Automotive,,,,"965 N Church St, Blakely, GA 39823, United States",965 N Church St,Blakely,GA,39823,,,Mechanic,,,https://www.google.com/maps/place/SOWEGA+Automotive/data=!4m7!3m6!1s0x88ed53d515aebcd7:0x58404f3430394982!8m2!3d31.3799584!4d-84.9364166!16s%2Fg%2F11z927jlkv!19sChIJ17yuFdVT7YgRgkk5MDRPQFg?authuser=0&hl=en&rclk=1,auto repair shop,Early County,county,GA,2026-07-23T18:55:38,0x88ed53d515aebcd7:0x58404f3430394982
"Blue Ridge Oil Change, Inc.",(706) 258-2161,https://blueridgeoilchange.com/,,"1166 Windy Ridge Rd, Blue Ridge, GA 30513, United States",1166 Windy Ridge Rd,Blue Ridge,GA,30513,4.9,387,Oil change service,,,"https://www.google.com/maps/place/Blue+Ridge+Oil+Change,+Inc./data=!4m7!3m6!1s0x885fa6528179e217:0x51ef4bd84110ac4!8m2!3d34.8735122!4d-84.314598!16s%2Fg%2F1trply85!19sChIJF-J5gVKmX4gRxAoRhL30HgU?authuser=0&hl=en&rclk=1",auto repair shop,Fannin County,county,GA,2026-07-15T23:49:31,0x885fa6528179e217:0x51ef4bd84110ac4
Reliable auto and truck service,,,,"1045 Sun Rock Mountain Rd, Blue Ridge, GA 30513, United States",1045 Sun Rock Mountain Rd,Blue Ridge,GA,30513,,,Auto repair shop,,,https://www.google.com/maps/place/Reliable+auto+and+truck+service/data=!4m7!3m6!1s0x885fa53a2d2b04b7:0xfff1723a07f2eb06!8m2!3d34.8864327!4d-84.376896!16s%2Fg%2F11xn80qp4_!19sChIJtwQrLTqlX4gRBuvyBzpy8f8?authuser=0&hl=en&rclk=1,auto repair shop,Fannin County,county,GA,2026-07-23T19:24:57,0x885fa53a2d2b04b7:0xfff1723a07f2eb06
Jiffy Lube Oil Change,(706) 546-0239,https://www.jiffylube.com/locations/ga/bogart/2111,,"3745 Atlanta Hwy, Bogart, GA 30622, United States",3745 Atlanta Hwy,Bogart,GA,30622,4.2,656,Oil change service,,,https://www.google.com/maps/place/Jiffy+Lube+Oil+Change/data=!4m7!3m6!1s0x88f6730165dc73af:0x79c79c6aff3fc75!8m2!3d33.9407595!4d-83.4679669!16s%2Fg%2F1tptrgg5!19sChIJr3PcZQFz9ogRdfzzr8Z5nAc?authuser=0&hl=en&rclk=1,auto repair shop,Oconee County,county,GA,2026-07-23T22:36:51,0x88f6730165dc73af:0x79c79c6aff3fc75
My Buddy’s Garage,,,,"2116 Hiwassee Dr, Bonaire, GA 31005, United States",2116 Hiwassee Dr,Bonaire,GA,31005,5.0,3,Auto repair shop,,,https://www.google.com/maps/place/My+Buddy%E2%80%99s+Garage/data=!4m7!3m6!1s0x88f161991f19e1f1:0xa79b2ed9086d3874!8m2!3d32.5156074!4d-83.5532975!16s%2Fg%2F11lq0pwkrc!19sChIJ8eEZH5lh8YgRdDhtCNkum6c?authuser=0&hl=en&rclk=1,auto repair shop,Houston County,county,GA,2026-07-23T21:07:01,0x88f161991f19e1f1:0xa79b2ed9086d3874
Valvoline Instant Oil Change,(478) 200-0363,https://store.vioc.com/ga/bonaire/756-highway-96?utm_source=google&utm_medium=local&utm_campaign=localsearch,,"756 SR 96, Bonaire, GA 31005, United States",756 SR 96,Bonaire,GA,31005,4.8,483,Oil change service,,,https://www.google.com/maps/place/Valvoline+Instant+Oil+Change/data=!4m7!3m6!1s0x88f3df5eba65d5fd:0xb1813ba2cab73d2e!8m2!3d32.55401!4d-83.65644!16s%2Fg%2F11vxgs4yzp!19sChIJ_dVlul7f84gRLj23yqI7gbE?authuser=0&hl=en&rclk=1,auto repair shop,Macon County,county,GA,2026-07-23T22:36:21,0x88f3df5eba65d5fd:0xb1813ba2cab73d2e
Bowman Auto Repair Inc,(706) 245-5444,,,"423 W Railroad St, Bowman, GA 30624, United States",423 W Railroad St,Bowman,GA,30624,4.9,9,Auto repair shop,,,https://www.google.com/maps/place/Bowman+Auto+Repair+Inc/data=!4m7!3m6!1s0x88f62ec10db41be7:0x1f034700c6b71d8d!8m2!3d34.2150372!4d-83.0381434!16s%2Fg%2F1thr803y!19sChIJ5xu0DcEu9ogRjR23xgBHAx8?authuser=0&hl=en&rclk=1,auto repair shop,Franklin County,county,GA,2026-07-23T19:51:46,0x88f62ec10db41be7:0x1f034700c6b71d8d
Bremen Body Shop Inc,(770) 537-5255,,,"536 Waterworks Rd, Bremen, GA 30110, United States",536 Waterworks Rd,Bremen,GA,30110,4.8,62,Auto body shop,,,https://www.google.com/maps/place/Bremen+Body+Shop+Inc/data=!4m7!3m6!1s0x888ad8e4ec115b29:0x28af257311d2ee5e!8m2!3d33.7392589!4d-85.1602306!16s%2Fg%2F1tj5rhsq!19sChIJKVsR7OTYiogRXu7SEXMlryg?authuser=0&hl=en&rclk=1,auto repair shop,Haralson County,county,GA,2026-07-23T20:41:07,0x888ad8e4ec115b29:0x28af257311d2ee5e
Goodyear Commercial Tire & Service Centers,(770) 537-4985,http://www.goodyearctsc.com/,,"301 Wingfoot Ct, Bremen, GA 30110, United States",301 Wingfoot Ct,Bremen,GA,30110,4.2,15,Tire shop,,,https://www.google.com/maps/place/Goodyear+Commercial+Tire+%26+Service+Centers/data=!4m7!3m6!1s0x888ad860567ffaf7:0xe37cbb9dda335192!8m2!3d33.699009!4d-85.161457!16s%2Fg%2F1tg8270r!19sChIJ9_p_VmDYiogRklEz2p27fOM?authuser=0&hl=en&rclk=1,auto repair shop,Haralson County,county,GA,2026-07-23T20:41:07,0x888ad860567ffaf7:0xe37cbb9dda335192
Ppg Collision Repair Center,,,,"731 Hwy 27 N, Bremen, GA 30110, United States",731 Hwy 27 N,Bremen,GA,30110,5.0,1,Auto repair shop,,,https://www.google.com/maps/place/Ppg+Collision+Repair+Center/data=!4m7!3m6!1s0x888ad8f9160f1b23:0x199818e618d72f77!8m2!3d33.7391926!4d-85.1514586!16s%2Fg%2F11fk4dt7bb!19sChIJIxsPFvnYiogRdy_XGOYYmBk?authuser=0&hl=en&rclk=1,auto repair shop,Haralson County,county,GA,2026-07-23T20:41:07,0x888ad8f9160f1b23:0x199818e618d72f77
Walmart Auto Care Center,(770) 537-6598,https://www.walmart.com/store/856-bremen-ga/auto-care-center/?veh=seo_loc,,"404 US-27, Bremen, GA 30110, United States",404 US-27,Bremen,GA,30110,3.5,160,Oil change service,,,https://www.google.com/maps/place/Walmart+Auto+Care+Center/data=!4m7!3m6!1s0x888ad899455278b9:0x6ebf7d5dd615ad96!8m2!3d33.7084365!4d-85.164117!16s%2Fg%2F11xqzgx43!19sChIJuXhSRZnYiogRlq0V1l19v24?authuser=0&hl=en&rclk=1,auto repair shop,Haralson County,county,GA,2026-07-23T20:41:07,0x888ad899455278b9:0x6ebf7d5dd615ad96
"Barnes Auto, Inc.",(912) 275-8730,,,"4504 Altama Ave, Brunswick, GA 31520, United States",4504 Altama Ave,Brunswick,GA,31520,4.8,180,Auto repair shop,,,"https://www.google.com/maps/place/Barnes+Auto,+Inc./data=!4m7!3m6!1s0x88e4d7bb6cc9acd3:0x3918cf789fd621de!8m2!3d31.1934122!4d-81.4850189!16s%2Fg%2F1hc757n94!19sChIJ06zJbLvX5IgR3iHWn3jPGDk?authuser=0&hl=en&rclk=1",auto repair shop,Camden County,county,GA,2026-07-23T16:44:51,0x88e4d7bb6cc9acd3:0x3918cf789fd621de
"Browning's Auto Body, Inc.",(912) 223-4339,,,"5048 Old Jesup Rd, Brunswick, GA 31525, United States",5048 Old Jesup Rd,Brunswick,GA,31525,4.6,24,Auto body shop,,,"https://www.google.com/maps/place/Browning%27s+Auto+Body,+Inc./data=!4m7!3m6!1s0x88e52b6d0201658d:0xbca9c5dd589217a7!8m2!3d31.3210792!4d-81.5840759!16s%2Fg%2F11b5wkxd23!19sChIJjWUBAm0r5YgRpxeSWN3Fqbw?authuser=0&hl=en&rclk=1",auto repair shop,Glynn County,county,GA,2026-07-16T00:35:37,0x88e52b6d0201658d:0xbca9c5dd589217a7
Edward Auto Repair,,,,"3504 Habersham St, Brunswick, GA 31520, United States",3504 Habersham St,Brunswick,GA,31520,3.9,8,Auto repair shop,,,https://www.google.com/maps/place/Edward+Auto+Repair/data=!4m7!3m6!1s0x88e4d79382470fe9:0xe0321f9c36cd5b9f!8m2!3d31.1806782!4d-81.4909358!16s%2Fg%2F11jlzzz6zg!19sChIJ6Q9HgpPX5IgRn1vNNpwfMuA?authuser=0&hl=en&rclk=1,auto repair shop,Glynn County,county,GA,2026-07-23T20:04:22,0x88e4d79382470fe9:0xe0321f9c36cd5b9f
Firestone Complete Auto Care,(912) 342-0768,https://www.firestonecompleteautocare.com/georgia/brunswick/3485-cypress-mill-rd/?utm_source=google&utm_medium=organic&utm_campaign=localmaps&cmp=oloc_google_localmaps_maps,,"3485 Cypress Mill Rd, Brunswick, GA 31520, United States",3485 Cypress Mill Rd,Brunswick,GA,31520,4.1,569,Tire shop,,,https://www.google.com/maps/place/Firestone+Complete+Auto+Care/data=!4m7!3m6!1s0x88e4d7bae3907887:0xbd7822c1729530ce!8m2!3d31.1953993!4d-81.4844925!16s%2Fg%2F1tdpsgvg!19sChIJh3iQ47rX5IgRzjCVcsEieL0?authuser=0&hl=en&rclk=1,auto repair shop,Camden County,county,GA,2026-07-15T19:54:40,0x88e4d7bae3907887:0xbd7822c1729530ce
International Auto Processing Inc,(912) 264-8131,http://www.goiap.com/,,"1 JF Harris Blvd, Brunswick, GA 31523, United States",1 JF Harris Blvd,Brunswick,GA,31523,4.3,40,Automobile storage facility,,,https://www.google.com/maps/place/International+Auto+Processing+Inc/data=!4m7!3m6!1s0x88e5270a9af7bfc9:0xf61ba0b6776e8c52!8m2!3d31.1212435!4d-81.5395923!16s%2Fg%2F1tf8txwz!19sChIJyb_3mgon5YgRUoxud7agG_Y?authuser=0&hl=en&rclk=1,auto repair shop,Glynn County,county,GA,2026-07-16T00:35:37,0x88e5270a9af7bfc9:0xf61ba0b6776e8c52
Medlock's Mobile Truck Repairs Inc,(912) 279-2335,,,"135 Chris Rd, Brunswick, GA 31525, United States",135 Chris Rd,Brunswick,GA,31525,4.7,94,Diesel engine repair service,,,https://www.google.com/maps/place/Medlock%27s+Mobile+Truck+Repairs+Inc/data=!4m7!3m6!1s0x88e4d7d05265e1a1:0xe0509384320b1475!8m2!3d31.2728916!4d-81.5594236!16s%2Fg%2F11b6dr7npp!19sChIJoeFlUtDX5IgRdRQLMoSTUOA?authuser=0&hl=en&rclk=1,auto repair shop,Brantley County,county,GA,2026-07-23T15:55:00,0x88e4d7d05265e1a1:0xe0509384320b1475
Travis Auto Repair,,,,"2621 Lee St, Brunswick, GA 31520, United States",2621 Lee St,Brunswick,GA,31520,,,Auto repair shop,,,https://www.google.com/maps/place/Travis+Auto+Repair/data=!4m7!3m6!1s0x88e4d7af71858047:0x5b672e8b230e93f5!8m2!3d31.1668797!4d-81.4920195!16s%2Fg%2F11t52hg6xc!19sChIJR4CFca_X5IgR9ZMOI4suZ1s?authuser=0&hl=en&rclk=1,auto repair shop,Glynn County,county,GA,2026-07-16T00:35:37,0x88e4d7af71858047:0x5b672e8b230e93f5
Moon Rogers Motor Co Inc,(229) 649-9297,,,"306 Broad St, Buena Vista, GA 31803, United States",306 Broad St,Buena Vista,GA,31803,4.7,84,Used car dealer,,,https://www.google.com/maps/place/Moon+Rogers+Motor+Co+Inc/data=!4m7!3m6!1s0x88f31c1db9d403cd:0x1fb7b813deb8a408!8m2!3d32.3087612!4d-84.5208504!16s%2Fg%2F1tftm0xs!19sChIJzQPUuR0c84gRCKS43hO4tx8?authuser=0&hl=en&rclk=1,auto repair shop,Marion County,county,GA,2026-07-23T22:43:39,0x88f31c1db9d403cd:0x1fb7b813deb8a408
Barrow Automotive & Hardware,,,,"29 S Broad St, Butler, GA 31006, United States",29 S Broad St,Butler,GA,31006,4.8,102,Auto parts store,,,https://www.google.com/maps/place/Barrow+Automotive+%26+Hardware/data=!4m7!3m6!1s0x88f3a04f5eb35d9b:0xa8597f192d5989ce!8m2!3d32.5550855!4d-84.238548!16s%2Fg%2F11bw5znhtm!19sChIJm12zXk-g84gRzolZLRl_Wag?authuser=0&hl=en&rclk=1,auto repair shop,Taylor County,county,GA,2026-07-24T00:59:26,0x88f3a04f5eb35d9b:0xa8597f192d5989ce
NAPA Auto Parts - Barrow Automotive,(478) 862-5205,https://www.napaonline.com/en/GA/Butler/store/30131?cid=pl_jobber_google_dac_30131_ao,,"1 S Broad St, Butler, GA 31006, United States",1 S Broad St,Butler,GA,31006,4.8,75,Auto parts store,,,https://www.google.com/maps/place/NAPA+Auto+Parts+-+Barrow+Automotive/data=!4m7!3m6!1s0x88f3a04f5ecaaa31:0x3beaf3221d28ab80!8m2!3d32.552668!4d-84.239634!16s%2Fg%2F1v4k7bps!19sChIJMarKXk-g84gRgKsoHSLz6js?authuser=0&hl=en&rclk=1,auto repair shop,Taylor County,county,GA,2026-07-24T00:59:26,0x88f3a04f5ecaaa31:0x3beaf3221d28ab80
Auto Repair Ant Motors,,,,"243 GA-49, Byron, GA 31008, United States",243 GA-49,Byron,GA,31008,5.0,1,Auto repair shop,,,https://www.google.com/maps/place/Auto+Repair+Ant+Motors/data=!4m7!3m6!1s0x88f3e5e3f962e765:0x47cb2708ca8f27e7!8m2!3d32.6582252!4d-83.7469255!16s%2Fg%2F11h3mw0mr8!19sChIJZedi-ePl84gR5yePyggny0c?authuser=0&hl=en&rclk=1,auto repair shop,Peach County,county,GA,2026-07-23T23:35:26,0x88f3e5e3f962e765:0x47cb2708ca8f27e7
"Peach Tire Service, Inc",(478) 956-5722,https://www.peachtire.com/,,"105 Gralan Dr, Byron, GA 31008, United States",105 Gralan Dr,Byron,GA,31008,4.6,287,Tire shop,,,"https://www.google.com/maps/place/Peach+Tire+Service,+Inc/data=!4m7!3m6!1s0x88f3e606e8082c19:0x7edc9fbd659d9d46!8m2!3d32.6490173!4d-83.7561003!16s%2Fg%2F1vcl4llx!19sChIJGSwI6Abm84gRRp2dZb2f3H4?authuser=0&hl=en&rclk=1",auto repair shop,Peach County,county,GA,2026-07-23T22:49:18,0x88f3e606e8082c19:0x7edc9fbd659d9d46
Cairo Tire Inc,(229) 377-3622,,,"201 1st Ave NE, Cairo, GA 39828, United States",201 1st Ave NE,Cairo,GA,39828,4.7,167,Tire shop,,,https://www.google.com/maps/place/Cairo+Tire+Inc/data=!4m7!3m6!1s0x88eda941b7e3da5b:0xdb9be3091b3cbbcc!8m2!3d30.8778547!4d-84.2052756!16s%2Fg%2F1wc48t28!19sChIJW9rjt0Gp7YgRzLs8Gwnjm9s?authuser=0&hl=en&rclk=1,auto repair shop,Grady County,county,GA,2026-07-23T20:13:48,0x88eda941b7e3da5b:0xdb9be3091b3cbbcc
"Intensive Care Auto Repair, Inc",(229) 377-2209,,,"120 Wheeler Rd, Cairo, GA 39827, United States",120 Wheeler Rd,Cairo,GA,39827,5.0,6,Auto repair shop,,,"https://www.google.com/maps/place/Intensive+Care+Auto+Repair,+Inc/data=!4m7!3m6!1s0x88eda6408449fe33:0xc3c0330287d883cc!8m2!3d30.9733464!4d-84.2097436!16s%2Fg%2F119tfygrv!19sChIJM_5JhECm7YgRzIPYhwIzwMM?authuser=0&hl=en&rclk=1",auto repair shop,Baker County,county,GA,2026-07-23T14:49:17,0x88eda6408449fe33:0xc3c0330287d883cc
"Night Hawk Specialty Vehicles, LLC",,,,"3754 US-84, Cairo, GA 39828, United States",3754 US-84,Cairo,GA,39828,,,Auto repair shop,,,"https://www.google.com/maps/place/Night+Hawk+Specialty+Vehicles,+LLC/data=!4m7!3m6!1s0x88edaf2643d10ddd:0xbcebb0e152f413c!8m2!3d30.8683073!4d-84.1360368!16s%2Fg%2F11mys6dt0d!19sChIJ3Q3RQyav7YgRPEEvFQ67zgs?authuser=0&hl=en&rclk=1",auto repair shop,Grady County,county,GA,2026-07-23T20:13:48,0x88edaf2643d10ddd:0xbcebb0e152f413c
BPA Inc,(706) 629-9776,http://www.bpadyno.com/,,"101 Spring Valley Blvd SW, Calhoun, GA 30701, United States",101 Spring Valley Blvd SW,Calhoun,GA,30701,4.8,50,Motorcycle repair shop,,,https://www.google.com/maps/place/BPA+Inc/data=!4m7!3m6!1s0x886000c1f1695aa1:0xf4207196d88c8aba!8m2!3d34.4725563!4d-84.9657106!16s%2Fg%2F11gff3rf4z!19sChIJoVpp8cEAYIgRuoqM2JZxIPQ?authuser=0&hl=en&rclk=1,auto repair shop,Gordon County,county,GA,2026-07-23T20:08:55,0x886000c1f1695aa1:0xf4207196d88c8aba
McEntyre's Auto & Discount Tire Service,(706) 625-0597,,,"605 N Wall St, Calhoun, GA 30701, United States",605 N Wall St,Calhoun,GA,30701,4.6,30,Tire shop,,,https://www.google.com/maps/place/McEntyre%27s+Auto+%26+Discount+Tire+Service/data=!4m7!3m6!1s0x886007f2e802fdb9:0xd5215dccaf21eee4!8m2!3d34.509389!4d-84.9489357!16s%2Fg%2F11rkl8gnt9!19sChIJuf0C6PIHYIgR5O4hr8xdIdU?authuser=0&hl=en&rclk=1,auto repair shop,Gordon County,county,GA,2026-07-23T19:53:02,0x886007f2e802fdb9:0xd5215dccaf21eee4
Northwest Georgia Automotive Inc,(706) 625-2348,http://tirequestautomotive.com/,,"220 Hwy 53, Calhoun, GA 30701, United States",220 Hwy 53,Calhoun,GA,30701,4.3,251,Tire shop,,,https://www.google.com/maps/place/Northwest+Georgia+Automotive+Inc/data=!4m7!3m6!1s0x885ffe1a4f7be151:0x7de7fb00b2c37421!8m2!3d34.4783251!4d-84.9332999!16s%2Fg%2F1tfry689!19sChIJUeF7Txr-X4gRIXTDsgD7530?authuser=0&hl=en&rclk=1,auto repair shop,Calhoun County,county,GA,2026-07-23T16:40:20,0x885ffe1a4f7be151:0x7de7fb00b2c37421
"Prater Ford, Inc. Service",(706) 629-2883,https://www.praterfordcalhoun.com/,,"704 S Wall St, Calhoun, GA 30701, United States",704 S Wall St,Calhoun,GA,30701,3.5,11,Auto repair shop,,,"https://www.google.com/maps/place/Prater+Ford,+Inc.+Service/data=!4m7!3m6!1s0x886001d9c69307bf:0xcb9da3c342e0cb14!8m2!3d34.4895409!4d-84.9477342!16s%2Fg%2F11n09bk6gy!19sChIJvweTxtkBYIgRFMvgQsOjncs?authuser=0&hl=en&rclk=1",auto repair shop,Gordon County,county,GA,2026-07-16T00:41:30,0x886001d9c69307bf:0xcb9da3c342e0cb14
Take 5 Oil Change,(706) 403-2238,https://www.take5.com/locations/oil-change/georgia/calhoun/31080/?utm_source=google&utm_medium=organic&utm_campaign=gbp_website,,"604 Hwy 53, Calhoun, GA 30701, United States",604 Hwy 53,Calhoun,GA,30701,4.7,1159,Oil change service,,,https://www.google.com/maps/place/Take+5+Oil+Change/data=!4m7!3m6!1s0x885fff9c78095209:0xd6f39321c9589228!8m2!3d34.4745715!4d-84.925213!16s%2Fg%2F11sx3wq2b2!19sChIJCVIJeJz_X4gRKJJYySGT89Y?authuser=0&hl=en&rclk=1,auto repair shop,Gordon County,county,GA,2026-07-23T20:08:55,0x885fff9c78095209:0xd6f39321c9589228
Tonys Tires Inc.,(706) 506-7258,,,"801 S Wall St #2617, Calhoun, GA 30701, United States",801 S Wall St #2617,Calhoun,GA,30701,4.6,149,Tire shop,,,https://www.google.com/maps/place/Tonys+Tires+Inc./data=!4m7!3m6!1s0x886000ac197fb7bf:0x4c2226ffa09cb55!8m2!3d34.4878696!4d-84.9463139!16s%2Fg%2F11g7z0r0fl!19sChIJv7d_GawAYIgRVcsJ-m8iwgQ?authuser=0&hl=en&rclk=1,auto repair shop,Gordon County,county,GA,2026-07-23T20:08:55,0x886000ac197fb7bf:0x4c2226ffa09cb55
Unique Customs and Garage,,,,"1317 US-41 Ste 200, Calhoun, GA 30701, United States",1317 US-41 Ste 200,Calhoun,GA,30701,5.0,2,Auto repair shop,,,https://www.google.com/maps/place/Unique+Customs+and+Garage/data=!4m7!3m6!1s0x885ffd9315820187:0xb933c1d1efd28d1a!8m2!3d34.5349307!4d-84.9365315!16s%2Fg%2F11rf78v7d3!19sChIJhwGCFZP9X4gRGo3S79HBM7k?authuser=0&hl=en&rclk=1,auto repair shop,Gordon County,county,GA,2026-07-23T20:08:55,0x885ffd9315820187:0xb933c1d1efd28d1a
Valvoline Instant Oil Change,(706) 602-3633,https://store.vioc.com/ga/calhoun/450-highway-53?utm_source=google&utm_medium=local&utm_campaign=localsearch,,"450 Hwy 53, Calhoun, GA 30701, United States",450 Hwy 53,Calhoun,GA,30701,4.8,562,Oil change service,,,https://www.google.com/maps/place/Valvoline+Instant+Oil+Change/data=!4m7!3m6!1s0x885fff983cfd6f45:0x3603675d4c6c1d9c!8m2!3d34.476248!4d-84.9287915!16s%2Fg%2F11q3d0tfc7!19sChIJRW_9PJj_X4gRnB1sTF1nAzY?authuser=0&hl=en&rclk=1,auto repair shop,Gordon County,county,GA,2026-07-23T20:08:55,0x885fff983cfd6f45:0x3603675d4c6c1d9c
ATM,,,,"50 E Broad St, Camilla, GA 31730, United States",50 E Broad St,Camilla,GA,31730,,,ATM,,,https://www.google.com/maps/place/ATM/data=!4m7!3m6!1s0x88ed9c1c532a7947:0xd94fdc3b5e15be4!8m2!3d31.2314365!4d-84.2067005!16s%2Fg%2F1tkr02pw!19sChIJR3kqUxyc7YgR5FvhtcP9lA0?authuser=0&hl=en&rclk=1,auto repair shop,Mitchell County,county,GA,2026-07-16T04:26:12,0x88ed9c1c532a7947:0xd94fdc3b5e15be4
NAPA Auto Parts - Camilla Auto Parts,(229) 336-5206,https://www.napaonline.com/en/GA/Camilla/store/24431?cid=pl_jobber_google_dac_24431_ao,,"100 W Oakland Ave Ste B, Camilla, GA 31730, United States",100 W Oakland Ave Ste B,Camilla,GA,31730,4.8,86,Auto parts store,,,https://www.google.com/maps/place/NAPA+Auto+Parts+-+Camilla+Auto+Parts/data=!4m7!3m6!1s0x88ed9c247f0ae51f:0xa3e5801459e447ea!8m2!3d31.231601!4d-84.213264!16s%2Fg%2F1v1tnxss!19sChIJH-UKfySc7YgR6kfkWRSA5aM?authuser=0&hl=en&rclk=1,auto repair shop,Mitchell County,county,GA,2026-07-23T22:59:00,0x88ed9c247f0ae51f:0xa3e5801459e447ea
O'Reilly Auto Parts,(229) 336-2884,https://locations.oreillyauto.com/en-us/ga/camilla/autoparts-3872.html,,"130 US-19, Camilla, GA 31730, United States",130 US-19,Camilla,GA,31730,4.6,70,Auto parts store,,,https://www.google.com/maps/place/O%27Reilly+Auto+Parts/data=!4m7!3m6!1s0x88ed9c1c45dee577:0x45e727b9fad55cc5!8m2!3d31.2345313!4d-84.2004583!16s%2Fg%2F11gzy4jft!19sChIJd-XeRRyc7YgRxVzV-rkn50U?authuser=0&hl=en&rclk=1,auto repair shop,Mitchell County,county,GA,2026-07-23T22:59:00,0x88ed9c1c45dee577:0x45e727b9fad55cc5
Phillips Radiator & Automotive,,,,"450 Chili St, Camilla, GA 31730, United States",450 Chili St,Camilla,GA,31730,3.7,3,Auto repair shop,,,https://www.google.com/maps/place/Phillips+Radiator+%26+Automotive/data=!4m7!3m6!1s0x88ed9c2c273b4a0b:0xd1359fcd61ac9929!8m2!3d31.231286!4d-84.2232775!16s%2Fg%2F1tk23s1m!19sChIJC0o7Jyyc7YgRKZmsYc2fNdE?authuser=0&hl=en&rclk=1,auto repair shop,Mitchell County,county,GA,2026-07-23T22:59:00,0x88ed9c2c273b4a0b:0xd1359fcd61ac9929
Thad Gibson Trucking Inc,(229) 336-0360,,,"78 Main St, Camilla, GA 31730, United States",78 Main St,Camilla,GA,31730,4.5,2,Trucking company,,,https://www.google.com/maps/place/Thad+Gibson+Trucking+Inc/data=!4m7!3m6!1s0x88ed9c213e70ae27:0x68ba5c7499f0811b!8m2!3d31.2275573!4d-84.2114024!16s%2Fg%2F1tlbpzwr!19sChIJJ65wPiGc7YgRG4HwmXRcumg?authuser=0&hl=en&rclk=1,auto repair shop,Mitchell County,county,GA,2026-07-16T04:26:12,0x88ed9c213e70ae27:0x68ba5c7499f0811b
Williams Diesel Service Inc,,,,"4113 old GA-3, Camilla, GA 31730, United States",4113 old GA-3,Camilla,GA,31730,,,Diesel engine repair service,,,https://www.google.com/maps/place/Williams+Diesel+Service+Inc/data=!4m7!3m6!1s0x88ed9dc3cf3e88d3:0x7b31ad12f831a75b!8m2!3d31.2503245!4d-84.1982568!16s%2Fg%2F11wwhp9k1w!19sChIJ04g-z8Od7YgRW6cx-BKtMXs?authuser=0&hl=en&rclk=1,auto repair shop,Mitchell County,county,GA,2026-07-23T22:59:00,0x88ed9dc3cf3e88d3:0x7b31ad12f831a75b
"Hayes Tire, Inc",(706) 498-0604,,,"8325 Royston Hwy, Canon, GA 30520, United States",8325 Royston Hwy,Canon,GA,30520,4.6,137,Tire shop,,,"https://www.google.com/maps/place/Hayes+Tire,+Inc/data=!4m7!3m6!1s0x88f629cb60b1729d:0x75584fc7a8ea3c7!8m2!3d34.2898777!4d-83.0471369!16s%2Fg%2F11bwpd1fzc!19sChIJnXKxYMsp9ogRx6OOevyEVQc?authuser=0&hl=en&rclk=1",auto repair shop,Hart County,county,GA,2026-07-23T20:52:31,0x88f629cb60b1729d:0x75584fc7a8ea3c7
Joey's Auto & Truck Parts Inc.,(706) 356-3592,http://www.joeysautoandtruckparts.com/,,"5616 New Franklin Church Rd, Canon, GA 30520, United States",5616 New Franklin Church Rd,Canon,GA,30520,4.1,47,Used auto parts store,,,https://www.google.com/maps/place/Joey%27s+Auto+%26+Truck+Parts+Inc./data=!4m7!3m6!1s0x88589c5fafae1991:0xa1d08fa272d0e7a!8m2!3d34.3821734!4d-83.1173871!16s%2Fg%2F11b6zqpsnh!19sChIJkRmur1-cWIgReg4tJ_oIHQo?authuser=0&hl=en&rclk=1,auto repair shop,Hart County,county,GA,2026-07-23T20:52:31,0x88589c5fafae1991:0xa1d08fa272d0e7a
World of Tires Inc,(706) 356-4135,,,"5785 New Franklin Church Rd, Canon, GA 30520, United States",5785 New Franklin Church Rd,Canon,GA,30520,4.8,120,Tire shop,,,https://www.google.com/maps/place/World+of+Tires+Inc/data=!4m7!3m6!1s0x88589c8cf3c48dfd:0x892b72ecc198b60!8m2!3d34.3840982!4d-83.1148937!16s%2Fg%2F1tcwxfhd!19sChIJ_Y3E84ycWIgRYIsZzC63kgg?authuser=0&hl=en&rclk=1,auto repair shop,Hart County,county,GA,2026-07-23T20:30:01,0x88589c8cf3c48dfd:0x892b72ecc198b60
AAMCO Transmissions & Total Car Care,(706) 705-8743,http://www.aamcocantonga.com/?utm_source=G&utm_medium=local&utm_campaign=google-local,,"9177B Knox Bridge Hwy, Canton, GA 30114, United States",9177B Knox Bridge Hwy,Canton,GA,30114,4.4,186,Transmission shop,,,https://www.google.com/maps/place/AAMCO+Transmissions+%26+Total+Car+Care/data=!4m7!3m6!1s0x88f565fa959e2e47:0x284461d8299f2ccb!8m2!3d34.218308!4d-84.5132933!16s%2Fg%2F1tr7dmyp!19sChIJRy6elfpl9YgRyyyfKdhhRCg?authuser=0&hl=en&rclk=1,auto repair shop,Cherokee County,county,GA,2026-07-15T20:51:49,0x88f565fa959e2e47:0x284461d8299f2ccb
GA motor vehicle,,,,"1221 Hull Ave, Carnesville, GA 30521, United States",1221 Hull Ave,Carnesville,GA,30521,,,Auto repair shop,,,https://www.google.com/maps/place/GA+motor+vehicle/data=!4m7!3m6!1s0x88589f004ad81fbf:0x85eb56df621cfeec!8m2!3d34.3694224!4d-83.2353352!16s%2Fg%2F11yzpgw1w2!19sChIJvx_YSgCfWIgR7P4cYt9W64U?authuser=0&hl=en&rclk=1,auto repair shop,Franklin County,county,GA,2026-07-23T19:51:46,0x88589f004ad81fbf:0x85eb56df621cfeec
Automotive Machine Shop Inc,(770) 214-8264,,,"202 Kingsbridge Rd, Carrollton, GA 30117, United States",202 Kingsbridge Rd,Carrollton,GA,30117,4.1,30,Auto repair shop,,,https://www.google.com/maps/place/Automotive+Machine+Shop+Inc/data=!4m7!3m6!1s0x888b2f3c24677477:0xdc2bc2cff72ec7e4!8m2!3d33.5911369!4d-85.0798508!16s%2Fg%2F1tcvvmqr!19sChIJd3RnJDwvi4gR5Mcu98_CK9w?authuser=0&hl=en&rclk=1,auto repair shop,Carroll County,county,GA,2026-07-23T16:58:23,0x888b2f3c24677477:0xdc2bc2cff72ec7e4
Goodyear Auto Service,(770) 832-6364,https://www.goodyear.com/en-us/goodyearautoservice,,"132 Maple St, Carrollton, GA 30117, United States",132 Maple St,Carrollton,GA,30117,4.1,174,Tire shop,,,https://www.google.com/maps/place/Goodyear+Auto+Service/data=!4m7!3m6!1s0x888b2f10f99c8259:0xc5c3afcfc0bd4fa7!8m2!3d33.5790547!4d-85.077354!16s%2Fg%2F1tlbkbgx!19sChIJWYKc-RAvi4gRp0-9wM-vw8U?authuser=0&hl=en&rclk=1,auto repair shop,Carroll County,county,GA,2026-07-23T16:58:23,0x888b2f10f99c8259:0xc5c3afcfc0bd4fa7
Johnson Auto Electric Inc.,(470) 764-6069,https://www.alternatorsuppliercarrollton.com/,,"163 Newnan Rd, Carrollton, GA 30117, United States",163 Newnan Rd,Carrollton,GA,30117,4.6,64,Auto electrical service,,,https://www.google.com/maps/place/Johnson+Auto+Electric+Inc./data=!4m7!3m6!1s0x888b2ee27967923d:0xfa80674c5bee2fbb!8m2!3d33.5782843!4d-85.0646157!16s%2Fg%2F1td0h89n!19sChIJPZJneeIui4gRuy_uW0xngPo?authuser=0&hl=en&rclk=1,auto repair shop,Carroll County,county,GA,2026-07-15T20:07:05,0x888b2ee27967923d:0xfa80674c5bee2fbb
M&A Auto Repair,,,,"3241 Carrollton Villa Rica Hwy, Carrollton, GA 30116, United States",3241 Carrollton Villa Rica Hwy,Carrollton,GA,30116,5.0,1,Auto repair shop,,,https://www.google.com/maps/place/M%26A+Auto+Repair/data=!4m7!3m6!1s0x888b2b909489cf19:0xaa1eba975d706ea!8m2!3d33.6313092!4d-84.9857437!16s%2Fg%2F11rf4lxndy!19sChIJGc-JlJAri4gR6gbXdanroQo?authuser=0&hl=en&rclk=1,auto repair shop,Carroll County,county,GA,2026-07-23T16:58:23,0x888b2b909489cf19:0xaa1eba975d706ea
Auto Repair,,,,"124 Old Mill Rd, Cartersville, GA 30120, United States",124 Old Mill Rd,Cartersville,GA,30120,5.0,2,Auto repair shop,,,https://www.google.com/maps/place/Auto+Repair/data=!4m7!3m6!1s0x88f54f3f1357b881:0x41d8e3649b16da48!8m2!3d34.150125!4d-84.7959471!16s%2Fg%2F11fkv_6kdy!19sChIJgbhXEz9P9YgRSNoWm2Tj2EE?authuser=0&hl=en&rclk=1,auto repair shop,Bartow County,county,GA,2026-07-15T18:10:42,0x88f54f3f1357b881:0x41d8e3649b16da48
C & S Auto Repair,,,,"105 Porter St W, Cartersville, GA 30120, United States",105 Porter St W,Cartersville,GA,30120,5.0,4,Auto repair shop,,,https://www.google.com/maps/place/C+%26+S+Auto+Repair/data=!4m7!3m6!1s0x88f54fd3d636d61f:0xe327c94be5bddca1!8m2!3d34.178498!4d-84.802913!16s%2Fg%2F11nnvxn0x8!19sChIJH9Y21tNP9YgRody95UvJJ-M?authuser=0&hl=en&rclk=1,auto repair shop,Bartow County,county,GA,2026-07-15T18:10:42,0x88f54fd3d636d61f:0xe327c94be5bddca1
Cartersville Auti Collision Office,,,,"1438 GA-61, Cartersville, GA 30121, United States",1438 GA-61,Cartersville,GA,30121,5.0,1,Auto repair shop,,,https://www.google.com/maps/place/Cartersville+Auti+Collision+Office/data=!4m7!3m6!1s0x88f54fdd18e8d079:0xb2b5dbbcab1e7662!8m2!3d34.2113193!4d-84.7963767!16s%2Fg%2F11fqtm9s4_!19sChIJedDoGN1P9YgRYnYeq7zbtbI?authuser=0&hl=en&rclk=1,auto repair shop,Bartow County,county,GA,2026-07-15T18:10:42,0x88f54fdd18e8d079:0xb2b5dbbcab1e7662
Cooper Automotive Repair Inc,(706) 338-6371,,,"269 Market Pl Blvd #322, Cartersville, GA 30120, United States",269 Market Pl Blvd #322,Cartersville,GA,30120,3.0,2,Car repair and maintenance service,,,https://www.google.com/maps/place/Cooper+Automotive+Repair+Inc/data=!4m7!3m6!1s0x88f54feafc48c071:0x49841c1f7024a78a!8m2!3d34.2008694!4d-84.7917986!16s%2Fg%2F1ptytkj_j!19sChIJccBI_OpP9YgRiqckcB8chEk?authuser=0&hl=en&rclk=1,auto repair shop,Bartow County,county,GA,2026-07-23T15:20:32,0x88f54feafc48c071:0x49841c1f7024a78a
Deaton Fleet Solutions Corp,(770) 386-1273,http://www.deatonfleetsolutions.com/,,"17 River Dr, Cartersville, GA 30120, United States",17 River Dr,Cartersville,GA,30120,4.2,38,Car repair and maintenance service,,,https://www.google.com/maps/place/Deaton+Fleet+Solutions+Corp/data=!4m7!3m6!1s0x88f54f39159024c3:0x48dc9902ee0dea82!8m2!3d34.1474104!4d-84.797538!16s%2Fg%2F1tp_776d!19sChIJwySQFTlP9YgRguoN7gKZ3Eg?authuser=0&hl=en&rclk=1,auto repair shop,Bartow County,county,GA,2026-07-15T18:10:43,0x88f54f39159024c3:0x48dc9902ee0dea82
Firestone Complete Auto Care,(770) 383-1595,https://www.firestonecompleteautocare.com/georgia/cartersville/307-market-pl-blvd/?utm_source=google&utm_medium=organic&utm_campaign=localmaps&cmp=oloc_google_localmaps_maps,,"307 Market Pl Blvd, Cartersville, GA 30121, United States",307 Market Pl Blvd,Cartersville,GA,30121,4.2,809,Tire shop,,,https://www.google.com/maps/place/Firestone+Complete+Auto+Care/data=!4m7!3m6!1s0x88f54feb3a2f4ddd:0x5fcbc3b8a3582861!8m2!3d34.1993252!4d-84.7907438!16s%2Fg%2F1tdx4zt2!19sChIJ3U0vOutP9YgRYShYo7jDy18?authuser=0&hl=en&rclk=1,auto repair shop,Bartow County,county,GA,2026-07-23T15:20:31,0x88f54feb3a2f4ddd:0x5fcbc3b8a3582861
Jiffy Lube Oil Change,(770) 606-0680,https://www.jiffylube.com/locations/ga/cartersville/1563,,"920A Joe Frank Harris Pkwy SE, Cartersville, GA 30120, United States",920A Joe Frank Harris Pkwy SE,Cartersville,GA,30120,4.1,786,Oil change service,,,https://www.google.com/maps/place/Jiffy+Lube+Oil+Change/data=!4m7!3m6!1s0x88f54f94d1d648b7:0xaa16ba98a72e840b!8m2!3d34.198051!4d-84.7909655!16s%2Fg%2F1tlgysy1!19sChIJt0jW0ZRP9YgRC4Qup5i6Fqo?authuser=0&hl=en&rclk=1,auto repair shop,Bartow County,county,GA,2026-07-15T18:10:43,0x88f54f94d1d648b7:0xaa16ba98a72e840b
"Kreative Kustoms of North Georgia, Inc.",(678) 232-0646,,,"35 Brett Way SE, Cartersville, GA 30121, United States",35 Brett Way SE,Cartersville,GA,30121,1.0,1,Auto repair shop,,,"https://www.google.com/maps/place/Kreative+Kustoms+of+North+Georgia,+Inc./data=!4m7!3m6!1s0x88f54537ae2aeb99:0xc09801f769ce2340!8m2!3d34.2101654!4d-84.7502859!16s%2Fg%2F1wz53k3m!19sChIJmesqrjdF9YgRQCPOafcBmMA?authuser=0&hl=en&rclk=1",auto repair shop,Bartow County,county,GA,2026-07-15T18:10:43,0x88f54537ae2aeb99:0xc09801f769ce2340
Meineke Car Care Center,(678) 792-4810,https://www.meineke.com/locations/ga/cartersville-675/?utm_source=google&utm_medium=organic&utm_campaign=gbp_website,,"701 Joe Frank Harris Pkwy SE, Cartersville, GA 30120, United States",701 Joe Frank Harris Pkwy SE,Cartersville,GA,30120,4.5,656,Auto repair shop,,,https://www.google.com/maps/place/Meineke+Car+Care+Center/data=!4m7!3m6!1s0x88f54f954bb63e99:0x8cee77c2a213c00c!8m2!3d34.1806726!4d-84.7858603!16s%2Fg%2F1thd7jbw!19sChIJmT62S5VP9YgRDMATosJ37ow?authuser=0&hl=en&rclk=1,auto repair shop,Bartow County,county,GA,2026-07-23T15:20:31,0x88f54f954bb63e99:0x8cee77c2a213c00c
Overtime Automotive,,,,"5673 GA-20, Cartersville, GA 30121, United States",5673 GA-20,Cartersville,GA,30121,4.6,11,Auto repair shop,,,https://www.google.com/maps/place/Overtime+Automotive/data=!4m7!3m6!1s0x88f545d0f7e07de9:0xf4609c25ad182d8!8m2!3d34.214307!4d-84.7544676!16s%2Fg%2F11ry3l146w!19sChIJ6X3g99BF9YgR2ILRWsIJRg8?authuser=0&hl=en&rclk=1,auto repair shop,Bartow County,county,GA,2026-07-23T15:20:31,0x88f545d0f7e07de9:0xf4609c25ad182d8
Oz-Corp Autocare,(678) 600-7550,https://www.facebook.com/profile.php?id=61558121907556,,"1575 US-411 Suite 202, Cartersville, GA 30121, United States",1575 US-411 Suite 202,Cartersville,GA,30121,5.0,39,Auto repair shop,,,https://www.google.com/maps/place/Oz-Corp+Autocare/data=!4m7!3m6!1s0x88f56b5fec91b323:0x36f117dd4779d6d6!8m2!3d34.2170767!4d-84.7929194!16s%2Fg%2F11k3r8lzcv!19sChIJI7OR7F9r9YgR1tZ5R90X8TY?authuser=0&hl=en&rclk=1,auto repair shop,Bartow County,county,GA,2026-07-23T15:20:31,0x88f56b5fec91b323:0x36f117dd4779d6d6
Pep Boys Auto Service & Tires,(770) 769-2927,https://www.pepboys.com/stores/ga/cartersville/425-grassdale-rd?Cid=gbp_appt_AN:PB%7CPB:G%7CTT:GBP%7CCG:CONVERSION%7CCD:SERVICE,,"425 Grassdale Rd, Cartersville, GA 30121, United States",425 Grassdale Rd,Cartersville,GA,30121,4.2,549,Tire shop,,,https://www.google.com/maps/place/Pep+Boys+Auto+Service+%26+Tires/data=!4m7!3m6!1s0x88f54e2d89aa2abf:0x88343b61e7050e3!8m2!3d34.2109203!4d-84.8185019!16s%2Fg%2F11dynk72jt!19sChIJvyqqiS1O9YgR41BwHrZDgwg?authuser=0&hl=en&rclk=1,auto repair shop,Bartow County,county,GA,2026-07-23T15:20:31,0x88f54e2d89aa2abf:0x88343b61e7050e3
Roadmaster On-Site Inc ( Mobile Auto Repair),(770) 382-0505,https://www.roadmasteronsite.com/,,"2329A US-411, Cartersville, GA 30121, United States",2329A US-411,Cartersville,GA,30121,4.7,33,Towing service,,,https://www.google.com/maps/place/Roadmaster+On-Site+Inc+%28+Mobile+Auto+Repair%29/data=!4m7!3m6!1s0x88f55132b83cc84b:0xb71a576135913319!8m2!3d34.241204!4d-84.776125!16s%2Fg%2F11tx63sf6z!19sChIJS8g8uDJR9YgRGTORNWFXGrc?authuser=0&hl=en&rclk=1,auto repair shop,Bartow County,county,GA,2026-07-23T15:20:31,0x88f55132b83cc84b:0xb71a576135913319
Trans Plus Inc,(770) 387-2212,,,"1343 Joe Frank Harris Pkwy SE, Cartersville, GA 30120, United States",1343 Joe Frank Harris Pkwy SE,Cartersville,GA,30120,4.9,44,Transmission shop,,,https://www.google.com/maps/place/Trans+Plus+Inc/data=!4m7!3m6!1s0x88f54e337560c72d:0x9d287f96bdf9ad07!8m2!3d34.2055381!4d-84.8179802!16s%2Fg%2F1tf5lh9w!19sChIJLcdgdTNO9YgRB635vZZ_KJ0?authuser=0&hl=en&rclk=1,auto repair shop,Bartow County,county,GA,2026-07-15T18:10:43,0x88f54e337560c72d:0x9d287f96bdf9ad07
"Wilson's Auto & Towing, Inc.",(770) 382-8282,,,"748 Joe Frank Harris Pkwy SE, Cartersville, GA 30120, United States",748 Joe Frank Harris Pkwy SE,Cartersville,GA,30120,3.8,60,Auto repair shop,,,"https://www.google.com/maps/place/Wilson%27s+Auto+%26+Towing,+Inc./data=!4m7!3m6!1s0x88f54f9b1c1ea5b7:0x7a74584dea78896a!8m2!3d34.1841236!4d-84.7851736!16s%2Fg%2F11_r7dv0x!19sChIJt6UeHJtP9YgRaol46k1YdHo?authuser=0&hl=en&rclk=1",auto repair shop,Bartow County,county,GA,2026-07-23T14:42:29,0x88f54f9b1c1ea5b7:0x7a74584dea78896a
East Tire & Auto Repair,,,,"571 East Ave, Cedartown, GA 30125, United States",571 East Ave,Cedartown,GA,30125,5.0,1,Tire shop,,,https://www.google.com/maps/place/East+Tire+%26+Auto+Repair/data=!4m7!3m6!1s0x888ac1b4813de701:0xbccdbec6eeaf3291!8m2!3d34.0145419!4d-85.2466194!16s%2Fg%2F11fqtm93m4!19sChIJAec9gbTBiogRkTKv7sa-zbw?authuser=0&hl=en&rclk=1,auto repair shop,Polk County,county,GA,2026-07-23T23:54:50,0x888ac1b4813de701:0xbccdbec6eeaf3291
"A&R Body Shop, Inc.",(706) 695-0092,,,"700 N 2nd Ave, Chatsworth, GA 30705, United States",700 N 2nd Ave,Chatsworth,GA,30705,4.5,42,Auto body shop,,,"https://www.google.com/maps/place/A%26R+Body+Shop,+Inc./data=!4m7!3m6!1s0x885fc2c98a105e43:0x50a2fa4a25718eb!8m2!3d34.7739783!4d-84.7681608!16s%2Fg%2F11gdylm3lb!19sChIJQ14QisnCX4gR6xhXoqQvCgU?authuser=0&hl=en&rclk=1",auto repair shop,Murray County,county,GA,2026-07-23T23:16:22,0x885fc2c98a105e43:0x50a2fa4a25718eb
Jimmy Thompson's Garage,,,,"83 Western Way, Chatsworth, GA 30705, United States",83 Western Way,Chatsworth,GA,30705,4.5,14,Auto repair shop,,,https://www.google.com/maps/place/Jimmy+Thompson%27s+Garage/data=!4m7!3m6!1s0x885fe67fe1f365e3:0x7f7cb57a3187246e!8m2!3d34.6651699!4d-84.814948!16s%2Fg%2F11g9qsdmhn!19sChIJ42Xz4X_mX4gRbiSHMXq1fH8?authuser=0&hl=en&rclk=1,auto repair shop,Murray County,county,GA,2026-07-23T23:16:22,0x885fe67fe1f365e3:0x7f7cb57a3187246e
O. K. Auto Service Inc.,(423) 867-7696,https://www.okautoservice.net/,,"4014 Rossville Blvd, Chattanooga, TN 37407, United States",4014 Rossville Blvd,Chattanooga,TN,37407,4.6,82,Auto repair shop,,,https://www.google.com/maps/place/O.+K.+Auto+Service+Inc./data=!4m7!3m6!1s0x88605d9f2f9f6acd:0x349aea9c2a0edb5!8m2!3d34.9966832!4d-85.290867!16s%2Fg%2F1tgws_bv!19sChIJzWqfL59dYIgRte2gwqmuSQM?authuser=0&hl=en&rclk=1,auto repair shop,Walker County,county,GA,2026-07-16T08:15:35,0x88605d9f2f9f6acd:0x349aea9c2a0edb5
Clarkesville Motor Co. Inc.,(706) 754-4157,,,"202 Grant St, Clarkesville, GA 30523, United States",202 Grant St,Clarkesville,GA,30523,4.7,51,Car repair and maintenance service,,,https://www.google.com/maps/place/Clarkesville+Motor+Co.+Inc./data=!4m7!3m6!1s0x8858b41300d77289:0x370a8abbda66d31c!8m2!3d34.6166371!4d-83.5260271!16s%2Fg%2F1vm_ylrw!19sChIJiXLXABO0WIgRHNNm2ruKCjc?authuser=0&hl=en&rclk=1,auto repair shop,Habersham County,county,GA,2026-07-23T20:25:14,0x8858b41300d77289:0x370a8abbda66d31c
Sutton Tire Inc.,(706) 754-6241,https://suttontire.com/,,"293 Monroe St, Clarkesville, GA 30523, United States",293 Monroe St,Clarkesville,GA,30523,4.4,191,Tire shop,,,https://www.google.com/maps/place/Sutton+Tire+Inc./data=!4m7!3m6!1s0x8858b5c37c00fbe7:0x61aea2a7084a176f!8m2!3d34.6136984!4d-83.5307153!16s%2Fg%2F1wk7rkyw!19sChIJ5_sAfMO1WIgRbxdKCKeirmE?authuser=0&hl=en&rclk=1,auto repair shop,Habersham County,county,GA,2026-07-16T01:06:26,0x8858b5c37c00fbe7:0x61aea2a7084a176f
Custom Automotive Design,,,,"301 US-280, Claxton, GA 30417, United States",301 US-280,Claxton,GA,30417,5.0,3,Store,,,https://www.google.com/maps/place/Custom+Automotive+Design/data=!4m7!3m6!1s0x88fa617b600ad679:0x82f3bd6d87e015fb!8m2!3d32.1551601!4d-81.9480464!16s%2Fg%2F11bytyl0gh!19sChIJedYKYHth-ogR-xXgh22984I?authuser=0&hl=en&rclk=1,auto repair shop,Evans County,county,GA,2026-07-15T23:43:46,0x88fa617b600ad679:0x82f3bd6d87e015fb
"D & K Towing and Unlocking, Inc.",(912) 237-4745,,,"1195 Mittie Strickland Rd, Claxton, GA 30417, United States",1195 Mittie Strickland Rd,Claxton,GA,30417,4.6,36,Auto wrecker,,,"https://www.google.com/maps/place/D+%26+K+Towing+and+Unlocking,+Inc./data=!4m7!3m6!1s0x88fa60114a92922b:0x9358d121fadb256f!8m2!3d32.1109781!4d-81.8826587!16s%2Fg%2F1tj4cbf2!19sChIJK5KSShFg-ogRbyXb-iHRWJM?authuser=0&hl=en&rclk=1",auto repair shop,Evans County,county,GA,2026-07-15T23:43:46,0x88fa60114a92922b:0x9358d121fadb256f
Independent Service Center,,,,"8213 US-301, Claxton, GA 30417, United States",8213 US-301,Claxton,GA,30417,4.7,12,Repair service,,,https://www.google.com/maps/place/Independent+Service+Center/data=!4m7!3m6!1s0x88fa610015c965ff:0xdfb532edc180bb7d!8m2!3d32.1739425!4d-81.898262!16s%2Fg%2F11wqbbsb9l!19sChIJ_2XJFQBh-ogRfbuAwe0ytd8?authuser=0&hl=en&rclk=1,auto repair shop,Evans County,county,GA,2026-07-23T19:18:29,0x88fa610015c965ff:0xdfb532edc180bb7d
"Powertrain, Inc.",(912) 234-6641,http://www.powertrain-inc.com/,,"4811 US-280, Claxton, GA 30417, United States",4811 US-280,Claxton,GA,30417,4.3,110,Truck repair shop,,,"https://www.google.com/maps/place/Powertrain,+Inc./data=!4m7!3m6!1s0x88fb9fa2908bb5e1:0x43c15dd4e9a31d93!8m2!3d32.1560449!4d-81.9469605!16s%2Fg%2F1tgx7gcs!19sChIJ4bWLkKKf-4gRkx2j6dRdwUM?authuser=0&hl=en&rclk=1",auto repair shop,Tattnall County,county,GA,2026-07-24T00:55:19,0x88fb9fa2908bb5e1:0x43c15dd4e9a31d93
"Redding's Auto Mart, Inc",(912) 290-5530,http://reddingsautomart.com/,,"8215 US-301, Claxton, GA 30417, United States",8215 US-301,Claxton,GA,30417,3.8,42,Used car dealer,,,"https://www.google.com/maps/place/Redding%27s+Auto+Mart,+Inc/data=!4m7!3m6!1s0x88fa60c53b70c6c7:0x3616eb02a0e1cbd8!8m2!3d32.1742391!4d-81.8979516!16s%2Fg%2F11ddzkygqz!19sChIJx8ZwO8Vg-ogR2MvhoALrFjY?authuser=0&hl=en&rclk=1",auto repair shop,Evans County,county,GA,2026-07-15T23:43:46,0x88fa60c53b70c6c7:0x3616eb02a0e1cbd8
TRUCK CAR CARE CENTER,,,,"219 E Railroad St, Claxton, GA 30417, United States",219 E Railroad St,Claxton,GA,30417,,,Auto repair shop,,,https://www.google.com/maps/place/TRUCK+CAR+CARE+CENTER/data=!4m7!3m6!1s0x88fa60e6f26ddae7:0x7563cde1966f45f6!8m2!3d32.1607899!4d-81.9022699!16s%2Fg%2F11wjpv0wb4!19sChIJ59pt8uZg-ogR9kVvluHNY3U?authuser=0&hl=en&rclk=1,auto repair shop,Candler County,county,GA,2026-07-23T16:48:38,0x88fa60e6f26ddae7:0x7563cde1966f45f6
Allstate Tire Company Inc,(706) 244-5570,,,"680 Hwy 76, Clayton, GA 30525, United States",680 Hwy 76,Clayton,GA,30525,4.8,21,Tire shop,,,https://www.google.com/maps/place/Allstate+Tire+Company+Inc/data=!4m7!3m6!1s0x8858daed82526f31:0x5086222adbe0b5f5!8m2!3d34.8649106!4d-83.3973181!16s%2Fg%2F11hd1q8ryb!19sChIJMW9Sgu3aWIgR9bXg2yoihlA?authuser=0&hl=en&rclk=1,auto repair shop,Rabun County,county,GA,2026-07-24T00:10:12,0x8858daed82526f31:0x5086222adbe0b5f5
Duvall Ford Company Inc Service,(706) 782-4231,https://www.duvallautomotivegp.com/,,"US-441, Clayton, GA 30525, United States",US-441,Clayton,GA,30525,4.3,246,Auto repair shop,,,https://www.google.com/maps/place/Duvall+Ford+Company+Inc+Service/data=!4m7!3m6!1s0x8858da58697ae235:0xe999dce37b561ae7!8m2!3d34.8722931!4d-83.4008307!16s%2Fg%2F11b63w1y8k!19sChIJNeJ6aVjaWIgR5xpWe-Pcmek?authuser=0&hl=en&rclk=1,auto repair shop,Rabun County,county,GA,2026-07-24T00:10:12,0x8858da58697ae235:0xe999dce37b561ae7
NAPA Auto Parts - Clayton,(706) 782-4267,https://www.napaonline.com/en/GA/Clayton/store/23672?cid=pl_jobber_google_dac_23672_ao,,"70 Rickman St, Clayton, GA 30525, United States",70 Rickman St,Clayton,GA,30525,4.6,38,Auto parts store,,,https://www.google.com/maps/place/NAPA+Auto+Parts+-+Clayton/data=!4m7!3m6!1s0x8858dabf10599753:0x83582369e61c5b06!8m2!3d34.877777!4d-83.3950729!16s%2Fg%2F1v1kql1t!19sChIJU5dZEL_aWIgRBlsc5mkjWIM?authuser=0&hl=en&rclk=1,auto repair shop,Rabun County,county,GA,2026-07-24T00:10:12,0x8858dabf10599753:0x83582369e61c5b06
O'Reilly Auto Parts,(706) 212-0063,https://locations.oreillyauto.com/en-us/ga/clayton/autoparts-5008.html,,"121 Hwy 441, Clayton, GA 30525, United States",121 Hwy 441,Clayton,GA,30525,4.5,192,Auto parts store,,,https://www.google.com/maps/place/O%27Reilly+Auto+Parts/data=!4m7!3m6!1s0x8858dac12e9402d5:0x1530d3a3154b6e!8m2!3d34.8762933!4d-83.3970077!16s%2Fg%2F11bw67r33v!19sChIJ1QKULsHaWIgRbksVo9MwFQA?authuser=0&hl=en&rclk=1,auto repair shop,Rabun County,county,GA,2026-07-16T05:56:58,0x8858dac12e9402d5:0x1530d3a3154b6e
Walmart Auto Care Center,(706) 782-7225,https://www.walmart.com/store/2753-clayton-ga/auto-care-center/?veh=seo_loc,,"1455 Hwy 441, Clayton, GA 30525, United States",1455 Hwy 441,Clayton,GA,30525,3.7,83,Oil change service,,,https://www.google.com/maps/place/Walmart+Auto+Care+Center/data=!4m7!3m6!1s0x8858c54e56f40429:0xc5e03997b39a252e!8m2!3d34.8596415!4d-83.4041419!16s%2Fg%2F11xclpnfs!19sChIJKQT0Vk7FWIgRLiWas5c54MU?authuser=0&hl=en&rclk=1,auto repair shop,Rabun County,county,GA,2026-07-24T00:10:12,0x8858c54e56f40429:0xc5e03997b39a252e
ARI Automotive Repair Inc,(706) 219-2495,http://www.ariautorepair.com/,,"72 Warehouse Dr, Cleveland, GA 30528, United States",72 Warehouse Dr,Cleveland,GA,30528,4.7,177,Auto repair shop,,,https://www.google.com/maps/place/ARI+Automotive+Repair+Inc/data=!4m7!3m6!1s0x885f4580c8944e2f:0xa9a208e63662fb8e!8m2!3d34.5759131!4d-83.7639405!16s%2Fg%2F1tn01z4h!19sChIJL06UyIBFX4gRjvtiNuYIoqk?authuser=0&hl=en&rclk=1,auto repair shop,Union County,county,GA,2026-07-24T00:52:54,0x885f4580c8944e2f:0xa9a208e63662fb8e
Allen's Paint & Body Shop Inc,(706) 865-2318,,,"79 W Kytle St, Cleveland, GA 30528, United States",79 W Kytle St,Cleveland,GA,30528,4.7,13,Auto body shop,,,https://www.google.com/maps/place/Allen%27s+Paint+%26+Body+Shop+Inc/data=!4m7!3m6!1s0x885f45f5b7414c9d:0xa36a80700cbd67ea!8m2!3d34.5965904!4d-83.7647912!16s%2Fg%2F1v_nd6zy!19sChIJnUxBt_VFX4gR6me9DHCAaqM?authuser=0&hl=en&rclk=1,auto repair shop,White County,county,GA,2026-07-16T08:49:22,0x885f45f5b7414c9d:0xa36a80700cbd67ea
Cleveland Engine Shop,,,,"34 Henry Nix Rd, Cleveland, GA 30528, United States",34 Henry Nix Rd,Cleveland,GA,30528,,,Auto repair shop,,,https://www.google.com/maps/place/Cleveland+Engine+Shop/data=!4m7!3m6!1s0x885f4f4222a80ca3:0x17ddec7a5aa0de1c!8m2!3d34.5934798!4d-83.7469061!16s%2Fg%2F11j4fdghwd!19sChIJowyoIkJPX4gRHN6gWnrs3Rc?authuser=0&hl=en&rclk=1,auto repair shop,White County,county,GA,2026-07-24T02:27:55,0x885f4f4222a80ca3:0x17ddec7a5aa0de1c
GO SHIFT INC.,(762) 228-1081,https://www.instagram.com/goshiftinc?igsh=MTV0cnBsM3M2cnZ0eA==,,"285 Rodney Nix Rd, Cleveland, GA 30528, United States",285 Rodney Nix Rd,Cleveland,GA,30528,,,Mechanic,,,https://www.google.com/maps/place/GO+SHIFT+INC./data=!4m7!3m6!1s0x885f459184d9fcfb:0xb875d114c793c09c!8m2!3d34.5967247!4d-83.7632924!16s%2Fg%2F11z834r0wy!19sChIJ-_zZhJFFX4gRnMCTxxTRdbg?authuser=0&hl=en&rclk=1,auto repair shop,White County,county,GA,2026-07-24T02:27:55,0x885f459184d9fcfb:0xb875d114c793c09c
Mason Motorworks Inc.,(706) 348-1331,,,"38 Henry Nix Rd, Cleveland, GA 30528, United States",38 Henry Nix Rd,Cleveland,GA,30528,4.9,240,Auto repair shop,,,https://www.google.com/maps/place/Mason+Motorworks+Inc./data=!4m7!3m6!1s0x885f51f31bd5b4d9:0x921d82cbaa6662df!8m2!3d34.5935237!4d-83.7460676!16s%2Fg%2F11ry9r1zhf!19sChIJ2bTVG_NRX4gR32JmqsuCHZI?authuser=0&hl=en&rclk=1,auto repair shop,White County,county,GA,2026-07-24T02:27:55,0x885f51f31bd5b4d9:0x921d82cbaa6662df
NAPA Auto Parts,(706) 865-2911,https://www.napaonline.com/en/GA/Cleveland/store/804191?cid=pl_gpc_google_dac_804191_ao,,"157 W Kytle St, Cleveland, GA 30528, United States",157 W Kytle St,Cleveland,GA,30528,4.4,21,Auto parts store,,,https://www.google.com/maps/place/NAPA+Auto+Parts/data=!4m7!3m6!1s0x885f4533b5a63af5:0x1d34562fdd066bfd!8m2!3d34.596442!4d-83.76611!16s%2Fg%2F11pf8rgtn3!19sChIJ9TqmtTNFX4gR_WsG3S9WNB0?authuser=0&hl=en&rclk=1,auto repair shop,White County,county,GA,2026-07-16T08:49:22,0x885f4533b5a63af5:0x1d34562fdd066bfd
Ro Tim Inc,(706) 865-3424,https://www.facebook.com/Ro-Tim-Inc-741963759188961/?ref=br_rs,,"1123 E Kytle St, Cleveland, GA 30528, United States",1123 E Kytle St,Cleveland,GA,30528,4.5,12,Auto repair shop,,,https://www.google.com/maps/place/Ro+Tim+Inc/data=!4m7!3m6!1s0x885f4f995ebadf2f:0x6ddd1ee8b5872d41!8m2!3d34.5929785!4d-83.7444726!16s%2Fg%2F11h6tkm_9g!19sChIJL9-6XplPX4gRQS2Htege3W0?authuser=0&hl=en&rclk=1,auto repair shop,White County,county,GA,2026-07-24T02:27:55,0x885f4f995ebadf2f:0x6ddd1ee8b5872d41
Shane's Auto Body Inc,(706) 865-0129,https://shanesautobody.com/,,"1799 Highway 129 South, Cleveland, GA 30528, United States",1799 Highway 129 South,Cleveland,GA,30528,4.8,100,Auto body shop,,,https://www.google.com/maps/place/Shane%27s+Auto+Body+Inc/data=!4m7!3m6!1s0x885f489d2a2ca027:0xf41b1f2d5bb195cb!8m2!3d34.5723422!4d-83.7618484!16s%2Fg%2F1v1slz5k!19sChIJJ6AsKp1IX4gRy5WxWy0fG_Q?authuser=0&hl=en&rclk=1,auto repair shop,Habersham County,county,GA,2026-07-16T01:06:26,0x885f489d2a2ca027:0xf41b1f2d5bb195cb
Valvoline Instant Oil Change,(762) 286-1503,https://store.vioc.com/ga/cleveland/1673-hwy-129-s?utm_source=google&utm_medium=local&utm_campaign=localsearch,,"1673 US-129, Cleveland, GA 30528, United States",1673 US-129,Cleveland,GA,30528,4.7,453,Oil change service,,,https://www.google.com/maps/place/Valvoline+Instant+Oil+Change/data=!4m7!3m6!1s0x88faf5dee9036a9d:0x6c0976ece61ec9a4!8m2!3d34.57363!4d-83.76256!16s%2Fg%2F11spnrf2n2!19sChIJnWoD6d71-ogRpMke5ux2CWw?authuser=0&hl=en&rclk=1,auto repair shop,White County,county,GA,2026-07-24T02:27:55,0x88faf5dee9036a9d:0x6c0976ece61ec9a4
Walmart Auto Care Center,(706) 219-2367,https://www.walmart.com/store/4616-cleveland-ga/auto-care-center/?veh=seo_loc,,"260 Donald E Thurmond Pkwy, Cleveland, GA 30528, United States",260 Donald E Thurmond Pkwy,Cleveland,GA,30528,3.3,164,Oil change service,,,https://www.google.com/maps/place/Walmart+Auto+Care+Center/data=!4m7!3m6!1s0x885f45f5ed2da6b5:0x5454ee8f9f3d12fc!8m2!3d34.5790535!4d-83.7590628!16s%2Fg%2F11xpwjqsk!19sChIJtaYt7fVFX4gR_BI9n4_uVFQ?authuser=0&hl=en&rclk=1,auto repair shop,White County,county,GA,2026-07-16T08:49:22,0x885f45f5ed2da6b5:0x5454ee8f9f3d12fc
Cook Rd auto repair,,,,"738 Frank Cook Rd, Cochran, GA 31014, United States",738 Frank Cook Rd,Cochran,GA,31014,,,,,,https://www.google.com/maps/place/Cook+Rd+auto+repair/data=!4m7!3m6!1s0x88f16d6d2ca3b1d9:0x5e00d109ef3be123!8m2!3d32.3805635!4d-83.2915384!16s%2Fg%2F11rq3n294g!19sChIJ2bGjLG1t8YgRI-E77wnRAF4?authuser=0&hl=en&rclk=1,auto repair shop,Bleckley County,county,GA,2026-07-15T18:52:45,0x88f16d6d2ca3b1d9:0x5e00d109ef3be123
J & L GARAGE,,,,"1179 GA-112, Cochran, GA 31014, United States",1179 GA-112,Cochran,GA,31014,,,,,,https://www.google.com/maps/place/J+%26+L+GARAGE/data=!4m7!3m6!1s0x88f16a371b4b36fb:0x93e0db73c30ec5f4!8m2!3d32.5046242!4d-83.3181457!16s%2Fg%2F11s9c99t3c!19sChIJ-zZLGzdq8YgR9MUOw3Pb4JM?authuser=0&hl=en&rclk=1,auto repair shop,Bleckley County,county,GA,2026-07-15T18:52:45,0x88f16a371b4b36fb:0x93e0db73c30ec5f4
Stevie's Collision Center Inc,(478) 934-1345,,,"341 Hwy 87 Bypass S, Cochran, GA 31014, United States",341 Hwy 87 Bypass S,Cochran,GA,31014,4.8,46,Auto body shop,,,https://www.google.com/maps/place/Stevie%27s+Collision+Center+Inc/data=!4m7!3m6!1s0x88f16ddca93d2b3f:0x4109b4fcd3c1204b!8m2!3d32.3884518!4d-83.3254768!16s%2Fg%2F1tk_q2_5!19sChIJPys9qdxt8YgRSyDB0_y0CUE?authuser=0&hl=en&rclk=1,auto repair shop,Bleckley County,county,GA,2026-07-23T15:43:57,0x88f16ddca93d2b3f:0x4109b4fcd3c1204b
B & D Diesel Repair Inc,(229) 758-5431,,,"95 Perry St, Colquitt, GA 39837, United States",95 Perry St,Colquitt,GA,39837,5.0,1,Truck repair shop,,,https://www.google.com/maps/place/B+%26+D+Diesel+Repair+Inc/data=!4m7!3m6!1s0x88ed47088d258f41:0xfaf332c95a7aaabb!8m2!3d31.1885069!4d-84.7245013!16s%2Fg%2F1tgf8m84!19sChIJQY8ljQhH7YgRu6p6Wsky8_o?authuser=0&hl=en&rclk=1,auto repair shop,Colquitt County,county,GA,2026-07-23T17:49:38,0x88ed47088d258f41:0xfaf332c95a7aaabb
NAPA Auto Parts - STEWART AUTO PARTS,(229) 758-5531,https://www.napaonline.com/en/GA/Colquitt/store/23948?cid=pl_jobber_google_dac_23948_ao,,"308 E Crawford St, Colquitt, GA 39837, United States",308 E Crawford St,Colquitt,GA,39837,4.4,45,Auto parts store,,,https://www.google.com/maps/place/NAPA+Auto+Parts+-+STEWART+AUTO+PARTS/data=!4m7!3m6!1s0x88ed4777181ebe8d:0x972203d2fb4b15c0!8m2!3d31.169223!4d-84.727923!16s%2Fg%2F1v2gflgk!19sChIJjb4eGHdH7YgRwBVL-9IDIpc?authuser=0&hl=en&rclk=1,auto repair shop,Miller County,county,GA,2026-07-23T22:06:42,0x88ed4777181ebe8d:0x972203d2fb4b15c0
"Phillips Auto Parts, Inc.",(229) 758-5565,https://locations.autovalue.com/ga/Colquitt/113248/,,"512 E Crawford St, Colquitt, GA 39837, United States",512 E Crawford St,Colquitt,GA,39837,4.8,23,Auto parts store,,,"https://www.google.com/maps/place/Phillips+Auto+Parts,+Inc./data=!4m7!3m6!1s0x88ed477a83fc5f89:0x299b4a85880d1d41!8m2!3d31.1646147!4d-84.7226213!16s%2Fg%2F1tff8fnv!19sChIJiV_8g3pH7YgRQR0NiIVKmyk?authuser=0&hl=en&rclk=1",auto repair shop,Colquitt County,county,GA,2026-07-23T17:49:38,0x88ed477a83fc5f89:0x299b4a85880d1d41
A Carb Auto Care Inc,(706) 323-4641,http://acarbauto.net/,,"1500 50th St, Columbus, GA 31904, United States",1500 50th St,Columbus,GA,31904,4.6,157,Car repair and maintenance service,,,https://www.google.com/maps/place/A+Carb+Auto+Care+Inc/data=!4m7!3m6!1s0x888ccc91a35453d1:0xad7c17fafdeb0557!8m2!3d32.5121008!4d-84.9700782!16s%2Fg%2F1th7z3dl!19sChIJ0VNUo5HMjIgRVwXr_foXfK0?authuser=0&hl=en&rclk=1,auto repair shop,Muscogee County,county,GA,2026-07-23T23:24:58,0x888ccc91a35453d1:0xad7c17fafdeb0557
AAMCO Transmissions & Total Car Care,(706) 324-4772,https://www.aamcocolumbusga.com/?utm_source=G&utm_medium=local&utm_campaign=google-local,,"1400 52nd St, Columbus, GA 31904, United States",1400 52nd St,Columbus,GA,31904,3.3,129,Transmission shop,,,https://www.google.com/maps/place/AAMCO+Transmissions+%26+Total+Car+Care/data=!4m7!3m6!1s0x888ccc905febd343:0x912f69f07f38003d!8m2!3d32.514682!4d-84.968906!16s%2Fg%2F1tycxf7k!19sChIJQ9PrX5DMjIgRPQA4f_BpL5E?authuser=0&hl=en&rclk=1,auto repair shop,Columbus,city,GA,2026-07-24T01:40:52,0x888ccc905febd343:0x912f69f07f38003d
"Columbus Body Works, Inc.",(706) 322-0676,https://columbusbodyworks.com/,,"1919 Veterans Pkwy, Columbus, GA 31904, United States",1919 Veterans Pkwy,Columbus,GA,31904,4.8,566,Auto body shop,,,"https://www.google.com/maps/place/Columbus+Body+Works,+Inc./data=!4m7!3m6!1s0x888ccdac919bd593:0x5580a4b2dc2660e6!8m2!3d32.48225!4d-84.9881221!16s%2Fg%2F1tdfcwkm!19sChIJk9WbkazNjIgR5mAm3LKkgFU?authuser=0&hl=en&rclk=1",auto repair shop,Columbus,city,GA,2026-07-24T01:40:52,0x888ccdac919bd593:0x5580a4b2dc2660e6
Columbus Foreign Car,,,,"1230 Morris Rd, Columbus, GA 31907, United States",1230 Morris Rd,Columbus,GA,31907,3.5,2,Auto repair shop,,,https://www.google.com/maps/place/Columbus+Foreign+Car/data=!4m7!3m6!1s0x88f332da6734990b:0x6f8c0d497fa245e!8m2!3d32.4722059!4d-84.9289788!16s%2Fg%2F1tfgq6v8!19sChIJC5k0Z9oy84gRXiT6l9TA-AY?authuser=0&hl=en&rclk=1,auto repair shop,Muscogee County,county,GA,2026-07-23T23:24:59,0x88f332da6734990b:0x6f8c0d497fa245e
Firestone Complete Auto Care,(706) 225-8684,https://www.firestonecompleteautocare.com/georgia/columbus/5437-veterans-pkwy/?utm_source=google&utm_medium=organic&utm_campaign=localmaps&cmp=oloc_google_localmaps_maps,,"5437 Veterans Pkwy, Columbus, GA 31904, United States",5437 Veterans Pkwy,Columbus,GA,31904,4.5,834,Tire shop,,,https://www.google.com/maps/place/Firestone+Complete+Auto+Care/data=!4m7!3m6!1s0x888ccc9ecbf1ef13:0xde9f90603cb18794!8m2!3d32.5218062!4d-84.9645309!16s%2Fg%2F1tp8_tps!19sChIJE-_xy57MjIgRlIexPGCQn94?authuser=0&hl=en&rclk=1,auto repair shop,Columbus,city,GA,2026-07-24T01:40:52,0x888ccc9ecbf1ef13:0xde9f90603cb18794
Firestone Complete Auto Care,(706) 940-3453,https://www.firestonecompleteautocare.com/georgia/columbus/1221-veterans-pkwy/?utm_source=google&utm_medium=organic&utm_campaign=localmaps&cmp=oloc_google_localmaps_maps,,"1221 Veterans Pkwy, Columbus, GA 31901, United States",1221 Veterans Pkwy,Columbus,GA,31901,4.2,590,Tire shop,,,https://www.google.com/maps/place/Firestone+Complete+Auto+Care/data=!4m7!3m6!1s0x888ccda5c63d59eb:0x4521663665540ef8!8m2!3d32.4694206!4d-84.9880032!16s%2Fg%2F1tr8mb_k!19sChIJ61k9xqXNjIgR-A5UZTZmIUU?authuser=0&hl=en&rclk=1,auto repair shop,Columbus,city,GA,2026-07-24T01:40:52,0x888ccda5c63d59eb:0x4521663665540ef8
Frank's Collision Center Inc,(706) 565-7171,,,"4754 Warm Springs Rd, Columbus, GA 31909, United States",4754 Warm Springs Rd,Columbus,GA,31909,4.6,345,Auto body shop,,,https://www.google.com/maps/place/Frank%27s+Collision+Center+Inc/data=!4m7!3m6!1s0x88f3349ddd92354f:0xaa804cb2319ca71!8m2!3d32.5260251!4d-84.9136103!16s%2Fg%2F1vs1sqd4!19sChIJTzWS3Z0084gRccoZI8sEqAo?authuser=0&hl=en&rclk=1,auto repair shop,Marion County,county,GA,2026-07-23T22:03:24,0x88f3349ddd92354f:0xaa804cb2319ca71
H & M Auto Care Inc.,(706) 324-6097,,,"3703 River Rd, Columbus, GA 31904, United States",3703 River Rd,Columbus,GA,31904,4.8,83,Auto body shop,,,https://www.google.com/maps/place/H+%26+M+Auto+Care+Inc./data=!4m7!3m6!1s0x888cccf614845193:0xf2d2f341a1183148!8m2!3d32.4983891!4d-84.9805152!16s%2Fg%2F1tdg3_5q!19sChIJk1GEFPbMjIgRSDEYoUHz0vI?authuser=0&hl=en&rclk=1,auto repair shop,Columbus,city,GA,2026-07-24T01:40:52,0x888cccf614845193:0xf2d2f341a1183148
Midas,(706) 223-1507,https://www.midas.com/store/ga/columbus/1631-manchester-expressway-31904/?shopnum=3519&utm_source=google&utm_medium=organic&utm_campaign=gbp,,"1631 Manchester Expy, Columbus, GA 31904, United States",1631 Manchester Expy,Columbus,GA,31904,4.7,622,Auto repair shop,,,https://www.google.com/maps/place/Midas/data=!4m7!3m6!1s0x888ccc930bd4e6eb:0x6f774bf8d2de09fb!8m2!3d32.5073935!4d-84.9677647!16s%2Fg%2F1w6665m_!19sChIJ6-bUC5PMjIgR-wne0vhLd28?authuser=0&hl=en&rclk=1,auto repair shop,Muscogee County,county,GA,2026-07-23T23:24:58,0x888ccc930bd4e6eb:0x6f774bf8d2de09fb
Midas,(706) 225-8423,https://www.midas.com/store/ga/columbus/315-thirteenth-street-1-31901/?shopnum=3515&utm_source=google&utm_medium=organic&utm_campaign=gbp,,"315 13th St #1, Columbus, GA 31901, United States",315 13th St #1,Columbus,GA,31901,4.7,696,Auto repair shop,,,https://www.google.com/maps/place/Midas/data=!4m7!3m6!1s0x888ccda5ebae6f11:0x5761eec5c6b5991e!8m2!3d32.4707999!4d-84.9881382!16s%2Fg%2F1tdq_h65!19sChIJEW-u66XNjIgRHpm1xsXuYVc?authuser=0&hl=en&rclk=1,auto repair shop,Muscogee County,county,GA,2026-07-23T23:24:58,0x888ccda5ebae6f11:0x5761eec5c6b5991e
Pep Boys Auto Service & Tires,(706) 940-3305,https://www.pepboys.com/stores/ga/columbus/6437-whittlesey-blvd?Cid=gbp_appt_AN:PB%7CPB:G%7CTT:GBP%7CCG:CONVERSION%7CCD:SERVICE,,"6437 Whittlesey Blvd, Columbus, GA 31909, United States",6437 Whittlesey Blvd,Columbus,GA,31909,4.2,979,Tire shop,,,https://www.google.com/maps/place/Pep+Boys+Auto+Service+%26+Tires/data=!4m7!3m6!1s0x88f334b57ea322c5:0x463b1fe3786f06d1!8m2!3d32.548463!4d-84.937696!16s%2Fg%2F1td664g7!19sChIJxSKjfrU084gR0QZveOMfO0Y?authuser=0&hl=en&rclk=1,auto repair shop,Marion County,county,GA,2026-07-16T04:02:30,0x88f334b57ea322c5:0x463b1fe3786f06d1
"Sherman's Automotive, Inc.",(706) 322-8431,,,"2205 2nd Ave, Columbus, GA 31901, United States",2205 2nd Ave,Columbus,GA,31901,4.5,110,Auto repair shop,,,"https://www.google.com/maps/place/Sherman%27s+Automotive,+Inc./data=!4m7!3m6!1s0x888ccc52ec3bc78d:0x6d1f25fac04ca5b5!8m2!3d32.4849969!4d-84.9905946!16s%2Fg%2F1tfsj56q!19sChIJjcc77FLMjIgRtaVMwPolH20?authuser=0&hl=en&rclk=1",auto repair shop,Columbus,city,GA,2026-07-24T01:40:52,0x888ccc52ec3bc78d:0x6d1f25fac04ca5b5
Top Auto Tech Auto Repair,,,,"1669 Benning Dr, Columbus, GA 31903, United States",1669 Benning Dr,Columbus,GA,31903,5.0,1,Auto repair shop,,,https://www.google.com/maps/place/Top+Auto+Tech+Auto+Repair/data=!4m7!3m6!1s0x888cd2b05fdaa2a9:0x9ad6209c6ced555a!8m2!3d32.4222949!4d-84.9492306!16s%2Fg%2F11kmng0nsj!19sChIJqaLaX7DSjIgRWlXtbJwg1po?authuser=0&hl=en&rclk=1,auto repair shop,Columbus,city,GA,2026-07-24T01:40:52,0x888cd2b05fdaa2a9:0x9ad6209c6ced555a
Walmart Auto Care Center,(706) 335-9546,https://www.walmart.com/store/3-commerce-ga/auto-care-center/?veh=seo_loc,,"30983 US-441, Commerce, GA 30529, United States",30983 US-441,Commerce,GA,30529,3.6,115,Oil change service,,,https://www.google.com/maps/place/Walmart+Auto+Care+Center/data=!4m7!3m6!1s0x88f6037d0771d2b7:0x1ed6f925a0b9deb6!8m2!3d34.2477758!4d-83.4566843!16s%2Fg%2F11xnc94b_!19sChIJt9JxB30D9ogRtt65oCX51h4?authuser=0&hl=en&rclk=1,auto repair shop,Banks County,county,GA,2026-07-23T15:03:48,0x88f6037d0771d2b7:0x1ed6f925a0b9deb6
AAMCO Transmissions & Total Car Care,(678) 374-3228,http://www.aamcoconyersga.com/?utm_source=G&utm_medium=local&utm_campaign=google-local,,"1662 GA-138, Conyers, GA 30013, United States",1662 GA-138,Conyers,GA,30013,4.3,285,Transmission shop,,,https://www.google.com/maps/place/AAMCO+Transmissions+%26+Total+Car+Care/data=!4m7!3m6!1s0x88f5b4c70ea54d69:0xdeb371015cbf23c9!8m2!3d33.665163!4d-83.994012!16s%2Fg%2F1tg829hy!19sChIJaU2lDse09YgRySO_XAFxs94?authuser=0&hl=en&rclk=1,auto repair shop,Newton County,county,GA,2026-07-16T04:52:30,0x88f5b4c70ea54d69:0xdeb371015cbf23c9
Executive Repairs Inc,(770) 760-9199,,,"1469 Old Salem Rd SE A, Conyers, GA 30013, United States",1469 Old Salem Rd SE A,Conyers,GA,30013,4.5,208,Car repair and maintenance service,,,https://www.google.com/maps/place/Executive+Repairs+Inc/data=!4m7!3m6!1s0x88f44b529650e883:0x75dc038867d3a033!8m2!3d33.6500642!4d-84.0067081!16s%2Fg%2F1th6fp56!19sChIJg-hQllJL9IgRM6DTZ4gD3HU?authuser=0&hl=en&rclk=1,auto repair shop,Rockdale County,county,GA,2026-07-16T06:09:19,0x88f44b529650e883:0x75dc038867d3a033
Firestone Complete Auto Care,(770) 648-1055,https://www.firestonecompleteautocare.com/georgia/conyers/1645-hwy-138-se/?utm_source=google&utm_medium=organic&utm_campaign=localmaps&cmp=oloc_google_localmaps_maps,,"1645 Hwy 138 SE, Conyers, GA 30013, United States",1645 Hwy 138 SE,Conyers,GA,30013,4.2,907,Tire shop,,,https://www.google.com/maps/place/Firestone+Complete+Auto+Care/data=!4m7!3m6!1s0x88f44b543917bb1f:0xdd7d0eab7a811d28!8m2!3d33.6473682!4d-84.0131916!16s%2Fg%2F1tlbp_0s!19sChIJH7sXOVRL9IgRKB2BeqsOfd0?authuser=0&hl=en&rclk=1,auto repair shop,Butts County,county,GA,2026-07-23T16:03:37,0x88f44b543917bb1f:0xdd7d0eab7a811d28
Gibbs Automotive Inc,(770) 761-1119,https://www.gibbsautomotive.com/,,"1098 Dogwood Dr SW, Conyers, GA 30012, United States",1098 Dogwood Dr SW,Conyers,GA,30012,4.7,206,Auto repair shop,,,https://www.google.com/maps/place/Gibbs+Automotive+Inc/data=!4m7!3m6!1s0x88f5b4ac6e094423:0xd240d7c9273ccdb0!8m2!3d33.6618985!4d-84.0237828!16s%2Fg%2F1tj9cvm2!19sChIJI0QJbqy09YgRsM08J8nXQNI?authuser=0&hl=en&rclk=1,auto repair shop,Rockdale County,county,GA,2026-07-24T00:16:36,0x88f5b4ac6e094423:0xd240d7c9273ccdb0
Goodyear Auto Service,(770) 929-3682,https://www.goodyear.com/en-us/goodyearautoservice,,"1840 GA-20, Conyers, GA 30013, United States",1840 GA-20,Conyers,GA,30013,4.6,200,Tire shop,,,https://www.google.com/maps/place/Goodyear+Auto+Service/data=!4m7!3m6!1s0x88f44b59cd6fa59b:0x3289cc9a0a424fb!8m2!3d33.6399912!4d-84.0139403!16s%2Fg%2F1td0bs97!19sChIJm6VvzVlL9IgR-ySkoMmcKAM?authuser=0&hl=en&rclk=1,auto repair shop,Butts County,county,GA,2026-07-23T16:03:37,0x88f44b59cd6fa59b:0x3289cc9a0a424fb
H & H Automotive Inc,(770) 785-7452,,,"2190 Covington Hwy A, Conyers, GA 30012, United States",2190 Covington Hwy A,Conyers,GA,30012,4.8,73,Auto repair shop,,,https://www.google.com/maps/place/H+%26+H+Automotive+Inc/data=!4m7!3m6!1s0x88f5b2e1cd869e23:0x5a24430a46aa79fa!8m2!3d33.6795403!4d-84.0597799!16s%2Fg%2F1tt1j1lt!19sChIJI56GzeGy9YgR-nmqRgpDJFo?authuser=0&hl=en&rclk=1,auto repair shop,Rockdale County,county,GA,2026-07-24T00:16:36,0x88f5b2e1cd869e23:0x5a24430a46aa79fa
Pep Boys Auto Service & Tires,(770) 769-5443,https://www.pepboys.com/stores/ga/conyers/2500-salem-rd?Cid=gbp_appt_AN:PB%7CPB:G%7CTT:GBP%7CCG:CONVERSION%7CCD:SERVICE,,"2500 Salem Rd SE, Conyers, GA 30013, United States",2500 Salem Rd SE,Conyers,GA,30013,4.2,595,Tire shop,,,https://www.google.com/maps/place/Pep+Boys+Auto+Service+%26+Tires/data=!4m7!3m6!1s0x88f44b1e7019347d:0x85e5d7e27851d12!8m2!3d33.623437!4d-83.975657!16s%2Fg%2F1tgtgb72!19sChIJfTQZcB5L9IgREh2FJ35dXgg?authuser=0&hl=en&rclk=1,auto repair shop,Newton County,county,GA,2026-07-16T04:52:30,0x88f44b1e7019347d:0x85e5d7e27851d12
Pep Boys Auto Service & Tires,(770) 769-2945,https://www.pepboys.com/stores/ga/conyers/1717-hwy-20?Cid=gbp_appt_AN:PB%7CPB:G%7CTT:GBP%7CCG:CONVERSION%7CCD:SERVICE,,"1717 GA-20, Conyers, GA 30013, United States",1717 GA-20,Conyers,GA,30013,4.1,562,Tire shop,,,https://www.google.com/maps/place/Pep+Boys+Auto+Service+%26+Tires/data=!4m7!3m6!1s0x88f5b4c3f2bcd53d:0x9f4236ca87549b9c!8m2!3d33.6448336!4d-84.0148813!16s%2Fg%2F1tg9jdjd!19sChIJPdW88sO09YgRnJtUh8o2Qp8?authuser=0&hl=en&rclk=1,auto repair shop,Rockdale County,county,GA,2026-07-16T06:09:19,0x88f5b4c3f2bcd53d:0x9f4236ca87549b9c
Central ga tire,,,,"Big Jim Rd, Cordele, GA 31015, United States",Big Jim Rd,Cordele,GA,31015,,,Auto repair shop,,,https://www.google.com/maps/place/Central+ga+tire/data=!4m7!3m6!1s0x88f23d001f5e4ecf:0x4697b22d8067ec55!8m2!3d31.8768559!4d-83.7801368!16s%2Fg%2F11mzfj5l5h!19sChIJz05eHwA98ogRVexngC2yl0Y?authuser=0&hl=en&rclk=1,auto repair shop,Crisp County,county,GA,2026-07-23T18:14:38,0x88f23d001f5e4ecf:0x4697b22d8067ec55
Crisp Automotive,,,,"1310 S 5th St, Cordele, GA 31015, United States",1310 S 5th St,Cordele,GA,31015,4.8,19,,,,https://www.google.com/maps/place/Crisp+Automotive/data=!4m7!3m6!1s0x88f23b8bb4b0cdc5:0x450968d04ab91271!8m2!3d31.9557264!4d-83.7790908!16s%2Fg%2F11h3bts9mz!19sChIJxc2wtIs78ogRcRK5StBoCUU?authuser=0&hl=en&rclk=1,auto repair shop,Crisp County,county,GA,2026-07-23T18:14:38,0x88f23b8bb4b0cdc5:0x450968d04ab91271
"General Repair Truck & Trailer, Inc.",(229) 273-6556,https://general-repair.com/,,"401 Harris St S, Cordele, GA 31015, United States",401 Harris St S,Cordele,GA,31015,3.8,135,Truck repair shop,,,"https://www.google.com/maps/place/General+Repair+Truck+%26+Trailer,+Inc./data=!4m7!3m6!1s0x88f224e7d3ece6ed:0x268a68157e9bb87d!8m2!3d31.963891!4d-83.73839!16s%2Fg%2F1tdxr8_m!19sChIJ7ebs0-ck8ogRfbibfhVoiiY?authuser=0&hl=en&rclk=1",auto repair shop,Crisp County,county,GA,2026-07-23T18:14:38,0x88f224e7d3ece6ed:0x268a68157e9bb87d
HHARRIS SERVICE CENTER,,,,"9th St S, Cordele, GA 31015, United States",9th St S,Cordele,GA,31015,,,Auto repair shop,,,https://www.google.com/maps/place/HHARRIS+SERVICE+CENTER/data=!4m7!3m6!1s0x88f23b1841a544ff:0x2bf6b971fe4a83e!8m2!3d31.9677274!4d-83.7850681!16s%2Fg%2F11l2_94gxd!19sChIJ_0SlQRg78ogRPqjkH5drvwI?authuser=0&hl=en&rclk=1,auto repair shop,Dooly County,county,GA,2026-07-23T18:10:18,0x88f23b1841a544ff:0x2bf6b971fe4a83e
"JERRY'S AUTOBODY COLLISION REPAIR, INC.",(229) 273-4111,,,"1159 U S HWY 280 WEST, Cordele, GA 31015, United States",1159 U S HWY 280 WEST,Cordele,GA,31015,4.7,27,Auto body shop,,,"https://www.google.com/maps/place/JERRY%27S+AUTOBODY+COLLISION+REPAIR,+INC./data=!4m7!3m6!1s0x88f23b3242e205f5:0xeb8d91f028f25af3!8m2!3d31.95455!4d-83.8125286!16s%2Fg%2F1td7zxz4!19sChIJ9QXiQjI78ogR81ryKPCRjes?authuser=0&hl=en&rclk=1",auto repair shop,Crisp County,county,GA,2026-07-23T18:14:38,0x88f23b3242e205f5:0xeb8d91f028f25af3
Walmart Auto Care Center,(229) 273-9418,https://www.walmart.com/store/1006-cordele-ga/auto-care-center/?veh=seo_loc,,"1215 16th Ave E, Cordele, GA 31015, United States",1215 16th Ave E,Cordele,GA,31015,3.7,47,Oil change service,,,https://www.google.com/maps/place/Walmart+Auto+Care+Center/data=!4m7!3m6!1s0x88f23b32d896da1b:0x6be520cfb9f70b30!8m2!3d31.9646302!4d-83.7619076!16s%2Fg%2F11zlq4xhm!19sChIJG9qW2DI78ogRMAv3uc8g5Ws?authuser=0&hl=en&rclk=1,auto repair shop,Crisp County,county,GA,2026-07-23T18:14:38,0x88f23b32d896da1b:0x6be520cfb9f70b30
123 Wholesale Tire Co Inc,(706) 778-7656,,,"1630 Willingham Ave, Cornelia, GA 30531, United States",1630 Willingham Ave,Cornelia,GA,30531,4.5,32,Tire shop,,,https://www.google.com/maps/place/123+Wholesale+Tire+Co+Inc/data=!4m7!3m6!1s0x8858b1fbf6856c09:0x9035ad49bc7a114b!8m2!3d34.497012!4d-83.5319644!16s%2Fg%2F1td2c188!19sChIJCWyF9vuxWIgRSxF6vEmtNZA?authuser=0&hl=en&rclk=1,auto repair shop,Banks County,county,GA,2026-07-15T17:51:40,0x8858b1fbf6856c09:0x9035ad49bc7a114b
"Billy Cain Ford-Lincoln of Cornelia, Inc. Service",(706) 778-2121,https://www.billycainfordofcornelia.com/,,"1039 N Main St, Cornelia, GA 30531, United States",1039 N Main St,Cornelia,GA,30531,4.3,4,Auto repair shop,,,"https://www.google.com/maps/place/Billy+Cain+Ford-Lincoln+of+Cornelia,+Inc.+Service/data=!4m7!3m6!1s0x8858b30877cebfd3:0xc112aba2f158a289!8m2!3d34.5238774!4d-83.528925!16s%2Fg%2F11rzwrglrt!19sChIJ07_OdwizWIgRiaJY8aKrEsE?authuser=0&hl=en&rclk=1",auto repair shop,Habersham County,county,GA,2026-07-16T01:06:26,0x8858b30877cebfd3:0xc112aba2f158a289
Blue Ribbon Car Care Headquarters,,,,"228 N Main St, Cornelia, GA 30531, United States",228 N Main St,Cornelia,GA,30531,,,Auto repair shop,,,https://www.google.com/maps/place/Blue+Ribbon+Car+Care+Headquarters/data=!4m7!3m6!1s0x8858adb6d2d71769:0x2dbaf6eeed32d615!8m2!3d34.5131064!4d-83.5277799!16s%2Fg%2F11s663vxjj!19sChIJaRfX0ratWIgRFdYy7e72ui0?authuser=0&hl=en&rclk=1,auto repair shop,Habersham County,county,GA,2026-07-16T01:06:26,0x8858adb6d2d71769:0x2dbaf6eeed32d615
Chip's Service & Exhaust Center Inc.,(706) 778-8254,http://facebook.com/Chips-Service-Exhaust-Center-Inc-274744309262830/?ref=page_internal,,"944 N Main St, Cornelia, GA 30531, United States",944 N Main St,Cornelia,GA,30531,4.6,80,Auto repair shop,,,https://www.google.com/maps/place/Chip%27s+Service+%26+Exhaust+Center+Inc./data=!4m7!3m6!1s0x8858b3d2f3088de9:0xd7394ea5f36afe64!8m2!3d34.5228691!4d-83.5280914!16s%2Fg%2F11fr6whks2!19sChIJ6Y0I89KzWIgRZP5q86VOOdc?authuser=0&hl=en&rclk=1,auto repair shop,Habersham County,county,GA,2026-07-23T20:25:14,0x8858b3d2f3088de9:0xd7394ea5f36afe64
Valvoline Instant Oil Change,(706) 778-1902,https://store.vioc.com/ga/cornelia/650-historic-441-hwy?utm_source=google&utm_medium=local&utm_campaign=localsearch,,"650 Historic 441 Hwy, Cornelia, GA 30531, United States",650 Historic 441 Hwy,Cornelia,GA,30531,4.5,435,Oil change service,,,https://www.google.com/maps/place/Valvoline+Instant+Oil+Change/data=!4m7!3m6!1s0x8858b35a51b0abff:0xaa0f7b79eef17522!8m2!3d34.54564!4d-83.54516!16s%2Fg%2F11spnr4kqk!19sChIJ_6uwUVqzWIgRInXx7nl7D6o?authuser=0&hl=en&rclk=1,auto repair shop,Habersham County,county,GA,2026-07-16T01:06:26,0x8858b35a51b0abff:0xaa0f7b79eef17522
"Covington Ford, Inc. Service",(770) 786-3432,https://www.covingtonford.net/,,"9101 Dr M L King Jr Ave, Covington, GA 30014, United States",9101 Dr M L King Jr Ave,Covington,GA,30014,4.5,11,Auto repair shop,,,"https://www.google.com/maps/place/Covington+Ford,+Inc.+Service/data=!4m7!3m6!1s0x88f4335b2def3e77:0x8bf2e7445483b4e8!8m2!3d33.5944073!4d-83.8329668!16s%2Fg%2F11ll6t2z2g!19sChIJdz7vLVsz9IgR6LSDVETn8os?authuser=0&hl=en&rclk=1",auto repair shop,Newton County,county,GA,2026-07-16T04:52:30,0x88f4335b2def3e77:0x8bf2e7445483b4e8
EURO STYLE PERFORMANCE INC AND M . L COLLISION CENTER,(470) 327-2708,,,"9224 Washington St SW, Covington, GA 30014, United States",9224 Washington St SW,Covington,GA,30014,3.8,28,Auto repair shop,,,https://www.google.com/maps/place/EURO+STYLE+PERFORMANCE+INC+AND+M+.+L+COLLISION+CENTER/data=!4m7!3m6!1s0x88f4354b007c6f0b:0xc3983c5ac2e477e2!8m2!3d33.5797097!4d-83.8817985!16s%2Fg%2F11fpnh13f9!19sChIJC298AEs19IgR4nfkwlo8mMM?authuser=0&hl=en&rclk=1,auto repair shop,Newton County,county,GA,2026-07-16T04:52:30,0x88f4354b007c6f0b:0xc3983c5ac2e477e2
Goodyear Auto Service,(770) 788-1556,https://www.goodyear.com/en-us/goodyearautoservice,,"12882 Brown Bridge Rd, Covington, GA 30016, United States",12882 Brown Bridge Rd,Covington,GA,30016,4.5,375,Tire shop,,,https://www.google.com/maps/place/Goodyear+Auto+Service/data=!4m7!3m6!1s0x88f44a390361ba4b:0xbf8212c49332ea83!8m2!3d33.5788655!4d-83.9606797!16s%2Fg%2F1tvm3ltb!19sChIJS7phAzlK9IgRg-oyk8QSgr8?authuser=0&hl=en&rclk=1,auto repair shop,Newton County,county,GA,2026-07-23T23:27:03,0x88f44a390361ba4b:0xbf8212c49332ea83
"K & W Mobile Auto Repair Services, LLC",,,,"175 Greenfield Way, Covington, GA 30016, United States",175 Greenfield Way,Covington,GA,30016,,,Repair service,,,"https://www.google.com/maps/place/K+%26+W+Mobile+Auto+Repair+Services,+LLC/data=!4m7!3m6!1s0x88f44b7fc03819c5:0x1e4f36ecb10d5ad2!8m2!3d33.6046458!4d-83.9369156!16s%2Fg%2F11lysyvb1l!19sChIJxRk4wH9L9IgR0loNsew2Tx4?authuser=0&hl=en&rclk=1",auto repair shop,Newton County,county,GA,2026-07-16T04:52:30,0x88f44b7fc03819c5:0x1e4f36ecb10d5ad2
Take 5 Oil Change,(678) 712-2002,https://www.take5.com/locations/oil-change/georgia/covington/31092/?utm_source=google&utm_medium=organic&utm_campaign=gbp_website,,"3216 U.S.278 NW, Covington, GA 30014, United States",3216 U.S.278 NW,Covington,GA,30014,4.6,1092,Oil change service,,,https://www.google.com/maps/place/Take+5+Oil+Change/data=!4m7!3m6!1s0x88f435958b149aa7:0x29ff5794de71bbce!8m2!3d33.6036704!4d-83.8649129!16s%2Fg%2F11tg0b9w0j!19sChIJp5oUi5U19IgRzrtx3pRX_yk?authuser=0&hl=en&rclk=1,auto repair shop,Newton County,county,GA,2026-07-16T04:52:30,0x88f435958b149aa7:0x29ff5794de71bbce
Valvoline Express Care,(678) 658-7400,https://locations.expresscare.com/ga/covington/0000692040/?utm_source=Google&utm_medium=Maps&utm_campaign=Google+Places,,"7105 US-278, Covington, GA 30014, United States",7105 US-278,Covington,GA,30014,4.8,359,Oil change service,,,https://www.google.com/maps/place/Valvoline+Express+Care/data=!4m7!3m6!1s0x88f43488dac9cea7:0x9e6d2aceb8214a29!8m2!3d33.6021003!4d-83.840332!16s%2Fg%2F1tgtgb6w!19sChIJp87J2og09IgRKUohuM4qbZ4?authuser=0&hl=en&rclk=1,auto repair shop,Newton County,county,GA,2026-07-23T22:30:54,0x88f43488dac9cea7:0x9e6d2aceb8214a29
WALTON COLLISION INC.,(470) 441-5678,https://www.waltoncollision.com/,,"422 Hwy 81, Covington, GA 30014, United States",422 Hwy 81,Covington,GA,30014,4.9,39,Auto body shop,,,https://www.google.com/maps/place/WALTON+COLLISION+INC./data=!4m7!3m6!1s0x88f4349343811919:0xb51f4fc30a43a3e7!8m2!3d33.7264656!4d-83.8530028!16s%2Fg%2F11fll6t752!19sChIJGRmBQ5M09IgR56NDCsNPH7U?authuser=0&hl=en&rclk=1,auto repair shop,Walton County,county,GA,2026-07-16T08:21:48,0x88f4349343811919:0xb51f4fc30a43a3e7
Walmart Auto Care Center,(770) 788-3838,https://www.walmart.com/store/459-covington-ga/auto-care-center/?veh=seo_loc,,"10300 Industrial Blvd, Covington, GA 30014, United States",10300 Industrial Blvd,Covington,GA,30014,3.3,176,Oil change service,,,https://www.google.com/maps/place/Walmart+Auto+Care+Center/data=!4m7!3m6!1s0x88f4336dbec751e7:0x8b6784b7e5aaaef4!8m2!3d33.6110906!4d-83.8303979!16s%2Fg%2F1tdksmx5!19sChIJ51HHvm0z9IgR9K6q5beEZ4s?authuser=0&hl=en&rclk=1,auto repair shop,Newton County,county,GA,2026-07-16T04:52:30,0x88f4336dbec751e7:0x8b6784b7e5aaaef4
LKQ Heavy Truck,,http://www.lkqcorp.com/en-us/Heavy-Truck,,"1271 Bethany Church Rd SW, Crawfordville, GA 30631, United States",1271 Bethany Church Rd SW,Crawfordville,GA,30631,4.3,11,Truck accessories store,,,https://www.google.com/maps/place/LKQ+Heavy+Truck/data=!4m7!3m6!1s0x88f6fee973c5105b:0x2d6a0c2509dd881d!8m2!3d33.5343364!4d-82.9489295!16s%2Fg%2F1tkrmnby!19sChIJWxDFc-n-9ogRHYjdCSUMai0?authuser=0&hl=en&rclk=1,auto repair shop,Taliaferro County,county,GA,2026-07-24T00:49:03,0x88f6fee973c5105b:0x2d6a0c2509dd881d
AAMCO Transmissions & Total Car Care,(678) 335-6454,http://www.aamcocummingga.com/?utm_source=G&utm_medium=local&utm_campaign=google-local,,"100 Greenfield Dr, Cumming, GA 30040, United States",100 Greenfield Dr,Cumming,GA,30040,4.4,94,Transmission shop,,,https://www.google.com/maps/place/AAMCO+Transmissions+%26+Total+Car+Care/data=!4m7!3m6!1s0x88f59b28f78237b1:0x29597a0890bc342c!8m2!3d34.182728!4d-84.146219!16s%2Fg%2F1vlzc6dz!19sChIJsTeC9yib9YgRLDS8kAh6WSk?authuser=0&hl=en&rclk=1,auto repair shop,Forsyth County,county,GA,2026-07-23T19:28:10,0x88f59b28f78237b1:0x29597a0890bc342c
Goodyear Auto Service,(770) 889-1193,https://www.goodyear.com/en-us/goodyearautoservice,,"3055 Old Atlanta Rd, Cumming, GA 30041, United States",3055 Old Atlanta Rd,Cumming,GA,30041,4.4,364,Tire shop,,,https://www.google.com/maps/place/Goodyear+Auto+Service/data=!4m7!3m6!1s0x88f58ffaaaaaaaeb:0xc1aeb9a5916f6bd1!8m2!3d34.1133503!4d-84.153468!16s%2Fg%2F1v7tm6rc!19sChIJ66qqqvqP9YgR0WtvkaW5rsE?authuser=0&hl=en&rclk=1,auto repair shop,Forsyth County,county,GA,2026-07-16T00:12:41,0x88f58ffaaaaaaaeb:0xc1aeb9a5916f6bd1
Goodyear Auto Service,(678) 947-2974,https://www.goodyear.com/en-us/goodyearautoservice,,"5949 Bethelview Rd, Cumming, GA 30040, United States",5949 Bethelview Rd,Cumming,GA,30040,4.3,214,Tire shop,,,https://www.google.com/maps/place/Goodyear+Auto+Service/data=!4m7!3m6!1s0x88f59b65ef0699dd:0x634bcd083cb91404!8m2!3d34.1645259!4d-84.1759004!16s%2Fg%2F1tf6hh3p!19sChIJ3ZkG72Wb9YgRBBS5PAjNS2M?authuser=0&hl=en&rclk=1,auto repair shop,Forsyth County,county,GA,2026-07-16T00:12:41,0x88f59b65ef0699dd:0x634bcd083cb91404
Hamby's Automotive Inc,(770) 887-5205,http://hambysautomotive.com/,,"5790 Dahlonega Hwy, Cumming, GA 30028, United States",5790 Dahlonega Hwy,Cumming,GA,30028,4.6,311,Auto repair shop,,,https://www.google.com/maps/place/Hamby%27s+Automotive+Inc/data=!4m7!3m6!1s0x88f5862be568a0cd:0x2ff8bba724bbf9d0!8m2!3d34.317459!4d-84.106565!16s%2Fg%2F1tmxxffr!19sChIJzaBo5SuG9YgR0Pm7JKe7-C8?authuser=0&hl=en&rclk=1,auto repair shop,Forsyth County,county,GA,2026-07-23T19:28:10,0x88f5862be568a0cd:0x2ff8bba724bbf9d0
Midas,(678) 408-7888,https://www.midas.com/store/ga/cumming/1345-buford-highway-30041/?shopnum=6708&utm_source=google&utm_medium=organic&utm_campaign=gbp,,"1345 Buford Hwy, Cumming, GA 30041, United States",1345 Buford Hwy,Cumming,GA,30041,4.6,448,Auto repair shop,,,https://www.google.com/maps/place/Midas/data=!4m7!3m6!1s0x88f59ac001c096ed:0xc96b1a9eddb71345!8m2!3d34.1699107!4d-84.1232696!16s%2Fg%2F11gfhz0z6w!19sChIJ7ZbAAcCa9YgRRRO33Z4aa8k?authuser=0&hl=en&rclk=1,auto repair shop,Forsyth County,county,GA,2026-07-23T19:28:10,0x88f59ac001c096ed:0xc96b1a9eddb71345
Pep Boys Auto Service & Tires,(678) 263-0216,https://www.pepboys.com/stores/ga/cumming/1880-buford-hwy?Cid=gbp_appt_AN:PB%7CPB:G%7CTT:GBP%7CCG:CONVERSION%7CCD:SERVICE,,"1880 Buford Hwy, Cumming, GA 30041, United States",1880 Buford Hwy,Cumming,GA,30041,4.4,509,Tire shop,,,https://www.google.com/maps/place/Pep+Boys+Auto+Service+%26+Tires/data=!4m7!3m6!1s0x88f59a9077898779:0x73f059ec008a75fc!8m2!3d34.159033!4d-84.111862!16s%2Fg%2F1hg4wj1vv!19sChIJeYeJd5Ca9YgR_HWKAOxZ8HM?authuser=0&hl=en&rclk=1,auto repair shop,Forsyth County,county,GA,2026-07-23T19:28:10,0x88f59a9077898779:0x73f059ec008a75fc
Total Automotive Inc,(770) 844-7164,http://total-automotive-inc.jany.io/,,"4815 Canton Hwy, Cumming, GA 30040, United States",4815 Canton Hwy,Cumming,GA,30040,4.7,61,Auto repair shop,,,https://www.google.com/maps/place/Total+Automotive+Inc/data=!4m7!3m6!1s0x88f58288beb0fa9f:0x46e4e51768695583!8m2!3d34.2369051!4d-84.2584245!16s%2Fg%2F1tlqqv4q!19sChIJn_qwvoiC9YgRg1VpaBfl5EY?authuser=0&hl=en&rclk=1,auto repair shop,Forsyth County,county,GA,2026-07-23T19:28:10,0x88f58288beb0fa9f:0x46e4e51768695583
Transmission Techniques Inc.,(678) 455-5585,,,"6314 GA-400, Cumming, GA 30028, United States",6314 GA-400,Cumming,GA,30028,4.9,87,Transmission shop,,,https://www.google.com/maps/place/Transmission+Techniques+Inc./data=!4m7!3m6!1s0x88f5851f5d5e701d:0x839872f4b9871fba!8m2!3d34.3212463!4d-84.0599165!16s%2Fg%2F1v29cwd5!19sChIJHXBeXR-F9YgRuh-HufRymIM?authuser=0&hl=en&rclk=1,auto repair shop,Dawson County,county,GA,2026-07-15T22:05:08,0x88f5851f5d5e701d:0x839872f4b9871fba
Gibson Automotive & Towing,,,,"54 W Dawson St, Cuthbert, GA 39840, United States",54 W Dawson St,Cuthbert,GA,39840,,,Auto repair shop,,,https://www.google.com/maps/place/Gibson+Automotive+%26+Towing/data=!4m7!3m6!1s0x88f2b095c7671cc3:0x64d40ba9cbca5677!8m2!3d31.7708863!4d-84.7902676!16s%2Fg%2F11npy86qsr!19sChIJwxxnx5Ww8ogRd1bKy6kL1GQ?authuser=0&hl=en&rclk=1,auto repair shop,Randolph County,county,GA,2026-07-24T00:13:49,0x88f2b095c7671cc3:0x64d40ba9cbca5677
Pep Boys Auto Service & Tires,(770) 769-5955,https://www.pepboys.com/stores/ga/dacula/571-dacula-road?Cid=gbp_appt_AN:PB%7CPB:G%7CTT:GBP%7CCG:CONVERSION%7CCD:SERVICE,,"571 Dacula Rd, Dacula, GA 30019, United States",571 Dacula Rd,Dacula,GA,30019,4.0,716,Tire shop,,,https://www.google.com/maps/place/Pep+Boys+Auto+Service+%26+Tires/data=!4m7!3m6!1s0x88f5c01f8aab9c89:0x5b5f032392538b34!8m2!3d34.0006008!4d-83.909276!16s%2Fg%2F11bbrkh3hf!19sChIJiZyrih_A9YgRNItTkiMDX1s?authuser=0&hl=en&rclk=1,auto repair shop,Barrow County,county,GA,2026-07-23T14:34:58,0x88f5c01f8aab9c89:0x5b5f032392538b34
AutoZone Auto Parts,(706) 864-0542,https://www.autozone.com/locations/ga/dahlonega/475-morrison-moore-pkwy-w.html?cmpid=LOC:US:EN:AD:NL:1000000:GEN:3180,,"475 Morrison Moore Pkwy, Dahlonega, GA 30533, United States",475 Morrison Moore Pkwy,Dahlonega,GA,30533,4.4,281,Auto parts store,,,https://www.google.com/maps/place/AutoZone+Auto+Parts/data=!4m7!3m6!1s0x885f663af2acbd15:0x837b3c3763c0e3c9!8m2!3d34.5348238!4d-83.9767604!16s%2Fg%2F1tgpb_lr!19sChIJFb2s8jpmX4gRyePAYzc8e4M?authuser=0&hl=en&rclk=1,auto repair shop,Lumpkin County,county,GA,2026-07-16T03:37:32,0x885f663af2acbd15:0x837b3c3763c0e3c9
Church Street Parking Deck,,,,"66 Church St SW, Dahlonega, GA 30533, United States",66 Church St SW,Dahlonega,GA,30533,4.8,4,Parking garage,,,https://www.google.com/maps/place/Church+Street+Parking+Deck/data=!4m7!3m6!1s0x885f662f60315207:0xe34338fc9de42abc!8m2!3d34.5307295!4d-83.9849472!16s%2Fg%2F11c5rtt1g8!19sChIJB1IxYC9mX4gRvCrknfw4Q-M?authuser=0&hl=en&rclk=1,auto repair shop,Lumpkin County,county,GA,2026-07-16T03:37:32,0x885f662f60315207:0xe34338fc9de42abc
"Hawg Halters, Inc.",(706) 864-7800,http://www.hawghalters.com/,,"389 Lumpkin County Pkwy, Dahlonega, GA 30533, United States",389 Lumpkin County Pkwy,Dahlonega,GA,30533,3.5,13,Motorcycle parts store,,,"https://www.google.com/maps/place/Hawg+Halters,+Inc./data=!4m7!3m6!1s0x885f6131cfc9b0a3:0xf53c3400bc8e3e2!8m2!3d34.4399095!4d-83.9839952!16s%2Fg%2F1vqmk2n2!19sChIJo7DJzzFhX4gR4uPIC0DDUw8?authuser=0&hl=en&rclk=1",auto repair shop,Lumpkin County,county,GA,2026-07-16T03:37:32,0x885f6131cfc9b0a3:0xf53c3400bc8e3e2
Lot 1,,,,"82 College Circle, Dahlonega, GA 30533, Dahlonega, GA 30597, United States",82 College Circle,Dahlonega,GA,30533,,,Parking lot,,,https://www.google.com/maps/place/Lot+1/data=!4m7!3m6!1s0x885f6700429b0281:0xba85a41bd5a6f758!8m2!3d34.5303474!4d-83.9868361!16s%2Fg%2F11n9rc4yyt!19sChIJgQKbQgBnX4gRWPem1Rukhbo?authuser=0&hl=en&rclk=1,auto repair shop,Lumpkin County,county,GA,2026-07-16T03:37:32,0x885f6700429b0281:0xba85a41bd5a6f758
Lot 5,,,,"19 N Chestatee St, Dahlonega, GA 30533, United States",19 N Chestatee St,Dahlonega,GA,30533,5.0,1,Parking lot,,,https://www.google.com/maps/place/Lot+5/data=!4m7!3m6!1s0x885f678a122e2977:0x88289fd84ab31314!8m2!3d34.5323576!4d-83.9859546!16s%2Fg%2F11hdp8tjs_!19sChIJdykuEopnX4gRFBOzStifKIg?authuser=0&hl=en&rclk=1,auto repair shop,Lumpkin County,county,GA,2026-07-16T03:37:32,0x885f678a122e2977:0x88289fd84ab31314
Mills Fuel Services Inc,(706) 864-5037,http://www.millsfuel.com/,,"2694 Oak Grove Rd, Dahlonega, GA 30533, United States",2694 Oak Grove Rd,Dahlonega,GA,30533,4.5,17,Propane supplier,,,https://www.google.com/maps/place/Mills+Fuel+Services+Inc/data=!4m7!3m6!1s0x885f6f43e3ee773d:0x6902446b86ab1e54!8m2!3d34.5564186!4d-84.0335342!16s%2Fg%2F1tf0rbnr!19sChIJPXfu40NvX4gRVB6rhmtEAmk?authuser=0&hl=en&rclk=1,auto repair shop,Lumpkin County,county,GA,2026-07-16T03:37:32,0x885f6f43e3ee773d:0x6902446b86ab1e54
Wash World Car Wash,,,,"D12, 003, Dahlonega, GA 30533, United States","D12, 003",Dahlonega,GA,30533,3.6,85,Self service car wash,,,https://www.google.com/maps/place/Wash+World+Car+Wash/data=!4m7!3m6!1s0x885f6704a19ecee7:0x9bca2f455edb5dd0!8m2!3d34.5296337!4d-83.9820114!16s%2Fg%2F11f9y2dl6n!19sChIJ586eoQRnX4gR0F3bXkUvyps?authuser=0&hl=en&rclk=1,auto repair shop,Lumpkin County,county,GA,2026-07-16T03:37:32,0x885f6704a19ecee7:0x9bca2f455edb5dd0
AAMCO Transmissions & Total Car Care,(770) 869-2638,https://www.aamcodallasga.com/?utm_source=G&utm_medium=local&utm_campaign=google-local,,"2490 Macland Rd, Dallas, GA 30157, United States",2490 Macland Rd,Dallas,GA,30157,4.8,336,Transmission shop,,,https://www.google.com/maps/place/AAMCO+Transmissions+%26+Total+Car+Care/data=!4m7!3m6!1s0x88f53ae0b0b84bd5:0xaf9dd640e4c02ebd!8m2!3d33.913467!4d-84.765705!16s%2Fg%2F11c5sv4m49!19sChIJ1Uu4sOA69YgRvS7A5EDWna8?authuser=0&hl=en&rclk=1,auto repair shop,Paulding County,county,GA,2026-07-23T23:33:46,0x88f53ae0b0b84bd5:0xaf9dd640e4c02ebd
Dallas Collision Inc,(770) 443-9648,,,"1126 Charles Hardy Pkwy, Dallas, GA 30157, United States",1126 Charles Hardy Pkwy,Dallas,GA,30157,4.4,148,Auto repair shop,,,https://www.google.com/maps/place/Dallas+Collision+Inc/data=!4m7!3m6!1s0x88f53a78e1002a59:0x84c1899098dbbe58!8m2!3d33.9159487!4d-84.7710016!16s%2Fg%2F1tpllk_1!19sChIJWSoA4Xg69YgRWL7bmJCJwYQ?authuser=0&hl=en&rclk=1,auto repair shop,Paulding County,county,GA,2026-07-16T05:03:31,0x88f53a78e1002a59:0x84c1899098dbbe58
Dallas Emission Center 1,,http://emiemissions.com/,,"610 W Memorial Dr, Dallas, GA 30132, United States",610 W Memorial Dr,Dallas,GA,30132,4.4,26,Auto repair shop,,,https://www.google.com/maps/place/Dallas+Emission+Center+1/data=!4m7!3m6!1s0x88f5317c52865873:0x83ba8a0ea32b25a2!8m2!3d33.9200422!4d-84.8540507!16s%2Fg%2F11rqsmp4zn!19sChIJc1iGUnwx9YgRoiUrow6KuoM?authuser=0&hl=en&rclk=1,auto repair shop,Paulding County,county,GA,2026-07-16T05:03:31,0x88f5317c52865873:0x83ba8a0ea32b25a2
Henderson Collision Inc,(770) 443-1341,http://www.hendersoncollisioninc.com/,,"560 Hardee St, Dallas, GA 30132, United States",560 Hardee St,Dallas,GA,30132,4.8,97,Auto body shop,,,https://www.google.com/maps/place/Henderson+Collision+Inc/data=!4m7!3m6!1s0x88f5310b79da03dd:0x9f739b848472c78e!8m2!3d33.9154278!4d-84.8292358!16s%2Fg%2F1tgkj3qp!19sChIJ3QPaeQsx9YgRjsdyhISbc58?authuser=0&hl=en&rclk=1,auto repair shop,Paulding County,county,GA,2026-07-16T05:03:31,0x88f5310b79da03dd:0x9f739b848472c78e
Burgess Auto Service Inc.,(706) 226-0669,,,"115 E Hawthorne St, Dalton, GA 30721, United States",115 E Hawthorne St,Dalton,GA,30721,3.8,37,Auto repair shop,,,https://www.google.com/maps/place/Burgess+Auto+Service+Inc./data=!4m7!3m6!1s0x8860753e9fdba997:0x40f127c4a9a6f38b!8m2!3d34.7764666!4d-84.966175!16s%2Fg%2F1tdz0pfn!19sChIJl6nbnz51YIgRi_OmqcQn8UA?authuser=0&hl=en&rclk=1,auto repair shop,Whitfield County,county,GA,2026-07-24T01:23:06,0x8860753e9fdba997:0x40f127c4a9a6f38b
Elite Wrecker & Recovery Inc,(706) 529-8300,https://elitewreckerga.net/?utm_source=omg-gbp&utm_medium=webclick,,"1809 E Walnut Ave, Dalton, GA 30721, United States",1809 E Walnut Ave,Dalton,GA,30721,4.6,98,Towing service,,,https://www.google.com/maps/place/Elite+Wrecker+%26+Recovery+Inc/data=!4m7!3m6!1s0x886077a3c254448b:0x4830c797d44d03f5!8m2!3d34.761629!4d-84.938346!16s%2Fg%2F11f8v_6w3m!19sChIJi0RUwqN3YIgR9QNN1JfHMEg?authuser=0&hl=en&rclk=1,auto repair shop,Catoosa County,county,GA,2026-07-23T17:00:36,0x886077a3c254448b:0x4830c797d44d03f5
Goodyear Auto Service,(706) 278-4045,https://www.goodyear.com/en-us/goodyearautoservice,,"306 W Walnut Ave, Dalton, GA 30720, United States",306 W Walnut Ave,Dalton,GA,30720,4.2,185,Tire shop,,,https://www.google.com/maps/place/Goodyear+Auto+Service/data=!4m7!3m6!1s0x88607532f55e210d:0xca520df781078ea4!8m2!3d34.7618577!4d-84.970653!16s%2Fg%2F1tl1p587!19sChIJDSFe9TJ1YIgRpI4HgfcNUso?authuser=0&hl=en&rclk=1,auto repair shop,Whitfield County,county,GA,2026-07-24T01:23:06,0x88607532f55e210d:0xca520df781078ea4
IN N OUT AUTO SERVICE,,,,"317 E Matilda St, Dalton, GA 30721, United States",317 E Matilda St,Dalton,GA,30721,4.5,6,Auto repair shop,,,https://www.google.com/maps/place/IN+N+OUT+AUTO+SERVICE/data=!4m7!3m6!1s0x8860751514454845:0x32eccf339d4d76f3!8m2!3d34.7821126!4d-84.9624452!16s%2Fg%2F11fxcf8b3t!19sChIJRUhFFBV1YIgR83ZNnTPP7DI?authuser=0&hl=en&rclk=1,auto repair shop,Whitfield County,county,GA,2026-07-24T01:23:06,0x8860751514454845:0x32eccf339d4d76f3
Take 5 Oil Change,(706) 508-4966,https://www.take5.com/locations/oil-change/georgia/dalton/31233/?utm_source=google&utm_medium=organic&utm_campaign=gbp_website,,"2703 Airport Rd, Dalton, GA 30721, United States",2703 Airport Rd,Dalton,GA,30721,4.6,1192,Oil change service,,,https://www.google.com/maps/place/Take+5+Oil+Change/data=!4m7!3m6!1s0x885fdf7ea166dab7:0x35bcd2bce4a271c1!8m2!3d34.7620537!4d-84.9300423!16s%2Fg%2F11nnzh0pb6!19sChIJt9pmoX7fX4gRwXGi5LzSvDU?authuser=0&hl=en&rclk=1,auto repair shop,Whitfield County,county,GA,2026-07-16T08:56:50,0x885fdf7ea166dab7:0x35bcd2bce4a271c1
Tony's Auto Repair,,,,"416 N Hamilton St, Dalton, GA 30720, United States",416 N Hamilton St,Dalton,GA,30720,3.7,9,Auto repair shop,,,https://www.google.com/maps/place/Tony%27s+Auto+Repair/data=!4m7!3m6!1s0x8860753c43c95e5d:0x4026a7a38b08ddc1!8m2!3d34.7766934!4d-84.9676953!16s%2Fg%2F11dyzbv_0y!19sChIJXV7JQzx1YIgRwd0Ii6OnJkA?authuser=0&hl=en&rclk=1,auto repair shop,Whitfield County,county,GA,2026-07-24T01:23:06,0x8860753c43c95e5d:0x4026a7a38b08ddc1
Custom Car Restoration,,,,"230 Main St, Danielsville, GA 30633, United States",230 Main St,Danielsville,GA,30633,5.0,2,Auto repair shop,,,https://www.google.com/maps/place/Custom+Car+Restoration/data=!4m7!3m6!1s0x88f6184b8635ceb3:0x45f9f760796a8f2!8m2!3d34.1752803!4d-83.2900441!16s%2Fg%2F11rc1spc69!19sChIJs841hksY9ogR8qiWB3afXwQ?authuser=0&hl=en&rclk=1,auto repair shop,Madison County,county,GA,2026-07-23T22:41:48,0x88f6184b8635ceb3:0x45f9f760796a8f2
Dudley's Garage,,,,"139 Collins-Dudley Rd, Danielsville, GA 30633, United States",139 Collins-Dudley Rd,Danielsville,GA,30633,4.6,25,Auto repair shop,,,https://www.google.com/maps/place/Dudley%27s+Garage/data=!4m7!3m6!1s0x88f623d813a8c8f3:0xab7703203c661597!8m2!3d34.2323278!4d-83.1951533!16s%2Fg%2F1tgf41dv!19sChIJ88ioE9gj9ogRlxVmPCADd6s?authuser=0&hl=en&rclk=1,auto repair shop,Madison County,county,GA,2026-07-23T22:41:48,0x88f623d813a8c8f3:0xab7703203c661597
Vintage Shift Garage,,https://www.instagram.com/vintageshiftgarage/,,"226 E Jones Chapel Rd B, Danielsville, GA 30633, United States",226 E Jones Chapel Rd B,Danielsville,GA,30633,5.0,53,Auto repair shop,,,https://www.google.com/maps/place/Vintage+Shift+Garage/data=!4m7!3m6!1s0x88f66f7fb4d6cdd5:0x9c3bc6bb62aabf93!8m2!3d34.1958804!4d-83.1957161!16s%2Fg%2F11kqwjgwj9!19sChIJ1c3WtH9v9ogRk7-qYrvGO5w?authuser=0&hl=en&rclk=1,auto repair shop,Madison County,county,GA,2026-07-23T22:41:48,0x88f66f7fb4d6cdd5:0x9c3bc6bb62aabf93
Elton Barwick-Mechanic Shop,,,,"1417 N Darien St SW, Darien, GA 31305, United States",1417 N Darien St SW,Darien,GA,31305,2.7,3,Auto repair shop,,,https://www.google.com/maps/place/Elton+Barwick-Mechanic+Shop/data=!4m7!3m6!1s0x88fb2b8247a30667:0xcde61265ae531ca0!8m2!3d31.3895176!4d-81.4351596!16s%2Fg%2F113j4pv64!19sChIJZwajR4Ir-4gRoBxTrmUS5s0?authuser=0&hl=en&rclk=1,auto repair shop,McIntosh County,county,GA,2026-07-23T22:35:21,0x88fb2b8247a30667:0xcde61265ae531ca0
Chambless Garage,,,,"158 7th Ave NW, Dawson, GA 39842, United States",158 7th Ave NW,Dawson,GA,39842,4.0,6,Auto repair shop,,,https://www.google.com/maps/place/Chambless+Garage/data=!4m7!3m6!1s0x88f291f9f4b15903:0x1da26eee0b42e953!8m2!3d31.7757929!4d-84.447447!16s%2Fg%2F1tgh3tpj!19sChIJA1mx9PmR8ogRU-lCC-5uoh0?authuser=0&hl=en&rclk=1,auto repair shop,Terrell County,county,GA,2026-07-24T00:27:10,0x88f291f9f4b15903:0x1da26eee0b42e953
Chavez auto repair inc,(229) 633-9024,,,"348 S Main St, Dawson, GA 39842, United States",348 S Main St,Dawson,GA,39842,5.0,12,Auto repair shop,,,https://www.google.com/maps/place/Chavez+auto+repair+inc/data=!4m7!3m6!1s0x88f291313195c47f:0x8a0f2e294b8eecc1!8m2!3d31.7709318!4d-84.4465486!16s%2Fg%2F11w8y4clg9!19sChIJf8SVMTGR8ogRweyOSykuD4o?authuser=0&hl=en&rclk=1,auto repair shop,Calhoun County,county,GA,2026-07-23T16:40:20,0x88f291313195c47f:0x8a0f2e294b8eecc1
J and B Tire Repair Inc,(229) 352-0054,,,"180 Johnson St SE, Dawson, GA 39842, United States",180 Johnson St SE,Dawson,GA,39842,4.9,16,Tire shop,,,https://www.google.com/maps/place/J+and+B+Tire+Repair+Inc/data=!4m7!3m6!1s0x88f291faff7db113:0xff6ca367a3da545!8m2!3d31.7723655!4d-84.4463404!16s%2Fg%2F11fll6jwrb!19sChIJE7F9__qR8ogRRaU9ejbK9g8?authuser=0&hl=en&rclk=1,auto repair shop,Randolph County,county,GA,2026-07-24T00:13:49,0x88f291faff7db113:0xff6ca367a3da545
Manboy Customs,,,,"1029 Lovers Ln, Dawson, GA 39842, United States",1029 Lovers Ln,Dawson,GA,39842,5.0,2,Auto repair shop,,,https://www.google.com/maps/place/Manboy+Customs/data=!4m7!3m6!1s0x88f28df19d0eb597:0xa7f858a54c6fc1f3!8m2!3d31.7897849!4d-84.4176903!16s%2Fg%2F11ny2gqt45!19sChIJl7UOnfGN8ogR88FvTKVY-Kc?authuser=0&hl=en&rclk=1,auto repair shop,Terrell County,county,GA,2026-07-24T01:10:10,0x88f28df19d0eb597:0xa7f858a54c6fc1f3
Thomas Garage,,,,"W Lee St, Dawson, GA 39842, United States",W Lee St,Dawson,GA,39842,,,Auto repair shop,,,https://www.google.com/maps/place/Thomas+Garage/data=!4m7!3m6!1s0x88f291fa6ea34e25:0x7a8a0dadfc06a0ee!8m2!3d31.7734376!4d-84.4477862!16s%2Fg%2F11h6rqf60y!19sChIJJU6jbvqR8ogR7qAG_K0Nino?authuser=0&hl=en&rclk=1,auto repair shop,Terrell County,county,GA,2026-07-24T01:10:10,0x88f291fa6ea34e25:0x7a8a0dadfc06a0ee
Valvoline Express Care - Big T Tire Dawsonville,(706) 216-2216,http://www.facebook.com/bigttire,,"6793 Hwy 53, Dawsonville, GA 30534, United States",6793 Hwy 53,Dawsonville,GA,30534,4.4,185,Auto repair shop,,,https://www.google.com/maps/place/Valvoline+Express+Care+-+Big+T+Tire+Dawsonville/data=!4m7!3m6!1s0x88f589e3d8ccfa15:0x652c3afced164bac!8m2!3d34.3599374!4d-84.032564!16s%2Fg%2F1v75srq_!19sChIJFfrM2OOJ9YgRrEsW7fw6LGU?authuser=0&hl=en&rclk=1,auto repair shop,Dawson County,county,GA,2026-07-23T18:24:53,0x88f589e3d8ccfa15:0x652c3afced164bac
Valvoline Instant Oil Change,(470) 201-5181,https://store.vioc.com/ga/dawsonville/15-dawson-market-way?utm_source=google&utm_medium=local&utm_campaign=localsearch,,"15 Dawson Mkt Wy, Dawsonville, GA 30534, United States",15 Dawson Mkt Wy,Dawsonville,GA,30534,4.8,585,Oil change service,,,https://www.google.com/maps/place/Valvoline+Instant+Oil+Change/data=!4m7!3m6!1s0x88f5897574532b81:0xf2edd60c6aa966d8!8m2!3d34.34977!4d-84.05045!16s%2Fg%2F11thncdk53!19sChIJgStTdHWJ9YgR2GapagzW7fI?authuser=0&hl=en&rclk=1,auto repair shop,Dawson County,county,GA,2026-07-23T18:24:53,0x88f5897574532b81:0xf2edd60c6aa966d8
Walmart Auto Care Center,(706) 265-2448,https://www.walmart.com/store/3874-dawsonville-ga/auto-care-center/?veh=seo_loc,,"98 Power Center Dr, Dawsonville, GA 30534, United States",98 Power Center Dr,Dawsonville,GA,30534,3.2,153,Oil change service,,,https://www.google.com/maps/place/Walmart+Auto+Care+Center/data=!4m7!3m6!1s0x885f62754e8cd08b:0xf7169acf0f7462f2!8m2!3d34.3541649!4d-84.0413017!16s%2Fg%2F1tdj4yjc!19sChIJi9CMTnViX4gR8mJ0D8-aFvc?authuser=0&hl=en&rclk=1,auto repair shop,Dawson County,county,GA,2026-07-23T18:24:53,0x885f62754e8cd08b:0xf7169acf0f7462f2
Dumas Auto & ATV Repair Service,,,,"108 Blacksmith Rd, De Soto, GA 31743, United States",108 Blacksmith Rd,De Soto,GA,31743,,,Auto repair shop,,,https://www.google.com/maps/place/Dumas+Auto+%26+ATV+Repair+Service/data=!4m7!3m6!1s0x88f2458de8b745bd:0xeba27cebbc8336f5!8m2!3d31.9523966!4d-84.072836!16s%2Fg%2F11vlr7bk18!19sChIJvUW36I1F8ogR9TaDvOt8ous?authuser=0&hl=en&rclk=1,auto repair shop,Sumter County,county,GA,2026-07-24T00:45:14,0x88f2458de8b745bd:0xeba27cebbc8336f5
Decatur Auto Tech Inc.,(404) 373-0101,https://decaturautotech.us/,,"2729 E College Ave, Decatur, GA 30030, United States",2729 E College Ave,Decatur,GA,30030,4.0,209,Auto repair shop,,,https://www.google.com/maps/place/Decatur+Auto+Tech+Inc./data=!4m7!3m6!1s0x88f5075d766747c9:0x70c29f5ee88f0da0!8m2!3d33.7747289!4d-84.2782125!16s%2Fg%2F1tg_xy49!19sChIJyUdndl0H9YgRoA2P6F6fwnA?authuser=0&hl=en&rclk=1,auto repair shop,Decatur County,county,GA,2026-07-15T22:13:11,0x88f5075d766747c9:0x70c29f5ee88f0da0
Emissions,,,,"2832 N Decatur Rd, Decatur, GA 30033, United States",2832 N Decatur Rd,Decatur,GA,30033,4.7,23,Auto repair shop,,,https://www.google.com/maps/place/Emissions/data=!4m7!3m6!1s0x88f5077910a7c7bf:0xe6c47966d3807275!8m2!3d33.7944416!4d-84.2769743!16s%2Fg%2F11fn7zy8qs!19sChIJv8enEHkH9YgRdXKA02Z5xOY?authuser=0&hl=en&rclk=1,auto repair shop,Decatur County,county,GA,2026-07-15T22:13:11,0x88f5077910a7c7bf:0xe6c47966d3807275
Goodyear Auto Service,(404) 241-5556,https://www.goodyear.com/en-us/goodyearautoservice,,"2731 Candler Rd, Decatur, GA 30034, United States",2731 Candler Rd,Decatur,GA,30034,4.1,273,Tire shop,,,https://www.google.com/maps/place/Goodyear+Auto+Service/data=!4m7!3m6!1s0x88f50080cec0443f:0x98d0f6e6c3a78178!8m2!3d33.7117044!4d-84.2745305!16s%2Fg%2F1tnblzpl!19sChIJP0TAzoAA9YgReIGnw-b20Jg?authuser=0&hl=en&rclk=1,auto repair shop,Decatur County,county,GA,2026-07-15T22:13:11,0x88f50080cec0443f:0x98d0f6e6c3a78178
Munich West Inc,(470) 826-1228,https://www.munichwest.com/,,"2990 N Decatur Rd, Decatur, GA 30033, United States",2990 N Decatur Rd,Decatur,GA,30033,4.5,213,Auto repair shop,,,https://www.google.com/maps/place/Munich+West+Inc/data=!4m7!3m6!1s0x88f5077e259e4e11:0x83a94731726abd56!8m2!3d33.7939444!4d-84.270471!16s%2Fg%2F1w347fzy!19sChIJEU6eJX4H9YgRVr1qcjFHqYM?authuser=0&hl=en&rclk=1,auto repair shop,Decatur County,county,GA,2026-07-15T22:13:11,0x88f5077e259e4e11:0x83a94731726abd56
Mike's Auto Sales Inc,(229) 524-6688,,,"5036 GA-91, Donalsonville, GA 39845, United States",5036 GA-91,Donalsonville,GA,39845,4.3,60,Salvage yard,,,https://www.google.com/maps/place/Mike%27s+Auto+Sales+Inc/data=!4m7!3m6!1s0x88ed32c6d5b8d3cd:0x3befa5f1af0abab!8m2!3d31.0686691!4d-84.8790525!16s%2Fg%2F1tjdxr20!19sChIJzdO41cYy7YgRq6vwGl_6vgM?authuser=0&hl=en&rclk=1,auto repair shop,Seminole County,county,GA,2026-07-16T06:13:59,0x88ed32c6d5b8d3cd:0x3befa5f1af0abab
"Amerson Tire, Inc.",(912) 393-3674,http://www.amersontire.com/,,"609 Bowens Mill Rd SW, Douglas, GA 31533, United States",609 Bowens Mill Rd SW,Douglas,GA,31533,4.7,121,Tire shop,,,"https://www.google.com/maps/place/Amerson+Tire,+Inc./data=!4m7!3m6!1s0x88f02b6de7e91281:0xea3956712422e4e8!8m2!3d31.503665!4d-82.875666!16s%2Fg%2F1tlbvk18!19sChIJgRLp520r8IgR6OQiJHFWOeo?authuser=0&hl=en&rclk=1",auto repair shop,Coffee County,county,GA,2026-07-23T17:11:45,0x88f02b6de7e91281:0xea3956712422e4e8
JMC Tire Inc,(912) 384-4940,,,"2680 GA-32 Ocilla Hwy, Douglas, GA 31533, United States",2680 GA-32 Ocilla Hwy,Douglas,GA,31533,4.6,98,Tire shop,,,https://www.google.com/maps/place/JMC+Tire+Inc/data=!4m7!3m6!1s0x88f02be1508a2ca3:0xdc9bc3b02f4d766f!8m2!3d31.5215687!4d-82.8922873!16s%2Fg%2F11j20kp247!19sChIJoyyKUOEr8IgRb3ZNL7DDm9w?authuser=0&hl=en&rclk=1,auto repair shop,Atkinson County,county,GA,2026-07-23T14:32:22,0x88f02be1508a2ca3:0xdc9bc3b02f4d766f
Lott's Diesel Services Inc,(912) 384-5022,,,"3415 GA-32, Douglas, GA 31533, United States",3415 GA-32,Douglas,GA,31533,4.6,41,Truck repair shop,,,https://www.google.com/maps/place/Lott%27s+Diesel+Services+Inc/data=!4m7!3m6!1s0x88f02b5888678195:0x91a1cb27b9c5e731!8m2!3d31.5212994!4d-82.8947191!16s%2Fg%2F1tdg411g!19sChIJlYFniFgr8IgRMefFuSfLoZE?authuser=0&hl=en&rclk=1,auto repair shop,Atkinson County,county,GA,2026-07-23T14:32:22,0x88f02b5888678195:0x91a1cb27b9c5e731
NAPA Auto Parts - Brooks Redistribution Center,(912) 383-9140,https://www.napaonline.com/en/GA/Douglas/store/28604?cid=pl_jobber_google_dac_28604_ao,,"1200 Bowens Mill Rd SW, Douglas, GA 31533, United States",1200 Bowens Mill Rd SW,Douglas,GA,31533,4.6,27,Auto parts store,,,https://www.google.com/maps/place/NAPA+Auto+Parts+-+Brooks+Redistribution+Center/data=!4m7!3m6!1s0x88f02b0856cf4215:0x51a9583822816c24!8m2!3d31.489526!4d-82.864819!16s%2Fg%2F1tflh1g_!19sChIJFULPVggr8IgRJGyBIjhYqVE?authuser=0&hl=en&rclk=1,auto repair shop,Coffee County,county,GA,2026-07-15T21:21:55,0x88f02b0856cf4215:0x51a9583822816c24
Prince Body Shop,,,,"N Fales Ave, Douglas, GA 31533, United States",N Fales Ave,Douglas,GA,31533,,,Auto repair shop,,,https://www.google.com/maps/place/Prince+Body+Shop/data=!4m7!3m6!1s0x88f02bf03991c1bb:0xb88ae8fc55f57826!8m2!3d31.5086937!4d-82.8336578!16s%2Fg%2F11h6g1bpqd!19sChIJu8GROfAr8IgRJnj1Vfzoirg?authuser=0&hl=en&rclk=1,auto repair shop,Atkinson County,county,GA,2026-07-23T14:32:22,0x88f02bf03991c1bb:0xb88ae8fc55f57826
Walmart Auto Care Center,(912) 384-4342,https://www.walmart.com/store/593-douglas-ga/auto-care-center/?veh=seo_loc,,"1450 Bowens Mill Rd SE, Douglas, GA 31533, United States",1450 Bowens Mill Rd SE,Douglas,GA,31533,3.0,72,Oil change service,,,https://www.google.com/maps/place/Walmart+Auto+Care+Center/data=!4m7!3m6!1s0x88f02bc4134d3777:0x6feda6df847607e1!8m2!3d31.4847934!4d-82.8484123!16s%2Fg%2F1tnmskdq!19sChIJdzdNE8Qr8IgR4Qd2hN-m7W8?authuser=0&hl=en&rclk=1,auto repair shop,Coffee County,county,GA,2026-07-23T17:44:38,0x88f02bc4134d3777:0x6feda6df847607e1
AAMCO Transmissions & Total Car Care,(770) 691-1187,http://www.aamcodouglasvillega.com/?utm_source=G&utm_medium=local&utm_campaign=google-local,,"2048 Fairburn Rd, Douglasville, GA 30135, United States",2048 Fairburn Rd,Douglasville,GA,30135,3.2,183,Transmission shop,,,https://www.google.com/maps/place/AAMCO+Transmissions+%26+Total+Car+Care/data=!4m7!3m6!1s0x88f526c072f6cc03:0xfe2e9bdb1c462263!8m2!3d33.750217!4d-84.709252!16s%2Fg%2F1tjgqf9y!19sChIJA8z2csAm9YgRYyJGHNubLv4?authuser=0&hl=en&rclk=1,auto repair shop,Douglas County,county,GA,2026-07-23T18:23:38,0x88f526c072f6cc03:0xfe2e9bdb1c462263
AP Auto Repair Shop Inc,(770) 920-1050,https://www.cbs46.com/2022/06/06/criminals-find-new-ways-tamper-with-vehicles/,,"12221 Veterans Memorial Hwy, Douglasville, GA 30134, United States",12221 Veterans Memorial Hwy,Douglasville,GA,30134,2.5,39,Auto repair shop,,,https://www.google.com/maps/place/AP+Auto+Repair+Shop+Inc/data=!4m7!3m6!1s0x88f526665307919f:0x493ff0446d52646b!8m2!3d33.7546815!4d-84.7396792!16s%2Fg%2F11g8chgjxl!19sChIJn5EHU2Ym9YgRa2RSbUTwP0k?authuser=0&hl=en&rclk=1,auto repair shop,Douglas County,county,GA,2026-07-23T18:49:04,0x88f526665307919f:0x493ff0446d52646b
Cmf Motor Sports Inc,(770) 318-7315,,,"1445 Municipal Pkwy, Douglasville, GA 30134, United States",1445 Municipal Pkwy,Douglasville,GA,30134,4.9,58,Auto repair shop,,,https://www.google.com/maps/place/Cmf+Motor+Sports+Inc/data=!4m7!3m6!1s0x88f52646c40e2959:0xdfde783c76038bb7!8m2!3d33.766161!4d-84.7219691!16s%2Fg%2F1v5fsrgw!19sChIJWSkOxEYm9YgRt4sDdjx43t8?authuser=0&hl=en&rclk=1,auto repair shop,Douglas County,county,GA,2026-07-23T18:23:38,0x88f52646c40e2959:0xdfde783c76038bb7
"Douglas County Auto Care, Inc.",(770) 942-5533,https://www.dcautocareinc.com/,,"2205 Fairburn Rd, Douglasville, GA 30135, United States",2205 Fairburn Rd,Douglasville,GA,30135,4.4,343,Auto repair shop,,,"https://www.google.com/maps/place/Douglas+County+Auto+Care,+Inc./data=!4m7!3m6!1s0x88f526cbbe0c45f3:0x5d187f78ec3f637e!8m2!3d33.7452292!4d-84.693384!16s%2Fg%2F1tfvtslw!19sChIJ80UMvssm9YgRfmM_7Hh_GF0?authuser=0&hl=en&rclk=1",auto repair shop,Douglas County,county,GA,2026-07-23T18:49:04,0x88f526cbbe0c45f3:0x5d187f78ec3f637e
Firestone Complete Auto Care,(678) 813-8069,https://www.firestonecompleteautocare.com/georgia/douglasville/6341-arbor-pl-blvd/?utm_source=google&utm_medium=organic&utm_campaign=localmaps&cmp=oloc_google_localmaps_maps,,"6341 Arbor Pl Blvd, Douglasville, GA 30135, United States",6341 Arbor Pl Blvd,Douglasville,GA,30135,3.8,766,Tire shop,,,https://www.google.com/maps/place/Firestone+Complete+Auto+Care/data=!4m7!3m6!1s0x88f527acfe5d2435:0xa55e0032e61b42d7!8m2!3d33.7268724!4d-84.7393508!16s%2Fg%2F1tff8g1f!19sChIJNSRd_qwn9YgR10Ib5jIAXqU?authuser=0&hl=en&rclk=1,auto repair shop,Douglas County,county,GA,2026-07-23T18:23:38,0x88f527acfe5d2435:0xa55e0032e61b42d7
J & C Auto Service Inc,(678) 715-3133,http://www.jandcautosvc.com/,,"8810 Bright Star Rd, Douglasville, GA 30134, United States",8810 Bright Star Rd,Douglasville,GA,30134,3.9,64,Auto repair shop,,,https://www.google.com/maps/place/J+%26+C+Auto+Service+Inc/data=!4m7!3m6!1s0x88f52667d726830d:0x71522e12197d1b08!8m2!3d33.7416303!4d-84.77749!16s%2Fg%2F1tf1clkp!19sChIJDYMm12cm9YgRCBt9GRIuUnE?authuser=0&hl=en&rclk=1,auto repair shop,Douglas County,county,GA,2026-07-23T18:23:38,0x88f52667d726830d:0x71522e12197d1b08
Pep Boys Auto Service & Tires,(770) 852-5030,https://www.pepboys.com/stores/ga/douglasville/6942-douglas-blvd?Cid=gbp_appt_AN:PB|PB:G|TT:GBP|CG:CONVERSION|CD:SERVICE,,"6942 Douglas Blvd, Douglasville, GA 30135, United States",6942 Douglas Blvd,Douglasville,GA,30135,4.0,785,Tire shop,,,https://www.google.com/maps/place/Pep+Boys+Auto+Service+%26+Tires/data=!4m7!3m6!1s0x88f527cc73d3d451:0xc5f430c8075a79d!8m2!3d33.7250468!4d-84.756853!16s%2Fg%2F1tdfjjcv!19sChIJUdTTc8wn9YgRnad1gAxDXww?authuser=0&hl=en&rclk=1,auto repair shop,Douglas County,county,GA,2026-07-23T18:23:38,0x88f527cc73d3d451:0xc5f430c8075a79d
Top Speed Automotive & Performance Inc,(404) 957-1751,,,"12971 Veterans Memorial Hwy, Douglasville, GA 30134, United States",12971 Veterans Memorial Hwy,Douglasville,GA,30134,3.9,53,Auto repair shop,,,https://www.google.com/maps/place/Top+Speed+Automotive+%26+Performance+Inc/data=!4m7!3m6!1s0x88f5259499d2bb71:0xd7583fea133283d!8m2!3d33.7424057!4d-84.7757166!16s%2Fg%2F11b8v9j5z7!19sChIJcbvSmZQl9YgRPSgzof6DdQ0?authuser=0&hl=en&rclk=1,auto repair shop,Douglas County,county,GA,2026-07-23T18:23:38,0x88f5259499d2bb71:0xd7583fea133283d
Advanced Alignment and Calibration Inc,(478) 246-1684,,,"2043 US-441, Dublin, GA 31021, United States",2043 US-441,Dublin,GA,31021,5.0,2,Auto repair shop,,,https://www.google.com/maps/place/Advanced+Alignment+and+Calibration+Inc/data=!4m7!3m6!1s0x88f121bcb47fd7a3:0x95d423b502a8007!8m2!3d32.5959173!4d-82.9603724!16s%2Fg%2F11jsbswq5s!19sChIJo9d_tLwh8YgRB4AqUDtCXQk?authuser=0&hl=en&rclk=1,auto repair shop,Laurens County,county,GA,2026-07-16T02:59:13,0x88f121bcb47fd7a3:0x95d423b502a8007
Jiffy Lube,(478) 272-3828,https://www.jiffylube.com/locations/ga/dublin/2866,,"2120 Veterans Blvd, Dublin, GA 31021, United States",2120 Veterans Blvd,Dublin,GA,31021,4.5,904,Oil change service,,,https://www.google.com/maps/place/Jiffy+Lube/data=!4m7!3m6!1s0x88f1202486428a35:0xd4afc972ad7b17a0!8m2!3d32.5416337!4d-82.9561181!16s%2Fg%2F1tmk9b1z!19sChIJNYpChiQg8YgRoBd7rXLJr9Q?authuser=0&hl=en&rclk=1,auto repair shop,Laurens County,county,GA,2026-07-23T21:58:04,0x88f1202486428a35:0xd4afc972ad7b17a0
Jones and Son Truck Repair,,,,"2560 US-80 W, Dublin, GA 31021, United States",2560 US-80 W,Dublin,GA,31021,3.0,8,Truck repair shop,,,https://www.google.com/maps/place/Jones+and+Son+Truck+Repair/data=!4m7!3m6!1s0x88f121707187e00f:0x49dde221796af74a!8m2!3d32.549377!4d-82.9877822!16s%2Fg%2F11h_cct601!19sChIJD-CHcXAh8YgRSvdqeSHi3Uk?authuser=0&hl=en&rclk=1,auto repair shop,Laurens County,county,GA,2026-07-16T02:59:13,0x88f121707187e00f:0x49dde221796af74a
"Leprechaun Fast Lube & Car Wash, 280 Inc.",(478) 275-1236,https://www.facebook.com/Leprechaun-Car-Wash-113084444152671/,,"1513 Rice Ave, Dublin, GA 31021, United States",1513 Rice Ave,Dublin,GA,31021,4.7,54,Car wash,,,"https://www.google.com/maps/place/Leprechaun+Fast+Lube+%26+Car+Wash,+280+Inc./data=!4m7!3m6!1s0x88f1218f01091873:0x55517d46263048f7!8m2!3d32.5362167!4d-82.9278945!16s%2Fg%2F11r933t8v_!19sChIJcxgJAY8h8YgR90gwJkZ9UVU?authuser=0&hl=en&rclk=1",auto repair shop,Laurens County,county,GA,2026-07-16T02:59:13,0x88f1218f01091873:0x55517d46263048f7
Sampson Tire Shop,,,,"104 W Johnson St, Dublin, GA 31021, United States",104 W Johnson St,Dublin,GA,31021,,,Tire shop,,,https://www.google.com/maps/place/Sampson+Tire+Shop/data=!4m7!3m6!1s0x88f0df003b15e89b:0xdad7f0b15aeedf4a!8m2!3d32.5427408!4d-82.9068808!16s%2Fg%2F11w4pcfmcb!19sChIJm-gVOwDf8IgRSt_uWrHw19o?authuser=0&hl=en&rclk=1,auto repair shop,Laurens County,county,GA,2026-07-16T02:59:13,0x88f0df003b15e89b:0xdad7f0b15aeedf4a
"T&W Services, Inc",(478) 484-5820,http://tandwservices.net/,,"138 Pinehill Rd, Dublin, GA 31021, United States",138 Pinehill Rd,Dublin,GA,31021,4.6,83,Truck repair shop,,,"https://www.google.com/maps/place/T%26W+Services,+Inc/data=!4m7!3m6!1s0x88f11f3aedd4efb7:0xb4581184ec527c6c!8m2!3d32.4913711!4d-82.9799423!16s%2Fg%2F11c3trhhww!19sChIJt-_U7Tof8YgRbHxS7IQRWLQ?authuser=0&hl=en&rclk=1",auto repair shop,Laurens County,county,GA,2026-07-23T21:58:04,0x88f11f3aedd4efb7:0xb4581184ec527c6c
Johnson Automotive Group Inc.,(770) 495-8400,http://www.johnsoncarsales.com/,,"10960 Medlock Bridge Rd, Duluth, GA 30097, United States",10960 Medlock Bridge Rd,Duluth,GA,30097,4.6,171,Used car dealer,,,https://www.google.com/maps/place/Johnson+Automotive+Group+Inc./data=!4m7!3m6!1s0x88f5989c1599d679:0xc89dd391a00ed5e4!8m2!3d34.0483037!4d-84.1775768!16s%2Fg%2F1thd7jds!19sChIJedaZFZyY9YgR5NUOoJHTncg?authuser=0&hl=en&rclk=1,auto repair shop,Johnson County,county,GA,2026-07-16T02:39:18,0x88f5989c1599d679:0xc89dd391a00ed5e4
Great American Inc,(478) 272-0400,https://www.greatamericaninc.com/,,"108 Bank St, East Dublin, GA 31027, United States",108 Bank St,East Dublin,GA,31027,4.6,78,Truck parts supplier,,,https://www.google.com/maps/place/Great+American+Inc/data=!4m7!3m6!1s0x88f0dfb237b9c075:0x69454359d670df3e!8m2!3d32.5468211!4d-82.8682527!16s%2Fg%2F1tj3lxw6!19sChIJdcC5N7Lf8IgRPt9w1llDRWk?authuser=0&hl=en&rclk=1,auto repair shop,Laurens County,county,GA,2026-07-16T02:59:13,0x88f0dfb237b9c075:0x69454359d670df3e
JST Performance,,http://www.jst-performance.com/,,"795 Dale Cir, East Dublin, GA 31027, United States",795 Dale Cir,East Dublin,GA,31027,4.9,130,Racing car parts store,,,https://www.google.com/maps/place/JST+Performance/data=!4m7!3m6!1s0x88f0e764e59031c9:0x7803faae92d56485!8m2!3d32.5006673!4d-82.7911558!16s%2Fg%2F11bxc5f7tl!19sChIJyTGQ5WTn8IgRhWTVkq76A3g?authuser=0&hl=en&rclk=1,auto repair shop,Treutlen County,county,GA,2026-07-24T00:45:50,0x88f0e764e59031c9:0x7803faae92d56485
Tanner Service Center Inc,(478) 272-6352,,,"746 Central Dr, East Dublin, GA 31027, United States",746 Central Dr,East Dublin,GA,31027,4.4,195,Auto repair shop,,,https://www.google.com/maps/place/Tanner+Service+Center+Inc/data=!4m7!3m6!1s0x88f0dfbabc9bec55:0x2731d7d508d94785!8m2!3d32.5490539!4d-82.8735245!16s%2Fg%2F1tjhyh6x!19sChIJVeybvLrf8IgRhUfZCNXXMSc?authuser=0&hl=en&rclk=1,auto repair shop,Laurens County,county,GA,2026-07-23T21:58:04,0x88f0dfbabc9bec55:0x2731d7d508d94785
Walmart Auto Care Center,(706) 635-1189,https://www.walmart.com/store/1070-east-ellijay-ga/auto-care-center/?veh=seo_loc,,"88 Highland Crossing, East Ellijay, GA 30540, United States",88 Highland Crossing,East Ellijay,GA,30540,3.8,103,Oil change service,,,https://www.google.com/maps/place/Walmart+Auto+Care+Center/data=!4m7!3m6!1s0x885f96ce0be430dd:0xbf3563f733a6d414!8m2!3d34.6561671!4d-84.488294!16s%2Fg%2F1v2pqyf3!19sChIJ3TDkC86WX4gRFNSmM_djNb8?authuser=0&hl=en&rclk=1,auto repair shop,Gilmer County,county,GA,2026-07-16T00:27:05,0x885f96ce0be430dd:0xbf3563f733a6d414
Walmart Auto Care Center,(706) 297-7101,https://www.walmart.com/store/1122-eastanollee-ga/auto-care-center/?veh=seo_loc,,"3886 GA-17, Eastanollee, GA 30538, United States",3886 GA-17,Eastanollee,GA,30538,3.2,92,Oil change service,,,https://www.google.com/maps/place/Walmart+Auto+Care+Center/data=!4m7!3m6!1s0x8858bda6e6988ac1:0x4a64476a057aaae8!8m2!3d34.5477789!4d-83.2837124!16s%2Fg%2F11ydphs_j!19sChIJwYqY5qa9WIgR6Kp6BWpHZEo?authuser=0&hl=en&rclk=1,auto repair shop,Stephens County,county,GA,2026-07-16T06:30:36,0x8858bda6e6988ac1:0x4a64476a057aaae8
HORNES WELDING & RADIATOR SHOP,,,,"3rd Ave, Eastman, GA 31023, United States",3rd Ave,Eastman,GA,31023,5.0,1,Auto repair shop,,,https://www.google.com/maps/place/HORNES+WELDING+%26+RADIATOR+SHOP/data=!4m7!3m6!1s0x88f10a3d832b9025:0x6c6a8041fc53aa79!8m2!3d32.1956448!4d-83.1784839!16s%2Fg%2F11l65z5g5q!19sChIJJZArgz0K8YgReapT_EGAamw?authuser=0&hl=en&rclk=1,auto repair shop,Dodge County,county,GA,2026-07-23T18:41:50,0x88f10a3d832b9025:0x6c6a8041fc53aa79
Heavy Duty Parts & Equipment INC,(706) 782-7631,http://www.heavydutyequipmentinc.com/,,"310 2nd Ave, Eastman, GA 31023, United States",310 2nd Ave,Eastman,GA,31023,,,Auto repair shop,,,https://www.google.com/maps/place/Heavy+Duty+Parts+%26+Equipment+INC/data=!4m7!3m6!1s0x88f10b8b2f91bc5d:0x8c5363d18f983ae1!8m2!3d32.1946064!4d-83.1781936!16s%2Fg%2F11h4pl70tz!19sChIJXbyRL4sL8YgR4TqYj9FjU4w?authuser=0&hl=en&rclk=1,auto repair shop,Dodge County,county,GA,2026-07-23T18:02:03,0x88f10b8b2f91bc5d:0x8c5363d18f983ae1
Old filling station,,,,"356 2nd Ave, Eastman, GA 31023, United States",356 2nd Ave,Eastman,GA,31023,,,Auto repair shop,,,https://www.google.com/maps/place/Old+filling+station/data=!4m7!3m6!1s0x88f1bd7ea0357d29:0xf6a6b5081563b353!8m2!3d31.9892883!4d-83.2008883!16s%2Fg%2F11vbrxvkvn!19sChIJKX01oH698YgRU7NjFQi1pvY?authuser=0&hl=en&rclk=1,auto repair shop,Telfair County,county,GA,2026-07-24T01:06:56,0x88f1bd7ea0357d29:0xf6a6b5081563b353
Walmart Auto Care Center,(478) 374-3144,https://www.walmart.com/store/1018-eastman-ga/auto-care-center/?veh=seo_loc,,"1099 Indian Dr, Eastman, GA 31023, United States",1099 Indian Dr,Eastman,GA,31023,3.8,48,Oil change service,,,https://www.google.com/maps/place/Walmart+Auto+Care+Center/data=!4m7!3m6!1s0x88f10a3d02b16679:0xab58e34787fc0eea!8m2!3d32.1788525!4d-83.1777959!16s%2Fg%2F1tk1nttc!19sChIJeWaxAj0K8YgR6g78h0fjWKs?authuser=0&hl=en&rclk=1,auto repair shop,Dodge County,county,GA,2026-07-23T18:02:04,0x88f10a3d02b16679:0xab58e34787fc0eea
Arch Auto Group Inc,(706) 485-1770,https://archautogroup.com/,,"923 Oak St, Eatonton, GA 31024, United States",923 Oak St,Eatonton,GA,31024,4.9,182,Used car dealer,,,https://www.google.com/maps/place/Arch+Auto+Group+Inc/data=!4m7!3m6!1s0x88f697d803150491:0xaca619ac213ca2e1!8m2!3d33.3019485!4d-83.3843002!16s%2Fg%2F11fvwlfsmc!19sChIJkQQVA9iX9ogR4aI8IawZpqw?authuser=0&hl=en&rclk=1,auto repair shop,Putnam County,county,GA,2026-07-23T23:19:38,0x88f697d803150491:0xaca619ac213ca2e1
Clear Image Auto Glass Inc,(706) 474-0494,https://www.clearimageautoglass.com/,,"183 Cold Branch Rd, Eatonton, GA 31024, United States",183 Cold Branch Rd,Eatonton,GA,31024,4.3,8,Car repair and maintenance service,,,https://www.google.com/maps/place/Clear+Image+Auto+Glass+Inc/data=!4m7!3m6!1s0x88f3fe7cd4ac8637:0x99561039d5222295!8m2!3d33.2329408!4d-83.2827302!16s%2Fg%2F11_qj6yts!19sChIJN4as1Hz-84gRlSIi1TkQVpk?authuser=0&hl=en&rclk=1,auto repair shop,Putnam County,county,GA,2026-07-23T23:19:38,0x88f3fe7cd4ac8637:0x99561039d5222295
Collins Auto Repair Inc,(706) 485-9631,,,"100 Thru Way Rd, Eatonton, GA 31024, United States",100 Thru Way Rd,Eatonton,GA,31024,4.4,30,Transmission shop,,,https://www.google.com/maps/place/Collins+Auto+Repair+Inc/data=!4m7!3m6!1s0x88f696cf62ae4e53:0x3d9eca84b7da6e68!8m2!3d33.3398592!4d-83.3647327!16s%2Fg%2F1tq4ry9n!19sChIJU06uYs-W9ogRaG7at4TKnj0?authuser=0&hl=en&rclk=1,auto repair shop,Greene County,county,GA,2026-07-23T20:18:10,0x88f696cf62ae4e53:0x3d9eca84b7da6e68
G's Automotive Inc,(706) 484-0705,,,"912 Oak St, Eatonton, GA 31024, United States",912 Oak St,Eatonton,GA,31024,4.4,83,Car repair and maintenance service,,,https://www.google.com/maps/place/G%27s+Automotive+Inc/data=!4m7!3m6!1s0x88f697a941037d21:0x968788c18f069eda!8m2!3d33.3028681!4d-83.3855171!16s%2Fg%2F1tzvxdx3!19sChIJIX0DQamX9ogR2p4Gj8GIh5Y?authuser=0&hl=en&rclk=1,auto repair shop,Greene County,county,GA,2026-07-23T20:18:10,0x88f697a941037d21:0x968788c18f069eda
J&A Cycles,,http://www.facebook.com/jacycles,,"624 Milledgeville Rd, Eatonton, GA 31024, United States",624 Milledgeville Rd,Eatonton,GA,31024,4.7,14,ATV dealer,,,https://www.google.com/maps/place/J%26A+Cycles/data=!4m7!3m6!1s0x88f6970edf68ef99:0xa002878e6d3a02a!8m2!3d33.250864!4d-83.328008!16s%2Fg%2F11c5wk9_pc!19sChIJme9o3w6X9ogRKqDT5ngoAAo?authuser=0&hl=en&rclk=1,auto repair shop,Putnam County,county,GA,2026-07-23T23:19:38,0x88f6970edf68ef99:0xa002878e6d3a02a
Oconee Commercial Tire Inc.,(706) 817-7102,https://roadside-tire-repairs.com/,,"209 Sammons Industrial Pkwy, Eatonton, GA 31024, United States",209 Sammons Industrial Pkwy,Eatonton,GA,31024,4.7,11,Tire repair shop,,,https://www.google.com/maps/place/Oconee+Commercial+Tire+Inc./data=!4m7!3m6!1s0x88f69350944b584d:0x1a864bee4e47c0f8!8m2!3d33.4293756!4d-83.2733041!16s%2Fg%2F11v5w85zln!19sChIJTVhLlFCT9ogR-MBHTu5Lhho?authuser=0&hl=en&rclk=1,auto repair shop,Putnam County,county,GA,2026-07-23T23:19:37,0x88f69350944b584d:0x1a864bee4e47c0f8
Walmart Auto Care Center,(706) 485-1031,https://www.walmart.com/store/5482-eatonton-ga/auto-care-center/?veh=seo_loc,,"201 Walmart Dr, Eatonton, GA 31024, United States",201 Walmart Dr,Eatonton,GA,31024,3.5,35,Oil change service,,,https://www.google.com/maps/place/Walmart+Auto+Care+Center/data=!4m7!3m6!1s0x88f697b03a55bd49:0xd1b40e0d8ba5f911!8m2!3d33.2954708!4d-83.3887876!16s%2Fg%2F1tgd7cqs!19sChIJSb1VOrCX9ogREfmliw0OtNE?authuser=0&hl=en&rclk=1,auto repair shop,Putnam County,county,GA,2026-07-23T23:19:38,0x88f697b03a55bd49:0xd1b40e0d8ba5f911
"A/R Auto Sales, Inc",(706) 283-9000,,,"961 Elbert St, Elberton, GA 30635, United States",961 Elbert St,Elberton,GA,30635,4.7,6,Used car dealer,,,"https://www.google.com/maps/place/A%2FR+Auto+Sales,+Inc/data=!4m7!3m6!1s0x88f7cdb96d8c940f:0x80bb11b2f6a23dce!8m2!3d34.0916671!4d-82.8468345!16s%2Fg%2F1thxlxy9!19sChIJD5SMbbnN94gRzj2i9rIRu4A?authuser=0&hl=en&rclk=1",auto repair shop,Elbert County,county,GA,2026-07-23T18:52:26,0x88f7cdb96d8c940f:0x80bb11b2f6a23dce
AutoZone Auto Parts,(706) 213-7570,https://www.autozone.com/locations/ga/elberton/561-elbert-st.html?cmpid=LOC:US:EN:AD:NL:1000000:GEN:957,,"561 Elbert St, Elberton, GA 30635, United States",561 Elbert St,Elberton,GA,30635,4.3,191,Auto parts store,,,https://www.google.com/maps/place/AutoZone+Auto+Parts/data=!4m7!3m6!1s0x88f7cd9981d746dd:0x370e86c7dbe6d8bc!8m2!3d34.105437!4d-82.853444!16s%2Fg%2F1wn34j5q!19sChIJ3UbXgZnN94gRvNjm28eGDjc?authuser=0&hl=en&rclk=1,auto repair shop,Elbert County,county,GA,2026-07-23T18:52:26,0x88f7cd9981d746dd:0x370e86c7dbe6d8bc
Cutting Edge Body Shop,,,,"505 Elbert St, Elberton, GA 30635, United States",505 Elbert St,Elberton,GA,30635,5.0,1,Auto body shop,,,https://www.google.com/maps/place/Cutting+Edge+Body+Shop/data=!4m7!3m6!1s0x88f7cd0cdbbef5f1:0xcaeb2b0738243e6d!8m2!3d34.1071068!4d-82.8558919!16s%2Fg%2F11hz113r4_!19sChIJ8fW-2wzN94gRbT4kOAcr68o?authuser=0&hl=en&rclk=1,auto repair shop,Elbert County,county,GA,2026-07-23T18:52:26,0x88f7cd0cdbbef5f1:0xcaeb2b0738243e6d
Exxon,,,,"624 Elbert St, Elberton, GA 30635, United States",624 Elbert St,Elberton,GA,30635,,,Gas station,,,https://www.google.com/maps/place/Exxon/data=!4m7!3m6!1s0x88f7cd97bf422c33:0x1f86623798dfd6df!8m2!3d34.1024173!4d-82.8516847!16s%2Fg%2F11zbqjc84f!19sChIJMyxCv5fN94gR39bfmDdihh8?authuser=0&hl=en&rclk=1,auto repair shop,Elbert County,county,GA,2026-07-23T18:52:26,0x88f7cd97bf422c33:0x1f86623798dfd6df
Go Big Blue,,,,"241 N McIntosh St, Elberton, GA 30635, United States",241 N McIntosh St,Elberton,GA,30635,5.0,2,,,,https://www.google.com/maps/place/Go+Big+Blue/data=!4m7!3m6!1s0x88f7cd9a2b666ea5:0xf60fa4f381135f1b!8m2!3d34.1142175!4d-82.8645849!16s%2Fg%2F11vbcp9bqm!19sChIJpW5mK5rN94gRG18TgfOkD_Y?authuser=0&hl=en&rclk=1,auto repair shop,Elbert County,county,GA,2026-07-23T18:52:26,0x88f7cd9a2b666ea5:0xf60fa4f381135f1b
Henry & Henry Inc,(706) 408-7619,,,"221 McDonough St, Elberton, GA 30635, United States",221 McDonough St,Elberton,GA,30635,4.5,11,Trucking company,,,https://www.google.com/maps/place/Henry+%26+Henry+Inc/data=!4m7!3m6!1s0x88f7cd7be9c87965:0x6445686665a7c4d7!8m2!3d34.117579!4d-82.8708148!16s%2Fg%2F1tfq5hq9!19sChIJZXnI6XvN94gR18SnZWZoRWQ?authuser=0&hl=en&rclk=1,auto repair shop,Elbert County,county,GA,2026-07-23T18:52:26,0x88f7cd7be9c87965:0x6445686665a7c4d7
Miguels Tire Shop LLC,,https://localsparkworks.shop/,,"21 College Ave, Elberton, GA 30635, United States",21 College Ave,Elberton,GA,30635,,,Tire shop,,,https://www.google.com/maps/place/Miguels+Tire+Shop+LLC/data=!4m7!3m6!1s0x88f7cd506e0d650b:0xf532b8ecb13a72ac!8m2!3d34.11101!4d-82.8686332!16s%2Fg%2F11zg3vwnk7!19sChIJC2UNblDN94gRrHI6sey4MvU?authuser=0&hl=en&rclk=1,auto repair shop,Elbert County,county,GA,2026-07-23T18:52:26,0x88f7cd506e0d650b:0xf532b8ecb13a72ac
NAPA Auto Parts - Elberton,(706) 283-4421,https://www.napaonline.com/en/GA/Elberton/store/21153?cid=pl_jobber_google_dac_21153_ao,,"309 Elbert St, Elberton, GA 30635, United States",309 Elbert St,Elberton,GA,30635,4.7,77,Auto parts store,,,https://www.google.com/maps/place/NAPA+Auto+Parts+-+Elberton/data=!4m7!3m6!1s0x88f7cd9c71a5ea75:0x35173da1707aa548!8m2!3d34.1088765!4d-82.8593025!16s%2Fg%2F1thbxj46!19sChIJdeqlcZzN94gRSKV6cKE9FzU?authuser=0&hl=en&rclk=1,auto repair shop,Elbert County,county,GA,2026-07-23T18:52:26,0x88f7cd9c71a5ea75:0x35173da1707aa548
O'Reilly Auto Parts,(706) 213-0592,https://locations.oreillyauto.com/en-us/ga/elberton/autoparts-1429.html,,"321 Elbert St, Elberton, GA 30635, United States",321 Elbert St,Elberton,GA,30635,4.4,107,Auto parts store,,,https://www.google.com/maps/place/O%27Reilly+Auto+Parts/data=!4m7!3m6!1s0x88f7cd9c75f65037:0xc359b3d5af70aa3!8m2!3d34.1087818!4d-82.858804!16s%2Fg%2F1td0zb0w!19sChIJN1D2dZzN94gRowr3Wj2bNQw?authuser=0&hl=en&rclk=1,auto repair shop,Elbert County,county,GA,2026-07-23T18:52:26,0x88f7cd9c75f65037:0xc359b3d5af70aa3
Ray's Rat Rodz,,,,"2750 Calhoun Falls Hwy, Elberton, GA 30635, United States",2750 Calhoun Falls Hwy,Elberton,GA,30635,,,Auto repair shop,,,https://www.google.com/maps/place/Ray%27s+Rat+Rodz/data=!4m7!3m6!1s0x88f7c50046a979b1:0xa916d62abe9334f!8m2!3d34.0613631!4d-82.71825!16s%2Fg%2F11y8vn__vw!19sChIJsXmpRgDF94gRTzPpq2JtkQo?authuser=0&hl=en&rclk=1,auto repair shop,Elbert County,county,GA,2026-07-23T18:52:26,0x88f7c50046a979b1:0xa916d62abe9334f
Seymour's Towing & Recovery,,,,"311 S Oliver St, Elberton, GA 30635, United States",311 S Oliver St,Elberton,GA,30635,3.7,3,Towing service,,,https://www.google.com/maps/place/Seymour%27s+Towing+%26+Recovery/data=!4m7!3m6!1s0x88f7cd0e3174132d:0x65454d32c251f436!8m2!3d34.1002797!4d-82.8736371!16s%2Fg%2F11p65p_gmj!19sChIJLRN0MQ7N94gRNvRRwjJNRWU?authuser=0&hl=en&rclk=1,auto repair shop,Elbert County,county,GA,2026-07-23T18:52:26,0x88f7cd0e3174132d:0x65454d32c251f436
THE WORD 4 TODAY TIRES AUTOS AND WHEELS LLC FORTSONIA GEORGIA USA.,,,,"2660 Dr George Ward Rd, Elberton, GA 30635, United States",2660 Dr George Ward Rd,Elberton,GA,30635,5.0,1,Tire shop,,,https://www.google.com/maps/place/THE+WORD+4+TODAY+TIRES+AUTOS+AND+WHEELS+LLC+FORTSONIA+GEORGIA+USA./data=!4m7!3m6!1s0x88f7c9106357361b:0xdb5e8826c16072d2!8m2!3d34.0130303!4d-82.7803639!16s%2Fg%2F11v59fq2fd!19sChIJGzZXYxDJ94gR0nJgwSaIXts?authuser=0&hl=en&rclk=1,auto repair shop,Elbert County,county,GA,2026-07-23T18:52:26,0x88f7c9106357361b:0xdb5e8826c16072d2
Wades Repair,,,,"135 E Railroad St, Elberton, GA 30635, United States",135 E Railroad St,Elberton,GA,30635,3.7,3,Auto repair shop,,,https://www.google.com/maps/place/Wades+Repair/data=!4m7!3m6!1s0x88f7cd9d587708a5:0xe46d78cd8fa79395!8m2!3d34.111938!4d-82.8636924!16s%2Fg%2F11d_5x2k6l!19sChIJpQh3WJ3N94gRlZOnj814beQ?authuser=0&hl=en&rclk=1,auto repair shop,Elbert County,county,GA,2026-07-23T19:04:26,0x88f7cd9d587708a5:0xe46d78cd8fa79395
Wall Inc,(229) 937-5592,,,"1633 Old 19 S, Ellaville, GA 31806, United States",1633 Old 19 S,Ellaville,GA,31806,4.7,23,Diesel engine repair service,,,https://www.google.com/maps/place/Wall+Inc/data=!4m7!3m6!1s0x88f30059df4864d5:0x2dab03d3c33dd965!8m2!3d32.2208976!4d-84.2964859!16s%2Fg%2F1tdzb7ml!19sChIJ1WRI31kA84gRZdk9w9MDqy0?authuser=0&hl=en&rclk=1,auto repair shop,Marion County,county,GA,2026-07-16T04:02:30,0x88f30059df4864d5:0x2dab03d3c33dd965
Ellijay Fast Lube Inc,(706) 273-7300,http://localgads.com/ellijayfastlube,,"5273 GA-52, Ellijay, GA 30536, United States",5273 GA-52,Ellijay,GA,30536,4.3,7,Auto repair shop,,,https://www.google.com/maps/place/Ellijay+Fast+Lube+Inc/data=!4m7!3m6!1s0x885f9d021f964e91:0x7e104d99ad24ac55!8m2!3d34.6523131!4d-84.4256985!16s%2Fg%2F1tfzbxvt!19sChIJkU6WHwKdX4gRVawkrZlNEH4?authuser=0&hl=en&rclk=1,auto repair shop,Gilmer County,county,GA,2026-07-16T00:27:05,0x885f9d021f964e91:0x7e104d99ad24ac55
NAPA Auto Parts - Automotive Services Of Ellijay,(706) 635-2251,https://www.napaonline.com/en/GA/Ellijay/store/21593?cid=pl_jobber_google_dac_21593_ao,,"24 Ward Ln, Ellijay, GA 30540, United States",24 Ward Ln,Ellijay,GA,30540,4.6,76,Auto parts store,,,https://www.google.com/maps/place/NAPA+Auto+Parts+-+Automotive+Services+Of+Ellijay/data=!4m7!3m6!1s0x885fbe0e18ccc405:0x1f26216fd0c27e48!8m2!3d34.691881!4d-84.478907!16s%2Fg%2F1vppt7ht!19sChIJBcTMGA6-X4gRSH7C0G8hJh8?authuser=0&hl=en&rclk=1,auto repair shop,Gilmer County,county,GA,2026-07-16T00:27:05,0x885fbe0e18ccc405:0x1f26216fd0c27e48
Rusty's Automotive Inc,(706) 860-0285,http://facebook.com/rustysautomotive,,"4111 Colben Blvd, Evans, GA 30809, United States",4111 Colben Blvd,Evans,GA,30809,4.3,58,Auto repair shop,,,https://www.google.com/maps/place/Rusty%27s+Automotive+Inc/data=!4m7!3m6!1s0x88f9d34ef8679de1:0x9bf31f0647aa2924!8m2!3d33.5378079!4d-82.1174727!16s%2Fg%2F1tnjkf29!19sChIJ4Z1n-E7T-YgRJCmqRwYf85s?authuser=0&hl=en&rclk=1,auto repair shop,Columbia County,county,GA,2026-07-23T17:18:19,0x88f9d34ef8679de1:0x9bf31f0647aa2924
Meineke Car Care Center,(678) 369-8425,https://www.meineke.com/locations/ga/fairburn-2920/?utm_source=google&utm_medium=organic&utm_campaign=gbp_website,,"8350 Senoia Rd, Fairburn, GA 30213, United States",8350 Senoia Rd,Fairburn,GA,30213,4.5,728,Auto repair shop,,,https://www.google.com/maps/place/Meineke+Car+Care+Center/data=!4m7!3m6!1s0x88f4e7e2286e0d25:0x6aa3ec3ec3e26a81!8m2!3d33.5299186!4d-84.5752868!16s%2Fg%2F11sn_3hkhw!19sChIJJQ1uKOLn9IgRgWriwz7so2o?authuser=0&hl=en&rclk=1,auto repair shop,Fayette County,county,GA,2026-07-23T19:32:05,0x88f4e7e2286e0d25:0x6aa3ec3ec3e26a81
85 Automotive inc,(770) 716-5160,http://85automotiveinc.com/,,"100 Etowah Trc, Fayetteville, GA 30214, United States",100 Etowah Trc,Fayetteville,GA,30214,4.8,16,Auto repair shop,,,https://www.google.com/maps/place/85+Automotive+inc/data=!4m7!3m6!1s0x88f4faadfaab1daf:0xe8269d9fb6eed78d!8m2!3d33.4983482!4d-84.4363861!16s%2Fg%2F1tjrqtj3!19sChIJrx2r-q369IgRjdfutp-dJug?authuser=0&hl=en&rclk=1,auto repair shop,Fayette County,county,GA,2026-07-23T19:32:04,0x88f4faadfaab1daf:0xe8269d9fb6eed78d
AAMCO Transmissions & Total Car Care,(770) 626-5313,http://www.aamcofayettevillega.com/?utm_source=G&utm_medium=local&utm_campaign=google-local,,"100 Rainbow Way, Fayetteville, GA 30214, United States",100 Rainbow Way,Fayetteville,GA,30214,4.9,725,Transmission shop,,,https://www.google.com/maps/place/AAMCO+Transmissions+%26+Total+Car+Care/data=!4m7!3m6!1s0x88f4fab060165c13:0x16f85524b6591527!8m2!3d33.506527!4d-84.429009!16s%2Fg%2F1tcvcr1z!19sChIJE1wWYLD69IgRJxVZtiRV-BY?authuser=0&hl=en&rclk=1,auto repair shop,Fayette County,county,GA,2026-07-23T19:32:04,0x88f4fab060165c13:0x16f85524b6591527
"AJ USA, Inc",(678) 489-2368,http://ajtirestore.com/,,"129 Bethea Rd #405, Fayetteville, GA 30214, United States",129 Bethea Rd #405,Fayetteville,GA,30214,4.9,54,Tire shop,,,"https://www.google.com/maps/place/AJ+USA,+Inc/data=!4m7!3m6!1s0x88f4e55a186467a9:0x38f1ffb58ddc9a8f!8m2!3d33.4999673!4d-84.4512743!16s%2Fg%2F1tczl9pd!19sChIJqWdkGFrl9IgRj5rcjbX_8Tg?authuser=0&hl=en&rclk=1",auto repair shop,Fayette County,county,GA,2026-07-15T23:57:22,0x88f4e55a186467a9:0x38f1ffb58ddc9a8f
Auto Express Inc.,(470) 878-0113,http://autoexpressinc.net/,,"115 Robinson Ct D, Fayetteville, GA 30214, United States",115 Robinson Ct D,Fayetteville,GA,30214,5.0,10,Auto body shop,,,https://www.google.com/maps/place/Auto+Express+Inc./data=!4m7!3m6!1s0x88f4f18d29a5b1b3:0xe0d27b6a0d73d54a!8m2!3d33.4548773!4d-84.4291239!16s%2Fg%2F11flfc4777!19sChIJs7GlKY3x9IgRStVzDWp70uA?authuser=0&hl=en&rclk=1,auto repair shop,Fayette County,county,GA,2026-07-23T19:32:05,0x88f4f18d29a5b1b3:0xe0d27b6a0d73d54a
B&D Automotive Ent. Inc.,(770) 461-5241,,,"195 Industrial Wy, Fayetteville, GA 30215, United States",195 Industrial Wy,Fayetteville,GA,30215,5.0,4,Auto repair shop,,,https://www.google.com/maps/place/B%26D+Automotive+Ent.+Inc./data=!4m7!3m6!1s0x88f4ee2bdba68f91:0x8a13a04256df010!8m2!3d33.4434301!4d-84.4417712!16s%2Fg%2F12625t3p_!19sChIJkY-m2yvu9IgREPBtJQQ6oQg?authuser=0&hl=en&rclk=1,auto repair shop,Fayette County,county,GA,2026-07-15T23:57:22,0x88f4ee2bdba68f91:0x8a13a04256df010
Jon-Branson Auto Center Inc.,(770) 306-9049,,,"1470 GA-92N, Fayetteville, GA 30214, United States",1470 GA-92N,Fayetteville,GA,30214,4.9,56,Auto repair shop,,,https://www.google.com/maps/place/Jon-Branson+Auto+Center+Inc./data=!4m7!3m6!1s0x88f4e5c0d55057d1:0xfeebce4e6dee0807!8m2!3d33.5237952!4d-84.5046603!16s%2Fg%2F1tnhz4t5!19sChIJ0VdQ1cDl9IgRBwjubU7O6_4?authuser=0&hl=en&rclk=1,auto repair shop,Fayette County,county,GA,2026-07-23T19:32:04,0x88f4e5c0d55057d1:0xfeebce4e6dee0807
Midas,(770) 884-4045,https://www.midas.com/store/ga/fayetteville/463-north-glynn-30214/?shopnum=3352&utm_source=google&utm_medium=organic&utm_campaign=gbp,,"463 Glynn St N, Fayetteville, GA 30214, United States",463 Glynn St N,Fayetteville,GA,30214,4.7,1235,Auto repair shop,,,https://www.google.com/maps/place/Midas/data=!4m7!3m6!1s0x88f4efced593daa1:0xac7ed8f594903253!8m2!3d33.4574018!4d-84.4525964!16s%2Fg%2F1wnf1wv1!19sChIJodqT1c7v9IgRUzKQlPXYfqw?authuser=0&hl=en&rclk=1,auto repair shop,Fayette County,county,GA,2026-07-23T19:32:04,0x88f4efced593daa1:0xac7ed8f594903253
"Pro Car Care, Inc.",(770) 460-8448,http://procarcareinc.com/,,"280 Industrial Wy, Fayetteville, GA 30215, United States",280 Industrial Wy,Fayetteville,GA,30215,4.8,156,Auto repair shop,,,"https://www.google.com/maps/place/Pro+Car+Care,+Inc./data=!4m7!3m6!1s0x88f4ee2b9fa885e7:0x55fbd6876211b122!8m2!3d33.4455496!4d-84.442714!16s%2Fg%2F1tcwrzsl!19sChIJ54Wonyvu9IgRIrERYofW-1U?authuser=0&hl=en&rclk=1",auto repair shop,Fayette County,county,GA,2026-07-23T19:32:04,0x88f4ee2b9fa885e7:0x55fbd6876211b122
Rowland's Auto & Tire,,,,"195 Industrial Wy Ste A, Fayetteville, GA 30215, United States",195 Industrial Wy Ste A,Fayetteville,GA,30215,4.9,40,Auto repair shop,,,https://www.google.com/maps/place/Rowland%27s+Auto+%26+Tire/data=!4m7!3m6!1s0x88f4ee2bc4253035:0x2595713787b33dda!8m2!3d33.4434562!4d-84.4420476!16s%2Fg%2F1tdyggjf!19sChIJNTAlxCvu9IgR2j2zhzdxlSU?authuser=0&hl=en&rclk=1,auto repair shop,Fayette County,county,GA,2026-07-23T19:32:04,0x88f4ee2bc4253035:0x2595713787b33dda
Shift Works Inc,(770) 461-1301,https://www.shiftworksinc.com/,,"265 Industrial Wy, Fayetteville, GA 30215, United States",265 Industrial Wy,Fayetteville,GA,30215,4.8,157,Transmission shop,,,https://www.google.com/maps/place/Shift+Works+Inc/data=!4m7!3m6!1s0x88f4ee2bbb2fcd57:0x56ea2cd39e3b6a47!8m2!3d33.444978!4d-84.441756!16s%2Fg%2F1wj_6wcd!19sChIJV80vuyvu9IgRR2o7ntMs6lY?authuser=0&hl=en&rclk=1,auto repair shop,Fayette County,county,GA,2026-07-23T19:32:04,0x88f4ee2bbb2fcd57:0x56ea2cd39e3b6a47
Take 5 Oil Change,(678) 827-4365,https://www.take5.com/locations/oil-change/georgia/fayetteville/31178/?utm_source=google&utm_medium=organic&utm_campaign=gbp_website,,"985 Glynn St N, Fayetteville, GA 30214, United States",985 Glynn St N,Fayetteville,GA,30214,4.7,1123,Oil change service,,,https://www.google.com/maps/place/Take+5+Oil+Change/data=!4m7!3m6!1s0x88f4ef2ee511e57d:0x9d8f4d635c28d08e!8m2!3d33.4699346!4d-84.4451174!16s%2Fg%2F11shk5b4f_!19sChIJfeUR5S7v9IgRjtAoXGNNj50?authuser=0&hl=en&rclk=1,auto repair shop,Fayette County,county,GA,2026-07-23T19:32:04,0x88f4ef2ee511e57d:0x9d8f4d635c28d08e
AutoZone Auto Parts,(229) 423-2800,https://www.autozone.com/locations/ga/fitzgerald/140-ocilla-hwy.html?cmpid=LOC:US:EN:AD:NL:1000000:GEN:3447,,"140 Ocilla Hwy, Fitzgerald, GA 31750, United States",140 Ocilla Hwy,Fitzgerald,GA,31750,4.5,146,Auto parts store,,,https://www.google.com/maps/place/AutoZone+Auto+Parts/data=!4m7!3m6!1s0x88f1e9e01b7b718f:0x4698f6adef7c306!8m2!3d31.7023751!4d-83.2516889!16s%2Fg%2F1tq6kxns!19sChIJj3F7G-Dp8YgRBsP33mqPaQQ?authuser=0&hl=en&rclk=1,auto repair shop,Ben Hill County,county,GA,2026-07-23T14:56:08,0x88f1e9e01b7b718f:0x4698f6adef7c306
Cars -N- Stuf Inc,(229) 423-7940,https://www.cars-n-stufinc.com/,,"217 Ocilla Hwy, Fitzgerald, GA 31750, United States",217 Ocilla Hwy,Fitzgerald,GA,31750,4.3,28,Used car dealer,,,https://www.google.com/maps/place/Cars+-N-+Stuf+Inc/data=!4m7!3m6!1s0x14fa016d2b79eb53:0x27452f29a6607783!8m2!3d31.6969512!4d-83.2491114!16s%2Fg%2F11b729hzpj!19sChIJU-t5K20B-hQRg3dgpikvRSc?authuser=0&hl=en&rclk=1,auto repair shop,Ben Hill County,county,GA,2026-07-23T14:56:08,0x14fa016d2b79eb53:0x27452f29a6607783
D & E Auto Inc,(229) 423-2844,,,"385 Preston Dr, Fitzgerald, GA 31750, United States",385 Preston Dr,Fitzgerald,GA,31750,4.8,35,Auto repair shop,,,https://www.google.com/maps/place/D+%26+E+Auto+Inc/data=!4m7!3m6!1s0x88f1ebd4c463db63:0xa5a80843e35be2c7!8m2!3d31.7289705!4d-83.2933667!16s%2Fg%2F1trxfjj0!19sChIJY9tjxNTr8YgRx-Jb40MIqKU?authuser=0&hl=en&rclk=1,auto repair shop,Ben Hill County,county,GA,2026-07-23T15:35:40,0x88f1ebd4c463db63:0xa5a80843e35be2c7
NAPA AUTOCARE CENTER,,,,"W Pine St, Fitzgerald, GA 31750, United States",W Pine St,Fitzgerald,GA,31750,,,Auto repair shop,,,https://www.google.com/maps/place/NAPA+AUTOCARE+CENTER/data=!4m7!3m6!1s0x88f1e9fcbc10a143:0x90b2ad2e865bf626!8m2!3d31.7133159!4d-83.2549927!16s%2Fg%2F11xt9yp66t!19sChIJQ6EQvPzp8YgRJvZbhi6tspA?authuser=0&hl=en&rclk=1,auto repair shop,Ben Hill County,county,GA,2026-07-23T15:35:40,0x88f1e9fcbc10a143:0x90b2ad2e865bf626
NAPA Auto Parts - Brooks Auto Parts Co,(229) 423-2043,https://www.napaonline.com/en/GA/Fitzgerald/store/24454?cid=pl_jobber_google_dac_24454_ao,,"204 E Central Ave, Fitzgerald, GA 31750, United States",204 E Central Ave,Fitzgerald,GA,31750,4.6,45,Auto parts store,,,https://www.google.com/maps/place/NAPA+Auto+Parts+-+Brooks+Auto+Parts+Co/data=!4m7!3m6!1s0x88f1e9fda6084777:0xfe4037df13e52248!8m2!3d31.715297!4d-83.252566!16s%2Fg%2F1tx1v05v!19sChIJd0cIpv3p8YgRSCLlE983QP4?authuser=0&hl=en&rclk=1,auto repair shop,Ben Hill County,county,GA,2026-07-23T14:56:08,0x88f1e9fda6084777:0xfe4037df13e52248
O'Reilly Auto Parts,(229) 426-0071,https://locations.oreillyauto.com/en-us/ga/fitzgerald/autoparts-1471.html,,"125 Ocilla Hwy, Fitzgerald, GA 31750, United States",125 Ocilla Hwy,Fitzgerald,GA,31750,4.5,155,Auto parts store,,,https://www.google.com/maps/place/O%27Reilly+Auto+Parts/data=!4m7!3m6!1s0x88f1e9e1af4c1d0b:0xcdfbc3f7b181306f!8m2!3d31.7041493!4d-83.2529843!16s%2Fg%2F1tgf8mbp!19sChIJCx1Mr-Hp8YgRbzCBsffD-80?authuser=0&hl=en&rclk=1,auto repair shop,Ben Hill County,county,GA,2026-07-23T15:35:40,0x88f1e9e1af4c1d0b:0xcdfbc3f7b181306f
R and L Mechanics,,,,"GA-11, Fitzgerald, GA 31750, United States",GA-11,Fitzgerald,GA,31750,,,,,,https://www.google.com/maps/place/R+and+L+Mechanics/data=!4m7!3m6!1s0x88f1c12c00c39071:0xe110e299b062b0fe!8m2!3d31.7269865!4d-83.2500319!16s%2Fg%2F11rf7rhlxm!19sChIJcZDDACzB8YgR_rBisJniEOE?authuser=0&hl=en&rclk=1,auto repair shop,Ben Hill County,county,GA,2026-07-15T18:25:03,0x88f1c12c00c39071:0xe110e299b062b0fe
Southern Express Lube Inc,(229) 423-7447,,,"140 Irwinville Hwy, Fitzgerald, GA 31750, United States",140 Irwinville Hwy,Fitzgerald,GA,31750,5.0,5,Oil change service,,,https://www.google.com/maps/place/Southern+Express+Lube+Inc/data=!4m7!3m6!1s0x88f1e9f25e5c0f6d:0xd3016994c69ddf6c!8m2!3d31.7145431!4d-83.2689979!16s%2Fg%2F1wj_6w73!19sChIJbQ9cXvLp8YgRbN-dxpRpAdM?authuser=0&hl=en&rclk=1,auto repair shop,Ben Hill County,county,GA,2026-07-23T14:56:08,0x88f1e9f25e5c0f6d:0xd3016994c69ddf6c
Walmart Auto Care Center,(229) 423-0027,https://www.walmart.com/store/686-fitzgerald-ga/auto-care-center/?veh=seo_loc,,"120 Benjamin H Hill Dr W, Fitzgerald, GA 31750, United States",120 Benjamin H Hill Dr W,Fitzgerald,GA,31750,3.7,64,Oil change service,,,https://www.google.com/maps/place/Walmart+Auto+Care+Center/data=!4m7!3m6!1s0x88f1c2712ca5a08b:0x7237faaa9b199305!8m2!3d31.6900325!4d-83.2484261!16s%2Fg%2F11xx6t7fk!19sChIJi6ClLHHC8YgRBZMZm6r6N3I?authuser=0&hl=en&rclk=1,auto repair shop,Ben Hill County,county,GA,2026-07-23T15:35:40,0x88f1c2712ca5a08b:0x7237faaa9b199305
Meemaw Auto Solutions,,,,"5217 2nd St N, Folkston, GA 31537, United States",5217 2nd St N,Folkston,GA,31537,,,Tire shop,,,https://www.google.com/maps/place/Meemaw+Auto+Solutions/data=!4m7!3m6!1s0x88e56fc57ec8d11d:0x2a1dffe4a0fa1658!8m2!3d30.8467336!4d-82.008321!16s%2Fg%2F11fjzb62lk!19sChIJHdHIfsVv5YgRWBb6oOT_HSo?authuser=0&hl=en&rclk=1,auto repair shop,Charlton County,county,GA,2026-07-23T17:03:26,0x88e56fc57ec8d11d:0x2a1dffe4a0fa1658
"DJ's Auto Service, Inc.",(404) 363-3360,http://djsautoserviceinc.com/,,"5648 Old Dixie Hwy, Forest Park, GA 30297, United States",5648 Old Dixie Hwy,Forest Park,GA,30297,3.9,113,Auto repair shop,,,"https://www.google.com/maps/place/DJ%27s+Auto+Service,+Inc./data=!4m7!3m6!1s0x88f4fd3ed9891df9:0x48dccf070b99a5fe!8m2!3d33.6008502!4d-84.3787727!16s%2Fg%2F11n3y_d130!19sChIJ-R2J2T799IgR_qWZCwfP3Eg?authuser=0&hl=en&rclk=1",auto repair shop,Clayton County,county,GA,2026-07-23T17:04:15,0x88f4fd3ed9891df9:0x48dccf070b99a5fe
Firestone Complete Auto Care,(404) 789-3196,https://www.firestonecompleteautocare.com/georgia/forest-park/4916-jonesboro-rd/?utm_source=google&utm_medium=organic&utm_campaign=localmaps&cmp=oloc_google_localmaps_maps,,"4916 Jonesboro Rd, Forest Park, GA 30297, United States",4916 Jonesboro Rd,Forest Park,GA,30297,4.2,861,Tire shop,,,https://www.google.com/maps/place/Firestone+Complete+Auto+Care/data=!4m7!3m6!1s0x88f4fe80ffd94ddb:0xb327dfe40034620e!8m2!3d33.6204278!4d-84.3515433!16s%2Fg%2F1tv3pjb5!19sChIJ203Z_4D-9IgRDmI0AOTfJ7M?authuser=0&hl=en&rclk=1,auto repair shop,Clayton County,county,GA,2026-07-15T21:11:17,0x88f4fe80ffd94ddb:0xb327dfe40034620e
Meineke Car Care Center,(404) 692-7473,https://www.meineke.com/locations/ga/forest-park-509/?utm_source=google&utm_medium=organic&utm_campaign=gbp_website,,"4330 Jonesboro Rd, Forest Park, GA 30297, United States",4330 Jonesboro Rd,Forest Park,GA,30297,4.1,687,Auto repair shop,,,https://www.google.com/maps/place/Meineke+Car+Care+Center/data=!4m7!3m6!1s0x88f4fdd9894c0b7b:0xcee3588555893702!8m2!3d33.636371!4d-84.359071!16s%2Fg%2F1td_cjby!19sChIJewtMidn99IgRAjeJVYVY484?authuser=0&hl=en&rclk=1,auto repair shop,Clayton County,county,GA,2026-07-15T21:11:17,0x88f4fdd9894c0b7b:0xcee3588555893702
Firestone Complete Auto Care,(706) 256-8571,https://www.firestonecompleteautocare.com/georgia/fort-benning/9233-marne-rd/?utm_source=google&utm_medium=organic&utm_campaign=localmaps&cmp=oloc_google_localmaps_maps,,"9233 Marne Rd, Fort Benning, GA 31905, United States",9233 Marne Rd,Fort Benning,GA,31905,4.0,298,Tire shop,,,https://www.google.com/maps/place/Firestone+Complete+Auto+Care/data=!4m7!3m6!1s0x888cd33ed965c07d:0xf00723a1ec5efd1c!8m2!3d32.3724839!4d-84.9205838!16s%2Fg%2F1vgqdw1t!19sChIJfcBl2T7TjIgRHP1e7KEjB_A?authuser=0&hl=en&rclk=1,auto repair shop,Marion County,county,GA,2026-07-23T22:03:23,0x888cd33ed965c07d:0xf00723a1ec5efd1c
Ole Glory Garage Incorporated,(229) 768-3768,,,"201 Jefferson St, Fort Gaines, GA 39851, United States",201 Jefferson St,Fort Gaines,GA,39851,,,Auto repair shop,,,https://www.google.com/maps/place/Ole+Glory+Garage+Incorporated/data=!4m7!3m6!1s0x888d5775c737f0ff:0xf94e57a38aef5a01!8m2!3d31.6075847!4d-85.0486454!16s%2Fg%2F11y9r0j64q!19sChIJ__A3x3VXjYgRAVrviqNXTvk?authuser=0&hl=en&rclk=1,auto repair shop,Clay County,county,GA,2026-07-23T17:34:18,0x888d5775c737f0ff:0xf94e57a38aef5a01
Meacham Automotive,,,,"11588 GA-100, Franklin, GA 30217, United States",11588 GA-100,Franklin,GA,30217,5.0,1,Auto repair shop,,,https://www.google.com/maps/place/Meacham+Automotive/data=!4m7!3m6!1s0x888b462fc57023cb:0x65435f82dbd10887!8m2!3d33.2886428!4d-85.1160433!16s%2Fg%2F11ghg3077d!19sChIJyyNwxS9Gi4gRhwjR24JfQ2U?authuser=0&hl=en&rclk=1,auto repair shop,Heard County,county,GA,2026-07-23T20:55:51,0x888b462fc57023cb:0x65435f82dbd10887
NAPA Auto Parts - Heard County Auto Parts,(706) 948-0440,https://www.napaonline.com/en/GA/Franklin/store/801965?cid=pl_jobber_google_dac_801965_ao,,"1145 Franklin Pkwy, Franklin, GA 30217, United States",1145 Franklin Pkwy,Franklin,GA,30217,4.3,38,Auto parts store,,,https://www.google.com/maps/place/NAPA+Auto+Parts+-+Heard+County+Auto+Parts/data=!4m7!3m6!1s0x888b490c714c4fb1:0x490ed1459e8c4b22!8m2!3d33.27095!4d-85.091069!16s%2Fg%2F11j1fhjwbr!19sChIJsU9McQxJi4gRIkuMnkXRDkk?authuser=0&hl=en&rclk=1,auto repair shop,Heard County,county,GA,2026-07-23T20:55:51,0x888b490c714c4fb1:0x490ed1459e8c4b22
"Platinum Bodywerks, Inc",(706) 675-2000,,,"10041 GA-34, Franklin, GA 30217, United States",10041 GA-34,Franklin,GA,30217,4.7,24,Auto body shop,,,"https://www.google.com/maps/place/Platinum+Bodywerks,+Inc/data=!4m7!3m6!1s0x888b4672b8992c2f:0x30c0618d3ee1387c!8m2!3d33.2708159!4d-85.1247068!16s%2Fg%2F1260rk9vd!19sChIJLyyZuHJGi4gRfDjhPo1hwDA?authuser=0&hl=en&rclk=1",auto repair shop,Heard County,county,GA,2026-07-23T20:55:51,0x888b4672b8992c2f:0x30c0618d3ee1387c
Rugged Body Company Inc.,(706) 948-0034,http://ruggedbodycompany.com/,,"2444 US-27, Franklin, GA 30217, United States",2444 US-27,Franklin,GA,30217,4.9,7,Auto body shop,,,https://www.google.com/maps/place/Rugged+Body+Company+Inc./data=!4m7!3m6!1s0x888b4f67930125cf:0xa73c959b76758525!8m2!3d33.2265365!4d-85.0289966!16s%2Fg%2F11f7t2j9h8!19sChIJzyUBk2dPi4gRJYV1dpuVPKc?authuser=0&hl=en&rclk=1,auto repair shop,Heard County,county,GA,2026-07-23T20:55:51,0x888b4f67930125cf:0xa73c959b76758525
"European Import Service Center, Inc.",(770) 503-7400,,,"2944 McEver Rd, Gainesville, GA 30504, United States",2944 McEver Rd,Gainesville,GA,30504,4.8,52,Car repair and maintenance service,,,"https://www.google.com/maps/place/European+Import+Service+Center,+Inc./data=!4m7!3m6!1s0x88f5f47bc76cbdb7:0x8a286e2c2151f3d3!8m2!3d34.2743062!4d-83.8829672!16s%2Fg%2F11by_dq5yz!19sChIJt71sx3v09YgR0_NRISxuKIo?authuser=0&hl=en&rclk=1",auto repair shop,Hall County,county,GA,2026-07-16T01:16:35,0x88f5f47bc76cbdb7:0x8a286e2c2151f3d3
Firestone Complete Auto Care,(470) 228-8930,https://www.firestonecompleteautocare.com/georgia/gainesville/283-dawsonville-highway-sw/?utm_source=google&utm_medium=organic&utm_campaign=localmaps&cmp=oloc_google_localmaps_maps,,"283 Dawsonville Hwy, Gainesville, GA 30501, United States",283 Dawsonville Hwy,Gainesville,GA,30501,4.5,435,Tire shop,,,https://www.google.com/maps/place/Firestone+Complete+Auto+Care/data=!4m7!3m6!1s0x88f5f77f59d47a3b:0xcbd7d3d936aa47f4!8m2!3d34.2962721!4d-83.8454572!16s%2Fg%2F11rk0g657h!19sChIJO3rUWX_39YgR9EeqNtnT18s?authuser=0&hl=en&rclk=1,auto repair shop,Hall County,county,GA,2026-07-16T01:16:35,0x88f5f77f59d47a3b:0xcbd7d3d936aa47f4
Fray's Auto Repair,,,,"317 Highland Terrace, Gainesville, GA 30501, United States",317 Highland Terrace,Gainesville,GA,30501,,,Auto repair shop,,,https://www.google.com/maps/place/Fray%27s+Auto+Repair/data=!4m7!3m6!1s0x88f5f6a6bc90be77:0x9157f127ba42440e!8m2!3d34.2808812!4d-83.842753!16s%2Fg%2F11fll6vc72!19sChIJd76QvKb29YgRDkRCuifxV5E?authuser=0&hl=en&rclk=1,auto repair shop,Hall County,county,GA,2026-07-16T01:16:35,0x88f5f6a6bc90be77:0x9157f127ba42440e
Greene Ford Company Service,,https://dealer16386.dealeron.com/service.aspx,,"2365 Browns Bridge Rd, Gainesville, GA 30504, United States",2365 Browns Bridge Rd,Gainesville,GA,30504,4.4,96,Auto repair shop,,,https://www.google.com/maps/place/Greene+Ford+Company+Service/data=!4m7!3m6!1s0x88f5f50f723dcea5:0x761f6979badc7606!8m2!3d34.2743786!4d-83.859031!16s%2Fg%2F11n09ck21f!19sChIJpc49cg_19YgRBnbcunlpH3Y?authuser=0&hl=en&rclk=1,auto repair shop,Hall County,county,GA,2026-07-16T01:16:35,0x88f5f50f723dcea5:0x761f6979badc7606
IHT AUTO REPAIR,,,,"3368 Truelove Rd, Gainesville, GA 30507, United States",3368 Truelove Rd,Gainesville,GA,30507,5.0,7,Auto repair shop,,,https://www.google.com/maps/place/IHT+AUTO+REPAIR/data=!4m7!3m6!1s0x88f5fa2379f98795:0xd2d3de2c8c69f5a7!8m2!3d34.251594!4d-83.7365826!16s%2Fg%2F11b5wsjmq8!19sChIJlYf5eSP69YgRp_VpjCze09I?authuser=0&hl=en&rclk=1,auto repair shop,Hall County,county,GA,2026-07-16T01:16:35,0x88f5fa2379f98795:0xd2d3de2c8c69f5a7
L. A. Automotive Inc.,(770) 534-4100,https://www.laautoandtransmission.com/,,"2581B W Dennis Dr, Gainesville, GA 30507, United States",2581B W Dennis Dr,Gainesville,GA,30507,4.7,76,Auto repair shop,,,https://www.google.com/maps/place/L.+A.+Automotive+Inc./data=!4m7!3m6!1s0x88f5f767e58f2393:0x9688bb5514191f04!8m2!3d34.2830064!4d-83.7716417!16s%2Fg%2F1tjds5cn!19sChIJkyOP5Wf39YgRBB8ZFFW7iJY?authuser=0&hl=en&rclk=1,auto repair shop,Hall County,county,GA,2026-07-23T20:27:32,0x88f5f767e58f2393:0x9688bb5514191f04
Meineke Car Care Center,(470) 208-2093,https://www.meineke.com/locations/ga/gainesville-2790/?utm_source=google&utm_medium=organic&utm_campaign=gbp_website,,"2438 Limestone Pkwy, Gainesville, GA 30501, United States",2438 Limestone Pkwy,Gainesville,GA,30501,4.6,842,Auto repair shop,,,https://www.google.com/maps/place/Meineke+Car+Care+Center/data=!4m7!3m6!1s0x88f5f64ac932941d:0xa1e4d93b808a43a6!8m2!3d34.328165!4d-83.805354!16s%2Fg%2F1tcwxkw6!19sChIJHZQyyUr29YgRpkOKgDvZ5KE?authuser=0&hl=en&rclk=1,auto repair shop,Hall County,county,GA,2026-07-23T20:27:32,0x88f5f64ac932941d:0xa1e4d93b808a43a6
Pablo’s General Mechanic Auto Service Inc,(678) 943-1024,,,"118 Atlanta Hwy suite B, Gainesville, GA 30501, United States",118 Atlanta Hwy suite B,Gainesville,GA,30501,4.9,47,Auto repair shop,,,https://www.google.com/maps/place/Pablo%E2%80%99s+General+Mechanic+Auto+Service+Inc/data=!4m7!3m6!1s0x88f5f7f3c8b7f635:0x9ee7f54a0f1f6c18!8m2!3d34.2866115!4d-83.8386822!16s%2Fg%2F11s18nv0zh!19sChIJNfa3yPP39YgRGGwfD0r1554?authuser=0&hl=en&rclk=1,auto repair shop,Hall County,county,GA,2026-07-23T20:27:32,0x88f5f7f3c8b7f635:0x9ee7f54a0f1f6c18
SOS Radial Tire Service Inc.,(912) 964-5511,https://www.sostire.com/,,"115 Kicklighter Wy, Garden City, GA 31408, United States",115 Kicklighter Wy,Garden City,GA,31408,4.6,430,Tire shop,,,https://www.google.com/maps/place/SOS+Radial+Tire+Service+Inc./data=!4m7!3m6!1s0x88fb9f75b9befc73:0xf66928fa0c600ae1!8m2!3d32.0934667!4d-81.1462305!16s%2Fg%2F1hc1lf92t!19sChIJc_y-uXWf-4gR4QpgDPooafY?authuser=0&hl=en&rclk=1,auto repair shop,Bryan County,county,GA,2026-07-15T19:17:02,0x88fb9f75b9befc73:0xf66928fa0c600ae1
garrett thrills auto,,,,"Caldwell St, Gay, GA 30218, United States",Caldwell St,Gay,GA,30218,,,Auto repair shop,,,https://www.google.com/maps/place/garrett+thrills+auto/data=!4m7!3m6!1s0x88f49900499091b9:0x9dadb21015cab2e9!8m2!3d33.0941683!4d-84.5730983!16s%2Fg%2F11ynw155m5!19sChIJuZGQSQCZ9IgR6bLKFRCyrZ0?authuser=0&hl=en&rclk=1,auto repair shop,Meriwether County,county,GA,2026-07-23T22:49:01,0x88f49900499091b9:0x9dadb21015cab2e9
J.A.K.E. Auto Inc.,(229) 591-1276,,,"328 Ralph Sr. Road, Georgetown, GA 39854, United States",328 Ralph Sr. Road,Georgetown,GA,39854,5.0,1,Car repair and maintenance service,,,https://www.google.com/maps/place/J.A.K.E.+Auto+Inc./data=!4m7!3m6!1s0x888d490fa81aa825:0x6c9669d64e0daa5e!8m2!3d31.8194029!4d-85.0711364!16s%2Fg%2F11pyc3009w!19sChIJJagaqA9JjYgRXqoNTtZplmw?authuser=0&hl=en&rclk=1,auto repair shop,Quitman County,county,GA,2026-07-24T00:04:06,0x888d490fa81aa825:0x6c9669d64e0daa5e
Gary's auto service,,,,"2367 Old Mitchell Rd, Gibson, GA 30810, United States",2367 Old Mitchell Rd,Gibson,GA,30810,5.0,1,Auto repair shop,,,https://www.google.com/maps/place/Gary%27s+auto+service/data=!4m7!3m6!1s0x88f7155887df9e6d:0x9e67f80c5ced8047!8m2!3d33.2429438!4d-82.6284019!16s%2Fg%2F11rdkk2b7v!19sChIJbZ7fh1gV94gRR4DtXAz4Z54?authuser=0&hl=en&rclk=1,auto repair shop,Glascock County,county,GA,2026-07-23T19:59:30,0x88f7155887df9e6d:0x9e67f80c5ced8047
"Baxter's Paint & Body Shop, Inc.",(912) 654-4655,http://www.baxtersbodyshop.com/,,"1215 S Main St, Glennville, GA 30427, United States",1215 S Main St,Glennville,GA,30427,4.3,23,Auto body shop,,,"https://www.google.com/maps/place/Baxter%27s+Paint+%26+Body+Shop,+Inc./data=!4m7!3m6!1s0x88fa9209d36f0091:0x33eeff9a18a9567b!8m2!3d31.9183789!4d-81.93943!16s%2Fg%2F1xpwkmx8!19sChIJkQBv0wmS-ogRe1apGJr_7jM?authuser=0&hl=en&rclk=1",auto repair shop,Tattnall County,county,GA,2026-07-16T06:57:02,0x88fa9209d36f0091:0x33eeff9a18a9567b
Woodland Oil Inc,(912) 654-2660,,,"718 S Main St, Glennville, GA 30427, United States",718 S Main St,Glennville,GA,30427,5.0,1,Auto repair shop,,,https://www.google.com/maps/place/Woodland+Oil+Inc/data=!4m7!3m6!1s0x88fa8e760501ff19:0xc7c09ff9c0d433fa!8m2!3d31.9283074!4d-81.9330646!16s%2Fg%2F1tj92dhf!19sChIJGf8BBXaO-ogR-jPUwPmfwMc?authuser=0&hl=en&rclk=1,auto repair shop,Tattnall County,county,GA,2026-07-24T00:55:19,0x88fa8e760501ff19:0xc7c09ff9c0d433fa
Finish line auto sales,,,,"140 Macon Rd, Gordon, GA 31031, United States",140 Macon Rd,Gordon,GA,31031,,,Auto repair shop,,,https://www.google.com/maps/place/Finish+line+auto+sales/data=!4m7!3m6!1s0x88f14b0030b8daaf:0x18ef8a1ad006d65a!8m2!3d32.8801756!4d-83.3339076!16s%2Fg%2F11mlb4hwy5!19sChIJr9q4MABL8YgRWtYG0BqK7xg?authuser=0&hl=en&rclk=1,auto repair shop,Wilkinson County,county,GA,2026-07-16T09:19:46,0x88f14b0030b8daaf:0x18ef8a1ad006d65a
Hamil's Automotive Inc,(478) 461-4590,,,"1630 Fred Hall Rd, Gordon, GA 31031, United States",1630 Fred Hall Rd,Gordon,GA,31031,4.7,11,Auto repair shop,,,https://www.google.com/maps/place/Hamil%27s+Automotive+Inc/data=!4m7!3m6!1s0x88f6b4ddf2320f65:0x6a439470a567aecf!8m2!3d32.9364873!4d-83.3107615!16s%2Fg%2F1thsgsck!19sChIJZQ8y8t209ogRz65npXCUQ2o?authuser=0&hl=en&rclk=1,auto repair shop,Jones County,county,GA,2026-07-23T21:44:40,0x88f6b4ddf2320f65:0x6a439470a567aecf
Rescar Industries Inc,(478) 628-3709,https://www.rescar.com/,,"109 Ballpark Rd, Gordon, GA 31031, United States",109 Ballpark Rd,Gordon,GA,31031,5.0,1,Railroad company,,,https://www.google.com/maps/place/Rescar+Industries+Inc/data=!4m7!3m6!1s0x88f14cbd1337f35f:0x8ff3d1687621c27f!8m2!3d32.8818749!4d-83.3471614!16s%2Fg%2F1tgz69hs!19sChIJX_M3E71M8YgRf8IhdmjR848?authuser=0&hl=en&rclk=1,auto repair shop,Wilkinson County,county,GA,2026-07-16T09:19:46,0x88f14cbd1337f35f:0x8ff3d1687621c27f
Smallwoods Auto Service,,,,"616 Kaolin Rd, Gordon, GA 31031, United States",616 Kaolin Rd,Gordon,GA,31031,3.0,2,Auto repair shop,,,https://www.google.com/maps/place/Smallwoods+Auto+Service/data=!4m7!3m6!1s0x88f14c6659933ec7:0x4a8f18c792b78fc9!8m2!3d32.847989!4d-83.3524526!16s%2Fg%2F11h7v7rx3s!19sChIJxz6TWWZM8YgRyY-3kscYj0o?authuser=0&hl=en&rclk=1,auto repair shop,Wilkinson County,county,GA,2026-07-24T02:40:48,0x88f14c6659933ec7:0x4a8f18c792b78fc9
"Watkins Auto Service, Inc.",(478) 628-5431,,,"1500 Pine St, Gordon, GA 31031, United States",1500 Pine St,Gordon,GA,31031,4.4,12,Auto repair shop,,,"https://www.google.com/maps/place/Watkins+Auto+Service,+Inc./data=!4m7!3m6!1s0x88f14b415baeb77f:0x1384607d1d3b3920!8m2!3d32.8846222!4d-83.3016804!16s%2Fg%2F1tfpqj8f!19sChIJf7euW0FL8YgRIDk7HX1ghBM?authuser=0&hl=en&rclk=1",auto repair shop,Baldwin County,county,GA,2026-07-23T14:51:42,0x88f14b415baeb77f:0x1384607d1d3b3920
Gray Quick Lube Inc,(478) 986-4122,,,"137 Bill Conn Pkwy, Gray, GA 31032, United States",137 Bill Conn Pkwy,Gray,GA,31032,4.8,94,Oil change service,,,https://www.google.com/maps/place/Gray+Quick+Lube+Inc/data=!4m7!3m6!1s0x88f6aa10891c0d6f:0x9c4013165bb19a33!8m2!3d33.0022843!4d-83.5448027!16s%2Fg%2F1tdzgvkl!19sChIJbw0ciRCq9ogRM5qxWxYTQJw?authuser=0&hl=en&rclk=1,auto repair shop,Jones County,county,GA,2026-07-23T21:44:40,0x88f6aa10891c0d6f:0x9c4013165bb19a33
NAPA Auto Parts - Ashley Auto Parts,(706) 453-7313,https://www.napaonline.com/en/GA/Greensboro/store/22668?cid=pl_jobber_google_dac_22668_ao,,"406 S Walnut St, Greensboro, GA 30642, United States",406 S Walnut St,Greensboro,GA,30642,4.8,39,Auto parts store,,,https://www.google.com/maps/place/NAPA+Auto+Parts+-+Ashley+Auto+Parts/data=!4m7!3m6!1s0x88f6f5cedb8fd661:0xeebf13ce60ca00bd!8m2!3d33.571148!4d-83.179512!16s%2Fg%2F1tgf8mx0!19sChIJYdaP28719ogRvQDKYM4Tv-4?authuser=0&hl=en&rclk=1,auto repair shop,Greene County,county,GA,2026-07-23T20:04:09,0x88f6f5cedb8fd661:0xeebf13ce60ca00bd
Rabco Products Corporation LLC,(706) 453-1411,https://www.rabcousa.com/,,"104 Stewart Pkwy, Greensboro, GA 30642, United States",104 Stewart Pkwy,Greensboro,GA,30642,5.0,1,Auto repair shop,,,https://www.google.com/maps/place/Rabco+Products+Corporation+LLC/data=!4m7!3m6!1s0x88f6f44af57d42a5:0x975e7264fe0b0f33!8m2!3d33.561726!4d-83.187806!16s%2Fg%2F1tjmfhnr!19sChIJpUJ99Ur09ogRMw8L_mRyXpc?authuser=0&hl=en&rclk=1,auto repair shop,Greene County,county,GA,2026-07-16T00:51:43,0x88f6f44af57d42a5:0x975e7264fe0b0f33
Brady’s automotive,,https://m.facebook.com/bradysautomotivecarcare/,,"2625 N Expy, Griffin, GA 30223, United States",2625 N Expy,Griffin,GA,30223,4.7,7,Auto repair shop,,,https://www.google.com/maps/place/Brady%E2%80%99s+automotive/data=!4m7!3m6!1s0x88f48bea88a26d3d:0x14b5a21a1fb5a6fb!8m2!3d33.3054924!4d-84.2918548!16s%2Fg%2F11rts2g89m!19sChIJPW2iiOqL9IgR-6a1HxqitRQ?authuser=0&hl=en&rclk=1,auto repair shop,Lamar County,county,GA,2026-07-23T21:50:11,0x88f48bea88a26d3d:0x14b5a21a1fb5a6fb
"H & A Tire and Automotive, Inc",(770) 228-2103,http://hatireauto.com/,,"1140 W Taylor St, Griffin, GA 30223, United States",1140 W Taylor St,Griffin,GA,30223,4.8,131,Tire shop,,,"https://www.google.com/maps/place/H+%26+A+Tire+and+Automotive,+Inc/data=!4m7!3m6!1s0x88f48a6e2781d483:0xad2c554e5443c9a6!8m2!3d33.2471642!4d-84.2813486!16s%2Fg%2F1tfbp4yz!19sChIJg9SBJ26K9IgRpslDVE5VLK0?authuser=0&hl=en&rclk=1",auto repair shop,Spalding County,county,GA,2026-07-24T00:30:53,0x88f48a6e2781d483:0xad2c554e5443c9a6
Hill’s Tire and Auto Service Repair - The Goodyear Store,(770) 228-1347,"https://www.goodyear.com/en-US/tires/tire-shop/all?addr=415+W+Taylor+St,+Griffin,+GA+30223,+USA&zip=30223&lat=33.2476795&lng=-84.2694831",,"415 W Taylor St, Griffin, GA 30223, United States",415 W Taylor St,Griffin,GA,30223,4.7,408,Tire shop,,,https://www.google.com/maps/place/Hill%E2%80%99s+Tire+and+Auto+Service+Repair+-+The+Goodyear+Store/data=!4m7!3m6!1s0x88f461d88e90ac3d:0x91e1270c0dc3a1a3!8m2!3d33.2476731!4d-84.2694682!16s%2Fg%2F1v3dszd_!19sChIJPayQjthh9IgRo6HDDQwn4ZE?authuser=0&hl=en&rclk=1,auto repair shop,Spalding County,county,GA,2026-07-24T00:30:53,0x88f461d88e90ac3d:0x91e1270c0dc3a1a3
Hometown Auto Center Inc,(770) 227-0540,,,"1214 W Taylor St, Griffin, GA 30223, United States",1214 W Taylor St,Griffin,GA,30223,4.1,13,Tire shop,,,https://www.google.com/maps/place/Hometown+Auto+Center+Inc/data=!4m7!3m6!1s0x88f48a6e5b748b03:0xdac7faa0a7adbc8b!8m2!3d33.2471438!4d-84.2826134!16s%2Fg%2F1tgpnw54!19sChIJA4t0W26K9IgRi7ytp6D6x9o?authuser=0&hl=en&rclk=1,auto repair shop,Spalding County,county,GA,2026-07-24T00:30:53,0x88f48a6e5b748b03:0xdac7faa0a7adbc8b
Interceptor Auto Repair,,,,"S 8th St, Griffin, GA 30224, United States",S 8th St,Griffin,GA,30224,4.0,4,Auto repair shop,,,https://www.google.com/maps/place/Interceptor+Auto+Repair/data=!4m7!3m6!1s0x88f461d9646e5a09:0x8eb4dce0779d1c01!8m2!3d33.2465907!4d-84.2651313!16s%2Fg%2F11fj863f_0!19sChIJCVpuZNlh9IgRARydd-DctI4?authuser=0&hl=en&rclk=1,auto repair shop,Spalding County,county,GA,2026-07-24T00:30:53,0x88f461d9646e5a09:0x8eb4dce0779d1c01
Mopar,,,,"2515 N Expy, Griffin, GA 30223, United States",2515 N Expy,Griffin,GA,30223,5.0,9,Auto repair shop,,,https://www.google.com/maps/place/Mopar/data=!4m7!3m6!1s0x88f48ac98c89705b:0x45c193905106ddf8!8m2!3d33.3013641!4d-84.2921039!16s%2Fg%2F11ddwt_zgz!19sChIJW3CJjMmK9IgR-N0GUZCTwUU?authuser=0&hl=en&rclk=1,auto repair shop,Spalding County,county,GA,2026-07-24T00:30:53,0x88f48ac98c89705b:0x45c193905106ddf8
Pep Boys Auto Service & Tires,(770) 233-8704,https://www.pepboys.com/stores/ga/griffin/1300-n-expressway?Cid=gbp_appt_AN:PB|PB:G|TT:GBP|CG:CONVERSION|CD:SERVICE,,"1300 N Expy, Griffin, GA 30223, United States",1300 N Expy,Griffin,GA,30223,4.2,518,Tire shop,,,https://www.google.com/maps/place/Pep+Boys+Auto+Service+%26+Tires/data=!4m7!3m6!1s0x88f48a8cc667a7a1:0x2386a951f18d0964!8m2!3d33.269284!4d-84.28962!16s%2Fg%2F1pp2vcc9y!19sChIJoadnxoyK9IgRZAmN8VGphiM?authuser=0&hl=en&rclk=1,auto repair shop,Spalding County,county,GA,2026-07-24T00:30:53,0x88f48a8cc667a7a1:0x2386a951f18d0964
Valvoline Instant Oil Change,(678) 967-8012,https://store.vioc.com/ga/griffin/1512-w-mcintosh-rd?utm_source=google&utm_medium=local&utm_campaign=localsearch,,"1512 W McIntosh Rd, Griffin, GA 30223, United States",1512 W McIntosh Rd,Griffin,GA,30223,4.8,241,Oil change service,,,https://www.google.com/maps/place/Valvoline+Instant+Oil+Change/data=!4m7!3m6!1s0x88f48be7598e3e81:0xec66bca42bb94762!8m2!3d33.2739254!4d-84.2937918!16s%2Fg%2F11z0vc1n56!19sChIJgT6OWeeL9IgRYke5K6S8Zuw?authuser=0&hl=en&rclk=1,auto repair shop,Spalding County,county,GA,2026-07-24T00:30:53,0x88f48be7598e3e81:0xec66bca42bb94762
Baker's Auto,,,,"2925 Sand Hill Rd, Guyton, GA 31312, United States",2925 Sand Hill Rd,Guyton,GA,31312,,,Car repair and maintenance service,,,https://www.google.com/maps/place/Baker%27s+Auto/data=!4m7!3m6!1s0x88fbaf938bcf6957:0x7741b133fff2e43d!8m2!3d32.198816!4d-81.390812!16s%2Fg%2F11t8nzm30h!19sChIJV2nPi5Ov-4gRPeTy_zOxQXc?authuser=0&hl=en&rclk=1,auto repair shop,Effingham County,county,GA,2026-07-15T23:13:32,0x88fbaf938bcf6957:0x7741b133fff2e43d
Kustom Creations Auto Garage,,,,"2250 Midland Rd, Guyton, GA 31312, United States",2250 Midland Rd,Guyton,GA,31312,,,Auto repair shop,,,https://www.google.com/maps/place/Kustom+Creations+Auto+Garage/data=!4m7!3m6!1s0x88fbb1158209aed1:0x66f36ef894ffa1c2!8m2!3d32.243599!4d-81.3427813!16s%2Fg%2F11ys6vcj75!19sChIJ0a4JghWx-4gRwqH_lPhu82Y?authuser=0&hl=en&rclk=1,auto repair shop,Effingham County,county,GA,2026-07-15T23:13:32,0x88fbb1158209aed1:0x66f36ef894ffa1c2
Renuit Auto Inc,(912) 429-5235,,,"117 Needle Point Dr, Guyton, GA 31312, United States",117 Needle Point Dr,Guyton,GA,31312,5.0,2,Auto dent removal service,,,https://www.google.com/maps/place/Renuit+Auto+Inc/data=!4m7!3m6!1s0x88fbba6bae9c4f03:0xfce6b15410fd766e!8m2!3d32.303054!4d-81.321044!16s%2Fg%2F1tr18f40!19sChIJA0-crmu6-4gRbnb9EFSx5vw?authuser=0&hl=en&rclk=1,auto repair shop,Effingham County,county,GA,2026-07-15T23:13:32,0x88fbba6bae9c4f03:0xfce6b15410fd766e
TRACYS CAR SHOP,,,,"70 Emerald Ln, Hahira, GA 31632, United States",70 Emerald Ln,Hahira,GA,31632,,,Auto repair shop,,,https://www.google.com/maps/place/TRACYS+CAR+SHOP/data=!4m7!3m6!1s0x88ee6d00028f354f:0x71a6cac4bae89995!8m2!3d31.0312571!4d-83.3681887!16s%2Fg%2F11ml4_1288!19sChIJTzWPAgBt7ogRlZnousTKpnE?authuser=0&hl=en&rclk=1,auto repair shop,Cook County,county,GA,2026-07-15T21:39:39,0x88ee6d00028f354f:0x71a6cac4bae89995
Auto Doctors Inc,(843) 837-2200,https://www.facebook.com/Auto-Doctors-Inc-192328677458147/,,"172 Mead Rd, Hardeeville, SC 29927, United States",172 Mead Rd,Hardeeville,SC,29927,4.7,94,Auto repair shop,,,https://www.google.com/maps/place/Auto+Doctors+Inc/data=!4m7!3m6!1s0x88fb88f1aaaaaaab:0x5dbf62c3efc3a008!8m2!3d32.310801!4d-80.9669384!16s%2Fg%2F1tfrhmh8!19sChIJq6qqqvGI-4gRCKDD78Niv10?authuser=0&hl=en&rclk=1,auto repair shop,Effingham County,county,GA,2026-07-15T23:13:32,0x88fb88f1aaaaaaab:0x5dbf62c3efc3a008
"R&K Repair Services, Inc",(843) 784-3040,,,"705 Hummingbird Ln, Hardeeville, SC 29927, United States",705 Hummingbird Ln,Hardeeville,SC,29927,4.7,95,Auto repair shop,,,"https://www.google.com/maps/place/R%26K+Repair+Services,+Inc/data=!4m7!3m6!1s0x88fb96d432ebfd75:0x6887fc72b99fbcd7!8m2!3d32.2754587!4d-81.0824009!16s%2Fg%2F1t_tl4f2!19sChIJdf3rMtSW-4gR17yfuXL8h2g?authuser=0&hl=en&rclk=1",auto repair shop,Effingham County,county,GA,2026-07-15T23:13:32,0x88fb96d432ebfd75:0x6887fc72b99fbcd7
"Star Garage, Inc.",(843) 784-7131,http://star-garage.com/,,"494 Hardeeville Industrial Park Rd, Hardeeville, SC 29927, United States",494 Hardeeville Industrial Park Rd,Hardeeville,SC,29927,4.0,60,Towing service,,,"https://www.google.com/maps/place/Star+Garage,+Inc./data=!4m7!3m6!1s0x88fb96b3187e9e29:0x8fc5be273fee2af9!8m2!3d32.2983265!4d-81.0772478!16s%2Fg%2F1tfm7hts!19sChIJKZ5-GLOW-4gR-SruPye-xY8?authuser=0&hl=en&rclk=1",auto repair shop,Effingham County,county,GA,2026-07-15T23:13:32,0x88fb96b3187e9e29:0x8fc5be273fee2af9
Modern Tire and All Terrain Inc.,(706) 376-8888,https://www.moderntireandallterrain.com/,,"293 W Howell St, Hartwell, GA 30643, United States",293 W Howell St,Hartwell,GA,30643,4.6,162,Tire shop,,,https://www.google.com/maps/place/Modern+Tire+and+All+Terrain+Inc./data=!4m7!3m6!1s0x885880fbc7bfbb31:0x94e12bb9e2a9f576!8m2!3d34.3562213!4d-82.9429071!16s%2Fg%2F1261n39sk!19sChIJMbu_x_uAWIgRdvWp4rkr4ZQ?authuser=0&hl=en&rclk=1,auto repair shop,Hart County,county,GA,2026-07-23T20:52:31,0x885880fbc7bfbb31:0x94e12bb9e2a9f576
NAPA Auto Parts - Hartwell,(706) 377-6272,https://www.napaonline.com/en/GA/Hartwell/store/20098?cid=pl_jobber_google_dac_20098_ao,,"15 Randall St, Hartwell, GA 30643, United States",15 Randall St,Hartwell,GA,30643,4.6,68,Auto parts store,,,https://www.google.com/maps/place/NAPA+Auto+Parts+-+Hartwell/data=!4m7!3m6!1s0x88588085e3afdca7:0xc5ab0522b762103e!8m2!3d34.3538262!4d-82.917029!16s%2Fg%2F11f35ryykf!19sChIJp9yv44WAWIgRPhBityIFq8U?authuser=0&hl=en&rclk=1,auto repair shop,Hart County,county,GA,2026-07-23T20:52:31,0x88588085e3afdca7:0xc5ab0522b762103e
Take 5 Oil Change,(706) 740-4137,https://www.take5.com/locations/oil-change/georgia/hartwell/32033/?utm_source=google&utm_medium=organic&utm_campaign=gbp_website,,"369 Frontage Rd, Hartwell, GA 30643, United States",369 Frontage Rd,Hartwell,GA,30643,4.8,238,Oil change service,,,https://www.google.com/maps/place/Take+5+Oil+Change/data=!4m7!3m6!1s0x88587fd74124b645:0x45765277f6446ef!8m2!3d34.3488492!4d-82.9003488!16s%2Fg%2F11xwbcv093!19sChIJRbYkQdd_WIgR70ZkfydlVwQ?authuser=0&hl=en&rclk=1,auto repair shop,Hart County,county,GA,2026-07-23T20:52:31,0x88587fd74124b645:0x45765277f6446ef
Walmart Auto Care Center,(706) 377-5027,https://www.walmart.com/store/1111-hartwell-ga/auto-care-center/?veh=seo_loc,,"1572 Anderson Hwy, Hartwell, GA 30643, United States",1572 Anderson Hwy,Hartwell,GA,30643,3.8,33,Oil change service,,,https://www.google.com/maps/place/Walmart+Auto+Care+Center/data=!4m7!3m6!1s0x88588084419c1e8b:0xd03f94db9a23e5e7!8m2!3d34.349159!4d-82.9042479!16s%2Fg%2F11xv93p3m!19sChIJix6cQYSAWIgR5-UjmtuUP9A?authuser=0&hl=en&rclk=1,auto repair shop,Hart County,county,GA,2026-07-23T20:52:31,0x88588084419c1e8b:0xd03f94db9a23e5e7
"Sharp Tire & Auto, Inc.",(478) 783-1910,,,"140 Jackson St S, Hawkinsville, GA 31036, United States",140 Jackson St S,Hawkinsville,GA,31036,4.3,71,Tire shop,,,"https://www.google.com/maps/place/Sharp+Tire+%26+Auto,+Inc./data=!4m7!3m6!1s0x88f17bd4f0a6997b:0x151780454f866391!8m2!3d32.2738714!4d-83.4670867!16s%2Fg%2F1tdskm7l!19sChIJe5mm8NR78YgRkWOGT0WAFxU?authuser=0&hl=en&rclk=1",auto repair shop,Pulaski County,county,GA,2026-07-24T00:00:00,0x88f17bd4f0a6997b:0x151780454f866391
Turk Automotive INC,(478) 892-1234,https://www.turk-automotive.com/,,"2 Mashburn St, Hawkinsville, GA 31036, United States",2 Mashburn St,Hawkinsville,GA,31036,4.5,78,Auto repair shop,,,https://www.google.com/maps/place/Turk+Automotive+INC/data=!4m7!3m6!1s0x88f17bd8d85e6c71:0xc6a1c742f02c50dd!8m2!3d32.281028!4d-83.480008!16s%2Fg%2F1tgcsqgz!19sChIJcWxe2Nh78YgR3VAs8ELHocY?authuser=0&hl=en&rclk=1,auto repair shop,Bleckley County,county,GA,2026-07-23T15:43:57,0x88f17bd8d85e6c71:0xc6a1c742f02c50dd
Harrison Auto Repair,,,,"4032 NC-175, Hayesville, NC 28904, United States",4032 NC-175,Hayesville,NC,28904,4.6,11,Auto repair shop,,,https://www.google.com/maps/place/Harrison+Auto+Repair/data=!4m7!3m6!1s0x885f29d32ffe19ab:0xac8a4046cf851fd5!8m2!3d34.9890649!4d-83.754937!16s%2Fg%2F11h5px3ljw!19sChIJqxn-L9MpX4gR1R-Fz0ZAiqw?authuser=0&hl=en&rclk=1,auto repair shop,Towns County,county,GA,2026-07-16T07:38:23,0x885f29d32ffe19ab:0xac8a4046cf851fd5
Bumper To Bumper Auto Parts,,https://www.bumpertobumper.com/,,"7 N Tallahassee St, Hazlehurst, GA 31539, United States",7 N Tallahassee St,Hazlehurst,GA,31539,,,Auto parts store,,,https://www.google.com/maps/place/Bumper+To+Bumper+Auto+Parts/data=!4m7!3m6!1s0x88f041877251416b:0xbe7b75950102200e!8m2!3d31.8670945!4d-82.5976723!16s%2Fg%2F11s8wqm5q9!19sChIJa0FRcodB8IgRDiACAZV1e74?authuser=0&hl=en&rclk=1,auto repair shop,Jeff Davis County,county,GA,2026-07-16T02:20:23,0x88f041877251416b:0xbe7b75950102200e
Delapaz Tire,,,,"9345 Golden Isles W, Hazlehurst, GA 31539, United States",9345 Golden Isles W,Hazlehurst,GA,31539,5.0,2,Tire repair shop,,,https://www.google.com/maps/place/Delapaz+Tire/data=!4m7!3m6!1s0x88f06b007b58d2dd:0x2cd6becdf6b71bb8!8m2!3d31.8287669!4d-82.4958041!16s%2Fg%2F11xnp27r8y!19sChIJ3dJYewBr8IgRuBu39s2-1iw?authuser=0&hl=en&rclk=1,auto repair shop,Jeff Davis County,county,GA,2026-07-23T21:27:44,0x88f06b007b58d2dd:0x2cd6becdf6b71bb8
Dirtmovers Inc,(912) 375-9185,,,"348 Claxton Rd, Hazlehurst, GA 31539, United States",348 Claxton Rd,Hazlehurst,GA,31539,4.2,14,Trucking company,,,https://www.google.com/maps/place/Dirtmovers+Inc/data=!4m7!3m6!1s0x88f043b8438db2dd:0x8bbb6ea893712e65!8m2!3d31.8938824!4d-82.6161678!16s%2Fg%2F1tcx2b_3!19sChIJ3bKNQ7hD8IgRZS5xk6huu4s?authuser=0&hl=en&rclk=1,auto repair shop,Jeff Davis County,county,GA,2026-07-16T02:20:23,0x88f043b8438db2dd:0x8bbb6ea893712e65
Georgia Department of Driver Services,,https://dds.georgia.gov/locations/hazlehurst,,"344 Lumber City Hwy, Hazlehurst, GA 31539, United States",344 Lumber City Hwy,Hazlehurst,GA,31539,5.0,15,Driver's license office,,,https://www.google.com/maps/place/Georgia+Department+of+Driver+Services/data=!4m7!3m6!1s0x88f043006ed0384b:0xd71687592b906b88!8m2!3d31.8930604!4d-82.6091925!16s%2Fg%2F11y0sj1k53!19sChIJSzjQbgBD8IgRiGuQK1mHFtc?authuser=0&hl=en&rclk=1,auto repair shop,Jeff Davis County,county,GA,2026-07-16T02:20:23,0x88f043006ed0384b:0xd71687592b906b88
J P's Tire Services Inc,(912) 375-3267,,,"61 W Coffee St, Hazlehurst, GA 31539, United States",61 W Coffee St,Hazlehurst,GA,31539,4.6,16,Tire shop,,,https://www.google.com/maps/place/J+P%27s+Tire+Services+Inc/data=!4m7!3m6!1s0x88f0422f1ce25813:0x5c2d9438e686ebe5!8m2!3d31.8759537!4d-82.5968415!16s%2Fg%2F11c37kj7fh!19sChIJE1jiHC9C8IgR5euG5jiULVw?authuser=0&hl=en&rclk=1,auto repair shop,Jeff Davis County,county,GA,2026-07-23T21:27:44,0x88f0422f1ce25813:0x5c2d9438e686ebe5
Mc Carty's Auto Parts Inc,(912) 375-2675,http://www.mccartyauto.com/,,"1118 Altamaha Rd, Hazlehurst, GA 31539, United States",1118 Altamaha Rd,Hazlehurst,GA,31539,4.6,367,Auto parts store,,,https://www.google.com/maps/place/Mc+Carty%27s+Auto+Parts+Inc/data=!4m7!3m6!1s0x88f0690d77f95a51:0xc4a9b85b0c981f22!8m2!3d31.8880936!4d-82.5084346!16s%2Fg%2F1tcxf0ph!19sChIJUVr5dw1p8IgRIh-YDFu4qcQ?authuser=0&hl=en&rclk=1,auto repair shop,Jeff Davis County,county,GA,2026-07-23T21:27:44,0x88f0690d77f95a51:0xc4a9b85b0c981f22
NAPA Auto Parts - Hazlehurst Automotive Parts,(912) 375-2515,https://www.napaonline.com/en/GA/Hazlehurst/store/30455?cid=pl_jobber_google_dac_30455_ao,,"10 SE Railroad St, Hazlehurst, GA 31539, United States",10 SE Railroad St,Hazlehurst,GA,31539,4.6,68,Auto parts store,,,https://www.google.com/maps/place/NAPA+Auto+Parts+-+Hazlehurst+Automotive+Parts/data=!4m7!3m6!1s0x88f041871a97ddbd:0x16651291136275a8!8m2!3d31.865919!4d-82.597812!16s%2Fg%2F1tj46r82!19sChIJvd2XGodB8IgRqHViE5ESZRY?authuser=0&hl=en&rclk=1,auto repair shop,Jeff Davis County,county,GA,2026-07-23T21:27:44,0x88f041871a97ddbd:0x16651291136275a8
O'Reilly Auto Parts,(912) 375-0638,https://locations.oreillyauto.com/en-us/ga/hazlehurst/autoparts-1459.html,,"128 E Jarman St, Hazlehurst, GA 31539, United States",128 E Jarman St,Hazlehurst,GA,31539,4.5,155,Auto parts store,,,https://www.google.com/maps/place/O%27Reilly+Auto+Parts/data=!4m7!3m6!1s0x88f04227f40d861f:0x787d03862265a490!8m2!3d31.8640611!4d-82.5871695!16s%2Fg%2F1v76_hkn!19sChIJH4YN9CdC8IgRkKRlIoYDfXg?authuser=0&hl=en&rclk=1,auto repair shop,Jeff Davis County,county,GA,2026-07-16T02:20:23,0x88f04227f40d861f:0x787d03862265a490
O'Reilly's in baxley,,,,"192 Hallspur Rd, Hazlehurst, GA 31539, United States",192 Hallspur Rd,Hazlehurst,GA,31539,,,Auto repair shop,,,https://www.google.com/maps/place/O%27Reilly%27s+in+baxley/data=!4m7!3m6!1s0x88f043000ebb4c33:0xc896be70251b6106!8m2!3d31.9079206!4d-82.5777044!16s%2Fg%2F11z5gv4484!19sChIJM0y7DgBD8IgRBmEbJXC-lsg?authuser=0&hl=en&rclk=1,auto repair shop,Jeff Davis County,county,GA,2026-07-23T21:27:44,0x88f043000ebb4c33:0xc896be70251b6106
Ocmulgee Outdoors Inc,(912) 375-3038,http://www.ocmulgeeoutdoorsinc.com/,,"560 Lumber City Hwy, Hazlehurst, GA 31539, United States",560 Lumber City Hwy,Hazlehurst,GA,31539,4.3,67,ATV dealer,,,https://www.google.com/maps/place/Ocmulgee+Outdoors+Inc/data=!4m7!3m6!1s0x88f043bdf3787347:0x6f58c204951e6e11!8m2!3d31.8998233!4d-82.6260964!16s%2Fg%2F1wj_v2x7!19sChIJR3N4871D8IgREW4elQTCWG8?authuser=0&hl=en&rclk=1,auto repair shop,Jeff Davis County,county,GA,2026-07-16T02:20:23,0x88f043bdf3787347:0x6f58c204951e6e11
"Signature Motors, Inc.",(912) 375-4580,,,"21 Shady Cir, Hazlehurst, GA 31539, United States",21 Shady Cir,Hazlehurst,GA,31539,5.0,2,Motor vehicle dealer,,,"https://www.google.com/maps/place/Signature+Motors,+Inc./data=!4m7!3m6!1s0x88f042219fec0001:0x2b81e133b92c34bc!8m2!3d31.8719825!4d-82.5861346!16s%2Fg%2F11j03bw56l!19sChIJAQDsnyFC8IgRvDQsuTPhgSs?authuser=0&hl=en&rclk=1",auto repair shop,Jeff Davis County,county,GA,2026-07-16T02:20:23,0x88f042219fec0001:0x2b81e133b92c34bc
Andersons Mobile Auto Repair,,,,"2065 Hephzibah - McBean Rd, Hephzibah, GA 30815, United States",2065 Hephzibah - McBean Rd,Hephzibah,GA,30815,,,Auto repair shop,,,https://www.google.com/maps/place/Andersons+Mobile+Auto+Repair/data=!4m7!3m6!1s0x88f9db1c19ea38d9:0xa50b02c0230b9a27!8m2!3d33.2860817!4d-82.0837871!16s%2Fg%2F11ytvpqdq1!19sChIJ2TjqGRzb-YgRJ5oLI8ACC6U?authuser=0&hl=en&rclk=1,auto repair shop,Burke County,county,GA,2026-07-23T16:20:35,0x88f9db1c19ea38d9:0xa50b02c0230b9a27
Ledford services,,,,"1872 Upper Bell Creek Rd, Hiawassee, GA 30546, United States",1872 Upper Bell Creek Rd,Hiawassee,GA,30546,5.0,1,Auto repair shop,,,https://www.google.com/maps/place/Ledford+services/data=!4m7!3m6!1s0x885f2900607f275f:0x543b1f48207dd3c!8m2!3d34.971668!4d-83.7246171!16s%2Fg%2F11vqrx_k_0!19sChIJXyd_YAApX4gRPN0HgvSxQwU?authuser=0&hl=en&rclk=1,auto repair shop,Towns County,county,GA,2026-07-24T01:26:19,0x885f2900607f275f:0x543b1f48207dd3c
The Pit Stop Inc,(912) 877-5060,http://www.thepitstopga.com/,,"768 Veterans Pkwy, Hinesville, GA 31313, United States",768 Veterans Pkwy,Hinesville,GA,31313,4.3,197,Tire shop,,,https://www.google.com/maps/place/The+Pit+Stop+Inc/data=!4m7!3m6!1s0x88fae46d751e1ddf:0x5198f6f3ebfb316c!8m2!3d31.8329401!4d-81.6155455!16s%2Fg%2F1tkf1v89!19sChIJ3x0edW3k-ogRbDH76_P2mFE?authuser=0&hl=en&rclk=1,auto repair shop,Liberty County,county,GA,2026-07-23T22:08:36,0x88fae46d751e1ddf:0x5198f6f3ebfb316c
Firestone Complete Auto Care,(678) 813-8431,https://www.firestonecompleteautocare.com/georgia/hiram/5657-wendy-bagwell-pkwy/?utm_source=google&utm_medium=organic&utm_campaign=localmaps&cmp=oloc_google_localmaps_maps,,"5657 Wendy Bagwell Pkwy, Hiram, GA 30141, United States",5657 Wendy Bagwell Pkwy,Hiram,GA,30141,4.0,752,Tire shop,,,https://www.google.com/maps/place/Firestone+Complete+Auto+Care/data=!4m7!3m6!1s0x88f53ae7be942065:0x3c6792494a03da03!8m2!3d33.8855226!4d-84.7341261!16s%2Fg%2F1th82sz2!19sChIJZSCUvuc69YgRA9oDSkmSZzw?authuser=0&hl=en&rclk=1,auto repair shop,Paulding County,county,GA,2026-07-23T23:33:46,0x88f53ae7be942065:0x3c6792494a03da03
Pep Boys Auto Service & Tires,(770) 615-7815,https://www.pepboys.com/stores/ga/hiram/4569-jimmy-lee-smith-pkwy?Cid=gbp_appt_AN:PB%7CPB:G%7CTT:GBP%7CCG:CONVERSION%7CCD:SERVICE,,"4569 Jimmy Lee Smith Pkwy, Hiram, GA 30141, United States",4569 Jimmy Lee Smith Pkwy,Hiram,GA,30141,4.3,785,Tire shop,,,https://www.google.com/maps/place/Pep+Boys+Auto+Service+%26+Tires/data=!4m7!3m6!1s0x88f53aeb451fc367:0x4ca5cefd22517c1c!8m2!3d33.8911384!4d-84.7521856!16s%2Fg%2F1tcvcr7b!19sChIJZ8MfRes69YgRHHxRIv3OpUw?authuser=0&hl=en&rclk=1,auto repair shop,Paulding County,county,GA,2026-07-16T05:03:31,0x88f53aeb451fc367:0x4ca5cefd22517c1c
"Curts Towing, INC.",(706) 677-3941,https://www.curtstowinginc.com/,,"111 Crowe Rd, Homer, GA 30547, United States",111 Crowe Rd,Homer,GA,30547,2.5,124,Towing service,,,"https://www.google.com/maps/place/Curts+Towing,+INC./data=!4m7!3m6!1s0x8858aa14f0d23509:0xedcd1e72cd4dd06b!8m2!3d34.3722693!4d-83.4097528!16s%2Fg%2F1wc48pf5!19sChIJCTXS8BSqWIgRa9BNzXIeze0?authuser=0&hl=en&rclk=1",auto repair shop,Banks County,county,GA,2026-07-23T15:03:47,0x8858aa14f0d23509:0xedcd1e72cd4dd06b
Holiday Motors Inc,(706) 677-3866,,,"3875 GA-198, Homer, GA 30547, United States",3875 GA-198,Homer,GA,30547,5.0,1,Motor vehicle dealer,,,https://www.google.com/maps/place/Holiday+Motors+Inc/data=!4m7!3m6!1s0x8858a6184f7fdd95:0xe4c84d8ca1490e4c!8m2!3d34.3999589!4d-83.4128431!16s%2Fg%2F1263src3y!19sChIJld1_TximWIgRTA5JoYxNyOQ?authuser=0&hl=en&rclk=1,auto repair shop,Banks County,county,GA,2026-07-23T15:03:48,0x8858a6184f7fdd95:0xe4c84d8ca1490e4c
Professional Auto Inc,(706) 397-7815,,,"1261 Historic Homer Hwy, Homer, GA 30547, United States",1261 Historic Homer Hwy,Homer,GA,30547,4.5,15,Auto insurance agency,,,https://www.google.com/maps/place/Professional+Auto+Inc/data=!4m7!3m6!1s0x88f6020700af80c3:0xcfbf9c53c390fd47!8m2!3d34.3214819!4d-83.502095!16s%2Fg%2F1wh4gq2t!19sChIJw4CvAAcC9ogRR_2Qw1Ocv88?authuser=0&hl=en&rclk=1,auto repair shop,Banks County,county,GA,2026-07-23T15:03:47,0x88f6020700af80c3:0xcfbf9c53c390fd47
Carquest Auto Parts - WALKER'S AUTO AND OUTDOOR INC.,(912) 487-0084,https://www.carquest.com/locations/ga/homerville/5411/,,"470 N Church St, Homerville, GA 31634, United States",470 N Church St,Homerville,GA,31634,4.6,82,Auto parts store,,,https://www.google.com/maps/place/Carquest+Auto+Parts+-+WALKER%27S+AUTO+AND+OUTDOOR+INC./data=!4m7!3m6!1s0x88efb7e92c583475:0x95276c143836afd9!8m2!3d31.0431608!4d-82.7498093!16s%2Fg%2F1tcvvpn9!19sChIJdTRYLOm374gR2a82OBRsJ5U?authuser=0&hl=en&rclk=1,auto repair shop,Clinch County,county,GA,2026-07-23T17:39:58,0x88efb7e92c583475:0x95276c143836afd9
Morgan Automotive Inc,(912) 778-4055,https://www.morganautomotiveinc.com/,,"22263 US-82, Hortense, GA 31543, United States",22263 US-82,Hortense,GA,31543,4.3,50,Auto repair shop,,,https://www.google.com/maps/place/Morgan+Automotive+Inc/data=!4m7!3m6!1s0x88e537b6da90c011:0xaa4679e329f185c4!8m2!3d31.2240463!4d-81.8393847!16s%2Fg%2F1tf3cbxm!19sChIJEcCQ2rY35YgRxIXxKeN5Rqo?authuser=0&hl=en&rclk=1,auto repair shop,Brantley County,county,GA,2026-07-23T15:54:59,0x88e537b6da90c011:0xaa4679e329f185c4
Curry's Auto,,,,"105 E Main St, Irwinton, GA 31042, United States",105 E Main St,Irwinton,GA,31042,,,Car repair and maintenance service,,,https://www.google.com/maps/place/Curry%27s+Auto/data=!4m7!3m6!1s0x88f13405a9bc69b5:0x78dd9d9bf5bfcbc8!8m2!3d32.811779!4d-83.1728275!16s%2Fg%2F11ghrg5shp!19sChIJtWm8qQU08YgRyMu_9Zud3Xg?authuser=0&hl=en&rclk=1,auto repair shop,Wilkinson County,county,GA,2026-07-16T09:19:46,0x88f13405a9bc69b5:0x78dd9d9bf5bfcbc8
Fleet Tech Repair LLC,,https://www.facebook.com/fleettechrepairllc/,,"175 Bibb Station Rd, Jackson, GA 30233, United States",175 Bibb Station Rd,Jackson,GA,30233,5.0,3,Truck repair shop,,,https://www.google.com/maps/place/Fleet+Tech+Repair+LLC/data=!4m7!3m6!1s0x88f415294abb3dd1:0x8688d623b0a3d173!8m2!3d33.2828143!4d-83.9253476!16s%2Fg%2F11fnqlszzv!19sChIJ0T27SikV9IgRc9GjsCPWiIY?authuser=0&hl=en&rclk=1,auto repair shop,Butts County,county,GA,2026-07-23T16:33:27,0x88f415294abb3dd1:0x8688d623b0a3d173
Mopar Service,,,,"Cross St, Jackson, GA 30233, United States",Cross St,Jackson,GA,30233,,,Auto repair shop,,,https://www.google.com/maps/place/Mopar+Service/data=!4m7!3m6!1s0x88f4402051399797:0xc4b8e5c5a334bc9c!8m2!3d33.2939747!4d-83.955524!16s%2Fg%2F11c1sjzpkw!19sChIJl5c5USBA9IgRnLw0o8XluMQ?authuser=0&hl=en&rclk=1,auto repair shop,Butts County,county,GA,2026-07-23T16:33:27,0x88f4402051399797:0xc4b8e5c5a334bc9c
NAPA Auto Parts,(470) 928-0140,https://www.napaonline.com/en/GA/Jackson/store/28594?cid=pl_gpc_google_dac_28594_ao,,"903 E 3rd St, Jackson, GA 30233, United States",903 E 3rd St,Jackson,GA,30233,4.3,83,Auto parts store,,,https://www.google.com/maps/place/NAPA+Auto+Parts/data=!4m7!3m6!1s0x88f4401f05c51827:0x8129f5067c5ea177!8m2!3d33.294841!4d-83.95531!16s%2Fg%2F1w0j0fj_!19sChIJJxjFBR9A9IgRd6FefAb1KYE?authuser=0&hl=en&rclk=1,auto repair shop,Butts County,county,GA,2026-07-15T19:43:09,0x88f4401f05c51827:0x8129f5067c5ea177
Outback Body Shop Inc.,(404) 732-5323,http://outbackbodyshop.com/,,"800 GA-36, Jackson, GA 30233, United States",800 GA-36,Jackson,GA,30233,4.6,55,Auto body shop,,,https://www.google.com/maps/place/Outback+Body+Shop+Inc./data=!4m7!3m6!1s0x88f46a840301b2f9:0x41a37af25be36794!8m2!3d33.3053114!4d-83.9593889!16s%2Fg%2F11bw7z17dg!19sChIJ-bIBA4Rq9IgRlGfjW_J6o0E?authuser=0&hl=en&rclk=1,auto repair shop,Butts County,county,GA,2026-07-23T16:33:27,0x88f46a840301b2f9:0x41a37af25be36794
2 old goats vintage auto repair,,,,"1893 Talking Rock Rd, Jasper, GA 30143, United States",1893 Talking Rock Rd,Jasper,GA,30143,,,Auto repair shop,,,https://www.google.com/maps/place/2+old+goats+vintage+auto+repair/data=!4m7!3m6!1s0x885f8f001e1744e5:0xda7a2406d31f4711!8m2!3d34.4840872!4d-84.4571282!16s%2Fg%2F11wy005dzb!19sChIJ5UQXHgCPX4gREUcf0wYketo?authuser=0&hl=en&rclk=1,auto repair shop,Pickens County,county,GA,2026-07-16T05:23:03,0x885f8f001e1744e5:0xda7a2406d31f4711
Cannon Automotive,,,,"3620 Camp Rd, Jasper, GA 30143, United States",3620 Camp Rd,Jasper,GA,30143,3.8,16,Auto repair shop,,,https://www.google.com/maps/place/Cannon+Automotive/data=!4m7!3m6!1s0x885f8983974a818f:0xc3106610471d413!8m2!3d34.45895!4d-84.4559402!16s%2Fg%2F11rwmdv7rn!19sChIJj4FKl4OJX4gRE9RxBGEGMQw?authuser=0&hl=en&rclk=1,auto repair shop,Jasper County,county,GA,2026-07-23T21:19:53,0x885f8983974a818f:0xc3106610471d413
Cherokee Machine Inc,(770) 735-7040,,,"99 Liberty Pkwy, Jasper, GA 30143, United States",99 Liberty Pkwy,Jasper,GA,30143,5.0,4,Machine shop,,,https://www.google.com/maps/place/Cherokee+Machine+Inc/data=!4m7!3m6!1s0x885f875fc47bb67b:0x568de73c2a372cbe!8m2!3d34.4311934!4d-84.4275275!16s%2Fg%2F1tfccxjv!19sChIJe7Z7xF-HX4gRviw3KjznjVY?authuser=0&hl=en&rclk=1,auto repair shop,Pickens County,county,GA,2026-07-16T05:23:03,0x885f875fc47bb67b:0x568de73c2a372cbe
Dyer's Auto & Truck Services,,https://www.dyersauto.com/,,"Hugh Mullins Ct, Jasper, GA 30143, United States",Hugh Mullins Ct,Jasper,GA,30143,,,Auto repair shop,,,https://www.google.com/maps/place/Dyer%27s+Auto+%26+Truck+Services/data=!4m7!3m6!1s0x885f8f00d6d28cc3:0x1401c4e85da550bd!8m2!3d34.4771875!4d-84.4678408!16s%2Fg%2F11vk8_fjc3!19sChIJw4zS1gCPX4gRvVClXejEARQ?authuser=0&hl=en&rclk=1,auto repair shop,Pickens County,county,GA,2026-07-23T23:39:56,0x885f8f00d6d28cc3:0x1401c4e85da550bd
Mountain City Auto Parts Inc,(706) 253-2657,https://www.napaonline.com/,,"521 N Main St, Jasper, GA 30143, United States",521 N Main St,Jasper,GA,30143,4.7,90,Auto parts store,,,https://www.google.com/maps/place/Mountain+City+Auto+Parts+Inc/data=!4m7!3m6!1s0x885f85ff950ea2ff:0x109a5e67aa7345d8!8m2!3d34.472344!4d-84.437064!16s%2Fg%2F1tmg78jd!19sChIJ_6IOlf-FX4gR2EVzqmdemhA?authuser=0&hl=en&rclk=1,auto repair shop,Pickens County,county,GA,2026-07-23T23:39:56,0x885f85ff950ea2ff:0x109a5e67aa7345d8
Sleepy Hallow Alternator Repair,,,,"1239 Talking Rock Rd, Jasper, GA 30143, United States",1239 Talking Rock Rd,Jasper,GA,30143,5.0,1,Auto repair shop,,,https://www.google.com/maps/place/Sleepy+Hallow+Alternator+Repair/data=!4m7!3m6!1s0x885f8f002dcdde45:0xc55f2b6a4b594198!8m2!3d34.4789709!4d-84.446666!16s%2Fg%2F11vqd6x4vk!19sChIJRd7NLQCPX4gRmEFZS2orX8U?authuser=0&hl=en&rclk=1,auto repair shop,Pickens County,county,GA,2026-07-16T05:23:03,0x885f8f002dcdde45:0xc55f2b6a4b594198
Valvoline Express Care/Cannon Automotive,(706) 253-9469,http://facebook.com/expresscarejasper,,"3620 Camp Rd, Jasper, GA 30143, United States",3620 Camp Rd,Jasper,GA,30143,4.1,171,Oil change service,,,https://www.google.com/maps/place/Valvoline+Express+Care%2FCannon+Automotive/data=!4m7!3m6!1s0x885f88b60fc785eb:0x196dae9c69e2b600!8m2!3d34.45895!4d-84.4559402!16s%2Fg%2F1vcjmzt6!19sChIJ64XHD7aIX4gRALbiaZyubRk?authuser=0&hl=en&rclk=1,auto repair shop,Pickens County,county,GA,2026-07-16T05:23:03,0x885f88b60fc785eb:0x196dae9c69e2b600
Bo’s shop,,,,"82 GA-82, Jefferson, GA 30549, United States",82 GA-82,Jefferson,GA,30549,5.0,1,Auto repair shop,,,https://www.google.com/maps/place/Bo%E2%80%99s+shop/data=!4m7!3m6!1s0x88f609007effbe37:0xd88942f473c2c6f!8m2!3d34.1271532!4d-83.5674446!16s%2Fg%2F11wxmy3kxp!19sChIJN77_fgAJ9ogRbyw8Ry-UiA0?authuser=0&hl=en&rclk=1,auto repair shop,Jackson County,county,GA,2026-07-23T21:17:26,0x88f609007effbe37:0xd88942f473c2c6f
Pro Transmissions & Automotive Inc.,(706) 367-7157,http://protransmissionandautomotive.com/,,"916 Washington St, Jefferson, GA 30549, United States",916 Washington St,Jefferson,GA,30549,4.1,85,Transmission shop,,,https://www.google.com/maps/place/Pro+Transmissions+%26+Automotive+Inc./data=!4m7!3m6!1s0x88f609caa5a5a3ad:0x86c51581405ebd6a!8m2!3d34.1266784!4d-83.5840148!16s%2Fg%2F11c1ncn76l!19sChIJraOlpcoJ9ogRar1eQIEVxYY?authuser=0&hl=en&rclk=1,auto repair shop,Madison County,county,GA,2026-07-23T22:41:48,0x88f609caa5a5a3ad:0x86c51581405ebd6a
Stanly's Auto Center Inc,(706) 658-2429,,,"4665 GA-332, Jefferson, GA 30549, United States",4665 GA-332,Jefferson,GA,30549,5.0,12,Auto repair shop,,,https://www.google.com/maps/place/Stanly%27s+Auto+Center+Inc/data=!4m7!3m6!1s0x88f5e440bab187bb:0x58563bd18d71fabf!8m2!3d34.1039072!4d-83.7032066!16s%2Fg%2F1th6fpl9!19sChIJu4exukDk9YgRv_pxjdE7Vlg?authuser=0&hl=en&rclk=1,auto repair shop,Jefferson County,county,GA,2026-07-23T20:56:52,0x88f5e440bab187bb:0x58563bd18d71fabf
Thompson Mobile Tech. LLC,,https://m.facebook.com/ThompsonMobileTech/,,"527 Red Tail Rd, Jefferson, GA 30549, United States",527 Red Tail Rd,Jefferson,GA,30549,5.0,4,Mechanic,,,https://www.google.com/maps/place/Thompson+Mobile+Tech.+LLC/data=!4m7!3m6!1s0x88f609844525cef7:0x5b09ce29f8cb75ee!8m2!3d34.1078742!4d-83.5532153!16s%2Fg%2F11rdb2_d6s!19sChIJ984lRYQJ9ogR7nXL-CnOCVs?authuser=0&hl=en&rclk=1,auto repair shop,Jackson County,county,GA,2026-07-16T02:09:37,0x88f609844525cef7:0x5b09ce29f8cb75ee
Brian´S Service Center,,,,"286 NW Broad St, Jesup, GA 31545, United States",286 NW Broad St,Jesup,GA,31545,,,Auto repair shop,,,https://www.google.com/maps/place/Brian%C2%B4S+Service+Center/data=!4m7!3m6!1s0x88fab88e5e9be733:0xb73a58aee56ca3f9!8m2!3d31.6068436!4d-81.8811316!16s%2Fg%2F11k5lvrr7v!19sChIJM-ebXo64-ogR-aNs5a5YOrc?authuser=0&hl=en&rclk=1,auto repair shop,Wayne County,county,GA,2026-07-24T02:18:29,0x88fab88e5e9be733:0xb73a58aee56ca3f9
Brooks Automotive,,,,"3689 Savannah Hwy, Jesup, GA 31545, United States",3689 Savannah Hwy,Jesup,GA,31545,5.0,1,Auto repair shop,,,https://www.google.com/maps/place/Brooks+Automotive/data=!4m7!3m6!1s0x88fac0b030a40acb:0x2d1e8ab5d197a01b!8m2!3d31.6511099!4d-81.8541797!16s%2Fg%2F12jsk2lmq!19sChIJywqkMLDA-ogRG6CX0bWKHi0?authuser=0&hl=en&rclk=1,auto repair shop,Brooks County,county,GA,2026-07-23T16:01:53,0x88fac0b030a40acb:0x2d1e8ab5d197a01b
D & M Commercial & Tire,,,,"1001 US-301, Jesup, GA 31546, United States",1001 US-301,Jesup,GA,31546,4.0,36,Used tire shop,,,https://www.google.com/maps/place/D+%26+M+Commercial+%26+Tire/data=!4m7!3m6!1s0x88fab86e149f8f89:0x9a2eab9b1fdd38ce!8m2!3d31.5853904!4d-81.8757473!16s%2Fg%2F1tf3prtn!19sChIJiY-fFG64-ogRzjjdH5urLpo?authuser=0&hl=en&rclk=1,auto repair shop,Wayne County,county,GA,2026-07-24T02:18:29,0x88fab86e149f8f89:0x9a2eab9b1fdd38ce
In it to Win it Customs,,,,"5064 Cypress, Jesup, GA 31546, United States",5064 Cypress,Jesup,GA,31546,,,Auto repair shop,,,https://www.google.com/maps/place/In+it+to+Win+it+Customs/data=!4m7!3m6!1s0x88fac100143b93cd:0x1d3e31a0c12e34c7!8m2!3d31.6777916!4d-81.8175603!16s%2Fg%2F11z4y5v93n!19sChIJzZM7FADB-ogRxzQuwaAxPh0?authuser=0&hl=en&rclk=1,auto repair shop,Long County,county,GA,2026-07-23T22:18:13,0x88fac100143b93cd:0x1d3e31a0c12e34c7
Jesup Tire Shop Inc,(912) 427-2243,http://jesuptire.com/,,"795 W Cherry St, Jesup, GA 31545, United States",795 W Cherry St,Jesup,GA,31545,4.6,271,Tire shop,,,https://www.google.com/maps/place/Jesup+Tire+Shop+Inc/data=!4m7!3m6!1s0x88fab8edb6ea0167:0xb96e0215878f6b15!8m2!3d31.6113496!4d-81.8910922!16s%2Fg%2F1tz76v4s!19sChIJZwHqtu24-ogRFWuPhxUCbrk?authuser=0&hl=en&rclk=1,auto repair shop,Wayne County,county,GA,2026-07-24T02:18:29,0x88fab8edb6ea0167:0xb96e0215878f6b15
Walmart Auto Care Center,(912) 530-8725,https://www.walmart.com/store/2630-jesup-ga/auto-care-center/?veh=seo_loc,,"1100 N 1st St, Jesup, GA 31545, United States",1100 N 1st St,Jesup,GA,31545,3.7,75,Oil change service,,,https://www.google.com/maps/place/Walmart+Auto+Care+Center/data=!4m7!3m6!1s0x88fab899f75f49cd:0x3a91cebef3fc7061!8m2!3d31.6157487!4d-81.8717765!16s%2Fg%2F1tg4m6_k!19sChIJzUlf95m4-ogRYXD8877OkTo?authuser=0&hl=en&rclk=1,auto repair shop,Wayne County,county,GA,2026-07-24T02:18:29,0x88fab899f75f49cd:0x3a91cebef3fc7061
Wayne County Car Wash,,,,"1097 N Macon St, Jesup, GA 31545, United States",1097 N Macon St,Jesup,GA,31545,4.8,19,Car wash,,,https://www.google.com/maps/place/Wayne+County+Car+Wash/data=!4m7!3m6!1s0x88fab88e0d74d307:0xa635ad2629c5e508!8m2!3d31.6159194!4d-81.8740433!16s%2Fg%2F1x5fc6jp!19sChIJB9N0DY64-ogRCOXFKSatNaY?authuser=0&hl=en&rclk=1,auto repair shop,Wayne County,county,GA,2026-07-24T02:18:29,0x88fab88e0d74d307:0xa635ad2629c5e508
Bracketts Ratchet Auto Service Inc,(404) 207-3640,http://brackettsautoservice.com/,,"7501 Jonesboro Rd, Jonesboro, GA 30236, United States",7501 Jonesboro Rd,Jonesboro,GA,30236,4.2,139,Car repair and maintenance service,,,https://www.google.com/maps/place/Bracketts+Ratchet+Auto+Service+Inc/data=!4m7!3m6!1s0x88f4fe9378fab06f:0x72945d777620e822!8m2!3d33.5498113!4d-84.3490289!16s%2Fg%2F1jkxx6415!19sChIJb7D6eJP-9IgRIuggdnddlHI?authuser=0&hl=en&rclk=1,auto repair shop,Clayton County,county,GA,2026-07-23T17:04:15,0x88f4fe9378fab06f:0x72945d777620e822
Clayton Collision Center Inc.,(770) 471-6250,http://claytoncollisioninc.com/,,"7422 Tara Blvd, Jonesboro, GA 30236, United States",7422 Tara Blvd,Jonesboro,GA,30236,4.3,90,Auto body shop,,,https://www.google.com/maps/place/Clayton+Collision+Center+Inc./data=!4m7!3m6!1s0x88f4fbc3fa7ae7a9:0xeef1e3b2c89b2011!8m2!3d33.5519358!4d-84.3696623!16s%2Fg%2F1td664kr!19sChIJqed6-sP79IgRESCbyLLj8e4?authuser=0&hl=en&rclk=1,auto repair shop,Clayton County,county,GA,2026-07-15T21:11:17,0x88f4fbc3fa7ae7a9:0xeef1e3b2c89b2011
Dan Thompson Automotive Inc,(770) 603-9197,,,"714 Veterans Pkwy, Jonesboro, GA 30238, United States",714 Veterans Pkwy,Jonesboro,GA,30238,4.8,4,Auto repair shop,,,https://www.google.com/maps/place/Dan+Thompson+Automotive+Inc/data=!4m7!3m6!1s0x88f4fa2fcfc3404d:0x20390679e2e2763e!8m2!3d33.5253955!4d-84.3640375!16s%2Fg%2F11c530mc6_!19sChIJTUDDzy_69IgRPnbi4nkGOSA?authuser=0&hl=en&rclk=1,auto repair shop,Clayton County,county,GA,2026-07-15T21:11:17,0x88f4fa2fcfc3404d:0x20390679e2e2763e
O&J Mechanic&Body Shop,,,,"558 Flint River Rd, Jonesboro, GA 30238, United States",558 Flint River Rd,Jonesboro,GA,30238,4.1,14,Auto repair shop,,,https://www.google.com/maps/place/O%26J+Mechanic%26Body+Shop/data=!4m7!3m6!1s0x88f4fa3f36a8ec0f:0xc642ba9ea345e22f!8m2!3d33.5176824!4d-84.3736253!16s%2Fg%2F11k5lv3pfv!19sChIJD-yoNj_69IgRL-JFo566QsY?authuser=0&hl=en&rclk=1,auto repair shop,Clayton County,county,GA,2026-07-15T21:11:17,0x88f4fa3f36a8ec0f:0xc642ba9ea345e22f
"Chancy Auto, Inc.",(478) 987-2151,https://www.facebook.com/chancyauto/,,"304 Sandefur Rd, Kathleen, GA 31047, United States",304 Sandefur Rd,Kathleen,GA,31047,4.7,215,Auto repair shop,,,"https://www.google.com/maps/place/Chancy+Auto,+Inc./data=!4m7!3m6!1s0x88f3ddd14a2101b7:0xfb22527bcee5763e!8m2!3d32.5222901!4d-83.6829327!16s%2Fg%2F1v3gsr8v!19sChIJtwEhStHd84gRPnblzntSIvs?authuser=0&hl=en&rclk=1",auto repair shop,Houston County,county,GA,2026-07-23T21:07:01,0x88f3ddd14a2101b7:0xfb22527bcee5763e
K.M. Auto Care Inc,(770) 426-7151,,,"3481 Cherokee St NW, Kennesaw, GA 30144, United States",3481 Cherokee St NW,Kennesaw,GA,30144,4.6,144,Auto repair shop,,,https://www.google.com/maps/place/K.M.+Auto+Care+Inc/data=!4m7!3m6!1s0x88f56aaa7e5d513d:0x631e55fb2218aea5!8m2!3d34.0380777!4d-84.6058672!16s%2Fg%2F1tdy0qyt!19sChIJPVFdfqpq9YgRpa4YIvtVHmM?authuser=0&hl=en&rclk=1,auto repair shop,Cherokee County,county,GA,2026-07-15T20:51:49,0x88f56aaa7e5d513d:0x631e55fb2218aea5
Jiffy Lube Oil Change,(912) 275-5010,https://www.jiffylube.com/locations/ga/kingsland/4244,,"2056 E King Ave, Kingsland, GA 31548, United States",2056 E King Ave,Kingsland,GA,31548,4.9,279,Oil change service,,,https://www.google.com/maps/place/Jiffy+Lube+Oil+Change/data=!4m7!3m6!1s0x88e505006bcd3427:0x5d0b6516f800a237!8m2!3d30.780305!4d-81.624112!16s%2Fg%2F11x1wcsxng!19sChIJJzTNawAF5YgRN6IA-BZlC10?authuser=0&hl=en&rclk=1,auto repair shop,Camden County,county,GA,2026-07-23T16:44:51,0x88e505006bcd3427:0x5d0b6516f800a237
"Murray Ford of Kingsland, Inc. Service",(912) 510-3673,https://www.murrayfordkingsland.com/,,"2030 GA-40, Kingsland, GA 31548, United States",2030 GA-40,Kingsland,GA,31548,4.3,13,Auto repair shop,,,"https://www.google.com/maps/place/Murray+Ford+of+Kingsland,+Inc.+Service/data=!4m7!3m6!1s0x88e5059335614d89:0xb81ebbe71ea22c42!8m2!3d30.7812188!4d-81.6263247!16s%2Fg%2F11qqc_rfzn!19sChIJiU1hNZMF5YgRQiyiHue7Hrg?authuser=0&hl=en&rclk=1",auto repair shop,Camden County,county,GA,2026-07-23T16:44:51,0x88e5059335614d89:0xb81ebbe71ea22c42
Take 5 Oil Change,(912) 225-9615,https://www.take5.com/locations/oil-change/georgia/kingsland/30327/?utm_source=google&utm_medium=organic&utm_campaign=gbp_website,,"101 Victoriana Rd, Kingsland, GA 31548, United States",101 Victoriana Rd,Kingsland,GA,31548,4.3,828,Oil change service,,,https://www.google.com/maps/place/Take+5+Oil+Change/data=!4m7!3m6!1s0x88e5052025899a65:0x1b0d09d7596dcf6d!8m2!3d30.7879572!4d-81.6489637!16s%2Fg%2F1ptwmfwz7!19sChIJZZqJJSAF5YgRbc9tWdcJDRs?authuser=0&hl=en&rclk=1,auto repair shop,Camden County,county,GA,2026-07-15T19:54:40,0x88e5052025899a65:0x1b0d09d7596dcf6d
Tire Mart Inc,(912) 729-3750,,,"300 N Lee St, Kingsland, GA 31548, United States",300 N Lee St,Kingsland,GA,31548,4.7,242,Auto repair shop,,,https://www.google.com/maps/place/Tire+Mart+Inc/data=!4m7!3m6!1s0x88e50557e05f829d:0x2c795d90f20473dd!8m2!3d30.8024248!4d-81.6908978!16s%2Fg%2F1tdx4yx8!19sChIJnYJf4FcF5YgR3XME8pBdeSw?authuser=0&hl=en&rclk=1,auto repair shop,Camden County,county,GA,2026-07-23T16:44:51,0x88e50557e05f829d:0x2c795d90f20473dd
C AND C MOTORS INC.,(423) 304-9435,,,"642 South Main St, LaFayette, GA 30728, United States",642 South Main St,LaFayette,GA,30728,5.0,10,Auto repair shop,,,https://www.google.com/maps/place/C+AND+C+MOTORS+INC./data=!4m7!3m6!1s0x88603fd6bc31dd79:0xbc5626152ee402!8m2!3d34.6945321!4d-85.2763078!16s%2Fg%2F11xsr8vjtx!19sChIJed0xvNY_YIgRAuQuFSZWvAA?authuser=0&hl=en&rclk=1,auto repair shop,Walker County,county,GA,2026-07-24T01:58:54,0x88603fd6bc31dd79:0xbc5626152ee402
Lafayette Auto Repair,,,,"305 Daugherty St, LaFayette, GA 30728, United States",305 Daugherty St,LaFayette,GA,30728,1.0,1,Auto repair shop,,,https://www.google.com/maps/place/Lafayette+Auto+Repair/data=!4m7!3m6!1s0x88603e1445f8b8bb:0x4282d8872ccebc89!8m2!3d34.70204!4d-85.2891879!16s%2Fg%2F11pzrzwkx1!19sChIJu7j4RRQ-YIgRibzOLIfYgkI?authuser=0&hl=en&rclk=1,auto repair shop,Walker County,county,GA,2026-07-24T01:58:54,0x88603e1445f8b8bb:0x4282d8872ccebc89
NORTH GEORGIA SERVICES INC,(423) 595-2424,,,"601 Clark St, LaFayette, GA 30728, United States",601 Clark St,LaFayette,GA,30728,5.0,1,Auto repair shop,,,https://www.google.com/maps/place/NORTH+GEORGIA+SERVICES+INC/data=!4m7!3m6!1s0x88603f33dcb36855:0x2836d967a70c3713!8m2!3d34.697871!4d-85.2793158!16s%2Fg%2F11fsrz7hk4!19sChIJVWiz3DM_YIgREzcMp2fZNig?authuser=0&hl=en&rclk=1,auto repair shop,Walker County,county,GA,2026-07-24T01:58:54,0x88603f33dcb36855:0x2836d967a70c3713
Affordable Auto sales LLC,,,,"414 E Bacon St, LaGrange, GA 30241, United States",414 E Bacon St,LaGrange,GA,30241,4.0,1,Auto repair shop,,,https://www.google.com/maps/place/Affordable+Auto+sales+LLC/data=!4m7!3m6!1s0x888b550021b37a0f:0x577b6ea3ca0881c7!8m2!3d33.0449646!4d-85.0224507!16s%2Fg%2F11wh_gqbbd!19sChIJD3qzIQBVi4gRx4EIyqNue1c?authuser=0&hl=en&rclk=1,auto repair shop,Troup County,county,GA,2026-07-24T01:40:22,0x888b550021b37a0f:0x577b6ea3ca0881c7
Firestone Complete Auto Care,(706) 756-6072,https://www.firestonecompleteautocare.com/georgia/lagrange/165-commerce-ave/?utm_source=google&utm_medium=organic&utm_campaign=localmaps&cmp=oloc_google_localmaps_maps,,"165 Commerce Ave, LaGrange, GA 30241, United States",165 Commerce Ave,LaGrange,GA,30241,4.0,455,Tire shop,,,https://www.google.com/maps/place/Firestone+Complete+Auto+Care/data=!4m7!3m6!1s0x888b56a04253a3c9:0xd992316696f70ccb!8m2!3d33.0497322!4d-85.0229197!16s%2Fg%2F1tg6l9yw!19sChIJyaNTQqBWi4gRywz3lmYxktk?authuser=0&hl=en&rclk=1,auto repair shop,Troup County,county,GA,2026-07-24T00:47:24,0x888b56a04253a3c9:0xd992316696f70ccb
JDM,,,,"118 Priscilla Dr, LaGrange, GA 30241, United States",118 Priscilla Dr,LaGrange,GA,30241,,,Auto repair shop,,,https://www.google.com/maps/place/JDM/data=!4m7!3m6!1s0x888b552e1c4ecc07:0xe4af5f00e31366d4!8m2!3d33.0695378!4d-85.0231344!16s%2Fg%2F11vj8xl6dh!19sChIJB8xOHC5Vi4gR1GYT4wBfr-Q?authuser=0&hl=en&rclk=1,auto repair shop,Troup County,county,GA,2026-07-24T01:40:22,0x888b552e1c4ecc07:0xe4af5f00e31366d4
Kents Auto Repair,,,,"716 S Greenwood St, LaGrange, GA 30240, United States",716 S Greenwood St,LaGrange,GA,30240,,,Auto repair shop,,,https://www.google.com/maps/place/Kents+Auto+Repair/data=!4m7!3m6!1s0x888b5688dc93fcff:0x3cfc74d605e5b5e4!8m2!3d33.0299333!4d-85.0357911!16s%2Fg%2F11k5lv6q26!19sChIJ__yT3IhWi4gR5LXlBdZ0_Dw?authuser=0&hl=en&rclk=1,auto repair shop,Troup County,county,GA,2026-07-24T01:40:22,0x888b5688dc93fcff:0x3cfc74d605e5b5e4
LTR Glass Inc,(706) 883-8285,,,"108 Corporate Park E Ct, LaGrange, GA 30241, United States",108 Corporate Park E Ct,LaGrange,GA,30241,4.8,58,Auto glass shop,,,https://www.google.com/maps/place/LTR+Glass+Inc/data=!4m7!3m6!1s0x888b5459d057c6a3:0xf2ded4235359414e!8m2!3d33.0355108!4d-84.9851184!16s%2Fg%2F1td4_ms1!19sChIJo8ZX0FlUi4gRTkFZUyPU3vI?authuser=0&hl=en&rclk=1,auto repair shop,Troup County,county,GA,2026-07-24T01:40:22,0x888b5459d057c6a3:0xf2ded4235359414e
"Mobile Electronics, Inc",(706) 884-6680,,,"714 New Franklin Rd, LaGrange, GA 30240, United States",714 New Franklin Rd,LaGrange,GA,30240,4.2,56,Car stereo store,,,"https://www.google.com/maps/place/Mobile+Electronics,+Inc/data=!4m7!3m6!1s0x888b56abf624e265:0xa96636124ec8a494!8m2!3d33.0570428!4d-85.0282971!16s%2Fg%2F1v5_b63k!19sChIJZeIk9qtWi4gRlKTIThI2Zqk?authuser=0&hl=en&rclk=1",auto repair shop,Troup County,county,GA,2026-07-16T07:49:54,0x888b56abf624e265:0xa96636124ec8a494
National PDR Service,,http://nationalpdrservice.com/,,"1312 Hogansville Rd, LaGrange, GA 30241, United States",1312 Hogansville Rd,LaGrange,GA,30241,5.0,12,Auto repair shop,,,https://www.google.com/maps/place/National+PDR+Service/data=!4m7!3m6!1s0x888b55a710ffa3b1:0xd08c41fc8108f984!8m2!3d33.0554892!4d-84.9982208!16s%2Fg%2F11txgv7094!19sChIJsaP_EKdVi4gRhPkIgfxBjNA?authuser=0&hl=en&rclk=1,auto repair shop,Troup County,county,GA,2026-07-24T01:40:22,0x888b55a710ffa3b1:0xd08c41fc8108f984
Nissan of LaGrange Service,,https://www.nissanoflagrange.com/,,"101 Calumet Center Rd, LaGrange, GA 30241, United States",101 Calumet Center Rd,LaGrange,GA,30241,4.4,7,Auto repair shop,,,https://www.google.com/maps/place/Nissan+of+LaGrange+Service/data=!4m7!3m6!1s0x888b543bc6055ee5:0x58179c9b358c6a1a!8m2!3d33.0390544!4d-85.0086867!16s%2Fg%2F11f03r_q50!19sChIJ5V4FxjtUi4gRGmqMNZucF1g?authuser=0&hl=en&rclk=1,auto repair shop,Troup County,county,GA,2026-07-24T01:40:22,0x888b543bc6055ee5:0x58179c9b358c6a1a
Pep Boys Auto Service & Tires,(706) 668-4104,https://www.pepboys.com/stores/ga/lagrange/1472-lafayette-parkway?Cid=gbp_appt_AN:PB|PB:G|TT:GBP|CG:CONVERSION|CD:SERVICE,,"1472 Lafayette Pkwy, LaGrange, GA 30241, United States",1472 Lafayette Pkwy,LaGrange,GA,30241,4.5,469,Tire shop,,,https://www.google.com/maps/place/Pep+Boys+Auto+Service+%26+Tires/data=!4m7!3m6!1s0x888b556dda595a17:0x9c1e8193364958bd!8m2!3d33.0412654!4d-84.982743!16s%2Fg%2F11h4n06_m4!19sChIJF1pZ2m1Vi4gRvVhJNpOBHpw?authuser=0&hl=en&rclk=1,auto repair shop,Troup County,county,GA,2026-07-24T01:40:22,0x888b556dda595a17:0x9c1e8193364958bd
Sixty-Six Diskount Inc Wrckr,(706) 882-5226,,,"208 Hill St, LaGrange, GA 30241, United States",208 Hill St,LaGrange,GA,30241,4.3,11,Auto repair shop,,,https://www.google.com/maps/place/Sixty-Six+Diskount+Inc+Wrckr/data=!4m7!3m6!1s0x888b569e0b6f3feb:0x342955beb5df6882!8m2!3d33.0422474!4d-85.0244854!16s%2Fg%2F1vzg2_tn!19sChIJ6z9vC55Wi4gRgmjftb5VKTQ?authuser=0&hl=en&rclk=1,auto repair shop,Troup County,county,GA,2026-07-24T01:40:22,0x888b569e0b6f3feb:0x342955beb5df6882
Stanford Automotive & Repair Inc.,(706) 882-0186,https://www.stanfordautomotive.com/,,"66 Youngs Mill Rd, LaGrange, GA 30241, United States",66 Youngs Mill Rd,LaGrange,GA,30241,4.2,42,Auto repair shop,,,https://www.google.com/maps/place/Stanford+Automotive+%26+Repair+Inc./data=!4m7!3m6!1s0x888b5419d2e3aaab:0x22e1eb068c43311e!8m2!3d33.0496658!4d-85.0127866!16s%2Fg%2F11twq3hw2v!19sChIJq6rj0hlUi4gRHjFDjAbr4SI?authuser=0&hl=en&rclk=1,auto repair shop,Troup County,county,GA,2026-07-24T00:47:24,0x888b5419d2e3aaab:0x22e1eb068c43311e
Take 5 Oil Change,(706) 407-0589,https://www.take5.com/locations/oil-change/georgia/lagrange/31352/?utm_source=google&utm_medium=organic&utm_campaign=gbp_website,,"1411 Lafayette Pkwy, LaGrange, GA 30241, United States",1411 Lafayette Pkwy,LaGrange,GA,30241,4.7,1060,Oil change service,,,https://www.google.com/maps/place/Take+5+Oil+Change/data=!4m7!3m6!1s0x888b558f489be357:0x4cc9aef8790ac375!8m2!3d33.0418128!4d-84.9871782!16s%2Fg%2F11t402wwsp!19sChIJV-ObSI9Vi4gRdcMKefiuyUw?authuser=0&hl=en&rclk=1,auto repair shop,Troup County,county,GA,2026-07-24T01:40:22,0x888b558f489be357:0x4cc9aef8790ac375
Walmart Auto Care Center,(706) 812-8657,https://www.walmart.com/store/614-lagrange-ga/auto-care-center/?veh=seo_loc,,"803 New Franklin Rd, LaGrange, GA 30240, United States",803 New Franklin Rd,LaGrange,GA,30240,3.3,121,Oil change service,,,https://www.google.com/maps/place/Walmart+Auto+Care+Center/data=!4m7!3m6!1s0x888b56afae4b6315:0x997ba6d3a7a432f8!8m2!3d33.0600063!4d-85.0314658!16s%2Fg%2F1vq75mrw!19sChIJFWNLrq9Wi4gR-DKkp9Ome5k?authuser=0&hl=en&rclk=1,auto repair shop,Troup County,county,GA,2026-07-24T01:40:22,0x888b56afae4b6315:0x997ba6d3a7a432f8
Waters Automotive,,,,"1407 New Franklin Rd, LaGrange, GA 30240, United States",1407 New Franklin Rd,LaGrange,GA,30240,,,Auto repair shop,,,https://www.google.com/maps/place/Waters+Automotive/data=!4m7!3m6!1s0x888b5150c717d4bb:0xa9ec8a05176b3672!8m2!3d33.0796465!4d-85.0297945!16s%2Fg%2F113hszggw!19sChIJu9QXx1BRi4gRcjZrFwWK7Kk?authuser=0&hl=en&rclk=1,auto repair shop,Troup County,county,GA,2026-07-24T01:40:22,0x888b5150c717d4bb:0xa9ec8a05176b3672
ADFS,,https://ebay.com/,,"816 Sand Crane Cir, Lake Park, GA 31636, United States",816 Sand Crane Cir,Lake Park,GA,31636,,,Auto repair shop,,,https://www.google.com/maps/place/ADFS/data=!4m7!3m6!1s0x88eef59b55ce1741:0xb74fbf1d78ec638!8m2!3d30.692267!4d-83.1831081!16s%2Fg%2F11vx3x19cr!19sChIJQRfOVZv17ogROMaO1_H7dAs?authuser=0&hl=en&rclk=1,auto repair shop,Echols County,county,GA,2026-07-23T18:59:15,0x88eef59b55ce1741:0xb74fbf1d78ec638
Sandlin's Service Center,,,,"101 W Marion Ave, Lake Park, GA 31636, United States",101 W Marion Ave,Lake Park,GA,31636,5.0,4,Mechanic,,,https://www.google.com/maps/place/Sandlin%27s+Service+Center/data=!4m7!3m6!1s0x88eef5c5db4c9021:0xe80eaf38eb7c6841!8m2!3d30.6841173!4d-83.1802639!16s%2Fg%2F11bz_yvz9f!19sChIJIZBM28X17ogRQWh86zivDug?authuser=0&hl=en&rclk=1,auto repair shop,Echols County,county,GA,2026-07-23T18:59:15,0x88eef5c5db4c9021:0xe80eaf38eb7c6841
Lakeland Tire Co Inc,(229) 482-1000,https://m.facebook.com/pages/category/Tire-Dealer---Repair-Shop/Lakeland-Tire-Company-100149644791740/,,"66 W Main St, Lakeland, GA 31635, United States",66 W Main St,Lakeland,GA,31635,4.8,126,Tire shop,,,https://www.google.com/maps/place/Lakeland+Tire+Co+Inc/data=!4m7!3m6!1s0x88ee47d7376a7011:0x91b2341bd0c7f61!8m2!3d31.0406904!4d-83.0775142!16s%2Fg%2F1tjl6r7w!19sChIJEXBqN9dH7ogRYX8MvUEjGwk?authuser=0&hl=en&rclk=1,auto repair shop,Lanier County,county,GA,2026-07-23T21:53:38,0x88ee47d7376a7011:0x91b2341bd0c7f61
Singletary Performance,,,,"228 Empire Church Rd, Lakeland, GA 31635, United States",228 Empire Church Rd,Lakeland,GA,31635,,,Auto repair shop,,,https://www.google.com/maps/place/Singletary+Performance/data=!4m7!3m6!1s0x88ee39414ebc82b5:0xa41ead343d97fca7!8m2!3d31.1347884!4d-83.1407667!16s%2Fg%2F11yztjnz_r!19sChIJtYK8TkE57ogRp_yXPTStHqQ?authuser=0&hl=en&rclk=1,auto repair shop,Lanier County,county,GA,2026-07-23T21:53:38,0x88ee39414ebc82b5:0xa41ead343d97fca7
Studebaker Automotive,,,,"61 E Simpson Ave, Lakeland, GA 31635, United States",61 E Simpson Ave,Lakeland,GA,31635,5.0,5,Auto repair shop,,,https://www.google.com/maps/place/Studebaker+Automotive/data=!4m7!3m6!1s0x88ee492c13e325ed:0xa8d7528a5c07924c!8m2!3d31.0385622!4d-83.0650709!16s%2Fg%2F11ll7qf3z9!19sChIJ7SXjEyxJ7ogRTJIHXIpS16g?authuser=0&hl=en&rclk=1,auto repair shop,Lanier County,county,GA,2026-07-23T21:53:38,0x88ee492c13e325ed:0xa8d7528a5c07924c
AAMCO Transmissions & Total Car Care,(770) 809-3882,http://www.aamcolawrencevillega.com/?utm_source=G&utm_medium=local&utm_campaign=google-local,,"500 W Pike St, Lawrenceville, GA 30046, United States",500 W Pike St,Lawrenceville,GA,30046,4.6,238,Transmission shop,,,https://www.google.com/maps/place/AAMCO+Transmissions+%26+Total+Car+Care/data=!4m7!3m6!1s0x88f5be87de3a1765:0x6f2985234a0d79c9!8m2!3d33.961592!4d-84.006269!16s%2Fg%2F1tj3lybw!19sChIJZRc63oe-9YgRyXkNSiOFKW8?authuser=0&hl=en&rclk=1,auto repair shop,Gwinnett County,county,GA,2026-07-16T00:59:11,0x88f5be87de3a1765:0x6f2985234a0d79c9
Gann's Automotive Inc.,(678) 380-0810,https://gannsauto.com/,,"728 Scenic Hwy S, Lawrenceville, GA 30046, United States",728 Scenic Hwy S,Lawrenceville,GA,30046,4.7,207,Auto repair shop,,,https://www.google.com/maps/place/Gann%27s+Automotive+Inc./data=!4m7!3m6!1s0x88f5beb4c7c4f423:0xe21d1f16c2619fa3!8m2!3d33.9225303!4d-83.9978967!16s%2Fg%2F1hc4jkpkj!19sChIJI_TEx7S-9YgRo59hwhYfHeI?authuser=0&hl=en&rclk=1,auto repair shop,Gwinnett County,county,GA,2026-07-16T00:59:11,0x88f5beb4c7c4f423:0xe21d1f16c2619fa3
Meineke Car Care Center,(770) 729-4919,https://www.meineke.com/locations/ga/lawrenceville-2901/?utm_source=google&utm_medium=organic&utm_campaign=gbp_website,,"686 Grayson Hwy, Lawrenceville, GA 30046, United States",686 Grayson Hwy,Lawrenceville,GA,30046,4.6,595,Auto repair shop,,,https://www.google.com/maps/place/Meineke+Car+Care+Center/data=!4m7!3m6!1s0x88f5bfaee173bb7f:0x25425fbabfeed177!8m2!3d33.9337899!4d-83.9776919!16s%2Fg%2F11nmrrhgt9!19sChIJf7tz4a6_9YgRd9Huv7pfQiU?authuser=0&hl=en&rclk=1,auto repair shop,Gwinnett County,county,GA,2026-07-23T20:23:20,0x88f5bfaee173bb7f:0x25425fbabfeed177
ALBANY AUTO GLASS,,,,"Park St W, Leesburg, GA 31763, United States",Park St W,Leesburg,GA,31763,,,Auto repair shop,,,https://www.google.com/maps/place/ALBANY+AUTO+GLASS/data=!4m7!3m6!1s0x88f2648a40dad67d:0x8378dcc7594ca35c!8m2!3d31.7214259!4d-84.1684472!16s%2Fg%2F11z8p97d83!19sChIJfdbaQIpk8ogRXKNMWcfceIM?authuser=0&hl=en&rclk=1,auto repair shop,Lee County,county,GA,2026-07-23T22:01:57,0x88f2648a40dad67d:0x8378dcc7594ca35c
County Line Muffler Shop Inc,(229) 883-1426,,,"1558 U.S. Hwy 19 S, Leesburg, GA 31763, United States",1558 U.S. Hwy 19 S,Leesburg,GA,31763,4.8,27,Muffler shop,,,https://www.google.com/maps/place/County+Line+Muffler+Shop+Inc/data=!4m7!3m6!1s0x88f27b780d1fab13:0x514bf78e14e5e7e2!8m2!3d31.6320788!4d-84.1772973!16s%2Fg%2F1tmplbgl!19sChIJE6sfDXh78ogR4uflFI73S1E?authuser=0&hl=en&rclk=1,auto repair shop,Lee County,county,GA,2026-07-23T22:01:57,0x88f27b780d1fab13:0x514bf78e14e5e7e2
Take 5 Oil Change,(229) 516-7113,https://www.take5.com/locations/oil-change/georgia/leesburg/32111/?utm_source=google&utm_medium=organic&utm_campaign=gbp_website,,"1367 US-82, Leesburg, GA 31763, United States",1367 US-82,Leesburg,GA,31763,4.9,285,Oil change service,,,https://www.google.com/maps/place/Take+5+Oil+Change/data=!4m7!3m6!1s0x88f27de54b2bf221:0xd441c1b8efd547b1!8m2!3d31.6307231!4d-84.2394122!16s%2Fg%2F11y0nbg2_f!19sChIJIfIrS-V98ogRsUfV77jBQdQ?authuser=0&hl=en&rclk=1,auto repair shop,Lee County,county,GA,2026-07-23T22:01:57,0x88f27de54b2bf221:0xd441c1b8efd547b1
Welch Mechanical Services LLC,,,,"133 Walnut Ave S, Leesburg, GA 31763, United States",133 Walnut Ave S,Leesburg,GA,31763,5.0,2,Auto repair shop,,,https://www.google.com/maps/place/Welch+Mechanical+Services+LLC/data=!4m7!3m6!1s0x88f265acfb06794f:0xbf86ca7276b025a7!8m2!3d31.7298462!4d-84.171848!16s%2Fg%2F11xkg313rf!19sChIJT3kG-6xl8ogRpyWwdnLKhr8?authuser=0&hl=en&rclk=1,auto repair shop,Lee County,county,GA,2026-07-23T22:01:57,0x88f265acfb06794f:0xbf86ca7276b025a7
"C.S Autos, LLC.",,,,"4485 Lawrenceville Hwy Ste 207 #3356, Lilburn, GA 30047, United States",4485 Lawrenceville Hwy Ste 207 #3356,Lilburn,GA,30047,4.9,74,Auto repair shop,,,"https://www.google.com/maps/place/C.S+Autos,+LLC./data=!4m7!3m6!1s0x88f5a543815ab0b5:0xbbbf5e8d2edc9d6b!8m2!3d33.9005605!4d-84.1313515!16s%2Fg%2F11txqcgq1r!19sChIJtbBagUOl9YgRa53cLo1ev7s?authuser=0&hl=en&rclk=1",auto repair shop,Gwinnett County,county,GA,2026-07-16T00:59:11,0x88f5a543815ab0b5:0xbbbf5e8d2edc9d6b
City Tire Inc,(706) 359-6970,https://www.citytireinctowing.com/,,"649 Washington St, Lincolnton, GA 30817, United States",649 Washington St,Lincolnton,GA,30817,4.8,123,Towing service,,,https://www.google.com/maps/place/City+Tire+Inc/data=!4m7!3m6!1s0x88f79133c8592d4f:0xe147a66da4a305a0!8m2!3d33.804059!4d-82.471337!16s%2Fg%2F1td3mfpd!19sChIJTy1ZyDOR94gRoAWjpG2mR-E?authuser=0&hl=en&rclk=1,auto repair shop,Lincoln County,county,GA,2026-07-23T22:09:53,0x88f79133c8592d4f:0xe147a66da4a305a0
Autoville Inc.,(770) 944-3116,http://www.autovillega.com/,,"205 Thornton Rd, Lithia Springs, GA 30122, United States",205 Thornton Rd,Lithia Springs,GA,30122,4.7,161,Auto repair shop,,,https://www.google.com/maps/place/Autoville+Inc./data=!4m7!3m6!1s0x88f5224944489fcf:0x11be8b314c0bfcd3!8m2!3d33.7961166!4d-84.6425126!16s%2Fg%2F1t_wq5ww!19sChIJz59IREki9YgR0_wLTDGLvhE?authuser=0&hl=en&rclk=1,auto repair shop,Douglas County,county,GA,2026-07-23T18:23:38,0x88f5224944489fcf:0x11be8b314c0bfcd3
Dubtec Automotive,,,,"273 Cypress, Ludowici, GA 31316, United States",273 Cypress,Ludowici,GA,31316,5.0,1,Auto repair shop,,,https://www.google.com/maps/place/Dubtec+Automotive/data=!4m7!3m6!1s0x88fac26e92afc7dd:0xb126e57ae2cd1fc8!8m2!3d31.7106914!4d-81.750002!16s%2Fg%2F11k5ltk2c_!19sChIJ3cevkm7C-ogRyB_N4nrlJrE?authuser=0&hl=en&rclk=1,auto repair shop,Long County,county,GA,2026-07-23T22:18:13,0x88fac26e92afc7dd:0xb126e57ae2cd1fc8
Mr . Micheals garage long county,,,,"4159 Rye Patch Rd, Ludowici, GA 31316, United States",4159 Rye Patch Rd,Ludowici,GA,31316,,,Parking garage,,,https://www.google.com/maps/place/Mr+.+Micheals+garage+long+county/data=!4m7!3m6!1s0x88fae90079f95011:0x57f804f4619196b1!8m2!3d31.8148154!4d-81.7682986!16s%2Fg%2F11ymk5rzz2!19sChIJEVD5eQDp-ogRsZaRYfQE-Fc?authuser=0&hl=en&rclk=1,auto repair shop,Long County,county,GA,2026-07-23T22:18:13,0x88fae90079f95011:0x57f804f4619196b1
Williams Motorsports,,,,"123 Glover Ln, Ludowici, GA 31316, United States",123 Glover Ln,Ludowici,GA,31316,2.3,3,ATV repair shop,,,https://www.google.com/maps/place/Williams+Motorsports/data=!4m7!3m6!1s0x88fac3a6fe90f2bf:0x4ff9135f0c1bf861!8m2!3d31.7024084!4d-81.743372!16s%2Fg%2F11ss1gfrtf!19sChIJv_KQ_qbD-ogRYfgbDF8T-U8?authuser=0&hl=en&rclk=1,auto repair shop,Long County,county,GA,2026-07-23T22:18:13,0x88fac3a6fe90f2bf:0x4ff9135f0c1bf861
Complete Auto Repair,,,,"173 N State St, Lyons, GA 30436, United States",173 N State St,Lyons,GA,30436,5.0,1,Auto repair shop,,,https://www.google.com/maps/place/Complete+Auto+Repair/data=!4m7!3m6!1s0x88f086a26947e2cd:0x80fa9427de98a399!8m2!3d32.2060866!4d-82.3224239!16s%2Fg%2F11h_wzgd9v!19sChIJzeJHaaKG8IgRmaOY3ieU-oA?authuser=0&hl=en&rclk=1,auto repair shop,Emanuel County,county,GA,2026-07-23T19:13:54,0x88f086a26947e2cd:0x80fa9427de98a399
NAPA Auto Parts - T&S AUTO AND AG LLC,(912) 526-6575,https://www.napaonline.com/en/GA/Lyons/store/30692?cid=pl_jobber_google_dac_30692_ao,,"104 E Liberty Ave, Lyons, GA 30436, United States",104 E Liberty Ave,Lyons,GA,30436,4.6,95,Auto parts store,,,https://www.google.com/maps/place/NAPA+Auto+Parts+-+T%26S+AUTO+AND+AG+LLC/data=!4m7!3m6!1s0x88f086a35d1f1019:0x57ed82a96e603203!8m2!3d32.20266!4d-82.321194!16s%2Fg%2F1th7nqz_!19sChIJGRAfXaOG8IgRAzJgbqmC7Vc?authuser=0&hl=en&rclk=1,auto repair shop,Toombs County,county,GA,2026-07-24T01:24:10,0x88f086a35d1f1019:0x57ed82a96e603203
Ford Performance Specialists Inc.,(770) 949-7191,http://fordspecialists.com/,,"351 Six Flags Pkwy SW, Mableton, GA 30126, United States",351 Six Flags Pkwy SW,Mableton,GA,30126,4.2,106,Auto repair shop,,,https://www.google.com/maps/place/Ford+Performance+Specialists+Inc./data=!4m7!3m6!1s0x88f51938f9d61f17:0x7ca3e78a2e7677d2!8m2!3d33.7794953!4d-84.5451704!16s%2Fg%2F1td1437g!19sChIJFx_W-TgZ9YgR0nd2Lorno3w?authuser=0&hl=en&rclk=1,auto repair shop,Stewart County,county,GA,2026-07-16T06:34:15,0x88f51938f9d61f17:0x7ca3e78a2e7677d2
AAMCO Transmissions & Total Car Care,(478) 750-0090,http://www.aamcomaconga.com/,,"453 Pine St, Macon, GA 31201, United States",453 Pine St,Macon,GA,31201,4.0,241,Transmission shop,,,https://www.google.com/maps/place/AAMCO+Transmissions+%26+Total+Car+Care/data=!4m7!3m6!1s0x88f3fbfbec264521:0xd22ecca2385954a3!8m2!3d32.8315028!4d-83.6300083!16s%2Fg%2F1vg4kn0r!19sChIJIUUm7Pv784gRo1RZOKLMLtI?authuser=0&hl=en&rclk=1,auto repair shop,Wilkinson County,county,GA,2026-07-24T02:40:48,0x88f3fbfbec264521:0xd22ecca2385954a3
Ard's Auto & Truck Repair Inc,(478) 784-9208,,,"4425 Marion Ave, Macon, GA 31206, United States",4425 Marion Ave,Macon,GA,31206,4.9,21,Truck repair shop,,,https://www.google.com/maps/place/Ard%27s+Auto+%26+Truck+Repair+Inc/data=!4m7!3m6!1s0x88f3fcf608dbd5c1:0x7c71e8139e0609d1!8m2!3d32.7820963!4d-83.6499256!16s%2Fg%2F1th6fp4d!19sChIJwdXbCPb884gR0QkGnhPocXw?authuser=0&hl=en&rclk=1,auto repair shop,Macon County,county,GA,2026-07-23T22:36:21,0x88f3fcf608dbd5c1:0x7c71e8139e0609d1
Firestone Complete Auto Care,(478) 219-3828,https://www.firestonecompleteautocare.com/georgia/macon/3659-eisenhower-pkwy/?utm_source=google&utm_medium=organic&utm_campaign=localmaps&cmp=oloc_google_localmaps_maps,,"3659 Eisenhower Pkwy, Macon, GA 31206, United States",3659 Eisenhower Pkwy,Macon,GA,31206,4.1,426,Tire shop,,,https://www.google.com/maps/place/Firestone+Complete+Auto+Care/data=!4m7!3m6!1s0x88f3fbe9a9662b05:0x8d6fa780c4f3a9b7!8m2!3d32.8166066!4d-83.6902683!16s%2Fg%2F1tdyx5tv!19sChIJBStmqen784gRt6nzxICnb40?authuser=0&hl=en&rclk=1,auto repair shop,Bibb County,county,GA,2026-07-23T15:41:34,0x88f3fbe9a9662b05:0x8d6fa780c4f3a9b7
Firestone Complete Auto Care,(478) 200-5752,https://www.firestonecompleteautocare.com/georgia/macon/2754-riverside-dr/?utm_source=google&utm_medium=organic&utm_campaign=localmaps&cmp=oloc_google_localmaps_maps,,"2754 Riverside Dr, Macon, GA 31204, United States",2754 Riverside Dr,Macon,GA,31204,4.3,576,Tire shop,,,https://www.google.com/maps/place/Firestone+Complete+Auto+Care/data=!4m7!3m6!1s0x88f3ff2623b785eb:0x9ff9ac552b0c0cd4!8m2!3d32.8776021!4d-83.6667996!16s%2Fg%2F1ttdntsm!19sChIJ64W3Iyb_84gR1AwMK1Ws-Z8?authuser=0&hl=en&rclk=1,auto repair shop,Macon,city,GA,2026-07-24T02:55:15,0x88f3ff2623b785eb:0x9ff9ac552b0c0cd4
Hutchinson Kia of Macon Service,,https://www.kiaofmacon.com/service/?utm_source=google&utm_medium=organic&utm_campaign=scgooglemybusiness,,"3931 River Pl Dr, Macon, GA 31210, United States",3931 River Pl Dr,Macon,GA,31210,4.7,1354,Auto repair shop,,,https://www.google.com/maps/place/Hutchinson+Kia+of+Macon+Service/data=!4m7!3m6!1s0x88f3f90662a149b5:0xbbcf4d415c6a152a!8m2!3d32.9054613!4d-83.68516!16s%2Fg%2F11mnntqv03!19sChIJtUmhYgb584gRKhVqXEFNz7s?authuser=0&hl=en&rclk=1,auto repair shop,Macon,city,GA,2026-07-24T02:55:15,0x88f3f90662a149b5:0xbbcf4d415c6a152a
"IAMCO Automotive, Inc.",(478) 345-0727,http://www.iamcoautomotive.com/ContactUs.htm,,"5548 Thomaston Rd, Macon, GA 31220, United States",5548 Thomaston Rd,Macon,GA,31220,3.6,45,Auto repair shop,,,"https://www.google.com/maps/place/IAMCO+Automotive,+Inc./data=!4m7!3m6!1s0x88f3fa1fdf053e83:0x986449ea3140fc54!8m2!3d32.832542!4d-83.7427231!16s%2Fg%2F11bwl3kg0g!19sChIJgz4F3x_684gRVPxAMepJZJg?authuser=0&hl=en&rclk=1",auto repair shop,Macon,city,GA,2026-07-24T02:55:15,0x88f3fa1fdf053e83:0x986449ea3140fc54
Jiffy Lube,(478) 474-7888,https://www.jiffylube.com/locations/ga/macon/1353,,"4421 Forsyth Rd, Macon, GA 31210, United States",4421 Forsyth Rd,Macon,GA,31210,4.7,1176,Oil change service,,,https://www.google.com/maps/place/Jiffy+Lube/data=!4m7!3m6!1s0x88f3f918b1c36143:0xf2f5a2799d6f3c13!8m2!3d32.8693738!4d-83.6994469!16s%2Fg%2F1vyn4ph1!19sChIJQ2HDsRj584gREzxvnXmi9fI?authuser=0&hl=en&rclk=1,auto repair shop,Macon,city,GA,2026-07-24T02:55:15,0x88f3f918b1c36143:0xf2f5a2799d6f3c13
Premier Imports Inc,(478) 475-9094,,,"4343 Interstate Dr, Macon, GA 31210, United States",4343 Interstate Dr,Macon,GA,31210,4.9,18,Car repair and maintenance service,,,https://www.google.com/maps/place/Premier+Imports+Inc/data=!4m7!3m6!1s0x88f3f987bd1c9bd1:0xab4647d1a5731f26!8m2!3d32.8259551!4d-83.7298242!16s%2Fg%2F1tff8ftk!19sChIJ0ZscvYf584gRJh9zpdFHRqs?authuser=0&hl=en&rclk=1,auto repair shop,Macon,city,GA,2026-07-24T02:55:15,0x88f3f987bd1c9bd1:0xab4647d1a5731f26
B & B Automotive Inc,(706) 342-8686,,,"1140 Commerce Dr, Madison, GA 30650, United States",1140 Commerce Dr,Madison,GA,30650,4.5,16,Auto repair shop,,,https://www.google.com/maps/place/B+%26+B+Automotive+Inc/data=!4m7!3m6!1s0x88f68718a0946247:0x7380ccf857010de6!8m2!3d33.5468205!4d-83.4731751!16s%2Fg%2F1tsyqmqx!19sChIJR2KUoBiH9ogR5g0BV_jMgHM?authuser=0&hl=en&rclk=1,auto repair shop,Hancock County,county,GA,2026-07-23T20:30:08,0x88f68718a0946247:0x7380ccf857010de6
Bohlen Garage Inc,(706) 342-2374,http://bohlen-garage-inc.edan.io/,,"1431 Fairground Rd, Madison, GA 30650, United States",1431 Fairground Rd,Madison,GA,30650,4.5,43,Auto repair shop,,,https://www.google.com/maps/place/Bohlen+Garage+Inc/data=!4m7!3m6!1s0x88f686e95e34bebd:0x27568e32dd8c0ab5!8m2!3d33.5618068!4d-83.481986!16s%2Fg%2F1tlc8xw8!19sChIJvb40XumG9ogRtQqM3TKOVic?authuser=0&hl=en&rclk=1,auto repair shop,Hancock County,county,GA,2026-07-23T20:30:08,0x88f686e95e34bebd:0x27568e32dd8c0ab5
PRECISION UNIBODY INC,(706) 342-4407,https://www.precisionunibodyrepair.com/,,"1560 Cox Rd, Madison, GA 30650, United States",1560 Cox Rd,Madison,GA,30650,4.7,35,Auto body shop,,,https://www.google.com/maps/place/PRECISION+UNIBODY+INC/data=!4m7!3m6!1s0x88f686568c45c511:0x1403146d674326d7!8m2!3d33.5798706!4d-83.4762757!16s%2Fg%2F1tlvqcr1!19sChIJEcVFjFaG9ogR1yZDZ20UAxQ?authuser=0&hl=en&rclk=1,auto repair shop,Morgan County,county,GA,2026-07-23T22:22:37,0x88f686568c45c511:0x1403146d674326d7
Walmart Auto Care Center,(706) 342-8552,https://www.walmart.com/store/1363-madison-ga/auto-care-center/?veh=seo_loc,,"1681 Eatonton Rd, Madison, GA 30650, United States",1681 Eatonton Rd,Madison,GA,30650,3.9,85,Oil change service,,,https://www.google.com/maps/place/Walmart+Auto+Care+Center/data=!4m7!3m6!1s0x88f686eed4021cb1:0x63a20869d9ddd953!8m2!3d33.566127!4d-83.4798579!16s%2Fg%2F1td4_qbg!19sChIJsRwC1O6G9ogRU9nd2WkIomM?authuser=0&hl=en&rclk=1,auto repair shop,Morgan County,county,GA,2026-07-23T23:09:20,0x88f686eed4021cb1:0x63a20869d9ddd953
Discount Tire and Auto Repair,(706) 846-8370,,,"236 Second St, Manchester, GA 31816, United States",236 Second St,Manchester,GA,31816,4.6,99,Tire shop,,,https://www.google.com/maps/place/Discount+Tire+and+Auto+Repair/data=!4m7!3m6!1s0x88f35df2bc32af85:0x79cb2a644902ed5e!8m2!3d32.8526626!4d-84.6165555!16s%2Fg%2F1tgmx35_!19sChIJha8yvPJd84gRXu0CSWQqy3k?authuser=0&hl=en&rclk=1,auto repair shop,Meriwether County,county,GA,2026-07-23T22:49:01,0x88f35df2bc32af85:0x79cb2a644902ed5e
Johnson's Automotive Inc.,(706) 846-5270,,,"55 E Main St, Manchester, GA 31816, United States",55 E Main St,Manchester,GA,31816,4.6,8,Auto repair shop,,,https://www.google.com/maps/place/Johnson%27s+Automotive+Inc./data=!4m7!3m6!1s0x88f35df33c3cbecf:0x3dd17741013dd629!8m2!3d32.8512991!4d-84.6114027!16s%2Fg%2F1thvhs89!19sChIJz748PPNd84gRKdY9AUF30T0?authuser=0&hl=en&rclk=1,auto repair shop,Talbot County,county,GA,2026-07-24T00:45:50,0x88f35df33c3cbecf:0x3dd17741013dd629
.,,,,"13073 Hwy 53, Marble Hill, GA 30148, United States",13073 Hwy 53,Marble Hill,GA,30148,,,Auto repair shop,,,https://www.google.com/maps/place/./data=!4m7!3m6!1s0x885f812fa8ae826f:0x694b50a775c80bb3!8m2!3d34.412451!4d-84.2843624!16s%2Fg%2F11kj20q0sl!19sChIJb4KuqC-BX4gRswvIdadQS2k?authuser=0&hl=en&rclk=1,auto repair shop,Pickens County,county,GA,2026-07-16T05:23:03,0x885f812fa8ae826f:0x694b50a775c80bb3
AAMCO Transmissions & Total Car Care,(770) 691-2798,http://www.aamcomarietta-cobbparkway.com/?utm_source=G&utm_medium=local&utm_campaign=google-local,,"1702 Cobb Pkwy SE, Marietta, GA 30060, United States",1702 Cobb Pkwy SE,Marietta,GA,30060,4.5,332,Transmission shop,,,https://www.google.com/maps/place/AAMCO+Transmissions+%26+Total+Car+Care/data=!4m7!3m6!1s0x88f516a95555553b:0x2e3b95a8c83b1355!8m2!3d33.91153!4d-84.495377!16s%2Fg%2F1tgdd7sg!19sChIJO1VVVakW9YgRVRM7yKiVOy4?authuser=0&hl=en&rclk=1,auto repair shop,Cobb County,county,GA,2026-07-15T21:19:32,0x88f516a95555553b:0x2e3b95a8c83b1355
"Car Spa, Inc.",(770) 955-9720,https://carspa.net/locations/marietta-ga-car-wash/,,"2330 Windy Hill Rd SE, Marietta, GA 30067, United States",2330 Windy Hill Rd SE,Marietta,GA,30067,4.5,2945,Car wash,,,"https://www.google.com/maps/place/Car+Spa,+Inc./data=!4m7!3m6!1s0x88f51106a72a4b23:0x508c323ae742bfec!8m2!3d33.903064!4d-84.485982!16s%2Fg%2F1tddbpkt!19sChIJI0sqpwYR9YgR7L9C5zoyjFA?authuser=0&hl=en&rclk=1",auto repair shop,Cobb County,county,GA,2026-07-23T17:42:05,0x88f51106a72a4b23:0x508c323ae742bfec
"Crawford's Auto Repair, Inc.",(770) 635-8890,,,"1609 Lower Roswell Rd, Marietta, GA 30068, United States",1609 Lower Roswell Rd,Marietta,GA,30068,4.7,161,Auto repair shop,,,"https://www.google.com/maps/place/Crawford%27s+Auto+Repair,+Inc./data=!4m7!3m6!1s0x88f513e6114a0e7b:0xd7ce98f0ad8065d1!8m2!3d33.9522313!4d-84.5055473!16s%2Fg%2F1wbg07nw!19sChIJew5KEeYT9YgR0WWArfCYztc?authuser=0&hl=en&rclk=1",auto repair shop,Cobb County,county,GA,2026-07-23T17:09:28,0x88f513e6114a0e7b:0xd7ce98f0ad8065d1
"German Auto Repair, Inc.",(770) 579-1613,https://germanautorepairincga.hibuwebsites.com/,,"1540 Roswell Rd Ste 500, Marietta, GA 30062, United States",1540 Roswell Rd Ste 500,Marietta,GA,30062,4.7,232,Auto repair shop,,,"https://www.google.com/maps/place/German+Auto+Repair,+Inc./data=!4m7!3m6!1s0x88f513e5c245a9f5:0x6eea63c007bc19c5!8m2!3d33.9512895!4d-84.5073131!16s%2Fg%2F1thd7j8_!19sChIJ9alFwuUT9YgRxRm8B8Bj6m4?authuser=0&hl=en&rclk=1",auto repair shop,Cobb County,county,GA,2026-07-23T17:42:05,0x88f513e5c245a9f5:0x6eea63c007bc19c5
"JC & D Auto Service, Inc.",(770) 688-6047,,,"1875 Airport Industrial Park Dr SE F, Marietta, GA 30060, United States",1875 Airport Industrial Park Dr SE F,Marietta,GA,30060,5.0,50,Auto repair shop,,,"https://www.google.com/maps/place/JC+%26+D+Auto+Service,+Inc./data=!4m7!3m6!1s0x88f5140663524145:0xb5ce9b8eee13ab96!8m2!3d33.906198!4d-84.4946705!16s%2Fg%2F1260mrkvy!19sChIJRUFSYwYU9YgRlqsT7o6bzrU?authuser=0&hl=en&rclk=1",auto repair shop,Cobb County,county,GA,2026-07-15T21:19:32,0x88f5140663524145:0xb5ce9b8eee13ab96
Masters Automotive Inc,(678) 738-5333,https://mastersautomotivemarietta.com/,,"1140 Roswell Rd, Marietta, GA 30062, United States",1140 Roswell Rd,Marietta,GA,30062,4.6,208,Auto repair shop,,,https://www.google.com/maps/place/Masters+Automotive+Inc/data=!4m7!3m6!1s0x88f513f96a1d37c7:0xa2be53402de01818!8m2!3d33.9491509!4d-84.5181227!16s%2Fg%2F11b6696sy3!19sChIJxzcdavkT9YgRGBjgLUBTvqI?authuser=0&hl=en&rclk=1,auto repair shop,Cobb County,county,GA,2026-07-15T21:19:32,0x88f513f96a1d37c7:0xa2be53402de01818
Midas,(678) 460-3307,https://www.midas.com/store/ga/marietta/1764-cobb-parkway-south-30060/?shopnum=3293&utm_source=google&utm_medium=organic&utm_campaign=gbp,,"1764 Cobb Pkwy SE, Marietta, GA 30060, United States",1764 Cobb Pkwy SE,Marietta,GA,30060,4.7,1028,Auto repair shop,,,https://www.google.com/maps/place/Midas/data=!4m7!3m6!1s0x88f51110eda8ba0b:0x7b0e5f54ec561233!8m2!3d33.9094988!4d-84.4941332!16s%2Fg%2F11h0z9zks!19sChIJC7qo7RAR9YgRMxJW7FRfDns?authuser=0&hl=en&rclk=1,auto repair shop,Cobb County,county,GA,2026-07-15T21:19:32,0x88f51110eda8ba0b:0x7b0e5f54ec561233
Milligan and Sons Garage,,,,"390 Seven Forks Rd, Martin, GA 30557, United States",390 Seven Forks Rd,Martin,GA,30557,,,Auto body shop,,,https://www.google.com/maps/place/Milligan+and+Sons+Garage/data=!4m7!3m6!1s0x8858919c848765f9:0x7fb4489c92984308!8m2!3d34.5140453!4d-83.1453243!16s%2Fg%2F11kqgs1xfr!19sChIJ-WWHhJyRWIgRCEOYkpxItH8?authuser=0&hl=en&rclk=1,auto repair shop,Stephens County,county,GA,2026-07-24T00:36:57,0x8858919c848765f9:0x7fb4489c92984308
"Bentley's Antique Auto Service, Inc.",(678) 407-1947,http://www.mymodela.com/,,"95 W Ridgeway Rd, Maysville, GA 30558, United States",95 W Ridgeway Rd,Maysville,GA,30558,5.0,10,Auto restoration service,,,"https://www.google.com/maps/place/Bentley%27s+Antique+Auto+Service,+Inc./data=!4m7!3m6!1s0x88f6013a943e4055:0x91ca7a764eaf6e06!8m2!3d34.2618255!4d-83.5405044!16s%2Fg%2F1263cmg80!19sChIJVUA-lDoB9ogRBm6vTnZ6ypE?authuser=0&hl=en&rclk=1",auto repair shop,Banks County,county,GA,2026-07-23T15:03:46,0x88f6013a943e4055:0x91ca7a764eaf6e06
AAMCO Transmissions & Total Car Care,(678) 324-3463,http://www.aamcomcdonoughga.com/?utm_source=G&utm_medium=local&utm_campaign=google-local,,"796 Hampton Rd, McDonough Pkwy, McDonough, GA 30253, United States","796 Hampton Rd, McDonough Pkwy",McDonough,GA,30253,3.9,222,Transmission shop,,,https://www.google.com/maps/place/AAMCO+Transmissions+%26+Total+Car+Care/data=!4m7!3m6!1s0x88f459254ff8884f:0x9fc64290f4a98d62!8m2!3d33.434198!4d-84.170875!16s%2Fg%2F1tgpz0r6!19sChIJT4j4TyVZ9IgRYo2p9JBCxp8?authuser=0&hl=en&rclk=1,auto repair shop,Henry County,county,GA,2026-07-16T01:51:24,0x88f459254ff8884f:0x9fc64290f4a98d62
D&D Kustom Collision Inc,(404) 675-9707,http://dndkustoms.com/,,"373 McDonough Pkwy, McDonough, GA 30253, United States",373 McDonough Pkwy,McDonough,GA,30253,4.8,267,Auto body shop,,,https://www.google.com/maps/place/D%26D+Kustom+Collision+Inc/data=!4m7!3m6!1s0x88f45a35b5dadf5d:0x59458fd3ed04b480!8m2!3d33.4398104!4d-84.1674435!16s%2Fg%2F1xcbqg49!19sChIJXd_atTVa9IgRgLQE7dOPRVk?authuser=0&hl=en&rclk=1,auto repair shop,Henry County,county,GA,2026-07-16T01:51:24,0x88f45a35b5dadf5d:0x59458fd3ed04b480
Goodyear Auto Service,(770) 898-3238,https://www.goodyear.com/en-us/goodyearautoservice,,"1020 Shoppes Ln, McDonough, GA 30253, United States",1020 Shoppes Ln,McDonough,GA,30253,4.2,377,Tire shop,,,https://www.google.com/maps/place/Goodyear+Auto+Service/data=!4m7!3m6!1s0x88f45bd24d1010eb:0xef684c6bcaa39269!8m2!3d33.4327385!4d-84.1777493!16s%2Fg%2F1tj74fl9!19sChIJ6xAQTdJb9IgRaZKjymtMaO8?authuser=0&hl=en&rclk=1,auto repair shop,Butts County,county,GA,2026-07-23T16:03:37,0x88f45bd24d1010eb:0xef684c6bcaa39269
JT Auto Service Inc Towing,(678) 708-3640,,,"504 Jonesboro Rd Ste 101, McDonough, GA 30253, United States",504 Jonesboro Rd Ste 101,McDonough,GA,30253,4.8,51,Towing service,,,https://www.google.com/maps/place/JT+Auto+Service+Inc+Towing/data=!4m7!3m6!1s0x88f45bff0c94b13d:0x3d0736519730dd43!8m2!3d33.4583864!4d-84.1746292!16s%2Fg%2F11lm4h6t89!19sChIJPbGUDP9b9IgRQ90wl1E2Bz0?authuser=0&hl=en&rclk=1,auto repair shop,Henry County,county,GA,2026-07-16T01:51:24,0x88f45bff0c94b13d:0x3d0736519730dd43
Meineke Car Care Center,(678) 813-8438,https://www.meineke.com/locations/ga/mcdonough-2928/?utm_source=google&utm_medium=organic&utm_campaign=gbp_website,,"1720 GA-20, McDonough, GA 30253, United States",1720 GA-20,McDonough,GA,30253,4.5,387,Auto repair shop,,,https://www.google.com/maps/place/Meineke+Car+Care+Center/data=!4m7!3m6!1s0x88f45935fb18840f:0x1fe5683f6d7a2028!8m2!3d33.4183104!4d-84.1930848!16s%2Fg%2F11kpgzhf0j!19sChIJD4QY-zVZ9IgRKCB6bT9o5R8?authuser=0&hl=en&rclk=1,auto repair shop,Henry County,county,GA,2026-07-16T01:51:24,0x88f45935fb18840f:0x1fe5683f6d7a2028
Pep Boys Auto Service & Tires,(678) 783-6025,https://www.pepboys.com/stores/ga/mcdonough/325-jonesboro-rd?Cid=gbp_appt_AN:PB%7CPB:G%7CTT:GBP%7CCG:CONVERSION%7CCD:SERVICE,,"325 Jonesboro Rd, McDonough, GA 30253, United States",325 Jonesboro Rd,McDonough,GA,30253,4.1,523,Tire shop,,,https://www.google.com/maps/place/Pep+Boys+Auto+Service+%26+Tires/data=!4m7!3m6!1s0x88f45a3e99473f89:0x69786d264b8cb84c!8m2!3d33.4544145!4d-84.1694993!16s%2Fg%2F1wk6_ly9!19sChIJiT9HmT5a9IgRTLiMSyZteGk?authuser=0&hl=en&rclk=1,auto repair shop,Butts County,county,GA,2026-07-23T16:03:37,0x88f45a3e99473f89:0x69786d264b8cb84c
Mc Intyre Collision Center,,,,"19000 US-441, McIntyre, GA 31054, United States",19000 US-441,McIntyre,GA,31054,4.5,13,Auto repair shop,,,https://www.google.com/maps/place/Mc+Intyre+Collision+Center/data=!4m7!3m6!1s0x88f134f3d560178f:0xb3972eb0eb2d119e!8m2!3d32.8571799!4d-83.1916732!16s%2Fg%2F11h3mw02mh!19sChIJjxdg1fM08YgRnhEt67Aul7M?authuser=0&hl=en&rclk=1,auto repair shop,Wilkinson County,county,GA,2026-07-24T02:40:48,0x88f134f3d560178f:0xb3972eb0eb2d119e
Powersports & equipment,,,,"122 N 8th St, McIntyre, GA 31054, United States",122 N 8th St,McIntyre,GA,31054,3.7,3,ATV repair shop,,,https://www.google.com/maps/place/Powersports+%26+equipment/data=!4m7!3m6!1s0x88f135cef7b2351b:0x14dcdfb0478f5000!8m2!3d32.8471215!4d-83.2042239!16s%2Fg%2F11ft_cj702!19sChIJGzWy98418YgRAFCPR7Df3BQ?authuser=0&hl=en&rclk=1,auto repair shop,Wilkinson County,county,GA,2026-07-16T09:19:46,0x88f135cef7b2351b:0x14dcdfb0478f5000
Knight's Diesel Repair,,,,"261 Willow Creek Ln, McRae-Helena, GA 31055, United States",261 Willow Creek Ln,McRae-Helena,GA,31055,5.0,3,Auto repair shop,,,https://www.google.com/maps/place/Knight%27s+Diesel+Repair/data=!4m7!3m6!1s0x88f05319e16d7901:0x95c3ac3a8d499d61!8m2!3d32.0621166!4d-82.8876356!16s%2Fg%2F11q8y13gq3!19sChIJAXlt4RlT8IgRYZ1JjTqsw5U?authuser=0&hl=en&rclk=1,auto repair shop,Dodge County,county,GA,2026-07-23T18:41:50,0x88f05319e16d7901:0x95c3ac3a8d499d61
Mc Rae Auto Mart Inc,(229) 868-9867,https://mcraeautomartinc.us/,,"201 3rd Ave, McRae-Helena, GA 31055, United States",201 3rd Ave,McRae-Helena,GA,31055,3.3,9,Used car dealer,,,https://www.google.com/maps/place/Mc+Rae+Auto+Mart+Inc/data=!4m7!3m6!1s0x88f054af0ee36967:0xb84ba0dbb4845d02!8m2!3d32.0568775!4d-82.9050427!16s%2Fg%2F1tjz8sjq!19sChIJZ2njDq9U8IgRAl2EtNugS7g?authuser=0&hl=en&rclk=1,auto repair shop,Telfair County,county,GA,2026-07-24T01:06:56,0x88f054af0ee36967:0xb84ba0dbb4845d02
Mc Rae Auto Mart Inc.,,,,"201 E Oak St, McRae-Helena, GA 31055, United States",201 E Oak St,McRae-Helena,GA,31055,4.5,2,Car dealer,,,https://www.google.com/maps/place/Mc+Rae+Auto+Mart+Inc./data=!4m7!3m6!1s0x88f0536117cea5cf:0x29fef278d80154d9!8m2!3d32.0614483!4d-82.8820862!16s%2Fg%2F11h_wz9wl4!19sChIJz6XOF2FT8IgR2VQB2Hjy_ik?authuser=0&hl=en&rclk=1,auto repair shop,Telfair County,county,GA,2026-07-24T01:06:56,0x88f0536117cea5cf:0x29fef278d80154d9
NAPA Auto Parts - Brooks Auto Parts,(229) 868-5636,https://www.napaonline.com/en/GA/Mcrae-Helena/store/22332?cid=pl_jobber_google_dac_22332_ao,,"48 W Oak St, McRae-Helena, GA 31055, United States",48 W Oak St,McRae-Helena,GA,31055,4.6,30,Auto parts store,,,https://www.google.com/maps/place/NAPA+Auto+Parts+-+Brooks+Auto+Parts/data=!4m7!3m6!1s0x88f054a841210d49:0x2318e138975274ee!8m2!3d32.068722!4d-82.901868!16s%2Fg%2F1tdmfqgg!19sChIJSQ0hQahU8IgR7nRSlzjhGCM?authuser=0&hl=en&rclk=1,auto repair shop,Telfair County,county,GA,2026-07-24T01:06:56,0x88f054a841210d49:0x2318e138975274ee
O'Reilly Auto Parts,(229) 868-0020,https://locations.oreillyauto.com/en-us/ga/mcrae-helena/autoparts-1631.html,,"98 W Oak St, McRae-Helena, GA 31055, United States",98 W Oak St,McRae-Helena,GA,31055,4.4,183,Auto parts store,,,https://www.google.com/maps/place/O%27Reilly+Auto+Parts/data=!4m7!3m6!1s0x88f054a841210d49:0x28fdbaa1b5d4747d!8m2!3d32.0697524!4d-82.906072!16s%2Fg%2F1vxvjpm0!19sChIJSQ0hQahU8IgRfXTUtaG6_Sg?authuser=0&hl=en&rclk=1,auto repair shop,Telfair County,county,GA,2026-07-24T01:06:56,0x88f054a841210d49:0x28fdbaa1b5d4747d
Pap Paps Auto,,,,"19 S 1st Ave, McRae-Helena, GA 31055, United States",19 S 1st Ave,McRae-Helena,GA,31055,,,Auto bodywork mechanic,,,https://www.google.com/maps/place/Pap+Paps+Auto/data=!4m7!3m6!1s0x88f0556b5bfe1157:0xa4ba6d0e756861e7!8m2!3d32.0665621!4d-82.8980001!16s%2Fg%2F11vsn57kw8!19sChIJVxH-W2tV8IgR52FodQ5tuqQ?authuser=0&hl=en&rclk=1,auto repair shop,Telfair County,county,GA,2026-07-24T01:06:56,0x88f0556b5bfe1157:0xa4ba6d0e756861e7
Rentz Automotive & Performance,,,,"201 3rd Ave, McRae-Helena, GA 31055, United States",201 3rd Ave,McRae-Helena,GA,31055,3.4,5,Auto repair shop,,,https://www.google.com/maps/place/Rentz+Automotive+%26+Performance/data=!4m7!3m6!1s0x88f053528d68f9c7:0x8a8c5a932483d546!8m2!3d32.056907!4d-82.905!16s%2Fg%2F11tcvcfn6c!19sChIJx_lojVJT8IgRRtWDJJNajIo?authuser=0&hl=en&rclk=1,auto repair shop,Dodge County,county,GA,2026-07-23T18:41:50,0x88f053528d68f9c7:0x8a8c5a932483d546
WJ Services Inc,(912) 299-5865,https://sites.google.com/wjservices.co/team/home,,"2226 Sugar Rd, Metter, GA 30439, United States",2226 Sugar Rd,Metter,GA,30439,5.0,2,Mechanic,,,https://www.google.com/maps/place/WJ+Services+Inc/data=!4m7!3m6!1s0x88fa0d88fe2e0907:0xe8cde33ffed7f991!8m2!3d32.4987039!4d-82.082914!16s%2Fg%2F11ty711h0y!19sChIJBwku_ogN-ogRkfnX_j_jzeg?authuser=0&hl=en&rclk=1,auto repair shop,Candler County,county,GA,2026-07-23T16:48:38,0x88fa0d88fe2e0907:0xe8cde33ffed7f991
Cap'n Wonky RV Technician and Inspections,,,,"216 GA-22, Milledgeville, GA 31061, United States",216 GA-22,Milledgeville,GA,31061,5.0,2,RV repair shop,,,https://www.google.com/maps/place/Cap%27n+Wonky+RV+Technician+and+Inspections/data=!4m7!3m6!1s0x88f6b7ca1666cb89:0xf4546af904806a7c!8m2!3d33.0736439!4d-83.3157521!16s%2Fg%2F11yygcrw1b!19sChIJictmFsq39ogRfGqABPlqVPQ?authuser=0&hl=en&rclk=1,auto repair shop,Wilkinson County,county,GA,2026-07-16T09:19:46,0x88f6b7ca1666cb89:0xf4546af904806a7c
Coleman Firestone,(478) 295-2403,,,"1890 N Columbia St, Milledgeville, GA 31061, United States",1890 N Columbia St,Milledgeville,GA,31061,3.8,77,Tire shop,,,https://www.google.com/maps/place/Coleman+Firestone/data=!4m7!3m6!1s0x88f6b8760d4e172d:0xacf4aa6b806e043!8m2!3d33.1051106!4d-83.251933!16s%2Fg%2F1tcyy8cf!19sChIJLRdODXa49ogRQ-AGuKZKzwo?authuser=0&hl=en&rclk=1,auto repair shop,Putnam County,county,GA,2026-07-23T23:19:38,0x88f6b8760d4e172d:0xacf4aa6b806e043
Discount Automotive AC,,,,"680 Lawrence Rd Ste C Rd, Milledgeville, GA 31061, United States",680 Lawrence Rd Ste C Rd,Milledgeville,GA,31061,,,Auto repair shop,,,https://www.google.com/maps/place/Discount+Automotive+AC/data=!4m7!3m6!1s0x88f6c9e734be5711:0x3eee0c433e76a5fa!8m2!3d33.0434064!4d-83.2215315!16s%2Fg%2F11l6xnv8_r!19sChIJEVe-NOfJ9ogR-qV2PkMM7j4?authuser=0&hl=en&rclk=1,auto repair shop,Wilkinson County,county,GA,2026-07-16T09:19:46,0x88f6c9e734be5711:0x3eee0c433e76a5fa
Jiffy Lube,(478) 452-5656,https://www.jiffylube.com/locations/ga/milledgeville/2864,,"147 Roberson Mill Rd, Milledgeville, GA 31061, United States",147 Roberson Mill Rd,Milledgeville,GA,31061,4.8,1250,Oil change service,,,https://www.google.com/maps/place/Jiffy+Lube/data=!4m7!3m6!1s0x88f6b87202a99a0f:0xb8602e6433f472cb!8m2!3d33.1045158!4d-83.2606846!16s%2Fg%2F1tfb2vkg!19sChIJD5qpAnK49ogRy3L0M2QuYLg?authuser=0&hl=en&rclk=1,auto repair shop,Putnam County,county,GA,2026-07-23T23:19:38,0x88f6b87202a99a0f:0xb8602e6433f472cb
MAGIC'S TIRE SHOP AND AUTO REPAIR LLC,,https://localsparkworks.shop/,,"1051 S Elbert St, Milledgeville, GA 31061, United States",1051 S Elbert St,Milledgeville,GA,31061,1.0,1,Tire shop,,,https://www.google.com/maps/place/MAGIC%27S+TIRE+SHOP+AND+AUTO+REPAIR+LLC/data=!4m7!3m6!1s0x88f6c90387723945:0x7bff36b909ea3c03!8m2!3d33.0685588!4d-83.2203992!16s%2Fg%2F11nqf2gwzc!19sChIJRTlyhwPJ9ogRAzzqCbk2_3s?authuser=0&hl=en&rclk=1,auto repair shop,Wilkinson County,county,GA,2026-07-24T02:40:48,0x88f6c90387723945:0x7bff36b909ea3c03
"Old Capitol Wrecker Service, Inc.",(478) 453-0032,http://www.oldcapitolwreckerservice.com/,,"2681 Vinson Hwy SE, Milledgeville, GA 31061, United States",2681 Vinson Hwy SE,Milledgeville,GA,31061,4.4,46,Towing service,,,"https://www.google.com/maps/place/Old+Capitol+Wrecker+Service,+Inc./data=!4m7!3m6!1s0x88f6c96c2217ab1d:0x14bd032dad174a06!8m2!3d33.0009777!4d-83.1931169!16s%2Fg%2F11c45kfts7!19sChIJHasXImzJ9ogRBkoXrS0DvRQ?authuser=0&hl=en&rclk=1",auto repair shop,Wilkinson County,county,GA,2026-07-16T09:19:46,0x88f6c96c2217ab1d:0x14bd032dad174a06
Simmons Auto Care,,,,"436 E Walton St, Milledgeville, GA 31061, United States",436 E Walton St,Milledgeville,GA,31061,4.1,19,Auto repair shop,,,https://www.google.com/maps/place/Simmons+Auto+Care/data=!4m7!3m6!1s0x88f6c7c1452efe77:0x2b51b427d3e35167!8m2!3d33.0924771!4d-83.2246468!16s%2Fg%2F1260rk0l3!19sChIJd_4uRcHH9ogRZ1Hj0ye0USs?authuser=0&hl=en&rclk=1,auto repair shop,Baldwin County,county,GA,2026-07-23T14:51:42,0x88f6c7c1452efe77:0x2b51b427d3e35167
South Side Car Care,,,,"140 Moore St SE, Milledgeville, GA 31061, United States",140 Moore St SE,Milledgeville,GA,31061,,,Car repair and maintenance service,,,https://www.google.com/maps/place/South+Side+Car+Care/data=!4m7!3m6!1s0x88f6c98a604328c9:0x5562ee1a47076c67!8m2!3d33.0484176!4d-83.2295836!16s%2Fg%2F11tsxm17yp!19sChIJyShDYIrJ9ogRZ2wHRxruYlU?authuser=0&hl=en&rclk=1,auto repair shop,Wilkinson County,county,GA,2026-07-16T09:19:46,0x88f6c98a604328c9:0x5562ee1a47076c67
Southside Customs Paint & Body,,,,"1051 S Elbert St, Milledgeville, GA 31061, United States",1051 S Elbert St,Milledgeville,GA,31061,4.5,2,Auto repair shop,,,https://www.google.com/maps/place/Southside+Customs+Paint+%26+Body/data=!4m7!3m6!1s0x88f6c870ce4656a1:0x5902986f4691bb7c!8m2!3d33.0686059!4d-83.220389!16s%2Fg%2F11h9ldz7ym!19sChIJoVZGznDI9ogRfLuRRm-YAlk?authuser=0&hl=en&rclk=1,auto repair shop,Wilkinson County,county,GA,2026-07-16T09:19:46,0x88f6c870ce4656a1:0x5902986f4691bb7c
Take 5 Oil Change,(478) 295-6102,https://www.take5.com/locations/oil-change/georgia/milledgeville/31230/,,"2404 N Columbia St, Milledgeville, GA 31061, United States",2404 N Columbia St,Milledgeville,GA,31061,4.8,297,Oil change service,,,https://www.google.com/maps/place/Take+5+Oil+Change/data=!4m7!3m6!1s0x88f6b993b5d76e75:0xfac7b7c393cb777!8m2!3d33.1093096!4d-83.2553966!16s%2Fg%2F11zj_k24bn!19sChIJdW7XtZO59ogRd7c8OXx7rA8?authuser=0&hl=en&rclk=1,auto repair shop,Putnam County,county,GA,2026-07-23T23:19:38,0x88f6b993b5d76e75:0xfac7b7c393cb777
Valvoline Instant Oil Change,(478) 453-8714,https://store.vioc.com/ga/milledgeville/1897-n-columbia-st?utm_source=google&utm_medium=local&utm_campaign=localsearch,,"1897 N Columbia St, Milledgeville, GA 31061, United States",1897 N Columbia St,Milledgeville,GA,31061,4.9,364,Oil change service,,,https://www.google.com/maps/place/Valvoline+Instant+Oil+Change/data=!4m7!3m6!1s0x88f6b91606719d11:0x5735f37f3cdc5c3f!8m2!3d33.10632!4d-83.25183!16s%2Fg%2F11sq_zf2wf!19sChIJEZ1xBha59ogRP1zcPH_zNVc?authuser=0&hl=en&rclk=1,auto repair shop,Putnam County,county,GA,2026-07-23T23:19:38,0x88f6b91606719d11:0x5735f37f3cdc5c3f
Lane Auto & Tractor Inc,(478) 982-5468,http://lane-auto-tractor-inc.keeq.io/,,"507 US-25, Millen, GA 30442, United States",507 US-25,Millen,GA,30442,4.5,21,Auto parts store,,,https://www.google.com/maps/place/Lane+Auto+%26+Tractor+Inc/data=!4m7!3m6!1s0x88f9f5fbf3fce699:0x1393880d6100615d!8m2!3d32.7956543!4d-81.9507431!16s%2Fg%2F1vzg32fj!19sChIJmeb88_v1-YgRXWEAYQ2IkxM?authuser=0&hl=en&rclk=1,auto repair shop,Jenkins County,county,GA,2026-07-23T21:38:53,0x88f9f5fbf3fce699:0x1393880d6100615d
Al's Discount Tire,(404) 645-9529,,,"442 N Broad St, Monroe, GA 30655, United States",442 N Broad St,Monroe,GA,30655,3.6,62,Tire shop,,,https://www.google.com/maps/place/Al%27s+Discount+Tire/data=!4m7!3m6!1s0x88f5d088f5db8943:0x1a2680d674a2d695!8m2!3d33.8025954!4d-83.7170395!16s%2Fg%2F1tlbvkk3!19sChIJQ4nb9YjQ9YgRldaidNaAJho?authuser=0&hl=en&rclk=1,auto repair shop,Walton County,county,GA,2026-07-16T08:21:48,0x88f5d088f5db8943:0x1a2680d674a2d695
Harris Automotive,,,,"2790 Dry Pond Spur, Monroe, GA 30656, United States",2790 Dry Pond Spur,Monroe,GA,30656,4.0,5,Auto repair shop,,,https://www.google.com/maps/place/Harris+Automotive/data=!4m7!3m6!1s0x88f5dba34b24ba19:0xcf54134515c334ef!8m2!3d33.8768617!4d-83.7096521!16s%2Fg%2F11f1067hzv!19sChIJGbokS6Pb9YgR7zTDFUUTVM8?authuser=0&hl=en&rclk=1,auto repair shop,Monroe County,county,GA,2026-07-23T23:02:05,0x88f5dba34b24ba19:0xcf54134515c334ef
NAPA Auto Parts - JMP Enterprises,(770) 267-2557,https://www.napaonline.com/en/GA/Monroe/store/21092?cid=pl_jobber_google_dac_21092_ao,,"524 E Spring St, Monroe, GA 30655, United States",524 E Spring St,Monroe,GA,30655,4.4,77,Auto parts store,,,https://www.google.com/maps/place/NAPA+Auto+Parts+-+JMP+Enterprises/data=!4m7!3m6!1s0x88f5d08db2fa94d3:0x415eb4d070d366cb!8m2!3d33.796369!4d-83.706172!16s%2Fg%2F1tc_g2z7!19sChIJ05T6so3Q9YgRy2bTcNC0XkE?authuser=0&hl=en&rclk=1,auto repair shop,Walton County,county,GA,2026-07-16T08:21:48,0x88f5d08db2fa94d3:0x415eb4d070d366cb
Pep Boys Auto Service & Tires,(770) 526-0445,https://www.pepboys.com/stores/ga/monroe/2035-west-spring-st?Cid=gbp_appt_AN:PB%7CPB:G%7CTT:GBP%7CCG:CONVERSION%7CCD:SERVICE,,"2035 W Spring St, Monroe, GA 30655, United States",2035 W Spring St,Monroe,GA,30655,4.4,524,Tire shop,,,https://www.google.com/maps/place/Pep+Boys+Auto+Service+%26+Tires/data=!4m7!3m6!1s0x88f5d016a6d57cf3:0x18fccda10dc09a7e!8m2!3d33.7957045!4d-83.743964!16s%2Fg%2F1tjdh10l!19sChIJ83zVphbQ9YgRfprADaHN_Bg?authuser=0&hl=en&rclk=1,auto repair shop,Walton County,county,GA,2026-07-24T01:01:21,0x88f5d016a6d57cf3:0x18fccda10dc09a7e
Walmart Auto Care Center,(770) 267-5281,https://www.walmart.com/store/780-monroe-ga/auto-care-center/?veh=seo_loc,,"2050 W Spring St, Monroe, GA 30655, United States",2050 W Spring St,Monroe,GA,30655,3.7,74,Oil change service,,,https://www.google.com/maps/place/Walmart+Auto+Care+Center/data=!4m7!3m6!1s0x88f5d015475b9c57:0xf0486676d77bd04c!8m2!3d33.798102!4d-83.7428229!16s%2Fg%2F11xvzn4d6!19sChIJV5xbRxXQ9YgRTNB713ZmSPA?authuser=0&hl=en&rclk=1,auto repair shop,Walton County,county,GA,2026-07-16T08:21:48,0x88f5d015475b9c57:0xf0486676d77bd04c
Meineke Car Care Center,(334) 647-6893,https://www.meineke.com/locations/al/montgomery-1700/?utm_source=google&utm_medium=organic&utm_campaign=gbp_website,,"5700 - B Atlanta Hwy, Montgomery, AL 36117, United States",5700 - B Atlanta Hwy,Montgomery,AL,36117,4.5,576,Auto repair shop,,,https://www.google.com/maps/place/Meineke+Car+Care+Center/data=!4m7!3m6!1s0x888c2bda5523d327:0x22eeae655636b59f!8m2!3d32.381456!4d-86.203268!16s%2Fg%2F1hc6jn4wh!19sChIJJ9MjVdorjIgRn7U2VmWu7iI?authuser=0&hl=en&rclk=1,auto repair shop,Montgomery County,county,GA,2026-07-23T23:05:48,0x888c2bda5523d327:0x22eeae655636b59f
Firestone Complete Auto Care,(229) 375-5471,https://www.firestonecompleteautocare.com/georgia/moody-afb/7277-robbins-rd-bldg-554/?utm_source=google&utm_medium=organic&utm_campaign=localmaps&cmp=oloc_google_localmaps_maps,,"7277 Robbins Rd Bldg 554 Bldg 554, Moody AFB, GA 31699, United States",7277 Robbins Rd Bldg 554 Bldg 554,Moody AFB,GA,31699,4.7,236,Tire shop,,,https://www.google.com/maps/place/Firestone+Complete+Auto+Care/data=!4m7!3m6!1s0x88ee43ca67eb2a61:0xdac593f6b2483395!8m2!3d30.9714584!4d-83.2083085!16s%2Fg%2F1vzg31q0!19sChIJYSrrZ8pD7ogRlTNIsvaTxdo?authuser=0&hl=en&rclk=1,auto repair shop,Lanier County,county,GA,2026-07-23T21:53:38,0x88ee43ca67eb2a61:0xdac593f6b2483395
Auto Quick Inc.,(678) 272-6830,,,"1019 Mt Zion Rd, Morrow, GA 30260, United States",1019 Mt Zion Rd,Morrow,GA,30260,4.5,82,Car repair and maintenance service,,,https://www.google.com/maps/place/Auto+Quick+Inc./data=!4m7!3m6!1s0x88f4fbfc380d2c29:0x72deddec3f451633!8m2!3d33.5719039!4d-84.3575498!16s%2Fg%2F11b8c5j98k!19sChIJKSwNOPz79IgRMxZFP-zd3nI?authuser=0&hl=en&rclk=1,auto repair shop,Clayton County,county,GA,2026-07-15T21:11:17,0x88f4fbfc380d2c29:0x72deddec3f451633
Champ's Tire Service,,,,"727 Tillman Rd, Moultrie, GA 31788, United States",727 Tillman Rd,Moultrie,GA,31788,5.0,2,Auto repair shop,,,https://www.google.com/maps/place/Champ%27s+Tire+Service/data=!4m7!3m6!1s0x88ee0b006a5145ff:0x90a50b95aff73fac!8m2!3d31.141911!4d-83.590026!16s%2Fg%2F11xrxt3jfx!19sChIJ_0VRagAL7ogRrD_3r5ULpZA?authuser=0&hl=en&rclk=1,auto repair shop,Cook County,county,GA,2026-07-15T21:39:39,0x88ee0b006a5145ff:0x90a50b95aff73fac
"Tony's Tire & Road Service, Inc",(229) 890-9989,,,"1318 N Main St, Moultrie, GA 31768, United States",1318 N Main St,Moultrie,GA,31768,4.4,133,Tire shop,,,"https://www.google.com/maps/place/Tony%27s+Tire+%26+Road+Service,+Inc/data=!4m7!3m6!1s0x88ede8cf4e57926b:0xff68a2e98798e5bf!8m2!3d31.1964482!4d-83.7892949!16s%2Fg%2F1q6j9gqnz!19sChIJa5JXTs_o7YgRv-WYh-miaP8?authuser=0&hl=en&rclk=1",auto repair shop,Colquitt County,county,GA,2026-07-23T17:49:37,0x88ede8cf4e57926b:0xff68a2e98798e5bf
NAPA Auto Parts - Mason's Auto Parts,(912) 583-2693,https://www.napaonline.com/en/GA/Mount-Vernon/store/802681?cid=pl_jobber_google_dac_802681_ao,,"110 E Spring St, Mt Vernon, GA 30445, United States",110 E Spring St,Mt Vernon,GA,30445,4.8,11,Auto parts store,,,https://www.google.com/maps/place/NAPA+Auto+Parts+-+Mason%27s+Auto+Parts/data=!4m7!3m6!1s0x88f0f54d571b7e15:0xf0b620d2c6380506!8m2!3d32.178626!4d-82.594206!16s%2Fg%2F11n7dvb0lh!19sChIJFX4bV0318IgRBgU4xtIgtvA?authuser=0&hl=en&rclk=1,auto repair shop,Telfair County,county,GA,2026-07-16T07:09:51,0x88f0f54d571b7e15:0xf0b620d2c6380506
"Brantley Auto Parts, Inc.",(912) 462-6207,https://locations.bumpertobumper.com/ga/nahunta/2978962/,,"9648 S Main St, Nahunta, GA 31553, United States",9648 S Main St,Nahunta,GA,31553,4.8,200,Auto parts store,,,"https://www.google.com/maps/place/Brantley+Auto+Parts,+Inc./data=!4m7!3m6!1s0x88e54f63867994b1:0x1d11ccde9e718cfa!8m2!3d31.2002143!4d-81.9829844!16s%2Fg%2F1tfczmq6!19sChIJsZR5hmNP5YgR-oxxnt7MER0?authuser=0&hl=en&rclk=1",auto repair shop,Brantley County,county,GA,2026-07-23T15:54:59,0x88e54f63867994b1:0x1d11ccde9e718cfa
NAPA Auto Parts - Woodards Auto Center Inc,(912) 462-6850,https://www.napaonline.com/en/GA/Nahunta/store/35706?cid=pl_jobber_google_dac_35706_ao,,"10511 N Main St, Nahunta, GA 31553, United States",10511 N Main St,Nahunta,GA,31553,4.5,37,Auto parts store,,,https://www.google.com/maps/place/NAPA+Auto+Parts+-+Woodards+Auto+Center+Inc/data=!4m7!3m6!1s0x88e54f68b625570b:0x3fd0da75c4958df8!8m2!3d31.212568!4d-81.979497!16s%2Fg%2F1tq6f99_!19sChIJC1cltmhP5YgR-I2VxHXa0D8?authuser=0&hl=en&rclk=1,auto repair shop,Brantley County,county,GA,2026-07-15T19:02:19,0x88e54f68b625570b:0x3fd0da75c4958df8
Hemee Head Classic Restorations,,,,"502 E Marion Ave, Nashville, GA 31639, United States",502 E Marion Ave,Nashville,GA,31639,,,Auto repair shop,,,https://www.google.com/maps/place/Hemee+Head+Classic+Restorations/data=!4m7!3m6!1s0x88ee3d0003234443:0x3590e7379ea71070!8m2!3d31.2070706!4d-83.2466139!16s%2Fg%2F11n9fj0c0c!19sChIJQ0QjAwA97ogRcBCnnjfnkDU?authuser=0&hl=en&rclk=1,auto repair shop,Atkinson County,county,GA,2026-07-15T17:18:06,0x88ee3d0003234443:0x3590e7379ea71070
Quick Change Auto Clinic,,,,"911 E Washington Ave, Nashville, GA 31639, United States",911 E Washington Ave,Nashville,GA,31639,,,Auto repair shop,,,https://www.google.com/maps/place/Quick+Change+Auto+Clinic/data=!4m7!3m6!1s0x88ee3d0063cecda3:0xff306caa030e9f93!8m2!3d31.2055857!4d-83.2428891!16s%2Fg%2F11y5jhtb_r!19sChIJo83OYwA97ogRk58OA6psMP8?authuser=0&hl=en&rclk=1,auto repair shop,Atkinson County,county,GA,2026-07-23T14:32:22,0x88ee3d0063cecda3:0xff306caa030e9f93
Wade's Auto,,,,"1618 Shane Cir, Nashville, GA 31639, United States",1618 Shane Cir,Nashville,GA,31639,5.0,13,Auto repair shop,,,https://www.google.com/maps/place/Wade%27s+Auto/data=!4m7!3m6!1s0x88ee1701424fa539:0xf8288858e903f726!8m2!3d31.1849021!4d-83.2692871!16s%2Fg%2F11smnw5bf3!19sChIJOaVPQgEX7ogRJvcD6ViIKPg?authuser=0&hl=en&rclk=1,auto repair shop,Berrien County,county,GA,2026-07-23T15:39:25,0x88ee1701424fa539:0xf8288858e903f726
Antonio SB auto mechanic,,,,"425 Good Hope Rd, Naylor, GA 31641, United States",425 Good Hope Rd,Naylor,GA,31641,5.0,1,Auto repair shop,,,https://www.google.com/maps/place/Antonio+SB+auto+mechanic/data=!4m7!3m6!1s0x88ee4fb5cd8325a1:0x866c7b90984f6592!8m2!3d30.9787467!4d-83.0570743!16s%2Fg%2F11t_kx2g10!19sChIJoSWDzbVP7ogRkmVPmJB7bIY?authuser=0&hl=en&rclk=1,auto repair shop,Echols County,county,GA,2026-07-23T18:59:15,0x88ee4fb5cd8325a1:0x866c7b90984f6592
AAMCO Transmissions & Total Car Care,(678) 737-5673,http://www.aamconewnanga.com/?utm_source=G&utm_medium=local&utm_campaign=google-local,,"30 Tower Pl, Newnan, GA 30263, United States",30 Tower Pl,Newnan,GA,30263,4.5,305,Transmission shop,,,https://www.google.com/maps/place/AAMCO+Transmissions+%26+Total+Car+Care/data=!4m7!3m6!1s0x88f4c88c1978cb11:0xd6f1531b30914e9f!8m2!3d33.381622!4d-84.788298!16s%2Fg%2F1ttq2ynh!19sChIJEct4GYzI9IgRn06RMBtT8dY?authuser=0&hl=en&rclk=1,auto repair shop,Coweta County,county,GA,2026-07-23T18:04:10,0x88f4c88c1978cb11:0xd6f1531b30914e9f
Goodyear Auto Service,(770) 253-7853,https://www.goodyear.com/en-us/goodyearautoservice,,"29 Lagrange St, Newnan, GA 30263, United States",29 Lagrange St,Newnan,GA,30263,4.4,190,Tire shop,,,https://www.google.com/maps/place/Goodyear+Auto+Service/data=!4m7!3m6!1s0x88f4c859140b3d43:0x70fb8c3fe79becb3!8m2!3d33.3724476!4d-84.8011845!16s%2Fg%2F1tfxhj91!19sChIJQz0LFFnI9IgRs-yb5z-M-3A?authuser=0&hl=en&rclk=1,auto repair shop,Coweta County,county,GA,2026-07-23T18:04:10,0x88f4c859140b3d43:0x70fb8c3fe79becb3
Pep Boys Auto Service & Tires,(770) 769-2868,https://stores.pepboys.com/ga/newnan/85-marketplace-drive.html,,"85 Marketplace Dr, Newnan, GA 30265, United States",85 Marketplace Dr,Newnan,GA,30265,4.2,619,Tire shop,,,https://www.google.com/maps/place/Pep+Boys+Auto+Service+%26+Tires/data=!4m7!3m6!1s0x88f4c154a4371f35:0xd165bb6fc01ad264!8m2!3d33.408969!4d-84.6890243!16s%2Fg%2F11b5plg3fw!19sChIJNR83pFTB9IgRZNIawG-7ZdE?authuser=0&hl=en&rclk=1,auto repair shop,Coweta County,county,GA,2026-07-23T18:04:10,0x88f4c154a4371f35:0xd165bb6fc01ad264
Ricky Auto repair and diagnostic,,,,"271 Baldwin Ct, Newnan, GA 30263, United States",271 Baldwin Ct,Newnan,GA,30263,,,Auto repair shop,,,https://www.google.com/maps/place/Ricky+Auto+repair+and+diagnostic/data=!4m7!3m6!1s0x88f4c90065c34c8b:0x10ac96cac33bec0b!8m2!3d33.4123459!4d-84.7911136!16s%2Fg%2F11yqpzjr4g!19sChIJi0zDZQDJ9IgRC-w7w8qWrBA?authuser=0&hl=en&rclk=1,auto repair shop,Coweta County,county,GA,2026-07-23T18:04:10,0x88f4c90065c34c8b:0x10ac96cac33bec0b
Mecanico Andres,,,,"333 S Meadow Rd, Nicholls, GA 31554, United States",333 S Meadow Rd,Nicholls,GA,31554,5.0,1,Auto repair shop,,,https://www.google.com/maps/place/Mecanico+Andres/data=!4m7!3m6!1s0x88f02900668ca971:0x30b8a08de62fbfcb!8m2!3d31.4508813!4d-82.7484474!16s%2Fg%2F11y6743nm9!19sChIJcamMZgAp8IgRy78v5o2guDA?authuser=0&hl=en&rclk=1,auto repair shop,Stewart County,county,GA,2026-07-24T00:01:49,0x88f02900668ca971:0x30b8a08de62fbfcb
Box location,,,,"F5XV+PG, Norwood, GA 30821, United States",F5XV+PG,Norwood,GA,30821,,,Auto repair shop,,,https://www.google.com/maps/place/Box+location/data=!4m7!3m6!1s0x88f707000c8bc479:0x50393b817389ff71!8m2!3d33.4993649!4d-82.8062065!16s%2Fg%2F11ww7nhwkw!19sChIJecSLDAAH94gRcf-Jc4E7OVA?authuser=0&hl=en&rclk=1,auto repair shop,Taliaferro County,county,GA,2026-07-16T06:52:15,0x88f707000c8bc479:0x50393b817389ff71
"Total Auto Service, Inc.",(770) 532-2627,http://www.totalautoserviceinc.com/,,"5268 McEver Rd, Oakwood, GA 30566, United States",5268 McEver Rd,Oakwood,GA,30566,4.3,125,Auto repair shop,,,"https://www.google.com/maps/place/Total+Auto+Service,+Inc./data=!4m7!3m6!1s0x88f5f31ddf786889:0x3b0f4b0f976e307!8m2!3d34.2257048!4d-83.9057543!16s%2Fg%2F1tdr44sh!19sChIJiWh43x3z9YgRB-N2-bD0sAM?authuser=0&hl=en&rclk=1",auto repair shop,Jackson County,county,GA,2026-07-23T21:17:26,0x88f5f31ddf786889:0x3b0f4b0f976e307
Arrowhead Paint & Body,,,,"1015 N Irwin Ave, Ocilla, GA 31774, United States",1015 N Irwin Ave,Ocilla,GA,31774,,,Auto repair shop,,,https://www.google.com/maps/place/Arrowhead+Paint+%26+Body/data=!4m7!3m6!1s0x88f1dd006ec94dbf:0x44223fa49794d321!8m2!3d31.6074032!4d-83.2497642!16s%2Fg%2F11npqwqnqf!19sChIJv03JbgDd8YgRIdOUl6Q_IkQ?authuser=0&hl=en&rclk=1,auto repair shop,Irwin County,county,GA,2026-07-23T21:11:06,0x88f1dd006ec94dbf:0x44223fa49794d321
Clark's Off-road,,https://m.facebook.com/ClarksOffroadRepairs/,,"110 N Irwin Ave, Ocilla, GA 31774, United States",110 N Irwin Ave,Ocilla,GA,31774,5.0,1,ATV repair shop,,,https://www.google.com/maps/place/Clark%27s+Off-road/data=!4m7!3m6!1s0x88f1e74a350ebee1:0x8da5d8c20855721d!8m2!3d31.5948495!4d-83.2508935!16s%2Fg%2F11t0w936b9!19sChIJ4b4ONUrn8YgRHXJVCMLYpY0?authuser=0&hl=en&rclk=1,auto repair shop,Ben Hill County,county,GA,2026-07-23T15:35:40,0x88f1e74a350ebee1:0x8da5d8c20855721d
NAPA Auto Parts - Brooks Auto Parts,(229) 468-7483,https://www.napaonline.com/en/GA/Ocilla/store/22031?cid=pl_jobber_google_dac_22031_ao,,"616 N Irwin Ave, Ocilla, GA 31774, United States",616 N Irwin Ave,Ocilla,GA,31774,4.5,20,Auto parts store,,,https://www.google.com/maps/place/NAPA+Auto+Parts+-+Brooks+Auto+Parts/data=!4m7!3m6!1s0x88f1e789df9d2d11:0x9e83c224f8d61cc2!8m2!3d31.6024772!4d-83.250736!16s%2Fg%2F1txc7w8x!19sChIJES2d34nn8YgRwhzW-CTCg54?authuser=0&hl=en&rclk=1,auto repair shop,Ben Hill County,county,GA,2026-07-23T14:56:08,0x88f1e789df9d2d11:0x9e83c224f8d61cc2
"South Georgia Lube Center, Inc.",(229) 468-4435,,,"133 Fitzgerald Hwy, Ocilla, GA 31774, United States",133 Fitzgerald Hwy,Ocilla,GA,31774,4.6,50,Tire shop,,,"https://www.google.com/maps/place/South+Georgia+Lube+Center,+Inc./data=!4m7!3m6!1s0x88f1ddb232bc7e3d:0xab08cb4eceeccc46!8m2!3d31.6101152!4d-83.2499344!16s%2Fg%2F11j7gpfm3v!19sChIJPX68MrLd8YgRRszszk7LCKs?authuser=0&hl=en&rclk=1",auto repair shop,Atkinson County,county,GA,2026-07-23T14:32:22,0x88f1ddb232bc7e3d:0xab08cb4eceeccc46
ATM,,,,"127 W Railroad St S, Pelham, GA 31779, United States",127 W Railroad St S,Pelham,GA,31779,3.0,1,ATM,,,https://www.google.com/maps/place/ATM/data=!4m7!3m6!1s0x88eda270a34190cd:0xb12bc82c8b963607!8m2!3d31.1267287!4d-84.1524754!16s%2Fg%2F1thvz2_6!19sChIJzZBBo3Ci7YgRBzaWiyzIK7E?authuser=0&hl=en&rclk=1,auto repair shop,Mitchell County,county,GA,2026-07-16T04:26:12,0x88eda270a34190cd:0xb12bc82c8b963607
"Godwin Tire & Auto, Inc.",(229) 294-2224,,,"7271 County Line Rd, Pelham, GA 31779, United States",7271 County Line Rd,Pelham,GA,31779,4.7,41,Tire shop,,,"https://www.google.com/maps/place/Godwin+Tire+%26+Auto,+Inc./data=!4m7!3m6!1s0x88eda0f04c78075f:0xf4ddad1656b04ffa!8m2!3d31.079067!4d-84.2879929!16s%2Fg%2F1w4f8yj3!19sChIJXwd4TPCg7YgR-k-wVhat3fQ?authuser=0&hl=en&rclk=1",auto repair shop,Baker County,county,GA,2026-07-23T14:49:18,0x88eda0f04c78075f:0xf4ddad1656b04ffa
Optimum performance center,,,,"144 Wright St SE, Pelham, GA 31779, United States",144 Wright St SE,Pelham,GA,31779,,,Auto tune up service,,,https://www.google.com/maps/place/Optimum+performance+center/data=!4m7!3m6!1s0x88eda3b3b74a86b5:0x7f95b49b757dd63!8m2!3d31.126698!4d-84.1512565!16s%2Fg%2F11z3k8cdrv!19sChIJtYZKt7Oj7YgRY91Xt0lb-Qc?authuser=0&hl=en&rclk=1,auto repair shop,Mitchell County,county,GA,2026-07-23T22:59:00,0x88eda3b3b74a86b5:0x7f95b49b757dd63
Southern Equipment Sales and Service Inc.,(229) 225-1930,http://liftsandlube.com/,,"204 Progress Ave, Pelham, GA 31779, United States",204 Progress Ave,Pelham,GA,31779,5.0,2,Auto machine shop,,,https://www.google.com/maps/place/Southern+Equipment+Sales+and+Service+Inc./data=!4m7!3m6!1s0x88edb43248b40d0b:0xd568614339454bac!8m2!3d31.1358761!4d-84.1440344!16s%2Fg%2F1wk6_lr_!19sChIJCw20SDK07YgRrEtFOUNhaNU?authuser=0&hl=en&rclk=1,auto repair shop,Mitchell County,county,GA,2026-07-23T22:59:00,0x88edb43248b40d0b:0xd568614339454bac
Whigham's Auto,,,,"156 Wright St SE, Pelham, GA 31779, United States",156 Wright St SE,Pelham,GA,31779,,,Auto repair shop,,,https://www.google.com/maps/place/Whigham%27s+Auto/data=!4m7!3m6!1s0x88eda30011f71855:0xfe2bd454fe8f6ca6!8m2!3d31.1270073!4d-84.1502687!16s%2Fg%2F11xt4mnb_6!19sChIJVRj3EQCj7YgRpmyP_lTUK_4?authuser=0&hl=en&rclk=1,auto repair shop,Mitchell County,county,GA,2026-07-23T22:59:00,0x88eda30011f71855:0xfe2bd454fe8f6ca6
Ivory Paint & Body Shop,,,,"2105 Macon Rd, Perry, GA 31069, United States",2105 Macon Rd,Perry,GA,31069,3.7,3,Auto repair shop,,,https://www.google.com/maps/place/Ivory+Paint+%26+Body+Shop/data=!4m7!3m6!1s0x88f3dc8d8195e825:0x23014f06f0f10534!8m2!3d32.4914825!4d-83.7302852!16s%2Fg%2F11h6505k95!19sChIJJeiVgY3c84gRNAXx8AZPASM?authuser=0&hl=en&rclk=1,auto repair shop,Macon County,county,GA,2026-07-16T03:49:33,0x88f3dc8d8195e825:0x23014f06f0f10534
Slim’s Mobile Auto Repair,,,,"1234 Main St, Perry, GA 31069, United States",1234 Main St,Perry,GA,31069,1.0,1,Auto repair shop,,,https://www.google.com/maps/place/Slim%E2%80%99s+Mobile+Auto+Repair/data=!4m7!3m6!1s0x88f3dbfd05e24891:0xf722fe4e21ff9fa9!8m2!3d32.4590595!4d-83.7270054!16s%2Fg%2F11xs5xw44p!19sChIJkUjiBf3b84gRqZ__IU7-Ivc?authuser=0&hl=en&rclk=1,auto repair shop,Pulaski County,county,GA,2026-07-16T05:44:35,0x88f3dbfd05e24891:0xf722fe4e21ff9fa9
Wayne's Automotive Repair LLC,,,,"320b General Courtney Hodges Blvd, Perry, GA 31069, United States",320b General Courtney Hodges Blvd,Perry,GA,31069,5.0,6,Auto market,,,https://www.google.com/maps/place/Wayne%27s+Automotive+Repair+LLC/data=!4m7!3m6!1s0x88f3dbd98edb5ddb:0x4fd9879468fb3493!8m2!3d32.4475523!4d-83.7481148!16s%2Fg%2F11x1by30c4!19sChIJ213bjtnb84gRkzT7aJSH2U8?authuser=0&hl=en&rclk=1,auto repair shop,Banks County,county,GA,2026-07-23T15:03:48,0x88f3dbd98edb5ddb:0x4fd9879468fb3493
Dorsey Tire & Auto Care Inc,(912) 748-9401,http://dorseytireautocare.com/,,"1284 US-80, Pooler, GA 31322, United States",1284 US-80,Pooler,GA,31322,4.2,120,Auto body shop,,,https://www.google.com/maps/place/Dorsey+Tire+%26+Auto+Care+Inc/data=!4m7!3m6!1s0x88fba69492fa4e77:0x59baa52b1f3d403a!8m2!3d32.0996983!4d-81.2207931!16s%2Fg%2F1tzzwc8h!19sChIJd076kpSm-4gROkA9Hyululk?authuser=0&hl=en&rclk=1,auto repair shop,Bryan County,county,GA,2026-07-23T15:34:54,0x88fba69492fa4e77:0x59baa52b1f3d403a
Goodyear Auto Service,(912) 748-4663,https://www.goodyear.com/en-us/goodyearautoservice,,"20 Traders Way, Pooler, GA 31322, United States",20 Traders Way,Pooler,GA,31322,3.9,445,Tire shop,,,https://www.google.com/maps/place/Goodyear+Auto+Service/data=!4m7!3m6!1s0x88fba6ac6a48771f:0xf3aeae74ec4290dd!8m2!3d32.1365559!4d-81.2560622!16s%2Fg%2F1v96mndp!19sChIJH3dIaqym-4gR3ZBC7HSurvM?authuser=0&hl=en&rclk=1,auto repair shop,Bryan County,county,GA,2026-07-23T15:34:54,0x88fba6ac6a48771f:0xf3aeae74ec4290dd
Pooler Tire & Auto Center Inc,(912) 748-7579,,,"135 US-80, Pooler, GA 31322, United States",135 US-80,Pooler,GA,31322,4.6,137,Auto repair shop,,,https://www.google.com/maps/place/Pooler+Tire+%26+Auto+Center+Inc/data=!4m7!3m6!1s0x88fba1347d66edfb:0x11550296fdd710b0!8m2!3d32.1152022!4d-81.2468197!16s%2Fg%2F1tmqh1gr!19sChIJ--1mfTSh-4gRsBDX_ZYCVRE?authuser=0&hl=en&rclk=1,auto repair shop,Bryan County,county,GA,2026-07-23T15:34:54,0x88fba1347d66edfb:0x11550296fdd710b0
200 Auto Body,,,,"27310 US-80, Portal, GA 30450, United States",27310 US-80,Portal,GA,30450,4.0,1,Auto repair shop,,,https://www.google.com/maps/place/200+Auto+Body/data=!4m7!3m6!1s0x88fa152410a83fd1:0x2b6da8d097c94078!8m2!3d32.5382174!4d-81.9318348!16s%2Fg%2F11hf9rcl2j!19sChIJ0T-oECQV-ogReEDJl9CobSs?authuser=0&hl=en&rclk=1,auto repair shop,Jenkins County,county,GA,2026-07-23T21:38:53,0x88fa152410a83fd1:0x2b6da8d097c94078
NAPA Auto Parts - Harvey's Automotive Quitman,(229) 263-4131,https://www.napaonline.com/en/GA/Quitman/store/24912?cid=pl_jobber_google_dac_24912_ao,,"400 N Washington St, Quitman, GA 31643, United States",400 N Washington St,Quitman,GA,31643,4.3,24,Auto parts store,,,https://www.google.com/maps/place/NAPA+Auto+Parts+-+Harvey%27s+Automotive+Quitman/data=!4m7!3m6!1s0x88ee7f0681a40613:0x477eb37eec7357e6!8m2!3d30.787499!4d-83.557606!16s%2Fg%2F1q62mnghm!19sChIJEwakgQZ_7ogR5ldz7H6zfkc?authuser=0&hl=en&rclk=1,auto repair shop,Quitman County,county,GA,2026-07-16T05:51:32,0x88ee7f0681a40613:0x477eb37eec7357e6
Don's Equipment Repair & Truck Sales,,,,"1331 Yorkhouse Rd, Rabun Gap, GA 30568, United States",1331 Yorkhouse Rd,Rabun Gap,GA,30568,5.0,1,Auto repair shop,,,https://www.google.com/maps/place/Don%27s+Equipment+Repair+%26+Truck+Sales/data=!4m7!3m6!1s0x8858d97f7aec9abd:0x6b53723a4fbf60b3!8m2!3d34.9499478!4d-83.3784063!16s%2Fg%2F11y4b_wllm!19sChIJvZrsen_ZWIgRs2C_TzpyU2s?authuser=0&hl=en&rclk=1,auto repair shop,Rabun County,county,GA,2026-07-24T00:10:12,0x8858d97f7aec9abd:0x6b53723a4fbf60b3
Stephens Service Center Inc,(912) 852-5952,,,"508 Stephens-Little Rd, Register, GA 30452, United States",508 Stephens-Little Rd,Register,GA,30452,4.8,8,Auto repair shop,,,https://www.google.com/maps/place/Stephens+Service+Center+Inc/data=!4m7!3m6!1s0x88fa6a14d9a777c3:0xddb091725cefb303!8m2!3d32.3880896!4d-81.885035!16s%2Fg%2F1tmgd8m1!19sChIJw3en2RRq-ogRA7PvXHKRsN0?authuser=0&hl=en&rclk=1,auto repair shop,Bulloch County,county,GA,2026-07-23T15:43:25,0x88fa6a14d9a777c3:0xddb091725cefb303
Truck & Industrial Inc,(912) 852-5500,https://www.semitruckrepairstatesboro.com/,,"4865 US-301, Register, GA 30452, United States",4865 US-301,Register,GA,30452,4.8,36,Truck repair shop,,,https://www.google.com/maps/place/Truck+%26+Industrial+Inc/data=!4m7!3m6!1s0x88fa4192a9cf3313:0x6cf84ceb6649dcf4!8m2!3d32.329641!4d-81.876715!16s%2Fg%2F12628w2mp!19sChIJEzPPqZJB-ogR9NxJZutM-Gw?authuser=0&hl=en&rclk=1,auto repair shop,Bulloch County,county,GA,2026-07-23T16:09:24,0x88fa4192a9cf3313:0x6cf84ceb6649dcf4
Smith's Thank You's,,,,"276 Industrial Dr, Reidsville, GA 30453, United States",276 Industrial Dr,Reidsville,GA,30453,5.0,4,Mechanic,,,https://www.google.com/maps/place/Smith%27s+Thank+You%27s/data=!4m7!3m6!1s0x88fa81b5496518e5:0x63055f3fa51bc50e!8m2!3d32.0783639!4d-82.1363509!16s%2Fg%2F11k503x4vc!19sChIJ5RhlSbWB-ogRDsUbpT9fBWM?authuser=0&hl=en&rclk=1,auto repair shop,Tattnall County,county,GA,2026-07-24T00:55:19,0x88fa81b5496518e5:0x63055f3fa51bc50e
C&C Transmission & Automotive,,,,"1844 Baker Church Rd, Rentz, GA 31075, United States",1844 Baker Church Rd,Rentz,GA,31075,,,Auto repair shop,,,https://www.google.com/maps/place/C%26C+Transmission+%26+Automotive/data=!4m7!3m6!1s0x88f1030008ee9169:0x597bc73095b4dad6!8m2!3d32.3331079!4d-82.9373255!16s%2Fg%2F11vy7r47sn!19sChIJaZHuCAAD8YgR1tq0lTDHe1k?authuser=0&hl=en&rclk=1,auto repair shop,Dodge County,county,GA,2026-07-23T18:41:50,0x88f1030008ee9169:0x597bc73095b4dad6
Carroll's Garage,,,,"3015 Battlefield Pkwy, Resaca, GA 30735, United States",3015 Battlefield Pkwy,Resaca,GA,30735,4.0,42,Auto repair shop,,,https://www.google.com/maps/place/Carroll%27s+Garage/data=!4m7!3m6!1s0x886007fe2495a329:0x15b7c4797521716e!8m2!3d34.580632!4d-84.9434098!16s%2Fg%2F1ptyr7_6j!19sChIJKaOVJP4HYIgRbnEhdXnEtxU?authuser=0&hl=en&rclk=1,auto repair shop,Gordon County,county,GA,2026-07-16T00:41:30,0x886007fe2495a329:0x15b7c4797521716e
S&M Mobile Auto Repair,,,,"3073 Battlefield Pkwy, Resaca, GA 30735, United States",3073 Battlefield Pkwy,Resaca,GA,30735,4.9,12,Mechanic,,,https://www.google.com/maps/place/S%26M+Mobile+Auto+Repair/data=!4m7!3m6!1s0x8860074d610b14dd:0x1a0eeff17bd8d273!8m2!3d34.580966!4d-84.9436786!16s%2Fg%2F11srhr2yw7!19sChIJ3RQLYU0HYIgRc9LYe_HvDho?authuser=0&hl=en&rclk=1,auto repair shop,Murray County,county,GA,2026-07-16T04:38:57,0x8860074d610b14dd:0x1a0eeff17bd8d273
Dennard Diesel Truck Repair,,,,"110 DENNARD SHOP RD, Rhine, GA 31077, United States",110 DENNARD SHOP RD,Rhine,GA,31077,5.0,2,Auto repair shop,,,https://www.google.com/maps/place/Dennard+Diesel+Truck+Repair/data=!4m7!3m6!1s0x88f1a310cd5e8a6b:0x18e8e5a21d29f71!8m2!3d31.8831039!4d-83.1041778!16s%2Fg%2F11nxt3k3kt!19sChIJa4pezRCj8YgRcZ_SIVqOjgE?authuser=0&hl=en&rclk=1,auto repair shop,Telfair County,county,GA,2026-07-24T00:23:23,0x88f1a310cd5e8a6b:0x18e8e5a21d29f71
Burks motors,,,,"273Q+F4, Richland, GA 31825, United States",273Q+F4,Richland,GA,31825,,,Auto repair shop,,,https://www.google.com/maps/place/Burks+motors/data=!4m7!3m6!1s0x88f2c57be16003cf:0x4a4cf1f572780cb6!8m2!3d32.0036324!4d-84.7122385!16s%2Fg%2F11ksb82yk6!19sChIJzwNg4XvF8ogRtgx4cvXxTEo?authuser=0&hl=en&rclk=1,auto repair shop,Stewart County,county,GA,2026-07-24T00:39:38,0x88f2c57be16003cf:0x4a4cf1f572780cb6
Dent Trucking,,https://www.denttruckingllc.com/,,"236 Ponders Mill Rd, Richland, GA 31825, United States",236 Ponders Mill Rd,Richland,GA,31825,3.7,6,Auto repair shop,,,https://www.google.com/maps/place/Dent+Trucking/data=!4m7!3m6!1s0x88f2dd7bf63c0001:0xbc788c345d3e0b75!8m2!3d32.0990317!4d-84.6113413!16s%2Fg%2F11fll6shzp!19sChIJAQA89nvd8ogRdQs-XTSMeLw?authuser=0&hl=en&rclk=1,auto repair shop,Marion County,county,GA,2026-07-16T04:02:30,0x88f2dd7bf63c0001:0xbc788c345d3e0b75
S & M Golden Eagle Oil Inc,(229) 887-9820,,,"Highway 55, Richland, GA 31825, United States",Highway 55,Richland,GA,31825,,,Auto repair shop,,,https://www.google.com/maps/place/S+%26+M+Golden+Eagle+Oil+Inc/data=!4m7!3m6!1s0x89b1a6100214f1dd:0x77fcb3a076de7f4c!8m2!3d32.0882614!4d-84.6670448!16s%2Fg%2F1td2nc9g!19sChIJ3fEUAhCmsYkRTH_edqCz_Hc?authuser=0&hl=en&rclk=1,auto repair shop,Marion County,county,GA,2026-07-16T04:02:30,0x89b1a6100214f1dd:0x77fcb3a076de7f4c
Paul's Automotive Inc.,(912) 826-5115,http://paulgautomotive.com/,,"321 S Columbia Ave Ste D, Rincon, GA 31326, United States",321 S Columbia Ave Ste D,Rincon,GA,31326,4.6,179,Car repair and maintenance service,,,https://www.google.com/maps/place/Paul%27s+Automotive+Inc./data=!4m7!3m6!1s0x88fbbc610a912ce5:0x58db5074021da32f!8m2!3d32.2806886!4d-81.2338589!16s%2Fg%2F11c1wkcb3w!19sChIJ5SyRCmG8-4gRL6MdAnRQ21g?authuser=0&hl=en&rclk=1,auto repair shop,Effingham County,county,GA,2026-07-23T19:01:44,0x88fbbc610a912ce5:0x58db5074021da32f
"Clarke Power Services, Inc.",(706) 956-5385,https://www.clarkepowerservices.com/locations/ringgold-ga,,"124 Gateway Dr, Ringgold, GA 30736, United States",124 Gateway Dr,Ringgold,GA,30736,4.6,76,Truck repair shop,,,"https://www.google.com/maps/place/Clarke+Power+Services,+Inc./data=!4m7!3m6!1s0x88606f77770bfd1b:0x4be262dbade85610!8m2!3d34.9305108!4d-85.150661!16s%2Fg%2F1tddbk_x!19sChIJG_0Ld3dvYIgREFbordti4ks?authuser=0&hl=en&rclk=1",auto repair shop,Catoosa County,county,GA,2026-07-23T16:30:00,0x88606f77770bfd1b:0x4be262dbade85610
Falken Tire,,,,"6467 US-41, Ringgold, GA 30736, United States",6467 US-41,Ringgold,GA,30736,4.7,25,Tire shop,,,https://www.google.com/maps/place/Falken+Tire/data=!4m7!3m6!1s0x88606f94f0c1cb1f:0xac35bc2b21c992f6!8m2!3d34.9229881!4d-85.1293423!16s%2Fg%2F11bz__l9bl!19sChIJH8vB8JRvYIgR9pLJISu8Naw?authuser=0&hl=en&rclk=1,auto repair shop,Catoosa County,county,GA,2026-07-23T16:30:00,0x88606f94f0c1cb1f:0xac35bc2b21c992f6
Fowlers Auto,,,,"2400 US-41, Ringgold, GA 30736, United States",2400 US-41,Ringgold,GA,30736,4.6,18,Car repair and maintenance service,,,https://www.google.com/maps/place/Fowlers+Auto/data=!4m7!3m6!1s0x886065eb52be270d:0x4d435d13200e9d9c!8m2!3d34.960126!4d-85.168755!16s%2Fg%2F11h3vbnccp!19sChIJDSe-UutlYIgRnJ0OIBNdQ00?authuser=0&hl=en&rclk=1,auto repair shop,Catoosa County,county,GA,2026-07-15T20:17:56,0x886065eb52be270d:0x4d435d13200e9d9c
Jiffy Lube Oil Change,(706) 820-6352,https://www.jiffylube.com/locations/ga/ringgold/4099,,"1282 Dietz Rd, Ringgold, GA 30736, United States",1282 Dietz Rd,Ringgold,GA,30736,4.9,996,Oil change service,,,https://www.google.com/maps/place/Jiffy+Lube+Oil+Change/data=!4m7!3m6!1s0x8860699bcad2e895:0xcee914f54b38dd94!8m2!3d34.9382934!4d-85.2058303!16s%2Fg%2F11pz2ghlq2!19sChIJlejSyptpYIgRlN04S_UU6c4?authuser=0&hl=en&rclk=1,auto repair shop,Catoosa County,county,GA,2026-07-15T20:17:56,0x8860699bcad2e895:0xcee914f54b38dd94
Mikeys Body And Repair,,,,"2400 US-41, Ringgold, GA 30736, United States",2400 US-41,Ringgold,GA,30736,5.0,1,Auto body shop,,,https://www.google.com/maps/place/Mikeys+Body+And+Repair/data=!4m7!3m6!1s0x886065eb52dc4407:0xbcde5675f524e4d!8m2!3d34.960126!4d-85.1687549!16s%2Fg%2F11c1xgrmfp!19sChIJB0TcUutlYIgRTU5SX2flzQs?authuser=0&hl=en&rclk=1,auto repair shop,Catoosa County,county,GA,2026-07-15T20:17:56,0x886065eb52dc4407:0xbcde5675f524e4d
Quality Auto & Equipment Inc.,(706) 965-6495,,,"3568 US-41, Ringgold, GA 30736, United States",3568 US-41,Ringgold,GA,30736,4.4,16,Auto body shop,,,https://www.google.com/maps/place/Quality+Auto+%26+Equipment+Inc./data=!4m7!3m6!1s0x8860659b074d9977:0xa8aac2d60323df94!8m2!3d34.9567565!4d-85.1552658!16s%2Fg%2F1tvgw1w4!19sChIJd5lNB5tlYIgRlN8jA9bCqqg?authuser=0&hl=en&rclk=1,auto repair shop,Catoosa County,county,GA,2026-07-23T16:30:00,0x8860659b074d9977:0xa8aac2d60323df94
"Rick Worley & Son, Inc.",(706) 965-9082,https://www.rickworleyandsoninc.com/,,"6413 US-41, Ringgold, GA 30736, United States",6413 US-41,Ringgold,GA,30736,4.3,167,Auto body shop,,,"https://www.google.com/maps/place/Rick+Worley+%26+Son,+Inc./data=!4m7!3m6!1s0x88606f9445079f77:0x17ad0aa8dc611fd!8m2!3d34.9234284!4d-85.1295222!16s%2Fg%2F1tf7yg06!19sChIJd58HRZRvYIgR_RHGjarQegE?authuser=0&hl=en&rclk=1",auto repair shop,Catoosa County,county,GA,2026-07-23T17:00:36,0x88606f9445079f77:0x17ad0aa8dc611fd
Moncrief Repair Services,,,,"205 S Dugger Ave, Roberta, GA 31078, United States",205 S Dugger Ave,Roberta,GA,31078,3.5,24,Auto repair shop,,,https://www.google.com/maps/place/Moncrief+Repair+Services/data=!4m7!3m6!1s0x88f3922ed43b1615:0xd194d9c932d3a6b2!8m2!3d32.716113!4d-84.010448!16s%2Fg%2F1v0llm7l!19sChIJFRY71C6S84gRsqbTMsnZlNE?authuser=0&hl=en&rclk=1,auto repair shop,Crawford County,county,GA,2026-07-23T18:06:44,0x88f3922ed43b1615:0xd194d9c932d3a6b2
Ray's Reliable Repairs,,,,"2649 Rowell Rd, Roberta, GA 31078, United States",2649 Rowell Rd,Roberta,GA,31078,5.0,2,Auto body shop,,,https://www.google.com/maps/place/Ray%27s+Reliable+Repairs/data=!4m7!3m6!1s0x88f393a434d79ed5:0x6778ce93a3217620!8m2!3d32.6826685!4d-83.9478847!16s%2Fg%2F1v_vtq_y!19sChIJ1Z7XNKST84gRIHYho5POeGc?authuser=0&hl=en&rclk=1,auto repair shop,Crawford County,county,GA,2026-07-15T21:50:58,0x88f393a434d79ed5:0x6778ce93a3217620
Firestone Complete Auto Care,(478) 217-4339,https://www.firestonecompleteautocare.com/georgia/robins-air-force-base/977-macon-st/?utm_source=google&utm_medium=organic&utm_campaign=localmaps&cmp=oloc_google_localmaps_maps,,"977 Macon St, Robins Air Force Base, GA 31098, United States",977 Macon St,Robins Air Force Base,GA,31098,4.3,275,Tire shop,,,https://www.google.com/maps/place/Firestone+Complete+Auto+Care/data=!4m7!3m6!1s0x88f15f81c86a080b:0xd8bdba24d4170b86!8m2!3d32.5972071!4d-83.5821702!16s%2Fg%2F1v1sm1lg!19sChIJCwhqyIFf8YgRhgsX1CS6vdg?authuser=0&hl=en&rclk=1,auto repair shop,Houston County,county,GA,2026-07-23T21:07:01,0x88f15f81c86a080b:0xd8bdba24d4170b86
Cook's Body Shop,,,,"Stephens St, Rochelle, GA 31079, United States",Stephens St,Rochelle,GA,31079,4.1,8,Auto repair shop,,,https://www.google.com/maps/place/Cook%27s+Body+Shop/data=!4m7!3m6!1s0x88f18e4f10fc8285:0x511a028e3041a6d2!8m2!3d31.9510872!4d-83.4501493!16s%2Fg%2F11h75p_72h!19sChIJhYL8EE-O8YgR0qZBMI4CGlE?authuser=0&hl=en&rclk=1,auto repair shop,Wilcox County,county,GA,2026-07-24T01:24:31,0x88f18e4f10fc8285:0x511a028e3041a6d2
2 Brothers Auto Repair & Towing,,,,"Holmes Ave, Rome, GA 30165, United States",Holmes Ave,Rome,GA,30165,4.0,1,Auto repair shop,,,https://www.google.com/maps/place/2+Brothers+Auto+Repair+%26+Towing/data=!4m7!3m6!1s0x888aa36453ca7f75:0xccff72991388748b!8m2!3d34.2672109!4d-85.1969331!16s%2Fg%2F11lf6vy3m6!19sChIJdX_KU2SjiogRi3SIE5ly_8w?authuser=0&hl=en&rclk=1,auto repair shop,Floyd County,county,GA,2026-07-23T19:41:30,0x888aa36453ca7f75:0xccff72991388748b
Dean's Collision Center Inc,(706) 290-0062,,,"1544 Calhoun Ave NE, Rome, GA 30161, United States",1544 Calhoun Ave NE,Rome,GA,30161,4.5,98,Auto body shop,,,https://www.google.com/maps/place/Dean%27s+Collision+Center+Inc/data=!4m7!3m6!1s0x888aa50f4d4752d9:0xaa2da5448115030f!8m2!3d34.274256!4d-85.1348126!16s%2Fg%2F1v75sp96!19sChIJ2VJHTQ-liogRDwMVgUSlLao?authuser=0&hl=en&rclk=1,auto repair shop,Floyd County,county,GA,2026-07-23T19:41:30,0x888aa50f4d4752d9:0xaa2da5448115030f
Goodyear Auto Service,(706) 291-8094,https://www.goodyear.com/en-us/goodyearautoservice,,"1613 Shorter Ave NW, Rome, GA 30165, United States",1613 Shorter Ave NW,Rome,GA,30165,4.6,200,Tire shop,,,https://www.google.com/maps/place/Goodyear+Auto+Service/data=!4m7!3m6!1s0x888aa3123263e4ff:0x10339787ee1acf7e!8m2!3d34.2685679!4d-85.2145204!16s%2Fg%2F1wk4dtzg!19sChIJ_-RjMhKjiogRfs8a7oeXMxA?authuser=0&hl=en&rclk=1,auto repair shop,Chattooga County,county,GA,2026-07-23T17:18:49,0x888aa3123263e4ff:0x10339787ee1acf7e
Todd Pierce Body Shop Inc,(706) 295-3922,,,"54 Walenda Dr NW, Rome, GA 30165, United States",54 Walenda Dr NW,Rome,GA,30165,5.0,4,Auto body shop,,,https://www.google.com/maps/place/Todd+Pierce+Body+Shop+Inc/data=!4m7!3m6!1s0x888aa6b8ceb06341:0x7cd6f041b76c7e4b!8m2!3d34.3455724!4d-85.174183!16s%2Fg%2F1tfscm5l!19sChIJQWOwzrimiogRS35st0Hw1nw?authuser=0&hl=en&rclk=1,auto repair shop,Floyd County,county,GA,2026-07-23T19:41:30,0x888aa6b8ceb06341:0x7cd6f041b76c7e4b
Valvoline Instant Oil Change,(470) 206-0008,https://store.vioc.com/ga/rome/2301-shorter-ave?utm_source=google&utm_medium=local&utm_campaign=localsearch,,"2301 Shorter Ave NW, Rome, GA 30165, United States",2301 Shorter Ave NW,Rome,GA,30165,4.9,612,Oil change service,,,https://www.google.com/maps/place/Valvoline+Instant+Oil+Change/data=!4m7!3m6!1s0x888aa39277e9b3db:0x13705f14e5682bc2!8m2!3d34.27121!4d-85.23049!16s%2Fg%2F11kpn9cp4y!19sChIJ27Ppd5KjiogRwito5RRfcBM?authuser=0&hl=en&rclk=1,auto repair shop,Floyd County,county,GA,2026-07-16T00:05:47,0x888aa39277e9b3db:0x13705f14e5682bc2
A&O SERVICE CENTER,,,,"2110 McFarland Ave, Rossville, GA 30741, United States",2110 McFarland Ave,Rossville,GA,30741,4.7,13,Auto repair shop,,,https://www.google.com/maps/place/A%26O+SERVICE+CENTER/data=!4m7!3m6!1s0x8860432c339824bb:0xb1da2175acf91c1d!8m2!3d34.9456069!4d-85.2832303!16s%2Fg%2F11p5jl_pjx!19sChIJuySYMyxDYIgRHRz5rHUh2rE?authuser=0&hl=en&rclk=1,auto repair shop,Catoosa County,county,GA,2026-07-23T16:30:00,0x8860432c339824bb:0xb1da2175acf91c1d
Alex Auto Inc.,(770) 416-8075,http://www.alexautoinc.com/,,"11341 Alpharetta Hwy, Roswell, GA 30076, United States",11341 Alpharetta Hwy,Roswell,GA,30076,4.9,227,Auto repair shop,,,https://www.google.com/maps/place/Alex+Auto+Inc./data=!4m7!3m6!1s0x88f5a1367202d353:0xf9f9aa4971871035!8m2!3d34.0567149!4d-84.3275439!16s%2Fg%2F1tl_00hg!19sChIJU9MCcjah9YgRNRCHcUmq-fk?authuser=0&hl=en&rclk=1,auto repair shop,Roswell,city,GA,2026-07-24T02:59:03,0x88f5a1367202d353:0xf9f9aa4971871035
Auto Shop Corporation,(770) 998-4739,,,"10390 Alpharetta St #530, Roswell, GA 30075, United States",10390 Alpharetta St #530,Roswell,GA,30075,4.8,28,Auto repair shop,,,https://www.google.com/maps/place/Auto+Shop+Corporation/data=!4m7!3m6!1s0x88f574a5bfece9e5:0x741346cf6e668b7e!8m2!3d34.0363449!4d-84.3474662!16s%2Fg%2F1tj6vp0n!19sChIJ5ensv6V09YgRfotmbs9GE3Q?authuser=0&hl=en&rclk=1,auto repair shop,Roswell,city,GA,2026-07-24T02:59:03,0x88f574a5bfece9e5:0x741346cf6e668b7e
Firestone Complete Auto Care,(770) 299-0164,https://www.firestonecompleteautocare.com/georgia/roswell/4676-sandy-plains-rd/?utm_source=google&utm_medium=organic&utm_campaign=localmaps&cmp=oloc_google_localmaps_maps,,"4676 Sandy Plains Rd, Roswell, GA 30075, United States",4676 Sandy Plains Rd,Roswell,GA,30075,4.7,427,Tire shop,,,https://www.google.com/maps/place/Firestone+Complete+Auto+Care/data=!4m7!3m6!1s0x88f5728f01b7cca1:0xd8fed8bd5201668c!8m2!3d34.0633516!4d-84.424891!16s%2Fg%2F1tm898h4!19sChIJocy3AY9y9YgRjGYBUr3Y_tg?authuser=0&hl=en&rclk=1,auto repair shop,Roswell,city,GA,2026-07-24T02:59:03,0x88f5728f01b7cca1:0xd8fed8bd5201668c
Midas,(770) 901-2598,https://www.midas.com/store/ga/roswell/820-holcomb-bridge-road-30076/?shopnum=3193&utm_source=google&utm_medium=organic&utm_campaign=gbp,,"820 Holcomb Bridge Rd, Roswell, GA 30076, United States",820 Holcomb Bridge Rd,Roswell,GA,30076,4.7,1167,Auto repair shop,,,https://www.google.com/maps/place/Midas/data=!4m7!3m6!1s0x88f574b6c04a3b6f:0xb354d8979605d3cb!8m2!3d34.0303072!4d-84.337166!16s%2Fg%2F1td2nb81!19sChIJbztKwLZ09YgRy9MFlpfYVLM?authuser=0&hl=en&rclk=1,auto repair shop,Roswell,city,GA,2026-07-24T02:59:03,0x88f574b6c04a3b6f:0xb354d8979605d3cb
Ozzi's Automotive Inc,(770) 552-5280,https://www.ozzis.com/,,"5015 Old Ellis Point, Roswell, GA 30076, United States",5015 Old Ellis Point,Roswell,GA,30076,5.0,939,Auto repair shop,,,https://www.google.com/maps/place/Ozzi%27s+Automotive+Inc%E2%80%8E/data=!4m7!3m6!1s0x88f574b0eb6e07d1:0x56c5e22055bd92b4!8m2!3d34.0503836!4d-84.3239333!16s%2Fg%2F1tqcm1kt!19sChIJ0Qdu67B09YgRtJK9VSDixVY?authuser=0&hl=en&rclk=1,auto repair shop,Roswell,city,GA,2026-07-24T02:59:03,0x88f574b0eb6e07d1:0x56c5e22055bd92b4
Pep Boys Auto Service & Tires,(770) 769-5788,https://www.pepboys.com/stores/ga/roswell/11845-alpharetta-hwy?Cid=gbp_appt_AN:PB%7CPB:G%7CTT:GBP%7CCG:CONVERSION%7CCD:SERVICE,,"11845 Alpharetta Hwy, Roswell, GA 30076, United States",11845 Alpharetta Hwy,Roswell,GA,30076,4.3,448,Tire shop,,,https://www.google.com/maps/place/Pep+Boys+Auto+Service+%26+Tires/data=!4m7!3m6!1s0x88f574ff67cba0e7:0xedac5c0e04524b70!8m2!3d34.065898!4d-84.315732!16s%2Fg%2F1tgn5l88!19sChIJ56DLZ_909YgRcEtSBA5crO0?authuser=0&hl=en&rclk=1,auto repair shop,Roswell,city,GA,2026-07-16T09:45:53,0x88f574ff67cba0e7:0xedac5c0e04524b70
Perfect Performance Inc.,(770) 993-5777,https://www.perfectperformancetire.com/,,"1089 Fraser St, Roswell, GA 30075, United States",1089 Fraser St,Roswell,GA,30075,4.9,167,Tire shop,,,https://www.google.com/maps/place/Perfect+Performance+Inc./data=!4m7!3m6!1s0x88f57355cb2cd271:0x2dba07eb4d8d5f38!8m2!3d34.0283764!4d-84.3568865!16s%2Fg%2F1td6bqs0!19sChIJcdIsy1Vz9YgROF-NTesHui0?authuser=0&hl=en&rclk=1,auto repair shop,Roswell,city,GA,2026-07-24T02:59:03,0x88f57355cb2cd271:0x2dba07eb4d8d5f38
Roswell Transmission and Car Care Inc.,(770) 993-2846,https://www.roswelltransmissioncarcare.com/,,"105 Hill St, Roswell, GA 30075, United States",105 Hill St,Roswell,GA,30075,4.1,59,Auto repair shop,,,https://www.google.com/maps/place/Roswell+Transmission+and+Car+Care+Inc./data=!4m7!3m6!1s0x88f50cab7651e87b:0xcb08d344087ec65!8m2!3d34.0213518!4d-84.358491!16s%2Fg%2F1thz2hp7!19sChIJe-hRdqsM9YgRZeyHQDSNsAw?authuser=0&hl=en&rclk=1,auto repair shop,Roswell,city,GA,2026-07-24T02:59:03,0x88f50cab7651e87b:0xcb08d344087ec65
S.J Auto Repair,,,,"135 Mansell Pl Ste 509, Roswell, GA 30076, United States",135 Mansell Pl Ste 509,Roswell,GA,30076,5.0,2,Car repair and maintenance service,,,https://www.google.com/maps/place/S.J+Auto+Repair/data=!4m7!3m6!1s0x88f57567d7f36f37:0x7238c38be89c61ea!8m2!3d34.051132!4d-84.3287424!16s%2Fg%2F11m_6ycl4h!19sChIJN2_z12d19YgR6mGc6IvDOHI?authuser=0&hl=en&rclk=1,auto repair shop,Roswell,city,GA,2026-07-16T09:45:53,0x88f57567d7f36f37:0x7238c38be89c61ea
Castrol,,,,"214 S Harris St, Sandersville, GA 31082, United States",214 S Harris St,Sandersville,GA,31082,,,Auto repair shop,,,https://www.google.com/maps/place/Castrol/data=!4m7!3m6!1s0x88f72eb7408e83d1:0x9778b8b22e3d9610!8m2!3d32.9801598!4d-82.8114823!16s%2Fg%2F11sqc_jjb4!19sChIJ0YOOQLcu94gREJY9LrK4eJc?authuser=0&hl=en&rclk=1,auto repair shop,Washington County,county,GA,2026-07-24T01:09:01,0x88f72eb7408e83d1:0x9778b8b22e3d9610
NAPA Auto Parts - Twin City Auto Parts,(478) 552-6952,https://www.napaonline.com/en/GA/Sandersville/store/802814?cid=pl_jobber_google_dac_802814_ao,,"118 S Smith St, Sandersville, GA 31082, United States",118 S Smith St,Sandersville,GA,31082,4.5,76,Auto parts store,,,https://www.google.com/maps/place/NAPA+Auto+Parts+-+Twin+City+Auto+Parts/data=!4m7!3m6!1s0x88f72f5cf19772c7:0xbc170e3c49d4bfac!8m2!3d32.982089!4d-82.808724!16s%2Fg%2F11nwbjcd24!19sChIJx3KX8Vwv94gRrL_USTwOF7w?authuser=0&hl=en&rclk=1,auto repair shop,Washington County,county,GA,2026-07-16T08:34:55,0x88f72f5cf19772c7:0xbc170e3c49d4bfac
Walmart Auto Care Center,(478) 553-1695,https://www.walmart.com/store/1143-sandersville-ga/auto-care-center/?veh=seo_loc,,"1308 S Harris St, Sandersville, GA 31082, United States",1308 S Harris St,Sandersville,GA,31082,3.7,49,Oil change service,,,https://www.google.com/maps/place/Walmart+Auto+Care+Center/data=!4m7!3m6!1s0x88f72c1cd6112fed:0x158517a9d849e75c!8m2!3d32.9518126!4d-82.8122935!16s%2Fg%2F11xqrxmmy!19sChIJ7S8R1hws94gRXOdJ2KkXhRU?authuser=0&hl=en&rclk=1,auto repair shop,Washington County,county,GA,2026-07-24T01:09:01,0x88f72c1cd6112fed:0x158517a9d849e75c
Autobahn Service Center Inc.,(912) 352-0719,,,"2109 Norwood Ave, Savannah, GA 31406, United States",2109 Norwood Ave,Savannah,GA,31406,4.8,95,Auto repair shop,,,https://www.google.com/maps/place/Autobahn+Service+Center+Inc./data=!4m7!3m6!1s0x88fb7682c76169b3:0x1b593e12c77cfca5!8m2!3d31.9861451!4d-81.0732307!16s%2Fg%2F1td9rcp2!19sChIJs2lhx4J2-4gRpfx8xxI-WRs?authuser=0&hl=en&rclk=1,auto repair shop,Chatham County,county,GA,2026-07-15T20:25:40,0x88fb7682c76169b3:0x1b593e12c77cfca5
Dixie Motors Inc,(912) 355-3568,http://www.dixiemotorscarcare.com/,,"2013 E Victory Dr, Savannah, GA 31404, United States",2013 E Victory Dr,Savannah,GA,31404,4.3,187,Auto repair shop,,,https://www.google.com/maps/place/Dixie+Motors+Inc/data=!4m7!3m6!1s0x88fb9df816c52ff5:0xd8dee8d34bbc8c00!8m2!3d32.0408318!4d-81.0658925!16s%2Fg%2F1td43bq0!19sChIJ9S_FFvid-4gRAIy8S9Po3tg?authuser=0&hl=en&rclk=1,auto repair shop,Chatham County,county,GA,2026-07-23T17:06:28,0x88fb9df816c52ff5:0xd8dee8d34bbc8c00
Firestone Complete Auto Care,(912) 421-8318,https://www.firestonecompleteautocare.com/georgia/savannah/11508-abercorn-st/?utm_source=google&utm_medium=organic&utm_campaign=localmaps&cmp=oloc_google_localmaps_maps,,"11508 Abercorn St, Savannah, GA 31419, United States",11508 Abercorn St,Savannah,GA,31419,3.7,569,Tire shop,,,https://www.google.com/maps/place/Firestone+Complete+Auto+Care/data=!4m7!3m6!1s0x88fb75aa1bdff847:0x27f9b5d6ff7d1d72!8m2!3d31.9825294!4d-81.1497801!16s%2Fg%2F1hm2jrd5j!19sChIJR_jfG6p1-4gRch19_9a1-Sc?authuser=0&hl=en&rclk=1,auto repair shop,Bryan County,county,GA,2026-07-23T15:34:54,0x88fb75aa1bdff847:0x27f9b5d6ff7d1d72
Firestone Complete Auto Care,(912) 480-4324,https://www.firestonecompleteautocare.com/georgia/savannah/2901-skidaway-rd/?utm_source=google&utm_medium=organic&utm_campaign=localmaps&cmp=oloc_google_localmaps_maps,,"2901 Skidaway Rd, Savannah, GA 31404, United States",2901 Skidaway Rd,Savannah,GA,31404,4.0,490,Tire shop,,,https://www.google.com/maps/place/Firestone+Complete+Auto+Care/data=!4m7!3m6!1s0x88fb7602c6a67805:0xcb52a067f5e085d7!8m2!3d32.0385922!4d-81.0660219!16s%2Fg%2F1thx4xqb!19sChIJBXimxgJ2-4gR14Xg9WegUss?authuser=0&hl=en&rclk=1,auto repair shop,Savannah,city,GA,2026-07-24T02:49:29,0x88fb7602c6a67805:0xcb52a067f5e085d7
Goodyear Auto Service,(912) 443-1955,https://www.goodyear.com/en-us/goodyearautoservice,,"5704 Ogeechee Rd, Savannah, GA 31405, United States",5704 Ogeechee Rd,Savannah,GA,31405,4.5,510,Tire shop,,,https://www.google.com/maps/place/Goodyear+Auto+Service/data=!4m7!3m6!1s0x88fb0a42398575c5:0x5d0bcf6bb37a959e!8m2!3d32.0281916!4d-81.2231607!16s%2Fg%2F1tdn0c7p!19sChIJxXWFOUIK-4gRnpV6s2vPC10?authuser=0&hl=en&rclk=1,auto repair shop,Bryan County,county,GA,2026-07-23T15:34:54,0x88fb0a42398575c5:0x5d0bcf6bb37a959e
Goodyear Auto Service,(912) 898-3561,https://www.goodyear.com/en-us/goodyearautoservice,,"105 Jazie Dr, Savannah, GA 31410, United States",105 Jazie Dr,Savannah,GA,31410,4.0,268,Tire shop,,,https://www.google.com/maps/place/Goodyear+Auto+Service/data=!4m7!3m6!1s0x88fb9d60b28a44a5:0x9737a115faf505d4!8m2!3d32.0419666!4d-81.0096047!16s%2Fg%2F1tflyrdv!19sChIJpUSKsmCd-4gR1AX1-hWhN5c?authuser=0&hl=en&rclk=1,auto repair shop,Bryan County,county,GA,2026-07-23T15:34:54,0x88fb9d60b28a44a5:0x9737a115faf505d4
"Hollingsworth Auto Service, Inc. Downtown",(912) 234-6651,https://hollingsworthauto.com/,,"500 Montgomery St, Savannah, GA 31401, United States",500 Montgomery St,Savannah,GA,31401,4.5,403,Auto body shop,,,"https://www.google.com/maps/place/Hollingsworth+Auto+Service,+Inc.+Downtown/data=!4m7!3m6!1s0x88fb9e4188ff6935:0x3fc40850a46c93a!8m2!3d32.0709639!4d-81.0996172!16s%2Fg%2F1tkmndql!19sChIJNWn_iEGe-4gROslGCoVA_AM?authuser=0&hl=en&rclk=1",auto repair shop,Chatham County,county,GA,2026-07-23T17:06:28,0x88fb9e4188ff6935:0x3fc40850a46c93a
Jiffy Lube Oil Change,(912) 352-2212,https://www.jiffylube.com/locations/ga/savannah/182,,"210 Eisenhower Dr, Savannah, GA 31406, United States",210 Eisenhower Dr,Savannah,GA,31406,4.8,1759,Oil change service,,,https://www.google.com/maps/place/Jiffy+Lube+Oil+Change/data=!4m7!3m6!1s0x88fb75af84dad1bf:0xbddb65e719876950!8m2!3d32.0096706!4d-81.1118998!16s%2Fg%2F1tfln8yj!19sChIJv9HahK91-4gRUGmHGedl270?authuser=0&hl=en&rclk=1,auto repair shop,Savannah,city,GA,2026-07-16T09:36:13,0x88fb75af84dad1bf:0xbddb65e719876950
Lair's Auto Electric Inc.,(912) 352-1801,,,"8524 Ferguson Ave, Savannah, GA 31406, United States",8524 Ferguson Ave,Savannah,GA,31406,4.0,98,Auto electrical service,,,https://www.google.com/maps/place/Lair%27s+Auto+Electric+Inc./data=!4m7!3m6!1s0x88fb7427f4ee6b5f:0x4cd70b6d7e1d0587!8m2!3d31.9836111!4d-81.0755556!16s%2Fg%2F1tg_gxlq!19sChIJX2vu9Cd0-4gRhwUdfm0L10w?authuser=0&hl=en&rclk=1,auto repair shop,Savannah,city,GA,2026-07-16T09:36:13,0x88fb7427f4ee6b5f:0x4cd70b6d7e1d0587
Meineke Car Care Center,(912) 200-6328,https://www.meineke.com/locations/ga/savannah-250/?utm_source=google&utm_medium=organic&utm_campaign=gbp_website,,"8510 White Bluff Rd, Savannah, GA 31406, United States",8510 White Bluff Rd,Savannah,GA,31406,4.4,650,Auto repair shop,,,https://www.google.com/maps/place/Meineke+Car+Care+Center/data=!4m7!3m6!1s0x88fb74ffb56e06e9:0xe1dff4c05fdc8876!8m2!3d31.997812!4d-81.1221819!16s%2Fg%2F1tftxthw!19sChIJ6QZutf90-4gRdojcX8D03-E?authuser=0&hl=en&rclk=1,auto repair shop,Savannah,city,GA,2026-07-24T02:49:29,0x88fb74ffb56e06e9:0xe1dff4c05fdc8876
"Parrish Auto Repair, Inc.",(912) 236-4797,https://www.facebook.com/parrishautorepairsavannah/,,"2501 Habersham St, Savannah, GA 31401, United States",2501 Habersham St,Savannah,GA,31401,4.5,176,Auto repair shop,,,"https://www.google.com/maps/place/Parrish+Auto+Repair,+Inc./data=!4m7!3m6!1s0x88fb9e187139cd05:0xbd0b54250b4d0fa1!8m2!3d32.0523753!4d-81.0973322!16s%2Fg%2F1tf36tk1!19sChIJBc05cRie-4gRoQ9NCyVUC70?authuser=0&hl=en&rclk=1",auto repair shop,Bryan County,county,GA,2026-07-23T16:04:41,0x88fb9e187139cd05:0xbd0b54250b4d0fa1
Pep Boys Auto Service & Tires,(912) 226-6716,https://www.pepboys.com/stores/ga/savannah/8702-abercorn-st?Cid=gbp_appt_AN:PB%7CPB:G%7CTT:GBP%7CCG:CONVERSION%7CCD:SERVICE,,"8702 Abercorn St, Savannah, GA 31406, United States",8702 Abercorn St,Savannah,GA,31406,3.7,926,Tire shop,,,https://www.google.com/maps/place/Pep+Boys+Auto+Service+%26+Tires/data=!4m7!3m6!1s0x88fb74fda8433717:0xb3814d82002fbf29!8m2!3d31.9980475!4d-81.1269132!16s%2Fg%2F1thw7l96!19sChIJFzdDqP10-4gRKb8vAIJNgbM?authuser=0&hl=en&rclk=1,auto repair shop,Bryan County,county,GA,2026-07-15T19:17:02,0x88fb74fda8433717:0xb3814d82002fbf29
Prewitt's ARS Inc,(912) 236-7042,,,"13 Southern Oaks Ct, Savannah, GA 31405, United States",13 Southern Oaks Ct,Savannah,GA,31405,4.8,166,Auto repair shop,,,https://www.google.com/maps/place/Prewitt%27s+ARS+Inc/data=!4m7!3m6!1s0x88fb9ff6e0375fdf:0x94a540d689034c6b!8m2!3d32.0615653!4d-81.1598423!16s%2Fg%2F1tqnmhb1!19sChIJ31834Paf-4gRa0wDidZApZQ?authuser=0&hl=en&rclk=1,auto repair shop,Chatham County,county,GA,2026-07-23T17:06:28,0x88fb9ff6e0375fdf:0x94a540d689034c6b
RDS Automotive Service Inc.,(404) 501-0904,http://www.rdsautoinc.com/,,"3420 E Ponce de Leon Ave Ste A, Scottdale, GA 30079, United States",3420 E Ponce de Leon Ave Ste A,Scottdale,GA,30079,4.7,105,Auto repair shop,,,https://www.google.com/maps/place/RDS+Automotive+Service+Inc./data=!4m7!3m6!1s0x88f5a9d3763239e7:0xe4b8a28675471257!8m2!3d33.7944571!4d-84.2640117!16s%2Fg%2F1tfm297w!19sChIJ5zkydtOp9YgRVxJHdYaiuOQ?authuser=0&hl=en&rclk=1,auto repair shop,DeKalb County,county,GA,2026-07-23T18:33:07,0x88f5a9d3763239e7:0xe4b8a28675471257
Kevin Kranz Automotive,,,,"501 W JL Tyre St, Screven, GA 31560, United States",501 W JL Tyre St,Screven,GA,31560,4.8,36,Car repair and maintenance service,,,https://www.google.com/maps/place/Kevin+Kranz+Automotive/data=!4m7!3m6!1s0x88fab1f0de6a878b:0x102a6e414028eba3!8m2!3d31.4830057!4d-82.0213167!16s%2Fg%2F11fx0bb9w8!19sChIJi4dq3vCx-ogRo-soQEFuKhA?authuser=0&hl=en&rclk=1,auto repair shop,Screven County,county,GA,2026-07-24T00:20:36,0x88fab1f0de6a878b:0x102a6e414028eba3
Cobb Galleria Automotive Inc,(770) 438-1916,http://www.cobbgalleriaauto.com/,,"2781 Cumberland Blvd SE, Smyrna, GA 30080, United States",2781 Cumberland Blvd SE,Smyrna,GA,30080,4.5,211,Auto repair shop,,,https://www.google.com/maps/place/Cobb+Galleria+Automotive+Inc/data=!4m7!3m6!1s0x88f510575e1334f7:0xf2972001d43b7193!8m2!3d33.8851792!4d-84.4762245!16s%2Fg%2F1vc_r60y!19sChIJ9zQTXlcQ9YgRk3E71AEgl_I?authuser=0&hl=en&rclk=1,auto repair shop,Montgomery County,county,GA,2026-07-23T23:05:48,0x88f510575e1334f7:0xf2972001d43b7193
Auto Tech USA INC,(770) 982-4015,http://autotechsnellville.mechanicnet.com/,,"1355 Scenic Hwy N, Snellville, GA 30078, United States",1355 Scenic Hwy N,Snellville,GA,30078,4.6,136,Auto repair shop,,,https://www.google.com/maps/place/Auto+Tech+USA+INC/data=!4m7!3m6!1s0x88f5b967f04b5889:0x369d6f300dbdb9a1!8m2!3d33.8971057!4d-84.0069796!16s%2Fg%2F1tc_xf_y!19sChIJiVhL8Ge59YgRobm9DTBvnTY?authuser=0&hl=en&rclk=1,auto repair shop,Chattahoochee County,county,GA,2026-07-15T20:33:50,0x88f5b967f04b5889:0x369d6f300dbdb9a1
NAPA Auto Parts - Masons Auto Parts,(912) 529-4724,https://www.napaonline.com/en/GA/Soperton/store/26522?cid=pl_jobber_google_dac_26522_ao,,"9 Belk St, Soperton, GA 30457, United States",9 Belk St,Soperton,GA,30457,4.7,95,Auto parts store,,,https://www.google.com/maps/place/NAPA+Auto+Parts+-+Masons+Auto+Parts/data=!4m7!3m6!1s0x88f0ecead34f630f:0xdd6f08a399300fbf!8m2!3d32.383533!4d-82.58776!16s%2Fg%2F1tdng2f9!19sChIJD2NP0-rs8IgRvw8wmaMIb90?authuser=0&hl=en&rclk=1,auto repair shop,Treutlen County,county,GA,2026-07-24T01:27:54,0x88f0ecead34f630f:0xdd6f08a399300fbf
AAMCO Transmissions & Total Car Care,(912) 551-8191,https://aamcojacksonville.com/?utm_source=G&utm_medium=local&utm_campaign=google-local,,"4396 GA-40, St Marys, GA 31558, United States",4396 GA-40,St Marys,GA,31558,4.8,560,Transmission shop,,,https://www.google.com/maps/place/AAMCO+Transmissions+%26+Total+Car+Care/data=!4m7!3m6!1s0x88e5039ca4539a41:0xe2292a30bac254c8!8m2!3d30.755432!4d-81.591618!16s%2Fg%2F1tf5fkpp!19sChIJQZpTpJwD5YgRyFTCujAqKeI?authuser=0&hl=en&rclk=1,auto repair shop,Brantley County,county,GA,2026-07-23T15:54:59,0x88e5039ca4539a41:0xe2292a30bac254c8
"Island Automotive Center, Inc.",(912) 638-0888,,,"1950 Demere Rd, St Simons Island, GA 31522, United States",1950 Demere Rd,St Simons Island,GA,31522,4.1,132,Auto repair shop,,,"https://www.google.com/maps/place/Island+Automotive+Center,+Inc./data=!4m7!3m6!1s0x88e4da7f88c139bf:0xf017459af4d34688!8m2!3d31.1567913!4d-81.3856719!16s%2Fg%2F1th0nqj5!19sChIJvznBiH_a5IgRiEbT9JpFF_A?authuser=0&hl=en&rclk=1",auto repair shop,Glynn County,county,GA,2026-07-23T19:47:50,0x88e4da7f88c139bf:0xf017459af4d34688
"Southern Star, Inc.",(912) 638-8817,,,"677 Skylane Rd, St Simons Island, GA 31522, United States",677 Skylane Rd,St Simons Island,GA,31522,4.7,26,Auto repair shop,,,"https://www.google.com/maps/place/Southern+Star,+Inc./data=!4m7!3m6!1s0x88e4da7bb74b2805:0x8f5711179839d4c3!8m2!3d31.1499504!4d-81.3915588!16s%2Fg%2F1tg5179b!19sChIJBShLt3va5IgRw9Q5mBcRV48?authuser=0&hl=en&rclk=1",auto repair shop,Glynn County,county,GA,2026-07-23T20:04:22,0x88e4da7bb74b2805:0x8f5711179839d4c3
Auto repair shop,,,,"2075 Old Register Rd, Statesboro, GA 30458, United States",2075 Old Register Rd,Statesboro,GA,30458,,,Auto repair shop,,,https://www.google.com/maps/place/Auto+repair+shop/data=!4m7!3m6!1s0x88fa410008e6588d:0xaf1cd6687693e242!8m2!3d32.3977342!4d-81.8022866!16s%2Fg%2F11y5nh6805!19sChIJjVjmCABB-ogRQuKTdmjWHK8?authuser=0&hl=en&rclk=1,auto repair shop,Bulloch County,county,GA,2026-07-23T16:09:24,0x88fa410008e6588d:0xaf1cd6687693e242
Cj's Trans & Auto Repair,,,,"206 Martin Luther King Jr Dr, Statesboro, GA 30458, United States",206 Martin Luther King Jr Dr,Statesboro,GA,30458,3.3,15,Transmission shop,,,https://www.google.com/maps/place/Cj%27s+Trans+%26+Auto+Repair/data=!4m7!3m6!1s0x88fa3f57faf191af:0x6bc0a2a643ce11e9!8m2!3d32.4508336!4d-81.7890928!16s%2Fg%2F1td6br22!19sChIJr5Hx-lc_-ogR6RHOQ6aiwGs?authuser=0&hl=en&rclk=1,auto repair shop,Jenkins County,county,GA,2026-07-23T21:38:53,0x88fa3f57faf191af:0x6bc0a2a643ce11e9
Complete Car Care Service Inc.,(912) 489-2777,,,"30 Rucker Ln, Statesboro, GA 30458, United States",30 Rucker Ln,Statesboro,GA,30458,3.7,260,Tire shop,,,https://www.google.com/maps/place/Complete+Car+Care+Service+Inc./data=!4m7!3m6!1s0x88fa4768329873c9:0x78b366b147c453b7!8m2!3d32.4247905!4d-81.7925628!16s%2Fg%2F1td_zg6j!19sChIJyXOYMmhH-ogRt1PER7Fms3g?authuser=0&hl=en&rclk=1,auto repair shop,Bulloch County,county,GA,2026-07-23T16:09:24,0x88fa4768329873c9:0x78b366b147c453b7
G T Auto Supply Inc,(912) 489-8733,https://www.facebook.com/pg/gtautosupply/about/,,"2706 Northside Dr W, Statesboro, GA 30458, United States",2706 Northside Dr W,Statesboro,GA,30458,4.9,42,Auto parts store,,,https://www.google.com/maps/place/G+T+Auto+Supply+Inc/data=!4m7!3m6!1s0x88fa3f50c4712a9d:0xb0fbeafcaf89e50!8m2!3d32.457371!4d-81.7896446!16s%2Fg%2F1tdq6wby!19sChIJnSpxxFA_-ogRUJ74yq--Dws?authuser=0&hl=en&rclk=1,auto repair shop,Jenkins County,county,GA,2026-07-16T02:32:35,0x88fa3f50c4712a9d:0xb0fbeafcaf89e50
Jiffy Lube,(912) 764-6819,https://www.jiffylube.com/locations/ga/statesboro/2456,,"604 Brannen St, Statesboro, GA 30458, United States",604 Brannen St,Statesboro,GA,30458,4.6,1435,Oil change service,,,https://www.google.com/maps/place/Jiffy+Lube/data=!4m7!3m6!1s0x88fa474580994d4f:0xe8ffd8faa8e6acfd!8m2!3d32.434486!4d-81.767958!16s%2Fg%2F1tsyqmwb!19sChIJT02ZgEVH-ogR_azmqPrY_-g?authuser=0&hl=en&rclk=1,auto repair shop,Bulloch County,county,GA,2026-07-23T16:09:24,0x88fa474580994d4f:0xe8ffd8faa8e6acfd
Meineke Car Care Center,(912) 225-6558,https://www.meineke.com/locations/ga/statesboro-648/?utm_source=google&utm_medium=organic&utm_campaign=gbp_website,,"219 S Main St, Statesboro, GA 30458, United States",219 S Main St,Statesboro,GA,30458,4.3,557,Auto repair shop,,,https://www.google.com/maps/place/Meineke+Car+Care+Center/data=!4m7!3m6!1s0x88fa40aea903bd0d:0x93ee5e78333feb87!8m2!3d32.4438607!4d-81.7842977!16s%2Fg%2F11g_t9f1s!19sChIJDb0Dqa5A-ogRh-s_M3he7pM?authuser=0&hl=en&rclk=1,auto repair shop,Bulloch County,county,GA,2026-07-23T16:09:24,0x88fa40aea903bd0d:0x93ee5e78333feb87
Statesboro Powersports Inc.,(912) 764-2547,https://statesboropowersports.com/,,"22681 US-80, Statesboro, GA 30461, United States",22681 US-80,Statesboro,GA,30461,4.4,446,Motorcycle dealer,,,https://www.google.com/maps/place/Statesboro+Powersports+Inc./data=!4m7!3m6!1s0x88fa46de167505f5:0x2573095fb4b62162!8m2!3d32.4235202!4d-81.7305389!16s%2Fg%2F1tdg41v4!19sChIJ9QV1Ft5G-ogRYiG2tF8JcyU?authuser=0&hl=en&rclk=1,auto repair shop,Bulloch County,county,GA,2026-07-23T15:43:25,0x88fa46de167505f5:0x2573095fb4b62162
Automotive Experts Sales & Collision Center Inc.,(770) 725-6683,http://www.autoexpertscenter.com/,,"1758 Dooley Town Rd, Statham, GA 30666, United States",1758 Dooley Town Rd,Statham,GA,30666,4.9,72,Auto repair shop,,,https://www.google.com/maps/place/Automotive+Experts+Sales+%26+Collision+Center+Inc./data=!4m7!3m6!1s0x88f5dfeeb17016ed:0x93639918a6f9bbb!8m2!3d33.9721344!4d-83.6084287!16s%2Fg%2F1tghqffc!19sChIJ7RZwse7f9YgRu5tvipE5Ngk?authuser=0&hl=en&rclk=1,auto repair shop,Barrow County,county,GA,2026-07-23T15:12:45,0x88f5dfeeb17016ed:0x93639918a6f9bbb
"Pinkston Automotive and Collision Repair, Inc.",(678) 759-8400,,,"4428 N Henry Blvd, Stockbridge, GA 30281, United States",4428 N Henry Blvd,Stockbridge,GA,30281,4.1,40,Auto repair shop,,,"https://www.google.com/maps/place/Pinkston+Automotive+and+Collision+Repair,+Inc./data=!4m7!3m6!1s0x88f456db0ba1b499:0x760a12a374422fee!8m2!3d33.5440355!4d-84.2246274!16s%2Fg%2F11byvrs1b3!19sChIJmbShC9tW9IgR7i9CdKMSCnY?authuser=0&hl=en&rclk=1",auto repair shop,Henry County,county,GA,2026-07-16T01:51:24,0x88f456db0ba1b499:0x760a12a374422fee
"AUTO KINGDOM TECH,INC- ONE STOP SHOP AUTO REPAIR",(404) 963-2064,,,"5005 Memorial Dr, Stone Mountain, GA 30083, United States",5005 Memorial Dr,Stone Mountain,GA,30083,4.5,308,Auto repair shop,,,"https://www.google.com/maps/place/AUTO+KINGDOM+TECH,INC-+ONE+STOP+SHOP+AUTO+REPAIR/data=!4m7!3m6!1s0x88f5a9aa72974611:0x832f91904123ac6a!8m2!3d33.7915422!4d-84.2286064!16s%2Fg%2F1tcyy88h!19sChIJEUaXcqqp9YgRaqwjQZCRL4M?authuser=0&hl=en&rclk=1",auto repair shop,DeKalb County,county,GA,2026-07-23T18:33:07,0x88f5a9aa72974611:0x832f91904123ac6a
Morrisons Body Shop,,,,"434 Marks Rd, Summerville, GA 30747, United States",434 Marks Rd,Summerville,GA,30747,3.6,8,Auto repair shop,,,https://www.google.com/maps/place/Morrisons+Body+Shop/data=!4m7!3m6!1s0x886026dcea63ffff:0xc3c4059392677cd3!8m2!3d34.4751052!4d-85.3719571!16s%2Fg%2F11h3vcgdq2!19sChIJ__9j6twmYIgR03xnkpMFxMM?authuser=0&hl=en&rclk=1,auto repair shop,Chattooga County,county,GA,2026-07-23T17:18:49,0x886026dcea63ffff:0xc3c4059392677cd3
Valvoline Instant Oil Change,(706) 857-6451,https://store.vioc.com/ga/summerville/10192-commerce-st?utm_source=google&utm_medium=local&utm_campaign=localsearch,,"10192 Commerce St, Summerville, GA 30747, United States",10192 Commerce St,Summerville,GA,30747,4.8,449,Oil change service,,,https://www.google.com/maps/place/Valvoline+Instant+Oil+Change/data=!4m7!3m6!1s0x88602181a75733c3:0x3bcf3b49426842ec!8m2!3d34.48229!4d-85.34643!16s%2Fg%2F11pcry7fz_!19sChIJwzNXp4EhYIgR7EJoQkk7zzs?authuser=0&hl=en&rclk=1,auto repair shop,Chattooga County,county,GA,2026-07-23T17:18:49,0x88602181a75733c3:0x3bcf3b49426842ec
Kent Automotive LLC,,,,"4113 John Herndon Rd, Surrency, GA 31563, United States",4113 John Herndon Rd,Surrency,GA,31563,5.0,1,Auto repair shop,,,https://www.google.com/maps/place/Kent+Automotive+LLC/data=!4m7!3m6!1s0x88faa7efee7d7525:0x8fcef372074b7fb4!8m2!3d31.6117482!4d-82.20914!16s%2Fg%2F11l59dbjy5!19sChIJJXV97u-n-ogRtH9LB3Lzzo8?authuser=0&hl=en&rclk=1,auto repair shop,Appling County,county,GA,2026-07-23T13:42:13,0x88faa7efee7d7525:0x8fcef372074b7fb4
David Marsh Mobile Mechanic,,,,"12 Overstreet Rd, Swainsboro, GA 30401, United States",12 Overstreet Rd,Swainsboro,GA,30401,5.0,1,Auto repair shop,,,https://www.google.com/maps/place/David+Marsh+Mobile+Mechanic/data=!4m7!3m6!1s0x88f0a4a5abde195b:0x4b5d534fad0030ec!8m2!3d32.5853425!4d-82.3753589!16s%2Fg%2F11jwsgcz_2!19sChIJWxneq6Wk8IgR7DAArU9TXUs?authuser=0&hl=en&rclk=1,auto repair shop,Emanuel County,county,GA,2026-07-23T19:13:54,0x88f0a4a5abde195b:0x4b5d534fad0030ec
Napa Auto Care Center,,,,"330 Meadowlake Pkwy, Swainsboro, GA 30401, United States",330 Meadowlake Pkwy,Swainsboro,GA,30401,,,Auto repair shop,,,https://www.google.com/maps/place/Napa+Auto+Care+Center/data=!4m7!3m6!1s0x88f0a387fcaada5b:0x28bc6a4d3b1a9909!8m2!3d32.5739765!4d-82.3346679!16s%2Fg%2F11npy8l4fh!19sChIJW9qq_Iej8IgRCZkaO01qvCg?authuser=0&hl=en&rclk=1,auto repair shop,Emanuel County,county,GA,2026-07-23T19:13:54,0x88f0a387fcaada5b:0x28bc6a4d3b1a9909
Walmart Auto Care Center,(478) 237-8489,https://www.walmart.com/store/1024-swainsboro-ga/auto-care-center/?veh=seo_loc,,"414 S Main St, Swainsboro, GA 30401, United States",414 S Main St,Swainsboro,GA,30401,3.9,72,Oil change service,,,https://www.google.com/maps/place/Walmart+Auto+Care+Center/data=!4m7!3m6!1s0x88f0a46c3fdaa6b1:0x88a52e612e769d02!8m2!3d32.5883649!4d-82.3297994!16s%2Fg%2F1tgh8d64!19sChIJsabaP2yk8IgRAp12LmEupYg?authuser=0&hl=en&rclk=1,auto repair shop,Emanuel County,county,GA,2026-07-23T19:13:54,0x88f0a46c3fdaa6b1:0x88a52e612e769d02
RT Collision Towing INC,(912) 564-5663,https://www.rtcollisiontow.com/,,"119 Pine St, Sylvania, GA 30467, United States",119 Pine St,Sylvania,GA,30467,4.7,40,Auto body shop,,,https://www.google.com/maps/place/RT+Collision+Towing+INC/data=!4m7!3m6!1s0x88fa2902f1079193:0xf3fab2121fcf17cd!8m2!3d32.7453132!4d-81.6475268!16s%2Fg%2F1td3mfsx!19sChIJk5EH8QIp-ogRzRfPHxKy-vM?authuser=0&hl=en&rclk=1,auto repair shop,Screven County,county,GA,2026-07-24T00:20:36,0x88fa2902f1079193:0xf3fab2121fcf17cd
Skeets Garage,,,,"2175 Halcyondale Rd, Sylvania, GA 30467, United States",2175 Halcyondale Rd,Sylvania,GA,30467,4.8,12,Auto repair shop,,,https://www.google.com/maps/place/Skeets+Garage/data=!4m7!3m6!1s0x88fa2f6ddcc77927:0xc37f91e7119c9269!8m2!3d32.6843971!4d-81.6199045!16s%2Fg%2F11gw2k36lx!19sChIJJ3nH3G0v-ogRaZKcEeeRf8M?authuser=0&hl=en&rclk=1,auto repair shop,Screven County,county,GA,2026-07-24T00:20:36,0x88fa2f6ddcc77927:0xc37f91e7119c9269
Wallis Paint & Body Inc,(912) 564-7565,,,"1836 US-301 Frontage, Sylvania, GA 30467, United States",1836 US-301 Frontage,Sylvania,GA,30467,4.9,40,Auto body shop,,,https://www.google.com/maps/place/Wallis+Paint+%26+Body+Inc/data=!4m7!3m6!1s0x88fa28ddbedad8b5:0x2914c42e5d02d604!8m2!3d32.7304214!4d-81.6547924!16s%2Fg%2F1tgcsr3h!19sChIJtdjavt0o-ogRBNYCXS7EFCk?authuser=0&hl=en&rclk=1,auto repair shop,Jenkins County,county,GA,2026-07-23T21:38:53,0x88fa28ddbedad8b5:0x2914c42e5d02d604
"Sunbelt Ford, Inc. Service",(229) 776-7691,https://www.sunbeltsylvester.com/,,"1002 W Franklin St, Sylvester, GA 31791, United States",1002 W Franklin St,Sylvester,GA,31791,5.0,2,Auto repair shop,,,"https://www.google.com/maps/place/Sunbelt+Ford,+Inc.+Service/data=!4m7!3m6!1s0x88f20bea8cfb7565:0x178936d326fb440e!8m2!3d31.5325326!4d-83.850636!16s%2Fg%2F11llrsg7jl!19sChIJZXX7jOoL8ogRDkT7JtM2iRc?authuser=0&hl=en&rclk=1",auto repair shop,Worth County,county,GA,2026-07-24T02:43:10,0x88f20bea8cfb7565:0x178936d326fb440e
Hor-Ton Repair Shop,,,,"317 John's Way, Talking Rock, GA 30175, United States",317 John's Way,Talking Rock,GA,30175,,,Auto repair shop,,,https://www.google.com/maps/place/Hor-Ton+Repair+Shop/data=!4m7!3m6!1s0x885f8d0015ddb5c9:0x798a9b3ff1884513!8m2!3d34.5570419!4d-84.536328!16s%2Fg%2F11vk00krt1!19sChIJybXdFQCNX4gRE0WI8T-bink?authuser=0&hl=en&rclk=1,auto repair shop,Pickens County,county,GA,2026-07-16T05:23:03,0x885f8d0015ddb5c9:0x798a9b3ff1884513
Tyson Shop Talking Rock,,,,"e 30175, 295 Old Whitestone Rd E, Talking Rock, GA 30175, United States","e 30175, 295 Old Whitestone Rd E",Talking Rock,GA,30175,3.0,2,Truck repair shop,,,https://www.google.com/maps/place/Tyson+Shop+Talking+Rock/data=!4m7!3m6!1s0x885f8de831a5e013:0x71a0f808e3ccb424!8m2!3d34.5370469!4d-84.5356868!16s%2Fg%2F11b7278kmq!19sChIJE-ClMeiNX4gRJLTM4wj4oHE?authuser=0&hl=en&rclk=1,auto repair shop,Pickens County,county,GA,2026-07-16T05:23:03,0x885f8de831a5e013:0x71a0f808e3ccb424
KMX Automotive,,,,"Scenic Byway, Temple, GA 30179, United States",Scenic Byway,Temple,GA,30179,,,Auto machine shop,,,https://www.google.com/maps/place/KMX+Automotive/data=!4m7!3m6!1s0x888adb1708d50eff:0x4071c6f2e1d82ca6!8m2!3d33.8149796!4d-85.121475!16s%2Fg%2F11z24xf2nz!19sChIJ_w7VCBfbiogRpizY4fLGcUA?authuser=0&hl=en&rclk=1,auto repair shop,Haralson County,county,GA,2026-07-23T20:41:07,0x888adb1708d50eff:0x4071c6f2e1d82ca6
Body Shop Office,,,,"341 Atwater Rd, Thomaston, GA 30286, United States",341 Atwater Rd,Thomaston,GA,30286,,,Auto repair shop,,,https://www.google.com/maps/place/Body+Shop+Office/data=!4m7!3m6!1s0x88f37e01f8c0afe3:0x7218543caaa0e681!8m2!3d32.9509553!4d-84.3490315!16s%2Fg%2F11jk3rkkc1!19sChIJ46_A-AF-84gRgeagqjxUGHI?authuser=0&hl=en&rclk=1,auto repair shop,Upson County,county,GA,2026-07-24T01:53:53,0x88f37e01f8c0afe3:0x7218543caaa0e681
Dickey' s Auto,,,,"Adams St, Thomaston, GA 30286, United States",Adams St,Thomaston,GA,30286,5.0,3,Auto repair shop,,,https://www.google.com/maps/place/Dickey%27+s+Auto/data=!4m7!3m6!1s0x88f37ef1563e45e1:0xacc8a33ab1cdd047!8m2!3d32.8994171!4d-84.3278402!16s%2Fg%2F11k5lvn1m9!19sChIJ4UU-VvF-84gRR9DNsTqjyKw?authuser=0&hl=en&rclk=1,auto repair shop,Taylor County,county,GA,2026-07-24T00:59:26,0x88f37ef1563e45e1:0xacc8a33ab1cdd047
Kenny's Collision Repair Inc,(706) 648-6961,https://m.facebook.com/profile.php?id=100079000284715,,"341 Atwater Rd, Thomaston, GA 30286, United States",341 Atwater Rd,Thomaston,GA,30286,4.5,69,Auto body shop,,,https://www.google.com/maps/place/Kenny%27s+Collision+Repair+Inc/data=!4m7!3m6!1s0x88f37e01de47544d:0x1b906dd00073c61d!8m2!3d32.9509167!4d-84.3491056!16s%2Fg%2F1tdc1gst!19sChIJTVRH3gF-84gRHcZzANBtkBs?authuser=0&hl=en&rclk=1,auto repair shop,Upson County,county,GA,2026-07-24T01:53:53,0x88f37e01de47544d:0x1b906dd00073c61d
Southern Auto Workz,,,,"619 E Main St, Thomaston, GA 30286, United States",619 E Main St,Thomaston,GA,30286,,,Auto repair shop,,,https://www.google.com/maps/place/Southern+Auto+Workz/data=!4m7!3m6!1s0x88f37ee3df0f62c5:0xd2e37847a81b5a68!8m2!3d32.8882358!4d-84.3158967!16s%2Fg%2F11k5ltz40n!19sChIJxWIP3-N-84gRaFobqEd449I?authuser=0&hl=en&rclk=1,auto repair shop,Upson County,county,GA,2026-07-24T01:53:53,0x88f37ee3df0f62c5:0xd2e37847a81b5a68
Walmart Auto Care Center,(706) 648-9128,https://www.walmart.com/store/1112-thomaston-ga/auto-care-center/?veh=seo_loc,,"855 N Church St, Thomaston, GA 30286, United States",855 N Church St,Thomaston,GA,30286,2.8,64,Oil change service,,,https://www.google.com/maps/place/Walmart+Auto+Care+Center/data=!4m7!3m6!1s0x88f37e675f0af043:0x347a6c96e1541431!8m2!3d32.9126065!4d-84.3339912!16s%2Fg%2F1vg6vks3!19sChIJQ_AKX2d-84gRMRRU4ZZsejQ?authuser=0&hl=en&rclk=1,auto repair shop,Upson County,county,GA,2026-07-24T01:53:53,0x88f37e675f0af043:0x347a6c96e1541431
C&J's OTR Simple Automotive Repairs,,,,"25 Donna Ln, Thomasville, GA 31757, United States",25 Donna Ln,Thomasville,GA,31757,2.0,1,Auto repair shop,,,https://www.google.com/maps/place/C%26J%27s+OTR+Simple+Automotive+Repairs/data=!4m7!3m6!1s0x88edb7c30981ae0d:0x4ee0797461595ee4!8m2!3d30.8810026!4d-83.9428054!16s%2Fg%2F11vc4f2yf0!19sChIJDa6BCcO37YgR5F5ZYXR54E4?authuser=0&hl=en&rclk=1,auto repair shop,Thomas County,county,GA,2026-07-24T00:36:06,0x88edb7c30981ae0d:0x4ee0797461595ee4
Flowers Nissan Service Center,,https://www.flowersnissan.com/service-department?utm_source=google&utm_medium=organic&utm_campaign=gmb%20listing,,"1630 E Jackson St, Thomasville, GA 31792, United States",1630 E Jackson St,Thomasville,GA,31792,4.4,41,Auto repair shop,,,https://www.google.com/maps/place/Flowers+Nissan+Service+Center/data=!4m7!3m6!1s0x88edb60d849c4ffd:0x2c3e558e7016620!8m2!3d30.8575356!4d-83.9503659!16s%2Fg%2F11g9q8cpwp!19sChIJ_U-chA227YgRIGYB51jlwwI?authuser=0&hl=en&rclk=1,auto repair shop,Thomas County,county,GA,2026-07-24T00:36:06,0x88edb60d849c4ffd:0x2c3e558e7016620
Import Auto Services & Sales Inc,(229) 226-9844,http://importautoga.com/,,"4816 GA-202, Thomasville, GA 31757, United States",4816 GA-202,Thomasville,GA,31757,3.8,64,Car dealer,,,https://www.google.com/maps/place/Import+Auto+Services+%26+Sales+Inc/data=!4m7!3m6!1s0x88edb7a785869e67:0x4bfdff9d1577f8d6!8m2!3d30.90705!4d-83.9739189!16s%2Fg%2F1tdz5nh8!19sChIJZ56Ghae37YgR1vh3FZ3__Us?authuser=0&hl=en&rclk=1,auto repair shop,Thomas County,county,GA,2026-07-24T00:36:06,0x88edb7a785869e67:0x4bfdff9d1577f8d6
"Mobile Repair Service, Inc. DBA Cylinder Shop",(229) 977-2752,,,"174 Scott Dr, Thomasville, GA 31792, United States",174 Scott Dr,Thomasville,GA,31792,4.9,7,Hydraulic repair service,,,"https://www.google.com/maps/place/Mobile+Repair+Service,+Inc.+DBA+Cylinder+Shop/data=!4m7!3m6!1s0x88edb664c45bc165:0xa7e4cef0188a204a!8m2!3d30.803736!4d-83.939152!16s%2Fg%2F1tcvjyc1!19sChIJZcFbxGS27YgRSiCKGPDO5Kc?authuser=0&hl=en&rclk=1",auto repair shop,Thomas County,county,GA,2026-07-24T00:36:06,0x88edb664c45bc165:0xa7e4cef0188a204a
"Ponders Automotive, Inc.",(229) 228-5789,,,"1052 W Jackson St, Thomasville, GA 31792, United States",1052 W Jackson St,Thomasville,GA,31792,4.6,109,Car repair and maintenance service,,,"https://www.google.com/maps/place/Ponders+Automotive,+Inc./data=!4m7!3m6!1s0x88edb440917688b5:0x9ed80c4e40e91b97!8m2!3d30.824636!4d-83.992105!16s%2Fg%2F1263x7_4s!19sChIJtYh2kUC07YgRlxvpQE4M2J4?authuser=0&hl=en&rclk=1",auto repair shop,Thomas County,county,GA,2026-07-24T01:11:48,0x88edb440917688b5:0x9ed80c4e40e91b97
"Precision Auto Craft, INC.",(229) 228-0734,http://www.precisionautocraft.us/,,"1017 E Jackson St, Thomasville, GA 31792, United States",1017 E Jackson St,Thomasville,GA,31792,4.7,65,Auto body shop,,,"https://www.google.com/maps/place/Precision+Auto+Craft,+INC./data=!4m7!3m6!1s0x88edb67882e52bb5:0xb9cc69e299ef4214!8m2!3d30.8476289!4d-83.9669021!16s%2Fg%2F1txc7w67!19sChIJtSvlgni27YgRFELvmeJpzLk?authuser=0&hl=en&rclk=1",auto repair shop,Thomas County,county,GA,2026-07-24T01:11:48,0x88edb67882e52bb5:0xb9cc69e299ef4214
Southern Trim & Glass Co.,,,,"827 N Madison St, Thomasville, GA 31792, United States",827 N Madison St,Thomasville,GA,31792,,,Auto repair shop,,,https://www.google.com/maps/place/Southern+Trim+%26+Glass+Co./data=!4m7!3m6!1s0x88edb426e6c3221f:0x6b03ae648f005977!8m2!3d30.8450812!4d-83.9887642!16s%2Fg%2F11h04nqf_z!19sChIJHyLD5ia07YgRd1kAj2SuA2s?authuser=0&hl=en&rclk=1,auto repair shop,Thomas County,county,GA,2026-07-24T00:36:06,0x88edb426e6c3221f:0x6b03ae648f005977
Take 5 Oil Change,(229) 233-7437,https://www.take5.com/locations/oil-change/georgia/thomasville/31349/?utm_source=google&utm_medium=organic&utm_campaign=gbp_website,,"1441 US-19, Thomasville, GA 31792, United States",1441 US-19,Thomasville,GA,31792,4.7,639,Oil change service,,,https://www.google.com/maps/place/Take+5+Oil+Change/data=!4m7!3m6!1s0x88edb559787facb5:0x6a1cb53fef88e778!8m2!3d30.8468135!4d-83.9456259!16s%2Fg%2F11swrsxb2g!19sChIJtax_eFm17YgReOeI7z-1HGo?authuser=0&hl=en&rclk=1,auto repair shop,Thomas County,county,GA,2026-07-24T00:36:06,0x88edb559787facb5:0x6a1cb53fef88e778
Take5 oil cange,(229) 233-7437,https://www.take5.com/locations/oil-change/georgia/thomasville/31349/?utm_source=google&utm_medium=organic&utm_campaign=gbp_website,,"1441 US-19, Thomasville, GA 31792, United States",1441 US-19,Thomasville,GA,31792,4.6,19,Auto repair shop,,,https://www.google.com/maps/place/Take5+oil+cange/data=!4m7!3m6!1s0x88edb7831c99d2c5:0x9c9dff5f53d37594!8m2!3d30.846758!4d-83.945715!16s%2Fg%2F11tk2mpryz!19sChIJxdKZHIO37YgRlHXTU1__nZw?authuser=0&hl=en&rclk=1,auto repair shop,Thomas County,county,GA,2026-07-24T00:36:06,0x88edb7831c99d2c5:0x9c9dff5f53d37594
Walmart Auto Care Center,(229) 228-0527,https://www.walmart.com/store/889-thomasville-ga/auto-care-center/?veh=seo_loc,,"15328 US-19, Thomasville, GA 31757, United States",15328 US-19,Thomasville,GA,31757,3.7,93,Oil change service,,,https://www.google.com/maps/place/Walmart+Auto+Care+Center/data=!4m7!3m6!1s0x88edb611e5b57007:0xafdbf93cf5d96b07!8m2!3d30.8601333!4d-83.9448378!16s%2Fg%2F1tdx9jjr!19sChIJB3C15RG27YgRB2vZ9Tz5268?authuser=0&hl=en&rclk=1,auto repair shop,Thomas County,county,GA,2026-07-24T00:36:06,0x88edb611e5b57007:0xafdbf93cf5d96b07
C&C Tire Inc. (Expert Automotive Repair),(706) 595-4686,http://cctireservice.net/,,"350 National Ave, Thomson, GA 30824, United States",350 National Ave,Thomson,GA,30824,4.8,498,Auto repair shop,,,https://www.google.com/maps/place/C%26C+Tire+Inc.+%28Expert+Automotive+Repair%29/data=!4m7!3m6!1s0x88f773914c71bf9f:0xe5f5100582f9bb1d!8m2!3d33.4627283!4d-82.5039863!16s%2Fg%2F1vd76s0d!19sChIJn79xTJFz94gRHbv5ggUQ9eU?authuser=0&hl=en&rclk=1,auto repair shop,Burke County,county,GA,2026-07-23T16:20:35,0x88f773914c71bf9f:0xe5f5100582f9bb1d
Collision Pros Inc,(706) 595-6556,,,"1386 Washington Rd, Thomson, GA 30824, United States",1386 Washington Rd,Thomson,GA,30824,4.2,58,Auto body shop,,,https://www.google.com/maps/place/Collision+Pros+Inc/data=!4m7!3m6!1s0x88f7746e5bce5f3b:0xe58b375f2493a911!8m2!3d33.4939448!4d-82.5038744!16s%2Fg%2F1thlny3k!19sChIJO1_OW25094gREamTJF83i-U?authuser=0&hl=en&rclk=1,auto repair shop,McDuffie County,county,GA,2026-07-23T21:50:23,0x88f7746e5bce5f3b:0xe58b375f2493a911
All Purpose Tire,,,,"2302 Main St S, Tifton, GA 31794, United States",2302 Main St S,Tifton,GA,31794,5.0,1,Auto repair shop,,,https://www.google.com/maps/place/All+Purpose+Tire/data=!4m7!3m6!1s0x88ee0302db3edc2f:0x17f5111c915ad0db!8m2!3d31.4416113!4d-83.5061456!16s%2Fg%2F11ty136xsy!19sChIJL9w-2wID7ogR29BakRwR9Rc?authuser=0&hl=en&rclk=1,auto repair shop,Tift County,county,GA,2026-07-24T01:17:53,0x88ee0302db3edc2f:0x17f5111c915ad0db
All-Purpose Tire,,,,"2302 US Hwy 41, Tifton, GA 31794, United States",2302 US Hwy 41,Tifton,GA,31794,5.0,2,Auto repair shop,,,https://www.google.com/maps/place/All-Purpose+Tire/data=!4m7!3m6!1s0x88f1ff1192c74fef:0x9efd2ab70b2ebd71!8m2!3d31.4825007!4d-83.5189938!16s%2Fg%2F11ty13dkv3!19sChIJ70_HkhH_8YgRcb0uC7cq_Z4?authuser=0&hl=en&rclk=1,auto repair shop,Ben Hill County,county,GA,2026-07-23T15:35:40,0x88f1ff1192c74fef:0x9efd2ab70b2ebd71
Balte's Tires LLC.,,,,"1021 Ferry Lake Rd, Tifton, GA 31794, United States",1021 Ferry Lake Rd,Tifton,GA,31794,4.7,24,Tire shop,,,https://www.google.com/maps/place/Balte%27s+Tires+LLC./data=!4m7!3m6!1s0x88ee03aefee2fef7:0x2970ffaeccdcb596!8m2!3d31.4555484!4d-83.4948361!16s%2Fg%2F11ghs7560h!19sChIJ9_7i_q4D7ogRlrXczK7_cCk?authuser=0&hl=en&rclk=1,auto repair shop,Tift County,county,GA,2026-07-24T01:17:53,0x88ee03aefee2fef7:0x2970ffaeccdcb596
Collier's Garage Small Engine,,,,"2910 U.S. 41 S, Tifton, GA 31794, United States",2910 U.S. 41 S,Tifton,GA,31794,4.7,20,Lawn mower store,,,https://www.google.com/maps/place/Collier%27s+Garage+Small+Engine/data=!4m7!3m6!1s0x88ee0224703a228d:0x456d63a35230c2f8!8m2!3d31.4348998!4d-83.5004926!16s%2Fg%2F1thnplvq!19sChIJjSI6cCQC7ogR-MIwUqNjbUU?authuser=0&hl=en&rclk=1,auto repair shop,Tift County,county,GA,2026-07-16T07:29:45,0x88ee0224703a228d:0x456d63a35230c2f8
Economy Transmissions,,,,"311 W 3rd St, Tifton, GA 31794, United States",311 W 3rd St,Tifton,GA,31794,,,Auto repair shop,,,https://www.google.com/maps/place/Economy+Transmissions/data=!4m7!3m6!1s0x88ee01faa12cf959:0x31fdd8f320e1b890!8m2!3d31.4532538!4d-83.5166684!16s%2Fg%2F11npy9d4np!19sChIJWfksofoB7ogRkLjhIPPY_TE?authuser=0&hl=en&rclk=1,auto repair shop,Tift County,county,GA,2026-07-16T07:29:45,0x88ee01faa12cf959:0x31fdd8f320e1b890
Flowmaster Brakes Transmissions Mufflers,,,,"115 Chestnut Ave, Tifton, GA 31794, United States",115 Chestnut Ave,Tifton,GA,31794,,,Auto repair shop,,,https://www.google.com/maps/place/Flowmaster+Brakes+Transmissions+Mufflers/data=!4m7!3m6!1s0x88ee0202d08c8365:0x34d9e8eaae60a97b!8m2!3d31.452841!4d-83.5060956!16s%2Fg%2F11fhvkc3qh!19sChIJZYOM0AIC7ogRe6lgruro2TQ?authuser=0&hl=en&rclk=1,auto repair shop,Tift County,county,GA,2026-07-16T07:29:45,0x88ee0202d08c8365:0x34d9e8eaae60a97b
"Grimes Auto Service, Inc.",(229) 382-1501,http://www.grimesautoinc.com/,,"305 Ridge Ave S, Tifton, GA 31794, United States",305 Ridge Ave S,Tifton,GA,31794,3.8,54,Auto repair shop,,,"https://www.google.com/maps/place/Grimes+Auto+Service,+Inc./data=!4m7!3m6!1s0x88ee01f0664c6561:0xd8161b8e910e00cb!8m2!3d31.451777!4d-83.515699!16s%2Fg%2F1tf7by6y!19sChIJYWVMZvAB7ogRywAOkY4bFtg?authuser=0&hl=en&rclk=1",auto repair shop,Berrien County,county,GA,2026-07-23T15:03:21,0x88ee01f0664c6561:0xd8161b8e910e00cb
Honda Service,,https://www.hondaofsouthgeorgia.com/,,"1025 Camden Way, Tifton, GA 31794, United States",1025 Camden Way,Tifton,GA,31794,5.0,1,Auto repair shop,,,https://www.google.com/maps/place/Honda+Service/data=!4m7!3m6!1s0x88ee01dd9dcda5cb:0x17cc3a14210e5796!8m2!3d31.4566341!4d-83.5293422!16s%2Fg%2F11gbldk6h7!19sChIJy6XNnd0B7ogRllcOIRQ6zBc?authuser=0&hl=en&rclk=1,auto repair shop,Tift County,county,GA,2026-07-16T07:29:45,0x88ee01dd9dcda5cb:0x17cc3a14210e5796
JEFF FENDER SERVICE,,,,"736 W 2nd St, Tifton, GA 31794, United States",736 W 2nd St,Tifton,GA,31794,4.5,24,Auto repair shop,,,https://www.google.com/maps/place/JEFF+FENDER+SERVICE/data=!4m7!3m6!1s0x88ee01e6933ab4c3:0x1a77210a1480be3a!8m2!3d31.4571964!4d-83.5242988!16s%2Fg%2F11g2pnhcvw!19sChIJw7Q6k-YB7ogROr6AFAohdxo?authuser=0&hl=en&rclk=1,auto repair shop,Irwin County,county,GA,2026-07-23T21:11:06,0x88ee01e6933ab4c3:0x1a77210a1480be3a
KashWay Custom Wraps Inc,(470) 383-1106,,,"303 Beech St, Tifton, GA 31794, United States",303 Beech St,Tifton,GA,31794,5.0,5,Auto body shop,,,https://www.google.com/maps/place/KashWay+Custom+Wraps+Inc/data=!4m7!3m6!1s0x88ee0336eb4e4b87:0x637c7e8dde20fd4f!8m2!3d31.4448027!4d-83.5043568!16s%2Fg%2F11w39pp52d!19sChIJh0tO6zYD7ogRT_0g3o1-fGM?authuser=0&hl=en&rclk=1,auto repair shop,Tift County,county,GA,2026-07-16T07:29:45,0x88ee0336eb4e4b87:0x637c7e8dde20fd4f
McKee's Auto Center Inc,(229) 382-0373,https://mckeesautocenter.com/,,"411 2nd St E Ste B, Tifton, GA 31794, United States",411 2nd St E Ste B,Tifton,GA,31794,3.2,25,Auto repair shop,,,https://www.google.com/maps/place/McKee%27s+Auto+Center+Inc/data=!4m7!3m6!1s0x88ee01bdd40beca9:0x1017e239eb56394c!8m2!3d31.454397!4d-83.5092315!16s%2Fg%2F11klwntfxx!19sChIJqewL1L0B7ogRTDlW6zniFxA?authuser=0&hl=en&rclk=1,auto repair shop,Cook County,county,GA,2026-07-23T17:57:25,0x88ee01bdd40beca9:0x1017e239eb56394c
Napa Autocare Collision Center,,,,"W 3rd St, Tifton, GA 31794, United States",W 3rd St,Tifton,GA,31794,5.0,1,Auto repair shop,,,https://www.google.com/maps/place/Napa+Autocare+Collision+Center/data=!4m7!3m6!1s0x88ee01f7485937fd:0x64257ad5ac9a4257!8m2!3d31.451525!4d-83.5117916!16s%2Fg%2F11gmywd54y!19sChIJ_TdZSPcB7ogRV0KarNV6JWQ?authuser=0&hl=en&rclk=1,auto repair shop,Tift County,county,GA,2026-07-24T01:17:53,0x88ee01f7485937fd:0x64257ad5ac9a4257
Walmart Auto Care Center,(229) 386-8195,https://www.walmart.com/store/1072-tifton-ga/auto-care-center/?veh=seo_loc,,"1830 US-82, Tifton, GA 31793, United States",1830 US-82,Tifton,GA,31793,3.3,126,Oil change service,,,https://www.google.com/maps/place/Walmart+Auto+Care+Center/data=!4m7!3m6!1s0x88ee01f7b78403c9:0xba135e6422d0cce1!8m2!3d31.4426115!4d-83.5426636!16s%2Fg%2F1v2ky7vn!19sChIJyQOEt_cB7ogR4czQImReE7o?authuser=0&hl=en&rclk=1,auto repair shop,Tift County,county,GA,2026-07-24T01:17:53,0x88ee01f7b78403c9:0xba135e6422d0cce1
Boyds Trailer park,,,,"Dogwood Rd, Toccoa, GA 30577, United States",Dogwood Rd,Toccoa,GA,30577,3.3,4,Auto machine shop,,,https://www.google.com/maps/place/Boyds+Trailer+park/data=!4m7!3m6!1s0x885896290ce8d3ff:0xdc0df5876231b352!8m2!3d34.5504004!4d-83.2473452!16s%2Fg%2F11cnb5100c!19sChIJ_9PoDCmWWIgRUrMxYof1Ddw?authuser=0&hl=en&rclk=1,auto repair shop,Stephens County,county,GA,2026-07-16T06:30:36,0x885896290ce8d3ff:0xdc0df5876231b352
Car Care Center,,,,"40 W Currahee St, Toccoa, GA 30577, United States",40 W Currahee St,Toccoa,GA,30577,5.0,1,Auto repair shop,,,https://www.google.com/maps/place/Car+Care+Center/data=!4m7!3m6!1s0x8858bc0ed2468e01:0x3929f009b13d2a31!8m2!3d34.5776831!4d-83.3306085!16s%2Fg%2F11h10tk4jt!19sChIJAY5G0g68WIgRMSo9sQnwKTk?authuser=0&hl=en&rclk=1,auto repair shop,Stephens County,county,GA,2026-07-24T00:36:57,0x8858bc0ed2468e01:0x3929f009b13d2a31
L&D Auto Repair,,,,"W Currahee St, Toccoa, GA 30577, United States",W Currahee St,Toccoa,GA,30577,3.5,2,Auto repair shop,,,https://www.google.com/maps/place/L%26D+Auto+Repair/data=!4m7!3m6!1s0x8858bbf69d6de155:0x9f51f32f95af65f1!8m2!3d34.5760612!4d-83.3395233!16s%2Fg%2F11ddwwzhqc!19sChIJVeFtnfa7WIgR8WWvlS_zUZ8?authuser=0&hl=en&rclk=1,auto repair shop,Franklin County,county,GA,2026-07-23T19:51:46,0x8858bbf69d6de155:0x9f51f32f95af65f1
Magnet's Mobile Mechanics,,,,"840 E Currahee St, Toccoa, GA 30577, United States",840 E Currahee St,Toccoa,GA,30577,5.0,1,Auto repair shop,,,https://www.google.com/maps/place/Magnet%27s+Mobile+Mechanics/data=!4m7!3m6!1s0x8858bd519007a533:0x3330761a249fb8ec!8m2!3d34.5761048!4d-83.3156791!16s%2Fg%2F11wggs0y0q!19sChIJM6UHkFG9WIgR7LifJBp2MDM?authuser=0&hl=en&rclk=1,auto repair shop,Franklin County,county,GA,2026-07-23T19:51:46,0x8858bd519007a533:0x3330761a249fb8ec
Ram automotive,,,,"312 Currahee Ln, Toccoa, GA 30577, United States",312 Currahee Ln,Toccoa,GA,30577,2.5,2,Auto repair shop,,,https://www.google.com/maps/place/Ram+automotive/data=!4m7!3m6!1s0x8858bb20c71974fb:0xf7a5e83fb659bac6!8m2!3d34.5284272!4d-83.3460523!16s%2Fg%2F11y1lt3lf9!19sChIJ-3QZxyC7WIgRxrpZtj_opfc?authuser=0&hl=en&rclk=1,auto repair shop,Stephens County,county,GA,2026-07-24T00:36:57,0x8858bb20c71974fb:0xf7a5e83fb659bac6
Stan's Service Center Inc,(706) 886-4227,,,"74 W Currahee St, Toccoa, GA 30577, United States",74 W Currahee St,Toccoa,GA,30577,4.2,33,Auto repair shop,,,https://www.google.com/maps/place/Stan%27s+Service+Center+Inc/data=!4m7!3m6!1s0x8858bc090c17497f:0x4a7c360951d2fecc!8m2!3d34.5776277!4d-83.3311137!16s%2Fg%2F1tkp0hl_!19sChIJf0kXDAm8WIgRzP7SUQk2fEo?authuser=0&hl=en&rclk=1,auto repair shop,Franklin County,county,GA,2026-07-23T19:51:46,0x8858bc090c17497f:0x4a7c360951d2fecc
Taylor Automotive Inc,(706) 886-2093,,,"1161 Sunshine Church Rd, Toccoa, GA 30577, United States",1161 Sunshine Church Rd,Toccoa,GA,30577,4.8,35,Auto repair shop,,,https://www.google.com/maps/place/Taylor+Automotive+Inc/data=!4m7!3m6!1s0x8858bc4bb63ea011:0xe20fb71d63332a1e!8m2!3d34.4610445!4d-83.3497452!16s%2Fg%2F1tfln4bg!19sChIJEaA-tku8WIgRHiozYx23D-I?authuser=0&hl=en&rclk=1,auto repair shop,Stephens County,county,GA,2026-07-24T00:36:57,0x8858bc4bb63ea011:0xe20fb71d63332a1e
Darien Tire & Lube,,,,"15341 US-17, Townsend, GA 31331, United States",15341 US-17,Townsend,GA,31331,4.7,29,Tire shop,,,https://www.google.com/maps/place/Darien+Tire+%26+Lube/data=!4m7!3m6!1s0x88fb27c4e784458f:0x9e96e69912fd78e8!8m2!3d31.5258711!4d-81.4309498!16s%2Fg%2F11fb0pnz7r!19sChIJj0WE58Qn-4gR6Hj9Epnmlp4?authuser=0&hl=en&rclk=1,auto repair shop,McIntosh County,county,GA,2026-07-23T22:35:21,0x88fb27c4e784458f:0x9e96e69912fd78e8
Shellman Bluff Mechanics,,,,"New Shellman Rd N E, Townsend, GA 31331, United States",New Shellman Rd N E,Townsend,GA,31331,5.0,1,Car repair and maintenance service,,,https://www.google.com/maps/place/Shellman+Bluff+Mechanics/data=!4m7!3m6!1s0x88fb3bd57f4640c3:0xae0d5ca328e7d1a3!8m2!3d31.5707437!4d-81.3268091!16s%2Fg%2F11v0t2gcxq!19sChIJw0BGf9U7-4gRo9HnKKNcDa4?authuser=0&hl=en&rclk=1,auto repair shop,Brantley County,county,GA,2026-07-23T15:55:00,0x88fb3bd57f4640c3:0xae0d5ca328e7d1a3
Chattooga Exhaust,,,,"14050 US-27, Trion, GA 30753, United States",14050 US-27,Trion,GA,30753,5.0,5,Auto repair shop,,,https://www.google.com/maps/place/Chattooga+Exhaust/data=!4m7!3m6!1s0x886023ce5dc03b45:0x7d5d186c8fbdc209!8m2!3d34.5279853!4d-85.308141!16s%2Fg%2F11srdwfl2t!19sChIJRTvAXc4jYIgRCcK9j2wYXX0?authuser=0&hl=en&rclk=1,auto repair shop,Chattooga County,county,GA,2026-07-23T17:18:49,0x886023ce5dc03b45:0x7d5d186c8fbdc209
J& Jautoworks,,,,"342 Stoleman Rd, Trion, GA 30753, United States",342 Stoleman Rd,Trion,GA,30753,5.0,1,Repair service,,,https://www.google.com/maps/place/J%26+Jautoworks/data=!4m7!3m6!1s0x88602334c636b563:0xc7e60e5c7d71e4d8!8m2!3d34.5755089!4d-85.285246!16s%2Fg%2F11y_k6dzzq!19sChIJY7U2xjQjYIgR2ORxfVwO5sc?authuser=0&hl=en&rclk=1,auto repair shop,Chattooga County,county,GA,2026-07-23T17:18:49,0x88602334c636b563:0xc7e60e5c7d71e4d8
Walmart Auto Care Center,(706) 734-3129,https://www.walmart.com/store/756-trion-ga/auto-care-center/?veh=seo_loc,,"13427 US-27, Trion, GA 30753, United States",13427 US-27,Trion,GA,30753,4.0,53,Oil change service,,,https://www.google.com/maps/place/Walmart+Auto+Care+Center/data=!4m7!3m6!1s0x88602249f945e5bd:0xea92b0782d660d07!8m2!3d34.5224277!4d-85.3161926!16s%2Fg%2F1vxvjl67!19sChIJveVF-UkiYIgRBw1mLXiwkuo?authuser=0&hl=en&rclk=1,auto repair shop,Chattooga County,county,GA,2026-07-23T17:18:49,0x88602249f945e5bd:0xea92b0782d660d07
Halls Auto Inc,(478) 627-3934,http://www.hallsauto.net/,,"123 Hall Rd, Unadilla, GA 31091, United States",123 Hall Rd,Unadilla,GA,31091,4.8,95,Auto repair shop,,,https://www.google.com/maps/place/Halls+Auto+Inc/data=!4m7!3m6!1s0x88f3cd9a1157c633:0x50c55f313dd1235!8m2!3d32.2604248!4d-83.777959!16s%2Fg%2F1td33wty!19sChIJM8ZXEZrN84gRNRLdE_NVDAU?authuser=0&hl=en&rclk=1,auto repair shop,Dooly County,county,GA,2026-07-23T18:43:56,0x88f3cd9a1157c633:0x50c55f313dd1235
NAPA Auto Parts - Contender Automotive Service,(478) 627-3269,https://www.napaonline.com/en/GA/Unadilla/store/39645?cid=pl_jobber_google_dac_39645_ao,,"1270 Pine St, Unadilla, GA 31091, United States",1270 Pine St,Unadilla,GA,31091,4.3,80,Auto parts store,,,https://www.google.com/maps/place/NAPA+Auto+Parts+-+Contender+Automotive+Service/data=!4m7!3m6!1s0x88f3d25e18a3b323:0x1e5b0f014ea80790!8m2!3d32.25097!4d-83.740208!16s%2Fg%2F1tgj9nk1!19sChIJI7OjGF7S84gRkAeoTgEPWx4?authuser=0&hl=en&rclk=1,auto repair shop,Dooly County,county,GA,2026-07-23T18:10:18,0x88f3d25e18a3b323:0x1e5b0f014ea80790
Randolph and Sons Auto Repair and Towing,,,,"1380 Lyneville Rd, Union Point, GA 30669, United States",1380 Lyneville Rd,Union Point,GA,30669,5.0,2,Auto repair shop,,,https://www.google.com/maps/place/Randolph+and+Sons+Auto+Repair+and+Towing/data=!4m7!3m6!1s0x88f6550068cff0c7:0x270915922afff7c8!8m2!3d33.647056!4d-82.9542699!16s%2Fg%2F11w4rvh28g!19sChIJx_DPaABV9ogRyPf_KpIVCSc?authuser=0&hl=en&rclk=1,auto repair shop,Greene County,county,GA,2026-07-23T20:18:10,0x88f6550068cff0c7:0x270915922afff7c8
CMC Tire & Service Inc,(229) 247-8809,http://cmctireandserviceinc.com/tires-auto-repair-valdosta-ga,,"1500 Baytree Rd, Valdosta, GA 31602, United States",1500 Baytree Rd,Valdosta,GA,31602,4.3,120,Tire shop,,,https://www.google.com/maps/place/CMC+Tire+%26+Service+Inc/data=!4m7!3m6!1s0x88ee6692cde514fd:0xdeb89b1b1480d727!8m2!3d30.8474271!4d-83.3151134!16s%2Fg%2F1vfp4gnf!19sChIJ_RTlzZJm7ogRJ9eAFBubuN4?authuser=0&hl=en&rclk=1,auto repair shop,Berrien County,county,GA,2026-07-15T18:32:42,0x88ee6692cde514fd:0xdeb89b1b1480d727
Earl Copeland Garage Inc.,(229) 242-5795,https://www.earlcopelandgarage.com/,,"908 N Lee St, Valdosta, GA 31601, United States",908 N Lee St,Valdosta,GA,31601,3.6,62,Auto repair shop,,,https://www.google.com/maps/place/Earl+Copeland+Garage+Inc./data=!4m7!3m6!1s0x88ee6710d3afa173:0xab21bce0ddf69640!8m2!3d30.8419897!4d-83.2782366!16s%2Fg%2F1tdr445k!19sChIJc6Gv0xBn7ogRQJb23eC8Ias?authuser=0&hl=en&rclk=1,auto repair shop,Lowndes County,county,GA,2026-07-23T22:23:55,0x88ee6710d3afa173:0xab21bce0ddf69640
Firestone Complete Auto Care,(229) 474-6247,https://www.firestonecompleteautocare.com/georgia/valdosta/3244-inner-perimeter-rd/?utm_source=google&utm_medium=organic&utm_campaign=localmaps&cmp=oloc_google_localmaps_maps,,"3244 Inner Perimeter Rd, Valdosta, GA 31602, United States",3244 Inner Perimeter Rd,Valdosta,GA,31602,4.1,636,Tire shop,,,https://www.google.com/maps/place/Firestone+Complete+Auto+Care/data=!4m7!3m6!1s0x88ee67b5710fb737:0x823f9514135f40f7!8m2!3d30.8818924!4d-83.2910966!16s%2Fg%2F1vqthm87!19sChIJN7cPcbVn7ogR90BfExSVP4I?authuser=0&hl=en&rclk=1,auto repair shop,Lowndes County,county,GA,2026-07-23T22:23:55,0x88ee67b5710fb737:0x823f9514135f40f7
J & M Diesel Repair Inc,(229) 244-0233,https://www.facebook.com/JMDIESELREPAIR/,,"1716 Old Clyattville Rd, Valdosta, GA 31601, United States",1716 Old Clyattville Rd,Valdosta,GA,31601,4.6,47,Truck repair shop,,,https://www.google.com/maps/place/J+%26+M+Diesel+Repair+Inc/data=!4m7!3m6!1s0x88ee60dc043a0ae1:0xd3a9d999484ef9f5!8m2!3d30.7965061!4d-83.2872602!16s%2Fg%2F1thvz2_s!19sChIJ4Qo6BNxg7ogR9flOSJnZqdM?authuser=0&hl=en&rclk=1,auto repair shop,Lowndes County,county,GA,2026-07-23T22:23:55,0x88ee60dc043a0ae1:0xd3a9d999484ef9f5
MARTINEZ AUTO SERVICE,,,,"W Rogers St, Valdosta, GA 31601, United States",W Rogers St,Valdosta,GA,31601,5.0,1,Auto repair shop,,,https://www.google.com/maps/place/MARTINEZ+AUTO+SERVICE/data=!4m7!3m6!1s0x88ee673d41c1c0bb:0xb3191f8765de88d1!8m2!3d30.8353531!4d-83.2814407!16s%2Fg%2F11xh4z0t5x!19sChIJu8DBQT1n7ogR0YjeZYcfGbM?authuser=0&hl=en&rclk=1,auto repair shop,Lowndes County,county,GA,2026-07-23T22:23:55,0x88ee673d41c1c0bb:0xb3191f8765de88d1
"S&S Automotive and Diesel Service, Inc.",(229) 244-0530,http://www.ssautovaldosta.com/,,"3719 Madison Hwy, Valdosta, GA 31601, United States",3719 Madison Hwy,Valdosta,GA,31601,4.3,84,Auto repair shop,,,"https://www.google.com/maps/place/S%26S+Automotive+and+Diesel+Service,+Inc./data=!4m7!3m6!1s0x88ee603f5f2b1b05:0x6167b2b2c949c922!8m2!3d30.7446296!4d-83.2764932!16s%2Fg%2F1tf87xxz!19sChIJBRsrXz9g7ogRIslJybKyZ2E?authuser=0&hl=en&rclk=1",auto repair shop,Brooks County,county,GA,2026-07-23T16:01:53,0x88ee603f5f2b1b05:0x6167b2b2c949c922
"Horton's Collision Center Of Vidalia, Inc.",(912) 537-0909,http://hortonscollisioncenter.net/,,"1409 Harris Industrial Blvd, Vidalia, GA 30474, United States",1409 Harris Industrial Blvd,Vidalia,GA,30474,4.6,63,Auto body shop,,,"https://www.google.com/maps/place/Horton%27s+Collision+Center+Of+Vidalia,+Inc./data=!4m7!3m6!1s0x88f086219637398d:0x8628a44b6bf70474!8m2!3d32.1939774!4d-82.3837617!16s%2Fg%2F1tg9jc_s!19sChIJjTk3liGG8IgRdAT3a0ukKIY?authuser=0&hl=en&rclk=1",auto repair shop,Treutlen County,county,GA,2026-07-24T00:45:50,0x88f086219637398d:0x8628a44b6bf70474
"Terry's Paint & Body Shop, Inc.",(912) 537-1104,http://www.terrysbodyshopvidalia.com/,,"207 Green St, Vidalia, GA 30474, United States",207 Green St,Vidalia,GA,30474,5.0,2,Auto body shop,,,"https://www.google.com/maps/place/Terry%27s+Paint+%26+Body+Shop,+Inc./data=!4m7!3m6!1s0x88f088b5ae1ba687:0xfa8c7f2c82fa6b5c!8m2!3d32.2147499!4d-82.4084754!16s%2Fg%2F1tmgd7x1!19sChIJh6YbrrWI8IgRXGv6gix_jPo?authuser=0&hl=en&rclk=1",auto repair shop,Toombs County,county,GA,2026-07-24T01:24:10,0x88f088b5ae1ba687:0xfa8c7f2c82fa6b5c
Walmart Auto Care Center,(912) 537-3822,https://www.walmart.com/store/864-vidalia-ga/auto-care-center/?veh=seo_loc,,"3109 E 1st St, Vidalia, GA 30474, United States",3109 E 1st St,Vidalia,GA,30474,3.7,105,Oil change service,,,https://www.google.com/maps/place/Walmart+Auto+Care+Center/data=!4m7!3m6!1s0x88f0886f3d15ebaf:0x16f2044da4d07030!8m2!3d32.2020477!4d-82.3619717!16s%2Fg%2F1thxlxby!19sChIJr-sVPW-I8IgRMHDQpE0E8hY?authuser=0&hl=en&rclk=1,auto repair shop,Toombs County,county,GA,2026-07-24T01:24:10,0x88f0886f3d15ebaf:0x16f2044da4d07030
Webster Motor Company Inc.,(912) 537-7644,https://webstercars.com/,,"3214 US-280, Vidalia, GA 30474, United States",3214 US-280,Vidalia,GA,30474,4.9,361,Used car dealer,,,https://www.google.com/maps/place/Webster+Motor+Company+Inc./data=!4m7!3m6!1s0x88f0860566ce3c97:0x7130e7d2707cd570!8m2!3d32.2115179!4d-82.4629851!16s%2Fg%2F1thp8tpv!19sChIJlzzOZgWG8IgRcNV8cNLnMHE?authuser=0&hl=en&rclk=1,auto repair shop,Toombs County,county,GA,2026-07-24T01:24:10,0x88f0860566ce3c97:0x7130e7d2707cd570
NAPA Auto Parts - Brooks Auto Parts,(229) 268-2700,https://www.napaonline.com/en/GA/Vienna/store/24328?cid=pl_jobber_google_dac_24328_ao,,"313 W Union St, Vienna, GA 31092, United States",313 W Union St,Vienna,GA,31092,4.4,45,Auto parts store,,,https://www.google.com/maps/place/NAPA+Auto+Parts+-+Brooks+Auto+Parts/data=!4m7!3m6!1s0x88f2319f5c910605:0x1f2453f35f46e3c4!8m2!3d32.091541!4d-83.800052!16s%2Fg%2F1v62jhb6!19sChIJBQaRXJ8x8ogRxONGX_NTJB8?authuser=0&hl=en&rclk=1,auto repair shop,Dooly County,county,GA,2026-07-23T18:10:18,0x88f2319f5c910605:0x1f2453f35f46e3c4
E³ Automotive Inc.,(478) 922-8777,https://e3automotiveinc.com/,,"805 N Davis Dr, Warner Robins, GA 31093, United States",805 N Davis Dr,Warner Robins,GA,31093,3.9,63,Auto repair shop,,,https://www.google.com/maps/place/E%C2%B3+Automotive+Inc./data=!4m7!3m6!1s0x88f3e1369a1f6da1:0x6624b90e81481fc9!8m2!3d32.6437211!4d-83.6132014!16s%2Fg%2F11h5_vn6fs!19sChIJoW0fmjbh84gRyR9IgQ65JGY?authuser=0&hl=en&rclk=1,auto repair shop,Peach County,county,GA,2026-07-23T22:49:18,0x88f3e1369a1f6da1:0x6624b90e81481fc9
Firestone Complete Auto Care,(478) 302-0813,https://www.firestonecompleteautocare.com/georgia/warner-robins/1535-watson-blvd/?utm_source=google&utm_medium=organic&utm_campaign=localmaps&cmp=oloc_google_localmaps_maps,,"1535 Watson Blvd, Warner Robins, GA 31093, United States",1535 Watson Blvd,Warner Robins,GA,31093,4.4,698,Tire shop,,,https://www.google.com/maps/place/Firestone+Complete+Auto+Care/data=!4m7!3m6!1s0x88f3e1a46dfd2d7b:0x31aaa364592de3cb!8m2!3d32.6178662!4d-83.6278789!16s%2Fg%2F1thksjgf!19sChIJey39baTh84gRy-MtWWSjqjE?authuser=0&hl=en&rclk=1,auto repair shop,Houston County,county,GA,2026-07-23T21:07:01,0x88f3e1a46dfd2d7b:0x31aaa364592de3cb
Jiffy Lube,(478) 929-1091,https://www.jiffylube.com/locations/ga/warner-robins/958,,"2026 Watson Blvd, Warner Robins, GA 31093, United States",2026 Watson Blvd,Warner Robins,GA,31093,4.7,981,Oil change service,,,https://www.google.com/maps/place/Jiffy+Lube/data=!4m7!3m6!1s0x88f3e1116aaf808d:0x8320b0e802d1fed9!8m2!3d32.618676!4d-83.649416!16s%2Fg%2F1w0sdq3n!19sChIJjYCvahHh84gR2f7RAuiwIIM?authuser=0&hl=en&rclk=1,auto repair shop,Houston County,county,GA,2026-07-23T21:07:01,0x88f3e1116aaf808d:0x8320b0e802d1fed9
Meineke Car Care Center,(478) 449-5776,https://www.meineke.com/locations/ga/warner-robins-2977/?utm_source=google&utm_medium=organic&utm_campaign=gbp_website,,"1541 Russell Pkwy, Warner Robins, GA 31088, United States",1541 Russell Pkwy,Warner Robins,GA,31088,4.7,288,Auto repair shop,,,https://www.google.com/maps/place/Meineke+Car+Care+Center/data=!4m7!3m6!1s0x88f3e1fc70969423:0xa51a9491a14ce75d!8m2!3d32.5932332!4d-83.6558767!16s%2Fg%2F11ld1gj6h7!19sChIJI5SWcPzh84gRXedMoZGUGqU?authuser=0&hl=en&rclk=1,auto repair shop,Twiggs County,county,GA,2026-07-24T01:43:18,0x88f3e1fc70969423:0xa51a9491a14ce75d
Randy's Collision Repair Center Inc,(478) 929-9482,http://www.randyscollisionrepair.com/,,"616 N Davis Dr, Warner Robins, GA 31093, United States",616 N Davis Dr,Warner Robins,GA,31093,3.9,113,Auto repair shop,,,https://www.google.com/maps/place/Randy%27s+Collision+Repair+Center+Inc/data=!4m7!3m6!1s0x88f3e1f2d87187c5:0x9ff98c63a4b68b74!8m2!3d32.6377285!4d-83.6123327!16s%2Fg%2F1w97w6g5!19sChIJxYdx2PLh84gRdIu2pGOM-Z8?authuser=0&hl=en&rclk=1,auto repair shop,Peach County,county,GA,2026-07-23T22:49:18,0x88f3e1f2d87187c5:0x9ff98c63a4b68b74
Take 5 Oil Change,(706) 530-0626,https://www.take5.com/locations/oil-change/georgia/warner-robins/32060/?utm_source=google&utm_medium=organic&utm_campaign=gbp_website,,"4040 Watson Blvd, Warner Robins, GA 31093, United States",4040 Watson Blvd,Warner Robins,GA,31093,4.9,967,Oil change service,,,https://www.google.com/maps/place/Take+5+Oil+Change/data=!4m7!3m6!1s0x88f3e79a6359ac41:0x622d6191bf9132e1!8m2!3d32.6159893!4d-83.6999536!16s%2Fg%2F11w20m2ftn!19sChIJQaxZY5rn84gR4TKRv5FhLWI?authuser=0&hl=en&rclk=1,auto repair shop,Houston County,county,GA,2026-07-23T21:07:01,0x88f3e79a6359ac41:0x622d6191bf9132e1
Valvoline Instant Oil Change,(478) 551-3941,https://store.vioc.com/ga/warner-robins/2693-watson-blvd?utm_source=google&utm_medium=local&utm_campaign=localsearch,,"2693 Watson Blvd, Warner Robins, GA 31093, United States",2693 Watson Blvd,Warner Robins,GA,31093,4.9,340,Oil change service,,,https://www.google.com/maps/place/Valvoline+Instant+Oil+Change/data=!4m7!3m6!1s0x88f3e154e0b10f11:0x16710a2e22037984!8m2!3d32.617824!4d-83.667435!16s%2Fg%2F11xnx0s4hy!19sChIJEQ-x4FTh84gRhHkDIi4KcRY?authuser=0&hl=en&rclk=1,auto repair shop,Twiggs County,county,GA,2026-07-24T01:43:18,0x88f3e154e0b10f11:0x16710a2e22037984
NAPA Auto Parts - Standard Auto Parts,(706) 678-6272,https://www.napaonline.com/en/GA/Washington/store/21208?cid=pl_jobber_google_dac_21208_ao,,"217 Andrew Dr, Washington, GA 30673, United States",217 Andrew Dr,Washington,GA,30673,4.2,6,Auto parts store,,,https://www.google.com/maps/place/NAPA+Auto+Parts+-+Standard+Auto+Parts/data=!4m7!3m6!1s0x88f7972985cd6563:0x42c737c1c142d0f!8m2!3d33.722359!4d-82.722258!16s%2Fg%2F1tj_628d!19sChIJY2XNhSmX94gRDy0UHHxzLAQ?authuser=0&hl=en&rclk=1,auto repair shop,Taliaferro County,county,GA,2026-07-16T06:52:15,0x88f7972985cd6563:0x42c737c1c142d0f
Palmer Equipment Co Inc,(706) 678-3200,https://palmerequipmentco.com/,,"708 N Bypass W, Washington, GA 30673, United States",708 N Bypass W,Washington,GA,30673,4.8,141,Tractor dealer,,,https://www.google.com/maps/place/Palmer+Equipment+Co+Inc/data=!4m7!3m6!1s0x88f7af98e43c57b3:0xaa8a34ebe6c3efd4!8m2!3d33.7481503!4d-82.7604804!16s%2Fg%2F1263kr238!19sChIJs1c85Jiv94gR1O_D5us0iqo?authuser=0&hl=en&rclk=1,auto repair shop,Taliaferro County,county,GA,2026-07-16T06:52:15,0x88f7af98e43c57b3:0xaa8a34ebe6c3efd4
Uptown Tire and Lube,,,,"119 E Robert Toombs Ave, Washington, GA 30673, United States",119 E Robert Toombs Ave,Washington,GA,30673,3.0,2,Auto parts store,,,https://www.google.com/maps/place/Uptown+Tire+and+Lube/data=!4m7!3m6!1s0x88f7afde618417cb:0x72a7f9940bd7be0b!8m2!3d33.7368885!4d-82.7366739!16s%2Fg%2F11nfwd5vn6!19sChIJyxeEYd6v94gRC77XC5T5p3I?authuser=0&hl=en&rclk=1,auto repair shop,Wilkes County,county,GA,2026-07-24T02:32:42,0x88f7afde618417cb:0x72a7f9940bd7be0b
Gold Key Auto Inc,(912) 285-0075,https://goldkeyauto.com/,,"503 Memorial Dr, Waycross, GA 31501, United States",503 Memorial Dr,Waycross,GA,31501,4.7,288,Used car dealer,,,https://www.google.com/maps/place/Gold+Key+Auto+Inc/data=!4m7!3m6!1s0x88eff07bcad14187:0x37f8ce381d75dcac!8m2!3d31.2116564!4d-82.3529451!16s%2Fg%2F1tfcjln6!19sChIJh0HRynvw74gRrNx1HTjO-Dc?authuser=0&hl=en&rclk=1,auto repair shop,Ware County,county,GA,2026-07-24T02:09:02,0x88eff07bcad14187:0x37f8ce381d75dcac
O'Steen's Discount Tire,(912) 218-9005,,,"7659 Jamestown Rd, Waycross, GA 31503, United States",7659 Jamestown Rd,Waycross,GA,31503,5.0,10,Tire shop,,,https://www.google.com/maps/place/O%27Steen%27s+Discount+Tire/data=!4m7!3m6!1s0x88efe3a8dbd29781:0x4be71ee70d93811b!8m2!3d31.3903388!4d-82.4312667!16s%2Fg%2F11j5hq1fbn!19sChIJgZfS26jj74gRG4GTDece50s?authuser=0&hl=en&rclk=1,auto repair shop,Pierce County,county,GA,2026-07-16T05:30:01,0x88efe3a8dbd29781:0x4be71ee70d93811b
"Robbie Roberson Ford, Inc. Parts",(912) 283-3131,https://www.robbierobersonford.net/?utm_source=gmbpts&utm_medium=social&mcmid=gmbpts,,"2825 Memorial Dr, Waycross, GA 31503, United States",2825 Memorial Dr,Waycross,GA,31503,4.8,64,Auto parts store,,,"https://www.google.com/maps/place/Robbie+Roberson+Ford,+Inc.+Parts/data=!4m7!3m6!1s0x88eff1b4a98191db:0x5d91057e53f8fdae!8m2!3d31.1906909!4d-82.3152585!16s%2Fg%2F11gb3qqmbq!19sChIJ25GBqbTx74gRrv34U34FkV0?authuser=0&hl=en&rclk=1",auto repair shop,Ware County,county,GA,2026-07-24T02:09:03,0x88eff1b4a98191db:0x5d91057e53f8fdae
"Robbie Roberson Ford, Inc. Service",(912) 283-3131,https://www.robbierobersonford.net/,,"2825 Memorial Dr, Waycross, GA 31503, United States",2825 Memorial Dr,Waycross,GA,31503,4.8,21,Auto repair shop,,,"https://www.google.com/maps/place/Robbie+Roberson+Ford,+Inc.+Service/data=!4m7!3m6!1s0x88eff17e7c4ef6b9:0xf138b47635516561!8m2!3d31.1906909!4d-82.3152585!16s%2Fg%2F11llrt33r3!19sChIJufZOfH7x74gRYWVRNXa0OPE?authuser=0&hl=en&rclk=1",auto repair shop,Brantley County,county,GA,2026-07-23T15:54:59,0x88eff17e7c4ef6b9:0xf138b47635516561
Tashà& Nathan Johns Mechanic Shop,,,,"4375 Carswell Ave, Waycross, GA 31503, United States",4375 Carswell Ave,Waycross,GA,31503,5.0,1,Auto machine shop,,,https://www.google.com/maps/place/Tash%C3%A0%26+Nathan+Johns+Mechanic+Shop/data=!4m7!3m6!1s0x88efef761fc59c5b:0x4bf968e52dc7872a!8m2!3d31.2049632!4d-82.4730888!16s%2Fg%2F11rc6jyqh9!19sChIJW5zFH3bv74gRKofHLeVo-Us?authuser=0&hl=en&rclk=1,auto repair shop,Pierce County,county,GA,2026-07-23T23:46:06,0x88efef761fc59c5b:0x4bf968e52dc7872a
Tire repair,,,,"2565 New Jersey Ave, Waycross, GA 31503, United States",2565 New Jersey Ave,Waycross,GA,31503,1.0,2,Tire repair shop,,,https://www.google.com/maps/place/Tire+repair/data=!4m7!3m6!1s0x88efef556b6a2175:0x577a309e8e5487b6!8m2!3d31.1888564!4d-82.3985801!16s%2Fg%2F11m6k0mnzh!19sChIJdSFqa1Xv74gRtodUjp4welc?authuser=0&hl=en&rclk=1,auto repair shop,Ware County,county,GA,2026-07-24T02:09:02,0x88efef556b6a2175:0x577a309e8e5487b6
Walmart Auto Care Center,(912) 283-9206,https://www.walmart.com/store/556-waycross-ga/auto-care-center/?veh=seo_loc,,"2425 Memorial Dr, Waycross, GA 31503, United States",2425 Memorial Dr,Waycross,GA,31503,3.4,88,Oil change service,,,https://www.google.com/maps/place/Walmart+Auto+Care+Center/data=!4m7!3m6!1s0x88eff0bf64f0a415:0xcb28b7a82ab64315!8m2!3d31.1980554!4d-82.3209403!16s%2Fg%2F1tdxwvsf!19sChIJFaTwZL_w74gRFUO2Kqi3KMs?authuser=0&hl=en&rclk=1,auto repair shop,Ware County,county,GA,2026-07-24T02:09:03,0x88eff0bf64f0a415:0xcb28b7a82ab64315
Walt's AUTOMOTIVE,,,,"N Nicholls St, Waycross, GA 31501, United States",N Nicholls St,Waycross,GA,31501,5.0,2,Auto repair shop,,,https://www.google.com/maps/place/Walt%27s+AUTOMOTIVE/data=!4m7!3m6!1s0x88eff07518d81d3d:0xc2e0bed09f6c660d!8m2!3d31.2165743!4d-82.3653645!16s%2Fg%2F11vt7gbvxm!19sChIJPR3YGHXw74gRDWZsn9C-4MI?authuser=0&hl=en&rclk=1,auto repair shop,Ware County,county,GA,2026-07-24T02:09:02,0x88eff07518d81d3d:0xc2e0bed09f6c660d
Waycross Auto Repair Inc,(912) 283-6315,,,"1059 Alice St, Waycross, GA 31501, United States",1059 Alice St,Waycross,GA,31501,4.3,28,Auto repair shop,,,https://www.google.com/maps/place/Waycross+Auto+Repair+Inc/data=!4m7!3m6!1s0x88eff0781c22a6bd:0xa197e0de1626f3fa!8m2!3d31.2174811!4d-82.3558618!16s%2Fg%2F1tfk9vt2!19sChIJvaYiHHjw74gR-vMmFt7gl6E?authuser=0&hl=en&rclk=1,auto repair shop,Brantley County,county,GA,2026-07-23T15:54:59,0x88eff0781c22a6bd:0xa197e0de1626f3fa
Whites Locomotive Repair,,,,"410 Josephine Park Rd, Waycross, GA 31503, United States",410 Josephine Park Rd,Waycross,GA,31503,4.0,1,Auto repair shop,,,https://www.google.com/maps/place/Whites+Locomotive+Repair/data=!4m7!3m6!1s0x88eff7aa2ee40001:0xbae9938f897d33e4!8m2!3d31.1721791!4d-82.2561017!16s%2Fg%2F11hy9phdwg!19sChIJAQDkLqr374gR5DN9iY-T6bo?authuser=0&hl=en&rclk=1,auto repair shop,Ware County,county,GA,2026-07-16T08:29:37,0x88eff7aa2ee40001:0xbae9938f897d33e4
B&B Auto,,,,"106 Timothy Dr, Waynesboro, GA 30830, United States",106 Timothy Dr,Waynesboro,GA,30830,4.3,8,Car repair and maintenance service,,,https://www.google.com/maps/place/B%26B+Auto/data=!4m7!3m6!1s0x88f9ec0039d7ae8d:0x31f116a7a67c5b46!8m2!3d33.0862693!4d-81.9517135!16s%2Fg%2F1ptxtdhc3!19sChIJja7XOQDs-YgRRlt8pqcW8TE?authuser=0&hl=en&rclk=1,auto repair shop,Burke County,county,GA,2026-07-23T16:20:35,0x88f9ec0039d7ae8d:0x31f116a7a67c5b46
Burke County Auto Works Inc,(706) 437-0107,,,"209 Old Millen Hwy, Waynesboro, GA 30830, United States",209 Old Millen Hwy,Waynesboro,GA,30830,4.4,19,Auto body shop,,,https://www.google.com/maps/place/Burke+County+Auto+Works+Inc/data=!4m7!3m6!1s0x88f9e8c875d060f5:0x684687ec8a460768!8m2!3d33.0758069!4d-82.0049607!16s%2Fg%2F1tph2l9s!19sChIJ9WDQdcjo-YgRaAdGiuyHRmg?authuser=0&hl=en&rclk=1,auto repair shop,Burke County,county,GA,2026-07-23T16:20:35,0x88f9e8c875d060f5:0x684687ec8a460768
Cates Firestone,(706) 554-2503,,,"508 W 6th St, Waynesboro, GA 30830, United States",508 W 6th St,Waynesboro,GA,30830,4.3,201,Tire shop,,,https://www.google.com/maps/place/Cates+Firestone/data=!4m7!3m6!1s0x88f9ef4978cfd35b:0x7ccefc9cdd7e5b16!8m2!3d33.087081!4d-82.021611!16s%2Fg%2F1tgm3qhy!19sChIJW9PPeEnv-YgRFlt-3Zz8znw?authuser=0&hl=en&rclk=1,auto repair shop,Burke County,county,GA,2026-07-23T16:20:35,0x88f9ef4978cfd35b:0x7ccefc9cdd7e5b16
Southern Auto & Tire Inc,(706) 554-2263,,,"551 Academy Ave, Waynesboro, GA 30830, United States",551 Academy Ave,Waynesboro,GA,30830,4.7,123,Tire shop,,,https://www.google.com/maps/place/Southern+Auto+%26+Tire+Inc/data=!4m7!3m6!1s0x88f9ef35c526abcb:0xc686bbc3135ea064!8m2!3d33.0887909!4d-82.0180043!16s%2Fg%2F1tf82g78!19sChIJy6smxTXv-YgRZKBeE8O7hsY?authuser=0&hl=en&rclk=1,auto repair shop,Burke County,county,GA,2026-07-23T16:20:35,0x88f9ef35c526abcb:0xc686bbc3135ea064
Morgan Automotive,,,,"US-82, Waynesville, GA 31566, United States",US-82,Waynesville,GA,31566,,,Auto repair shop,,,https://www.google.com/maps/place/Morgan+Automotive/data=!4m7!3m6!1s0x88e5370060ec3139:0x474b4e4df22fd250!8m2!3d31.2293635!4d-81.7887245!16s%2Fg%2F11z5c58w4c!19sChIJOTHsYAA35YgRUNIv8k1OS0c?authuser=0&hl=en&rclk=1,auto repair shop,Brantley County,county,GA,2026-07-23T15:54:59,0x88e5370060ec3139:0x474b4e4df22fd250
Lakeview Auto Service Inc,(256) 363-2069,https://lomyu.me/lakeview-auto-service-inc-431175-us,,"21414 US-431, Wedowee, AL 36278, United States",21414 US-431,Wedowee,AL,36278,4.8,40,Auto repair shop,,,https://www.google.com/maps/place/Lakeview+Auto+Service+Inc/data=!4m7!3m6!1s0x888b0cb86a9a21af:0x1d351ac3e50f850b!8m2!3d33.3705928!4d-85.5011289!16s%2Fg%2F1thvhq7v!19sChIJryGaargMi4gRC4UP5cMaNR0?authuser=0&hl=en&rclk=1,auto repair shop,Randolph County,county,GA,2026-07-24T00:13:49,0x888b0cb86a9a21af:0x1d351ac3e50f850b
Strickland's Texaco Inc,(706) 643-8850,http://www.stricklandtexaco.com/,,"514 2nd Ave, West Point, GA 31833, United States",514 2nd Ave,West Point,GA,31833,4.8,43,Auto repair shop,,,https://www.google.com/maps/place/Strickland%27s+Texaco+Inc/data=!4m7!3m6!1s0x888ca40cbbe4d205:0x970686e326c69eed!8m2!3d32.8749101!4d-85.1834332!16s%2Fg%2F1tf667h2!19sChIJBdLkuwykjIgR7Z7GJuOGBpc?authuser=0&hl=en&rclk=1,auto repair shop,Troup County,county,GA,2026-07-24T01:40:22,0x888ca40cbbe4d205:0x970686e326c69eed
Griffin Auto Body Repair,,,,"280 Hudson St, Whigham, GA 39897, United States",280 Hudson St,Whigham,GA,39897,4.3,3,Auto repair shop,,,https://www.google.com/maps/place/Griffin+Auto+Body+Repair/data=!4m7!3m6!1s0x88ed06b88ef33a93:0x440a95854e32b8f8!8m2!3d30.8787344!4d-84.3340706!16s%2Fg%2F11fll67qlq!19sChIJkzrzjrgG7YgR-LgyToWVCkQ?authuser=0&hl=en&rclk=1,auto repair shop,Grady County,county,GA,2026-07-23T20:13:48,0x88ed06b88ef33a93:0x440a95854e32b8f8
"Precision Auto Parts, Inc.",(770) 867-4586,https://precisionauto-parts.com/,,"197 W Athens St, Winder, GA 30680, United States",197 W Athens St,Winder,GA,30680,4.1,51,Auto parts store,,,"https://www.google.com/maps/place/Precision+Auto+Parts,+Inc./data=!4m7!3m6!1s0x88f5e78a27d211d1:0x40a8b467c9514cab!8m2!3d33.996014!4d-83.736!16s%2Fg%2F11f36ksrm4!19sChIJ0RHSJ4rn9YgRq0xRyWe0qEA?authuser=0&hl=en&rclk=1",auto repair shop,Barrow County,county,GA,2026-07-15T18:00:44,0x88f5e78a27d211d1:0x40a8b467c9514cab
R & R Auto Repair INC,(678) 622-8323,,,"136 E Midland Ave Unit 12, Winder, GA 30680, United States",136 E Midland Ave Unit 12,Winder,GA,30680,4.8,35,Auto repair shop,,,https://www.google.com/maps/place/R+%26+R+Auto+Repair+INC/data=!4m7!3m6!1s0x88f5e9b9346ad805:0x20239b93ac9e1fab!8m2!3d33.9870502!4d-83.7141849!16s%2Fg%2F11q1rmblgy!19sChIJBdhqNLnp9YgRqx-erJObIyA?authuser=0&hl=en&rclk=1,auto repair shop,Barrow County,county,GA,2026-07-23T15:12:45,0x88f5e9b9346ad805:0x20239b93ac9e1fab
Sparkle Auto Care Inc,(770) 729-0011,http://www.sparkleautocareinc.com/,,"25 S Beulah St Ste D, Winder, GA 30680, United States",25 S Beulah St Ste D,Winder,GA,30680,5.0,34,Auto body shop,,,https://www.google.com/maps/place/Sparkle+Auto+Care+Inc/data=!4m7!3m6!1s0x88f5be3f4f052b31:0xf567ceca17eacf55!8m2!3d33.991326!4d-83.7275256!16s%2Fg%2F1tdf266c!19sChIJMSsFTz--9YgRVc_qF8rOZ_U?authuser=0&hl=en&rclk=1,auto repair shop,Barrow County,county,GA,2026-07-23T15:12:45,0x88f5be3f4f052b31:0xf567ceca17eacf55
Walmart Auto Care Center,(770) 868-5825,https://www.walmart.com/store/520-winder-ga/auto-care-center/?veh=seo_loc,,"440 Atlanta Hwy NW, Winder, GA 30680, United States",440 Atlanta Hwy NW,Winder,GA,30680,2.8,137,Oil change service,,,https://www.google.com/maps/place/Walmart+Auto+Care+Center/data=!4m7!3m6!1s0x88f5dd56a255f26f:0xc38b4344f38a2245!8m2!3d33.9900481!4d-83.7566442!16s%2Fg%2F11xlxxgj_!19sChIJb_JVolbd9YgRRSKK80RDi8M?authuser=0&hl=en&rclk=1,auto repair shop,Barrow County,county,GA,2026-07-23T14:34:58,0x88f5dd56a255f26f:0xc38b4344f38a2245
Whitley's Transmissions Inc,(770) 962-0913,,,"43 Piedmont Dr, Winder, GA 30680, United States",43 Piedmont Dr,Winder,GA,30680,4.8,117,Transmission shop,,,https://www.google.com/maps/place/Whitley%27s+Transmissions+Inc/data=!4m7!3m6!1s0x88f5be528b0dffed:0x614390e184b1767d!8m2!3d33.987473!4d-83.7203437!16s%2Fg%2F1tptrgd9!19sChIJ7f8Ni1K-9YgRfXaxhOGQQ2E?authuser=0&hl=en&rclk=1,auto repair shop,Barrow County,county,GA,2026-07-23T15:12:45,0x88f5be528b0dffed:0x614390e184b1767d
3 Guys Mobile Tire Service INC,(912) 729-8473,,,"841 GA Spur 25, Woodbine, GA 31569, United States",841 GA Spur 25,Woodbine,GA,31569,5.0,211,Tire shop,,,https://www.google.com/maps/place/3+Guys+Mobile+Tire+Service+INC/data=!4m7!3m6!1s0x88e50e311ebae923:0xedc9044d24b4021a!8m2!3d30.9575578!4d-81.7037229!16s%2Fg%2F11cnwj5n_2!19sChIJI-m6HjEO5YgRGgK0JE0Eye0?authuser=0&hl=en&rclk=1,auto repair shop,Brantley County,county,GA,2026-07-23T15:55:00,0x88e50e311ebae923:0xedc9044d24b4021a
D & D Automotive Inc,(912) 576-5302,http://woodbinegeorgia.net/DDAutomotive.htm,,"700 Bedell Ave, Woodbine, GA 31569, United States",700 Bedell Ave,Woodbine,GA,31569,4.9,19,Car repair and maintenance service,,,https://www.google.com/maps/place/D+%26+D+Automotive+Inc/data=!4m7!3m6!1s0x88e517bab1ba502b:0xbbfb1973bcaaf8a1!8m2!3d30.963538!4d-81.723322!16s%2Fg%2F1thx4wfr!19sChIJK1C6sboX5YgRofiqvHMZ-7s?authuser=0&hl=en&rclk=1,auto repair shop,Camden County,county,GA,2026-07-23T16:44:51,0x88e517bab1ba502b:0xbbfb1973bcaaf8a1
Autocare Cullision Center,,,,"9351 Main St, Woodstock, GA 30188, United States",9351 Main St,Woodstock,GA,30188,5.0,2,Auto repair shop,,,https://www.google.com/maps/place/Autocare+Cullision+Center/data=!4m7!3m6!1s0x88f56c76f95ddf95:0x35da517c7263c068!8m2!3d34.0900688!4d-84.51927!16s%2Fg%2F11jlz_kcv5!19sChIJld9d-XZs9YgRaMBjcnxR2jU?authuser=0&hl=en&rclk=1,auto repair shop,Cherokee County,county,GA,2026-07-15T20:51:49,0x88f56c76f95ddf95:0x35da517c7263c068
Joe's Auto Services Inc,(770) 517-2695,http://www.joesautomotivewoodstock.com/,,"6957 GA-92, Woodstock, GA 30189, United States",6957 GA-92,Woodstock,GA,30189,4.9,201,Auto repair shop,,,https://www.google.com/maps/place/Joe%27s+Auto+Services+Inc/data=!4m7!3m6!1s0x88f56a504c927063:0x288fd5b5136bd3fd!8m2!3d34.0874417!4d-84.5721605!16s%2Fg%2F1xcbqgcw!19sChIJY3CSTFBq9YgR_dNrE7XVjyg?authuser=0&hl=en&rclk=1,auto repair shop,Cherokee County,county,GA,2026-07-23T17:22:07,0x88f56a504c927063:0x288fd5b5136bd3fd
Pep Boys Auto Service & Tires,(770) 769-5666,https://www.pepboys.com/stores/ga/woodstock/4980-holly-springs-pkwy?Cid=gbp_appt_AN:PB%7CPB:G%7CTT:GBP%7CCG:CONVERSION%7CCD:SERVICE,,"4980 Holly Springs Pkwy, Woodstock, GA 30188, United States",4980 Holly Springs Pkwy,Woodstock,GA,30188,4.7,678,Tire shop,,,https://www.google.com/maps/place/Pep+Boys+Auto+Service+%26+Tires/data=!4m7!3m6!1s0x88f56ec7e86f15a7:0x5dd32eb44777f7bb!8m2!3d34.14296!4d-84.5112482!16s%2Fg%2F11b90j6wgn!19sChIJpxVv6Mdu9YgRu_d3R7Qu010?authuser=0&hl=en&rclk=1,auto repair shop,Montgomery County,county,GA,2026-07-16T04:32:13,0x88f56ec7e86f15a7:0x5dd32eb44777f7bb
DC Tire & Mechanical LLC,,,,"1966 GA-57, Wrightsville, GA 31096, United States",1966 GA-57,Wrightsville,GA,31096,,,Auto repair shop,,,https://www.google.com/maps/place/DC+Tire+%26+Mechanical+LLC/data=!4m7!3m6!1s0x88f0d1ecbadc06e9:0xf35adb70d506aa71!8m2!3d32.7355251!4d-82.7740242!16s%2Fg%2F11x34slf19!19sChIJ6QbcuuzR8IgRcaoG1XDbWvM?authuser=0&hl=en&rclk=1,auto repair shop,Johnson County,county,GA,2026-07-23T21:42:04,0x88f0d1ecbadc06e9:0xf35adb70d506aa71
Price's Automotive Service Inc,(478) 864-3936,http://pricesautomotive.com/,,"3285 New Buckeye Rd, Wrightsville, GA 31096, United States",3285 New Buckeye Rd,Wrightsville,GA,31096,4.7,69,Auto repair shop,,,https://www.google.com/maps/place/Price%27s+Automotive+Service+Inc/data=!4m7!3m6!1s0x88f0d702e74ed665:0xc0cd0c383ee78536!8m2!3d32.7456816!4d-82.8554594!16s%2Fg%2F1tj1sxz1!19sChIJZdZO5wLX8IgRNoXnPjgMzcA?authuser=0&hl=en&rclk=1,auto repair shop,Johnson County,county,GA,2026-07-23T21:42:04,0x88f0d702e74ed665:0xc0cd0c383ee78536
Pep Boys Auto Service & Tires,(904) 468-3461,https://www.pepboys.com/stores/fl/yulee/463801-e-state-road-200?Cid=gbp_appt_AN:PB%7CPB:G%7CTT:GBP%7CCG:CONVERSION%7CCD:SERVICE,,"463801 E State Rd 200, Yulee, FL 32097, United States",463801 E State Rd 200,Yulee,FL,32097,4.3,212,Tire shop,,,https://www.google.com/maps/place/Pep+Boys+Auto+Service+%26+Tires/data=!4m7!3m6!1s0x88e501e09744e587:0xd6a3ea012dd3e9b0!8m2!3d30.6269646!4d-81.5477518!16s%2Fg%2F11p_2krvy1!19sChIJh-VEl-AB5YgRsOnTLQHqo9Y?authuser=0&hl=en&rclk=1,auto repair shop,Brantley County,county,GA,2026-07-15T19:02:19,0x88e501e09744e587:0xd6a3ea012dd3e9b0
