name,phone,website,email,address,street,city,state,zip,rating,review_count,category,hours_status,hours_detail,google_maps_url,search_keyword,search_place,search_type,search_state,scraped_at,place_id
Better Repairs For Less,,https://betterrepairsforless.square.site/,,,,,ID,,4.5,17,Mechanic,,,https://www.google.com/maps/place/Better+Repairs+For+Less/data=!4m7!3m6!1s0x54ab374a3c41889f:0x4ef94ddab33e3b3b!8m2!3d42.633761!4d-113.6599255!16s%2Fg%2F11fv2xymcj!19sChIJn4hBPEo3q1QROzs-s9pN-U4?authuser=0&hl=en&rclk=1,auto repair shop,Cassia County,county,ID,2026-07-24T12:34:05,0x54ab374a3c41889f:0x4ef94ddab33e3b3b
Bob's Owyhee Repair,,,,"Homedale, ID 83628, United States",,,ID,,,,Auto repair shop,,,https://www.google.com/maps/place/Bob%27s+Owyhee+Repair/data=!4m7!3m6!1s0x54afce8050cb1a1d:0x6ab6f35976b65277!8m2!3d43.6179335!4d-116.9327599!16s%2Fg%2F11ywl9hymg!19sChIJHRrLUIDOr1QRd1K2dlnztmo?authuser=0&hl=en&rclk=1,auto repair shop,Owyhee County,county,ID,2026-07-24T14:00:41,0x54afce8050cb1a1d:0x6ab6f35976b65277
Car Care Center,,,,"Idaho 83839, United States",,,ID,,,,Auto repair shop,,,https://www.google.com/maps/place/Car+Care+Center/data=!4m7!3m6!1s0x53605280922bcf7b:0x3791b5bfd255a205!8m2!3d47.548644!4d-116.2724863!16s%2Fg%2F11k5ltx_sq!19sChIJe88rkoBSYFMRBaJV0r-1kTc?authuser=0&hl=en&rclk=1,auto repair shop,Shoshone County,county,ID,2026-07-17T15:08:02,0x53605280922bcf7b:0x3791b5bfd255a205
Car Shop Restorations/ Droc Auto,,,,"Rexburg, ID 83440, United States",,,ID,,5.0,5,Auto body shop,,,https://www.google.com/maps/place/Car+Shop+Restorations%2F+Droc+Auto/data=!4m7!3m6!1s0x53540a4b7cc246d3:0x47f2e901d23002a4!8m2!3d43.8331789!4d-111.7906385!16s%2Fg%2F11g9dfq60m!19sChIJ00bCfEsKVFMRpAIw0gHp8kc?authuser=0&hl=en&rclk=1,auto repair shop,Madison County,county,ID,2026-07-24T11:58:37,0x53540a4b7cc246d3:0x47f2e901d23002a4
Complete Auto Repair,,,,"Post Falls, ID 83854, United States",,,ID,,,,Auto repair shop,,,https://www.google.com/maps/place/Complete+Auto+Repair/data=!4m7!3m6!1s0x5361dd1aa14936a1:0x65483f4ad1f08b57!8m2!3d47.7062417!4d-117.0327721!16s%2Fg%2F11m5y677l9!19sChIJoTZJoRrdYVMRV4vw0Uo_SGU?authuser=0&hl=en&rclk=1,auto repair shop,Clearwater County,county,ID,2026-07-17T13:26:57,0x5361dd1aa14936a1:0x65483f4ad1f08b57
Nelson's Auto Service,,,,"Hailey, ID 83333, United States",,,ID,,,,,,,https://www.google.com/maps/place/Nelson%27s+Auto+Service/data=!4m7!3m6!1s0x54abd5b047df96a1:0xe2c9b92bccb33894!8m2!3d43.5183383!4d-114.3162458!16s%2Fg%2F11vz4jqxd4!19sChIJoZbfR7DVq1QRlDizzCu5yeI?authuser=0&hl=en&rclk=1,auto repair shop,Camas County,county,ID,2026-07-24T10:44:20,0x54abd5b047df96a1:0xe2c9b92bccb33894
III Phase Electric Inc,(208) 604-4918,,,"130 Harrison St, American Falls, ID 83211, United States",130 Harrison St,American Falls,ID,83211,5.0,1,Electric motor repair shop,,,https://www.google.com/maps/place/III+Phase+Electric+Inc/data=!4m7!3m6!1s0x54aaafa0d5a283ab:0x30f6936f7245e749!8m2!3d42.7856388!4d-112.8560104!16s%2Fg%2F1tpbbpwd!19sChIJq4Oi1aCvqlQRSedFcm-T9jA?authuser=0&hl=en&rclk=1,auto repair shop,Power County,county,ID,2026-07-24T14:06:33,0x54aaafa0d5a283ab:0x30f6936f7245e749
Jiffy Lube,(208) 226-1857,https://www.jiffylube.com/locations/id/american-falls/2817,,"2830 Pocatello Ave, American Falls, ID 83211, United States",2830 Pocatello Ave,American Falls,ID,83211,4.6,121,Oil change service,,,https://www.google.com/maps/place/Jiffy+Lube/data=!4m7!3m6!1s0x54aaaf13ee421e43:0x76f7a4a8f3a007ee!8m2!3d42.7882192!4d-112.8406144!16s%2Fg%2F1tfzrm_p!19sChIJQx5C7hOvqlQR7geg86ik93Y?authuser=0&hl=en&rclk=1,auto repair shop,Power County,county,ID,2026-07-24T14:06:33,0x54aaaf13ee421e43:0x76f7a4a8f3a007ee
Les Schwab Tire Center,(208) 226-7111,https://www.lesschwab.com/stores/id/american-falls/2842-pocatello-ave?utm_source=google&utm_medium=organic&utm_campaign=gmb-homepage,,"2842 Pocatello Ave, American Falls, ID 83211, United States",2842 Pocatello Ave,American Falls,ID,83211,4.4,158,Tire shop,,,https://www.google.com/maps/place/Les+Schwab+Tire+Center/data=!4m7!3m6!1s0x54aaaf13f1e541d3:0x8db3a561ebe64194!8m2!3d42.7870585!4d-112.8426149!16s%2Fg%2F1vmr12q0!19sChIJ00Hl8ROvqlQRlEHm62Gls40?authuser=0&hl=en&rclk=1,auto repair shop,Power County,county,ID,2026-07-24T14:06:33,0x54aaaf13f1e541d3:0x8db3a561ebe64194
NAPA Auto Parts - American Falls Autoparts,(208) 226-2740,https://www.napaonline.com/en/ID/American-Falls/store/22867?cid=pl_jobber_google_dac_22867_ao,,"2829 Pocatello Ave, American Falls, ID 83211, United States",2829 Pocatello Ave,American Falls,ID,83211,4.6,83,Auto parts store,,,https://www.google.com/maps/place/NAPA+Auto+Parts+-+American+Falls+Autoparts/data=!4m7!3m6!1s0x54aaaf118ab00539:0x54aad18043ce2bef!8m2!3d42.789006!4d-112.840796!16s%2Fg%2F1th283fn!19sChIJOQWwihGvqlQR7yvOQ4DRqlQ?authuser=0&hl=en&rclk=1,auto repair shop,Power County,county,ID,2026-07-24T12:21:16,0x54aaaf118ab00539:0x54aad18043ce2bef
Advanced Autoworks,,,,"117 W Lost River Ave, Arco, ID 83213, United States",117 W Lost River Ave,Arco,ID,83213,5.0,1,Auto body parts supplier,,,https://www.google.com/maps/place/Advanced+Autoworks/data=!4m7!3m6!1s0x5355f96b244b02a1:0xa0856ea854bbeaab!8m2!3d43.6370123!4d-113.3011027!16s%2Fg%2F11jn3dv9zd!19sChIJoQJLJGv5VVMRq-q7VKhuhaA?authuser=0&hl=en&rclk=1,auto repair shop,Butte County,county,ID,2026-07-24T12:09:23,0x5355f96b244b02a1:0xa0856ea854bbeaab
"Gene's Automotive, INC",(208) 527-3262,,,"218 W Grand Ave, Arco, ID 83213, United States",218 W Grand Ave,Arco,ID,83213,4.8,28,Auto repair shop,,,"https://www.google.com/maps/place/Gene%27s+Automotive,+INC/data=!4m7!3m6!1s0x5355f9f3ba436cd1:0x65663620d5725562!8m2!3d43.6355251!4d-113.3021857!16s%2Fg%2F1trsxnw0!19sChIJ0WxDuvP5VVMRYlVy1SA2ZmU?authuser=0&hl=en&rclk=1",auto repair shop,Butte County,county,ID,2026-07-24T12:09:23,0x5355f9f3ba436cd1:0x65663620d5725562
A-1 Engine & Radiator Inc,(208) 785-2050,,,"495 West Bridge St, Blackfoot, ID 83221, United States",495 West Bridge St,Blackfoot,ID,83221,4.8,13,Auto parts store,,,https://www.google.com/maps/place/A-1+Engine+%26+Radiator+Inc/data=!4m7!3m6!1s0x535510744ade5865:0xce4910213c619691!8m2!3d43.1916514!4d-112.3496529!16s%2Fg%2F1tdx_kb1!19sChIJZVjeSnQQVVMRkZZhPCEQSc4?authuser=0&hl=en&rclk=1,auto repair shop,Bingham County,county,ID,2026-07-17T12:07:37,0x535510744ade5865:0xce4910213c619691
Ag & Industrial Diesel Inc.,(208) 782-1000,http://www.truckrepairidaho.com/,,"96 W 450 N, Blackfoot, ID 83221, United States",96 W 450 N,Blackfoot,ID,83221,4.9,37,Engine rebuilding service,,,https://www.google.com/maps/place/Ag+%26+Industrial+Diesel+Inc./data=!4m7!3m6!1s0x53550461249299e5:0xb130085c8b93f129!8m2!3d43.2624131!4d-112.3155154!16s%2Fg%2F1vn9nrwn!19sChIJ5ZmSJGEEVVMRKfGTi1wIMLE?authuser=0&hl=en&rclk=1,auto repair shop,Caribou County,county,ID,2026-07-17T12:58:15,0x53550461249299e5:0xb130085c8b93f129
AAMCO Transmissions & Total Car Care,(208) 450-5826,https://www.aamcoboise.com/boise-fairview?utm_source=G&utm_medium=local&utm_campaign=google-local,,"8486 Fairview Ave, Boise, ID 83704, United States",8486 Fairview Ave,Boise,ID,83704,4.7,554,Transmission shop,,,https://www.google.com/maps/place/AAMCO+Transmissions+%26+Total+Car+Care/data=!4m7!3m6!1s0x54ae560ae0f964ab:0xcf2e471f0285deab!8m2!3d43.619855!4d-116.28769!16s%2Fg%2F1tdbqllp!19sChIJq2T54ApWrlQRq96FAh9HLs8?authuser=0&hl=en&rclk=1,auto repair shop,Boise,city,ID,2026-07-24T14:19:20,0x54ae560ae0f964ab:0xcf2e471f0285deab
AAMCO Transmissions & Total Car Care,(208) 413-6417,https://www.aamcoboise.com/boise-state-street?utm_source=G&utm_medium=local&utm_campaign=google-local,,"3401 W State St, Boise, ID 83703, United States",3401 W State St,Boise,ID,83703,4.6,333,Transmission shop,,,https://www.google.com/maps/place/AAMCO+Transmissions+%26+Total+Car+Care/data=!4m7!3m6!1s0x54aeff328d5d43b3:0x9df73ddbfdd036a4!8m2!3d43.637572!4d-116.23231!16s%2Fg%2F1tf3nmw8!19sChIJs0NdjTL_rlQRpDbQ_ds9950?authuser=0&hl=en&rclk=1,auto repair shop,Ada County,county,ID,2026-07-24T10:58:56,0x54aeff328d5d43b3:0x9df73ddbfdd036a4
Boise Foreign Car Service Inc,(208) 345-2621,http://www.boiseforeigncarservice.com/,,"4705 W Emerald St, Boise, ID 83706, United States",4705 W Emerald St,Boise,ID,83706,4.9,144,Auto repair shop,,,https://www.google.com/maps/place/Boise+Foreign+Car+Service+Inc/data=!4m7!3m6!1s0x54ae561f8f8442e1:0x98e3df79e7e3302f!8m2!3d43.6113345!4d-116.2400472!16s%2Fg%2F1trc4p9c!19sChIJ4UKEjx9WrlQRLzDj53nf45g?authuser=0&hl=en&rclk=1,auto repair shop,Ada County,county,ID,2026-07-24T10:58:55,0x54ae561f8f8442e1:0x98e3df79e7e3302f
Complete Auto Repair,,,,"6200 W Overland Rd, Boise, ID 83709, United States",6200 W Overland Rd,Boise,ID,83709,5.0,3,Auto repair shop,,,https://www.google.com/maps/place/Complete+Auto+Repair/data=!4m7!3m6!1s0x54ae57cab3f8cda9:0xa00e85b87167de1e!8m2!3d43.5902029!4d-116.2589049!16s%2Fg%2F11h75q07c4!19sChIJqc34s8pXrlQRHt5ncbiFDqA?authuser=0&hl=en&rclk=1,auto repair shop,Boise,city,ID,2026-07-24T14:19:20,0x54ae57cab3f8cda9:0xa00e85b87167de1e
Firestone Complete Auto Care,(208) 906-3499,https://www.firestonecompleteautocare.com/idaho/boise/2178-broadway-ave/?utm_source=google&utm_medium=organic&utm_campaign=localmaps&cmp=oloc_google_localmaps_maps,,"2178 S Broadway Ave, Boise, ID 83706, United States",2178 S Broadway Ave,Boise,ID,83706,4.3,479,Tire shop,,,https://www.google.com/maps/place/Firestone+Complete+Auto+Care/data=!4m7!3m6!1s0x54aef83e2c65f313:0x8dae79942100cf8a!8m2!3d43.5847886!4d-116.1931291!16s%2Fg%2F1tfql321!19sChIJE_NlLD74rlQRis8AIZR5ro0?authuser=0&hl=en&rclk=1,auto repair shop,Boise,city,ID,2026-07-24T14:19:20,0x54aef83e2c65f313:0x8dae79942100cf8a
Firestone Complete Auto Care,(208) 906-3717,https://www.firestonecompleteautocare.com/idaho/boise/6690-w-fairview-ave/?utm_source=google&utm_medium=organic&utm_campaign=localmaps&cmp=oloc_google_localmaps_maps,,"6690 W Fairview Ave, Boise, ID 83704, United States",6690 W Fairview Ave,Boise,ID,83704,4.5,447,Tire shop,,,https://www.google.com/maps/place/Firestone+Complete+Auto+Care/data=!4m7!3m6!1s0x54ae56036bea42db:0x4f85766ad9bd83d5!8m2!3d43.6195281!4d-116.2648168!16s%2Fg%2F1tfby5fl!19sChIJ20LqawNWrlQR1YO92Wp2hU8?authuser=0&hl=en&rclk=1,auto repair shop,Boise,city,ID,2026-07-24T14:19:20,0x54ae56036bea42db:0x4f85766ad9bd83d5
Meineke Car Care Center,(208) 391-4138,https://www.meineke.com/locations/id/boise-4310/?utm_source=google&utm_medium=organic&utm_campaign=gbp_website,,"12367 W Chinden Blvd, Boise, ID 83713, United States",12367 W Chinden Blvd,Boise,ID,83713,4.8,776,Auto repair shop,,,https://www.google.com/maps/place/Meineke+Car+Care+Center/data=!4m7!3m6!1s0x54ae55138e044e3d:0x25fcfd7899bc4c61!8m2!3d43.6625743!4d-116.3369465!16s%2Fg%2F1hc2633kj!19sChIJPU4EjhNVrlQRYUy8mXj9_CU?authuser=0&hl=en&rclk=1,auto repair shop,Ada County,county,ID,2026-07-24T10:58:56,0x54ae55138e044e3d:0x25fcfd7899bc4c61
Meineke Car Care Center,(208) 391-4687,https://www.meineke.com/locations/id/boise-4251/?utm_source=google&utm_medium=organic&utm_campaign=gbp_website,,"5115 W State St, Boise, ID 83703, United States",5115 W State St,Boise,ID,83703,4.5,907,Auto repair shop,,,https://www.google.com/maps/place/Meineke+Car+Care+Center/data=!4m7!3m6!1s0x54aeff15d08638e5:0x69903ecd850d1142!8m2!3d43.651914!4d-116.2528725!16s%2Fg%2F1hc10kn9n!19sChIJ5TiG0BX_rlQRQhENhc0-kGk?authuser=0&hl=en&rclk=1,auto repair shop,Ada County,county,ID,2026-07-24T10:58:56,0x54aeff15d08638e5:0x69903ecd850d1142
Midas,(208) 629-2981,https://www.midas.com/store/id/boise/9245-fairview-avenue-83704/?shopnum=1464&utm_source=google&utm_medium=organic&utm_campaign=gbp,,"9245 Fairview Ave, Boise, ID 83704, United States",9245 Fairview Ave,Boise,ID,83704,4.8,283,Auto repair shop,,,https://www.google.com/maps/place/Midas/data=!4m7!3m6!1s0x54ae56761aa033df:0x5ed6b190836d74cf!8m2!3d43.6190119!4d-116.2977993!16s%2Fg%2F1td6rz4b!19sChIJ3zOgGnZWrlQRz3Rtg5Cx1l4?authuser=0&hl=en&rclk=1,auto repair shop,Ada County,county,ID,2026-07-24T10:58:56,0x54ae56761aa033df:0x5ed6b190836d74cf
Mountain View Service Inc,(208) 375-1355,https://www.mountainviewservicecar.com/,,"6403 W Ustick Rd, Boise, ID 83704, United States",6403 W Ustick Rd,Boise,ID,83704,4.9,67,Auto repair shop,,,https://www.google.com/maps/place/Mountain+View+Service+Inc/data=!4m7!3m6!1s0x54aef8ee3eb75b3b:0xa098b2e09ec48781!8m2!3d43.6336049!4d-116.261513!16s%2Fg%2F1thf88s2!19sChIJO1u3Pu74rlQRgYfEnuCymKA?authuser=0&hl=en&rclk=1,auto repair shop,Ada County,county,ID,2026-07-24T10:58:56,0x54aef8ee3eb75b3b:0xa098b2e09ec48781
Precision Automotive Inc,(208) 362-2452,http://www.precisionautomotiveboise.com/,,"7300 W Victory Rd, Boise, ID 83709, United States",7300 W Victory Rd,Boise,ID,83709,4.3,71,Auto repair shop,,,https://www.google.com/maps/place/Precision+Automotive+Inc/data=!4m7!3m6!1s0x54ae57a64bac7fa7:0x366900cc099e130e!8m2!3d43.5759839!4d-116.272914!16s%2Fg%2F1tdykygh!19sChIJp3-sS6ZXrlQRDhOeCcwAaTY?authuser=0&hl=en&rclk=1,auto repair shop,Ada County,county,ID,2026-07-24T10:58:56,0x54ae57a64bac7fa7:0x366900cc099e130e
Les Schwab Tire Center,(208) 267-2411,https://www.lesschwab.com/stores/id/bonners-ferry/6804-denver-st?utm_source=google&utm_medium=organic&utm_campaign=gmb-homepage,,"6804 Denver St, Bonners Ferry, ID 83805, United States",6804 Denver St,Bonners Ferry,ID,83805,4.7,234,Tire shop,,,https://www.google.com/maps/place/Les+Schwab+Tire+Center/data=!4m7!3m6!1s0x53639201f920775d:0xb570838f85657b2b!8m2!3d48.6863293!4d-116.3187639!16s%2Fg%2F1th5j3mv!19sChIJXXcg-QGSY1MRK3tlhY-DcLU?authuser=0&hl=en&rclk=1,auto repair shop,Boundary County,county,ID,2026-07-24T12:04:14,0x53639201f920775d:0xb570838f85657b2b
Modern Transmission.inc,(208) 610-3045,http://wwwmti.com/,,"17 Rustle Drive, Bonners Ferry, ID 83805, United States",17 Rustle Drive,Bonners Ferry,ID,83805,5.0,13,Transmission shop,,,https://www.google.com/maps/place/Modern+Transmission.inc/data=!4m7!3m6!1s0x53638f2b1dca6295:0x43e59f32b8a15dec!8m2!3d48.7311973!4d-116.2648377!16s%2Fg%2F11vzclwt1y!19sChIJlWLKHSuPY1MR7F2huDKf5UM?authuser=0&hl=en&rclk=1,auto repair shop,Boundary County,county,ID,2026-07-24T12:04:14,0x53638f2b1dca6295:0x43e59f32b8a15dec
Crawford Body Shop & Towing Inc,(208) 678-2172,https://www.crawfordbodyshopandtowing.com/,,"1239 Albion Ave, Burley, ID 83318, United States",1239 Albion Ave,Burley,ID,83318,4.4,99,Towing service,,,https://www.google.com/maps/place/Crawford+Body+Shop+%26+Towing+Inc/data=!4m7!3m6!1s0x54ab367419a07989:0x71a82182a28ba649!8m2!3d42.5372338!4d-113.7914616!16s%2Fg%2F1tvq3vk_!19sChIJiXmgGXQ2q1QRSaaLooIhqHE?authuser=0&hl=en&rclk=1,auto repair shop,Cassia County,county,ID,2026-07-24T12:34:05,0x54ab367419a07989:0x71a82182a28ba649
Grandview Repair,,,,"1638 E 16th St, Burley, ID 83318, United States",1638 E 16th St,Burley,ID,83318,,,Auto repair shop,,,https://www.google.com/maps/place/Grandview+Repair/data=!4m7!3m6!1s0x54ab35d4012f6e29:0xdf9b71fdc2cf285c!8m2!3d42.5330947!4d-113.7730659!16s%2Fg%2F11k5ltr23d!19sChIJKW4vAdQ1q1QRXCjPwv1xm98?authuser=0&hl=en&rclk=1,auto repair shop,Cassia County,county,ID,2026-07-24T12:34:05,0x54ab35d4012f6e29:0xdf9b71fdc2cf285c
Les Schwab Tire Center,(208) 678-4400,https://www.lesschwab.com/stores/id/burley/2555-s-overland-ave?utm_source=google&utm_medium=organic&utm_campaign=gmb-homepage,,"2555 Overland Ave, Burley, ID 83318, United States",2555 Overland Ave,Burley,ID,83318,4.5,429,Tire shop,,,https://www.google.com/maps/place/Les+Schwab+Tire+Center/data=!4m7!3m6!1s0x54ab35eec209c2ad:0x2005e8fac1939620!8m2!3d42.5204614!4d-113.7927893!16s%2Fg%2F1tph1g6l!19sChIJrcIJwu41q1QRIJaTwfroBSA?authuser=0&hl=en&rclk=1,auto repair shop,Cassia County,county,ID,2026-07-24T12:34:05,0x54ab35eec209c2ad:0x2005e8fac1939620
Strunks Tire & Axle Inc.,(208) 678-8876,,,"1630 Sunnyview Ln, Burley, ID 83318, United States",1630 Sunnyview Ln,Burley,ID,83318,,,Auto repair shop,,,https://www.google.com/maps/place/Strunks+Tire+%26+Axle+Inc./data=!4m7!3m6!1s0x54ab35d14c1ed451:0xfdcd13296bef6648!8m2!3d42.5321537!4d-113.7738939!16s%2Fg%2F1vy7g965!19sChIJUdQeTNE1q1QRSGbvaykTzf0?authuser=0&hl=en&rclk=1,auto repair shop,Minidoka County,county,ID,2026-07-17T14:33:44,0x54ab35d14c1ed451:0xfdcd13296bef6648
Walmart Auto Care Center,(208) 677-5432,https://www.walmart.com/store/1900-burley-id/auto-care-center/?veh=seo_loc,,"385 Overland Ave, Burley, ID 83318, United States",385 Overland Ave,Burley,ID,83318,3.6,106,Oil change service,,,https://www.google.com/maps/place/Walmart+Auto+Care+Center/data=!4m7!3m6!1s0x54ab36f7d78b1343:0xf121d5b70f30e726!8m2!3d42.5611162!4d-113.7896311!16s%2Fg%2F11xqrxm6x!19sChIJQxOL1_c2q1QRJucwD7fVIfE?authuser=0&hl=en&rclk=1,auto repair shop,Minidoka County,county,ID,2026-07-17T14:33:44,0x54ab36f7d78b1343:0xf121d5b70f30e726
4x4 Shop Inc.,(208) 459-8469,http://www.4x4shopidaho.com/,,"1210 Holman Ct, Caldwell, ID 83605, United States",1210 Holman Ct,Caldwell,ID,83605,4.3,183,Auto repair shop,,,https://www.google.com/maps/place/4x4+Shop+Inc./data=!4m7!3m6!1s0x54afb421004a7959:0x11ff15c7221988bb!8m2!3d43.6687864!4d-116.712562!16s%2Fg%2F1tcx6r28!19sChIJWXlKACG0r1QRu4gZIscV_xE?authuser=0&hl=en&rclk=1,auto repair shop,Canyon County,county,ID,2026-07-24T12:17:07,0x54afb421004a7959:0x11ff15c7221988bb
AAMCO Transmissions & Total Car Care,(208) 826-4797,https://aamcoboise.com/caldwell/?utm_source=G&utm_medium=local&utm_campaign=google-local,,"4309 Challenger Way, Caldwell, ID 83605, United States",4309 Challenger Way,Caldwell,ID,83605,4.6,48,Transmission shop,,,https://www.google.com/maps/place/AAMCO+Transmissions+%26+Total+Car+Care/data=!4m7!3m6!1s0x54afb3b060a16f91:0x7d7cfe32fd339698!8m2!3d43.655339!4d-116.644949!16s%2Fg%2F11y55_p09x!19sChIJkW-hYLCzr1QRmJYz_TL-fH0?authuser=0&hl=en&rclk=1,auto repair shop,Canyon County,county,ID,2026-07-24T12:17:07,0x54afb3b060a16f91:0x7d7cfe32fd339698
Amen Auto,,,,"3610 Arthur St, Caldwell, ID 83605, United States",3610 Arthur St,Caldwell,ID,83605,,,Auto repair shop,,,https://www.google.com/maps/place/Amen+Auto/data=!4m7!3m6!1s0x54afb480f62ec4bb:0xc00a4cc58bb8904d!8m2!3d43.6448619!4d-116.6571931!16s%2Fg%2F11l65ztg2n!19sChIJu8Qu9oC0r1QRTZC4i8VMCsA?authuser=0&hl=en&rclk=1,auto repair shop,Caldwell,city,ID,2026-07-17T15:51:50,0x54afb480f62ec4bb:0xc00a4cc58bb8904d
Gomez Automotive Service,,,,"6719 Cleveland Blvd, Caldwell, ID 83607, United States",6719 Cleveland Blvd,Caldwell,ID,83607,,,Auto repair shop,,,https://www.google.com/maps/place/Gomez+Automotive+Service/data=!4m7!3m6!1s0x54afb3000db53927:0xf9cabef490aa670a!8m2!3d43.6225249!4d-116.6266971!16s%2Fg%2F11njsqz7qd!19sChIJJzm1DQCzr1QRCmeqkPS-yvk?authuser=0&hl=en&rclk=1,auto repair shop,Caldwell,city,ID,2026-07-24T14:41:46,0x54afb3000db53927:0xf9cabef490aa670a
Goodyear Commercial Tire & Service Centers,(208) 454-1509,http://www.goodyearctsc.com/,,"10224 US-20 #26, Caldwell, ID 83605, United States",10224 US-20 #26,Caldwell,ID,83605,4.1,38,Tire shop,,,https://www.google.com/maps/place/Goodyear+Commercial+Tire+%26+Service+Centers/data=!4m7!3m6!1s0x54afb256568a233d:0x92dbc87f0a9a60a4!8m2!3d43.6646543!4d-116.5987555!16s%2Fg%2F11dfjx0cb8!19sChIJPSOKVlayr1QRpGCaCn_I25I?authuser=0&hl=en&rclk=1,auto repair shop,Caldwell,city,ID,2026-07-24T14:41:46,0x54afb256568a233d:0x92dbc87f0a9a60a4
Jiffy Lube Oil Change and Repair,(208) 454-6321,https://www.jiffylube.com/locations/id/caldwell/3137,,"1204 Cleveland Blvd, Caldwell, ID 83605, United States",1204 Cleveland Blvd,Caldwell,ID,83605,4.7,888,Oil change service,,,https://www.google.com/maps/place/Jiffy+Lube+Oil+Change+and+Repair/data=!4m7!3m6!1s0x54afb41287181f13:0xb1e96e69bab95739!8m2!3d43.6611471!4d-116.6855852!16s%2Fg%2F1vm_xlvx!19sChIJEx8YhxK0r1QROVe5umlu6bE?authuser=0&hl=en&rclk=1,auto repair shop,Caldwell,city,ID,2026-07-24T14:41:46,0x54afb41287181f13:0xb1e96e69bab95739
Les Schwab Tire Center,(208) 504-3865,https://www.lesschwab.com/stores/id/caldwell/803-haystack-way?utm_source=google&utm_medium=organic&utm_campaign=gmb-homepage,,"803 Haystack Wy, Caldwell, ID 83605, United States",803 Haystack Wy,Caldwell,ID,83605,4.2,26,Tire shop,,,https://www.google.com/maps/place/Les+Schwab+Tire+Center/data=!4m7!3m6!1s0x54afb3b37e9622eb:0x2af502351e1d1c38!8m2!3d43.6634366!4d-116.6473777!16s%2Fg%2F11ykj4ybq6!19sChIJ6yKWfrOzr1QROBwdHjUC9So?authuser=0&hl=en&rclk=1,auto repair shop,Caldwell,city,ID,2026-07-24T14:41:47,0x54afb3b37e9622eb:0x2af502351e1d1c38
"Moore Truck Repair, Inc",(208) 454-1670,,,"521 Blomquist Ave, Caldwell, ID 83605, United States",521 Blomquist Ave,Caldwell,ID,83605,4.9,35,Truck repair shop,,,"https://www.google.com/maps/place/Moore+Truck+Repair,+Inc/data=!4m7!3m6!1s0x54afb41834dcf697:0x5139ee45dc888436!8m2!3d43.6655371!4d-116.7014343!16s%2Fg%2F1tf5dgh4!19sChIJl_bcNBi0r1QRNoSI3EXuOVE?authuser=0&hl=en&rclk=1",auto repair shop,Caldwell,city,ID,2026-07-24T14:41:46,0x54afb41834dcf697:0x5139ee45dc888436
One Stop Body Shop Inc,(208) 454-2124,,,"105 Paynter Ave #3953, Caldwell, ID 83605, United States",105 Paynter Ave #3953,Caldwell,ID,83605,4.5,17,Auto body shop,,,https://www.google.com/maps/place/One+Stop+Body+Shop+Inc/data=!4m7!3m6!1s0x54afb41bb638087f:0x37f4a43723900b03!8m2!3d43.668224!4d-116.6979589!16s%2Fg%2F1tx8syfs!19sChIJfwg4thu0r1QRAwuQIzek9Dc?authuser=0&hl=en&rclk=1,auto repair shop,Caldwell,city,ID,2026-07-24T14:41:46,0x54afb41bb638087f:0x37f4a43723900b03
R&R Auto Mechanic,,,,"623 E Albany St, Caldwell, ID 83605, United States",623 E Albany St,Caldwell,ID,83605,,,Auto repair shop,,,https://www.google.com/maps/place/R%26R+Auto+Mechanic/data=!4m7!3m6!1s0x54afb3fe3a700001:0xb2dbe034c4761482!8m2!3d43.668543!4d-116.6868331!16s%2Fg%2F11fll667v4!19sChIJAQBwOv6zr1QRghR2xDTg27I?authuser=0&hl=en&rclk=1,auto repair shop,Caldwell,city,ID,2026-07-24T14:41:46,0x54afb3fe3a700001:0xb2dbe034c4761482
Take 5 Oil Change,(208) 580-7319,https://www.take5.com/locations/oil-change/idaho/caldwell/31403/?utm_source=google&utm_medium=organic&utm_campaign=gbp_website,,"5209 Cleveland Blvd, Caldwell, ID 83607, United States",5209 Cleveland Blvd,Caldwell,ID,83607,4.8,1589,Oil change service,,,https://www.google.com/maps/place/Take+5+Oil+Change/data=!4m7!3m6!1s0x54afb50035a5446b:0x3641cdd6a343284!8m2!3d43.632792!4d-116.6428982!16s%2Fg%2F11vdgtsdlf!19sChIJa0SlNQC1r1QRhDI0at0cZAM?authuser=0&hl=en&rclk=1,auto repair shop,Caldwell,city,ID,2026-07-24T14:41:47,0x54afb50035a5446b:0x3641cdd6a343284
Valvoline Instant Oil Change,(208) 402-5085,https://store.vioc.com/id/caldwell/4719-cleveland-blvd?utm_source=google&utm_medium=local&utm_campaign=localsearch,,"4719 Cleveland Blvd, Caldwell, ID 83605, United States",4719 Cleveland Blvd,Caldwell,ID,83605,4.6,600,Oil change service,,,https://www.google.com/maps/place/Valvoline+Instant+Oil+Change/data=!4m7!3m6!1s0x54afb5b8c00619f1:0x53343988d0444900!8m2!3d43.63575!4d-116.64729!16s%2Fg%2F11mvn419ty!19sChIJ8RkGwLi1r1QRAElE0Ig5NFM?authuser=0&hl=en&rclk=1,auto repair shop,Caldwell,city,ID,2026-07-24T14:41:47,0x54afb5b8c00619f1:0x53343988d0444900
Walmart Auto Care Center,(208) 455-1048,https://www.walmart.com/store/2780-caldwell-id/auto-care-center/?veh=seo_loc,,"5108 Cleveland Blvd, Caldwell, ID 83607, United States",5108 Cleveland Blvd,Caldwell,ID,83607,3.0,179,Oil change service,,,https://www.google.com/maps/place/Walmart+Auto+Care+Center/data=!4m7!3m6!1s0x54afb49f1769ad1d:0xe918e45947de7b6a!8m2!3d43.6317805!4d-116.6471248!16s%2Fg%2F1hf462h52!19sChIJHa1pF5-0r1QRanveR1nkGOk?authuser=0&hl=en&rclk=1,auto repair shop,Caldwell,city,ID,2026-07-24T14:41:47,0x54afb49f1769ad1d:0xe918e45947de7b6a
NAPA Auto Parts - Stinker Challis,(208) 879-2703,https://www.napaonline.com/en/ID/Challis/store/21866?cid=pl_jobber_google_dac_21866_ao,,"611 US-93 Box 330, Challis, ID 83226, United States",611 US-93 Box 330,Challis,ID,83226,4.5,51,Auto parts store,,,https://www.google.com/maps/place/NAPA+Auto+Parts+-+Stinker+Challis/data=!4m7!3m6!1s0x54a81f86d10183f5:0x5fc59cbff412cf56!8m2!3d44.500876!4d-114.222842!16s%2Fg%2F11bbrh8n7w!19sChIJ9YMB0YYfqFQRVs8S9L-cxV8?authuser=0&hl=en&rclk=1,auto repair shop,Custer County,county,ID,2026-07-24T12:48:22,0x54a81f86d10183f5:0x5fc59cbff412cf56
Jiffy Lube,(208) 237-7884,https://www.jiffylube.com/locations/id/chubbuck/3285,,"4674 Yellowstone Ave, Chubbuck, ID 83202, United States",4674 Yellowstone Ave,Chubbuck,ID,83202,4.6,436,Oil change service,,,https://www.google.com/maps/place/Jiffy+Lube/data=!4m7!3m6!1s0x535545da09b79f1b:0x352f0edbc708d831!8m2!3d42.9182303!4d-112.4659297!16s%2Fg%2F1td7yrq_!19sChIJG5-3CdpFVVMRMdgIx9sOLzU?authuser=0&hl=en&rclk=1,auto repair shop,Bannock County,county,ID,2026-07-17T11:46:34,0x535545da09b79f1b:0x352f0edbc708d831
Jiffy Lube,(509) 758-4814,https://www.jiffylube.com/locations/wa/clarkston/2664,,"501 Bridge St, Clarkston, WA 99403, United States",501 Bridge St,Clarkston,WA,99403,4.6,394,Oil change service,,,https://www.google.com/maps/place/Jiffy+Lube/data=!4m7!3m6!1s0x54a1cac686a7a6c3:0x4c50f39eab03da67!8m2!3d46.419717!4d-117.04456!16s%2Fg%2F1tz713hg!19sChIJw6anhsbKoVQRZ9oDq57zUEw?authuser=0&hl=en&rclk=1,auto repair shop,Nez Perce County,county,ID,2026-07-17T14:41:43,0x54a1cac686a7a6c3:0x4c50f39eab03da67
Les Schwab Tire Center,(509) 751-9661,https://www.lesschwab.com/stores/wa/clarkston/1468-bridge-st?utm_source=google&utm_medium=organic&utm_campaign=gmb-homepage,,"1468 Bridge St, Clarkston, WA 99403, United States",1468 Bridge St,Clarkston,WA,99403,4.5,400,Tire shop,,,https://www.google.com/maps/place/Les+Schwab+Tire+Center/data=!4m7!3m6!1s0x54a1cae58cc630c1:0x6a3f1e3a28aa7619!8m2!3d46.4203384!4d-117.0660017!16s%2Fg%2F1tl7nfns!19sChIJwTDGjOXKoVQRGXaqKDoeP2o?authuser=0&hl=en&rclk=1,auto repair shop,Nez Perce County,county,ID,2026-07-17T14:41:43,0x54a1cae58cc630c1:0x6a3f1e3a28aa7619
AAMCO Transmissions & Total Car Care,(208) 415-9256,http://www.aamcocoeurdalene.com/?utm_source=G&utm_medium=local&utm_campaign=google-local,,"415 N 3rd St, Coeur d'Alene, ID 83814, United States",415 N 3rd St,Coeur d'Alene,ID,83814,4.7,151,Transmission shop,,,https://www.google.com/maps/place/AAMCO+Transmissions+%26+Total+Car+Care/data=!4m7!3m6!1s0x5361c68addfbdc73:0x48d4eda196e151d3!8m2!3d47.676505!4d-116.78292!16s%2Fg%2F1tdy_mt_!19sChIJc9z73YrGYVMR01HhlqHt1Eg?authuser=0&hl=en&rclk=1,auto repair shop,Bonner County,county,ID,2026-07-24T11:42:48,0x5361c68addfbdc73:0x48d4eda196e151d3
Atlas Automotive Inc.,(208) 664-0300,http://atlasautoservice.com/,,"2710 N Julia St, Coeur d'Alene, ID 83815, United States",2710 N Julia St,Coeur d'Alene,ID,83815,4.6,185,Auto repair shop,,,https://www.google.com/maps/place/Atlas+Automotive+Inc./data=!4m7!3m6!1s0x5361c6c8a9b37521:0x1ce55e2e114d96ff!8m2!3d47.7021061!4d-116.7989543!16s%2Fg%2F1ts3kwp3!19sChIJIXWzqcjGYVMR_5ZNES5e5Rw?authuser=0&hl=en&rclk=1,auto repair shop,Camas County,county,ID,2026-07-24T10:44:20,0x5361c6c8a9b37521:0x1ce55e2e114d96ff
Colville Auto Repair Inc,(509) 684-3581,http://www.colvilleautorepair.com/,,"505 S Main St, Colville, WA 99114, United States",505 S Main St,Colville,WA,99114,4.6,83,Auto repair shop,,,https://www.google.com/maps/place/Colville+Auto+Repair+Inc/data=!4m7!3m6!1s0x53627d62d784a443:0x2c92bf7aecc4391b!8m2!3d48.5400459!4d-117.9053871!16s%2Fg%2F1tlnd328!19sChIJQ6SE12J9YlMRGznE7Hq_kiw?authuser=0&hl=en&rclk=1,auto repair shop,Boundary County,county,ID,2026-07-17T12:40:30,0x53627d62d784a443:0x2c92bf7aecc4391b
NAPA Auto Parts - Jerry's Auto Parts,(208) 253-4234,https://www.napaonline.com/en/ID/Council/store/27621?cid=pl_jobber_google_dac_27621_ao,,"2027 US-95, Council, ID 83612, United States",2027 US-95,Council,ID,83612,4.7,109,Auto parts store,,,https://www.google.com/maps/place/NAPA+Auto+Parts+-+Jerry%27s+Auto+Parts/data=!4m7!3m6!1s0x54a5d9b324f5354d:0x6bcad0babc661c7a!8m2!3d44.734734!4d-116.4336751!16s%2Fg%2F1tfyd909!19sChIJTTX1JLPZpVQRehxmvLrQyms?authuser=0&hl=en&rclk=1,auto repair shop,Adams County,county,ID,2026-07-24T11:11:37,0x54a5d9b324f5354d:0x6bcad0babc661c7a
New Concepts Auto Services Inc,(208) 772-6287,http://newconceptsauto.com/,,"71 E Canfield Ave, Dalton Gardens, ID 83815, United States",71 E Canfield Ave,Dalton Gardens,ID,83815,4.6,31,Auto repair shop,,,https://www.google.com/maps/place/New+Concepts+Auto+Services+Inc/data=!4m7!3m6!1s0x5361c0c33067401b:0x54f0c65a73590066!8m2!3d47.73334!4d-116.7854505!16s%2Fg%2F1tvgt_sc!19sChIJG0BnMMPAYVMRZgBZc1rG8FQ?authuser=0&hl=en&rclk=1,auto repair shop,Kootenai County,county,ID,2026-07-24T13:32:12,0x5361c0c33067401b:0x54f0c65a73590066
Rocky Mountain Truck Centers Inc - 24 Hour Roadside Service,(208) 825-5042,https://247breakdown.com/eden/?state=ID,,"1135 E 1000 S, Eden, ID 83325, United States",1135 E 1000 S,Eden,ID,83325,3.7,520,Truck repair shop,,,https://www.google.com/maps/place/Rocky+Mountain+Truck+Centers+Inc+-+24+Hour+Roadside+Service/data=!4m7!3m6!1s0x54ab5f492b6feed9:0xf85d11e64a413f0f!8m2!3d42.575559!4d-114.299123!16s%2Fg%2F11xlnpd3m!19sChIJ2e5vK0lfq1QRDz9BSuYRXfg?authuser=0&hl=en&rclk=1,auto repair shop,Lincoln County,county,ID,2026-07-24T13:45:37,0x54ab5f492b6feed9:0xf85d11e64a413f0f
"Dan's Auto Body, Inc",(208) 365-2174,,,"115 Canal St, Emmett, ID 83617, United States",115 Canal St,Emmett,ID,83617,4.8,15,Auto body shop,,,"https://www.google.com/maps/place/Dan%27s+Auto+Body,+Inc/data=!4m7!3m6!1s0x54af09f9d1f6343d:0xe117b60a5b911733!8m2!3d43.8772131!4d-116.5008099!16s%2Fg%2F1tfkqh1b!19sChIJPTT20fkJr1QRMxeRWwq2F-E?authuser=0&hl=en&rclk=1",auto repair shop,Gem County,county,ID,2026-07-24T13:17:26,0x54af09f9d1f6343d:0xe117b60a5b911733
Les Schwab Tire Center,(208) 365-3548,https://www.lesschwab.com/stores/id/emmett/419-n-washington-ave?utm_source=google&utm_medium=organic&utm_campaign=gmb-homepage,,"419 N Washington Ave, Emmett, ID 83617, United States",419 N Washington Ave,Emmett,ID,83617,4.5,283,Tire shop,,,https://www.google.com/maps/place/Les+Schwab+Tire+Center/data=!4m7!3m6!1s0x54af09f78b70d55f:0xe11ec764f23b52f3!8m2!3d43.878781!4d-116.5004581!16s%2Fg%2F1trcg4fc!19sChIJX9Vwi_cJr1QR81I78mTHHuE?authuser=0&hl=en&rclk=1,auto repair shop,Gem County,county,ID,2026-07-24T13:17:26,0x54af09f78b70d55f:0xe11ec764f23b52f3
Valvoline Instant Oil Change,(986) 212-0185,https://store.vioc.com/id/emmett/216-w-highway-52?utm_source=google&utm_medium=local&utm_campaign=localsearch,,"216 Hwy 52, Emmett, ID 83617, United States",216 Hwy 52,Emmett,ID,83617,4.0,3,Oil change service,,,https://www.google.com/maps/place/Valvoline+Instant+Oil+Change/data=!4m7!3m6!1s0x54afa70d4af9ec7f:0x4922edd44a71cc1b!8m2!3d43.8617208!4d-116.5017611!16s%2Fg%2F11zcw0b0vs!19sChIJf-z5Sg2nr1QRG8xxStTtIkk?authuser=0&hl=en&rclk=1,auto repair shop,Gem County,county,ID,2026-07-24T13:17:26,0x54afa70d4af9ec7f:0x4922edd44a71cc1b
Hoopmans Automotive,,http://www.hoopmansautomotive.com/,,"1010 NW 16th St, Fruitland, ID 83619, United States",1010 NW 16th St,Fruitland,ID,83619,4.7,50,Auto repair shop,,,https://www.google.com/maps/place/Hoopmans+Automotive/data=!4m7!3m6!1s0x54af85934956a2e9:0x687d1cd691832d58!8m2!3d44.0247233!4d-116.9271851!16s%2Fg%2F11jn321sg4!19sChIJ6aJWSZOFr1QRWC2DkdYcfWg?authuser=0&hl=en&rclk=1,auto repair shop,Payette County,county,ID,2026-07-24T14:03:42,0x54af85934956a2e9:0x687d1cd691832d58
Jiffy Lube Oil Change and Repair,(208) 452-6688,https://www.jiffylube.com/locations/id/fruitland/2660,,"903 NW 16th St, Fruitland, ID 83619, United States",903 NW 16th St,Fruitland,ID,83619,4.5,493,Oil change service,,,https://www.google.com/maps/place/Jiffy+Lube+Oil+Change+and+Repair/data=!4m7!3m6!1s0x54af8ff307a56d3b:0xf1fb3de7e31c554c!8m2!3d44.0257371!4d-116.9249648!16s%2Fg%2F1tdq0w3p!19sChIJO22lB_OPr1QRTFUc4-c9-_E?authuser=0&hl=en&rclk=1,auto repair shop,Washington County,county,ID,2026-07-17T15:23:56,0x54af8ff307a56d3b:0xf1fb3de7e31c554c
Blazek Diagnostic & Automotive Repair Inc.,(208) 440-9292,https://blazekautomotive.com/,,"3660 W Chinden Blvd, Garden City, ID 83714, United States",3660 W Chinden Blvd,Garden City,ID,83714,4.7,396,Auto repair shop,,,https://www.google.com/maps/place/Blazek+Diagnostic+%26+Automotive+Repair+Inc./data=!4m7!3m6!1s0x54ae53efa137ddd3:0x3623249f0f1e91d6!8m2!3d43.6251423!4d-116.2420463!16s%2Fg%2F1ygvsv4sg!19sChIJ0903oe9TrlQR1pEeD58kIzY?authuser=0&hl=en&rclk=1,auto repair shop,Boise County,county,ID,2026-07-24T10:19:02,0x54ae53efa137ddd3:0x3623249f0f1e91d6
Trie County auto repair,,,,"109 N Kansas Ave, Glenns Ferry, ID 83623, United States",109 N Kansas Ave,Glenns Ferry,ID,83623,,,Auto repair shop,,,https://www.google.com/maps/place/Trie+County+auto+repair/data=!4m7!3m6!1s0x54ac4738e817967d:0xc87003d0b43cf57f!8m2!3d42.953905!4d-115.3074293!16s%2Fg%2F11svzddz_g!19sChIJfZYX6DhHrFQRf_U8tNADcMg?authuser=0&hl=en&rclk=1,auto repair shop,Elmore County,county,ID,2026-07-17T13:39:57,0x54ac4738e817967d:0xc87003d0b43cf57f
Felix 's Auto services c.,,,,"206 4th Ave E, Gooding, ID 83330, United States",206 4th Ave E,Gooding,ID,83330,5.0,1,Auto repair shop,,,https://www.google.com/maps/place/Felix+%27s+Auto+services+c./data=!4m7!3m6!1s0x54ac79001de28e93:0xfabf7c24c80b0ee4!8m2!3d42.9418808!4d-114.7112313!16s%2Fg%2F11x0vrhx0k!19sChIJk47iHQB5rFQR5A4LyCR8v_o?authuser=0&hl=en&rclk=1,auto repair shop,Gooding County,county,ID,2026-07-24T13:19:14,0x54ac79001de28e93:0xfabf7c24c80b0ee4
"Pioneer Body & Paint, Inc. NOT TOWING",(208) 934-4368,,,"150 Main St, Gooding, ID 83330, United States",150 Main St,Gooding,ID,83330,4.4,18,Auto body shop,,,"https://www.google.com/maps/place/Pioneer+Body+%26+Paint,+Inc.+NOT+TOWING/data=!4m7!3m6!1s0x54ac78dfb89edc69:0x8bf25b4ece701713!8m2!3d42.9441936!4d-114.7125529!16s%2Fg%2F1tffz6pz!19sChIJadyeuN94rFQRExdwzk5b8os?authuser=0&hl=en&rclk=1",auto repair shop,Gooding County,county,ID,2026-07-24T13:19:14,0x54ac78dfb89edc69:0x8bf25b4ece701713
Les Schwab Tire Center,(208) 983-1650,https://www.lesschwab.com/stores/id/grangeville/411-e-main-st?utm_source=google&utm_medium=organic&utm_campaign=gmb-homepage,,"411 E Main St, Grangeville, ID 83530, United States",411 E Main St,Grangeville,ID,83530,4.5,197,Tire shop,,,https://www.google.com/maps/place/Les+Schwab+Tire+Center/data=!4m7!3m6!1s0x54a0c177470692d3:0x191ddcf1a2b8a9cc!8m2!3d45.9248183!4d-116.1142181!16s%2Fg%2F1tjcp4s9!19sChIJ05IGR3fBoFQRzKm4ovHcHRk?authuser=0&hl=en&rclk=1,auto repair shop,Clearwater County,county,ID,2026-07-17T13:26:57,0x54a0c177470692d3:0x191ddcf1a2b8a9cc
Les Schwab Tire Center,(208) 788-0924,https://www.lesschwab.com/stores/id/hailey/520-n-river-st?utm_source=google&utm_medium=organic&utm_campaign=gmb-homepage,,"520 N River St, Hailey, ID 83333, United States",520 N River St,Hailey,ID,83333,4.0,289,Tire shop,,,https://www.google.com/maps/place/Les+Schwab+Tire+Center/data=!4m7!3m6!1s0x54abd5bb569ba79b:0x55562ef46f0ab72b!8m2!3d43.5239151!4d-114.3197062!16s%2Fg%2F1tdjqw60!19sChIJm6ebVrvVq1QRK7cKb_QuVlU?authuser=0&hl=en&rclk=1,auto repair shop,Blaine County,county,ID,2026-07-24T11:32:45,0x54abd5bb569ba79b:0x55562ef46f0ab72b
Shop Valley,,,,"564 Valley Club Dr, Hailey, ID 83333, United States",564 Valley Club Dr,Hailey,ID,83333,,,Auto repair shop,,,https://www.google.com/maps/place/Shop+Valley/data=!4m7!3m6!1s0x54a97f007f917425:0x10b6cc940306f651!8m2!3d43.5604836!4d-114.3218982!16s%2Fg%2F11zb9jhmjy!19sChIJJXSRfwB_qVQRUfYGA5TMthA?authuser=0&hl=en&rclk=1,auto repair shop,Blaine County,county,ID,2026-07-24T11:32:45,0x54a97f007f917425:0x10b6cc940306f651
Coeur D' Alene Auto Care Inc.,(208) 772-6560,https://www.cdaautocares.com/,,"10328 N Government Wy, Hayden, ID 83835, United States",10328 N Government Wy,Hayden,ID,83835,4.9,397,Auto repair shop,,,https://www.google.com/maps/place/Coeur+D%27+Alene+Auto+Care+Inc./data=!4m7!3m6!1s0x5361c064d1ea9865:0xc10f78dae40a6540!8m2!3d47.7655994!4d-116.7860349!16s%2Fg%2F1tvtb07f!19sChIJZZjq0WTAYVMRQGUK5Np4D8E?authuser=0&hl=en&rclk=1,auto repair shop,Clearwater County,county,ID,2026-07-24T11:10:41,0x5361c064d1ea9865:0xc10f78dae40a6540
Rocky's Body Shop & Towing Inc,(208) 762-2639,,,"256 W Dakota Ave, Hayden, ID 83835, United States",256 W Dakota Ave,Hayden,ID,83835,4.5,69,Auto body shop,,,https://www.google.com/maps/place/Rocky%27s+Body+Shop+%26+Towing+Inc/data=!4m7!3m6!1s0x5361c0dae186a1f9:0x6260b14757993843!8m2!3d47.7623905!4d-116.790077!16s%2Fg%2F1yg93k8lq!19sChIJ-aGG4drAYVMRQziZV0exYGI?authuser=0&hl=en&rclk=1,auto repair shop,Kootenai County,county,ID,2026-07-24T13:32:13,0x5361c0dae186a1f9:0x6260b14757993843
C AND E SERVICE INC,(208) 523-5044,http://locations.autovalue.com/id/idaho-falls/3650280/?utm_source=Google&utm_medium=Maps&utm_campaign=Google+Places,,"1805 Rollandet Ave, Idaho Falls, ID 83402, United States",1805 Rollandet Ave,Idaho Falls,ID,83402,4.8,52,Auto repair shop,,,https://www.google.com/maps/place/C+AND+E+SERVICE+INC/data=!4m7!3m6!1s0x5354593f04cf69a9:0x8207a13f928a5a4d!8m2!3d43.4816434!4d-112.0431531!16s%2Fg%2F1tyzynpk!19sChIJqWnPBD9ZVFMRTVqKkj-hB4I?authuser=0&hl=en&rclk=1,auto repair shop,Bonneville County,county,ID,2026-07-24T10:33:14,0x5354593f04cf69a9:0x8207a13f928a5a4d
Ermal's Auto Body Inc,(208) 529-1665,https://www.ermalsautobody.com/,,"471 College St, Idaho Falls, ID 83401, United States",471 College St,Idaho Falls,ID,83401,4.8,90,Car repair and maintenance service,,,https://www.google.com/maps/place/Ermal%27s+Auto+Body+Inc/data=!4m7!3m6!1s0x53545ea8c3a0d325:0x77a279560f4dace8!8m2!3d43.5025807!4d-112.0245325!16s%2Fg%2F1tjyncyt!19sChIJJdOgw6heVFMR6KxND1Z5onc?authuser=0&hl=en&rclk=1,auto repair shop,Oneida County,county,ID,2026-07-24T13:58:10,0x53545ea8c3a0d325:0x77a279560f4dace8
Jiffy Lube,(208) 529-3232,https://www.jiffylube.com/locations/id/idaho-falls/2535,,"185 S Woodruff Ave, Idaho Falls, ID 83401, United States",185 S Woodruff Ave,Idaho Falls,ID,83401,4.6,794,Oil change service,,,https://www.google.com/maps/place/Jiffy+Lube/data=!4m7!3m6!1s0x53545e94484cd103:0x5079e7fa47082181!8m2!3d43.4960372!4d-111.9986755!16s%2Fg%2F1v2kx2y4!19sChIJA9FMSJReVFMRgSEIR_rneVA?authuser=0&hl=en&rclk=1,auto repair shop,Idaho Falls,city,ID,2026-07-24T14:29:45,0x53545e94484cd103:0x5079e7fa47082181
Jiffy Lube,(208) 524-0083,https://www.jiffylube.com/locations/id/idaho-falls/2548,,"1546 W Broadway St, Idaho Falls, ID 83402, United States",1546 W Broadway St,Idaho Falls,ID,83402,4.5,544,Oil change service,,,https://www.google.com/maps/place/Jiffy+Lube/data=!4m7!3m6!1s0x535459607a0dc083:0x8548185c66b36840!8m2!3d43.4970465!4d-112.0607037!16s%2Fg%2F1td_bbpd!19sChIJg8ANemBZVFMRQGizZlwYSIU?authuser=0&hl=en&rclk=1,auto repair shop,Idaho Falls,city,ID,2026-07-24T14:29:45,0x535459607a0dc083:0x8548185c66b36840
Les Schwab Tire Center,(208) 522-2132,https://www.lesschwab.com/stores/id/idaho-falls/210-constitution-way?utm_source=google&utm_medium=organic&utm_campaign=gmb-homepage,,"210 Constitution Way, Idaho Falls, ID 83402, United States",210 Constitution Way,Idaho Falls,ID,83402,4.4,528,Tire shop,,,https://www.google.com/maps/place/Les+Schwab+Tire+Center/data=!4m7!3m6!1s0x5354594e1a3549b9:0xe5e64c3872d49291!8m2!3d43.4939401!4d-112.0373946!16s%2Fg%2F1tgywcmd!19sChIJuUk1Gk5ZVFMRkZLUcjhM5uU?authuser=0&hl=en&rclk=1,auto repair shop,Idaho Falls,city,ID,2026-07-17T15:39:00,0x5354594e1a3549b9:0xe5e64c3872d49291
Les Schwab Tire Center,(208) 524-7360,https://www.lesschwab.com/stores/id/idaho-falls/970-e-17th-st?utm_source=google&utm_medium=organic&utm_campaign=gmb-homepage,,"970 E 17th St, Idaho Falls, ID 83404, United States",970 E 17th St,Idaho Falls,ID,83404,4.4,549,Tire shop,,,https://www.google.com/maps/place/Les+Schwab+Tire+Center/data=!4m7!3m6!1s0x53545ecdb39697b5:0xecf372211a2b3925!8m2!3d43.481956!4d-112.0148925!16s%2Fg%2F1tfn2dj0!19sChIJtZeWs81eVFMRJTkrGiFy8-w?authuser=0&hl=en&rclk=1,auto repair shop,Idaho Falls,city,ID,2026-07-24T14:29:45,0x53545ecdb39697b5:0xecf372211a2b3925
"Lindsay Truck & Towing, Inc.",(208) 523-6618,http://www.lindsaytruckandtowing.com/,,"2281 E Lincoln Rd, Idaho Falls, ID 83401, United States",2281 E Lincoln Rd,Idaho Falls,ID,83401,4.7,157,Towing service,,,"https://www.google.com/maps/place/Lindsay+Truck+%26+Towing,+Inc./data=!4m7!3m6!1s0x53545e7ff0d7853f:0xc4bc2c4847b703ac!8m2!3d43.5118579!4d-111.9879363!16s%2Fg%2F11bbrhhmgc!19sChIJP4XX8H9eVFMRrAO3R0gsvMQ?authuser=0&hl=en&rclk=1",auto repair shop,Bingham County,county,ID,2026-07-17T12:07:37,0x53545e7ff0d7853f:0xc4bc2c4847b703ac
Mountain West Auto Repair Inc,(208) 357-4715,,,"4028 N 5th E Lewisville Hwy, Idaho Falls, ID 83401, United States",4028 N 5th E Lewisville Hwy,Idaho Falls,ID,83401,,,Auto machine shop,,,https://www.google.com/maps/place/Mountain+West+Auto+Repair+Inc/data=!4m7!3m6!1s0x5354594c240a3047:0x7e7eb9074f5a23fc!8m2!3d43.5312043!4d-112.0225218!16s%2Fg%2F1pxq58khg!19sChIJRzAKJExZVFMR_CNaTwe5fn4?authuser=0&hl=en&rclk=1,auto repair shop,Bonneville County,county,ID,2026-07-24T10:33:14,0x5354594c240a3047:0x7e7eb9074f5a23fc
Oswald Service Inc,(208) 522-1566,http://www.oswaldserviceinc.com/,,"725 Yellowstone Ave, Idaho Falls, ID 83402, United States",725 Yellowstone Ave,Idaho Falls,ID,83402,4.8,1083,Auto repair shop,,,https://www.google.com/maps/place/Oswald+Service+Inc/data=!4m7!3m6!1s0x5354594e3d9492c3:0x38d9bbe308ba3d93!8m2!3d43.4947406!4d-112.0367031!16s%2Fg%2F1vn185vl!19sChIJw5KUPU5ZVFMRkz26COO72Tg?authuser=0&hl=en&rclk=1,auto repair shop,Bonneville County,county,ID,2026-07-24T12:01:06,0x5354594e3d9492c3:0x38d9bbe308ba3d93
Richard's Diesel & Auto Repair Inc.,(208) 542-0465,https://www.richardsdieselrepair.com/,,"455 N Lee Ave, Idaho Falls, ID 83401, United States",455 N Lee Ave,Idaho Falls,ID,83401,4.7,69,Auto repair shop,,,https://www.google.com/maps/place/Richard%27s+Diesel+%26+Auto+Repair+Inc./data=!4m7!3m6!1s0x53545eac8191f711:0xde6efa86b06cc4d6!8m2!3d43.4999513!4d-112.0315607!16s%2Fg%2F11cn2_q2fw!19sChIJEfeRgaxeVFMR1sRssIb6bt4?authuser=0&hl=en&rclk=1,auto repair shop,Adams County,county,ID,2026-07-24T11:11:37,0x53545eac8191f711:0xde6efa86b06cc4d6
Start Specialists Inc,(208) 523-3211,https://www.startspecialists.com/,,"3125 E 49th N, Idaho Falls, ID 83401, United States",3125 E 49th N,Idaho Falls,ID,83401,4.8,87,Car repair and maintenance service,,,https://www.google.com/maps/place/Start+Specialists+Inc/data=!4m7!3m6!1s0x53545d93c92bb6c1:0xf7c19123c9b73dc3!8m2!3d43.5398951!4d-111.9713423!16s%2Fg%2F1vd3vgbt!19sChIJwbYryZNdVFMRwz23ySORwfc?authuser=0&hl=en&rclk=1,auto repair shop,Butte County,county,ID,2026-07-24T12:09:23,0x53545d93c92bb6c1:0xf7c19123c9b73dc3
Take 5 Oil Change,(208) 452-0814,https://www.take5.com/locations/oil-change/idaho/idaho-falls/31406/?utm_source=google&utm_medium=organic&utm_campaign=gbp_website,,"875 E 17th St, Idaho Falls, ID 83404, United States",875 E 17th St,Idaho Falls,ID,83404,4.8,1176,Oil change service,,,https://www.google.com/maps/place/Take+5+Oil+Change/data=!4m7!3m6!1s0x53545ffff627e8f9:0x8d6a04f6c2f82771!8m2!3d43.4826838!4d-112.0164615!16s%2Fg%2F11lp76g3c0!19sChIJ-egn9v9fVFMRcSf4wvYEao0?authuser=0&hl=en&rclk=1,auto repair shop,Idaho Falls,city,ID,2026-07-24T14:29:45,0x53545ffff627e8f9:0x8d6a04f6c2f82771
Young Auto Body Inc,(208) 552-5547,http://youngautobody.com/,,"891 Pancheri Dr, Idaho Falls, ID 83402, United States",891 Pancheri Dr,Idaho Falls,ID,83402,4.5,103,Auto body shop,,,https://www.google.com/maps/place/Young+Auto+Body+Inc/data=!4m7!3m6!1s0x53545969fc59c9f1:0x6b16b8cc8773580f!8m2!3d43.48693!4d-112.052116!16s%2Fg%2F1tp26ysy!19sChIJ8clZ_GlZVFMRD1hzh8y4Fms?authuser=0&hl=en&rclk=1,auto repair shop,Idaho Falls,city,ID,2026-07-24T14:29:45,0x53545969fc59c9f1:0x6b16b8cc8773580f
Black Bear Diesel and Automotive,,,,"62 S 350 W, Jerome, ID 83338, United States",62 S 350 W,Jerome,ID,83338,4.9,62,Towing service,,,https://www.google.com/maps/place/Black+Bear+Diesel+and+Automotive/data=!4m7!3m6!1s0x54ac9bd637b9102b:0x2089b395f62fff1e!8m2!3d42.7155528!4d-114.5868724!16s%2Fg%2F11j24jxf7d!19sChIJKxC5N9abrFQRHv8v9pWziSA?authuser=0&hl=en&rclk=1,auto repair shop,Elmore County,county,ID,2026-07-24T12:57:07,0x54ac9bd637b9102b:0x2089b395f62fff1e
Chief Truck & Trailer Repair. INC,(208) 320-4908,,,"367 American Ave, Jerome, ID 83338, United States",367 American Ave,Jerome,ID,83338,4.8,206,Truck repair shop,,,https://www.google.com/maps/place/Chief+Truck+%26+Trailer+Repair.+INC/data=!4m7!3m6!1s0x54ac9f85e6d998ef:0x33158823e93e0111!8m2!3d42.6563377!4d-114.4520493!16s%2Fg%2F11jlwpdvn7!19sChIJ75jZ5oWfrFQREQE-6SOIFTM?authuser=0&hl=en&rclk=1,auto repair shop,Jerome County,county,ID,2026-07-24T11:41:26,0x54ac9f85e6d998ef:0x33158823e93e0111
"Jerome Truck Service, Inc.",(208) 324-3511,https://www.richthompsontruckinginc.com/jerome-truck-services-inc.html,,"945 W Main St, Jerome, ID 83338, United States",945 W Main St,Jerome,ID,83338,4.6,18,Car wash,,,"https://www.google.com/maps/place/Jerome+Truck+Service,+Inc./data=!4m7!3m6!1s0x54a06e0740ba075d:0x415f68d01a009aa0!8m2!3d42.723259!4d-114.5321388!16s%2Fg%2F11gzr4bp9!19sChIJXQe6QAduoFQRoJoAGtBoX0E?authuser=0&hl=en&rclk=1",auto repair shop,Jerome County,county,ID,2026-07-17T14:08:07,0x54a06e0740ba075d:0x415f68d01a009aa0
Les Schwab Tire Center,(208) 324-8946,https://www.lesschwab.com/stores/id/jerome/1848-s-lincoln-ave?utm_source=google&utm_medium=organic&utm_campaign=gmb-homepage,,"1848 S Lincoln Ave, Jerome, ID 83338, United States",1848 S Lincoln Ave,Jerome,ID,83338,4.3,384,Tire shop,,,https://www.google.com/maps/place/Les+Schwab+Tire+Center/data=!4m7!3m6!1s0x54ac9c58a9542b0d:0x9e8f6ce13f84fa9!8m2!3d42.7054641!4d-114.5175926!16s%2Fg%2F1v7py61h!19sChIJDStUqVicrFQRqU_4E8726Ak?authuser=0&hl=en&rclk=1,auto repair shop,Jerome County,county,ID,2026-07-24T11:41:26,0x54ac9c58a9542b0d:0x9e8f6ce13f84fa9
NAPA Auto Parts - Dyna Parts LLC,(208) 324-2324,https://www.napaonline.com/en/ID/Jerome/store/25007?cid=pl_jobber_google_dac_25007_ao,,"1620 S Lincoln Ave, Jerome, ID 83338, United States",1620 S Lincoln Ave,Jerome,ID,83338,4.3,98,Auto parts store,,,https://www.google.com/maps/place/NAPA+Auto+Parts+-+Dyna+Parts+LLC/data=!4m7!3m6!1s0x54ac9ce51e66ea91:0x2c01730670ff263d!8m2!3d42.708968!4d-114.518052!16s%2Fg%2F1tjdfy0k!19sChIJkepmHuWcrFQRPSb_cAZzASw?authuser=0&hl=en&rclk=1,auto repair shop,Jerome County,county,ID,2026-07-17T14:08:07,0x54ac9ce51e66ea91:0x2c01730670ff263d
Speed Stop Inc.,(208) 731-0457,https://speedstopautorepair.com/,,"942 S Lincoln Ave, Jerome, ID 83338, United States",942 S Lincoln Ave,Jerome,ID,83338,5.0,2,Diesel engine repair service,,,https://www.google.com/maps/place/Speed+Stop+Inc./data=!4m7!3m6!1s0x54ac9d7c3d32dfd1:0x29cc2eb76b2cb97e!8m2!3d42.7160577!4d-114.5181394!16s%2Fg%2F11s7p84rt1!19sChIJ0d8yPXydrFQRfrksa7cuzCk?authuser=0&hl=en&rclk=1,auto repair shop,Jerome County,county,ID,2026-07-24T11:41:26,0x54ac9d7c3d32dfd1:0x29cc2eb76b2cb97e
Tres Amigos Tires,,http://tres-amigos-tires.edan.io/,,"321 S Lincoln Ave, Jerome, ID 83338, United States",321 S Lincoln Ave,Jerome,ID,83338,4.4,121,Tire shop,,,https://www.google.com/maps/place/Tres+Amigos+Tires/data=!4m7!3m6!1s0x54ac9ce41d83f9bd:0x9576b0b4ff7bf94c!8m2!3d42.7214699!4d-114.5187617!16s%2Fg%2F1q66lxq9w!19sChIJvfmDHeScrFQRTPl7_7SwdpU?authuser=0&hl=en&rclk=1,auto repair shop,Jerome County,county,ID,2026-07-24T11:41:26,0x54ac9ce41d83f9bd:0x9576b0b4ff7bf94c
Walmart Auto Care Center,(208) 324-4888,https://www.walmart.com/store/2831-jerome-id/auto-care-center/?veh=seo_loc,,"2680 S Lincoln Ave, Jerome, ID 83338, United States",2680 S Lincoln Ave,Jerome,ID,83338,3.4,72,Oil change service,,,https://www.google.com/maps/place/Walmart+Auto+Care+Center/data=!4m7!3m6!1s0x54ac9cf7a809d51f:0xc6b7af18f0b56eaa!8m2!3d42.6939965!4d-114.5149117!16s%2Fg%2F11y6cgyqn!19sChIJH9UJqPecrFQRqm618Bivt8Y?authuser=0&hl=en&rclk=1,auto repair shop,Jerome County,county,ID,2026-07-24T11:41:26,0x54ac9cf7a809d51f:0xc6b7af18f0b56eaa
Western Truck & Equipment Inc,(208) 324-3096,,,"11 W 300 S, Jerome, ID 83338, United States",11 W 300 S,Jerome,ID,83338,4.3,3,Truck repair shop,,,https://www.google.com/maps/place/Western+Truck+%26+Equipment+Inc/data=!4m7!3m6!1s0x54ac9c0f4007652f:0xaa45a935c6384c02!8m2!3d42.6798069!4d-114.521212!16s%2Fg%2F1td_gzlx!19sChIJL2UHQA-crFQRAkw4xjWpRao?authuser=0&hl=en&rclk=1,auto repair shop,Jerome County,county,ID,2026-07-17T14:08:07,0x54ac9c0f4007652f:0xaa45a935c6384c02
Chevrolet Service,,,,"210 N Division St, Kellogg, ID 83837, United States",210 N Division St,Kellogg,ID,83837,4.9,9,Auto repair shop,,,https://www.google.com/maps/place/Chevrolet+Service/data=!4m7!3m6!1s0x536056a8d6e95ffd:0xcfacaa28611c9195!8m2!3d47.5382638!4d-116.119357!16s%2Fg%2F11gbl2qv_k!19sChIJ_V_p1qhWYFMRlZEcYSiqrM8?authuser=0&hl=en&rclk=1,auto repair shop,Shoshone County,county,ID,2026-07-24T14:08:40,0x536056a8d6e95ffd:0xcfacaa28611c9195
Les Schwab Tire Center,(208) 783-1105,https://www.lesschwab.com/stores/id/kellogg/15-e-cameron-ave?utm_source=google&utm_medium=organic&utm_campaign=gmb-homepage,,"15 E Cameron Ave, Kellogg, ID 83837, United States",15 E Cameron Ave,Kellogg,ID,83837,4.7,277,Tire shop,,,https://www.google.com/maps/place/Les+Schwab+Tire+Center/data=!4m7!3m6!1s0x536056a8d20cae8d:0x1041189bcf9aa516!8m2!3d47.537671!4d-116.118163!16s%2Fg%2F1tfbm_c8!19sChIJja4M0qhWYFMRFqWaz5sYQRA?authuser=0&hl=en&rclk=1,auto repair shop,Shoshone County,county,ID,2026-07-24T14:08:40,0x536056a8d20cae8d:0x1041189bcf9aa516
RECO'S BODY SHOP,,,,"347 Mc Kinley Ave W, Kellogg, ID 83837, United States",347 Mc Kinley Ave W,Kellogg,ID,83837,,,Auto repair shop,,,https://www.google.com/maps/place/RECO%27S+BODY+SHOP/data=!4m7!3m6!1s0x536056ab62863b15:0x22da1fa810faf2fa!8m2!3d47.5358839!4d-116.127319!16s%2Fg%2F11zfnkx8fy!19sChIJFTuGYqtWYFMR-vL6EKgf2iI?authuser=0&hl=en&rclk=1,auto repair shop,Shoshone County,county,ID,2026-07-17T15:08:02,0x536056ab62863b15:0x22da1fa810faf2fa
Shoshone Glass Inc,(208) 783-1159,,,"132 W Cameron Ave, Kellogg, ID 83837, United States",132 W Cameron Ave,Kellogg,ID,83837,4.8,53,Auto glass shop,,,https://www.google.com/maps/place/Shoshone+Glass+Inc/data=!4m7!3m6!1s0x536056a9aafedb75:0x6f267c5338a86729!8m2!3d47.540308!4d-116.1220079!16s%2Fg%2F1wnf0qml!19sChIJddv-qqlWYFMRKWeoOFN8Jm8?authuser=0&hl=en&rclk=1,auto repair shop,Shoshone County,county,ID,2026-07-24T14:08:40,0x536056a9aafedb75:0x6f267c5338a86729
Ketchum Auto Inc,(208) 726-8259,,,"360 10th St, Ketchum, ID 83340, United States",360 10th St,Ketchum,ID,83340,4.1,106,Auto repair shop,,,https://www.google.com/maps/place/Ketchum+Auto+Inc/data=!4m7!3m6!1s0x54a982b140174de1:0x15cc89df3117942!8m2!3d43.6847113!4d-114.3687588!16s%2Fg%2F1tmqlhr2!19sChIJ4U0XQLGCqVQRQnkR853IXAE?authuser=0&hl=en&rclk=1,auto repair shop,Blaine County,county,ID,2026-07-24T11:32:45,0x54a982b140174de1:0x15cc89df3117942
Auto Body Super Center Towing,,,,"518 Thain Rd, Lewiston, ID 83501, United States",518 Thain Rd,Lewiston,ID,83501,5.0,1,Auto repair shop,,,https://www.google.com/maps/place/Auto+Body+Super+Center+Towing/data=!4m7!3m6!1s0x54a04ad69b4f404b:0x9287fd48151c950d!8m2!3d46.3754381!4d-116.9689752!16s%2Fg%2F11y44gnvgw!19sChIJS0BPm9ZKoFQRDZUcFUj9h5I?authuser=0&hl=en&rclk=1,auto repair shop,Nez Perce County,county,ID,2026-07-24T13:53:16,0x54a04ad69b4f404b:0x9287fd48151c950d
In Gear Transmission Auto Repair,,,,"Thain Rd, Lewiston, ID 83501, United States",Thain Rd,Lewiston,ID,83501,5.0,1,Auto repair shop,,,https://www.google.com/maps/place/In+Gear+Transmission+Auto+Repair/data=!4m7!3m6!1s0x54a04b29305060a3:0x17b5173c865927f5!8m2!3d46.3696209!4d-116.9607496!16s%2Fg%2F11wj2q471y!19sChIJo2BQMClLoFQR9SdZhjwXtRc?authuser=0&hl=en&rclk=1,auto repair shop,Lewis County,county,ID,2026-07-24T13:41:06,0x54a04b29305060a3:0x17b5173c865927f5
Jiffy Lube,(208) 816-4426,https://www.jiffylube.com/locations/id/lewiston/2662,,"1909 19th Ave, Lewiston, ID 83501, United States",1909 19th Ave,Lewiston,ID,83501,4.3,391,Oil change service,,,https://www.google.com/maps/place/Jiffy+Lube/data=!4m7!3m6!1s0x54a04aab3848201d:0xcbce704c6e11db4f!8m2!3d46.4012602!4d-117.0030192!16s%2Fg%2F1tcvz41m!19sChIJHSBIOKtKoFQRT9sRbkxwzss?authuser=0&hl=en&rclk=1,auto repair shop,Nez Perce County,county,ID,2026-07-24T13:53:16,0x54a04aab3848201d:0xcbce704c6e11db4f
Les Schwab Tire Center,(208) 746-2948,https://www.lesschwab.com/stores/id/lewiston/251-thain-rd?utm_source=google&utm_medium=organic&utm_campaign=gmb-homepage,,"251 Thain Rd, Lewiston, ID 83501, United States",251 Thain Rd,Lewiston,ID,83501,4.4,292,Tire shop,,,https://www.google.com/maps/place/Les+Schwab+Tire+Center/data=!4m7!3m6!1s0x54a04acb8a86c94f:0xf48f0fff2d752fd8!8m2!3d46.3847532!4d-116.9812215!16s%2Fg%2F11_q6qzjc!19sChIJT8mGistKoFQR2C91Lf8Pj_Q?authuser=0&hl=en&rclk=1,auto repair shop,Clearwater County,county,ID,2026-07-17T13:26:57,0x54a04acb8a86c94f:0xf48f0fff2d752fd8
Les Schwab Tire Center,(208) 743-1594,https://www.lesschwab.com/stores/id/lewiston/1408-main-st?utm_source=google&utm_medium=organic&utm_campaign=gmb-homepage,,"1408 Main St, Lewiston, ID 83501, United States",1408 Main St,Lewiston,ID,83501,4.4,404,Tire shop,,,https://www.google.com/maps/place/Les+Schwab+Tire+Center/data=!4m7!3m6!1s0x54a0354bfde6ccdf:0xae7981063d8ae40!8m2!3d46.4176648!4d-117.0130904!16s%2Fg%2F1tywxp2r!19sChIJ38zm_Us1oFQRQK7YYxCY5wo?authuser=0&hl=en&rclk=1,auto repair shop,Nez Perce County,county,ID,2026-07-24T13:53:16,0x54a0354bfde6ccdf:0xae7981063d8ae40
Brian's Carsmart Inc,(435) 752-5770,https://brianscarsmart.com/,,"1704 S 800 W, Logan, UT 84321, United States",1704 S 800 W,Logan,UT,84321,4.5,87,Auto repair shop,,,https://www.google.com/maps/place/Brian%27s+Carsmart+Inc/data=!4m7!3m6!1s0x87547e2b0a928cd7:0x6474cd09c63336be!8m2!3d41.7018998!4d-111.8515317!16s%2Fg%2F1jkyyq9yk!19sChIJ14ySCit-VIcRvjYzxgnNdGQ?authuser=0&hl=en&rclk=1,auto repair shop,Bear Lake County,county,ID,2026-07-17T11:52:59,0x87547e2b0a928cd7:0x6474cd09c63336be
J C Auto Inc,(435) 787-8231,http://www.jcautoinc.com/,,"1500 N 600 W, Logan, UT 84321, United States",1500 N 600 W,Logan,UT,84321,4.8,106,Auto body shop,,,https://www.google.com/maps/place/J+C+Auto+Inc/data=!4m7!3m6!1s0x87547d8cf72b6a81:0x8cd86956400e9c1b!8m2!3d41.7597009!4d-111.8487101!16s%2Fg%2F1tgx2hq3!19sChIJgWor94x9VIcRG5wOQFZp2Iw?authuser=0&hl=en&rclk=1,auto repair shop,Bear Lake County,county,ID,2026-07-17T11:52:59,0x87547d8cf72b6a81:0x8cd86956400e9c1b
NAPA Auto Parts - Hess AutoTruck & AG,(208) 766-7278,https://www.napaonline.com/en/ID/Malad-City/store/37199?cid=pl_jobber_google_dac_37199_ao,,"999 S Main St, Malad City, ID 83252, United States",999 S Main St,Malad City,ID,83252,4.4,84,Auto parts store,,,https://www.google.com/maps/place/NAPA+Auto+Parts+-+Hess+AutoTruck+%26+AG/data=!4m7!3m6!1s0x8754dfe073d1de23:0xc4eb1099d26e8129!8m2!3d42.1698414!4d-112.241736!16s%2Fg%2F1263v3kh7!19sChIJI97Rc-DfVIcRKYFu0pkQ68Q?authuser=0&hl=en&rclk=1,auto repair shop,Oneida County,county,ID,2026-07-24T13:58:10,0x8754dfe073d1de23:0xc4eb1099d26e8129
Rindlisbacher Diesel Repair Inc,(208) 479-3993,,,"780 N 4600 W, Malad City, ID 83252, United States",780 N 4600 W,Malad City,ID,83252,,,Diesel engine repair service,,,https://www.google.com/maps/place/Rindlisbacher+Diesel+Repair+Inc/data=!4m7!3m6!1s0x8755277a2ea500f9:0x3a73c7b40b980648!8m2!3d42.1963777!4d-112.3365341!16s%2Fg%2F11ynkp7hqb!19sChIJ-QClLnonVYcRSAaYC7THczo?authuser=0&hl=en&rclk=1,auto repair shop,Oneida County,county,ID,2026-07-24T13:58:10,0x8755277a2ea500f9:0x3a73c7b40b980648
Les Schwab Tire Center,(208) 634-6042,https://www.lesschwab.com/stores/id/mccall/500-deinhard-ln?utm_source=google&utm_medium=organic&utm_campaign=gmb-homepage,,"500 Deinhard Ln, McCall, ID 83638, United States",500 Deinhard Ln,McCall,ID,83638,4.3,258,Tire shop,,,https://www.google.com/maps/place/Les+Schwab+Tire+Center/data=!4m7!3m6!1s0x54a666e4a979f327:0x2c4b25f1557a28cf!8m2!3d44.8974526!4d-116.0932274!16s%2Fg%2F1tfjf7t7!19sChIJJ_N5qeRmplQRzyh6VfElSyw?authuser=0&hl=en&rclk=1,auto repair shop,Adams County,county,ID,2026-07-24T11:11:37,0x54a666e4a979f327:0x2c4b25f1557a28cf
Western Collision Inc,(208) 634-5185,,,"95 E Jacob St, McCall, ID 83638, United States",95 E Jacob St,McCall,ID,83638,4.3,32,Auto body shop,,,https://www.google.com/maps/place/Western+Collision+Inc/data=!4m7!3m6!1s0x54a666fbe93470db:0x63d22d31103880c7!8m2!3d44.8927693!4d-116.0901139!16s%2Fg%2F1thvsd_d!19sChIJ23A06ftmplQRx4A4EDEt0mM?authuser=0&hl=en&rclk=1,auto repair shop,Adams County,county,ID,2026-07-24T09:59:27,0x54a666fbe93470db:0x63d22d31103880c7
Jiffy Lube Oil Change and Repair,(208) 887-5436,https://www.jiffylube.com/locations/id/meridian/2661,,"360 E Fairview Ave, Meridian, ID 83642, United States",360 E Fairview Ave,Meridian,ID,83642,4.6,512,Oil change service,,,https://www.google.com/maps/place/Jiffy+Lube+Oil+Change+and+Repair/data=!4m7!3m6!1s0x54ae538b9a2a61dd:0xcb66180be46f58e9!8m2!3d43.6196188!4d-116.3876155!16s%2Fg%2F1tqnlbqr!19sChIJ3WEqmotTrlQR6Vhv5AsYZss?authuser=0&hl=en&rclk=1,auto repair shop,Meridian,city,ID,2026-07-24T14:24:19,0x54ae538b9a2a61dd:0xcb66180be46f58e9
Jiffy Lube Oil Change and Repair,(208) 888-4509,https://www.jiffylube.com/locations/id/meridian/3240,,"1645 S Spg Vly Ln, Meridian, ID 83642, United States",1645 S Spg Vly Ln,Meridian,ID,83642,4.6,500,Oil change service,,,https://www.google.com/maps/place/Jiffy+Lube+Oil+Change+and+Repair/data=!4m7!3m6!1s0x54ae516446c69617:0x55cc5ee374c9ae20!8m2!3d43.589752!4d-116.3923343!16s%2Fg%2F1td7n0qv!19sChIJF5bGRmRRrlQRIK7JdONezFU?authuser=0&hl=en&rclk=1,auto repair shop,Meridian,city,ID,2026-07-24T14:24:19,0x54ae516446c69617:0x55cc5ee374c9ae20
Les Schwab Tire Center,(208) 884-4642,https://www.lesschwab.com/stores/id/meridian/275-s-main-st?utm_source=google&utm_medium=organic&utm_campaign=gmb-homepage,,"275 S Main St, Meridian, ID 83642, United States",275 S Main St,Meridian,ID,83642,4.6,947,Tire shop,,,https://www.google.com/maps/place/Les+Schwab+Tire+Center/data=!4m7!3m6!1s0x54ae53e7237b915d:0x858a38442fc90d24!8m2!3d43.6023365!4d-116.392257!16s%2Fg%2F1wtbtm62!19sChIJXZF7I-dTrlQRJA3JL0Q4ioU?authuser=0&hl=en&rclk=1,auto repair shop,Meridian,city,ID,2026-07-24T14:24:19,0x54ae53e7237b915d:0x858a38442fc90d24
Les Schwab Tire Center,(208) 202-2270,https://www.lesschwab.com/stores/id/meridian/3094-w-mcmillan-rd?utm_source=google&utm_medium=organic&utm_campaign=gmb-homepage,,"3094 W McMillan Rd, Meridian, ID 83646, United States",3094 W McMillan Rd,Meridian,ID,83646,4.6,85,Tire shop,,,https://www.google.com/maps/place/Les+Schwab+Tire+Center/data=!4m7!3m6!1s0x54ae534e94c38a6b:0x5dd09ce3c50b1bae!8m2!3d43.6489273!4d-116.43191!16s%2Fg%2F11vhqq2_ld!19sChIJa4rDlE5TrlQRrhsLxeOc0F0?authuser=0&hl=en&rclk=1,auto repair shop,Meridian,city,ID,2026-07-24T14:24:19,0x54ae534e94c38a6b:0x5dd09ce3c50b1bae
Les Schwab Tire Center,(208) 888-6537,https://www.lesschwab.com/stores/id/meridian/3595-e-ustick-rd?utm_source=google&utm_medium=organic&utm_campaign=gmb-homepage,,"3595 E Ustick Rd, Meridian, ID 83646, United States",3595 E Ustick Rd,Meridian,ID,83646,4.4,579,Tire shop,,,https://www.google.com/maps/place/Les+Schwab+Tire+Center/data=!4m7!3m6!1s0x54ae54457b38c801:0xb29243f14f30cc9b!8m2!3d43.633419!4d-116.3503779!16s%2Fg%2F1hdz817bz!19sChIJAcg4e0VUrlQRm8wwT_FDkrI?authuser=0&hl=en&rclk=1,auto repair shop,Meridian,city,ID,2026-07-24T14:24:19,0x54ae54457b38c801:0xb29243f14f30cc9b
Meineke Car Care Center,(208) 391-4169,https://www.meineke.com/locations/id/meridian-4305/?utm_source=google&utm_medium=organic&utm_campaign=gbp_website,,"1975 E Fairview Ave, Meridian, ID 83642, United States",1975 E Fairview Ave,Meridian,ID,83642,4.5,1134,Auto repair shop,,,https://www.google.com/maps/place/Meineke+Car+Care+Center/data=!4m7!3m6!1s0x54ae540ce28794f3:0x447ebda0ed1bf647!8m2!3d43.618879!4d-116.3700041!16s%2Fg%2F1hc3k031y!19sChIJ85SH4gxUrlQRR_Yb7aC9fkQ?authuser=0&hl=en&rclk=1,auto repair shop,Meridian,city,ID,2026-07-24T14:24:19,0x54ae540ce28794f3:0x447ebda0ed1bf647
Quality Dent Plus,,,,"3487 N Summercrest Way, Meridian, ID 83646, United States",3487 N Summercrest Way,Meridian,ID,83646,5.0,1,Auto repair shop,,,https://www.google.com/maps/place/Quality+Dent+Plus/data=!4m7!3m6!1s0x54ae55a3a8fddd53:0xbf9cb2dee417a836!8m2!3d43.6362254!4d-116.3678391!16s%2Fg%2F11rprk18m2!19sChIJU939qKNVrlQRNqgX5N6ynL8?authuser=0&hl=en&rclk=1,auto repair shop,Meridian,city,ID,2026-07-17T15:33:21,0x54ae55a3a8fddd53:0xbf9cb2dee417a836
Roadside Jeff Cycle Tire and Lube,,,,"3857 N Rhodes Ave, Meridian, ID 83646, United States",3857 N Rhodes Ave,Meridian,ID,83646,5.0,1,Auto repair shop,,,https://www.google.com/maps/place/Roadside+Jeff+Cycle+Tire+and+Lube/data=!4m7!3m6!1s0x54ae530064b2faaf:0xc2598e91783a6b53!8m2!3d43.6400246!4d-116.4034893!16s%2Fg%2F11y04_5x3l!19sChIJr_qyZABTrlQRU2s6eJGOWcI?authuser=0&hl=en&rclk=1,auto repair shop,Meridian,city,ID,2026-07-17T15:33:21,0x54ae530064b2faaf:0xc2598e91783a6b53
Take 5 Oil Change,(208) 994-3299,https://www.take5.com/locations/oil-change/idaho/meridian/31402/?utm_source=google&utm_medium=organic&utm_campaign=gbp_website,,"3158 W Quintale Dr, Meridian, ID 83646, United States",3158 W Quintale Dr,Meridian,ID,83646,4.8,1047,Oil change service,,,https://www.google.com/maps/place/Take+5+Oil+Change/data=!4m7!3m6!1s0x54ae53ff4fef2697:0xe2edd8069fbade9d!8m2!3d43.6474342!4d-116.43306!16s%2Fg%2F11l6xtspgn!19sChIJlybvT_9TrlQRnd66nwbY7eI?authuser=0&hl=en&rclk=1,auto repair shop,Meridian,city,ID,2026-07-24T14:24:19,0x54ae53ff4fef2697:0xe2edd8069fbade9d
Valvoline Instant Oil Change,(208) 846-9188,https://store.vioc.com/id/meridian/1210-e-fairview-ave?utm_source=google&utm_medium=local&utm_campaign=localsearch,,"1210 E Fairview Ave, Meridian, ID 83642, United States",1210 E Fairview Ave,Meridian,ID,83642,4.6,375,Oil change service,,,https://www.google.com/maps/place/Valvoline+Instant+Oil+Change/data=!4m7!3m6!1s0x54ae5508ea263b05:0x328d7f9d0fda80c1!8m2!3d43.61977!4d-116.37846!16s%2Fg%2F11mvn3hw5t!19sChIJBTsm6ghVrlQRwYDaD51_jTI?authuser=0&hl=en&rclk=1,auto repair shop,Meridian,city,ID,2026-07-17T15:33:21,0x54ae5508ea263b05:0x328d7f9d0fda80c1
"Bear Lake Motor Company, Inc.",(208) 847-0421,https://www.bearlakeford.com/?utm_source=gmbsls&utm_medium=social&mcmid=gmbsls,,"867 Washington St, Montpelier, ID 83254, United States",867 Washington St,Montpelier,ID,83254,4.8,103,Ford dealer,,,"https://www.google.com/maps/place/Bear+Lake+Motor+Company,+Inc./data=!4m7!3m6!1s0x8754321554fc4a31:0x4c60a6467f2a1b25!8m2!3d42.3172641!4d-111.3088228!16s%2Fg%2F1tdnllvn!19sChIJMUr8VBUyVIcRJRsqf0amYEw?authuser=0&hl=en&rclk=1",auto repair shop,Bear Lake County,county,ID,2026-07-24T11:20:26,0x8754321554fc4a31:0x4c60a6467f2a1b25
"Bear Lake Motor Company, Inc. Service",(208) 847-0421,https://www.bearlakeford.com/,,"867 Washington St, Montpelier, ID 83254, United States",867 Washington St,Montpelier,ID,83254,3.0,1,Auto repair shop,,,"https://www.google.com/maps/place/Bear+Lake+Motor+Company,+Inc.+Service/data=!4m7!3m6!1s0x875433a6d21d3445:0x209bfd3d40e0da51!8m2!3d42.3172641!4d-111.3088228!16s%2Fg%2F11n09clw91!19sChIJRTQd0qYzVIcRUdrgQD39myA?authuser=0&hl=en&rclk=1",auto repair shop,Bear Lake County,county,ID,2026-07-24T11:20:26,0x875433a6d21d3445:0x209bfd3d40e0da51
Federated Car Care,,,,"175 S Lilly St, Moscow, ID 83843, United States",175 S Lilly St,Moscow,ID,83843,5.0,2,Auto repair shop,,,https://www.google.com/maps/place/Federated+Car+Care/data=!4m7!3m6!1s0x54a0277f709afbdb:0x349e6062b5d81f8!8m2!3d46.732704!4d-117.006912!16s%2Fg%2F11h1z7zxf7!19sChIJ2_uacH8noFQR-IFdKwbmSQM?authuser=0&hl=en&rclk=1,auto repair shop,Latah County,county,ID,2026-07-24T11:48:32,0x54a0277f709afbdb:0x349e6062b5d81f8
Jiffy Lube,(208) 883-3141,https://www.jiffylube.com/locations/id/moscow/1020,,"326 Troy Rd, Moscow, ID 83843, United States",326 Troy Rd,Moscow,ID,83843,4.4,398,Oil change service,,,https://www.google.com/maps/place/Jiffy+Lube/data=!4m7!3m6!1s0x54a027767d127ddb:0x7897705be5ba4782!8m2!3d46.7249536!4d-116.9976113!16s%2Fg%2F1tcyrk6r!19sChIJ230SfXYnoFQRgke65Vtwl3g?authuser=0&hl=en&rclk=1,auto repair shop,Latah County,county,ID,2026-07-24T11:48:32,0x54a027767d127ddb:0x7897705be5ba4782
Les Schwab Tire Center,(208) 882-3538,https://www.lesschwab.com/stores/id/moscow/1421-white-ave?utm_source=google&utm_medium=organic&utm_campaign=gmb-homepage,,"1421 E White Ave, Moscow, ID 83843, United States",1421 E White Ave,Moscow,ID,83843,4.1,454,Tire shop,,,https://www.google.com/maps/place/Les+Schwab+Tire+Center/data=!4m7!3m6!1s0x54a0276d5c267171:0x6a9e23905d883630!8m2!3d46.7222753!4d-116.9808746!16s%2Fg%2F1td254zt!19sChIJcXEmXG0noFQRMDaIXZAjnmo?authuser=0&hl=en&rclk=1,auto repair shop,Latah County,county,ID,2026-07-17T14:19:20,0x54a0276d5c267171:0x6a9e23905d883630
Meineke Car Care Center,(208) 997-2003,https://www.meineke.com/locations/id/moscow-2410/?utm_source=google&utm_medium=organic&utm_campaign=gbp_website,,"970 N Main St, Moscow, ID 83843, United States",970 N Main St,Moscow,ID,83843,4.5,653,Auto repair shop,,,https://www.google.com/maps/place/Meineke+Car+Care+Center/data=!4m7!3m6!1s0x549f89daf17bd413:0xf5e342b8e4ae734b!8m2!3d46.7444276!4d-117.0010692!16s%2Fg%2F11b7lnqr66!19sChIJE9R78dqJn1QRS3Ou5LhC4_U?authuser=0&hl=en&rclk=1,auto repair shop,Latah County,county,ID,2026-07-24T13:33:34,0x549f89daf17bd413:0xf5e342b8e4ae734b
University Auto Sales,,https://www.universityautosales.com/,,"2308 S Main St, Moscow, ID 83843, United States",2308 S Main St,Moscow,ID,83843,4.7,257,Car dealer,,,https://www.google.com/maps/place/University+Auto+Sales/data=!4m7!3m6!1s0x54a027a2874c612d:0x41501fa6ebc02e69!8m2!3d46.7120344!4d-117.0041538!16s%2Fg%2F1vpfj85s!19sChIJLWFMh6InoFQRaS7A66YfUEE?authuser=0&hl=en&rclk=1,auto repair shop,Latah County,county,ID,2026-07-17T14:19:20,0x54a027a2874c612d:0x41501fa6ebc02e69
"COX AUTOBODY, INC.",(208) 587-5659,,,"2570 Sunset Strip, Mountain Home, ID 83647, United States",2570 Sunset Strip,Mountain Home,ID,83647,4.6,81,Auto body shop,,,"https://www.google.com/maps/place/COX+AUTOBODY,+INC./data=!4m7!3m6!1s0x54ac2b9160566f53:0x25c35076849b02e2!8m2!3d43.1571239!4d-115.7242827!16s%2Fg%2F1tdqncrx!19sChIJU29WYJErrFQR4gKbhHZQwyU?authuser=0&hl=en&rclk=1",auto repair shop,Elmore County,county,ID,2026-07-17T13:39:57,0x54ac2b9160566f53:0x25c35076849b02e2
Camel Towing,,,,"1315 American Legion Blvd, Mountain Home, ID 83647, United States",1315 American Legion Blvd,Mountain Home,ID,83647,4.9,85,Towing service,,,https://www.google.com/maps/place/Camel+Towing/data=!4m7!3m6!1s0x54ac2d44e31289cd:0xe60c0dc7f1f7227d!8m2!3d43.1336182!4d-115.683383!16s%2Fg%2F11nmrvgztz!19sChIJzYkS40QtrFQRfSL38ccNDOY?authuser=0&hl=en&rclk=1,auto repair shop,Camas County,county,ID,2026-07-24T10:44:20,0x54ac2d44e31289cd:0xe60c0dc7f1f7227d
K & H Quick Lube Inc,(208) 587-5334,http://k-h-quick-lube-inc.poi.place/,,"1855 American Legion Blvd, Mountain Home, ID 83647, United States",1855 American Legion Blvd,Mountain Home,ID,83647,4.4,119,Oil change service,,,https://www.google.com/maps/place/K+%26+H+Quick+Lube+Inc/data=!4m7!3m6!1s0x54ac2c23227b9019:0xa97e5b0e906e39f7!8m2!3d43.1336416!4d-115.6767893!16s%2Fg%2F1ts2z_f7!19sChIJGZB7IiMsrFQR9zlukA5bfqk?authuser=0&hl=en&rclk=1,auto repair shop,Elmore County,county,ID,2026-07-24T12:57:07,0x54ac2c23227b9019:0xa97e5b0e906e39f7
Les Schwab Tire Center,(208) 587-3396,https://www.lesschwab.com/stores/id/mountain-home/400-airbase-rd?utm_source=google&utm_medium=organic&utm_campaign=gmb-homepage,,"400 Airbase Rd, Mountain Home, ID 83647, United States",400 Airbase Rd,Mountain Home,ID,83647,4.3,602,Tire shop,,,https://www.google.com/maps/place/Les+Schwab+Tire+Center/data=!4m7!3m6!1s0x54ac2c4411a9ca9b:0xedecfeb1fc3d5708!8m2!3d43.1274924!4d-115.6949501!16s%2Fg%2F1td6xvh7!19sChIJm8qpEUQsrFQRCFc9_LH-7O0?authuser=0&hl=en&rclk=1,auto repair shop,Elmore County,county,ID,2026-07-24T12:57:07,0x54ac2c4411a9ca9b:0xedecfeb1fc3d5708
Mountain Home car care,,,,"Air Base Rd, Mountain Home, ID 83647, United States",Air Base Rd,Mountain Home,ID,83647,,,Auto repair shop,,,https://www.google.com/maps/place/Mountain+Home+car+care/data=!4m7!3m6!1s0x54ac2d004481924b:0xd6652b4813e7659d!8m2!3d43.1266094!4d-115.6848569!16s%2Fg%2F11yfnwt3k6!19sChIJS5KBRAAtrFQRnWXnE0grZdY?authuser=0&hl=en&rclk=1,auto repair shop,Elmore County,county,ID,2026-07-24T12:57:07,0x54ac2d004481924b:0xd6652b4813e7659d
"Don's Towing Service, Inc.",(208) 744-1367,,,"520 Earle St, Mullan, ID 83846, United States",520 Earle St,Mullan,ID,83846,4.7,23,Towing service,,,"https://www.google.com/maps/place/Don%27s+Towing+Service,+Inc./data=!4m7!3m6!1s0x5360f1c7d78fa96d:0x8583c49d493da650!8m2!3d47.4708286!4d-115.7959726!16s%2Fg%2F11fq8x_p05!19sChIJbamP18fxYFMRUKY9SZ3Eg4U?authuser=0&hl=en&rclk=1",auto repair shop,Shoshone County,county,ID,2026-07-17T15:08:02,0x5360f1c7d78fa96d:0x8583c49d493da650
AAMCO Transmissions & Total Car Care,(208) 580-7324,https://www.aamcoboise.com/nampa?utm_source=G&utm_medium=local&utm_campaign=google-local,,"705 12th Ave Rd, Nampa, ID 83686, United States",705 12th Ave Rd,Nampa,ID,83686,4.3,212,Transmission shop,,,https://www.google.com/maps/place/AAMCO+Transmissions+%26+Total+Car+Care/data=!4m7!3m6!1s0x54ae4bf7bcc00977:0x6d0ff6f466e45d70!8m2!3d43.562222!4d-116.57332!16s%2Fg%2F12609jbhc!19sChIJdwnAvPdLrlQRcF3kZvT2D20?authuser=0&hl=en&rclk=1,auto repair shop,Washington County,county,ID,2026-07-17T15:23:56,0x54ae4bf7bcc00977:0x6d0ff6f466e45d70
Country auto,,,,"ID-45, Nampa, ID 83686, United States",ID-45,Nampa,ID,83686,,,Auto repair shop,,,https://www.google.com/maps/place/Country+auto/data=!4m7!3m6!1s0x54ae4b0070104fcd:0x2cfc3c09d9001ada!8m2!3d43.5578676!4d-116.5729009!16s%2Fg%2F11yxntzk1f!19sChIJzU8QcABLrlQR2hoA2Qk8_Cw?authuser=0&hl=en&rclk=1,auto repair shop,Adams County,county,ID,2026-07-24T11:11:37,0x54ae4b0070104fcd:0x2cfc3c09d9001ada
Meineke Car Care Center,(208) 505-8611,https://www.meineke.com/locations/id/nampa-4393/?utm_source=google&utm_medium=organic&utm_campaign=gbp_website,,"1227 Caldwell Blvd, Nampa, ID 83651, United States",1227 Caldwell Blvd,Nampa,ID,83651,4.6,906,Auto repair shop,,,https://www.google.com/maps/place/Meineke+Car+Care+Center/data=!4m7!3m6!1s0x54ae4c99ad8e68f5:0xd07a34210ef67572!8m2!3d43.6007369!4d-116.5966923!16s%2Fg%2F1tj9bqpb!19sChIJ9WiOrZlMrlQRcnX2DiE0etA?authuser=0&hl=en&rclk=1,auto repair shop,Canyon County,county,ID,2026-07-24T12:17:07,0x54ae4c99ad8e68f5:0xd07a34210ef67572
"Whit's Auto Repair, Inc.",(208) 759-5345,https://www.whitsautorepairnampa.com/,,"807 3rd St S, Nampa, ID 83651, United States",807 3rd St S,Nampa,ID,83651,4.8,628,Auto repair shop,,,"https://www.google.com/maps/place/Whit%27s+Auto+Repair,+Inc./data=!4m7!3m6!1s0x54ae4c6f289c4fb1:0x15ca3deb474fe1d2!8m2!3d43.5797477!4d-116.5658846!16s%2Fg%2F1thnnhkj!19sChIJsU-cKG9MrlQR0uFPR-s9yhU?authuser=0&hl=en&rclk=1",auto repair shop,Gem County,county,ID,2026-07-24T11:28:14,0x54ae4c6f289c4fb1:0x15ca3deb474fe1d2
AAMCO Transmissions & Total Car Care,(435) 938-6239,https://www.aamcologanut.com/?utm_source=G&utm_medium=local&utm_campaign=google-local,,"75 E 2000 N, North Logan, UT 84341, United States",75 E 2000 N,North Logan,UT,84341,4.3,176,Transmission shop,,,https://www.google.com/maps/place/AAMCO+Transmissions+%26+Total+Car+Care/data=!4m7!3m6!1s0x87547dbd9c2a3075:0xdd80689dff34df9!8m2!3d41.769149!4d-111.83228!16s%2Fg%2F1tls39w8!19sChIJdTAqnL19VIcR-U3z34kG2A0?authuser=0&hl=en&rclk=1,auto repair shop,Bear Lake County,county,ID,2026-07-17T11:52:59,0x87547dbd9c2a3075:0xdd80689dff34df9
"Hanson Garage, Inc.",(208) 476-5536,https://www.hansongarage.net/?utm_source=omg-gbp&utm_medium=webclick,,"218 1st St, Orofino, ID 83544, United States",218 1st St,Orofino,ID,83544,4.7,73,Car dealer,,,"https://www.google.com/maps/place/Hanson+Garage,+Inc./data=!4m7!3m6!1s0x54a03dca00de3445:0x49292bb0bfacae30!8m2!3d46.4784917!4d-116.2521787!16s%2Fg%2F1x5fb20k!19sChIJRTTeAMo9oFQRMK6sv7ArKUk?authuser=0&hl=en&rclk=1",auto repair shop,Clearwater County,county,ID,2026-07-17T13:26:57,0x54a03dca00de3445:0x49292bb0bfacae30
Holzer Automotive LLC,,http://holzer-auto.com/,,"1276 Shriver Rd, Orofino, ID 83544, United States",1276 Shriver Rd,Orofino,ID,83544,5.0,1,Auto repair shop,,,https://www.google.com/maps/place/Holzer+Automotive+LLC/data=!4m7!3m6!1s0x54a071a90ea83a1d:0xfa2ba8611c4fd610!8m2!3d46.4952045!4d-116.266524!16s%2Fg%2F11v09242hl!19sChIJHTqoDqlxoFQRENZPHGGoK_o?authuser=0&hl=en&rclk=1,auto repair shop,Clearwater County,county,ID,2026-07-24T12:46:06,0x54a071a90ea83a1d:0xfa2ba8611c4fd610
Les Schwab Tire Center,(208) 476-5589,https://www.lesschwab.com/stores/id/orofino/302-johnson-ave?utm_source=google&utm_medium=organic&utm_campaign=gmb-homepage,,"302 Johnson Ave, Orofino, ID 83544, United States",302 Johnson Ave,Orofino,ID,83544,4.5,213,Tire shop,,,https://www.google.com/maps/place/Les+Schwab+Tire+Center/data=!4m7!3m6!1s0x54a071b7d846248f:0xe111aa6797281c63!8m2!3d46.4780337!4d-116.2525175!16s%2Fg%2F1tjdwmk0!19sChIJjyRG2LdxoFQRYxwol2eqEeE?authuser=0&hl=en&rclk=1,auto repair shop,Clearwater County,county,ID,2026-07-17T13:26:57,0x54a071b7d846248f:0xe111aa6797281c63
Orofino Body Shop Inc,(208) 476-4147,,,"207 S A St, Orofino, ID 83544, United States",207 S A St,Orofino,ID,83544,4.2,22,Auto body shop,,,https://www.google.com/maps/place/Orofino+Body+Shop+Inc/data=!4m7!3m6!1s0x54a071b823024e8d:0x9b4fecb0c8bb1fb9!8m2!3d46.4789502!4d-116.2524015!16s%2Fg%2F1tflfz3p!19sChIJjU4CI7hxoFQRuR-7yLDsT5s?authuser=0&hl=en&rclk=1,auto repair shop,Clearwater County,county,ID,2026-07-24T12:46:06,0x54a071b823024e8d:0x9b4fecb0c8bb1fb9
Barclay Truck Rebuilders Inc,(208) 438-5598,http://www.barclaytruck.com/,,"500 W 100 S, Paul, ID 83347, United States",500 W 100 S,Paul,ID,83347,4.5,75,Truck repair shop,,,https://www.google.com/maps/place/Barclay+Truck+Rebuilders+Inc/data=!4m7!3m6!1s0x54ab30ae19014ad7:0xa0bf299bc3894c1b!8m2!3d42.6057562!4d-113.762994!16s%2Fg%2F1t_tk01q!19sChIJ10oBGa4wq1QRG0yJw5spv6A?authuser=0&hl=en&rclk=1,auto repair shop,Cassia County,county,ID,2026-07-24T12:34:05,0x54ab30ae19014ad7:0xa0bf299bc3894c1b
Les Schwab Tire Center,(208) 438-8444,https://www.lesschwab.com/stores/id/paul/25-w-ellis-st?utm_source=google&utm_medium=organic&utm_campaign=gmb-homepage,,"25 W Ellis St, Paul, ID 83347, United States",25 W Ellis St,Paul,ID,83347,4.7,185,Tire shop,,,https://www.google.com/maps/place/Les+Schwab+Tire+Center/data=!4m7!3m6!1s0x54ab3759e2887c8d:0x8f6222971f8b3ff7!8m2!3d42.6047477!4d-113.7846755!16s%2Fg%2F1thmf396!19sChIJjXyI4lk3q1QR9z-LH5ciYo8?authuser=0&hl=en&rclk=1,auto repair shop,Cassia County,county,ID,2026-07-24T12:34:05,0x54ab3759e2887c8d:0x8f6222971f8b3ff7
Magic Valley Tire Inc,(208) 438-8444,https://www.lesschwab.com/store/id/paul/a47,,"25 W Ellis St, Paul, ID 83347, United States",25 W Ellis St,Paul,ID,83347,5.0,25,Tire shop,,,https://www.google.com/maps/place/Magic+Valley+Tire+Inc/data=!4m7!3m6!1s0x54ab375136b83f07:0x7ad25d27505d51ea!8m2!3d42.6046461!4d-113.7849585!16s%2Fg%2F11bw20jd9n!19sChIJBz-4NlE3q1QR6lFdUCdd0no?authuser=0&hl=en&rclk=1,auto repair shop,Cassia County,county,ID,2026-07-24T12:34:05,0x54ab375136b83f07:0x7ad25d27505d51ea
Main Street Automotive Ltd,(208) 741-9434,,,"203 N Main St, Payette, ID 83661, United States",203 N Main St,Payette,ID,83661,4.8,30,Auto repair shop,,,https://www.google.com/maps/place/Main+Street+Automotive+Ltd/data=!4m7!3m6!1s0x54af85e77b138695:0xc723fbe35329d4aa!8m2!3d44.0772581!4d-116.9354408!16s%2Fg%2F1tdfm_b8!19sChIJlYYTe-eFr1QRqtQpU-P7I8c?authuser=0&hl=en&rclk=1,auto repair shop,Payette County,county,ID,2026-07-24T14:03:42,0x54af85e77b138695:0xc723fbe35329d4aa
Olive's Auto Parts Inc,(208) 464-2534,,,"404 Main St S, Pierce, ID 83546, United States",404 Main St S,Pierce,ID,83546,4.3,7,Auto parts store,,,https://www.google.com/maps/place/Olive%27s+Auto+Parts+Inc/data=!4m7!3m6!1s0x535f84dcda3e5a31:0x303398e70e2273db!8m2!3d46.487966!4d-115.7985216!16s%2Fg%2F1tdrw_3k!19sChIJMVo-2tyEX1MR23MiDueYMzA?authuser=0&hl=en&rclk=1,auto repair shop,Clearwater County,county,ID,2026-07-17T13:26:57,0x535f84dcda3e5a31:0x303398e70e2273db
Carousel Gas & Tire Inc,(208) 682-2376,,,"807 N Division St, Pinehurst, ID 83850, United States",807 N Division St,Pinehurst,ID,83850,4.6,41,Tire repair shop,,,https://www.google.com/maps/place/Carousel+Gas+%26+Tire+Inc/data=!4m7!3m6!1s0x536052417353f843:0xcf323e5d41aa8862!8m2!3d47.543294!4d-116.2286266!16s%2Fg%2F1tdklx4k!19sChIJQ_hTc0FSYFMRYoiqQV0-Ms8?authuser=0&hl=en&rclk=1,auto repair shop,Shoshone County,county,ID,2026-07-24T14:08:40,0x536052417353f843:0xcf323e5d41aa8862
H&H mobile repair,,,,"901 N Division St, Pinehurst, ID 83850, United States",901 N Division St,Pinehurst,ID,83850,,,Auto repair shop,,,https://www.google.com/maps/place/H%26H+mobile+repair/data=!4m7!3m6!1s0x53605300595983c3:0xa1d5f47668ad429c!8m2!3d47.5437657!4d-116.2282524!16s%2Fg%2F11w8klf4dl!19sChIJw4NZWQBTYFMRnEKtaHb01aE?authuser=0&hl=en&rclk=1,auto repair shop,Benewah County,county,ID,2026-07-17T12:00:39,0x53605300595983c3:0xa1d5f47668ad429c
Honda Service,,http://www.honda.com/,,"509 N Division St, Pinehurst, ID 83850, United States",509 N Division St,Pinehurst,ID,83850,4.0,1,Auto repair shop,,,https://www.google.com/maps/place/Honda+Service/data=!4m7!3m6!1s0x536052416005dce7:0x591feab689c00419!8m2!3d47.5412154!4d-116.2305073!16s%2Fg%2F11f03xmkpl!19sChIJ59wFYEFSYFMRGQTAibbqH1k?authuser=0&hl=en&rclk=1,auto repair shop,Shoshone County,county,ID,2026-07-17T15:08:02,0x536052416005dce7:0x591feab689c00419
Bill & Mike's Services Inc,(208) 233-5521,,,"509 S 4th Ave, Pocatello, ID 83201, United States",509 S 4th Ave,Pocatello,ID,83201,3.9,75,Auto repair shop,,,https://www.google.com/maps/place/Bill+%26+Mike%27s+Services+Inc/data=!4m7!3m6!1s0x53554f1f4a6158e1:0x53d76812c808e3ee!8m2!3d42.8624557!4d-112.4411719!16s%2Fg%2F1tgzb07f!19sChIJ4VhhSh9PVVMR7uMIyBJo11M?authuser=0&hl=en&rclk=1,auto repair shop,Bannock County,county,ID,2026-07-24T11:18:21,0x53554f1f4a6158e1:0x53d76812c808e3ee
"Cole Chevrolet, INC.",(208) 237-2438,https://www.colechevrolet.com/,,"1325 Yellowstone Ave, Pocatello, ID 83201, United States",1325 Yellowstone Ave,Pocatello,ID,83201,4.6,1544,Chevrolet dealer,,,"https://www.google.com/maps/place/Cole+Chevrolet,+INC./data=!4m7!3m6!1s0x535545fa4b853769:0x473dd32a92806e13!8m2!3d42.8990045!4d-112.4525678!16s%2Fg%2F1tnpf2qb!19sChIJaTeFS_pFVVMRE26AkirTPUc?authuser=0&hl=en&rclk=1",auto repair shop,Pocatello,city,ID,2026-07-17T15:42:44,0x535545fa4b853769:0x473dd32a92806e13
Corey's Tyhee Automotive Inc,(208) 237-7446,https://www.coreystyheeautomotive.com/,,"12632 W Tyhee Rd, Pocatello, ID 83202, United States",12632 W Tyhee Rd,Pocatello,ID,83202,4.6,78,Car repair and maintenance service,,,https://www.google.com/maps/place/Corey%27s+Tyhee+Automotive+Inc/data=!4m7!3m6!1s0x535546bb58865aa9:0xcca2a0f2301a8188!8m2!3d42.9504056!4d-112.4694257!16s%2Fg%2F1tlw8rdk!19sChIJqVqGWLtGVVMRiIEaMPKgosw?authuser=0&hl=en&rclk=1,auto repair shop,Bannock County,county,ID,2026-07-24T11:18:22,0x535546bb58865aa9:0xcca2a0f2301a8188
Fullmer's Automotive,,,,"1626 N Harrison Ave # D, Pocatello, ID 83204, United States",1626 N Harrison Ave # D,Pocatello,ID,83204,5.0,1,Auto repair shop,,,https://www.google.com/maps/place/Fullmer%27s+Automotive/data=!4m7!3m6!1s0x53554f6d7a342e5d:0x96b1fa3120f098d7!8m2!3d42.8743089!4d-112.462762!16s%2Fg%2F1tfdd3qk!19sChIJXS40em1PVVMR15jwIDH6sZY?authuser=0&hl=en&rclk=1,auto repair shop,Bannock County,county,ID,2026-07-24T11:18:21,0x53554f6d7a342e5d:0x96b1fa3120f098d7
Jiffy Lube,(208) 232-0288,https://www.jiffylube.com/locations/id/pocatello/11,,"588 Yellowstone Ave, Pocatello, ID 83201, United States",588 Yellowstone Ave,Pocatello,ID,83201,4.6,519,Oil change service,,,https://www.google.com/maps/place/Jiffy+Lube/data=!4m7!3m6!1s0x53554f5b774dd1cd:0x646e62a179cf1909!8m2!3d42.8860823!4d-112.4509576!16s%2Fg%2F1vs1rjzc!19sChIJzdFNd1tPVVMRCRnPeaFibmQ?authuser=0&hl=en&rclk=1,auto repair shop,Bannock County,county,ID,2026-07-24T11:18:22,0x53554f5b774dd1cd:0x646e62a179cf1909
Les Schwab Tire Center,(208) 232-5200,https://www.lesschwab.com/stores/id/pocatello/505-n-5th-ave?utm_source=google&utm_medium=organic&utm_campaign=gmb-homepage,,"505 N 5th Ave, Pocatello, ID 83201, United States",505 N 5th Ave,Pocatello,ID,83201,4.2,410,Tire shop,,,https://www.google.com/maps/place/Les+Schwab+Tire+Center/data=!4m7!3m6!1s0x53554f17cce78ecf:0xd4806f62bf4d5c9b!8m2!3d42.8696395!4d-112.4477031!16s%2Fg%2F1tfzgf9w!19sChIJz47nzBdPVVMRm1xNv2JvgNQ?authuser=0&hl=en&rclk=1,auto repair shop,Pocatello,city,ID,2026-07-24T14:31:49,0x53554f17cce78ecf:0xd4806f62bf4d5c9b
Les Schwab Tire Center,(208) 238-7442,https://www.lesschwab.com/stores/id/pocatello/4020-yellowstone-ave?utm_source=google&utm_medium=organic&utm_campaign=gmb-homepage,,"4020 Yellowstone Ave, Pocatello, ID 83202, United States",4020 Yellowstone Ave,Pocatello,ID,83202,4.2,514,Tire shop,,,https://www.google.com/maps/place/Les+Schwab+Tire+Center/data=!4m7!3m6!1s0x535545e8f0327b8d:0x2e12335a3f6001ff!8m2!3d42.9064829!4d-112.4643102!16s%2Fg%2F1tls2hp_!19sChIJjXsy8OhFVVMR_wFgP1ozEi4?authuser=0&hl=en&rclk=1,auto repair shop,Bannock County,county,ID,2026-07-24T11:18:22,0x535545e8f0327b8d:0x2e12335a3f6001ff
Old School Automotive Repair,,https://www.facebook.com/share/1BawnwfxEX/,,"277 Hawthorne Rd, Pocatello, ID 83202, United States",277 Hawthorne Rd,Pocatello,ID,83202,,,Auto repair shop,,,https://www.google.com/maps/place/Old+School+Automotive+Repair/data=!4m7!3m6!1s0x535541f9917e1849:0x9edba82d8c80ef09!8m2!3d42.9819881!4d-112.4768633!16s%2Fg%2F11x2cf1nqh!19sChIJSRh-kflBVVMRCe-AjC2o254?authuser=0&hl=en&rclk=1,auto repair shop,Bannock County,county,ID,2026-07-17T11:46:34,0x535541f9917e1849:0x9edba82d8c80ef09
Fox Autobody Inc.,(208) 263-6443,https://www.foxautobodyinc.com/,,"31466 ID-200, Ponderay, ID 83852, United States",31466 ID-200,Ponderay,ID,83852,4.9,377,Auto body shop,,,https://www.google.com/maps/place/Fox+Autobody+Inc./data=!4m7!3m6!1s0x5363d0c11c6b7aeb:0x3d1ed6b1dc7c94c!8m2!3d48.3084466!4d-116.5295351!16s%2Fg%2F1tj5ktxp!19sChIJ63prHMHQY1MRTMnHHWvt0QM?authuser=0&hl=en&rclk=1,auto repair shop,Boundary County,county,ID,2026-07-24T12:04:14,0x5363d0c11c6b7aeb:0x3d1ed6b1dc7c94c
Anderson Auto Repair,,,,"4907 E 16th Ave, Post Falls, ID 83854, United States",4907 E 16th Ave,Post Falls,ID,83854,4.3,17,Auto repair shop,,,https://www.google.com/maps/place/Anderson+Auto+Repair/data=!4m7!3m6!1s0x5361c3c563e5f01d:0x386f4107dfd9dd6b!8m2!3d47.7231011!4d-116.8823537!16s%2Fg%2F11b74211zv!19sChIJHfDlY8XDYVMRa93Z3wdBbzg?authuser=0&hl=en&rclk=1,auto repair shop,Kootenai County,county,ID,2026-07-24T13:32:13,0x5361c3c563e5f01d:0x386f4107dfd9dd6b
Clutches Plus of Idaho Ltd,(208) 773-1630,http://clutchesplusidaho.com/,,"3520 W Seltice Way, Post Falls, ID 83854, United States",3520 W Seltice Way,Post Falls,ID,83854,4.9,94,Transmission shop,,,https://www.google.com/maps/place/Clutches+Plus+of+Idaho+Ltd/data=!4m7!3m6!1s0x5361dd2d5fac2ff5:0x9b9b50f4c626b8d5!8m2!3d47.7158966!4d-116.9955215!16s%2Fg%2F1tdmk499!19sChIJ9S-sXy3dYVMR1bgmxvRQm5s?authuser=0&hl=en&rclk=1,auto repair shop,Kootenai County,county,ID,2026-07-24T13:32:13,0x5361dd2d5fac2ff5:0x9b9b50f4c626b8d5
"Buzz's Glass & Auto Body, Inc.",(208) 852-1274,http://www.buzzsautobody.com/,,"457 S 1st E, Preston, ID 83263, United States",457 S 1st E,Preston,ID,83263,4.5,39,Auto body shop,,,"https://www.google.com/maps/place/Buzz%27s+Glass+%26+Auto+Body,+Inc./data=!4m7!3m6!1s0x8754f7c41aec9807:0xaec9af5e5134f716!8m2!3d42.0877798!4d-111.8737521!16s%2Fg%2F1tks6t0j!19sChIJB5jsGsT3VIcRFvc0UV6vya4?authuser=0&hl=en&rclk=1",auto repair shop,Franklin County,county,ID,2026-07-24T13:08:02,0x8754f7c41aec9807:0xaec9af5e5134f716
NAPA Auto Parts of Preston,(208) 852-1880,https://www.napaonline.com/en/id/preston/store/30270,,"47 N State St, Preston, ID 83263, United States",47 N State St,Preston,ID,83263,4.5,86,Auto parts store,,,https://www.google.com/maps/place/NAPA+Auto+Parts+of+Preston/data=!4m7!3m6!1s0x8754f7eb895e4cff:0x9002d2443b38637b!8m2!3d42.097423!4d-111.8768475!16s%2Fg%2F1tqclpyg!19sChIJ_0xeiev3VIcRe2M4O0TSApA?authuser=0&hl=en&rclk=1,auto repair shop,Franklin County,county,ID,2026-07-24T13:08:02,0x8754f7eb895e4cff:0x9002d2443b38637b
O'Reilly Auto Parts,(208) 425-5283,https://locations.oreillyauto.com/en-us/id/preston/autoparts-4766.html,,"157 S State St, Preston, ID 83263, United States",157 S State St,Preston,ID,83263,4.3,128,Auto parts store,,,https://www.google.com/maps/place/O%27Reilly+Auto+Parts/data=!4m7!3m6!1s0x8754f7ea769ea791:0x66a11893ed5d7fc3!8m2!3d42.092762!4d-111.8760021!16s%2Fg%2F11bw4njfm7!19sChIJkaeedur3VIcRw39d7ZMYoWY?authuser=0&hl=en&rclk=1,auto repair shop,Franklin County,county,ID,2026-07-24T13:08:02,0x8754f7ea769ea791:0x66a11893ed5d7fc3
"West Motor Ford, Inc.",(208) 852-3853,https://www.westmotorford.com/,,"801 N State St, Preston, ID 83263, United States",801 N State St,Preston,ID,83263,4.8,406,Ford dealer,,,"https://www.google.com/maps/place/West+Motor+Ford,+Inc./data=!4m7!3m6!1s0x8754f7f5d7e9f2cb:0x4d178aa9f564db1c!8m2!3d42.1101763!4d-111.874791!16s%2Fg%2F11b638_px2!19sChIJy_Lp1_X3VIcRHNtk9amKF00?authuser=0&hl=en&rclk=1",auto repair shop,Franklin County,county,ID,2026-07-24T13:08:02,0x8754f7f5d7e9f2cb:0x4d178aa9f564db1c
"West Motor Ford, Inc. Service",(208) 852-3853,https://www.westmotorford.com/,,"801 N State St, Preston, ID 83263, United States",801 N State St,Preston,ID,83263,4.3,3,Auto repair shop,,,"https://www.google.com/maps/place/West+Motor+Ford,+Inc.+Service/data=!4m7!3m6!1s0x8754f7d877c6b381:0xa219f63ddcbbdf7a!8m2!3d42.1103667!4d-111.8748549!16s%2Fg%2F11qpwtrxdw!19sChIJgbPGd9j3VIcRet-73D32GaI?authuser=0&hl=en&rclk=1",auto repair shop,Franklin County,county,ID,2026-07-24T13:08:02,0x8754f7d877c6b381:0xa219f63ddcbbdf7a
Les Schwab Tire Center,(208) 448-2311,https://www.lesschwab.com/stores/id/priest-river/4357-us-highway-2?utm_source=google&utm_medium=organic&utm_campaign=gmb-homepage,,"4357 US-2, Priest River, ID 83856, United States",4357 US-2,Priest River,ID,83856,4.5,363,Tire shop,,,https://www.google.com/maps/place/Les+Schwab+Tire+Center/data=!4m7!3m6!1s0x5362261b2a353099:0x390d7fcc26b85571!8m2!3d48.181443!4d-116.9479435!16s%2Fg%2F1tc_w82h!19sChIJmTA1KhsmYlMRcVW4Jsx_DTk?authuser=0&hl=en&rclk=1,auto repair shop,Bonner County,county,ID,2026-07-17T12:27:39,0x5362261b2a353099:0x390d7fcc26b85571
"Discount Tire and Automotive, Inc.",(435) 774-0968,https://www.webtires.net/locations/providence-ut?store_number=3438&utm_source=organic&utm_medium=gbp&utm_campaign=3438,,"110 UT-165, Providence, UT 84332, United States",110 UT-165,Providence,UT,84332,4.7,1886,Tire shop,,,"https://www.google.com/maps/place/Discount+Tire+and+Automotive,+Inc./data=!4m7!3m6!1s0x87547fca5b81cc01:0x108b2f644348f047!8m2!3d41.7060192!4d-111.8339969!16s%2Fg%2F1tdlvrqf!19sChIJAcyBW8p_VIcRR_BIQ2QvixA?authuser=0&hl=en&rclk=1",auto repair shop,Bear Lake County,county,ID,2026-07-17T11:52:59,0x87547fca5b81cc01:0x108b2f644348f047
John's Auto Body,,,,"S 4th W, Rexburg, ID 83440, United States",S 4th W,Rexburg,ID,83440,5.0,1,Auto repair shop,,,https://www.google.com/maps/place/John%27s+Auto+Body/data=!4m7!3m6!1s0x53540ba8c332fadf:0x4d9fbb32bf6097ea!8m2!3d43.8214838!4d-111.795659!16s%2Fg%2F11hf45jsdc!19sChIJ3_oyw6gLVFMR6pdgvzK7n00?authuser=0&hl=en&rclk=1,auto repair shop,Madison County,county,ID,2026-07-24T11:58:37,0x53540ba8c332fadf:0x4d9fbb32bf6097ea
Les Schwab Tire Center,(208) 356-4606,https://www.lesschwab.com/stores/id/rexburg/407-s-5th-w?utm_source=google&utm_medium=organic&utm_campaign=gmb-homepage,,"407 S 5th W, Rexburg, ID 83440, United States",407 S 5th W,Rexburg,ID,83440,4.4,527,Tire shop,,,https://www.google.com/maps/place/Les+Schwab+Tire+Center/data=!4m7!3m6!1s0x53540ba790710285:0x87fbf233bfe7af72!8m2!3d43.8172019!4d-111.7973521!16s%2Fg%2F1wd3vqjq!19sChIJhQJxkKcLVFMRcq_nvzPy-4c?authuser=0&hl=en&rclk=1,auto repair shop,Madison County,county,ID,2026-07-24T11:58:37,0x53540ba790710285:0x87fbf233bfe7af72
Walmart Auto Care Center,(208) 497-6400,https://www.walmart.com/store/1878-rexburg-id/auto-care-center/?veh=seo_loc,,"1450 N 2nd E, Rexburg, ID 83440, United States",1450 N 2nd E,Rexburg,ID,83440,3.0,206,Oil change service,,,https://www.google.com/maps/place/Walmart+Auto+Care+Center/data=!4m7!3m6!1s0x53540a1e94ce39a5:0x19b8ea450aead1e!8m2!3d43.8554743!4d-111.7736957!16s%2Fg%2F11dxc0dhmp!19sChIJpTnOlB4KVFMRHq2uUKSOmwE?authuser=0&hl=en&rclk=1,auto repair shop,Madison County,county,ID,2026-07-17T14:29:49,0x53540a1e94ce39a5:0x19b8ea450aead1e
Bill's Auto Inc,(208) 745-6384,,,"268 N 3900 E, Rigby, ID 83442, United States",268 N 3900 E,Rigby,ID,83442,4.8,32,Auto repair shop,,,https://www.google.com/maps/place/Bill%27s+Auto+Inc/data=!4m7!3m6!1s0x53546ebbb121365d:0xe2366824c073bb8c!8m2!3d43.6654156!4d-111.9234036!16s%2Fg%2F1tk1yq62!19sChIJXTYhsbtuVFMRjLtzwCRoNuI?authuser=0&hl=en&rclk=1,auto repair shop,Fremont County,county,ID,2026-07-24T13:12:50,0x53546ebbb121365d:0xe2366824c073bb8c
Les Schwab Tire Center,(208) 745-7722,https://www.lesschwab.com/stores/id/rigby/126-s-state-st?utm_source=google&utm_medium=organic&utm_campaign=gmb-homepage,,"126 S State St, Rigby, ID 83442, United States",126 S State St,Rigby,ID,83442,4.6,334,Tire shop,,,https://www.google.com/maps/place/Les+Schwab+Tire+Center/data=!4m7!3m6!1s0x53546e984ad1719d:0xc0629c48e1f84b9d!8m2!3d43.6715621!4d-111.9151611!16s%2Fg%2F1tdgzz87!19sChIJnXHRSphuVFMRnUv44UicYsA?authuser=0&hl=en&rclk=1,auto repair shop,Jefferson County,county,ID,2026-07-24T13:25:14,0x53546e984ad1719d:0xc0629c48e1f84b9d
Crumps Tire and Auto Repair,,,,"26438 Of Riggins, Riggins, ID 83549, United States",26438 Of Riggins,Riggins,ID,83549,5.0,1,Auto repair shop,,,https://www.google.com/maps/place/Crumps+Tire+and+Auto+Repair/data=!4m7!3m6!1s0x54a6c50065e4a291:0x86b51062db0c0372!8m2!3d45.3972576!4d-116.335053!16s%2Fg%2F11z3yr_c6k!19sChIJkaLkZQDFplQRcgMM22IQtYY?authuser=0&hl=en&rclk=1,auto repair shop,Adams County,county,ID,2026-07-24T11:11:37,0x54a6c50065e4a291:0x86b51062db0c0372
Crumps Tire and Auto Repair,,,,"7349 US-95, Riggins, ID 83549, United States",7349 US-95,Riggins,ID,83549,,,Auto repair shop,,,https://www.google.com/maps/place/Crumps+Tire+and+Auto+Repair/data=!4m7!3m6!1s0x54a6c5007d89c30f:0x7450895c50ade004!8m2!3d45.3970817!4d-116.336239!16s%2Fg%2F11z3yrwqb1!19sChIJD8OJfQDFplQRBOCtUFyJUHQ?authuser=0&hl=en&rclk=1,auto repair shop,Adams County,county,ID,2026-07-24T11:11:37,0x54a6c5007d89c30f:0x7450895c50ade004
Dave's Auto Service,,,,"631 N 2800 E, Roberts, ID 83444, United States",631 N 2800 E,Roberts,ID,83444,,,Auto repair shop,,,https://www.google.com/maps/place/Dave%27s+Auto+Service/data=!4m7!3m6!1s0x53543fadec0486fd:0xfdb0afc0f63ad334!8m2!3d43.71849!4d-112.145245!16s%2Fg%2F11lty_vht1!19sChIJ_YYE7K0_VFMRNNM69sCvsP0?authuser=0&hl=en&rclk=1,auto repair shop,Clark County,county,ID,2026-07-24T12:41:39,0x53543fadec0486fd:0xfdb0afc0f63ad334
ROCKFORD AUTO INC,(509) 291-5211,http://www.rockfordautoinc.com/,,"23 S 1st St, Rockford, WA 99030, United States",23 S 1st St,Rockford,WA,99030,4.8,33,Auto repair shop,,,https://www.google.com/maps/place/ROCKFORD+AUTO+INC/data=!4m7!3m6!1s0x549e2beebc424cd3:0x743b6eeb99069a6b!8m2!3d47.4518192!4d-117.1317249!16s%2Fg%2F11y510ybnb!19sChIJ00xCvO4rnlQRa5oGmetuO3Q?authuser=0&hl=en&rclk=1,auto repair shop,Adams County,county,ID,2026-07-24T11:11:37,0x549e2beebc424cd3:0x743b6eeb99069a6b
Les Schwab Tire Center,(208) 436-5600,https://www.lesschwab.com/stores/id/rupert/109-s-100-w?utm_source=google&utm_medium=organic&utm_campaign=gmb-homepage,,"109 S 100 W, Rupert, ID 83350, United States",109 S 100 W,Rupert,ID,83350,4.6,204,Tire shop,,,https://www.google.com/maps/place/Les+Schwab+Tire+Center/data=!4m7!3m6!1s0x54ab30479c87efbf:0x33952a0f1301532b!8m2!3d42.6039416!4d-113.6881579!16s%2Fg%2F1tg6k87l!19sChIJv--HnEcwq1QRK1MBEw8qlTM?authuser=0&hl=en&rclk=1,auto repair shop,Cassia County,county,ID,2026-07-24T12:34:05,0x54ab30479c87efbf:0x33952a0f1301532b
NAPA Auto Parts - DYNA PARTS LLC,(208) 436-3747,https://www.napaonline.com/en/ID/Rupert/store/93945?cid=pl_jobber_google_dac_93945_ao,,"415 F St, Rupert, ID 83350, United States",415 F St,Rupert,ID,83350,4.5,86,Auto parts store,,,https://www.google.com/maps/place/NAPA+Auto+Parts+-+DYNA+PARTS+LLC/data=!4m7!3m6!1s0x54ab301f4a59eb17:0x38598c8c196b8678!8m2!3d42.615858!4d-113.675436!16s%2Fg%2F11d__b8476!19sChIJF-tZSh8wq1QReIZrGYyMWTg?authuser=0&hl=en&rclk=1,auto repair shop,Minidoka County,county,ID,2026-07-17T14:33:44,0x54ab301f4a59eb17:0x38598c8c196b8678
Outlaw Diesel Performance Inc,(208) 436-2688,,,"177 W 500 S, Rupert, ID 83350, United States",177 W 500 S,Rupert,ID,83350,5.0,2,Diesel engine repair service,,,https://www.google.com/maps/place/Outlaw+Diesel+Performance+Inc/data=!4m7!3m6!1s0x54ab33e5e474a14f:0xd9c1b73573068837!8m2!3d42.5452091!4d-113.6992497!16s%2Fg%2F11fnypfskt!19sChIJT6F05OUzq1QRN4gGczW3wdk?authuser=0&hl=en&rclk=1,auto repair shop,Cassia County,county,ID,2026-07-24T12:34:05,0x54ab33e5e474a14f:0xd9c1b73573068837
Workman Inc,(208) 436-3476,,,"503 5th St, Rupert, ID 83350, United States",503 5th St,Rupert,ID,83350,4.5,13,Auto parts store,,,https://www.google.com/maps/place/Workman+Inc/data=!4m7!3m6!1s0x54ab301f1288b54f:0x3bd9d04b15f6ddb2!8m2!3d42.6162306!4d-113.673894!16s%2Fg%2F1tj32vs4!19sChIJT7WIEh8wq1QRst32FUvQ2Ts?authuser=0&hl=en&rclk=1,auto repair shop,Minidoka County,county,ID,2026-07-17T14:33:44,0x54ab301f1288b54f:0x3bd9d04b15f6ddb2
Auto Clinic Inc,(208) 756-2265,,,"123 S Church St, Salmon, ID 83467, United States",123 S Church St,Salmon,ID,83467,5.0,11,Auto repair shop,,,https://www.google.com/maps/place/Auto+Clinic+Inc/data=!4m7!3m6!1s0x535835b88f161f03:0xc48e7210f48503db!8m2!3d45.17428!4d-113.892845!16s%2Fg%2F12615l4wb!19sChIJAx8Wj7g1WFMR2wOF9BByjsQ?authuser=0&hl=en&rclk=1,auto repair shop,Lemhi County,county,ID,2026-07-24T13:37:54,0x535835b88f161f03:0xc48e7210f48503db
Good News Garage Inc,(208) 940-0092,http://www.goodnews-garage.com/,,"2326 E Main St, Salmon, ID 83467, United States",2326 E Main St,Salmon,ID,83467,4.5,40,Auto repair shop,,,https://www.google.com/maps/place/Good+News+Garage+Inc/data=!4m7!3m6!1s0x5358340000000001:0x2a40ad9874b4374e!8m2!3d45.167209!4d-113.8716356!16s%2Fg%2F1tfny7t6!19sChIJAQAAAAA0WFMRTje0dJitQCo?authuser=0&hl=en&rclk=1,auto repair shop,Lemhi County,county,ID,2026-07-24T13:37:54,0x5358340000000001:0x2a40ad9874b4374e
Les Schwab Tire Center,(208) 756-4327,https://www.lesschwab.com/stores/id/salmon/71-highway-28?utm_source=google&utm_medium=organic&utm_campaign=gmb-homepage,,"71 ID-28, Salmon, ID 83467, United States",71 ID-28,Salmon,ID,83467,4.9,351,Tire shop,,,https://www.google.com/maps/place/Les+Schwab+Tire+Center/data=!4m7!3m6!1s0x53583327fb23632d:0xb01d111b616452ae!8m2!3d45.1629409!4d-113.8648453!16s%2Fg%2F1tfv0694!19sChIJLWMj-yczWFMRrlJkYRsRHbA?authuser=0&hl=en&rclk=1,auto repair shop,Lemhi County,county,ID,2026-07-24T13:37:54,0x53583327fb23632d:0xb01d111b616452ae
NAPA Auto Parts - Salmon River Auto Supply LLC,(208) 756-4343,https://www.napaonline.com/en/ID/Salmon/store/24387?cid=pl_jobber_google_dac_24387_ao,,"725 S Challis St, Salmon, ID 83467, United States",725 S Challis St,Salmon,ID,83467,4.7,58,Auto parts store,,,https://www.google.com/maps/place/NAPA+Auto+Parts+-+Salmon+River+Auto+Supply+LLC/data=!4m7!3m6!1s0x535835c9985d03b9:0x76d4a55d4ad28926!8m2!3d45.1676761!4d-113.8920048!16s%2Fg%2F1tlw8rdw!19sChIJuQNdmMk1WFMRJonSSl2l1HY?authuser=0&hl=en&rclk=1,auto repair shop,Lemhi County,county,ID,2026-07-24T13:37:54,0x535835c9985d03b9:0x76d4a55d4ad28926
"Salmon River Motors, Inc. Parts",(208) 756-4211,https://www.salmonrivermotorsidaho.com/,,"1065 S Challis St, Salmon, ID 83467, United States",1065 S Challis St,Salmon,ID,83467,,,Auto repair shop,,,"https://www.google.com/maps/place/Salmon+River+Motors,+Inc.+Parts/data=!4m7!3m6!1s0x5358353d9b0e35a9:0x4c398e24ca6bbc88!8m2!3d45.1639215!4d-113.8940058!16s%2Fg%2F11ll4gs2jz!19sChIJqTUOmz01WFMRiLxryiSOOUw?authuser=0&hl=en&rclk=1",auto repair shop,Lemhi County,county,ID,2026-07-24T13:37:54,0x5358353d9b0e35a9:0x4c398e24ca6bbc88
McCall Motors,,,,"310 S Ella Ave, Sandpoint, ID 83864, United States",310 S Ella Ave,Sandpoint,ID,83864,4.0,3,Auto repair shop,,,https://www.google.com/maps/place/McCall+Motors/data=!4m7!3m6!1s0x5363d749ef1c7d99:0x46226c92384c9f11!8m2!3d48.2705083!4d-116.5627536!16s%2Fg%2F11s_sm0_dc!19sChIJmX0c70nXY1MREZ9MOJJsIkY?authuser=0&hl=en&rclk=1,auto repair shop,Boundary County,county,ID,2026-07-17T12:40:30,0x5363d749ef1c7d99:0x46226c92384c9f11
Dales Repair Inc,(208) 357-5156,,,"1166 N 1000 E, Shelley, ID 83274, United States",1166 N 1000 E,Shelley,ID,83274,5.0,12,Car repair and maintenance service,,,https://www.google.com/maps/place/Dales+Repair+Inc/data=!4m7!3m6!1s0x5354f90c168c62b5:0xa1bc2e22fe2d376f!8m2!3d43.3642581!4d-112.1009193!16s%2Fg%2F1twyz66j!19sChIJtWKMFgz5VFMRbzct_iIuvKE?authuser=0&hl=en&rclk=1,auto repair shop,Bonneville County,county,ID,2026-07-24T10:33:14,0x5354f90c168c62b5:0xa1bc2e22fe2d376f
NAPA Auto Parts - Dyna Parts LLC,(208) 886-7034,https://www.napaonline.com/en/ID/Shoshone/store/26474?cid=pl_jobber_google_dac_26474_ao,,"113 S Rail St W, Shoshone, ID 83352, United States",113 S Rail St W,Shoshone,ID,83352,3.9,29,Auto parts store,,,https://www.google.com/maps/place/NAPA+Auto+Parts+-+Dyna+Parts+LLC/data=!4m7!3m6!1s0x54ab9d495a0eab25:0xc33cda1e754c4cea!8m2!3d42.935336!4d-114.407313!16s%2Fg%2F1tf7xff_!19sChIJJasOWkmdq1QR6kxMdR7aPMM?authuser=0&hl=en&rclk=1,auto repair shop,Shoshone County,county,ID,2026-07-17T15:08:02,0x54ab9d495a0eab25:0xc33cda1e754c4cea
KP Auto Salvage Inc,(208) 690-4223,http://kpautosalvage.com/,,"709 Main St, Smelterville, ID 83868, United States",709 Main St,Smelterville,ID,83868,4.2,5,Auto parts store,,,https://www.google.com/maps/place/KP+Auto+Salvage+Inc/data=!4m7!3m6!1s0x536053e87dec5fd5:0x142866b60319862f!8m2!3d47.5419997!4d-116.1836777!16s%2Fg%2F11y3dvpp8z!19sChIJ1V_sfehTYFMRL4YZA7ZmKBQ?authuser=0&hl=en&rclk=1,auto repair shop,Shoshone County,county,ID,2026-07-17T15:08:02,0x536053e87dec5fd5:0x142866b60319862f
O'Reilly Auto Parts,(208) 783-1487,https://locations.oreillyauto.com/en-us/id/smelterville/autoparts-4361.html,,"581 Commerce Dr, Smelterville, ID 83868, United States",581 Commerce Dr,Smelterville,ID,83868,4.5,111,Auto parts store,,,https://www.google.com/maps/place/O%27Reilly+Auto+Parts/data=!4m7!3m6!1s0x536053c6d7a5423f:0x540e4b836753261d!8m2!3d47.5451553!4d-116.1844674!16s%2Fg%2F125_z1j2d!19sChIJP0Kl18ZTYFMRHSZTZ4NLDlQ?authuser=0&hl=en&rclk=1,auto repair shop,Shoshone County,county,ID,2026-07-17T15:08:02,0x536053c6d7a5423f:0x540e4b836753261d
"Discount Tire and Automotive, Inc.",(435) 563-8473,https://www.webtires.net/locations/smithfield-ut?store_number=3440&utm_source=organic&utm_medium=gbp&utm_campaign=3440,,"728 S Main St, Smithfield, UT 84335, United States",728 S Main St,Smithfield,UT,84335,4.9,1166,Tire shop,,,"https://www.google.com/maps/place/Discount+Tire+and+Automotive,+Inc./data=!4m7!3m6!1s0x875463e974a188c7:0xa8e01f2207a7b60e!8m2!3d41.8212812!4d-111.8326331!16s%2Fg%2F11h4nb580v!19sChIJx4ihdOljVIcRDranByIf4Kg?authuser=0&hl=en&rclk=1",auto repair shop,Franklin County,county,ID,2026-07-24T13:08:02,0x875463e974a188c7:0xa8e01f2207a7b60e
Mountain Man Repair,,,,"192 Bailey Creek Rd, Soda Springs, ID 83276, United States",192 Bailey Creek Rd,Soda Springs,ID,83276,,,Auto repair shop,,,https://www.google.com/maps/place/Mountain+Man+Repair/data=!4m7!3m6!1s0x8755bd005c9405b5:0x96085967657d5be7!8m2!3d42.588368!4d-111.575359!16s%2Fg%2F11wwmcb57y!19sChIJtQWUXAC9VYcR51t9ZWdZCJY?authuser=0&hl=en&rclk=1,auto repair shop,Caribou County,county,ID,2026-07-24T12:20:45,0x8755bd005c9405b5:0x96085967657d5be7
"Ray & Roy's Repair, Inc.",(509) 926-2967,https://www.rayandroysrepair.com/,,"13524 E Sprague Ave #6, Spokane, WA 99216, United States",13524 E Sprague Ave #6,Spokane,WA,99216,4.9,409,Auto repair shop,,,"https://www.google.com/maps/place/Ray+%26+Roy%27s+Repair,+Inc./data=!4m7!3m6!1s0x549e207aec3e038d:0x5945a0bbc6ecbad5!8m2!3d47.6556527!4d-117.2216478!16s%2Fg%2F1v_z412_!19sChIJjQM-7HognlQR1brsxrugRVk?authuser=0&hl=en&rclk=1",auto repair shop,Benewah County,county,ID,2026-07-24T11:25:18,0x549e207aec3e038d:0x5945a0bbc6ecbad5
Botzon's Automotive Inc,(509) 928-4747,http://www.botzonsauto.com/,,"221 S Dishman Rd, Spokane Valley, WA 99206, United States",221 S Dishman Rd,Spokane Valley,WA,99206,4.8,197,Auto repair shop,,,https://www.google.com/maps/place/Botzon%27s+Automotive+Inc/data=!4m7!3m6!1s0x549e21ca17572d73:0xefd45042863dceee!8m2!3d47.6544876!4d-117.2820492!16s%2Fg%2F1v5_949p!19sChIJcy1XF8ohnlQR7s49hkJQ1O8?authuser=0&hl=en&rclk=1,auto repair shop,Benewah County,county,ID,2026-07-17T12:00:39,0x549e21ca17572d73:0xefd45042863dceee
"Mechanics Pride Tire and Automotive, Inc.",(509) 321-7243,http://www.mechanicspride.com/,,"523 N Pines Rd Ste E, Spokane Valley, WA 99206, United States",523 N Pines Rd Ste E,Spokane Valley,WA,99206,4.3,216,Auto repair shop,,,"https://www.google.com/maps/place/Mechanics+Pride+Tire+and+Automotive,+Inc./data=!4m7!3m6!1s0x549e206b6fb71097:0x88ec816766989dc8!8m2!3d47.6622485!4d-117.2408195!16s%2Fg%2F11b5yy92c_!19sChIJlxC3b2sgnlQRyJ2YZmeB7Ig?authuser=0&hl=en&rclk=1",auto repair shop,Benewah County,county,ID,2026-07-17T12:00:39,0x549e206b6fb71097:0x88ec816766989dc8
Gary's Auto Body Inc,(208) 624-3170,https://www.garysautobodyid.com/,,"110 W 7th S, St Anthony, ID 83445, United States",110 W 7th S,St Anthony,ID,83445,4.8,51,Auto body shop,,,https://www.google.com/maps/place/Gary%27s+Auto+Body+Inc/data=!4m7!3m6!1s0x5353fa70c8d0cf39:0x439ea18ad21bbfcc!8m2!3d43.9592529!4d-111.6846219!16s%2Fg%2F1tlzzvkz!19sChIJOc_QyHD6U1MRzL8b0oqhnkM?authuser=0&hl=en&rclk=1,auto repair shop,Clark County,county,ID,2026-07-24T12:41:39,0x5353fa70c8d0cf39:0x439ea18ad21bbfcc
Les Schwab Tire Center,(208) 624-3747,https://www.lesschwab.com/stores/id/saint-anthony/205-s-bridge-st?utm_source=google&utm_medium=organic&utm_campaign=gmb-homepage,,"205 Bridge St, St Anthony, ID 83445, United States",205 Bridge St,St Anthony,ID,83445,4.7,231,Tire shop,,,https://www.google.com/maps/place/Les+Schwab+Tire+Center/data=!4m7!3m6!1s0x5353fa652634bc63:0x8f365ed4669f540f!8m2!3d43.9642736!4d-111.6825171!16s%2Fg%2F1th56njp!19sChIJY7w0JmX6U1MRD1SfZtReNo8?authuser=0&hl=en&rclk=1,auto repair shop,Clark County,county,ID,2026-07-24T12:41:39,0x5353fa652634bc63:0x8f365ed4669f540f
Neil and Joe's Tire service and Car Wah,,,,"125 Bridge St, St Anthony, ID 83445, United States",125 Bridge St,St Anthony,ID,83445,2.0,1,Auto repair shop,,,https://www.google.com/maps/place/Neil+and+Joe%27s+Tire+service+and+Car+Wah/data=!4m7!3m6!1s0x5353fb4007561fe1:0x273ec0118734908a!8m2!3d43.9648687!4d-111.6827403!16s%2Fg%2F11stg3k6q5!19sChIJ4R9WB0D7U1MRipA0hxHAPic?authuser=0&hl=en&rclk=1,auto repair shop,Clark County,county,ID,2026-07-24T12:41:39,0x5353fb4007561fe1:0x273ec0118734908a
Benewah Motors Inc.,(208) 245-5536,,,"1001 Main Ave, St Maries, ID 83861, United States",1001 Main Ave,St Maries,ID,83861,4.6,34,Towing service,,,https://www.google.com/maps/place/Benewah+Motors+Inc./data=!4m7!3m6!1s0x53603adaaa547ec7:0xa1a21f5b287dd34b!8m2!3d47.316017!4d-116.570126!16s%2Fg%2F1th6311z!19sChIJx35Uqto6YFMRS9N9KFsfoqE?authuser=0&hl=en&rclk=1,auto repair shop,Benewah County,county,ID,2026-07-24T11:25:18,0x53603adaaa547ec7:0xa1a21f5b287dd34b
Fast Eddie's Inc.,(208) 245-5767,https://www.facebook.com/Fast-Eddies-Inc-579193512107947/,,"1006 W Idaho Ave, St Maries, ID 83861, United States",1006 W Idaho Ave,St Maries,ID,83861,4.6,44,Auto repair shop,,,https://www.google.com/maps/place/Fast+Eddie%27s+Inc./data=!4m7!3m6!1s0x53603ac50d20b555:0x25abe4c4e170c185!8m2!3d47.3185017!4d-116.5707651!16s%2Fg%2F1tkf0n1w!19sChIJVbUgDcU6YFMRhcFw4cTkqyU?authuser=0&hl=en&rclk=1,auto repair shop,Benewah County,county,ID,2026-07-24T11:25:18,0x53603ac50d20b555:0x25abe4c4e170c185
Kens Custom Body & Paint Inc,(208) 245-3352,,,"1330 Main Ave, St Maries, ID 83861, United States",1330 Main Ave,St Maries,ID,83861,4.7,19,Auto body shop,,,https://www.google.com/maps/place/Kens+Custom+Body+%26+Paint+Inc/data=!4m7!3m6!1s0x53603acfc0f60441:0x1ae76e14f49f146!8m2!3d47.3166507!4d-116.5738687!16s%2Fg%2F1tdnwkt3!19sChIJQQT2wM86YFMRRvFJT-F2rgE?authuser=0&hl=en&rclk=1,auto repair shop,Benewah County,county,ID,2026-07-24T11:25:18,0x53603acfc0f60441:0x1ae76e14f49f146
Les Schwab Tire Center,(208) 245-4506,https://www.lesschwab.com/stores/id/saint-maries/1016-main-ave?utm_source=google&utm_medium=organic&utm_campaign=gmb-homepage,,"1016 Main Ave, St Maries, ID 83861, United States",1016 Main Ave,St Maries,ID,83861,4.4,156,Tire shop,,,https://www.google.com/maps/place/Les+Schwab+Tire+Center/data=!4m7!3m6!1s0x53603adab2be7df7:0xc0bde0164f69cb39!8m2!3d47.3165417!4d-116.5705683!16s%2Fg%2F1thgb3l1!19sChIJ932-sto6YFMROctpTxbgvcA?authuser=0&hl=en&rclk=1,auto repair shop,Benewah County,county,ID,2026-07-24T11:25:18,0x53603adab2be7df7:0xc0bde0164f69cb39
NAPA Auto Parts - St. Maries Auto Parts,(208) 245-2516,https://www.napaonline.com/en/ID/Saint-Maries/store/27593?cid=pl_jobber_google_dac_27593_ao,,"1111 Main Ave, St Maries, ID 83861, United States",1111 Main Ave,St Maries,ID,83861,4.8,116,Auto parts store,,,https://www.google.com/maps/place/NAPA+Auto+Parts+-+St.+Maries+Auto+Parts/data=!4m7!3m6!1s0x53603acffd128a7d:0x34fa8a45dd9cf360!8m2!3d47.316015!4d-116.571361!16s%2Fg%2F1td7yrsk!19sChIJfYoS_c86YFMRYPOc3UWK-jQ?authuser=0&hl=en&rclk=1,auto repair shop,Benewah County,county,ID,2026-07-24T11:25:18,0x53603acffd128a7d:0x34fa8a45dd9cf360
Barfuss Garage Inc,(435) 257-7730,,,"9976 N 6400 W, Tremonton, UT 84337, United States",9976 N 6400 W,Tremonton,UT,84337,4.5,94,Auto repair shop,,,https://www.google.com/maps/place/Barfuss+Garage+Inc/data=!4m7!3m6!1s0x8754993ec18a1ccd:0x6f53736498e814e4!8m2!3d41.6892204!4d-112.1707077!16s%2Fg%2F1vp6_ntg!19sChIJzRyKwT6ZVIcR5BTomGRzU28?authuser=0&hl=en&rclk=1,auto repair shop,Oneida County,county,ID,2026-07-24T13:58:10,0x8754993ec18a1ccd:0x6f53736498e814e4
Bob's Body Shop Inc,(435) 257-7825,https://www.bobs-body-shop.com/,,"1511 W Main St, Tremonton, UT 84337, United States",1511 W Main St,Tremonton,UT,84337,4.8,84,Auto body shop,,,https://www.google.com/maps/place/Bob%27s+Body+Shop+Inc/data=!4m7!3m6!1s0x875499ab041bc767:0xdebc30fb428e4d15!8m2!3d41.7107673!4d-112.1890276!16s%2Fg%2F1ttdyygh!19sChIJZ8cbBKuZVIcRFU2OQvswvN4?authuser=0&hl=en&rclk=1,auto repair shop,Oneida County,county,ID,2026-07-17T14:48:05,0x875499ab041bc767:0xdebc30fb428e4d15
K & N Automotive Inc.,(435) 257-8898,https://kandnautomotiveinc.com/,,"1160 N 1000 W, Tremonton, UT 84337, United States",1160 N 1000 W,Tremonton,UT,84337,4.7,196,Auto repair shop,,,https://www.google.com/maps/place/K+%26+N+Automotive+Inc./data=!4m7!3m6!1s0x875499b7ac173797:0xa5a0e88bdbcae100!8m2!3d41.729409!4d-112.181101!16s%2Fg%2F1tdb4s0x!19sChIJlzcXrLeZVIcRAOHK24vooKU?authuser=0&hl=en&rclk=1,auto repair shop,Oneida County,county,ID,2026-07-24T13:58:10,0x875499b7ac173797:0xa5a0e88bdbcae100
AAMCO Transmissions & Total Car Care,(208) 490-9454,http://www.aamcotwinfalls.com/?utm_source=G&utm_medium=local&utm_campaign=google-local,,"808 Cheney Dr, Twin Falls, ID 83301, United States",808 Cheney Dr,Twin Falls,ID,83301,4.4,214,Transmission shop,,,https://www.google.com/maps/place/AAMCO+Transmissions+%26+Total+Car+Care/data=!4m7!3m6!1s0x54aca222b7912c33:0x43a2b71abc731993!8m2!3d42.587882!4d-114.46239!16s%2Fg%2F1vgx0glf!19sChIJMyyRtyKirFQRkxlzvBq3okM?authuser=0&hl=en&rclk=1,auto repair shop,Lincoln County,county,ID,2026-07-24T13:45:37,0x54aca222b7912c33:0x43a2b71abc731993
Gearhead Automotive and Offroad,,http://ghoffroad.com/,,"1887 Highland Ave E Bldg 6, Twin Falls, ID 83301, United States",1887 Highland Ave E Bldg 6,Twin Falls,ID,83301,5.0,6,Auto repair shop,,,https://www.google.com/maps/place/Gearhead+Automotive+and+Offroad/data=!4m7!3m6!1s0x54aca3983266c6a9:0x27bf1b3a677871a9!8m2!3d42.5455177!4d-114.448287!16s%2Fg%2F11n_yp1lcc!19sChIJqcZmMpijrFQRqXF4Zzobvyc?authuser=0&hl=en&rclk=1,auto repair shop,Lincoln County,county,ID,2026-07-24T13:45:37,0x54aca3983266c6a9:0x27bf1b3a677871a9
Jiffy Lube Oil Change,(208) 733-8866,https://www.jiffylubetwinfalls.com/,,"2362 Addison Ave E, Twin Falls, ID 83301, United States",2362 Addison Ave E,Twin Falls,ID,83301,4.5,399,Oil change service,,,https://www.google.com/maps/place/Jiffy+Lube+Oil+Change/data=!4m7!3m6!1s0x54aca3db4c3be4d9:0x7ecd238aa0b17dc3!8m2!3d42.5627885!4d-114.4373836!16s%2Fg%2F1tk9qhb7!19sChIJ2eQ7TNujrFQRw32xoIojzX4?authuser=0&hl=en&rclk=1,auto repair shop,Twin Falls County,county,ID,2026-07-17T15:16:04,0x54aca3db4c3be4d9:0x7ecd238aa0b17dc3
Les Schwab Tire Center,(208) 734-7555,https://www.lesschwab.com/stores/id/twin-falls/421-blue-lakes-blvd-n?utm_source=google&utm_medium=organic&utm_campaign=gmb-homepage,,"421 Blue Lakes Blvd N, Twin Falls, ID 83301, United States",421 Blue Lakes Blvd N,Twin Falls,ID,83301,4.2,595,Tire shop,,,https://www.google.com/maps/place/Les+Schwab+Tire+Center/data=!4m7!3m6!1s0x54aca3b519623c5b:0x3345c153199c9168!8m2!3d42.5691075!4d-114.4608132!16s%2Fg%2F1tzlyphv!19sChIJWzxiGbWjrFQRaJGcGVPBRTM?authuser=0&hl=en&rclk=1,auto repair shop,Twin Falls County,county,ID,2026-07-24T12:32:21,0x54aca3b519623c5b:0x3345c153199c9168
Les Schwab Tire Center,(208) 733-1211,https://www.lesschwab.com/stores/id/twin-falls/389-pole-line-rd?utm_source=google&utm_medium=organic&utm_campaign=gmb-homepage,,"389 Pole Line Rd E, Twin Falls, ID 83301, United States",389 Pole Line Rd E,Twin Falls,ID,83301,4.5,583,Tire shop,,,https://www.google.com/maps/place/Les+Schwab+Tire+Center/data=!4m7!3m6!1s0x54aca213e71e0905:0xd2ec924d311fc4db!8m2!3d42.5924248!4d-114.4728025!16s%2Fg%2F1tl0x1ft!19sChIJBQke5xOirFQR28QfMU2S7NI?authuser=0&hl=en&rclk=1,auto repair shop,Twin Falls County,county,ID,2026-07-24T12:32:21,0x54aca213e71e0905:0xd2ec924d311fc4db
Limited Auto Group,(208) 732-2199,https://www.limitedautogroup.com/,,"2469 Kimberly Rd, Twin Falls, ID 83301, United States",2469 Kimberly Rd,Twin Falls,ID,83301,4.9,73,Auto repair shop,,,https://www.google.com/maps/place/Limited+Auto+Group/data=!4m7!3m6!1s0x54aca39d3292bb79:0xa20b3caa0a7d99f5!8m2!3d42.5489988!4d-114.4342355!16s%2Fg%2F11tnxkskb4!19sChIJebuSMp2jrFQR9Zl9Cqo8C6I?authuser=0&hl=en&rclk=1,auto repair shop,Twin Falls County,county,ID,2026-07-24T12:32:21,0x54aca39d3292bb79:0xa20b3caa0a7d99f5
"Premier Automotive, Inc",(208) 490-1958,,,"1948 Highland Ave E, Twin Falls, ID 83301, United States",1948 Highland Ave E,Twin Falls,ID,83301,5.0,2,Auto repair shop,,,"https://www.google.com/maps/place/Premier+Automotive,+Inc/data=!4m7!3m6!1s0x54aca37ea0c56735:0x7860048bd4ce15e9!8m2!3d42.5445105!4d-114.4472676!16s%2Fg%2F11j_zkq90s!19sChIJNWfFoH6jrFQR6RXO1IsEYHg?authuser=0&hl=en&rclk=1",auto repair shop,Twin Falls County,county,ID,2026-07-24T12:32:21,0x54aca37ea0c56735:0x7860048bd4ce15e9
Q&L Auto Repair,,,,"384 Locust St S, Twin Falls, ID 83301, United States",384 Locust St S,Twin Falls,ID,83301,5.0,3,Auto repair shop,,,https://www.google.com/maps/place/Q%26L+Auto+Repair/data=!4m7!3m6!1s0x54aca384ac07304f:0x1f8f52ec8c2e1f68!8m2!3d42.5435215!4d-114.4557518!16s%2Fg%2F11dz1mkrnf!19sChIJTzAHrISjrFQRaB8ujOxSjx8?authuser=0&hl=en&rclk=1,auto repair shop,Twin Falls County,county,ID,2026-07-24T12:32:21,0x54aca384ac07304f:0x1f8f52ec8c2e1f68
The Automotive Clinic,,,,"Fairway Dr, Twin Falls, ID 83301, United States",Fairway Dr,Twin Falls,ID,83301,1.0,3,Auto repair shop,,,https://www.google.com/maps/place/The+Automotive+Clinic/data=!4m7!3m6!1s0x54aca24aa0325045:0x92c479166a8ed844!8m2!3d42.5718389!4d-114.4607443!16s%2Fg%2F11gr578b5j!19sChIJRVAyoEqirFQRRNiOahZ5xJI?authuser=0&hl=en&rclk=1,auto repair shop,Twin Falls County,county,ID,2026-07-24T12:32:21,0x54aca24aa0325045:0x92c479166a8ed844
Les Schwab Tire Center,(208) 549-2534,https://www.lesschwab.com/stores/id/weiser/250-e-1st-st?utm_source=google&utm_medium=organic&utm_campaign=gmb-homepage,,"250 E 1st St, Weiser, ID 83672, United States",250 E 1st St,Weiser,ID,83672,4.4,236,Tire shop,,,https://www.google.com/maps/place/Les+Schwab+Tire+Center/data=!4m7!3m6!1s0x54a5793a3a8046b1:0xe53433701c61d3f!8m2!3d44.2453463!4d-116.9684225!16s%2Fg%2F1wyc41bs!19sChIJsUaAOjp5pVQRPx3GATdDUw4?authuser=0&hl=en&rclk=1,auto repair shop,Washington County,county,ID,2026-07-17T15:23:56,0x54a5793a3a8046b1:0xe53433701c61d3f
