name,phone,website,email,address,street,city,state,zip,rating,review_count,category,hours_status,hours_detail,google_maps_url,search_keyword,search_place,search_type,search_state,scraped_at,place_id
Beyond Performance,,,,"DeKalb, IL 60115, United States",,,IL,,5.0,2,Auto repair shop,,,https://www.google.com/maps/place/Beyond+Performance/data=!4m7!3m6!1s0x880f2a6f6a909327:0x406e15716a3e7312!8m2!3d41.9263434!4d-88.7386747!16s%2Fg%2F11f4lf43c8!19sChIJJ5OQam8qD4gREnM-anEVbkA?authuser=0&hl=en&rclk=1,auto repair shop,DeKalb County,county,IL,2026-07-24T15:19:40,0x880f2a6f6a909327:0x406e15716a3e7312
Billy Ray Tyler auto sales,,,,"Mattoon, IL 61938, United States",,,IL,,,,Auto repair shop,,,https://www.google.com/maps/place/Billy+Ray+Tyler+auto+sales/data=!4m7!3m6!1s0x88731100646c4ecf:0x3ea3f1289e885c76!8m2!3d39.4830897!4d-88.3728255!16s%2Fg%2F11mrxz_8hh!19sChIJz05sZAARc4gRdlyInijxoz4?authuser=0&hl=en&rclk=1,auto repair shop,Coles County,county,IL,2026-07-24T14:51:58,0x88731100646c4ecf:0x3ea3f1289e885c76
Complete Auto Care,,,,"Benld, IL 62009, United States",,,IL,,5.0,1,Auto repair shop,,,https://www.google.com/maps/place/Complete+Auto+Care/data=!4m7!3m6!1s0x8875911316f327a3:0x41681e577fec101b!8m2!3d39.0932335!4d-89.8005174!16s%2Fg%2F11wwwygb13!19sChIJoyfzFhORdYgRGxDsf1ceaEE?authuser=0&hl=en&rclk=1,auto repair shop,Macoupin County,county,IL,2026-07-27T11:12:39,0x8875911316f327a3:0x41681e577fec101b
D & D Auto Shop,,,,"Harrisburg, IL 62946, United States",,,IL,,5.0,1,Auto repair shop,,,https://www.google.com/maps/place/D+%26+D+Auto+Shop/data=!4m7!3m6!1s0x8870c2fb87f000af:0x43f0cdbd847e44b7!8m2!3d37.764284!4d-88.5129777!16s%2Fg%2F11f794mljd!19sChIJrwDwh_vCcIgRt0R-hL3N8EM?authuser=0&hl=en&rclk=1,auto repair shop,Hamilton County,county,IL,2026-07-27T08:11:07,0x8870c2fb87f000af:0x43f0cdbd847e44b7
General auto repair,,,,"Dixon, IL 61021, United States",,,IL,,5.0,1,Auto repair shop,,,https://www.google.com/maps/place/General+auto+repair/data=!4m7!3m6!1s0x8809af0077272227:0xef4fe2f3700c8396!8m2!3d41.8379824!4d-89.4802173!16s%2Fg%2F11yrxk523g!19sChIJJyIndwCvCYgRloMMcPPiT-8?authuser=0&hl=en&rclk=1,auto repair shop,Lee County,county,IL,2026-07-27T10:19:58,0x8809af0077272227:0xef4fe2f3700c8396
Hawk Auto Peru,,,,"Peru, IL 61354, United States",,,IL,,,,Auto repair shop,,,https://www.google.com/maps/place/Hawk+Auto+Peru/data=!4m7!3m6!1s0x880961005936aec7:0x24dde02118ab549f!8m2!3d41.3492915!4d-89.1231109!16s%2Fg%2F11yt0nslwv!19sChIJx642WQBhCYgRn1SrGCHg3SQ?authuser=0&hl=en&rclk=1,auto repair shop,Putnam County,county,IL,2026-07-27T12:48:15,0x880961005936aec7:0x24dde02118ab549f
Kunes Chevrolet,,,,"Mt Carroll, IL 61053, United States",,,IL,,,,Car dealer,,,https://www.google.com/maps/place/Kunes+Chevrolet/data=!4m7!3m6!1s0x880827e71167eba3:0x3b1f927b36ed066c!8m2!3d42.0847519!4d-89.9828348!16s%2Fg%2F11l6q81s8r!19sChIJo-tnEecnCIgRbAbtNnuSHzs?authuser=0&hl=en&rclk=1,auto repair shop,Carroll County,county,IL,2026-07-17T17:07:34,0x880827e71167eba3:0x3b1f927b36ed066c
Napa Auto Care Center,,,,"Metropolis, IL 62960, United States",,,IL,,,,Auto repair shop,,,https://www.google.com/maps/place/Napa+Auto+Care+Center/data=!4m7!3m6!1s0x887a030bd69ebe6d:0x4ee4fbc6a17692d8!8m2!3d37.1589782!4d-88.7347547!16s%2Fg%2F11gmywbh5g!19sChIJbb6e1gsDeogR2JJ2ocb75E4?authuser=0&hl=en&rclk=1,auto repair shop,Massac County,county,IL,2026-07-27T11:45:04,0x887a030bd69ebe6d:0x4ee4fbc6a17692d8
"Randall's Performance, Inc",(309) 627-2500,http://www.randallsperf.com/,,,,,IL,,4.8,37,Car repair and maintenance service,,,"https://www.google.com/maps/place/Randall%27s+Performance,+Inc/data=!4m7!3m6!1s0x87e13c22c5140cbd:0x817ad4a3d890f5ac!8m2!3d40.8643541!4d-90.9573294!16s%2Fg%2F1tgx74fx!19sChIJvQwUxSI84YcRrPWQ2KPUeoE?authuser=0&hl=en&rclk=1",auto repair shop,Henderson County,county,IL,2026-07-27T08:28:32,0x87e13c22c5140cbd:0x817ad4a3d890f5ac
Sk truck repair,,,,"Breese, IL 62230, United States",,,IL,,5.0,3,Truck repair shop,,,https://www.google.com/maps/place/Sk+truck+repair/data=!4m7!3m6!1s0x8875d7220e7f92e1:0xd9b9e2b0ca46a6f5!8m2!3d38.7153929!4d-89.5176121!16s%2Fg%2F11f3n1bd11!19sChIJ4ZJ_DiLXdYgR9aZGyrDiudk?authuser=0&hl=en&rclk=1,auto repair shop,Bond County,county,IL,2026-07-24T15:03:51,0x8875d7220e7f92e1:0xd9b9e2b0ca46a6f5
"TEOS TOWING SERVICE & RECOVERY, TRUCK AND TRAILER REPAIR INC.",(563) 888-1988,http://www.teostowing.com/,,,,,IL,,4.5,8,Towing service,,,"https://www.google.com/maps/place/TEOS+TOWING+SERVICE+%26+RECOVERY,+TRUCK+AND+TRAILER+REPAIR+INC./data=!4m7!3m6!1s0x4128d5ae9a65b0f7:0x1ed1afc29ff52343!8m2!3d41.551673!4d-90.826017!16s%2Fg%2F11rtcl9mfn!19sChIJ97Blmq7VKEERQyP1n8Kv0R4?authuser=0&hl=en&rclk=1",auto repair shop,Rock Island County,county,IL,2026-07-27T13:06:16,0x4128d5ae9a65b0f7:0x1ed1afc29ff52343
Toyota Service,,https://www.kcsummerstoyota.com/,,"Mattoon, IL 61938, United States",,,IL,,,,Auto repair shop,,,https://www.google.com/maps/place/Toyota+Service/data=!4m7!3m6!1s0x887311dc5cd45c29:0x3dc5333d084e693c!8m2!3d39.4815908!4d-88.3782855!16s%2Fg%2F11gbfdb41x!19sChIJKVzUXNwRc4gRPGlOCD0zxT0?authuser=0&hl=en&rclk=1,auto repair shop,Coles County,county,IL,2026-07-24T14:51:58,0x887311dc5cd45c29:0x3dc5333d084e693c
Toyota Service,,,,"Godfrey, IL 62035, United States",,,IL,,4.4,12,Auto repair shop,,,https://www.google.com/maps/place/Toyota+Service/data=!4m7!3m6!1s0x87df436a6f8d63d9:0x1bd5e67566c57ace!8m2!3d38.9219893!4d-90.1687313!16s%2Fg%2F11g9q5rm8k!19sChIJ2WONb2pD34cRznrFZnXm1Rs?authuser=0&hl=en&rclk=1,auto repair shop,Jersey County,county,IL,2026-07-27T09:16:40,0x87df436a6f8d63d9:0x1bd5e67566c57ace
Zimmer's Automotive LLC,,https://zimmer-s-automotive.ueniweb.com/?utm_campaign=gmb,,,,,IL,,,,Car repair and maintenance service,,,https://www.google.com/maps/place/Zimmer%27s+Automotive+LLC/data=!4m7!3m6!1s0x87e2299ada3a3325:0x2ec907e5b0ff73c!8m2!3d41.3098645!4d-90.4979894!16s%2Fg%2F11j6tdwff6!19sChIJJTM62pop4ocRPPcPW36Q7AI?authuser=0&hl=en&rclk=1,auto repair shop,Rock Island County,county,IL,2026-07-27T13:06:16,0x87e2299ada3a3325:0x2ec907e5b0ff73c
Albion Tire Inc,(618) 445-2544,,,"421 E Elm St, Albion, IL 62806, United States",421 E Elm St,Albion,IL,62806,4.8,61,Tire shop,,,https://www.google.com/maps/place/Albion+Tire+Inc/data=!4m7!3m6!1s0x887199823e72cbb9:0x7300bea2eae6a84f!8m2!3d38.3780772!4d-88.0480606!16s%2Fg%2F11bx1t0d_h!19sChIJuctyPoKZcYgRT6jm6qK-AHM?authuser=0&hl=en&rclk=1,auto repair shop,Wabash County,county,IL,2026-07-27T14:15:26,0x887199823e72cbb9:0x7300bea2eae6a84f
NAPA Auto Parts - Aledo Auto and Farm,(309) 582-5676,https://www.napaonline.com/en/IL/Aledo/store/28788?cid=pl_jobber_google_dac_28788_ao,,"116 NW 2nd Ave, Aledo, IL 61231, United States",116 NW 2nd Ave,Aledo,IL,61231,4.8,11,Auto parts store,,,https://www.google.com/maps/place/NAPA+Auto+Parts+-+Aledo+Auto+and+Farm/data=!4m7!3m6!1s0x87e17cab911ef91d:0x5a5a1956087070f0!8m2!3d41.202177!4d-90.750199!16s%2Fg%2F1x5fbxng!19sChIJHfkekat84YcR8HBwCFYZWlo?authuser=0&hl=en&rclk=1,auto repair shop,Mercer County,county,IL,2026-07-27T11:48:22,0x87e17cab911ef91d:0x5a5a1956087070f0
Leo's Auto Repair Inc,(708) 389-8282,,,"11512 S Pulaski Rd, Alsip, IL 60803, United States",11512 S Pulaski Rd,Alsip,IL,60803,4.2,5,Auto repair shop,,,https://www.google.com/maps/place/Leo%27s+Auto+Repair+Inc/data=!4m7!3m6!1s0x880e3b169d3d25eb:0xc62d61be820f01f3!8m2!3d41.6834229!4d-87.720539!16s%2Fg%2F1tlbv9cq!19sChIJ6yU9nRY7DogR8wEPgr5hLcY?authuser=0&hl=en&rclk=1,auto repair shop,Pulaski County,county,IL,2026-07-27T12:40:53,0x880e3b169d3d25eb:0xc62d61be820f01f3
"Maher's Auto & Truck Service, Inc",(618) 465-2181,https://www.mahersautoalton.com/,,"1015 Belle St, Alton, IL 62002, United States",1015 Belle St,Alton,IL,62002,4.8,56,Car repair and maintenance service,,,"https://www.google.com/maps/place/Maher%27s+Auto+%26+Truck+Service,+Inc/data=!4m7!3m6!1s0x87df4487611a431f:0x2cf15365948676a!8m2!3d38.8978541!4d-90.1864885!16s%2Fg%2F1tdqc3d5!19sChIJH0MaYYdE34cRamdIWTYVzwI?authuser=0&hl=en&rclk=1",auto repair shop,Jersey County,county,IL,2026-07-27T09:16:40,0x87df4487611a431f:0x2cf15365948676a
Meineke Car Care Center,(618) 208-1540,https://www.meineke.com/locations/il/alton-264/?utm_source=google&utm_medium=organic&utm_campaign=gbp_website,,"2701 Washington Ave, Alton, IL 62002, United States",2701 Washington Ave,Alton,IL,62002,4.5,632,Auto repair shop,,,https://www.google.com/maps/place/Meineke+Car+Care+Center/data=!4m7!3m6!1s0x87df434d600c6e4b:0x3cadcde44db8bee2!8m2!3d38.9145937!4d-90.150234!16s%2Fg%2F1hc0ss136!19sChIJS24MYE1D34cR4r64TeTNrTw?authuser=0&hl=en&rclk=1,auto repair shop,Jersey County,county,IL,2026-07-27T09:16:40,0x87df434d600c6e4b:0x3cadcde44db8bee2
Midas,(618) 619-2665,https://www.midas.com/store/il/alton/2805-east-homer-m-adams-parkway-62002/?shopnum=2676&utm_source=google&utm_medium=organic&utm_campaign=gbp,,"2805 Homer M Adams Pkwy, Alton, IL 62002, United States",2805 Homer M Adams Pkwy,Alton,IL,62002,4.5,210,Auto repair shop,,,https://www.google.com/maps/place/Midas/data=!4m7!3m6!1s0x87df5cb21a5cf3ad:0xf795a244bbcbafa2!8m2!3d38.9150732!4d-90.1453177!16s%2Fg%2F1tf030cp!19sChIJrfNcGrJc34cRoq_Lu0Silfc?authuser=0&hl=en&rclk=1,auto repair shop,Jersey County,county,IL,2026-07-27T09:16:40,0x87df5cb21a5cf3ad:0xf795a244bbcbafa2
"Roberts Motors, Inc.",(618) 466-8473,https://www.robertsmotors.com/,,"4350 Alby St, Alton, IL 62002, United States",4350 Alby St,Alton,IL,62002,4.7,522,Oil change service,,,"https://www.google.com/maps/place/Roberts+Motors,+Inc./data=!4m7!3m6!1s0x87df4372c590f56b:0x97ecf2235f2f5ee6!8m2!3d38.9239463!4d-90.1790906!16s%2Fg%2F12htvnbd3!19sChIJa_WQxXJD34cR5l4vXyPy7Jc?authuser=0&hl=en&rclk=1",auto repair shop,Jersey County,county,IL,2026-07-27T09:16:40,0x87df4372c590f56b:0x97ecf2235f2f5ee6
Tuckers Automotive Repair & Tire Inc.,(618) 466-0546,https://www.tuckerautoandtire.com/,,"124 Northport Dr, Alton, IL 62002, United States",124 Northport Dr,Alton,IL,62002,4.4,164,Auto repair shop,,,https://www.google.com/maps/place/Tuckers+Automotive+Repair+%26+Tire+Inc./data=!4m7!3m6!1s0x87df43aeb30bdf27:0xfee718b2bd34060a!8m2!3d38.9243299!4d-90.1845018!16s%2Fg%2F11g3zh722h!19sChIJJ98Ls65D34cRCgY0vbIY5_4?authuser=0&hl=en&rclk=1,auto repair shop,Jersey County,county,IL,2026-07-27T09:16:40,0x87df43aeb30bdf27:0xfee718b2bd34060a
"A & G Automotive, Inc.",(618) 833-8755,https://www.angautomotive.net/,,"109 Transcraft Drive, Anna, IL 62906, United States",109 Transcraft Drive,Anna,IL,62906,4.3,164,Auto repair shop,,,"https://www.google.com/maps/place/A+%26+G+Automotive,+Inc./data=!4m7!3m6!1s0x88777aab0f1b82bf:0x286859ae4c5185db!8m2!3d37.4571762!4d-89.2337341!16s%2Fg%2F1tj_5_6q!19sChIJv4IbD6t6d4gR24VRTK5ZaCg?authuser=0&hl=en&rclk=1",auto repair shop,Johnson County,county,IL,2026-07-27T09:31:18,0x88777aab0f1b82bf:0x286859ae4c5185db
Kutz's Performance Repair Inc,(217) 273-0632,,,"590 N Co Rd 920 E, Arcola, IL 61910, United States",590 N Co Rd 920 E,Arcola,IL,61910,5.0,3,Auto repair shop,,,https://www.google.com/maps/place/Kutz%27s+Performance+Repair+Inc/data=!4m7!3m6!1s0x88733b9369a2bce1:0xd8c76c3ef54b35df!8m2!3d39.7382484!4d-88.2993346!16s%2Fg%2F1tj2jn7x!19sChIJ4byiaZM7c4gR3zVL9T5sx9g?authuser=0&hl=en&rclk=1,auto repair shop,Douglas County,county,IL,2026-07-24T15:25:48,0x88733b9369a2bce1:0xd8c76c3ef54b35df
Degroot Automotive,,http://degrootautomotive.com/,,"1609 Literberry Triopia Rd, Arenzville, IL 62611, United States",1609 Literberry Triopia Rd,Arenzville,IL,62611,5.0,9,Auto repair shop,,,https://www.google.com/maps/place/Degroot+Automotive/data=!4m7!3m6!1s0x87dfdd622955daa3:0x31d18d272ab4d436!8m2!3d39.8423919!4d-90.3016276!16s%2Fg%2F11fll62mll!19sChIJo9pVKWLd34cRNtS0KieN0TE?authuser=0&hl=en&rclk=1,auto repair shop,Pike County,county,IL,2026-07-27T12:33:11,0x87dfdd622955daa3:0x31d18d272ab4d436
"Aroma Park Auto, Inc.",(815) 304-4114,,,"207 S Bridge St, Aroma Park, IL 60910, United States",207 S Bridge St,Aroma Park,IL,60910,4.0,4,Auto repair shop,,,"https://www.google.com/maps/place/Aroma+Park+Auto,+Inc./data=!4m7!3m6!1s0x880de94d69dcf065:0x21e152fe99250cfd!8m2!3d41.0768778!4d-87.8061523!16s%2Fg%2F11jms4mq_g!19sChIJZfDcaU3pDYgR_Qwlmf5S4SE?authuser=0&hl=en&rclk=1",auto repair shop,Iroquois County,county,IL,2026-07-27T08:45:10,0x880de94d69dcf065:0x21e152fe99250cfd
AAMCO Transmissions & Total Car Care,(630) 394-6346,https://www.aamcoaurora.com/?utm_source=G&utm_medium=local&utm_campaign=google-local,,"1315 N Lake St, Aurora, IL 60506, United States",1315 N Lake St,Aurora,IL,60506,4.4,155,Transmission shop,,,https://www.google.com/maps/place/AAMCO+Transmissions+%26+Total+Car+Care/data=!4m7!3m6!1s0x880efab0ea2a264d:0xccc8b35d4fc13819!8m2!3d41.786461!4d-88.31953!16s%2Fg%2F1tk23jc2!19sChIJTSYq6rD6DogRGTjBT12zyMw?authuser=0&hl=en&rclk=1,auto repair shop,Aurora,city,IL,2026-07-27T15:15:15,0x880efab0ea2a264d:0xccc8b35d4fc13819
Astro Auto Repair Service Center Inc,(630) 301-6030,http://astroautorepairaur.wixsite.com/astro,,"802 W Illinois Ave, Aurora, IL 60506, United States",802 W Illinois Ave,Aurora,IL,60506,4.6,89,Auto repair shop,,,https://www.google.com/maps/place/Astro+Auto+Repair+Service+Center+Inc/data=!4m7!3m6!1s0x880ee5383861aabf:0xccb1740f7eca577a!8m2!3d41.7702039!4d-88.3348675!16s%2Fg%2F1tcts7x7!19sChIJv6phODjlDogRelfKfg90scw?authuser=0&hl=en&rclk=1,auto repair shop,Aurora,city,IL,2026-07-27T15:15:15,0x880ee5383861aabf:0xccb1740f7eca577a
Baires Auto Repair Inc,(630) 896-1705,https://www.facebook.com/share/17vW7w9hFN/,,"929 N Lake St unit 3, Aurora, IL 60506, United States",929 N Lake St unit 3,Aurora,IL,60506,4.9,38,Auto repair shop,,,https://www.google.com/maps/place/Baires+Auto+Repair+Inc/data=!4m7!3m6!1s0x880efbb40600eddb:0xa0eac613e0e14314!8m2!3d41.7770516!4d-88.3138895!16s%2Fg%2F11sdwcwwj1!19sChIJ2-0ABrT7DogRFEPh4BPG6qA?authuser=0&hl=en&rclk=1,auto repair shop,Aurora,city,IL,2026-07-27T15:15:15,0x880efbb40600eddb:0xa0eac613e0e14314
Benton Auto Repair Inc.,(630) 844-9871,http://bentonautoinc.com/,,"207 W Benton St, Aurora, IL 60506, United States",207 W Benton St,Aurora,IL,60506,4.8,67,Auto repair shop,,,https://www.google.com/maps/place/Benton+Auto+Repair+Inc./data=!4m7!3m6!1s0x880efab275e1ad71:0x3b3d071fb299fa39!8m2!3d41.7584602!4d-88.3205767!16s%2Fg%2F1tk688ck!19sChIJca3hdbL6DogROfqZsh8HPTs?authuser=0&hl=en&rclk=1,auto repair shop,Kane County,county,IL,2026-07-27T09:36:12,0x880efab275e1ad71:0x3b3d071fb299fa39
Firestone Complete Auto Care,(331) 205-1756,https://www.firestonecompleteautocare.com/illinois/aurora/2888-e-new-york-st/?utm_source=google&utm_medium=organic&utm_campaign=localmaps&cmp=oloc_google_localmaps_maps,,"2888 E New York St, Aurora, IL 60502, United States",2888 E New York St,Aurora,IL,60502,4.4,518,Tire shop,,,https://www.google.com/maps/place/Firestone+Complete+Auto+Care/data=!4m7!3m6!1s0x880ef9f704749897:0xe8029df66193c925!8m2!3d41.7596861!4d-88.2444724!16s%2Fg%2F1tr9n_xk!19sChIJl5h0BPf5DogRJcmTYfadAug?authuser=0&hl=en&rclk=1,auto repair shop,Aurora,city,IL,2026-07-27T15:15:15,0x880ef9f704749897:0xe8029df66193c925
Firestone Complete Auto Care,(331) 205-7755,https://www.firestonecompleteautocare.com/illinois/aurora/4371-fox-valley-center-dr/?utm_source=google&utm_medium=organic&utm_campaign=localmaps&cmp=oloc_google_localmaps_maps,,"4371 Fox Valley Center Dr, Aurora, IL 60504, United States",4371 Fox Valley Center Dr,Aurora,IL,60504,4.1,316,Tire shop,,,https://www.google.com/maps/place/Firestone+Complete+Auto+Care/data=!4m7!3m6!1s0x880ef9d2985a9cbd:0x2e5ed3568578814e!8m2!3d41.7561089!4d-88.2085163!16s%2Fg%2F1vcjmvgd!19sChIJvZxamNL5DogRToF4hVbTXi4?authuser=0&hl=en&rclk=1,auto repair shop,Aurora,city,IL,2026-07-27T15:15:15,0x880ef9d2985a9cbd:0x2e5ed3568578814e
Fox Valley Auto Care Center,,,,"17 Rte 59, Aurora, IL 60504, United States",17 Rte 59,Aurora,IL,60504,4.3,3,Auto repair shop,,,https://www.google.com/maps/place/Fox+Valley+Auto+Care+Center/data=!4m7!3m6!1s0x880ef82d49da3f77:0x924ce8dad68c91fe!8m2!3d41.7554345!4d-88.2067465!16s%2Fg%2F1tgkhwm1!19sChIJdz_aSS34DogR_pGM1troTJI?authuser=0&hl=en&rclk=1,auto repair shop,Aurora,city,IL,2026-07-27T15:15:15,0x880ef82d49da3f77:0x924ce8dad68c91fe
JP Auto Repair Inc.,(630) 618-4557,https://jpautorepairaurora.com/,,"403 High St, Aurora, IL 60505, United States",403 High St,Aurora,IL,60505,5.0,28,Auto repair shop,,,https://www.google.com/maps/place/JP+Auto+Repair+Inc./data=!4m7!3m6!1s0x880efbe194cb8027:0xff0cb7ae7c89db3d!8m2!3d41.7634814!4d-88.3021623!16s%2Fg%2F11sf52_yzs!19sChIJJ4DLlOH7DogRPduJfK63DP8?authuser=0&hl=en&rclk=1,auto repair shop,Kendall County,county,IL,2026-07-27T09:51:16,0x880efbe194cb8027:0xff0cb7ae7c89db3d
Manny's Accessories & Repair,,,,"604 N Broadway, Aurora, IL 60505, United States",604 N Broadway,Aurora,IL,60505,4.7,29,Auto repair shop,,,https://www.google.com/maps/place/Manny%27s+Accessories+%26+Repair/data=!4m7!3m6!1s0x880efac1970c3fff:0x1e2619a37280e998!8m2!3d41.7686708!4d-88.3074826!16s%2Fg%2F1tmqmcks!19sChIJ_z8Ml8H6DogRmOmAcqMZJh4?authuser=0&hl=en&rclk=1,auto repair shop,Aurora,city,IL,2026-07-27T15:15:15,0x880efac1970c3fff:0x1e2619a37280e998
Meineke Car Care Center,(630) 618-2794,https://www.meineke.com/locations/il/aurora-201/?utm_source=google&utm_medium=organic&utm_campaign=gbp_website,,"1301 N Lake St, Aurora, IL 60506, United States",1301 N Lake St,Aurora,IL,60506,4.4,430,Auto repair shop,,,https://www.google.com/maps/place/Meineke+Car+Care+Center/data=!4m7!3m6!1s0x880efad42f027b8b:0xed42645bf8659577!8m2!3d41.7854355!4d-88.3190529!16s%2Fg%2F1tdx03wy!19sChIJi3sCL9T6DogRd5Vl-FtkQu0?authuser=0&hl=en&rclk=1,auto repair shop,Aurora,city,IL,2026-07-27T15:15:15,0x880efad42f027b8b:0xed42645bf8659577
Midas,(630) 870-1679,https://www.midas.com/store/il/aurora/4379-fox-valley-center-drive-60504/?shopnum=2212&utm_source=google&utm_medium=organic&utm_campaign=gbp,,"4379 Fox Valley Center Dr, Aurora, IL 60504, United States",4379 Fox Valley Center Dr,Aurora,IL,60504,4.7,484,Auto repair shop,,,https://www.google.com/maps/place/Midas/data=!4m7!3m6!1s0x880ef9cd5fb6e6c1:0x78b2587bae8137f7!8m2!3d41.756695!4d-88.208213!16s%2Fg%2F1tcwx9kg!19sChIJwea2X835DogR9zeBrntYsng?authuser=0&hl=en&rclk=1,auto repair shop,Aurora,city,IL,2026-07-27T15:15:15,0x880ef9cd5fb6e6c1:0x78b2587bae8137f7
PerformanceWerks Auto Clinic Inc,(630) 537-7292,https://www.performancewerks.net/,,"95 Executive Dr, Aurora, IL 60504, United States",95 Executive Dr,Aurora,IL,60504,4.8,427,Auto repair shop,,,https://www.google.com/maps/place/PerformanceWerks+Auto+Clinic+Inc/data=!4m7!3m6!1s0x880ef85d874aed3f:0xa01839f509f4f941!8m2!3d41.7556922!4d-88.2151634!16s%2Fg%2F1vxf_rt5!19sChIJP-1Kh134DogRQfn0CfU5GKA?authuser=0&hl=en&rclk=1,auto repair shop,Kane County,county,IL,2026-07-27T09:36:12,0x880ef85d874aed3f:0xa01839f509f4f941
Robinson's Auto Repair Inc,(630) 906-9200,http://www.robautoil.com/,,"2114 W Galena Blvd, Aurora, IL 60506, United States",2114 W Galena Blvd,Aurora,IL,60506,4.7,170,Auto repair shop,,,https://www.google.com/maps/place/Robinson%27s+Auto+Repair+Inc/data=!4m7!3m6!1s0x880ee59bf68f623d:0x9fb31b302f7f734d!8m2!3d41.7631725!4d-88.3677594!16s%2Fg%2F1wcxdpkc!19sChIJPWKP9pvlDogRTXN_LzAbs58?authuser=0&hl=en&rclk=1,auto repair shop,Kane County,county,IL,2026-07-27T09:36:12,0x880ee59bf68f623d:0x9fb31b302f7f734d
The Car Store Auto Corp,(630) 892-4300,http://www.thecarstoreaurora.com/,,"207 S Lake St, Aurora, IL 60506, United States",207 S Lake St,Aurora,IL,60506,4.4,202,Used car dealer,,,https://www.google.com/maps/place/The+Car+Store+Auto+Corp/data=!4m7!3m6!1s0x880efaad3cc1536f:0xd45d4cd04689c38b!8m2!3d41.7568241!4d-88.3232951!16s%2Fg%2F1tdmqn5z!19sChIJb1PBPK36DogRi8OJRtBMXdQ?authuser=0&hl=en&rclk=1,auto repair shop,Aurora,city,IL,2026-07-27T15:15:15,0x880efaad3cc1536f:0xd45d4cd04689c38b
D J's Tire & Auto Services Inc,(309) 697-1098,,,"5708 S Adams St, Bartonville, IL 61607, United States",5708 S Adams St,Bartonville,IL,61607,4.9,263,Auto repair shop,,,https://www.google.com/maps/place/D+J%27s+Tire+%26+Auto+Services+Inc/data=!4m7!3m6!1s0x880a5f6d230a678d:0xcc7f3b290a9bcc3d!8m2!3d40.6533765!4d-89.6514049!16s%2Fg%2F1tl7p8z1!19sChIJjWcKI21fCogRPcybCik7f8w?authuser=0&hl=en&rclk=1,auto repair shop,Tazewell County,county,IL,2026-07-27T13:48:41,0x880a5f6d230a678d:0xcc7f3b290a9bcc3d
Ollie's Garage Inc,(630) 879-0252,,,"709 Main St, Batavia, IL 60510, United States",709 Main St,Batavia,IL,60510,4.9,129,Auto repair shop,,,https://www.google.com/maps/place/Ollie%27s+Garage+Inc/data=!4m7!3m6!1s0x880efcb5e5e52daf:0xe6083bdd7cc7a9d!8m2!3d41.8471365!4d-88.3195172!16s%2Fg%2F1tm8l55s!19sChIJry3l5bX8DogRnXrM172DYA4?authuser=0&hl=en&rclk=1,auto repair shop,Kane County,county,IL,2026-07-27T09:36:12,0x880efcb5e5e52daf:0xe6083bdd7cc7a9d
Triple C Automotive Inc.- German Car Specialists,(630) 454-4693,http://www.triplecautomotiveinc.com/,,"271 S Randall Rd, Batavia, IL 60510, United States",271 S Randall Rd,Batavia,IL,60510,4.9,63,Auto repair shop,,,https://www.google.com/maps/place/Triple+C+Automotive+Inc.-+German+Car+Specialists/data=!4m7!3m6!1s0x880ee3fdcc900d53:0xefb62b689b6b6cd0!8m2!3d41.845447!4d-88.3407714!16s%2Fg%2F11t509tbr5!19sChIJUw2QzP3jDogR0Gxrm2grtu8?authuser=0&hl=en&rclk=1,auto repair shop,Kane County,county,IL,2026-07-27T09:36:12,0x880ee3fdcc900d53:0xefb62b689b6b6cd0
Fischer Automotive Inc,(217) 323-2886,,,"1300 Wall St, Beardstown, IL 62618, United States",1300 Wall St,Beardstown,IL,62618,4.9,28,Auto repair shop,,,https://www.google.com/maps/place/Fischer+Automotive+Inc/data=!4m7!3m6!1s0x87e077afdb1d46e7:0xed85a5bc6af2fc0b!8m2!3d40.0116058!4d-90.4204641!16s%2Fg%2F1tdbfzr6!19sChIJ50Yd26934IcRC_zyarylhe0?authuser=0&hl=en&rclk=1,auto repair shop,Randolph County,county,IL,2026-07-27T12:53:05,0x87e077afdb1d46e7:0xed85a5bc6af2fc0b
Belleville Auto Body Inc,(618) 233-0387,http://belleville-inc.poi.place/,,"701 W C St, Belleville, IL 62220, United States",701 W C St,Belleville,IL,62220,4.8,85,Auto body shop,,,https://www.google.com/maps/place/Belleville+Auto+Body+Inc/data=!4m7!3m6!1s0x88760284d78ecff1:0x69d34d3f5716e01c!8m2!3d38.517157!4d-89.993103!16s%2Fg%2F1vnrls78!19sChIJ8c-O14QCdogRHOAWVz9N02k?authuser=0&hl=en&rclk=1,auto repair shop,Monroe County,county,IL,2026-07-27T11:52:47,0x88760284d78ecff1:0x69d34d3f5716e01c
Campbell's Automotive Inc,(618) 277-5881,,,"911 S Belt W, Belleville, IL 62220, United States",911 S Belt W,Belleville,IL,62220,4.7,74,Auto repair shop,,,https://www.google.com/maps/place/Campbell%27s+Automotive+Inc/data=!4m7!3m6!1s0x87d8a8205c4a40e5:0xbb7e1b034f9e6cbe!8m2!3d38.5080046!4d-90.0010407!16s%2Fg%2F1tf9tcb4!19sChIJ5UBKXCCo2IcRvmyeTwMbfrs?authuser=0&hl=en&rclk=1,auto repair shop,St. Clair County,county,IL,2026-07-27T13:13:53,0x87d8a8205c4a40e5:0xbb7e1b034f9e6cbe
"Dave Schmidt Truck Service, Inc.",(618) 233-1470,http://daveschmidttruck.com/,,"1 Amann Ct, Belleville, IL 62220, United States",1 Amann Ct,Belleville,IL,62220,4.7,52,Truck repair shop,,,"https://www.google.com/maps/place/Dave+Schmidt+Truck+Service,+Inc./data=!4m7!3m6!1s0x88760346ed948733:0x704979ed94d963a5!8m2!3d38.4991091!4d-89.9403383!16s%2Fg%2F1tlbk9z2!19sChIJM4eU7UYDdogRpWPZlO15SXA?authuser=0&hl=en&rclk=1",auto repair shop,St. Clair County,county,IL,2026-07-27T13:13:53,0x88760346ed948733:0x704979ed94d963a5
Firestone Complete Auto Care,(618) 464-3350,https://www.firestonecompleteautocare.com/illinois/belleville/232-w-main-st/?utm_source=google&utm_medium=organic&utm_campaign=localmaps&cmp=oloc_google_localmaps_maps,,"232 W Main St, Belleville, IL 62220, United States",232 W Main St,Belleville,IL,62220,4.3,283,Tire shop,,,https://www.google.com/maps/place/Firestone+Complete+Auto+Care/data=!4m7!3m6!1s0x8876029104f4f981:0xc543d202c743bc86!8m2!3d38.5135011!4d-89.9879981!16s%2Fg%2F1vhkl93t!19sChIJgfn0BJECdogRhrxDxwLSQ8U?authuser=0&hl=en&rclk=1,auto repair shop,St. Clair County,county,IL,2026-07-27T13:13:53,0x8876029104f4f981:0xc543d202c743bc86
Hotz Automotive Service,,,,"420 S Illinois St, Belleville, IL 62220, United States",420 S Illinois St,Belleville,IL,62220,,,Auto repair shop,,,https://www.google.com/maps/place/Hotz+Automotive+Service/data=!4m7!3m6!1s0x8876029456120a7f:0xca0f199c11860514!8m2!3d38.5090104!4d-89.9837355!16s%2Fg%2F11hy9nn_b8!19sChIJfwoSVpQCdogRFAWGEZwZD8o?authuser=0&hl=en&rclk=1,auto repair shop,St. Clair County,county,IL,2026-07-27T13:13:53,0x8876029456120a7f:0xca0f199c11860514
J & R Car And Truck Repair Inc,(618) 416-6633,https://jandrcarandtruck.com/,,"1700 N Belt W, Belleville, IL 62226, United States",1700 N Belt W,Belleville,IL,62226,4.6,65,Auto body shop,,,https://www.google.com/maps/place/J+%26+R+Car+And+Truck+Repair+Inc/data=!4m7!3m6!1s0x87d8a9d8e1a22a75:0x3dc84a785b6c16be!8m2!3d38.5411987!4d-90.0023107!16s%2Fg%2F1tr7jy33!19sChIJdSqi4dip2IcRvhZsW3hKyD0?authuser=0&hl=en&rclk=1,auto repair shop,St. Clair County,county,IL,2026-07-27T13:13:53,0x87d8a9d8e1a22a75:0x3dc84a785b6c16be
Jiffy Lube Oil Change,(618) 235-1923,https://www.jiffylube.com/locations/il/belleville/1172,,"5730 N Belt W, Belleville, IL 62226, United States",5730 N Belt W,Belleville,IL,62226,4.7,746,Oil change service,,,https://www.google.com/maps/place/Jiffy+Lube+Oil+Change/data=!4m7!3m6!1s0x87d8a9a73d1719c1:0x95a1eff5285c9e4b!8m2!3d38.541408!4d-90.0355882!16s%2Fg%2F1tcty2hy!19sChIJwRkXPaep2IcRS55cKPXvoZU?authuser=0&hl=en&rclk=1,auto repair shop,St. Clair County,county,IL,2026-07-27T13:13:53,0x87d8a9a73d1719c1:0x95a1eff5285c9e4b
Meineke Car Care Center,(618) 509-5541,https://www.meineke.com/locations/il/belleville-310/?utm_source=google&utm_medium=organic&utm_campaign=gbp_website,,"2307 Old Collinsville Rd, Belleville, IL 62221, United States",2307 Old Collinsville Rd,Belleville,IL,62221,4.7,844,Auto repair shop,,,https://www.google.com/maps/place/Meineke+Car+Care+Center/data=!4m7!3m6!1s0x887603ac48e95359:0x7e10f2f8bf02aa65!8m2!3d38.534357!4d-89.9595573!16s%2Fg%2F1v_z51_x!19sChIJWVPpSKwDdogRZaoCv_jyEH4?authuser=0&hl=en&rclk=1,auto repair shop,St. Clair County,county,IL,2026-07-27T13:13:53,0x887603ac48e95359:0x7e10f2f8bf02aa65
Meineke Car Care Center,(618) 207-3176,https://www.meineke.com/locations/il/belleville-1856/?utm_source=google&utm_medium=organic&utm_campaign=gbp_website,,"3608 N Belt W, Belleville, IL 62226, United States",3608 N Belt W,Belleville,IL,62226,4.2,584,Auto repair shop,,,https://www.google.com/maps/place/Meineke+Car+Care+Center/data=!4m7!3m6!1s0x87d8a9c4cf245c03:0x294ea33d89238dc9!8m2!3d38.540997!4d-90.009769!16s%2Fg%2F1tc_rk6x!19sChIJA1wkz8Sp2IcRyY0jiT2jTik?authuser=0&hl=en&rclk=1,auto repair shop,St. Clair County,county,IL,2026-07-27T13:13:53,0x87d8a9c4cf245c03:0x294ea33d89238dc9
Spartan auto repair,,,,"4501 N Belt W, Belleville, IL 62226, United States",4501 N Belt W,Belleville,IL,62226,5.0,3,Car repair and maintenance service,,,https://www.google.com/maps/place/Spartan+auto+repair/data=!4m7!3m6!1s0x87d8a9b9245b8fe5:0xb48469b7e7173d67!8m2!3d38.5419038!4d-90.0214073!16s%2Fg%2F11gmxbfm2l!19sChIJ5Y9bJLmp2IcRZz0X57dphLQ?authuser=0&hl=en&rclk=1,auto repair shop,St. Clair County,county,IL,2026-07-27T13:13:53,0x87d8a9b9245b8fe5:0xb48469b7e7173d67
Stein Automotive Inc,(618) 233-8786,http://www.steinautomotiveinc.com/,,"1215 W Main St, Belleville, IL 62220, United States",1215 W Main St,Belleville,IL,62220,4.6,102,Auto repair shop,,,https://www.google.com/maps/place/Stein+Automotive+Inc/data=!4m7!3m6!1s0x8876029d34238b59:0xfb881397d9247b33!8m2!3d38.5162636!4d-89.9985943!16s%2Fg%2F1tdmfmyl!19sChIJWYsjNJ0CdogRM3sk2ZcTiPs?authuser=0&hl=en&rclk=1,auto repair shop,Monroe County,county,IL,2026-07-27T11:52:47,0x8876029d34238b59:0xfb881397d9247b33
Stock's Underhood Specialists Inc.,(618) 233-6119,https://goseemymechanic.com/,,"321 Centreville Ave, Belleville, IL 62220, United States",321 Centreville Ave,Belleville,IL,62220,4.9,66,Auto repair shop,,,https://www.google.com/maps/place/Stock%27s+Underhood+Specialists+Inc./data=!4m7!3m6!1s0x887602997409313d:0xfb3a72f5ad366d76!8m2!3d38.510229!4d-89.99328!16s%2Fg%2F1tf03732!19sChIJPTEJdJkCdogRdm02rfVyOvs?authuser=0&hl=en&rclk=1,auto repair shop,St. Clair County,county,IL,2026-07-27T13:13:53,0x887602997409313d:0xfb3a72f5ad366d76
"Wayne's Transmission Service, Inc",(618) 233-0012,https://waynestransmissioninc.com/,,"935 S Belt W, Belleville, IL 62220, United States",935 S Belt W,Belleville,IL,62220,4.8,43,Transmission shop,,,"https://www.google.com/maps/place/Wayne%27s+Transmission+Service,+Inc/data=!4m7!3m6!1s0x87d8a820e1f06c25:0xd972e24e1b70b2d4!8m2!3d38.5097243!4d-90.0025902!16s%2Fg%2F1vc_qxbl!19sChIJJWzw4SCo2IcR1LJwG07ictk?authuser=0&hl=en&rclk=1",auto repair shop,St. Clair County,county,IL,2026-07-27T13:13:53,0x87d8a820e1f06c25:0xd972e24e1b70b2d4
"Alex's Auto Mechanic, Inc",(815) 547-5995,http://alexsautomechanic.com/,,"1115 Logan Ave, Belvidere, IL 61008, United States",1115 Logan Ave,Belvidere,IL,61008,4.5,108,Auto repair shop,,,"https://www.google.com/maps/place/Alex%27s+Auto+Mechanic,+Inc/data=!4m7!3m6!1s0x8808b44bf6861107:0x1bd01ea9e76d8c59!8m2!3d42.2525745!4d-88.8253888!16s%2Fg%2F11c3nzmh4t!19sChIJBxGG9ku0CIgRWYxt56ke0Bs?authuser=0&hl=en&rclk=1",auto repair shop,Boone County,county,IL,2026-07-24T15:06:06,0x8808b44bf6861107:0x1bd01ea9e76d8c59
Bc Truck Services Inc,(815) 847-0978,https://bctruckservices.com/,,"6853 Indy Dr #2, Belvidere, IL 61008, United States",6853 Indy Dr #2,Belvidere,IL,61008,5.0,52,Truck repair shop,,,https://www.google.com/maps/place/Bc+Truck+Services+Inc/data=!4m7!3m6!1s0x8808b7b59bc187f9:0xe873fb6a40f2aa88!8m2!3d42.2480809!4d-88.897161!16s%2Fg%2F11clwmzm03!19sChIJ-YfBm7W3CIgRiKryQGr7c-g?authuser=0&hl=en&rclk=1,auto repair shop,Boone County,county,IL,2026-07-24T13:37:46,0x8808b7b59bc187f9:0xe873fb6a40f2aa88
"Bodylines, Inc",(815) 231-3478,https://www.bodylinesinc.com/,,"3680 Newburg Rd, Belvidere, IL 61008, United States",3680 Newburg Rd,Belvidere,IL,61008,4.8,52,Auto body shop,,,"https://www.google.com/maps/place/Bodylines,+Inc/data=!4m7!3m6!1s0x8808b7686de98a19:0x8e4a18fb204e6b15!8m2!3d42.2540882!4d-88.884865!16s%2Fg%2F1tdvkrp9!19sChIJGYrpbWi3CIgRFWtOIPsYSo4?authuser=0&hl=en&rclk=1",auto repair shop,Boone County,county,IL,2026-07-17T16:32:37,0x8808b7686de98a19:0x8e4a18fb204e6b15
Boone County Auto Body Incorporated,(815) 547-7575,http://autobodyil.com/,,"516 Whitney Blvd, Belvidere, IL 61008, United States",516 Whitney Blvd,Belvidere,IL,61008,4.7,82,Auto body shop,,,https://www.google.com/maps/place/Boone+County+Auto+Body+Incorporated/data=!4m7!3m6!1s0x8808b5bb75f0c32f:0x3f2e1fe5445e19e8!8m2!3d42.2560504!4d-88.837959!16s%2Fg%2F1vy7h4gt!19sChIJL8Pwdbu1CIgR6BleROUfLj8?authuser=0&hl=en&rclk=1,auto repair shop,Boone County,county,IL,2026-07-24T15:06:06,0x8808b5bb75f0c32f:0x3f2e1fe5445e19e8
"Boone County Transmissions, Inc.",(815) 547-7100,https://boonecountytransmissions.com/,,"1352 Fairgrounds Rd, Belvidere, IL 61008, United States",1352 Fairgrounds Rd,Belvidere,IL,61008,4.8,60,Auto repair shop,,,"https://www.google.com/maps/place/Boone+County+Transmissions,+Inc./data=!4m7!3m6!1s0x8808b6927392527d:0x1afd93963da6e689!8m2!3d42.2698537!4d-88.8521308!16s%2Fg%2F1tcylm8q!19sChIJfVKSc5K2CIgRieamPZaT_Ro?authuser=0&hl=en&rclk=1",auto repair shop,Boone County,county,IL,2026-07-24T15:06:06,0x8808b6927392527d:0x1afd93963da6e689
EJR Technologies inc,(815) 323-5170,https://www.ejr-technologies.com/,,"740 W Locust St, Belvidere, IL 61008, United States",740 W Locust St,Belvidere,IL,61008,4.7,126,ATV repair shop,,,https://www.google.com/maps/place/EJR+Technologies+inc/data=!4m7!3m6!1s0x8808b51950312119:0xe61d5669794b4d1a!8m2!3d42.2531885!4d-88.8504051!16s%2Fg%2F11f6593ycs!19sChIJGSExUBm1CIgRGk1LeWlWHeY?authuser=0&hl=en&rclk=1,auto repair shop,Boone County,county,IL,2026-07-24T13:37:46,0x8808b51950312119:0xe61d5669794b4d1a
Vanguard custom wooding auto,,,,"1626 Industrial Ct, Belvidere, IL 61008, United States",1626 Industrial Ct,Belvidere,IL,61008,,,Auto repair shop,,,https://www.google.com/maps/place/Vanguard+custom+wooding+auto/data=!4m7!3m6!1s0x8808b70043e5b7d1:0x52e70d37c2f0ec3f!8m2!3d42.2432764!4d-88.8874324!16s%2Fg%2F11ys20b6sh!19sChIJ0bflQwC3CIgRP-zwwjcN51I?authuser=0&hl=en&rclk=1,auto repair shop,Boone County,county,IL,2026-07-24T13:37:46,0x8808b70043e5b7d1:0x52e70d37c2f0ec3f
Motor Medix Inc,(618) 663-7978,http://motormedixinc.net/,,"6655 E Bethel Rd, Benton, IL 62812, United States",6655 E Bethel Rd,Benton,IL,62812,4.8,18,Auto repair shop,,,https://www.google.com/maps/place/Motor+Medix+Inc/data=!4m7!3m6!1s0x887727bc4a7cc547:0x6966e80fa575ebb7!8m2!3d37.9593544!4d-88.9578704!16s%2Fg%2F11fpgdkm4n!19sChIJR8V8Srwnd4gRt-t1pQ_oZmk?authuser=0&hl=en&rclk=1,auto repair shop,Franklin County,county,IL,2026-07-24T16:10:04,0x887727bc4a7cc547:0x6966e80fa575ebb7
United discount tire & mechanic,(618) 889-3787,,,"14209 IL-34, Benton, IL 62812, United States",14209 IL-34,Benton,IL,62812,4.6,13,Tire shop,,,https://www.google.com/maps/place/United+discount+tire+%26+mechanic/data=!4m7!3m6!1s0x8876d780f759c005:0xb2d9e17dcd075c6f!8m2!3d37.9940314!4d-88.8922513!16s%2Fg%2F11ng6j4668!19sChIJBcBZ94DXdogRb1wHzX3h2bI?authuser=0&hl=en&rclk=1,auto repair shop,Franklin County,county,IL,2026-07-24T16:10:04,0x8876d780f759c005:0xb2d9e17dcd075c6f
Valvoline Express Care,(618) 435-5823,https://locations.expresscare.com/il/benton/0000650879/?utm_source=Google&utm_medium=Maps&utm_campaign=Google+Places,,"1510 N Main St, Benton, IL 62812, United States",1510 N Main St,Benton,IL,62812,4.4,96,Oil change service,,,https://www.google.com/maps/place/Valvoline+Express+Care/data=!4m7!3m6!1s0x8876d7a1b19f3da9:0x90821d98e75fe88c!8m2!3d38.0130242!4d-88.9201691!16s%2Fg%2F1tfzbyqs!19sChIJqT2fsaHXdogRjOhf55gdgpA?authuser=0&hl=en&rclk=1,auto repair shop,Franklin County,county,IL,2026-07-20T06:42:22,0x8876d7a1b19f3da9:0x90821d98e75fe88c
AAMCO Transmissions & Total Car Care,(309) 828-3337,http://www.aamcobloomingtonil.com/?utm_source=G&utm_medium=local&utm_campaign=google-local,,"321 S Main St, Bloomington, IL 61701, United States",321 S Main St,Bloomington,IL,61701,4.2,71,Transmission shop,,,https://www.google.com/maps/place/AAMCO+Transmissions+%26+Total+Car+Care/data=!4m7!3m6!1s0x880b71db64f7f213:0x94733f801439a9cf!8m2!3d40.476197!4d-88.993645!16s%2Fg%2F1tgwbh2j!19sChIJE_L3ZNtxC4gRz6k5FIA_c5Q?authuser=0&hl=en&rclk=1,auto repair shop,McLean County,county,IL,2026-07-27T10:56:03,0x880b71db64f7f213:0x94733f801439a9cf
"All Fleet Repairs, Inc.",(309) 827-7999,http://www.allfleetrepairs.com/,,"903 Martin Luther King Jr Dr, Bloomington, IL 61701, United States",903 Martin Luther King Jr Dr,Bloomington,IL,61701,4.5,26,Auto repair shop,,,"https://www.google.com/maps/place/All+Fleet+Repairs,+Inc./data=!4m7!3m6!1s0x880b72271d26855d:0x6792939523f158d1!8m2!3d40.4891533!4d-89.0219837!16s%2Fg%2F11b6z_zl9j!19sChIJXYUmHSdyC4gR0VjxI5WTkmc?authuser=0&hl=en&rclk=1",auto repair shop,McLean County,county,IL,2026-07-27T10:56:03,0x880b72271d26855d:0x6792939523f158d1
"Bloomington Collision Repair, Inc.",(309) 838-7061,https://www.bloomingtoncollision.com/,,"1 Audie Murphy Dr, Bloomington, IL 61704, United States",1 Audie Murphy Dr,Bloomington,IL,61704,5.0,61,Auto body shop,,,"https://www.google.com/maps/place/Bloomington+Collision+Repair,+Inc./data=!4m7!3m6!1s0x880b7b2dea9c2417:0x3ea18eccd69d5f5d!8m2!3d40.4895091!4d-88.9350662!16s%2Fg%2F11ffgv3v43!19sChIJFySc6i17C4gRXV-d1syOoT4?authuser=0&hl=en&rclk=1",auto repair shop,McLean County,county,IL,2026-07-27T10:56:03,0x880b7b2dea9c2417:0x3ea18eccd69d5f5d
Bob Zook Auto Body Inc,(309) 828-9741,https://bobzookauto.com/,,"411 Detroit Dr, Bloomington, IL 61704, United States",411 Detroit Dr,Bloomington,IL,61704,4.8,75,Auto body shop,,,https://www.google.com/maps/place/Bob+Zook+Auto+Body+Inc/data=!4m7!3m6!1s0x880b6e28f590c3f3:0xad0ef205f06dfe8d!8m2!3d40.4708513!4d-88.9040365!16s%2Fg%2F1ydpvb05f!19sChIJ88OQ9ShuC4gRjf5t8AXyDq0?authuser=0&hl=en&rclk=1,auto repair shop,McLean County,county,IL,2026-07-27T10:56:03,0x880b6e28f590c3f3:0xad0ef205f06dfe8d
J&D Auto body Inc,(309) 262-8182,https://www.facebook.com/jdautobody/,,"901 W Washington St, Bloomington, IL 61701, United States",901 W Washington St,Bloomington,IL,61701,4.6,45,Auto body shop,,,https://www.google.com/maps/place/J%26D+Auto+body+Inc/data=!4m7!3m6!1s0x880b7127452b1287:0x4983d27855de280f!8m2!3d40.4796835!4d-89.0049895!16s%2Fg%2F11j003j7tw!19sChIJhxIrRSdxC4gRDyjeVXjSg0k?authuser=0&hl=en&rclk=1,auto repair shop,McLean County,county,IL,2026-07-27T10:56:03,0x880b7127452b1287:0x4983d27855de280f
Kurt's Autobody Repair Shop Inc,(309) 662-5823,http://www.kurtsautobody.com/,,"2025 Ireland Grove Rd, Bloomington, IL 61704, United States",2025 Ireland Grove Rd,Bloomington,IL,61704,4.8,80,Auto body shop,,,https://www.google.com/maps/place/Kurt%27s+Autobody+Repair+Shop+Inc/data=!4m7!3m6!1s0x880b6fdb1713310d:0xe7bff22337543b67!8m2!3d40.4592013!4d-88.9670823!16s%2Fg%2F1vhkl3j0!19sChIJDTETF9tvC4gRZztUNyPyv-c?authuser=0&hl=en&rclk=1,auto repair shop,McLean County,county,IL,2026-07-27T10:56:03,0x880b6fdb1713310d:0xe7bff22337543b67
Midas,(309) 319-6968,https://www.midas.com/store/il/bloomington/905-i-a-a-drive-61701/?shopnum=2477&utm_source=google&utm_medium=organic&utm_campaign=gbp,,"905 IAA Dr, Bloomington, IL 61701, United States",905 IAA Dr,Bloomington,IL,61701,4.5,358,Auto repair shop,,,https://www.google.com/maps/place/Midas/data=!4m7!3m6!1s0x880b6e254764c0b9:0xdd976415ebb0abc2!8m2!3d40.5021286!4d-88.9538805!16s%2Fg%2F1tpn3466!19sChIJucBkRyVuC4gRwquw6xVkl90?authuser=0&hl=en&rclk=1,auto repair shop,McLean County,county,IL,2026-07-27T10:56:03,0x880b6e254764c0b9:0xdd976415ebb0abc2
Pro Tire And Automotive Services Inc,(309) 662-1555,https://protireandautomotiveservicesincil.hibuwebsites.com/,,"1607 Clearwater Ave, Bloomington, IL 61704, United States",1607 Clearwater Ave,Bloomington,IL,61704,4.6,151,Tire shop,,,https://www.google.com/maps/place/Pro+Tire+And+Automotive+Services+Inc/data=!4m7!3m6!1s0x880b706f98300ad3:0xb1ec163278b25cb0!8m2!3d40.4961266!4d-88.9510374!16s%2Fg%2F1tg5_6h8!19sChIJ0wowmG9wC4gRsFyyeDIW7LE?authuser=0&hl=en&rclk=1,auto repair shop,McLean County,county,IL,2026-07-27T10:56:03,0x880b706f98300ad3:0xb1ec163278b25cb0
R & R Certified Automotive Inc.,(309) 828-7887,http://rrcertifiedautos.com/,,"911 W Washington St, Bloomington, IL 61701, United States",911 W Washington St,Bloomington,IL,61701,4.3,126,Auto repair shop,,,https://www.google.com/maps/place/R+%26+R+Certified+Automotive+Inc./data=!4m7!3m6!1s0x880b71ef09e06735:0xd7465c55066ad0f4!8m2!3d40.4794503!4d-89.0059936!16s%2Fg%2F1td18f55!19sChIJNWfgCe9xC4gR9NBqBlVcRtc?authuser=0&hl=en&rclk=1,auto repair shop,McLean County,county,IL,2026-07-27T10:56:03,0x880b71ef09e06735:0xd7465c55066ad0f4
S&S Paint & Body Inc.,(309) 662-5241,https://technicraftgroup.com/our-shops/ss-paint-body/,,"2051 Ireland Grove Rd, Bloomington, IL 61704, United States",2051 Ireland Grove Rd,Bloomington,IL,61704,4.9,576,Auto body shop,,,https://www.google.com/maps/place/S%26S+Paint+%26+Body+Inc./data=!4m7!3m6!1s0x880b6fdc843cbb8d:0x7087ece95510390e!8m2!3d40.4590542!4d-88.9628273!16s%2Fg%2F1v44fk4k!19sChIJjbs8hNxvC4gRDjkQVensh3A?authuser=0&hl=en&rclk=1,auto repair shop,McLean County,county,IL,2026-07-27T10:56:03,0x880b6fdc843cbb8d:0x7087ece95510390e
NAPA Auto Parts - Bluffs Auto Parts,(217) 754-3513,https://www.napaonline.com/en/IL/Bluffs/store/20717?cid=pl_jobber_google_dac_20717_ao,,"205 Bluffs St, Bluffs, IL 62621, United States",205 Bluffs St,Bluffs,IL,62621,4.2,12,Auto parts store,,,https://www.google.com/maps/place/NAPA+Auto+Parts+-+Bluffs+Auto+Parts/data=!4m7!3m6!1s0x87dfcc182802d68d:0x489e9ad42a50cc47!8m2!3d39.749194!4d-90.535032!16s%2Fg%2F1tdvf3k0!19sChIJjdYCKBjM34cRR8xQKtSankg?authuser=0&hl=en&rclk=1,auto repair shop,Scott County,county,IL,2026-07-27T13:31:14,0x87dfcc182802d68d:0x489e9ad42a50cc47
Meineke Car Care Center,(815) 216-5845,https://www.meineke.com/locations/il/bourbonnais-884/?utm_source=google&utm_medium=organic&utm_campaign=gbp_website,,"594 William R Latham Senior Dr, Bourbonnais, IL 60914, United States",594 William R Latham Senior Dr,Bourbonnais,IL,60914,4.8,741,Auto repair shop,,,https://www.google.com/maps/place/Meineke+Car+Care+Center/data=!4m7!3m6!1s0x880dddc044fd7823:0x9c0ebf886957349a!8m2!3d41.162199!4d-87.876659!16s%2Fg%2F1tgj9dj1!19sChIJI3j9RMDdDYgRmjRXaYi_Dpw?authuser=0&hl=en&rclk=1,auto repair shop,Iroquois County,county,IL,2026-07-27T08:45:10,0x880dddc044fd7823:0x9c0ebf886957349a
Midas,(815) 216-9338,https://www.midas.com/store/il/bourbonnais/1625-n-state-route-50-60914/?shopnum=2687&utm_source=google&utm_medium=organic&utm_campaign=gbp,,"1625 IL-50, Bourbonnais, IL 60914, United States",1625 IL-50,Bourbonnais,IL,60914,4.5,207,Auto repair shop,,,https://www.google.com/maps/place/Midas/data=!4m7!3m6!1s0x880de7568ebbdcf9:0x9e982dcdcbe5e488!8m2!3d41.1746907!4d-87.8521281!16s%2Fg%2F1thvt8hh!19sChIJ-dy7jlbnDYgRiOTly80tmJ4?authuser=0&hl=en&rclk=1,auto repair shop,Iroquois County,county,IL,2026-07-27T08:45:10,0x880de7568ebbdcf9:0x9e982dcdcbe5e488
Goodyear Auto Service,(815) 933-1122,https://www.goodyear.com/en-us/goodyearautoservice,,"148 S Kennedy Dr, Bradley, IL 60915, United States",148 S Kennedy Dr,Bradley,IL,60915,4.6,232,Tire shop,,,https://www.google.com/maps/place/Goodyear+Auto+Service/data=!4m7!3m6!1s0x880ddda1b4ceb28b:0xf6ca562102aa3087!8m2!3d41.1427775!4d-87.8758293!16s%2Fg%2F1vxvjfjz!19sChIJi7LOtKHdDYgRhzCqAiFWyvY?authuser=0&hl=en&rclk=1,auto repair shop,Iroquois County,county,IL,2026-07-27T08:45:10,0x880ddda1b4ceb28b:0xf6ca562102aa3087
"Spartan Auto Glass, Inc.",(815) 401-5068,https://spartanautoglass.com/,,"220 N Kinzie Ave, Bradley, IL 60915, United States",220 N Kinzie Ave,Bradley,IL,60915,4.7,59,Auto glass shop,,,"https://www.google.com/maps/place/Spartan+Auto+Glass,+Inc./data=!4m7!3m6!1s0x880de73be6ff02bf:0x830425fe318c7ca6!8m2!3d41.1465243!4d-87.8505738!16s%2Fg%2F11ftwg0545!19sChIJvwL_5jvnDYgRpnyMMf4lBIM?authuser=0&hl=en&rclk=1",auto repair shop,Kankakee County,county,IL,2026-07-27T09:44:53,0x880de73be6ff02bf:0x830425fe318c7ca6
Rob's car hold n repair,,,,"363 N Walker St, Braidwood, IL 60408, United States",363 N Walker St,Braidwood,IL,60408,,,Mechanic,,,https://www.google.com/maps/place/Rob%27s+car+hold+n+repair/data=!4m7!3m6!1s0x880e8111834b229f:0x626735c19df2ae81!8m2!3d41.2701135!4d-88.2242495!16s%2Fg%2F11y_x730b7!19sChIJnyJLgxGBDogRga7yncE1Z2I?authuser=0&hl=en&rclk=1,auto repair shop,Grundy County,county,IL,2026-07-20T07:12:58,0x880e8111834b229f:0x626735c19df2ae81
Frailey's Diesel Repair Inc.,(618) 283-9007,http://fraileysrepair.com/,,"1270 US-40, Brownstown, IL 62418, United States",1270 US-40,Brownstown,IL,62418,4.8,28,Truck repair shop,,,https://www.google.com/maps/place/Frailey%27s+Diesel+Repair+Inc./data=!4m7!3m6!1s0x887413a38b9f774d:0x30544817611af4d6!8m2!3d38.9722169!4d-89.0166778!16s%2Fg%2F11rfs0hqn4!19sChIJTXefi6MTdIgR1vQaYRdIVDA?authuser=0&hl=en&rclk=1,auto repair shop,Fayette County,county,IL,2026-07-24T15:57:25,0x887413a38b9f774d:0x30544817611af4d6
Moulton’s Repair Inc.,(217) 500-0342,https://moultonrep-owbnafcm.manus.space/,,"1327 US-40, Brownstown, IL 62418, United States",1327 US-40,Brownstown,IL,62418,4.5,8,Truck repair shop,,,https://www.google.com/maps/place/Moulton%E2%80%99s+Repair+Inc./data=!4m7!3m6!1s0x88741320233ac747:0x43a5f1baf9727255!8m2!3d38.9725206!4d-89.0064565!16s%2Fg%2F11n9s9wbnh!19sChIJR8c6IyATdIgRVXJy-brxpUM?authuser=0&hl=en&rclk=1,auto repair shop,Fayette County,county,IL,2026-07-24T15:57:25,0x88741320233ac747:0x43a5f1baf9727255
CAT HOUSE,,,,"1878 390th Ave, Bryant, IA 52727, United States",1878 390th Ave,Bryant,IA,52727,,,Truck repair shop,,,https://www.google.com/maps/place/CAT+HOUSE/data=!4m7!3m6!1s0x87e25f87fb7e3ba7:0xae1a56a972333333!8m2!3d41.9055528!4d-90.3351679!16s%2Fg%2F11tms_k3lw!19sChIJpzt--4df4ocRMzMzcqlWGq4?authuser=0&hl=en&rclk=1,auto repair shop,Carroll County,county,IL,2026-07-17T17:07:34,0x87e25f87fb7e3ba7:0xae1a56a972333333
Meineke Car Care Center,(319) 576-0157,https://www.meineke.com/locations/ia/burlington-2011/?utm_source=google&utm_medium=organic&utm_campaign=gbp_website,,"410 N Roosevelt Ave, Burlington, IA 52601, United States",410 N Roosevelt Ave,Burlington,IA,52601,4.8,811,Auto repair shop,,,https://www.google.com/maps/place/Meineke+Car+Care+Center/data=!4m7!3m6!1s0x87e13223c3eeb4cb:0x37d710c4aa1a195f!8m2!3d40.815209!4d-91.140803!16s%2Fg%2F1w4564pw!19sChIJy7TuwyMy4YcRXxkaqsQQ1zc?authuser=0&hl=en&rclk=1,auto repair shop,Hancock County,county,IL,2026-07-27T08:20:46,0x87e13223c3eeb4cb:0x37d710c4aa1a195f
Bushnell Truck Repair & Towing Inc,(309) 772-2699,http://bushnelltruckrepair.com/,,"103 Industrial Park Rd, Bushnell, IL 61422, United States",103 Industrial Park Rd,Bushnell,IL,61422,4.7,23,Truck repair shop,,,https://www.google.com/maps/place/Bushnell+Truck+Repair+%26+Towing+Inc/data=!4m7!3m6!1s0x87e05159da8edf27:0xfaf94e05826adbcc!8m2!3d40.548533!4d-90.5171249!16s%2Fg%2F1tj89zsx!19sChIJJ9-O2llR4IcRzNtqggVO-fo?authuser=0&hl=en&rclk=1,auto repair shop,Fulton County,county,IL,2026-07-24T16:17:18,0x87e05159da8edf27:0xfaf94e05826adbcc
"Byron Autobody, Inc.",(815) 234-2828,https://byronautobodyinc.com/,,"399 Enterprise Dr, Byron, IL 61010, United States",399 Enterprise Dr,Byron,IL,61010,5.0,68,Auto body shop,,,"https://www.google.com/maps/place/Byron+Autobody,+Inc./data=!4m7!3m6!1s0x8808f1dacf8e462b:0xef397acfed44a1e6!8m2!3d42.130601!4d-89.260469!16s%2Fg%2F1tf6msnk!19sChIJK0aOz9rxCIgR5qFE7c96Oe8?authuser=0&hl=en&rclk=1",auto repair shop,Ogle County,county,IL,2026-07-27T12:12:14,0x8808f1dacf8e462b:0xef397acfed44a1e6
D & W Garage Inc,(815) 234-2171,,,"1503 Kysor Dr, Byron, IL 61010, United States",1503 Kysor Dr,Byron,IL,61010,4.3,32,Car repair and maintenance service,,,https://www.google.com/maps/place/D+%26+W+Garage+Inc/data=!4m7!3m6!1s0x8808ee24cec1b6d7:0xdfd93c6fa6038a83!8m2!3d42.1287785!4d-89.2378598!16s%2Fg%2F1tfctt4l!19sChIJ17bBziTuCIgRg4oDpm882d8?authuser=0&hl=en&rclk=1,auto repair shop,Ogle County,county,IL,2026-07-27T12:12:14,0x8808ee24cec1b6d7:0xdfd93c6fa6038a83
"3C’s Auto Motive, INC",(217) 832-2706,http://threecsautomotive.com/,,"951 IL-130, Camargo, IL 61919, United States",951 IL-130,Camargo,IL,61919,4.1,73,Car repair and maintenance service,,,"https://www.google.com/maps/place/3C%E2%80%99s+Auto+Motive,+INC/data=!4m7!3m6!1s0x8872d80558d66443:0xc10c9a0c1fb85a7d!8m2!3d39.7924287!4d-88.1593321!16s%2Fg%2F11f08c04ht!19sChIJQ2TWWAXYcogRfVq4HwyaDME?authuser=0&hl=en&rclk=1",auto repair shop,Moultrie County,county,IL,2026-07-27T12:08:02,0x8872d80558d66443:0xc10c9a0c1fb85a7d
J&W Auto Inc,(618) 426-3911,,,"15824 State Rte 4, Campbell Hill, IL 62916, United States",15824 State Rte 4,Campbell Hill,IL,62916,4.9,18,Auto repair shop,,,https://www.google.com/maps/place/J%26W+Auto+Inc/data=!4m7!3m6!1s0x8877b27dc54bdd45:0xae2a41f1ea90791a!8m2!3d37.9333319!4d-89.5550851!16s%2Fg%2F1q627www_!19sChIJRd1LxX2yd4gRGnmQ6vFBKq4?authuser=0&hl=en&rclk=1,auto repair shop,Perry County,county,IL,2026-07-27T12:26:36,0x8877b27dc54bdd45:0xae2a41f1ea90791a
K C Sales Inc,(309) 647-8040,,,"630 E Linn St, Canton, IL 61520, United States",630 E Linn St,Canton,IL,61520,4.6,55,Tire shop,,,https://www.google.com/maps/place/K+C+Sales+Inc/data=!4m7!3m6!1s0x87e0298f019cdf0b:0xd1c76d65531cf69f!8m2!3d40.5456909!4d-90.0257266!16s%2Fg%2F1vfzfqkg!19sChIJC9-cAY8p4IcRn_YcU2Vtx9E?authuser=0&hl=en&rclk=1,auto repair shop,Cass County,county,IL,2026-07-17T17:14:53,0x87e0298f019cdf0b:0xd1c76d65531cf69f
Orwig Auto Body Inc.,(309) 647-0909,https://www.carwise.com/auto-body-shops/orwig-auto-body-inc-canton-il-61520/474711,,"1098 W Locust St, Canton, IL 61520, United States",1098 W Locust St,Canton,IL,61520,4.7,53,Auto body shop,,,https://www.google.com/maps/place/Orwig+Auto+Body+Inc./data=!4m7!3m6!1s0x87e02be69cd7d8f7:0xcaa20107066b6060!8m2!3d40.5595998!4d-90.0647264!16s%2Fg%2F1v29cky9!19sChIJ99jXnOYr4IcRYGBrBgcBoso?authuser=0&hl=en&rclk=1,auto repair shop,Fulton County,county,IL,2026-07-24T16:17:18,0x87e02be69cd7d8f7:0xcaa20107066b6060
Brad's Auto Shop,,,,"400 N Glenview Dr, Carbondale, IL 62901, United States",400 N Glenview Dr,Carbondale,IL,62901,,,Auto repair shop,,,https://www.google.com/maps/place/Brad%27s+Auto+Shop/data=!4m7!3m6!1s0x887711fa8012aacb:0x64fec8ce6b06603f!8m2!3d37.729326!4d-89.2372863!16s%2Fg%2F11zg3qgvgt!19sChIJy6oSgPoRd4gRP2AGa87I_mQ?authuser=0&hl=en&rclk=1,auto repair shop,Jackson County,county,IL,2026-07-27T08:58:07,0x887711fa8012aacb:0x64fec8ce6b06603f
Gator Automotive Inc,(618) 457-7181,https://localplacesguide.com/places/illinois/carbondale/auto-repair/gator-automotive-inc/,,"1240 N Reed Station Rd, Carbondale, IL 62902, United States",1240 N Reed Station Rd,Carbondale,IL,62902,4.4,225,Auto repair shop,,,https://www.google.com/maps/place/Gator+Automotive+Inc/data=!4m7!3m6!1s0x887716c7d696a277:0x364a2e44df6b21b5!8m2!3d37.739107!4d-89.162075!16s%2Fg%2F1tlvq8mf!19sChIJd6KW1scWd4gRtSFr30QuSjY?authuser=0&hl=en&rclk=1,auto repair shop,Jackson County,county,IL,2026-07-27T08:58:07,0x887716c7d696a277:0x364a2e44df6b21b5
Midas,(618) 319-4881,https://www.midas.com/store/il/carbondale/900-east-main-street-62901/?shopnum=2988&utm_source=google&utm_medium=organic&utm_campaign=gbp,,"900 E Main St, Carbondale, IL 62901, United States",900 E Main St,Carbondale,IL,62901,2.9,127,Auto repair shop,,,https://www.google.com/maps/place/Midas/data=!4m7!3m6!1s0x8877117bc8afa407:0x78d2d04e3fa60d4d!8m2!3d37.7288795!4d-89.2026872!16s%2Fg%2F1tddblv1!19sChIJB6SvyHsRd4gRTQ2mP07Q0ng?authuser=0&hl=en&rclk=1,auto repair shop,Jackson County,county,IL,2026-07-27T08:58:07,0x8877117bc8afa407:0x78d2d04e3fa60d4d
Pennzoil,,https://www.pennzoil.com/,,"622 E Main St, Carbondale, IL 62901, United States",622 E Main St,Carbondale,IL,62901,,,Auto repair shop,,,https://www.google.com/maps/place/Pennzoil/data=!4m7!3m6!1s0x88771178ee8e902f:0xca0b8d69d2f89a4e!8m2!3d37.7282415!4d-89.2071531!16s%2Fg%2F11k5lv76lm!19sChIJL5CO7ngRd4gRTpr40mmNC8o?authuser=0&hl=en&rclk=1,auto repair shop,Jackson County,county,IL,2026-07-27T08:58:07,0x88771178ee8e902f:0xca0b8d69d2f89a4e
Vogler Motor Company Inc Lincoln Service,(844) 338-9569,https://www.lincoln.com/?,,"1170 E Main St, Carbondale, IL 62901, United States",1170 E Main St,Carbondale,IL,62901,,,Auto body shop,,,https://www.google.com/maps/place/Vogler+Motor+Company+Inc+Lincoln+Service/data=!4m7!3m6!1s0x8877115b3bb8df01:0xe109750ecd67f9ae!8m2!3d37.7309187!4d-89.1956665!16s%2Fg%2F11t0tg6x6s!19sChIJAd-4O1sRd4gRrvlnzQ51CeE?authuser=0&hl=en&rclk=1,auto repair shop,Jackson County,county,IL,2026-07-27T08:58:07,0x8877115b3bb8df01:0xe109750ecd67f9ae
Vogler Motor Company Inc Parts,(844) 338-9569,https://www.voglerfordcarbondale.com/?utm_source=gmbpts&utm_medium=social&mcmid=gmbpts,,"1170 E Main St, Carbondale, IL 62901, United States",1170 E Main St,Carbondale,IL,62901,5.0,1,Auto body shop,,,https://www.google.com/maps/place/Vogler+Motor+Company+Inc+Parts/data=!4m7!3m6!1s0x8877110d007c2f7d:0xc18a430c841f2c2c!8m2!3d37.7309187!4d-89.1956665!16s%2Fg%2F11t1bm2zlb!19sChIJfS98AA0Rd4gRLCwfhAxDisE?authuser=0&hl=en&rclk=1,auto repair shop,Jackson County,county,IL,2026-07-27T08:58:07,0x8877110d007c2f7d:0xc18a430c841f2c2c
Walmart Auto Care Center,(618) 457-3615,https://www.walmart.com/store/196-carbondale-il/auto-care-center/?veh=seo_loc,,"1450 E Main St, Carbondale, IL 62901, United States",1450 E Main St,Carbondale,IL,62901,3.5,165,Oil change service,,,https://www.google.com/maps/place/Walmart+Auto+Care+Center/data=!4m7!3m6!1s0x88771146a704feed:0x6813f3b3a1eefadf!8m2!3d37.7385808!4d-89.1869681!16s%2Fg%2F1th0nnhc!19sChIJ7f4Ep0YRd4gR3_ruobPzE2g?authuser=0&hl=en&rclk=1,auto repair shop,Jackson County,county,IL,2026-07-27T08:58:07,0x88771146a704feed:0x6813f3b3a1eefadf
Area Diesel Service Inc.,(217) 854-2641,https://shop.areadieselservice.com/,,"1300 University St, Carlinville, IL 62626, United States",1300 University St,Carlinville,IL,62626,4.8,26,Truck parts supplier,,,https://www.google.com/maps/place/Area+Diesel+Service+Inc./data=!4m7!3m6!1s0x887582eb414c1dd1:0x391ab1c203eb9dcb!8m2!3d39.2964399!4d-89.8732711!16s%2Fg%2F1tfx5n9f!19sChIJ0R1MQeuCdYgRy53rA8KxGjk?authuser=0&hl=en&rclk=1,auto repair shop,Macoupin County,county,IL,2026-07-27T11:12:39,0x887582eb414c1dd1:0x391ab1c203eb9dcb
B & J Services Center Inc,(217) 854-5100,,,"14390 Shad Rd, Carlinville, IL 62626, United States",14390 Shad Rd,Carlinville,IL,62626,4.8,4,Car repair and maintenance service,,,https://www.google.com/maps/place/B+%26+J+Services+Center+Inc/data=!4m7!3m6!1s0x887582662f5be293:0x7a243fc6bbd0fc33!8m2!3d39.3038578!4d-89.8819817!16s%2Fg%2F1td0173_!19sChIJk-JbL2aCdYgRM_zQu8Y_JHo?authuser=0&hl=en&rclk=1,auto repair shop,Macoupin County,county,IL,2026-07-27T11:12:39,0x887582662f5be293:0x7a243fc6bbd0fc33
Carlinville Truck Equipment Inc,(217) 854-6706,http://ctemi.com/,,"20868 University St, Carlinville, IL 62626, United States",20868 University St,Carlinville,IL,62626,4.8,8,Truck repair shop,,,https://www.google.com/maps/place/Carlinville+Truck+Equipment+Inc/data=!4m7!3m6!1s0x887582ec77f8b47d:0x11adaa3c94d556f9!8m2!3d39.3022292!4d-89.8722906!16s%2Fg%2F1w2y_62m!19sChIJfbT4d-yCdYgR-VbVlDyqrRE?authuser=0&hl=en&rclk=1,auto repair shop,Macoupin County,county,IL,2026-07-27T11:12:39,0x887582ec77f8b47d:0x11adaa3c94d556f9
Jersey's Roadside Service Inc.,(217) 851-3402,,,"11200 Lampie Rd, Carlinville, IL 62626, United States",11200 Lampie Rd,Carlinville,IL,62626,5.0,29,Truck repair shop,,,https://www.google.com/maps/place/Jersey%27s+Roadside+Service+Inc./data=!4m7!3m6!1s0x8875831a4aea80f9:0xa73ac03ff9cfcfbc!8m2!3d39.3044281!4d-89.9237365!16s%2Fg%2F11fm5vggdm!19sChIJ-YDqShqDdYgRvM_P-T_AOqc?authuser=0&hl=en&rclk=1,auto repair shop,Macoupin County,county,IL,2026-07-27T11:12:39,0x8875831a4aea80f9:0xa73ac03ff9cfcfbc
Scheldt Brothers Auto Body Inc,(217) 854-3082,,,"520 W 1st S St, Carlinville, IL 62626, United States",520 W 1st S St,Carlinville,IL,62626,5.0,7,Auto body shop,,,https://www.google.com/maps/place/Scheldt+Brothers+Auto+Body+Inc/data=!4m7!3m6!1s0x887583000487d8a5:0x125001c6f4ea590f!8m2!3d39.2789894!4d-89.8876718!16s%2Fg%2F1tvr_gn4!19sChIJpdiHBACDdYgRD1nq9MYBUBI?authuser=0&hl=en&rclk=1,auto repair shop,Macoupin County,county,IL,2026-07-27T11:12:39,0x887583000487d8a5:0x125001c6f4ea590f
"L & L Auto Sales & Service, Inc.",(309) 376-2106,https://www.lnlautosales.com/,,"502 E Washington St, Carlock, IL 61725, United States",502 E Washington St,Carlock,IL,61725,4.4,40,Used car dealer,,,"https://www.google.com/maps/place/L+%26+L+Auto+Sales+%26+Service,+Inc./data=!4m7!3m6!1s0x880b0b052353e8cf:0x5b2ea4ab03971069!8m2!3d40.5829124!4d-89.1215744!16s%2Fg%2F1tl8l8ws!19sChIJz-hTIwULC4gRaRCXA6ukLls?authuser=0&hl=en&rclk=1",auto repair shop,Woodford County,county,IL,2026-07-27T15:01:47,0x880b0b052353e8cf:0x5b2ea4ab03971069
"LK Repair, inc",(309) 645-3169,,,"6548 E 2050 North Rd, Carlock, IL 61725, United States",6548 E 2050 North Rd,Carlock,IL,61725,5.0,6,Truck repair shop,,,"https://www.google.com/maps/place/LK+Repair,+inc/data=!4m7!3m6!1s0x880b0b6717ed4037:0x520e25af8cef273!8m2!3d40.5833713!4d-89.1449125!16s%2Fg%2F11f9vvnvkf!19sChIJN0DtF2cLC4gRc_LO-FriIAU?authuser=0&hl=en&rclk=1",auto repair shop,Woodford County,county,IL,2026-07-27T15:01:47,0x880b0b6717ed4037:0x520e25af8cef273
Crippen Automotive Inc.,(618) 304-1981,https://crippenautomotive.net/,,"471 24th St, Carlyle, IL 62231, United States",471 24th St,Carlyle,IL,62231,4.9,49,Auto repair shop,,,https://www.google.com/maps/place/Crippen+Automotive+Inc./data=!4m7!3m6!1s0x88767efebaaadb6b:0x6c46a3ecbca07dfd!8m2!3d38.6090529!4d-89.3890783!16s%2Fg%2F1pp2txf_v!19sChIJa9uquv5-dogR_X2gvOyjRmw?authuser=0&hl=en&rclk=1,auto repair shop,Marion County,county,IL,2026-07-27T11:24:35,0x88767efebaaadb6b:0x6c46a3ecbca07dfd
Isaak Auto Body Inc.,(618) 594-2435,https://isaakbodyshop.com/,,"14633 IL-127, Carlyle, IL 62231, United States",14633 IL-127,Carlyle,IL,62231,4.3,39,Auto body shop,,,https://www.google.com/maps/place/Isaak+Auto+Body+Inc./data=!4m7!3m6!1s0x8876803e9fc6a763:0x5d0d04f81e795fea!8m2!3d38.634764!4d-89.374624!16s%2Fg%2F1tdftx6q!19sChIJY6fGnz6AdogR6l95HvgEDV0?authuser=0&hl=en&rclk=1,auto repair shop,Washington County,county,IL,2026-07-27T14:25:09,0x8876803e9fc6a763:0x5d0d04f81e795fea
"Hale Body Shop, Inc.",(618) 382-8082,https://www.facebook.com/HaleBodyShop,,"1148 County Rd 1100 N, Carmi, IL 62821, United States",1148 County Rd 1100 N,Carmi,IL,62821,4.9,37,Auto body shop,,,"https://www.google.com/maps/place/Hale+Body+Shop,+Inc./data=!4m7!3m6!1s0x8871aa05dff2e759:0x59f37b4a15b2ce27!8m2!3d38.0411383!4d-88.1626562!16s%2Fg%2F1ts1nd0w!19sChIJWefy3wWqcYgRJ86yFUp781k?authuser=0&hl=en&rclk=1",auto repair shop,White County,county,IL,2026-07-27T14:28:29,0x8871aa05dff2e759:0x59f37b4a15b2ce27
"Eagle Engine Sales, Inc.",(800) 811-9328,http://eagleenginesales.com/,,"275 Commonwealth Dr, Carol Stream, IL 60188, United States",275 Commonwealth Dr,Carol Stream,IL,60188,4.3,46,Engine rebuilding service,,,"https://www.google.com/maps/place/Eagle+Engine+Sales,+Inc./data=!4m7!3m6!1s0x880e54c9abfde9b1:0x2a3e5867f052897f!8m2!3d41.8967!4d-88.111448!16s%2Fg%2F1tf2ycvy!19sChIJsen9q8lUDogRf4lS8GdYPio?authuser=0&hl=en&rclk=1",auto repair shop,Kendall County,county,IL,2026-07-27T09:51:16,0x880e54c9abfde9b1:0x2a3e5867f052897f
40 Acre Garage,,,,"534 SW 450 Ave, Carrollton, IL 62016, United States",534 SW 450 Ave,Carrollton,IL,62016,,,Auto repair shop,,,https://www.google.com/maps/place/40+Acre+Garage/data=!4m7!3m6!1s0x87df0563eb3be0f9:0x1afeebc101b9f503!8m2!3d39.2275067!4d-90.4923024!16s%2Fg%2F11wxqvl5ms!19sChIJ-eA762MF34cRA_W5AcHr_ho?authuser=0&hl=en&rclk=1,auto repair shop,Greene County,county,IL,2026-07-27T07:54:10,0x87df0563eb3be0f9:0x1afeebc101b9f503
"J & R Tire Service, Inc.",(217) 357-2218,https://jrtireserviceinc.com/,,"27 N Madison St, Carthage, IL 62321, United States",27 N Madison St,Carthage,IL,62321,4.9,110,Tire shop,,,"https://www.google.com/maps/place/J+%26+R+Tire+Service,+Inc./data=!4m7!3m6!1s0x87e0cc279456fa7f:0xf1342d50f3e50749!8m2!3d40.414465!4d-91.136503!16s%2Fg%2F113hmy2vn!19sChIJf_pWlCfM4IcRSQfl81AtNPE?authuser=0&hl=en&rclk=1",auto repair shop,Hancock County,county,IL,2026-07-27T08:20:46,0x87e0cc279456fa7f:0xf1342d50f3e50749
KC Automotive,,,,"17 N Douglas St, Carthage, IL 62321, United States",17 N Douglas St,Carthage,IL,62321,5.0,2,Car repair and maintenance service,,,https://www.google.com/maps/place/KC+Automotive/data=!4m7!3m6!1s0x87e0cf38ddca2937:0xfc85b23f570999b5!8m2!3d40.413701!4d-91.120073!16s%2Fg%2F11rbf3zkqn!19sChIJNynK3TjP4IcRtZkJVz-yhfw?authuser=0&hl=en&rclk=1,auto repair shop,Hancock County,county,IL,2026-07-27T08:20:46,0x87e0cf38ddca2937:0xfc85b23f570999b5
Firestone Complete Auto Care,(618) 436-0548,https://www.firestonecompleteautocare.com/illinois/centralia/1007-w-broadway/?utm_source=google&utm_medium=organic&utm_campaign=localmaps&cmp=oloc_google_localmaps_maps,,"1007 W Broadway, Centralia, IL 62801, United States",1007 W Broadway,Centralia,IL,62801,4.1,224,Tire shop,,,https://www.google.com/maps/place/Firestone+Complete+Auto+Care/data=!4m7!3m6!1s0x8876997352c287ed:0xa1f6319a8d425a42!8m2!3d38.5288287!4d-89.1482349!16s%2Fg%2F1q2w3qzzl!19sChIJ7YfCUnOZdogRQlpCjZox9qE?authuser=0&hl=en&rclk=1,auto repair shop,Marion County,county,IL,2026-07-27T11:24:35,0x8876997352c287ed:0xa1f6319a8d425a42
Jim's Auto Service,,,,"102 N Lincoln Blvd, Centralia, IL 62801, United States",102 N Lincoln Blvd,Centralia,IL,62801,,,Auto repair shop,,,https://www.google.com/maps/place/Jim%27s+Auto+Service/data=!4m7!3m6!1s0x887698f8fddcd745:0x327c239f004c2665!8m2!3d38.5263126!4d-89.1256694!16s%2Fg%2F11yb1nz6qc!19sChIJRdfc_fiYdogRZSZMAJ8jfDI?authuser=0&hl=en&rclk=1,auto repair shop,Washington County,county,IL,2026-07-27T14:25:09,0x887698f8fddcd745:0x327c239f004c2665
B Sanchez Auto Repair Inc,(217) 355-4789,,,"101 Edgebrook Dr, Champaign, IL 61820, United States",101 Edgebrook Dr,Champaign,IL,61820,4.0,4,Auto repair shop,,,https://www.google.com/maps/place/B+Sanchez+Auto+Repair+Inc/data=!4m7!3m6!1s0x880cd7556e1d4bd5:0x36b960436bbed084!8m2!3d40.1311418!4d-88.2443035!16s%2Fg%2F1tdr3x3z!19sChIJ1UsdblXXDIgRhNC-a0NguTY?authuser=0&hl=en&rclk=1,auto repair shop,Champaign County,county,IL,2026-07-17T17:23:06,0x880cd7556e1d4bd5:0x36b960436bbed084
Central Illinois Autobody Inc,(217) 352-7131,http://autohealers.com/,,"334 N Walnut St, Champaign, IL 61820, United States",334 N Walnut St,Champaign,IL,61820,4.4,75,Auto body shop,,,https://www.google.com/maps/place/Central+Illinois+Autobody+Inc/data=!4m7!3m6!1s0x880cd74c2ebed3bb:0xe1e8462f866fa0ce!8m2!3d40.1188149!4d-88.2412409!16s%2Fg%2F1wh4gfgv!19sChIJu9O-LkzXDIgRzqBvhi9G6OE?authuser=0&hl=en&rclk=1,auto repair shop,Champaign County,county,IL,2026-07-24T14:17:35,0x880cd74c2ebed3bb:0xe1e8462f866fa0ce
"Crawford Transmission Repair, Inc.",(217) 356-1600,https://www.facebook.com/profile.php?id=100064243142536,,"1519 N Willis Ave, Champaign, IL 61821, United States",1519 N Willis Ave,Champaign,IL,61821,4.3,77,Auto repair shop,,,"https://www.google.com/maps/place/Crawford+Transmission+Repair,+Inc./data=!4m7!3m6!1s0x880cd0a0a98b03ab:0x2428957610a22762!8m2!3d40.1320959!4d-88.2608602!16s%2Fg%2F1tfsh_2k!19sChIJqwOLqaDQDIgRYieiEHaVKCQ?authuser=0&hl=en&rclk=1",auto repair shop,Champaign County,county,IL,2026-07-17T17:23:06,0x880cd0a0a98b03ab:0x2428957610a22762
Jiffy Lube Oil Change,(217) 351-5823,https://www.jiffylube.com/locations/il/champaign/195,,"1201 N Prospect Ave, Champaign, IL 61820, United States",1201 N Prospect Ave,Champaign,IL,61820,4.8,887,Oil change service,,,https://www.google.com/maps/place/Jiffy+Lube+Oil+Change/data=!4m7!3m6!1s0x880cd0a6876f57f5:0x9c58f92ee4948422!8m2!3d40.127602!4d-88.2583935!16s%2Fg%2F1vvyyns4!19sChIJ9Vdvh6bQDIgRIoSU5C75WJw?authuser=0&hl=en&rclk=1,auto repair shop,Champaign County,county,IL,2026-07-17T17:23:07,0x880cd0a6876f57f5:0x9c58f92ee4948422
Jiffy Lube Oil Change,(217) 351-4116,https://www.jiffylube.com/locations/il/champaign/784,,"1901 S Neil St, Champaign, IL 61820, United States",1901 S Neil St,Champaign,IL,61820,4.8,974,Oil change service,,,https://www.google.com/maps/place/Jiffy+Lube+Oil+Change/data=!4m7!3m6!1s0x880cd72ad640c03b:0xab0ec22071957c15!8m2!3d40.0935648!4d-88.2457639!16s%2Fg%2F1tj80k9k!19sChIJO8BA1irXDIgRFXyVcSDCDqs?authuser=0&hl=en&rclk=1,auto repair shop,Champaign County,county,IL,2026-07-17T17:23:07,0x880cd72ad640c03b:0xab0ec22071957c15
Midas,(217) 689-0467,https://www.midas.com/store/il/champaign/2102-moreland-boulevard-61821/?shopnum=2504&utm_source=google&utm_medium=organic&utm_campaign=gbp,,"2102 Moreland Blvd, Champaign, IL 61821, United States",2102 Moreland Blvd,Champaign,IL,61821,4.5,790,Auto repair shop,,,https://www.google.com/maps/place/Midas/data=!4m7!3m6!1s0x880cda0368c23d8b:0xe425a08764941111!8m2!3d40.1407707!4d-88.2501584!16s%2Fg%2F1vnnjzwy!19sChIJiz3CaAPaDIgRERGUZIegJeQ?authuser=0&hl=en&rclk=1,auto repair shop,Champaign County,county,IL,2026-07-24T15:35:24,0x880cda0368c23d8b:0xe425a08764941111
"Myler Automotive Repair, Inc.",(217) 359-0798,http://mylerautomotive.com/,,"1212 Parkland Ct, Champaign, IL 61821, United States",1212 Parkland Ct,Champaign,IL,61821,4.4,116,Auto repair shop,,,"https://www.google.com/maps/place/Myler+Automotive+Repair,+Inc./data=!4m7!3m6!1s0x880cd083a2570565:0xd1ee56debf6a61bc!8m2!3d40.1289325!4d-88.2782643!16s%2Fg%2F1tlnf0cn!19sChIJZQVXooPQDIgRvGFqv95W7tE?authuser=0&hl=en&rclk=1",auto repair shop,Champaign County,county,IL,2026-07-24T15:35:24,0x880cd083a2570565:0xd1ee56debf6a61bc
Rick’s Automotive Service Inc.,(217) 351-2662,http://www.ricksautocu.com/,,"54 E Springfield Ave, Champaign, IL 61820, United States",54 E Springfield Ave,Champaign,IL,61820,4.2,166,Auto repair shop,,,https://www.google.com/maps/place/Rick%E2%80%99s+Automotive+Service+Inc./data=!4m7!3m6!1s0x880cd749b8248905:0x3dd96625511179c5!8m2!3d40.1128632!4d-88.2395176!16s%2Fg%2F1tfn39sm!19sChIJBYkkuEnXDIgRxXkRUSVm2T0?authuser=0&hl=en&rclk=1,auto repair shop,Champaign County,county,IL,2026-07-24T14:17:35,0x880cd749b8248905:0x3dd96625511179c5
365 TRUCK REPAIR LTD,(630) 912-7590,https://365truckrepair.com/?utm_campaign=gmb,,"23042 W Eames St, Channahon, IL 60410, United States",23042 W Eames St,Channahon,IL,60410,4.7,165,Truck repair shop,,,https://www.google.com/maps/place/365+TRUCK+REPAIR+LTD/data=!4m7!3m6!1s0x880e8972824a344b:0xf58e0438fce5664!8m2!3d41.4703506!4d-88.1738807!16s%2Fg%2F11sb00q5z3!19sChIJSzRKgnKJDogRZFbOj0PgWA8?authuser=0&hl=en&rclk=1,auto repair shop,Grundy County,county,IL,2026-07-27T08:01:41,0x880e8972824a344b:0xf58e0438fce5664
Diepholz Cadillac Service Center,,http://diepholzcadillac.com/,,"631 W Lincoln Ave, Charleston, IL 61920, United States",631 W Lincoln Ave,Charleston,IL,61920,,,Auto repair shop,,,https://www.google.com/maps/place/Diepholz+Cadillac+Service+Center/data=!4m7!3m6!1s0x88731d9fb2d98583:0x9cd5cf2635e15bdb!8m2!3d39.4858416!4d-88.1902093!16s%2Fg%2F11stl9fsm1!19sChIJg4XZsp8dc4gR21vhNSbP1Zw?authuser=0&hl=en&rclk=1,auto repair shop,Coles County,county,IL,2026-07-24T16:15:07,0x88731d9fb2d98583:0x9cd5cf2635e15bdb
Johnson's Automotive Service Inc.,(217) 345-9521,http://www.johnsonsautomotive.com/,,"800 Madison Ave, Charleston, IL 61920, United States",800 Madison Ave,Charleston,IL,61920,4.7,233,Auto repair shop,,,https://www.google.com/maps/place/Johnson%27s+Automotive+Service+Inc./data=!4m7!3m6!1s0x88731d66ce4c36fd:0xfee02a1db4f8ef26!8m2!3d39.4960604!4d-88.1735469!16s%2Fg%2F1w0p6cw7!19sChIJ_TZMzmYdc4gRJu_4tB0q4P4?authuser=0&hl=en&rclk=1,auto repair shop,Hamilton County,county,IL,2026-07-27T08:11:07,0x88731d66ce4c36fd:0xfee02a1db4f8ef26
NAPA Auto Parts - McKay Auto Parts,(217) 345-7445,https://www.napaonline.com/en/IL/Charleston/store/37281?cid=pl_jobber_google_dac_37281_ao,,"1503 18th St, Charleston, IL 61920, United States",1503 18th St,Charleston,IL,61920,4.7,23,Auto parts store,,,https://www.google.com/maps/place/NAPA+Auto+Parts+-+McKay+Auto+Parts/data=!4m7!3m6!1s0x8872e29dbeb1a793:0xd73725c79b9aef98!8m2!3d39.484303!4d-88.162261!16s%2Fg%2F1tdmfmwj!19sChIJk6exvp3icogRmO-am8clN9c?authuser=0&hl=en&rclk=1,auto repair shop,Coles County,county,IL,2026-07-24T14:51:58,0x8872e29dbeb1a793:0xd73725c79b9aef98
Porter Auto Body Inc,(217) 345-7832,,,"1607 Madison Ave, Charleston, IL 61920, United States",1607 Madison Ave,Charleston,IL,61920,4.8,55,Auto body shop,,,https://www.google.com/maps/place/Porter+Auto+Body+Inc/data=!4m7!3m6!1s0x8872e29e8f17d04f:0xbd57b4668f47ba45!8m2!3d39.4973302!4d-88.1653764!16s%2Fg%2F11b7sw8vds!19sChIJT9AXj57icogRRbpHj2a0V70?authuser=0&hl=en&rclk=1,auto repair shop,Moultrie County,county,IL,2026-07-27T12:08:02,0x8872e29e8f17d04f:0xbd57b4668f47ba45
Walmart Auto Care Center,(217) 345-4884,https://www.walmart.com/store/612-charleston-il/auto-care-center/?veh=seo_loc,,"2250 Lincoln Ave, Charleston, IL 61920, United States",2250 Lincoln Ave,Charleston,IL,61920,3.0,65,Oil change service,,,https://www.google.com/maps/place/Walmart+Auto+Care+Center/data=!4m7!3m6!1s0x8872e2a4ff749c89:0xf0738989ead23708!8m2!3d39.4851683!4d-88.1562313!16s%2Fg%2F1hc3jpsw3!19sChIJiZx0_6TicogRCDfS6omJc_A?authuser=0&hl=en&rclk=1,auto repair shop,Coles County,county,IL,2026-07-24T16:15:07,0x8872e2a4ff749c89:0xf0738989ead23708
Chatham Collision Repair Inc,(217) 483-3774,http://www.chathamcollisionrepair.com/,,"332 Williams Ln, Chatham, IL 62629, United States",332 Williams Ln,Chatham,IL,62629,5.0,604,Auto body shop,,,https://www.google.com/maps/place/Chatham+Collision+Repair+Inc/data=!4m7!3m6!1s0x887540711557a9d7:0x92a6ed956478a4ad!8m2!3d39.6785775!4d-89.7061812!16s%2Fg%2F1vy7hb1h!19sChIJ16lXFXFAdYgRraR4ZJXtppI?authuser=0&hl=en&rclk=1,auto repair shop,Mason County,county,IL,2026-07-27T11:35:42,0x887540711557a9d7:0x92a6ed956478a4ad
Andy's Autobody-Chester Inc,(618) 826-4512,,,"1207 Opdyke St, Chester, IL 62233, United States",1207 Opdyke St,Chester,IL,62233,4.8,20,Auto repair shop,,,https://www.google.com/maps/place/Andy%27s+Autobody-Chester+Inc/data=!4m7!3m6!1s0x8877cc2be810676b:0x40e3e6ba0fe6d6ba!8m2!3d37.8974102!4d-89.8085493!16s%2Fg%2F1trch5b4!19sChIJa2cQ6CvMd4gRutbmD7rm40A?authuser=0&hl=en&rclk=1,auto repair shop,Randolph County,county,IL,2026-07-27T12:53:05,0x8877cc2be810676b:0x40e3e6ba0fe6d6ba
"A & A Automobile Service, Inc",(312) 421-0171,,,"448 N May St, Chicago, IL 60642, United States",448 N May St,Chicago,IL,60642,4.8,196,Auto repair shop,,,"https://www.google.com/maps/place/A+%26+A+Automobile+Service,+Inc/data=!4m7!3m6!1s0x880e2cd971de9d43:0xd225063564faba18!8m2!3d41.8903309!4d-87.6560328!16s%2Fg%2F1th0yym_!19sChIJQ53ecdksDogRGLr6ZDUGJdI?authuser=0&hl=en&rclk=1",auto repair shop,Chicago,city,IL,2026-07-27T15:08:54,0x880e2cd971de9d43:0xd225063564faba18
A.N.D RELIABLE AUTO REPAIR INC.,(773) 277-4330,,,"4174 W Ogden Ave, Chicago, IL 60623, United States",4174 W Ogden Ave,Chicago,IL,60623,4.8,23,Auto repair shop,,,https://www.google.com/maps/place/A.N.D+RELIABLE+AUTO+REPAIR+INC./data=!4m7!3m6!1s0x880e33593806ae17:0x90cb537fc9fedf8b!8m2!3d41.8498262!4d-87.7291557!16s%2Fg%2F11h1q5w_3p!19sChIJF64GOFkzDogRi9_-yX9Ty5A?authuser=0&hl=en&rclk=1,auto repair shop,Cook County,county,IL,2026-07-17T18:11:07,0x880e33593806ae17:0x90cb537fc9fedf8b
Auto Flash Inc,(773) 581-1972,https://www.autoflashinc.com/,,"8323 S Pulaski Rd, Chicago, IL 60652, United States",8323 S Pulaski Rd,Chicago,IL,60652,4.5,61,Auto repair shop,,,https://www.google.com/maps/place/Auto+Flash+Inc/data=!4m7!3m6!1s0x880e307424d6de47:0x993a585ef69bfcc8!8m2!3d41.7415837!4d-87.7212191!16s%2Fg%2F1tdlhwr9!19sChIJR97WJHQwDogRyPyb9l5YOpk?authuser=0&hl=en&rclk=1,auto repair shop,Pulaski County,county,IL,2026-07-27T12:40:53,0x880e307424d6de47:0x993a585ef69bfcc8
"B&L Automotive Repairs, Inc.",(773) 463-1622,https://technicraftgroup.com/our-shops/bl-automotive-repairs/,,"3830 N Kedzie Ave, Chicago, IL 60618, United States",3830 N Kedzie Ave,Chicago,IL,60618,4.8,1549,Auto body shop,,,"https://www.google.com/maps/place/B%26L+Automotive+Repairs,+Inc./data=!4m7!3m6!1s0x880fcd91f8348359:0x60cfb5d5ffe1049e!8m2!3d41.9511966!4d-87.7082952!16s%2Fg%2F1tddssvs!19sChIJWYM0-JHND4gRngTh_9W1z2A?authuser=0&hl=en&rclk=1",auto repair shop,Chicago,city,IL,2026-07-27T15:08:54,0x880fcd91f8348359:0x60cfb5d5ffe1049e
Car Care Chicago - Goodyear,(312) 225-5999,https://www.carcarechicago.com/,,"1806 S Wabash Ave, Chicago, IL 60616, United States",1806 S Wabash Ave,Chicago,IL,60616,4.9,4180,Auto repair shop,,,https://www.google.com/maps/place/Car+Care+Chicago+-+Goodyear/data=!4m7!3m6!1s0x880e2c7d8df3ad03:0x6c026b54046437d6!8m2!3d41.8575368!4d-87.6260801!16s%2Fg%2F1tgfx6c1!19sChIJA63zjX0sDogR1jdkBFRrAmw?authuser=0&hl=en&rclk=1,auto repair shop,Chicago,city,IL,2026-07-27T15:08:54,0x880e2c7d8df3ad03:0x6c026b54046437d6
Chicago Car Care Inc,(773) 761-1202,http://chicagocarcareinc.com/,,"5419 N Kedzie Ave, Chicago, IL 60625, United States",5419 N Kedzie Ave,Chicago,IL,60625,4.8,111,Auto repair shop,,,https://www.google.com/maps/place/Chicago+Car+Care+Inc/data=!4m7!3m6!1s0x880fce08eaafae0f:0xa855fb677a236457!8m2!3d41.9799208!4d-87.7086579!16s%2Fg%2F1v2jdhyt!19sChIJD66v6gjOD4gRV2Qjemf7Vag?authuser=0&hl=en&rclk=1,auto repair shop,Chicago,city,IL,2026-07-27T15:08:54,0x880fce08eaafae0f:0xa855fb677a236457
Firestone 1st Stop Auto Center,(773) 247-7690,https://www.firststopautocenter.net/,,"4813 S Pulaski Rd, Chicago, IL 60632, United States",4813 S Pulaski Rd,Chicago,IL,60632,4.4,173,Auto repair shop,,,https://www.google.com/maps/place/Firestone+1st+Stop+Auto+Center/data=!4m7!3m6!1s0x880e319198c85a31:0x37567c2b1cc96c8!8m2!3d41.8056347!4d-87.7233579!16s%2Fg%2F1hd_x9f4f!19sChIJMVrImJExDogRyJbMscJndQM?authuser=0&hl=en&rclk=1,auto repair shop,Pulaski County,county,IL,2026-07-27T12:40:53,0x880e319198c85a31:0x37567c2b1cc96c8
Guga’s Auto Repair Inc.,(773) 912-6069,https://gugasautorepair.com/,,"2131 W 51st St, Chicago, IL 60609, United States",2131 W 51st St,Chicago,IL,60609,4.8,141,Auto repair shop,,,https://www.google.com/maps/place/Guga%E2%80%99s+Auto+Repair+Inc./data=!4m7!3m6!1s0x880e2feb5944da09:0x82f2af003f569c80!8m2!3d41.8009491!4d-87.6780882!16s%2Fg%2F11mwgmmkhg!19sChIJCdpEWesvDogRgJxWPwCv8oI?authuser=0&hl=en&rclk=1,auto repair shop,Chicago,city,IL,2026-07-27T15:08:54,0x880e2feb5944da09:0x82f2af003f569c80
Keil Automotive Inc,(773) 763-5544,http://keil-automotive-inc.edan.io/,,"5611 N Northwest Hwy, Chicago, IL 60646, United States",5611 N Northwest Hwy,Chicago,IL,60646,4.9,253,Auto repair shop,,,https://www.google.com/maps/place/Keil+Automotive+Inc/data=!4m7!3m6!1s0x880fc95139b788cd:0x8d9c59b1ab0c86!8m2!3d41.9833069!4d-87.7826038!16s%2Fg%2F1tj5rb8c!19sChIJzYi3OVHJD4gRhgyrsVmcjQA?authuser=0&hl=en&rclk=1,auto repair shop,Cook County,county,IL,2026-07-24T16:21:07,0x880fc95139b788cd:0x8d9c59b1ab0c86
L & T Auto Service Inc,(773) 360-1777,https://landtautoservice.net/,,"2648 W Armitage Ave, Chicago, IL 60647, United States",2648 W Armitage Ave,Chicago,IL,60647,4.9,325,Auto repair shop,,,https://www.google.com/maps/place/L+%26+T+Auto+Service+Inc/data=!4m7!3m6!1s0x880fd29f6cede0bd:0x32051a04ce6fa9df!8m2!3d41.9176528!4d-87.6945072!16s%2Fg%2F1261r4bwb!19sChIJveDtbJ_SD4gR36lvzgQaBTI?authuser=0&hl=en&rclk=1,auto repair shop,Chicago,city,IL,2026-07-27T15:08:54,0x880fd29f6cede0bd:0x32051a04ce6fa9df
Labastida Automotive Inc.,(773) 966-4797,,,"4721 S Halsted St, Chicago, IL 60609, United States",4721 S Halsted St,Chicago,IL,60609,4.7,200,Auto repair shop,,,https://www.google.com/maps/place/Labastida+Automotive+Inc./data=!4m7!3m6!1s0x880e2e9a51d33485:0xe5d4bbc79dd71acf!8m2!3d41.8082429!4d-87.6451955!16s%2Fg%2F11fy2qb17c!19sChIJhTTTUZouDogRzxrXnce71OU?authuser=0&hl=en&rclk=1,auto repair shop,Chicago,city,IL,2026-07-27T15:08:54,0x880e2e9a51d33485:0xe5d4bbc79dd71acf
"M & R Car Import Services II, INC",(773) 528-9841,http://www.mrcarimports.com/,,"1951 N Sheffield Ave, Chicago, IL 60614, United States",1951 N Sheffield Ave,Chicago,IL,60614,4.8,363,Auto repair shop,,,"https://www.google.com/maps/place/M+%26+R+Car+Import+Services+II,+INC/data=!4m7!3m6!1s0x880fd31f32ba03cf:0x9740732824c75d9b!8m2!3d41.9174309!4d-87.6531379!16s%2Fg%2F1v6p9fxv!19sChIJzwO6Mh_TD4gRm13HJChzQJc?authuser=0&hl=en&rclk=1",auto repair shop,Chicago,city,IL,2026-07-27T15:08:54,0x880fd31f32ba03cf:0x9740732824c75d9b
Meineke Car Care Center,(773) 672-3007,https://www.meineke.com/locations/il/chicago-226/?utm_source=google&utm_medium=organic&utm_campaign=gbp_website,,"10716 S Western Ave, Chicago, IL 60643, United States",10716 S Western Ave,Chicago,IL,60643,4.4,663,Auto repair shop,,,https://www.google.com/maps/place/Meineke+Car+Care+Center/data=!4m7!3m6!1s0x880e2520be5d70bb:0xbecf13c5089c3b5d!8m2!3d41.6984948!4d-87.6817278!16s%2Fg%2F1tg169ly!19sChIJu3BdviAlDogRXTucCMUTz74?authuser=0&hl=en&rclk=1,auto repair shop,Cook County,county,IL,2026-07-24T14:58:15,0x880e2520be5d70bb:0xbecf13c5089c3b5d
Midtown Auto Repair- Goodyear,(773) 832-1300,https://www.midtownautorepair.com/,,"1403 W Shakespeare Ave, Chicago, IL 60614, United States",1403 W Shakespeare Ave,Chicago,IL,60614,4.8,770,Auto repair shop,,,https://www.google.com/maps/place/Midtown+Auto+Repair-+Goodyear/data=!4m7!3m6!1s0x880fd3e38fd6c09b:0x833fef7130dd15a7!8m2!3d41.9204879!4d-87.663319!16s%2Fg%2F11g3yw3dvd!19sChIJm8DWj-PTD4gRpxXdMHHvP4M?authuser=0&hl=en&rclk=1,auto repair shop,Chicago,city,IL,2026-07-27T15:08:54,0x880fd3e38fd6c09b:0x833fef7130dd15a7
Midway Auto Repair inc,(773) 585-4343,,,"5438 S Central Ave, Chicago, IL 60638, United States",5438 S Central Ave,Chicago,IL,60638,4.7,531,Auto body shop,,,https://www.google.com/maps/place/Midway+Auto+Repair+inc/data=!4m7!3m6!1s0x880e313be170ca15:0xb69f064c94954e0f!8m2!3d41.7933735!4d-87.7626255!16s%2Fg%2F1tcw466p!19sChIJFcpw4TsxDogRD06VlEwGn7Y?authuser=0&hl=en&rclk=1,auto repair shop,Chicago,city,IL,2026-07-27T15:08:54,0x880e313be170ca15:0xb69f064c94954e0f
"SSS Auto, Inc.",(773) 472-4444,https://www.sssautorepairshop.com/,,"2815 N Sheffield Ave, Chicago, IL 60657, United States",2815 N Sheffield Ave,Chicago,IL,60657,4.7,141,Auto repair shop,,,"https://www.google.com/maps/place/SSS+Auto,+Inc./data=!4m7!3m6!1s0x880fd300d9d8f687:0x1e184b536487f8d2!8m2!3d41.9332313!4d-87.6535252!16s%2Fg%2F1tdn4pyl!19sChIJh_bY2QDTD4gR0viHZFNLGB4?authuser=0&hl=en&rclk=1",auto repair shop,Chicago,city,IL,2026-07-27T15:08:54,0x880fd300d9d8f687:0x1e184b536487f8d2
Stay On Auto Repair & Tire Inc.,(773) 893-5334,http://www.stayonauto.com/,,"1152 W 31st St, Chicago, IL 60608, United States",1152 W 31st St,Chicago,IL,60608,4.6,195,Auto repair shop,,,https://www.google.com/maps/place/Stay+On+Auto+Repair+%26+Tire+Inc./data=!4m7!3m6!1s0x880e2c4a57bf03a3:0x388a4fbe22fe9c79!8m2!3d41.8382022!4d-87.6555341!16s%2Fg%2F1hhmr9lg3!19sChIJowO_V0osDogReZz-Ir5Pijg?authuser=0&hl=en&rclk=1,auto repair shop,Chicago,city,IL,2026-07-27T15:08:54,0x880e2c4a57bf03a3:0x388a4fbe22fe9c79
"Ted's Auto Clinic, Inc.",(773) 747-3183,https://www.tedsautoclinic.com/?utm_campaign=gmb,,"7853 W Forest Preserve Dr, Chicago, IL 60634, United States",7853 W Forest Preserve Dr,Chicago,IL,60634,5.0,485,Auto repair shop,,,"https://www.google.com/maps/place/Ted%27s+Auto+Clinic,+Inc./data=!4m7!3m6!1s0x880fca50e946a945:0xf591e9bb4f87c0b6!8m2!3d41.9455446!4d-87.8237057!16s%2Fg%2F1tm0trqp!19sChIJRalG6VDKD4gRtsCHT7vpkfU?authuser=0&hl=en&rclk=1",auto repair shop,Cook County,county,IL,2026-07-24T16:21:07,0x880fca50e946a945:0xf591e9bb4f87c0b6
United States Mechanics Inc,(708) 500-1375,,,"3059 S Kostner Ave, Chicago, IL 60623, United States",3059 S Kostner Ave,Chicago,IL,60623,4.6,155,Auto repair shop,,,https://www.google.com/maps/place/United+States+Mechanics+Inc/data=!4m7!3m6!1s0x880e323591c97451:0x5fd7a4d7a9a51267!8m2!3d41.837108!4d-87.7337061!16s%2Fg%2F11gbl2f9g9!19sChIJUXTJkTUyDogRZxKlqdek118?authuser=0&hl=en&rclk=1,auto repair shop,Cook County,county,IL,2026-07-24T16:21:07,0x880e323591c97451:0x5fd7a4d7a9a51267
"Willow Automotive Service, Inc.",(312) 881-0101,http://www.willowauto.com/,,"2020 S Wabash Ave, Chicago, IL 60616, United States",2020 S Wabash Ave,Chicago,IL,60616,4.8,32,Auto repair shop,,,"https://www.google.com/maps/place/Willow+Automotive+Service,+Inc./data=!4m7!3m6!1s0x880e2c7d9b57c5e1:0x293258d25262433!8m2!3d41.8548453!4d-87.6257355!16s%2Fg%2F1vc_qyrm!19sChIJ4cVXm30sDogRMyQmJY0lkwI?authuser=0&hl=en&rclk=1",auto repair shop,Cook County,county,IL,2026-07-17T18:11:07,0x880e2c7d9b57c5e1:0x293258d25262433
"Xpress Auto Repair, Inc",(773) 424-0869,http://xpressautoandtires.com/,,"5101 S Kedzie Ave, Chicago, IL 60632, United States",5101 S Kedzie Ave,Chicago,IL,60632,4.9,685,Auto repair shop,,,"https://www.google.com/maps/place/Xpress+Auto+Repair,+Inc/data=!4m7!3m6!1s0x880e2f6f5a186b0d:0xedaf29f2989bf419!8m2!3d41.8005338!4d-87.7032708!16s%2Fg%2F11q25t2y2d!19sChIJDWsYWm8vDogRGfSbmPIpr-0?authuser=0&hl=en&rclk=1",auto repair shop,Chicago,city,IL,2026-07-27T15:08:54,0x880e2f6f5a186b0d:0xedaf29f2989bf419
Masters Auto Center Inc.,(708) 652-4941,,,"3215 S 61st Ave, Cicero, IL 60804, United States",3215 S 61st Ave,Cicero,IL,60804,4.7,70,Auto repair shop,,,https://www.google.com/maps/place/Masters+Auto+Center+Inc./data=!4m7!3m6!1s0x880e33f5e6ac921d:0x4c778246a7d9e21a!8m2!3d41.833947!4d-87.7754543!16s%2Fg%2F1pyqrf7kd!19sChIJHZKs5vUzDogRGuLZp0aCd0w?authuser=0&hl=en&rclk=1,auto repair shop,Cook County,county,IL,2026-07-17T18:11:07,0x880e33f5e6ac921d:0x4c778246a7d9e21a
Bullseye Diesel Repair,,,,"2045 N Nashville Rd, Claremont, IL 62421, United States",2045 N Nashville Rd,Claremont,IL,62421,5.0,1,Auto repair shop,,,https://www.google.com/maps/place/Bullseye+Diesel+Repair/data=!4m7!3m6!1s0x8872270025450253:0x247debd5bc9d35bb!8m2!3d38.6444873!4d-87.9571188!16s%2Fg%2F11zckh78zq!19sChIJUwJFJQAncogRuzWdvNXrfSQ?authuser=0&hl=en&rclk=1,auto repair shop,Richland County,county,IL,2026-07-27T12:57:30,0x8872270025450253:0x247debd5bc9d35bb
Central Body Repair Inc,(815) 694-2700,,,"337 S Main St, Clifton, IL 60927, United States",337 S Main St,Clifton,IL,60927,4.3,27,Auto body shop,,,https://www.google.com/maps/place/Central+Body+Repair+Inc/data=!4m7!3m6!1s0x880db8ace6ae8b63:0xaa3f0b25efc67b7c!8m2!3d40.934452!4d-87.9342079!16s%2Fg%2F1tfp_dyl!19sChIJY4uu5qy4DYgRfHvG7yULP6o?authuser=0&hl=en&rclk=1,auto repair shop,Iroquois County,county,IL,2026-07-27T08:45:10,0x880db8ace6ae8b63:0xaa3f0b25efc67b7c
Douglas Auto Body Center,,http://douglasdodge.com/,,"811 IL-54 W, Clinton, IL 61727, United States",811 IL-54 W,Clinton,IL,61727,5.0,2,Auto repair shop,,,https://www.google.com/maps/place/Douglas+Auto+Body+Center/data=!4m7!3m6!1s0x880b457ae0556379:0x5757ca516456c7d3!8m2!3d40.1485601!4d-88.9714476!16s%2Fg%2F11hy_4cby1!19sChIJeWNV4HpFC4gR08dWZFHKV1c?authuser=0&hl=en&rclk=1,auto repair shop,De Witt County,county,IL,2026-07-24T15:23:34,0x880b457ae0556379:0x5757ca516456c7d3
"Kenworthy's Auto, Inc.",(563) 242-4200,https://www.facebook.com/profile.php?id=100078851651006,,"316 N 2nd St, Clinton, IA 52732, United States",316 N 2nd St,Clinton,IA,52732,4.7,43,Auto repair shop,,,"https://www.google.com/maps/place/Kenworthy%27s+Auto,+Inc./data=!4m7!3m6!1s0x87e263d29c3b18ab:0xe3347dea813e7cec!8m2!3d41.8477954!4d-90.1884906!16s%2Fg%2F11rqhy_45n!19sChIJqxg7nNJj4ocR7Hw-gep9NOM?authuser=0&hl=en&rclk=1",auto repair shop,Whiteside County,county,IL,2026-07-27T14:34:34,0x87e263d29c3b18ab:0xe3347dea813e7cec
"Bob's Advanced Auto & Tire, Inc.",(815) 634-0004,https://bobsadvancedautoandtire.com/,,"60 E Chestnut St, Coal City, IL 60416, United States",60 E Chestnut St,Coal City,IL,60416,4.7,238,Car repair and maintenance service,,,"https://www.google.com/maps/place/Bob%27s+Advanced+Auto+%26+Tire,+Inc./data=!4m7!3m6!1s0x880e82629747edd7:0xa721a2a08a192d53!8m2!3d41.2796925!4d-88.2845559!16s%2Fg%2F1td4kq8d!19sChIJ1-1Hl2KCDogRUy0ZiqCiIac?authuser=0&hl=en&rclk=1",auto repair shop,Grundy County,county,IL,2026-07-27T08:01:40,0x880e82629747edd7:0xa721a2a08a192d53
G & L Auto Care Inc.- Towing,(309) 799-5362,https://gandlautocarecenter.com/,,"119 E 23rd Ave, Coal Valley, IL 61240, United States",119 E 23rd Ave,Coal Valley,IL,61240,4.5,75,Auto repair shop,,,https://www.google.com/maps/place/G+%26+L+Auto+Care+Inc.-+Towing/data=!4m7!3m6!1s0x87e22fefbca31963:0x695c17b5e6d7f324!8m2!3d41.4283492!4d-90.4602369!16s%2Fg%2F1tcy4w2c!19sChIJYxmjvO8v4ocRJPPX5rUXXGk?authuser=0&hl=en&rclk=1,auto repair shop,Henry County,county,IL,2026-07-27T08:36:02,0x87e22fefbca31963:0x695c17b5e6d7f324
Meineke Car Care Center,(618) 223-5286,https://www.meineke.com/locations/il/collinsville-262/?utm_source=google&utm_medium=organic&utm_campaign=gbp_website,,"411 Beltline Rd, Collinsville, IL 62234, United States",411 Beltline Rd,Collinsville,IL,62234,4.5,586,Auto repair shop,,,https://www.google.com/maps/place/Meineke+Car+Care+Center/data=!4m7!3m6!1s0x8875ffa6f3339927:0x87aab6071314afd0!8m2!3d38.69134!4d-89.97471!16s%2Fg%2F1hc11gcwm!19sChIJJ5kz86b_dYgR0K8UEwe2qoc?authuser=0&hl=en&rclk=1,auto repair shop,Madison County,county,IL,2026-07-27T11:20:10,0x8875ffa6f3339927:0x87aab6071314afd0
Cooper's Auto Repair Inc.,(618) 281-2869,,,"431 N Main St, Columbia, IL 62236, United States",431 N Main St,Columbia,IL,62236,,,Auto repair shop,,,https://www.google.com/maps/place/Cooper%27s+Auto+Repair+Inc./data=!4m7!3m6!1s0x87d8bb4fd19646d9:0xd1a15aa7ecc65606!8m2!3d38.4463183!4d-90.2038259!16s%2Fg%2F11y8k67fl5!19sChIJ2UaW0U-72IcRBlbG7KdaodE?authuser=0&hl=en&rclk=1,auto repair shop,Monroe County,county,IL,2026-07-27T11:52:47,0x87d8bb4fd19646d9:0xd1a15aa7ecc65606
"Corbly Auto & Tire, Inc.",(309) 448-2247,https://corblyautotire.com/,,"104 N Sharp Ave, Congerville, IL 61729, United States",104 N Sharp Ave,Congerville,IL,61729,5.0,27,Auto repair shop,,,"https://www.google.com/maps/place/Corbly+Auto+%26+Tire,+Inc./data=!4m7!3m6!1s0x880b09c608740c57:0x2705ac306c5bdef0!8m2!3d40.6176765!4d-89.1987518!16s%2Fg%2F1tc_4p44!19sChIJVwx0CMYJC4gR8N5bbDCsBSc?authuser=0&hl=en&rclk=1",auto repair shop,Tazewell County,county,IL,2026-07-27T13:48:41,0x880b09c608740c57:0x2705ac306c5bdef0
"3-D Auto Repair, Inc.",(815) 756-3200,https://dekalbalignment.com/,,"235 S Halwood St, Cortland, IL 60112, United States",235 S Halwood St,Cortland,IL,60112,4.8,317,Auto repair shop,,,"https://www.google.com/maps/place/3-D+Auto+Repair,+Inc./data=!4m7!3m6!1s0x880f29de40cbc1e9:0x9089e46d6f9defd9!8m2!3d41.915655!4d-88.6903143!16s%2Fg%2F1tcysf15!19sChIJ6cHLQN4pD4gR2e-db23kiZA?authuser=0&hl=en&rclk=1",auto repair shop,Kane County,county,IL,2026-07-27T09:36:12,0x880f29de40cbc1e9:0x9089e46d6f9defd9
Garlisch Automotive Services Inc,(815) 754-0121,https://www.garlischautoservices.com/,,"67 W Ellwalk Ave, Cortland, IL 60112, United States",67 W Ellwalk Ave,Cortland,IL,60112,4.9,50,Auto repair shop,,,https://www.google.com/maps/place/Garlisch+Automotive+Services+Inc/data=!4m7!3m6!1s0x880f2a813e3d88ad:0x48ac49cf8ebe0dfc!8m2!3d41.9156661!4d-88.6912928!16s%2Fg%2F11clsdrkz2!19sChIJrYg9PoEqD4gR_A2-js9JrEg?authuser=0&hl=en&rclk=1,auto repair shop,DeKalb County,county,IL,2026-07-24T15:19:40,0x880f2a813e3d88ad:0x48ac49cf8ebe0dfc
Alan's Auto Repair,,,,"105 N 5th St, Coulterville, IL 62237, United States",105 N 5th St,Coulterville,IL,62237,,,Auto repair shop,,,https://www.google.com/maps/place/Alan%27s+Auto+Repair/data=!4m7!3m6!1s0x887645b5a1ca7e95:0x4ce41fd725ee9158!8m2!3d38.1865006!4d-89.6050774!16s%2Fg%2F11j4t6f49f!19sChIJlX7KobVFdogRWJHuJdcf5Ew?authuser=0&hl=en&rclk=1,auto repair shop,Perry County,county,IL,2026-07-27T12:26:36,0x887645b5a1ca7e95:0x4ce41fd725ee9158
Allen's Auto,,,,"1349 Tyler Bridge Rd, Creal Springs, IL 62922, United States",1349 Tyler Bridge Rd,Creal Springs,IL,62922,4.8,11,Auto repair shop,,,https://www.google.com/maps/place/Allen%27s+Auto/data=!4m7!3m6!1s0x88774bcc72fce85d:0x5c69a70d03dd29b6!8m2!3d37.6157351!4d-88.7910891!16s%2Fg%2F11ltky_t4d!19sChIJXej8csxLd4gRtindAw2naVw?authuser=0&hl=en&rclk=1,auto repair shop,Johnson County,county,IL,2026-07-27T09:31:18,0x88774bcc72fce85d:0x5c69a70d03dd29b6
Crest Hill Automotive Repair LLC,,,,"508 Pasadena Ave, Crest Hill, IL 60403, United States",508 Pasadena Ave,Crest Hill,IL,60403,5.0,9,Auto repair shop,,,https://www.google.com/maps/place/Crest+Hill+Automotive+Repair+LLC/data=!4m7!3m6!1s0x880e61744ad0b9a7:0xe30f28fb51e34e2d!8m2!3d41.562052!4d-88.0952069!16s%2Fg%2F11nk0xpj7q!19sChIJp7nQSnRhDogRLU7jUfsoD-M?authuser=0&hl=en&rclk=1,auto repair shop,Will County,county,IL,2026-07-27T14:41:30,0x880e61744ad0b9a7:0xe30f28fb51e34e2d
Meineke Car Care Center,(708) 954-0458,https://www.meineke.com/locations/il/crestwood-2913/?utm_source=google&utm_medium=organic&utm_campaign=gbp_website,,"13845 S Cicero Ave, Crestwood, IL 60445, United States",13845 S Cicero Ave,Crestwood,IL,60445,4.1,476,Auto repair shop,,,https://www.google.com/maps/place/Meineke+Car+Care+Center/data=!4m7!3m6!1s0x880e3d60239da79f:0x8d8f8c49c5874a5d!8m2!3d41.6412552!4d-87.7371915!16s%2Fg%2F11p0125cp2!19sChIJn6edI2A9DogRXUqHxUmMj40?authuser=0&hl=en&rclk=1,auto repair shop,Scott County,county,IL,2026-07-27T13:31:14,0x880e3d60239da79f:0x8d8f8c49c5874a5d
Legend's Automotive,,,,"S Oak St, Cullom, IL 60929, United States",S Oak St,Cullom,IL,60929,4.2,5,Auto repair shop,,,https://www.google.com/maps/place/Legend%27s+Automotive/data=!4m7!3m6!1s0x880c493979152741:0x82d5f1255c985539!8m2!3d40.8778038!4d-88.2700604!16s%2Fg%2F11fct6f_r8!19sChIJQScVeTlJDIgROVWYXCXx1YI?authuser=0&hl=en&rclk=1,auto repair shop,Henderson County,county,IL,2026-07-27T08:28:32,0x880c493979152741:0x82d5f1255c985539
Brock's Used Auto Parts,,,,"2095 IL-150, Cutler, IL 62238, United States",2095 IL-150,Cutler,IL,62238,4.3,23,Auto parts store,,,https://www.google.com/maps/place/Brock%27s+Used+Auto+Parts/data=!4m7!3m6!1s0x88764d9479a6c499:0x35adabae110f0100!8m2!3d38.0385544!4d-89.5647396!16s%2Fg%2F1tg_xvf_!19sChIJmcSmeZRNdogRAAEPEa6rrTU?authuser=0&hl=en&rclk=1,auto repair shop,Perry County,county,IL,2026-07-27T12:26:36,0x88764d9479a6c499:0x35adabae110f0100
J & J Auto Services Inc,(618) 658-9230,https://jjautoserviceinc.com/,,"6165 IL-37, Cypress, IL 62923, United States",6165 IL-37,Cypress,IL,62923,4.4,7,Auto repair shop,,,https://www.google.com/maps/place/J+%26+J+Auto+Services+Inc/data=!4m7!3m6!1s0x88775f006764fa47:0x7020b587462a63a8!8m2!3d37.3509259!4d-89.0183922!16s%2Fg%2F11x2h1q2q7!19sChIJR_pkZwBfd4gRqGMqRoe1IHA?authuser=0&hl=en&rclk=1,auto repair shop,Johnson County,county,IL,2026-07-27T09:31:18,0x88775f006764fa47:0x7020b587462a63a8
Auto Outlet,,,,"108 N North St, Danville, IL 61832, United States",108 N North St,Danville,IL,61832,4.0,6,General store,,,https://www.google.com/maps/place/Auto+Outlet/data=!4m7!3m6!1s0x880d5aacd8bb258d:0x82b6f8c36681e379!8m2!3d40.1302888!4d-87.6973913!16s%2Fg%2F1td0z17_!19sChIJjSW72KxaDYgReeOBZsP4toI?authuser=0&hl=en&rclk=1,auto repair shop,Vermilion County,county,IL,2026-07-27T14:01:47,0x880d5aacd8bb258d:0x82b6f8c36681e379
Burke Spring Inc,(217) 443-1888,http://www.burkespring.com/,,"100 E Ross Ln, Danville, IL 61834, United States",100 E Ross Ln,Danville,IL,61834,4.6,84,Truck repair shop,,,https://www.google.com/maps/place/Burke+Spring+Inc/data=!4m7!3m6!1s0x880d50da4497b271:0xfbf04435a06b55b0!8m2!3d40.0864945!4d-87.6328189!16s%2Fg%2F1vtqwpcm!19sChIJcbKXRNpQDYgRsFVroDVE8Ps?authuser=0&hl=en&rclk=1,auto repair shop,Vermilion County,county,IL,2026-07-27T14:01:47,0x880d50da4497b271:0xfbf04435a06b55b0
Carnaghi Towing & Repair Inc,(217) 446-0333,https://towing-danville.com/,,"2000 Georgetown Rd, Danville, IL 61832, United States",2000 Georgetown Rd,Danville,IL,61832,3.9,158,Towing service,,,https://www.google.com/maps/place/Carnaghi+Towing+%26+Repair+Inc/data=!4m7!3m6!1s0x880d50dcf79be369:0x95d16997d8bc9245!8m2!3d40.0882678!4d-87.6359724!16s%2Fg%2F1w04kpkr!19sChIJaeOb99xQDYgRRZK82Jdp0ZU?authuser=0&hl=en&rclk=1,auto repair shop,Vermilion County,county,IL,2026-07-27T14:01:47,0x880d50dcf79be369:0x95d16997d8bc9245
Carnaghi Towing & Repair Inc,(217) 446-0333,https://towing-danville.com/,,"1110 N Collett St, Danville, IL 61832, United States",1110 N Collett St,Danville,IL,61832,3.8,119,Towing service,,,https://www.google.com/maps/place/Carnaghi+Towing+%26+Repair+Inc/data=!4m7!3m6!1s0x880d598ae7075cdb:0xeab86cfee1f15a67!8m2!3d40.1442293!4d-87.61693!16s%2Fg%2F1hm29l63w!19sChIJ21wH54pZDYgRZ1rx4f5suOo?authuser=0&hl=en&rclk=1,auto repair shop,Vermilion County,county,IL,2026-07-27T14:01:47,0x880d598ae7075cdb:0xeab86cfee1f15a67
Clark's garage,,,,"Williams St, Danville, IL 61832, United States",Williams St,Danville,IL,61832,,,Auto repair shop,,,https://www.google.com/maps/place/Clark%27s+garage/data=!4m7!3m6!1s0x880d5900754ad851:0xc120a777d647c140!8m2!3d40.1335069!4d-87.5898308!16s%2Fg%2F11w3gm_2rr!19sChIJUdhKdQBZDYgRQMFH1nenIME?authuser=0&hl=en&rclk=1,auto repair shop,Vermilion County,county,IL,2026-07-27T14:01:47,0x880d5900754ad851:0xc120a777d647c140
"Courtesy Ford, Inc. Service",(217) 442-1840,https://www.courtesyfordofdanville.com/,,"3533 N Vermilion St, Danville, IL 61832, United States",3533 N Vermilion St,Danville,IL,61832,3.0,2,Auto repair shop,,,"https://www.google.com/maps/place/Courtesy+Ford,+Inc.+Service/data=!4m7!3m6!1s0x880d5b2581b393a1:0x3b82217de5036a1d!8m2!3d40.178355!4d-87.6285516!16s%2Fg%2F11llrr8qfd!19sChIJoZOzgSVbDYgRHWoD5X0hgjs?authuser=0&hl=en&rclk=1",auto repair shop,Vermilion County,county,IL,2026-07-27T14:01:47,0x880d5b2581b393a1:0x3b82217de5036a1d
Matt's Auto Inc.,(217) 799-1485,http://mattsautoinc.com/,,"17085 E 2550 N Rd, Danville, IL 61834, United States",17085 E 2550 N Rd,Danville,IL,61834,5.0,41,Auto repair shop,,,https://www.google.com/maps/place/Matt%27s+Auto+Inc./data=!4m7!3m6!1s0x880d5ea1d4e4aea9:0x60b594938faed932!8m2!3d40.235522!4d-87.620243!16s%2Fg%2F11ggj03ym9!19sChIJqa7k1KFeDYgRMtmuj5OUtWA?authuser=0&hl=en&rclk=1,auto repair shop,Vermilion County,county,IL,2026-07-27T14:01:47,0x880d5ea1d4e4aea9:0x60b594938faed932
Take 5 Oil Change,(217) 655-4543,https://www.take5.com/locations/oil-change/illinois/danville/31489/?utm_source=google&utm_medium=organic&utm_campaign=gbp_website,,"3206 N Vermilion St, Danville, IL 61832, United States",3206 N Vermilion St,Danville,IL,61832,4.7,881,Oil change service,,,https://www.google.com/maps/place/Take+5+Oil+Change/data=!4m7!3m6!1s0x880d5b6cc1457571:0x84d8e4e604e6ce35!8m2!3d40.1753799!4d-87.6305399!16s%2Fg%2F11vl5v88_p!19sChIJcXVFwWxbDYgRNc7mBObk2IQ?authuser=0&hl=en&rclk=1,auto repair shop,Vermilion County,county,IL,2026-07-27T14:01:47,0x880d5b6cc1457571:0x84d8e4e604e6ce35
Walmart Auto Care Center,(217) 443-9560,https://www.walmart.com/store/2491-danville-il/auto-care-center/?veh=seo_loc,,"4101 N Vermilion St A, Danville, IL 61834, United States",4101 N Vermilion St A,Danville,IL,61834,3.3,90,Oil change service,,,https://www.google.com/maps/place/Walmart+Auto+Care+Center/data=!4m7!3m6!1s0x880d5bf7c70c4ea3:0xf73c42fca591c9d3!8m2!3d40.2012644!4d-87.6289297!16s%2Fg%2F11_qtb_7s!19sChIJo04Mx_dbDYgR08mRpfxCPPc?authuser=0&hl=en&rclk=1,auto repair shop,Vermilion County,county,IL,2026-07-27T14:01:47,0x880d5bf7c70c4ea3:0xf73c42fca591c9d3
Youhas Diagnostics,,https://youhasdiagnostics.com/,,"2202 Kickapoo Dr, Danville, IL 61832, United States",2202 Kickapoo Dr,Danville,IL,61832,4.7,12,Diesel engine repair service,,,https://www.google.com/maps/place/Youhas+Diagnostics/data=!4m7!3m6!1s0x880d4f96debef345:0xacf0476c298490e4!8m2!3d40.1255168!4d-87.7018535!16s%2Fg%2F11h9m_tyl5!19sChIJRfO-3pZPDYgR5JCEKWxH8Kw?authuser=0&hl=en&rclk=1,auto repair shop,Vermilion County,county,IL,2026-07-27T14:01:47,0x880d4f96debef345:0xacf0476c298490e4
Dittmer's Service Inc,(563) 322-3113,https://www.dittmersservice.com/,,"1356 W Locust St, Davenport, IA 52804, United States",1356 W Locust St,Davenport,IA,52804,4.7,148,Auto repair shop,,,https://www.google.com/maps/place/Dittmer%27s+Service+Inc/data=!4m7!3m6!1s0x87e234b7c0ba6ccd:0x8902b2afa34b9d59!8m2!3d41.538576!4d-90.593392!16s%2Fg%2F1tl0xx40!19sChIJzWy6wLc04ocRWZ1Lo6-yAok?authuser=0&hl=en&rclk=1,auto repair shop,Henry County,county,IL,2026-07-27T08:36:02,0x87e234b7c0ba6ccd:0x8902b2afa34b9d59
A&H Auto repairs,,,,"N 4th St, DeKalb, IL 60115, United States",N 4th St,DeKalb,IL,60115,5.0,1,Auto repair shop,,,https://www.google.com/maps/place/A%26H+Auto+repairs/data=!4m7!3m6!1s0x880f2b003ad04541:0xfe2e19bb27de0295!8m2!3d41.9330053!4d-88.7483165!16s%2Fg%2F11nqlqr282!19sChIJQUXQOgArD4gRlQLeJ7sZLv4?authuser=0&hl=en&rclk=1,auto repair shop,DeKalb County,county,IL,2026-07-24T15:19:40,0x880f2b003ad04541:0xfe2e19bb27de0295
Archer Alignment Inc.,(815) 756-6246,http://archeralignment.com/,,"In the alley behind Suburban Tire, 424 1/2 E Lincoln Hwy, DeKalb, IL 60115, United States","In the alley behind Suburban Tire, 424 1/2 E Lincoln Hwy",DeKalb,IL,60115,4.7,127,Auto repair shop,,,https://www.google.com/maps/place/Archer+Alignment+Inc./data=!4m7!3m6!1s0x880f2a8a717802bb:0x9e1bb770e8d4e193!8m2!3d41.9290007!4d-88.7497271!16s%2Fg%2F1tklr44r!19sChIJuwJ4cYoqD4gRk-HU6HC3G54?authuser=0&hl=en&rclk=1,auto repair shop,DeKalb County,county,IL,2026-07-24T15:19:40,0x880f2a8a717802bb:0x9e1bb770e8d4e193
Brad Manning Ford Inc Service,(815) 756-6325,https://www.manningford.com/?mcmid=gmbpts&utm_source=gmbpts&utm_medium=social&utm_campaign=brad_manning_ford_service,,"402 Manning Dr, DeKalb, IL 60115, United States",402 Manning Dr,DeKalb,IL,60115,4.8,9,Auto repair shop,,,https://www.google.com/maps/place/Brad+Manning+Ford+Inc+Service/data=!4m7!3m6!1s0x880ed537af1072f1:0x3738e292c2abb023!8m2!3d41.9038277!4d-88.7527822!16s%2Fg%2F11g9vqf160!19sChIJ8XIQrzfVDogRI7CrwpLiODc?authuser=0&hl=en&rclk=1,auto repair shop,DeKalb County,county,IL,2026-07-24T15:19:40,0x880ed537af1072f1:0x3738e292c2abb023
Mars Inc,(815) 756-9019,http://www.marsstarters.com/,,"1827 E Lincoln Hwy, DeKalb, IL 60115, United States",1827 E Lincoln Hwy,DeKalb,IL,60115,4.9,128,Auto electrical service,,,https://www.google.com/maps/place/Mars+Inc/data=!4m7!3m6!1s0x880ed543ea2e1c27:0x1f90e99b0b188d0f!8m2!3d41.9248513!4d-88.7294178!16s%2Fg%2F1tfbcrdg!19sChIJJxwu6kPVDogRD40YC5vpkB8?authuser=0&hl=en&rclk=1,auto repair shop,DeKalb County,county,IL,2026-07-24T15:19:40,0x880ed543ea2e1c27:0x1f90e99b0b188d0f
Midas,(779) 255-1465,https://www.midas.com/store/il/dekalb/1812-sycamore-rd-60115?shopnum=2235,,"1812 Sycamore Rd, DeKalb, IL 60115, United States",1812 Sycamore Rd,DeKalb,IL,60115,4.4,530,Auto repair shop,,,https://www.google.com/maps/place/Midas/data=!4m7!3m6!1s0x880f2a498488e5d1:0xb3bb1d168602e392!8m2!3d41.9466206!4d-88.7322213!16s%2Fg%2F1thd789b!19sChIJ0eWIhEkqD4gRkuMChhYdu7M?authuser=0&hl=en&rclk=1,auto repair shop,DeKalb County,county,IL,2026-07-24T15:19:40,0x880f2a498488e5d1:0xb3bb1d168602e392
Munz motors,,,,"1013 Oak St, DeKalb, IL 60115, United States",1013 Oak St,DeKalb,IL,60115,,,Auto body shop,,,https://www.google.com/maps/place/Munz+motors/data=!4m7!3m6!1s0x880f2b00371116fd:0x9f4fa901d1ff982e!8m2!3d41.930152!4d-88.7404648!16s%2Fg%2F11ld4380zn!19sChIJ_RYRNwArD4gRLpj_0QGpT58?authuser=0&hl=en&rclk=1,auto repair shop,DeKalb County,county,IL,2026-07-24T15:19:40,0x880f2b00371116fd:0x9f4fa901d1ff982e
NAPA Auto Parts - Dekalb,(815) 756-6272,https://www.napaonline.com/en/IL/Dekalb/store/22800?cid=pl_jobber_google_dac_22800_ao,,"607 E Lincoln Hwy, DeKalb, IL 60115, United States",607 E Lincoln Hwy,DeKalb,IL,60115,4.3,71,Auto parts store,,,https://www.google.com/maps/place/NAPA+Auto+Parts+-+Dekalb/data=!4m7!3m6!1s0x880f2a61c1c94f8b:0xd693e3b34e30ad3b!8m2!3d41.928739!4d-88.747377!16s%2Fg%2F1vnnj_70!19sChIJi0_JwWEqD4gRO60wTrPjk9Y?authuser=0&hl=en&rclk=1,auto repair shop,DeKalb County,county,IL,2026-07-24T15:19:40,0x880f2a61c1c94f8b:0xd693e3b34e30ad3b
NIU Huskie Motorsports FSAE,,http://www.huskiemotorsports.com/,,"Engineering Bldg, 590 Garden Rd, DeKalb, IL 60115, United States","Engineering Bldg, 590 Garden Rd",DeKalb,IL,60115,4.7,6,Auto machine shop,,,https://www.google.com/maps/place/NIU+Huskie+Motorsports+FSAE/data=!4m7!3m6!1s0x880f2b35d0e6af77:0x6b3555326d15853a!8m2!3d41.9402067!4d-88.762552!16s%2Fg%2F11r9b5gc03!19sChIJd6_m0DUrD4gROoUVbTJVNWs?authuser=0&hl=en&rclk=1,auto repair shop,DeKalb County,county,IL,2026-07-24T15:19:40,0x880f2b35d0e6af77:0x6b3555326d15853a
"Superior Diesel, Inc.",(815) 748-0754,https://www.superiordiesel.com/,,"197 Harvestore Dr #1, DeKalb, IL 60115, United States",197 Harvestore Dr #1,DeKalb,IL,60115,4.6,28,Truck repair shop,,,"https://www.google.com/maps/place/Superior+Diesel,+Inc./data=!4m7!3m6!1s0x880ed56999fda603:0x8a371f6c7900830a!8m2!3d41.898833!4d-88.7670351!16s%2Fg%2F11ddwz915k!19sChIJA6b9mWnVDogRCoMAeWwfN4o?authuser=0&hl=en&rclk=1",auto repair shop,DeKalb County,county,IL,2026-07-24T15:19:40,0x880ed56999fda603:0x8a371f6c7900830a
The Parts Place Inc.,(630) 365-1800,http://www.thepartsplaceinc.com/,,"630 Enterprise Ave, DeKalb, IL 60115, United States",630 Enterprise Ave,DeKalb,IL,60115,3.6,227,Auto parts store,,,https://www.google.com/maps/place/The+Parts+Place+Inc./data=!4m7!3m6!1s0x880f2a3d4bf45789:0x15b366f9fb3c7db2!8m2!3d41.9333913!4d-88.7202999!16s%2Fg%2F1tdcmkby!19sChIJiVf0Sz0qD4gRsn08-_lmsxU?authuser=0&hl=en&rclk=1,auto repair shop,DeKalb County,county,IL,2026-07-24T15:19:40,0x880f2a3d4bf45789:0x15b366f9fb3c7db2
Valvoline Instant Oil Change,(815) 758-2267,https://store.vioc.com/il/dekalb/2615-sycamore-road?utm_source=google&utm_medium=local&utm_campaign=localsearch,,"2615 Sycamore Rd, DeKalb, IL 60115, United States",2615 Sycamore Rd,DeKalb,IL,60115,4.4,265,Oil change service,,,https://www.google.com/maps/place/Valvoline+Instant+Oil+Change/data=!4m7!3m6!1s0x880f2bcdd7ef497d:0x913c01a22c34ea13!8m2!3d41.95715!4d-88.72197!16s%2Fg%2F1tj7wzm7!19sChIJfUnv180rD4gRE-o0LKIBPJE?authuser=0&hl=en&rclk=1,auto repair shop,DeKalb County,county,IL,2026-07-24T15:19:40,0x880f2bcdd7ef497d:0x913c01a22c34ea13
Walmart Auto Care Center,(815) 758-3629,https://www.walmart.com/store/786-dekalb-il/auto-care-center/?veh=seo_loc,,"2300 Sycamore Rd, DeKalb, IL 60115, United States",2300 Sycamore Rd,DeKalb,IL,60115,3.3,102,Oil change service,,,https://www.google.com/maps/place/Walmart+Auto+Care+Center/data=!4m7!3m6!1s0x880f2a3258bbd73b:0x823b3e6a3288d386!8m2!3d41.949442!4d-88.7214282!16s%2Fg%2F1vn_zk5k!19sChIJO9e7WDIqD4gRhtOIMmo-O4I?authuser=0&hl=en&rclk=1,auto repair shop,DeKalb County,county,IL,2026-07-24T15:19:40,0x880f2a3258bbd73b:0x823b3e6a3288d386
Burkhart Chassis Inc,(217) 963-2557,http://www.burkhartchassis.com/,,"7360 W Main St, Decatur, IL 62522, United States",7360 W Main St,Decatur,IL,62522,4.8,18,Auto repair shop,,,https://www.google.com/maps/place/Burkhart+Chassis+Inc/data=!4m7!3m6!1s0x8874b7c7af82d915:0x812aea16d1e5e93b!8m2!3d39.8421531!4d-89.0747912!16s%2Fg%2F11ckvl18jk!19sChIJFdmCr8e3dIgRO-nl0RbqKoE?authuser=0&hl=en&rclk=1,auto repair shop,Macon County,county,IL,2026-07-27T11:04:48,0x8874b7c7af82d915:0x812aea16d1e5e93b
Danny's Muffler & Brake Inc.,(217) 875-4433,http://dannysmufflershop.com/,,"1965 E Pershing Rd, Decatur, IL 62526, United States",1965 E Pershing Rd,Decatur,IL,62526,4.9,205,Muffler shop,,,https://www.google.com/maps/place/Danny%27s+Muffler+%26+Brake+Inc./data=!4m7!3m6!1s0x8874ae16dd5d30e7:0x45e697e6f1eeb84b!8m2!3d39.8763151!4d-88.9316308!16s%2Fg%2F1tfvzx65!19sChIJ5zBd3RaudIgRS7ju8eaX5kU?authuser=0&hl=en&rclk=1,auto repair shop,Macon County,county,IL,2026-07-27T11:04:47,0x8874ae16dd5d30e7:0x45e697e6f1eeb84b
Donnelly Automotive Machine Inc.,(217) 428-7414,https://www.donnellyautoparts.com/,,"1298 E Eldorado St, Decatur, IL 62521, United States",1298 E Eldorado St,Decatur,IL,62521,4.7,119,Auto parts store,,,https://www.google.com/maps/place/Donnelly+Automotive+Machine+Inc./data=!4m7!3m6!1s0x8874afd659645f4b:0xb2050f09dbf95bec!8m2!3d39.8465232!4d-88.939601!16s%2Fg%2F1tgm3m5z!19sChIJS19kWdavdIgR7Fv52wkPBbI?authuser=0&hl=en&rclk=1,auto repair shop,Macon County,county,IL,2026-07-27T11:04:48,0x8874afd659645f4b:0xb2050f09dbf95bec
Firestone Complete Auto Care,(217) 917-4830,https://www.firestonecompleteautocare.com/illinois/decatur/400-n-main-st/?utm_source=google&utm_medium=organic&utm_campaign=localmaps&cmp=oloc_google_localmaps_maps,,"400 N Main St, Decatur, IL 62523, United States",400 N Main St,Decatur,IL,62523,4.3,349,Tire shop,,,https://www.google.com/maps/place/Firestone+Complete+Auto+Care/data=!4m7!3m6!1s0x8874b03733ab638b:0x7d893ec0da60774a!8m2!3d39.8449636!4d-88.9555362!16s%2Fg%2F1vkxn060!19sChIJi2OrMzewdIgRSndg2sA-iX0?authuser=0&hl=en&rclk=1,auto repair shop,Macon County,county,IL,2026-07-27T11:04:47,0x8874b03733ab638b:0x7d893ec0da60774a
Firestone Complete Auto Care,(217) 917-4427,https://www.firestonecompleteautocare.com/illinois/decatur/2605-n-22nd-st/?utm_source=google&utm_medium=organic&utm_campaign=localmaps&cmp=oloc_google_localmaps_maps,,"2605 N 22nd St, Decatur, IL 62526, United States",2605 N 22nd St,Decatur,IL,62526,4.2,329,Tire shop,,,https://www.google.com/maps/place/Firestone+Complete+Auto+Care/data=!4m7!3m6!1s0x8874ae3e0e0e9f9b:0xfce405e5a20005a3!8m2!3d39.8714128!4d-88.9271355!16s%2Fg%2F1tddyj79!19sChIJm58ODj6udIgRowUAouUF5Pw?authuser=0&hl=en&rclk=1,auto repair shop,Macon County,county,IL,2026-07-27T11:04:47,0x8874ae3e0e0e9f9b:0xfce405e5a20005a3
Full Throttle Automotive Service,,,,"N 23rd St, Decatur, IL 62526, United States",N 23rd St,Decatur,IL,62526,4.5,2,Auto repair shop,,,https://www.google.com/maps/place/Full+Throttle+Automotive+Service/data=!4m7!3m6!1s0x8874ae379af71943:0x9328098aaf4063a5!8m2!3d39.8624388!4d-88.9241285!16s%2Fg%2F11y7x9d5q0!19sChIJQxn3mjeudIgRpWNAr4oJKJM?authuser=0&hl=en&rclk=1,auto repair shop,Macon County,county,IL,2026-07-27T11:04:47,0x8874ae379af71943:0x9328098aaf4063a5
"Newell's Auto Body, Inc.",(217) 290-2800,http://www.newellsautobody.com/,,"996 W Harrison Ave, Decatur, IL 62526, United States",996 W Harrison Ave,Decatur,IL,62526,4.8,483,Auto body shop,,,"https://www.google.com/maps/place/Newell%27s+Auto+Body,+Inc./data=!4m7!3m6!1s0x8874b1b000794715:0xa6662ce64add519d!8m2!3d39.8639395!4d-88.9702387!16s%2Fg%2F1thl65f9!19sChIJFUd5ALCxdIgRnVHdSuYsZqY?authuser=0&hl=en&rclk=1",auto repair shop,Macon County,county,IL,2026-07-27T11:04:47,0x8874b1b000794715:0xa6662ce64add519d
Take 5 Oil Change,(217) 656-2019,https://www.take5.com/locations/oil-change/illinois/decatur/31483/?utm_source=google&utm_medium=organic&utm_campaign=gbp_website,,"3023 N Water St, Decatur, IL 62526, United States",3023 N Water St,Decatur,IL,62526,4.8,679,Oil change service,,,https://www.google.com/maps/place/Take+5+Oil+Change/data=!4m7!3m6!1s0x8874b1b2af5b01f3:0x3172ae704fc0b623!8m2!3d39.8775361!4d-88.9554414!16s%2Fg%2F11l2y1705t!19sChIJ8wFbr7KxdIgRI7bAT3CucjE?authuser=0&hl=en&rclk=1,auto repair shop,Macon County,county,IL,2026-07-27T11:04:47,0x8874b1b2af5b01f3:0x3172ae704fc0b623
Take 5 Oil Change,(217) 619-8791,https://www.take5.com/locations/oil-change/illinois/decatur/31484/?utm_source=google&utm_medium=organic&utm_campaign=gbp_website,,"2002 Mount Zion Rd, Decatur, IL 62521, United States",2002 Mount Zion Rd,Decatur,IL,62521,4.8,879,Oil change service,,,https://www.google.com/maps/place/Take+5+Oil+Change/data=!4m7!3m6!1s0x8874af2bf6922d43:0x72f327802e1c3ba!8m2!3d39.8179029!4d-88.8778278!16s%2Fg%2F11kpv3xbd4!19sChIJQy2S9iuvdIgRusPhAngyLwc?authuser=0&hl=en&rclk=1,auto repair shop,Macon County,county,IL,2026-07-27T11:04:48,0x8874af2bf6922d43:0x72f327802e1c3ba
William's mechanic shop!(treeman),,,,"1000 W Harrison Ave, Decatur, IL 62526, United States",1000 W Harrison Ave,Decatur,IL,62526,5.0,1,Auto repair shop,,,https://www.google.com/maps/place/William%27s+mechanic+shop!%28treeman%29/data=!4m7!3m6!1s0x8874b1651118d511:0xa150837a5f58f8a0!8m2!3d39.8638497!4d-88.9713821!16s%2Fg%2F11scsmqh23!19sChIJEdUYEWWxdIgRoPhYX3qDUKE?authuser=0&hl=en&rclk=1,auto repair shop,Macon County,county,IL,2026-07-27T11:04:47,0x8874b1651118d511:0xa150837a5f58f8a0
"Anderson's Garage & Trucking, Inc.",(217) 723-4513,,,"206 Milton St, Detroit, IL 62363, United States",206 Milton St,Detroit,IL,62363,4.8,21,Truck repair shop,,,"https://www.google.com/maps/place/Anderson%27s+Garage+%26+Trucking,+Inc./data=!4m7!3m6!1s0x87de4a27e0f52609:0xf6fc88d23367057f!8m2!3d39.6188735!4d-90.6763939!16s%2Fg%2F1262v6sk0!19sChIJCSb14CdK3ocRfwVnM9KI_PY?authuser=0&hl=en&rclk=1",auto repair shop,Greene County,county,IL,2026-07-27T07:54:10,0x87de4a27e0f52609:0xf6fc88d23367057f
"Probst Auto Body, Inc.",(217) 925-5331,https://www.probstautobody.com/,,"101 Norb Ave, Dieterich, IL 62424, United States",101 Norb Ave,Dieterich,IL,62424,4.9,331,Auto body shop,,,"https://www.google.com/maps/place/Probst+Auto+Body,+Inc./data=!4m7!3m6!1s0x8873bbdffb49fd4d:0x8a3ddb9c593c63e0!8m2!3d39.0657637!4d-88.3919226!16s%2Fg%2F1tnssp6h!19sChIJTf1J-9-7c4gR4GM8WZzbPYo?authuser=0&hl=en&rclk=1",auto repair shop,Shelby County,county,IL,2026-07-27T13:36:32,0x8873bbdffb49fd4d:0x8a3ddb9c593c63e0
Jameylee's u break it I fix it garage,,,,"10670 E Rileyville Rd, Dix, IL 62830, United States",10670 E Rileyville Rd,Dix,IL,62830,5.0,9,Mechanic,,,https://www.google.com/maps/place/Jameylee%27s+u+break+it+I+fix+it+garage/data=!4m7!3m6!1s0x8876bb2a435550b1:0x46f442568cc3a60e!8m2!3d38.4626619!4d-88.9449591!16s%2Fg%2F11f6y4y0nd!19sChIJsVBVQyq7dogRDqbDjFZC9EY?authuser=0&hl=en&rclk=1,auto repair shop,Bond County,county,IL,2026-07-24T15:03:51,0x8876bb2a435550b1:0x46f442568cc3a60e
Bellini's Custom Welding & Auto Repair Inc,(815) 284-4175,https://www.bellinisdoitall.net/,,"1577 Eldena Rd, Dixon, IL 61021, United States",1577 Eldena Rd,Dixon,IL,61021,4.2,25,Welder,,,https://www.google.com/maps/place/Bellini%27s+Custom+Welding+%26+Auto+Repair+Inc/data=!4m7!3m6!1s0x8809a90fd739692f:0xb01ca817101219d7!8m2!3d41.8124665!4d-89.4472112!16s%2Fg%2F1tjxg79n!19sChIJL2k51w-pCYgR1xkSEBeoHLA?authuser=0&hl=en&rclk=1,auto repair shop,Lee County,county,IL,2026-07-27T10:19:58,0x8809a90fd739692f:0xb01ca817101219d7
Bob Dixon Uhaul Center Inc,(815) 284-1937,,,"751 Bloody Gulch Rd, Dixon, IL 61021, United States",751 Bloody Gulch Rd,Dixon,IL,61021,4.7,63,Truck rental agency,,,https://www.google.com/maps/place/Bob+Dixon+Uhaul+Center+Inc/data=!4m7!3m6!1s0x8809aeb9682aa403:0x823e2148fac43712!8m2!3d41.823083!4d-89.486808!16s%2Fg%2F1tdg_wkb!19sChIJA6QqaLmuCYgREjfE-kghPoI?authuser=0&hl=en&rclk=1,auto repair shop,Lee County,county,IL,2026-07-27T10:19:58,0x8809aeb9682aa403:0x823e2148fac43712
Sellars Shop Llc,,,,"Old US Hwy 51 S, Dongola, IL 62926, United States",Old US Hwy 51 S,Dongola,IL,62926,,,Auto repair shop,,,https://www.google.com/maps/place/Sellars+Shop+Llc/data=!4m7!3m6!1s0x8877615b8071a12f:0xaee185faf5c4746e!8m2!3d37.363784!4d-89.1635706!16s%2Fg%2F11zbt1gybr!19sChIJL6FxgFthd4gRbnTE9fqF4a4?authuser=0&hl=en&rclk=1,auto repair shop,Pulaski County,county,IL,2026-07-27T12:40:53,0x8877615b8071a12f:0xaee185faf5c4746e
Aljets Automotive Inc,(618) 377-5232,https://www.aljetsautomotive.com/,,"4617 Seiler Rd, Dorsey, IL 62021, United States",4617 Seiler Rd,Dorsey,IL,62021,4.9,27,Auto repair shop,,,https://www.google.com/maps/place/Aljets+Automotive+Inc/data=!4m7!3m6!1s0x8875f5589741a7db:0xd5393e06e454c818!8m2!3d38.9739017!4d-90.0002387!16s%2Fg%2F1thq1gbw!19sChIJ26dBl1j1dYgRGMhU5AY-OdU?authuser=0&hl=en&rclk=1,auto repair shop,Jersey County,county,IL,2026-07-27T09:16:40,0x8875f5589741a7db:0xd5393e06e454c818
Professional Auto Center Inc,(618) 542-2064,,,"2385 US-51, Du Quoin, IL 62832, United States",2385 US-51,Du Quoin,IL,62832,4.3,24,Auto repair shop,,,https://www.google.com/maps/place/Professional+Auto+Center+Inc/data=!4m7!3m6!1s0x8876e34ea1856529:0x1ad78b78066f6e85!8m2!3d38.0341404!4d-89.2413848!16s%2Fg%2F1tgx2sg5!19sChIJKWWFoU7jdogRhW5vBniL1xo?authuser=0&hl=en&rclk=1,auto repair shop,Jefferson County,county,IL,2026-07-27T09:08:33,0x8876e34ea1856529:0x1ad78b78066f6e85
Wesley's Auto Body Shop,,,,"1 W Main St, Du Quoin, IL 62832, United States",1 W Main St,Du Quoin,IL,62832,3.3,7,Auto body shop,,,https://www.google.com/maps/place/Wesley%27s+Auto+Body+Shop/data=!4m7!3m6!1s0x880fab79516079fb:0x6b8eab4ece13d106!8m2!3d38.0110864!4d-89.2403763!16s%2Fg%2F11j71stn4x!19sChIJ-3lgUXmrD4gRBtETzk6rjms?authuser=0&hl=en&rclk=1,auto repair shop,Perry County,county,IL,2026-07-27T12:26:36,0x880fab79516079fb:0x6b8eab4ece13d106
Auto Dynamics Inc.,(563) 583-8288,,,"285 Locust St, Dubuque, IA 52001, United States",285 Locust St,Dubuque,IA,52001,4.9,63,Auto repair shop,,,https://www.google.com/maps/place/Auto+Dynamics+Inc./data=!4m7!3m6!1s0x87e32c4b2526f125:0x398ae21c4d1c7566!8m2!3d42.4962053!4d-90.6662381!16s%2Fg%2F1tdskb5r!19sChIJJfEmJUss44cRZnUcTRziijk?authuser=0&hl=en&rclk=1,auto repair shop,Jo Daviess County,county,IL,2026-07-27T09:24:14,0x87e32c4b2526f125:0x398ae21c4d1c7566
"Cedar Cross Service, Inc.",(563) 588-9136,https://cedarcrossserviceinc.com/,,"775 Cedar Cross Rd, Dubuque, IA 52003, United States",775 Cedar Cross Rd,Dubuque,IA,52003,4.8,70,Auto repair shop,,,"https://www.google.com/maps/place/Cedar+Cross+Service,+Inc./data=!4m7!3m6!1s0x87e32c32d7fa12ff:0x11f2fae31732ff33!8m2!3d42.4826024!4d-90.7145711!16s%2Fg%2F1tx15xql!19sChIJ_xL61zIs44cRM_8yF-P68hE?authuser=0&hl=en&rclk=1",auto repair shop,Jo Daviess County,county,IL,2026-07-27T09:24:14,0x87e32c32d7fa12ff:0x11f2fae31732ff33
"Drive Line & Company, Inc.",(563) 583-9966,https://www.drivelineandcompany.com/,,"2461 Kerper Blvd, Dubuque, IA 52001, United States",2461 Kerper Blvd,Dubuque,IA,52001,4.6,82,Truck repair shop,,,"https://www.google.com/maps/place/Drive+Line+%26+Company,+Inc./data=!4m7!3m6!1s0x87e32b113389eb55:0x84ffbaac0d8b1739!8m2!3d42.5245113!4d-90.6523569!16s%2Fg%2F1tknk_ds!19sChIJVeuJMxEr44cROReLDay6_4Q?authuser=0&hl=en&rclk=1",auto repair shop,Jo Daviess County,county,IL,2026-07-27T09:24:14,0x87e32b113389eb55:0x84ffbaac0d8b1739
Firestone Complete Auto Care,(563) 231-2288,https://www.firestonecompleteautocare.com/iowa/dubuque/555-john-f-kennedy-rd/?utm_source=google&utm_medium=organic&utm_campaign=localmaps&cmp=oloc_google_localmaps_maps,,"555 John F Kennedy Rd, Dubuque, IA 52002, United States",555 John F Kennedy Rd,Dubuque,IA,52002,4.2,678,Tire shop,,,https://www.google.com/maps/place/Firestone+Complete+Auto+Care/data=!4m7!3m6!1s0x87e32db72b1d0d7b:0x420096f75113fd16!8m2!3d42.4940528!4d-90.7209884!16s%2Fg%2F1tvq4p3_!19sChIJew0dK7ct44cRFv0TUfeWAEI?authuser=0&hl=en&rclk=1,auto repair shop,Jo Daviess County,county,IL,2026-07-27T09:24:14,0x87e32db72b1d0d7b:0x420096f75113fd16
"J's Performance, Inc.",(563) 584-0231,https://www.jsperformanceinc.com/,,"5205 Pennsylvania Ave, Dubuque, IA 52002, United States",5205 Pennsylvania Ave,Dubuque,IA,52002,4.8,91,Auto repair shop,,,"https://www.google.com/maps/place/J%27s+Performance,+Inc./data=!4m7!3m6!1s0x87e32c2f1ed48775:0xc7373f8e3b2c7256!8m2!3d42.5008392!4d-90.753952!16s%2Fg%2F1tl1jfrw!19sChIJdYfUHi8s44cRVnIsO44_N8c?authuser=0&hl=en&rclk=1",auto repair shop,Jo Daviess County,county,IL,2026-07-27T09:24:14,0x87e32c2f1ed48775:0xc7373f8e3b2c7256
Meineke Car Care Center,(563) 552-0091,https://www.meineke.com/locations/ia/dubuque-645/?utm_source=google&utm_medium=organic&utm_campaign=gbp_website,,"2195 Central Ave, Dubuque, IA 52001, United States",2195 Central Ave,Dubuque,IA,52001,4.6,676,Auto repair shop,,,https://www.google.com/maps/place/Meineke+Car+Care+Center/data=!4m7!3m6!1s0x87e32b793e082d1f:0x22ccc2cf85855604!8m2!3d42.5131453!4d-90.671525!16s%2Fg%2F1hc1pgygj!19sChIJHy0IPnkr44cRBFaFhc_CzCI?authuser=0&hl=en&rclk=1,auto repair shop,Jo Daviess County,county,IL,2026-07-27T09:24:14,0x87e32b793e082d1f:0x22ccc2cf85855604
Midas,(563) 519-3231,https://www.midas.com/store/ia/dubuque/1720-john-f-kennedy-road-52002/?shopnum=2859&utm_source=google&utm_medium=organic&utm_campaign=gbp,,"1720 John F Kennedy Rd, Dubuque, IA 52002, United States",1720 John F Kennedy Rd,Dubuque,IA,52002,4.5,765,Auto repair shop,,,https://www.google.com/maps/place/Midas/data=!4m7!3m6!1s0x87e32dae4268cd73:0x1eda8b0694d1b784!8m2!3d42.5012792!4d-90.7208536!16s%2Fg%2F1tdc15lv!19sChIJc81oQq4t44cRhLfRlAaL2h4?authuser=0&hl=en&rclk=1,auto repair shop,Jo Daviess County,county,IL,2026-07-27T09:24:14,0x87e32dae4268cd73:0x1eda8b0694d1b784
"Precision Transmission Service Of Dubuque, Inc.",(563) 585-0270,,,"3130 Cedar Cross Ct, Dubuque, IA 52003, United States",3130 Cedar Cross Ct,Dubuque,IA,52003,4.1,43,Transmission shop,,,"https://www.google.com/maps/place/Precision+Transmission+Service+Of+Dubuque,+Inc./data=!4m7!3m6!1s0x87e32c33cb7bbf61:0xa9fc26987dddfeee!8m2!3d42.4825656!4d-90.711621!16s%2Fg%2F1tr9nzl6!19sChIJYb97yzMs44cR7v7dfZgm_Kk?authuser=0&hl=en&rclk=1",auto repair shop,Jo Daviess County,county,IL,2026-07-27T09:24:14,0x87e32c33cb7bbf61:0xa9fc26987dddfeee
Spieth Marine Repair Inc.,(618) 843-4191,https://www.spiethrepair.com/,,"4191 County Rd 1600 N, Dundas, IL 62425, United States",4191 County Rd 1600 N,Dundas,IL,62425,4.9,45,Boat repair shop,,,https://www.google.com/maps/place/Spieth+Marine+Repair+Inc./data=!4m7!3m6!1s0x88722df7ae2820d5:0x5ca583a0df32eb3c!8m2!3d38.8024194!4d-88.1047061!16s%2Fg%2F1q62ldx0m!19sChIJ1SAorvctcogRPOsy36CDpVw?authuser=0&hl=en&rclk=1,auto repair shop,Crawford County,county,IL,2026-07-17T18:24:43,0x88722df7ae2820d5:0x5ca583a0df32eb3c
"Coleman & Son Garage, Inc. - 24 Hour Towing, Recovery, & Roadside Assistance",(815) 374-5030,https://colemanandsongarageinc.com/,,"214 E Mazon Ave, Dwight, IL 60420, United States",214 E Mazon Ave,Dwight,IL,60420,4.8,235,Towing service,,,"https://www.google.com/maps/place/Coleman+%26+Son+Garage,+Inc.+-+24+Hour+Towing,+Recovery,+%26+Roadside+Assistance/data=!4m7!3m6!1s0x880c3cc6c4bea85f:0x8d8ca30499ad2b47!8m2!3d41.0945243!4d-88.4244003!16s%2Fg%2F11gf6011j0!19sChIJX6i-xMY8DIgRRyutmQSjjI0?authuser=0&hl=en&rclk=1",auto repair shop,Iroquois County,county,IL,2026-07-27T08:45:10,0x880c3cc6c4bea85f:0x8d8ca30499ad2b47
Auto Tech Inc,(563) 875-2748,http://www.autotechiowa.com/,,"2015 20th Ave SE, Dyersville, IA 52040, United States",2015 20th Ave SE,Dyersville,IA,52040,4.6,121,Auto repair shop,,,https://www.google.com/maps/place/Auto+Tech+Inc/data=!4m7!3m6!1s0x87e353d571db1547:0x8dd8688a424e9cf9!8m2!3d42.4684706!4d-91.0987671!16s%2Fg%2F1tdmw4zk!19sChIJRxXbcdVT44cR-ZxOQopo2I0?authuser=0&hl=en&rclk=1,auto repair shop,Jo Daviess County,county,IL,2026-07-27T09:24:14,0x87e353d571db1547:0x8dd8688a424e9cf9
"Jeff's Auto Service, Inc.",(563) 875-7420,http://www.jeffsautoserviceinc.com/,,"526 2nd Ave SE, Dyersville, IA 52040, United States",526 2nd Ave SE,Dyersville,IA,52040,4.9,133,Auto repair shop,,,"https://www.google.com/maps/place/Jeff%27s+Auto+Service,+Inc./data=!4m7!3m6!1s0x87e353ea5326262b:0x263403748edef16d!8m2!3d42.4840407!4d-91.1182388!16s%2Fg%2F1tf71h1v!19sChIJKyYmU-pT44cRbfHejnQDNCY?authuser=0&hl=en&rclk=1",auto repair shop,Jo Daviess County,county,IL,2026-07-27T09:24:14,0x87e353ea5326262b:0x263403748edef16d
T Boe Inc,(815) 246-8109,,,"1286 Wesley Freebairn Rd, Earlville, IL 60518, United States",1286 Wesley Freebairn Rd,Earlville,IL,60518,4.8,10,Auto repair shop,,,https://www.google.com/maps/place/T+Boe+Inc/data=!4m7!3m6!1s0x8809499af725d2db:0x2f22456e05163437!8m2!3d41.577709!4d-88.9159934!16s%2Fg%2F1v76_79j!19sChIJ29Il95pJCYgRNzQWBW5FIi8?authuser=0&hl=en&rclk=1,auto repair shop,Bureau County,county,IL,2026-07-24T15:14:57,0x8809499af725d2db:0x2f22456e05163437
Rob's Discount Mufflers Inc.,(618) 259-3244,https://robsdiscountmufflers.com/,,"639 E Airline Dr, East Alton, IL 62024, United States",639 E Airline Dr,East Alton,IL,62024,4.8,281,Auto repair shop,,,https://www.google.com/maps/place/Rob%27s+Discount+Mufflers+Inc./data=!4m7!3m6!1s0x87df595e8423e561:0x9ca0fb3e83fe01a3!8m2!3d38.8858932!4d-90.0704511!16s%2Fg%2F1vbl83tp!19sChIJYeUjhF5Z34cRowH-gz77oJw?authuser=0&hl=en&rclk=1,auto repair shop,Jersey County,county,IL,2026-07-27T09:16:40,0x87df595e8423e561:0x9ca0fb3e83fe01a3
Goodyear Auto Service,(309) 694-7100,https://www.goodyear.com/en-us/goodyearautoservice,,"205 N Main St, East Peoria, IL 61611, United States",205 N Main St,East Peoria,IL,61611,4.1,233,Tire shop,,,https://www.google.com/maps/place/Goodyear+Auto+Service/data=!4m7!3m6!1s0x880a5851cf204e91:0x28020de81af85825!8m2!3d40.6680348!4d-89.5787043!16s%2Fg%2F1thqbfhl!19sChIJkU4gz1FYCogRJVj4GugNAig?authuser=0&hl=en&rclk=1,auto repair shop,Tazewell County,county,IL,2026-07-27T13:48:41,0x880a5851cf204e91:0x28020de81af85825
Take 5 Oil Change,(309) 740-2947,https://www.take5.com/locations/oil-change/illinois/east-peoria/30165/?utm_source=google&utm_medium=organic&utm_campaign=gbp_website,,"2505 E Washington St, East Peoria, IL 61611, United States",2505 E Washington St,East Peoria,IL,61611,4.6,767,Oil change service,,,https://www.google.com/maps/place/Take+5+Oil+Change/data=!4m7!3m6!1s0x880a5777ca47bbfb:0xded87688c19fe8cc!8m2!3d40.6754229!4d-89.5382401!16s%2Fg%2F1tdm8xdj!19sChIJ-7tHyndXCogRzOifwYh22N4?authuser=0&hl=en&rclk=1,auto repair shop,Peoria,city,IL,2026-07-27T15:39:12,0x880a5777ca47bbfb:0xded87688c19fe8cc
"Tucker Auto Repair, Inc.",(309) 699-8825,https://tuckerautorepairep.com/,,"111 N East Ln, East Peoria, IL 61611, United States",111 N East Ln,East Peoria,IL,61611,4.2,125,Car repair and maintenance service,,,"https://www.google.com/maps/place/Tucker+Auto+Repair,+Inc./data=!4m7!3m6!1s0x880a5829adecfa29:0x6e4defad2f5eb82c!8m2!3d40.6670461!4d-89.5517532!16s%2Fg%2F1thhl2gg!19sChIJKfrsrSlYCogRLLheL63vTW4?authuser=0&hl=en&rclk=1",auto repair shop,Peoria County,county,IL,2026-07-27T12:16:53,0x880a5829adecfa29:0x6e4defad2f5eb82c
All Type Auto Repair Inc.,(618) 337-4251,,,"3465 Camp Jackson Rd, East St Louis, IL 62206, United States",3465 Camp Jackson Rd,East St Louis,IL,62206,3.9,145,Auto repair shop,,,https://www.google.com/maps/place/All+Type+Auto+Repair+Inc./data=!4m7!3m6!1s0x87d8ae881ff9b677:0x166fa440092f3c13!8m2!3d38.556615!4d-90.111125!16s%2Fg%2F1tdm484f!19sChIJd7b5H4iu2IcREzwvCUCkbxY?authuser=0&hl=en&rclk=1,auto repair shop,St. Clair County,county,IL,2026-07-27T13:13:53,0x87d8ae881ff9b677:0x166fa440092f3c13
"Genuine Automotive, Inc.",(618) 875-2000,http://www.genuineauto.net/,,"4350 New Missouri Ave, East St Louis, IL 62207, United States",4350 New Missouri Ave,East St Louis,IL,62207,4.5,30,Auto repair shop,,,"https://www.google.com/maps/place/Genuine+Automotive,+Inc./data=!4m7!3m6!1s0x87d8adcaf7a3cf31:0x8fb48d1c489ed66d!8m2!3d38.5894037!4d-90.1168492!16s%2Fg%2F1tkf1j0l!19sChIJMc-j98qt2IcRbdaeSByNtI8?authuser=0&hl=en&rclk=1",auto repair shop,St. Clair County,county,IL,2026-07-27T13:13:53,0x87d8adcaf7a3cf31:0x8fb48d1c489ed66d
Shelby's Auto Repair Inc.,(618) 398-1750,http://www.shelbysautomotiverepair.com/,,"5335 State St, East St Louis, IL 62203, United States",5335 State St,East St Louis,IL,62203,4.4,123,Auto repair shop,,,https://www.google.com/maps/place/Shelby%27s+Auto+Repair+Inc./data=!4m7!3m6!1s0x87d8ac5ea82e3c7f:0x26b44fbd5137769d!8m2!3d38.6059515!4d-90.0974729!16s%2Fg%2F1vfp8rdj!19sChIJfzwuqF6s2IcRnXY3Ub1PtCY?authuser=0&hl=en&rclk=1,auto repair shop,St. Clair County,county,IL,2026-07-27T13:13:53,0x87d8ac5ea82e3c7f:0x26b44fbd5137769d
Meineke Car Care Center,(618) 307-6859,https://www.meineke.com/locations/il/edwardsville-2643/?utm_source=google&utm_medium=organic&utm_campaign=gbp_website,,"800 Southwest Pl, Edwardsville, IL 62025, United States",800 Southwest Pl,Edwardsville,IL,62025,4.6,545,Auto repair shop,,,https://www.google.com/maps/place/Meineke+Car+Care+Center/data=!4m7!3m6!1s0x8875f85dbd8a2e2b:0x96c54e3a6e99ad5f!8m2!3d38.785669!4d-89.9803265!16s%2Fg%2F11gcb9wf_x!19sChIJKy6KvV34dYgRX62ZbjpOxZY?authuser=0&hl=en&rclk=1,auto repair shop,Madison County,county,IL,2026-07-27T11:20:10,0x8875f85dbd8a2e2b:0x96c54e3a6e99ad5f
National Brake & Automotive INC.,(618) 656-0267,http://autorepairedwardsville.com/,,"903 Hillsboro Ave, Edwardsville, IL 62025, United States",903 Hillsboro Ave,Edwardsville,IL,62025,4.8,95,Auto repair shop,,,https://www.google.com/maps/place/National+Brake+%26+Automotive+INC./data=!4m7!3m6!1s0x8875f9dc23bf2fad:0x3c105fd22c8598dd!8m2!3d38.8178524!4d-89.9463695!16s%2Fg%2F1tgkj0sy!19sChIJrS-_I9z5dYgR3ZiFLNJfEDw?authuser=0&hl=en&rclk=1,auto repair shop,Madison County,county,IL,2026-07-27T11:20:10,0x8875f9dc23bf2fad:0x3c105fd22c8598dd
"DHB Transmission Specialists, Inc",(217) 342-2726,http://www.dhbtransmissions.com/,,"1705 S Banker St, Effingham, IL 62401, United States",1705 S Banker St,Effingham,IL,62401,4.9,62,Transmission shop,,,"https://www.google.com/maps/place/DHB+Transmission+Specialists,+Inc/data=!4m7!3m6!1s0x887397288857a9e1:0xabd4b76d6ca0b4f7!8m2!3d39.1064609!4d-88.5472686!16s%2Fg%2F11cnbxltgp!19sChIJ4alXiCiXc4gR97SgbG231Ks?authuser=0&hl=en&rclk=1",auto repair shop,Effingham County,county,IL,2026-07-24T15:51:16,0x887397288857a9e1:0xabd4b76d6ca0b4f7
Dan's Glass Inc,(217) 342-9363,http://www.dansgi.com/,,"811 S Maple St, Effingham, IL 62401, United States",811 S Maple St,Effingham,IL,62401,4.7,28,Auto glass shop,,,https://www.google.com/maps/place/Dan%27s+Glass+Inc/data=!4m7!3m6!1s0x887397304b6a1a8d:0x86723feb6d5a3872!8m2!3d39.1150746!4d-88.5513204!16s%2Fg%2F1tjz8p_r!19sChIJjRpqSzCXc4gRcjhabes_coY?authuser=0&hl=en&rclk=1,auto repair shop,Effingham County,county,IL,2026-07-17T19:16:33,0x887397304b6a1a8d:0x86723feb6d5a3872
Dave's Balancing,,,,"801 E Fayette Ave, Effingham, IL 62401, United States",801 E Fayette Ave,Effingham,IL,62401,,,Auto repair shop,,,https://www.google.com/maps/place/Dave%27s+Balancing/data=!4m7!3m6!1s0x88739714064952df:0x55d1ae4d2e9decb5!8m2!3d39.1196995!4d-88.5325324!16s%2Fg%2F11k5lwcv4l!19sChIJ31JJBhSXc4gRteydLk2u0VU?authuser=0&hl=en&rclk=1,auto repair shop,Effingham County,county,IL,2026-07-17T19:16:33,0x88739714064952df:0x55d1ae4d2e9decb5
Double K Auto Glass,,,,"913 E Fayette Ave, Effingham, IL 62401, United States",913 E Fayette Ave,Effingham,IL,62401,5.0,2,Auto glass repair service,,,https://www.google.com/maps/place/Double+K+Auto+Glass/data=!4m7!3m6!1s0x887397de1e827b13:0xf298a1ab53131129!8m2!3d39.12009!4d-88.529967!16s%2Fg%2F11y_hk8jrx!19sChIJE3uCHt6Xc4gRKRETU6uhmPI?authuser=0&hl=en&rclk=1,auto repair shop,Effingham County,county,IL,2026-07-24T15:51:17,0x887397de1e827b13:0xf298a1ab53131129
Firestone Farm Tires,,,,"900 E Fayette Ave, Effingham, IL 62401, United States",900 E Fayette Ave,Effingham,IL,62401,5.0,4,Tire shop,,,https://www.google.com/maps/place/Firestone+Farm+Tires/data=!4m7!3m6!1s0x88739713b8be01bf:0x8894a1e28e0df3d!8m2!3d39.1203269!4d-88.5309448!16s%2Fg%2F11k5ltt82r!19sChIJvwG-uBOXc4gRPd_gKB5KiQg?authuser=0&hl=en&rclk=1,auto repair shop,Effingham County,county,IL,2026-07-24T15:51:16,0x88739713b8be01bf:0x8894a1e28e0df3d
Goeckner Bros Inc - Chrysler Dodge Jeep Ram,(217) 708-3861,https://www.goecknerbros.net/,,"600 E Fayette Ave, Effingham, IL 62401, United States",600 E Fayette Ave,Effingham,IL,62401,4.5,163,Car dealer,,,https://www.google.com/maps/place/Goeckner+Bros+Inc+-+Chrysler+Dodge+Jeep+Ram/data=!4m7!3m6!1s0x88739715c6aaaaab:0x23ff48b89eed0bfc!8m2!3d39.1202364!4d-88.5357759!16s%2Fg%2F11q482_27m!19sChIJq6qqxhWXc4gR_AvtnrhI_yM?authuser=0&hl=en&rclk=1,auto repair shop,Effingham County,county,IL,2026-07-17T19:16:33,0x88739715c6aaaaab:0x23ff48b89eed0bfc
I-70 Truck Center Inc,(217) 342-4120,http://www.i70truckcenterinc.com/,,"710 E Rickelman Ave, Effingham, IL 62401, United States",710 E Rickelman Ave,Effingham,IL,62401,4.6,61,Truck repair shop,,,https://www.google.com/maps/place/I-70+Truck+Center+Inc/data=!4m7!3m6!1s0x887399fec287355b:0xd53ac1e441e4f4ee!8m2!3d39.1525579!4d-88.5294011!16s%2Fg%2F1tfm7djf!19sChIJWzWHwv6Zc4gR7vTkQeTBOtU?authuser=0&hl=en&rclk=1,auto repair shop,Effingham County,county,IL,2026-07-17T19:16:33,0x887399fec287355b:0xd53ac1e441e4f4ee
Redline Automotive Inc.,(217) 500-6299,,,"1615 S Banker St, Effingham, IL 62401, United States",1615 S Banker St,Effingham,IL,62401,5.0,1,Auto repair shop,,,https://www.google.com/maps/place/Redline+Automotive+Inc./data=!4m7!3m6!1s0x8873972f3927dab3:0xc4a2623450ea368b!8m2!3d39.1071867!4d-88.5472538!16s%2Fg%2F11z5gpddmy!19sChIJs9onOS-Xc4gRizbqUDRiosQ?authuser=0&hl=en&rclk=1,auto repair shop,Effingham County,county,IL,2026-07-24T15:51:16,0x8873972f3927dab3:0xc4a2623450ea368b
Roy Schmidt Honda Service Center,,https://www.royschmidthonda.com/,,"1705 W Fayette Ave Suite A, Effingham, IL 62401, United States",1705 W Fayette Ave Suite A,Effingham,IL,62401,5.0,7,Auto repair shop,,,https://www.google.com/maps/place/Roy+Schmidt+Honda+Service+Center/data=!4m7!3m6!1s0x88739161cb999063:0x6da88d930aa22d9!8m2!3d39.1176233!4d-88.5676011!16s%2Fg%2F11j20twr31!19sChIJY5CZy2GRc4gR2SKqMNmI2gY?authuser=0&hl=en&rclk=1,auto repair shop,Effingham County,county,IL,2026-07-24T15:51:17,0x88739161cb999063:0x6da88d930aa22d9
Russ Braunecker Cadillac Buick GMC INC.,(217) 347-0505,https://www.russbrauneckerautogroup.com/,,"2309 S Banker St, Effingham, IL 62401, United States",2309 S Banker St,Effingham,IL,62401,4.7,316,Cadillac dealer,,,https://www.google.com/maps/place/Russ+Braunecker+Cadillac+Buick+GMC+INC./data=!4m7!3m6!1s0x887396d7389dc23b:0x2ae61199f2a91d53!8m2!3d39.0994198!4d-88.5481484!16s%2Fg%2F1tkb5vyp!19sChIJO8KdONeWc4gRUx2p8pkR5io?authuser=0&hl=en&rclk=1,auto repair shop,Effingham County,county,IL,2026-07-17T19:16:33,0x887396d7389dc23b:0x2ae61199f2a91d53
Russ Braunecker Service Deparment,,https://www.russbrauneckerautogroup.com/service,,"2309 S Banker St, Effingham, IL 62401, United States",2309 S Banker St,Effingham,IL,62401,,,Auto repair shop,,,https://www.google.com/maps/place/Russ+Braunecker+Service+Deparment/data=!4m7!3m6!1s0x88739721a5de49eb:0x1eb54fe641316616!8m2!3d39.0994198!4d-88.5481484!16s%2Fg%2F11ywx_jsss!19sChIJ60nepSGXc4gRFmYxQeZPtR4?authuser=0&hl=en&rclk=1,auto repair shop,Effingham County,county,IL,2026-07-24T15:51:16,0x88739721a5de49eb:0x1eb54fe641316616
Scheid Diesel Service Co Inc,(217) 536-5200,https://www.scheiddiesel.com/,,"3120 S Banker St, Effingham, IL 62401, United States",3120 S Banker St,Effingham,IL,62401,4.1,38,Diesel engine repair service,,,https://www.google.com/maps/place/Scheid+Diesel+Service+Co+Inc/data=!4m7!3m6!1s0x887396c80a33912d:0xe8e640b0befce69b!8m2!3d39.0837617!4d-88.5471574!16s%2Fg%2F1tm2bf48!19sChIJLZEzCsiWc4gRm-b8vrBA5ug?authuser=0&hl=en&rclk=1,auto repair shop,Effingham County,county,IL,2026-07-24T15:51:17,0x887396c80a33912d:0xe8e640b0befce69b
"Truck Centers, Inc. - Freightliner Western Star Dealer",(217) 342-3300,http://www.truckcentersinc.com/,,"1700 Gillenwater Ave, Effingham, IL 62401, United States",1700 Gillenwater Ave,Effingham,IL,62401,4.6,464,Truck dealer,,,"https://www.google.com/maps/place/Truck+Centers,+Inc.+-+Freightliner+Western+Star+Dealer/data=!4m7!3m6!1s0x887390c122282f41:0xa0d3e8a57dc74fec!8m2!3d39.1228752!4d-88.571022!16s%2Fg%2F11dxrzdlp4!19sChIJQS8oIsGQc4gR7E_HfaXo06A?authuser=0&hl=en&rclk=1",auto repair shop,Effingham County,county,IL,2026-07-24T15:51:17,0x887390c122282f41:0xa0d3e8a57dc74fec
Valvoline Instant Oil Change,(217) 708-7092,https://store.vioc.com/il/effingham/402-s-henrietta-st?utm_source=google&utm_medium=local&utm_campaign=localsearch,,"402 S Henrietta St, Effingham, IL 62401, United States",402 S Henrietta St,Effingham,IL,62401,4.5,253,Oil change service,,,https://www.google.com/maps/place/Valvoline+Instant+Oil+Change/data=!4m7!3m6!1s0x88739700eff8e879:0x582504108874061e!8m2!3d39.11923!4d-88.55585!16s%2Fg%2F11sjcxcwrg!19sChIJeej47wCXc4gRHgZ0iBAEJVg?authuser=0&hl=en&rclk=1,auto repair shop,Effingham County,county,IL,2026-07-24T15:51:17,0x88739700eff8e879:0x582504108874061e
Valvoline Instant Oil Change,(224) 225-4449,https://store.vioc.com/il/effingham/1904-s-banker-st?utm_source=google&utm_medium=local&utm_campaign=localsearch,,"1904 S Banker St, Effingham, IL 62401, United States",1904 S Banker St,Effingham,IL,62401,4.6,101,Oil change service,,,https://www.google.com/maps/place/Valvoline+Instant+Oil+Change/data=!4m7!3m6!1s0x887397d84a7616c3:0xf61fd9e02423d13d!8m2!3d39.10411!4d-88.54645!16s%2Fg%2F11vylz9_v2!19sChIJwxZ2StiXc4gRPdEjJODZH_Y?authuser=0&hl=en&rclk=1,auto repair shop,Effingham County,county,IL,2026-07-24T15:51:17,0x887397d84a7616c3:0xf61fd9e02423d13d
Walmart Auto Care Center,(217) 347-4192,https://www.walmart.com/store/936-effingham-il/auto-care-center/?veh=seo_loc,,"1204 Ave of Mid-America, Effingham, IL 62401, United States",1204 Ave of Mid-America,Effingham,IL,62401,3.4,129,Oil change service,,,https://www.google.com/maps/place/Walmart+Auto+Care+Center/data=!4m7!3m6!1s0x887390ac1eb1d835:0x7011c2b7d6202f23!8m2!3d39.1413928!4d-88.5612691!16s%2Fg%2F1w0p6cwh!19sChIJNdixHqyQc4gRIy8g1rfCEXA?authuser=0&hl=en&rclk=1,auto repair shop,Effingham County,county,IL,2026-07-24T15:51:17,0x887390ac1eb1d835:0x7011c2b7d6202f23
Heller Ford Sales Inc Service,(866) 644-2215,https://www.hellerfordsales.com/?utm_source=gmbsvc&utm_medium=social&mcmid=gmbsvc,,"700 W Main St, El Paso, IL 61738, United States",700 W Main St,El Paso,IL,61738,3.3,9,Auto repair shop,,,https://www.google.com/maps/place/Heller+Ford+Sales+Inc+Service/data=!4m7!3m6!1s0x880b9990edddacb9:0x23cd5ea0aabf2780!8m2!3d40.7362032!4d-89.0295596!16s%2Fg%2F11ll94s_vk!19sChIJuazd7ZCZC4gRgCe_qqBezSM?authuser=0&hl=en&rclk=1,auto repair shop,Woodford County,county,IL,2026-07-27T15:01:47,0x880b9990edddacb9:0x23cd5ea0aabf2780
AUTOSPORT INC EUROPEAN AUTO SPECIALISTS,(630) 482-5555,https://www.facebook.com/AutosportEuropean,,"801 E North St, Elburn, IL 60119, United States",801 E North St,Elburn,IL,60119,4.8,187,Auto repair shop,,,https://www.google.com/maps/place/AUTOSPORT+INC+EUROPEAN+AUTO+SPECIALISTS/data=!4m7!3m6!1s0x880efdcadcbac497:0x6c21d850e9e3552e!8m2!3d41.8911429!4d-88.4601034!16s%2Fg%2F11bt_jt3fy!19sChIJl8S63Mr9DogRLlXj6VDYIWw?authuser=0&hl=en&rclk=1,auto repair shop,Kane County,county,IL,2026-07-27T09:36:12,0x880efdcadcbac497:0x6c21d850e9e3552e
"Glenn's Auto Body Shop, inc.",(618) 273-3087,,,"310 State Rte 142 S, Eldorado, IL 62930, United States",310 State Rte 142 S,Eldorado,IL,62930,4.9,30,Auto body shop,,,"https://www.google.com/maps/place/Glenn%27s+Auto+Body+Shop,+inc./data=!4m7!3m6!1s0x8870e62ce8d236a3:0x4e995ab74f1cc75e!8m2!3d37.8041547!4d-88.4362059!16s%2Fg%2F1td545c1!19sChIJozbS6CzmcIgRXsccT7damU4?authuser=0&hl=en&rclk=1",auto repair shop,Hamilton County,county,IL,2026-07-27T08:11:07,0x8870e62ce8d236a3:0x4e995ab74f1cc75e
Able-Fox Automotive Inc,(847) 695-6019,,,"213 Wilcox Ave, Elgin, IL 60123, United States",213 Wilcox Ave,Elgin,IL,60123,4.8,63,Auto repair shop,,,https://www.google.com/maps/place/Able-Fox+Automotive+Inc/data=!4m7!3m6!1s0x880f051c507e90ef:0x58c181816521a61b!8m2!3d42.029088!4d-88.2976199!16s%2Fg%2F1thvhjdz!19sChIJ75B-UBwFD4gRG6YhZYGBwVg?authuser=0&hl=en&rclk=1,auto repair shop,Elgin,city,IL,2026-07-27T15:43:59,0x880f051c507e90ef:0x58c181816521a61b
Complete Car Service,,,,"368 Dundee Ave, Elgin, IL 60120, United States",368 Dundee Ave,Elgin,IL,60120,3.7,3,Auto repair shop,,,https://www.google.com/maps/place/Complete+Car+Service/data=!4m7!3m6!1s0x880f05a263b1c789:0xc51816496ffaa306!8m2!3d42.0447385!4d-88.2779917!16s%2Fg%2F11c56rm9p4!19sChIJicexY6IFD4gRBqP6b0kWGMU?authuser=0&hl=en&rclk=1,auto repair shop,Elgin,city,IL,2026-07-27T15:43:59,0x880f05a263b1c789:0xc51816496ffaa306
F&J Auto Repair Inc,(847) 409-4992,,,"674 Laurel St, Elgin, IL 60120, United States",674 Laurel St,Elgin,IL,60120,4.6,11,Auto repair shop,,,https://www.google.com/maps/place/F%26J+Auto+Repair+Inc/data=!4m7!3m6!1s0x880f05162f0a76ad:0x203b668ec555229c!8m2!3d42.034463!4d-88.264598!16s%2Fg%2F11stg5y21x!19sChIJrXYKLxYFD4gRnCJVxY5mOyA?authuser=0&hl=en&rclk=1,auto repair shop,Elgin,city,IL,2026-07-27T15:43:59,0x880f05162f0a76ad:0x203b668ec555229c
Firestone Complete Auto Care,(847) 930-5048,https://www.firestonecompleteautocare.com/illinois/elgin/320-s-randall-rd/?utm_source=google&utm_medium=organic&utm_campaign=localmaps&cmp=oloc_google_localmaps_maps,,"320 S Randall Rd, Elgin, IL 60123, United States",320 S Randall Rd,Elgin,IL,60123,4.1,454,Tire shop,,,https://www.google.com/maps/place/Firestone+Complete+Auto+Care/data=!4m7!3m6!1s0x880f1b2058db5f97:0xadb715f8607687a9!8m2!3d42.0250026!4d-88.3412291!16s%2Fg%2F1tfbcrgh!19sChIJl1_bWCAbD4gRqYd2YPgVt60?authuser=0&hl=en&rclk=1,auto repair shop,Elgin,city,IL,2026-07-27T15:43:59,0x880f1b2058db5f97:0xadb715f8607687a9
J & R Auto Inc.,(847) 741-3019,http://www.jandrautoinc.com/,,"423 N Grove Ave, Elgin, IL 60120, United States",423 N Grove Ave,Elgin,IL,60120,4.9,139,Auto repair shop,,,https://www.google.com/maps/place/J+%26+R+Auto+Inc./data=!4m7!3m6!1s0x880f050acc1eae05:0x1e288cf2886c0ba1!8m2!3d42.0453768!4d-88.2866407!16s%2Fg%2F1v2jdhrd!19sChIJBa4ezAoFD4gRoQtsiPKMKB4?authuser=0&hl=en&rclk=1,auto repair shop,Kane County,county,IL,2026-07-27T09:36:12,0x880f050acc1eae05:0x1e288cf2886c0ba1
Katz Automotive Inc.,(847) 741-7033,,,"438 S State St, Elgin, IL 60123, United States",438 S State St,Elgin,IL,60123,4.9,33,Auto repair shop,,,https://www.google.com/maps/place/Katz+Automotive+Inc./data=!4m7!3m6!1s0x880f045526d8fc69:0x253ff6c55d5ae1ed!8m2!3d42.0251722!4d-88.2829417!16s%2Fg%2F11f7r0lxtq!19sChIJafzYJlUED4gR7eFaXcX2PyU?authuser=0&hl=en&rclk=1,auto repair shop,Elgin,city,IL,2026-07-27T15:43:59,0x880f045526d8fc69:0x253ff6c55d5ae1ed
Pep Boys Auto Service & Tires,(847) 857-6954,https://www.pepboys.com/stores/il/elgin/1020-summit-st?Cid=gbp_appt_AN:PB%7CPB:G%7CTT:GBP%7CCG:CONVERSION%7CCD:SERVICE,,"1020 Summit St, Elgin, IL 60120, United States",1020 Summit St,Elgin,IL,60120,4.4,522,Tire shop,,,https://www.google.com/maps/place/Pep+Boys+Auto+Service+%26+Tires/data=!4m7!3m6!1s0x880f05e7be0aeb79:0x6eaa060e6caedd60!8m2!3d42.0477915!4d-88.2548845!16s%2Fg%2F1tdx98v_!19sChIJeesKvucFD4gRYN2ubA4Gqm4?authuser=0&hl=en&rclk=1,auto repair shop,Elgin,city,IL,2026-07-27T15:43:59,0x880f05e7be0aeb79:0x6eaa060e6caedd60
"Superior Diesel & Auto Care, Inc",(847) 429-2945,http://www.superiordieselandautocareinc.com/,,"154 N Edison Ave, Elgin, IL 60123, United States",154 N Edison Ave,Elgin,IL,60123,4.9,55,Auto repair shop,,,"https://www.google.com/maps/place/Superior+Diesel+%26+Auto+Care,+Inc/data=!4m7!3m6!1s0x880f059e085678a7:0x5f47bd498ab4d44!8m2!3d42.0369197!4d-88.3047198!16s%2Fg%2F11rwl6z4ls!19sChIJp3hWCJ4FD4gRRE2rmNR79AU?authuser=0&hl=en&rclk=1",auto repair shop,Elgin,city,IL,2026-07-27T15:43:59,0x880f059e085678a7:0x5f47bd498ab4d44
VICTOR AUTO INC.,(847) 890-5439,,,"924 Grace St, Elgin, IL 60120, United States",924 Grace St,Elgin,IL,60120,4.8,10,Auto bodywork mechanic,,,https://www.google.com/maps/place/VICTOR+AUTO+INC./data=!4m7!3m6!1s0x880f05321b2007a1:0x358827ad5f604bdb!8m2!3d42.0171676!4d-88.2713511!16s%2Fg%2F11qnkz1dsw!19sChIJoQcgGzIFD4gR20tgX60niDU?authuser=0&hl=en&rclk=1,auto repair shop,Elgin,city,IL,2026-07-27T15:43:59,0x880f05321b2007a1:0x358827ad5f604bdb
Elizabeth Garage Inc,(815) 858-2230,,,"201 N Main St, Elizabeth, IL 61028, United States",201 N Main St,Elizabeth,IL,61028,4.8,65,Auto repair shop,,,https://www.google.com/maps/place/Elizabeth+Garage+Inc/data=!4m7!3m6!1s0x87e2bbfe8a6eef03:0xd17439cc7ea7f775!8m2!3d42.3190298!4d-90.2222811!16s%2Fg%2F1tfcts7g!19sChIJA-9uiv674ocRdfenfsw5dNE?authuser=0&hl=en&rclk=1,auto repair shop,Jo Daviess County,county,IL,2026-07-27T09:24:14,0x87e2bbfe8a6eef03:0xd17439cc7ea7f775
Elwood Auto Center Inc,(815) 423-5505,,,"301 E Mississippi Ave, Elwood, IL 60421, United States",301 E Mississippi Ave,Elwood,IL,60421,4.2,47,Brake shop,,,https://www.google.com/maps/place/Elwood+Auto+Center+Inc/data=!4m7!3m6!1s0x880e7c950b23c259:0xa86216020b01ae83!8m2!3d41.4044099!4d-88.1073566!16s%2Fg%2F1ts1sttg!19sChIJWcIjC5V8DogRg64BCwIWYqg?authuser=0&hl=en&rclk=1,auto repair shop,Grundy County,county,IL,2026-07-27T08:01:40,0x880e7c950b23c259:0xa86216020b01ae83
"Eureka Collision Center, Inc.",(309) 467-4646,https://eurekacollision.com/,,"601 W Court St, Eureka, IL 61530, United States",601 W Court St,Eureka,IL,61530,4.8,47,Auto body shop,,,"https://www.google.com/maps/place/Eureka+Collision+Center,+Inc./data=!4m7!3m6!1s0x880baf28d1ee1707:0xc9c05c98381ac115!8m2!3d40.7220429!4d-89.2808013!16s%2Fg%2F1w97vzf4!19sChIJBxfu0SivC4gRFcEaOJhcwMk?authuser=0&hl=en&rclk=1",auto repair shop,Marshall County,county,IL,2026-07-27T11:28:49,0x880baf28d1ee1707:0xc9c05c98381ac115
Leman Automotive Inc,(309) 303-5417,https://www.lemanautomotive.com/,,"646 County Rd 1200 E, Eureka, IL 61530, United States",646 County Rd 1200 E,Eureka,IL,61530,4.9,150,Auto repair shop,,,https://www.google.com/maps/place/Leman+Automotive+Inc/data=!4m7!3m6!1s0x880ba971c3eb2229:0x6f536d2c4a99614b!8m2!3d40.6825206!4d-89.3096958!16s%2Fg%2F12603qvfq!19sChIJKSLrw3GpC4gRS2GZSixtU28?authuser=0&hl=en&rclk=1,auto repair shop,Woodford County,county,IL,2026-07-27T15:01:47,0x880ba971c3eb2229:0x6f536d2c4a99614b
"Mangold Ford, Inc. Service",(800) 468-0484,https://www.mangoldfordil.com/,,"Rte 24 W, 1100 W Center St, Eureka, IL 61530, United States","Rte 24 W, 1100 W Center St",Eureka,IL,61530,4.6,9,Auto repair shop,,,"https://www.google.com/maps/place/Mangold+Ford,+Inc.+Service/data=!4m7!3m6!1s0x880baf4e63d695a7:0x7f1fa1fba9a3361!8m2!3d40.7187353!4d-89.3003773!16s%2Fg%2F11qpym6f50!19sChIJp5XWY06vC4gRYTOauh_68Qc?authuser=0&hl=en&rclk=1",auto repair shop,Woodford County,county,IL,2026-07-27T15:01:47,0x880baf4e63d695a7:0x7f1fa1fba9a3361
"Midwest Repair, Inc.",(309) 467-2160,https://midwestrepairinc.com/,,"1487 County Rd 1150 N, Eureka, IL 61530, United States",1487 County Rd 1150 N,Eureka,IL,61530,4.7,24,Truck repair shop,,,"https://www.google.com/maps/place/Midwest+Repair,+Inc./data=!4m7!3m6!1s0x880bae57b4e1dfc3:0x7b28b37b6102ddf!8m2!3d40.755871!4d-89.2567272!16s%2Fg%2F1tdp5mhx!19sChIJw9_htFeuC4gR3y0QtjeLsgc?authuser=0&hl=en&rclk=1",auto repair shop,Marshall County,county,IL,2026-07-27T11:28:49,0x880bae57b4e1dfc3:0x7b28b37b6102ddf
"Sancken Automotive, Inc.",(309) 467-2422,https://www.sanckenautomotive.com/,,"609 W Center St, Eureka, IL 61530, United States",609 W Center St,Eureka,IL,61530,4.7,68,Auto repair shop,,,"https://www.google.com/maps/place/Sancken+Automotive,+Inc./data=!4m7!3m6!1s0x880baf29172884e1:0x9783f3e6cf52bd26!8m2!3d40.7207341!4d-89.2813082!16s%2Fg%2F1tfk0f4h!19sChIJ4YQoFymvC4gRJr1Sz-bzg5c?authuser=0&hl=en&rclk=1",auto repair shop,Henderson County,county,IL,2026-07-27T08:28:32,0x880baf29172884e1:0x9783f3e6cf52bd26
Service Center - Sam Leman Chevrolet Inc,(800) 506-1567,https://www.samlemanchevy.com/,,"1040 W Center St, Eureka, IL 61530, United States",1040 W Center St,Eureka,IL,61530,5.0,1,Auto repair shop,,,https://www.google.com/maps/place/Service+Center+-+Sam+Leman+Chevrolet+Inc/data=!4m7!3m6!1s0x880bafcfa12acfbf:0x7766ce36b37a03c6!8m2!3d40.718651!4d-89.2985515!16s%2Fg%2F11x6wn3r9n!19sChIJv88qoc-vC4gRxgN6szbOZnc?authuser=0&hl=en&rclk=1,auto repair shop,Woodford County,county,IL,2026-07-27T15:01:47,0x880bafcfa12acfbf:0x7766ce36b37a03c6
Firestone Complete Auto Care,(618) 208-4160,https://www.firestonecompleteautocare.com/illinois/fairview-heights/90-st-clair-square/?utm_source=google&utm_medium=organic&utm_campaign=localmaps&cmp=oloc_google_localmaps_maps,,"90 St Clair Square, Fairview Heights, IL 62208, United States",90 St Clair Square,Fairview Heights,IL,62208,4.0,373,Tire shop,,,https://www.google.com/maps/place/Firestone+Complete+Auto+Care/data=!4m7!3m6!1s0x887601c0b8a75a65:0xc7453e230d708a55!8m2!3d38.5955291!4d-89.9771895!16s%2Fg%2F1v9lcjpt!19sChIJZVqnuMABdogRVYpwDSM-Rcc?authuser=0&hl=en&rclk=1,auto repair shop,St. Clair County,county,IL,2026-07-27T13:13:53,0x887601c0b8a75a65:0xc7453e230d708a55
"Mark II Tune-Up, Inc.",(618) 398-1636,https://mark2tuneups.com/,,"10505-A Lincoln Trail, Fairview Heights, IL 62208, United States",10505-A Lincoln Trail,Fairview Heights,IL,62208,4.6,75,Auto repair shop,,,"https://www.google.com/maps/place/Mark+II+Tune-Up,+Inc./data=!4m7!3m6!1s0x887601df0cfce051:0x6800b4ffb1ee7d59!8m2!3d38.5932593!4d-89.9987292!16s%2Fg%2F1tlmp225!19sChIJUeD8DN8BdogRWX3usf-0AGg?authuser=0&hl=en&rclk=1",auto repair shop,St. Clair County,county,IL,2026-07-27T13:13:53,0x887601df0cfce051:0x6800b4ffb1ee7d59
Meineke Car Care Center,(618) 688-4626,https://www.meineke.com/locations/il/fairview-heights-418/?utm_source=google&utm_medium=organic&utm_campaign=gbp_website,,"10712 Lincoln Trail, Fairview Heights, IL 62208, United States",10712 Lincoln Trail,Fairview Heights,IL,62208,4.4,510,Auto repair shop,,,https://www.google.com/maps/place/Meineke+Car+Care+Center/data=!4m7!3m6!1s0x887601ddaba0f059:0xedc9596e27ebbda2!8m2!3d38.5924083!4d-89.9932174!16s%2Fg%2F1hc1lw0g3!19sChIJWfCgq90BdogRor3rJ25Zye0?authuser=0&hl=en&rclk=1,auto repair shop,St. Clair County,county,IL,2026-07-27T13:13:53,0x887601ddaba0f059:0xedc9596e27ebbda2
Midas,(618) 503-0081,https://www.midas.com/store/il/fairview-heights/6016-north-illinois-street-62208/?shopnum=2668&utm_source=google&utm_medium=organic&utm_campaign=gbp,,"6016 N Illinois St, Fairview Heights, IL 62208, United States",6016 N Illinois St,Fairview Heights,IL,62208,4.8,777,Auto repair shop,,,https://www.google.com/maps/place/Midas/data=!4m7!3m6!1s0x887601ea50958ef7:0xd494697626b50e00!8m2!3d38.587932!4d-89.984286!16s%2Fg%2F1w2y_63h!19sChIJ946VUOoBdogRAA61JnZplNQ?authuser=0&hl=en&rclk=1,auto repair shop,St. Clair County,county,IL,2026-07-27T13:13:53,0x887601ea50958ef7:0xd494697626b50e00
"Delaney's Auto & AG Center & Repair, Inc.",(563) 744-3613,https://delaneysautoandag.com/,,"107 1st Ave E, Farley, IA 52046, United States",107 1st Ave E,Farley,IA,52046,4.9,41,Auto repair shop,,,"https://www.google.com/maps/place/Delaney%27s+Auto+%26+AG+Center+%26+Repair,+Inc./data=!4m7!3m6!1s0x87e34ee95b04fcf7:0x96b804000578519e!8m2!3d42.4429539!4d-91.0051691!16s%2Fg%2F12610x1ly!19sChIJ9_wEW-lO44cRnlF4BQAEuJY?authuser=0&hl=en&rclk=1",auto repair shop,Jo Daviess County,county,IL,2026-07-27T09:24:14,0x87e34ee95b04fcf7:0x96b804000578519e
Hilliard's Auto Repair Inc,(618) 662-2366,,,"705 E North Ave, Flora, IL 62839, United States",705 E North Ave,Flora,IL,62839,4.6,68,Auto repair shop,,,https://www.google.com/maps/place/Hilliard%27s+Auto+Repair+Inc/data=!4m7!3m6!1s0x8873dfd8e4adfcbb:0x69dd6f3dd592ab0d!8m2!3d38.6715657!4d-88.4769095!16s%2Fg%2F1tg51580!19sChIJu_yt5Njfc4gRDauS1T1v3Wk?authuser=0&hl=en&rclk=1,auto repair shop,Hamilton County,county,IL,2026-07-27T08:11:07,0x8873dfd8e4adfcbb:0x69dd6f3dd592ab0d
Hoefling Tire Services Inc,(812) 753-3831,,,"101 N US-41, Fort Branch, IN 47648, United States",101 N US-41,Fort Branch,IN,47648,4.8,124,Auto repair shop,,,https://www.google.com/maps/place/Hoefling+Tire+Services+Inc/data=!4m7!3m6!1s0x8861040ea0a95cc3:0xe0c63c94887dad8d!8m2!3d38.2474597!4d-87.5685147!16s%2Fg%2F1tdcbjt1!19sChIJw1ypoA4EYYgRja19iJQ8xuA?authuser=0&hl=en&rclk=1,auto repair shop,Wabash County,county,IL,2026-07-27T14:15:26,0x8861040ea0a95cc3:0xe0c63c94887dad8d
"Wilken Auto Body, Inc. & Towing",(319) 372-2864,https://wilkenautobodyincandtowing.com/,,"2181 US-61 BUS, Fort Madison, IA 52627, United States",2181 US-61 BUS,Fort Madison,IA,52627,4.8,38,Auto body shop,,,"https://www.google.com/maps/place/Wilken+Auto+Body,+Inc.+%26+Towing/data=!4m7!3m6!1s0x87e6d60ddab942e7:0x2ed818aed6f29edd!8m2!3d40.6431404!4d-91.2967211!16s%2Fg%2F1v29cl1h!19sChIJ50K52g3W5ocR3Z7y1q4Y2C4?authuser=0&hl=en&rclk=1",auto repair shop,Hancock County,county,IL,2026-07-27T08:20:46,0x87e6d60ddab942e7:0x2ed818aed6f29edd
"Automotive Connections Services, Corp.",(847) 265-3335,,,"143 Christopher Way, Fox Lake, IL 60020, United States",143 Christopher Way,Fox Lake,IL,60020,4.5,22,Auto repair shop,,,"https://www.google.com/maps/place/Automotive+Connections+Services,+Corp./data=!4m7!3m6!1s0x880f84a27c62ae77:0xafd6c670d72542da!8m2!3d42.3913081!4d-88.1796595!16s%2Fg%2F126299q92!19sChIJd65ifKKED4gR2kIl13DG1q8?authuser=0&hl=en&rclk=1",auto repair shop,McHenry County,county,IL,2026-07-27T10:47:48,0x880f84a27c62ae77:0xafd6c670d72542da
Depot Tire & Auto Service Center Inc,(847) 587-4000,http://depottire.com/,,"15 Nippersink Blvd, Fox Lake, IL 60020, United States",15 Nippersink Blvd,Fox Lake,IL,60020,4.8,97,Tire shop,,,https://www.google.com/maps/place/Depot+Tire+%26+Auto+Service+Center+Inc/data=!4m7!3m6!1s0x880f78134143431d:0xe46a431f140617ee!8m2!3d42.3982057!4d-88.1817926!16s%2Fg%2F1tfzy24w!19sChIJHUNDQRN4D4gR7hcGFB9DauQ?authuser=0&hl=en&rclk=1,auto repair shop,McHenry County,county,IL,2026-07-27T10:47:48,0x880f78134143431d:0xe46a431f140617ee
A+ Automotive Inc.,(815) 232-2499,https://aplusautofreeport.com/,,"2086 W Galena Ave, Freeport, IL 61032, United States",2086 W Galena Ave,Freeport,IL,61032,4.6,53,Auto repair shop,,,https://www.google.com/maps/place/A%2B+Automotive+Inc./data=!4m7!3m6!1s0x8808695dfc7b67e5:0x30feb082ebe32461!8m2!3d42.3054009!4d-89.6535683!16s%2Fg%2F1tj2ck_3!19sChIJ5Wd7_F1pCIgRYSTj64Kw_jA?authuser=0&hl=en&rclk=1,auto repair shop,Stephenson County,county,IL,2026-07-27T13:44:20,0x8808695dfc7b67e5:0x30feb082ebe32461
"Auto Repair Specialists, Inc.",(815) 232-3994,https://www.autorepairspecialistsinc.com/,,"3358 IL-26, Freeport, IL 61032, United States",3358 IL-26,Freeport,IL,61032,4.8,115,Auto repair shop,,,"https://www.google.com/maps/place/Auto+Repair+Specialists,+Inc./data=!4m7!3m6!1s0x88086a1bbb3007a9:0x27b91026f9a1bf36!8m2!3d42.2525648!4d-89.6317897!16s%2Fg%2F1tcwm3zw!19sChIJqQcwuxtqCIgRNr-h-SYQuSc?authuser=0&hl=en&rclk=1",auto repair shop,Stephenson County,county,IL,2026-07-27T13:44:20,0x88086a1bbb3007a9:0x27b91026f9a1bf36
"AutoSmart, Inc.",(630) 554-2285,http://www.autosmartnetwork.com/,,"4596 US-20, Freeport, IL 61032, United States",4596 US-20,Freeport,IL,61032,4.9,86,Used car dealer,,,"https://www.google.com/maps/place/AutoSmart,+Inc./data=!4m7!3m6!1s0x880eee11c74ea4cb:0x2a8676cdeef69418!8m2!3d42.2766451!4d-89.5226285!16s%2Fg%2F1tjs5jfd!19sChIJy6ROxxHuDogRGJT27s12hio?authuser=0&hl=en&rclk=1",auto repair shop,Stephenson County,county,IL,2026-07-27T13:44:20,0x880eee11c74ea4cb:0x2a8676cdeef69418
B & T Automotive Inc,(815) 232-7579,https://localplacesguide.com/places/illinois/freeport/auto-repair/b-t-automotive-inc/,,"6780 W Pearl City Rd, Freeport, IL 61032, United States",6780 W Pearl City Rd,Freeport,IL,61032,5.0,47,Auto repair shop,,,https://www.google.com/maps/place/B+%26+T+Automotive+Inc/data=!4m7!3m6!1s0x880814530bc51307:0xfafb1a7416dc4eb0!8m2!3d42.277951!4d-89.74371!16s%2Fg%2F1tk8cpry!19sChIJBxPFC1MUCIgRsE7cFnQa-_o?authuser=0&hl=en&rclk=1,auto repair shop,Jo Daviess County,county,IL,2026-07-27T09:24:14,0x880814530bc51307:0xfafb1a7416dc4eb0
Elite Auto & Tire Inc,(815) 275-1797,http://www.eliteautoandtire.com/,,"1754 N Henderson Rd, Freeport, IL 61032, United States",1754 N Henderson Rd,Freeport,IL,61032,4.6,62,Auto repair shop,,,https://www.google.com/maps/place/Elite+Auto+%26+Tire+Inc/data=!4m7!3m6!1s0x88086eba4ab89727:0xba652b05c73b9e16!8m2!3d42.3265861!4d-89.6129695!16s%2Fg%2F11bzyq87j9!19sChIJJ5e4SrpuCIgRFp47xwUrZbo?authuser=0&hl=en&rclk=1,auto repair shop,Jo Daviess County,county,IL,2026-07-27T09:24:14,0x88086eba4ab89727:0xba652b05c73b9e16
Freeport Auto Center Inc,(815) 232-6601,https://www.freeportautocenter.com/,,"1320 IL-75, Freeport, IL 61032, United States",1320 IL-75,Freeport,IL,61032,4.5,11,Brake shop,,,https://www.google.com/maps/place/Freeport+Auto+Center+Inc/data=!4m7!3m6!1s0x88086f36d21a94db:0x75c7d69d844dc0fb!8m2!3d42.3061516!4d-89.5947967!16s%2Fg%2F1tfpkd3t!19sChIJ25Qa0jZvCIgR-8BNhJ3Wx3U?authuser=0&hl=en&rclk=1,auto repair shop,Jo Daviess County,county,IL,2026-07-27T09:24:14,0x88086f36d21a94db:0x75c7d69d844dc0fb
Honda Service,,,,"3082 IL-26, Freeport, IL 61032, United States",3082 IL-26,Freeport,IL,61032,5.0,1,Auto repair shop,,,https://www.google.com/maps/place/Honda+Service/data=!4m7!3m6!1s0x88086c2fcbe32ec3:0x50cf168e8305fbbb!8m2!3d42.3461332!4d-89.6336235!16s%2Fg%2F11f1wphy8p!19sChIJwy7jyy9sCIgRu_sFg44Wz1A?authuser=0&hl=en&rclk=1,auto repair shop,Stephenson County,county,IL,2026-07-27T13:44:20,0x88086c2fcbe32ec3:0x50cf168e8305fbbb
Jiffy Lube,(815) 233-5322,https://www.jiffylube.com/locations/il/freeport/2655,,"440 E South St, Freeport, IL 61032, United States",440 E South St,Freeport,IL,61032,4.2,258,Oil change service,,,https://www.google.com/maps/place/Jiffy+Lube/data=!4m7!3m6!1s0x8808697157e37d3d:0x42d7aba6670d8deb!8m2!3d42.2808571!4d-89.6095456!16s%2Fg%2F1thvyvz4!19sChIJPX3jV3FpCIgR640NZ6ar10I?authuser=0&hl=en&rclk=1,auto repair shop,Stephenson County,county,IL,2026-07-27T13:44:20,0x8808697157e37d3d:0x42d7aba6670d8deb
Pfeiffer's Engine Specialties Inc,(815) 233-2267,,,"1798 S Smokey Hollow Rd, Freeport, IL 61032, United States",1798 S Smokey Hollow Rd,Freeport,IL,61032,4.6,27,Engine rebuilding service,,,https://www.google.com/maps/place/Pfeiffer%27s+Engine+Specialties+Inc/data=!4m7!3m6!1s0x88086889a3a6fd2d:0x7e4bb5ec20108629!8m2!3d42.2769129!4d-89.5630101!16s%2Fg%2F1vs1sg19!19sChIJLf2mo4loCIgRKYYQIOy1S34?authuser=0&hl=en&rclk=1,auto repair shop,Stephenson County,county,IL,2026-07-27T13:44:20,0x88086889a3a6fd2d:0x7e4bb5ec20108629
Quality Auto Body Inc,(815) 233-2218,http://qualityautobodyinc.net/,,"101 N Adams Ave, Freeport, IL 61032, United States",101 N Adams Ave,Freeport,IL,61032,4.4,21,Auto body shop,,,https://www.google.com/maps/place/Quality+Auto+Body+Inc/data=!4m7!3m6!1s0x8808695b7f4ebdd7:0xad67a70f9733e350!8m2!3d42.3002906!4d-89.6179385!16s%2Fg%2F1thxlm_y!19sChIJ171Of1tpCIgRUOMzlw-nZ60?authuser=0&hl=en&rclk=1,auto repair shop,Stephenson County,county,IL,2026-07-27T13:44:20,0x8808695b7f4ebdd7:0xad67a70f9733e350
Reed's Auto Repair Inc.,(815) 235-8070,https://reedsautorepairinc.net/,,"50 E Monterey St, Freeport, IL 61032, United States",50 E Monterey St,Freeport,IL,61032,4.7,72,Auto repair shop,,,https://www.google.com/maps/place/Reed%27s+Auto+Repair+Inc./data=!4m7!3m6!1s0x88086959a8f4c109:0x7757ac34de3ffcc7!8m2!3d42.3023469!4d-89.6223412!16s%2Fg%2F1thx95x0!19sChIJCcH0qFlpCIgRx_w_3jSsV3c?authuser=0&hl=en&rclk=1,auto repair shop,Stephenson County,county,IL,2026-07-27T13:44:20,0x88086959a8f4c109:0x7757ac34de3ffcc7
Walmart Auto Care Center,(815) 266-2031,https://www.walmart.com/store/1740-freeport-il/auto-care-center/?veh=seo_loc,,"2545 IL-26, Freeport, IL 61032, United States",2545 IL-26,Freeport,IL,61032,2.9,48,Oil change service,,,https://www.google.com/maps/place/Walmart+Auto+Care+Center/data=!4m7!3m6!1s0x88086a238db7d6a5:0x57dd6bd023f27a76!8m2!3d42.2643042!4d-89.6284012!16s%2Fg%2F1vm_ygbk!19sChIJpda3jSNqCIgRdnryI9Br3Vc?authuser=0&hl=en&rclk=1,auto repair shop,Stephenson County,county,IL,2026-07-27T13:44:20,0x88086a238db7d6a5:0x57dd6bd023f27a76
"B&B Truck & Trailer ( Formerly Nichol's Diesel Service, Inc. )",(309) 343-8080,http://www.bandbtrucktrailer.com/,,"579 Knox Rd 1860 N, Galesburg, IL 61401, United States",579 Knox Rd 1860 N,Galesburg,IL,61401,4.9,18,Truck repair shop,,,"https://www.google.com/maps/place/B%26B+Truck+%26+Trailer+%28+Formerly+Nichol%27s+Diesel+Service,+Inc.+%29/data=!4m7!3m6!1s0x87e1950e1410d4eb:0x7cacfc6477188b34!8m2!3d40.9849548!4d-90.3287381!16s%2Fg%2F1t_hzjpt!19sChIJ69QQFA6V4YcRNIsYd2T8rHw?authuser=0&hl=en&rclk=1",auto repair shop,Knox County,county,IL,2026-07-27T09:54:21,0x87e1950e1410d4eb:0x7cacfc6477188b34
Big E's Auto Inc,(309) 351-7517,http://www.bigeauto.com/,,"12 N Chambers St, Galesburg, IL 61401, United States",12 N Chambers St,Galesburg,IL,61401,4.7,163,Auto repair shop,,,https://www.google.com/maps/place/Big+E%27s+Auto+Inc/data=!4m7!3m6!1s0x87e1be3b93dabc4f:0xf9904d814b0785b4!8m2!3d40.9477059!4d-90.3627219!16s%2Fg%2F1q2w2qc0j!19sChIJT7zakzu-4YcRtIUHS4FNkPk?authuser=0&hl=en&rclk=1,auto repair shop,Henderson County,county,IL,2026-07-27T08:28:32,0x87e1be3b93dabc4f:0xf9904d814b0785b4
"Glass Specialty WLC, Inc",(309) 315-3414,https://www.glassspecialtywlc.net/,,"723 E Main St, Galesburg, IL 61401, United States",723 E Main St,Galesburg,IL,61401,4.8,84,Glass repair service,,,"https://www.google.com/maps/place/Glass+Specialty+WLC,+Inc/data=!4m7!3m6!1s0x87e1be176543b10f:0xa3ad0048ce00ab2e!8m2!3d40.947857!4d-90.3587834!16s%2Fg%2F1tfqgbw4!19sChIJD7FDZRe-4YcRLqsAzkgAraM?authuser=0&hl=en&rclk=1",auto repair shop,Knox County,county,IL,2026-07-27T09:54:21,0x87e1be176543b10f:0xa3ad0048ce00ab2e
Walmart Auto Care Center,(309) 343-6852,https://www.walmart.com/store/775-galesburg-il/auto-care-center/?veh=seo_loc,,"659 Knox Square Dr, Galesburg, IL 61401, United States",659 Knox Square Dr,Galesburg,IL,61401,3.1,132,Oil change service,,,https://www.google.com/maps/place/Walmart+Auto+Care+Center/data=!4m7!3m6!1s0x87e1960dc45e5b83:0x22f04071aa37e3cb!8m2!3d40.9817874!4d-90.3598313!16s%2Fg%2F1tm69h0h!19sChIJg1texA2W4YcRy-M3qnFA8CI?authuser=0&hl=en&rclk=1,auto repair shop,Knox County,county,IL,2026-07-27T09:54:21,0x87e1960dc45e5b83:0x22f04071aa37e3cb
"Tarleton's Service, Inc.",(309) 932-2050,http://tarletonservice.com/,,"304 SW 2nd Ave, Galva, IL 61434, United States",304 SW 2nd Ave,Galva,IL,61434,4.7,63,Auto repair shop,,,"https://www.google.com/maps/place/Tarleton%27s+Service,+Inc./data=!4m7!3m6!1s0x87e1fc5704668319:0xde4dd76383c162ba!8m2!3d41.1629626!4d-90.0449417!16s%2Fg%2F1tdjrpr7!19sChIJGYNmBFf84YcRumLBg2PXTd4?authuser=0&hl=en&rclk=1",auto repair shop,Henry County,county,IL,2026-07-27T08:36:02,0x87e1fc5704668319:0xde4dd76383c162ba
Gardner Garage On Rt.66 Inc.,(815) 237-8837,,,"114 N Jackson St, Gardner, IL 60424, United States",114 N Jackson St,Gardner,IL,60424,4.9,35,Auto repair shop,,,https://www.google.com/maps/place/Gardner+Garage+On+Rt.66+Inc./data=!4m7!3m6!1s0x880c2f1e89feb1a3:0xc51e4a52ca2f693!8m2!3d41.1870732!4d-88.3083606!16s%2Fg%2F11j120_zq_!19sChIJo7H-iR4vDIgRk_aiLKXkUQw?authuser=0&hl=en&rclk=1,auto repair shop,Grundy County,county,IL,2026-07-27T08:01:40,0x880c2f1e89feb1a3:0xc51e4a52ca2f693
"Expert Diagnostic Services - EDS Auto Repair, Inc",(630) 232-6560,http://www.edsautorepairinc.net/,,"29 S 8th St, Geneva, IL 60134, United States",29 S 8th St,Geneva,IL,60134,4.9,25,Auto repair shop,,,"https://www.google.com/maps/place/Expert+Diagnostic+Services+-+EDS+Auto+Repair,+Inc/data=!4m7!3m6!1s0x880efd4805e40875:0x72643b37bf74d6d4!8m2!3d41.8879235!4d-88.3144813!16s%2Fg%2F1v6l822v!19sChIJdQjkBUj9DogR1NZ0vzc7ZHI?authuser=0&hl=en&rclk=1",auto repair shop,Kane County,county,IL,2026-07-27T09:36:12,0x880efd4805e40875:0x72643b37bf74d6d4
"Ken's Auto Center, Inc.",(630) 232-9800,https://kensautocentergeneva.com/,,"501 Edison St, Geneva, IL 60134, United States",501 Edison St,Geneva,IL,60134,4.9,129,Auto repair shop,,,"https://www.google.com/maps/place/Ken%27s+Auto+Center,+Inc./data=!4m7!3m6!1s0x880efd446b8f7785:0x8e5056cd2e90cb5c!8m2!3d41.893802!4d-88.310328!16s%2Fg%2F1thx96bn!19sChIJhXePa0T9DogRXMuQLs1WUI4?authuser=0&hl=en&rclk=1",auto repair shop,Kane County,county,IL,2026-07-27T09:36:12,0x880efd446b8f7785:0x8e5056cd2e90cb5c
Germantown Automotive Service Corporation,(618) 694-5820,https://www.gtown-auto.com/,,"9507 Wesclin Rd, Germantown, IL 62245, United States",9507 Wesclin Rd,Germantown,IL,62245,5.0,3,Auto repair shop,,,https://www.google.com/maps/place/Germantown+Automotive+Service+Corporation/data=!4m7!3m6!1s0x88767a276ecd7a77:0xd3f78415f3180371!8m2!3d38.567284!4d-89.5254148!16s%2Fg%2F11gfb4d2c0!19sChIJd3rNbid6dogRcQMY8xWE99M?authuser=0&hl=en&rclk=1,auto repair shop,Woodford County,county,IL,2026-07-27T15:01:47,0x88767a276ecd7a77:0xd3f78415f3180371
Action Auto Werks Inc.,(847) 899-8336,https://actionautowerks.com/,,"160 Industrial Dr, Gilberts, IL 60136, United States",160 Industrial Dr,Gilberts,IL,60136,4.9,65,Auto repair shop,,,https://www.google.com/maps/place/Action+Auto+Werks+Inc./data=!4m7!3m6!1s0x880f10e51f3c9125:0x1879cf3476da65e8!8m2!3d42.0986987!4d-88.3738688!16s%2Fg%2F11b6gjbhzz!19sChIJJZE8H-UQD4gR6GXadjTPeRg?authuser=0&hl=en&rclk=1,auto repair shop,Kane County,county,IL,2026-07-27T09:36:12,0x880f10e51f3c9125:0x1879cf3476da65e8
Quality Motors Inc,(217) 839-3332,https://www.qualitymotorsinc.net/,,"1301 Staunton Rd, Gillespie, IL 62033, United States",1301 Staunton Rd,Gillespie,IL,62033,4.5,49,Auto repair shop,,,https://www.google.com/maps/place/Quality+Motors+Inc/data=!4m7!3m6!1s0x887590545d319445:0xce2465bdfca05e56!8m2!3d39.1157214!4d-89.8161372!16s%2Fg%2F1tgxjth_!19sChIJRZQxXVSQdYgRVl6g_L1lJM4?authuser=0&hl=en&rclk=1,auto repair shop,Greene County,county,IL,2026-07-27T07:54:10,0x887590545d319445:0xce2465bdfca05e56
Pemco Service Co Inc,(815) 265-7364,,,"1040 E 2nd St, Gilman, IL 60938, United States",1040 E 2nd St,Gilman,IL,60938,4.0,4,Auto repair shop,,,https://www.google.com/maps/place/Pemco+Service+Co+Inc/data=!4m7!3m6!1s0x880da525f3ac1a9f:0xa6413ce42788b6be!8m2!3d40.7684978!4d-87.9780953!16s%2Fg%2F1tx47mnv!19sChIJnxqs8yWlDYgRvraIJ-Q8QaY?authuser=0&hl=en&rclk=1,auto repair shop,Iroquois County,county,IL,2026-07-27T08:45:10,0x880da525f3ac1a9f:0xa6413ce42788b6be
Midas,(618) 391-0072,https://www.midas.com/store/il/glen-carbon/3903-s-state-route-159-62034/?shopnum=2214&utm_source=google&utm_medium=organic&utm_campaign=gbp,,"3903 IL-159, Glen Carbon, IL 62034, United States",3903 IL-159,Glen Carbon,IL,62034,4.3,407,Auto repair shop,,,https://www.google.com/maps/place/Midas/data=!4m7!3m6!1s0x8875f906ebadbde1:0x43df225f07871889!8m2!3d38.7749693!4d-89.9571273!16s%2Fg%2F1vfp4d1t!19sChIJ4b2t6wb5dYgRiRiHB18i30M?authuser=0&hl=en&rclk=1,auto repair shop,Madison County,county,IL,2026-07-27T11:20:10,0x8875f906ebadbde1:0x43df225f07871889
Gearhead Auto Repair Inc,(630) 858-8630,http://gearheadautorepair.com/,,"474 Forest Ave, Glen Ellyn, IL 60137, United States",474 Forest Ave,Glen Ellyn,IL,60137,4.7,61,Auto repair shop,,,https://www.google.com/maps/place/Gearhead+Auto+Repair+Inc/data=!4m7!3m6!1s0x880e5311667f3cb9:0x8cc63e305751a6d4!8m2!3d41.8769449!4d-88.0651672!16s%2Fg%2F1tcwm49z!19sChIJuTx_ZhFTDogR1KZRVzA-xow?authuser=0&hl=en&rclk=1,auto repair shop,DuPage County,county,IL,2026-07-24T15:31:44,0x880e5311667f3cb9:0x8cc63e305751a6d4
J & R Auto Repair Inc,(630) 469-9222,http://jandrautorepair.com/,,"574 Pennsylvania Ave, Glen Ellyn, IL 60137, United States",574 Pennsylvania Ave,Glen Ellyn,IL,60137,4.6,63,Auto repair shop,,,https://www.google.com/maps/place/J+%26+R+Auto+Repair+Inc/data=!4m7!3m6!1s0x880e5311319863d3:0x8921e7076aaebd1f!8m2!3d41.8782468!4d-88.0639399!16s%2Fg%2F1tvq4qb9!19sChIJ02OYMRFTDogRH72uagfnIYk?authuser=0&hl=en&rclk=1,auto repair shop,DuPage County,county,IL,2026-07-17T18:56:31,0x880e5311319863d3:0x8921e7076aaebd1f
Premier Automotive Inc.,(618) 208-7205,,,"7321 Herter Industrial Dr, Godfrey, IL 62035, United States",7321 Herter Industrial Dr,Godfrey,IL,62035,4.8,52,Auto repair shop,,,https://www.google.com/maps/place/Premier+Automotive+Inc./data=!4m7!3m6!1s0x87df5ba12e521f2d:0xb47b01bc171ef432!8m2!3d38.9751286!4d-90.1828705!16s%2Fg%2F1tdps6bc!19sChIJLR9SLqFb34cRMvQeF7wBe7Q?authuser=0&hl=en&rclk=1,auto repair shop,Jersey County,county,IL,2026-07-27T09:16:40,0x87df5ba12e521f2d:0xb47b01bc171ef432
"Woodman Collision Center, Inc.",(618) 466-1450,https://www.woodmancollisioncenter.com/,,"4515 N Alby St, Godfrey, IL 62035, United States",4515 N Alby St,Godfrey,IL,62035,4.9,209,Auto body shop,,,"https://www.google.com/maps/place/Woodman+Collision+Center,+Inc./data=!4m7!3m6!1s0x87df430e69690a9d:0x6b7be9a2ec2eda13!8m2!3d38.92799!4d-90.177728!16s%2Fg%2F1vd76gcy!19sChIJnQppaQ5D34cRE9ou7KLpe2s?authuser=0&hl=en&rclk=1",auto repair shop,Jersey County,county,IL,2026-07-27T09:16:40,0x87df430e69690a9d:0x6b7be9a2ec2eda13
K & G Truck Repair Inc,(309) 965-2527,,,"387 IL-117, Goodfield, IL 61742, United States",387 IL-117,Goodfield,IL,61742,4.7,20,Truck repair shop,,,https://www.google.com/maps/place/K+%26+G+Truck+Repair+Inc/data=!4m7!3m6!1s0x880b078800e95791:0xce4e24a2db006b7!8m2!3d40.6430014!4d-89.2713364!16s%2Fg%2F1tgk16fj!19sChIJkVfpAIgHC4gRtwawLUri5Aw?authuser=0&hl=en&rclk=1,auto repair shop,Woodford County,county,IL,2026-07-27T15:01:47,0x880b078800e95791:0xce4e24a2db006b7
BG Auto and Tire Inc.,(618) 797-3330,,,"3825 Pontoon Rd, Granite City, IL 62040, United States",3825 Pontoon Rd,Granite City,IL,62040,4.6,78,Auto repair shop,,,https://www.google.com/maps/place/BG+Auto+and+Tire+Inc./data=!4m7!3m6!1s0x87df5400cbdafd2d:0x1768a13cd3b8bb7!8m2!3d38.7319198!4d-90.0832238!16s%2Fg%2F1vbl83tl!19sChIJLf3aywBU34cRt4s7zROKdgE?authuser=0&hl=en&rclk=1,auto repair shop,Madison County,county,IL,2026-07-27T11:20:10,0x87df5400cbdafd2d:0x1768a13cd3b8bb7
Meineke Car Care Center,(618) 219-8570,https://www.meineke.com/locations/il/granite-city-557/?utm_source=google&utm_medium=organic&utm_campaign=gbp_website,,"2248 Madison Ave, Granite City, IL 62040, United States",2248 Madison Ave,Granite City,IL,62040,4.4,624,Auto repair shop,,,https://www.google.com/maps/place/Meineke+Car+Care+Center/data=!4m7!3m6!1s0x87df527ac69de62f:0xb94a2b505e7a4d94!8m2!3d38.7036365!4d-90.1409094!16s%2Fg%2F1tmqgrn3!19sChIJL-adxnpS34cRlE16XlArSrk?authuser=0&hl=en&rclk=1,auto repair shop,Madison County,county,IL,2026-07-27T11:20:10,0x87df527ac69de62f:0xb94a2b505e7a4d94
"Al Cioni Ford, Inc. Service",(815) 339-2511,https://www.alcioniford.com/,,"504 S Mccoy St, Granville, IL 61326, United States",504 S Mccoy St,Granville,IL,61326,5.0,1,Auto repair shop,,,"https://www.google.com/maps/place/Al+Cioni+Ford,+Inc.+Service/data=!4m7!3m6!1s0x880bd9b86b19aa3f:0x32125f52d0c276bf!8m2!3d41.2586857!4d-89.2284148!16s%2Fg%2F11ll9bttt6!19sChIJP6oZa7jZC4gRv3bC0FJfEjI?authuser=0&hl=en&rclk=1",auto repair shop,Putnam County,county,IL,2026-07-27T12:48:15,0x880bd9b86b19aa3f:0x32125f52d0c276bf
G G Auto Repair,,,,"IL-71, Granville, IL 61326, United States",IL-71,Granville,IL,61326,5.0,1,Auto repair shop,,,https://www.google.com/maps/place/G+G+Auto+Repair/data=!4m7!3m6!1s0x880bd841d2f12137:0xc81f27e1e069fd35!8m2!3d41.2576835!4d-89.2252241!16s%2Fg%2F11fct5r4rr!19sChIJNyHx0kHYC4gRNf1p4OEnH8g?authuser=0&hl=en&rclk=1,auto repair shop,LaSalle County,county,IL,2026-07-27T10:10:33,0x880bd841d2f12137:0xc81f27e1e069fd35
Route 71 Auto Body Inc,(815) 339-9181,,,"202 W Harper Ave, Granville, IL 61326, United States",202 W Harper Ave,Granville,IL,61326,4.9,33,Auto body shop,,,https://www.google.com/maps/place/Route+71+Auto+Body+Inc/data=!4m7!3m6!1s0x880bd83e1820b867:0x5ce1c77d412aa3a7!8m2!3d41.2579383!4d-89.23143!16s%2Fg%2F1ydpvchx4!19sChIJZ7ggGD7YC4gRp6MqQX3H4Vw?authuser=0&hl=en&rclk=1,auto repair shop,LaSalle County,county,IL,2026-07-27T10:10:33,0x880bd83e1820b867:0x5ce1c77d412aa3a7
Davis Truck Repair,,,,"418 S Water St, Grayville, IL 62844, United States",418 S Water St,Grayville,IL,62844,,,Car repair and maintenance service,,,https://www.google.com/maps/place/Davis+Truck+Repair/data=!4m7!3m6!1s0x8871bd44883f22c1:0x3ccde2ee44fea7c4!8m2!3d38.255182!4d-87.9912119!16s%2Fg%2F11vlhjn379!19sChIJwSI_iES9cYgRxKf-RO7izTw?authuser=0&hl=en&rclk=1,auto repair shop,Wabash County,county,IL,2026-07-27T14:15:26,0x8871bd44883f22c1:0x3ccde2ee44fea7c4
Ricks Service Gas/Repair Station,,,,"113 Division St, Grayville, IL 62844, United States",113 Division St,Grayville,IL,62844,5.0,8,Gas station,,,https://www.google.com/maps/place/Ricks+Service+Gas%2FRepair+Station/data=!4m7!3m6!1s0x8871bd98714b2605:0x16a15b400450be87!8m2!3d38.2592829!4d-87.996632!16s%2Fg%2F11nfr9q2_1!19sChIJBSZLcZi9cYgRh75QBEBboRY?authuser=0&hl=en&rclk=1,auto repair shop,Wabash County,county,IL,2026-07-27T14:15:26,0x8871bd98714b2605:0x16a15b400450be87
"Central Illinois Truck Service, Inc.",(618) 664-2646,https://centralillinoistruckservice.com/,,"1713 E Bowman Dr, Greenville, IL 62246, United States",1713 E Bowman Dr,Greenville,IL,62246,4.3,157,Truck repair shop,,,"https://www.google.com/maps/place/Central+Illinois+Truck+Service,+Inc./data=!4m7!3m6!1s0x8874333f0a1bde55:0x35eb09b3ef165de6!8m2!3d38.8807794!4d-89.3792729!16s%2Fg%2F1wbg04s2!19sChIJVd4bCj8zdIgR5l0W77MJ6zU?authuser=0&hl=en&rclk=1",auto repair shop,Bond County,county,IL,2026-07-24T15:03:51,0x8874333f0a1bde55:0x35eb09b3ef165de6
Custom Wrenches Inc.,(618) 664-0159,https://www.customwrenches.com/,,"1102 S Elm St, Greenville, IL 62246, United States",1102 S Elm St,Greenville,IL,62246,4.8,280,Auto repair shop,,,https://www.google.com/maps/place/Custom+Wrenches+Inc./data=!4m7!3m6!1s0x8875ccb7897d72ad:0x771baef48d9011df!8m2!3d38.8832623!4d-89.4074981!16s%2Fg%2F1tc_9f8k!19sChIJrXJ9ibfMdYgR3xGQjfSuG3c?authuser=0&hl=en&rclk=1,auto repair shop,Union County,county,IL,2026-07-27T13:51:59,0x8875ccb7897d72ad:0x771baef48d9011df
"Global Technical Systems, Inc.(GTSi)",(618) 690-0323,https://www.globaltechsys.com/,,"723 S 2nd St, Greenville, IL 62246, United States",723 S 2nd St,Greenville,IL,62246,3.0,2,Auto repair shop,,,"https://www.google.com/maps/place/Global+Technical+Systems,+Inc.%28GTSi%29/data=!4m7!3m6!1s0x8875cd5122eb118f:0x98bcf044564c76e0!8m2!3d38.8862994!4d-89.4128453!16s%2Fg%2F11np471hkk!19sChIJjxHrIlHNdYgR4HZMVkTwvJg?authuser=0&hl=en&rclk=1",auto repair shop,Bond County,county,IL,2026-07-24T15:03:51,0x8875cd5122eb118f:0x98bcf044564c76e0
NAPA Auto Parts - McKay Auto Parts,(618) 664-3221,https://www.napaonline.com/en/IL/Greenville/store/31054?cid=pl_jobber_google_dac_31054_ao,,"711 E Harris Ave, Greenville, IL 62246, United States",711 E Harris Ave,Greenville,IL,62246,4.5,44,Auto parts store,,,https://www.google.com/maps/place/NAPA+Auto+Parts+-+McKay+Auto+Parts/data=!4m7!3m6!1s0x8875ccb14dbd6571:0x574dbba063fb4b31!8m2!3d38.887424!4d-89.403374!16s%2Fg%2F1tvw5pbw!19sChIJcWW9TbHMdYgRMUv7Y6C7TVc?authuser=0&hl=en&rclk=1,auto repair shop,Bond County,county,IL,2026-07-24T15:03:51,0x8875ccb14dbd6571:0x574dbba063fb4b31
Valvoline Express Care,(618) 664-0002,https://locations.expresscare.com/il/greenville/0000423026/?utm_source=Google&utm_medium=Maps&utm_campaign=Google+Places,,"210 S 3rd St, Greenville, IL 62246, United States",210 S 3rd St,Greenville,IL,62246,4.5,39,Oil change service,,,https://www.google.com/maps/place/Valvoline+Express+Care/data=!4m7!3m6!1s0x8875ccbcbd606d2d:0xdabfddbc4c45f740!8m2!3d38.8908406!4d-89.4130823!16s%2Fg%2F11clsx678t!19sChIJLW1gvbzMdYgRQPdFTLzdv9o?authuser=0&hl=en&rclk=1,auto repair shop,Bond County,county,IL,2026-07-24T15:03:51,0x8875ccbcbd606d2d:0xdabfddbc4c45f740
Z-1 Automotive Inc,(618) 664-4989,http://z1automotive.com/,,"922 E Harris Ave, Greenville, IL 62246, United States",922 E Harris Ave,Greenville,IL,62246,4.7,221,Car repair and maintenance service,,,https://www.google.com/maps/place/Z-1+Automotive+Inc/data=!4m7!3m6!1s0x8875ccb386177ad9:0x3e15a3be803c3c58!8m2!3d38.8868443!4d-89.4007629!16s%2Fg%2F1tdy56jh!19sChIJ2XoXhrPMdYgRWDw8gL6jFT4?authuser=0&hl=en&rclk=1,auto repair shop,Montgomery County,county,IL,2026-07-27T11:57:03,0x8875ccb386177ad9:0x3e15a3be803c3c58
Hainesville Firestone,(847) 986-3579,http://www.hainesvillefirestone.com/,,"100 W Main St, Hainesville, IL 60073, United States",100 W Main St,Hainesville,IL,60073,4.8,217,Auto repair shop,,,https://www.google.com/maps/place/Hainesville+Firestone/data=!4m7!3m6!1s0x880f9b0cf6c7a36f:0x54870319041a2b84!8m2!3d42.3460927!4d-88.0706357!16s%2Fg%2F1tl1jh4b!19sChIJb6PH9gybD4gRhCsaBBkDh1Q?authuser=0&hl=en&rclk=1,auto repair shop,Lake County,county,IL,2026-07-27T09:59:24,0x880f9b0cf6c7a36f:0x54870319041a2b84
"Hamel Sales & Service, Inc.",(618) 633-2633,,,"1st St, Hamel, IL 62046, United States",1st St,Hamel,IL,62046,4.6,45,Auto repair shop,,,"https://www.google.com/maps/place/Hamel+Sales+%26+Service,+Inc./data=!4m7!3m6!1s0x8875ee1bdff86027:0x30cdc86a0cf10566!8m2!3d38.8881591!4d-89.8444892!16s%2Fg%2F1tg3bvsp!19sChIJJ2D43xvudYgRZgXxDGrIzTA?authuser=0&hl=en&rclk=1",auto repair shop,Madison County,county,IL,2026-07-27T11:20:10,0x8875ee1bdff86027:0x30cdc86a0cf10566
Hampshire Auto Works Inc,(847) 464-5149,http://hampshireautoworks.com/,,"41W869 US-20, Hampshire, IL 60140, United States",41W869 US-20,Hampshire,IL,60140,4.5,18,Auto repair shop,,,https://www.google.com/maps/place/Hampshire+Auto+Works+Inc/data=!4m7!3m6!1s0x880f19aac524945b:0x9e641881d83df554!8m2!3d42.0659328!4d-88.4332386!16s%2Fg%2F11q3g4wxl4!19sChIJW5QkxaoZD4gRVPU92IEYZJ4?authuser=0&hl=en&rclk=1,auto repair shop,White County,county,IL,2026-07-27T14:28:29,0x880f19aac524945b:0x9e641881d83df554
J R Auto Repair,,,,"101 Rose St, Harrisburg, IL 62946, United States",101 Rose St,Harrisburg,IL,62946,4.5,17,Auto repair shop,,,https://www.google.com/maps/place/J+R+Auto+Repair/data=!4m7!3m6!1s0x8870c39660f0f4ff:0xf584129841f155e4!8m2!3d37.7424728!4d-88.5395573!16s%2Fg%2F1tf_tm4v!19sChIJ__TwYJbDcIgR5FXxQZgShPU?authuser=0&hl=en&rclk=1,auto repair shop,Hamilton County,county,IL,2026-07-27T08:11:07,0x8870c39660f0f4ff:0xf584129841f155e4
"Jim Hayes Ford, Inc. Service",(855) 628-0201,https://www.jimhayesford.com/,,"2130 US-45, Harrisburg, IL 62946, United States",2130 US-45,Harrisburg,IL,62946,4.2,156,Auto repair shop,,,"https://www.google.com/maps/place/Jim+Hayes+Ford,+Inc.+Service/data=!4m7!3m6!1s0x8870c2fb6f8c4d9f:0xeb71f85ec9aca086!8m2!3d37.7633119!4d-88.5115782!16s%2Fg%2F11_t_rc53!19sChIJn02Mb_vCcIgRhqCsyV74ces?authuser=0&hl=en&rclk=1",auto repair shop,Hamilton County,county,IL,2026-07-27T08:11:07,0x8870c2fb6f8c4d9f:0xeb71f85ec9aca086
"Johnson Engines, INC.",(618) 252-2629,,,"6405 IL-145, Harrisburg, IL 62946, United States",6405 IL-145,Harrisburg,IL,62946,4.8,21,Car repair and maintenance service,,,"https://www.google.com/maps/place/Johnson+Engines,+INC./data=!4m7!3m6!1s0x8870c09be2d132a3:0x1c72b402f6c8aa4f!8m2!3d37.635448!4d-88.5316779!16s%2Fg%2F1trprk5x!19sChIJozLR4pvAcIgRT6rI9gK0chw?authuser=0&hl=en&rclk=1",auto repair shop,Pope County,county,IL,2026-07-27T12:36:00,0x8870c09be2d132a3:0x1c72b402f6c8aa4f
B & B Motors Inc Service,(309) 543-2224,https://www.bbmotors.net/,,"318 S Schrader St, Havana, IL 62644, United States",318 S Schrader St,Havana,IL,62644,5.0,1,Auto repair shop,,,https://www.google.com/maps/place/B+%26+B+Motors+Inc+Service/data=!4m7!3m6!1s0x87e01f35ceee628f:0x50fe4ec80e4e732e!8m2!3d40.297157!4d-90.0655166!16s%2Fg%2F11qpydpvrv!19sChIJj2LuzjUf4IcRLnNODshO_lA?authuser=0&hl=en&rclk=1,auto repair shop,Mason County,county,IL,2026-07-27T11:35:42,0x87e01f35ceee628f:0x50fe4ec80e4e732e
Top Gun Auto Repair Inc.,(708) 335-2271,https://www.topgunauto.net/,,"17091 S Wood St, Hazel Crest, IL 60429, United States",17091 S Wood St,Hazel Crest,IL,60429,4.1,67,Auto repair shop,,,https://www.google.com/maps/place/Top+Gun+Auto+Repair+Inc./data=!4m7!3m6!1s0x880e2281b2cda2e5:0x9eed0d04c6d3858b!8m2!3d41.579261!4d-87.660363!16s%2Fg%2F1tfbj99z!19sChIJ5aLNsoEiDogRi4XTxgQN7Z4?authuser=0&hl=en&rclk=1,auto repair shop,Woodford County,county,IL,2026-07-27T15:01:47,0x880e2281b2cda2e5:0x9eed0d04c6d3858b
Foley Motors Inc.,(309) 364-4711,http://www.foleymotorsinc.com/,,"404 Jackson St, Henry, IL 61537, United States",404 Jackson St,Henry,IL,61537,4.5,24,Used car dealer,,,https://www.google.com/maps/place/Foley+Motors+Inc./data=!4m7!3m6!1s0x880bcd7b3211fadb:0x2a6283d1f0e4dc33!8m2!3d41.1100708!4d-89.3703431!16s%2Fg%2F11c0pj99rk!19sChIJ2_oRMnvNC4gRM9zk8NGDYio?authuser=0&hl=en&rclk=1,auto repair shop,Putnam County,county,IL,2026-07-27T12:48:15,0x880bcd7b3211fadb:0x2a6283d1f0e4dc33
NAPA Auto Parts - Henry Auto Parts,(309) 364-2455,https://www.napaonline.com/en/IL/Henry/store/26845?cid=pl_jobber_google_dac_26845_ao,,"800 University Ave, Henry, IL 61537, United States",800 University Ave,Henry,IL,61537,4.6,36,Auto parts store,,,https://www.google.com/maps/place/NAPA+Auto+Parts+-+Henry+Auto+Parts/data=!4m7!3m6!1s0x880bcd7b4ff4fb65:0x2baf9aff2a303195!8m2!3d41.111634!4d-89.36896!16s%2Fg%2F1q62jz807!19sChIJZfv0T3vNC4gRlTEwKv-arys?authuser=0&hl=en&rclk=1,auto repair shop,Putnam County,county,IL,2026-07-27T12:48:15,0x880bcd7b4ff4fb65:0x2baf9aff2a303195
"Stillwells Auto Sales, Inc.",(309) 364-2600,http://stillwellsbuyherepayhere.com/,,"429 University Ave, Henry, IL 61537, United States",429 University Ave,Henry,IL,61537,4.6,57,Used car dealer,,,"https://www.google.com/maps/place/Stillwells+Auto+Sales,+Inc./data=!4m7!3m6!1s0x880bcd6f1c9ad00d:0xb8cbad1b2d8a22e!8m2!3d41.1065531!4d-89.3733128!16s%2Fg%2F113h39bp0!19sChIJDdCaHG_NC4gRLqLYstG6jAs?authuser=0&hl=en&rclk=1",auto repair shop,Putnam County,county,IL,2026-07-27T12:48:15,0x880bcd6f1c9ad00d:0xb8cbad1b2d8a22e
ADR Highland Inc.,(618) 654-4913,https://adrhighland.com/,,"140 Matter Dr, Highland, IL 62249, United States",140 Matter Dr,Highland,IL,62249,4.7,74,Auto repair shop,,,https://www.google.com/maps/place/ADR+Highland+Inc./data=!4m7!3m6!1s0x8875dde4fe283309:0x6f2d6c4cecdf4ef6!8m2!3d38.7433076!4d-89.6891574!16s%2Fg%2F11bycg8t0_!19sChIJCTMo_uTddYgR9k7f7ExsLW8?authuser=0&hl=en&rclk=1,auto repair shop,Montgomery County,county,IL,2026-07-27T11:57:03,0x8875dde4fe283309:0x6f2d6c4cecdf4ef6
Auto Tech Automotive Inc,(618) 654-4151,http://autotechil.com/,,"22008 St Rose Rd, Highland, IL 62249, United States",22008 St Rose Rd,Highland,IL,62249,4.4,32,Auto repair shop,,,https://www.google.com/maps/place/Auto+Tech+Automotive+Inc/data=!4m7!3m6!1s0x8875d98ef8727ae5:0x2418e571c37fc17e!8m2!3d38.7285088!4d-89.5742193!16s%2Fg%2F1w4f8v_f!19sChIJ5Xpy-I7ZdYgRfsF_w3HlGCQ?authuser=0&hl=en&rclk=1,auto repair shop,Henderson County,county,IL,2026-07-27T08:28:32,0x8875d98ef8727ae5:0x2418e571c37fc17e
Carquest Auto Parts - NORTHTOWN AUTO & TRACTOR INC,(618) 654-7551,https://www.carquest.com/locations/il/highland/7608/,,"215 Suppiger Ln, Highland, IL 62249, United States",215 Suppiger Ln,Highland,IL,62249,4.6,43,Auto parts store,,,https://www.google.com/maps/place/Carquest+Auto+Parts+-+NORTHTOWN+AUTO+%26+TRACTOR+INC/data=!4m7!3m6!1s0x8875ddc11111dab1:0xaf34346dd06eeb41!8m2!3d38.7541858!4d-89.6796316!16s%2Fg%2F1tj1n86x!19sChIJsdoREcHddYgRQetu0G00NK8?authuser=0&hl=en&rclk=1,auto repair shop,Bond County,county,IL,2026-07-24T15:03:51,0x8875ddc11111dab1:0xaf34346dd06eeb41
Larry's Tire & Battery Inc,(618) 654-3112,https://www.facebook.com/Larrys-Tire-Battery-247610245319869/,,"526 Poplar St, Highland, IL 62249, United States",526 Poplar St,Highland,IL,62249,4.9,57,Tire shop,,,https://www.google.com/maps/place/Larry%27s+Tire+%26+Battery+Inc/data=!4m7!3m6!1s0x8875ddd0737d8217:0x26e6bb0e99afbd82!8m2!3d38.74614!4d-89.6722251!16s%2Fg%2F1tffkjm9!19sChIJF4J9c9DddYgRgr2vmQ675iY?authuser=0&hl=en&rclk=1,auto repair shop,Bond County,county,IL,2026-07-24T15:03:51,0x8875ddd0737d8217:0x26e6bb0e99afbd82
Meineke Car Care Center,(618) 623-4213,https://www.meineke.com/locations/il/highland-2586/?utm_source=google&utm_medium=organic&utm_campaign=gbp_website,,"2621 Villa Park Dr, Highland, IL 62249, United States",2621 Villa Park Dr,Highland,IL,62249,4.3,491,Auto repair shop,,,https://www.google.com/maps/place/Meineke+Car+Care+Center/data=!4m7!3m6!1s0x8875ddc25b7a73b9:0xd55f70241584cf37!8m2!3d38.7501592!4d-89.6804604!16s%2Fg%2F11cn972c2v!19sChIJuXN6W8LddYgRN8-EFSRwX9U?authuser=0&hl=en&rclk=1,auto repair shop,Montgomery County,county,IL,2026-07-27T11:57:03,0x8875ddc25b7a73b9:0xd55f70241584cf37
"Tri Ford, Inc. Service",(618) 654-2122,https://www.trifordhighland.com/?utm_source=gmbsvc&utm_medium=social&mcmid=gmbsvc,,"12610 IL-143, Highland, IL 62249, United States",12610 IL-143,Highland,IL,62249,4.0,2,Auto repair shop,,,"https://www.google.com/maps/place/Tri+Ford,+Inc.+Service/data=!4m7!3m6!1s0x8875dd9c3e8db1eb:0x9f7ba357f237c340!8m2!3d38.7508265!4d-89.6818045!16s%2Fg%2F11n099cwg9!19sChIJ67GNPpzddYgRQMM38leje58?authuser=0&hl=en&rclk=1",auto repair shop,Bond County,county,IL,2026-07-24T15:03:51,0x8875dd9c3e8db1eb:0x9f7ba357f237c340
Ultimate Collision Center Inc.,(217) 532-6419,http://ultimatecollisioncenterinc.com/,,"9109 IL-127, Hillsboro, IL 62049, United States",9109 IL-127,Hillsboro,IL,62049,4.7,26,Auto body shop,,,https://www.google.com/maps/place/Ultimate+Collision+Center+Inc./data=!4m7!3m6!1s0x8875ae31a560f095:0xded9a698ad1ce209!8m2!3d39.13372!4d-89.486416!16s%2Fg%2F1vj5_zb3!19sChIJlfBgpTGudYgRCeIcrZim2d4?authuser=0&hl=en&rclk=1,auto repair shop,Macoupin County,county,IL,2026-07-27T11:12:39,0x8875ae31a560f095:0xded9a698ad1ce209
"Don's Auto Center, Inc.",(217) 896-2817,http://www.donhapp.com/,,"202 N Main St, Homer, IL 61849, United States",202 N Main St,Homer,IL,61849,4.7,71,Auto repair shop,,,"https://www.google.com/maps/place/Don%27s+Auto+Center,+Inc./data=!4m7!3m6!1s0x880d33db7988cbbf:0xccebb076c524f26e!8m2!3d40.0374245!4d-87.9586355!16s%2Fg%2F1vtzhsxx!19sChIJv8uIedszDYgRbvIkxXaw68w?authuser=0&hl=en&rclk=1",auto repair shop,Montgomery County,county,IL,2026-07-27T11:57:03,0x880d33db7988cbbf:0xccebb076c524f26e
Fromme Auto Services Inc,(217) 245-2033,https://localplacesguide.com/places/illinois/jacksonville/auto-repair/fromme-auto-services-inc/,,"131 Blackburn St, Jacksonville, IL 62650, United States",131 Blackburn St,Jacksonville,IL,62650,4.7,3,Auto repair shop,,,https://www.google.com/maps/place/Fromme+Auto+Services+Inc/data=!4m7!3m6!1s0x87dfec023b31fae9:0x28d124dc77fbed14!8m2!3d39.733225!4d-90.2186099!16s%2Fg%2F1v_w2xf_!19sChIJ6foxOwLs34cRFO37d9wk0Sg?authuser=0&hl=en&rclk=1,auto repair shop,Morgan County,county,IL,2026-07-27T12:01:14,0x87dfec023b31fae9:0x28d124dc77fbed14
Jiffy Lube,(217) 479-0720,https://www.jiffylube.com/locations/il/jacksonville/2677,,"1111 Veterans Dr, Jacksonville, IL 62650, United States",1111 Veterans Dr,Jacksonville,IL,62650,4.4,83,Oil change service,,,https://www.google.com/maps/place/Jiffy+Lube/data=!4m7!3m6!1s0x87dfebc2ec5eea05:0xab1fd855c16d2457!8m2!3d39.7220934!4d-90.2445864!16s%2Fg%2F1tj2ck1l!19sChIJBepe7MLr34cRVyRtwVXYH6s?authuser=0&hl=en&rclk=1,auto repair shop,Morgan County,county,IL,2026-07-27T12:01:14,0x87dfebc2ec5eea05:0xab1fd855c16d2457
Jims Garage,,https://localplacesguide.com/places/illinois/jacksonville/auto-repair/jims-garage/,,"356 E Wolcott St, Jacksonville, IL 62650, United States",356 E Wolcott St,Jacksonville,IL,62650,5.0,14,Auto repair shop,,,https://www.google.com/maps/place/Jims+Garage/data=!4m7!3m6!1s0x87dfeeac87515555:0x90e80db5b49114c9!8m2!3d39.7393929!4d-90.2221303!16s%2Fg%2F11hy9p5097!19sChIJVVVRh6zu34cRyRSRtLUN6JA?authuser=0&hl=en&rclk=1,auto repair shop,Morgan County,county,IL,2026-07-27T12:01:14,0x87dfeeac87515555:0x90e80db5b49114c9
Take 5 Oil Change,(217) 408-2567,https://www.take5.com/locations/oil-change/illinois/jacksonville/31565/?utm_source=google&utm_medium=organic&utm_campaign=gbp_website,,"1207 W Morton Ave, Jacksonville, IL 62650, United States",1207 W Morton Ave,Jacksonville,IL,62650,4.8,701,Oil change service,,,https://www.google.com/maps/place/Take+5+Oil+Change/data=!4m7!3m6!1s0x87dfebd2537e325f:0xbad3a9404b7a61ac!8m2!3d39.7228977!4d-90.2493107!16s%2Fg%2F11twj41ssd!19sChIJXzJ-U9Lr34cRrGF6S0Cp07o?authuser=0&hl=en&rclk=1,auto repair shop,Morgan County,county,IL,2026-07-27T12:01:14,0x87dfebd2537e325f:0xbad3a9404b7a61ac
"Tillitt Collision Center, Inc.",(217) 245-0504,https://www.tillittcollisioncenter.com/,,"2256 W Morton Ave, Jacksonville, IL 62650, United States",2256 W Morton Ave,Jacksonville,IL,62650,3.7,37,Auto body shop,,,"https://www.google.com/maps/place/Tillitt+Collision+Center,+Inc./data=!4m7!3m6!1s0x87dfeb094b72ad8f:0xd5f867e634040447!8m2!3d39.723125!4d-90.282236!16s%2Fg%2F11p108wml5!19sChIJj61ySwnr34cRRwQENOZn-NU?authuser=0&hl=en&rclk=1",auto repair shop,Morgan County,county,IL,2026-07-27T12:01:14,0x87dfeb094b72ad8f:0xd5f867e634040447
Walmart Auto Care Center,(217) 243-2053,https://www.walmart.com/store/200-jacksonville-il/auto-care-center/?veh=seo_loc,,"1941 W Morton Ave, Jacksonville, IL 62650, United States",1941 W Morton Ave,Jacksonville,IL,62650,3.7,103,Oil change service,,,https://www.google.com/maps/place/Walmart+Auto+Care+Center/data=!4m7!3m6!1s0x87dfea303aded929:0x7f364dae01bc9a4d!8m2!3d39.7196951!4d-90.2700126!16s%2Fg%2F1ttq2nhm!19sChIJKdneOjDq34cRTZq8Aa5NNn8?authuser=0&hl=en&rclk=1,auto repair shop,Morgan County,county,IL,2026-07-27T12:01:14,0x87dfea303aded929:0x7f364dae01bc9a4d
York Tire Inc.,(217) 245-1530,https://yorktireinc.com/,,"606 E Morton Ave, Jacksonville, IL 62650, United States",606 E Morton Ave,Jacksonville,IL,62650,4.6,172,Tire shop,,,https://www.google.com/maps/place/York+Tire+Inc./data=!4m7!3m6!1s0x87dfeb8ead12f98f:0xba449cd501121c9f!8m2!3d39.7235228!4d-90.2225579!16s%2Fg%2F1w665z9s!19sChIJj_kSrY7r34cRnxwSAdWcRLo?authuser=0&hl=en&rclk=1,auto repair shop,Morgan County,county,IL,2026-07-27T12:01:14,0x87dfeb8ead12f98f:0xba449cd501121c9f
Beiermann Automotive Inc,(618) 639-6453,http://beiermannauto.com/,,"906 S State St, Jerseyville, IL 62052, United States",906 S State St,Jerseyville,IL,62052,4.6,47,Auto repair shop,,,https://www.google.com/maps/place/Beiermann+Automotive+Inc/data=!4m7!3m6!1s0x87df131fbcae4f69:0x61803e6fd9e4befb!8m2!3d39.1107147!4d-90.3208639!16s%2Fg%2F11b7q79x_b!19sChIJaU-uvB8T34cR-77k2W8-gGE?authuser=0&hl=en&rclk=1,auto repair shop,Jersey County,county,IL,2026-07-27T09:16:40,0x87df131fbcae4f69:0x61803e6fd9e4befb
Marshall Chevrolet GMC Service Center,,https://www.marshallchevygmc.com/service/?utm_source=google+&utm_medium=organic&utm_campaign=gbp_service_websitelink,,"1601 S State St, Jerseyville, IL 62052, United States",1601 S State St,Jerseyville,IL,62052,5.0,2,Auto repair shop,,,https://www.google.com/maps/place/Marshall+Chevrolet+GMC+Service+Center/data=!4m7!3m6!1s0x87df133b2cc46643:0x7512fe0edb8d7df2!8m2!3d39.1018671!4d-90.3117318!16s%2Fg%2F11fy331pk1!19sChIJQ2bELDsT34cR8n2N2w7-EnU?authuser=0&hl=en&rclk=1,auto repair shop,Jersey County,county,IL,2026-07-27T09:16:40,0x87df133b2cc46643:0x7512fe0edb8d7df2
Walmart Auto Care Center,(618) 498-5520,https://www.walmart.com/store/253-jerseyville-il/auto-care-center/?veh=seo_loc,,"1316 S State St, Jerseyville, IL 62052, United States",1316 S State St,Jerseyville,IL,62052,3.8,59,Oil change service,,,https://www.google.com/maps/place/Walmart+Auto+Care+Center/data=!4m7!3m6!1s0x87df13229d097d0b:0x79db4ae10d494701!8m2!3d39.1035161!4d-90.318673!16s%2Fg%2F1tf7h6fn!19sChIJC30JnSIT34cRAUdJDeFK23k?authuser=0&hl=en&rclk=1,auto repair shop,Jersey County,county,IL,2026-07-27T09:16:40,0x87df13229d097d0b:0x79db4ae10d494701
Sasquash auto service,,,,"14532 Christmas Tree Rd, Johnston City, IL 62951, United States",14532 Christmas Tree Rd,Johnston City,IL,62951,,,Auto repair shop,,,https://www.google.com/maps/place/Sasquash+auto+service/data=!4m7!3m6!1s0x88772500610eea31:0xadca5d97fe8ad0e1!8m2!3d37.806076!4d-88.9831065!16s%2Fg%2F11nk8t8t6g!19sChIJMeoOYQAld4gR4dCK_pddyq0?authuser=0&hl=en&rclk=1,auto repair shop,Williamson County,county,IL,2026-07-27T14:47:46,0x88772500610eea31:0xadca5d97fe8ad0e1
"AD Joliet, Inc.",(815) 744-3700,,,"912 W Jefferson St, Joliet, IL 60435, United States",912 W Jefferson St,Joliet,IL,60435,4.5,135,Auto repair shop,,,"https://www.google.com/maps/place/AD+Joliet,+Inc./data=!4m7!3m6!1s0x880e614720a5dc63:0x8b380c0c2e5cb3c9!8m2!3d41.5229683!4d-88.1037272!16s%2Fg%2F1tgtg285!19sChIJY9ylIEdhDogRybNcLgwMOIs?authuser=0&hl=en&rclk=1",auto repair shop,Grundy County,county,IL,2026-07-27T08:01:41,0x880e614720a5dc63:0x8b380c0c2e5cb3c9
Auto Repair Inc,(815) 722-7487,,,"400 Walnut St, Joliet, IL 60432, United States",400 Walnut St,Joliet,IL,60432,3.6,14,Auto repair shop,,,https://www.google.com/maps/place/Auto+Repair+Inc/data=!4m7!3m6!1s0x880e66f7b2e865c9:0x2b118831c14269af!8m2!3d41.532445!4d-88.0526879!16s%2Fg%2F1tgh84gd!19sChIJyWXosvdmDogRr2lCwTGIESs?authuser=0&hl=en&rclk=1,auto repair shop,Will County,county,IL,2026-07-27T14:41:30,0x880e66f7b2e865c9:0x2b118831c14269af
"CT Repair, Inc.",(708) 638-8511,https://chuckstruckrepairil.com/,,"426 Burke Drive Ste D, Joliet, IL 60433, United States",426 Burke Drive Ste D,Joliet,IL,60433,4.8,33,Truck repair shop,,,"https://www.google.com/maps/place/CT+Repair,+Inc./data=!4m7!3m6!1s0x880e3666925b226f:0x3bcc0c790ca8f236!8m2!3d41.5025297!4d-88.1345529!16s%2Fg%2F1xfsp9yf!19sChIJbyJbkmY2DogRNvKoDHkMzDs?authuser=0&hl=en&rclk=1",auto repair shop,Joliet,city,IL,2026-07-27T15:26:14,0x880e3666925b226f:0x3bcc0c790ca8f236
D. Bravo Auto Repair,,,,"160 S Center St, Joliet, IL 60436, United States",160 S Center St,Joliet,IL,60436,4.3,7,Auto repair shop,,,https://www.google.com/maps/place/D.+Bravo+Auto+Repair/data=!4m7!3m6!1s0x880e614ca67ba015:0x279a151fb7dc41b2!8m2!3d41.5201941!4d-88.0908241!16s%2Fg%2F11rhdsw7n4!19sChIJFaB7pkxhDogRskHctx8Vmic?authuser=0&hl=en&rclk=1,auto repair shop,Will County,county,IL,2026-07-27T14:41:30,0x880e614ca67ba015:0x279a151fb7dc41b2
DGR SERVICE INC,(224) 600-7944,,,"1110 Manhattan Rd, Joliet, IL 60433, United States",1110 Manhattan Rd,Joliet,IL,60433,4.8,60,Truck repair shop,,,https://www.google.com/maps/place/DGR+SERVICE+INC/data=!4m7!3m6!1s0x880e65f9c52a088f:0xfe342e9de11a2693!8m2!3d41.4934948!4d-88.0543963!16s%2Fg%2F11jf9_9l48!19sChIJjwgqxfllDogRkyYa4Z0uNP4?authuser=0&hl=en&rclk=1,auto repair shop,Joliet,city,IL,2026-07-27T15:26:14,0x880e65f9c52a088f:0xfe342e9de11a2693
Firestone Complete Auto Care,(815) 201-0603,https://www.firestonecompleteautocare.com/illinois/joliet/2521-plainfield-rd/?utm_source=google&utm_medium=organic&utm_campaign=localmaps&cmp=oloc_google_localmaps_maps,,"2521 Plainfield Rd, Joliet, IL 60435, United States",2521 Plainfield Rd,Joliet,IL,60435,4.2,367,Tire shop,,,https://www.google.com/maps/place/Firestone+Complete+Auto+Care/data=!4m7!3m6!1s0x880e6014b3de3c47:0xc7ccde34e3103dba!8m2!3d41.5713287!4d-88.1490246!16s%2Fg%2F1tg6l3_b!19sChIJRzzesxRgDogRuj0Q4zTezMc?authuser=0&hl=en&rclk=1,auto repair shop,Joliet,city,IL,2026-07-27T15:26:14,0x880e6014b3de3c47:0xc7ccde34e3103dba
Jiffy Lube Oil Change,(815) 744-2325,https://www.jiffylube.com/locations/il/joliet/233,,"1600 N Larkin Ave, Joliet, IL 60435, United States",1600 N Larkin Ave,Joliet,IL,60435,4.5,1079,Oil change service,,,https://www.google.com/maps/place/Jiffy+Lube+Oil+Change/data=!4m7!3m6!1s0x880e60f93f59a221:0xc9a311a01406b594!8m2!3d41.5519648!4d-88.1255573!16s%2Fg%2F1tlvq3fs!19sChIJIaJZP_lgDogRlLUGFKARo8k?authuser=0&hl=en&rclk=1,auto repair shop,Joliet,city,IL,2026-07-27T15:26:14,0x880e60f93f59a221:0xc9a311a01406b594
John Lawson's Auto Rebuilders Inc,(815) 726-0003,,,"826 Violetta Ave, Joliet, IL 60432, United States",826 Violetta Ave,Joliet,IL,60432,4.7,37,Auto body shop,,,https://www.google.com/maps/place/John+Lawson%27s+Auto+Rebuilders+Inc/data=!4m7!3m6!1s0x880e6652473f75e9:0xdb3340b9e9222b65!8m2!3d41.5409702!4d-88.0427527!16s%2Fg%2F1tctg5_p!19sChIJ6XU_R1JmDogRZSsi6blAM9s?authuser=0&hl=en&rclk=1,auto repair shop,Joliet,city,IL,2026-07-27T15:26:14,0x880e6652473f75e9:0xdb3340b9e9222b65
Joliet Auto Repair Shop Inc,(815) 409-7724,,,"550 N Chicago St, Joliet, IL 60432, United States",550 N Chicago St,Joliet,IL,60432,4.8,146,Auto repair shop,,,https://www.google.com/maps/place/Joliet+Auto+Repair+Shop+Inc/data=!4m7!3m6!1s0x880e66dc527f454f:0x67e09c23ea747dd7!8m2!3d41.5346488!4d-88.0814999!16s%2Fg%2F11ggvydb9w!19sChIJT0V_UtxmDogR13106iOc4Gc?authuser=0&hl=en&rclk=1,auto repair shop,Grundy County,county,IL,2026-07-27T08:01:40,0x880e66dc527f454f:0x67e09c23ea747dd7
Lawson's Garage Inc,(815) 726-8598,,,"826 Violetta Ave, Joliet, IL 60432, United States",826 Violetta Ave,Joliet,IL,60432,4.8,125,Auto repair shop,,,https://www.google.com/maps/place/Lawson%27s+Garage+Inc/data=!4m7!3m6!1s0x880e6652473f75e9:0xd6e319cc2973657a!8m2!3d41.5410085!4d-88.0427958!16s%2Fg%2F1tdx98sx!19sChIJ6XU_R1JmDogRemVzKcwZ49Y?authuser=0&hl=en&rclk=1,auto repair shop,Will County,county,IL,2026-07-27T14:41:30,0x880e6652473f75e9:0xd6e319cc2973657a
Meineke Car Care Center,(815) 768-3206,https://www.meineke.com/locations/il/joliet-266/?utm_source=google&utm_medium=organic&utm_campaign=gbp_website,,"311 S Larkin Ave, Joliet, IL 60436, United States",311 S Larkin Ave,Joliet,IL,60436,4.3,488,Auto repair shop,,,https://www.google.com/maps/place/Meineke+Car+Care+Center/data=!4m7!3m6!1s0x880e6177449549f5:0x3d3835639019242a!8m2!3d41.5167392!4d-88.125146!16s%2Fg%2F1v2jdhp2!19sChIJ9UmVRHdhDogRKiQZkGM1OD0?authuser=0&hl=en&rclk=1,auto repair shop,Will County,county,IL,2026-07-27T14:41:30,0x880e6177449549f5:0x3d3835639019242a
Midas,(815) 671-4012,https://www.midas.com/store/il/joliet/1802-larkin-avenue-60403?shopnum=2121,,"1802 N Larkin Ave, Joliet, IL 60403, United States",1802 N Larkin Ave,Joliet,IL,60403,4.3,116,Car repair and maintenance service,,,https://www.google.com/maps/place/Midas/data=!4m7!3m6!1s0x880e60fec1ef71e7:0x80b5582bb2048bf8!8m2!3d41.555932!4d-88.125718!16s%2Fg%2F1tk1nl0m!19sChIJ53Hvwf5gDogR-IsEsitYtYA?authuser=0&hl=en&rclk=1,auto repair shop,Will County,county,IL,2026-07-27T14:41:30,0x880e60fec1ef71e7:0x80b5582bb2048bf8
"Mr. Tire, Inc. 24/7 Road Service Semi- Trucks",(708) 426-4117,https://1mrtire.com/,,"1801 S Chicago St, Joliet, IL 60436, United States",1801 S Chicago St,Joliet,IL,60436,4.7,156,Truck repair shop,,,"https://www.google.com/maps/place/Mr.+Tire,+Inc.+24%2F7+Road+Service+Semi-+Trucks/data=!4m7!3m6!1s0x880e640e2f3d0887:0xc4574c0dd277b081!8m2!3d41.4919423!4d-88.0811144!16s%2Fg%2F11b779rnwq!19sChIJhwg9Lw5kDogRgbB30g1MV8Q?authuser=0&hl=en&rclk=1",auto repair shop,Joliet,city,IL,2026-07-27T15:26:14,0x880e640e2f3d0887:0xc4574c0dd277b081
Pep Boys Auto Service & Tires,(815) 714-8963,https://www.pepboys.com/stores/il/joliet/1824-w-jefferson-st?Cid=gbp_appt_AN:PB%7CPB:G%7CTT:GBP%7CCG:CONVERSION%7CCD:SERVICE,,"1824 W Jefferson St, Joliet, IL 60435, United States",1824 W Jefferson St,Joliet,IL,60435,4.2,668,Tire shop,,,https://www.google.com/maps/place/Pep+Boys+Auto+Service+%26+Tires/data=!4m7!3m6!1s0x880e6175b6de960d:0xc4be984d903e0371!8m2!3d41.5212649!4d-88.1273304!16s%2Fg%2F1tgnmnsh!19sChIJDZbetnVhDogRcQM-kE2YvsQ?authuser=0&hl=en&rclk=1,auto repair shop,Joliet,city,IL,2026-07-27T15:26:14,0x880e6175b6de960d:0xc4be984d903e0371
"Pete's Service & Sales, Inc",(815) 405-6646,https://www.peteservice.com/,,"259 Republic Ave, Joliet, IL 60435, United States",259 Republic Ave,Joliet,IL,60435,4.9,137,Truck repair shop,,,"https://www.google.com/maps/place/Pete%27s+Service+%26+Sales,+Inc/data=!4m7!3m6!1s0x880e614a6c3f3b5b:0x30f83b74e20a8b27!8m2!3d41.5268238!4d-88.1401951!16s%2Fg%2F11vqt3s4f7!19sChIJWzs_bEphDogRJ4sK4nQ7-DA?authuser=0&hl=en&rclk=1",auto repair shop,Joliet,city,IL,2026-07-27T15:26:14,0x880e614a6c3f3b5b:0x30f83b74e20a8b27
SALCEDO AUTO REPAIR CORP,(815) 722-4010,,,"313 Manhattan Rd, Joliet, IL 60433, United States",313 Manhattan Rd,Joliet,IL,60433,4.2,74,Mechanic,,,https://www.google.com/maps/place/SALCEDO+AUTO+REPAIR+CORP/data=!4m7!3m6!1s0x880e641f4053ffff:0xdfc647bee0f8bc27!8m2!3d41.5012906!4d-88.0715986!16s%2Fg%2F1tcv20mc!19sChIJ__9TQB9kDogRJ7z44L5Hxt8?authuser=0&hl=en&rclk=1,auto repair shop,Will County,county,IL,2026-07-27T14:41:30,0x880e641f4053ffff:0xdfc647bee0f8bc27
Take 5 Oil Change,(779) 260-4688,https://www.take5.com/locations/oil-change/illinois/joliet/31490/?utm_source=google&utm_medium=organic&utm_campaign=gbp_website,,"2505 W Jefferson St, Joliet, IL 60435, United States",2505 W Jefferson St,Joliet,IL,60435,4.8,1015,Oil change service,,,https://www.google.com/maps/place/Take+5+Oil+Change/data=!4m7!3m6!1s0x880e6165ee6edfa1:0x87a168dc69adcdd1!8m2!3d41.5225496!4d-88.1435492!16s%2Fg%2F11vm7sxbkt!19sChIJod9u7mVhDogR0c2tadxooYc?authuser=0&hl=en&rclk=1,auto repair shop,Joliet,city,IL,2026-07-27T15:26:14,0x880e6165ee6edfa1:0x87a168dc69adcdd1
Acme Auto Parts Inc,(815) 939-3030,http://www.acmeautoparts.net/,,"2016 E 1000 Rd N, Kankakee, IL 60901, United States",2016 E 1000 Rd N,Kankakee,IL,60901,3.8,194,Used auto parts store,,,https://www.google.com/maps/place/Acme+Auto+Parts+Inc/data=!4m7!3m6!1s0x880de7a26e82e6fb:0x867e1de8b36d5103!8m2!3d41.1392916!4d-87.8355807!16s%2Fg%2F1tgwn8dp!19sChIJ--aCbqLnDYgRA1Fts-gdfoY?authuser=0&hl=en&rclk=1,auto repair shop,Kankakee County,county,IL,2026-07-27T09:44:53,0x880de7a26e82e6fb:0x867e1de8b36d5103
"Hubly's Towing, Inc.",(815) 939-2420,http://hublystowing.com/,,"2240 W Station St, Kankakee, IL 60901, United States",2240 W Station St,Kankakee,IL,60901,3.8,62,Towing service,,,"https://www.google.com/maps/place/Hubly%27s+Towing,+Inc./data=!4m7!3m6!1s0x880ddcdf01aa56c1:0x5df6b24106c4fbc8!8m2!3d41.1183078!4d-87.8965238!16s%2Fg%2F1tr8m4n_!19sChIJwVaqAd_cDYgRyPvEBkGy9l0?authuser=0&hl=en&rclk=1",auto repair shop,Kankakee County,county,IL,2026-07-27T09:44:53,0x880ddcdf01aa56c1:0x5df6b24106c4fbc8
Kankakee Spring & Alignment Corp.,(815) 932-6718,https://kankakeespringil.com/,,"88 W Issert Dr, Kankakee, IL 60901, United States",88 W Issert Dr,Kankakee,IL,60901,4.6,58,Auto repair shop,,,https://www.google.com/maps/place/Kankakee+Spring+%26+Alignment+Corp./data=!4m7!3m6!1s0x880dc28dd481f78f:0x5ddf18a928e475e5!8m2!3d41.0680507!4d-87.8700848!16s%2Fg%2F1tgfqq5m!19sChIJj_eB1I3CDYgR5XXkKKkY310?authuser=0&hl=en&rclk=1,auto repair shop,Iroquois County,county,IL,2026-07-27T08:45:10,0x880dc28dd481f78f:0x5ddf18a928e475e5
M&P AUTO REPAIR,,,,"880 E Court St, Kankakee, IL 60901, United States",880 E Court St,Kankakee,IL,60901,5.0,6,Auto repair shop,,,https://www.google.com/maps/place/M%26P+AUTO+REPAIR/data=!4m7!3m6!1s0x880de70024333e3d:0xbacd6f5adf50689a!8m2!3d41.1190333!4d-87.8545168!16s%2Fg%2F11ygnglvxz!19sChIJPT4zJADnDYgRmmhQ31pvzbo?authuser=0&hl=en&rclk=1,auto repair shop,Iroquois County,county,IL,2026-07-27T08:45:10,0x880de70024333e3d:0xbacd6f5adf50689a
Netherton's Body Shop Inc,(815) 933-4191,https://www.nethertonsbodyshop.com/,,"2081 W Station St, Kankakee, IL 60901, United States",2081 W Station St,Kankakee,IL,60901,4.7,71,Auto body shop,,,https://www.google.com/maps/place/Netherton%27s+Body+Shop+Inc/data=!4m7!3m6!1s0x880ddd205bcb00c3:0xa07bd91c309012f6!8m2!3d41.1192178!4d-87.8928995!16s%2Fg%2F1tvw5hx8!19sChIJwwDLWyDdDYgR9hKQMBzZe6A?authuser=0&hl=en&rclk=1,auto repair shop,Iroquois County,county,IL,2026-07-27T08:45:10,0x880ddd205bcb00c3:0xa07bd91c309012f6
"Reliable Radiator & Automotive, Inc.",(815) 932-6083,,,"2169 IL-17, Kankakee, IL 60901, United States",2169 IL-17,Kankakee,IL,60901,4.7,17,Auto repair shop,,,"https://www.google.com/maps/place/Reliable+Radiator+%26+Automotive,+Inc./data=!4m7!3m6!1s0x880ddcdf8340d8b9:0x56c34233b0caa444!8m2!3d41.1188018!4d-87.9171895!16s%2Fg%2F1v76_7f4!19sChIJudhAg9_cDYgRRKTKsDNCw1Y?authuser=0&hl=en&rclk=1",auto repair shop,Kankakee County,county,IL,2026-07-27T09:44:53,0x880ddcdf8340d8b9:0x56c34233b0caa444
River Valley Truck Repair Inc,(815) 935-1459,http://www.rivervalleytruckrepair.com/,,"1100 Lesco Rd, Kankakee, IL 60901, United States",1100 Lesco Rd,Kankakee,IL,60901,4.7,39,Truck repair shop,,,https://www.google.com/maps/place/River+Valley+Truck+Repair+Inc/data=!4m7!3m6!1s0x880de785b823f39d:0xeca89ad99e9162c6!8m2!3d41.1328239!4d-87.8491821!16s%2Fg%2F1tgxjn39!19sChIJnfMjuIXnDYgRxmKRntmaqOw?authuser=0&hl=en&rclk=1,auto repair shop,Iroquois County,county,IL,2026-07-27T08:45:10,0x880de785b823f39d:0xeca89ad99e9162c6
"Riverside Auto Trim & Glass, Inc.",(815) 935-8881,http://riversideautotrimandglassinc.com/,,"1685 W Merchant St, Kankakee, IL 60901, United States",1685 W Merchant St,Kankakee,IL,60901,4.0,37,Auto glass shop,,,"https://www.google.com/maps/place/Riverside+Auto+Trim+%26+Glass,+Inc./data=!4m7!3m6!1s0x880ddd220d6baac3:0xb9564935591e1566!8m2!3d41.1201933!4d-87.8881498!16s%2Fg%2F1tdgvztj!19sChIJw6prDSLdDYgRZhUeWTVJVrk?authuser=0&hl=en&rclk=1",auto repair shop,Kankakee County,county,IL,2026-07-27T09:44:53,0x880ddd220d6baac3:0xb9564935591e1566
Strictly Business Motors Inc,(815) 573-5855,,,"903 S Schuyler Ave, Kankakee, IL 60901, United States",903 S Schuyler Ave,Kankakee,IL,60901,4.8,161,Car dealer,,,https://www.google.com/maps/place/Strictly+Business+Motors+Inc/data=!4m7!3m6!1s0x880e397aadc48f6b:0x3d6e40196f2e3a2e!8m2!3d41.110037!4d-87.8662583!16s%2Fg%2F1q62g7bqj!19sChIJa4_ErXo5DogRLjoubxlAbj0?authuser=0&hl=en&rclk=1,auto repair shop,Kankakee County,county,IL,2026-07-27T09:44:53,0x880e397aadc48f6b:0x3d6e40196f2e3a2e
"Body Tech, Inc.",(319) 795-5996,https://bodytechrestorations.com/,,"3461 270th Ave, Keokuk, IA 52632, United States",3461 270th Ave,Keokuk,IA,52632,5.0,26,Auto body shop,,,"https://www.google.com/maps/place/Body+Tech,+Inc./data=!4m7!3m6!1s0x87e73baa712c002f:0xd5a874dfb79e3e55!8m2!3d40.4561697!4d-91.401452!16s%2Fg%2F11c6qmfngw!19sChIJLwAscao754cRVT6et990qNU?authuser=0&hl=en&rclk=1",auto repair shop,Hancock County,county,IL,2026-07-27T08:20:46,0x87e73baa712c002f:0xd5a874dfb79e3e55
Englund Repair & Towing,,,,"1110 Johnson St, Keokuk, IA 52632, United States",1110 Johnson St,Keokuk,IA,52632,4.6,20,Auto repair shop,,,https://www.google.com/maps/place/Englund+Repair+%26+Towing/data=!4m7!3m6!1s0x87e73a3ed7d4e6c7:0x25d8113677dd46f4!8m2!3d40.3999858!4d-91.3899015!16s%2Fg%2F11k5ltt55c!19sChIJx-bU1z4654cR9EbddzYR2CU?authuser=0&hl=en&rclk=1,auto repair shop,Hancock County,county,IL,2026-07-27T08:20:46,0x87e73a3ed7d4e6c7:0x25d8113677dd46f4
Goodyear Auto Service,(319) 524-3311,https://www.goodyear.com/en-us/goodyearautoservice,,"724 Main St, Keokuk, IA 52632, United States",724 Main St,Keokuk,IA,52632,4.6,119,Tire shop,,,https://www.google.com/maps/place/Goodyear+Auto+Service/data=!4m7!3m6!1s0x87e73a3e068d67f1:0x79db11988180b09c!8m2!3d40.3977094!4d-91.3858597!16s%2Fg%2F1tdd176x!19sChIJ8WeNBj4654cRnLCAgZgR23k?authuser=0&hl=en&rclk=1,auto repair shop,Hancock County,county,IL,2026-07-27T08:20:46,0x87e73a3e068d67f1:0x79db11988180b09c
A+ Auto Repair,,,,"701 N East St, Kewanee, IL 61443, United States",701 N East St,Kewanee,IL,61443,5.0,1,Auto repair shop,,,https://www.google.com/maps/place/A%2B+Auto+Repair/data=!4m7!3m6!1s0x880a023011563331:0x643666fad6380ce6!8m2!3d41.2502276!4d-89.9155283!16s%2Fg%2F11gmy3jxd_!19sChIJMTNWETACCogR5gw41vpmNmQ?authuser=0&hl=en&rclk=1,auto repair shop,Henry County,county,IL,2026-07-27T08:36:02,0x880a023011563331:0x643666fad6380ce6
Browns Automotive,,,,"165 Cherry St, Kirksville, IL 61951, United States",165 Cherry St,Kirksville,IL,61951,5.0,24,Auto repair shop,,,https://www.google.com/maps/place/Browns+Automotive/data=!4m7!3m6!1s0x8873667d66c98219:0x357bd8062c14019f!8m2!3d39.5704084!4d-88.6720345!16s%2Fg%2F11dzhftnhb!19sChIJGYLJZn1mc4gRnwEULAbYezU?authuser=0&hl=en&rclk=1,auto repair shop,Moultrie County,county,IL,2026-07-27T12:08:02,0x8873667d66c98219:0x357bd8062c14019f
Big Boys Tires & Service Inc.,(815) 223-6320,https://www.bigboystiresandserviceinc.com/,,"1155 5th St, La Salle, IL 61301, United States",1155 5th St,La Salle,IL,61301,4.5,268,Tire shop,,,https://www.google.com/maps/place/Big+Boys+Tires+%26+Service+Inc./data=!4m7!3m6!1s0x88095e2159fd53a3:0xde43a84261f30222!8m2!3d41.3332462!4d-89.089518!16s%2Fg%2F1tfc75mz!19sChIJo1P9WSFeCYgRIgLzYUKoQ94?authuser=0&hl=en&rclk=1,auto repair shop,LaSalle County,county,IL,2026-07-27T10:10:33,0x88095e2159fd53a3:0xde43a84261f30222
Central Garage,,,,"117 Wright St, La Salle, IL 61301, United States",117 Wright St,La Salle,IL,61301,,,Auto repair shop,,,https://www.google.com/maps/place/Central+Garage/data=!4m7!3m6!1s0x8809609cb0f97a8b:0xaa62165f3661d9a2!8m2!3d41.3282148!4d-89.0984469!16s%2Fg%2F11f7351fy4!19sChIJi3r5sJxgCYgRotlhNl8WYqo?authuser=0&hl=en&rclk=1,auto repair shop,LaSalle County,county,IL,2026-07-27T10:10:33,0x8809609cb0f97a8b:0xaa62165f3661d9a2
Good Year,,https://www.goodyear.com/en-US/tire-shop/La+Salle+IL+61301+US/000133114,,"237 1st St, La Salle, IL 61301, United States",237 1st St,La Salle,IL,61301,4.3,3,Tire shop,,,https://www.google.com/maps/place/Good+Year/data=!4m7!3m6!1s0x8809609ad59b7a6d:0x1b1468ed978c6591!8m2!3d41.3277096!4d-89.1015318!16s%2Fg%2F11gkxnhr0g!19sChIJbXqb1ZpgCYgRkWWMl-1oFBs?authuser=0&hl=en&rclk=1,auto repair shop,LaSalle County,county,IL,2026-07-27T10:10:33,0x8809609ad59b7a6d:0x1b1468ed978c6591
"Inman Electric Motors, Inc.",(815) 223-2288,http://www.inmanelectric.com/,,"314 Civic Rd, La Salle, IL 61301, United States",314 Civic Rd,La Salle,IL,61301,4.7,12,Electric motor repair shop,,,"https://www.google.com/maps/place/Inman+Electric+Motors,+Inc./data=!4m7!3m6!1s0x8809675a9e8018cb:0xc68e02bb79894236!8m2!3d41.367449!4d-89.103426!16s%2Fg%2F1tf1pdsf!19sChIJyxiAnlpnCYgRNkKJebsCjsY?authuser=0&hl=en&rclk=1",auto repair shop,LaSalle County,county,IL,2026-07-27T10:10:33,0x8809675a9e8018cb:0xc68e02bb79894236
"LaSalle Body & Fender, Inc.",(815) 223-0598,https://lasallebodyandfender.com/,,"140 Crosat St, La Salle, IL 61301, United States",140 Crosat St,La Salle,IL,61301,4.7,84,Auto body shop,,,"https://www.google.com/maps/place/LaSalle+Body+%26+Fender,+Inc./data=!4m7!3m6!1s0x88095e26708ab375:0xbbbeae9508eac7d5!8m2!3d41.3293855!4d-89.0897657!16s%2Fg%2F1tgs1hyj!19sChIJdbOKcCZeCYgR1cfqCJWuvrs?authuser=0&hl=en&rclk=1",auto repair shop,LaSalle County,county,IL,2026-07-27T10:10:33,0x88095e26708ab375:0xbbbeae9508eac7d5
"Magnum Auto Restoration,INC",(815) 220-8081,http://www.magnumautoresto.com/,,"11 Gunia Dr, La Salle, IL 61301, United States",11 Gunia Dr,La Salle,IL,61301,5.0,7,Auto restoration service,,,"https://www.google.com/maps/place/Magnum+Auto+Restoration,INC/data=!4m7!3m6!1s0x8809675433d67641:0x4e0f4d2a9d83b210!8m2!3d41.3621139!4d-89.096836!16s%2Fg%2F1s04c63fd!19sChIJQXbWM1RnCYgRELKDnSpND04?authuser=0&hl=en&rclk=1",auto repair shop,LaSalle County,county,IL,2026-07-27T10:10:33,0x8809675433d67641:0x4e0f4d2a9d83b210
"Axels Automotive, Inc.",(847) 688-0500,http://www.axelsautomotive.com/,,"918 Sherwood Dr, Lake Bluff, IL 60044, United States",918 Sherwood Dr,Lake Bluff,IL,60044,4.9,60,Mechanic,,,"https://www.google.com/maps/place/Axels+Automotive,+Inc./data=!4m7!3m6!1s0x880f936027abb505:0x6d6bd07bd50d8557!8m2!3d42.2705243!4d-87.8696503!16s%2Fg%2F1v16qx94!19sChIJBbWrJ2CTD4gRV4UN1XvQa20?authuser=0&hl=en&rclk=1",auto repair shop,Lake County,county,IL,2026-07-27T09:59:24,0x880f936027abb505:0x6d6bd07bd50d8557
Experience Automotive Inc,(847) 973-1900,,,"37517 Rte 59, Lake Villa, IL 60046, United States",37517 Rte 59,Lake Villa,IL,60046,4.7,67,Auto repair shop,,,https://www.google.com/maps/place/Experience+Automotive+Inc/data=!4m7!3m6!1s0x880f8302d5fb0d37:0x402022ce92ae7575!8m2!3d42.4085052!4d-88.12665!16s%2Fg%2F1v1sltxf!19sChIJNw371QKDD4gRdXWuks4iIEA?authuser=0&hl=en&rclk=1,auto repair shop,Lake County,county,IL,2026-07-27T09:59:24,0x880f8302d5fb0d37:0x402022ce92ae7575
"Lakeland Auto Body, Inc.",(847) 265-1000,https://lakelandautobodyinc.com/,,"75 W Grand Ave, Lake Villa, IL 60046, United States",75 W Grand Ave,Lake Villa,IL,60046,4.9,87,Auto body shop,,,"https://www.google.com/maps/place/Lakeland+Auto+Body,+Inc./data=!4m7!3m6!1s0x880f848726be4cb5:0xe7c5c54367256f30!8m2!3d42.414995!4d-88.084345!16s%2Fg%2F1tdmqn7n!19sChIJtUy-JoeED4gRMG8lZ0PFxec?authuser=0&hl=en&rclk=1",auto repair shop,Lake County,county,IL,2026-07-27T09:59:24,0x880f848726be4cb5:0xe7c5c54367256f30
Millers Sport Center Inc,(815) 493-6401,http://www.millerssport.com/,,"24565 Zier Rd, Lanark, IL 61046, United States",24565 Zier Rd,Lanark,IL,61046,4.7,18,Boat dealer,,,https://www.google.com/maps/place/Millers+Sport+Center+Inc/data=!4m7!3m6!1s0x88083b63d11f7e77:0x20edd635cdc6d8c9!8m2!3d42.1546696!4d-89.8309896!16s%2Fg%2F1wj_6lzd!19sChIJd34f0WM7CIgRydjGzTXW7SA?authuser=0&hl=en&rclk=1,auto repair shop,Carroll County,county,IL,2026-07-17T17:07:34,0x88083b63d11f7e77:0x20edd635cdc6d8c9
Marathon Petroleum Co LLC,,,,"RR 1, Lawrenceville, IL 62439, United States",RR 1,Lawrenceville,IL,62439,4.0,1,Auto repair shop,,,https://www.google.com/maps/place/Marathon+Petroleum+Co+LLC/data=!4m7!3m6!1s0x887204bc191fee91:0x838337fe15b90a18!8m2!3d38.7094501!4d-87.6896964!16s%2Fg%2F1tgtg7dm!19sChIJke4fGbwEcogRGAq5Ff43g4M?authuser=0&hl=en&rclk=1,auto repair shop,Crawford County,county,IL,2026-07-17T18:24:43,0x887204bc191fee91:0x838337fe15b90a18
NAPA Auto Parts - Midwest Auto and Heavy Truck Parts LLC,(618) 943-3022,https://www.napaonline.com/en/IL/Lawrenceville/store/21034?cid=pl_jobber_google_dac_21034_ao,,"500 15th St, Lawrenceville, IL 62439, United States",500 15th St,Lawrenceville,IL,62439,4.5,51,Auto parts store,,,https://www.google.com/maps/place/NAPA+Auto+Parts+-+Midwest+Auto+and+Heavy+Truck+Parts+LLC/data=!4m7!3m6!1s0x887204b9e8e23b07:0xedf021bf7cb6873a!8m2!3d38.730746!4d-87.686657!16s%2Fg%2F1tm0ckc4!19sChIJBzvi6LkEcogROoe2fL8h8O0?authuser=0&hl=en&rclk=1,auto repair shop,Lawrence County,county,IL,2026-07-27T10:13:20,0x887204b9e8e23b07:0xedf021bf7cb6873a
"Brinker Tire & Auto, Inc.",(815) 369-2229,,,"520 E Lena St, Lena, IL 61048, United States",520 E Lena St,Lena,IL,61048,5.0,31,Auto repair shop,,,"https://www.google.com/maps/place/Brinker+Tire+%26+Auto,+Inc./data=!4m7!3m6!1s0x880810357a55ba9f:0xd3bf142502aaf1d3!8m2!3d42.3742916!4d-89.8142401!16s%2Fg%2F1tctg5lm!19sChIJn7pVejUQCIgR0_GqAiUUv9M?authuser=0&hl=en&rclk=1",auto repair shop,Stephenson County,county,IL,2026-07-27T13:44:20,0x880810357a55ba9f:0xd3bf142502aaf1d3
FS Corp Tire,(815) 369-2393,https://fscooperatives.com/stephensonfs/agriculture/automotive/fs-corp-tire,,"521 W Lena St, Lena, IL 61048, United States",521 W Lena St,Lena,IL,61048,4.9,72,Tire shop,,,https://www.google.com/maps/place/FS+Corp+Tire/data=!4m7!3m6!1s0x88080ff7a8e8b855:0x4db214b3c4f7c186!8m2!3d42.3846829!4d-89.8299069!16s%2Fg%2F1thw79dx!19sChIJVbjoqPcPCIgRhsH3xLMUsk0?authuser=0&hl=en&rclk=1,auto repair shop,Stephenson County,county,IL,2026-07-27T13:44:20,0x88080ff7a8e8b855:0x4db214b3c4f7c186
Koning's Precision Paint & Body Inc.,(815) 369-4148,,,"301 Dodds Drive, Lena, IL 61048, United States",301 Dodds Drive,Lena,IL,61048,4.6,28,Auto body shop,,,https://www.google.com/maps/place/Koning%27s+Precision+Paint+%26+Body+Inc./data=!4m7!3m6!1s0x88081041d0cecacb:0xc33bb1b73fef29c5!8m2!3d42.3713468!4d-89.8315906!16s%2Fg%2F11g7zhj6m3!19sChIJy8rO0EEQCIgRxSnvP7exO8M?authuser=0&hl=en&rclk=1,auto repair shop,Stephenson County,county,IL,2026-07-27T13:44:20,0x88081041d0cecacb:0xc33bb1b73fef29c5
A9 Customs,,,,"708 Pulaski St, Lincoln, IL 62656, United States",708 Pulaski St,Lincoln,IL,62656,,,Auto repair shop,,,https://www.google.com/maps/place/A9+Customs/data=!4m7!3m6!1s0x880b2777baf59ed9:0x42e13b6bf1bf9982!8m2!3d40.1446175!4d-89.3606776!16s%2Fg%2F11yyll_2vb!19sChIJ2Z71uncnC4gRgpm_8Ws74UI?authuser=0&hl=en&rclk=1,auto repair shop,Logan County,county,IL,2026-07-27T10:36:50,0x880b2777baf59ed9:0x42e13b6bf1bf9982
Collision Concepts Inc,(217) 735-2100,http://collisionconceptsinc.com/,,"1005 Macon St, Lincoln, IL 62656, United States",1005 Macon St,Lincoln,IL,62656,4.2,51,Auto body shop,,,https://www.google.com/maps/place/Collision+Concepts+Inc/data=!4m7!3m6!1s0x880ad808d68b5e4b:0xa2db2f920c7f67c6!8m2!3d40.1584177!4d-89.4035993!16s%2Fg%2F1tvymbvl!19sChIJS16L1gjYCogRxmd_DJIv26I?authuser=0&hl=en&rclk=1,auto repair shop,Logan County,county,IL,2026-07-27T10:36:50,0x880ad808d68b5e4b:0xa2db2f920c7f67c6
"Jim Xamis Ford, Lincoln, Inc. Lincoln Service",(217) 732-2111,https://www.jimxamisdirect.com/?utm_source=gmbsvc&utm_medium=social&mcmid=gmbsvc,,"2301 Woodlawn Rd, Lincoln, IL 62656, United States",2301 Woodlawn Rd,Lincoln,IL,62656,5.0,1,Auto repair shop,,,"https://www.google.com/maps/place/Jim+Xamis+Ford,+Lincoln,+Inc.+Lincoln+Service/data=!4m7!3m6!1s0x880ad96e13f1e819:0x4c701c59b8cf21f1!8m2!3d40.1562836!4d-89.4003779!16s%2Fg%2F11n06tt6bq!19sChIJGejxE27ZCogR8SHPuFkccEw?authuser=0&hl=en&rclk=1",auto repair shop,Logan County,county,IL,2026-07-27T10:36:50,0x880ad96e13f1e819:0x4c701c59b8cf21f1
"LaForge Automotive Service and Tires, INC",(217) 735-2222,,,"929 S Kickapoo St, Lincoln, IL 62656, United States",929 S Kickapoo St,Lincoln,IL,62656,4.3,12,Auto repair shop,,,"https://www.google.com/maps/place/LaForge+Automotive+Service+and+Tires,+INC/data=!4m7!3m6!1s0x880b29481824c617:0x988c312a25317a79!8m2!3d40.1392953!4d-89.3715515!16s%2Fg%2F11vt9kym_d!19sChIJF8YkGEgpC4gReXoxJSoxjJg?authuser=0&hl=en&rclk=1",auto repair shop,Logan County,county,IL,2026-07-27T10:36:50,0x880b29481824c617:0x988c312a25317a79
Napa Auto Care Center,,,,"S Kickapoo St, Lincoln, IL 62656, United States",S Kickapoo St,Lincoln,IL,62656,,,Auto repair shop,,,https://www.google.com/maps/place/Napa+Auto+Care+Center/data=!4m7!3m6!1s0x880b28773a280ae9:0x97c534676f407d58!8m2!3d40.1392373!4d-89.3715676!16s%2Fg%2F11yrwspl4w!19sChIJ6QooOncoC4gRWH1Ab2c0xZc?authuser=0&hl=en&rclk=1,auto repair shop,Logan County,county,IL,2026-07-27T10:36:50,0x880b28773a280ae9:0x97c534676f407d58
RGC Repair,,,,"314 Butler St, Lincoln, IL 62656, United States",314 Butler St,Lincoln,IL,62656,,,Auto repair shop,,,https://www.google.com/maps/place/RGC+Repair/data=!4m7!3m6!1s0x880b290053bf1feb:0x28e1736aef1c656f!8m2!3d40.1413357!4d-89.3594979!16s%2Fg%2F11y8csmczw!19sChIJ6x-_UwApC4gRb2Uc72pz4Sg?authuser=0&hl=en&rclk=1,auto repair shop,Logan County,county,IL,2026-07-27T10:36:50,0x880b290053bf1feb:0x28e1736aef1c656f
Walmart Auto Care Center,(217) 732-1812,https://www.walmart.com/store/199-lincoln-il/auto-care-center/?veh=seo_loc,,"825 Malerich Dr, Lincoln, IL 62656, United States",825 Malerich Dr,Lincoln,IL,62656,3.1,63,Oil change service,,,https://www.google.com/maps/place/Walmart+Auto+Care+Center/data=!4m7!3m6!1s0x880b27f6542f8d7f:0x53f49b609ce3f0af!8m2!3d40.154229!4d-89.398165!16s%2Fg%2F1tghdqgz!19sChIJf40vVPYnC4gRr_DjnGCb9FM?authuser=0&hl=en&rclk=1,auto repair shop,Logan County,county,IL,2026-07-27T10:36:50,0x880b27f6542f8d7f:0x53f49b609ce3f0af
Chuck's Body Shop Inc,(217) 324-2521,,,"1017 W Tyler Ave, Litchfield, IL 62056, United States",1017 W Tyler Ave,Litchfield,IL,62056,4.8,13,Auto body shop,,,https://www.google.com/maps/place/Chuck%27s+Body+Shop+Inc/data=!4m7!3m6!1s0x8875a2ded19b28b3:0xfecf115da6d8a1ae!8m2!3d39.1700389!4d-89.6662668!16s%2Fg%2F1vc82kms!19sChIJsyib0d6idYgRrqHYpl0Rz_4?authuser=0&hl=en&rclk=1,auto repair shop,Macoupin County,county,IL,2026-07-27T11:12:39,0x8875a2ded19b28b3:0xfecf115da6d8a1ae
Dynamic Customs Inc.,(217) 851-2619,,,"104 E Sargent St, Litchfield, IL 62056, United States",104 E Sargent St,Litchfield,IL,62056,4.2,16,Car detailing service,,,https://www.google.com/maps/place/Dynamic+Customs+Inc./data=!4m7!3m6!1s0x8875a3e1a0017251:0xce1a15ad836a299d!8m2!3d39.1736092!4d-89.6549408!16s%2Fg%2F11gsn0b5sv!19sChIJUXIBoOGjdYgRnSlqg60VGs4?authuser=0&hl=en&rclk=1,auto repair shop,Macoupin County,county,IL,2026-07-27T11:12:39,0x8875a3e1a0017251:0xce1a15ad836a299d
Dupage Tire & Auto Center Inc,(630) 629-8473,http://www.dupagetire.com/,,"1200 E Roosevelt Rd, Lombard, IL 60148, United States",1200 E Roosevelt Rd,Lombard,IL,60148,4.9,425,Auto repair shop,,,https://www.google.com/maps/place/Dupage+Tire+%26+Auto+Center+Inc/data=!4m7!3m6!1s0x880e4da0b5e8d369:0x734d105f0939db25!8m2!3d41.8608194!4d-87.9875197!16s%2Fg%2F1tfbtgl3!19sChIJadPotaBNDogRJds5CV8QTXM?authuser=0&hl=en&rclk=1,auto repair shop,DuPage County,county,IL,2026-07-24T15:31:44,0x880e4da0b5e8d369:0x734d105f0939db25
J1 Automotive Repair Incorporated,(630) 932-4427,https://www.j1autorepair.com/,,"591 S Main St, Lombard, IL 60148, United States",591 S Main St,Lombard,IL,60148,4.9,298,Auto repair shop,,,https://www.google.com/maps/place/J1+Automotive+Repair+Incorporated/data=!4m7!3m6!1s0x880e529b172ae5e9:0x4e4d2e3431723d03!8m2!3d41.8749984!4d-88.0175288!16s%2Fg%2F1x6q2bj1!19sChIJ6eUqF5tSDogRAz1yMTQuTU4?authuser=0&hl=en&rclk=1,auto repair shop,DuPage County,county,IL,2026-07-24T15:31:44,0x880e529b172ae5e9:0x4e4d2e3431723d03
"Forest Hills Automotive, Inc.",(815) 986-3400,https://foresthillsautomotiveinc.com/,,"7993 Forest Hills Rd, Loves Park, IL 61111, United States",7993 Forest Hills Rd,Loves Park,IL,61111,4.5,37,Auto repair shop,,,"https://www.google.com/maps/place/Forest+Hills+Automotive,+Inc./data=!4m7!3m6!1s0x8808bb8818088b8f:0x637a54fff778ebba!8m2!3d42.3393016!4d-89.0176316!16s%2Fg%2F1tdw417z!19sChIJj4sIGIi7CIgRuut49_9UemM?authuser=0&hl=en&rclk=1",auto repair shop,Boone County,county,IL,2026-07-17T16:32:37,0x8808bb8818088b8f:0x637a54fff778ebba
"LPT Automotive, inc",(815) 654-8762,https://www.lptauto.com/,,"5619 Jensen Dr, Loves Park, IL 61111, United States",5619 Jensen Dr,Loves Park,IL,61111,4.9,348,Auto repair shop,,,"https://www.google.com/maps/place/LPT+Automotive,+inc/data=!4m7!3m6!1s0x8808bdd4d75faa69:0x5d1983b0fa7e08ed!8m2!3d42.3139222!4d-89.0565527!16s%2Fg%2F113gwbwb2!19sChIJaapf19S9CIgR7Qh--rCDGV0?authuser=0&hl=en&rclk=1",auto repair shop,Winnebago County,county,IL,2026-07-27T14:56:54,0x8808bdd4d75faa69:0x5d1983b0fa7e08ed
"Powder's Automotive, Inc.",(815) 282-6400,https://www.powdersauto.com/,,"6400 Sebring Way, Loves Park, IL 61111, United States",6400 Sebring Way,Loves Park,IL,61111,4.9,47,Auto repair shop,,,"https://www.google.com/maps/place/Powder%27s+Automotive,+Inc./data=!4m7!3m6!1s0x8808bbdad0b02493:0xf9dfd813fceefce3!8m2!3d42.3200434!4d-88.9912616!16s%2Fg%2F1tfntl6g!19sChIJkySw0Nq7CIgR4_zu_BPY3_k?authuser=0&hl=en&rclk=1",auto repair shop,Winnebago County,county,IL,2026-07-27T14:56:54,0x8808bbdad0b02493:0xf9dfd813fceefce3
"Village Auto Body Repair, Inc",(815) 633-2769,http://www.villageautobodyrepair.com/,,"8210 Forest Hills Rd, Loves Park, IL 61111, United States",8210 Forest Hills Rd,Loves Park,IL,61111,4.8,190,Auto repair shop,,,"https://www.google.com/maps/place/Village+Auto+Body+Repair,+Inc/data=!4m7!3m6!1s0x8808bb8777fdad89:0x890709644dbddcac!8m2!3d42.3429178!4d-89.0173332!16s%2Fg%2F1thx0065!19sChIJia39d4e7CIgRrNy9TWQJB4k?authuser=0&hl=en&rclk=1",auto repair shop,Boone County,county,IL,2026-07-17T16:32:37,0x8808bb8777fdad89:0x890709644dbddcac
ADAMS AUTO REPAIR,,https://adamsauto.repair/,,"10524 Product Dr Unit a, Machesney Park, IL 61115, United States",10524 Product Dr Unit a,Machesney Park,IL,61115,5.0,39,Auto repair shop,,,https://www.google.com/maps/place/ADAMS+AUTO+REPAIR/data=!4m7!3m6!1s0x8808bdb4820386d9:0x195bb5dca1d03e24!8m2!3d42.3720524!4d-89.0358881!16s%2Fg%2F11t9d_rs4r!19sChIJ2YYDgrS9CIgRJD7Qody1Wxk?authuser=0&hl=en&rclk=1,auto repair shop,Winnebago County,county,IL,2026-07-27T14:56:54,0x8808bdb4820386d9:0x195bb5dca1d03e24
Advanced Automotive Services Inc,(815) 637-0913,https://www.advancedautomotiveservices.org/,,"5024 Willow Creek Rd Unit G, Machesney Park, IL 61115, United States",5024 Willow Creek Rd Unit G,Machesney Park,IL,61115,4.8,43,Auto repair shop,,,https://www.google.com/maps/place/Advanced+Automotive+Services+Inc/data=!4m7!3m6!1s0x8808bb5f89806297:0xba79230dbec39f52!8m2!3d42.3719951!4d-89.0178062!16s%2Fg%2F1tcy4x12!19sChIJl2KAiV-7CIgRUp_Dvg0jebo?authuser=0&hl=en&rclk=1,auto repair shop,Winnebago County,county,IL,2026-07-27T14:56:54,0x8808bb5f89806297:0xba79230dbec39f52
Transmission Specialist & Auto Repair Inc,(815) 608-3222,http://www.europeantransmissionspecialist.com/,,"10505 Product Dr, Machesney Park, IL 61115, United States",10505 Product Dr,Machesney Park,IL,61115,4.6,52,Auto repair shop,,,https://www.google.com/maps/place/Transmission+Specialist+%26+Auto+Repair+Inc/data=!4m7!3m6!1s0x8808bcbfb33e430d:0xa215fa79ea083417!8m2!3d42.3717427!4d-89.0347326!16s%2Fg%2F12615xlgm!19sChIJDUM-s7-8CIgRFzQI6nn6FaI?authuser=0&hl=en&rclk=1,auto repair shop,Winnebago County,county,IL,2026-07-27T14:56:54,0x8808bcbfb33e430d:0xa215fa79ea083417
Minus Muffler,,,,"121 N Prairie Ave, Macomb, IL 61455, United States",121 N Prairie Ave,Macomb,IL,61455,,,Auto repair shop,,,https://www.google.com/maps/place/Minus+Muffler/data=!4m7!3m6!1s0x87e0f76f67ba28e1:0xe0c4cb03b327a133!8m2!3d40.4594481!4d-90.6523025!16s%2Fg%2F11xw7fhs7t!19sChIJ4Si6Z2_34IcRM6EnswPLxOA?authuser=0&hl=en&rclk=1,auto repair shop,McDonough County,county,IL,2026-07-27T10:40:45,0x87e0f76f67ba28e1:0xe0c4cb03b327a133
Walmart Auto Care Center,(309) 836-2544,https://www.walmart.com/store/197-macomb-il/auto-care-center/?veh=seo_loc,,"1730 E Jackson, Macomb, IL 61455, United States",1730 E Jackson,Macomb,IL,61455,3.8,106,Oil change service,,,https://www.google.com/maps/place/Walmart+Auto+Care+Center/data=!4m7!3m6!1s0x87e0f7770aaa5bf9:0xf1d0f982ee2477e6!8m2!3d40.4609994!4d-90.6414438!16s%2Fg%2F1ttpbvvb!19sChIJ-VuqCnf34IcR5nck7oL50PE?authuser=0&hl=en&rclk=1,auto repair shop,McDonough County,county,IL,2026-07-27T10:40:45,0x87e0f7770aaa5bf9:0xf1d0f982ee2477e6
Bauman Mechanical,,,,"1018 Iowa St, Madison, IL 62060, United States",1018 Iowa St,Madison,IL,62060,5.0,12,Truck repair shop,,,https://www.google.com/maps/place/Bauman+Mechanical/data=!4m7!3m6!1s0x87df4d2166377fb3:0xfc5f2236895ed216!8m2!3d38.6870962!4d-90.154747!16s%2Fg%2F11v9kykv65!19sChIJs383ZiFN34cRFtJeiTYiX_w?authuser=0&hl=en&rclk=1,auto repair shop,Madison County,county,IL,2026-07-27T11:20:10,0x87df4d2166377fb3:0xfc5f2236895ed216
Madison Tire & Auto Service Inc.,(618) 501-4343,https://www.facebook.com/MadisonTireIL/,,"801 Madison Ave, Madison, IL 62060, United States",801 Madison Ave,Madison,IL,62060,3.0,25,Tire shop,,,https://www.google.com/maps/place/Madison+Tire+%26+Auto+Service+Inc./data=!4m7!3m6!1s0x87df4d7ad178a83b:0xae0e7d74e9bd4c38!8m2!3d38.6849944!4d-90.1572967!16s%2Fg%2F1vg4kbmj!19sChIJO6h40XpN34cROEy96XR9Dq4?authuser=0&hl=en&rclk=1,auto repair shop,Madison County,county,IL,2026-07-27T11:20:10,0x87df4d7ad178a83b:0xae0e7d74e9bd4c38
"Tergrity Auto Repair, LLC",,,,"55 Pitts Rd, Makanda, IL 62958, United States",55 Pitts Rd,Makanda,IL,62958,5.0,1,Auto repair shop,,,"https://www.google.com/maps/place/Tergrity+Auto+Repair,+LLC/data=!4m7!3m6!1s0x88776964cc26ee23:0x892b60b55ec92855!8m2!3d37.5355254!4d-89.1150246!16s%2Fg%2F11s0zf25nj!19sChIJI-4mzGRpd4gRVSjJXrVgK4k?authuser=0&hl=en&rclk=1",auto repair shop,Union County,county,IL,2026-07-27T13:51:59,0x88776964cc26ee23:0x892b60b55ec92855
Goodyear Auto Service,(618) 997-6381,https://www.goodyear.com/en-us/goodyearautoservice,,"1200 W Dufour St, Marion, IL 62959, United States",1200 W Dufour St,Marion,IL,62959,,,Auto repair shop,,,https://www.google.com/maps/place/Goodyear+Auto+Service/data=!4m7!3m6!1s0x887731715df7e049:0xfce8338ca08f56f4!8m2!3d37.741297!4d-88.940769!16s%2Fg%2F11nr5lpczf!19sChIJSeD3XXExd4gR9FaPoIwz6Pw?authuser=0&hl=en&rclk=1,auto repair shop,Johnson County,county,IL,2026-07-27T09:31:18,0x887731715df7e049:0xfce8338ca08f56f4
Goodyear Commercial Tire & Service Center,(618) 997-6381,http://www.goodyearctsc.com/,,"1200 W Dufour St, Marion, IL 62959, United States",1200 W Dufour St,Marion,IL,62959,4.8,648,Tire shop,,,https://www.google.com/maps/place/Goodyear+Commercial+Tire+%26+Service+Center/data=!4m7!3m6!1s0x8877309f97488f9d:0xb7f33643937c33d1!8m2!3d37.741563!4d-88.938507!16s%2Fg%2F1tk8pbph!19sChIJnY9Il58wd4gR0TN8k0M287c?authuser=0&hl=en&rclk=1,auto repair shop,Johnson County,county,IL,2026-07-27T09:31:18,0x8877309f97488f9d:0xb7f33643937c33d1
"L & L Tire Service, Inc (MARION)",(618) 364-3232,,,"1905 Princeton Ave, Marion, IL 62959, United States",1905 Princeton Ave,Marion,IL,62959,5.0,1,Tire shop,,,"https://www.google.com/maps/place/L+%26+L+Tire+Service,+Inc+%28MARION%29/data=!4m7!3m6!1s0x88773b87a2b6fa1b:0xe38e259b166d1073!8m2!3d37.7423186!4d-88.9507199!16s%2Fg%2F11ypk07v9b!19sChIJG_q2ooc7d4gRcxBtFpsljuM?authuser=0&hl=en&rclk=1",auto repair shop,Williamson County,county,IL,2026-07-27T14:47:46,0x88773b87a2b6fa1b:0xe38e259b166d1073
Level 7 Motorsports LLC.,,https://www.levelsevenmotorsports.com/,,"9549 Johns Ln, Marion, IL 62959, United States",9549 Johns Ln,Marion,IL,62959,5.0,55,Auto restoration service,,,https://www.google.com/maps/place/Level+7+Motorsports+LLC./data=!4m7!3m6!1s0x88773bf72cb4a903:0x215127a8f1aa316c!8m2!3d37.732736!4d-89.0134794!16s%2Fg%2F1pztbrbfm!19sChIJA6m0LPc7d4gRbDGq8agnUSE?authuser=0&hl=en&rclk=1,auto repair shop,Williamson County,county,IL,2026-07-27T14:47:46,0x88773bf72cb4a903:0x215127a8f1aa316c
Take 5 Oil Change,(618) 944-4808,https://www.take5.com/locations/oil-change/illinois/marion/31492/?utm_source=google&utm_medium=organic&utm_campaign=gbp_website,,"2814 Joseph Cannon Wy, Marion, IL 62959, United States",2814 Joseph Cannon Wy,Marion,IL,62959,4.7,537,Oil change service,,,https://www.google.com/maps/place/Take+5+Oil+Change/data=!4m7!3m6!1s0x88773bca26b3357f:0xb0944872ce68a3b0!8m2!3d37.7433827!4d-88.9735782!16s%2Fg%2F11l212qxfk!19sChIJfzWzJso7d4gRsKNoznJIlLA?authuser=0&hl=en&rclk=1,auto repair shop,Williamson County,county,IL,2026-07-27T14:47:46,0x88773bca26b3357f:0xb0944872ce68a3b0
"Harrison Towing & Service, Inc.",(815) 795-6241,,,"346 Commercial St, Marseilles, IL 61341, United States",346 Commercial St,Marseilles,IL,61341,4.8,52,Auto repair shop,,,"https://www.google.com/maps/place/Harrison+Towing+%26+Service,+Inc./data=!4m7!3m6!1s0x880ea95bf70aebff:0x27383904ec7f58f2!8m2!3d41.3278556!4d-88.7147111!16s%2Fg%2F11c59wqbhr!19sChIJ_-sK91upDogR8lh_7AQ5OCc?authuser=0&hl=en&rclk=1",auto repair shop,Grundy County,county,IL,2026-07-27T08:01:41,0x880ea95bf70aebff:0x27383904ec7f58f2
"Randy's Auto Repair of Marshall, Inc.",(217) 251-9809,,,"2004 IL-1, Marshall, IL 62441, United States",2004 IL-1,Marshall,IL,62441,4.6,57,Car repair and maintenance service,,,"https://www.google.com/maps/place/Randy%27s+Auto+Repair+of+Marshall,+Inc./data=!4m7!3m6!1s0x88729a8affd106db:0xa839eb92fd392b71!8m2!3d39.4255078!4d-87.6936994!16s%2Fg%2F1tdbxhtn!19sChIJ2wbR_4qacogRcSs5_ZLrOag?authuser=0&hl=en&rclk=1",auto repair shop,Edgar County,county,IL,2026-07-24T15:39:39,0x88729a8affd106db:0xa839eb92fd392b71
Lonnie's Tire and Auto Inc.,(618) 566-8473,https://lonniestowingmascoutah.com/,,"1034 W Main St, Mascoutah, IL 62258, United States",1034 W Main St,Mascoutah,IL,62258,4.7,117,Auto repair shop,,,https://www.google.com/maps/place/Lonnie%27s+Tire+and+Auto+Inc./data=!4m7!3m6!1s0x88760fd337c0d53d:0x1222ca6300bdf3f8!8m2!3d38.4914721!4d-89.8138498!16s%2Fg%2F1v2ky5br!19sChIJPdXAN9MPdogR-PO9AGPKIhI?authuser=0&hl=en&rclk=1,auto repair shop,Marion County,county,IL,2026-07-27T11:24:35,0x88760fd337c0d53d:0x1222ca6300bdf3f8
Meineke Car Care Center,(618) 566-6903,https://www.meineke.com/locations/il/mascoutah-2585/?utm_source=google&utm_medium=organic&utm_campaign=gbp_website,,"922 W Main St, Mascoutah, IL 62258, United States",922 W Main St,Mascoutah,IL,62258,4.6,463,Auto repair shop,,,https://www.google.com/maps/place/Meineke+Car+Care+Center/data=!4m7!3m6!1s0x88760e2c96815337:0x5ce339ecb2dba91f!8m2!3d38.491162!4d-89.811826!16s%2Fg%2F11b7tb8p_v!19sChIJN1OBliwOdogRH6nbsuw541w?authuser=0&hl=en&rclk=1,auto repair shop,Monroe County,county,IL,2026-07-27T11:52:47,0x88760e2c96815337:0x5ce339ecb2dba91f
Woody's Auto Repair Inc.,(618) 566-8833,https://www.facebook.com/WilsonAutoTruckInc/,,"720 W Church St, Mascoutah, IL 62258, United States",720 W Church St,Mascoutah,IL,62258,4.8,70,Auto repair shop,,,https://www.google.com/maps/place/Woody%27s+Auto+Repair+Inc./data=!4m7!3m6!1s0x88760e2c3d295ac1:0x1797ff8a66b970b9!8m2!3d38.491554!4d-89.808956!16s%2Fg%2F1tdblrm7!19sChIJwVopPSwOdogRuXC5Zor_lxc?authuser=0&hl=en&rclk=1,auto repair shop,Monroe County,county,IL,2026-07-27T11:52:47,0x88760e2c3d295ac1:0x1797ff8a66b970b9
Best Automotive Inc,(217) 482-5074,https://www.facebook.com/Best-Automotive-Inc-1622464351318103/,,"217 E Chestnut St, Mason City, IL 62664, United States",217 E Chestnut St,Mason City,IL,62664,5.0,7,Auto body shop,,,https://www.google.com/maps/place/Best+Automotive+Inc/data=!4m7!3m6!1s0x880ac76149ccee3d:0x6a23b7e3ddf52df7!8m2!3d40.2020745!4d-89.6954993!16s%2Fg%2F1tfcjbb8!19sChIJPe7MSWHHCogR9y313eO3I2o?authuser=0&hl=en&rclk=1,auto repair shop,Mason County,county,IL,2026-07-27T11:35:42,0x880ac76149ccee3d:0x6a23b7e3ddf52df7
Autojoes Charleston illinois,,,,"10055 US-45 Lot 18, Mattoon, IL 61938, United States",10055 US-45 Lot 18,Mattoon,IL,61938,2.3,3,Auto machine shop,,,https://www.google.com/maps/place/Autojoes+Charleston+illinois/data=!4m7!3m6!1s0x887311921ac279f3:0x9aa1ec43a42b2ee2!8m2!3d39.5205888!4d-88.3590524!16s%2Fg%2F11qnjf5_zc!19sChIJ83nCGpIRc4gR4i4rpEPsoZo?authuser=0&hl=en&rclk=1,auto repair shop,Coles County,county,IL,2026-07-24T16:15:07,0x887311921ac279f3:0x9aa1ec43a42b2ee2
Plaza Tire Service,,https://www.plazatireservice.com/locations/il/mattoon/auto-repair-1304-fort-worth-way?utm_source=local_listing&utm_medium=organic&utm_campaign=store_9124,,"1304 Fort Worth Way, Mattoon, IL 61938, United States",1304 Fort Worth Way,Mattoon,IL,61938,,,,,,https://www.google.com/maps/place/Plaza+Tire+Service/data=!4m7!3m6!1s0x887311d38e522eff:0x5bb815ba03f0b393!8m2!3d39.482872!4d-88.3277573!16s%2Fg%2F11msdt668k!19sChIJ_y5SjtMRc4gRk7PwA7oVuFs?authuser=0&hl=en&rclk=1,auto repair shop,Coles County,county,IL,2026-07-24T14:51:58,0x887311d38e522eff:0x5bb815ba03f0b393
Talbert Tinting & Graphics,,,,"800 N 27th St, Mattoon, IL 61938, United States",800 N 27th St,Mattoon,IL,61938,5.0,1,Auto repair shop,,,https://www.google.com/maps/place/Talbert+Tinting+%26+Graphics/data=!4m7!3m6!1s0x8873110077ac6039:0x7ddddcc52c4e8582!8m2!3d39.4912537!4d-88.388162!16s%2Fg%2F11x2y56yhk!19sChIJOWCsdwARc4gRgoVOLMXc3X0?authuser=0&hl=en&rclk=1,auto repair shop,Coles County,county,IL,2026-07-17T18:03:32,0x8873110077ac6039:0x7ddddcc52c4e8582
Firestone Complete Auto Care,(815) 669-4640,https://www.firestonecompleteautocare.com/illinois/mchenry/3624-diamond-dr/?utm_source=google&utm_medium=organic&utm_campaign=localmaps&cmp=oloc_google_localmaps_maps,,"3624 Diamond Dr, McHenry, IL 60051, United States",3624 Diamond Dr,McHenry,IL,60051,4.4,364,Tire shop,,,https://www.google.com/maps/place/Firestone+Complete+Auto+Care/data=!4m7!3m6!1s0x880f7096b4b8e041:0xe8afde930ec3e8e5!8m2!3d42.3676643!4d-88.2707918!16s%2Fg%2F1tc_4pk_!19sChIJQeC4tJZwD4gR5ejDDpPer-g?authuser=0&hl=en&rclk=1,auto repair shop,McHenry County,county,IL,2026-07-27T10:47:47,0x880f7096b4b8e041:0xe8afde930ec3e8e5
Fixit Auto Inc,(815) 344-6068,https://fixitautoinc.com/,,"1801 IL-120, McHenry, IL 60051, United States",1801 IL-120,McHenry,IL,60051,4.9,56,Auto repair shop,,,https://www.google.com/maps/place/Fixit+Auto+Inc/data=!4m7!3m6!1s0x880f76d8d61b3a21:0x9902badf57e812e3!8m2!3d42.3384223!4d-88.2318408!16s%2Fg%2F11dxqk0ccm!19sChIJITob1th2D4gR4xLoV9-6Apk?authuser=0&hl=en&rclk=1,auto repair shop,McHenry County,county,IL,2026-07-27T10:47:47,0x880f76d8d61b3a21:0x9902badf57e812e3
Jiffy Lube Oil Change,(815) 363-7299,https://www.jiffylube.com/locations/il/mc-henry/1727,,"1807 N Richmond Rd, McHenry, IL 60050, United States",1807 N Richmond Rd,McHenry,IL,60050,4.7,1031,Oil change service,,,https://www.google.com/maps/place/Jiffy+Lube+Oil+Change/data=!4m7!3m6!1s0x880f70e842c6c137:0x793c5575f193b4f6!8m2!3d42.353842!4d-88.2678428!16s%2Fg%2F1tl1jh3d!19sChIJN8HGQuhwD4gR9rST8XVVPHk?authuser=0&hl=en&rclk=1,auto repair shop,McHenry County,county,IL,2026-07-27T10:47:48,0x880f70e842c6c137:0x793c5575f193b4f6
Merlin Complete Auto Care,,https://www.merlins.com/locations/il/mchenry-652/,,"3926 W Elm St, McHenry, IL 60050, United States",3926 W Elm St,McHenry,IL,60050,4.1,162,Auto repair shop,,,https://www.google.com/maps/place/Merlin+Complete+Auto+Care/data=!4m7!3m6!1s0x880f70e3184a69a9:0x726b57022a4b6c75!8m2!3d42.3449945!4d-88.2748045!16s%2Fg%2F1tfpkdlx!19sChIJqWlKGONwD4gRdWxLKgJXa3I?authuser=0&hl=en&rclk=1,auto repair shop,McHenry County,county,IL,2026-07-27T10:47:47,0x880f70e3184a69a9:0x726b57022a4b6c75
Midas,(815) 322-9037,https://www.midas.com/store/il/mchenry/4110-west-elm-street-60050/?shopnum=2824&utm_source=google&utm_medium=organic&utm_campaign=gbp,,"4110 W Elm St, McHenry, IL 60050, United States",4110 W Elm St,McHenry,IL,60050,4.4,228,Auto repair shop,,,https://www.google.com/maps/place/Midas/data=!4m7!3m6!1s0x880f70fc5e2fc299:0x7517640b6f3a2165!8m2!3d42.3454777!4d-88.277648!16s%2Fg%2F1th7nh7t!19sChIJmcIvXvxwD4gRZSE6bwtkF3U?authuser=0&hl=en&rclk=1,auto repair shop,McHenry County,county,IL,2026-07-27T10:47:47,0x880f70fc5e2fc299:0x7517640b6f3a2165
Nye Auto Doctor Inc,(815) 344-5505,,,"2318 IL-120, McHenry, IL 60051, United States",2318 IL-120,McHenry,IL,60051,5.0,51,Auto repair shop,,,https://www.google.com/maps/place/Nye+Auto+Doctor+Inc/data=!4m7!3m6!1s0x880f772af0bd06f9:0xe1ff1bf70235324e!8m2!3d42.342883!4d-88.244057!16s%2Fg%2F1tgtg2ch!19sChIJ-Qa98Cp3D4gRTjI1Avcb_-E?authuser=0&hl=en&rclk=1,auto repair shop,McHenry County,county,IL,2026-07-27T10:47:48,0x880f772af0bd06f9:0xe1ff1bf70235324e
R Sanchez Auto Repair Inc.,,,,"908 Front St Ste D, McHenry, IL 60050, United States",908 Front St Ste D,McHenry,IL,60050,5.0,6,Auto repair shop,,,https://www.google.com/maps/place/R+Sanchez+Auto+Repair+Inc./data=!4m7!3m6!1s0x880f710f16d7b719:0x2b196d21e5f86aee!8m2!3d42.34051!4d-88.273816!16s%2Fg%2F11j20y19__!19sChIJGbfXFg9xD4gR7mr45SFtGSs?authuser=0&hl=en&rclk=1,auto repair shop,McHenry County,county,IL,2026-07-27T10:47:48,0x880f710f16d7b719:0x2b196d21e5f86aee
Velasquez Mufflers & Brakes Shop V Inc,(815) 344-8200,http://www.amerimexmufflers.com/,,"4400 W Elm St, McHenry, IL 60050, United States",4400 W Elm St,McHenry,IL,60050,4.3,229,Muffler shop,,,https://www.google.com/maps/place/Velasquez+Mufflers+%26+Brakes+Shop+V+Inc/data=!4m7!3m6!1s0x880f70f8ddc22ff9:0x66fab9a001f75b11!8m2!3d42.3475278!4d-88.2835231!16s%2Fg%2F11bbrj2tjr!19sChIJ-S_C3fhwD4gREVv3AaC5-mY?authuser=0&hl=en&rclk=1,auto repair shop,McHenry County,county,IL,2026-07-27T10:47:48,0x880f70f8ddc22ff9:0x66fab9a001f75b11
Teffertiller Motors Inc,(618) 643-2344,http://www.teffmotors.com/,,"1008 E Randolph St 14 E, McLeansboro, IL 62859, United States",1008 E Randolph St 14 E,McLeansboro,IL,62859,4.5,72,Chevrolet dealer,,,https://www.google.com/maps/place/Teffertiller+Motors+Inc/data=!4m7!3m6!1s0x887123a1b1607103:0x57eabd3920cf4f68!8m2!3d38.0885714!4d-88.5197676!16s%2Fg%2F1tdksk4c!19sChIJA3FgsaEjcYgRaE_PIDm96lc?authuser=0&hl=en&rclk=1,auto repair shop,Hamilton County,county,IL,2026-07-27T08:11:07,0x887123a1b1607103:0x57eabd3920cf4f68
ARS Auto Repair Inc,(815) 538-2412,https://arsautorepairil.com/,,"307 Plaza Dr, Mendota, IL 61342, United States",307 Plaza Dr,Mendota,IL,61342,4.7,92,Auto repair shop,,,https://www.google.com/maps/place/ARS+Auto+Repair+Inc/data=!4m7!3m6!1s0x88096a44aeab0cff:0x77d02408bde24554!8m2!3d41.5438203!4d-89.1328962!16s%2Fg%2F1wk4dmqg!19sChIJ_wyrrkRqCYgRVEXivQgk0Hc?authuser=0&hl=en&rclk=1,auto repair shop,LaSalle County,county,IL,2026-07-27T10:10:33,0x88096a44aeab0cff:0x77d02408bde24554
Illinois Frame Inc,(815) 539-5033,http://www.illinoisframeinc.com/,,"496 A US Highway 34, Mendota, IL 61342, United States",496 A US Highway 34,Mendota,IL,61342,4.4,48,Truck repair shop,,,https://www.google.com/maps/place/Illinois+Frame+Inc/data=!4m7!3m6!1s0x880941b477dd8aa9:0x7758dff52c642582!8m2!3d41.5526811!4d-89.070487!16s%2Fg%2F1v9gw12m!19sChIJqYrdd7RBCYgRgiVkLPXfWHc?authuser=0&hl=en&rclk=1,auto repair shop,LaSalle County,county,IL,2026-07-27T10:10:33,0x880941b477dd8aa9:0x7758dff52c642582
H&R Repair Inc,(217) 584-1996,,,"1930 Old Naples Rd, Meredosia, IL 62665, United States",1930 Old Naples Rd,Meredosia,IL,62665,,,Truck repair shop,,,https://www.google.com/maps/place/H%26R+Repair+Inc/data=!4m7!3m6!1s0x87dfcdee428e9dc1:0xf19f75493a994d2a!8m2!3d39.8061763!4d-90.5638551!16s%2Fg%2F11f7r4b878!19sChIJwZ2OQu7N34cRKk2ZOkl1n_E?authuser=0&hl=en&rclk=1,auto repair shop,Scott County,county,IL,2026-07-27T13:31:14,0x87dfcdee428e9dc1:0xf19f75493a994d2a
Britton's Wrecker Service Inc.,(618) 524-9000,https://brittonswreckerservice.com/?utm_source=omg-gbp&utm_medium=webclick,,"2105 E 5th St, Metropolis, IL 62960, United States",2105 E 5th St,Metropolis,IL,62960,4.9,231,Towing service,,,https://www.google.com/maps/place/Britton%27s+Wrecker+Service+Inc./data=!4m7!3m6!1s0x887a052a1473932f:0x142abd092ba1d013!8m2!3d37.1631608!4d-88.6890097!16s%2Fg%2F11g20xtsgs!19sChIJL5NzFCoFeogRE9ChKwm9KhQ?authuser=0&hl=en&rclk=1,auto repair shop,Massac County,county,IL,2026-07-27T11:45:04,0x887a052a1473932f:0x142abd092ba1d013
C&W AUTOMOTIVE INC,(888) 973-0525,,,"314 W 10th St, Metropolis, IL 62960, United States",314 W 10th St,Metropolis,IL,62960,4.2,29,Auto repair shop,,,https://www.google.com/maps/place/C%26W+AUTOMOTIVE+INC/data=!4m7!3m6!1s0x887a0333fdc80e0d:0x1885c4d07ef1c51d!8m2!3d37.1573844!4d-88.7317203!16s%2Fg%2F11fr0tzdz7!19sChIJDQ7I_TMDeogRHcXxftDEhRg?authuser=0&hl=en&rclk=1,auto repair shop,Massac County,county,IL,2026-07-27T11:45:04,0x887a0333fdc80e0d:0x1885c4d07ef1c51d
Hall's Body Shop,,,,"213 W 8th St, Metropolis, IL 62960, United States",213 W 8th St,Metropolis,IL,62960,5.0,1,Auto repair shop,,,https://www.google.com/maps/place/Hall%27s+Body+Shop/data=!4m7!3m6!1s0x887a030cebeb1a6d:0x61ae28d7f0c94b35!8m2!3d37.1550191!4d-88.7315929!16s%2Fg%2F11k5ltzzl5!19sChIJbRrr6wwDeogRNUvJ8NcormE?authuser=0&hl=en&rclk=1,auto repair shop,Massac County,county,IL,2026-07-27T11:45:04,0x887a030cebeb1a6d:0x61ae28d7f0c94b35
Hercules Tires,,https://www.herculestire.com/,,"W 10th St, Metropolis, IL 62960, United States",W 10th St,Metropolis,IL,62960,5.0,1,Tire shop,,,https://www.google.com/maps/place/Hercules+Tires/data=!4m7!3m6!1s0x887a030b68563369:0xe9712de44d135bda!8m2!3d37.1573997!4d-88.7317259!16s%2Fg%2F11h79n5kzw!19sChIJaTNWaAsDeogR2lsTTeQtcek?authuser=0&hl=en&rclk=1,auto repair shop,Massac County,county,IL,2026-07-27T11:45:04,0x887a030b68563369:0xe9712de44d135bda
NAPA Auto Parts Auto Tire and Parts,(618) 524-2166,http://www.autotireandpartsnapa.com/,,"208 W 8th St, Metropolis, IL 62960, United States",208 W 8th St,Metropolis,IL,62960,4.8,44,Auto parts store,,,https://www.google.com/maps/place/NAPA+Auto+Parts+Auto+Tire+and+Parts/data=!4m7!3m6!1s0x887a030cdb485fcf:0x91bcd9b04e8e0ce3!8m2!3d37.1546202!4d-88.7317364!16s%2Fg%2F1vljh2m7!19sChIJz19I2wwDeogR4wyOTrDZvJE?authuser=0&hl=en&rclk=1,auto repair shop,Massac County,county,IL,2026-07-27T11:45:04,0x887a030cdb485fcf:0x91bcd9b04e8e0ce3
Ralf's Automotive Diagnostics & Repair,,,,"711 E 7th St, Metropolis, IL 62960, United States",711 E 7th St,Metropolis,IL,62960,4.9,58,Auto repair shop,,,https://www.google.com/maps/place/Ralf%27s+Automotive+Diagnostics+%26+Repair/data=!4m7!3m6!1s0x887a036fab433911:0xe84a48651b5f9fc0!8m2!3d37.1486133!4d-88.7219694!16s%2Fg%2F11c1rfvt4h!19sChIJETlDq28DeogRwJ9fG2VISug?authuser=0&hl=en&rclk=1,auto repair shop,Massac County,county,IL,2026-07-27T11:45:04,0x887a036fab433911:0xe84a48651b5f9fc0
Cheeseman & Gebhardt Inc,(815) 225-7411,,,"221 N Main Ave, Milledgeville, IL 61051, United States",221 N Main Ave,Milledgeville,IL,61051,5.0,2,Tire shop,,,https://www.google.com/maps/place/Cheeseman+%26+Gebhardt+Inc/data=!4m7!3m6!1s0x8808347f94af64c3:0x581a42ff261342d5!8m2!3d41.9610338!4d-89.7748951!16s%2Fg%2F1263r1mxs!19sChIJw2SvlH80CIgR1UITJv9CGlg?authuser=0&hl=en&rclk=1,auto repair shop,Carroll County,county,IL,2026-07-17T17:07:34,0x8808347f94af64c3:0x581a42ff261342d5
Logan Agri Services,,,,"IL-100, Milton, IL 62352, United States",IL-100,Milton,IL,62352,5.0,3,Auto repair shop,,,https://www.google.com/maps/place/Logan+Agri+Services/data=!4m7!3m6!1s0x87de4c7a65368d3d:0xc58b4d5516a2feb8!8m2!3d39.5641334!4d-90.6482023!16s%2Fg%2F1v1slsck!19sChIJPY02ZXpM3ocRuP6iFlVNi8U?authuser=0&hl=en&rclk=1,auto repair shop,Scott County,county,IL,2026-07-27T13:31:14,0x87de4c7a65368d3d:0xc58b4d5516a2feb8
Erickson Tire & Auto Service Inc.,(309) 736-1464,https://www.ericksontire.com/,,"1534 47th Ave, Moline, IL 61265, United States",1534 47th Ave,Moline,IL,61265,4.6,54,Tire shop,,,https://www.google.com/maps/place/Erickson+Tire+%26+Auto+Service+Inc./data=!4m7!3m6!1s0x87e231967c59937d:0xa769a4ead1d05fdf!8m2!3d41.4654171!4d-90.5085387!16s%2Fg%2F1tdhmcmj!19sChIJfZNZfJYx4ocR31_Q0eqkaac?authuser=0&hl=en&rclk=1,auto repair shop,Henry County,county,IL,2026-07-27T08:36:02,0x87e231967c59937d:0xa769a4ead1d05fdf
Firestone Complete Auto Care,(309) 928-7230,https://www.firestonecompleteautocare.com/illinois/moline/4750-16th-st/?utm_source=google&utm_medium=organic&utm_campaign=localmaps&cmp=oloc_google_localmaps_maps,,"4750 16th St, Moline, IL 61265, United States",4750 16th St,Moline,IL,61265,4.1,503,Tire shop,,,https://www.google.com/maps/place/Firestone+Complete+Auto+Care/data=!4m7!3m6!1s0x87e2319606aec7c1:0xfcecdaa6423df661!8m2!3d41.4651993!4d-90.5064027!16s%2Fg%2F1tx47lnv!19sChIJwceuBpYx4ocRYfY9Qqba7Pw?authuser=0&hl=en&rclk=1,auto repair shop,Rock Island County,county,IL,2026-07-27T13:06:16,0x87e2319606aec7c1:0xfcecdaa6423df661
Midas,(309) 623-4248,https://www.midas.com/store/il/moline/4500-avenue-of-the-cities-61265/?shopnum=2165&utm_source=google&utm_medium=organic&utm_campaign=gbp,,"4500 Avenue of the Cities, Moline, IL 61265, United States",4500 Avenue of the Cities,Moline,IL,61265,4.7,715,Auto repair shop,,,https://www.google.com/maps/place/Midas/data=!4m7!3m6!1s0x87e230f2120e9873:0xdb9942ca0cdec4b2!8m2!3d41.4895313!4d-90.4728755!16s%2Fg%2F1ttq2njj!19sChIJc5gOEvIw4ocRssTeDMpCmds?authuser=0&hl=en&rclk=1,auto repair shop,Henry County,county,IL,2026-07-27T08:36:02,0x87e230f2120e9873:0xdb9942ca0cdec4b2
Lair's Collision Center Inc,(309) 734-1949,http://lairscollisioncenteril.com/,,"106 E 6th Ave, Monmouth, IL 61462, United States",106 E 6th Ave,Monmouth,IL,61462,4.8,28,Auto body shop,,,https://www.google.com/maps/place/Lair%27s+Collision+Center+Inc/data=!4m7!3m6!1s0x87e10bb00d0c231b:0xc41772ddc4188807!8m2!3d40.9053964!4d-90.6478188!16s%2Fg%2F1tg9t74c!19sChIJGyMMDbAL4YcRB4gYxN1yF8Q?authuser=0&hl=en&rclk=1,auto repair shop,Warren County,county,IL,2026-07-27T14:17:34,0x87e10bb00d0c231b:0xc41772ddc4188807
Ron Knuth Repair,,,,"Warren County, 2150 U.S. Hwy 67, Monmouth, IL 61462, United States","Warren County, 2150 U.S. Hwy 67",Monmouth,IL,61462,,,Auto repair shop,,,https://www.google.com/maps/place/Ron+Knuth+Repair/data=!4m7!3m6!1s0x87e10b0078dbf58d:0x874eabfd2a6ded83!8m2!3d40.9408511!4d-90.6481431!16s%2Fg%2F11yntvbh8l!19sChIJjfXbeAAL4YcRg-1tKv2rToc?authuser=0&hl=en&rclk=1,auto repair shop,Warren County,county,IL,2026-07-27T14:17:34,0x87e10b0078dbf58d:0x874eabfd2a6ded83
"Montgomery Car Care, Inc.",(331) 312-0897,,,"591 Montgomery Rd, Montgomery, IL 60538, United States",591 Montgomery Rd,Montgomery,IL,60538,5.0,1,Auto repair shop,,,"https://www.google.com/maps/place/Montgomery+Car+Care,+Inc./data=!4m7!3m6!1s0x880ef1208a293a43:0x8d4e57d316947507!8m2!3d41.7303272!4d-88.3059632!16s%2Fg%2F11ywfkt_qd!19sChIJQzopiiDxDogRB3WUFtNXTo0?authuser=0&hl=en&rclk=1",auto repair shop,Montgomery County,county,IL,2026-07-27T11:57:03,0x880ef1208a293a43:0x8d4e57d316947507
"Probst Service, Inc.",(630) 897-7413,https://probstserviceinc.com/,,"300 Webster St, Montgomery, IL 60538, United States",300 Webster St,Montgomery,IL,60538,4.7,52,Auto repair shop,,,"https://www.google.com/maps/place/Probst+Service,+Inc./data=!4m7!3m6!1s0x880eef9552a7f3f1:0xc70ec9a6445f969!8m2!3d41.7294561!4d-88.3434485!16s%2Fg%2F1tlvq3h0!19sChIJ8fOnUpXvDogRaflFZJrscAw?authuser=0&hl=en&rclk=1",auto repair shop,Montgomery County,county,IL,2026-07-27T11:57:03,0x880eef9552a7f3f1:0xc70ec9a6445f969
"Weber Body Shop, Inc.",(217) 762-2851,https://weberbodyshop.com/,,"735 W Bridge St, Monticello, IL 61856, United States",735 W Bridge St,Monticello,IL,61856,5.0,11,Auto body shop,,,"https://www.google.com/maps/place/Weber+Body+Shop,+Inc./data=!4m7!3m6!1s0x880cb3bc209fe785:0xf0172462c81ced5d!8m2!3d40.0284452!4d-88.580146!16s%2Fg%2F1v2jdhd3!19sChIJheefILyzDIgRXe0cyGIkF_A?authuser=0&hl=en&rclk=1",auto repair shop,Piatt County,county,IL,2026-07-27T12:27:39,0x880cb3bc209fe785:0xf0172462c81ced5d
"Andy's Auto Service, Inc.",(815) 942-0100,,,"201 N Division St, Morris, IL 60450, United States",201 N Division St,Morris,IL,60450,4.5,48,Brake shop,,,"https://www.google.com/maps/place/Andy%27s+Auto+Service,+Inc./data=!4m7!3m6!1s0x880e99362b079e79:0xcefc947c4274da29!8m2!3d41.357687!4d-88.421181!16s%2Fg%2F1tlbv9g_!19sChIJeZ4HKzaZDogRKdp0QnyU_M4?authuser=0&hl=en&rclk=1",auto repair shop,Grundy County,county,IL,2026-07-27T08:01:40,0x880e99362b079e79:0xcefc947c4274da29
"D'Arcy Chevrolet, Inc. Service/Parts",(815) 513-1113,http://www.darcyautos.com/?utm_source=google&utm_medium=GBP+Post&utm_campaign=AMT,,"1850 N Division St, Morris, IL 60450, United States",1850 N Division St,Morris,IL,60450,4.4,25,Auto repair shop,,,"https://www.google.com/maps/place/D%27Arcy+Chevrolet,+Inc.+Service%2FParts/data=!4m7!3m6!1s0x880e990d7bc65683:0xeea830fa512845d6!8m2!3d41.3808336!4d-88.4230565!16s%2Fg%2F11d_tvklw3!19sChIJg1bGew2ZDogR1kUoUfowqO4?authuser=0&hl=en&rclk=1",auto repair shop,Grundy County,county,IL,2026-07-20T07:12:58,0x880e990d7bc65683:0xeea830fa512845d6
Dons Auto,,,,"4897 Cemetery Rd, Morris, IL 60450, United States",4897 Cemetery Rd,Morris,IL,60450,5.0,4,Auto repair shop,,,https://www.google.com/maps/place/Dons+Auto/data=!4m7!3m6!1s0x880e9ad13797504b:0x56b9b545749754c0!8m2!3d41.3947923!4d-88.330127!16s%2Fg%2F11hy9p2z76!19sChIJS1CXN9GaDogRwFSXdEW1uVY?authuser=0&hl=en&rclk=1,auto repair shop,Grundy County,county,IL,2026-07-27T08:01:40,0x880e9ad13797504b:0x56b9b545749754c0
Walmart Auto Care Center,(815) 942-5981,https://www.walmart.com/store/844-morris-il/auto-care-center/?veh=seo_loc,,"333 US-6, Morris, IL 60450, United States",333 US-6,Morris,IL,60450,3.2,138,Oil change service,,,https://www.google.com/maps/place/Walmart+Auto+Care+Center/data=!4m7!3m6!1s0x880e9974889f7411:0x1e6af79097e8d6c3!8m2!3d41.3849452!4d-88.4179367!16s%2Fg%2F1pty3s608!19sChIJEXSfiHSZDogRw9bol5D3ah4?authuser=0&hl=en&rclk=1,auto repair shop,Grundy County,county,IL,2026-07-20T07:12:58,0x880e9974889f7411:0x1e6af79097e8d6c3
2 Buddy's Garage,,https://www.facebook.com/2-Buddys-Garage-2017748375006564/,,"611 E Lincolnway, Morrison, IL 61270, United States",611 E Lincolnway,Morrison,IL,61270,4.6,32,Auto repair shop,,,https://www.google.com/maps/place/2+Buddy%27s+Garage/data=!4m7!3m6!1s0x8809d7dfb27f4c35:0x84f7b57e202554e8!8m2!3d41.8063104!4d-89.9556348!16s%2Fg%2F11h3ldvzcc!19sChIJNUx_st_XCYgR6FQlIH6194Q?authuser=0&hl=en&rclk=1,auto repair shop,Whiteside County,county,IL,2026-07-27T14:34:34,0x8809d7dfb27f4c35:0x84f7b57e202554e8
Rod's Repair Inc.,(815) 718-4934,,,"16137 Wayne Rd, Morrison, IL 61270, United States",16137 Wayne Rd,Morrison,IL,61270,,,Car repair and maintenance service,,,https://www.google.com/maps/place/Rod%27s+Repair+Inc./data=!4m7!3m6!1s0x8809d9e584840001:0xa15b19048530e715!8m2!3d41.7511632!4d-89.9373113!16s%2Fg%2F11kptfc4q2!19sChIJAQCEhOXZCYgRFecwhQQZW6E?authuser=0&hl=en&rclk=1,auto repair shop,Whiteside County,county,IL,2026-07-27T14:34:34,0x8809d9e584840001:0xa15b19048530e715
"Byers Automotive, Inc.",(309) 263-2340,https://www.byersautomotiveinc.com/,,"1080 W Jefferson St, Morton, IL 61550, United States",1080 W Jefferson St,Morton,IL,61550,4.8,95,Auto repair shop,,,"https://www.google.com/maps/place/Byers+Automotive,+Inc./data=!4m7!3m6!1s0x880aff495897a8dd:0xb47ad35e5f303313!8m2!3d40.6203827!4d-89.4766586!16s%2Fg%2F1tcvvfjj!19sChIJ3aiXWEn_CogREzMwX17TerQ?authuser=0&hl=en&rclk=1",auto repair shop,Tazewell County,county,IL,2026-07-27T13:48:41,0x880aff495897a8dd:0xb47ad35e5f303313
Britton's Wrecker Service Inc.,(618) 342-6677,https://brittonswreckerservice.com/?utm_source=omg-gbp&utm_medium=webclick,,"210 Glen Hall Dr, Mounds, IL 62964, United States",210 Glen Hall Dr,Mounds,IL,62964,4.8,345,Towing service,,,https://www.google.com/maps/place/Britton%27s+Wrecker+Service+Inc./data=!4m7!3m6!1s0x8879db537784eaff:0x74d9c7322dd83af4!8m2!3d37.1262931!4d-89.1768569!16s%2Fg%2F1hbpwsbmv!19sChIJ_-qEd1PbeYgR9DrYLTLH2XQ?authuser=0&hl=en&rclk=1,auto repair shop,Pulaski County,county,IL,2026-07-27T12:40:53,0x8879db537784eaff:0x74d9c7322dd83af4
CTB Auto Repair Inc,(618) 262-8714,,,"631 N Walnut St, Mt Carmel, IL 62863, United States",631 N Walnut St,Mt Carmel,IL,62863,4.7,33,Transmission shop,,,https://www.google.com/maps/place/CTB+Auto+Repair+Inc/data=!4m7!3m6!1s0x8871ee8fe2f4770b:0xd23d0267c60e751a!8m2!3d38.4119823!4d-87.7658213!16s%2Fg%2F1thvtg04!19sChIJC3f04o_ucYgRGnUOxmcCPdI?authuser=0&hl=en&rclk=1,auto repair shop,Wabash County,county,IL,2026-07-27T14:15:26,0x8871ee8fe2f4770b:0xd23d0267c60e751a
"Charlies Collision & Customs, Inc.",(618) 262-5976,http://www.cccustomsinc.com/,,"10207 Wabash Ave, Mt Carmel, IL 62863, United States",10207 Wabash Ave,Mt Carmel,IL,62863,4.8,24,Auto body shop,,,"https://www.google.com/maps/place/Charlies+Collision+%26+Customs,+Inc./data=!4m7!3m6!1s0x8871eb800ccc4be9:0x4eb72bdd776ee55e!8m2!3d38.3927737!4d-87.7919227!16s%2Fg%2F1thqblx_!19sChIJ6UvMDIDrcYgRXuVud90rt04?authuser=0&hl=en&rclk=1",auto repair shop,Wabash County,county,IL,2026-07-27T14:15:26,0x8871eb800ccc4be9:0x4eb72bdd776ee55e
Import Auto Clinic,,,,"824 N Market St, Mt Carmel, IL 62863, United States",824 N Market St,Mt Carmel,IL,62863,2.5,2,Auto repair shop,,,https://www.google.com/maps/place/Import+Auto+Clinic/data=!4m7!3m6!1s0x8871ee8f1e030643:0xb2dae9ec7e53f04c!8m2!3d38.415356!4d-87.7648641!16s%2Fg%2F1td9r89n!19sChIJQwYDHo_ucYgRTPBTfuzp2rI?authuser=0&hl=en&rclk=1,auto repair shop,Wabash County,county,IL,2026-07-27T14:15:26,0x8871ee8f1e030643:0xb2dae9ec7e53f04c
Lindsey's Towing LLC,,,,"17981 E 1220 Rd, Mt Carmel, IL 62863, United States",17981 E 1220 Rd,Mt Carmel,IL,62863,4.9,12,Towing service,,,https://www.google.com/maps/place/Lindsey%27s+Towing+LLC/data=!4m7!3m6!1s0x8871f155e7a45031:0x3821eafd7f659779!8m2!3d38.4801696!4d-87.7525161!16s%2Fg%2F11lrq00nb8!19sChIJMVCk51XxcYgReZdlf_3qITg?authuser=0&hl=en&rclk=1,auto repair shop,Wabash County,county,IL,2026-07-27T14:15:26,0x8871f155e7a45031:0x3821eafd7f659779
Mabry Auto Body & Paint,,,,"214 S Market St, Mt Carmel, IL 62863, United States",214 S Market St,Mt Carmel,IL,62863,5.0,2,Auto repair shop,,,https://www.google.com/maps/place/Mabry+Auto+Body+%26+Paint/data=!4m7!3m6!1s0x8871ef85f1b4fa85:0x9a80cfee122d70dd!8m2!3d38.4045066!4d-87.7582751!16s%2Fg%2F11v0lpblxy!19sChIJhfq08YXvcYgR3XAtEu7PgJo?authuser=0&hl=en&rclk=1,auto repair shop,Wabash County,county,IL,2026-07-27T14:15:26,0x8871ef85f1b4fa85:0x9a80cfee122d70dd
NAPA Auto Parts,(618) 450-2999,https://www.napaonline.com/en/IL/Mount-Carmel/store/806546?cid=pl_jobber_google_dac_806546_ao,,"510 W 9th St, Mt Carmel, IL 62863, United States",510 W 9th St,Mt Carmel,IL,62863,,,Auto parts store,,,https://www.google.com/maps/place/NAPA+Auto+Parts/data=!4m7!3m6!1s0x8871efce3a77c2b5:0x7dee0eeec766be93!8m2!3d38.413494!4d-87.771396!16s%2Fg%2F11mdmt6c4x!19sChIJtcJ3Os7vcYgRk75mx-4O7n0?authuser=0&hl=en&rclk=1,auto repair shop,Wabash County,county,IL,2026-07-27T14:15:26,0x8871efce3a77c2b5:0x7dee0eeec766be93
Clark Carroll Insurance Agency Inc.,(815) 244-1570,http://www.clarkcarrollinsuranceagency.com/,,"201 W Market St, Mt Carroll, IL 61053, United States",201 W Market St,Mt Carroll,IL,61053,4.9,140,Auto insurance agency,,,https://www.google.com/maps/place/Clark+Carroll+Insurance+Agency+Inc./data=!4m7!3m6!1s0x880827be474d98cb:0xc2e7c54c7f876a9!8m2!3d42.1014238!4d-89.980217!16s%2Fg%2F1td4_fch!19sChIJy5hNR74nCIgRqXb4x1R8Lgw?authuser=0&hl=en&rclk=1,auto repair shop,Carroll County,county,IL,2026-07-17T17:07:34,0x880827be474d98cb:0xc2e7c54c7f876a9
"Community Automotive Repair Service, Inc.",(815) 244-2277,https://www.facebook.com/team.bazilewich/,,"907 Clay St, Mt Carroll, IL 61053, United States",907 Clay St,Mt Carroll,IL,61053,4.9,15,,,,"https://www.google.com/maps/place/Community+Automotive+Repair+Service,+Inc./data=!4m7!3m6!1s0x88082745418c0cbf:0xd1753ece0d6830fe!8m2!3d42.0843834!4d-89.9770274!16s%2Fg%2F11f5vdm1xk!19sChIJvwyMQUUnCIgR_jBoDc4-ddE?authuser=0&hl=en&rclk=1",auto repair shop,Carroll County,county,IL,2026-07-24T15:26:54,0x88082745418c0cbf:0xd1753ece0d6830fe
Dotys Collision Center Inc.,(815) 244-3689,http://dotyscollisioncenter.com/,,"710 S East St, Mt Carroll, IL 61053, United States",710 S East St,Mt Carroll,IL,61053,4.3,15,Auto body shop,,,https://www.google.com/maps/place/Dotys+Collision+Center+Inc./data=!4m7!3m6!1s0x880827ce62535c55:0x14254e21454f5bf0!8m2!3d42.0877486!4d-89.9671299!16s%2Fg%2F1tdkbncn!19sChIJVVxTYs4nCIgR8FtPRSFOJRQ?authuser=0&hl=en&rclk=1,auto repair shop,Carroll County,county,IL,2026-07-24T15:26:54,0x880827ce62535c55:0x14254e21454f5bf0
"Kunes' Country Auto Group, Inc. Parts",(815) 244-2121,https://www.kunescountryfordmountcarroll.com/?utm_source=gmbpts&utm_medium=social&mcmid=gmbpts,,"200 W Commercial St, Mt Carroll, IL 61053, United States",200 W Commercial St,Mt Carroll,IL,61053,,,Auto parts store,,,"https://www.google.com/maps/place/Kunes%27+Country+Auto+Group,+Inc.+Parts/data=!4m7!3m6!1s0x88082774e0076467:0x676262b2850a04ac!8m2!3d42.0829526!4d-89.9792944!16s%2Fg%2F11t2cjx2_n!19sChIJZ2QH4HQnCIgRrAQKhbJiYmc?authuser=0&hl=en&rclk=1",auto repair shop,Carroll County,county,IL,2026-07-24T14:06:36,0x88082774e0076467:0x676262b2850a04ac
NAPA Auto Parts - Mt. Carrol Auto Parts,(815) 244-3100,https://www.napaonline.com/en/IL/Mount-Carroll/store/27200?cid=pl_jobber_google_dac_27200_ao,,"907 Clay St, Mt Carroll, IL 61053, United States",907 Clay St,Mt Carroll,IL,61053,4.5,25,Auto parts store,,,https://www.google.com/maps/place/NAPA+Auto+Parts+-+Mt.+Carrol+Auto+Parts/data=!4m7!3m6!1s0x880827c34ee8f2f1:0x2c0a2305fda90e71!8m2!3d42.088841!4d-89.977515!16s%2Fg%2F1tffvhzm!19sChIJ8fLoTsMnCIgRcQ6p_QUjCiw?authuser=0&hl=en&rclk=1,auto repair shop,Carroll County,county,IL,2026-07-24T14:06:36,0x880827c34ee8f2f1:0x2c0a2305fda90e71
"Northern Illinois Diesel, Inc.",(815) 493-2660,https://www.mtcarrollil.org/index.asp?SEC=7DB3A366-7711-4DB4-BE5C-420FEE327D0F&DE=AE3E7415-F977-4F3D-BADB-B15909E41260,,"20518 US-52, Mt Carroll, IL 61053, United States",20518 US-52,Mt Carroll,IL,61053,4.4,16,Truck repair shop,,,"https://www.google.com/maps/place/Northern+Illinois+Diesel,+Inc./data=!4m7!3m6!1s0x8808260a7a6c39b5:0xae64b53b217522cc!8m2!3d42.0945268!4d-89.9254833!16s%2Fg%2F1v3kj26k!19sChIJtTlsegomCIgRzCJ1ITu1ZK4?authuser=0&hl=en&rclk=1",auto repair shop,Jo Daviess County,county,IL,2026-07-27T09:24:14,0x8808260a7a6c39b5:0xae64b53b217522cc
Blake Automotive Inc,(815) 734-7228,,,"3678 IL-64, Mt Morris, IL 61054, United States",3678 IL-64,Mt Morris,IL,61054,4.8,31,Auto repair shop,,,https://www.google.com/maps/place/Blake+Automotive+Inc/data=!4m7!3m6!1s0x880857104e9b73d9:0x1ccb3b3ddee3e5ad!8m2!3d42.0418433!4d-89.4054944!16s%2Fg%2F1tl0xy0w!19sChIJ2XObThBXCIgRreXj3j07yxw?authuser=0&hl=en&rclk=1,auto repair shop,Lee County,county,IL,2026-07-27T10:19:58,0x880857104e9b73d9:0x1ccb3b3ddee3e5ad
HOLMES & SON GARAGE,,,,"E Cooke St, Mt Pulaski, IL 62548, United States",E Cooke St,Mt Pulaski,IL,62548,,,Auto repair shop,,,https://www.google.com/maps/place/HOLMES+%26+SON+GARAGE/data=!4m7!3m6!1s0x880b2d1d686b9727:0xac6a4b0460302fd4!8m2!3d40.0084482!4d-89.2841453!16s%2Fg%2F11xt9z20jt!19sChIJJ5draB0tC4gR1C8wYARLaqw?authuser=0&hl=en&rclk=1,auto repair shop,Logan County,county,IL,2026-07-27T10:36:50,0x880b2d1d686b9727:0xac6a4b0460302fd4
Main Street Repair Inc.,(217) 773-3848,,,"216 W Main St, Mt Sterling, IL 62353, United States",216 W Main St,Mt Sterling,IL,62353,5.0,29,Auto repair shop,,,https://www.google.com/maps/place/Main+Street+Repair+Inc./data=!4m7!3m6!1s0x87e09d5c86ea6dfd:0x2b7e8604ebfcee73!8m2!3d39.9867773!4d-90.7691152!16s%2Fg%2F1tcy9fyt!19sChIJ_W3qhlyd4IcRc-786wSGfis?authuser=0&hl=en&rclk=1,auto repair shop,Montgomery County,county,IL,2026-07-27T11:57:03,0x87e09d5c86ea6dfd:0x2b7e8604ebfcee73
"Wagner Garage, Inc.",(217) 773-3114,,,"217 E South St, Mt Sterling, IL 62353, United States",217 E South St,Mt Sterling,IL,62353,4.8,12,Auto repair shop,,,"https://www.google.com/maps/place/Wagner+Garage,+Inc./data=!4m7!3m6!1s0x87e09d5755044adb:0x5a3d40741053575!8m2!3d39.9833669!4d-90.761171!16s%2Fg%2F1tt8ctpc!19sChIJ20oEVVed4IcRdTUFQQfUowU?authuser=0&hl=en&rclk=1",auto repair shop,White County,county,IL,2026-07-27T14:28:29,0x87e09d5755044adb:0x5a3d40741053575
"Cartec Auto Body, Inc.",(618) 244-1770,,,"2118 N Brownsville Rd, Mt Vernon, IL 62864, United States",2118 N Brownsville Rd,Mt Vernon,IL,62864,4.5,22,Auto body shop,,,"https://www.google.com/maps/place/Cartec+Auto+Body,+Inc./data=!4m7!3m6!1s0x8876c833f2313b7f:0x53ec31f2abef1de!8m2!3d38.2951024!4d-88.9065928!16s%2Fg%2F1tg515c0!19sChIJfzsx8jPIdogR3vG-Kh_DPgU?authuser=0&hl=en&rclk=1",auto repair shop,Jefferson County,county,IL,2026-07-27T09:08:33,0x8876c833f2313b7f:0x53ec31f2abef1de
Ford Service,,,,"1311 Casey Ave, Mt Vernon, IL 62864, United States",1311 Casey Ave,Mt Vernon,IL,62864,5.0,1,Auto repair shop,,,https://www.google.com/maps/place/Ford+Service/data=!4m7!3m6!1s0x8876b7d6ebb6143f:0x86f7c557218f47ce!8m2!3d38.3146038!4d-88.9082762!16s%2Fg%2F11gb3pw_7w!19sChIJPxS269a3dogRzkePIVfF94Y?authuser=0&hl=en&rclk=1,auto repair shop,Jefferson County,county,IL,2026-07-27T09:08:33,0x8876b7d6ebb6143f:0x86f7c557218f47ce
"Ford Square of Mt. Vernon, Ltd.",(618) 242-8600,https://www.fordsquare.com/?utm_source=google&utm_medium=organic&utm_campaign=gbp,,"1501 Broadway St, Mt Vernon, IL 62864, United States",1501 Broadway St,Mt Vernon,IL,62864,4.5,443,Ford dealer,,,"https://www.google.com/maps/place/Ford+Square+of+Mt.+Vernon,+Ltd./data=!4m7!3m6!1s0x8876b7d6b43275c9:0x745bf45298b474cc!8m2!3d38.3155632!4d-88.9093333!16s%2Fg%2F11b63fs542!19sChIJyXUytNa3dogRzHS0mFL0W3Q?authuser=0&hl=en&rclk=1",auto repair shop,Jefferson County,county,IL,2026-07-27T09:08:33,0x8876b7d6b43275c9:0x745bf45298b474cc
"Ford Square of Mt. Vernon, Ltd. Service",(618) 242-8600,https://www.fordsquareofmtvernon.com/,,"1501 Broadway St, Mt Vernon, IL 62864, United States",1501 Broadway St,Mt Vernon,IL,62864,5.0,4,Auto repair shop,,,"https://www.google.com/maps/place/Ford+Square+of+Mt.+Vernon,+Ltd.+Service/data=!4m7!3m6!1s0x8876b7c0caa522b1:0x620b57c9600ab99c!8m2!3d38.315227!4d-88.9092755!16s%2Fg%2F11n0vdf77r!19sChIJsSKlysC3dogRnLkKYMlXC2I?authuser=0&hl=en&rclk=1",auto repair shop,Jefferson County,county,IL,2026-07-27T09:08:33,0x8876b7c0caa522b1:0x620b57c9600ab99c
Hefner's Auto Repair Inc,(618) 244-2769,,,"1707 Veterans Memorial Dr, Mt Vernon, IL 62864, United States",1707 Veterans Memorial Dr,Mt Vernon,IL,62864,4.7,107,Auto repair shop,,,https://www.google.com/maps/place/Hefner%27s+Auto+Repair+Inc/data=!4m7!3m6!1s0x8876c817aacd879d:0xa68af028184e779!8m2!3d38.2994774!4d-88.9110017!16s%2Fg%2F1tdh95_p!19sChIJnYfNqhfIdogReeeEgQKvaAo?authuser=0&hl=en&rclk=1,auto repair shop,Hamilton County,county,IL,2026-07-27T08:11:07,0x8876c817aacd879d:0xa68af028184e779
Take 5 Oil Change,(618) 417-6032,https://www.take5.com/locations/oil-change/illinois/mt-vernon/31491/?utm_source=google&utm_medium=organic&utm_campaign=gbp_website,,"3806 Broadway St, Mt Vernon, IL 62864, United States",3806 Broadway St,Mt Vernon,IL,62864,4.7,674,Oil change service,,,https://www.google.com/maps/place/Take+5+Oil+Change/data=!4m7!3m6!1s0x8876b75aab21acf5:0x9daa81d0ac38d758!8m2!3d38.3146834!4d-88.937913!16s%2Fg%2F11t7c54t0s!19sChIJ9awhq1q3dogRWNc4rNCBqp0?authuser=0&hl=en&rclk=1,auto repair shop,Jefferson County,county,IL,2026-07-27T09:08:33,0x8876b75aab21acf5:0x9daa81d0ac38d758
Walmart Auto Care Center,(618) 244-1194,https://www.walmart.com/store/224-mount-vernon-il/auto-care-center/?veh=seo_loc,,"110 Davidson Ave, Mt Vernon, IL 62864, United States",110 Davidson Ave,Mt Vernon,IL,62864,3.6,115,Oil change service,,,https://www.google.com/maps/place/Walmart+Auto+Care+Center/data=!4m7!3m6!1s0x8876b80aa983c367:0x2f7bc6a3dad179ee!8m2!3d38.3089261!4d-88.9574575!16s%2Fg%2F1v3gsnn3!19sChIJZ8ODqQq4dogR7nnR2qPGey8?authuser=0&hl=en&rclk=1,auto repair shop,Jefferson County,county,IL,2026-07-27T09:08:33,0x8876b80aa983c367:0x2f7bc6a3dad179ee
Wes Rogers Tire & Auto Inc,(618) 315-6497,http://www.wesrogerstire.com/,,"1321 S 10th St, Mt Vernon, IL 62864, United States",1321 S 10th St,Mt Vernon,IL,62864,4.6,201,Tire shop,,,https://www.google.com/maps/place/Wes+Rogers+Tire+%26+Auto+Inc/data=!4m7!3m6!1s0x8876c9d3349beb75:0x3e472048b5f5930b!8m2!3d38.304605!4d-88.903121!16s%2Fg%2F11b7dzntkm!19sChIJdeubNNPJdogRC5P1tUggRz4?authuser=0&hl=en&rclk=1,auto repair shop,Jefferson County,county,IL,2026-07-27T09:08:33,0x8876c9d3349beb75:0x3e472048b5f5930b
jays small engine repair,,,,"320 2nd St, Mt Vernon, IL 62864, United States",320 2nd St,Mt Vernon,IL,62864,5.0,1,Auto repair shop,,,https://www.google.com/maps/place/jays+small+engine+repair/data=!4m7!3m6!1s0x8876b7005d241707:0xef02c4e60ea6844e!8m2!3d38.3154571!4d-88.8909977!16s%2Fg%2F11wh6fkdbz!19sChIJBxckXQC3dogRToSmDubEAu8?authuser=0&hl=en&rclk=1,auto repair shop,Jefferson County,county,IL,2026-07-27T09:08:33,0x8876b7005d241707:0xef02c4e60ea6844e
Andy's Hot Rod Shop Inc,(618) 596-2009,,,"4762 Whaley St, Mulkeytown, IL 62865, United States",4762 Whaley St,Mulkeytown,IL,62865,5.0,9,Car repair and maintenance service,,,https://www.google.com/maps/place/Andy%27s+Hot+Rod+Shop+Inc/data=!4m7!3m6!1s0x88772101cd9aaaab:0x51bf1decaa6291a8!8m2!3d37.9315815!4d-89.053579!16s%2Fg%2F11hzysvmcn!19sChIJq6qazQEhd4gRqJFiquwdv1E?authuser=0&hl=en&rclk=1,auto repair shop,Perry County,county,IL,2026-07-27T12:26:36,0x88772101cd9aaaab:0x51bf1decaa6291a8
Miller Towing and Salvage Inc.,(618) 724-4425,,,"2651 IL-14, Mulkeytown, IL 62865, United States",2651 IL-14,Mulkeytown,IL,62865,4.4,173,Salvage yard,,,https://www.google.com/maps/place/Miller+Towing+and+Salvage+Inc./data=!4m7!3m6!1s0x8876df63f11d2353:0xbb2cde7d356ff4fe!8m2!3d37.9762769!4d-89.1035124!16s%2Fg%2F1tdfp03k!19sChIJUyMd8WPfdogR_vRvNX3eLLs?authuser=0&hl=en&rclk=1,auto repair shop,Perry County,county,IL,2026-07-27T12:26:36,0x8876df63f11d2353:0xbb2cde7d356ff4fe
Don's Auto & Body Repair Inc,(618) 684-6469,http://www.donsbodyshopil.com/,,"631 N 14th St, Murphysboro, IL 62966, United States",631 N 14th St,Murphysboro,IL,62966,4.8,47,Auto body shop,,,https://www.google.com/maps/place/Don%27s+Auto+%26+Body+Repair+Inc/data=!4m7!3m6!1s0x887708dc3fef0c8f:0xa49dd30808f216a4!8m2!3d37.7712888!4d-89.3383896!16s%2Fg%2F1tj33wzx!19sChIJjwzvP9wId4gRpBbyCAjTnaQ?authuser=0&hl=en&rclk=1,auto repair shop,Jackson County,county,IL,2026-07-27T08:58:07,0x887708dc3fef0c8f:0xa49dd30808f216a4
"Grither Paint and Body, Inc.",(618) 687-4545,http://www.gritherpaintandbody.com/,,"383 Amusement Pk Rd, Murphysboro, IL 62966, United States",383 Amusement Pk Rd,Murphysboro,IL,62966,4.9,148,Auto body shop,,,"https://www.google.com/maps/place/Grither+Paint+and+Body,+Inc./data=!4m7!3m6!1s0x88770f2a349a5509:0xa327d3f59c107b14!8m2!3d37.7671654!4d-89.3190445!16s%2Fg%2F1tfcp2kc!19sChIJCVWaNCoPd4gRFHsQnPXTJ6M?authuser=0&hl=en&rclk=1",auto repair shop,Jackson County,county,IL,2026-07-27T08:58:07,0x88770f2a349a5509:0xa327d3f59c107b14
Jay auto repair shop,,,,"1001 N 7th St, Murphysboro, IL 62966, United States",1001 N 7th St,Murphysboro,IL,62966,,,Machine shop,,,https://www.google.com/maps/place/Jay+auto+repair+shop/data=!4m7!3m6!1s0x8877090052b9f03f:0xf5efc20e2866134d!8m2!3d37.7754179!4d-89.3325714!16s%2Fg%2F11m63c4n1c!19sChIJP_C5UgAJd4gRTRNmKA7C7_U?authuser=0&hl=en&rclk=1,auto repair shop,Jackson County,county,IL,2026-07-27T08:58:07,0x8877090052b9f03f:0xf5efc20e2866134d
Jones Auto Repair,,,,"81 Cottonaro Dr, Murphysboro, IL 62966, United States",81 Cottonaro Dr,Murphysboro,IL,62966,,,Auto repair shop,,,https://www.google.com/maps/place/Jones+Auto+Repair/data=!4m7!3m6!1s0x88770858f4d5cdcd:0xb62b1f4392583988!8m2!3d37.7783112!4d-89.3617157!16s%2Fg%2F1tslkgxt!19sChIJzc3V9FgId4gRiDlYkkMfK7Y?authuser=0&hl=en&rclk=1,auto repair shop,Jackson County,county,IL,2026-07-27T08:58:07,0x88770858f4d5cdcd:0xb62b1f4392583988
Rowden's Auto Inc,(618) 684-3705,,,"1510 Walnut St, Murphysboro, IL 62966, United States",1510 Walnut St,Murphysboro,IL,62966,4.7,3,Auto repair shop,,,https://www.google.com/maps/place/Rowden%27s+Auto+Inc/data=!4m7!3m6!1s0x8877092078b80231:0x8f7e5ff3bbdf4162!8m2!3d37.7646693!4d-89.3400925!16s%2Fg%2F113hc_8kx!19sChIJMQK4eCAJd4gRYkHfu_Nffo8?authuser=0&hl=en&rclk=1,auto repair shop,Jackson County,county,IL,2026-07-27T08:58:07,0x8877092078b80231:0x8f7e5ff3bbdf4162
Walmart Auto Care Center,(618) 687-3457,https://www.walmart.com/store/302-murphysboro-il/auto-care-center/?veh=seo_loc,,"6495 Country Club Rd, Murphysboro, IL 62966, United States",6495 Country Club Rd,Murphysboro,IL,62966,3.4,75,Oil change service,,,https://www.google.com/maps/place/Walmart+Auto+Care+Center/data=!4m7!3m6!1s0x88770e541404f7d3:0xd3dc83b82f13065c!8m2!3d37.7596276!4d-89.2830928!16s%2Fg%2F1tczfnhk!19sChIJ0_cEFFQOd4gRXAYTL7iD3NM?authuser=0&hl=en&rclk=1,auto repair shop,Jackson County,county,IL,2026-07-27T08:58:07,0x88770e541404f7d3:0xd3dc83b82f13065c
B&L Auto Body Inc.,(630) 355-0865,http://blautobodynaperville.com/,,"1340 W Ogden Ave, Naperville, IL 60563, United States",1340 W Ogden Ave,Naperville,IL,60563,4.4,69,Auto body shop,,,https://www.google.com/maps/place/B%26L+Auto+Body+Inc./data=!4m7!3m6!1s0x880ef864f4e1f8d9:0xd52b088d721d4a32!8m2!3d41.7798323!4d-88.1802209!16s%2Fg%2F1tdd18fz!19sChIJ2fjh9GT4DogRMkodco0IK9U?authuser=0&hl=en&rclk=1,auto repair shop,Naperville,city,IL,2026-07-27T15:21:13,0x880ef864f4e1f8d9:0xd52b088d721d4a32
Certified Auto Repair Inc,(630) 637-9480,https://www.certifiedautorepairinc.com/,,"425 Industrial Dr #133, Naperville, IL 60563, United States",425 Industrial Dr #133,Naperville,IL,60563,4.9,38,Auto repair shop,,,https://www.google.com/maps/place/Certified+Auto+Repair+Inc/data=!4m7!3m6!1s0x880ef9af8ec5b75d:0x6a044625746a41a6!8m2!3d41.7783333!4d-88.2165222!16s%2Fg%2F1tfz0p_b!19sChIJXbfFjq_5DogRpkFqdCVGBGo?authuser=0&hl=en&rclk=1,auto repair shop,Naperville,city,IL,2026-07-27T15:21:13,0x880ef9af8ec5b75d:0x6a044625746a41a6
"Eurotech Service, Inc.",(630) 234-4310,,,"450 W 5th Ave, Naperville, IL 60563, United States",450 W 5th Ave,Naperville,IL,60563,4.9,55,Car repair and maintenance service,,,"https://www.google.com/maps/place/Eurotech+Service,+Inc./data=!4m7!3m6!1s0x880e57cc1b7e1317:0xf57882a188ecca23!8m2!3d41.7798059!4d-88.1553369!16s%2Fg%2F1vpfk3jv!19sChIJFxN-G8xXDogRI8rsiKGCePU?authuser=0&hl=en&rclk=1",auto repair shop,Naperville,city,IL,2026-07-27T15:21:13,0x880e57cc1b7e1317:0xf57882a188ecca23
Firestone Complete Auto Care,(630) 687-9461,https://www.firestonecompleteautocare.com/illinois/naperville/2643-forgue-drive/?utm_source=google&utm_medium=organic&utm_campaign=localmaps&cmp=oloc_google_localmaps_maps,,"2643 Forgue Dr, Naperville, IL 60564, United States",2643 Forgue Dr,Naperville,IL,60564,4.5,441,Tire shop,,,https://www.google.com/maps/place/Firestone+Complete+Auto+Care/data=!4m7!3m6!1s0x880ef7330c3f3fdd:0x267a41b1c78bdf!8m2!3d41.7167279!4d-88.2056048!16s%2Fg%2F11rg_4z6cn!19sChIJ3T8_DDP3DogR34vHsUF6JgA?authuser=0&hl=en&rclk=1,auto repair shop,Naperville,city,IL,2026-07-27T15:21:13,0x880ef7330c3f3fdd:0x267a41b1c78bdf
Firestone Complete Auto Care,(331) 333-8359,https://www.firestonecompleteautocare.com/illinois/naperville/44-w-gartner-rd/?utm_source=google&utm_medium=organic&utm_campaign=localmaps&cmp=oloc_google_localmaps_maps,,"44 W Gartner Rd, Naperville, IL 60540, United States",44 W Gartner Rd,Naperville,IL,60540,4.3,309,Tire shop,,,https://www.google.com/maps/place/Firestone+Complete+Auto+Care/data=!4m7!3m6!1s0x880e578e1bd8208b:0x97274fa954f6cd0c!8m2!3d41.7545412!4d-88.1405028!16s%2Fg%2F1tgpysvw!19sChIJiyDYG45XDogRDM32VKlPJ5c?authuser=0&hl=en&rclk=1,auto repair shop,Naperville,city,IL,2026-07-27T15:21:13,0x880e578e1bd8208b:0x97274fa954f6cd0c
Gus' Auto Imports Inc,(630) 305-8330,http://www.gus-auto-imports.com/,,"1580 W Ogden Ave #520, Naperville, IL 60540, United States",1580 W Ogden Ave #520,Naperville,IL,60540,4.8,67,Auto repair shop,,,https://www.google.com/maps/place/Gus%27+Auto+Imports+Inc/data=!4m7!3m6!1s0x880ef86b264ae7a3:0xe62d4d629ff74d3f!8m2!3d41.7667922!4d-88.1856307!16s%2Fg%2F1ygvsv89v!19sChIJo-dKJmv4DogRP033n2JNLeY?authuser=0&hl=en&rclk=1,auto repair shop,Naperville,city,IL,2026-07-27T15:21:13,0x880ef86b264ae7a3:0xe62d4d629ff74d3f
"M & M Import Maintenance, Inc.",(630) 660-9081,,,"Schoger Dr Unit 74, Naperville, IL 60564, United States",Schoger Dr Unit 74,Naperville,IL,60564,5.0,12,Auto repair shop,,,"https://www.google.com/maps/place/M+%26+M+Import+Maintenance,+Inc./data=!4m7!3m6!1s0x880ef716268a7891:0xcc41d341973abdb!8m2!3d41.7209565!4d-88.2264151!16s%2Fg%2F1261sp5b3!19sChIJkXiKJhb3DogR26tzGTQdxAw?authuser=0&hl=en&rclk=1",auto repair shop,Naperville,city,IL,2026-07-27T15:21:13,0x880ef716268a7891:0xcc41d341973abdb
Meineke Car Care Center,(331) 251-1406,https://www.meineke.com/locations/il/naperville-3036/,,"1156 E Ogden Ave, Naperville, IL 60563, United States",1156 E Ogden Ave,Naperville,IL,60563,4.6,77,Auto repair shop,,,https://www.google.com/maps/place/Meineke+Car+Care+Center/data=!4m7!3m6!1s0x880e5763d9d074b7:0x1d68a2f7400d8751!8m2!3d41.7937622!4d-88.1258157!16s%2Fg%2F11yn3g1mrz!19sChIJt3TQ2WNXDogRUYcNQPeiaB0?authuser=0&hl=en&rclk=1,auto repair shop,Naperville,city,IL,2026-07-27T15:21:13,0x880e5763d9d074b7:0x1d68a2f7400d8751
Midas,(630) 995-9379,https://www.midas.com/store/il/naperville/800-east-ogden-avenue-60563/?shopnum=2817&utm_source=google&utm_medium=organic&utm_campaign=gbp,,"800 E Ogden Ave, Naperville, IL 60563, United States",800 E Ogden Ave,Naperville,IL,60563,4.8,616,Auto repair shop,,,https://www.google.com/maps/place/Midas/data=!4m7!3m6!1s0x880e5653656f1d2b:0xac2e31e60f9d304a!8m2!3d41.787212!4d-88.1343539!16s%2Fg%2F1tf6xyhr!19sChIJKx1vZVNWDogRSjCdD-YxLqw?authuser=0&hl=en&rclk=1,auto repair shop,Naperville,city,IL,2026-07-27T15:21:13,0x880e5653656f1d2b:0xac2e31e60f9d304a
Midas,(630) 352-4143,https://www.midas.com/store/il/naperville/5016-ace-lane-60564/?shopnum=2101&utm_source=google&utm_medium=organic&utm_campaign=gbp,,"5016 Ace Ln, Naperville, IL 60564, United States",5016 Ace Ln,Naperville,IL,60564,4.8,368,Auto repair shop,,,https://www.google.com/maps/place/Midas/data=!4m7!3m6!1s0x880ef66263a3c41f:0x911f36f0fc5ce5ff!8m2!3d41.679673!4d-88.2063599!16s%2Fg%2F1td3s2c4!19sChIJH8SjY2L2DogR_-Vc_PA2H5E?authuser=0&hl=en&rclk=1,auto repair shop,Naperville,city,IL,2026-07-27T15:21:13,0x880ef66263a3c41f:0x911f36f0fc5ce5ff
Naper Auto Works Inc,(630) 420-2886,http://naperautoworks.com/,,"320 N Mill St, Naperville, IL 60540, United States",320 N Mill St,Naperville,IL,60540,4.7,197,Auto repair shop,,,https://www.google.com/maps/place/Naper+Auto+Works+Inc/data=!4m7!3m6!1s0x880e57c934025473:0x6a753d305ec0ec06!8m2!3d41.7792506!4d-88.1541353!16s%2Fg%2F1tk6qxny!19sChIJc1QCNMlXDogRBuzAXjA9dWo?authuser=0&hl=en&rclk=1,auto repair shop,Naperville,city,IL,2026-07-27T15:21:13,0x880e57c934025473:0x6a753d305ec0ec06
Nelson's Service Inc.,(630) 355-4456,https://nelsonsautorepair.com/,,"670 W 5th Ave #124, Naperville, IL 60563, United States",670 W 5th Ave #124,Naperville,IL,60563,4.9,54,Auto repair shop,,,https://www.google.com/maps/place/Nelson%27s+Service+Inc./data=!4m7!3m6!1s0x880e57d19706c269:0xde56abe00366db7c!8m2!3d41.7796773!4d-88.1603654!16s%2Fg%2F1tfscfgq!19sChIJacIGl9FXDogRfNtmA-CrVt4?authuser=0&hl=en&rclk=1,auto repair shop,Naperville,city,IL,2026-07-27T15:21:13,0x880e57d19706c269:0xde56abe00366db7c
Pep Boys Auto Service & Tires,(630) 273-7950,https://www.pepboys.com/stores/il/naperville/2936-w-ogden-ave?Cid=gbp_appt_AN:PB%7CPB:G%7CTT:GBP%7CCG:CONVERSION%7CCD:SERVICE,,"2936 W Ogden Ave Suite 11, Naperville, IL 60540, United States",2936 W Ogden Ave Suite 11,Naperville,IL,60540,3.9,745,Tire shop,,,https://www.google.com/maps/place/Pep+Boys+Auto+Service+%26+Tires/data=!4m7!3m6!1s0x880ef82ce9c63817:0xa2b7eecc33d245b9!8m2!3d41.7532375!4d-88.2042595!16s%2Fg%2F1tqnm6rl!19sChIJFzjG6Sz4DogRuUXSM8zut6I?authuser=0&hl=en&rclk=1,auto repair shop,Naperville,city,IL,2026-07-27T15:21:13,0x880ef82ce9c63817:0xa2b7eecc33d245b9
Priz Auto & Truck Repair Inc,(630) 851-6900,,,"31W340 91st St, Naperville, IL 60564, United States",31W340 91st St,Naperville,IL,60564,5.0,39,Auto repair shop,,,https://www.google.com/maps/place/Priz+Auto+%26+Truck+Repair+Inc/data=!4m7!3m6!1s0x880ef724d40602a7:0x5a59130643303329!8m2!3d41.7169844!4d-88.2337003!16s%2Fg%2F1tdm8xsl!19sChIJpwIG1CT3DogRKTMwQwYTWVo?authuser=0&hl=en&rclk=1,auto repair shop,Naperville,city,IL,2026-07-27T15:21:13,0x880ef724d40602a7:0x5a59130643303329
NAPA Auto Parts - McKay Auto Parts,(618) 327-8895,https://www.napaonline.com/en/IL/Nashville/store/26222?cid=pl_jobber_google_dac_26222_ao,,"168 W St Louis St, Nashville, IL 62263, United States",168 W St Louis St,Nashville,IL,62263,4.7,21,Auto parts store,,,https://www.google.com/maps/place/NAPA+Auto+Parts+-+McKay+Auto+Parts/data=!4m7!3m6!1s0x88768a470736731b:0x6a526c79bc2bb1dc!8m2!3d38.343484!4d-89.383765!16s%2Fg%2F1262z0wlh!19sChIJG3M2B0eKdogR3LErvHlsUmo?authuser=0&hl=en&rclk=1,auto repair shop,Washington County,county,IL,2026-07-27T14:25:09,0x88768a470736731b:0x6a526c79bc2bb1dc
Rod's Automotive & Tire Clinic Inc.,(319) 367-9105,https://rodsautoandtire.com/,,"104 E Main St, New London, IA 52645, United States",104 E Main St,New London,IA,52645,4.8,49,Auto repair shop,,,https://www.google.com/maps/place/Rod%27s+Automotive+%26+Tire+Clinic+Inc./data=!4m7!3m6!1s0x87e6c7a13a4ba3cf:0x5c708e1c2df3c27e!8m2!3d40.9255867!4d-91.4009057!16s%2Fg%2F1tk8cnz2!19sChIJz6NLOqHH5ocRfsLzLRyOcFw?authuser=0&hl=en&rclk=1,auto repair shop,Hancock County,county,IL,2026-07-27T08:20:46,0x87e6c7a13a4ba3cf:0x5c708e1c2df3c27e
Dave's Auto Inc.,(815) 695-5512,https://www.facebook.com/davesautoincnewark/,,"14270 Fennel Rd, Newark, IL 60541, United States",14270 Fennel Rd,Newark,IL,60541,4.5,19,Auto repair shop,,,https://www.google.com/maps/place/Dave%27s+Auto+Inc./data=!4m7!3m6!1s0x880eb964bc8bcd45:0x6772a4291363913!8m2!3d41.5104241!4d-88.5836937!16s%2Fg%2F113f1pm2s!19sChIJRc2LvGS5DogREzk2kUIqdwY?authuser=0&hl=en&rclk=1,auto repair shop,Grundy County,county,IL,2026-07-27T08:01:41,0x880eb964bc8bcd45:0x6772a4291363913
Jay's Hobby Shop Inc.,(618) 553-3030,https://jayshobbyshop.com/,,"12374 E 1400th Ave, Newton, IL 62448, United States",12374 E 1400th Ave,Newton,IL,62448,4.7,35,Auto body shop,,,https://www.google.com/maps/place/Jay%27s+Hobby+Shop+Inc./data=!4m7!3m6!1s0x88724b619d17f629:0xe3f082bc37db5b14!8m2!3d39.053626!4d-88.1441288!16s%2Fg%2F1tfccy8s!19sChIJKfYXnWFLcogRFFvbN7yC8OM?authuser=0&hl=en&rclk=1,auto repair shop,Jasper County,county,IL,2026-07-27T09:00:03,0x88724b619d17f629:0xe3f082bc37db5b14
Newtown Transmission Tire & Auto Complete Tire And Auto Service,,,,"E Henry St, Newton, IL 62448, United States",E Henry St,Newton,IL,62448,,,,,,https://www.google.com/maps/place/Newtown+Transmission+Tire+%26+Auto+Complete+Tire+And+Auto+Service/data=!4m7!3m6!1s0x88724aafabaab27b:0xca182d0e74311447!8m2!3d38.9812214!4d-88.1606966!16s%2Fg%2F11ywl9ct2p!19sChIJe7Kqq69KcogRRxQxdA4tGMo?authuser=0&hl=en&rclk=1,auto repair shop,Jasper County,county,IL,2026-07-27T09:00:03,0x88724aafabaab27b:0xca182d0e74311447
Meineke Car Care Center,(309) 808-6066,https://www.meineke.com/locations/il/normal-801/?utm_source=google&utm_medium=organic&utm_campaign=gbp_website,,"1500 E Vernon Ave, Normal, IL 61761, United States",1500 E Vernon Ave,Normal,IL,61761,4.3,806,Auto repair shop,,,https://www.google.com/maps/place/Meineke+Car+Care+Center/data=!4m7!3m6!1s0x880b705dff571b93:0x8387ba2baf195f1c!8m2!3d40.5029949!4d-88.9570744!16s%2Fg%2F1tdcs364!19sChIJkxtX_11wC4gRHF8Zryu6h4M?authuser=0&hl=en&rclk=1,auto repair shop,McLean County,county,IL,2026-07-27T10:56:03,0x880b705dff571b93:0x8387ba2baf195f1c
Ray's Family Automotive Repair in Normal,,,,"E Vernon Ave, Normal, IL 61761, United States",E Vernon Ave,Normal,IL,61761,,,Auto repair shop,,,https://www.google.com/maps/place/Ray%27s+Family+Automotive+Repair+in+Normal/data=!4m7!3m6!1s0x880b71000ba3e529:0xb8b7ddda5895e0db!8m2!3d40.5030028!4d-88.9553759!16s%2Fg%2F11nr4bk_03!19sChIJKeWjCwBxC4gR2-CVWNrdt7g?authuser=0&hl=en&rclk=1,auto repair shop,McLean County,county,IL,2026-07-27T10:56:03,0x880b71000ba3e529:0xb8b7ddda5895e0db
Firestone Complete Auto Care,(331) 684-7969,https://www.firestonecompleteautocare.com/illinois/north-aurora/401-s-lincolnway-st/?utm_source=google&utm_medium=organic&utm_campaign=localmaps&cmp=oloc_google_localmaps_maps,,"401 S Lincolnway St, North Aurora, IL 60542, United States",401 S Lincolnway St,North Aurora,IL,60542,4.5,300,Tire shop,,,https://www.google.com/maps/place/Firestone+Complete+Auto+Care/data=!4m7!3m6!1s0x880efb2b093791a3:0x8c8611076211387d!8m2!3d41.7914711!4d-88.3218241!16s%2Fg%2F1v6p4wt4!19sChIJo5E3CSv7DogRfTgRYgcRhow?authuser=0&hl=en&rclk=1,auto repair shop,Aurora,city,IL,2026-07-27T15:15:15,0x880efb2b093791a3:0x8c8611076211387d
Clete's Inc.,(618) 632-5151,http://cletes.net/,,"138 Douglas Ave, O'Fallon, IL 62269, United States",138 Douglas Ave,O'Fallon,IL,62269,4.5,151,Auto repair shop,,,https://www.google.com/maps/place/Clete%27s+Inc./data=!4m7!3m6!1s0x887606b609fd5aaf:0x9d144485b2b61413!8m2!3d38.5890542!4d-89.9209449!16s%2Fg%2F1thx05v0!19sChIJr1r9CbYGdogRExS2soVEFJ0?authuser=0&hl=en&rclk=1,auto repair shop,Randolph County,county,IL,2026-07-27T12:53:05,0x887606b609fd5aaf:0x9d144485b2b61413
"Star Auto Repair Foreign & Domestic, Inc.",(708) 636-6200,https://starautorepairoaklawn.com/,,"9830 SW Hwy, Oak Lawn, IL 60453, United States",9830 SW Hwy,Oak Lawn,IL,60453,4.6,262,Auto repair shop,,,"https://www.google.com/maps/place/Star+Auto+Repair+Foreign+%26+Domestic,+Inc./data=!4m7!3m6!1s0x880e3a275da50a13:0x493fcae76c2cf155!8m2!3d41.7132127!4d-87.7762441!16s%2Fg%2F1tcysdx1!19sChIJEwqlXSc6DogRVfEsbOfKP0k?authuser=0&hl=en&rclk=1",auto repair shop,Cook County,county,IL,2026-07-24T16:21:06,0x880e3a275da50a13:0x493fcae76c2cf155
JRC Performance,,,,"19865 N Co Rd 2450 E, Oakland, IL 61943, United States",19865 N Co Rd 2450 E,Oakland,IL,61943,4.6,5,Auto repair shop,,,https://www.google.com/maps/place/JRC+Performance/data=!4m7!3m6!1s0x8872dd3a9a76d795:0x12b6c6b1cd27e421!8m2!3d39.6641125!4d-88.0223729!16s%2Fg%2F1yg4d0w6l!19sChIJldd2mjrdcogRIeQnzbHGthI?authuser=0&hl=en&rclk=1,auto repair shop,Edgar County,county,IL,2026-07-24T15:39:39,0x8872dd3a9a76d795:0x12b6c6b1cd27e421
Sparks Auto Care Center Inc,(618) 592-4733,http://www.sparksautocenter.com/,,"10548 N 525th St, Oblong, IL 62449, United States",10548 N 525th St,Oblong,IL,62449,4.5,35,Auto repair shop,,,https://www.google.com/maps/place/Sparks+Auto+Care+Center+Inc/data=!4m7!3m6!1s0x88726a8429b44511:0xf7b2b2c431f6de2f!8m2!3d39.0041542!4d-87.8486557!16s%2Fg%2F1vf9d3ds!19sChIJEUW0KYRqcogRL972McSysvc?authuser=0&hl=en&rclk=1,auto repair shop,Richland County,county,IL,2026-07-27T12:57:30,0x88726a8429b44511:0xf7b2b2c431f6de2f
Gary's Tire Center Inc.,(618) 243-5491,,,"1500 Hen House Rd, Okawville, IL 62271, United States",1500 Hen House Rd,Okawville,IL,62271,4.5,76,Tire shop,,,https://www.google.com/maps/place/Gary%27s+Tire+Center+Inc./data=!4m7!3m6!1s0x887665194ef6ce1d:0x3155d2005764b59b!8m2!3d38.4366052!4d-89.5318412!16s%2Fg%2F11mj_sm1zx!19sChIJHc72ThlldogRm7VkVwDSVTE?authuser=0&hl=en&rclk=1,auto repair shop,Washington County,county,IL,2026-07-27T14:25:09,0x887665194ef6ce1d:0x3155d2005764b59b
A-1 Quality Glass Inc,(618) 395-4930,https://www.a1qualityglass.net/,,"1112 E Main St, Olney, IL 62450, United States",1112 E Main St,Olney,IL,62450,4.9,86,Auto glass shop,,,https://www.google.com/maps/place/A-1+Quality+Glass+Inc/data=!4m7!3m6!1s0x88722eb77dfd5c7f:0x4431789952883ad!8m2!3d38.7316871!4d-88.0738655!16s%2Fg%2F1v3h_q_h!19sChIJf1z9fbcucogRrYMolYkXQwQ?authuser=0&hl=en&rclk=1,auto repair shop,Richland County,county,IL,2026-07-27T12:57:30,0x88722eb77dfd5c7f:0x4431789952883ad
Fehrenbacher Truck & Trailer Repair Inc,(618) 395-1380,http://fehrenbachertruckrepair.com/,,"4650 E Radio Tower Ln, Olney, IL 62450, United States",4650 E Radio Tower Ln,Olney,IL,62450,4.7,43,Truck repair shop,,,https://www.google.com/maps/place/Fehrenbacher+Truck+%26+Trailer+Repair+Inc/data=!4m7!3m6!1s0x8872295d49780f0f:0xb4c7781d5e825eed!8m2!3d38.7016778!4d-88.0827891!16s%2Fg%2F1tgx2sbn!19sChIJDw94SV0pcogR7V6CXh14x7Q?authuser=0&hl=en&rclk=1,auto repair shop,Richland County,county,IL,2026-07-27T12:57:30,0x8872295d49780f0f:0xb4c7781d5e825eed
Fitch’s Auto Body Inc.,(618) 392-0261,http://fitchsautobody.com/,,"630 W Main St, Olney, IL 62450, United States",630 W Main St,Olney,IL,62450,5.0,9,Auto body shop,,,https://www.google.com/maps/place/Fitch%E2%80%99s+Auto+Body+Inc./data=!4m7!3m6!1s0x88722c02da28fdc7:0x8fd8f1947527104a!8m2!3d38.7310048!4d-88.092174!16s%2Fg%2F1td0tn4q!19sChIJx_0o2gIscogRShAndZTx2I8?authuser=0&hl=en&rclk=1,auto repair shop,Richland County,county,IL,2026-07-27T12:57:30,0x88722c02da28fdc7:0x8fd8f1947527104a
Gallagher Profab Inc.,(618) 393-2115,http://gallagherprofab.com/,,"5070 IL-130, Olney, IL 62450, United States",5070 IL-130,Olney,IL,62450,4.4,16,Truck repair shop,,,https://www.google.com/maps/place/Gallagher+Profab+Inc./data=!4m7!3m6!1s0x88722c28d63ad175:0xbbaf3bf6b2817bb7!8m2!3d38.7549162!4d-88.0940069!16s%2Fg%2F11f3t_l5c3!19sChIJddE61igscogRt3uBsvY7r7s?authuser=0&hl=en&rclk=1,auto repair shop,Richland County,county,IL,2026-07-27T12:57:30,0x88722c28d63ad175:0xbbaf3bf6b2817bb7
J & A Auto Clinic Inc,(618) 395-1323,http://jandaautoclinic.com/,,"1202 S Whittle Ave, Olney, IL 62450, United States",1202 S Whittle Ave,Olney,IL,62450,4.1,37,Auto repair shop,,,https://www.google.com/maps/place/J+%26+A+Auto+Clinic+Inc/data=!4m7!3m6!1s0x8872295364761a09:0xa4fe82286803ee03!8m2!3d38.7193064!4d-88.0845183!16s%2Fg%2F1w6664x9!19sChIJCRp2ZFMpcogRA-4DaCiC_qQ?authuser=0&hl=en&rclk=1,auto repair shop,Richland County,county,IL,2026-07-27T12:57:30,0x8872295364761a09:0xa4fe82286803ee03
OCC - Collision Repair Building,,,,"367 N West St, Olney, IL 62450, United States",367 N West St,Olney,IL,62450,,,Auto repair shop,,,https://www.google.com/maps/place/OCC+-+Collision+Repair+Building/data=!4m7!3m6!1s0x88722d82555173af:0x6fbb3ee4ed82758c!8m2!3d38.7341864!4d-88.09518!16s%2Fg%2F11mw5xhjtv!19sChIJr3NRVYItcogRjHWC7eQ-u28?authuser=0&hl=en&rclk=1,auto repair shop,Richland County,county,IL,2026-07-27T12:57:30,0x88722d82555173af:0x6fbb3ee4ed82758c
Walmart Auto Care Center,(618) 393-4291,https://www.walmart.com/store/254-olney-il/auto-care-center/?veh=seo_loc,,"1001 N West St, Olney, IL 62450, United States",1001 N West St,Olney,IL,62450,3.7,55,Oil change service,,,https://www.google.com/maps/place/Walmart+Auto+Care+Center/data=!4m7!3m6!1s0x88722c251cf098b3:0x860b5824b1374c9d!8m2!3d38.7505134!4d-88.0980989!16s%2Fg%2F1td3s7j1!19sChIJs5jwHCUscogRnUw3sSRYC4Y?authuser=0&hl=en&rclk=1,auto repair shop,Richland County,county,IL,2026-07-27T12:57:30,0x88722c251cf098b3:0x860b5824b1374c9d
Wease Equipment Inc,(618) 395-9274,,,"332 Herman Dr, Olney, IL 62450, United States",332 Herman Dr,Olney,IL,62450,4.6,82,Truck repair shop,,,https://www.google.com/maps/place/Wease+Equipment+Inc/data=!4m7!3m6!1s0x88722c00c72618e3:0xce2bed40d1145864!8m2!3d38.7093696!4d-88.0891876!16s%2Fg%2F1tm1r6fr!19sChIJ4xgmxwAscogRZFgU0UDtK84?authuser=0&hl=en&rclk=1,auto repair shop,Richland County,county,IL,2026-07-27T12:57:30,0x88722c00c72618e3:0xce2bed40d1145864
Roberts Auto Service Inc,(630) 554-8300,,,"5000 IL-71, Oswego, IL 60543, United States",5000 IL-71,Oswego,IL,60543,4.9,86,Auto repair shop,,,https://www.google.com/maps/place/Roberts+Auto+Service+Inc/data=!4m7!3m6!1s0x880eee0e25b25083:0x35f31493c1f569ae!8m2!3d41.6753786!4d-88.3584341!16s%2Fg%2F1261lqfpk!19sChIJg1CyJQ7uDogRrmn1wZMU8zU?authuser=0&hl=en&rclk=1,auto repair shop,Kendall County,county,IL,2026-07-27T09:51:16,0x880eee0e25b25083:0x35f31493c1f569ae
Owensville Auto Body Inc.,(812) 724-4305,http://owensvilleautobody.com/,,"119 E Brummitt St, Owensville, IN 47665, United States",119 E Brummitt St,Owensville,IN,47665,4.8,26,Auto body shop,,,https://www.google.com/maps/place/Owensville+Auto+Body+Inc./data=!4m7!3m6!1s0x8871dd37f91e9551:0x59d86cad5083acb0!8m2!3d38.27232!4d-87.690584!16s%2Fg%2F1w2yvn18!19sChIJUZUe-TfdcYgRsKyDUK1s2Fk?authuser=0&hl=en&rclk=1,auto repair shop,Wabash County,county,IL,2026-07-27T14:15:26,0x8871dd37f91e9551:0x59d86cad5083acb0
B A's Automotive Services Inc,(270) 443-6837,https://basautomotiveservicesinc.com/,,"818 S 3rd St, Paducah, KY 42003, United States",818 S 3rd St,Paducah,KY,42003,4.0,63,Auto repair shop,,,https://www.google.com/maps/place/B+A%27s+Automotive+Services+Inc/data=!4m7!3m6!1s0x887a11ab92bc7fcb:0xb9bd0a9e784abfe8!8m2!3d37.0793418!4d-88.5915832!16s%2Fg%2F1tf71pnf!19sChIJy3-8kqsReogR6L9KeJ4Kvbk?authuser=0&hl=en&rclk=1,auto repair shop,Massac County,county,IL,2026-07-27T11:45:04,0x887a11ab92bc7fcb:0xb9bd0a9e784abfe8
J R Auto Repair Inc,(270) 442-2305,,,"216 Oaks Rd, Paducah, KY 42003, United States",216 Oaks Rd,Paducah,KY,42003,4.9,8,Auto repair shop,,,https://www.google.com/maps/place/J+R+Auto+Repair+Inc/data=!4m7!3m6!1s0x887a114598789861:0x3e11f8d8a38c2e5e!8m2!3d37.043705!4d-88.5686707!16s%2Fg%2F1tdw46_b!19sChIJYZh4mEUReogRXi6Mo9j4ET4?authuser=0&hl=en&rclk=1,auto repair shop,Massac County,county,IL,2026-07-27T11:45:04,0x887a114598789861:0x3e11f8d8a38c2e5e
Randy's Body Shop Inc.,(270) 442-2775,http://www.randysbodyshop.com/,,"1008 Kentucky Ave, Paducah, KY 42003, United States",1008 Kentucky Ave,Paducah,KY,42003,4.7,132,Auto body shop,,,https://www.google.com/maps/place/Randy%27s+Body+Shop+Inc./data=!4m7!3m6!1s0x887a105a7c7c252f:0x23f690a37db3fe35!8m2!3d37.0821037!4d-88.6054323!16s%2Fg%2F1v7pz72v!19sChIJLyV8fFoQeogRNf6zfaOQ9iM?authuser=0&hl=en&rclk=1,auto repair shop,Massac County,county,IL,2026-07-27T11:45:04,0x887a105a7c7c252f:0x23f690a37db3fe35
Automotive Equipment Sales & Service Inc,(217) 562-7602,https://autoequipss.com/,,"161 US-51, Pana, IL 62557, United States",161 US-51,Pana,IL,62557,4.4,7,Equipment supplier,,,https://www.google.com/maps/place/Automotive+Equipment+Sales+%26+Service+Inc/data=!4m7!3m6!1s0x88748b477401ac07:0x4082a92516d70613!8m2!3d39.3697516!4d-89.0822389!16s%2Fg%2F1vn198dv!19sChIJB6wBdEeLdIgREwbXFiWpgkA?authuser=0&hl=en&rclk=1,auto repair shop,Christian County,county,IL,2026-07-24T15:47:15,0x88748b477401ac07:0x4082a92516d70613
Chevrolet Service,,http://www.chevrolet.com/,,"15150 US-150, Paris, IL 61944, United States",15150 US-150,Paris,IL,61944,,,Auto repair shop,,,https://www.google.com/maps/place/Chevrolet+Service/data=!4m7!3m6!1s0x8872983eb48a9db1:0xf39db63eb1334b62!8m2!3d39.6032052!4d-87.6817663!16s%2Fg%2F11fy2xvhtr!19sChIJsZ2KtD6YcogRYkszsT62nfM?authuser=0&hl=en&rclk=1,auto repair shop,Edgar County,county,IL,2026-07-24T15:39:39,0x8872983eb48a9db1:0xf39db63eb1334b62
"Diepholz Auto Group of Paris, INC.",(217) 247-4030,https://www.diepholzparischevrolet.com/,,"15200 US-150, Paris, IL 61944, United States",15200 US-150,Paris,IL,61944,4.5,259,Car dealer,,,"https://www.google.com/maps/place/Diepholz+Auto+Group+of+Paris,+INC./data=!4m7!3m6!1s0x8872983f29855555:0x22264e01fd03050a!8m2!3d39.6032881!4d-87.6817113!16s%2Fg%2F11sw_8lcbx!19sChIJVVWFKT-YcogRCgUD_QFOJiI?authuser=0&hl=en&rclk=1",auto repair shop,Edgar County,county,IL,2026-07-24T15:39:39,0x8872983f29855555:0x22264e01fd03050a
Sanchez Auto Inc,(217) 251-2288,,,"1811 Marshall St, Paris, IL 61944, United States",1811 Marshall St,Paris,IL,61944,5.0,25,Auto repair shop,,,https://www.google.com/maps/place/Sanchez+Auto+Inc/data=!4m7!3m6!1s0x8872995ed336f4cd:0x254948a6300a356d!8m2!3d39.5943989!4d-87.6935567!16s%2Fg%2F11w4jw46s_!19sChIJzfQ2016ZcogRbTUKMKZISSU?authuser=0&hl=en&rclk=1,auto repair shop,Clark County,county,IL,2026-07-24T15:56:49,0x8872995ed336f4cd:0x254948a6300a356d
Strandberg Auto Rebuilding Inc,(217) 466-2886,https://usmapid.org/details/strandberg-auto-rebuilding-inc-ChIJuWp,,"808 Marshall St, Paris, IL 61944, United States",808 Marshall St,Paris,IL,61944,4.9,24,Auto body shop,,,https://www.google.com/maps/place/Strandberg+Auto+Rebuilding+Inc/data=!4m7!3m6!1s0x88729821417d6ab9:0x71999ad56637d8a7!8m2!3d39.6039179!4d-87.6932945!16s%2Fg%2F1td33t3_!19sChIJuWp9QSGYcogRp9g3ZtWamXE?authuser=0&hl=en&rclk=1,auto repair shop,Edgar County,county,IL,2026-07-24T15:39:39,0x88729821417d6ab9:0x71999ad56637d8a7
Schwing Service Center,,,,"533 S Railroad Ave, Paxton, IL 60957, United States",533 S Railroad Ave,Paxton,IL,60957,4.9,16,Auto repair shop,,,https://www.google.com/maps/place/Schwing+Service+Center/data=!4m7!3m6!1s0x880d1cad24ae6f45:0x97a29bb2fae79d9b!8m2!3d40.4551108!4d-88.0979581!16s%2Fg%2F1tm8l4x6!19sChIJRW-uJK0cDYgRm53n-rKbopc?authuser=0&hl=en&rclk=1,auto repair shop,Iroquois County,county,IL,2026-07-27T08:45:10,0x880d1cad24ae6f45:0x97a29bb2fae79d9b
Firestone Complete Auto Care,(309) 893-4412,https://www.firestonecompleteautocare.com/illinois/pekin/3500-court-st/?utm_source=google&utm_medium=organic&utm_campaign=localmaps&cmp=oloc_google_localmaps_maps,,"3500 Court St, Pekin, IL 61554, United States",3500 Court St,Pekin,IL,61554,4.5,698,Tire shop,,,https://www.google.com/maps/place/Firestone+Complete+Auto+Care/data=!4m7!3m6!1s0x880af1307556a48b:0x75c606fcc2582163!8m2!3d40.5426444!4d-89.5980147!16s%2Fg%2F1tdy50_0!19sChIJi6RWdTDxCogRYyFYwvwGxnU?authuser=0&hl=en&rclk=1,auto repair shop,Tazewell County,county,IL,2026-07-27T13:48:41,0x880af1307556a48b:0x75c606fcc2582163
Midas,(309) 795-6077,https://www.midas.com/store/il/pekin/1804-court-street-61554/?shopnum=2914&utm_source=google&utm_medium=organic&utm_campaign=gbp,,"1804 Court St, Pekin, IL 61554, United States",1804 Court St,Pekin,IL,61554,4.6,226,Auto repair shop,,,https://www.google.com/maps/place/Midas/data=!4m7!3m6!1s0x880af4028694d0bb:0x9044e18f06fb24fb!8m2!3d40.5606273!4d-89.6255932!16s%2Fg%2F1tgw5lxs!19sChIJu9CUhgL0CogR-yT7Bo_hRJA?authuser=0&hl=en&rclk=1,auto repair shop,Mason County,county,IL,2026-07-27T11:35:43,0x880af4028694d0bb:0x9044e18f06fb24fb
AAMCO Transmissions & Total Car Care,(309) 676-0707,https://www.aamcopeoriail.com/?utm_source=G&utm_medium=local&utm_campaign=google-local,,"512 NE Jefferson Ave, Peoria, IL 61603, United States",512 NE Jefferson Ave,Peoria,IL,61603,4.3,97,Transmission shop,,,https://www.google.com/maps/place/AAMCO+Transmissions+%26+Total+Car+Care/data=!4m7!3m6!1s0x880a599f0adeff8b:0x91e7e87797f2762d!8m2!3d40.696168!4d-89.584987!16s%2Fg%2F1tvr_93b!19sChIJi__eCp9ZCogRLXbyl3fo55E?authuser=0&hl=en&rclk=1,auto repair shop,Peoria County,county,IL,2026-07-27T12:16:53,0x880a599f0adeff8b:0x91e7e87797f2762d
Dworks Auto Repair,,,,"2247 NE Jefferson Ave, Peoria, IL 61603, United States",2247 NE Jefferson Ave,Peoria,IL,61603,2.5,2,Auto repair shop,,,https://www.google.com/maps/place/Dworks+Auto+Repair/data=!4m7!3m6!1s0x880a59f3ee62a317:0xcc84d2d6e36d6d2c!8m2!3d40.7096888!4d-89.5648423!16s%2Fg%2F11b6v5w7yd!19sChIJF6Ni7vNZCogRLG1t49bShMw?authuser=0&hl=en&rclk=1,auto repair shop,Peoria,city,IL,2026-07-27T15:39:12,0x880a59f3ee62a317:0xcc84d2d6e36d6d2c
Firestone Complete Auto Care,(309) 740-3209,https://www.firestonecompleteautocare.com/illinois/peoria/1601-n-knoxville-ave/?utm_source=google&utm_medium=organic&utm_campaign=localmaps&cmp=oloc_google_localmaps_maps,,"1601 Knoxville Ave, Peoria, IL 61603, United States",1601 Knoxville Ave,Peoria,IL,61603,3.7,433,Tire shop,,,https://www.google.com/maps/place/Firestone+Complete+Auto+Care/data=!4m7!3m6!1s0x880a597a5ff1acf1:0x7f653e69445d6e14!8m2!3d40.7063952!4d-89.5944449!16s%2Fg%2F1tgwbh1j!19sChIJ8azxX3pZCogRFG5dRGk-ZX8?authuser=0&hl=en&rclk=1,auto repair shop,Peoria County,county,IL,2026-07-27T12:16:53,0x880a597a5ff1acf1:0x7f653e69445d6e14
Goodyear Auto Service,(309) 691-3881,https://www.goodyear.com/en-us/goodyearautoservice,,"8915 Knoxville Ave, Peoria, IL 61615, United States",8915 Knoxville Ave,Peoria,IL,61615,3.6,163,Tire shop,,,https://www.google.com/maps/place/Goodyear+Auto+Service/data=!4m7!3m6!1s0x880a5b4ac85840bf:0xe7e084bcaea17a8b!8m2!3d40.7957594!4d-89.6076787!16s%2Fg%2F1tf762ks!19sChIJv0BYyEpbCogRi3qhrryE4Oc?authuser=0&hl=en&rclk=1,auto repair shop,Peoria,city,IL,2026-07-27T15:39:12,0x880a5b4ac85840bf:0xe7e084bcaea17a8b
Jiffy Lube Oil Change,(309) 981-7897,https://www.jiffylube.com/locations/il/peoria/4154,,"4749 N Sterling Ave, Peoria, IL 61615, United States",4749 N Sterling Ave,Peoria,IL,61615,4.8,536,Oil change service,,,https://www.google.com/maps/place/Jiffy+Lube+Oil+Change/data=!4m7!3m6!1s0x880a5dd309ee0433:0xa7d7e9cb19ff351a!8m2!3d40.7457787!4d-89.6321123!16s%2Fg%2F11kr_zlzt0!19sChIJMwTuCdNdCogRGjX_Gcvp16c?authuser=0&hl=en&rclk=1,auto repair shop,Peoria,city,IL,2026-07-27T15:39:12,0x880a5dd309ee0433:0xa7d7e9cb19ff351a
Kauth & Mayeur Ltd,(309) 673-1412,http://www.kauthmayeur.com/,,"1710 W Detweiller Dr, Peoria, IL 61615, United States",1710 W Detweiller Dr,Peoria,IL,61615,4.4,140,Auto repair shop,,,https://www.google.com/maps/place/Kauth+%26+Mayeur+Ltd/data=!4m7!3m6!1s0x880a59420fa95c3d:0xab02c71dfb7b4783!8m2!3d40.7882208!4d-89.6189177!16s%2Fg%2F1tfjg3bm!19sChIJPVypD0JZCogRg0d7-x3HAqs?authuser=0&hl=en&rclk=1,auto repair shop,Peoria County,county,IL,2026-07-27T12:16:53,0x880a59420fa95c3d:0xab02c71dfb7b4783
Meineke Car Care Center,(309) 340-4841,https://www.meineke.com/locations/il/peoria-515/?utm_source=google&utm_medium=organic&utm_campaign=gbp_website,,"3722 N Prospect Rd, Peoria, IL 61614, United States",3722 N Prospect Rd,Peoria,IL,61614,4.7,1286,Auto repair shop,,,https://www.google.com/maps/place/Meineke+Car+Care+Center/data=!4m7!3m6!1s0x880a5a39283af043:0xedddf2fc69192a9c!8m2!3d40.7328344!4d-89.5739854!16s%2Fg%2F1vc_qylm!19sChIJQ_A6KDlaCogRnCoZafzy3e0?authuser=0&hl=en&rclk=1,auto repair shop,Peoria County,county,IL,2026-07-27T12:16:53,0x880a5a39283af043:0xedddf2fc69192a9c
Midas,(309) 213-2724,https://www.midas.com/store/il/peoria/2306-west-glen-avenue-61614/?shopnum=2671&utm_source=google&utm_medium=organic&utm_campaign=gbp,,"2306 W Glen Ave, Peoria, IL 61614, United States",2306 W Glen Ave,Peoria,IL,61614,4.6,850,Auto repair shop,,,https://www.google.com/maps/place/Midas/data=!4m7!3m6!1s0x880a5c7a1924d339:0x51739acb29b97e3d!8m2!3d40.7468333!4d-89.6301704!16s%2Fg%2F1th57kqs!19sChIJOdMkGXpcCogRPX65Kcuac1E?authuser=0&hl=en&rclk=1,auto repair shop,Peoria County,county,IL,2026-07-27T12:16:53,0x880a5c7a1924d339:0x51739acb29b97e3d
Midas,(309) 740-9141,https://www.midas.com/store/il/peoria/2200-north-university-61604/?shopnum=2161&utm_source=google&utm_medium=organic&utm_campaign=gbp,,"2200 N University St, Peoria, IL 61604, United States",2200 N University St,Peoria,IL,61604,4.4,447,Auto repair shop,,,https://www.google.com/maps/place/Midas/data=!4m7!3m6!1s0x880a595891cc9d77:0xedba3b9820e5d78!8m2!3d40.7144334!4d-89.6127092!16s%2Fg%2F1td6h1gr!19sChIJd53MkVhZCogReF0Ogrmj2w4?authuser=0&hl=en&rclk=1,auto repair shop,Peoria County,county,IL,2026-07-27T12:16:53,0x880a595891cc9d77:0xedba3b9820e5d78
The Spring Shop Inc.,(309) 688-8781,,,"3724 N New York Ave, Peoria, IL 61614, United States",3724 N New York Ave,Peoria,IL,61614,4.7,33,Auto spring shop,,,https://www.google.com/maps/place/The+Spring+Shop+Inc./data=!4m7!3m6!1s0x880a5a35ac89f367:0xe7abc723bc1fac82!8m2!3d40.7330188!4d-89.5847866!16s%2Fg%2F1tdcxnyv!19sChIJZ_OJrDVaCogRgqwfvCPHq-c?authuser=0&hl=en&rclk=1,auto repair shop,Peoria County,county,IL,2026-07-27T12:16:53,0x880a5a35ac89f367:0xe7abc723bc1fac82
Schooley's Tire Service Inc.,(309) 839-0303,,,"5431 N Galena Rd Ste B, Peoria Heights, IL 61616, United States",5431 N Galena Rd Ste B,Peoria Heights,IL,61616,4.7,122,Tire shop,,,https://www.google.com/maps/place/Schooley%27s+Tire+Service+Inc./data=!4m7!3m6!1s0x880a5a63abff8fbd:0xe969abf9d14ed8d8!8m2!3d40.7528552!4d-89.5619933!16s%2Fg%2F11cs4lqnh8!19sChIJvY__q2NaCogR2NhO0fmraek?authuser=0&hl=en&rclk=1,auto repair shop,Peoria County,county,IL,2026-07-27T12:16:53,0x880a5a63abff8fbd:0xe969abf9d14ed8d8
Jim's Auto Service Center Inc.,(573) 547-6232,https://www.jimssvccenter.com/,,"573 N Kingshighway St, Perryville, MO 63775, United States",573 N Kingshighway St,Perryville,MO,63775,4.9,319,Auto repair shop,,,https://www.google.com/maps/place/Jim%27s+Auto+Service+Center+Inc./data=!4m7!3m6!1s0x8877db5ca6f7e9b7:0x44646b4000aaf86c!8m2!3d37.7363612!4d-89.86933!16s%2Fg%2F1tgptcg2!19sChIJt-n3plzbd4gRbPiqAEBrZEQ?authuser=0&hl=en&rclk=1,auto repair shop,Randolph County,county,IL,2026-07-27T12:53:05,0x8877db5ca6f7e9b7:0x44646b4000aaf86c
Beard Brothers Inc.,(815) 220-0756,http://www.beardbrothersinc.com/,,"1612 4th St, Peru, IL 61354, United States",1612 4th St,Peru,IL,61354,4.8,41,Auto body shop,,,https://www.google.com/maps/place/Beard+Brothers+Inc./data=!4m7!3m6!1s0x880960fb5252ae53:0x93810fb8d9ad8f64!8m2!3d41.3275144!4d-89.1272301!16s%2Fg%2F1tdk14t9!19sChIJU65SUvtgCYgRZI-t2bgPgZM?authuser=0&hl=en&rclk=1,auto repair shop,Putnam County,county,IL,2026-07-27T12:48:15,0x880960fb5252ae53:0x93810fb8d9ad8f64
Midas,(815) 410-1195,https://www.midas.com/store/il/peru/4224-mahoney-drive-61354/?shopnum=2180&utm_source=google&utm_medium=organic&utm_campaign=gbp,,"4224 Mahoney Dr, Peru, IL 61354, United States",4224 Mahoney Dr,Peru,IL,61354,4.6,623,Auto repair shop,,,https://www.google.com/maps/place/Midas/data=!4m7!3m6!1s0x8809672defb5aac3:0x40f6b824db886724!8m2!3d41.3598703!4d-89.1249174!16s%2Fg%2F1hc1vtjlf!19sChIJw6q17y1nCYgRJGeI2yS49kA?authuser=0&hl=en&rclk=1,auto repair shop,LaSalle County,county,IL,2026-07-27T10:10:33,0x8809672defb5aac3:0x40f6b824db886724
"Schimmer Ford, Inc. Service",(815) 224-4500,https://www.schimmerford.com/service-department.htm,,"911 Shooting Park Rd, Peru, IL 61354, United States",911 Shooting Park Rd,Peru,IL,61354,5.0,1,Auto repair shop,,,"https://www.google.com/maps/place/Schimmer+Ford,+Inc.+Service/data=!4m7!3m6!1s0x8809611c862ccbb1:0x126f3d9eb5694527!8m2!3d41.3399582!4d-89.1161804!16s%2Fg%2F11fv4fvts0!19sChIJscsshhxhCYgRJ0VptZ49bxI?authuser=0&hl=en&rclk=1",auto repair shop,Putnam County,county,IL,2026-07-27T12:48:15,0x8809611c862ccbb1:0x126f3d9eb5694527
Take 5 Oil Change,(815) 780-9749,https://www.take5.com/locations/oil-change/illinois/peru/30170/?utm_source=google&utm_medium=organic&utm_campaign=gbp_website,,"4239 Venture Dr, Peru, IL 61354, United States",4239 Venture Dr,Peru,IL,61354,4.5,1081,Oil change service,,,https://www.google.com/maps/place/Take+5+Oil+Change/data=!4m7!3m6!1s0x8809672c732336c5:0x12d71fa663bb7660!8m2!3d41.3593392!4d-89.126251!16s%2Fg%2F11dxl3_1p7!19sChIJxTYjcyxnCYgRYHa7Y6Yf1xI?authuser=0&hl=en&rclk=1,auto repair shop,Putnam County,county,IL,2026-07-27T12:48:15,0x8809672c732336c5:0x12d71fa663bb7660
"UNTZ Truck & Trailer Repair, Inc.",(815) 224-2675,,,"3460 Brennen Dr, Peru, IL 61354, United States",3460 Brennen Dr,Peru,IL,61354,3.8,16,Truck repair shop,,,"https://www.google.com/maps/place/UNTZ+Truck+%26+Trailer+Repair,+Inc./data=!4m7!3m6!1s0x880966b75b99de4f:0xca03b22ec7a6b35c!8m2!3d41.3672119!4d-89.1551456!16s%2Fg%2F1tdpmnpf!19sChIJT96ZW7dmCYgRXLOmxy6yA8o?authuser=0&hl=en&rclk=1",auto repair shop,Putnam County,county,IL,2026-07-27T12:48:15,0x880966b75b99de4f:0xca03b22ec7a6b35c
Paul's garage,,,,"7950 Piasa Rd, Piasa, IL 62079, United States",7950 Piasa Rd,Piasa,IL,62079,,,Auto repair shop,,,https://www.google.com/maps/place/Paul%27s+garage/data=!4m7!3m6!1s0x87df6528fd96619d:0xae4dfaa444976384!8m2!3d39.1155898!4d-90.1233545!16s%2Fg%2F11v10q9sgm!19sChIJnWGW_Shl34cRhGOXRKT6Ta4?authuser=0&hl=en&rclk=1,auto repair shop,Greene County,county,IL,2026-07-27T07:54:10,0x87df6528fd96619d:0xae4dfaa444976384
Illinois 3 and US 255,,,,"250 Missouri St, Pinckneyville, IL 62274, United States",250 Missouri St,Pinckneyville,IL,62274,,,Auto repair shop,,,https://www.google.com/maps/place/Illinois+3+and+US+255/data=!4m7!3m6!1s0x88765700299402e1:0xb0909dafc00330a6!8m2!3d38.0839654!4d-89.4017825!16s%2Fg%2F11vps8hj8b!19sChIJ4QKUKQBXdogRpjADwK-dkLA?authuser=0&hl=en&rclk=1,auto repair shop,Perry County,county,IL,2026-07-27T12:26:36,0x88765700299402e1:0xb0909dafc00330a6
NAPA Auto Parts Auto Tire & Parts of Pinckneyville,(618) 357-6030,http://www.autotireandpartsnapa.com/,,"409 S Main St, Pinckneyville, IL 62274, United States",409 S Main St,Pinckneyville,IL,62274,4.8,30,Auto parts store,,,https://www.google.com/maps/place/NAPA+Auto+Parts+Auto+Tire+%26+Parts+of+Pinckneyville/data=!4m7!3m6!1s0x8876f8b91f95f095:0xdce9056b78dbc961!8m2!3d38.0760761!4d-89.3822389!16s%2Fg%2F1ptz98scg!19sChIJlfCVH7n4dogRYcnbeGsF6dw?authuser=0&hl=en&rclk=1,auto repair shop,Perry County,county,IL,2026-07-27T12:26:36,0x8876f8b91f95f095:0xdce9056b78dbc961
"Douglas Automotive and Tire, Inc.",(217) 922-0064,https://douglasautoandtire.com/,,"303 W Jefferson St, Pittsfield, IL 62363, United States",303 W Jefferson St,Pittsfield,IL,62363,4.7,34,Auto repair shop,,,"https://www.google.com/maps/place/Douglas+Automotive+and+Tire,+Inc./data=!4m7!3m6!1s0x87de4733fec53917:0x849934d091c748a0!8m2!3d39.6089041!4d-90.8090954!16s%2Fg%2F11pdkh6nzp!19sChIJFznF_jNH3ocRoEjHkdA0mYQ?authuser=0&hl=en&rclk=1",auto repair shop,Pike County,county,IL,2026-07-27T12:33:11,0x87de4733fec53917:0x849934d091c748a0
Lipcamon Automotive Inc,(217) 285-5911,,,"1254 W Washington St, Pittsfield, IL 62363, United States",1254 W Washington St,Pittsfield,IL,62363,5.0,10,Muffler shop,,,https://www.google.com/maps/place/Lipcamon+Automotive+Inc/data=!4m7!3m6!1s0x87de46d4fb6b2a33:0xabd13f385662fc8e!8m2!3d39.6048453!4d-90.8326587!16s%2Fg%2F1tjt2gyp!19sChIJMypr-9RG3ocRjvxiVjg_0as?authuser=0&hl=en&rclk=1,auto repair shop,Greene County,county,IL,2026-07-27T07:54:10,0x87de46d4fb6b2a33:0xabd13f385662fc8e
Douglas Automotive Repair Inc,(630) 904-6300,http://www.douglasautomotiverepair.com/,,"10138 Bode St Unit A, Plainfield, IL 60585, United States",10138 Bode St Unit A,Plainfield,IL,60585,4.9,117,Auto repair shop,,,https://www.google.com/maps/place/Douglas+Automotive+Repair+Inc/data=!4m7!3m6!1s0x880ef6cd7f47a8c9:0xe88b1cfdc7eece6c!8m2!3d41.6972613!4d-88.2436103!16s%2Fg%2F1tlwg71m!19sChIJyahHf832DogRbM7ux_0ci-g?authuser=0&hl=en&rclk=1,auto repair shop,Kendall County,county,IL,2026-07-27T09:51:16,0x880ef6cd7f47a8c9:0xe88b1cfdc7eece6c
My Brother's Mechanic Inc.,(630) 305-7940,,,"10119 Clow Creek Rd Ste D, Plainfield, IL 60585, United States",10119 Clow Creek Rd Ste D,Plainfield,IL,60585,5.0,158,Auto repair shop,,,https://www.google.com/maps/place/My+Brother%27s+Mechanic+Inc./data=!4m7!3m6!1s0x880ef6daaa8e3801:0x74922729d3dd7596!8m2!3d41.6978889!4d-88.2365721!16s%2Fg%2F1wtbvgv9!19sChIJATiOqtr2DogRlnXd0yknknQ?authuser=0&hl=en&rclk=1,auto repair shop,Kendall County,county,IL,2026-07-27T09:51:16,0x880ef6daaa8e3801:0x74922729d3dd7596
Crowe's Auto Repair Inc,(630) 273-2120,http://www.crowesautorepair.com/,,"324 W South St, Plano, IL 60545, United States",324 W South St,Plano,IL,60545,4.6,107,Auto repair shop,,,https://www.google.com/maps/place/Crowe%27s+Auto+Repair+Inc/data=!4m7!3m6!1s0x880ec1431648138f:0x3d1aeffd871e6d45!8m2!3d41.6604738!4d-88.540471!16s%2Fg%2F11b6lnprrl!19sChIJjxNIFkPBDogRRW0eh_3vGj0?authuser=0&hl=en&rclk=1,auto repair shop,Kendall County,county,IL,2026-07-27T09:51:16,0x880ec1431648138f:0x3d1aeffd871e6d45
Pines Automotive,,,,"402 S Green Ave, Polo, IL 61064, United States",402 S Green Ave,Polo,IL,61064,5.0,1,,,,https://www.google.com/maps/place/Pines+Automotive/data=!4m7!3m6!1s0x88084d3ce561157d:0xfb0abe32f108f195!8m2!3d41.982902!4d-89.5761775!16s%2Fg%2F11y3yr138f!19sChIJfRVh5TxNCIgRlfEI8TK-Cvs?authuser=0&hl=en&rclk=1,auto repair shop,Carroll County,county,IL,2026-07-24T15:26:54,0x88084d3ce561157d:0xfb0abe32f108f195
Fraher Ford Inc Service,(815) 844-3138,https://www.fraherautos.com/,,"301 S Ladd St, Pontiac, IL 61764, United States",301 S Ladd St,Pontiac,IL,61764,5.0,2,Auto repair shop,,,https://www.google.com/maps/place/Fraher+Ford+Inc+Service/data=!4m7!3m6!1s0x880c736f706d0259:0xb783e04a6be8dae8!8m2!3d40.8764253!4d-88.6398889!16s%2Fg%2F11qpykrfzx!19sChIJWQJtcG9zDIgR6Nroa0rgg7c?authuser=0&hl=en&rclk=1,auto repair shop,Livingston County,county,IL,2026-07-27T10:25:05,0x880c736f706d0259:0xb783e04a6be8dae8
"Gray's Garage, Inc.",(815) 844-6163,http://graysgarage.net/?fbclid=IwAR3nwVQ9IZznFnMPulr2OIKRZjFPP7aHASzL56b6l1CkxtqaarOhsYX-yzE,,"14437 E 2000 North Rd, Pontiac, IL 61764, United States",14437 E 2000 North Rd,Pontiac,IL,61764,4.8,75,Truck repair shop,,,"https://www.google.com/maps/place/Gray%27s+Garage,+Inc./data=!4m7!3m6!1s0x880c72f325ce0897:0xafc258bfef054725!8m2!3d40.9177031!4d-88.6539023!16s%2Fg%2F1tvm3bns!19sChIJlwjOJfNyDIgRJUcF779Ywq8?authuser=0&hl=en&rclk=1",auto repair shop,Livingston County,county,IL,2026-07-27T10:25:05,0x880c72f325ce0897:0xafc258bfef054725
Pfaff Tire & Auto Inc.,(815) 844-2525,https://www.pfafftireandauto.com/,,"360 N Deerfield Rd, Pontiac, IL 61764, United States",360 N Deerfield Rd,Pontiac,IL,61764,4.7,254,Tire shop,,,https://www.google.com/maps/place/Pfaff+Tire+%26+Auto+Inc./data=!4m7!3m6!1s0x880c722e03500793:0x6c2bf61a94303bda!8m2!3d40.8759307!4d-88.6663284!16s%2Fg%2F1tg4lzdy!19sChIJkwdQAy5yDIgR2jswlBr2K2w?authuser=0&hl=en&rclk=1,auto repair shop,Livingston County,county,IL,2026-07-27T10:25:05,0x880c722e03500793:0x6c2bf61a94303bda
Walmart Auto Care Center,(815) 844-6873,https://www.walmart.com/store/1386-pontiac-il/auto-care-center/?veh=seo_loc,,"1706 W Reynolds St, Pontiac, IL 61764, United States",1706 W Reynolds St,Pontiac,IL,61764,3.3,77,Oil change service,,,https://www.google.com/maps/place/Walmart+Auto+Care+Center/data=!4m7!3m6!1s0x880c7226da391c55:0xd2df53854cbd9f5e!8m2!3d40.8702606!4d-88.6598553!16s%2Fg%2F11xbt27qd!19sChIJVRw52iZyDIgRXp-9TIVT39I?authuser=0&hl=en&rclk=1,auto repair shop,Livingston County,county,IL,2026-07-27T10:25:05,0x880c7226da391c55:0xd2df53854cbd9f5e
"County Line Diesel Service, Inc.",(812) 874-3215,,,"11951 County Rd 875 S, Poseyville, IN 47633, United States",11951 County Rd 875 S,Poseyville,IN,47633,5.0,8,Diesel engine repair service,,,"https://www.google.com/maps/place/County+Line+Diesel+Service,+Inc./data=!4m7!3m6!1s0x8871c72f09c4ae99:0xe84642b39790a439!8m2!3d38.2273056!4d-87.7890245!16s%2Fg%2F11q4k1g9k8!19sChIJma7ECS_HcYgROaSQl7NCRug?authuser=0&hl=en&rclk=1",auto repair shop,Wabash County,county,IL,2026-07-27T14:15:26,0x8871c72f09c4ae99:0xe84642b39790a439
Jeff's Garage,,,,"202 E State St, Potomac, IL 61865, United States",202 E State St,Potomac,IL,61865,4.2,5,Auto repair shop,,,https://www.google.com/maps/place/Jeff%27s+Garage/data=!4m7!3m6!1s0x880d6a6b0cff9f07:0x97c86924088527a!8m2!3d40.3047184!4d-87.7979763!16s%2Fg%2F11y3ytmn5l!19sChIJB5__DGtqDYgRelKIQJKGfAk?authuser=0&hl=en&rclk=1,auto repair shop,Woodford County,county,IL,2026-07-27T15:01:47,0x880d6a6b0cff9f07:0x97c86924088527a
Chevrolet Service,,,,"2843 IN-64, Princeton, IN 47670, United States",2843 IN-64,Princeton,IN,47670,4.4,10,Auto repair shop,,,https://www.google.com/maps/place/Chevrolet+Service/data=!4m7!3m6!1s0x8871e1386f292f23:0x4b93f89f3746d479!8m2!3d38.3544256!4d-87.6070279!16s%2Fg%2F11f020yw60!19sChIJIy8pbzjhcYgRedRGN5_4k0s?authuser=0&hl=en&rclk=1,auto repair shop,Wabash County,county,IL,2026-07-27T14:15:26,0x8871e1386f292f23:0x4b93f89f3746d479
Fouts Auto Repair Inc,(812) 386-7970,https://www.facebook.com/FoutsAutoRepair/,,"1400 IN-64, Princeton, IN 47670, United States",1400 IN-64,Princeton,IN,47670,4.4,49,Auto repair shop,,,https://www.google.com/maps/place/Fouts+Auto+Repair+Inc/data=!4m7!3m6!1s0x8871e1e9cf326193:0x895c074d5c5c4eac!8m2!3d38.3511601!4d-87.5394052!16s%2Fg%2F1tgdd4wc!19sChIJk2Eyz-nhcYgRrE5cXE0HXIk?authuser=0&hl=en&rclk=1,auto repair shop,Wabash County,county,IL,2026-07-27T14:15:26,0x8871e1e9cf326193:0x895c074d5c5c4eac
Greenwell Auto Body Inc,(812) 386-7411,,,"903 S Main St, Princeton, IN 47670, United States",903 S Main St,Princeton,IN,47670,4.7,32,Auto body shop,,,https://www.google.com/maps/place/Greenwell+Auto+Body+Inc/data=!4m7!3m6!1s0x8871e1bb1c0a3c43:0xae43f176ec1aa844!8m2!3d38.3468324!4d-87.5680608!16s%2Fg%2F1tg51578!19sChIJQzwKHLvhcYgRRKga7HbxQ64?authuser=0&hl=en&rclk=1,auto repair shop,Wabash County,county,IL,2026-07-27T14:15:26,0x8871e1bb1c0a3c43:0xae43f176ec1aa844
Siemers Glass Co Inc,(812) 386-1100,http://www.siemersglass.com/,,"1251 E Broadway St #3101, Princeton, IN 47670, United States",1251 E Broadway St #3101,Princeton,IN,47670,4.6,66,Auto glass shop,,,https://www.google.com/maps/place/Siemers+Glass+Co+Inc/data=!4m7!3m6!1s0x8871e1e9c21af0e9:0x3f3676c763910d40!8m2!3d38.3551256!4d-87.5515586!16s%2Fg%2F1thvtg02!19sChIJ6fAawunhcYgRQA2RY8d2Nj8?authuser=0&hl=en&rclk=1,auto repair shop,Wabash County,county,IL,2026-07-27T14:15:26,0x8871e1e9c21af0e9:0x3f3676c763910d40
Walmart Auto Care Center,(815) 879-4060,https://www.walmart.com/store/636-princeton-il/auto-care-center/?veh=seo_loc,,"2111 Claude Bailey Pkwy, Princeton, IL 61356, United States",2111 Claude Bailey Pkwy,Princeton,IL,61356,3.5,55,Oil change service,,,https://www.google.com/maps/place/Walmart+Auto+Care+Center/data=!4m7!3m6!1s0x880983facd476905:0x843f4c8664251f14!8m2!3d41.3973744!4d-89.4629085!16s%2Fg%2F1tdk14tf!19sChIJBWlHzfqDCYgRFB8lZIZMP4Q?authuser=0&hl=en&rclk=1,auto repair shop,Putnam County,county,IL,2026-07-27T12:48:15,0x880983facd476905:0x843f4c8664251f14
Zurcher Tire Inc.,(800) 344-7487,https://www.bestonetire.com/store/best-one-tire-service/,,"1342 County Rd 100 N, Princeton, IN 47670, United States",1342 County Rd 100 N,Princeton,IN,47670,4.2,36,Tire shop,,,https://www.google.com/maps/place/Zurcher+Tire+Inc./data=!4m7!3m6!1s0x8871e1a9b8ae95c5:0x9679e2b92ff7910e!8m2!3d38.3708954!4d-87.5925262!16s%2Fg%2F1wtbvmw0!19sChIJxZWuuKnhcYgRDpH3L7nieZY?authuser=0&hl=en&rclk=1,auto repair shop,Wabash County,county,IL,2026-07-27T14:15:26,0x8871e1a9b8ae95c5:0x9679e2b92ff7910e
Princeville Automotive Inc.,(309) 385-2293,https://www.princevilleautomotive.com/,,"100 N Town Ave, Princeville, IL 61559, United States",100 N Town Ave,Princeville,IL,61559,4.7,33,Auto repair shop,,,https://www.google.com/maps/place/Princeville+Automotive+Inc./data=!4m7!3m6!1s0x880a6b3fcf0fd4fd:0x62a195cfa3e685d6!8m2!3d40.9303474!4d-89.7545382!16s%2Fg%2F1tqtyg3p!19sChIJ_dQPzz9rCogR1oXmo8-VoWI?authuser=0&hl=en&rclk=1,auto repair shop,Tazewell County,county,IL,2026-07-27T13:48:41,0x880a6b3fcf0fd4fd:0x62a195cfa3e685d6
B & A Auto & Light Truck Service Inc,(217) 228-9790,https://baautolighttruckrepair.com/,,"1401 N 24th St, Quincy, IL 62301, United States",1401 N 24th St,Quincy,IL,62301,4.8,53,Auto repair shop,,,https://www.google.com/maps/place/B+%26+A+Auto+%26+Light+Truck+Service+Inc/data=!4m7!3m6!1s0x87ddf79233396ac9:0x2b460914ad142848!8m2!3d39.9483128!4d-91.3782007!16s%2Fg%2F1vl9s0p_!19sChIJyWo5M5L33YcRSCgUrRQJRis?authuser=0&hl=en&rclk=1,auto repair shop,Pike County,county,IL,2026-07-27T12:33:11,0x87ddf79233396ac9:0x2b460914ad142848
Collision Solutions Inc.,(217) 224-0020,http://collisionsolutionsqcy.com/,,"330 N Front St, Quincy, IL 62301, United States",330 N Front St,Quincy,IL,62301,4.6,58,Auto body shop,,,https://www.google.com/maps/place/Collision+Solutions+Inc./data=!4m7!3m6!1s0x87ddf6575ffd8de5:0xb9ec744f4d1a06f6!8m2!3d39.9353942!4d-91.4148254!16s%2Fg%2F1tj222cj!19sChIJ5Y39X1f23YcR9gYaTU907Lk?authuser=0&hl=en&rclk=1,auto repair shop,Adams County,county,IL,2026-07-24T14:47:47,0x87ddf6575ffd8de5:0xb9ec744f4d1a06f6
Exhaust & Auto Center Inc,(217) 224-2200,https://exhaustautocenterinc.com/,,"800 N 24th St, Quincy, IL 62301, United States",800 N 24th St,Quincy,IL,62301,4.6,69,Auto repair shop,,,https://www.google.com/maps/place/Exhaust+%26+Auto+Center+Inc/data=!4m7!3m6!1s0x87ddf79aec01f901:0x886105642c1f672f!8m2!3d39.9406716!4d-91.3772952!16s%2Fg%2F119v5m7yx!19sChIJAfkB7Jr33YcRL2cfLGQFYYg?authuser=0&hl=en&rclk=1,auto repair shop,Pike County,county,IL,2026-07-27T12:33:11,0x87ddf79aec01f901:0x886105642c1f672f
"Full Throttle Parts, Inc.",(217) 214-7300,https://fullthrottleparts.com/,,"4380 Broadway St, Quincy, IL 62305, United States",4380 Broadway St,Quincy,IL,62305,4.9,113,Truck accessories store,,,"https://www.google.com/maps/place/Full+Throttle+Parts,+Inc./data=!4m7!3m6!1s0x87ddf7aa7e511589:0x87b854ec5a875888!8m2!3d39.934452!4d-91.3453674!16s%2Fg%2F1262phqks!19sChIJiRVRfqr33YcRiFiHWuxUuIc?authuser=0&hl=en&rclk=1",auto repair shop,Adams County,county,IL,2026-07-17T16:04:32,0x87ddf7aa7e511589:0x87b854ec5a875888
Midas,(217) 919-9105,https://www.midas.com/store/il/quincy/312-north-33rd-street-62301/?shopnum=2258&utm_source=google&utm_medium=organic&utm_campaign=gbp,,"312 N 33rd St, Quincy, IL 62301, United States",312 N 33rd St,Quincy,IL,62301,4.6,223,Auto repair shop,,,https://www.google.com/maps/place/Midas/data=!4m7!3m6!1s0x87ddf82b74aede85:0xa630a218e9f78f97!8m2!3d39.9344628!4d-91.3626666!16s%2Fg%2F1v_z9g47!19sChIJhd6udCv43YcRl4_36RiiMKY?authuser=0&hl=en&rclk=1,auto repair shop,Pike County,county,IL,2026-07-27T12:33:11,0x87ddf82b74aede85:0xa630a218e9f78f97
"Niehaus Auto, Inc.",(217) 224-1491,http://www.niehausauto.com/,,"3507 S Glendale Dr, Quincy, IL 62301, United States",3507 S Glendale Dr,Quincy,IL,62301,4.8,150,Auto repair shop,,,"https://www.google.com/maps/place/Niehaus+Auto,+Inc./data=!4m7!3m6!1s0x87ddf9d3d6e85963:0x28cb87f25e546873!8m2!3d39.9274167!4d-91.3594479!16s%2Fg%2F1tt1t6yk!19sChIJY1no1tP53YcRc2hUXvKHyyg?authuser=0&hl=en&rclk=1",auto repair shop,Adams County,county,IL,2026-07-24T14:47:47,0x87ddf9d3d6e85963:0x28cb87f25e546873
"Nomad Services, Inc.",(217) 430-6170,http://www.nomadservicesquincy.com/,,"325 Vermont St, Quincy, IL 62301, United States",325 Vermont St,Quincy,IL,62301,4.8,35,Auto repair shop,,,"https://www.google.com/maps/place/Nomad+Services,+Inc./data=!4m7!3m6!1s0x87ddf7a6506edb2f:0xe95c53c43afec90a!8m2!3d39.9347553!4d-91.4107664!16s%2Fg%2F11qnt8tvdv!19sChIJL9tuUKb33YcRCsn-OsRTXOk?authuser=0&hl=en&rclk=1",auto repair shop,Adams County,county,IL,2026-07-24T14:47:47,0x87ddf7a6506edb2f:0xe95c53c43afec90a
"River City Parts, Inc.",(217) 223-4646,,,"1817 N 30th St, Quincy, IL 62301, United States",1817 N 30th St,Quincy,IL,62301,4.7,26,Truck parts supplier,,,"https://www.google.com/maps/place/River+City+Parts,+Inc./data=!4m7!3m6!1s0x87ddf7f5369b38ad:0x882475bb8ab71c99!8m2!3d39.9531859!4d-91.3681152!16s%2Fg%2F1tjyv4fm!19sChIJrTibNvX33YcRmRy3irt1JIg?authuser=0&hl=en&rclk=1",auto repair shop,Adams County,county,IL,2026-07-17T16:04:32,0x87ddf7f5369b38ad:0x882475bb8ab71c99
S & S Automotive Repair,,,,"1218 S 8th St, Quincy, IL 62301, United States",1218 S 8th St,Quincy,IL,62301,,,Auto repair shop,,,https://www.google.com/maps/place/S+%26+S+Automotive+Repair/data=!4m7!3m6!1s0x87ddf71ddc14dc81:0xd7aeb977dc52c37b!8m2!3d39.9166809!4d-91.4033921!16s%2Fg%2F11j4t5w1j6!19sChIJgdwU3B333YcRe8NS3He5rtc?authuser=0&hl=en&rclk=1,auto repair shop,Adams County,county,IL,2026-07-24T14:47:47,0x87ddf71ddc14dc81:0xd7aeb977dc52c37b
Shottenkirk Kia Service & Parts,,https://www.kiaofquincy.com/service/,,"1330 N 24th St, Quincy, IL 62301, United States",1330 N 24th St,Quincy,IL,62301,4.8,8,Auto repair shop,,,https://www.google.com/maps/place/Shottenkirk+Kia+Service+%26+Parts/data=!4m7!3m6!1s0x87ddf7299b9d3aa1:0xf2caca066332e81b!8m2!3d39.9473008!4d-91.3766565!16s%2Fg%2F11q_3clbz5!19sChIJoTqdmyn33YcRG-gyYwbKyvI?authuser=0&hl=en&rclk=1,auto repair shop,Adams County,county,IL,2026-07-17T16:04:32,0x87ddf7299b9d3aa1:0xf2caca066332e81b
Technet Automotive Service,,,,"2600 N 24th St, Quincy, IL 62305, United States",2600 N 24th St,Quincy,IL,62305,,,Auto repair shop,,,https://www.google.com/maps/place/Technet+Automotive+Service/data=!4m7!3m6!1s0x87ddf7ef928b8b17:0x68a442cfda84527d!8m2!3d39.9622131!4d-91.3771679!16s%2Fg%2F11pc9gw5l_!19sChIJF4uLku_33YcRfVKE2s9CpGg?authuser=0&hl=en&rclk=1,auto repair shop,Adams County,county,IL,2026-07-17T16:04:32,0x87ddf7ef928b8b17:0x68a442cfda84527d
"Tillitt Collision Center, Inc.",(217) 214-0635,http://tillittcollisioncenter.com/,,"2220 Glenayre Way, Quincy, IL 62305, United States",2220 Glenayre Way,Quincy,IL,62305,4.9,10,Auto body shop,,,"https://www.google.com/maps/place/Tillitt+Collision+Center,+Inc./data=!4m7!3m6!1s0x87ddf7ef1c812497:0x5c92b790cdef880e!8m2!3d39.9606026!4d-91.3790684!16s%2Fg%2F1vhlyqzs!19sChIJlySBHO_33YcRDojvzZC3klw?authuser=0&hl=en&rclk=1",auto repair shop,Adams County,county,IL,2026-07-17T16:04:32,0x87ddf7ef1c812497:0x5c92b790cdef880e
Walmart Auto Care Center,(217) 223-1360,https://www.walmart.com/store/1454-quincy-il/auto-care-center/?veh=seo_loc,,"5211 Broadway St, Quincy, IL 62305, United States",5211 Broadway St,Quincy,IL,62305,2.9,109,Oil change service,,,https://www.google.com/maps/place/Walmart+Auto+Care+Center/data=!4m7!3m6!1s0x87ddf85400245501:0x3d912c4a33733cb0!8m2!3d39.9383156!4d-91.3334568!16s%2Fg%2F1tfby_tc!19sChIJAVUkAFT43YcRsDxzM0oskT0?authuser=0&hl=en&rclk=1,auto repair shop,Adams County,county,IL,2026-07-17T16:04:32,0x87ddf85400245501:0x3d912c4a33733cb0
Water's Collision Center Inc.,(217) 209-0810,,,"935 State St, Quincy, IL 62301, United States",935 State St,Quincy,IL,62301,3.3,15,Auto body shop,,,https://www.google.com/maps/place/Water%27s+Collision+Center+Inc./data=!4m7!3m6!1s0x87ddf64ef87a3e07:0xe27641be4ca0c0a0!8m2!3d39.9267607!4d-91.4002768!16s%2Fg%2F1tfrbqrn!19sChIJBz56-E723YcRoMCgTL5BduI?authuser=0&hl=en&rclk=1,auto repair shop,Adams County,county,IL,2026-07-17T16:04:32,0x87ddf64ef87a3e07:0xe27641be4ca0c0a0
Watson's Car Care Center,,,,"808 Chestnut St, Quincy, IL 62301, United States",808 Chestnut St,Quincy,IL,62301,,,Auto repair shop,,,https://www.google.com/maps/place/Watson%27s+Car+Care+Center/data=!4m7!3m6!1s0x87ddf7b28e6fedbd:0xb7b8f6aca9592c0c!8m2!3d39.9428803!4d-91.402904!16s%2Fg%2F11lnp1yy6j!19sChIJve1vjrL33YcRDCxZqaz2uLc?authuser=0&hl=en&rclk=1,auto repair shop,Adams County,county,IL,2026-07-17T16:04:32,0x87ddf7b28e6fedbd:0xb7b8f6aca9592c0c
D&D Goodyear,(217) 893-4131,,,"507 S Tanner St, Rantoul, IL 61866, United States",507 S Tanner St,Rantoul,IL,61866,4.9,8,Auto repair shop,,,https://www.google.com/maps/place/D%26D+Goodyear/data=!4m7!3m6!1s0x880d1f270b59e19b:0xe36a6102a52dd62a!8m2!3d40.3048601!4d-88.1585395!16s%2Fg%2F11xtkb1j50!19sChIJm-FZCycfDYgRKtYtpQJhauM?authuser=0&hl=en&rclk=1,auto repair shop,Vermilion County,county,IL,2026-07-27T14:01:47,0x880d1f270b59e19b:0xe36a6102a52dd62a
Auto Crafters Auto Body Inc,(618) 282-2942,,,"1360 W Market St, Red Bud, IL 62278, United States",1360 W Market St,Red Bud,IL,62278,4.8,21,Auto body shop,,,https://www.google.com/maps/place/Auto+Crafters+Auto+Body+Inc/data=!4m7!3m6!1s0x87d89deb5888f919:0x5a3edae1c79dc429!8m2!3d38.2114955!4d-90.0189292!16s%2Fg%2F1vxzb4rx!19sChIJGfmIWOud2IcRKcSdx-HaPlo?authuser=0&hl=en&rclk=1,auto repair shop,Randolph County,county,IL,2026-07-27T12:53:05,0x87d89deb5888f919:0x5a3edae1c79dc429
"Pete's Automotive Service, Inc",(708) 366-1115,,,"7600 Madison St, River Forest, IL 60305, United States",7600 Madison St,River Forest,IL,60305,4.8,13,Auto repair shop,,,"https://www.google.com/maps/place/Pete%27s+Automotive+Service,+Inc/data=!4m7!3m6!1s0x880e35cefb502f75:0x80df58a3fa23bde8!8m2!3d41.8797073!4d-87.8147748!16s%2Fg%2F11wtkzy8bd!19sChIJdS9Q-841DogR6L0j-qNY34A?authuser=0&hl=en&rclk=1",auto repair shop,Cook County,county,IL,2026-07-24T14:58:15,0x880e35cefb502f75:0x80df58a3fa23bde8
Bill's General Maintenance,,https://www.billsgeneralmaintenance.com/,,"14037 E 1425th Ave, Robinson, IL 62454, United States",14037 E 1425th Ave,Robinson,IL,62454,5.0,2,Auto repair shop,,,https://www.google.com/maps/place/Bill%27s+General+Maintenance/data=!4m7!3m6!1s0x887271eeeb6f2ad3:0x9a28fc2e21c1b8fa!8m2!3d39.0622102!4d-87.6839139!16s%2Fg%2F11f15hmmj4!19sChIJ0ypv6-5xcogR-rjBIS78KJo?authuser=0&hl=en&rclk=1,auto repair shop,Crawford County,county,IL,2026-07-24T15:03:30,0x887271eeeb6f2ad3:0x9a28fc2e21c1b8fa
NAPA Auto Parts - Robinson Auto Parts,(618) 544-3137,https://www.napaonline.com/en/IL/Robinson/store/24705?cid=pl_jobber_google_dac_24705_ao,,"1300 E Main St, Robinson, IL 62454, United States",1300 E Main St,Robinson,IL,62454,4.6,23,Auto parts store,,,https://www.google.com/maps/place/NAPA+Auto+Parts+-+Robinson+Auto+Parts/data=!4m7!3m6!1s0x88726d0840a54513:0x25c9aa45b93bf124!8m2!3d39.0062873!4d-87.7253366!16s%2Fg%2F1td72rmx!19sChIJE0WlQAhtcogRJPE7uUWqySU?authuser=0&hl=en&rclk=1,auto repair shop,Crawford County,county,IL,2026-07-17T18:24:43,0x88726d0840a54513:0x25c9aa45b93bf124
Rough Rimz Inc.,(812) 207-1036,http://roughrimz.com/,,"11970 IL-1, Robinson, IL 62454, United States",11970 IL-1,Robinson,IL,62454,5.0,2,Auto body shop,,,https://www.google.com/maps/place/Rough+Rimz+Inc./data=!4m7!3m6!1s0x8872734e7f55b545:0x983768b16b37de35!8m2!3d39.0295343!4d-87.6853671!16s%2Fg%2F11r9nnfxv4!19sChIJRbVVf05zcogRNd43a7FoN5g?authuser=0&hl=en&rclk=1,auto repair shop,Crawford County,county,IL,2026-07-17T18:24:43,0x8872734e7f55b545:0x983768b16b37de35
Silverthorne Chevrolet GMC Inc.,(618) 421-4458,https://www.silverthornegm.com/?utm_source=google&utm_medium=organic&utm_campaign=google_my_business&utm_content=website_button,,"111 N Franklin St, Robinson, IL 62454, United States",111 N Franklin St,Robinson,IL,62454,4.6,222,Car dealer,,,https://www.google.com/maps/place/Silverthorne+Chevrolet+GMC+Inc./data=!4m7!3m6!1s0x88726cff16704ee5:0x8358943583602a28!8m2!3d39.006453!4d-87.740891!16s%2Fg%2F1tfp_lc3!19sChIJ5U5wFv9scogRKCpggzWUWIM?authuser=0&hl=en&rclk=1,auto repair shop,Crawford County,county,IL,2026-07-17T18:24:43,0x88726cff16704ee5:0x8358943583602a28
Walmart Auto Care Center,(618) 544-9111,https://www.walmart.com/store/422-robinson-il/auto-care-center/?veh=seo_loc,,"1304 E Main St, Robinson, IL 62454, United States",1304 E Main St,Robinson,IL,62454,3.4,34,Oil change service,,,https://www.google.com/maps/place/Walmart+Auto+Care+Center/data=!4m7!3m6!1s0x88726d0840ae3d83:0xc81793931c781e49!8m2!3d39.008894!4d-87.7237263!16s%2Fg%2F1tnplrpj!19sChIJgz2uQAhtcogRSR54HJOTF8g?authuser=0&hl=en&rclk=1,auto repair shop,Crawford County,county,IL,2026-07-17T18:24:43,0x88726d0840ae3d83:0xc81793931c781e49
"Brown Tire Service, Inc",(815) 562-4644,,,"311 N 7th St, Rochelle, IL 61068, United States",311 N 7th St,Rochelle,IL,61068,4.8,90,Tire shop,,,"https://www.google.com/maps/place/Brown+Tire+Service,+Inc/data=!4m7!3m6!1s0x8808df8ec34b5749:0xc8f7eafaca8b6821!8m2!3d41.9220419!4d-89.0683634!16s%2Fg%2F1tfb740y!19sChIJSVdLw47fCIgRIWiLyvrq98g?authuser=0&hl=en&rclk=1",auto repair shop,Ogle County,county,IL,2026-07-27T12:12:14,0x8808df8ec34b5749:0xc8f7eafaca8b6821
Bonnell Repair & Towing Inc,(815) 626-3849,http://www.bonnellrepairtowing.com/,,"400 1st Ave, Rock Falls, IL 61071, United States",400 1st Ave,Rock Falls,IL,61071,4.8,63,Auto repair shop,,,https://www.google.com/maps/place/Bonnell+Repair+%26+Towing+Inc/data=!4m7!3m6!1s0x8809b7c2a012f1b5:0x6ae26852115ff3fb!8m2!3d41.7797962!4d-89.690162!16s%2Fg%2F1ptwh39y3!19sChIJtfESoMK3CYgR-_NfEVJo4mo?authuser=0&hl=en&rclk=1,auto repair shop,Lee County,county,IL,2026-07-27T10:19:58,0x8809b7c2a012f1b5:0x6ae26852115ff3fb
Valvoline Express Care,(815) 622-9400,https://locations.expresscare.com/il/rock-falls/0000528430/?utm_source=Google&utm_medium=Maps&utm_campaign=Google+Places,,"600 US-30, Rock Falls, IL 61071, United States",600 US-30,Rock Falls,IL,61071,4.5,289,Oil change service,,,https://www.google.com/maps/place/Valvoline+Express+Care/data=!4m7!3m6!1s0x8809b7fc7d968851:0xdda18403e8557479!8m2!3d41.7683518!4d-89.6971841!16s%2Fg%2F1td3s1_6!19sChIJUYiWffy3CYgReXRV6AOEod0?authuser=0&hl=en&rclk=1,auto repair shop,Whiteside County,county,IL,2026-07-27T14:34:34,0x8809b7fc7d968851:0xdda18403e8557479
Wheelhouse Inc,(815) 625-6911,http://www.wheelhouseinc.com/,,"6898 IL-40, Rock Falls, IL 61071, United States",6898 IL-40,Rock Falls,IL,61071,4.9,66,Tire shop,,,https://www.google.com/maps/place/Wheelhouse+Inc/data=!4m7!3m6!1s0x8809b9d5ae23bbe1:0x87ac05ea5585b729!8m2!3d41.6849096!4d-89.6897137!16s%2Fg%2F1tm69h_b!19sChIJ4bsjrtW5CYgRKbeFVeoFrIc?authuser=0&hl=en&rclk=1,auto repair shop,Whiteside County,county,IL,2026-07-27T14:34:34,0x8809b9d5ae23bbe1:0x87ac05ea5585b729
A & J Discount Tire,(309) 788-8473,,,"2100 11th St, Rock Island, IL 61201, United States",2100 11th St,Rock Island,IL,61201,4.7,291,Used tire shop,,,https://www.google.com/maps/place/A+%26+J+Discount+Tire/data=!4m7!3m6!1s0x87e23317fdb2f20f:0x6c15b2d4835dee4a!8m2!3d41.4902094!4d-90.5829125!16s%2Fg%2F1tj3lmtl!19sChIJD_Ky_Rcz4ocRSu5dg9SyFWw?authuser=0&hl=en&rclk=1,auto repair shop,Rock Island County,county,IL,2026-07-27T13:06:16,0x87e23317fdb2f20f:0x6c15b2d4835dee4a
Close & Co Inc,(309) 788-4052,,,"701 26th Ave, Rock Island, IL 61201, United States",701 26th Ave,Rock Island,IL,61201,5.0,4,Truck repair shop,,,https://www.google.com/maps/place/Close+%26+Co+Inc/data=!4m7!3m6!1s0x87e2332416556061:0x7aa8f3fcadac6550!8m2!3d41.4853687!4d-90.5887337!16s%2Fg%2F1tdr8r3n!19sChIJYWBVFiQz4ocRUGWsrfzzqHo?authuser=0&hl=en&rclk=1,auto repair shop,Rock Island County,county,IL,2026-07-27T13:06:16,0x87e2332416556061:0x7aa8f3fcadac6550
Executive Auto Werks,,,,"2223 11th St, Rock Island, IL 61201, United States",2223 11th St,Rock Island,IL,61201,5.0,2,Auto body shop,,,https://www.google.com/maps/place/Executive+Auto+Werks/data=!4m7!3m6!1s0x87e233f54d738539:0x2b6b4c6195aa9075!8m2!3d41.4882185!4d-90.5823405!16s%2Fg%2F11vdw3jw_j!19sChIJOYVzTfUz4ocRdZCqlWFMays?authuser=0&hl=en&rclk=1,auto repair shop,Rock Island County,county,IL,2026-07-27T13:06:16,0x87e233f54d738539:0x2b6b4c6195aa9075
R. I. Electric Motor Repair,,,,"177 31st Ave, Rock Island, IL 61201, United States",177 31st Ave,Rock Island,IL,61201,,,Auto repair shop,,,https://www.google.com/maps/place/R.+I.+Electric+Motor+Repair/data=!4m7!3m6!1s0x87e23329d7a3b471:0xb8ea4477d4ab03a1!8m2!3d41.4798932!4d-90.5948771!16s%2Fg%2F11yv1dc7v6!19sChIJcbSj1ykz4ocRoQOr1HdE6rg?authuser=0&hl=en&rclk=1,auto repair shop,Rock Island County,county,IL,2026-07-27T13:06:16,0x87e23329d7a3b471:0xb8ea4477d4ab03a1
Alpine Body Shop Inc,(815) 874-4424,https://alpinebodyshopinc.com/,,"4804 Hydraulic Rd, Rockford, IL 61109, United States",4804 Hydraulic Rd,Rockford,IL,61109,4.9,211,Auto body shop,,,https://www.google.com/maps/place/Alpine+Body+Shop+Inc/data=!4m7!3m6!1s0x8808c0a9563e1d13:0x62e59f60abe16d4b!8m2!3d42.2277568!4d-89.0224856!16s%2Fg%2F1vfp46dc!19sChIJEx0-VqnACIgRS23hq2Cf5WI?authuser=0&hl=en&rclk=1,auto repair shop,Rockford,city,IL,2026-07-27T15:32:05,0x8808c0a9563e1d13:0x62e59f60abe16d4b
"BENNY & SONS BODY SHOP, INC.",(815) 962-5000,https://www.bennyandsons.com/,,"411 S Winnebago St, Rockford, IL 61102, United States",411 S Winnebago St,Rockford,IL,61102,4.3,84,Auto bodywork mechanic,,,"https://www.google.com/maps/place/BENNY+%26+SONS+BODY+SHOP,+INC./data=!4m7!3m6!1s0x88089578fcbceb1f:0xe73fc4c56b1575ec!8m2!3d42.2699127!4d-89.1008326!16s%2Fg%2F1wj_6lzm!19sChIJH-u8_HiVCIgR7HUVa8XEP-c?authuser=0&hl=en&rclk=1",auto repair shop,Winnebago County,county,IL,2026-07-27T14:56:54,0x88089578fcbceb1f:0xe73fc4c56b1575ec
Ellis & Ellis Inc,(815) 965-0336,https://ellisandellisinc.com/,,"1635 Rural St, Rockford, IL 61107, United States",1635 Rural St,Rockford,IL,61107,4.3,90,Auto repair shop,,,https://www.google.com/maps/place/Ellis+%26+Ellis+Inc/data=!4m7!3m6!1s0x8808be4cfd84bf77:0x7464c257c0d6facb!8m2!3d42.2738928!4d-89.0682025!16s%2Fg%2F1tfs1nbv!19sChIJd7-E_Uy-CIgRy_rWwFfCZHQ?authuser=0&hl=en&rclk=1,auto repair shop,Winnebago County,county,IL,2026-07-27T14:56:54,0x8808be4cfd84bf77:0x7464c257c0d6facb
Firestone Complete Auto Care,(815) 315-4519,https://www.firestonecompleteautocare.com/illinois/rockford/500-w-jefferson-st/?utm_source=google&utm_medium=organic&utm_campaign=localmaps&cmp=oloc_google_localmaps_maps,,"500 W Jefferson St, Rockford, IL 61103, United States",500 W Jefferson St,Rockford,IL,61103,4.6,401,Tire shop,,,https://www.google.com/maps/place/Firestone+Complete+Auto+Care/data=!4m7!3m6!1s0x88089580576d5ae7:0xede9e3602f10cb2a!8m2!3d42.27418!4d-89.0963876!16s%2Fg%2F1tdc16k0!19sChIJ51ptV4CVCIgRKssQL2Dj6e0?authuser=0&hl=en&rclk=1,auto repair shop,Winnebago County,county,IL,2026-07-27T14:56:54,0x88089580576d5ae7:0xede9e3602f10cb2a
Firestone Complete Auto Care,(815) 315-0802,https://www.firestonecompleteautocare.com/illinois/rockford/1615-s-alpine-rd/?utm_source=google&utm_medium=organic&utm_campaign=localmaps&cmp=oloc_google_localmaps_maps,,"1615 S Alpine Rd, Rockford, IL 61108, United States",1615 S Alpine Rd,Rockford,IL,61108,4.3,574,Tire shop,,,https://www.google.com/maps/place/Firestone+Complete+Auto+Care/data=!4m7!3m6!1s0x8808bf47902ab145:0x48a32cf2b86ed8e2!8m2!3d42.2512231!4d-89.0294803!16s%2Fg%2F1tfkrbt6!19sChIJRbEqkEe_CIgR4thuuPIso0g?authuser=0&hl=en&rclk=1,auto repair shop,Winnebago County,county,IL,2026-07-27T14:56:54,0x8808bf47902ab145:0x48a32cf2b86ed8e2
Hi Tech Auto,,,,"3538 Montrose Ave, Rockford, IL 61101, United States",3538 Montrose Ave,Rockford,IL,61101,4.7,10,Auto body shop,,,https://www.google.com/maps/place/Hi+Tech+Auto/data=!4m7!3m6!1s0x88089587732aa9e3:0xbbcbca9ba2905fe6!8m2!3d42.2935911!4d-89.1156494!16s%2Fg%2F11rrv1rxch!19sChIJ46kqc4eVCIgR5l-QopvKy7s?authuser=0&hl=en&rclk=1,auto repair shop,Winnebago County,county,IL,2026-07-27T14:56:54,0x88089587732aa9e3:0xbbcbca9ba2905fe6
"HyTech Automotive, Inc.",(815) 312-4450,,,"2320 N Central Ave, Rockford, IL 61101, United States",2320 N Central Ave,Rockford,IL,61101,4.7,108,Auto repair shop,,,"https://www.google.com/maps/place/HyTech+Automotive,+Inc./data=!4m7!3m6!1s0x880895e8a5f1763b:0xcfe7e88f7966e9d1!8m2!3d42.2993433!4d-89.1165077!16s%2Fg%2F1tfg87hk!19sChIJO3bxpeiVCIgR0elmeY_o588?authuser=0&hl=en&rclk=1",auto repair shop,Winnebago County,county,IL,2026-07-27T14:56:54,0x880895e8a5f1763b:0xcfe7e88f7966e9d1
Jiffy Lube Oil Change,(815) 227-9273,https://www.jiffylube.com/locations/il/rockford/4048,,"1964 McFarland Rd, Rockford, IL 61107, United States",1964 McFarland Rd,Rockford,IL,61107,4.9,822,Oil change service,,,https://www.google.com/maps/place/Jiffy+Lube+Oil+Change/data=!4m7!3m6!1s0x8808b9d939d4a489:0x7b9deaa72f11db8!8m2!3d42.2916845!4d-88.9787535!16s%2Fg%2F11ny09j9_1!19sChIJiaTUOdm5CIgRuB3xcqreuQc?authuser=0&hl=en&rclk=1,auto repair shop,Rockford,city,IL,2026-07-27T15:32:05,0x8808b9d939d4a489:0x7b9deaa72f11db8
Kar Kraft Inc.,(815) 964-9071,,,"3008 Kilburn Ave, Rockford, IL 61101, United States",3008 Kilburn Ave,Rockford,IL,61101,4.4,111,Auto body shop,,,https://www.google.com/maps/place/Kar+Kraft+Inc./data=!4m7!3m6!1s0x880895dd3e1324c9:0x70cf329615322592!8m2!3d42.3030479!4d-89.1150342!16s%2Fg%2F1tks6x0g!19sChIJySQTPt2VCIgRkiUyFZYyz3A?authuser=0&hl=en&rclk=1,auto repair shop,Rockford,city,IL,2026-07-27T15:32:05,0x880895dd3e1324c9:0x70cf329615322592
"Kurt's Auto & Truck Center, Inc",(815) 962-7110,https://www.kurtsauto.com/,,"1510 Cunningham St #1, Rockford, IL 61102, United States",1510 Cunningham St #1,Rockford,IL,61102,4.7,69,Auto repair shop,,,"https://www.google.com/maps/place/Kurt%27s+Auto+%26+Truck+Center,+Inc/data=!4m7!3m6!1s0x8808950c8aec786d:0x401f23107157bd02!8m2!3d42.2662425!4d-89.1169665!16s%2Fg%2F1tfs1nb9!19sChIJbXjsigyVCIgRAr1XcRAjH0A?authuser=0&hl=en&rclk=1",auto repair shop,Winnebago County,county,IL,2026-07-27T14:56:54,0x8808950c8aec786d:0x401f23107157bd02
Lightening Auto Service,,,,"1804 Morgan St, Rockford, IL 61102, United States",1804 Morgan St,Rockford,IL,61102,,,Auto repair shop,,,https://www.google.com/maps/place/Lightening+Auto+Service/data=!4m7!3m6!1s0x880895006e9d775b:0x3322c48547378bf3!8m2!3d42.2630428!4d-89.1211704!16s%2Fg%2F11zgg49ns2!19sChIJW3edbgCVCIgR84s3R4XEIjM?authuser=0&hl=en&rclk=1,auto repair shop,Rockford,city,IL,2026-07-27T15:32:05,0x880895006e9d775b:0x3322c48547378bf3
Midas,(815) 315-4556,https://www.midas.com/store/il/rockford/1125-south-alpine-61108/?shopnum=2159&utm_source=google&utm_medium=organic&utm_campaign=gbp,,"1125 S Alpine Rd, Rockford, IL 61108, United States",1125 S Alpine Rd,Rockford,IL,61108,4.4,564,Auto repair shop,,,https://www.google.com/maps/place/Midas/data=!4m7!3m6!1s0x8808bf39a4ef2b47:0x73bbb23bc159853e!8m2!3d42.2552325!4d-89.0295355!16s%2Fg%2F1tqyg214!19sChIJRyvvpDm_CIgRPoVZwTuyu3M?authuser=0&hl=en&rclk=1,auto repair shop,Winnebago County,county,IL,2026-07-27T14:56:54,0x8808bf39a4ef2b47:0x73bbb23bc159853e
Phillips Automotive Inc,(815) 395-6500,,,"310 N Mulford Rd, Rockford, IL 61107, United States",310 N Mulford Rd,Rockford,IL,61107,4.8,43,Auto repair shop,,,https://www.google.com/maps/place/Phillips+Automotive+Inc/data=!4m7!3m6!1s0x8808bfab03cad7a9:0xadd261c1d87f4b70!8m2!3d42.2698903!4d-89.0012755!16s%2Fg%2F1vj5_smd!19sChIJqdfKA6u_CIgRcEt_2MFh0q0?authuser=0&hl=en&rclk=1,auto repair shop,Rockford,city,IL,2026-07-27T15:32:05,0x8808bfab03cad7a9:0xadd261c1d87f4b70
T J's Auto Center Inc,(815) 399-2886,https://www.tjsautocenter.com/,,"3427 E State St, Rockford, IL 61108, United States",3427 E State St,Rockford,IL,61108,4.6,133,Auto repair shop,,,https://www.google.com/maps/place/T+J%27s+Auto+Center+Inc/data=!4m7!3m6!1s0x8808bf1bebbd7321:0x19740bfa7c71bf7e!8m2!3d42.2657117!4d-89.0429329!16s%2Fg%2F1v4ptl5d!19sChIJIXO96xu_CIgRfr9xfPoLdBk?authuser=0&hl=en&rclk=1,auto repair shop,Winnebago County,county,IL,2026-07-27T14:56:54,0x8808bf1bebbd7321:0x19740bfa7c71bf7e
Ambriz Garage Inc,(224) 338-8906,,,"233 W Washington St, Round Lake Beach, IL 60073, United States",233 W Washington St,Round Lake Beach,IL,60073,4.5,109,Car repair and maintenance service,,,https://www.google.com/maps/place/Ambriz+Garage+Inc/data=!4m7!3m6!1s0x880f9c9c2429a909:0x650fbe4834d22e50!8m2!3d42.3589816!4d-88.0903873!16s%2Fg%2F11c6w042bl!19sChIJCakpJJycD4gRUC7SNEi-D2U?authuser=0&hl=en&rclk=1,auto repair shop,Bond County,county,IL,2026-07-24T15:03:51,0x880f9c9c2429a909:0x650fbe4834d22e50
Londono's Auto Inc,(847) 546-6777,http://www.londonosauto.com/,,"119 W Main St, Round Lake Park, IL 60073, United States",119 W Main St,Round Lake Park,IL,60073,4.8,231,Auto repair shop,,,https://www.google.com/maps/place/Londono%27s+Auto+Inc/data=!4m7!3m6!1s0x880f9b651e34313f:0x7a104b20942241b5!8m2!3d42.3500169!4d-88.085544!16s%2Fg%2F1tfsnlg2!19sChIJPzE0HmWbD4gRtUEilCBLEHo?authuser=0&hl=en&rclk=1,auto repair shop,Lake County,county,IL,2026-07-27T09:59:24,0x880f9b651e34313f:0x7a104b20942241b5
Andy Hanneken Auto Repair,,,,"703 S Central Ave, Roxana, IL 62084, United States",703 S Central Ave,Roxana,IL,62084,4.9,32,Auto repair shop,,,https://www.google.com/maps/place/Andy+Hanneken+Auto+Repair/data=!4m7!3m6!1s0x87df5bf1b64e7d17:0x74b5e2400e2ec513!8m2!3d38.8434351!4d-90.0786553!16s%2Fg%2F11f62h5_tk!19sChIJF31OtvFb34cRE8UuDkDitXQ?authuser=0&hl=en&rclk=1,auto repair shop,Madison County,county,IL,2026-07-27T11:20:10,0x87df5bf1b64e7d17:0x74b5e2400e2ec513
Ytee's Garage,,,,"243 Elm St, Roxana, IL 62084, United States",243 Elm St,Roxana,IL,62084,5.0,2,Auto repair shop,,,https://www.google.com/maps/place/Ytee%27s+Garage/data=!4m7!3m6!1s0x87df5b004eb92909:0xaaf6b7824c6a7c28!8m2!3d38.8498756!4d-90.0837603!16s%2Fg%2F11yr_rgj9_!19sChIJCSm5TgBb34cRKHxqTIK39qo?authuser=0&hl=en&rclk=1,auto repair shop,Madison County,county,IL,2026-07-27T11:20:10,0x87df5b004eb92909:0xaaf6b7824c6a7c28
Clark's Auto Repair Inc,(217) 322-3933,http://clarksautorepairinc.com/,,"237 N Liberty St, Rushville, IL 62681, United States",237 N Liberty St,Rushville,IL,62681,4.7,30,Auto repair shop,,,https://www.google.com/maps/place/Clark%27s+Auto+Repair+Inc/data=!4m7!3m6!1s0x87e07ce06c2cf343:0xbdd3f8230da15abf!8m2!3d40.1228121!4d-90.5622319!16s%2Fg%2F11f4pngcvt!19sChIJQ_MsbOB84IcRv1qhDSP4070?authuser=0&hl=en&rclk=1,auto repair shop,Mason County,county,IL,2026-07-27T11:35:42,0x87e07ce06c2cf343:0xbdd3f8230da15abf
"Doolin Auto Service, Inc",(217) 322-7409,,,"103 Sullivan Dr, Rushville, IL 62681, United States",103 Sullivan Dr,Rushville,IL,62681,4.8,12,Auto repair shop,,,"https://www.google.com/maps/place/Doolin+Auto+Service,+Inc/data=!4m7!3m6!1s0x87e07ce06137070f:0xe2e463051194965a!8m2!3d40.1200773!4d-90.5774437!16s%2Fg%2F1thr7qkt!19sChIJDwc3YeB84IcRWpaUEQVj5OI?authuser=0&hl=en&rclk=1",auto repair shop,Schuyler County,county,IL,2026-07-27T13:24:41,0x87e07ce06137070f:0xe2e463051194965a
Jackson Auto Service Inc,(217) 216-0543,https://jacksonautoservicerushville.com/,,"422 N Congress St, Rushville, IL 62681, United States",422 N Congress St,Rushville,IL,62681,5.0,7,Auto repair shop,,,https://www.google.com/maps/place/Jackson+Auto+Service+Inc/data=!4m7!3m6!1s0x87e07cdff7e61a6b:0x97273bac0eaaa9eb!8m2!3d40.1247538!4d-90.5639948!16s%2Fg%2F11hd60f8s5!19sChIJaxrm99984IcR66mqDqw7J5c?authuser=0&hl=en&rclk=1,auto repair shop,Randolph County,county,IL,2026-07-27T12:53:05,0x87e07cdff7e61a6b:0x97273bac0eaaa9eb
2 Cylinder Acres,,,,"1065 U.S. Hwy 67, Sabula, IA 52070, United States",1065 U.S. Hwy 67,Sabula,IA,52070,,,Tractor repair shop,,,https://www.google.com/maps/place/2+Cylinder+Acres/data=!4m7!3m6!1s0x87e28f005cf3bfcb:0xc3bff246b4c8827f!8m2!3d42.0253033!4d-90.1802572!16s%2Fg%2F11zcyxh8nv!19sChIJy7_zXACP4ocRf4LItEbyv8M?authuser=0&hl=en&rclk=1,auto repair shop,Carroll County,county,IL,2026-07-17T17:07:34,0x87e28f005cf3bfcb:0xc3bff246b4c8827f
Illini Outlaw Diesel Inc,(309) 247-4052,,,"502 N 1st St, San Jose, IL 62682, United States",502 N 1st St,San Jose,IL,62682,4.8,69,Auto repair shop,,,https://www.google.com/maps/place/Illini+Outlaw+Diesel+Inc/data=!4m7!3m6!1s0x880ae9df35cf9161:0xc666504ac6390b76!8m2!3d40.3096094!4d-89.6018623!16s%2Fg%2F1ptz4pc5c!19sChIJYZHPNd_pCogRdgs5xkpQZsY?authuser=0&hl=en&rclk=1,auto repair shop,Mason County,county,IL,2026-07-27T11:35:42,0x880ae9df35cf9161:0xc666504ac6390b76
J & S Body Shop Inc,(815) 273-3140,,,"1015 Viaduct Rd, Savanna, IL 61074, United States",1015 Viaduct Rd,Savanna,IL,61074,4.4,29,Auto body shop,,,https://www.google.com/maps/place/J+%26+S+Body+Shop+Inc/data=!4m7!3m6!1s0x87e29acb52042df1:0xf41aa792128dcd7e!8m2!3d42.0783612!4d-90.1266678!16s%2Fg%2F1tm8l3vy!19sChIJ8S0EUsua4ocRfs2NEpKnGvQ?authuser=0&hl=en&rclk=1,auto repair shop,Carroll County,county,IL,2026-07-24T15:26:54,0x87e29acb52042df1:0xf41aa792128dcd7e
NAPA Auto Parts - Savanna Auto Parts,(815) 273-4695,https://www.napaonline.com/en/IL/Savanna/store/28536?cid=pl_jobber_google_dac_28536_ao,,"501 W Main St, Savanna, IL 61074, United States",501 W Main St,Savanna,IL,61074,4.4,50,Auto parts store,,,https://www.google.com/maps/place/NAPA+Auto+Parts+-+Savanna+Auto+Parts/data=!4m7!3m6!1s0x87e2900d172c797d:0x58370b9e2957ca1d!8m2!3d42.095344!4d-90.157362!16s%2Fg%2F1v9lcb0p!19sChIJfXksFw2Q4ocRHcpXKZ4LN1g?authuser=0&hl=en&rclk=1,auto repair shop,Carroll County,county,IL,2026-07-17T17:07:34,0x87e2900d172c797d:0x58370b9e2957ca1d
Firestone Complete Auto Care,(618) 440-3397,https://www.firestonecompleteautocare.com/illinois/scott-afb/408-ward-dr/?utm_source=google&utm_medium=organic&utm_campaign=localmaps&cmp=oloc_google_localmaps_maps,,"408 Ward Dr, Scott AFB, IL 62225, United States",408 Ward Dr,Scott AFB,IL,62225,4.0,206,Tire shop,,,https://www.google.com/maps/place/Firestone+Complete+Auto+Care/data=!4m7!3m6!1s0x8876059620d7d39f:0xb54f141d37f375cd!8m2!3d38.5406656!4d-89.8700476!16s%2Fg%2F1tqtymnh!19sChIJn9PXIJYFdogRzXXzNx0UT7U?authuser=0&hl=en&rclk=1,auto repair shop,St. Clair County,county,IL,2026-07-27T13:13:53,0x8876059620d7d39f:0xb54f141d37f375cd
Sesser Car Care Inc,(618) 625-2273,,,"216 W Franklin St, Sesser, IL 62884, United States",216 W Franklin St,Sesser,IL,62884,4.4,14,Tire shop,,,https://www.google.com/maps/place/Sesser+Car+Care+Inc/data=!4m7!3m6!1s0x8876dc521c94fa61:0xe15e25fb2907cbdf!8m2!3d38.0920235!4d-89.0525238!16s%2Fg%2F1ty7502y!19sChIJYfqUHFLcdogR38sHKfslXuE?authuser=0&hl=en&rclk=1,auto repair shop,Jefferson County,county,IL,2026-07-27T09:08:33,0x8876dc521c94fa61:0xe15e25fb2907cbdf
Chevrolet Service,,,,"145 W Main St, Shelbyville, IL 62565, United States",145 W Main St,Shelbyville,IL,62565,5.0,2,Auto repair shop,,,https://www.google.com/maps/place/Chevrolet+Service/data=!4m7!3m6!1s0x887482059b670eff:0xb30aa079706f0822!8m2!3d39.4070012!4d-88.7945511!16s%2Fg%2F11fy2xv7cx!19sChIJ_w5nmwWCdIgRIghvcHmgCrM?authuser=0&hl=en&rclk=1,auto repair shop,Shelby County,county,IL,2026-07-27T13:36:32,0x887482059b670eff:0xb30aa079706f0822
Distler's Auto Repair Inc,(618) 632-7449,http://www.distlersauto.com/,,"100 N Main St, Shiloh, IL 62269, United States",100 N Main St,Shiloh,IL,62269,4.5,101,Auto repair shop,,,https://www.google.com/maps/place/Distler%27s+Auto+Repair+Inc/data=!4m7!3m6!1s0x8876042f7c7ad8f9:0xc15ce7ad8888f21b!8m2!3d38.5616412!4d-89.8968032!16s%2Fg%2F1tlc8tt8!19sChIJ-dh6fC8EdogRG_KIiK3nXME?authuser=0&hl=en&rclk=1,auto repair shop,Randolph County,county,IL,2026-07-27T12:53:05,0x8876042f7c7ad8f9:0xc15ce7ad8888f21b
Jansen Brothers Garage Inc,(217) 844-2023,http://www.jansenbrosgarage.com/,,"204 Main St, Sigel, IL 62462, United States",204 Main St,Sigel,IL,62462,4.5,27,Auto repair shop,,,https://www.google.com/maps/place/Jansen+Brothers+Garage+Inc/data=!4m7!3m6!1s0x887398b46348aa4f:0x498b2e65284f31ed!8m2!3d39.2275628!4d-88.4939577!16s%2Fg%2F1tl4dsl8!19sChIJT6pIY7SYc4gR7TFPKGUui0k?authuser=0&hl=en&rclk=1,auto repair shop,Shelby County,county,IL,2026-07-27T13:36:32,0x887398b46348aa4f:0x498b2e65284f31ed
"Auto Tech Pro, Inc.",(309) 755-6160,,,"325 1st Ave, Silvis, IL 61282, United States",325 1st Ave,Silvis,IL,61282,4.6,49,Auto repair shop,,,"https://www.google.com/maps/place/Auto+Tech+Pro,+Inc./data=!4m7!3m6!1s0x87e23a2f60347f6d:0xb0b876b2f2a53185!8m2!3d41.5142716!4d-90.4218705!16s%2Fg%2F1tqpzt3d!19sChIJbX80YC864ocRhTGl8rJ2uLA?authuser=0&hl=en&rclk=1",auto repair shop,Henry County,county,IL,2026-07-27T08:36:02,0x87e23a2f60347f6d:0xb0b876b2f2a53185
Repair's Unlimited Inc,(309) 783-2201,,,"21153 Co Rd 2, Smithfield, IL 61477, United States",21153 Co Rd 2,Smithfield,IL,61477,4.6,57,Auto repair shop,,,https://www.google.com/maps/place/Repair%27s+Unlimited+Inc/data=!4m7!3m6!1s0x87e037f84455090b:0x4c1fbce2ffc6eadf!8m2!3d40.4997225!4d-90.2906861!16s%2Fg%2F1tdn01bx!19sChIJCwlVRPg34IcR3-rG_-K8H0w?authuser=0&hl=en&rclk=1,auto repair shop,Henderson County,county,IL,2026-07-27T08:28:32,0x87e037f84455090b:0x4c1fbce2ffc6eadf
C.A.W. Auto Inc.,(815) 498-9944,https://locations.bumpertobumper.com/il/somonauk/155660/,,"102 Burlington St, Somonauk, IL 60552, United States",102 Burlington St,Somonauk,IL,60552,4.9,79,Auto repair shop,,,https://www.google.com/maps/place/C.A.W.+Auto+Inc./data=!4m7!3m6!1s0x880ec9081537fd5d:0x7e0bdd8cf775e955!8m2!3d41.6347091!4d-88.6830196!16s%2Fg%2F1v940nd9!19sChIJXf03FQjJDogRVel194zdC34?authuser=0&hl=en&rclk=1,auto repair shop,Kendall County,county,IL,2026-07-27T09:51:16,0x880ec9081537fd5d:0x7e0bdd8cf775e955
Meineke Car Care Center,(847) 531-4239,https://www.meineke.com/locations/il/south-elgin-2275/?utm_source=google&utm_medium=organic&utm_campaign=gbp_website,,"376 Sundown Rd, South Elgin, IL 60177, United States",376 Sundown Rd,South Elgin,IL,60177,4.3,1236,Auto repair shop,,,https://www.google.com/maps/place/Meineke+Car+Care+Center/data=!4m7!3m6!1s0x880f053b9fe6cadf:0x3d125501fce2f961!8m2!3d42.0044679!4d-88.2988705!16s%2Fg%2F11q84x1zjv!19sChIJ38rmnzsFD4gRYfni_AFVEj0?authuser=0&hl=en&rclk=1,auto repair shop,Elgin,city,IL,2026-07-27T15:43:59,0x880f053b9fe6cadf:0x3d125501fce2f961
"OKC Autobody, Inc.",(618) 443-6060,http://overkillcustominc.net/,,"1830 N Market St, Sparta, IL 62286, United States",1830 N Market St,Sparta,IL,62286,4.9,146,Auto body shop,,,"https://www.google.com/maps/place/OKC+Autobody,+Inc./data=!4m7!3m6!1s0x88764821a035b493:0xfd2651a2745eed90!8m2!3d38.1497201!4d-89.7029888!16s%2Fg%2F1v940tmb!19sChIJk7Q1oCFIdogRkO1edKJRJv0?authuser=0&hl=en&rclk=1",auto repair shop,Randolph County,county,IL,2026-07-27T12:53:05,0x88764821a035b493:0xfd2651a2745eed90
B & B AUTO CENTER INC,(815) 344-2630,https://bandbautocenter.com/,,"3000 US-12, Spring Grove, IL 60081, United States",3000 US-12,Spring Grove,IL,60081,4.5,133,Auto repair shop,,,https://www.google.com/maps/place/B+%26+B+AUTO+CENTER+INC/data=!4m7!3m6!1s0x880f7b186b21de45:0x2e10db003b9e13d!8m2!3d42.4375794!4d-88.2547879!16s%2Fg%2F11ks6bj7nt!19sChIJRd4haxh7D4gRPeG5A7AN4QI?authuser=0&hl=en&rclk=1,auto repair shop,McHenry County,county,IL,2026-07-27T10:47:47,0x880f7b186b21de45:0x2e10db003b9e13d
Biscocho Automotive Inc.,(815) 894-2691,,,"32931 US-6, Spring Valley, IL 61362, United States",32931 US-6,Spring Valley,IL,61362,4.3,18,Auto repair shop,,,https://www.google.com/maps/place/Biscocho+Automotive+Inc./data=!4m7!3m6!1s0x88062cc7a42d6a89:0x36158c339349abb5!8m2!3d41.3646677!4d-89.2198654!16s%2Fg%2F1tjtjvr5!19sChIJiWotpMcsBogRtatJkzOMFTY?authuser=0&hl=en&rclk=1,auto repair shop,LaSalle County,county,IL,2026-07-27T10:10:33,0x88062cc7a42d6a89:0x36158c339349abb5
Chino’s Auto Solutions LLC,,,,"219 E St Paul St Section B, Spring Valley, IL 61362, United States",219 E St Paul St Section B,Spring Valley,IL,61362,,,Mechanic,,,https://www.google.com/maps/place/Chino%E2%80%99s+Auto+Solutions+LLC/data=!4m7!3m6!1s0x88096361f4e377f9:0xd83dc9ceb4e87d05!8m2!3d41.32444!4d-89.1971165!16s%2Fg%2F11n3x1jl7r!19sChIJ-Xfj9GFjCYgRBX3otM7JPdg?authuser=0&hl=en&rclk=1,auto repair shop,LaSalle County,county,IL,2026-07-27T10:10:33,0x88096361f4e377f9:0xd83dc9ceb4e87d05
"Spring Valley Ford, Inc. Service",(815) 664-4512,https://www.valleyford.net/,,"2 Joseph Ruva Drive, Spring Valley, IL 61362, United States",2 Joseph Ruva Drive,Spring Valley,IL,61362,5.0,1,Auto repair shop,,,"https://www.google.com/maps/place/Spring+Valley+Ford,+Inc.+Service/data=!4m7!3m6!1s0x88096396ca4103bd:0x69f41ea91e431efd!8m2!3d41.3416868!4d-89.2195667!16s%2Fg%2F11ll6s97lh!19sChIJvQNBypZjCYgR_R5DHqke9Gk?authuser=0&hl=en&rclk=1",auto repair shop,Putnam County,county,IL,2026-07-27T12:48:15,0x88096396ca4103bd:0x69f41ea91e431efd
"A to Z Radiator & Air Conditioning, Inc.",(217) 525-2790,,,"2807 E Cook St Suite B, Springfield, IL 62703, United States",2807 E Cook St Suite B,Springfield,IL,62703,4.4,56,Auto radiator repair service,,,"https://www.google.com/maps/place/A+to+Z+Radiator+%26+Air+Conditioning,+Inc./data=!4m7!3m6!1s0x88753a3d68dbbc07:0x7decaaa312f35f37!8m2!3d39.7951104!4d-89.6141615!16s%2Fg%2F1td545g1!19sChIJB7zbaD06dYgRN1_zEqOq7H0?authuser=0&hl=en&rclk=1",auto repair shop,Springfield,city,IL,2026-07-27T15:34:48,0x88753a3d68dbbc07:0x7decaaa312f35f37
Firestone Complete Auto Care,(217) 717-9550,https://www.firestonecompleteautocare.com/illinois/springfield/407-s-6th-st/?utm_source=google&utm_medium=organic&utm_campaign=localmaps&cmp=oloc_google_localmaps_maps,,"407 S 6th St, Springfield, IL 62701, United States",407 S 6th St,Springfield,IL,62701,4.6,335,Tire shop,,,https://www.google.com/maps/place/Firestone+Complete+Auto+Care/data=!4m7!3m6!1s0x887539c0d74f8319:0xe87d5049b9b3c75c!8m2!3d39.7979186!4d-89.6484406!16s%2Fg%2F1tcv_51w!19sChIJGYNP18A5dYgRXMezuUlQfeg?authuser=0&hl=en&rclk=1,auto repair shop,Sangamon County,county,IL,2026-07-27T13:23:13,0x887539c0d74f8319:0xe87d5049b9b3c75c
Firestone Complete Auto Care,(217) 717-3468,https://www.firestonecompleteautocare.com/illinois/springfield/2700-s-macarthur-blvd/?utm_source=google&utm_medium=organic&utm_campaign=localmaps&cmp=oloc_google_localmaps_maps,,"2700 S MacArthur Blvd, Springfield, IL 62704, United States",2700 S MacArthur Blvd,Springfield,IL,62704,4.2,326,Tire shop,,,https://www.google.com/maps/place/Firestone+Complete+Auto+Care/data=!4m7!3m6!1s0x887538fbfd8fc8b3:0xac340bdfd1f96ce7!8m2!3d39.7698724!4d-89.6678267!16s%2Fg%2F1tdfcvxf!19sChIJs8iP_fs4dYgR52z50d8LNKw?authuser=0&hl=en&rclk=1,auto repair shop,Sangamon County,county,IL,2026-07-27T13:23:13,0x887538fbfd8fc8b3:0xac340bdfd1f96ce7
Floyd Imports Inc.,(217) 585-1214,https://floydimports.com/,,"2320 Prairie Crossing Dr, Springfield, IL 62711, United States",2320 Prairie Crossing Dr,Springfield,IL,62711,4.7,170,Auto repair shop,,,https://www.google.com/maps/place/Floyd+Imports+Inc./data=!4m7!3m6!1s0x8875396bb1cfb50d:0xc21183415fa34fcd!8m2!3d39.7360206!4d-89.6970535!16s%2Fg%2F1vppt8bx!19sChIJDbXPsWs5dYgRzU-jX0GDEcI?authuser=0&hl=en&rclk=1,auto repair shop,Mason County,county,IL,2026-07-27T11:35:42,0x8875396bb1cfb50d:0xc21183415fa34fcd
Goodyear Commercial Tire & Service Centers,(217) 528-5617,http://www.goodyearctsc.com/,,"430 N Dirksen Pkwy, Springfield, IL 62702, United States",430 N Dirksen Pkwy,Springfield,IL,62702,4.6,24,Tire shop,,,https://www.google.com/maps/place/Goodyear+Commercial+Tire+%26+Service+Centers/data=!4m7!3m6!1s0x88753a6d573043b1:0x80d7760bb183eccc!8m2!3d39.8060379!4d-89.6054382!16s%2Fg%2F11bc73g3lp!19sChIJsUMwV206dYgRzOyDsQt214A?authuser=0&hl=en&rclk=1,auto repair shop,Sangamon County,county,IL,2026-07-27T13:23:13,0x88753a6d573043b1:0x80d7760bb183eccc
JLR Automotive Inc,(217) 361-1966,,,"2403 S Grand Ave E, Springfield, IL 62703, United States",2403 S Grand Ave E,Springfield,IL,62703,4.3,30,Auto repair shop,,,https://www.google.com/maps/place/JLR+Automotive+Inc/data=!4m7!3m6!1s0x88753bd22c3fe4f7:0xf79a3f39e0c313db!8m2!3d39.7877076!4d-89.621597!16s%2Fg%2F11h6lr11t4!19sChIJ9-Q_LNI7dYgR2xPD4Dk_mvc?authuser=0&hl=en&rclk=1,auto repair shop,Sangamon County,county,IL,2026-07-27T13:23:13,0x88753bd22c3fe4f7:0xf79a3f39e0c313db
Jeremy's Auto Shop,,https://www.facebook.com/jeremys.auto.shop/,,"621 W Maple Ave S, Springfield, IL 62704, United States",621 W Maple Ave S,Springfield,IL,62704,4.5,26,Auto repair shop,,,https://www.google.com/maps/place/Jeremy%27s+Auto+Shop/data=!4m7!3m6!1s0x887538fd87efb131:0xc2cfc1d4bfb7e93a!8m2!3d39.7680579!4d-89.6625189!16s%2Fg%2F1tdgw49w!19sChIJMbHvh_04dYgROum3v9TBz8I?authuser=0&hl=en&rclk=1,auto repair shop,Mason County,county,IL,2026-07-27T11:35:42,0x887538fd87efb131:0xc2cfc1d4bfb7e93a
Jiffy Lube,(217) 744-8388,https://www.jiffylube.com/locations/il/springfield/908,,"2400 S MacArthur Blvd, Springfield, IL 62704, United States",2400 S MacArthur Blvd,Springfield,IL,62704,4.6,178,Oil change service,,,https://www.google.com/maps/place/Jiffy+Lube/data=!4m7!3m6!1s0x887538f8b68b35ad:0x528c40c06fa44e39!8m2!3d39.7739423!4d-89.6678569!16s%2Fg%2F1tfntrw1!19sChIJrTWLtvg4dYgROU6kb8BAjFI?authuser=0&hl=en&rclk=1,auto repair shop,Springfield,city,IL,2026-07-27T15:34:48,0x887538f8b68b35ad:0x528c40c06fa44e39
"Kim's Autobody, Inc.",(217) 522-8291,http://kimsab.com/,,"312 W North St, Springfield, IL 62704, United States",312 W North St,Springfield,IL,62704,4.8,497,Auto body shop,,,"https://www.google.com/maps/place/Kim%27s+Autobody,+Inc./data=!4m7!3m6!1s0x88753905d135e291:0x151f9f1e3c5eb414!8m2!3d39.7666737!4d-89.6594566!16s%2Fg%2F1pwfbq2gy!19sChIJkeI10QU5dYgRFLRePB6fHxU?authuser=0&hl=en&rclk=1",auto repair shop,Mason County,county,IL,2026-07-27T11:35:42,0x88753905d135e291:0x151f9f1e3c5eb414
Midas,(217) 610-8252,https://www.midas.com/store/il/springfield/2109-stevenson-drive-62703/?shopnum=2177&utm_source=google&utm_medium=organic&utm_campaign=gbp,,"2109 Adlai Stevenson Dr, Springfield, IL 62703, United States",2109 Adlai Stevenson Dr,Springfield,IL,62703,4.7,1025,Auto repair shop,,,https://www.google.com/maps/place/Midas/data=!4m7!3m6!1s0x88753961dbdd507d:0xa1203d7db52d6128!8m2!3d39.7582476!4d-89.6247761!16s%2Fg%2F1v6qjchr!19sChIJfVDd22E5dYgRKGEttX09IKE?authuser=0&hl=en&rclk=1,auto repair shop,Mason County,county,IL,2026-07-27T11:35:42,0x88753961dbdd507d:0xa1203d7db52d6128
"Phoenix Collision and Automotive Refinishing, Inc.",(217) 546-7227,http://www.phoenixcollision.com/,,"4047 W Jefferson St, Springfield, IL 62707, United States",4047 W Jefferson St,Springfield,IL,62707,4.9,232,Auto body shop,,,"https://www.google.com/maps/place/Phoenix+Collision+and+Automotive+Refinishing,+Inc./data=!4m7!3m6!1s0x88754879885b53b1:0x6aad1e6815c88b36!8m2!3d39.8224226!4d-89.7302584!16s%2Fg%2F1vs1smq5!19sChIJsVNbiHlIdYgRNovIFWgerWo?authuser=0&hl=en&rclk=1",auto repair shop,Sangamon County,county,IL,2026-07-27T13:23:13,0x88754879885b53b1:0x6aad1e6815c88b36
Schadow's Service,,,,"1530 S 10 1/2 St, Springfield, IL 62703, United States",1530 S 10 1/2 St,Springfield,IL,62703,3.5,4,Auto repair shop,,,https://www.google.com/maps/place/Schadow%27s+Service/data=!4m7!3m6!1s0x88753997857ffe19:0x12380b6b20637063!8m2!3d39.7853154!4d-89.6421024!16s%2Fg%2F1tfk55l5!19sChIJGf5_hZc5dYgRY3BjIGsLOBI?authuser=0&hl=en&rclk=1,auto repair shop,Sangamon County,county,IL,2026-07-27T13:23:13,0x88753997857ffe19:0x12380b6b20637063
Ace Auto Repair Inc,(815) 428-7156,,,"3159 IL-1, St Anne, IL 60964, United States",3159 IL-1,St Anne,IL,60964,4.8,28,Auto repair shop,,,https://www.google.com/maps/place/Ace+Auto+Repair+Inc/data=!4m7!3m6!1s0x880ded03ff3bcef5:0x468a833e812e3c68!8m2!3d40.9785118!4d-87.7325897!16s%2Fg%2F1twy_3v5!19sChIJ9c47_wPtDYgRaDwugT6DikY?authuser=0&hl=en&rclk=1,auto repair shop,Iroquois County,county,IL,2026-07-27T08:45:10,0x880ded03ff3bcef5:0x468a833e812e3c68
Aljets Automotive Inc,(618) 635-2576,https://www.aljetsautomotive.com/,,"1355 S Hackman St, Staunton, IL 62088, United States",1355 S Hackman St,Staunton,IL,62088,4.4,78,Car repair and maintenance service,,,https://www.google.com/maps/place/Aljets+Automotive+Inc/data=!4m7!3m6!1s0x8875933927db9853:0x75408a44482a7663!8m2!3d38.9998536!4d-89.8019361!16s%2Fg%2F1tgp1kdx!19sChIJU5jbJzmTdYgRY3YqSESKQHU?authuser=0&hl=en&rclk=1,auto repair shop,Macoupin County,county,IL,2026-07-27T11:12:39,0x8875933927db9853:0x75408a44482a7663
E & M Rail & Truck Inc,(618) 635-8772,,,"801 S Maple St, Staunton, IL 62088, United States",801 S Maple St,Staunton,IL,62088,,,Auto repair shop,,,https://www.google.com/maps/place/E+%26+M+Rail+%26+Truck+Inc/data=!4m7!3m6!1s0x8875935d2a6d37e7:0x4dbfa9daeb9d9ab7!8m2!3d39.0061028!4d-89.7852344!16s%2Fg%2F1tp280g0!19sChIJ5zdtKl2TdYgRt5qd69qpv00?authuser=0&hl=en&rclk=1,auto repair shop,Macoupin County,county,IL,2026-07-27T11:12:39,0x8875935d2a6d37e7:0x4dbfa9daeb9d9ab7
RPM's Auto Service Inc.,(708) 754-3000,http://www.rpmsauto.com/,,"34 E 34th Pl, Steger, IL 60475, United States",34 E 34th Pl,Steger,IL,60475,4.7,98,Car repair and maintenance service,,,https://www.google.com/maps/place/RPM%27s+Auto+Service+Inc./data=!4m7!3m6!1s0x880e1c74c91f2855:0x16f0b267665aaabb!8m2!3d41.4685359!4d-87.6339281!16s%2Fg%2F1w3w3m91!19sChIJVSgfyXQcDogRu6paZmey8BY?authuser=0&hl=en&rclk=1,auto repair shop,Livingston County,county,IL,2026-07-27T10:25:05,0x880e1c74c91f2855:0x16f0b267665aaabb
A & B Auto Body Supply Inc,(815) 625-1096,,,"707 W 4th St, Sterling, IL 61081, United States",707 W 4th St,Sterling,IL,61081,4.8,9,Auto repair shop,,,https://www.google.com/maps/place/A+%26+B+Auto+Body+Supply+Inc/data=!4m7!3m6!1s0x8809c825c13736df:0xb4c25ed560660f82!8m2!3d41.7893221!4d-89.7068315!16s%2Fg%2F1tflslmw!19sChIJ3zY3wSXICYgRgg9mYNVewrQ?authuser=0&hl=en&rclk=1,auto repair shop,Whiteside County,county,IL,2026-07-27T14:34:34,0x8809c825c13736df:0xb4c25ed560660f82
Midas,(815) 564-2197,https://www.midas.com/store/il/sterling/319-west-fourth-street-61081/?shopnum=2149&utm_source=google&utm_medium=organic&utm_campaign=gbp,,"319 W 4th St, Sterling, IL 61081, United States",319 W 4th St,Sterling,IL,61081,4.5,294,Auto repair shop,,,https://www.google.com/maps/place/Midas/data=!4m7!3m6!1s0x8809c827f50c4331:0x4f77cd1c2bef4cbe!8m2!3d41.7887764!4d-89.701335!16s%2Fg%2F1tfb741p!19sChIJMUMM9SfICYgRvkzvKxzNd08?authuser=0&hl=en&rclk=1,auto repair shop,Lee County,county,IL,2026-07-27T10:19:58,0x8809c827f50c4331:0x4f77cd1c2bef4cbe
Take 5 Oil Change,(815) 718-6851,https://www.take5.com/locations/oil-change/illinois/sterling/31485/?utm_source=google&utm_medium=organic&utm_campaign=gbp_website,,"4106 E Lincolnway, Sterling, IL 61081, United States",4106 E Lincolnway,Sterling,IL,61081,4.8,686,Oil change service,,,https://www.google.com/maps/place/Take+5+Oil+Change/data=!4m7!3m6!1s0x8809b73545d87c6b:0xba6f05173431c4db!8m2!3d41.8172001!4d-89.647537!16s%2Fg%2F11jsmgxt7c!19sChIJa3zYRTW3CYgR28QxNBcFb7o?authuser=0&hl=en&rclk=1,auto repair shop,Whiteside County,county,IL,2026-07-27T14:34:34,0x8809b73545d87c6b:0xba6f05173431c4db
Valvoline Express Care,(815) 626-2000,https://locations.expresscare.com/il/sterling/0000528566/?utm_source=Google&utm_medium=Maps&utm_campaign=Google+Places,,"2000 E Lincolnway, Sterling, IL 61081, United States",2000 E Lincolnway,Sterling,IL,61081,4.7,250,Oil change service,,,https://www.google.com/maps/place/Valvoline+Express+Care/data=!4m7!3m6!1s0x8809b655c6f5dd03:0xb0c7568cdd054f5!8m2!3d41.7993141!4d-89.6720334!16s%2Fg%2F11clsx1nrq!19sChIJA931xlW2CYgR9VTQzWh1DAs?authuser=0&hl=en&rclk=1,auto repair shop,Whiteside County,county,IL,2026-07-27T14:34:34,0x8809b655c6f5dd03:0xb0c7568cdd054f5
New Generation Auto Inc,(815) 238-4703,,,"1232 S Curtiss Rd, Stockton, IL 61085, United States",1232 S Curtiss Rd,Stockton,IL,61085,5.0,22,Car repair and maintenance service,,,https://www.google.com/maps/place/New+Generation+Auto+Inc/data=!4m7!3m6!1s0x88081d0ab2403ffb:0x717ff12e485d8e66!8m2!3d42.3558197!4d-89.9826431!16s%2Fg%2F11fx7wwbnz!19sChIJ-z9AsgodCIgRZo5dSC7xf3E?authuser=0&hl=en&rclk=1,auto repair shop,Jo Daviess County,county,IL,2026-07-27T09:24:14,0x88081d0ab2403ffb:0x717ff12e485d8e66
"Donahue Auto Repair, Inc.",(815) 672-3227,https://donahueautorepairinc.com/,,"702 E Main St, Streator, IL 61364, United States",702 E Main St,Streator,IL,61364,4.7,52,Auto repair shop,,,"https://www.google.com/maps/place/Donahue+Auto+Repair,+Inc./data=!4m7!3m6!1s0x880bf9d32418a6eb:0xad6adf2c0759e802!8m2!3d41.1212613!4d-88.8271355!16s%2Fg%2F1vc6d_06!19sChIJ66YYJNP5C4gRAuhZByzfaq0?authuser=0&hl=en&rclk=1",auto repair shop,Livingston County,county,IL,2026-07-27T10:25:05,0x880bf9d32418a6eb:0xad6adf2c0759e802
"Streator Tire And Repair, Inc.",(815) 672-2732,http://www.streatortireandrepair.com/,,"1205 W Main St, Streator, IL 61364, United States",1205 W Main St,Streator,IL,61364,4.6,62,Tire shop,,,"https://www.google.com/maps/place/Streator+Tire+And+Repair,+Inc./data=!4m7!3m6!1s0x880bf9e43ec4a1c3:0xc401ea74a19b3431!8m2!3d41.120579!4d-88.8514028!16s%2Fg%2F1thsrzbt!19sChIJw6HEPuT5C4gRMTSboXTqAcQ?authuser=0&hl=en&rclk=1",auto repair shop,Marshall County,county,IL,2026-07-27T11:28:49,0x880bf9e43ec4a1c3:0xc401ea74a19b3431
"Dugan's Auto Service, Inc",(630) 556-3755,https://www.dugansautoservice.com/,,"46W637 US-30, Sugar Grove, IL 60554, United States",46W637 US-30,Sugar Grove,IL,60554,4.8,49,Auto repair shop,,,"https://www.google.com/maps/place/Dugan%27s+Auto+Service,+Inc/data=!4m7!3m6!1s0x880ee64d76ecc2f5:0x470e13da0dd057f6!8m2!3d41.7641975!4d-88.5210622!16s%2Fg%2F1pzspnp2d!19sChIJ9cLsdk3mDogR9lfQDdoTDkc?authuser=0&hl=en&rclk=1",auto repair shop,Kane County,county,IL,2026-07-27T09:36:12,0x880ee64d76ecc2f5:0x470e13da0dd057f6
PW Auto Clinic Inc,(630) 466-9703,http://pwautoclinic.com/,,"110 IL-47, Sugar Grove, IL 60554, United States",110 IL-47,Sugar Grove,IL,60554,4.9,123,Auto repair shop,,,https://www.google.com/maps/place/PW+Auto+Clinic+Inc/data=!4m7!3m6!1s0x880ee77c497b75bd:0xc99b5acddf4cd22d!8m2!3d41.7613004!4d-88.4417763!16s%2Fg%2F11kjyhd27g!19sChIJvXV7SXznDogRLdJM381am8k?authuser=0&hl=en&rclk=1,auto repair shop,Kendall County,county,IL,2026-07-27T09:51:16,0x880ee77c497b75bd:0xc99b5acddf4cd22d
"Lazy 8 Body Shop, Inc",(618) 936-2922,http://www.lazyeight.com/,,"8331 E Il 250, Sumner, IL 62466, United States",8331 E Il 250,Sumner,IL,62466,4.7,58,Auto repair shop,,,"https://www.google.com/maps/place/Lazy+8+Body+Shop,+Inc/data=!4m7!3m6!1s0x887223c24fc04e45:0xab2a7f5caec733ef!8m2!3d38.731472!4d-87.9123001!16s%2Fg%2F1tf9n__1!19sChIJRU7AT8IjcogR7zPHrlx_Kqs?authuser=0&hl=en&rclk=1",auto repair shop,Lawrence County,county,IL,2026-07-27T10:13:20,0x887223c24fc04e45:0xab2a7f5caec733ef
Jiffy Lube Oil Change,(815) 895-5853,https://www.jiffylube.com/locations/il/sycamore/4001,,"491 S Peace Rd, Sycamore, IL 60178, United States",491 S Peace Rd,Sycamore,IL,60178,4.8,1290,Oil change service,,,https://www.google.com/maps/place/Jiffy+Lube+Oil+Change/data=!4m7!3m6!1s0x880f29a73bdc09d3:0xeabda4267c6d2e91!8m2!3d41.9870517!4d-88.7093901!16s%2Fg%2F11hrhdxrwq!19sChIJ0wncO6cpD4gRkS5tfCakveo?authuser=0&hl=en&rclk=1,auto repair shop,DeKalb County,county,IL,2026-07-24T15:19:40,0x880f29a73bdc09d3:0xeabda4267c6d2e91
Midas,(815) 981-4850,https://www.midas.com/store/il/sycamore/2820-dekalb-avenue-60178/?shopnum=2274&utm_source=google&utm_medium=organic&utm_campaign=gbp,,"2820 DeKalb Ave, Sycamore, IL 60178, United States",2820 DeKalb Ave,Sycamore,IL,60178,4.4,433,Auto repair shop,,,https://www.google.com/maps/place/Midas/data=!4m7!3m6!1s0x880f2bdb68f87e8d:0xfb88bb6c761d200d!8m2!3d41.9574665!4d-88.7206911!16s%2Fg%2F1tgm3f_l!19sChIJjX74aNsrD4gRDSAddmy7iPs?authuser=0&hl=en&rclk=1,auto repair shop,DeKalb County,county,IL,2026-07-24T15:19:40,0x880f2bdb68f87e8d:0xfb88bb6c761d200d
Take 5 Oil Change,(779) 759-5015,https://www.take5.com/locations/oil-change/illinois/sycamore/31482/?utm_source=google&utm_medium=organic&utm_campaign=gbp_website,,"1245 DeKalb Ave, Sycamore, IL 60178, United States",1245 DeKalb Ave,Sycamore,IL,60178,4.8,1088,Oil change service,,,https://www.google.com/maps/place/Take+5+Oil+Change/data=!4m7!3m6!1s0x880f29ba286b45b9:0x329adb51748eb15e!8m2!3d41.981722!4d-88.706241!16s%2Fg%2F11sgz9rw_p!19sChIJuUVrKLopD4gRXrGOdFHbmjI?authuser=0&hl=en&rclk=1,auto repair shop,DeKalb County,county,IL,2026-07-24T15:19:40,0x880f29ba286b45b9:0x329adb51748eb15e
"Think Driven, Inc",(815) 895-0055,http://www.thinkdriven.com/,,"121 N Maple St, Sycamore, IL 60178, United States",121 N Maple St,Sycamore,IL,60178,4.7,122,Auto repair shop,,,"https://www.google.com/maps/place/Think+Driven,+Inc/data=!4m7!3m6!1s0x880f2966324527c7:0xbba15278cab55607!8m2!3d41.9895629!4d-88.686164!16s%2Fg%2F11yhjxxgd!19sChIJxydFMmYpD4gRB1a1ynhSobs?authuser=0&hl=en&rclk=1",auto repair shop,DeKalb County,county,IL,2026-07-24T15:19:40,0x880f2966324527c7:0xbba15278cab55607
AP Quality Glass Inc.,(217) 829-2384,http://www.217glass.com/,,"120 S Spresser St, Taylorville, IL 62568, United States",120 S Spresser St,Taylorville,IL,62568,5.0,1,Auto glass shop,,,https://www.google.com/maps/place/AP+Quality+Glass+Inc./data=!4m7!3m6!1s0x8874e3f4568cb575:0xe690459b16545976!8m2!3d39.5509491!4d-89.3246597!16s%2Fg%2F1tqg128q!19sChIJdbWMVvTjdIgRdllUFptFkOY?authuser=0&hl=en&rclk=1,auto repair shop,Christian County,county,IL,2026-07-24T14:29:50,0x8874e3f4568cb575:0xe690459b16545976
Bob Ridings Ford Inc Service,(217) 824-2207,https://www.bobridings.com/,,"931 W Springfield Rd, Taylorville, IL 62568, United States",931 W Springfield Rd,Taylorville,IL,62568,4.2,5,Auto repair shop,,,https://www.google.com/maps/place/Bob+Ridings+Ford+Inc+Service/data=!4m7!3m6!1s0x8874e5d784c842cd:0x57b72da8ad34be42!8m2!3d39.5652648!4d-89.3063102!16s%2Fg%2F11qqd0rv7h!19sChIJzULIhNfldIgRQr40ragtt1c?authuser=0&hl=en&rclk=1,auto repair shop,Christian County,county,IL,2026-07-24T15:47:15,0x8874e5d784c842cd:0x57b72da8ad34be42
JACOBS AUTO SERVICE,,,,"2164 W Spresser St, Taylorville, IL 62568, United States",2164 W Spresser St,Taylorville,IL,62568,,,Auto repair shop,,,https://www.google.com/maps/place/JACOBS+AUTO+SERVICE/data=!4m7!3m6!1s0x8874e3f60f74f865:0xbd6947fee0f912c1!8m2!3d39.5521889!4d-89.3233534!16s%2Fg%2F11yb7rhhbz!19sChIJZfh0D_bjdIgRwRL54P5Hab0?authuser=0&hl=en&rclk=1,auto repair shop,Christian County,county,IL,2026-07-24T15:47:15,0x8874e3f60f74f865:0xbd6947fee0f912c1
JLS Performance & Repair LLC,,,,"2494 S Spresser St, Taylorville, IL 62568, United States",2494 S Spresser St,Taylorville,IL,62568,4.3,6,Auto repair shop,,,https://www.google.com/maps/place/JLS+Performance+%26+Repair+LLC/data=!4m7!3m6!1s0x8874e3003268e89b:0x9c4d3806fdfc67f1!8m2!3d39.525052!4d-89.324105!16s%2Fg%2F11y50kg6y5!19sChIJm-hoMgDjdIgR8Wf8_QY4TZw?authuser=0&hl=en&rclk=1,auto repair shop,Christian County,county,IL,2026-07-24T15:47:14,0x8874e3003268e89b:0x9c4d3806fdfc67f1
"Landmark of Taylorville, Inc.",(217) 824-2255,http://landmarkoftaylorville.com/,,"1531 W Springfield Rd, Taylorville, IL 62568, United States",1531 W Springfield Rd,Taylorville,IL,62568,4.2,260,Car dealer,,,"https://www.google.com/maps/place/Landmark+of+Taylorville,+Inc./data=!4m7!3m6!1s0x8874e0f655b05c57:0x51c72a139db9bb6!8m2!3d39.5706668!4d-89.3124714!16s%2Fg%2F1tdmwcgp!19sChIJV1ywVfbgdIgRtpvbOaFyHAU?authuser=0&hl=en&rclk=1",auto repair shop,Christian County,county,IL,2026-07-24T15:47:15,0x8874e0f655b05c57:0x51c72a139db9bb6
Pro Stitch Auto Inc,(217) 824-3228,,,"Pro stitch auto interiors anduphostery, IL-104, Taylorville, IL 62568, United States","Pro stitch auto interiors anduphostery, IL-104",Taylorville,IL,62568,4.2,11,Upholstery shop,,,https://www.google.com/maps/place/Pro+Stitch+Auto+Inc/data=!4m7!3m6!1s0x8874e3d5c2b45209:0x99cbe8e70a404349!8m2!3d39.566048!4d-89.356494!16s%2Fg%2F1tf666t5!19sChIJCVK0wtXjdIgRSUNACufoy5k?authuser=0&hl=en&rclk=1,auto repair shop,Christian County,county,IL,2026-07-24T15:47:15,0x8874e3d5c2b45209:0x99cbe8e70a404349
Sew Time,,,,"2120 W Spresser St, Taylorville, IL 62568, United States",2120 W Spresser St,Taylorville,IL,62568,,,Auto repair shop,,,https://www.google.com/maps/place/Sew+Time/data=!4m7!3m6!1s0x8874e3e3fe1401f1:0x68c77288c0e9ccf6!8m2!3d39.552223!4d-89.3232002!16s%2Fg%2F11k3qd7l2x!19sChIJ8QEU_uPjdIgR9szpwIhyx2g?authuser=0&hl=en&rclk=1,auto repair shop,Christian County,county,IL,2026-07-24T15:47:15,0x8874e3e3fe1401f1:0x68c77288c0e9ccf6
Walmart Auto Care Center,(217) 287-2625,https://www.walmart.com/store/343-taylorville-il/auto-care-center/?veh=seo_loc,,"1530 W Springfield Rd, Taylorville, IL 62568, United States",1530 W Springfield Rd,Taylorville,IL,62568,3.8,72,Oil change service,,,https://www.google.com/maps/place/Walmart+Auto+Care+Center/data=!4m7!3m6!1s0x8874e6a8565f9b71:0x3b7388aa872ef7ef!8m2!3d39.5692718!4d-89.3148373!16s%2Fg%2F11xd3sv63!19sChIJcZtfVqjmdIgR7_cuh6qIczs?authuser=0&hl=en&rclk=1,auto repair shop,Christian County,county,IL,2026-07-24T15:47:15,0x8874e6a8565f9b71:0x3b7388aa872ef7ef
"Sir Thomas Automotive Repair, Inc.",(812) 234-6900,https://yourcarsfixed.com/,,"919 W Springhill Dr, Terre Haute, IN 47802, United States",919 W Springhill Dr,Terre Haute,IN,47802,4.7,193,Auto repair shop,,,"https://www.google.com/maps/place/Sir+Thomas+Automotive+Repair,+Inc./data=!4m7!3m6!1s0x886d7ba9266d6f19:0xfd47fd0ac49f5c65!8m2!3d39.4126272!4d-87.4318614!16s%2Fg%2F1tfbtmpd!19sChIJGW9tJql7bYgRZVyfxAr9R_0?authuser=0&hl=en&rclk=1",auto repair shop,Clark County,county,IL,2026-07-24T15:56:49,0x886d7ba9266d6f19:0xfd47fd0ac49f5c65
"Dale's Diesel Service, Inc.",(217) 857-3196,http://dalesdieselservice.com/,,"1608 W Main St, Teutopolis, IL 62467, United States",1608 W Main St,Teutopolis,IL,62467,4.5,72,Truck repair shop,,,"https://www.google.com/maps/place/Dale%27s+Diesel+Service,+Inc./data=!4m7!3m6!1s0x8873979422a8a2e1:0x6065e53b3f90925!8m2!3d39.1273803!4d-88.502716!16s%2Fg%2F1thd2k68!19sChIJ4aKoIpSXc4gRJQn5s1NeBgY?authuser=0&hl=en&rclk=1",auto repair shop,Shelby County,county,IL,2026-07-27T13:36:32,0x8873979422a8a2e1:0x6065e53b3f90925
Sia Electronics Inc,(618) 587-3308,http://www.siaelec.com/,,"730 N Minnie Ave, Tilden, IL 62292, United States",730 N Minnie Ave,Tilden,IL,62292,3.4,436,Auto electrical service,,,https://www.google.com/maps/place/Sia+Electronics+Inc/data=!4m7!3m6!1s0x88764741b54b5be9:0x7ccbf54a2dfaf745!8m2!3d38.2118555!4d-89.6837246!16s%2Fg%2F1wyc52bz!19sChIJ6VtLtUFHdogRRff6LUr1y3w?authuser=0&hl=en&rclk=1,auto repair shop,Perry County,county,IL,2026-07-27T12:26:36,0x88764741b54b5be9:0x7ccbf54a2dfaf745
Toyota of Danville Service Department,,https://www.toyotaofdanville.com/,,"2106 Georgetown Rd, Tilton, IL 61833, United States",2106 Georgetown Rd,Tilton,IL,61833,4.2,5,Auto repair shop,,,https://www.google.com/maps/place/Toyota+of+Danville+Service+Department/data=!4m7!3m6!1s0x880d50de78ef65f1:0x6af51166680dfdac!8m2!3d40.0852816!4d-87.6364136!16s%2Fg%2F11gbfg1x1v!19sChIJ8WXveN5QDYgRrP0NaGYR9Wo?authuser=0&hl=en&rclk=1,auto repair shop,Vermilion County,county,IL,2026-07-27T14:01:47,0x880d50de78ef65f1:0x6af51166680dfdac
A & B Auto Body Inc,(618) 667-9606,https://aandbautobody.com/,,"811 Industrial Dr, Troy, IL 62294, United States",811 Industrial Dr,Troy,IL,62294,4.9,62,Auto body shop,,,https://www.google.com/maps/place/A+%26+B+Auto+Body+Inc/data=!4m7!3m6!1s0x8875fc8ae6a4f4bb:0xcd8de9999199ba35!8m2!3d38.7172632!4d-89.8863164!16s%2Fg%2F1td265q0!19sChIJu_Sk5or8dYgRNbqZkZnpjc0?authuser=0&hl=en&rclk=1,auto repair shop,Montgomery County,county,IL,2026-07-27T11:57:03,0x8875fc8ae6a4f4bb:0xcd8de9999199ba35
Meineke Car Care Center,(618) 505-1024,https://www.meineke.com/locations/il/troy-2176/?utm_source=google&utm_medium=organic&utm_campaign=gbp_website,,"311 Jarvis Ct, Troy, IL 62294, United States",311 Jarvis Ct,Troy,IL,62294,4.4,574,Auto repair shop,,,https://www.google.com/maps/place/Meineke+Car+Care+Center/data=!4m7!3m6!1s0x8875fc9a7b1f7a87:0xd3bf8c8f97cc2097!8m2!3d38.731344!4d-89.8873727!16s%2Fg%2F11bbrj3pvq!19sChIJh3ofe5r8dYgRlyDMl4-Mv9M?authuser=0&hl=en&rclk=1,auto repair shop,Montgomery County,county,IL,2026-07-27T11:57:03,0x8875fc9a7b1f7a87:0xd3bf8c8f97cc2097
Valvoline Express Care,(618) 667-3040,https://www.valvoline-expresscare.com/troyil?utm_source=Google&utm_medium=Maps&utm_campaign=Google+Places,,"601 Edwardsville Rd, Troy, IL 62294, United States",601 Edwardsville Rd,Troy,IL,62294,5.0,894,Oil change service,,,https://www.google.com/maps/place/Valvoline+Express+Care/data=!4m7!3m6!1s0x8875fdc5c39ed431:0xd0ed176a7b9caae1!8m2!3d38.7325408!4d-89.8986152!16s%2Fg%2F11s9jxrx2_!19sChIJMdSew8X9dYgR4aqce2oX7dA?authuser=0&hl=en&rclk=1,auto repair shop,Madison County,county,IL,2026-07-27T11:20:10,0x8875fdc5c39ed431:0xd0ed176a7b9caae1
Cheeko's Inc.,(618) 845-3400,,,"233 Cheekwood Ln, Ullin, IL 62992, United States",233 Cheekwood Ln,Ullin,IL,62992,4.4,13,Truck repair shop,,,https://www.google.com/maps/place/Cheeko%27s+Inc./data=!4m7!3m6!1s0x8879df384a9ab71f:0x6b4f58ae72b1a675!8m2!3d37.2703752!4d-89.1598252!16s%2Fg%2F11bwr25zxs!19sChIJH7eaSjjfeYgRdaaxcq5YT2s?authuser=0&hl=en&rclk=1,auto repair shop,Pulaski County,county,IL,2026-07-27T12:40:53,0x8879df384a9ab71f:0x6b4f58ae72b1a675
Backwoods Automotive,,,,"1207 E Perkins Rd, Urbana, IL 61802, United States",1207 E Perkins Rd,Urbana,IL,61802,4.5,37,Car repair and maintenance service,,,https://www.google.com/maps/place/Backwoods+Automotive/data=!4m7!3m6!1s0x880cd7893a468427:0xaa1b0d5b441acb77!8m2!3d40.1271649!4d-88.1944124!16s%2Fg%2F11c6m3d0q7!19sChIJJ4RGOonXDIgRd8saRFsNG6o?authuser=0&hl=en&rclk=1,auto repair shop,Champaign County,county,IL,2026-07-24T14:17:35,0x880cd7893a468427:0xaa1b0d5b441acb77
Midas,(217) 318-0219,https://www.midas.com/store/il/urbana/304-west-university-61801/?shopnum=2148&utm_source=google&utm_medium=organic&utm_campaign=gbp,,"304 W University Ave, Urbana, IL 61801, United States",304 W University Ave,Urbana,IL,61801,4.1,301,Auto repair shop,,,https://www.google.com/maps/place/Midas/data=!4m7!3m6!1s0x880cd7769aa9b163:0x292e5387d722c667!8m2!3d40.1168227!4d-88.2102708!16s%2Fg%2F1tfbtgcc!19sChIJY7GpmnbXDIgRZ8Yi14dTLik?authuser=0&hl=en&rclk=1,auto repair shop,Champaign County,county,IL,2026-07-17T17:23:06,0x880cd7769aa9b163:0x292e5387d722c667
PDR Automotive Inc.,(217) 367-9481,http://pdrauto.com/,,"1008 N Cunningham Ave, Urbana, IL 61802, United States",1008 N Cunningham Ave,Urbana,IL,61802,4.4,276,Auto repair shop,,,https://www.google.com/maps/place/PDR+Automotive+Inc./data=!4m7!3m6!1s0x880cd78493ec257d:0xedb4bf4517c7f3b2!8m2!3d40.1228325!4d-88.2011293!16s%2Fg%2F1tkb5pg8!19sChIJfSXsk4TXDIgRsvPHF0W_tO0?authuser=0&hl=en&rclk=1,auto repair shop,Champaign County,county,IL,2026-07-24T14:17:35,0x880cd78493ec257d:0xedb4bf4517c7f3b2
Specialized Automotive Inc.,(217) 496-7003,http://www.specializedautomotiveinc.com/,,"302 E Anthony Dr, Urbana, IL 61802, United States",302 E Anthony Dr,Urbana,IL,61802,4.9,71,Auto repair shop,,,https://www.google.com/maps/place/Specialized+Automotive+Inc./data=!4m7!3m6!1s0x880cd06bbd64b8b1:0x5b1bc5ec7cf19b55!8m2!3d40.1357941!4d-88.2052351!16s%2Fg%2F1vyn4fkb!19sChIJsbhkvWvQDIgRVZvxfOzFG1s?authuser=0&hl=en&rclk=1,auto repair shop,Champaign County,county,IL,2026-07-24T14:17:35,0x880cd06bbd64b8b1:0x5b1bc5ec7cf19b55
"Andy's Auto Body Collision Repair, Inc.",(618) 431-2226,http://www.andys-autobody.com/,,"2703 Veterans Ave, Vandalia, IL 62471, United States",2703 Veterans Ave,Vandalia,IL,62471,4.8,41,Auto repair shop,,,"https://www.google.com/maps/place/Andy%27s+Auto+Body+Collision+Repair,+Inc./data=!4m7!3m6!1s0x88743fbe11b5bbd9:0x99d0d72af3428cdd!8m2!3d38.9709638!4d-89.1282374!16s%2Fg%2F11h0b1_sck!19sChIJ2bu1Eb4_dIgR3YxC8yrX0Jk?authuser=0&hl=en&rclk=1",auto repair shop,Montgomery County,county,IL,2026-07-27T11:57:03,0x88743fbe11b5bbd9:0x99d0d72af3428cdd
Quality Diesel Service Inc.,(618) 283-4000,http://qualitydieselserviceinc.com/,,"695 W Janette Dr, Vandalia, IL 62471, United States",695 W Janette Dr,Vandalia,IL,62471,4.7,24,Auto repair shop,,,https://www.google.com/maps/place/Quality+Diesel+Service+Inc./data=!4m7!3m6!1s0x88743ff7f9f33635:0xb6c89fe814892c64!8m2!3d38.9819601!4d-89.0987449!16s%2Fg%2F1tgnbc7x!19sChIJNTbz-fc_dIgRZCyJFOifyLY?authuser=0&hl=en&rclk=1,auto repair shop,Fayette County,county,IL,2026-07-24T15:57:25,0x88743ff7f9f33635:0xb6c89fe814892c64
Pryor's discount tire and auto repair,(618) 367-6293,https://www.pryorsdiscounttireandautorepair.com/,,"2366 Tank Farm Rd, Vernon, IL 62892, United States",2366 Tank Farm Rd,Vernon,IL,62892,5.0,18,Auto repair shop,,,https://www.google.com/maps/place/Pryor%27s+discount+tire+and+auto+repair/data=!4m7!3m6!1s0x8874180f031a6b53:0xc5aa67a1556c46e9!8m2!3d38.7933766!4d-89.0333559!16s%2Fg%2F11fy4gj3c8!19sChIJU2saAw8YdIgR6UZsVaFnqsU?authuser=0&hl=en&rclk=1,auto repair shop,Marion County,county,IL,2026-07-27T11:24:35,0x8874180f031a6b53:0xc5aa67a1556c46e9
"Bob Harper Ford, Inc. Service",(618) 658-9218,https://www.ford.com/?,,"323 E Vine St, Vienna, IL 62995, United States",323 E Vine St,Vienna,IL,62995,4.0,1,Auto repair shop,,,"https://www.google.com/maps/place/Bob+Harper+Ford,+Inc.+Service/data=!4m7!3m6!1s0x88775122e44c4e47:0xa7425d559c1f3d61!8m2!3d37.4190833!4d-88.8813078!16s%2Fg%2F11llrs18bq!19sChIJR05M5CJRd4gRYT0fnFVdQqc?authuser=0&hl=en&rclk=1",auto repair shop,Massac County,county,IL,2026-07-27T11:45:04,0x88775122e44c4e47:0xa7425d559c1f3d61
The Wreck Room Inc,(630) 530-2166,http://www.thewreckroom.com/,,"207 W St Charles Rd, Villa Park, IL 60181, United States",207 W St Charles Rd,Villa Park,IL,60181,4.9,193,Auto body shop,,,https://www.google.com/maps/place/The+Wreck+Room+Inc/data=!4m7!3m6!1s0x880e4d3b03c5123f:0xadaa956dac7fd940!8m2!3d41.8894189!4d-87.984573!16s%2Fg%2F1ttq2prv!19sChIJPxLFAztNDogRQNl_rG2Vqq0?authuser=0&hl=en&rclk=1,auto repair shop,Bond County,county,IL,2026-07-24T15:03:51,0x880e4d3b03c5123f:0xadaa956dac7fd940
"Andrews Tire & Service, INC",(217) 452-3824,http://www.andrewstireil.com/,,"101 N Main St, Virginia, IL 62691, United States",101 N Main St,Virginia,IL,62691,4.4,42,Auto repair shop,,,"https://www.google.com/maps/place/Andrews+Tire+%26+Service,+INC/data=!4m7!3m6!1s0x87dfe239fb3cb333:0xb19fdc09f33b2b58!8m2!3d39.9509283!4d-90.209777!16s%2Fg%2F11cmbmsntb!19sChIJM7M8-zni34cRWCs78wncn7E?authuser=0&hl=en&rclk=1",auto repair shop,Mason County,county,IL,2026-07-27T11:35:42,0x87dfe239fb3cb333:0xb19fdc09f33b2b58
"SCOTTYS AUTO PARTS, Inc",(217) 452-3081,http://scottysautoparts.com/,,"18561 Knight Rd, Virginia, IL 62691, United States",18561 Knight Rd,Virginia,IL,62691,4.9,33,Auto parts store,,,"https://www.google.com/maps/place/SCOTTYS+AUTO+PARTS,+Inc/data=!4m7!3m6!1s0x87dfe1712b3f5593:0xc7ee585b8fd87a85!8m2!3d39.9173507!4d-90.2332687!16s%2Fg%2F11lrp3f2nj!19sChIJk1U_K3Hh34cRhXrYj1tY7sc?authuser=0&hl=en&rclk=1",auto repair shop,Cass County,county,IL,2026-07-24T14:11:31,0x87dfe1712b3f5593:0xc7ee585b8fd87a85
PW Auto Clinic Inc,(630) 393-9493,http://pwautoclinic.com/,,"29W573 Batavia Rd, Warrenville, IL 60555, United States",29W573 Batavia Rd,Warrenville,IL,60555,5.0,235,Auto repair shop,,,https://www.google.com/maps/place/PW+Auto+Clinic+Inc/data=!4m7!3m6!1s0x880eff2dd15ea4b3:0xe2764726e4bfd8a6!8m2!3d41.8309286!4d-88.1995901!16s%2Fg%2F1td65xm6!19sChIJs6Re0S3_DogRpti_5CZHduI?authuser=0&hl=en&rclk=1,auto repair shop,DuPage County,county,IL,2026-07-17T18:56:31,0x880eff2dd15ea4b3:0xe2764726e4bfd8a6
"Voegtles Auto Service, Inc.",(630) 393-1436,https://www.voegtlesautoservice.com/,,"28 W, 224 Warrenville Rd, Warrenville, IL 60555, United States","28 W, 224 Warrenville Rd",Warrenville,IL,60555,4.7,149,Auto repair shop,,,"https://www.google.com/maps/place/Voegtles+Auto+Service,+Inc./data=!4m7!3m6!1s0x880ef8a8e79410ad:0xa05b58754aced99f!8m2!3d41.8177726!4d-88.1717228!16s%2Fg%2F1tfsnlcn!19sChIJrRCU56j4DogRn9nOSnVYW6A?authuser=0&hl=en&rclk=1",auto repair shop,Kendall County,county,IL,2026-07-27T09:51:16,0x880ef8a8e79410ad:0xa05b58754aced99f
Schwarze Trailer Repair Inc,(618) 939-7728,http://www.schwarzetrailerrepair.com/,,"5925 IL-3, Waterloo, IL 62298, United States",5925 IL-3,Waterloo,IL,62298,4.7,31,Truck repair shop,,,https://www.google.com/maps/place/Schwarze+Trailer+Repair+Inc/data=!4m7!3m6!1s0x87d8984f09618b5b:0x635f6feffc634829!8m2!3d38.2818465!4d-90.1225292!16s%2Fg%2F11b8zzws6_!19sChIJW4thCU-Y2IcRKUhj_O9vX2M?authuser=0&hl=en&rclk=1,auto repair shop,Monroe County,county,IL,2026-07-27T11:52:47,0x87d8984f09618b5b:0x635f6feffc634829
Shelby's Automotive Repair Inc,(618) 939-7316,http://www.shelbysautomotiverepair.com/,,"600 S Market St, Waterloo, IL 62298, United States",600 S Market St,Waterloo,IL,62298,4.9,62,Auto repair shop,,,https://www.google.com/maps/place/Shelby%27s+Automotive+Repair+Inc/data=!4m7!3m6!1s0x87d8a2b30b958831:0xa15145d6be658e0!8m2!3d38.330737!4d-90.147378!16s%2Fg%2F1q6b7ptc6!19sChIJMYiVC7Oi2IcR4Fjma10UFQo?authuser=0&hl=en&rclk=1,auto repair shop,Monroe County,county,IL,2026-07-27T11:52:47,0x87d8a2b30b958831:0xa15145d6be658e0
Walmart Auto Care Center,(618) 939-3433,https://www.walmart.com/store/328-waterloo-il/auto-care-center/?veh=seo_loc,,"961 N Market St, Waterloo, IL 62298, United States",961 N Market St,Waterloo,IL,62298,4.1,44,Oil change service,,,https://www.google.com/maps/place/Walmart+Auto+Care+Center/data=!4m7!3m6!1s0x87d8bcd7d94c584b:0x614f3605a3ece0eb!8m2!3d38.3592653!4d-90.1582843!16s%2Fg%2F113f9szp_!19sChIJS1hM2de82IcR6-DsowU2T2E?authuser=0&hl=en&rclk=1,auto repair shop,Monroe County,county,IL,2026-07-27T11:52:47,0x87d8bcd7d94c584b:0x614f3605a3ece0eb
Wheat's Auto Body Inc,(618) 939-6647,https://whtsauto.com/,,"3480 Ahne Rd, Waterloo, IL 62298, United States",3480 Ahne Rd,Waterloo,IL,62298,4.7,14,Auto body shop,,,https://www.google.com/maps/place/Wheat%27s+Auto+Body+Inc/data=!4m7!3m6!1s0x87d8967761b862bd:0x707a860eb5a04f1e!8m2!3d38.2842029!4d-90.2210448!16s%2Fg%2F1tk6wfy6!19sChIJvWK4YXeW2IcRHk-gtQ6GenA?authuser=0&hl=en&rclk=1,auto repair shop,Monroe County,county,IL,2026-07-27T11:52:47,0x87d8967761b862bd:0x707a860eb5a04f1e
"H & H Repair, Inc.",(815) 432-2621,,,"2040 E 2400 North Rd, Watseka, IL 60970, United States",2040 E 2400 North Rd,Watseka,IL,60970,4.4,28,Auto repair shop,,,"https://www.google.com/maps/place/H+%26+H+Repair,+Inc./data=!4m7!3m6!1s0x880d922eb3815439:0x2e1790ecca344573!8m2!3d40.8607523!4d-87.7415124!16s%2Fg%2F11b6gg3bj8!19sChIJOVSBsy6SDYgRc0U0yuyQFy4?authuser=0&hl=en&rclk=1",auto repair shop,Iroquois County,county,IL,2026-07-27T08:45:10,0x880d922eb3815439:0x2e1790ecca344573
Mike's Service Center and Car Wash Inc.,(815) 432-4128,http://www.mikeswatseka.com/,,"1008 E Walnut St, Watseka, IL 60970, United States",1008 E Walnut St,Watseka,IL,60970,4.4,93,Auto repair shop,,,https://www.google.com/maps/place/Mike%27s+Service+Center+and+Car+Wash+Inc./data=!4m7!3m6!1s0x880d900a22d45d7d:0x59392e5c014c6790!8m2!3d40.7759908!4d-87.7135851!16s%2Fg%2F1w0j4s3z!19sChIJfV3UIgqQDYgRkGdMAVwuOVk?authuser=0&hl=en&rclk=1,auto repair shop,Iroquois County,county,IL,2026-07-27T08:45:10,0x880d900a22d45d7d:0x59392e5c014c6790
Bob's Garage Inc.,(847) 662-2555,https://www.bobsgarageinc.net/,,"35770 N Green Bay Rd, Waukegan, IL 60085, United States",35770 N Green Bay Rd,Waukegan,IL,60085,4.6,130,Auto repair shop,,,https://www.google.com/maps/place/Bob%27s+Garage+Inc./data=!4m7!3m6!1s0x880f8d64d4f44c75:0x172d4aad4dcc6cc5!8m2!3d42.381567!4d-87.884341!16s%2Fg%2F1tmg7479!19sChIJdUz01GSND4gRxWzMTa1KLRc?authuser=0&hl=en&rclk=1,auto repair shop,Lake County,county,IL,2026-07-27T09:59:24,0x880f8d64d4f44c75:0x172d4aad4dcc6cc5
Harry's Farm Tires Inc,(815) 853-4168,https://www.harrysfarmtire.com/locations.html,,"108 W 1st St N, Wenona, IL 61377, United States",108 W 1st St N,Wenona,IL,61377,4.6,27,Tire shop,,,https://www.google.com/maps/place/Harry%27s+Farm+Tires+Inc/data=!4m7!3m6!1s0x880be9736b55cfff:0x9d1804fd334c5cc!8m2!3d41.0540103!4d-89.0510807!16s%2Fg%2F1vq9mw6x!19sChIJ_89Va3PpC4gRzMU000-A0Qk?authuser=0&hl=en&rclk=1,auto repair shop,Marshall County,county,IL,2026-07-27T11:28:49,0x880be9736b55cfff:0x9d1804fd334c5cc
"Gandy's Body Shop, Inc.",(618) 932-6979,https://gandysbodyshop.com/,,"14020 Gossett Rd, West Frankfort, IL 62896, United States",14020 Gossett Rd,West Frankfort,IL,62896,4.9,65,Auto body shop,,,"https://www.google.com/maps/place/Gandy%27s+Body+Shop,+Inc./data=!4m7!3m6!1s0x88772905191319e5:0xab129c4294cc51c8!8m2!3d37.9216614!4d-88.8957317!16s%2Fg%2F1vlqqzcc!19sChIJ5RkTGQUpd4gRyFHMlEKcEqs?authuser=0&hl=en&rclk=1",auto repair shop,Johnson County,county,IL,2026-07-27T09:31:18,0x88772905191319e5:0xab129c4294cc51c8
WF Hammers Tire Inc,(618) 937-9035,,,"601 N Logan St, West Frankfort, IL 62896, United States",601 N Logan St,West Frankfort,IL,62896,4.6,321,Tire shop,,,https://www.google.com/maps/place/WF+Hammers+Tire+Inc/data=!4m7!3m6!1s0x887728b70ba561af:0x632e46b8f8b8beb6!8m2!3d37.904159!4d-88.932124!16s%2Fg%2F11bw1_8q4l!19sChIJr2GlC7cod4gRtr64-LhGLmM?authuser=0&hl=en&rclk=1,auto repair shop,Johnson County,county,IL,2026-07-27T09:31:18,0x887728b70ba561af:0x632e46b8f8b8beb6
Holtkamp Automotive Repair Inc,(319) 837-8400,,,"700 Ave D, West Point, IA 52656, United States",700 Ave D,West Point,IA,52656,4.8,16,Auto repair shop,,,https://www.google.com/maps/place/Holtkamp+Automotive+Repair+Inc/data=!4m7!3m6!1s0x87e6dc058b7212f7:0x37af6fc9efd4d961!8m2!3d40.716921!4d-91.4494981!16s%2Fg%2F1tgh836s!19sChIJ9xJyiwXc5ocRYdnU78lvrzc?authuser=0&hl=en&rclk=1,auto repair shop,Hancock County,county,IL,2026-07-27T08:20:46,0x87e6dc058b7212f7:0x37af6fc9efd4d961
"Village Automotive & Customs, Inc.",(630) 241-0404,http://www.villageautomotivewestmont.com/,,"38 W Naperville Rd, Westmont, IL 60559, United States",38 W Naperville Rd,Westmont,IL,60559,4.8,90,Auto repair shop,,,"https://www.google.com/maps/place/Village+Automotive+%26+Customs,+Inc./data=!4m7!3m6!1s0x880e4e5dfca9f4bd:0xc518510afd5fb79c!8m2!3d41.802072!4d-87.977927!16s%2Fg%2F1tnpllh7!19sChIJvfSp_F1ODogRnLdf_QpRGMU?authuser=0&hl=en&rclk=1",auto repair shop,DuPage County,county,IL,2026-07-24T15:31:44,0x880e4e5dfca9f4bd:0xc518510afd5fb79c
TJ Auto Repair Ltd,(630) 668-8686,https://tjautowheaton.com/,,"601 S Carlton Ave, Wheaton, IL 60187, United States",601 S Carlton Ave,Wheaton,IL,60187,4.8,102,Auto repair shop,,,https://www.google.com/maps/place/TJ+Auto+Repair+Ltd/data=!4m7!3m6!1s0x880e545960321b11:0xf6dbc9a4d54222bd!8m2!3d41.8596231!4d-88.116004!16s%2Fg%2F1tf60wjw!19sChIJERsyYFlUDogRvSJC1aTJ2_Y?authuser=0&hl=en&rclk=1,auto repair shop,DuPage County,county,IL,2026-07-24T15:31:44,0x880e545960321b11:0xf6dbc9a4d54222bd
Auto Care Center,,,,"518 Tunison Ave, White Hall, IL 62092, United States",518 Tunison Ave,White Hall,IL,62092,,,Auto repair shop,,,https://www.google.com/maps/place/Auto+Care+Center/data=!4m7!3m6!1s0x87dfa44256493977:0xd0fcba832fe8d64a!8m2!3d39.4313129!4d-90.3956098!16s%2Fg%2F11wvpb09gv!19sChIJdzlJVkKk34cRStboL4O6_NA?authuser=0&hl=en&rclk=1,auto repair shop,Greene County,county,IL,2026-07-27T07:54:10,0x87dfa44256493977:0xd0fcba832fe8d64a
Keith's auto repair,,,,"365 S Israel St, White Hall, IL 62092, United States",365 S Israel St,White Hall,IL,62092,5.0,1,Auto repair shop,,,https://www.google.com/maps/place/Keith%27s+auto+repair/data=!4m7!3m6!1s0x87dfa5e75d2c9db9:0x6e0ab88e18159aef!8m2!3d39.4311491!4d-90.3955195!16s%2Fg%2F11vf8znkd6!19sChIJuZ0sXeel34cR75oVGI64Cm4?authuser=0&hl=en&rclk=1,auto repair shop,Greene County,county,IL,2026-07-27T07:54:10,0x87dfa5e75d2c9db9:0x6e0ab88e18159aef
Tri-County FS Inc,(217) 374-2151,https://www.tricountyfs.com/Our-Locations,,"301 N 3rd Ave, White Hall, IL 62092, United States",301 N 3rd Ave,White Hall,IL,62092,4.3,19,Tire shop,,,https://www.google.com/maps/place/Tri-County+FS+Inc/data=!4m7!3m6!1s0x87dfa4f65f5022ff:0xa994402c2bbfff4!8m2!3d39.446768!4d-90.3983836!16s%2Fg%2F1tj4hlm6!19sChIJ_yJQX_ak34cR9P-7wgJEmQo?authuser=0&hl=en&rclk=1,auto repair shop,Scott County,county,IL,2026-07-27T13:31:14,0x87dfa4f65f5022ff:0xa994402c2bbfff4
Fast Trax Auto Inc. & Exhaust,(815) 476-6680,,,"620 Davy Ln, Wilmington, IL 60481, United States",620 Davy Ln,Wilmington,IL,60481,4.6,24,Auto repair shop,,,https://www.google.com/maps/place/Fast+Trax+Auto+Inc.+%26+Exhaust/data=!4m7!3m6!1s0x880e7e2d0ea12371:0x9ecf2b9df6cc865b!8m2!3d41.307245!4d-88.1603838!16s%2Fg%2F1thsrznf!19sChIJcSOhDi1-DogRW4bM9p0rz54?authuser=0&hl=en&rclk=1,auto repair shop,Grundy County,county,IL,2026-07-27T08:01:41,0x880e7e2d0ea12371:0x9ecf2b9df6cc865b
Moonshine's Garage,,,,"467 Davy Ln, Wilmington, IL 60481, United States",467 Davy Ln,Wilmington,IL,60481,5.0,1,Auto body shop,,,https://www.google.com/maps/place/Moonshine%27s+Garage/data=!4m7!3m6!1s0x880e7f6617896419:0xbcc72bf4d994853d!8m2!3d41.3080383!4d-88.157765!16s%2Fg%2F11k57zzfvt!19sChIJGWSJF2Z_DogRPYWU2fQrx7w?authuser=0&hl=en&rclk=1,auto repair shop,Grundy County,county,IL,2026-07-20T07:12:58,0x880e7f6617896419:0xbcc72bf4d994853d
Wilmington Autoplex Inc,(779) 429-5020,https://wilmingtonautoplex.com/,,"303 E Baltimore St, Wilmington, IL 60481, United States",303 E Baltimore St,Wilmington,IL,60481,4.6,27,Auto repair shop,,,https://www.google.com/maps/place/Wilmington+Autoplex+Inc/data=!4m7!3m6!1s0x880e7f230ef53925:0xd240544e4681da25!8m2!3d41.3083844!4d-88.1441022!16s%2Fg%2F11vhff_8jp!19sChIJJTn1DiN_DogRJdqBRk5UQNI?authuser=0&hl=en&rclk=1,auto repair shop,Grundy County,county,IL,2026-07-20T07:12:58,0x880e7f230ef53925:0xd240544e4681da25
Kemper Automotive Llc,,,,"211 E Cross St, Winchester, IL 62694, United States",211 E Cross St,Winchester,IL,62694,5.0,3,Auto repair shop,,,https://www.google.com/maps/place/Kemper+Automotive+Llc/data=!4m7!3m6!1s0x87dfb78afd86aaab:0xf8e6d0190263c452!8m2!3d39.6281731!4d-90.452577!16s%2Fg%2F11j03bs65r!19sChIJq6qG_Yq334cRUsRjAhnQ5vg?authuser=0&hl=en&rclk=1,auto repair shop,Greene County,county,IL,2026-07-27T07:54:10,0x87dfb78afd86aaab:0xf8e6d0190263c452
Mike's Automotive Service Inc.,(815) 653-2886,,,"7402 Hancock Dr, Wonder Lake, IL 60097, United States",7402 Hancock Dr,Wonder Lake,IL,60097,4.4,74,Auto repair shop,,,https://www.google.com/maps/place/Mike%27s+Automotive+Service+Inc./data=!4m7!3m6!1s0x880f655e6949f171:0xa28dcf730e53691!8m2!3d42.385862!4d-88.341772!16s%2Fg%2F11rr_w275!19sChIJcfFJaV5lD4gRkTblMPfcKAo?authuser=0&hl=en&rclk=1,auto repair shop,McHenry County,county,IL,2026-07-27T10:47:48,0x880f655e6949f171:0xa28dcf730e53691
Meineke Car Care Center,(618) 216-5718,https://www.meineke.com/locations/il/wood-river-2644/?utm_source=google&utm_medium=organic&utm_campaign=gbp_website,,"1250 Miland St, Wood River, IL 62095, United States",1250 Miland St,Wood River,IL,62095,4.4,495,Auto repair shop,,,https://www.google.com/maps/place/Meineke+Car+Care+Center/data=!4m7!3m6!1s0x87df5bd4c7b82315:0x69c6cf033496214c!8m2!3d38.8637353!4d-90.077455!16s%2Fg%2F11c61q9mpc!19sChIJFSO4x9Rb34cRTCGWNAPPxmk?authuser=0&hl=en&rclk=1,auto repair shop,Madison County,county,IL,2026-07-27T11:20:10,0x87df5bd4c7b82315:0x69c6cf033496214c
Trickey's Service Inc.,(618) 254-0404,https://trickeystowing.com/,,"380 E Edwardsville Rd, Wood River, IL 62095, United States",380 E Edwardsville Rd,Wood River,IL,62095,3.1,149,Towing service,,,https://www.google.com/maps/place/Trickey%27s+Service+Inc./data=!4m7!3m6!1s0x87df5bc93e914365:0xf0c23712828dfd89!8m2!3d38.8690804!4d-90.0901795!16s%2Fg%2F1tfbcq13!19sChIJZUORPslb34cRif2NghI3wvA?authuser=0&hl=en&rclk=1,auto repair shop,Jersey County,county,IL,2026-07-27T09:16:40,0x87df5bc93e914365:0xf0c23712828dfd89
"Allstar Auto Repair, Inc.",(815) 337-2277,http://www.allstarautorepairinc.com/,,"11913 Industrial Heights Dr, Woodstock, IL 60098, United States",11913 Industrial Heights Dr,Woodstock,IL,60098,4.9,151,Auto repair shop,,,"https://www.google.com/maps/place/Allstar+Auto+Repair,+Inc./data=!4m7!3m6!1s0x880f6bda83568b47:0xdb2ddf05a2d5d27!8m2!3d42.2965929!4d-88.4309282!16s%2Fg%2F1thmll87!19sChIJR4tWg9prD4gRJ10tWvDdsg0?authuser=0&hl=en&rclk=1",auto repair shop,McHenry County,county,IL,2026-07-27T10:47:48,0x880f6bda83568b47:0xdb2ddf05a2d5d27
Speed Angels Inc. Car Service,(847) 828-0894,https://www.facebook.com/SpeedAngelsInc,,"2310 - 2312 S Eastwood Dr, Woodstock, IL 60098, United States",2310 - 2312 S Eastwood Dr,Woodstock,IL,60098,4.8,87,Auto repair shop,,,https://www.google.com/maps/place/Speed+Angels+Inc.+Car+Service/data=!4m7!3m6!1s0x880f697b0f5fd5e7:0xd53cf12621b58986!8m2!3d42.2883846!4d-88.4343516!16s%2Fg%2F11c5bst7g0!19sChIJ59VfD3tpD4gRhom1ISbxPNU?authuser=0&hl=en&rclk=1,auto repair shop,McHenry County,county,IL,2026-07-27T10:47:48,0x880f697b0f5fd5e7:0xd53cf12621b58986
Midas,(630) 882-5149,https://www.midas.com/store/il/yorkville/224-route-34-60560/?shopnum=2276&utm_source=google&utm_medium=organic&utm_campaign=gbp,,"224 US-34, Yorkville, IL 60560, United States",224 US-34,Yorkville,IL,60560,4.6,423,Auto repair shop,,,https://www.google.com/maps/place/Midas/data=!4m7!3m6!1s0x880eea305b7e7229:0xa59bcdad5b14bd51!8m2!3d41.6586557!4d-88.4483672!16s%2Fg%2F1tfczdj1!19sChIJKXJ-WzDqDogRUb0UW63Nm6U?authuser=0&hl=en&rclk=1,auto repair shop,Kendall County,county,IL,2026-07-27T09:51:16,0x880eea305b7e7229:0xa59bcdad5b14bd51
Yorkville's Best Service Station Inc,(630) 884-4400,https://www.facebook.com/servicestationinc,,"203 Morgan St, Yorkville, IL 60560, United States",203 Morgan St,Yorkville,IL,60560,4.9,150,Auto repair shop,,,https://www.google.com/maps/place/Yorkville%27s+Best+Service+Station+Inc/data=!4m7!3m6!1s0x880ee53f2ee52769:0xb6474b21aeb55de6!8m2!3d41.641926!4d-88.451991!16s%2Fg%2F1s04ggjxl!19sChIJaSflLj_lDogR5l21riFLR7Y?authuser=0&hl=en&rclk=1,auto repair shop,Kendall County,county,IL,2026-07-27T09:51:16,0x880ee53f2ee52769:0xb6474b21aeb55de6
