name,phone,website,email,address,street,city,state,zip,rating,review_count,category,hours_status,hours_detail,google_maps_url,search_keyword,search_place,search_type,search_state,scraped_at,place_id
All Fleet Inc - Mobile Truck Repair,(833) 255-3533,https://www.allfleetinc.com/,,,,,IN,,3.6,9,Repair service,,,https://www.google.com/maps/place/All+Fleet+Inc+-+Mobile+Truck+Repair/data=!4m7!3m6!1s0x88134f0f65e05167:0x307f65f86963e8dc!8m2!3d40.032361!4d-86.444076!16s%2Fg%2F11h4s218rr!19sChIJZ1HgZQ9PE4gR3OhjafhlfzA?authuser=0&hl=en&rclk=1,auto repair shop,Boone County,county,IN,2026-07-27T16:46:34,0x88134f0f65e05167:0x307f65f86963e8dc
Auto Repair Center,,,,"Salem, IN 47167, United States",,,IN,,,,Auto repair shop,,,https://www.google.com/maps/place/Auto+Repair+Center/data=!4m7!3m6!1s0x886be2a5310596c1:0x9fe441d408bae35b!8m2!3d38.5976222!4d-86.0817891!16s%2Fg%2F11l65z6mg4!19sChIJwZYFMaXia4gRW-O6CNRB5J8?authuser=0&hl=en&rclk=1,auto repair shop,Scott County,county,IN,2026-07-28T01:16:11,0x886be2a5310596c1:0x9fe441d408bae35b
Auto Service Experts,,,,"Plainfield, IN 46168, United States",,,IN,,,,Car repair and maintenance service,,,https://www.google.com/maps/place/Auto+Service+Experts/data=!4m7!3m6!1s0x886ca44ae68d97cb:0xb7473496a553c2eb!8m2!3d39.7173803!4d-86.3597101!16s%2Fg%2F11vbxjdwt5!19sChIJy5eN5kqkbIgR68JTpZY0R7c?authuser=0&hl=en&rclk=1,auto repair shop,Greene County,county,IN,2026-07-27T19:50:36,0x886ca44ae68d97cb:0xb7473496a553c2eb
Bainbridge Auto Service Center,,,,"Bainbridge, IN 46105, United States",,,IN,,,,Auto repair shop,,,https://www.google.com/maps/place/Bainbridge+Auto+Service+Center/data=!4m7!3m6!1s0x886cda1a93e27451:0xa7a146fd96c7df7e!8m2!3d39.7611803!4d-86.812934!16s%2Fg%2F11zfnk40m9!19sChIJUXTikxrabIgRft_Hlv1Goac?authuser=0&hl=en&rclk=1,auto repair shop,Morgan County,county,IN,2026-07-27T23:03:34,0x886cda1a93e27451:0xa7a146fd96c7df7e
Bloemer's AUTO CLINIC,,,,"North Vernon, IN 47265, United States",,,IN,,,,Auto repair shop,,,https://www.google.com/maps/place/Bloemer%27s+AUTO+CLINIC/data=!4m7!3m6!1s0x886bb3417249c9e7:0x29b3b8c325a916fd!8m2!3d39.0057715!4d-85.6198489!16s%2Fg%2F11zggytmzd!19sChIJ58lJckGza4gR_RapJcO4syk?authuser=0&hl=en&rclk=1,auto repair shop,Jennings County,county,IN,2026-07-27T21:03:16,0x886bb3417249c9e7:0x29b3b8c325a916fd
Blueberry Tire shop,,,,"Clay City, IN 47841, United States",,,IN,,5.0,2,Tire shop,,,https://www.google.com/maps/place/Blueberry+Tire+shop/data=!4m7!3m6!1s0x886da70039e5fda9:0x1d5f7f67b9c0247c!8m2!3d39.2767108!4d-87.1129003!16s%2Fg%2F11vm7w6cxm!19sChIJqf3lOQCnbYgRfCTAuWd_Xx0?authuser=0&hl=en&rclk=1,auto repair shop,Clay County,county,IN,2026-07-27T17:23:03,0x886da70039e5fda9:0x1d5f7f67b9c0247c
Couchman Auto Repair,,https://couchmanautorepair.net/,,,,,IN,,,,Mechanic,,,https://www.google.com/maps/place/Couchman+Auto+Repair/data=!4m7!3m6!1s0x617718c58d2001a5:0xe7762ab17952f59!8m2!3d40.7608674!4d-86.0888475!16s%2Fg%2F11lf8l3v2k!19sChIJpQEgjcUYd2ERWS-VF6tidw4?authuser=0&hl=en&rclk=1,auto repair shop,Miami County,county,IN,2026-07-27T22:44:26,0x617718c58d2001a5:0xe7762ab17952f59
County side buggy shop,,,,"North Vernon, IN 47265, United States",,,IN,,,,Auto repair shop,,,https://www.google.com/maps/place/County+side+buggy+shop/data=!4m7!3m6!1s0x886a51000ef36f71:0x3e1f68c5de2e888b!8m2!3d39.095009!4d-85.5040216!16s%2Fg%2F11ytg80n7t!19sChIJcW_zDgBRaogRi4gu3sVoHz4?authuser=0&hl=en&rclk=1,auto repair shop,Ripley County,county,IN,2026-07-28T01:03:07,0x886a51000ef36f71:0x3e1f68c5de2e888b
Deven’s Auto Repair,,https://www.facebook.com/share/18Z8Wuvgwt/?mibextid=wwXIfr,,,,,IN,,,,Mechanic,,,https://www.google.com/maps/place/Deven%E2%80%99s+Auto+Repair/data=!4m7!3m6!1s0xa64ce1919673e217:0x815d615be74231cd!8m2!3d40.62487!4d-86.0916774!16s%2Fg%2F11nj10n748!19sChIJF-JzlpHhTKYRzTFC51thXYE?authuser=0&hl=en&rclk=1,auto repair shop,Miami County,county,IN,2026-07-27T22:44:26,0xa64ce1919673e217:0x815d615be74231cd
Doms Mobile Garage LLC,,http://www.domsmobilegarage.com/,,,,,IN,,4.2,30,Mechanic,,,https://www.google.com/maps/place/Doms+Mobile+Garage+LLC/data=!4m7!3m6!1s0xa61483eb48761515:0xe1fc12b4868a6ded!8m2!3d40.083382!4d-86.1828085!16s%2Fg%2F11v5_jb726!19sChIJFRV2SOuDFKYR7W2KhrQS_OE?authuser=0&hl=en&rclk=1,auto repair shop,Hamilton County,county,IN,2026-07-27T19:58:44,0xa61483eb48761515:0xe1fc12b4868a6ded
Federated Car Care,,,,"Dayton, IN 47941, United States",,,IN,,,,Auto repair shop,,,https://www.google.com/maps/place/Federated+Car+Care/data=!4m7!3m6!1s0x88131a4504b2ebc9:0x7cca637983b5408a!8m2!3d40.3741826!4d-86.769648!16s%2Fg%2F11yk7wz3hz!19sChIJyeuyBEUaE4gRikC1g3ljynw?authuser=0&hl=en&rclk=1,auto repair shop,White County,county,IN,2026-07-28T02:46:41,0x88131a4504b2ebc9:0x7cca637983b5408a
Garling Truck and Auto Repair,,,,"Peru, IN 46970, United States",,,IN,,,,Auto repair shop,,,https://www.google.com/maps/place/Garling+Truck+and+Auto+Repair/data=!4m7!3m6!1s0x88146faf0a3642d5:0x11e3e5982ee37320!8m2!3d40.7617487!4d-86.0604736!16s%2Fg%2F11nqsm6485!19sChIJ1UI2Cq9vFIgRIHPjLpjl4xE?authuser=0&hl=en&rclk=1,auto repair shop,Miami County,county,IN,2026-07-27T22:44:26,0x88146faf0a3642d5:0x11e3e5982ee37320
Gray Auto Service Center,,https://www.grayauto.com/,,"Greenfield, IN 46140, United States",,,IN,,,,Auto repair shop,,,https://www.google.com/maps/place/Gray+Auto+Service+Center/data=!4m7!3m6!1s0x886b31ab1f4a32cb:0x926215cd7827f63f!8m2!3d39.7837938!4d-85.804392!16s%2Fg%2F11fhy3cjr9!19sChIJyzJKH6sxa4gRP_YneM0VYpI?authuser=0&hl=en&rclk=1,auto repair shop,Hancock County,county,IN,2026-07-27T20:07:18,0x886b31ab1f4a32cb:0x926215cd7827f63f
HEAVY DUTY REPAIR,,,,"North Vernon, IN 47265, United States",,,IN,,,,Auto repair shop,,,https://www.google.com/maps/place/HEAVY+DUTY+REPAIR/data=!4m7!3m6!1s0x886bb31febedc08b:0x72fd7f83a9ae2684!8m2!3d39.0298397!4d-85.6239393!16s%2Fg%2F11wtp_rz1z!19sChIJi8Dt6x-za4gRhCauqYN__XI?authuser=0&hl=en&rclk=1,auto repair shop,Jennings County,county,IN,2026-07-27T21:03:16,0x886bb31febedc08b:0x72fd7f83a9ae2684
Iconic Sound Solutions,,,,,,,IN,,5.0,1,Car stereo store,,,https://www.google.com/maps/place/Iconic+Sound+Solutions/data=!4m7!3m6!1s0x88169bd3a97b73ab:0x493e55a07f4ebebb!8m2!3d46.423669!4d-129.9427086!16s%2Fg%2F11kxdvh5f_!19sChIJq3N7qdObFogRu75Of6BVPkk?authuser=0&hl=en&rclk=1,auto repair shop,Kosciusko County,county,IN,2026-07-27T21:33:33,0x88169bd3a97b73ab:0x493e55a07f4ebebb
JOHN'S AUTO CARE,,,,"Petersburg, IN 47567, United States",,,IN,,,,Auto repair shop,,,https://www.google.com/maps/place/JOHN%27S+AUTO+CARE/data=!4m7!3m6!1s0x886e0dc9fd453503:0x94e3f84aa51ed451!8m2!3d38.4897407!4d-87.2817666!16s%2Fg%2F11yk818s_j!19sChIJAzVF_ckNbogRUdQepUr445Q?authuser=0&hl=en&rclk=1,auto repair shop,Pike County,county,IN,2026-07-28T00:15:17,0x886e0dc9fd453503:0x94e3f84aa51ed451
Jerry's,,,,"East Enterprise, IN 47019, United States",,,IN,,,,Auto repair shop,,,https://www.google.com/maps/place/Jerry%27s/data=!4m7!3m6!1s0x886a0b00765ca97d:0xc9bd63a705f67aef!8m2!3d38.87203!4d-84.9839485!16s%2Fg%2F11z4m08k_v!19sChIJfalcdgALaogR73r2Badjvck?authuser=0&hl=en&rclk=1,auto repair shop,Harrison County,county,IN,2026-07-27T20:12:49,0x886a0b00765ca97d:0xc9bd63a705f67aef
Kelleys Garage,,,,"Williams, IN 47470, United States",,,IN,,4.7,3,Auto repair shop,,,https://www.google.com/maps/place/Kelleys+Garage/data=!4m7!3m6!1s0x886c3d00123118cd:0xb73384b9df25f511!8m2!3d38.803286!4d-86.6473299!16s%2Fg%2F11vppl2g6m!19sChIJzRgxEgA9bIgREfUl37mEM7c?authuser=0&hl=en&rclk=1,auto repair shop,Daviess County,county,IN,2026-07-27T17:56:38,0x886c3d00123118cd:0xb73384b9df25f511
Mecanico a domicilio .Oliva auto tech inc.,(786) 277-2886,http://oliva-auto-tech-inc.com/,,,,,IN,,5.0,126,Mechanic,,,https://www.google.com/maps/place/Mecanico+a+domicilio+.Oliva+auto+tech+inc./data=!4m7!3m6!1s0x88d9b74be35d5879:0xc7fc3fffaf13d38a!8m2!3d33.3045914!4d-83.1439439!16s%2Fg%2F11hyl27ty2!19sChIJeVhd40u32YgRitMTr_8__Mc?authuser=0&hl=en&rclk=1,auto repair shop,Miami County,county,IN,2026-07-27T22:44:26,0x88d9b74be35d5879:0xc7fc3fffaf13d38a
Mehringer Diesel Repair,,,,"Jasper, IN 47546, United States",,,IN,,5.0,2,Diesel engine repair service,,,https://www.google.com/maps/place/Mehringer+Diesel+Repair/data=!4m7!3m6!1s0x886e6390cafdcb8b:0xaeebc65b306bfd36!8m2!3d38.4247093!4d-86.9623747!16s%2Fg%2F11rzgz_34q!19sChIJi8v9ypBjbogRNv1rMFvG664?authuser=0&hl=en&rclk=1,auto repair shop,Dubois County,county,IN,2026-07-27T18:36:07,0x886e6390cafdcb8b:0xaeebc65b306bfd36
Napa Autocare Center,,,,"Wolcott, IN 47995, United States",,,IN,,,,Auto repair shop,,,https://www.google.com/maps/place/Napa+Autocare+Center/data=!4m7!3m6!1s0x881250227d9d4cf1:0x2d445c1a885a0951!8m2!3d40.7515804!4d-87.041974!16s%2Fg%2F11yv1d8pq2!19sChIJ8UydfSJQEogRUQlaiBpcRC0?authuser=0&hl=en&rclk=1,auto repair shop,White County,county,IN,2026-07-28T02:46:41,0x881250227d9d4cf1:0x2d445c1a885a0951
Stumler's Auto Electric,,,,"New Albany, IN 47150, United States",,,IN,,,,Auto repair shop,,,https://www.google.com/maps/place/Stumler%27s+Auto+Electric/data=!4m7!3m6!1s0x88696cf4d229d973:0x3ab3a651151217b5!8m2!3d38.2816014!4d-85.8278267!16s%2Fg%2F11zg3q66sn!19sChIJc9kp0vRsaYgRtRcSFVGmszo?authuser=0&hl=en&rclk=1,auto repair shop,Floyd County,county,IN,2026-07-27T19:06:09,0x88696cf4d229d973:0x3ab3a651151217b5
Tires & Towing Lee's Double D,,,,"Rockville, IN 47872, United States",,,IN,,4.2,19,Tire shop,,,https://www.google.com/maps/place/Tires+%26+Towing+Lee%27s+Double+D/data=!4m7!3m6!1s0x886d478b31a17197:0xde330b6dd7f17629!8m2!3d39.7626914!4d-87.2252699!16s%2Fg%2F11s8klgkx6!19sChIJl3GhMYtHbYgRKXbx120LM94?authuser=0&hl=en&rclk=1,auto repair shop,Parke County,county,IN,2026-07-27T23:54:28,0x886d478b31a17197:0xde330b6dd7f17629
Wades Auto Repair Shop,,,,"Laurel, IN 47024, United States",,,IN,,,,Auto repair shop,,,https://www.google.com/maps/place/Wades+Auto+Repair+Shop/data=!4m7!3m6!1s0x886a91ec14b2a22d:0xea1d947eba58d9ff!8m2!3d39.4494229!4d-85.1675858!16s%2Fg%2F11hgdf27rq!19sChIJLaKyFOyRaogR_9lYun6UHeo?authuser=0&hl=en&rclk=1,auto repair shop,Fayette County,county,IN,2026-07-27T18:57:36,0x886a91ec14b2a22d:0xea1d947eba58d9ff
Zone 3,,,,"Petersburg, IN 47567, United States",,,IN,,,,Auto repair shop,,,https://www.google.com/maps/place/Zone+3/data=!4m7!3m6!1s0x886e0d0025191a23:0x36d5067cf1ab7c13!8m2!3d38.4919935!4d-87.2786244!16s%2Fg%2F11x0nstdmr!19sChIJIxoZJQANbogRE3yr8XwG1TY?authuser=0&hl=en&rclk=1,auto repair shop,Pike County,county,IN,2026-07-28T00:15:17,0x886e0d0025191a23:0x36d5067cf1ab7c13
roberts road service,,,,,,,IN,,4.5,24,Mechanic,,,https://www.google.com/maps/place/roberts+road+service/data=!4m7!3m6!1s0x5f976794b326be1:0x3604ef96b762c7d7!8m2!3d39.76652!4d-86.4412135!16s%2Fg%2F11w9lbpjk5!19sChIJ4WsyS3l2-QUR18dit5bvBDY?authuser=0&hl=en&rclk=1,auto repair shop,Huntington County,county,IN,2026-07-27T20:34:48,0x5f976794b326be1:0x3604ef96b762c7d7
"Milt's Transmission Service, Inc",(513) 941-3338,,,"394 Three Rivers Pkwy, Addyston, OH 45001, United States",394 Three Rivers Pkwy,Addyston,OH,45001,4.8,63,Auto repair shop,,,"https://www.google.com/maps/place/Milt%27s+Transmission+Service,+Inc/data=!4m7!3m6!1s0x8841cc48e4795a69:0x27b49829b34026e7!8m2!3d39.1429327!4d-84.7239525!16s%2Fg%2F1vs1skfy!19sChIJaVp55EjMQYgR5yZAsymYtCc?authuser=0&hl=en&rclk=1",auto repair shop,Dearborn County,county,IN,2026-07-27T18:06:19,0x8841cc48e4795a69:0x27b49829b34026e7
Bowen Marathon,,,,"353 W State St, Albany, IN 47320, United States",353 W State St,Albany,IN,47320,5.0,2,Auto repair shop,,,https://www.google.com/maps/place/Bowen+Marathon/data=!4m7!3m6!1s0x88156d74743beae5:0xad717d4f76d255d5!8m2!3d40.299551!4d-85.2406498!16s%2Fg%2F11n_xxhjnv!19sChIJ5eo7dHRtFYgR1VXSdk99ca0?authuser=0&hl=en&rclk=1,auto repair shop,Blackford County,county,IN,2026-07-27T16:36:53,0x88156d74743beae5:0xad717d4f76d255d5
"Wright Way Collision Repair, Inc.",(765) 789-6995,http://www.wrightwaycollision.com/,,"920 W Walnut St, Albany, IN 47320, United States",920 W Walnut St,Albany,IN,47320,4.8,242,Auto body shop,,,"https://www.google.com/maps/place/Wright+Way+Collision+Repair,+Inc./data=!4m7!3m6!1s0x88156c9991494c65:0x3cf81eaeac04b3a0!8m2!3d40.3016471!4d-85.2472991!16s%2Fg%2F1vf9czr0!19sChIJZUxJkZlsFYgRoLMErK4e-Dw?authuser=0&hl=en&rclk=1",auto repair shop,Blackford County,county,IN,2026-07-27T16:36:53,0x88156c9991494c65:0x3cf81eaeac04b3a0
Greer's Tire & Auto Repair,,,,"2508 S Park Ave A, Alexandria, IN 46001, United States",2508 S Park Ave A,Alexandria,IN,46001,4.6,96,Auto repair shop,,,https://www.google.com/maps/place/Greer%27s+Tire+%26+Auto+Repair/data=!4m7!3m6!1s0x8814e0a3cb1235d1:0xed714f91d4f36194!8m2!3d40.2355592!4d-85.6682225!16s%2Fg%2F1tjmf7s_!19sChIJ0TUSy6PgFIgRlGHz1JFPce0?authuser=0&hl=en&rclk=1,auto repair shop,Blackford County,county,IN,2026-07-27T16:36:53,0x8814e0a3cb1235d1:0xed714f91d4f36194
Homestead Auto Repair,,,,"12344 N 300 W, Alexandria, IN 46001, United States",12344 N 300 W,Alexandria,IN,46001,,,Auto repair shop,,,https://www.google.com/maps/place/Homestead+Auto+Repair/data=!4m7!3m6!1s0x8814e7cbca99f5c5:0xee33600c7a6c2adf!8m2!3d40.2815521!4d-85.7276611!16s%2Fg%2F11yvy5tsfk!19sChIJxfWZysvnFIgR3ypsegxgM-4?authuser=0&hl=en&rclk=1,auto repair shop,Tipton County,county,IN,2026-07-28T01:50:29,0x8814e7cbca99f5c5:0xee33600c7a6c2adf
Auto Truck Service PMP Inc,(765) 644-6171,http://jeffsautotruckservice.com/,,"1527 W 8th St, Anderson, IN 46016, United States",1527 W 8th St,Anderson,IN,46016,4.7,67,Car repair and maintenance service,,,https://www.google.com/maps/place/Auto+Truck+Service+PMP+Inc/data=!4m7!3m6!1s0x8814dbcc95806d45:0x1725818f1fcad5cb!8m2!3d40.107769!4d-85.698759!16s%2Fg%2F1tfn3bkj!19sChIJRW2AlczbFIgRy9XKH4-BJRc?authuser=0&hl=en&rclk=1,auto repair shop,Madison County,county,IN,2026-07-27T22:08:08,0x8814dbcc95806d45:0x1725818f1fcad5cb
Hadsell Tire Inc,(765) 643-6991,,,"1841 S Scatterfield Rd, Anderson, IN 46016, United States",1841 S Scatterfield Rd,Anderson,IN,46016,4.5,194,Auto repair shop,,,https://www.google.com/maps/place/Hadsell+Tire+Inc/data=!4m7!3m6!1s0x8814d9af64e04c2b:0x9845590148a40cf3!8m2!3d40.097847!4d-85.6534729!16s%2Fg%2F1tggp7b2!19sChIJK0zgZK_ZFIgR8wykSAFZRZg?authuser=0&hl=en&rclk=1,auto repair shop,Madison County,county,IN,2026-07-27T22:08:09,0x8814d9af64e04c2b:0x9845590148a40cf3
Meineke Car Care Center,(765) 313-7700,https://www.meineke.com/locations/in/anderson-980/?utm_source=google&utm_medium=organic&utm_campaign=gbp_website,,"2726 S Scatterfield Rd, Anderson, IN 46016, United States",2726 S Scatterfield Rd,Anderson,IN,46016,4.4,1011,Auto repair shop,,,https://www.google.com/maps/place/Meineke+Car+Care+Center/data=!4m7!3m6!1s0x8814d9b7307d04a1:0xf5c9c6f2cedeba00!8m2!3d40.088879!4d-85.651924!16s%2Fg%2F1tp0f8cc!19sChIJoQR9MLfZFIgRALrezvLGyfU?authuser=0&hl=en&rclk=1,auto repair shop,Madison County,county,IN,2026-07-27T22:08:08,0x8814d9b7307d04a1:0xf5c9c6f2cedeba00
A&A REPAIR & TIRES,,,,"1301 Wohlert St, Angola, IN 46703, United States",1301 Wohlert St,Angola,IN,46703,4.4,10,Auto repair shop,,,https://www.google.com/maps/place/A%26A+REPAIR+%26+TIRES/data=!4m7!3m6!1s0x8816274d37d398cf:0xe1ce56e938854dfb!8m2!3d41.650437!4d-85.0049299!16s%2Fg%2F11j5sqf46m!19sChIJz5jTN00nFogR-02FOOlWzuE?authuser=0&hl=en&rclk=1,auto repair shop,Steuben County,county,IN,2026-07-28T01:34:29,0x8816274d37d398cf:0xe1ce56e938854dfb
Countryside Towing Inc.,(260) 905-6893,,,"690 155 S, Angola, IN 46703, United States",690 155 S,Angola,IN,46703,5.0,209,Towing service,,,https://www.google.com/maps/place/Countryside+Towing+Inc./data=!4m7!3m6!1s0x881627dfdd2cf80f:0x676644f34e213a92!8m2!3d41.6205757!4d-85.0027813!16s%2Fg%2F11qn9vqqnj!19sChIJD_gs3d8nFogRkjohTvNEZmc?authuser=0&hl=en&rclk=1,auto repair shop,LaGrange County,county,IN,2026-07-27T21:42:19,0x881627dfdd2cf80f:0x676644f34e213a92
Midas,(260) 667-9383,https://www.midas.com/store/in/angola/2401-north-wayne-street-46703/?shopnum=2189&utm_source=google&utm_medium=organic&utm_campaign=gbp,,"2401 N Wayne St, Angola, IN 46703, United States",2401 N Wayne St,Angola,IN,46703,4.4,322,Auto repair shop,,,https://www.google.com/maps/place/Midas/data=!4m7!3m6!1s0x8816289708ca61db:0x9aad3c426105c84!8m2!3d41.6635534!4d-85.0000833!16s%2Fg%2F1th1db3r!19sChIJ22HKCJcoFogRhFwQJsTTqgk?authuser=0&hl=en&rclk=1,auto repair shop,LaGrange County,county,IN,2026-07-27T21:42:19,0x8816289708ca61db:0x9aad3c426105c84
"Lloyd's Automotive, Inc.",(317) 984-5787,https://www.lloydsautomotiveinc.com/,,"100 E Main St, Arcadia, IN 46030, United States",100 E Main St,Arcadia,IN,46030,4.8,65,Auto repair shop,,,"https://www.google.com/maps/place/Lloyd%27s+Automotive,+Inc./data=!4m7!3m6!1s0x8814bc19c3999b11:0xeb49da5c6e863a6!8m2!3d40.1760387!4d-86.0212421!16s%2Fg%2F1tdlhxc1!19sChIJEZuZwxm8FIgRpmPoxqWdtA4?authuser=0&hl=en&rclk=1",auto repair shop,Tipton County,county,IN,2026-07-28T01:50:29,0x8814bc19c3999b11:0xeb49da5c6e863a6
Scheid Diesel,,,,"601 E Aylesworth Rd, Attica, IN 47918, United States",601 E Aylesworth Rd,Attica,IN,47918,5.0,3,Auto repair shop,,,https://www.google.com/maps/place/Scheid+Diesel/data=!4m7!3m6!1s0x8812bf4e33e95ee5:0xddbbb7766388b91f!8m2!3d40.2015727!4d-87.2328463!16s%2Fg%2F11h3vc5fyz!19sChIJ5V7pM06_EogRH7mIY3a3u90?authuser=0&hl=en&rclk=1,auto repair shop,Warren County,county,IN,2026-07-28T02:18:26,0x8812bf4e33e95ee5:0xddbbb7766388b91f
Synesael Garage Inc,(765) 762-6726,,,"206 W Mill St, Attica, IN 47918, United States",206 W Mill St,Attica,IN,47918,4.5,39,Auto repair shop,,,https://www.google.com/maps/place/Synesael+Garage+Inc/data=!4m7!3m6!1s0x8812956d7db79e05:0x8ae279aa8b68f2b0!8m2!3d40.294609!4d-87.251762!16s%2Fg%2F1td9fbvf!19sChIJBZ63fW2VEogRsPJoi6p54oo?authuser=0&hl=en&rclk=1,auto repair shop,Benton County,county,IN,2026-07-27T16:21:16,0x8812956d7db79e05:0x8ae279aa8b68f2b0
Barron's Automotive Services Inc,(260) 927-8202,http://www.barronsautomotive.com/,,"701 W Seventh St, Auburn, IN 46706, United States",701 W Seventh St,Auburn,IN,46706,4.6,102,Auto repair shop,,,https://www.google.com/maps/place/Barron%27s+Automotive+Services+Inc/data=!4m7!3m6!1s0x88161afd3b8f6719:0xe6d960d8e8d2adc6!8m2!3d41.3664588!4d-85.0670776!16s%2Fg%2F1tfdf1y0!19sChIJGWePO_0aFogRxq3S6Nhg2eY?authuser=0&hl=en&rclk=1,auto repair shop,Noble County,county,IN,2026-07-27T23:16:21,0x88161afd3b8f6719:0xe6d960d8e8d2adc6
Mobile Grease Monkey,,http://www.mobilegreasemonkey4u.com/,,"10478 US-50, Aurora, IN 47001, United States",10478 US-50,Aurora,IN,47001,5.0,11,Mechanic,,,https://www.google.com/maps/place/Mobile+Grease+Monkey/data=!4m7!3m6!1s0x8841bb5372457a93:0x36355e5f703e2a2f!8m2!3d39.0282629!4d-85.0152453!16s%2Fg%2F11s64d9h8g!19sChIJk3pFclO7QYgRLyo-cF9eNTY?authuser=0&hl=en&rclk=1,auto repair shop,Ripley County,county,IN,2026-07-28T01:03:07,0x8841bb5372457a93:0x36355e5f703e2a2f
Walmart Auto Care Center,(812) 926-4588,https://www.walmart.com/store/1160-aurora-in/auto-care-center/?veh=seo_loc,,"100 Sycamore Estate Dr, Aurora, IN 47001, United States",100 Sycamore Estate Dr,Aurora,IN,47001,3.6,99,Oil change service,,,https://www.google.com/maps/place/Walmart+Auto+Care+Center/data=!4m7!3m6!1s0x8841d70608a34b47:0xa647b4ada20fbc52!8m2!3d39.0808219!4d-84.8888073!16s%2Fg%2F1hc13y359!19sChIJR0ujCAbXQYgRUrwPoq20R6Y?authuser=0&hl=en&rclk=1,auto repair shop,Dearborn County,county,IN,2026-07-27T18:06:19,0x8841d70608a34b47:0xa647b4ada20fbc52
Avilla Motor Works Inc.,(260) 897-3339,http://www.avillamotorworks.com/,,"228 E 4th St, Avilla, IN 46710, United States",228 E 4th St,Avilla,IN,46710,4.2,135,Towing service,,,https://www.google.com/maps/place/Avilla+Motor+Works+Inc./data=!4m7!3m6!1s0x8816128a28bc032d:0x1050daa9a60367a1!8m2!3d41.3579745!4d-85.2329619!16s%2Fg%2F1tdky8ny!19sChIJLQO8KIoSFogRoWcDpqnaUBA?authuser=0&hl=en&rclk=1,auto repair shop,Noble County,county,IN,2026-07-27T23:16:21,0x8816128a28bc032d:0x1050daa9a60367a1
Meineke Car Care Center,(317) 204-7814,https://www.meineke.com/locations/in/avon-2962/?utm_source=google&utm_medium=organic&utm_campaign=gbp_website,,"165 Dover St, Avon, IN 46123, United States",165 Dover St,Avon,IN,46123,4.4,299,Auto repair shop,,,https://www.google.com/maps/place/Meineke+Car+Care+Center/data=!4m7!3m6!1s0x886caf170b3706b7:0x8a5c58f8ab20de2a!8m2!3d39.7605809!4d-86.3769328!16s%2Fg%2F11tgg65tnk!19sChIJtwY3CxevbIgRKt4gq_hYXIo?authuser=0&hl=en&rclk=1,auto repair shop,Hendricks County,county,IN,2026-07-27T20:20:11,0x886caf170b3706b7:0x8a5c58f8ab20de2a
Autocare Center,,,,"Hurricane Ln, Barbourville, KY 40906, United States",Hurricane Ln,Barbourville,KY,40906,,,Auto repair shop,,,https://www.google.com/maps/place/Autocare+Center/data=!4m7!3m6!1s0x885cbe9266a032f3:0xc2f4f68e7f79a5b!8m2!3d36.8508301!4d-83.8654745!16s%2Fg%2F11wy3c8n7q!19sChIJ8zKgZpK-XIgRW5r352hPLww?authuser=0&hl=en&rclk=1,auto repair shop,Knox County,county,IN,2026-07-27T21:20:03,0x885cbe9266a032f3:0xc2f4f68e7f79a5b
"Koch Auto Parts & Service, Inc.",(812) 934-5066,https://www.kochautoparts.com/,,"286 Central Ave, Batesville, IN 47006, United States",286 Central Ave,Batesville,IN,47006,4.9,331,Auto repair shop,,,"https://www.google.com/maps/place/Koch+Auto+Parts+%26+Service,+Inc./data=!4m7!3m6!1s0x886a8b9a5de3079f:0x82499d9bdf62beb8!8m2!3d39.2924195!4d-85.2244903!16s%2Fg%2F1tfpqfj9!19sChIJnwfjXZqLaogRuL5i35udSYI?authuser=0&hl=en&rclk=1",auto repair shop,Dearborn County,county,IN,2026-07-27T18:06:19,0x886a8b9a5de3079f:0x82499d9bdf62beb8
"Randy's Repair, Inc.",(812) 934-5703,,,"13371 N Co Rd 450 E, Batesville, IN 47006, United States",13371 N Co Rd 450 E,Batesville,IN,47006,5.0,5,Auto repair shop,,,"https://www.google.com/maps/place/Randy%27s+Repair,+Inc./data=!4m7!3m6!1s0x886a8979d3aeaae3:0x8410e4f180c7a6b4!8m2!3d39.2708213!4d-85.1800324!16s%2Fg%2F1tjtk00d!19sChIJ46qu03mJaogRtKbHgPHkEIQ?authuser=0&hl=en&rclk=1",auto repair shop,Ripley County,county,IN,2026-07-28T01:03:07,0x886a8979d3aeaae3:0x8410e4f180c7a6b4
"Tri County Collision, Inc.",(812) 934-4629,https://tricountycollisionbatesville.com/,,"903 IN-46, Batesville, IN 47006, United States",903 IN-46,Batesville,IN,47006,4.9,66,Auto body shop,,,"https://www.google.com/maps/place/Tri+County+Collision,+Inc./data=!4m7!3m6!1s0x886a8c818b36aced:0x49a621b5d8900676!8m2!3d39.308516!4d-85.235477!16s%2Fg%2F1tf87v2g!19sChIJ7aw2i4GMaogRdgaQ2LUhpkk?authuser=0&hl=en&rclk=1",auto repair shop,Dearborn County,county,IN,2026-07-27T18:06:19,0x886a8c818b36aced:0x49a621b5d8900676
AAMCO Transmissions & Total Car Care,(302) 643-2835,http://www.aamcobearde.com/?utm_source=G&utm_medium=local&utm_campaign=google-local,,"819 Pulaski Hwy, Bear, DE 19701, United States",819 Pulaski Hwy,Bear,DE,19701,4.3,563,Transmission shop,,,https://www.google.com/maps/place/AAMCO+Transmissions+%26+Total+Car+Care/data=!4m7!3m6!1s0x89c706c0e4340a49:0xb8e45dddeb0d24f4!8m2!3d39.64134!4d-75.646466!16s%2Fg%2F1th8829x!19sChIJSQo05MAGx4kR9CQN691d5Lg?authuser=0&hl=en&rclk=1,auto repair shop,Delaware County,county,IN,2026-07-27T18:25:53,0x89c706c0e4340a49:0xb8e45dddeb0d24f4
B&B Cars Inc.,(812) 275-3800,https://www.bbcarsinc.com/,,"2025 16th St, Bedford, IN 47421, United States",2025 16th St,Bedford,IN,47421,4.4,76,Used car dealer,,,https://www.google.com/maps/place/B%26B+Cars+Inc./data=!4m7!3m6!1s0x886c1407ecd61b6f:0xe813e1dfcb6aa21d!8m2!3d38.8614289!4d-86.4990424!16s%2Fg%2F1vc82kdc!19sChIJbxvW7AcUbIgRHaJqy9_hE-g?authuser=0&hl=en&rclk=1,auto repair shop,Lawrence County,county,IN,2026-07-27T22:03:19,0x886c1407ecd61b6f:0xe813e1dfcb6aa21d
Crossroads Truck Equipment Inc,(812) 277-0844,http://www.crossroadstruckequipment.com/,,"816 T St, Bedford, IN 47421, United States",816 T St,Bedford,IN,47421,4.5,57,Truck repair shop,,,https://www.google.com/maps/place/Crossroads+Truck+Equipment+Inc/data=!4m7!3m6!1s0x886c13f5a9c2bf2b:0x211aa725cf892313!8m2!3d38.8692665!4d-86.4970933!16s%2Fg%2F1w6_pkmg!19sChIJK7_CqfUTbIgREyOJzyWnGiE?authuser=0&hl=en&rclk=1,auto repair shop,Lawrence County,county,IN,2026-07-27T22:03:18,0x886c13f5a9c2bf2b:0x211aa725cf892313
Ford Service Center,,https://www.bedfordfordinc.net/service/index.htm?utm_source=google&utm_medium=organic&utm_campaign=google_my_business,,"10050 IN-37, Bedford, IN 47421, United States",10050 IN-37,Bedford,IN,47421,4.7,6,Auto repair shop,,,https://www.google.com/maps/place/Ford+Service+Center/data=!4m7!3m6!1s0x886c16c33009702d:0xb3cab47a1656d308!8m2!3d38.8217828!4d-86.5166262!16s%2Fg%2F11fz0t68tb!19sChIJLXAJMMMWbIgRCNNWFnq0yrM?authuser=0&hl=en&rclk=1,auto repair shop,Lawrence County,county,IN,2026-07-27T22:03:18,0x886c16c33009702d:0xb3cab47a1656d308
Honda Service,,https://www.mandehonda.com/,,"4102 Mitchell Rd, Bedford, IN 47421, United States",4102 Mitchell Rd,Bedford,IN,47421,,,Auto repair shop,,,https://www.google.com/maps/place/Honda+Service/data=!4m7!3m6!1s0x886c114b1d57e929:0x2d22d9405a158c5a!8m2!3d38.8336338!4d-86.4976805!16s%2Fg%2F11fz9wqn8t!19sChIJKelXHUsRbIgRWowVWkDZIi0?authuser=0&hl=en&rclk=1,auto repair shop,Lawrence County,county,IN,2026-07-27T22:03:19,0x886c114b1d57e929:0x2d22d9405a158c5a
Jiffy Lube Oil Change,(812) 277-9794,https://www.jiffylube.com/locations/in/bedford/4026,,"3240 John A Williams Blvd, Bedford, IN 47421, United States",3240 John A Williams Blvd,Bedford,IN,47421,4.8,1432,Oil change service,,,https://www.google.com/maps/place/Jiffy+Lube+Oil+Change/data=!4m7!3m6!1s0x886c15df921b9745:0xe530a74db7b32198!8m2!3d38.8677039!4d-86.5152053!16s%2Fg%2F11pb21qvtx!19sChIJRZcbkt8VbIgRmCGzt02nMOU?authuser=0&hl=en&rclk=1,auto repair shop,Lawrence County,county,IN,2026-07-27T22:03:18,0x886c15df921b9745:0xe530a74db7b32198
NAPA Auto Parts - Southern Indiana Parts Inc,(812) 275-4424,https://www.napaonline.com/en/IN/Bedford/store/37784?cid=pl_jobber_google_dac_37784_ao,,"1111 17th St, Bedford, IN 47421, United States",1111 17th St,Bedford,IN,47421,4.2,70,Auto parts store,,,https://www.google.com/maps/place/NAPA+Auto+Parts+-+Southern+Indiana+Parts+Inc/data=!4m7!3m6!1s0x886c13e5ba807d03:0x16449630073351bc!8m2!3d38.860088!4d-86.486189!16s%2Fg%2F1v2pqz0y!19sChIJA32AuuUTbIgRvFEzBzCWRBY?authuser=0&hl=en&rclk=1,auto repair shop,Lawrence County,county,IN,2026-07-27T22:03:19,0x886c13e5ba807d03:0x16449630073351bc
Scott's Auto Glass,,,,"2024 30th St, Bedford, IN 47421, United States",2024 30th St,Bedford,IN,47421,3.8,5,Auto glass shop,,,https://www.google.com/maps/place/Scott%27s+Auto+Glass/data=!4m7!3m6!1s0x886c16acb65d32cd:0xf5d1380ca59c86b1!8m2!3d38.845322!4d-86.4991762!16s%2Fg%2F1tggv82b!19sChIJzTJdtqwWbIgRsYacpQw40fU?authuser=0&hl=en&rclk=1,auto repair shop,Lawrence County,county,IN,2026-07-27T22:03:19,0x886c16acb65d32cd:0xf5d1380ca59c86b1
"Superior Auto, Inc",(812) 675-4087,http://www.superior-auto.com/,,"2033 16th St, Bedford, IN 47421, United States",2033 16th St,Bedford,IN,47421,3.9,90,Used car dealer,,,"https://www.google.com/maps/place/Superior+Auto,+Inc/data=!4m7!3m6!1s0x886c1407eb4ccc97:0x6e4c9a50f2e55f09!8m2!3d38.8612896!4d-86.4996053!16s%2Fg%2F119th0jv3!19sChIJl8xM6wcUbIgRCV_l8lCaTG4?authuser=0&hl=en&rclk=1",auto repair shop,Lawrence County,county,IN,2026-07-27T22:03:19,0x886c1407eb4ccc97:0x6e4c9a50f2e55f09
Valvoline Instant Oil Change,(812) 666-8160,https://store.vioc.com/in/bedford/2705-16th-st?utm_source=google&utm_medium=local&utm_campaign=localsearch,,"2705 16th St, Bedford, IN 47421, United States",2705 16th St,Bedford,IN,47421,4.6,38,Oil change service,,,https://www.google.com/maps/place/Valvoline+Instant+Oil+Change/data=!4m7!3m6!1s0x886c15e7d9300729:0x96b34c0250095db2!8m2!3d38.8610562!4d-86.5107498!16s%2Fg%2F11ysprnv7l!19sChIJKQcw2ecVbIgRsl0JUAJMs5Y?authuser=0&hl=en&rclk=1,auto repair shop,Lawrence County,county,IN,2026-07-27T22:03:19,0x886c15e7d9300729:0x96b34c0250095db2
Walmart Auto Care Center,(812) 277-1236,https://www.walmart.com/store/1026-bedford-in/auto-care-center/?veh=seo_loc,,"3200 John A Williams Blvd, Bedford, IN 47421, United States",3200 John A Williams Blvd,Bedford,IN,47421,3.8,101,Oil change service,,,https://www.google.com/maps/place/Walmart+Auto+Care+Center/data=!4m7!3m6!1s0x886c14167b213c83:0x192a0c6b35e5b479!8m2!3d38.8655214!4d-86.5153217!16s%2Fg%2F11x9pzlnv!19sChIJgzwhexYUbIgRebTlNWsMKhk?authuser=0&hl=en&rclk=1,auto repair shop,Lawrence County,county,IN,2026-07-27T22:03:19,0x886c14167b213c83:0x192a0c6b35e5b479
Ben's Reliable Repair Inc,(812) 825-2648,,,"9445 W Carter Rd, Bloomington, IN 47403, United States",9445 W Carter Rd,Bloomington,IN,47403,4.9,29,Brake shop,,,https://www.google.com/maps/place/Ben%27s+Reliable+Repair+Inc/data=!4m7!3m6!1s0x886c440964250881:0xf42277f19d18f56f!8m2!3d39.0427249!4d-86.6716152!16s%2Fg%2F1tmxxb7b!19sChIJgQglZAlEbIgRb_UYnfF3IvQ?authuser=0&hl=en&rclk=1,auto repair shop,Greene County,county,IN,2026-07-27T19:50:36,0x886c440964250881:0xf42277f19d18f56f
"Carmichael Truck & Automotive Service, Inc.",(812) 334-8285,http://www.carmichaeltruckauto.com/,,"3950 W Farmer Ave, Bloomington, IN 47403, United States",3950 W Farmer Ave,Bloomington,IN,47403,4.4,62,Truck repair shop,,,"https://www.google.com/maps/place/Carmichael+Truck+%26+Automotive+Service,+Inc./data=!4m7!3m6!1s0x886c5d805a1b9a95:0x81eb15e8863cb4ce!8m2!3d39.1507849!4d-86.5817467!16s%2Fg%2F1vxf_xth!19sChIJlZobWoBdbIgRzrQ8hugV64E?authuser=0&hl=en&rclk=1",auto repair shop,Greene County,county,IN,2026-07-27T19:50:36,0x886c5d805a1b9a95:0x81eb15e8863cb4ce
Cross Paint & Body Shop Inc,(812) 876-9188,http://www.crosspaintandbody.com/,,"5485 IN-46, Bloomington, IN 47404, United States",5485 IN-46,Bloomington,IN,47404,4.7,52,Auto body shop,,,https://www.google.com/maps/place/Cross+Paint+%26+Body+Shop+Inc/data=!4m7!3m6!1s0x886c5e48c82db67b:0x56bb03dafb5b8acd!8m2!3d39.220505!4d-86.6053786!16s%2Fg%2F1tqtbdz_!19sChIJe7YtyEhebIgRzYpb-9oDu1Y?authuser=0&hl=en&rclk=1,auto repair shop,Owen County,county,IN,2026-07-27T23:43:06,0x886c5e48c82db67b:0x56bb03dafb5b8acd
Firestone Complete Auto Care,(812) 727-6385,https://www.firestonecompleteautocare.com/indiana/bloomington/833-s-college-mall-rd/?utm_source=google&utm_medium=organic&utm_campaign=localmaps&cmp=oloc_google_localmaps_maps,,"833 S College Mall Rd, Bloomington, IN 47401, United States",833 S College Mall Rd,Bloomington,IN,47401,3.9,414,Tire shop,,,https://www.google.com/maps/place/Firestone+Complete+Auto+Care/data=!4m7!3m6!1s0x886c642719d86cc5:0x3352fc234c6948dd!8m2!3d39.1574349!4d-86.4972462!16s%2Fg%2F1tgdd4rr!19sChIJxWzYGSdkbIgR3UhpTCP8UjM?authuser=0&hl=en&rclk=1,auto repair shop,Monroe County,county,IN,2026-07-27T22:50:04,0x886c642719d86cc5:0x3352fc234c6948dd
Firestone Complete Auto Care,(812) 269-8219,https://www.firestonecompleteautocare.com/indiana/bloomington/219-s-walnut-st/?utm_source=google&utm_medium=organic&utm_campaign=localmaps&cmp=oloc_google_localmaps_maps,,"219 S Walnut St, Bloomington, IN 47404, United States",219 S Walnut St,Bloomington,IN,47404,4.0,391,Tire shop,,,https://www.google.com/maps/place/Firestone+Complete+Auto+Care/data=!4m7!3m6!1s0x886c66dd8a9ac4c7:0x2e9a8f39db3698c6!8m2!3d39.1647983!4d-86.5332017!16s%2Fg%2F1q2vw08_w!19sChIJx8Sait1mbIgRxpg22zmPmi4?authuser=0&hl=en&rclk=1,auto repair shop,Monroe County,county,IN,2026-07-27T22:50:04,0x886c66dd8a9ac4c7:0x2e9a8f39db3698c6
Flextune Inc,(812) 824-3030,https://www.flextune.com/,,"5200 S Production Dr, Bloomington, IN 47403, United States",5200 S Production Dr,Bloomington,IN,47403,4.6,102,Auto repair shop,,,https://www.google.com/maps/place/Flextune+Inc/data=!4m7!3m6!1s0x886c662d34bfefa1:0xb9a8f14a8293b987!8m2!3d39.1020789!4d-86.550662!16s%2Fg%2F1tksp2_h!19sChIJoe-_NC1mbIgRh7mTgkrxqLk?authuser=0&hl=en&rclk=1,auto repair shop,Bloomington,city,IN,2026-07-28T03:18:21,0x886c662d34bfefa1:0xb9a8f14a8293b987
Jiffy Lube,(812) 332-3737,https://indianajiffylube.com/bloomington-in-oil-change/,,"2621 E 3rd St, Bloomington, IN 47401, United States",2621 E 3rd St,Bloomington,IN,47401,4.8,1383,Oil change service,,,https://www.google.com/maps/place/Jiffy+Lube/data=!4m7!3m6!1s0x886c642001c0c485:0xd1871e5b85c2bca8!8m2!3d39.1657743!4d-86.4997788!16s%2Fg%2F1tg4m3p4!19sChIJhcTAASBkbIgRqLzChVseh9E?authuser=0&hl=en&rclk=1,auto repair shop,Monroe County,county,IN,2026-07-27T22:50:04,0x886c642001c0c485:0xd1871e5b85c2bca8
Meineke Car Care Center,(812) 318-1825,https://www.meineke.com/locations/in/bloomington-639/?utm_source=google&utm_medium=organic&utm_campaign=gbp_website,,"1800 S Walnut St, Bloomington, IN 47401, United States",1800 S Walnut St,Bloomington,IN,47401,4.4,710,Auto repair shop,,,https://www.google.com/maps/place/Meineke+Car+Care+Center/data=!4m7!3m6!1s0x886c66f902f3640f:0xb42704affe03ac2c!8m2!3d39.146977!4d-86.533259!16s%2Fg%2F1tdr41g7!19sChIJD2TzAvlmbIgRLKwD_q8EJ7Q?authuser=0&hl=en&rclk=1,auto repair shop,Brown County,county,IN,2026-07-27T16:50:40,0x886c66f902f3640f:0xb42704affe03ac2c
Meineke Car Care Center,(812) 269-8245,https://www.meineke.com/locations/in/bloomington-1867/?utm_source=google&utm_medium=organic&utm_campaign=gbp_website,,"3939 Industrial Blvd, Bloomington, IN 47403, United States",3939 Industrial Blvd,Bloomington,IN,47403,4.4,739,Auto repair shop,,,https://www.google.com/maps/place/Meineke+Car+Care+Center/data=!4m7!3m6!1s0x886c5d7fb056b751:0x215eb36498e4b179!8m2!3d39.143604!4d-86.582263!16s%2Fg%2F1tcxdy_c!19sChIJUbdWsH9dbIgRebHkmGSzXiE?authuser=0&hl=en&rclk=1,auto repair shop,Greene County,county,IN,2026-07-27T19:50:36,0x886c5d7fb056b751:0x215eb36498e4b179
Midas,(812) 339-5885,https://www.midas.com/store/in/bloomington/2501-w-3rd-st-47404/?shopnum=2865&utm_source=google&utm_medium=organic&utm_campaign=gbp,,"2501 W 3rd St, Bloomington, IN 47404, United States",2501 W 3rd St,Bloomington,IN,47404,4.5,312,Auto repair shop,,,https://www.google.com/maps/place/Midas/data=!4m7!3m6!1s0x886c6769973fe775:0xdd57fe522247ddba!8m2!3d39.1638793!4d-86.5680687!16s%2Fg%2F1v4702nc!19sChIJdec_l2lnbIgRut1HIlL-V90?authuser=0&hl=en&rclk=1,auto repair shop,Brown County,county,IN,2026-07-27T16:50:40,0x886c6769973fe775:0xdd57fe522247ddba
Midas,(812) 269-8489,https://www.midas.com/store/in/bloomington/2619-east-3rd-street-47401/?shopnum=2863&utm_source=google&utm_medium=organic&utm_campaign=gbp,,"2619 E 3rd St, Bloomington, IN 47401, United States",2619 E 3rd St,Bloomington,IN,47401,4.5,795,Auto repair shop,,,https://www.google.com/maps/place/Midas/data=!4m7!3m6!1s0x886c642001c81e4b:0xdf8bd3b3c5da6308!8m2!3d39.166087!4d-86.499853!16s%2Fg%2F1tgpc07n!19sChIJSx7IASBkbIgRCGPaxbPTi98?authuser=0&hl=en&rclk=1,auto repair shop,Monroe County,county,IN,2026-07-27T22:50:04,0x886c642001c81e4b:0xdf8bd3b3c5da6308
Pep Boys Auto Service & Tires,(812) 287-0686,https://www.pepboys.com/stores/in/bloomington/3160-w-susan-dr?Cid=gbp_appt_AN:PB%7CPB:G%7CTT:GBP%7CCG:CONVERSION%7CCD:SERVICE,,"3160 W Susan Dr, Bloomington, IN 47404, United States",3160 W Susan Dr,Bloomington,IN,47404,3.8,455,Tire shop,,,https://www.google.com/maps/place/Pep+Boys+Auto+Service+%26+Tires/data=!4m7!3m6!1s0x886c675c6e967d2d:0x55e10a8a4e87956e!8m2!3d39.171488!4d-86.573657!16s%2Fg%2F1tjcq5qf!19sChIJLX2WblxnbIgRbpWHTooK4VU?authuser=0&hl=en&rclk=1,auto repair shop,Bloomington,city,IN,2026-07-28T03:18:21,0x886c675c6e967d2d:0x55e10a8a4e87956e
2 texans automotive,,,,"1413 S Main St, Bluffton, IN 46714, United States",1413 S Main St,Bluffton,IN,46714,5.0,1,,,,https://www.google.com/maps/place/2+texans+automotive/data=!4m7!3m6!1s0x8815910004cbd58f:0x96d4bcea68052a57!8m2!3d40.723462!4d-85.1690703!16s%2Fg%2F11zjc7fm6v!19sChIJj9XLBACRFYgRVyoFaOq81JY?authuser=0&hl=en&rclk=1,auto repair shop,Wells County,county,IN,2026-07-28T02:40:47,0x8815910004cbd58f:0x96d4bcea68052a57
Municipal Motors Inc,(260) 565-4160,http://www.municipalmotorsinc.com/contact.html,,"1335 W Wiley Ave, Bluffton, IN 46714, United States",1335 W Wiley Ave,Bluffton,IN,46714,4.5,4,Car dealer,,,https://www.google.com/maps/place/Municipal+Motors+Inc/data=!4m7!3m6!1s0x881593bf09c46651:0x39b468178b43fff7!8m2!3d40.7344167!4d-85.1889592!16s%2Fg%2F11fx7xcw90!19sChIJUWbECb-TFYgR9_9DixdotDk?authuser=0&hl=en&rclk=1,auto repair shop,Wells County,county,IN,2026-07-28T02:40:47,0x881593bf09c46651:0x39b468178b43fff7
NAPA Auto Parts - Wells County Autom Suplly Inc,(260) 824-4460,https://www.napaonline.com/en/IN/Bluffton/store/25920?cid=pl_jobber_google_dac_25920_ao,,"643 N Main St, Bluffton, IN 46714, United States",643 N Main St,Bluffton,IN,46714,4.7,22,Auto parts store,,,https://www.google.com/maps/place/NAPA+Auto+Parts+-+Wells+County+Autom+Suplly+Inc/data=!4m7!3m6!1s0x8815913d5690279d:0x71386fc86ce1c229!8m2!3d40.747074!4d-85.169018!16s%2Fg%2F1x6q2c1q!19sChIJnSeQVj2RFYgRKcLhbMhvOHE?authuser=0&hl=en&rclk=1,auto repair shop,Wells County,county,IN,2026-07-28T02:40:47,0x8815913d5690279d:0x71386fc86ce1c229
Ron's Auto Repair,,,,"S Union St, Bluffton, IN 46714, United States",S Union St,Bluffton,IN,46714,,,Auto repair shop,,,https://www.google.com/maps/place/Ron%27s+Auto+Repair/data=!4m7!3m6!1s0x8815912834238835:0xb93e90cac06684df!8m2!3d40.7381082!4d-85.1813041!16s%2Fg%2F11vwysr1jk!19sChIJNYgjNCiRFYgR34RmwMqQPrk?authuser=0&hl=en&rclk=1,auto repair shop,Wells County,county,IN,2026-07-28T02:40:47,0x8815912834238835:0xb93e90cac06684df
"Superior Auto, Inc",(260) 824-8374,https://www.superior-auto.com/,,"2353 N Main St, Bluffton, IN 46714, United States",2353 N Main St,Bluffton,IN,46714,4.3,51,Used car dealer,,,"https://www.google.com/maps/place/Superior+Auto,+Inc/data=!4m7!3m6!1s0x8815916902081967:0x3fe145615d5bfccd!8m2!3d40.7767293!4d-85.1651668!16s%2Fg%2F1tjkgdfj!19sChIJZxkIAmmRFYgRzfxbXWFF4T8?authuser=0&hl=en&rclk=1",auto repair shop,Wells County,county,IN,2026-07-28T02:40:47,0x8815916902081967:0x3fe145615d5bfccd
Velocity Motors Inc,(260) 824-2165,http://velocitymotorsofbluffton.com/,,"1750 IN-1, Bluffton, IN 46714, United States",1750 IN-1,Bluffton,IN,46714,4.3,56,Used car dealer,,,https://www.google.com/maps/place/Velocity+Motors+Inc/data=!4m7!3m6!1s0x881591664adeeccf:0xd062a3a6b346e3f2!8m2!3d40.7679462!4d-85.1663948!16s%2Fg%2F1thf94vc!19sChIJz-zeSmaRFYgR8uNGs6ajYtA?authuser=0&hl=en&rclk=1,auto repair shop,Wells County,county,IN,2026-07-28T02:40:47,0x881591664adeeccf:0xd062a3a6b346e3f2
Walmart Auto Care Center,(260) 824-4181,https://www.walmart.com/store/2819-bluffton-in/auto-care-center/?veh=seo_loc,,"2100 N Main St, Bluffton, IN 46714, United States",2100 N Main St,Bluffton,IN,46714,3.4,44,Oil change service,,,https://www.google.com/maps/place/Walmart+Auto+Care+Center/data=!4m7!3m6!1s0x88159160bb96a3bf:0xe3e0cf16885a06a7!8m2!3d40.7728509!4d-85.1683504!16s%2Fg%2F1ts1n790!19sChIJv6OWu2CRFYgRpwZaiBbP4OM?authuser=0&hl=en&rclk=1,auto repair shop,Wells County,county,IN,2026-07-28T02:40:47,0x88159160bb96a3bf:0xe3e0cf16885a06a7
Skelton's Garage Inc.,(812) 897-3443,https://www.skeltonsgarage.com/,,"901 E Main St, Boonville, IN 47601, United States",901 E Main St,Boonville,IN,47601,4.6,61,Auto repair shop,,,https://www.google.com/maps/place/Skelton%27s+Garage+Inc./data=!4m7!3m6!1s0x886e3689b8985c1f:0x8de05838ba2a80ca!8m2!3d38.0472518!4d-87.2649813!16s%2Fg%2F1ptxm3cpj!19sChIJH1yYuIk2bogRyoAqujhY4I0?authuser=0&hl=en&rclk=1,auto repair shop,Warrick County,county,IN,2026-07-28T02:23:28,0x886e3689b8985c1f:0x8de05838ba2a80ca
Dyer's Auto & Truck Services Inc,(610) 833-1444,http://www.dyersauto.com/,,"4435 Bethel Rd, Boothwyn, PA 19061, United States",4435 Bethel Rd,Boothwyn,PA,19061,4.8,64,Auto repair shop,,,https://www.google.com/maps/place/Dyer%27s+Auto+%26+Truck+Services+Inc/data=!4m7!3m6!1s0x89c6e802b9a00a19:0x212809c84ce34874!8m2!3d39.8414428!4d-75.4619419!16s%2Fg%2F1tqyggg9!19sChIJGQqguQLoxokRdEjjTMgJKCE?authuser=0&hl=en&rclk=1,auto repair shop,Delaware County,county,IN,2026-07-27T18:25:53,0x89c6e802b9a00a19:0x212809c84ce34874
Berkey Enterprises,,,,"409 W Old U.s. 30, Bourbon, IN 46504, United States",409 W Old U.s. 30,Bourbon,IN,46504,,,Auto repair shop,,,https://www.google.com/maps/place/Berkey+Enterprises/data=!4m7!3m6!1s0x8816a9007bca1ecb:0x350d8d84c587094e!8m2!3d41.2958708!4d-86.1200227!16s%2Fg%2F11x8z8bwd8!19sChIJyx7KewCpFogRTgmHxYSNDTU?authuser=0&hl=en&rclk=1,auto repair shop,Marshall County,county,IN,2026-07-27T22:27:34,0x8816a9007bca1ecb:0x350d8d84c587094e
Hunsicker Repair Inc,(812) 448-1235,,,"2772 IN-42, Brazil, IN 47834, United States",2772 IN-42,Brazil,IN,47834,3.7,3,Auto repair shop,,,https://www.google.com/maps/place/Hunsicker+Repair+Inc/data=!4m7!3m6!1s0x886d0df47a88317f:0x9d32138c5209e206!8m2!3d39.4470222!4d-87.1591746!16s%2Fg%2F1tznn2ps!19sChIJfzGIevQNbYgRBuIJUowTMp0?authuser=0&hl=en&rclk=1,auto repair shop,Clay County,county,IN,2026-07-27T17:23:03,0x886d0df47a88317f:0x9d32138c5209e206
Lorenze Service Inc,(812) 446-7331,https://lorenzeautorepair.com/,,"400 E National Ave, Brazil, IN 47834, United States",400 E National Ave,Brazil,IN,47834,4.8,79,Auto repair shop,,,https://www.google.com/maps/place/Lorenze+Service+Inc/data=!4m7!3m6!1s0x886d1137a42fd85d:0x81955cc4cd8a6a91!8m2!3d39.5250592!4d-87.1201376!16s%2Fg%2F1tg68vzt!19sChIJXdgvpDcRbYgRkWqKzcRclYE?authuser=0&hl=en&rclk=1,auto repair shop,Clay County,county,IN,2026-07-27T17:23:03,0x886d1137a42fd85d:0x81955cc4cd8a6a91
Bailey's Body Shop Inc,(574) 546-4489,,,"530 E Plymouth St, Bremen, IN 46506, United States",530 E Plymouth St,Bremen,IN,46506,4.0,4,Auto body shop,,,https://www.google.com/maps/place/Bailey%27s+Body+Shop+Inc/data=!4m7!3m6!1s0x8816b125f42be7b3:0xd3261461b22286de!8m2!3d41.4464335!4d-86.139949!16s%2Fg%2F1tfbcryq!19sChIJs-cr9CWxFogR3oYismEUJtM?authuser=0&hl=en&rclk=1,auto repair shop,Marshall County,county,IN,2026-07-27T22:27:34,0x8816b125f42be7b3:0xd3261461b22286de
R and m auto,,,,"9077 US-41, Brook, IN 47922, United States",9077 US-41,Brook,IN,47922,,,Auto repair shop,,,https://www.google.com/maps/place/R+and+m+auto/data=!4m7!3m6!1s0x881273001fab3e53:0x6313776e8699db6!8m2!3d40.8649266!4d-87.4348564!16s%2Fg%2F11z8xgc2w8!19sChIJUz6rHwBzEogRtp1p6HY3MQY?authuser=0&hl=en&rclk=1,auto repair shop,Benton County,county,IN,2026-07-27T16:21:16,0x881273001fab3e53:0x6313776e8699db6
"Brookville Auto Care, Inc",(765) 547-1007,,,"77 Metamora Rd, Brookville, IN 47012, United States",77 Metamora Rd,Brookville,IN,47012,4.8,24,Auto repair shop,,,"https://www.google.com/maps/place/Brookville+Auto+Care,+Inc/data=!4m7!3m6!1s0x886a9d46a8cc0333:0x9fdd0345d85fdf64!8m2!3d39.4289177!4d-85.0153467!16s%2Fg%2F11lh5qgs6p!19sChIJMwPMqEadaogRZN9f2EUD3Z8?authuser=0&hl=en&rclk=1",auto repair shop,Fayette County,county,IN,2026-07-27T18:57:36,0x886a9d46a8cc0333:0x9fdd0345d85fdf64
Meineke Car Care Center,(502) 265-5622,https://www.meineke.com/locations/ky/buckner-2806/?utm_source=google&utm_medium=organic&utm_campaign=gbp_website,,"3717 KY-146, Buckner, KY 40010, United States",3717 KY-146,Buckner,KY,40010,4.5,463,Auto repair shop,,,https://www.google.com/maps/place/Meineke+Car+Care+Center/data=!4m7!3m6!1s0x8869910ee6f183bf:0x7a4f556dbf8750c!8m2!3d38.386556!4d-85.4304568!16s%2Fg%2F11h_tct7gz!19sChIJv4Px5g6RaYgRDHX421b1pAc?authuser=0&hl=en&rclk=1,auto repair shop,Clark County,county,IN,2026-07-27T17:19:52,0x8869910ee6f183bf:0x7a4f556dbf8750c
"Burkettsville Garage, Inc",(419) 375-2607,http://burkettsvillegarage.big3tire.com/,,"33 Main St, Burkettsville, OH 45310, United States",33 Main St,Burkettsville,OH,45310,4.8,18,Auto repair shop,,,"https://www.google.com/maps/place/Burkettsville+Garage,+Inc/data=!4m7!3m6!1s0x883fc87ef32ccc71:0x3c19dcd3ddf67493!8m2!3d40.3521069!4d-84.644833!16s%2Fg%2F1thl62_h!19sChIJccws837IP4gRk3T23dPcGTw?authuser=0&hl=en&rclk=1",auto repair shop,Ohio County,county,IN,2026-07-27T23:23:43,0x883fc87ef32ccc71:0x3c19dcd3ddf67493
Burnetssville Auto & Truck Repair,,,,"105 E 2nd St, Burnettsville, IN 47926, United States",105 E 2nd St,Burnettsville,IN,47926,,,Auto repair shop,,,https://www.google.com/maps/place/Burnetssville+Auto+%26+Truck+Repair/data=!4m7!3m6!1s0x8813bd00597f1557:0x514a6295e5f90324!8m2!3d40.7642855!4d-86.5928637!16s%2Fg%2F11nr0dbn26!19sChIJVxV_WQC9E4gRJAP55ZViSlE?authuser=0&hl=en&rclk=1,auto repair shop,Benton County,county,IN,2026-07-27T16:21:16,0x8813bd00597f1557:0x514a6295e5f90324
A & A Automotive & Transmission Repair Inc,(317) 831-3066,http://www.aandatrans.com/,,"5061 County Line Rd, Camby, IN 46113, United States",5061 County Line Rd,Camby,IN,46113,4.6,97,Transmission shop,,,https://www.google.com/maps/place/A+%26+A+Automotive+%26+Transmission+Repair+Inc/data=!4m7!3m6!1s0x886ca19e81a02cbb:0x184171955cd7074c!8m2!3d39.6313097!4d-86.34171!16s%2Fg%2F1tjz43d7!19sChIJuyyggZ6hbIgRTAfXXJVxQRg?authuser=0&hl=en&rclk=1,auto repair shop,Hendricks County,county,IN,2026-07-27T20:20:11,0x886ca19e81a02cbb:0x184171955cd7074c
Cricket's four-wheel drive and Chevy shop,,,,"6582 County Rd 1000 E, Cannelburg, IN 47519, United States",6582 County Rd 1000 E,Cannelburg,IN,47519,3.0,2,Auto repair shop,,,https://www.google.com/maps/place/Cricket%27s+four-wheel+drive+and+Chevy+shop/data=!4m7!3m6!1s0x886e7f003c085183:0x7ea180872a4c1c71!8m2!3d38.5610089!4d-86.9796926!16s%2Fg%2F11y3n893_7!19sChIJg1EIPAB_bogRcRxMKoeAoX4?authuser=0&hl=en&rclk=1,auto repair shop,Pike County,county,IN,2026-07-28T00:15:17,0x886e7f003c085183:0x7ea180872a4c1c71
Rod's Shop,,https://www.facebook.com/rodshopindiana/,,"235 N 4th St, Cannelton, IN 47520, United States",235 N 4th St,Cannelton,IN,47520,,,Auto body shop,,,https://www.google.com/maps/place/Rod%27s+Shop/data=!4m7!3m6!1s0x886f039e20a135fd:0xbc9cf6e7a8ddcc6f!8m2!3d37.9133845!4d-86.7452616!16s%2Fg%2F11trhg81p_!19sChIJ_TWhIJ4Db4gRb8zdqOf2nLw?authuser=0&hl=en&rclk=1,auto repair shop,Perry County,county,IN,2026-07-28T00:03:10,0x886f039e20a135fd:0xbc9cf6e7a8ddcc6f
Steve’s body shop,,,,"10752 County Rd 600 E, Carbon, IN 47837, United States",10752 County Rd 600 E,Carbon,IN,47837,5.0,2,Auto repair shop,,,https://www.google.com/maps/place/Steve%E2%80%99s+body+shop/data=!4m7!3m6!1s0x886d17657912006f:0x53f5accd6c5af3dc!8m2!3d39.6093008!4d-87.1266118!16s%2Fg%2F11rscj0l0c!19sChIJbwASeWUXbYgR3PNabM2s9VM?authuser=0&hl=en&rclk=1,auto repair shop,Parke County,county,IN,2026-07-27T23:54:28,0x886d17657912006f:0x53f5accd6c5af3dc
Right Way Diesel Service,,,,"6948 S IN-66, Carefree, IN 47137, United States",6948 S IN-66,Carefree,IN,47137,5.0,4,Auto repair shop,,,https://www.google.com/maps/place/Right+Way+Diesel+Service/data=!4m7!3m6!1s0x886ec9bfa27c3b17:0xfe65d3d311321700!8m2!3d38.237889!4d-86.360024!16s%2Fg%2F11hy9p8pkg!19sChIJFzt8or_JbogRABcyEdPTZf4?authuser=0&hl=en&rclk=1,auto repair shop,Crawford County,county,IN,2026-07-27T17:48:00,0x886ec9bfa27c3b17:0xfe65d3d311321700
Auto City inc,(317) 373-4925,,,"308 Gradle Dr, Carmel, IN 46032, United States",308 Gradle Dr,Carmel,IN,46032,4.9,139,Auto dent removal service,,,https://www.google.com/maps/place/Auto+City+inc/data=!4m7!3m6!1s0x8657ef457a36e5f9:0x22bb804642466d8!8m2!3d39.9671563!4d-86.1321502!16s%2Fg%2F11hsm8ccp3!19sChIJ-eU2ekXvV4YR2GYkZAS4KwI?authuser=0&hl=en&rclk=1,auto repair shop,Carmel,city,IN,2026-07-28T03:12:10,0x8657ef457a36e5f9:0x22bb804642466d8
Carmel Auto INC,(317) 650-8145,https://carmelautosale.com/,,"962 3rd Ave SW, Carmel, IN 46032, United States",962 3rd Ave SW,Carmel,IN,46032,4.5,11,Used car dealer,,,https://www.google.com/maps/place/Carmel+Auto+INC/data=!4m7!3m6!1s0x8814adc646026099:0xc2ba44382ce8925f!8m2!3d39.9668189!4d-86.1307311!16s%2Fg%2F11nmmnhfzb!19sChIJmWACRsatFIgRX5LoLDhEusI?authuser=0&hl=en&rclk=1,auto repair shop,Carmel,city,IN,2026-07-28T03:12:10,0x8814adc646026099:0xc2ba44382ce8925f
Firestone Complete Auto Care,(317) 669-9601,https://www.firestonecompleteautocare.com/indiana/carmel/1314-s-rangeline-rd/?utm_source=google&utm_medium=organic&utm_campaign=localmaps&cmp=oloc_google_localmaps_maps,,"1314 S Rangeline Rd, Carmel, IN 46032, United States",1314 S Rangeline Rd,Carmel,IN,46032,3.9,419,Tire shop,,,https://www.google.com/maps/place/Firestone+Complete+Auto+Care/data=!4m7!3m6!1s0x8814ada9acaa6c51:0xd09bd63ab4b80817!8m2!3d39.9599111!4d-86.127248!16s%2Fg%2F1tcwrrbz!19sChIJUWyqrKmtFIgRFwi4tDrWm9A?authuser=0&hl=en&rclk=1,auto repair shop,Carmel,city,IN,2026-07-28T03:12:09,0x8814ada9acaa6c51:0xd09bd63ab4b80817
Jiffy Lube,(317) 844-5715,https://www.jiffylube.com/locations/in/carmel/2373,,"1495 Keystone Wy, Carmel, IN 46032, United States",1495 Keystone Wy,Carmel,IN,46032,4.6,622,Oil change service,,,https://www.google.com/maps/place/Jiffy+Lube/data=!4m7!3m6!1s0x8814ada0bb7778ed:0x1e293f1913bb320e!8m2!3d39.9572112!4d-86.1146295!16s%2Fg%2F1thx96t2!19sChIJ7Xh3u6CtFIgRDjK7Exk_KR4?authuser=0&hl=en&rclk=1,auto repair shop,Carmel,city,IN,2026-07-28T03:12:10,0x8814ada0bb7778ed:0x1e293f1913bb320e
Jiffy Lube,(317) 843-9222,https://www.jiffylube.com/locations/in/carmel/660,,"1270 S Rangeline Rd, Carmel, IN 46032, United States",1270 S Rangeline Rd,Carmel,IN,46032,4.6,1008,Oil change service,,,https://www.google.com/maps/place/Jiffy+Lube/data=!4m7!3m6!1s0x8814ada9a7adc80d:0x2a5682d3ae0a031d!8m2!3d39.9602688!4d-86.1272415!16s%2Fg%2F1tfw3n39!19sChIJDcitp6mtFIgRHQMKrtOCVio?authuser=0&hl=en&rclk=1,auto repair shop,Carmel,city,IN,2026-07-28T03:12:10,0x8814ada9a7adc80d:0x2a5682d3ae0a031d
Jiffy Lube,(317) 580-1900,https://www.jiffylube.com/locations/in/carmel/3331,,"1840 E 151st St, Carmel, IN 46033, United States",1840 E 151st St,Carmel,IN,46033,4.7,1017,Oil change service,,,https://www.google.com/maps/place/Jiffy+Lube/data=!4m7!3m6!1s0x8814ae7ab9cec57d:0x125b3f7a19770d04!8m2!3d40.0082452!4d-86.1256143!16s%2Fg%2F1tflgv7g!19sChIJfcXOuXquFIgRBA13GXo_WxI?authuser=0&hl=en&rclk=1,auto repair shop,Carmel,city,IN,2026-07-28T03:12:10,0x8814ae7ab9cec57d:0x125b3f7a19770d04
Midas,(317) 669-9407,https://www.midas.com/store/in/carmel/570-south-rangeline-road-46032/?shopnum=2739&utm_source=google&utm_medium=organic&utm_campaign=gbp,,"570 S Rangeline Rd, Carmel, IN 46032, United States",570 S Rangeline Rd,Carmel,IN,46032,4.5,256,Auto repair shop,,,https://www.google.com/maps/place/Midas/data=!4m7!3m6!1s0x8814adb12d9129ff:0xd341b2c04513a45e!8m2!3d39.9729866!4d-86.127408!16s%2Fg%2F1tqpzvtz!19sChIJ_ymRLbGtFIgRXqQTRcCyQdM?authuser=0&hl=en&rclk=1,auto repair shop,Carmel,city,IN,2026-07-28T03:12:09,0x8814adb12d9129ff:0xd341b2c04513a45e
New Shine Auto Spa & Mobile Detailing,,https://www.newshineautospa.com/,,"79 Parkview Rd, Carmel, IN 46032, United States",79 Parkview Rd,Carmel,IN,46032,5.0,114,Car detailing service,,,https://www.google.com/maps/place/New+Shine+Auto+Spa+%26+Mobile+Detailing/data=!4m7!3m6!1s0x8814aba576234da3:0xdf9b06ce2efcbec3!8m2!3d39.9951129!4d-86.150289!16s%2Fg%2F11h57cc_qx!19sChIJo00jdqWrFIgRw778Ls4Gm98?authuser=0&hl=en&rclk=1,auto repair shop,Carmel,city,IN,2026-07-28T03:12:10,0x8814aba576234da3:0xdf9b06ce2efcbec3
"Sentry Glass, Inc.",(317) 577-8147,https://sentryglassinc.com/,,"351 Ridge Pointe Dr, Carmel, IN 46032, United States",351 Ridge Pointe Dr,Carmel,IN,46032,4.8,275,Auto glass shop,,,"https://www.google.com/maps/place/Sentry+Glass,+Inc./data=!4m7!3m6!1s0x886b5d04caebde2f:0xcd91bee07f7a115c!8m2!3d39.9655173!4d-86.1333495!16s%2Fg%2F11f90y0lyw!19sChIJL97rygRda4gRXBF6f-C-kc0?authuser=0&hl=en&rclk=1",auto repair shop,Carmel,city,IN,2026-07-28T03:12:10,0x886b5d04caebde2f:0xcd91bee07f7a115c
"Verduin Automotive, Inc.",(219) 390-7403,http://www.verduinauto.com/,,"13933 Lauerman St, Cedar Lake, IN 46303, United States",13933 Lauerman St,Cedar Lake,IN,46303,4.9,75,Auto repair shop,,,"https://www.google.com/maps/place/Verduin+Automotive,+Inc./data=!4m7!3m6!1s0x8811fba29dbdd4fb:0xba77d025235bf8b3!8m2!3d41.364476!4d-87.440492!16s%2Fg%2F11cn6lfl7j!19sChIJ-9S9naL7EYgRs_hbIyXQd7o?authuser=0&hl=en&rclk=1",auto repair shop,Jasper County,county,IN,2026-07-27T20:40:05,0x8811fba29dbdd4fb:0xba77d025235bf8b3
"Perfection Driveline, Inc.",(812) 925-6891,http://perfectiondriveline.com/,,"759 W Lincoln Ave, Chandler, IN 47610, United States",759 W Lincoln Ave,Chandler,IN,47610,4.8,68,Auto repair shop,,,"https://www.google.com/maps/place/Perfection+Driveline,+Inc./data=!4m7!3m6!1s0x886e2a6635d8bb19:0x782558b3504889f5!8m2!3d38.0387904!4d-87.3790181!16s%2Fg%2F1td5gwc_!19sChIJGbvYNWYqbogR9YlIULNYJXg?authuser=0&hl=en&rclk=1",auto repair shop,Warrick County,county,IN,2026-07-28T02:23:28,0x886e2a6635d8bb19:0x782558b3504889f5
Meineke Car Care Center,(812) 406-0976,https://www.meineke.com/locations/in/charlestown-2265/,,"321 Market St, Charlestown, IN 47111, United States",321 Market St,Charlestown,IN,47111,4.5,691,Auto repair shop,,,https://www.google.com/maps/place/Meineke+Car+Care+Center/data=!4m7!3m6!1s0x886979a1be8e127d:0x9c41a63cc4ec7015!8m2!3d38.4430175!4d-85.6626339!16s%2Fg%2F1hc58hp2y!19sChIJfRKOvqF5aYgRFXDsxDymQZw?authuser=0&hl=en&rclk=1,auto repair shop,Clark County,county,IN,2026-07-27T17:19:52,0x886979a1be8e127d:0x9c41a63cc4ec7015
Huelsman Automotive Inc,(419) 925-4711,http://www.huelsmanauto.com/,,"10 W Franklin St, Chickasaw, OH 45826, United States",10 W Franklin St,Chickasaw,OH,45826,4.9,64,Auto repair shop,,,https://www.google.com/maps/place/Huelsman+Automotive+Inc/data=!4m7!3m6!1s0x883fb3c4360f0eb3:0xd927defdcb38aa14!8m2!3d40.4363736!4d-84.4935584!16s%2Fg%2F1tlz_w10!19sChIJsw4PNsSzP4gRFKo4y_3eJ9k?authuser=0&hl=en&rclk=1,auto repair shop,Ohio County,county,IN,2026-07-27T23:23:43,0x883fb3c4360f0eb3:0xd927defdcb38aa14
AA Automatic Transmissions Inc,(540) 382-5959,http://aaautomatictransmissions.com/,,"591 Depot St NE, Christiansburg, VA 24073, United States",591 Depot St NE,Christiansburg,VA,24073,4.6,84,Car repair and maintenance service,,,https://www.google.com/maps/place/AA+Automatic+Transmissions+Inc/data=!4m7!3m6!1s0x884d93a185b07881:0x6f0d72dc2604488a!8m2!3d37.1409734!4d-80.4054964!16s%2Fg%2F1tngqz_v!19sChIJgXiwhaGTTYgRikgEJtxyDW8?authuser=0&hl=en&rclk=1,auto repair shop,Pulaski County,county,IN,2026-07-28T00:39:32,0x884d93a185b07881:0x6f0d72dc2604488a
Rodneys auto repair,,,,"13102 Taylor Rd, Churubusco, IN 46723, United States",13102 Taylor Rd,Churubusco,IN,46723,,,Auto repair shop,,,https://www.google.com/maps/place/Rodneys+auto+repair/data=!4m7!3m6!1s0x88160b000876cdab:0x2de532b1f42eab95!8m2!3d41.2033559!4d-85.267814!16s%2Fg%2F11xsfr7g81!19sChIJq812CAALFogRlasu9LEy5S0?authuser=0&hl=en&rclk=1,auto repair shop,Whitley County,county,IN,2026-07-28T02:51:26,0x88160b000876cdab:0x2de532b1f42eab95
Omega international auto repair,,,,"1810-1700 E 226th St, Cicero, IN 46034, United States",1810-1700 E 226th St,Cicero,IN,46034,,,Auto repair shop,,,https://www.google.com/maps/place/Omega+international+auto+repair/data=!4m7!3m6!1s0x8814a5001e1947d1:0x24e7db52c6aa26c8!8m2!3d40.116315!4d-86.1268191!16s%2Fg%2F11n3n72mhk!19sChIJ0UcZHgClFIgRyCaqxlLb5yQ?authuser=0&hl=en&rclk=1,auto repair shop,Tipton County,county,IN,2026-07-28T01:50:29,0x8814a5001e1947d1:0x24e7db52c6aa26c8
Expert Tire & Auto Service,,,,"710 E Lewis and Clark Pkwy, Clarksville, IN 47129, United States",710 E Lewis and Clark Pkwy,Clarksville,IN,47129,5.0,1,Tire shop,,,https://www.google.com/maps/place/Expert+Tire+%26+Auto+Service/data=!4m7!3m6!1s0x886972085af1f0c5:0xe1741da83017a6ce!8m2!3d38.3122185!4d-85.7643004!16s%2Fg%2F11h6tmy87k!19sChIJxfDxWghyaYgRzqYXMKgddOE?authuser=0&hl=en&rclk=1,auto repair shop,Clark County,county,IN,2026-07-27T17:19:52,0x886972085af1f0c5:0xe1741da83017a6ce
Maximum Fleet Service LLC,,,,"1103 S Clark Blvd, Clarksville, IN 47129, United States",1103 S Clark Blvd,Clarksville,IN,47129,4.6,33,Truck repair shop,,,https://www.google.com/maps/place/Maximum+Fleet+Service+LLC/data=!4m7!3m6!1s0x88696daef08c7119:0x873a92723c7b24c7!8m2!3d38.2751059!4d-85.7563591!16s%2Fg%2F11c0rvmj5k!19sChIJGXGM8K5taYgRxyR7PHKSOoc?authuser=0&hl=en&rclk=1,auto repair shop,Clark County,county,IN,2026-07-27T17:19:52,0x88696daef08c7119:0x873a92723c7b24c7
NAPA Auto Parts - Clay City Automotive Supply,(812) 939-3151,https://www.napaonline.com/en/IN/Clay-City/store/24357?cid=pl_jobber_google_dac_24357_ao,,"708 Main St, Clay City, IN 47841, United States",708 Main St,Clay City,IN,47841,4.8,72,Auto parts store,,,https://www.google.com/maps/place/NAPA+Auto+Parts+-+Clay+City+Automotive+Supply/data=!4m7!3m6!1s0x886da764d8f0ac99:0x8f1bd82dbe7b48ec!8m2!3d39.277299!4d-87.113076!16s%2Fg%2F1td4kwfh!19sChIJmazw2GSnbYgR7Eh7vi3YG48?authuser=0&hl=en&rclk=1,auto repair shop,Clay County,county,IN,2026-07-27T17:23:03,0x886da764d8f0ac99:0x8f1bd82dbe7b48ec
Durkee Automotive Inc,(302) 798-5656,http://durkeeauto.com/,,"8400 Governor Printz Blvd, Claymont, DE 19703, United States",8400 Governor Printz Blvd,Claymont,DE,19703,4.9,277,Auto repair shop,,,https://www.google.com/maps/place/Durkee+Automotive+Inc/data=!4m7!3m6!1s0x89c6e40aadd33061:0x873079d357191613!8m2!3d39.7962816!4d-75.4574051!16s%2Fg%2F1v4k7gqd!19sChIJYTDTrQrkxokRExYZV9N5MIc?authuser=0&hl=en&rclk=1,auto repair shop,Delaware County,county,IN,2026-07-27T18:25:53,0x89c6e40aadd33061:0x873079d357191613
Meineke Car Care Center,(302) 746-2026,https://www.meineke.com/locations/de/claymont-671/?utm_source=google&utm_medium=organic&utm_campaign=gbp_website,,"3005 Philadelphia Pike, Claymont, DE 19703, United States",3005 Philadelphia Pike,Claymont,DE,19703,4.3,1148,Auto repair shop,,,https://www.google.com/maps/place/Meineke+Car+Care+Center/data=!4m7!3m6!1s0x89c6e47613a4ad43:0x74fb5f6c11b6cf80!8m2!3d39.7975408!4d-75.4644746!16s%2Fg%2F1tjxgm67!19sChIJQ62kE3bkxokRgM-2EWxf-3Q?authuser=0&hl=en&rclk=1,auto repair shop,Delaware County,county,IN,2026-07-27T18:25:53,0x89c6e47613a4ad43:0x74fb5f6c11b6cf80
Kings Garage,,,,"10985 S, IN-13, Claypool, IN 46510, United States","10985 S, IN-13",Claypool,IN,46510,4.4,18,Auto repair shop,,,https://www.google.com/maps/place/Kings+Garage/data=!4m7!3m6!1s0x88142fa309d8ab0f:0x5248af670ac73bc0!8m2!3d41.0742263!4d-85.7432937!16s%2Fg%2F11fll62v54!19sChIJD6vYCaMvFIgRwDvHCmevSFI?authuser=0&hl=en&rclk=1,auto repair shop,Kosciusko County,county,IN,2026-07-27T21:33:33,0x88142fa309d8ab0f:0x5248af670ac73bc0
DiPuccio's Auto Repair Inc is now Extra Mile Auto Service,(513) 353-3787,https://www.extramileautoservice.com/,,"7030 OH-128 D, Cleves, OH 45002, United States",7030 OH-128 D,Cleves,OH,45002,4.7,39,Auto repair shop,,,https://www.google.com/maps/place/DiPuccio%27s+Auto+Repair+Inc+is+now+Extra+Mile+Auto+Service/data=!4m7!3m6!1s0x88403343c78bfa11:0x3a728f7d435fa71b!8m2!3d39.2181376!4d-84.7041724!16s%2Fg%2F1v1vdwdk!19sChIJEfqLx0MzQIgRG6dfQ32Pcjo?authuser=0&hl=en&rclk=1,auto repair shop,Dearborn County,county,IN,2026-07-27T18:06:19,0x88403343c78bfa11:0x3a728f7d435fa71b
Douglas Auto Body Center,,http://douglasdodge.com/,,"811 IL-54 W, Clinton, IL 61727, United States",811 IL-54 W,Clinton,IL,61727,5.0,2,Auto repair shop,,,https://www.google.com/maps/place/Douglas+Auto+Body+Center/data=!4m7!3m6!1s0x880b457ae0556379:0x5757ca516456c7d3!8m2!3d40.1485601!4d-88.9714476!16s%2Fg%2F11hy_4cby1!19sChIJeWNV4HpFC4gR08dWZFHKV1c?authuser=0&hl=en&rclk=1,auto repair shop,Clinton County,county,IN,2026-07-27T17:33:28,0x880b457ae0556379:0x5757ca516456c7d3
GT Discount Tire Pros,(865) 494-0361,https://www.gtdiscounttire.com/,,"2902 Andersonville Hwy, Clinton, TN 37716, United States",2902 Andersonville Hwy,Clinton,TN,37716,4.6,386,Tire shop,,,https://www.google.com/maps/place/GT+Discount+Tire+Pros/data=!4m7!3m6!1s0x885c465d41f8324d:0x8b758d0035c83c11!8m2!3d36.1814896!4d-84.0669751!16s%2Fg%2F1tjpr6pt!19sChIJTTL4QV1GXIgRETzINQCNdYs?authuser=0&hl=en&rclk=1,auto repair shop,Knox County,county,IN,2026-07-27T21:20:04,0x885c465d41f8324d:0x8b758d0035c83c11
Garfield & Canal Service Inc,(586) 286-1357,https://garfieldandcanalservice.com/,,"16933 Canal Rd, Clinton Township, MI 48038, United States",16933 Canal Rd,Clinton Township,MI,48038,3.6,268,Car repair and maintenance service,,,https://www.google.com/maps/place/Garfield+%26+Canal+Service+Inc/data=!4m7!3m6!1s0x8824defe36ad435f:0x6f38be5b052a67a4!8m2!3d42.6053879!4d-82.9513352!16s%2Fg%2F1ts1svyw!19sChIJX0OtNv7eJIgRpGcqBVu-OG8?authuser=0&hl=en&rclk=1,auto repair shop,Clinton County,county,IN,2026-07-27T17:33:28,0x8824defe36ad435f:0x6f38be5b052a67a4
"Jordan's Car Care, Inc",(765) 795-4007,,,"1 Stardust Rd, Cloverdale, IN 46120, United States",1 Stardust Rd,Cloverdale,IN,46120,4.7,112,Auto repair shop,,,"https://www.google.com/maps/place/Jordan%27s+Car+Care,+Inc/data=!4m7!3m6!1s0x886ce6a06cf12f25:0xf8fd162626b396a9!8m2!3d39.5260359!4d-86.8034878!16s%2Fg%2F11gb3zfj3b!19sChIJJS_xbKDmbIgRqZazJiYW_fg?authuser=0&hl=en&rclk=1",auto repair shop,Clay County,county,IN,2026-07-27T17:23:03,0x886ce6a06cf12f25:0xf8fd162626b396a9
Mikes Golf Cart & Small Engine Repair Shop,,,,"1544 N Cataract Rd, Cloverdale, IN 46120, United States",1544 N Cataract Rd,Cloverdale,IN,46120,5.0,1,Auto repair shop,,,https://www.google.com/maps/place/Mikes+Golf+Cart+%26+Small+Engine+Repair+Shop/data=!4m7!3m6!1s0x886cfb3cd7ce961b:0xa36658f28031a6f9!8m2!3d39.4420654!4d-86.797101!16s%2Fg%2F11tj_rp07w!19sChIJG5bO1zz7bIgR-aYxgPJYZqM?authuser=0&hl=en&rclk=1,auto repair shop,Owen County,county,IN,2026-07-27T23:43:06,0x886cfb3cd7ce961b:0xa36658f28031a6f9
"Putnamville Collision, Inc.",(765) 653-4512,http://www.putnamvillecollision.com/,,"551 US-40, Cloverdale, IN 46120, United States",551 US-40,Cloverdale,IN,46120,4.8,25,Auto body shop,,,"https://www.google.com/maps/place/Putnamville+Collision,+Inc./data=!4m7!3m6!1s0x886ce0f8995dd5c3:0x42c6f8d447f9f8a4!8m2!3d39.575709!4d-86.8602771!16s%2Fg%2F1v4702p9!19sChIJw9VdmfjgbIgRpPj5R9T4xkI?authuser=0&hl=en&rclk=1",auto repair shop,Putnam County,county,IN,2026-07-28T00:40:53,0x886ce0f8995dd5c3:0x42c6f8d447f9f8a4
ARS Automotive,,,,"5548 US-52, Colfax, IN 46035, United States",5548 US-52,Colfax,IN,46035,,,Auto repair shop,,,https://www.google.com/maps/place/ARS+Automotive/data=!4m7!3m6!1s0x88133f3784a34757:0x3d521b6aaa333d63!8m2!3d40.2061485!4d-86.6468998!16s%2Fg%2F11hdpfhygf!19sChIJV0ejhDc_E4gRYz0zqmobUj0?authuser=0&hl=en&rclk=1,auto repair shop,Morgan County,county,IN,2026-07-27T23:03:34,0x88133f3784a34757:0x3d521b6aaa333d63
Dobbin Auto Repair Inc.,(410) 884-9598,https://dobbinautorepair.com/,,"6465 Dobbin Center Way #C, Columbia, MD 21045, United States",6465 Dobbin Center Way #C,Columbia,MD,21045,4.4,485,Auto repair shop,,,https://www.google.com/maps/place/Dobbin+Auto+Repair+Inc./data=!4m7!3m6!1s0x89b7e0796acf78cd:0x3e8853e16474ea50!8m2!3d39.1959574!4d-76.8217766!16s%2Fg%2F113j__t7l!19sChIJzXjPanngt4kRUOp0ZOFTiD4?authuser=0&hl=en&rclk=1,auto repair shop,Howard County,county,IN,2026-07-27T20:25:04,0x89b7e0796acf78cd:0x3e8853e16474ea50
"Buchanan Automotive, Inc.",(260) 244-6105,https://buchananbodyshop.com/,,"2525 E Business 30, Columbia City, IN 46725, United States",2525 E Business 30,Columbia City,IN,46725,4.9,168,Auto body shop,,,"https://www.google.com/maps/place/Buchanan+Automotive,+Inc./data=!4m7!3m6!1s0x8815d5c770e5f43f:0xceeb356b18bfd56!8m2!3d41.140686!4d-85.4433059!16s%2Fg%2F1tftrpww!19sChIJP_TlcMfVFYgRVv2LsVaz7gw?authuser=0&hl=en&rclk=1",auto repair shop,Noble County,county,IN,2026-07-27T23:16:21,0x8815d5c770e5f43f:0xceeb356b18bfd56
Gene Reeg Motor Sales Inc,(260) 244-6521,https://www.facebook.com/Gene-Reeg-Motor-Sales-Inc-145334608831923,,"201 S Main St, Columbia City, IN 46725, United States",201 S Main St,Columbia City,IN,46725,4.5,13,Auto repair shop,,,https://www.google.com/maps/place/Gene+Reeg+Motor+Sales+Inc/data=!4m7!3m6!1s0x8815d6f84d8aa661:0x42643c72663660af!8m2!3d41.155774!4d-85.4881027!16s%2Fg%2F1tj3lpk0!19sChIJYaaKTfjWFYgRr2A2ZnI8ZEI?authuser=0&hl=en&rclk=1,auto repair shop,Whitley County,county,IN,2026-07-28T02:51:26,0x8815d6f84d8aa661:0x42643c72663660af
Jerry's Tire Services Inc,(260) 244-5927,http://jerrystireserviceinc.ezytire.com/,,"1045 US-30 BUS, Columbia City, IN 46725, United States",1045 US-30 BUS,Columbia City,IN,46725,4.4,123,Tire shop,,,https://www.google.com/maps/place/Jerry%27s+Tire+Services+Inc/data=!4m7!3m6!1s0x8815d70432f17529:0x11f21580cd86c523!8m2!3d41.1466582!4d-85.47089!16s%2Fg%2F1tg9t8_0!19sChIJKXXxMgTXFYgRI8WGzYAV8hE?authuser=0&hl=en&rclk=1,auto repair shop,Whitley County,county,IN,2026-07-28T02:51:26,0x8815d70432f17529:0x11f21580cd86c523
S Auto Care LLC,,,,"713 S Whitley St, Columbia City, IN 46725, United States",713 S Whitley St,Columbia City,IN,46725,5.0,1,Auto repair shop,,,https://www.google.com/maps/place/S+Auto+Care+LLC/data=!4m7!3m6!1s0x8815d6f9a10079cf:0x51b12aafc00dde74!8m2!3d41.1481063!4d-85.4868299!16s%2Fg%2F1hf1ns1wf!19sChIJz3kAofnWFYgRdN4NwK8qsVE?authuser=0&hl=en&rclk=1,auto repair shop,Whitley County,county,IN,2026-07-28T02:51:26,0x8815d6f9a10079cf:0x51b12aafc00dde74
Take 5 Oil Change,(219) 881-8321,https://www.take5.com/locations/oil-change/indiana/columbia-city/31427/?utm_source=google&utm_medium=organic&utm_campaign=gbp_website,,"559 N Line St, Columbia City, IN 46725, United States",559 N Line St,Columbia City,IN,46725,4.9,3102,Oil change service,,,https://www.google.com/maps/place/Take+5+Oil+Change/data=!4m7!3m6!1s0x8815d755c6d994ed:0x356002dfc4ce33f1!8m2!3d41.1687754!4d-85.4942466!16s%2Fg%2F11t6yh4qvs!19sChIJ7ZTZxlXXFYgR8TPOxN8CYDU?authuser=0&hl=en&rclk=1,auto repair shop,Whitley County,county,IN,2026-07-28T02:51:26,0x8815d755c6d994ed:0x356002dfc4ce33f1
AAMCO Transmissions & Total Car Care,(812) 558-2657,https://www.aamcocolumbusin.com/?utm_source=G&utm_medium=local&utm_campaign=google-local,,"3075 Central Ave, Columbus, IN 47203, United States",3075 Central Ave,Columbus,IN,47203,4.8,121,Transmission shop,,,https://www.google.com/maps/place/AAMCO+Transmissions+%26+Total+Car+Care/data=!4m7!3m6!1s0x886ba11cb74cc059:0xe10ca73f0c9a5f0!8m2!3d39.2302306!4d-85.9030151!16s%2Fg%2F11tjhp8r24!19sChIJWcBMtxyha4gR8KXJ8HPKEA4?authuser=0&hl=en&rclk=1,auto repair shop,Bartholomew County,county,IN,2026-07-27T16:08:33,0x886ba11cb74cc059:0xe10ca73f0c9a5f0
Anderson Auto Mobile Auto Repair,,,,"We Come To YOU, Columbus, IN 47201, United States",We Come To YOU,Columbus,IN,47201,3.0,2,Auto repair shop,,,https://www.google.com/maps/place/Anderson+Auto+Mobile+Auto+Repair/data=!4m7!3m6!1s0x886ba1f5e2c8734b:0x5beef4402a95684e!8m2!3d39.2015042!4d-85.9213454!16s%2Fg%2F11zkctdt2l!19sChIJS3PI4vWha4gRTmiVKkD07ls?authuser=0&hl=en&rclk=1,auto repair shop,Bartholomew County,county,IN,2026-07-27T16:08:33,0x886ba1f5e2c8734b:0x5beef4402a95684e
Byrider Columbus Service Center,,,,"2150 Southeastern Ave, Columbus, IN 47201, United States",2150 Southeastern Ave,Columbus,IN,47201,4.3,33,Auto repair shop,,,https://www.google.com/maps/place/Byrider+Columbus+Service+Center/data=!4m7!3m6!1s0x886ba1bad314438d:0xa6d0a23e93f21f77!8m2!3d39.1946081!4d-85.8998768!16s%2Fg%2F11fct5l0lf!19sChIJjUMU07qha4gRdx_ykz6i0KY?authuser=0&hl=en&rclk=1,auto repair shop,Bartholomew County,county,IN,2026-07-27T16:08:33,0x886ba1bad314438d:0xa6d0a23e93f21f77
Champion Body Shop & Auto Repair,,,,"518 S Cherry St, Columbus, IN 47201, United States",518 S Cherry St,Columbus,IN,47201,3.8,12,Auto body shop,,,https://www.google.com/maps/place/Champion+Body+Shop+%26+Auto+Repair/data=!4m7!3m6!1s0x886ba1a3673591dd:0x4af3593757924adb!8m2!3d39.1911444!4d-85.8986108!16s%2Fg%2F11ggrq7qtl!19sChIJ3ZE1Z6Oha4gR20qSVzdZ80o?authuser=0&hl=en&rclk=1,auto repair shop,Bartholomew County,county,IN,2026-07-27T16:08:33,0x886ba1a3673591dd:0x4af3593757924adb
"Dartco Transmission Sales & Service, Inc.",(812) 378-9599,http://www.dartcotransmission.com/,,"4390 Long Rd, Columbus, IN 47203, United States",4390 Long Rd,Columbus,IN,47203,3.8,4,Transmission shop,,,"https://www.google.com/maps/place/Dartco+Transmission+Sales+%26+Service,+Inc./data=!4m7!3m6!1s0x886b9ffc79fbfc45:0xcb8111267fe79cbf!8m2!3d39.2437374!4d-85.9377922!16s%2Fg%2F11x9x26c3!19sChIJRfz7efyfa4gRv5znfyYRgcs?authuser=0&hl=en&rclk=1",auto repair shop,Bartholomew County,county,IN,2026-07-27T16:08:34,0x886b9ffc79fbfc45:0xcb8111267fe79cbf
Heritage Automotive,,http://www.heritageautomotivesales.com/,,"5150 N Indianapolis Rd, Columbus, IN 47203, United States",5150 N Indianapolis Rd,Columbus,IN,47203,4.8,285,Used car dealer,,,https://www.google.com/maps/place/Heritage+Automotive/data=!4m7!3m6!1s0x886ba06a2bb272b5:0xc5d5480203626742!8m2!3d39.2531356!4d-85.9411682!16s%2Fg%2F11g8vmr6rp!19sChIJtXKyK2qga4gRQmdiAwJI1cU?authuser=0&hl=en&rclk=1,auto repair shop,Bartholomew County,county,IN,2026-07-27T16:08:34,0x886ba06a2bb272b5:0xc5d5480203626742
Jiffy Lube,(812) 372-3737,https://indianajiffylube.com/columbus-in-oil-change/,,"2480 N National Rd, Columbus, IN 47201, United States",2480 N National Rd,Columbus,IN,47201,4.7,1193,Oil change service,,,https://www.google.com/maps/place/Jiffy+Lube/data=!4m7!3m6!1s0x886ba05f368857b1:0xbf2fb7f31890966b!8m2!3d39.2227241!4d-85.8912052!16s%2Fg%2F1td1qmq4!19sChIJsVeINl-ga4gRa5aQGPO3L78?authuser=0&hl=en&rclk=1,auto repair shop,Bartholomew County,county,IN,2026-07-27T16:08:33,0x886ba05f368857b1:0xbf2fb7f31890966b
Jiffy Lube Oil Change,(614) 279-8200,https://www.jiffylube.com/locations/oh/columbus/367,,"515 Georgesville Rd, Columbus, OH 43228, United States",515 Georgesville Rd,Columbus,OH,43228,4.4,906,Oil change service,,,https://www.google.com/maps/place/Jiffy+Lube+Oil+Change/data=!4m7!3m6!1s0x8838907814416ee5:0xdbbbbc5208a61af7!8m2!3d39.9418027!4d-83.112401!16s%2Fg%2F1thd2gjf!19sChIJ5W5BFHiQOIgR9xqmCFK8u9s?authuser=0&hl=en&rclk=1,auto repair shop,Franklin County,county,IN,2026-07-27T19:18:01,0x8838907814416ee5:0xdbbbbc5208a61af7
Midas,(812) 669-1540,https://www.midas.com/store/in/columbus/2995-central-avenue-47201/?shopnum=2626&utm_source=google&utm_medium=organic&utm_campaign=gbp,,"2995 Central Ave, Columbus, IN 47201, United States",2995 Central Ave,Columbus,IN,47201,4.3,601,Auto repair shop,,,https://www.google.com/maps/place/Midas/data=!4m7!3m6!1s0x886ba0699036af17:0x8e695d2e63796cea!8m2!3d39.229515!4d-85.9037!16s%2Fg%2F1tf29fdj!19sChIJF682kGmga4gR6mx5Yy5daY4?authuser=0&hl=en&rclk=1,auto repair shop,Bartholomew County,county,IN,2026-07-27T16:08:33,0x886ba0699036af17:0x8e695d2e63796cea
NAPA Auto Parts - Southern Indiana Parts Inc,(812) 372-8411,https://www.napaonline.com/en/IN/Columbus/store/22612?cid=pl_jobber_google_dac_22612_ao,,"3665 N National Rd, Columbus, IN 47201, United States",3665 N National Rd,Columbus,IN,47201,4.6,108,Auto parts store,,,https://www.google.com/maps/place/NAPA+Auto+Parts+-+Southern+Indiana+Parts+Inc/data=!4m7!3m6!1s0x886b9ff7771c3ccb:0xdd5808e0675dc733!8m2!3d39.239717!4d-85.933538!16s%2Fg%2F1tc_rrqn!19sChIJyzwcd_efa4gRM8ddZ-AIWN0?authuser=0&hl=en&rclk=1,auto repair shop,Bartholomew County,county,IN,2026-07-27T16:08:34,0x886b9ff7771c3ccb:0xdd5808e0675dc733
Nichols Body Company Inc.,(812) 372-2557,http://www.nicholsbodyandrepair.com/,,"3081 N National Rd, Columbus, IN 47203, United States",3081 N National Rd,Columbus,IN,47203,4.6,130,Auto body shop,,,https://www.google.com/maps/place/Nichols+Body+Company+Inc./data=!4m7!3m6!1s0x886ba069bb95b9cd:0x261337edfa43ad1!8m2!3d39.2300339!4d-85.9024195!16s%2Fg%2F1th2948f!19sChIJzbmVu2mga4gR0Tqk334zYQI?authuser=0&hl=en&rclk=1,auto repair shop,Bartholomew County,county,IN,2026-07-27T16:08:33,0x886ba069bb95b9cd:0x261337edfa43ad1
Phil's Garage Inc.,(812) 372-8242,,,"531 Center St, Columbus, IN 47201, United States",531 Center St,Columbus,IN,47201,5.0,1,Auto repair shop,,,https://www.google.com/maps/place/Phil%27s+Garage+Inc./data=!4m7!3m6!1s0x886ba1a3502790c1:0xcab1c4167ea84799!8m2!3d39.1909266!4d-85.8992379!16s%2Fg%2F11yb7rccwc!19sChIJwZAnUKOha4gRmUeofhbEsco?authuser=0&hl=en&rclk=1,auto repair shop,Bartholomew County,county,IN,2026-07-27T16:08:33,0x886ba1a3502790c1:0xcab1c4167ea84799
Recon Center of Columbus,,,,"965 Repp Dr, Columbus, IN 47201, United States",965 Repp Dr,Columbus,IN,47201,5.0,5,Auto repair shop,,,https://www.google.com/maps/place/Recon+Center+of+Columbus/data=!4m7!3m6!1s0x886ba1a87dcd7c55:0x1c5dfeb601582c88!8m2!3d39.1860377!4d-85.883662!16s%2Fg%2F11mvzcrc03!19sChIJVXzNfaiha4gRiCxYAbb-XRw?authuser=0&hl=en&rclk=1,auto repair shop,Bartholomew County,county,IN,2026-07-27T16:08:33,0x886ba1a87dcd7c55:0x1c5dfeb601582c88
Shaddai Auto Shop,,,,"2519 25th St, Columbus, IN 47201, United States",2519 25th St,Columbus,IN,47201,3.3,7,Auto repair shop,,,https://www.google.com/maps/place/Shaddai+Auto+Shop/data=!4m7!3m6!1s0x886ba05eacb361eb:0xa08bd4aad4306796!8m2!3d39.2225424!4d-85.894344!16s%2Fg%2F11h3vbm6s8!19sChIJ62GzrF6ga4gRlmcw1KrUi6A?authuser=0&hl=en&rclk=1,auto repair shop,Bartholomew County,county,IN,2026-07-27T16:08:33,0x886ba05eacb361eb:0xa08bd4aad4306796
Tecnico AutoMotriz,,,,"2329 N Cherry St, Columbus, IN 47201, United States",2329 N Cherry St,Columbus,IN,47201,,,Auto repair shop,,,https://www.google.com/maps/place/Tecnico+AutoMotriz/data=!4m7!3m6!1s0x886ba100603ca889:0x1697c6e5493f4b44!8m2!3d39.2220566!4d-85.9062048!16s%2Fg%2F11yvdc64h5!19sChIJiag8YACha4gRREs_SeXGlxY?authuser=0&hl=en&rclk=1,auto repair shop,Bartholomew County,county,IN,2026-07-27T16:08:33,0x886ba100603ca889:0x1697c6e5493f4b44
Valvoline Instant Oil Change,(812) 302-2558,https://store.vioc.com/in/columbus/2965-n-national-rd?utm_source=google&utm_medium=local&utm_campaign=localsearch,,"2965 N National Rd, Columbus, IN 47201, United States",2965 N National Rd,Columbus,IN,47201,4.5,343,Oil change service,,,https://www.google.com/maps/place/Valvoline+Instant+Oil+Change/data=!4m7!3m6!1s0x886ba1cb4a06c49b:0x9f55500b4027cbe0!8m2!3d39.22826!4d-85.89772!16s%2Fg%2F11tf41smvp!19sChIJm8QGSsuha4gR4MsnQAtQVZ8?authuser=0&hl=en&rclk=1,auto repair shop,Bartholomew County,county,IN,2026-07-27T16:08:34,0x886ba1cb4a06c49b:0x9f55500b4027cbe0
Voelz Body Shop Inc,(812) 376-8868,https://www.voelzbodyshop.com/,,"3471 Market St, Columbus, IN 47201, United States",3471 Market St,Columbus,IN,47201,4.6,170,Auto body shop,,,https://www.google.com/maps/place/Voelz+Body+Shop+Inc/data=!4m7!3m6!1s0x886b9ff7b0a8ac05:0xe282f2cfe3410379!8m2!3d39.2368016!4d-85.9320075!16s%2Fg%2F1tfrhhw_!19sChIJBayosPefa4gReQNB48_yguI?authuser=0&hl=en&rclk=1,auto repair shop,Bartholomew County,county,IN,2026-07-27T16:08:33,0x886b9ff7b0a8ac05:0xe282f2cfe3410379
Walmart Auto Care Center,(812) 375-1709,https://www.walmart.com/store/1371-columbus-in/auto-care-center/?veh=seo_loc,,"735 Whitfield Dr, Columbus, IN 47201, United States",735 Whitfield Dr,Columbus,IN,47201,3.1,101,Oil change service,,,https://www.google.com/maps/place/Walmart+Auto+Care+Center/data=!4m7!3m6!1s0x886ba0fd6ed482cf:0xfe2d72c56ef2c20e!8m2!3d39.2058098!4d-85.8801776!16s%2Fg%2F1tlc8tkc!19sChIJz4LUbv2ga4gRDsLybsVyLf4?authuser=0&hl=en&rclk=1,auto repair shop,Bartholomew County,county,IN,2026-07-27T16:08:34,0x886ba0fd6ed482cf:0xfe2d72c56ef2c20e
Walmart Auto Care Center,(812) 375-1684,https://www.walmart.com/store/4216-columbus-in/auto-care-center/?veh=seo_loc,,"2025 Merchant Mile, Columbus, IN 47201, United States",2025 Merchant Mile,Columbus,IN,47201,3.7,105,Oil change service,,,https://www.google.com/maps/place/Walmart+Auto+Care+Center/data=!4m7!3m6!1s0x886b9f12b1f2ece9:0xf61bc14614daeffb!8m2!3d39.1959834!4d-85.9465907!16s%2Fg%2F1v6l871h!19sChIJ6ezysRKfa4gR--_aFEbBG_Y?authuser=0&hl=en&rclk=1,auto repair shop,Bartholomew County,county,IN,2026-07-27T16:08:34,0x886b9f12b1f2ece9:0xf61bc14614daeffb
John's Automotive,,,,"218 E 3rd St, Connersville, IN 47331, United States",218 E 3rd St,Connersville,IN,47331,4.5,22,Auto repair shop,,,https://www.google.com/maps/place/John%27s+Automotive/data=!4m7!3m6!1s0x886abb7b5d462d87:0x8fc8ed3374088fb!8m2!3d39.6387218!4d-85.1387264!16s%2Fg%2F1thf996z!19sChIJhy1GXXu7aogR-4hAN9OO_Ag?authuser=0&hl=en&rclk=1,auto repair shop,Fayette County,county,IN,2026-07-27T18:57:35,0x886abb7b5d462d87:0x8fc8ed3374088fb
"Riedman Motors Co, Inc",(765) 825-4341,https://www.riedmanmotors.net/?utm_source=google&utm_medium=organic&utm_campaign=gbp,,"610 N Grand Ave, Connersville, IN 47331, United States",610 N Grand Ave,Connersville,IN,47331,4.6,279,Car dealer,,,"https://www.google.com/maps/place/Riedman+Motors+Co,+Inc/data=!4m7!3m6!1s0x886abb7a9dc55555:0xcc51d85a6e75fe19!8m2!3d39.6430735!4d-85.1392258!16s%2Fg%2F11q4d21n51!19sChIJVVXFnXq7aogRGf51blrYUcw?authuser=0&hl=en&rclk=1",auto repair shop,Fayette County,county,IN,2026-07-27T18:57:36,0x886abb7a9dc55555:0xcc51d85a6e75fe19
Steele Auto Repair,,,,"185 S 1st St, Connersville, IN 47331, United States",185 S 1st St,Connersville,IN,47331,4.5,2,Auto repair shop,,,https://www.google.com/maps/place/Steele+Auto+Repair/data=!4m7!3m6!1s0x886abbca0f711ab9:0xd1c7492a08732db5!8m2!3d39.6356211!4d-85.1422768!16s%2Fg%2F11ljyb28jz!19sChIJuRpxD8q7aogRtS1zCCpJx9E?authuser=0&hl=en&rclk=1,auto repair shop,Fayette County,county,IN,2026-07-27T18:57:35,0x886abbca0f711ab9:0xd1c7492a08732db5
Weiler Body Shop Inc,(765) 827-4030,,,"1324 S Co Rd 350 E, Connersville, IN 47331, United States",1324 S Co Rd 350 E,Connersville,IN,47331,4.2,5,Auto repair shop,,,https://www.google.com/maps/place/Weiler+Body+Shop+Inc/data=!4m7!3m6!1s0x886abcba8dbfcbc9:0x6723b38c6fda846f!8m2!3d39.6234724!4d-85.0720533!16s%2Fg%2F12631dlrt!19sChIJycu_jbq8aogRb4Tab4yzI2c?authuser=0&hl=en&rclk=1,auto repair shop,Fayette County,county,IN,2026-07-27T18:57:36,0x886abcba8dbfcbc9:0x6723b38c6fda846f
Corydon Auto Collision Inc,(812) 738-7184,http://corydonautocollision.com/,,"1993 Allison Ln NW, Corydon, IN 47112, United States",1993 Allison Ln NW,Corydon,IN,47112,5.0,131,Auto body shop,,,https://www.google.com/maps/place/Corydon+Auto+Collision+Inc/data=!4m7!3m6!1s0x8869379644cdf505:0x1aca1badb5aa57e3!8m2!3d38.2303834!4d-86.1387772!16s%2Fg%2F11h3gc11c8!19sChIJBfXNRJY3aYgR41eqta0byho?authuser=0&hl=en&rclk=1,auto repair shop,Crawford County,county,IN,2026-07-27T17:48:00,0x8869379644cdf505:0x1aca1badb5aa57e3
"Heritage Ford, Inc. Service",(800) 343-9191,https://www.heritagefd.com/service/index.htm?utm_source=google&utm_medium=organic&utm_campaign=gmb-listing,,"2075 Edsel Ln NW, Corydon, IN 47112, United States",2075 Edsel Ln NW,Corydon,IN,47112,5.0,1,Auto repair shop,,,"https://www.google.com/maps/place/Heritage+Ford,+Inc.+Service/data=!4m7!3m6!1s0x88693711de95e8e7:0x2dfba095f821e06a!8m2!3d38.2317493!4d-86.134334!16s%2Fg%2F11n0vcqh7h!19sChIJ5-iV3hE3aYgRauAh-JWg-y0?authuser=0&hl=en&rclk=1",auto repair shop,Crawford County,county,IN,2026-07-27T17:48:00,0x88693711de95e8e7:0x2dfba095f821e06a
"Rick's Service Center, Inc.",(812) 738-4816,http://ricksservicecenterinc.com/,,"4590 IN-135, Corydon, IN 47112, United States",4590 IN-135,Corydon,IN,47112,4.4,178,Auto repair shop,,,"https://www.google.com/maps/place/Rick%27s+Service+Center,+Inc./data=!4m7!3m6!1s0x886948161325ddd9:0x7b847f874bf94c1!8m2!3d38.2677876!4d-86.1121416!16s%2Fg%2F1tmpl7dj!19sChIJ2d0lExZIaYgRwZS_dPhHuAc?authuser=0&hl=en&rclk=1",auto repair shop,Clark County,county,IN,2026-07-27T17:19:52,0x886948161325ddd9:0x7b847f874bf94c1
Shaffers Towing Recovery & Auto Repair INC,(812) 738-6870,https://shafferstowingrecovery.com/?utm_source=omg-gbp&utm_medium=webclick,,"204 W Walnut St, Corydon, IN 47112, United States",204 W Walnut St,Corydon,IN,47112,4.5,166,Towing service,,,https://www.google.com/maps/place/Shaffers+Towing+Recovery+%26+Auto+Repair+INC/data=!4m7!3m6!1s0x88693117e392757f:0xe36362b415144aea!8m2!3d38.212649!4d-86.1276093!16s%2Fg%2F11bwh5t4sb!19sChIJf3WS4xcxaYgR6koUFbRiY-M?authuser=0&hl=en&rclk=1,auto repair shop,Crawford County,county,IN,2026-07-27T17:48:00,0x88693117e392757f:0xe36362b415144aea
Trusty Tire Inc,(812) 738-4212,https://www.trustytireinc.com/,,"1074 Old Forest Rd NW, Corydon, IN 47112, United States",1074 Old Forest Rd NW,Corydon,IN,47112,4.7,422,Tire shop,,,https://www.google.com/maps/place/Trusty+Tire+Inc/data=!4m7!3m6!1s0x8869365a50f19525:0xb8732757f73a2fab!8m2!3d38.2192447!4d-86.1470769!16s%2Fg%2F1tg_gt0k!19sChIJJZXxUFo2aYgRqy8691cnc7g?authuser=0&hl=en&rclk=1,auto repair shop,Crawford County,county,IN,2026-07-27T17:48:00,0x8869365a50f19525:0xb8732757f73a2fab
D & M Powell Inc.,(765) 793-1915,,,"329 S Stringtown Rd, Covington, IN 47932, United States",329 S Stringtown Rd,Covington,IN,47932,4.7,107,Truck repair shop,,,https://www.google.com/maps/place/D+%26+M+Powell+Inc./data=!4m7!3m6!1s0x8812b000aac897ff:0xb0dc740bfc66323f!8m2!3d40.1157333!4d-87.3756233!16s%2Fg%2F11c6lvs15n!19sChIJ_5fIqgCwEogRPzJm_At03LA?authuser=0&hl=en&rclk=1,auto repair shop,Fountain County,county,IN,2026-07-27T19:11:18,0x8812b000aac897ff:0xb0dc740bfc66323f
Waclaw Body Shop Inc,(765) 793-3262,,,"210 3rd St, Covington, IN 47932, United States",210 3rd St,Covington,IN,47932,,,Auto body shop,,,https://www.google.com/maps/place/Waclaw+Body+Shop+Inc/data=!4m7!3m6!1s0x8812a54098176e29:0x96cfcc1721e2dbde!8m2!3d40.135983!4d-87.397222!16s%2Fg%2F1vtqwq1w!19sChIJKW4XmEClEogR3tviIRfMz5Y?authuser=0&hl=en&rclk=1,auto repair shop,Warren County,county,IN,2026-07-28T02:18:26,0x8812a54098176e29:0x96cfcc1721e2dbde
Midas,(765) 340-2774,https://www.midas.com/store/in/crawfordsville/105-e-south-blvd-47933/?shopnum=2887&utm_source=google&utm_medium=organic&utm_campaign=gbp,,"105 E South Blvd, Crawfordsville, IN 47933, United States",105 E South Blvd,Crawfordsville,IN,47933,4.6,440,Auto repair shop,,,https://www.google.com/maps/place/Midas/data=!4m7!3m6!1s0x881329fdc960f911:0x6675d658cbfe3cb!8m2!3d40.0245609!4d-86.9003176!16s%2Fg%2F11s3lp3w1x!19sChIJEflgyf0pE4gRy-O_jGVdZwY?authuser=0&hl=en&rclk=1,auto repair shop,Lawrence County,county,IN,2026-07-27T22:03:19,0x881329fdc960f911:0x6675d658cbfe3cb
CS Mobile Auto LLC,,,,"9936 E Starry Eyed Ln, Cromwell, IN 46732, United States",9936 E Starry Eyed Ln,Cromwell,IN,46732,4.5,21,Auto repair shop,,,https://www.google.com/maps/place/CS+Mobile+Auto+LLC/data=!4m7!3m6!1s0x88168931ee6d5f31:0xd393adcbea89bf90!8m2!3d41.4094247!4d-85.6546658!16s%2Fg%2F11qnbtw4ms!19sChIJMV9t7jGJFogRkL-J6sutk9M?authuser=0&hl=en&rclk=1,auto repair shop,Kosciusko County,county,IN,2026-07-27T21:33:33,0x88168931ee6d5f31:0xd393adcbea89bf90
T&T Auto Inc,(574) 772-0475,https://ttautoinc.net/,,"11051 IN-8, Culver, IN 46511, United States",11051 IN-8,Culver,IN,46511,4.9,83,Auto body shop,,,https://www.google.com/maps/place/T%26T+Auto+Inc/data=!4m7!3m6!1s0x88115940a8ee9fe5:0x4e589bd622160bb0!8m2!3d41.287485!4d-86.4848828!16s%2Fg%2F1hc4bm7dc!19sChIJ5Z_uqEBZEYgRsAsWItabWE4?authuser=0&hl=en&rclk=1,auto repair shop,Jasper County,county,IN,2026-07-27T20:40:05,0x88115940a8ee9fe5:0x4e589bd622160bb0
Phelps Service,,,,"4818 IN-71, Dana, IN 47847, United States",4818 IN-71,Dana,IN,47847,,,Auto repair shop,,,https://www.google.com/maps/place/Phelps+Service/data=!4m7!3m6!1s0x886d576a3148e2f7:0x23ac8d80fe91338a!8m2!3d39.8138162!4d-87.4944979!16s%2Fg%2F11kpf2l38c!19sChIJ9-JIMWpXbYgRijOR_oCNrCM?authuser=0&hl=en&rclk=1,auto repair shop,Parke County,county,IN,2026-07-27T23:54:28,0x886d576a3148e2f7:0x23ac8d80fe91338a
Mike's Garage,,,,"3284 S County Rd 475 W, Danville, IN 46122, United States",3284 S County Rd 475 W,Danville,IN,46122,3.8,5,Auto repair shop,,,https://www.google.com/maps/place/Mike%27s+Garage/data=!4m7!3m6!1s0x886cc7ff41a67a6b:0x89ea22bf35d20547!8m2!3d39.7126777!4d-86.6097061!16s%2Fg%2F11gr2457th!19sChIJa3qmQf_HbIgRRwXSNb8i6ok?authuser=0&hl=en&rclk=1,auto repair shop,Hendricks County,county,IN,2026-07-27T20:20:11,0x886cc7ff41a67a6b:0x89ea22bf35d20547
J C Auto Electric Inc,(219) 345-3345,https://jcautoelectric.com/contact.html,,"10024 IN-55, De Motte, IN 46310, United States",10024 IN-55,De Motte,IN,46310,4.6,58,Tire shop,,,https://www.google.com/maps/place/J+C+Auto+Electric+Inc/data=!4m7!3m6!1s0x88121ba3850faa1b:0x82ddbc39883a560a!8m2!3d41.1452055!4d-87.3345696!16s%2Fg%2F1vlk24ym!19sChIJG6oPhaMbEogRClY6iDm83YI?authuser=0&hl=en&rclk=1,auto repair shop,Jasper County,county,IN,2026-07-27T20:40:05,0x88121ba3850faa1b:0x82ddbc39883a560a
Ron's Complete Auto Unlimited Inc.,(219) 987-4685,,,"5617 IN-10, De Motte, IN 46310, United States",5617 IN-10,De Motte,IN,46310,4.6,69,Auto repair shop,,,https://www.google.com/maps/place/Ron%27s+Complete+Auto+Unlimited+Inc./data=!4m7!3m6!1s0x8812213869a021a7:0x1976c26dd97deb09!8m2!3d41.1865913!4d-87.1535948!16s%2Fg%2F1tfs1p3z!19sChIJpyGgaTghEogRCet92W3Cdhk?authuser=0&hl=en&rclk=1,auto repair shop,Benton County,county,IN,2026-07-27T16:21:16,0x8812213869a021a7:0x1976c26dd97deb09
A&H Auto repairs,,,,"N 4th St, DeKalb, IL 60115, United States",N 4th St,DeKalb,IL,60115,5.0,1,Auto repair shop,,,https://www.google.com/maps/place/A%26H+Auto+repairs/data=!4m7!3m6!1s0x880f2b003ad04541:0xfe2e19bb27de0295!8m2!3d41.9330053!4d-88.7483165!16s%2Fg%2F11nqlqr282!19sChIJQUXQOgArD4gRlQLeJ7sZLv4?authuser=0&hl=en&rclk=1,auto repair shop,DeKalb County,county,IN,2026-07-27T18:18:03,0x880f2b003ad04541:0xfe2e19bb27de0295
AAMCO Transmissions & Total Car Care,(404) 738-5828,http://www.aamcodecaturga-covingtonhwy.com/?utm_source=G&utm_medium=local&utm_campaign=google-local,,"4842 Covington Hwy, Decatur, GA 30035, United States",4842 Covington Hwy,Decatur,GA,30035,4.4,258,Transmission shop,,,https://www.google.com/maps/place/AAMCO+Transmissions+%26+Total+Car+Care/data=!4m7!3m6!1s0x88f5abc5a7b5ac63:0x6be3500b777eafec!8m2!3d33.736441!4d-84.215456!16s%2Fg%2F1tdqcf1g!19sChIJY6y1p8Wr9YgR7K9-dwtQ42s?authuser=0&hl=en&rclk=1,auto repair shop,DeKalb County,county,IN,2026-07-27T18:18:03,0x88f5abc5a7b5ac63:0x6be3500b777eafec
AAMCO Transmissions & Total Car Care,(404) 982-4221,http://www.aamcodecaturga-north.com/?utm_source=G&utm_medium=local&utm_campaign=google-local,,"2968 N Decatur Rd, Decatur, GA 30033, United States",2968 N Decatur Rd,Decatur,GA,30033,4.0,227,Transmission shop,,,https://www.google.com/maps/place/AAMCO+Transmissions+%26+Total+Car+Care/data=!4m7!3m6!1s0x88f5077e37f13133:0x6070977a35fc1b17!8m2!3d33.794209!4d-84.271279!16s%2Fg%2F1thl686r!19sChIJMzHxN34H9YgRFxv8NXqXcGA?authuser=0&hl=en&rclk=1,auto repair shop,DeKalb County,county,IN,2026-07-27T18:18:03,0x88f5077e37f13133:0x6070977a35fc1b17
Decatur Auto Tech Inc.,(404) 373-0101,https://decaturautotech.us/,,"2729 E College Ave, Decatur, GA 30030, United States",2729 E College Ave,Decatur,GA,30030,4.0,209,Auto repair shop,,,https://www.google.com/maps/place/Decatur+Auto+Tech+Inc./data=!4m7!3m6!1s0x88f5075d766747c9:0x70c29f5ee88f0da0!8m2!3d33.7747289!4d-84.2782125!16s%2Fg%2F1tg_xy49!19sChIJyUdndl0H9YgRoA2P6F6fwnA?authuser=0&hl=en&rclk=1,auto repair shop,Decatur County,county,IN,2026-07-27T18:09:26,0x88f5075d766747c9:0x70c29f5ee88f0da0
Emissions,,,,"2832 N Decatur Rd, Decatur, GA 30033, United States",2832 N Decatur Rd,Decatur,GA,30033,4.7,23,Auto repair shop,,,https://www.google.com/maps/place/Emissions/data=!4m7!3m6!1s0x88f5077910a7c7bf:0xe6c47966d3807275!8m2!3d33.7944416!4d-84.2769743!16s%2Fg%2F11fn7zy8qs!19sChIJv8enEHkH9YgRdXKA02Z5xOY?authuser=0&hl=en&rclk=1,auto repair shop,DeKalb County,county,IN,2026-07-27T18:18:03,0x88f5077910a7c7bf:0xe6c47966d3807275
"GIRODS GARAGE, INC.",(260) 724-3295,,,"3350 E 800 N, Decatur, IN 46733, United States",3350 E 800 N,Decatur,IN,46733,4.8,50,Car repair and maintenance service,,,"https://www.google.com/maps/place/GIRODS+GARAGE,+INC./data=!4m7!3m6!1s0x883e1f4113f4a013:0x55b02474b8983641!8m2!3d40.8612417!4d-84.8740917!16s%2Fg%2F11c4bcpr66!19sChIJE6D0E0EfPogRQTaYuHQksFU?authuser=0&hl=en&rclk=1",auto repair shop,Decatur County,county,IN,2026-07-27T18:09:26,0x883e1f4113f4a013:0x55b02474b8983641
Goodyear Auto Service,(404) 241-5556,https://www.goodyear.com/en-us/goodyearautoservice,,"2731 Candler Rd, Decatur, GA 30034, United States",2731 Candler Rd,Decatur,GA,30034,4.1,274,Tire shop,,,https://www.google.com/maps/place/Goodyear+Auto+Service/data=!4m7!3m6!1s0x88f50080cec0443f:0x98d0f6e6c3a78178!8m2!3d33.7117044!4d-84.2745305!16s%2Fg%2F1tnblzpl!19sChIJP0TAzoAA9YgReIGnw-b20Jg?authuser=0&hl=en&rclk=1,auto repair shop,DeKalb County,county,IN,2026-07-27T18:18:03,0x88f50080cec0443f:0x98d0f6e6c3a78178
Munich West Inc,(470) 826-1228,https://www.munichwest.com/,,"2990 N Decatur Rd, Decatur, GA 30033, United States",2990 N Decatur Rd,Decatur,GA,30033,4.5,213,Auto repair shop,,,https://www.google.com/maps/place/Munich+West+Inc/data=!4m7!3m6!1s0x88f5077e259e4e11:0x83a94731726abd56!8m2!3d33.7939444!4d-84.270471!16s%2Fg%2F1w347fzy!19sChIJEU6eJX4H9YgRVr1qcjFHqYM?authuser=0&hl=en&rclk=1,auto repair shop,DeKalb County,county,IN,2026-07-27T18:18:03,0x88f5077e259e4e11:0x83a94731726abd56
All Auto Tech Inc - Auto Repair Doral,(305) 482-0202,https://www.allautotech.com/,,"2379 NW 97th Ave, Doral, FL 33172, United States",2379 NW 97th Ave,Doral,FL,33172,4.8,147,Auto repair shop,,,https://www.google.com/maps/place/All+Auto+Tech+Inc+-+Auto+Repair+Doral/data=!4m7!3m6!1s0x88d9b0518778e403:0xfedcf7782970e714!8m2!3d25.795641!4d-80.3526839!16s%2Fg%2F1tdr435m!19sChIJA-R4h1Gw2YgRFOdwKXj33P4?authuser=0&hl=en&rclk=1,auto repair shop,Miami County,county,IN,2026-07-27T22:44:26,0x88d9b0518778e403:0xfedcf7782970e714
Dubois Garage,,,,"1 Short St, Dubois, IN 47527, United States",1 Short St,Dubois,IN,47527,5.0,1,Gas station,,,https://www.google.com/maps/place/Dubois+Garage/data=!4m7!3m6!1s0x886e85f428ae59e9:0xf33542252434d43b!8m2!3d38.4448813!4d-86.8066827!16s%2Fg%2F11y996v234!19sChIJ6VmuKPSFbogRO9Q0JCVCNfM?authuser=0&hl=en&rclk=1,auto repair shop,Dubois County,county,IN,2026-07-27T18:36:07,0x886e85f428ae59e9:0xf33542252434d43b
Anderson's Auto,,,,"Railroad St, Earl Park, IN 47942, United States",Railroad St,Earl Park,IN,47942,,,Auto repair shop,,,https://www.google.com/maps/place/Anderson%27s+Auto/data=!4m7!3m6!1s0x88127c810ee12551:0xb959c58525e80060!8m2!3d40.6841306!4d-87.4174813!16s%2Fg%2F11wmmw5_93!19sChIJUSXhDoF8EogRYADoJYXFWbk?authuser=0&hl=en&rclk=1,auto repair shop,Benton County,county,IN,2026-07-27T16:21:16,0x88127c810ee12551:0xb959c58525e80060
Taylorsville Tire Inc (Edinburgh),(812) 526-0558,,,"11620 N U.S Hwy 31, Edinburgh, IN 46124, United States",11620 N U.S Hwy 31,Edinburgh,IN,46124,4.5,313,Tire shop,,,https://www.google.com/maps/place/Taylorsville+Tire+Inc+%28Edinburgh%29/data=!4m7!3m6!1s0x886b74f177c4911f:0x9d31a61b14893fe3!8m2!3d39.3082551!4d-85.9649957!16s%2Fg%2F1tcvcn45!19sChIJH5HEd_F0a4gR4z-JFBumMZ0?authuser=0&hl=en&rclk=1,auto repair shop,Johnson County,county,IN,2026-07-27T21:10:42,0x886b74f177c4911f:0x9d31a61b14893fe3
GT Japanese Automotive Inc,(732) 985-1760,http://www.gtjapanese.com/,,"1816 Woodbridge Ave, Edison, NJ 08817, United States",1816 Woodbridge Ave,Edison,NJ,08817,4.6,247,Auto repair shop,,,https://www.google.com/maps/place/GT+Japanese+Automotive+Inc/data=!4m7!3m6!1s0x89c3c7d47add97e9:0x593cfa782d022de5!8m2!3d40.5008389!4d-74.4109098!16s%2Fg%2F1tnctvjf!19sChIJ6ZfdetTHw4kR5S0CLXj6PFk?authuser=0&hl=en&rclk=1,auto repair shop,Franklin County,county,IN,2026-07-27T19:18:01,0x89c3c7d47add97e9:0x593cfa782d022de5
Meineke Car Care Center,(410) 970-4445,https://www.meineke.com/locations/md/eldersburg-670/?utm_source=google&utm_medium=organic&utm_campaign=gbp_website,,"1233 Liberty Rd #26, Eldersburg, MD 21784, United States",1233 Liberty Rd #26,Eldersburg,MD,21784,4.9,576,Auto repair shop,,,https://www.google.com/maps/place/Meineke+Car+Care+Center/data=!4m7!3m6!1s0x89c824cdf0d71e87:0x7174da5d74b704b4!8m2!3d39.404217!4d-76.9524128!16s%2Fg%2F12646061k!19sChIJhx7X8M0kyIkRtAS3dF3adHE?authuser=0&hl=en&rclk=1,auto repair shop,Carroll County,county,IN,2026-07-27T16:58:22,0x89c824cdf0d71e87:0x7174da5d74b704b4
Restivo Autobody & Towing Inc.,(410) 795-8790,http://www.restivoautobody.com/,,"5296 Enterprise St, Eldersburg, MD 21784, United States",5296 Enterprise St,Eldersburg,MD,21784,4.8,144,Auto body shop,,,https://www.google.com/maps/place/Restivo+Autobody+%26+Towing+Inc./data=!4m7!3m6!1s0x89c83abc78aa2949:0x7bbcb891362b363!8m2!3d39.4285125!4d-76.995552!16s%2Fg%2F1tcw94gn!19sChIJSSmqeLw6yIkRY7NiE4nLuwc?authuser=0&hl=en&rclk=1,auto repair shop,Carroll County,county,IN,2026-07-27T16:58:22,0x89c83abc78aa2949:0x7bbcb891362b363
Accelerators Inc,(574) 389-7500,,,"406 Roske Dr, Elkhart, IN 46516, United States",406 Roske Dr,Elkhart,IN,46516,4.7,116,Auto repair shop,,,https://www.google.com/maps/place/Accelerators+Inc/data=!4m7!3m6!1s0x8816e7d6962adb8f:0x5779e5853038fd51!8m2!3d41.6911582!4d-85.8958663!16s%2Fg%2F1tl7p9z5!19sChIJj9sqltbnFogRUf04MIXleVc?authuser=0&hl=en&rclk=1,auto repair shop,Elkhart County,county,IN,2026-07-27T18:45:36,0x8816e7d6962adb8f:0x5779e5853038fd51
Angel Automotive Inc,(574) 294-6541,https://angelautomotive.com/,,"3602 Charlotte Ave, Elkhart, IN 46517, United States",3602 Charlotte Ave,Elkhart,IN,46517,4.5,70,Auto repair shop,,,https://www.google.com/maps/place/Angel+Automotive+Inc/data=!4m7!3m6!1s0x8816c3811b1184b5:0xa86c7e59d77b9c46!8m2!3d41.6487468!4d-86.0096471!16s%2Fg%2F1tf5l7ql!19sChIJtYQRG4HDFogRRpx711l-bKg?authuser=0&hl=en&rclk=1,auto repair shop,Elkhart County,county,IN,2026-07-27T18:45:36,0x8816c3811b1184b5:0xa86c7e59d77b9c46
Auto Service Galindo,,,,"55335 Corwin Rd, Elkhart, IN 46514, United States",55335 Corwin Rd,Elkhart,IN,46514,4.8,4,Auto repair shop,,,https://www.google.com/maps/place/Auto+Service+Galindo/data=!4m7!3m6!1s0x8816c583106b6cad:0x6b5393b12fb2d5d6!8m2!3d41.6909126!4d-86.057427!16s%2Fg%2F11tjpj1842!19sChIJrWxrEIPFFogR1tWyL7GTU2s?authuser=0&hl=en&rclk=1,auto repair shop,Elkhart County,county,IN,2026-07-27T18:45:36,0x8816c583106b6cad:0x6b5393b12fb2d5d6
Exit 92 RV & Auto Repair Inc,(574) 206-9292,,,"524 Oakland Ave, Elkhart, IN 46516, United States",524 Oakland Ave,Elkhart,IN,46516,4.5,60,Auto repair shop,,,https://www.google.com/maps/place/Exit+92+RV+%26+Auto+Repair+Inc/data=!4m7!3m6!1s0x8816dc4d14dd93ed:0xfd6a35e5d3f1c569!8m2!3d41.6783946!4d-85.9846206!16s%2Fg%2F1tdb4x1h!19sChIJ7ZPdFE3cFogRacXx0-U1av0?authuser=0&hl=en&rclk=1,auto repair shop,Elkhart County,county,IN,2026-07-27T18:45:36,0x8816dc4d14dd93ed:0xfd6a35e5d3f1c569
"Jim Stone's Service, Inc.",(574) 295-0164,,,"225 W Lexington Ave, Elkhart, IN 46516, United States",225 W Lexington Ave,Elkhart,IN,46516,4.7,95,Auto repair shop,,,"https://www.google.com/maps/place/Jim+Stone%27s+Service,+Inc./data=!4m7!3m6!1s0x8816c3295f294a7b:0x9d36d46c79f41797!8m2!3d41.6852417!4d-85.9753113!16s%2Fg%2F1th0nhww!19sChIJe0opXynDFogRlxf0eWzUNp0?authuser=0&hl=en&rclk=1",auto repair shop,Elkhart County,county,IN,2026-07-27T18:45:36,0x8816c3295f294a7b:0x9d36d46c79f41797
Joe’s Car Tech Inc,(574) 293-1231,,,"1515 W Beardsley Ave, Elkhart, IN 46514, United States",1515 W Beardsley Ave,Elkhart,IN,46514,4.9,101,Auto repair shop,,,https://www.google.com/maps/place/Joe%E2%80%99s+Car+Tech+Inc/data=!4m7!3m6!1s0x8816c34293991e05:0xf34f3d9bac9943bd!8m2!3d41.6922529!4d-85.9979388!16s%2Fg%2F1tdfcqbw!19sChIJBR6Zk0LDFogRvUOZrJs9T_M?authuser=0&hl=en&rclk=1,auto repair shop,Elkhart County,county,IN,2026-07-27T18:45:36,0x8816c34293991e05:0xf34f3d9bac9943bd
Midas,(574) 584-2992,https://www.midas.com/store/in/elkhart/2692-south-main-street-46517/?shopnum=2142&utm_source=google&utm_medium=organic&utm_campaign=gbp,,"2692 S Main St, Elkhart, IN 46517, United States",2692 S Main St,Elkhart,IN,46517,4.6,1109,Auto repair shop,,,https://www.google.com/maps/place/Midas/data=!4m7!3m6!1s0x8816c29276dd3059:0x714729c9b5b2fb20!8m2!3d41.6598311!4d-85.9474323!16s%2Fg%2F1tgz15z1!19sChIJWTDddpLCFogRIPuytckpR3E?authuser=0&hl=en&rclk=1,auto repair shop,Elkhart County,county,IN,2026-07-27T18:45:36,0x8816c29276dd3059:0x714729c9b5b2fb20
Quality Brake & Alignment Inc.,(574) 293-0313,http://www.qualitybrake.net/,,"27044 Co Rd 20, Elkhart, IN 46517, United States",27044 Co Rd 20,Elkhart,IN,46517,4.6,84,Auto repair shop,,,https://www.google.com/maps/place/Quality+Brake+%26+Alignment+Inc./data=!4m7!3m6!1s0x8816c3097422895f:0xb864ae5debc5a8fb!8m2!3d41.654026!4d-85.9858856!16s%2Fg%2F1tdfzb9g!19sChIJX4kidAnDFogR-6jF612uZLg?authuser=0&hl=en&rclk=1,auto repair shop,Elkhart County,county,IN,2026-07-27T18:45:37,0x8816c3097422895f:0xb864ae5debc5a8fb
Quality Car Care Inc,(574) 295-8342,,,"28501 Old US Hwy 33, Elkhart, IN 46516, United States",28501 Old US Hwy 33,Elkhart,IN,46516,5.0,1,Auto repair shop,,,https://www.google.com/maps/place/Quality+Car+Care+Inc/data=!4m7!3m6!1s0x8816c49e35d18881:0x2653ed64755f1d21!8m2!3d41.6690203!4d-86.0134271!16s%2Fg%2F1tgwn96r!19sChIJgYjRNZ7EFogRIR1fdWTtUyY?authuser=0&hl=en&rclk=1,auto repair shop,Elkhart County,county,IN,2026-07-27T18:45:37,0x8816c49e35d18881:0x2653ed64755f1d21
Rodriguez Auto Repair,,,,"57884 Co Rd 3, Elkhart, IN 46517, United States",57884 Co Rd 3,Elkhart,IN,46517,4.0,5,Auto body shop,,,https://www.google.com/maps/place/Rodriguez+Auto+Repair/data=!4m7!3m6!1s0x8816c487d83a4ded:0xc35154aa1fbc4911!8m2!3d41.654063!4d-86.0217935!16s%2Fg%2F11c441br8_!19sChIJ7U062IfEFogREUm8H6pUUcM?authuser=0&hl=en&rclk=1,auto repair shop,Elkhart County,county,IN,2026-07-27T18:45:36,0x8816c487d83a4ded:0xc35154aa1fbc4911
Elwood Tire & Auto Services Inc,(765) 552-5037,,,"1620 S A St, Elwood, IN 46036, United States",1620 S A St,Elwood,IN,46036,4.6,265,Tire shop,,,https://www.google.com/maps/place/Elwood+Tire+%26+Auto+Services+Inc/data=!4m7!3m6!1s0x8814e97815c7ad1d:0x69acbc8d4d9a57e0!8m2!3d40.2761762!4d-85.8393856!16s%2Fg%2F1vvr6tkp!19sChIJHa3HFXjpFIgR4FeaTY28rGk?authuser=0&hl=en&rclk=1,auto repair shop,Tipton County,county,IN,2026-07-28T01:50:29,0x8814e97815c7ad1d:0x69acbc8d4d9a57e0
Townsend Auto Repair Inc.,(765) 810-3642,,,"17367 IN-13, Elwood, IN 46036, United States",17367 IN-13,Elwood,IN,46036,4.7,45,Auto repair shop,,,https://www.google.com/maps/place/Townsend+Auto+Repair+Inc./data=!4m7!3m6!1s0x8814ee8732f0cfc5:0x7a8594c1267f99e0!8m2!3d40.3547797!4d-85.843939!16s%2Fg%2F11bbwn2sbk!19sChIJxc_wMofuFIgR4Jl_JsGUhXo?authuser=0&hl=en&rclk=1,auto repair shop,Tipton County,county,IN,2026-07-28T01:50:29,0x8814ee8732f0cfc5:0x7a8594c1267f99e0
Countryside Radiator and Exhaust Inc,(812) 365-2930,,,"762 N Radiator Rd, English, IN 47118, United States",762 N Radiator Rd,English,IN,47118,4.7,23,Auto radiator repair service,,,https://www.google.com/maps/place/Countryside+Radiator+and+Exhaust+Inc/data=!4m7!3m6!1s0x886eb0aeecfeef53:0xc2247c2bcdac3c58!8m2!3d38.352849!4d-86.411942!16s%2Fg%2F1tfcjhx3!19sChIJU-_-7K6wbogRWDyszSt8JMI?authuser=0&hl=en&rclk=1,auto repair shop,Crawford County,county,IN,2026-07-27T17:48:00,0x886eb0aeecfeef53:0xc2247c2bcdac3c58
Mast Service Center Inc.,(574) 646-2127,https://mastservicecenter.net/,,"8608 IN-19, Etna Green, IN 46524, United States",8608 IN-19,Etna Green,IN,46524,4.8,347,Auto repair shop,,,https://www.google.com/maps/place/Mast+Service+Center+Inc./data=!4m7!3m6!1s0x8816a4c7aefa52a3:0x9087168d63afab9f!8m2!3d41.3608363!4d-86.0346641!16s%2Fg%2F1v62j7zy!19sChIJo1L6rsekFogRn6uvY40Wh5A?authuser=0&hl=en&rclk=1,auto repair shop,Kosciusko County,county,IN,2026-07-27T21:33:33,0x8816a4c7aefa52a3:0x9087168d63afab9f
AAMCO Transmissions & Total Car Care,(812) 469-0007,http://www.aamcoevansvillein.com/?utm_source=G&utm_medium=local&utm_campaign=google-local,,"4957 Oak Grove Rd, Evansville, IN 47715, United States",4957 Oak Grove Rd,Evansville,IN,47715,4.6,323,Transmission shop,,,https://www.google.com/maps/place/AAMCO+Transmissions+%26+Total+Car+Care/data=!4m7!3m6!1s0x886e2b062f71b5e5:0xed89dc47f48a6736!8m2!3d37.990827!4d-87.49043!16s%2Fg%2F1tm1r6cm!19sChIJ5bVxLwYrbogRNmeK9Efcie0?authuser=0&hl=en&rclk=1,auto repair shop,Warrick County,county,IN,2026-07-28T02:23:28,0x886e2b062f71b5e5:0xed89dc47f48a6736
Auto Service,,,,"1568 E Riverside Dr, Evansville, IN 47714, United States",1568 E Riverside Dr,Evansville,IN,47714,3.6,5,Auto repair shop,,,https://www.google.com/maps/place/Auto+Service/data=!4m7!3m6!1s0x886fd556ba610b75:0x709faf31049d0279!8m2!3d37.9466174!4d-87.535297!16s%2Fg%2F11fr3xn2m9!19sChIJdQthulbVb4gReQKdBDGvn3A?authuser=0&hl=en&rclk=1,auto repair shop,Vanderburgh County,county,IN,2026-07-28T01:58:27,0x886fd556ba610b75:0x709faf31049d0279
"Dyna-mechs Truck Service, Inc.",(812) 425-9009,http://www.dynamechs.com/,,"1650 N Fares Ave, Evansville, IN 47711, United States",1650 N Fares Ave,Evansville,IN,47711,4.8,67,Truck repair shop,,,"https://www.google.com/maps/place/Dyna-mechs+Truck+Service,+Inc./data=!4m7!3m6!1s0x8871d57ee247a32b:0xedd5bab4802eecbe!8m2!3d37.9929761!4d-87.5432379!16s%2Fg%2F1vgw9ck_!19sChIJK6NH4n7VcYgRvuwugLS61e0?authuser=0&hl=en&rclk=1",auto repair shop,Posey County,county,IN,2026-07-28T00:28:55,0x8871d57ee247a32b:0xedd5bab4802eecbe
Evansville Mobile Auto Mechanic,,,,"808 S Green River Rd, Evansville, IN 47715, United States",808 S Green River Rd,Evansville,IN,47715,,,Auto repair shop,,,https://www.google.com/maps/place/Evansville+Mobile+Auto+Mechanic/data=!4m7!3m6!1s0x886e2b0018893bc3:0x5eb15013a950ad07!8m2!3d37.965445!4d-87.4909497!16s%2Fg%2F11lf77h2xg!19sChIJwzuJGAArbogRB61QqRNQsV4?authuser=0&hl=en&rclk=1,auto repair shop,Vanderburgh County,county,IN,2026-07-28T01:58:27,0x886e2b0018893bc3:0x5eb15013a950ad07
Firestone Complete Auto Care,(812) 618-9353,https://www.firestonecompleteautocare.com/indiana/evansville/4401-n-first-ave/?utm_source=google&utm_medium=organic&utm_campaign=localmaps&cmp=oloc_google_localmaps_maps,,"4401 N First Ave, Evansville, IN 47710, United States",4401 N First Ave,Evansville,IN,47710,4.0,398,Tire shop,,,https://www.google.com/maps/place/Firestone+Complete+Auto+Care/data=!4m7!3m6!1s0x8871d5c9f505fa8b:0xd551ef3021fbcbe9!8m2!3d38.0185705!4d-87.5736082!16s%2Fg%2F1q2w9r009!19sChIJi_oF9cnVcYgR6cv7ITDvUdU?authuser=0&hl=en&rclk=1,auto repair shop,Posey County,county,IN,2026-07-28T00:28:55,0x8871d5c9f505fa8b:0xd551ef3021fbcbe9
Firestone Complete Auto Care,(812) 647-6677,https://www.firestonecompleteautocare.com/indiana/evansville/4611-washington-ave/?utm_source=google&utm_medium=organic&utm_campaign=localmaps&cmp=oloc_google_localmaps_maps,,"4611 Washington Ave, Evansville, IN 47714, United States",4611 Washington Ave,Evansville,IN,47714,3.8,334,Tire shop,,,https://www.google.com/maps/place/Firestone+Complete+Auto+Care/data=!4m7!3m6!1s0x886e2b2f5785ff7d:0x5fec3717c1d4843e!8m2!3d37.9620113!4d-87.4943239!16s%2Fg%2F1tgs1pfp!19sChIJff-FVy8rbogRPoTUwRc37F8?authuser=0&hl=en&rclk=1,auto repair shop,Vanderburgh County,county,IN,2026-07-28T01:58:27,0x886e2b2f5785ff7d:0x5fec3717c1d4843e
Goodyear Auto Service,(812) 465-5566,https://www.goodyear.com/en-us/goodyearautoservice,,"400 NW 4th St, Evansville, IN 47708, United States",400 NW 4th St,Evansville,IN,47708,4.6,464,Tire shop,,,https://www.google.com/maps/place/Goodyear+Auto+Service/data=!4m7!3m6!1s0x8871d518b22b49f7:0x85ca9ddd7aceea90!8m2!3d37.9753784!4d-87.5740896!16s%2Fg%2F1tfp_lbq!19sChIJ90krshjVcYgRkOrOet2dyoU?authuser=0&hl=en&rclk=1,auto repair shop,Posey County,county,IN,2026-07-28T00:28:55,0x8871d518b22b49f7:0x85ca9ddd7aceea90
Goodyear Auto Service,(812) 479-6977,https://www.goodyear.com/en-us/shops/IN/Evansville/Goodyear-Auto-Service-Raben-Evansville-East-000900110,,"1100 S Green River Rd, Evansville, IN 47715, United States",1100 S Green River Rd,Evansville,IN,47715,4.3,602,Tire shop,,,https://www.google.com/maps/place/Goodyear+Auto+Service/data=!4m7!3m6!1s0x886e2b2f1d4db2dd:0x7964f6efd63687ac!8m2!3d37.9611611!4d-87.4921795!16s%2Fg%2F1tld0y3z!19sChIJ3bJNHS8rbogRrIc21u_2ZHk?authuser=0&hl=en&rclk=1,auto repair shop,Vanderburgh County,county,IN,2026-07-28T01:58:27,0x886e2b2f1d4db2dd:0x7964f6efd63687ac
Goodyear Auto Service – Raben Tire,(812) 465-6767,http://www.rabentire.com/,,"5911 Pearl Dr, Evansville, IN 47712, United States",5911 Pearl Dr,Evansville,IN,47712,4.6,508,Tire shop,,,https://www.google.com/maps/place/Goodyear+Auto+Service+%E2%80%93+Raben+Tire/data=!4m7!3m6!1s0x8871d33cd771c6f9:0x95246b32d8e4aaf6!8m2!3d37.9734332!4d-87.6477742!16s%2Fg%2F1thd2k58!19sChIJ-cZx1zzTcYgR9qrk2DJrJJU?authuser=0&hl=en&rclk=1,auto repair shop,Posey County,county,IN,2026-07-28T00:28:55,0x8871d33cd771c6f9:0x95246b32d8e4aaf6
"MJ Auto Wood's Battery, Inc",(812) 425-4888,https://www.bbb.org/us/in/evansville/profile/auto-repair/woods-battery-llc-0482-90048050,,"3 E Olmstead Ave, Evansville, IN 47711, United States",3 E Olmstead Ave,Evansville,IN,47711,4.6,84,Auto electrical service,,,"https://www.google.com/maps/place/MJ+Auto+Wood%27s+Battery,+Inc/data=!4m7!3m6!1s0x8871d57e38962977:0xd730badf99092013!8m2!3d38.0036501!4d-87.5628074!16s%2Fg%2F1tdhfrpj!19sChIJdymWOH7VcYgREyAJmd-6MNc?authuser=0&hl=en&rclk=1",auto repair shop,Posey County,county,IN,2026-07-28T00:28:55,0x8871d57e38962977:0xd730badf99092013
Midas,(812) 297-5039,https://www.midas.com/store/in/evansville/2811-north-st-joseph-avenue-47720/?shopnum=2828&utm_source=google&utm_medium=organic&utm_campaign=gbp,,"2811 N St Joseph Ave, Evansville, IN 47720, United States",2811 N St Joseph Ave,Evansville,IN,47720,4.5,630,Auto repair shop,,,https://www.google.com/maps/place/Midas/data=!4m7!3m6!1s0x8871d4679e305207:0xac455c38db1a9fe0!8m2!3d38.0042106!4d-87.5993266!16s%2Fg%2F1xfsph4_!19sChIJB1IwnmfUcYgR4J8a2zhcRaw?authuser=0&hl=en&rclk=1,auto repair shop,Posey County,county,IN,2026-07-28T00:28:55,0x8871d4679e305207:0xac455c38db1a9fe0
Midas,(812) 297-5351,https://www.midas.com/store/in/evansville/1435-north-green-river-road-47715/?shopnum=2187&utm_source=google&utm_medium=organic&utm_campaign=gbp,,"1435 N Green River Rd, Evansville, IN 47715, United States",1435 N Green River Rd,Evansville,IN,47715,4.6,893,Auto repair shop,,,https://www.google.com/maps/place/Midas/data=!4m7!3m6!1s0x886e2b06785be2c1:0xa566485fc503dc71!8m2!3d37.9890517!4d-87.4920383!16s%2Fg%2F1v44fqjz!19sChIJweJbeAYrbogRcdwDxV9IZqU?authuser=0&hl=en&rclk=1,auto repair shop,Vanderburgh County,county,IN,2026-07-28T01:58:27,0x886e2b06785be2c1:0xa566485fc503dc71
North Side Auto Spring Inc,(812) 425-9003,,,"11 N Morton Ave, Evansville, IN 47711, United States",11 N Morton Ave,Evansville,IN,47711,4.3,21,Auto spring shop,,,https://www.google.com/maps/place/North+Side+Auto+Spring+Inc/data=!4m7!3m6!1s0x8871d56963dba2e9:0xec424b966bce8b14!8m2!3d37.9779237!4d-87.5542025!16s%2Fg%2F1tg6l97k!19sChIJ6aLbY2nVcYgRFIvOa5ZLQuw?authuser=0&hl=en&rclk=1,auto repair shop,Evansville,city,IN,2026-07-28T03:01:08,0x8871d56963dba2e9:0xec424b966bce8b14
Pep Boys Auto Service & Tires,(812) 465-2257,https://www.pepboys.com/stores/in/evansville/101-metro-ave?Cid=gbp_appt_AN:PB%7CPB:G%7CTT:GBP%7CCG:CONVERSION%7CCD:SERVICE,,"101 Metro Ave, Evansville, IN 47715, United States",101 Metro Ave,Evansville,IN,47715,4.0,611,Tire shop,,,https://www.google.com/maps/place/Pep+Boys+Auto+Service+%26+Tires/data=!4m7!3m6!1s0x886e2b6b5bc98eb1:0x9638ea59fe974dce!8m2!3d37.977583!4d-87.47912!16s%2Fg%2F1tdwfp7x!19sChIJsY7JW2srbogRzk2X_lnqOJY?authuser=0&hl=en&rclk=1,auto repair shop,Vanderburgh County,county,IN,2026-07-28T01:58:27,0x886e2b6b5bc98eb1:0x9638ea59fe974dce
Rideout's Transmission Repair Inc,(812) 424-9397,http://rideoutstransmission.com/,,"516 N Woods Ave, Evansville, IN 47712, United States",516 N Woods Ave,Evansville,IN,47712,4.6,93,Auto repair shop,,,https://www.google.com/maps/place/Rideout%27s+Transmission+Repair+Inc/data=!4m7!3m6!1s0x8871d363aff5d173:0x924eb6c59779935e!8m2!3d37.9831514!4d-87.6213735!16s%2Fg%2F1tgnxzqm!19sChIJc9H1r2PTcYgRXpN5l8W2TpI?authuser=0&hl=en&rclk=1,auto repair shop,Posey County,county,IN,2026-07-28T00:28:55,0x8871d363aff5d173:0x924eb6c59779935e
Tito's Auto Repair,,,,"803 Lincoln Ave, Evansville, IN 47713, United States",803 Lincoln Ave,Evansville,IN,47713,5.0,3,Auto repair shop,,,https://www.google.com/maps/place/Tito%27s+Auto+Repair/data=!4m7!3m6!1s0x8871d5dbf340204d:0xa4d48035106115b9!8m2!3d37.9698764!4d-87.5520706!16s%2Fg%2F11s7tph5b1!19sChIJTSBA89vVcYgRuRVhEDWA1KQ?authuser=0&hl=en&rclk=1,auto repair shop,Posey County,county,IN,2026-07-28T00:28:55,0x8871d5dbf340204d:0xa4d48035106115b9
"Auto Network, Inc.",(765) 948-3659,https://autonetworkinc.com/,,"301 N Elm St, Fairmount, IN 46928, United States",301 N Elm St,Fairmount,IN,46928,4.3,79,Used auto parts store,,,"https://www.google.com/maps/place/Auto+Network,+Inc./data=!4m7!3m6!1s0x8814fce258412e9b:0x5c00facdb2fcadaa!8m2!3d40.4178467!4d-85.6453296!16s%2Fg%2F1tkb5q8k!19sChIJmy5BWOL8FIgRqq38ss36AFw?authuser=0&hl=en&rclk=1",auto repair shop,Grant County,county,IN,2026-07-27T19:43:10,0x8814fce258412e9b:0x5c00facdb2fcadaa
Farmland Auto Parts Inc,(765) 468-7491,,,"203 W Jackson St, Farmland, IN 47340, United States",203 W Jackson St,Farmland,IN,47340,4.7,25,Auto parts store,,,https://www.google.com/maps/place/Farmland+Auto+Parts+Inc/data=!4m7!3m6!1s0x88154296e9666e07:0xfdb1eac52befc3b8!8m2!3d40.1928685!4d-85.130193!16s%2Fg%2F1tdkbpbg!19sChIJB25m6ZZCFYgRuMPvK8Xqsf0?authuser=0&hl=en&rclk=1,auto repair shop,Randolph County,county,IN,2026-07-28T00:52:17,0x88154296e9666e07:0xfdb1eac52befc3b8
Fayetteville Tire & Auto Inc,(479) 521-2383,https://www.fayettevilletire.com/,,"3264 N College Ave, Fayetteville, AR 72703, United States",3264 N College Ave,Fayetteville,AR,72703,4.5,141,Car dealer,,,https://www.google.com/maps/place/Fayetteville+Tire+%26+Auto+Inc/data=!4m7!3m6!1s0x87c96bfb8eb8413b:0x400d68b1ff7b8fdd!8m2!3d36.1106384!4d-94.1446171!16s%2Fg%2F1wf22cw2!19sChIJO0G4jvtryYcR3Y97_7FoDUA?authuser=0&hl=en&rclk=1,auto repair shop,Fayette County,county,IN,2026-07-27T18:57:36,0x87c96bfb8eb8413b:0x400d68b1ff7b8fdd
Cross Roads Truck & Auto Inc,(410) 876-6014,,,"1940 Bethel Rd #5, Finksburg, MD 21048, United States",1940 Bethel Rd #5,Finksburg,MD,21048,4.6,72,Auto repair shop,,,https://www.google.com/maps/place/Cross+Roads+Truck+%26+Auto+Inc/data=!4m7!3m6!1s0x89c838c5c0333695:0x992909a8be269a65!8m2!3d39.5425617!4d-76.9315986!16s%2Fg%2F1trpm4_w!19sChIJlTYzwMU4yIkRZZomvqgJKZk?authuser=0&hl=en&rclk=1,auto repair shop,Carroll County,county,IN,2026-07-27T16:58:22,0x89c838c5c0333695:0x992909a8be269a65
Firestone Complete Auto Care,(317) 537-9527,https://www.firestonecompleteautocare.com/indiana/fishers/11663-fishers-corner-blvd/?utm_source=google&utm_medium=organic&utm_campaign=localmaps&cmp=oloc_google_localmaps_maps,,"11663 Fishers Corner Blvd, Fishers, IN 46038, United States",11663 Fishers Corner Blvd,Fishers,IN,46038,3.9,349,Tire shop,,,https://www.google.com/maps/place/Firestone+Complete+Auto+Care/data=!4m7!3m6!1s0x8814b47938085c63:0x74f885f3a7130ee2!8m2!3d39.9589988!4d-86.0075671!16s%2Fg%2F1tfv14m1!19sChIJY1wIOHm0FIgR4g4Tp_OF-HQ?authuser=0&hl=en&rclk=1,auto repair shop,Hamilton County,county,IN,2026-07-27T19:58:44,0x8814b47938085c63:0x74f885f3a7130ee2
Pep Boys Auto Service & Tires,(317) 934-5652,https://www.pepboys.com/stores/in/fishers/8588-east-96th-st?Cid=gbp_appt_AN:PB%7CPB:G%7CTT:GBP%7CCG:CONVERSION%7CCD:SERVICE,,"8588 E 96th St, Fishers, IN 46037, United States",8588 E 96th St,Fishers,IN,46037,4.0,667,Auto repair shop,,,https://www.google.com/maps/place/Pep+Boys+Auto+Service+%26+Tires/data=!4m7!3m6!1s0x8814b3593f248af3:0x67834ab721983e3f!8m2!3d39.928834!4d-86.018598!16s%2Fg%2F1td3s2vb!19sChIJ84okP1mzFIgRPz6YIbdKg2c?authuser=0&hl=en&rclk=1,auto repair shop,Hamilton County,county,IN,2026-07-27T19:58:44,0x8814b3593f248af3:0x67834ab721983e3f
Meineke Car Care Center,(256) 275-4123,https://www.meineke.com/locations/al/florence-1959/?utm_source=google&utm_medium=organic&utm_campaign=gbp_website,,"2075 Florence Blvd, Florence, AL 35630, United States",2075 Florence Blvd,Florence,AL,35630,4.3,775,Auto repair shop,,,https://www.google.com/maps/place/Meineke+Car+Care+Center/data=!4m7!3m6!1s0x887d49e80ce7b72b:0x55d360212fcc261f!8m2!3d34.824276!4d-87.647916!16s%2Fg%2F1hc4g3w6c!19sChIJK7fnDOhJfYgRHybMLyFg01U?authuser=0&hl=en&rclk=1,auto repair shop,Lawrence County,county,IN,2026-07-27T22:03:19,0x887d49e80ce7b72b:0x55d360212fcc261f
Midas,(859) 795-4533,https://www.midas.com/store/ky/florence/8220-us-route-42-41042/?shopnum=6653&utm_source=google&utm_medium=organic&utm_campaign=gbp,,"8220 US-42, Florence, KY 41042, United States",8220 US-42,Florence,KY,41042,4.6,1077,Auto repair shop,,,https://www.google.com/maps/place/Midas/data=!4m7!3m6!1s0x8841c6fd04d5bc9b:0x5805282c525d47f1!8m2!3d38.9823123!4d-84.6495471!16s%2Fg%2F1tdpb90d!19sChIJm7zVBP3GQYgR8UddUiwoBVg?authuser=0&hl=en&rclk=1,auto repair shop,Dearborn County,county,IN,2026-07-27T18:06:19,0x8841c6fd04d5bc9b:0x5805282c525d47f1
Rts truck repair inc,(859) 869-9900,http://www.rtsrepairinc.com/,,"8483 US-42, Florence, KY 41042, United States",8483 US-42,Florence,KY,41042,4.6,201,Truck repair shop,,,https://www.google.com/maps/place/Rts+truck+repair+inc/data=!4m7!3m6!1s0x8841c9a78ba6ed8f:0xd1d9950e89e9aadc!8m2!3d38.9741887!4d-84.6567395!16s%2Fg%2F11q2ccf6wl!19sChIJj-2mi6fJQYgR3KrpiQ6V2dE?authuser=0&hl=en&rclk=1,auto repair shop,Dearborn County,county,IN,2026-07-27T18:06:19,0x8841c9a78ba6ed8f:0xd1d9950e89e9aadc
Estacionamiento Toyota Indiana,,,,"S 100 E, Fort Branch, IN 47648, United States",S 100 E,Fort Branch,IN,47648,,,Auto repair shop,,,https://www.google.com/maps/place/Estacionamiento+Toyota+Indiana/data=!4m7!3m6!1s0x8871df00345c005b:0x3b80b214029bc4fb!8m2!3d38.2820517!4d-87.5494719!16s%2Fg%2F11n9v57lsd!19sChIJWwBcNADfcYgR-8SbAhSygDs?authuser=0&hl=en&rclk=1,auto repair shop,Gibson County,county,IN,2026-07-27T19:31:18,0x8871df00345c005b:0x3b80b214029bc4fb
Julian's Speed Shop LLC,,,,"2497 W 1025 S, Fort Branch, IN 47648, United States",2497 W 1025 S,Fort Branch,IN,47648,5.0,1,Auto restoration service,,,https://www.google.com/maps/place/Julian%27s+Speed+Shop+LLC/data=!4m7!3m6!1s0x886e219633a97407:0x193494ac41b8133!8m2!3d38.2064899!4d-87.6174616!16s%2Fg%2F11q1jq860t!19sChIJB3SpM5YhbogRM4EbxEpJkwE?authuser=0&hl=en&rclk=1,auto repair shop,Gibson County,county,IN,2026-07-27T19:31:18,0x886e219633a97407:0x193494ac41b8133
AC AUTOMOTIVE INC,(260) 888-4108,http://www.acautomotivefw.com/,,"1390 Profit Dr, Fort Wayne, IN 46808, United States",1390 Profit Dr,Fort Wayne,IN,46808,4.9,45,Truck repair shop,,,https://www.google.com/maps/place/AC+AUTOMOTIVE+INC/data=!4m7!3m6!1s0x8815e3593755f1b1:0x27401f5862898223!8m2!3d41.125875!4d-85.161264!16s%2Fg%2F11s1_k2b98!19sChIJsfFVN1njFYgRI4KJYlgfQCc?authuser=0&hl=en&rclk=1,auto repair shop,Fort Wayne,city,IN,2026-07-28T02:58:25,0x8815e3593755f1b1:0x27401f5862898223
Autocare Solutions Inc,(260) 467-1888,,,"1802 Maumee Ave, Fort Wayne, IN 46803, United States",1802 Maumee Ave,Fort Wayne,IN,46803,4.6,131,Auto repair shop,,,https://www.google.com/maps/place/Autocare+Solutions+Inc/data=!4m7!3m6!1s0x8815e780159cc615:0x36baf0e22378c0f6!8m2!3d41.0755179!4d-85.1141142!16s%2Fg%2F1tcy9hv5!19sChIJFcacFYDnFYgR9sB4I-LwujY?authuser=0&hl=en&rclk=1,auto repair shop,Allen County,county,IN,2026-07-27T15:54:48,0x8815e780159cc615:0x36baf0e22378c0f6
Goodyear Auto Service,(260) 486-4075,https://www.goodyear.com/en-us/goodyearautoservice,,"4512 Maplecrest Rd, Fort Wayne, IN 46835, United States",4512 Maplecrest Rd,Fort Wayne,IN,46835,4.5,413,Tire shop,,,https://www.google.com/maps/place/Goodyear+Auto+Service/data=!4m7!3m6!1s0x8815fc59693d5b01:0xc6d70597d6fc4b3a!8m2!3d41.1214383!4d-85.0605468!16s%2Fg%2F1tywyk60!19sChIJAVs9aVn8FYgROkv81pcF18Y?authuser=0&hl=en&rclk=1,auto repair shop,Allen County,county,IN,2026-07-27T15:54:48,0x8815fc59693d5b01:0xc6d70597d6fc4b3a
Goodyear Auto Service,(260) 484-7761,https://www.goodyear.com/en-us/goodyearautoservice,,"4106 Coldwater Rd, Fort Wayne, IN 46805, United States",4106 Coldwater Rd,Fort Wayne,IN,46805,4.3,197,Tire shop,,,https://www.google.com/maps/place/Goodyear+Auto+Service/data=!4m7!3m6!1s0x8815e36db335871b:0x6b67f6bb9016960a!8m2!3d41.1148791!4d-85.1344882!16s%2Fg%2F1thqhc5g!19sChIJG4c1s23jFYgRCpYWkLv2Z2s?authuser=0&hl=en&rclk=1,auto repair shop,Allen County,county,IN,2026-07-27T15:54:48,0x8815e36db335871b:0x6b67f6bb9016960a
"Hendricks Auto Repair, Inc.'s",(260) 485-8822,http://www.hendricksautorepairinc.com/,,"6428 St Joe Center Rd, Fort Wayne, IN 46835, United States",6428 St Joe Center Rd,Fort Wayne,IN,46835,4.3,51,Auto repair shop,,,"https://www.google.com/maps/place/Hendricks+Auto+Repair,+Inc.%27s/data=!4m7!3m6!1s0x8815fc54b2ea0ac3:0x257398f0e89b0621!8m2!3d41.1340324!4d-85.0604273!16s%2Fg%2F11bbrn1d5h!19sChIJwwrqslT8FYgRIQab6PCYcyU?authuser=0&hl=en&rclk=1",auto repair shop,Allen County,county,IN,2026-07-27T15:54:48,0x8815fc54b2ea0ac3:0x257398f0e89b0621
Kinzie Service Center Inc,(260) 422-9615,,,"411 Spring St, Fort Wayne, IN 46808, United States",411 Spring St,Fort Wayne,IN,46808,4.8,104,Auto repair shop,,,https://www.google.com/maps/place/Kinzie+Service+Center+Inc/data=!4m7!3m6!1s0x8815e487da5c8fd3:0xd73a499b33753421!8m2!3d41.088779!4d-85.146174!16s%2Fg%2F1tgjlx62!19sChIJ049c2ofkFYgRITR1M5tJOtc?authuser=0&hl=en&rclk=1,auto repair shop,Allen County,county,IN,2026-07-27T15:54:48,0x8815e487da5c8fd3:0xd73a499b33753421
Midas,(260) 264-2818,https://www.midas.com/store/in/fort-wayne/7811-southtown-xing-46816/?shopnum=2120&utm_source=google&utm_medium=organic&utm_campaign=gbp,,"7811 N Southtown Crossing, Fort Wayne, IN 46816, United States",7811 N Southtown Crossing,Fort Wayne,IN,46816,4.8,51,Auto repair shop,,,https://www.google.com/maps/place/Midas/data=!4m7!3m6!1s0x8815efdb05686de5:0x88b990bceb4124a5!8m2!3d41.0140632!4d-85.1145274!16s%2Fg%2F11n3mljmsg!19sChIJ5W1oBdvvFYgRpSRB67yQuYg?authuser=0&hl=en&rclk=1,auto repair shop,Allen County,county,IN,2026-07-27T15:54:48,0x8815efdb05686de5:0x88b990bceb4124a5
Midas,(260) 205-8815,https://www.midas.com/store/in/ft-wayne/1023-coliseum-boulevard-north-46805/?shopnum=2776&utm_source=google&utm_medium=organic&utm_campaign=gbp,,"1023 N Coliseum Blvd, Fort Wayne, IN 46805, United States",1023 N Coliseum Blvd,Fort Wayne,IN,46805,4.3,615,Auto repair shop,,,https://www.google.com/maps/place/Midas/data=!4m7!3m6!1s0x8815fb42d32ea2c7:0xcb55c93680394a5!8m2!3d41.0861146!4d-85.0884532!16s%2Fg%2F1tf2sv2_!19sChIJx6Iu00L7FYgRpZQDaJNctQw?authuser=0&hl=en&rclk=1,auto repair shop,Allen County,county,IN,2026-07-27T15:54:48,0x8815fb42d32ea2c7:0xcb55c93680394a5
Midas,(260) 739-0772,https://www.midas.com/store/in/ft-wayne/3910-coldwater-road-46805/?shopnum=2188&utm_source=google&utm_medium=organic&utm_campaign=gbp,,"3910 Coldwater Rd, Fort Wayne, IN 46805, United States",3910 Coldwater Rd,Fort Wayne,IN,46805,4.3,423,Auto repair shop,,,https://www.google.com/maps/place/Midas/data=!4m7!3m6!1s0x8815e36c2d5818e7:0xd00d865ef9231758!8m2!3d41.1125695!4d-85.1342059!16s%2Fg%2F1td_c8tl!19sChIJ5xhYLWzjFYgRWBcj-V6GDdA?authuser=0&hl=en&rclk=1,auto repair shop,Fort Wayne,city,IN,2026-07-28T02:58:25,0x8815e36c2d5818e7:0xd00d865ef9231758
Midas,(260) 209-1569,https://www.midas.com/store/in/ft-wayne/3422-illinois-road-46802/?shopnum=2934&utm_source=google&utm_medium=organic&utm_campaign=gbp,,"3422 Illinois Rd, Fort Wayne, IN 46802, United States",3422 Illinois Rd,Fort Wayne,IN,46802,4.2,452,Auto repair shop,,,https://www.google.com/maps/place/Midas/data=!4m7!3m6!1s0x8815e426aa25c8cd:0xc0b87a53451e60d3!8m2!3d41.0750044!4d-85.1850877!16s%2Fg%2F1tfrmyv4!19sChIJzcglqibkFYgR02AeRVN6uMA?authuser=0&hl=en&rclk=1,auto repair shop,Fort Wayne,city,IN,2026-07-28T02:58:25,0x8815e426aa25c8cd:0xc0b87a53451e60d3
"Old Fort Customz, Inc",(260) 484-4999,https://www.oldfortcustomz.com/,,"5736 W Jefferson Blvd, Fort Wayne, IN 46804, United States",5736 W Jefferson Blvd,Fort Wayne,IN,46804,4.9,50,Auto repair shop,,,"https://www.google.com/maps/place/Old+Fort+Customz,+Inc/data=!4m7!3m6!1s0x8815e3b4789d1299:0x58af3dfe62c18349!8m2!3d41.0610704!4d-85.2152051!16s%2Fg%2F11m91lp7_z!19sChIJmRKdeLTjFYgRSYPBYv49r1g?authuser=0&hl=en&rclk=1",auto repair shop,Fort Wayne,city,IN,2026-07-28T02:58:25,0x8815e3b4789d1299:0x58af3dfe62c18349
Pro Tech Automotive Inc,(260) 747-0662,,,"2825 Nuttman Ave, Fort Wayne, IN 46802, United States",2825 Nuttman Ave,Fort Wayne,IN,46802,4.7,16,Auto repair shop,,,https://www.google.com/maps/place/Pro+Tech+Automotive+Inc/data=!4m7!3m6!1s0x8815e5ce507d575b:0x4d3890977ed593fa!8m2!3d41.0527577!4d-85.1766958!16s%2Fg%2F1trxkwtt!19sChIJW1d9UM7lFYgR-pPVfpeQOE0?authuser=0&hl=en&rclk=1,auto repair shop,Allen County,county,IN,2026-07-27T15:54:48,0x8815e5ce507d575b:0x4d3890977ed593fa
Rock's Auto Repair,,,,"1720 S Harrison St, Fort Wayne, IN 46802, United States",1720 S Harrison St,Fort Wayne,IN,46802,4.7,25,Auto repair shop,,,https://www.google.com/maps/place/Rock%27s+Auto+Repair/data=!4m7!3m6!1s0x8815e4f0595bdceb:0x9e98ee25690fdfb8!8m2!3d41.0697184!4d-85.1398637!16s%2Fg%2F1tgw5mth!19sChIJ69xbWfDkFYgRuN8PaSXumJ4?authuser=0&hl=en&rclk=1,auto repair shop,Allen County,county,IN,2026-07-27T15:54:48,0x8815e4f0595bdceb:0x9e98ee25690fdfb8
"Werner's Garage, Inc. - European Car Service Center",(260) 489-9783,,,"7804 Fritz Rd, Fort Wayne, IN 46818, United States",7804 Fritz Rd,Fort Wayne,IN,46818,3.7,121,Auto repair shop,,,"https://www.google.com/maps/place/Werner%27s+Garage,+Inc.+-+European+Car+Service+Center/data=!4m7!3m6!1s0x8815e199d9f87f51:0x413af03c7265dc7a!8m2!3d41.1515808!4d-85.2087326!16s%2Fg%2F1tct99w0!19sChIJUX_42ZnhFYgRetxlcjzwOkE?authuser=0&hl=en&rclk=1",auto repair shop,Allen County,county,IN,2026-07-27T15:54:48,0x8815e199d9f87f51:0x413af03c7265dc7a
"William's Service Center, Inc.",(260) 483-1676,http://www.williamsservicectr.com/,,"10050 Mayhew Rd, Fort Wayne, IN 46825, United States",10050 Mayhew Rd,Fort Wayne,IN,46825,4.7,192,Auto repair shop,,,"https://www.google.com/maps/place/William%27s+Service+Center,+Inc./data=!4m7!3m6!1s0x881607881cd7e4ad:0xc2e80c7e821a85c9!8m2!3d41.1770286!4d-85.0755157!16s%2Fg%2F11dxm8n5b0!19sChIJreTXHIgHFogRyYUagn4M6MI?authuser=0&hl=en&rclk=1",auto repair shop,Allen County,county,IN,2026-07-27T15:54:48,0x881607881cd7e4ad:0xc2e80c7e821a85c9
Budreau's Body Shop,,,,"816 W 300 N, Fowler, IN 47944, United States",816 W 300 N,Fowler,IN,47944,4.6,13,Auto repair shop,,,https://www.google.com/maps/place/Budreau%27s+Body+Shop/data=!4m7!3m6!1s0x881263aa25fa15a3:0x1096253a583918ed!8m2!3d40.6493378!4d-87.3396551!16s%2Fg%2F1tpn34y8!19sChIJoxX6JapjEogR7Rg5WDollhA?authuser=0&hl=en&rclk=1,auto repair shop,Benton County,county,IN,2026-07-27T16:21:16,0x881263aa25fa15a3:0x1096253a583918ed
"FTC Enterprises, Inc",(219) 567-2441,http://www.ftcenterprisesinc.com/,,"4455 US-421, Francesville, IN 47946, United States",4455 US-421,Francesville,IN,47946,4.9,20,Tire shop,,,"https://www.google.com/maps/place/FTC+Enterprises,+Inc/data=!4m7!3m6!1s0x8813cb5a73721c79:0xcf39f531bf02be96!8m2!3d40.9912161!4d-86.8918991!16s%2Fg%2F1w6r8wy4!19sChIJeRxyc1rLE4gRlr4CvzH1Oc8?authuser=0&hl=en&rclk=1",auto repair shop,Pulaski County,county,IN,2026-07-28T00:39:32,0x8813cb5a73721c79:0xcf39f531bf02be96
American Body Shop,,,,"605 W Jefferson St, Frankfort, IN 46041, United States",605 W Jefferson St,Frankfort,IN,46041,3.8,17,Auto body shop,,,https://www.google.com/maps/place/American+Body+Shop/data=!4m7!3m6!1s0x88136a39068fcbf1:0xfb41c24449ebc73f!8m2!3d40.2843046!4d-86.5179205!16s%2Fg%2F1w6r8wxt!19sChIJ8cuPBjlqE4gRP8frSUTCQfs?authuser=0&hl=en&rclk=1,auto repair shop,Clinton County,county,IN,2026-07-27T17:33:28,0x88136a39068fcbf1:0xfb41c24449ebc73f
Frankfort Automotive,,,,"53 Sycamore St, Frankfort, IN 46041, United States",53 Sycamore St,Frankfort,IN,46041,,,Auto repair shop,,,https://www.google.com/maps/place/Frankfort+Automotive/data=!4m7!3m6!1s0x88136a23667bbd1d:0x4d5158b8c45aa7f9!8m2!3d40.2813377!4d-86.5081924!16s%2Fg%2F11gsbfqdx9!19sChIJHb17ZiNqE4gR-adaxLhYUU0?authuser=0&hl=en&rclk=1,auto repair shop,Clinton County,county,IN,2026-07-27T17:33:28,0x88136a23667bbd1d:0x4d5158b8c45aa7f9
Midas,(765) 357-3266,https://www.midas.com/store/in/frankfort/1541-east-wabash-46041/?shopnum=2113&utm_source=google&utm_medium=organic&utm_campaign=gbp,,"1541 E Wabash St, Frankfort, IN 46041, United States",1541 E Wabash St,Frankfort,IN,46041,4.5,405,Auto repair shop,,,https://www.google.com/maps/place/Midas/data=!4m7!3m6!1s0x8813698c909252eb:0xfdd6ddfd2b718b10!8m2!3d40.2780162!4d-86.4939123!16s%2Fg%2F1tdq1r1d!19sChIJ61KSkIxpE4gREItxK_3d1v0?authuser=0&hl=en&rclk=1,auto repair shop,Clinton County,county,IN,2026-07-27T17:33:28,0x8813698c909252eb:0xfdd6ddfd2b718b10
Winchesters garage,,,,"1628 IN-28, Frankfort, IN 46041, United States",1628 IN-28,Frankfort,IN,46041,5.0,1,Auto repair shop,,,https://www.google.com/maps/place/Winchesters+garage/data=!4m7!3m6!1s0x88136bf5b822fe57:0xa9fc08a5acef0451!8m2!3d40.2789901!4d-86.5307095!16s%2Fg%2F11nwcrx79_!19sChIJV_4iuPVrE4gRUQTvrKUI_Kk?authuser=0&hl=en&rclk=1,auto repair shop,Clinton County,county,IN,2026-07-27T17:33:28,0x88136bf5b822fe57:0xa9fc08a5acef0451
"Generations Custom Auto & Collision, Inc.",(317) 736-6900,https://generationscollisionservices.com/,,"599 Earlywood Dr, Franklin, IN 46131, United States",599 Earlywood Dr,Franklin,IN,46131,4.6,61,Auto body shop,,,"https://www.google.com/maps/place/Generations+Custom+Auto+%26+Collision,+Inc./data=!4m7!3m6!1s0x886b6f1f27f05173:0x455ef8abe1dba613!8m2!3d39.5200056!4d-86.0703841!16s%2Fg%2F1tgzc2dw!19sChIJc1HwJx9va4gRE6bb4av4XkU?authuser=0&hl=en&rclk=1",auto repair shop,Johnson County,county,IN,2026-07-27T21:10:42,0x886b6f1f27f05173:0x455ef8abe1dba613
Meineke Car Care Center,(317) 412-9083,https://www.meineke.com/locations/in/franklin-1898/?utm_source=google&utm_medium=organic&utm_campaign=gbp_website,,"990 N Morton St, Franklin, IN 46131, United States",990 N Morton St,Franklin,IN,46131,4.5,745,Auto repair shop,,,https://www.google.com/maps/place/Meineke+Car+Care+Center/data=!4m7!3m6!1s0x886b6f3ae273c3f1:0xcbe1295e8bf3ef4c!8m2!3d39.4899798!4d-86.0649323!16s%2Fg%2F1tfdf69v!19sChIJ8cNz4jpva4gRTO_zi14p4cs?authuser=0&hl=en&rclk=1,auto repair shop,Johnson County,county,IN,2026-07-27T21:10:42,0x886b6f3ae273c3f1:0xcbe1295e8bf3ef4c
Pep Boys Auto Service & Tires,(317) 868-7956,https://www.pepboys.com/stores/in/franklin/320-n-morton-st?Cid=gbp_appt_AN:PB%7CPB:G%7CTT:GBP%7CCG:CONVERSION%7CCD:SERVICE,,"320 N Morton St, Franklin, IN 46131, United States",320 N Morton St,Franklin,IN,46131,4.4,407,Tire shop,,,https://www.google.com/maps/place/Pep+Boys+Auto+Service+%26+Tires/data=!4m7!3m6!1s0x886b6f3d145d69e7:0xc09c11218c3d178f!8m2!3d39.4836274!4d-86.0648588!16s%2Fg%2F11h3dnz1hz!19sChIJ52ldFD1va4gRjxc9jCERnMA?authuser=0&hl=en&rclk=1,auto repair shop,Johnson County,county,IN,2026-07-27T21:10:42,0x886b6f3d145d69e7:0xc09c11218c3d178f
Welch Automotive Inc.,(828) 524-3117,http://welchsauto.com/,,"1108 Depot St, Franklin, NC 28734, United States",1108 Depot St,Franklin,NC,28734,4.9,508,Auto repair shop,,,https://www.google.com/maps/place/Welch+Automotive+Inc./data=!4m7!3m6!1s0x885925201a5e35b7:0xd1b2795ef6d7bb86!8m2!3d35.1885714!4d-83.3793166!16s%2Fg%2F1tdw8shb!19sChIJtzVeGiAlWYgRhrvX9l55stE?authuser=0&hl=en&rclk=1,auto repair shop,Franklin County,county,IN,2026-07-27T19:18:01,0x885925201a5e35b7:0xd1b2795ef6d7bb86
KC Towing & Automotive Recovery,,,,"10248 S Kays Chapel Rd, Fredericksburg, IN 47120, United States",10248 S Kays Chapel Rd,Fredericksburg,IN,47120,5.0,4,Towing service,,,https://www.google.com/maps/place/KC+Towing+%26+Automotive+Recovery/data=!4m7!3m6!1s0x886952f26baacf89:0xeb8a6872130aea!8m2!3d38.4483352!4d-86.2251596!16s%2Fg%2F11b5pjhjhs!19sChIJic-qa_JSaYgR6goTcmiK6wA?authuser=0&hl=en&rclk=1,auto repair shop,Crawford County,county,IN,2026-07-27T17:48:00,0x886952f26baacf89:0xeb8a6872130aea
Orange County Automotive Inc.,(714) 447-4077,,,"3900 W Commonwealth Ave, Fullerton, CA 92833, United States",3900 W Commonwealth Ave,Fullerton,CA,92833,5.0,23,Auto repair shop,,,https://www.google.com/maps/place/Orange+County+Automotive+Inc./data=!4m7!3m6!1s0x80dd2bb68fae15a7:0xbb513192429850d3!8m2!3d33.869837!4d-117.97853!16s%2Fg%2F1hc1b5lg3!19sChIJpxWuj7Yr3YAR01CYQpIxUbs?authuser=0&hl=en&rclk=1,auto repair shop,Orange County,county,IN,2026-07-27T23:31:24,0x80dd2bb68fae15a7:0xbb513192429850d3
Safeway Auto Center - Goodyear,(734) 522-0822,,,"115 Merriman Rd, Garden City, MI 48135, United States",115 Merriman Rd,Garden City,MI,48135,4.4,209,Auto repair shop,,,https://www.google.com/maps/place/Safeway+Auto+Center+-+Goodyear/data=!4m7!3m6!1s0x883b4c65af0d9655:0xae6d7a9860441ce5!8m2!3d42.3112302!4d-83.3500112!16s%2Fg%2F11g72c6fmb!19sChIJVZYNr2VMO4gR5RxEYJh6ba4?authuser=0&hl=en&rclk=1,auto repair shop,Wayne County,county,IN,2026-07-28T02:27:59,0x883b4c65af0d9655:0xae6d7a9860441ce5
Wright Repairs Inc.,(765) 674-3300,http://www.wrightrepairs.com/,,"5900 EASTSIDE PARKWAY DRIVE, Gas City, IN 46933, United States",5900 EASTSIDE PARKWAY DRIVE,Gas City,IN,46933,4.9,8,Electric motor repair shop,,,https://www.google.com/maps/place/Wright+Repairs+Inc./data=!4m7!3m6!1s0x8815018e9e104609:0x2c7ef1ae3eed602f!8m2!3d40.4756101!4d-85.5765989!16s%2Fg%2F1v7tlz_n!19sChIJCUYQno4BFYgRL2DtPq7xfiw?authuser=0&hl=en&rclk=1,auto repair shop,Blackford County,county,IN,2026-07-27T16:36:53,0x8815018e9e104609:0x2c7ef1ae3eed602f
Sunset Motors,,,,"8993 850 N, Gaston, IN 47342, United States",8993 850 N,Gaston,IN,47342,,,Auto repair shop,,,https://www.google.com/maps/place/Sunset+Motors/data=!4m7!3m6!1s0x88151bbe2ac8b039:0x59dba3b29a6451ca!8m2!3d40.3136944!4d-85.5010379!16s%2Fg%2F11s7cm8k78!19sChIJObDIKr4bFYgRylFkmrKj21k?authuser=0&hl=en&rclk=1,auto repair shop,Blackford County,county,IN,2026-07-27T16:36:53,0x88151bbe2ac8b039:0x59dba3b29a6451ca
Mike's KARS Inc.,(717) 334-6882,https://mikeskars.com/,,"940 Old Harrisburg Rd, Gettysburg, PA 17325, United States",940 Old Harrisburg Rd,Gettysburg,PA,17325,4.8,663,Auto repair shop,,,https://www.google.com/maps/place/Mike%27s+KARS+Inc./data=!4m7!3m6!1s0x89c9ab6108073747:0x61323ca322192c33!8m2!3d39.8473711!4d-77.2210572!16s%2Fg%2F1td1qvzv!19sChIJRzcHCGGryYkRMywZIqM8MmE?authuser=0&hl=en&rclk=1,auto repair shop,Adams County,county,IN,2026-07-27T15:46:12,0x89c9ab6108073747:0x61323ca322192c33
Jw,,,,"2491 N County Line Rd E, Gosport, IN 47433, United States",2491 N County Line Rd E,Gosport,IN,47433,4.8,4,Auto machine shop,,,https://www.google.com/maps/place/Jw/data=!4m7!3m6!1s0x886cf74938c1ed11:0x48713db9dea998a3!8m2!3d39.3247053!4d-86.6868188!16s%2Fg%2F11m0tdwq5c!19sChIJEe3BOEn3bIgRo5ip3rk9cUg?authuser=0&hl=en&rclk=1,auto repair shop,Owen County,county,IN,2026-07-27T23:43:06,0x886cf74938c1ed11:0x48713db9dea998a3
Graber Automotive,,,,"14723 Antwerp Rd, Grabill, IN 46741, United States",14723 Antwerp Rd,Grabill,IN,46741,5.0,2,Auto repair shop,,,https://www.google.com/maps/place/Graber+Automotive/data=!4m7!3m6!1s0x8816014ac222a3eb:0x5d93d1dfce407f96!8m2!3d41.199605!4d-84.952373!16s%2Fg%2F11y1jh9r1j!19sChIJ66MiwkoBFogRln9Azt_Rk10?authuser=0&hl=en&rclk=1,auto repair shop,Noble County,county,IN,2026-07-27T23:16:21,0x8816014ac222a3eb:0x5d93d1dfce407f96
Todd Auto Body Inc,(717) 597-8140,https://toddautobodyinc.com/,,"13899 Molly Pitcher Hwy, Greencastle, PA 17225, United States",13899 Molly Pitcher Hwy,Greencastle,PA,17225,4.3,135,Auto body shop,,,https://www.google.com/maps/place/Todd+Auto+Body+Inc/data=!4m7!3m6!1s0x89c991f26e856c3f:0xef5d361e6601c5fd!8m2!3d39.746441!4d-77.7268931!16s%2Fg%2F1vd961wv!19sChIJP2yFbvKRyYkR_cUBZh42Xe8?authuser=0&hl=en&rclk=1,auto repair shop,Franklin County,county,IN,2026-07-27T19:18:01,0x89c991f26e856c3f:0xef5d361e6601c5fd
Wyatt's Car Spot Inc,(765) 653-7846,http://www.wyattscarspot.com/,,"1229 S Bloomington St, Greencastle, IN 46135, United States",1229 S Bloomington St,Greencastle,IN,46135,4.8,24,Auto body shop,,,https://www.google.com/maps/place/Wyatt%27s+Car+Spot+Inc/data=!4m7!3m6!1s0x886cde47c3580bc3:0x4c6015a5373d029a!8m2!3d39.6303306!4d-86.8509152!16s%2Fg%2F1tcv25qq!19sChIJwwtYw0febIgRmgI9N6UVYEw?authuser=0&hl=en&rclk=1,auto repair shop,Putnam County,county,IN,2026-07-28T00:40:53,0x886cde47c3580bc3:0x4c6015a5373d029a
Karz Automotive,,,,"65 Tebbs Ave, Greendale, IN 47025, United States",65 Tebbs Ave,Greendale,IN,47025,,,Auto repair shop,,,https://www.google.com/maps/place/Karz+Automotive/data=!4m7!3m6!1s0x8841d7553ca6f533:0xd09f08964ef9ff4e!8m2!3d39.1139509!4d-84.8597265!16s%2Fg%2F11q7fj9ls1!19sChIJM_WmPFXXQYgRTv_5TpYIn9A?authuser=0&hl=en&rclk=1,auto repair shop,Dearborn County,county,IN,2026-07-27T18:06:19,0x8841d7553ca6f533:0xd09f08964ef9ff4e
Evitt's Auto Repair Inc,(317) 326-4487,,,"3374 N 600 E, Greenfield, IN 46140, United States",3374 N 600 E,Greenfield,IN,46140,4.6,41,Auto repair shop,,,https://www.google.com/maps/place/Evitt%27s+Auto+Repair+Inc/data=!4m7!3m6!1s0x886b2c0c2cdb8da1:0x570f79c299426778!8m2!3d39.8350524!4d-85.6929092!16s%2Fg%2F1thn67sx!19sChIJoY3bLAwsa4gReGdCmcJ5D1c?authuser=0&hl=en&rclk=1,auto repair shop,Hancock County,county,IN,2026-07-27T20:07:18,0x886b2c0c2cdb8da1:0x570f79c299426778
Jiffy Lube,(317) 462-6097,https://indianajiffylube.com/greenfield-in-oil-change/,,"1104 N State St, Greenfield, IN 46140, United States",1104 N State St,Greenfield,IN,46140,4.8,1076,Oil change service,,,https://www.google.com/maps/place/Jiffy+Lube/data=!4m7!3m6!1s0x886b31dee5a47cdd:0xb0a052a9a15f883a!8m2!3d39.7985512!4d-85.7700958!16s%2Fg%2F1tq4rtz6!19sChIJ3Xyk5d4xa4gROohfoalSoLA?authuser=0&hl=en&rclk=1,auto repair shop,Hancock County,county,IN,2026-07-27T20:07:18,0x886b31dee5a47cdd:0xb0a052a9a15f883a
Monro Auto Service and Tire Centers,(317) 462-4064,https://locations.monro.com/in/greenfield/202-east-mcclarnon-drive?&utm_source=google&utm_medium=organic&utm_campaign=gbp-listing-store_302,,"202 E McClarnon Dr, Greenfield, IN 46140, United States",202 E McClarnon Dr,Greenfield,IN,46140,4.1,319,Tire shop,,,https://www.google.com/maps/place/Monro+Auto+Service+and+Tire+Centers/data=!4m7!3m6!1s0x886b31e219790c53:0x94fe602790e10e70!8m2!3d39.8071539!4d-85.7677611!16s%2Fg%2F1tv24w_2!19sChIJUwx5GeIxa4gRcA7hkCdg_pQ?authuser=0&hl=en&rclk=1,auto repair shop,Hancock County,county,IN,2026-07-27T20:07:18,0x886b31e219790c53:0x94fe602790e10e70
"Moore's Repair, Inc.",(317) 462-7734,http://mooresrepair.net/,,"2980 N State St, Greenfield, IN 46140, United States",2980 N State St,Greenfield,IN,46140,4.9,96,Auto repair shop,,,"https://www.google.com/maps/place/Moore%27s+Repair,+Inc./data=!4m7!3m6!1s0x8814fec6c36a30d9:0x1b692bccd92e1ae!8m2!3d39.8282842!4d-85.7705541!16s%2Fg%2F1tdw8nwq!19sChIJ2TBqw8b-FIgRruGSzbyStgE?authuser=0&hl=en&rclk=1",auto repair shop,Hancock County,county,IN,2026-07-27T20:07:18,0x8814fec6c36a30d9:0x1b692bccd92e1ae
Take 5 Oil Change,(317) 318-8498,https://www.take5.com/locations/oil-change/indiana/greenfield/31114/?utm_source=google&utm_medium=organic&utm_campaign=gbp_website,,"1780 N State St, Greenfield, IN 46140, United States",1780 N State St,Greenfield,IN,46140,4.9,2498,Oil change service,,,https://www.google.com/maps/place/Take+5+Oil+Change/data=!4m7!3m6!1s0x886b31d8c8094145:0x8efa3ebda460396f!8m2!3d39.809555!4d-85.7704467!16s%2Fg%2F11lqpgyv3j!19sChIJRUEJyNgxa4gRbzlgpL0--o4?authuser=0&hl=en&rclk=1,auto repair shop,Hancock County,county,IN,2026-07-27T20:07:18,0x886b31d8c8094145:0x8efa3ebda460396f
Valvoline Express Care,(317) 477-5823,https://locations.expresscare.com/in/greenfield/0000611543/?utm_source=Google&utm_medium=Maps&utm_campaign=Google+Places,,"1749 W Main St, Greenfield, IN 46140, United States",1749 W Main St,Greenfield,IN,46140,4.3,163,Oil change service,,,https://www.google.com/maps/place/Valvoline+Express+Care/data=!4m7!3m6!1s0x886b31b30f0519a1:0xe0956cfd4396cb92!8m2!3d39.7836723!4d-85.7948924!16s%2Fg%2F11clsz527n!19sChIJoRkFD7Mxa4gRksuWQ_1sleA?authuser=0&hl=en&rclk=1,auto repair shop,Hancock County,county,IN,2026-07-27T20:07:18,0x886b31b30f0519a1:0xe0956cfd4396cb92
Valvoline Instant Oil Change,(317) 383-0634,https://store.vioc.com/in/greenfield/1504-n-state-st?utm_source=google&utm_medium=local&utm_campaign=localsearch,,"1504 N State St, Greenfield, IN 46140, United States",1504 N State St,Greenfield,IN,46140,4.8,372,Oil change service,,,https://www.google.com/maps/place/Valvoline+Instant+Oil+Change/data=!4m7!3m6!1s0x886b31f6eeaa1c9b:0x99f8ef9546b516cc!8m2!3d39.8048409!4d-85.7704111!16s%2Fg%2F11kbpqtd5p!19sChIJmxyq7vYxa4gRzBa1RpXv-Jk?authuser=0&hl=en&rclk=1,auto repair shop,Hancock County,county,IN,2026-07-27T20:07:18,0x886b31f6eeaa1c9b:0x99f8ef9546b516cc
Walmart Auto Care Center,(317) 462-8871,https://www.walmart.com/store/1141-greenfield-in/auto-care-center/?veh=seo_loc,,"1965 N State St, Greenfield, IN 46140, United States",1965 N State St,Greenfield,IN,46140,3.4,116,Oil change service,,,https://www.google.com/maps/place/Walmart+Auto+Care+Center/data=!4m7!3m6!1s0x886b31fd59590115:0x70897fd6384c98ec!8m2!3d39.8127121!4d-85.7663441!16s%2Fg%2F1tfkrh_v!19sChIJFQFZWf0xa4gR7JhMONZ_iXA?authuser=0&hl=en&rclk=1,auto repair shop,Hancock County,county,IN,2026-07-27T20:07:18,0x886b31fd59590115:0x70897fd6384c98ec
MC Truck Repair,,,,"577 Stingley Rd, Greenville, OH 45331, United States",577 Stingley Rd,Greenville,OH,45331,5.0,1,Truck repair shop,,,https://www.google.com/maps/place/MC+Truck+Repair/data=!4m7!3m6!1s0x883fe5000dc85a77:0xe9c4c843ae2d8ca6!8m2!3d40.0772232!4d-84.7775981!16s%2Fg%2F11xl9h0hc6!19sChIJd1rIDQDlP4gRpowtrkPIxOk?authuser=0&hl=en&rclk=1,auto repair shop,Randolph County,county,IN,2026-07-28T00:52:17,0x883fe5000dc85a77:0xe9c4c843ae2d8ca6
"Apex Vehicle Maintenance, Inc.",(317) 888-4580,http://www.apex-automotive.com/,,"494 US-31 E, Greenwood, IN 46142, United States",494 US-31 E,Greenwood,IN,46142,4.7,192,Auto repair shop,,,"https://www.google.com/maps/place/Apex+Vehicle+Maintenance,+Inc./data=!4m7!3m6!1s0x886b5d1ea837b4bb:0xd1af04cbbc0e85cb!8m2!3d39.623464!4d-86.119359!16s%2Fg%2F1tpllgzk!19sChIJu7Q3qB5da4gRy4UOvMsEr9E?authuser=0&hl=en&rclk=1",auto repair shop,Hendricks County,county,IN,2026-07-27T20:20:11,0x886b5d1ea837b4bb:0xd1af04cbbc0e85cb
"Autobahn Service Center, Inc.",(317) 888-0315,http://www.autobahnservicecenter.com/,,"1648 Old State Rd 37, Greenwood, IN 46143, United States",1648 Old State Rd 37,Greenwood,IN,46143,4.6,122,Auto repair shop,,,"https://www.google.com/maps/place/Autobahn+Service+Center,+Inc./data=!4m7!3m6!1s0x886b5e3e027c2e33:0xed89ae31afd53bdd!8m2!3d39.5917924!4d-86.2295283!16s%2Fg%2F1tmxrrz1!19sChIJMy58Aj5ea4gR3TvVrzGuie0?authuser=0&hl=en&rclk=1",auto repair shop,Morgan County,county,IN,2026-07-27T23:03:34,0x886b5e3e027c2e33:0xed89ae31afd53bdd
Firestone Complete Auto Care,(317) 886-9320,https://www.firestonecompleteautocare.com/indiana/greenwood/260-s-state-rd-135/?utm_source=google&utm_medium=organic&utm_campaign=localmaps&cmp=oloc_google_localmaps_maps,,"260 S State Rd 135, Greenwood, IN 46142, United States",260 S State Rd 135,Greenwood,IN,46142,4.1,384,Tire shop,,,https://www.google.com/maps/place/Firestone+Complete+Auto+Care/data=!4m7!3m6!1s0x886b675cc74fcee9:0xdc5e300941b698f2!8m2!3d39.6122993!4d-86.1590865!16s%2Fg%2F1261fjfqk!19sChIJ6c5Px1xna4gR8pi2QQkwXtw?authuser=0&hl=en&rclk=1,auto repair shop,Johnson County,county,IN,2026-07-27T21:10:42,0x886b675cc74fcee9:0xdc5e300941b698f2
Firestone Complete Auto Care,(317) 886-9334,https://www.firestonecompleteautocare.com/indiana/greenwood/1295-u-s-31-n/?utm_source=google&utm_medium=organic&utm_campaign=localmaps&cmp=oloc_google_localmaps_maps,,"1295 U.S. Hwy 31 N, Greenwood, IN 46142, United States",1295 U.S. Hwy 31 N,Greenwood,IN,46142,4.1,649,Tire shop,,,https://www.google.com/maps/place/Firestone+Complete+Auto+Care/data=!4m7!3m6!1s0x886b5cfb0b94a581:0x502a2da9b4f80fd8!8m2!3d39.6350895!4d-86.1255932!16s%2Fg%2F1tgnxzk2!19sChIJgaWUC_tca4gR2A_4tKktKlA?authuser=0&hl=en&rclk=1,auto repair shop,Johnson County,county,IN,2026-07-27T21:10:42,0x886b5cfb0b94a581:0x502a2da9b4f80fd8
Meineke Car Care Center,(317) 300-5554,https://www.meineke.com/locations/in/greenwood-599/?utm_source=google&utm_medium=organic&utm_campaign=gbp_website,,"1283 U.S. Hwy 31 N, Greenwood, IN 46142, United States",1283 U.S. Hwy 31 N,Greenwood,IN,46142,4.1,849,Auto repair shop,,,https://www.google.com/maps/place/Meineke+Car+Care+Center/data=!4m7!3m6!1s0x886b5cfca0e350f1:0x9a18af6ba576b53f!8m2!3d39.6343742!4d-86.125468!16s%2Fg%2F1tt1tfc6!19sChIJ8VDjoPxca4gRP7V2pWuvGJo?authuser=0&hl=en&rclk=1,auto repair shop,Johnson County,county,IN,2026-07-27T21:10:42,0x886b5cfca0e350f1:0x9a18af6ba576b53f
Midas,(317) 886-9211,https://www.midas.com/store/in/greenwood/1688-meridian-oaks-dr-46142/?shopnum=2627&utm_source=google&utm_medium=organic&utm_campaign=gbp,,"1688 Meridian Oaks Dr, Greenwood, IN 46142, United States",1688 Meridian Oaks Dr,Greenwood,IN,46142,4.6,334,Auto repair shop,,,https://www.google.com/maps/place/Midas/data=!4m7!3m6!1s0x886b5bb41fccd4f1:0xb0e8d6ffbd11b6a7!8m2!3d39.6151117!4d-86.1573416!16s%2Fg%2F1tgc0j55!19sChIJ8dTMH7Rba4gRp7YRvf_W6LA?authuser=0&hl=en&rclk=1,auto repair shop,Johnson County,county,IN,2026-07-27T21:10:42,0x886b5bb41fccd4f1:0xb0e8d6ffbd11b6a7
Midas,(317) 497-0342,https://www.midas.com/store/in/greenwood/1264-n-us-31-46142/?shopnum=2907&utm_source=google&utm_medium=organic&utm_campaign=gbp,,"1264 U.S. Hwy 31 N, Greenwood, IN 46142, United States",1264 U.S. Hwy 31 N,Greenwood,IN,46142,4.3,628,Auto repair shop,,,https://www.google.com/maps/place/Midas/data=!4m7!3m6!1s0x886b5cfc96433f0d:0x8419b56e14e62002!8m2!3d39.6329304!4d-86.1256794!16s%2Fg%2F1xgrnpbk!19sChIJDT9Dlvxca4gRAiDmFG61GYQ?authuser=0&hl=en&rclk=1,auto repair shop,Johnson County,county,IN,2026-07-27T21:10:42,0x886b5cfc96433f0d:0x8419b56e14e62002
Rieser Brothers Inc. Body Shop,(614) 875-7781,http://rieserbros.com/,,"3815 Grove City Rd, Grove City, OH 43123, United States",3815 Grove City Rd,Grove City,OH,43123,4.5,120,Auto body shop,,,https://www.google.com/maps/place/Rieser+Brothers+Inc.+Body+Shop/data=!4m7!3m6!1s0x88389b1466d1a659:0x3729d390e6a16291!8m2!3d39.8818847!4d-83.1046144!16s%2Fg%2F1thzpklt!19sChIJWabRZhSbOIgRkWKh5pDTKTc?authuser=0&hl=en&rclk=1,auto repair shop,Franklin County,county,IN,2026-07-27T19:18:01,0x88389b1466d1a659:0x3729d390e6a16291
A1 Fleet Maintenance Inc,(240) 347-4914,http://www.a1fleetmaintenance.com/,,"14563 Industry Dr, Hagerstown, MD 21742, United States",14563 Industry Dr,Hagerstown,MD,21742,4.7,21,Auto repair shop,,,https://www.google.com/maps/place/A1+Fleet+Maintenance+Inc/data=!4m7!3m6!1s0x89c9920c99fb6de9:0x251e6c7fa6031fe8!8m2!3d39.7163681!4d-77.7229947!16s%2Fg%2F1264d8d6r!19sChIJ6W37mQySyYkR6B8Dpn9sHiU?authuser=0&hl=en&rclk=1,auto repair shop,Franklin County,county,IN,2026-07-27T19:18:01,0x89c9920c99fb6de9:0x251e6c7fa6031fe8
The Mechanic LLC,,,,"6740 E Old US Highway 30, Hamlet, IN 46532, United States",6740 E Old US Highway 30,Hamlet,IN,46532,,,Auto repair shop,,,https://www.google.com/maps/place/The+Mechanic+LLC/data=!4m7!3m6!1s0x88115d007a7bbd47:0x7ad0448de254264e!8m2!3d41.3804969!4d-86.5674627!16s%2Fg%2F11y_9wxlyj!19sChIJR717egBdEYgRTiZU4o1E0Ho?authuser=0&hl=en&rclk=1,auto repair shop,Marshall County,county,IN,2026-07-27T22:27:34,0x88115d007a7bbd47:0x7ad0448de254264e
Gunnars Repair Services Inc,(219) 797-2991,,,"5077 W Volk Rd, Hanna, IN 46340, United States",5077 W Volk Rd,Hanna,IN,46340,4.9,14,Repairs,,,https://www.google.com/maps/place/Gunnars+Repair+Services+Inc/data=!4m7!3m6!1s0x8811709379aea63b:0xbe9096e2e8a1cfcd!8m2!3d41.4143869!4d-86.7957796!16s%2Fg%2F113hj8720!19sChIJO6aueZNwEYgRzc-h6OKWkL4?authuser=0&hl=en&rclk=1,auto repair shop,Starke County,county,IN,2026-07-28T01:33:01,0x8811709379aea63b:0xbe9096e2e8a1cfcd
"Hardinsburg Tire Service, Inc.",(270) 756-5170,http://hardinsburgtireservice.com/,,"307 Old State Rd 60, Hardinsburg, KY 40143, United States",307 Old State Rd 60,Hardinsburg,KY,40143,4.6,68,Tire shop,,,"https://www.google.com/maps/place/Hardinsburg+Tire+Service,+Inc./data=!4m7!3m6!1s0x886f2c3fbc416109:0xf4d31369febd4e5a!8m2!3d37.7767032!4d-86.4473739!16s%2Fg%2F1tfntrrn!19sChIJCWFBvD8sb4gRWk69_mkT0_Q?authuser=0&hl=en&rclk=1",auto repair shop,Perry County,county,IN,2026-07-28T00:03:10,0x886f2c3fbc416109:0xf4d31369febd4e5a
Kannapel Automotive Repair and Tuning,,https://kannapelauto.my.canva.site/#home,,"6810 KY-259, Hardinsburg, KY 40143, United States",6810 KY-259,Hardinsburg,KY,40143,5.0,1,Auto repair shop,,,https://www.google.com/maps/place/Kannapel+Automotive+Repair+and+Tuning/data=!4m7!3m6!1s0x886f275a476566a3:0x4974b5d80ed425d0!8m2!3d37.8584692!4d-86.4694088!16s%2Fg%2F11wppfz596!19sChIJo2ZlR1onb4gR0CXUDti1dEk?authuser=0&hl=en&rclk=1,auto repair shop,Perry County,county,IN,2026-07-28T00:03:10,0x886f275a476566a3:0x4974b5d80ed425d0
RNR tires,,,,"Valeene Marengo Rd, Hardinsburg, IN 47125, United States",Valeene Marengo Rd,Hardinsburg,IN,47125,1.0,1,Auto repair shop,,,https://www.google.com/maps/place/RNR+tires/data=!4m7!3m6!1s0x886ea5f11cef997f:0x743c3499a2700d62!8m2!3d38.4813618!4d-86.4230702!16s%2Fg%2F11rzq1f9tl!19sChIJf5nvHPGlbogRYg1wopk0PHQ?authuser=0&hl=en&rclk=1,auto repair shop,Crawford County,county,IN,2026-07-27T17:48:00,0x886ea5f11cef997f:0x743c3499a2700d62
Meineke Car Care Center,(513) 202-4994,https://www.meineke.com/locations/oh/harrison-1673/?utm_source=google&utm_medium=organic&utm_campaign=gbp_website,,"10754 Harrison Ave, Harrison, OH 45030, United States",10754 Harrison Ave,Harrison,OH,45030,4.4,578,Auto repair shop,,,https://www.google.com/maps/place/Meineke+Car+Care+Center/data=!4m7!3m6!1s0x88402da36da0b9af:0x302add06f9458ceb!8m2!3d39.255249!4d-84.797695!16s%2Fg%2F1tgmwz7b!19sChIJr7mgbaMtQIgR64xF-QbdKjA?authuser=0&hl=en&rclk=1,auto repair shop,Dearborn County,county,IN,2026-07-27T18:06:19,0x88402da36da0b9af:0x302add06f9458ceb
Cycle Solutions Inc,(765) 768-6000,https://www.cyclesolutions.com/,,"3585 S 600 E, Hartford City, IN 47348, United States",3585 S 600 E,Hartford City,IN,47348,4.3,37,Motorcycle repair shop,,,https://www.google.com/maps/place/Cycle+Solutions+Inc/data=!4m7!3m6!1s0x881572c6dca95949:0xcaf5bba74c2cfb3b!8m2!3d40.3981941!4d-85.2574733!16s%2Fg%2F1tdww935!19sChIJSVmp3MZyFYgRO_ssTKe79co?authuser=0&hl=en&rclk=1,auto repair shop,Blackford County,county,IN,2026-07-27T16:36:53,0x881572c6dca95949:0xcaf5bba74c2cfb3b
Everhart's Collision Repair,,,,"609 W Washington St, Hartford City, IN 47348, United States",609 W Washington St,Hartford City,IN,47348,,,Auto repair shop,,,https://www.google.com/maps/place/Everhart%27s+Collision+Repair/data=!4m7!3m6!1s0x88150f0075a33b41:0x56190646d35d2ad1!8m2!3d40.4511205!4d-85.3743742!16s%2Fg%2F11vqlcz4yt!19sChIJQTujdQAPFYgR0Spd00YGGVY?authuser=0&hl=en&rclk=1,auto repair shop,Blackford County,county,IN,2026-07-27T16:36:53,0x88150f0075a33b41:0x56190646d35d2ad1
Gav's auto llc,,,,"2739 S Angling Pike, Hartford City, IN 47348, United States",2739 S Angling Pike,Hartford City,IN,47348,,,Auto machine shop,,,https://www.google.com/maps/place/Gav%27s+auto+llc/data=!4m7!3m6!1s0x88150ff7ed7a06ad:0xaf30215a48cdb04!8m2!3d40.4123373!4d-85.4293389!16s%2Fg%2F11npwcm6dw!19sChIJrQZ67fcPFYgRBNuMpBUC8wo?authuser=0&hl=en&rclk=1,auto repair shop,Blackford County,county,IN,2026-07-27T16:36:53,0x88150ff7ed7a06ad:0xaf30215a48cdb04
Max Effort Diesel,,,,"378 E 200 S, Hartford City, IN 47348, United States",378 E 200 S,Hartford City,IN,47348,,,Auto repair shop,,,https://www.google.com/maps/place/Max+Effort+Diesel/data=!4m7!3m6!1s0x88150f0005774747:0xb67f51d58a2c0cf9!8m2!3d40.4224589!4d-85.3640582!16s%2Fg%2F11zg97k458!19sChIJR0d3BQAPFYgR-QwsitVRf7Y?authuser=0&hl=en&rclk=1,auto repair shop,Blackford County,county,IN,2026-07-27T16:36:53,0x88150f0005774747:0xb67f51d58a2c0cf9
Meineke Car Care Center,(765) 329-2455,https://www.meineke.com/locations/in/hartford-city-2963/?utm_source=google&utm_medium=organic&utm_campaign=gbp_website,,"219 N Walnut St, Hartford City, IN 47348, United States",219 N Walnut St,Hartford City,IN,47348,4.3,255,Auto repair shop,,,https://www.google.com/maps/place/Meineke+Car+Care+Center/data=!4m7!3m6!1s0x88150f4d0aec7c27:0x288b0f496b3e5607!8m2!3d40.4527095!4d-85.3704203!16s%2Fg%2F11sscnnl21!19sChIJJ3zsCk0PFYgRB1Y-a0kPiyg?authuser=0&hl=en&rclk=1,auto repair shop,Blackford County,county,IN,2026-07-27T16:36:53,0x88150f4d0aec7c27:0x288b0f496b3e5607
NAPA Auto Parts - Hartford Auto Supply Inc,(765) 348-3700,https://www.napaonline.com/en/IN/Hartford-City/store/28419?cid=pl_jobber_google_dac_28419_ao,,"1620 N Walnut St, Hartford City, IN 47348, United States",1620 N Walnut St,Hartford City,IN,47348,4.6,35,Auto parts store,,,https://www.google.com/maps/place/NAPA+Auto+Parts+-+Hartford+Auto+Supply+Inc/data=!4m7!3m6!1s0x8815094c716d810b:0x425b08b7afdad5e!8m2!3d40.464659!4d-85.369451!16s%2Fg%2F1tht218w!19sChIJC4FtcUwJFYgRXq39eouwJQQ?authuser=0&hl=en&rclk=1,auto repair shop,Blackford County,county,IN,2026-07-27T16:36:53,0x8815094c716d810b:0x425b08b7afdad5e
O'Reilly Auto Parts,(765) 348-4923,https://locations.oreillyauto.com/en-us/in/hartfordcity/autoparts-1673.html,,"1308 N Walnut St, Hartford City, IN 47348, United States",1308 N Walnut St,Hartford City,IN,47348,4.3,166,Auto parts store,,,https://www.google.com/maps/place/O%27Reilly+Auto+Parts/data=!4m7!3m6!1s0x8815094caf68b46f:0x6cf0f5381f09be72!8m2!3d40.4619541!4d-85.3692906!16s%2Fg%2F1tf6h7fb!19sChIJb7Ror0wJFYgRcr4JHzj18Gw?authuser=0&hl=en&rclk=1,auto repair shop,Blackford County,county,IN,2026-07-27T16:36:53,0x8815094caf68b46f:0x6cf0f5381f09be72
"Superior Auto, Inc",(765) 348-9617,https://www.superior-auto.com/,,"209 N Walnut St, Hartford City, IN 47348, United States",209 N Walnut St,Hartford City,IN,47348,4.6,78,Used car dealer,,,"https://www.google.com/maps/place/Superior+Auto,+Inc/data=!4m7!3m6!1s0x88150eb0cc2c0f41:0xd3389f73b163ae9d!8m2!3d40.4524315!4d-85.3705196!16s%2Fg%2F1tj9tyj0!19sChIJQQ8szLAOFYgRna5jsXOfONM?authuser=0&hl=en&rclk=1",auto repair shop,Blackford County,county,IN,2026-07-27T16:36:53,0x88150eb0cc2c0f41:0xd3389f73b163ae9d
Performance Truck Inc.,(865) 938-1004,https://www.performancetruckinc.com/,,"1704 E Raccoon Valley Dr, Heiskell, TN 37754, United States",1704 E Raccoon Valley Dr,Heiskell,TN,37754,4.5,166,Truck repair shop,,,https://www.google.com/maps/place/Performance+Truck+Inc./data=!4m7!3m6!1s0x885c38abf3bb790d:0x5620b67a4580bd47!8m2!3d36.1089322!4d-84.018648!16s%2Fg%2F1tczr216!19sChIJDXm786s4XIgRR72ARXq2IFY?authuser=0&hl=en&rclk=1,auto repair shop,Knox County,county,IN,2026-07-27T21:20:03,0x885c38abf3bb790d:0x5620b67a4580bd47
Daves Auto Center Inc,(219) 942-1268,https://davesautocenterinc.com/,,"442 N Wisconsin St, Hobart, IN 46342, United States",442 N Wisconsin St,Hobart,IN,46342,4.7,143,Auto repair shop,,,https://www.google.com/maps/place/Daves+Auto+Center+Inc/data=!4m7!3m6!1s0x8811ea5c8c06fa33:0xceeed21efc982d2b!8m2!3d41.5448993!4d-87.2698589!16s%2Fg%2F1vl5hctq!19sChIJM_oGjFzqEYgRKy2Y_B7S7s4?authuser=0&hl=en&rclk=1,auto repair shop,Porter County,county,IN,2026-07-28T00:20:29,0x8811ea5c8c06fa33:0xceeed21efc982d2b
Main Street Auto INC,(219) 942-2198,,,"40 Main St, Hobart, IN 46342, United States",40 Main St,Hobart,IN,46342,4.5,101,Auto repair shop,,,https://www.google.com/maps/place/Main+Street+Auto+INC/data=!4m7!3m6!1s0x8811eafbc3213625:0xfa2e0ed4deb5a2d!8m2!3d41.5348499!4d-87.2561483!16s%2Fg%2F1tdgkw1v!19sChIJJTYhw_vqEYgRLVrrTe3gog8?authuser=0&hl=en&rclk=1,auto repair shop,Porter County,county,IN,2026-07-28T00:20:29,0x8811eafbc3213625:0xfa2e0ed4deb5a2d
"Holland Sales & Service, Inc.",(812) 455-7500,,,"402 Main St, Holland, IN 47541, United States",402 Main St,Holland,IN,47541,4.7,7,Tire shop,,,"https://www.google.com/maps/place/Holland+Sales+%26+Service,+Inc./data=!4m7!3m6!1s0x886e5d2a59fd39e3:0x82531b823815b311!8m2!3d38.2469672!4d-87.0324644!16s%2Fg%2F11bw21pcg7!19sChIJ4zn9WSpdbogREbMVOIIbU4I?authuser=0&hl=en&rclk=1",auto repair shop,Pike County,county,IN,2026-07-28T00:15:17,0x886e5d2a59fd39e3:0x82531b823815b311
"Hippenhammer Collision Center, Inc",(260) 463-8900,https://www.facebook.com/Hippenhammers,,"3935 IN-9, Howe, IN 46746, United States",3935 IN-9,Howe,IN,46746,4.2,24,Auto body shop,,,"https://www.google.com/maps/place/Hippenhammer+Collision+Center,+Inc/data=!4m7!3m6!1s0x8816457befcf2dd1:0x9e3863b37b75bde5!8m2!3d41.6982147!4d-85.4252894!16s%2Fg%2F1v6p9g5s!19sChIJ0S3P73tFFogR5b11e7NjOJ4?authuser=0&hl=en&rclk=1",auto repair shop,LaGrange County,county,IN,2026-07-27T21:42:19,0x8816457befcf2dd1:0x9e3863b37b75bde5
Houser Automotive Inc,(260) 637-3791,,,"15221 Lima Rd, Huntertown, IN 46748, United States",15221 Lima Rd,Huntertown,IN,46748,4.9,103,Auto repair shop,,,https://www.google.com/maps/place/Houser+Automotive+Inc/data=!4m7!3m6!1s0x881609746b13ccf3:0x79914d2cf74bc089!8m2!3d41.2242284!4d-85.1724774!16s%2Fg%2F1tjgq5r8!19sChIJ88wTa3QJFogRicBL9yxNkXk?authuser=0&hl=en&rclk=1,auto repair shop,Noble County,county,IN,2026-07-27T23:16:21,0x881609746b13ccf3:0x79914d2cf74bc089
Brinkman's Auto Repair Inc,(812) 482-2116,,,"4337 IN-162, Huntingburg, IN 47542, United States",4337 IN-162,Huntingburg,IN,47542,3.9,31,Auto repair shop,,,https://www.google.com/maps/place/Brinkman%27s+Auto+Repair+Inc/data=!4m7!3m6!1s0x886e8af717553373:0x34daa303104e8b79!8m2!3d38.313589!4d-86.874089!16s%2Fg%2F1tj80qn3!19sChIJczNVF_eKbogReYtOEAOj2jQ?authuser=0&hl=en&rclk=1,auto repair shop,Dubois County,county,IN,2026-07-27T18:36:07,0x886e8af717553373:0x34daa303104e8b79
Dans Service & Repair,,,,"454 W Markle Rd, Huntington, IN 46750, United States",454 W Markle Rd,Huntington,IN,46750,3.9,7,Auto repair shop,,,https://www.google.com/maps/place/Dans+Service+%26+Repair/data=!4m7!3m6!1s0x8815b7dda9736d29:0xaa755ccdcd42fc92!8m2!3d40.8615665!4d-85.4602354!16s%2Fg%2F11fll63hd2!19sChIJKW1zqd23FYgRkvxCzc1cdao?authuser=0&hl=en&rclk=1,auto repair shop,Huntington County,county,IN,2026-07-27T20:34:48,0x8815b7dda9736d29:0xaa755ccdcd42fc92
Monro Auto Service and Tire Centers,(260) 359-9760,https://locations.monro.com/in/huntington/230-hauenstein-road?&utm_source=google&utm_medium=organic&utm_campaign=gbp-listing-store_281,,"230 Hauenstein Rd, Huntington, IN 46750, United States",230 Hauenstein Rd,Huntington,IN,46750,4.2,284,Tire shop,,,https://www.google.com/maps/place/Monro+Auto+Service+and+Tire+Centers/data=!4m7!3m6!1s0x8815c98e8e292c1b:0xe727f330d712c50c!8m2!3d40.8976879!4d-85.5129219!16s%2Fg%2F1tggv3lf!19sChIJGywpjo7JFYgRDMUS1zDzJ-c?authuser=0&hl=en&rclk=1,auto repair shop,Huntington County,county,IN,2026-07-27T20:34:48,0x8815c98e8e292c1b:0xe727f330d712c50c
NAPA Auto Parts - Ridge Huntington,(260) 356-5616,https://www.napaonline.com/en/IN/Huntington/store/28606?cid=pl_jobber_google_dac_28606_ao,,"1229 S Jefferson St, Huntington, IN 46750, United States",1229 S Jefferson St,Huntington,IN,46750,4.6,31,Auto parts store,,,https://www.google.com/maps/place/NAPA+Auto+Parts+-+Ridge+Huntington/data=!4m7!3m6!1s0x8815c9d5c3288285:0xfe7773cee098ca5e!8m2!3d40.8720406!4d-85.4828826!16s%2Fg%2F1tf87ps3!19sChIJhYIow9XJFYgRXsqY4M5zd_4?authuser=0&hl=en&rclk=1,auto repair shop,Huntington County,county,IN,2026-07-27T20:34:48,0x8815c9d5c3288285:0xfe7773cee098ca5e
"Superior Auto, Inc",(260) 358-1105,https://www.superior-auto.com/,,"1747 N Jefferson St, Huntington, IN 46750, United States",1747 N Jefferson St,Huntington,IN,46750,4.1,48,Used car dealer,,,"https://www.google.com/maps/place/Superior+Auto,+Inc/data=!4m7!3m6!1s0x8815c9eb4987523d:0x30ec6264189dce38!8m2!3d40.8912047!4d-85.5033427!16s%2Fg%2F1tj6vfbj!19sChIJPVKHSevJFYgROM6dGGRi7DA?authuser=0&hl=en&rclk=1",auto repair shop,Huntington County,county,IN,2026-07-27T20:34:48,0x8815c9eb4987523d:0x30ec6264189dce38
Transwheel Corporation,(260) 358-8660,http://www.transwheel.com/,,"3000 Yeoman Way, Huntington, IN 46750, United States",3000 Yeoman Way,Huntington,IN,46750,4.2,26,Wheel store,,,https://www.google.com/maps/place/Transwheel+Corporation/data=!4m7!3m6!1s0x8815b5faad7e9c63:0xebdee2257d0adf10!8m2!3d40.8626137!4d-85.5310687!16s%2Fg%2F1thq19k_!19sChIJY5x-rfq1FYgREN8KfSXi3us?authuser=0&hl=en&rclk=1,auto repair shop,Huntington County,county,IN,2026-07-27T20:34:48,0x8815b5faad7e9c63:0xebdee2257d0adf10
Truck & Trailer Services Inc,(260) 356-7133,http://truckandtrailerservices.com/,,"2115 E Taylor St, Huntington, IN 46750, United States",2115 E Taylor St,Huntington,IN,46750,4.8,36,Truck repair shop,,,https://www.google.com/maps/place/Truck+%26+Trailer+Services+Inc/data=!4m7!3m6!1s0x8815c829502019e5:0xc7b72615112ba7cc!8m2!3d40.8741607!4d-85.4651565!16s%2Fg%2F1vg6vbkv!19sChIJ5RkgUCnIFYgRzKcrERUmt8c?authuser=0&hl=en&rclk=1,auto repair shop,Huntington County,county,IN,2026-07-27T20:34:48,0x8815c829502019e5:0xc7b72615112ba7cc
Walmart Auto Care Center,(260) 358-8708,https://www.walmart.com/store/2311-huntington-in/auto-care-center/?veh=seo_loc,,"2800 Walmart Dr, Huntington, IN 46750, United States",2800 Walmart Dr,Huntington,IN,46750,3.8,54,Oil change service,,,https://www.google.com/maps/place/Walmart+Auto+Care+Center/data=!4m7!3m6!1s0x8815c98e5919cf81:0x379ed15485a191bf!8m2!3d40.8992096!4d-85.5164831!16s%2Fg%2F11xpb5xv1!19sChIJgc8ZWY7JFYgRv5GhhVTRnjc?authuser=0&hl=en&rclk=1,auto repair shop,Huntington County,county,IN,2026-07-27T20:34:48,0x8815c98e5919cf81:0x379ed15485a191bf
AAA Auto Repair,,,,"9460 E Washington St, Indianapolis, IN 46229, United States",9460 E Washington St,Indianapolis,IN,46229,5.0,7,Auto repair shop,,,https://www.google.com/maps/place/AAA+Auto+Repair/data=!4m7!3m6!1s0x886b49e33704352f:0x12d18c32148cd412!8m2!3d39.7747669!4d-85.9995286!16s%2Fg%2F11fjstqmd0!19sChIJLzUEN-NJa4gREtSMFDKM0RI?authuser=0&hl=en&rclk=1,auto repair shop,Hancock County,county,IN,2026-07-27T20:07:18,0x886b49e33704352f:0x12d18c32148cd412
All American Auto & Fleet Inc,(317) 783-6989,,,"2940 S Harding St #2, Indianapolis, IN 46225, United States",2940 S Harding St #2,Indianapolis,IN,46225,4.6,70,Auto repair shop,,,https://www.google.com/maps/place/All+American+Auto+%26+Fleet+Inc/data=!4m7!3m6!1s0x886b599aed4cda23:0x262a70103b4e9ee6!8m2!3d39.7221457!4d-86.1871813!16s%2Fg%2F1td0ns3m!19sChIJI9pM7ZpZa4gR5p5OOxBwKiY?authuser=0&hl=en&rclk=1,auto repair shop,Marion County,county,IN,2026-07-27T22:14:15,0x886b599aed4cda23:0x262a70103b4e9ee6
Borkowski Collision Repair Inc,(317) 841-8330,http://borkowskicollisionrepairindy.com/,,"10395 Hague Rd, Indianapolis, IN 46256, United States",10395 Hague Rd,Indianapolis,IN,46256,4.5,136,Auto repair shop,,,https://www.google.com/maps/place/Borkowski+Collision+Repair+Inc/data=!4m7!3m6!1s0x8814b344391ebcbd:0x53309558c2a18636!8m2!3d39.9384314!4d-86.0324074!16s%2Fg%2F1vkxmwbb!19sChIJvbweOUSzFIgRNoahwliVMFM?authuser=0&hl=en&rclk=1,auto repair shop,Hamilton County,county,IN,2026-07-27T19:58:44,0x8814b344391ebcbd:0x53309558c2a18636
Buggy Works Inc.,(317) 388-1740,https://www.buggyworksinc.com/,,"3750 N Raceway Rd, Indianapolis, IN 46234, United States",3750 N Raceway Rd,Indianapolis,IN,46234,5.0,37,Auto repair shop,,,https://www.google.com/maps/place/Buggy+Works+Inc./data=!4m7!3m6!1s0x886c8eff29160479:0xb7b685d952ceb020!8m2!3d39.8190591!4d-86.3277683!16s%2Fg%2F1tvdkjz1!19sChIJeQQWKf-ObIgRILDOUtmFtrc?authuser=0&hl=en&rclk=1,auto repair shop,Hendricks County,county,IN,2026-07-27T20:20:11,0x886c8eff29160479:0xb7b685d952ceb020
"Car Tech of Indiana, Inc.",(317) 791-0688,http://www.cartechindy.com/,,"5420 Victory Dr, Indianapolis, IN 46203, United States",5420 Victory Dr,Indianapolis,IN,46203,4.5,107,Auto repair shop,,,"https://www.google.com/maps/place/Car+Tech+of+Indiana,+Inc./data=!4m7!3m6!1s0x886b44ddbed8d7ed:0xcedaf0b25ba1f878!8m2!3d39.70249!4d-86.0748281!16s%2Fg%2F1tfzy711!19sChIJ7dfYvt1Ea4gRePihW7Lw2s4?authuser=0&hl=en&rclk=1",auto repair shop,Indianapolis,city,IN,2026-07-28T02:54:42,0x886b44ddbed8d7ed:0xcedaf0b25ba1f878
Fights Auto Service Inc,(317) 782-4481,,,"4221 S Butler Ave, Indianapolis, IN 46203, United States",4221 S Butler Ave,Indianapolis,IN,46203,4.9,21,Auto repair shop,,,https://www.google.com/maps/place/Fights+Auto+Service+Inc/data=!4m7!3m6!1s0x886b44dec6587c8b:0xb6507621d879a8c7!8m2!3d39.7060159!4d-86.0776214!16s%2Fg%2F1tjtk00t!19sChIJi3xYxt5Ea4gRx6h52CF2ULY?authuser=0&hl=en&rclk=1,auto repair shop,Indianapolis,city,IN,2026-07-28T02:54:42,0x886b44dec6587c8b:0xb6507621d879a8c7
Firestone Complete Auto Care,(317) 543-7252,https://www.firestonecompleteautocare.com/indiana/indianapolis/425-n-delaware-st/?utm_source=google&utm_medium=organic&utm_campaign=localmaps&cmp=oloc_google_localmaps_maps,,"425 N Delaware St, Indianapolis, IN 46204, United States",425 N Delaware St,Indianapolis,IN,46204,4.4,582,Tire shop,,,https://www.google.com/maps/place/Firestone+Complete+Auto+Care/data=!4m7!3m6!1s0x886b50954b840783:0x9d3bfd9e8d8b0b89!8m2!3d39.7737157!4d-86.1537933!16s%2Fg%2F1vfn7d81!19sChIJgweES5VQa4gRiQuLjZ79O50?authuser=0&hl=en&rclk=1,auto repair shop,Indianapolis,city,IN,2026-07-28T02:54:42,0x886b50954b840783:0x9d3bfd9e8d8b0b89
Hopkins Automotive Inc,(317) 251-2100,https://www.hopkinsauto.mechanicnet.com/,,"5102 E 62nd St, Indianapolis, IN 46220, United States",5102 E 62nd St,Indianapolis,IN,46220,4.7,97,Car repair and maintenance service,,,https://www.google.com/maps/place/Hopkins+Automotive+Inc/data=!4m7!3m6!1s0x886b4d9ca7e68d4b:0x425ec1319c6321b1!8m2!3d39.869187!4d-86.0829771!16s%2Fg%2F1tlw9tz3!19sChIJS43mp5xNa4gRsSFjnDHBXkI?authuser=0&hl=en&rclk=1,auto repair shop,Marion County,county,IN,2026-07-27T22:14:15,0x886b4d9ca7e68d4b:0x425ec1319c6321b1
"K & K Automotive, Inc.",(317) 826-1645,http://www.kkautomotive.com/,,"5856 Thunderbird Rd, Indianapolis, IN 46236, United States",5856 Thunderbird Rd,Indianapolis,IN,46236,4.5,105,Auto repair shop,,,"https://www.google.com/maps/place/K+%26+K+Automotive,+Inc./data=!4m7!3m6!1s0x886b4ba5584c604d:0x90a8c1414ed4eb9d!8m2!3d39.8612498!4d-85.9816859!16s%2Fg%2F1wk7rlx7!19sChIJTWBMWKVLa4gRnevUTkHBqJA?authuser=0&hl=en&rclk=1",auto repair shop,Hancock County,county,IN,2026-07-27T20:07:18,0x886b4ba5584c604d:0x90a8c1414ed4eb9d
Midas,(317) 735-6787,https://www.midas.com/store/in/indianapolis/214-raceway-rd-46231/?shopnum=2908&utm_source=google&utm_medium=organic&utm_campaign=gbp,,"214 S Raceway Rd, Indianapolis, IN 46231, United States",214 S Raceway Rd,Indianapolis,IN,46231,4.7,827,Auto repair shop,,,https://www.google.com/maps/place/Midas/data=!4m7!3m6!1s0x886ca611f6eea615:0x131680feed16eb0b!8m2!3d39.7610474!4d-86.3273088!16s%2Fg%2F12610wgsy!19sChIJFabu9hGmbIgRC-sW7f6AFhM?authuser=0&hl=en&rclk=1,auto repair shop,Hendricks County,county,IN,2026-07-27T20:20:11,0x886ca611f6eea615:0x131680feed16eb0b
Midas,(317) 981-7093,https://www.midas.com/store/in/indianapolis/6184-north-keystone-avenue-46220/?shopnum=2358&utm_source=google&utm_medium=organic&utm_campaign=gbp,,"6184 N Keystone Ave, Indianapolis, IN 46220, United States",6184 N Keystone Ave,Indianapolis,IN,46220,4.6,800,Auto repair shop,,,https://www.google.com/maps/place/Midas/data=!4m7!3m6!1s0x886b525af5737f1f:0x6f75cfb380cab9a9!8m2!3d39.8678404!4d-86.1228369!16s%2Fg%2F1tg68vwp!19sChIJH39z9VpSa4gRqbnKgLPPdW8?authuser=0&hl=en&rclk=1,auto repair shop,Indianapolis,city,IN,2026-07-28T02:54:42,0x886b525af5737f1f:0x6f75cfb380cab9a9
Professional Automotive Inc,(317) 596-0898,http://professionalautomotiveinc.com/,,"7013 E 86th St, Indianapolis, IN 46250, United States",7013 E 86th St,Indianapolis,IN,46250,4.8,626,Auto repair shop,,,https://www.google.com/maps/place/Professional+Automotive+Inc/data=!4m7!3m6!1s0x886b4cd3033729a7:0x8aed000e80826ff0!8m2!3d39.9122222!4d-86.0455556!16s%2Fg%2F1tctmjn8!19sChIJpyk3A9NMa4gR8G-CgA4A7Yo?authuser=0&hl=en&rclk=1,auto repair shop,Hamilton County,county,IN,2026-07-27T19:58:44,0x886b4cd3033729a7:0x8aed000e80826ff0
Sincere Auto Care Inc,(317) 354-1740,http://sincereautocare.com/,,"7150 E Washington St, Indianapolis, IN 46219, United States",7150 E Washington St,Indianapolis,IN,46219,4.3,211,Auto repair shop,,,https://www.google.com/maps/place/Sincere+Auto+Care+Inc/data=!4m7!3m6!1s0x886b4f1240e174e7:0xb767899467442fdc!8m2!3d39.7737646!4d-86.0414479!16s%2Fg%2F1ty74_sp!19sChIJ53ThQBJPa4gR3C9EZ5SJZ7c?authuser=0&hl=en&rclk=1,auto repair shop,Marion County,county,IN,2026-07-27T22:14:15,0x886b4f1240e174e7:0xb767899467442fdc
Swift Auto Service Inc.,(317) 791-1000,https://www.swiftautoserviceinc.com/,,"4300 S Meridian St, Indianapolis, IN 46217, United States",4300 S Meridian St,Indianapolis,IN,46217,4.5,169,Auto repair shop,,,https://www.google.com/maps/place/Swift+Auto+Service+Inc./data=!4m7!3m6!1s0x886b5bc8b7550c2d:0x69afb796b5ae9428!8m2!3d39.7026842!4d-86.1589407!16s%2Fg%2F1thvtfvr!19sChIJLQxVt8hba4gRKJSutZa3r2k?authuser=0&hl=en&rclk=1,auto repair shop,Indianapolis,city,IN,2026-07-28T02:54:42,0x886b5bc8b7550c2d:0x69afb796b5ae9428
King's Automotive,,,,"9613 KY-86, Irvington, KY 40146, United States",9613 KY-86,Irvington,KY,40146,4.7,7,Auto repair shop,,,https://www.google.com/maps/place/King%27s+Automotive/data=!4m7!3m6!1s0x886f286b45c36967:0x6839949589c5c18e!8m2!3d37.9017509!4d-86.4027343!16s%2Fg%2F11f29zjxzj!19sChIJZ2nDRWsob4gRjsHFiZWUOWg?authuser=0&hl=en&rclk=1,auto repair shop,Perry County,county,IN,2026-07-28T00:03:10,0x886f286b45c36967:0x6839949589c5c18e
Freeman Auto Repair Inc,(601) 948-3358,http://www.freemanautorepair.com/,,"847 State St, Jackson, MS 39201, United States",847 State St,Jackson,MS,39201,4.5,109,Auto repair shop,,,https://www.google.com/maps/place/Freeman+Auto+Repair+Inc/data=!4m7!3m6!1s0x8628324a1eb5339d:0xb5983215f9307133!8m2!3d32.2891044!4d-90.1825942!16s%2Fg%2F1vgqdg6d!19sChIJnTO1HkoyKIYRM3Ew-RUymLU?authuser=0&hl=en&rclk=1,auto repair shop,Jackson County,county,IN,2026-07-27T20:36:27,0x8628324a1eb5339d:0xb5983215f9307133
"Peak Performance Auto Repair, Ltd.",(740) 817-4172,http://ppautorepair.com/?utm_source=gmb&utm_medium=referral,,"9143 Jacksontown Rd SE, Jacksontown, OH 43030, United States",9143 Jacksontown Rd SE,Jacksontown,OH,43030,5.0,25,Car repair and maintenance service,,,"https://www.google.com/maps/place/Peak+Performance+Auto+Repair,+Ltd./data=!4m7!3m6!1s0x883810c1a5e270a1:0x9c888c335fadd774!8m2!3d39.9606825!4d-82.413631!16s%2Fg%2F11ddzhxc0l!19sChIJoXDipcEQOIgRdNetXzOMiJw?authuser=0&hl=en&rclk=1",auto repair shop,Ohio County,county,IN,2026-07-27T23:23:43,0x883810c1a5e270a1:0x9c888c335fadd774
Auto's Repair Inc.,(812) 482-1648,http://www.facebook.com/autosrepairinc,,"108 N Newton St, Jasper, IN 47546, United States",108 N Newton St,Jasper,IN,47546,5.0,11,Auto repair shop,,,https://www.google.com/maps/place/Auto%27s+Repair+Inc./data=!4m7!3m6!1s0x886e630a12571edf:0x58eaa24333d01168!8m2!3d38.3869648!4d-86.9310001!16s%2Fg%2F11wtktppy6!19sChIJ3x5XEgpjbogRaBHQM0Oi6lg?authuser=0&hl=en&rclk=1,auto repair shop,Daviess County,county,IN,2026-07-27T17:56:38,0x886e630a12571edf:0x58eaa24333d01168
Blackgrave's Body Shop Inc,(812) 482-2166,,,"2094 E Greener Rd, Jasper, IN 47546, United States",2094 E Greener Rd,Jasper,IN,47546,4.3,6,Auto body shop,,,https://www.google.com/maps/place/Blackgrave%27s+Body+Shop+Inc/data=!4m7!3m6!1s0x886e8998f60cc06f:0xd7b91dfcb66ccf7!8m2!3d38.3785397!4d-86.8696045!16s%2Fg%2F1trxl0f9!19sChIJb8AM9piJbogR98xmy9-Rew0?authuser=0&hl=en&rclk=1,auto repair shop,Dubois County,county,IN,2026-07-27T18:36:07,0x886e8998f60cc06f:0xd7b91dfcb66ccf7
Bob Jahn's Garage Inc.,(812) 482-7928,,,"1719 E Schnellville Rd, Jasper, IN 47546, United States",1719 E Schnellville Rd,Jasper,IN,47546,4.8,6,Auto repair shop,,,https://www.google.com/maps/place/Bob+Jahn%27s+Garage+Inc./data=!4m7!3m6!1s0x886e89867f4e209b:0xc708706792d3b933!8m2!3d38.3644207!4d-86.8700752!16s%2Fg%2F1tdmfmth!19sChIJmyBOf4aJbogRM7nTkmdwCMc?authuser=0&hl=en&rclk=1,auto repair shop,Dubois County,county,IN,2026-07-27T18:36:07,0x886e89867f4e209b:0xc708706792d3b933
Dennys Auto Sales & Services Inc.,(812) 482-1881,,,"491 Third Ave, Jasper, IN 47546, United States",491 Third Ave,Jasper,IN,47546,4.8,30,Used car dealer,,,https://www.google.com/maps/place/Dennys+Auto+Sales+%26+Services+Inc./data=!4m7!3m6!1s0x886e626ad49bb339:0x35d667375a94e360!8m2!3d38.3816057!4d-86.9199959!16s%2Fg%2F1tg6qw65!19sChIJObOb1GpibogRYOOUWjdn1jU?authuser=0&hl=en&rclk=1,auto repair shop,Dubois County,county,IN,2026-07-27T18:36:07,0x886e626ad49bb339:0x35d667375a94e360
"Jasper Industrial Supply, Inc",(812) 639-0120,https://jasperindustrial.com/,,"3185 N Mill St, Jasper, IN 47546, United States",3185 N Mill St,Jasper,IN,47546,4.8,385,Industrial equipment supplier,,,"https://www.google.com/maps/place/Jasper+Industrial+Supply,+Inc/data=!4m7!3m6!1s0x886e62f28e4c7487:0x62b693de65f92ad6!8m2!3d38.4178085!4d-86.9291203!16s%2Fg%2F1vq75m1j!19sChIJh3RMjvJibogR1ir5Zd6TtmI?authuser=0&hl=en&rclk=1",auto repair shop,Dubois County,county,IN,2026-07-27T18:36:07,0x886e62f28e4c7487:0x62b693de65f92ad6
M & M Exhaust Systems Inc,(812) 482-4014,http://www.mandmexhaust.com/,,"247 Brucke Strasse, Jasper, IN 47546, United States",247 Brucke Strasse,Jasper,IN,47546,4.8,121,Auto restoration service,,,https://www.google.com/maps/place/M+%26+M+Exhaust+Systems+Inc/data=!4m7!3m6!1s0x886e6246b4025b91:0xc8962dfb1668f507!8m2!3d38.386011!4d-86.92766!16s%2Fg%2F1tds7fwf!19sChIJkVsCtEZibogRB_VoFvstlsg?authuser=0&hl=en&rclk=1,auto repair shop,Dubois County,county,IN,2026-07-27T18:36:07,0x886e6246b4025b91:0xc8962dfb1668f507
Monge's Auto repair,,,,"w 47546, 2930 N 600 W, Jasper, IN 47546, United States","w 47546, 2930 N 600 W",Jasper,IN,47546,5.0,9,Auto repair shop,,,https://www.google.com/maps/place/Monge%27s+Auto+repair/data=!4m7!3m6!1s0x886e64e43d5e6a01:0xd4b527e31cf3be02!8m2!3d38.4201354!4d-87.0161787!16s%2Fg%2F11b7lp0zzk!19sChIJAWpePeRkbogRAr7zHOMntdQ?authuser=0&hl=en&rclk=1,auto repair shop,Pike County,county,IN,2026-07-28T00:15:17,0x886e64e43d5e6a01:0xd4b527e31cf3be02
P J's Auto Inc,(812) 482-5900,https://localplacesguide.com/places/indiana/jasper/auto-body-shop/p-js-auto-inc/,,"105 W 1st St #3324, Jasper, IN 47546, United States",105 W 1st St #3324,Jasper,IN,47546,5.0,7,Auto body shop,,,https://www.google.com/maps/place/P+J%27s+Auto+Inc/data=!4m7!3m6!1s0x886e624613c5dcf7:0x77b6e4039f7a0020!8m2!3d38.3862541!4d-86.9313666!16s%2Fg%2F11gggb2rb3!19sChIJ99zFE0ZibogRIAB6nwPktnc?authuser=0&hl=en&rclk=1,auto repair shop,Dubois County,county,IN,2026-07-27T18:36:07,0x886e624613c5dcf7:0x77b6e4039f7a0020
Precision Coach Works Inc,(812) 482-4313,,,"583 Cathy Ln, Jasper, IN 47546, United States",583 Cathy Ln,Jasper,IN,47546,,,Auto body shop,,,https://www.google.com/maps/place/Precision+Coach+Works+Inc/data=!4m7!3m6!1s0x886e62eda262a8bd:0xc6270780e25bfdeb!8m2!3d38.4145899!4d-86.9254819!16s%2Fg%2F1tr7djy4!19sChIJvahiou1ibogR6_1b4oAHJ8Y?authuser=0&hl=en&rclk=1,auto repair shop,Dubois County,county,IN,2026-07-27T18:36:07,0x886e62eda262a8bd:0xc6270780e25bfdeb
Siemers Glass Co Inc,(812) 634-6500,http://www.siemersglass.com/,,"902 N Newton St, Jasper, IN 47546, United States",902 N Newton St,Jasper,IN,47546,4.9,41,Auto glass shop,,,https://www.google.com/maps/place/Siemers+Glass+Co+Inc/data=!4m7!3m6!1s0x886e625a96f7787d:0xf7ab5a3a58b63d!8m2!3d38.3939354!4d-86.9314646!16s%2Fg%2F1tgwbnl7!19sChIJfXj3llpibogRPbZYOlqr9wA?authuser=0&hl=en&rclk=1,auto repair shop,Dubois County,county,IN,2026-07-27T18:36:07,0x886e625a96f7787d:0xf7ab5a3a58b63d
Stork Service Center Inc,(812) 482-2600,,,"2575 Terry Ln, Jasper, IN 47546, United States",2575 Terry Ln,Jasper,IN,47546,4.4,35,Auto repair shop,,,https://www.google.com/maps/place/Stork+Service+Center+Inc/data=!4m7!3m6!1s0x886e62f218cf2651:0x27d50cde1aeebfba!8m2!3d38.4119638!4d-86.9269061!16s%2Fg%2F1td5mg12!19sChIJUSbPGPJibogRur_uGt4M1Sc?authuser=0&hl=en&rclk=1,auto repair shop,Dubois County,county,IN,2026-07-27T18:36:07,0x886e62f218cf2651:0x27d50cde1aeebfba
TEXACO,,,,"4988 IN-56, Jasper, IN 47546, United States",4988 IN-56,Jasper,IN,47546,,,Auto repair shop,,,https://www.google.com/maps/place/TEXACO/data=!4m7!3m6!1s0x886e648defce3c2d:0x766b20367336b3e1!8m2!3d38.4144375!4d-86.998195!16s%2Fg%2F11wj2s21fk!19sChIJLTzO741kbogR4bM2czYga3Y?authuser=0&hl=en&rclk=1,auto repair shop,Dubois County,county,IN,2026-07-27T18:36:07,0x886e648defce3c2d:0x766b20367336b3e1
Walmart Auto Care Center,(812) 481-2493,https://www.walmart.com/store/870-jasper-in/auto-care-center/?veh=seo_loc,,"4040 N Newton St, Jasper, IN 47546, United States",4040 N Newton St,Jasper,IN,47546,3.5,95,Oil change service,,,https://www.google.com/maps/place/Walmart+Auto+Care+Center/data=!4m7!3m6!1s0x886e62dc59fe38c5:0xbf31bc92d4634317!8m2!3d38.4280579!4d-86.9344885!16s%2Fg%2F1v5fsng4!19sChIJxTj-WdxibogRF0Nj1JK8Mb8?authuser=0&hl=en&rclk=1,auto repair shop,Dubois County,county,IN,2026-07-27T18:36:07,0x886e62dc59fe38c5:0xbf31bc92d4634317
Montgomery Automotive Inc,(215) 576-9305,,,"409 Baeder Rd, Jenkintown, PA 19046, United States",409 Baeder Rd,Jenkintown,PA,19046,4.8,18,Auto repair shop,,,https://www.google.com/maps/place/Montgomery+Automotive+Inc/data=!4m7!3m6!1s0x89c6b096addb2929:0x3da0332d64cb2959!8m2!3d40.1010771!4d-75.1376148!16s%2Fg%2F1tf492y4!19sChIJKSnbrZawxokRWSnLZC0zoD0?authuser=0&hl=en&rclk=1,auto repair shop,Montgomery County,county,IN,2026-07-27T22:53:53,0x89c6b096addb2929:0x3da0332d64cb2959
Clark motors inc,(772) 334-9721,http://clarkmotorsjensenbeach.com/,,"suites 2, 867 NE Dixie Hwy Ste 2 & 3, Jensen Beach, FL 34957, United States","suites 2, 867 NE Dixie Hwy Ste 2 & 3",Jensen Beach,FL,34957,4.9,52,Auto repair shop,,,https://www.google.com/maps/place/Clark+motors+inc/data=!4m7!3m6!1s0x88dee7852e175773:0x3fda25ba3cdc3ac!8m2!3d27.2199654!4d-80.2410856!16s%2Fg%2F1tjs5rpn!19sChIJc1cXLoXn3ogRrMPNo1ui_QM?authuser=0&hl=en&rclk=1,auto repair shop,Martin County,county,IN,2026-07-27T22:32:29,0x88dee7852e175773:0x3fda25ba3cdc3ac
Kewanna Speed Shop,,,,"5724 South 200th East, Kewanna, IN 46939, United States",5724 South 200th East,Kewanna,IN,46939,,,Auto repair shop,,,https://www.google.com/maps/place/Kewanna+Speed+Shop/data=!4m7!3m6!1s0x8813ef006147d5ff:0xcae80e75395ac065!8m2!3d41.0264805!4d-86.4926553!16s%2Fg%2F11zgcs6vv8!19sChIJ_9VHYQDvE4gRZcBaOXUO6Mo?authuser=0&hl=en&rclk=1,auto repair shop,Kosciusko County,county,IN,2026-07-27T21:33:33,0x8813ef006147d5ff:0xcae80e75395ac065
Mark's Body Shop Inc,(574) 772-7003,http://marksautobodycollisionrepair.com/,,"12 S Prettyman St, Knox, IN 46534, United States",12 S Prettyman St,Knox,IN,46534,4.7,57,Car repair and maintenance service,,,https://www.google.com/maps/place/Mark%27s+Body+Shop+Inc/data=!4m7!3m6!1s0x881160d8c7086773:0xa9c6381f795eb552!8m2!3d41.2963845!4d-86.6191007!16s%2Fg%2F1tkjlt1w!19sChIJc2cIx9hgEYgRUrVeeR84xqk?authuser=0&hl=en&rclk=1,auto repair shop,Starke County,county,IN,2026-07-28T01:33:01,0x881160d8c7086773:0xa9c6381f795eb552
Firestone Complete Auto Care,(865) 672-6682,https://www.firestonecompleteautocare.com/tennessee/knoxville/6809-maynardville-pike/?utm_source=google&utm_medium=organic&utm_campaign=localmaps&cmp=oloc_google_localmaps_maps,,"6809 Maynardville Pike, Knoxville, TN 37918, United States",6809 Maynardville Pike,Knoxville,TN,37918,4.1,393,Tire shop,,,https://www.google.com/maps/place/Firestone+Complete+Auto+Care/data=!4m7!3m6!1s0x885c157ec0daac89:0x27adbb48c6063901!8m2!3d36.0698385!4d-83.9280678!16s%2Fg%2F11h9yyxf1q!19sChIJiazawH4VXIgRATkGxki7rSc?authuser=0&hl=en&rclk=1,auto repair shop,Knox County,county,IN,2026-07-27T21:20:03,0x885c157ec0daac89:0x27adbb48c6063901
Fisher Tire Company Inc.,(865) 687-5121,http://www.fishertirecompany.com/,,"3530 N Broadway, Knoxville, TN 37917, United States",3530 N Broadway,Knoxville,TN,37917,4.5,443,Tire shop,,,https://www.google.com/maps/place/Fisher+Tire+Company+Inc./data=!4m7!3m6!1s0x885c161ed2c8c2cb:0x5f807536913d0b1e!8m2!3d36.0052812!4d-83.9264279!16s%2Fg%2F1td6ncs0!19sChIJy8LI0h4WXIgRHgs9kTZ1gF8?authuser=0&hl=en&rclk=1,auto repair shop,Knox County,county,IN,2026-07-27T21:20:04,0x885c161ed2c8c2cb:0x5f807536913d0b1e
"765 Collision Repair, Inc.",(765) 459-8008,,,"1101 S Apperson Way, Kokomo, IN 46902, United States",1101 S Apperson Way,Kokomo,IN,46902,4.6,76,Auto repair shop,,,"https://www.google.com/maps/place/765+Collision+Repair,+Inc./data=!4m7!3m6!1s0x881485cec2a00b6b:0xf7e6822df98caf5d!8m2!3d40.4747382!4d-86.1275368!16s%2Fg%2F1tgcmx6s!19sChIJawugws6FFIgRXa-M-S2C5vc?authuser=0&hl=en&rclk=1",auto repair shop,Tipton County,county,IN,2026-07-28T01:50:29,0x881485cec2a00b6b:0xf7e6822df98caf5d
"Ace Automotive Service, Inc",(765) 454-0689,http://www.aceautomotivekokomo.com/,,"201 W Morgan St, Kokomo, IN 46901, United States",201 W Morgan St,Kokomo,IN,46901,4.5,88,Auto repair shop,,,"https://www.google.com/maps/place/Ace+Automotive+Service,+Inc/data=!4m7!3m6!1s0x8814866175551185:0xcec37b01f6470b6b!8m2!3d40.505093!4d-86.1324323!16s%2Fg%2F1v26mqdm!19sChIJhRFVdWGGFIgRawtH9gF7w84?authuser=0&hl=en&rclk=1",auto repair shop,White County,county,IN,2026-07-28T02:46:42,0x8814866175551185:0xcec37b01f6470b6b
Billy's Auto Repair INC.,(765) 450-5486,,,"1530 S Dixon Rd, Kokomo, IN 46902, United States",1530 S Dixon Rd,Kokomo,IN,46902,4.6,258,Auto repair shop,,,https://www.google.com/maps/place/Billy%27s+Auto+Repair+INC./data=!4m7!3m6!1s0x8814846d78375c45:0xcc6bc4d52be4bd0!8m2!3d40.4672146!4d-86.1643833!16s%2Fg%2F11csqh5tb1!19sChIJRVw3eG2EFIgR0Eu-Uk28xgw?authuser=0&hl=en&rclk=1,auto repair shop,Howard County,county,IN,2026-07-27T20:25:04,0x8814846d78375c45:0xcc6bc4d52be4bd0
Meineke Car Care Center,(765) 416-1229,https://www.meineke.com/locations/in/kokomo-2768/?utm_source=google&utm_medium=organic&utm_campaign=gbp_website,,"2250 E Markland Ave, Kokomo, IN 46901, United States",2250 E Markland Ave,Kokomo,IN,46901,4.4,689,Auto repair shop,,,https://www.google.com/maps/place/Meineke+Car+Care+Center/data=!4m7!3m6!1s0x8814857ed9193b89:0xa5bae803fe028d2c!8m2!3d40.4772523!4d-86.1006559!16s%2Fg%2F11j8k5vljz!19sChIJiTsZ2X6FFIgRLI0C_gPouqU?authuser=0&hl=en&rclk=1,auto repair shop,Howard County,county,IN,2026-07-27T20:25:04,0x8814857ed9193b89:0xa5bae803fe028d2c
Midas,(765) 416-3693,https://www.midas.com/store/in/kokomo/1706-east-markland-avenue-46901/?shopnum=2983&utm_source=google&utm_medium=organic&utm_campaign=gbp,,"1706 E Markland Ave, Kokomo, IN 46901, United States",1706 E Markland Ave,Kokomo,IN,46901,4.2,303,Auto repair shop,,,https://www.google.com/maps/place/Midas/data=!4m7!3m6!1s0x881485e8933928cf:0x854af85f79cbe835!8m2!3d40.4770922!4d-86.1105493!16s%2Fg%2F1tfjr9f2!19sChIJzyg5k-iFFIgRNejLeV_4SoU?authuser=0&hl=en&rclk=1,auto repair shop,Tipton County,county,IN,2026-07-28T01:50:29,0x881485e8933928cf:0x854af85f79cbe835
"Burdine Auto Body, Inc.",(219) 362-9025,https://burdineautobodyinc.com/,,"3494 W Joliet Rd, La Porte, IN 46350, United States",3494 W Joliet Rd,La Porte,IN,46350,4.8,43,Auto body shop,,,"https://www.google.com/maps/place/Burdine+Auto+Body,+Inc./data=!4m7!3m6!1s0x88110d3d97e3080b:0xbea41d8eb88dda79!8m2!3d41.5745156!4d-86.768376!16s%2Fg%2F1th0yz46!19sChIJCwjjlz0NEYgRedqNuI4dpL4?authuser=0&hl=en&rclk=1",auto repair shop,LaPorte County,county,IN,2026-07-27T21:51:41,0x88110d3d97e3080b:0xbea41d8eb88dda79
Dave Jelke's Auto Repair Inc.,(219) 362-1642,,,"209 IN-39, La Porte, IN 46350, United States",209 IN-39,La Porte,IN,46350,4.8,82,Auto repair shop,,,https://www.google.com/maps/place/Dave+Jelke%27s+Auto+Repair+Inc./data=!4m7!3m6!1s0x88111201c9b20ccf:0xee2c439081cdeebd!8m2!3d41.6370063!4d-86.7375638!16s%2Fg%2F1t_wpz1t!19sChIJzwyyyQESEYgRve7NgZBDLO4?authuser=0&hl=en&rclk=1,auto repair shop,LaPorte County,county,IN,2026-07-27T21:51:41,0x88111201c9b20ccf:0xee2c439081cdeebd
Flaco garage,,,,"813 Tecumseh St, La Porte, IN 46350, United States",813 Tecumseh St,La Porte,IN,46350,5.0,1,Auto repair shop,,,https://www.google.com/maps/place/Flaco+garage/data=!4m7!3m6!1s0x8811130031ae86af:0xb61fac23a1a9b409!8m2!3d41.6074992!4d-86.7055439!16s%2Fg%2F11nqxng8cg!19sChIJr4auMQATEYgRCbSpoSOsH7Y?authuser=0&hl=en&rclk=1,auto repair shop,LaPorte County,county,IN,2026-07-27T21:51:41,0x8811130031ae86af:0xb61fac23a1a9b409
Harmon Expert Auto Service Inc,(219) 325-0444,http://harmonexpertautoservice.com/,,"308 Washington St, La Porte, IN 46350, United States",308 Washington St,La Porte,IN,46350,4.6,148,Car repair and maintenance service,,,https://www.google.com/maps/place/Harmon+Expert+Auto+Service+Inc/data=!4m7!3m6!1s0x8811123f6f3e96dd:0xcb9d8b43062aa84!8m2!3d41.6148449!4d-86.7181765!16s%2Fg%2F1tdcbdm7!19sChIJ3ZY-bz8SEYgRhKpiMLTYuQw?authuser=0&hl=en&rclk=1,auto repair shop,LaPorte County,county,IN,2026-07-27T21:51:41,0x8811123f6f3e96dd:0xcb9d8b43062aa84
Jiffy Lube Oil Change,(219) 324-7741,https://www.jiffylube.com/locations/in/la-porte/2551,,"512 J St, La Porte, IN 46350, United States",512 J St,La Porte,IN,46350,4.7,907,Oil change service,,,https://www.google.com/maps/place/Jiffy+Lube+Oil+Change/data=!4m7!3m6!1s0x88111265273234f3:0x1de470471b66140d!8m2!3d41.6023239!4d-86.7306054!16s%2Fg%2F1tzlzkkm!19sChIJ8zQyJ2USEYgRDRRmG0dw5B0?authuser=0&hl=en&rclk=1,auto repair shop,LaPorte County,county,IN,2026-07-27T21:51:41,0x88111265273234f3:0x1de470471b66140d
K O Repair,,,,"2057 N 150 E, La Porte, IN 46350, United States",2057 N 150 E,La Porte,IN,46350,4.7,32,Car repair and maintenance service,,,https://www.google.com/maps/place/K+O+Repair/data=!4m7!3m6!1s0x8811115733c0d2ab:0xe12cb27d92d44237!8m2!3d41.6375541!4d-86.6697082!16s%2Fg%2F11csr2s816!19sChIJq9LAM1cREYgRN0LUkn2yLOE?authuser=0&hl=en&rclk=1,auto repair shop,LaPorte County,county,IN,2026-07-27T21:51:41,0x8811115733c0d2ab:0xe12cb27d92d44237
Shaws' Auto Service Inc,(219) 362-3968,https://www.shawsautoservice.com/,,"512 Washington St, La Porte, IN 46350, United States",512 Washington St,La Porte,IN,46350,3.7,96,Towing service,,,https://www.google.com/maps/place/Shaws%27+Auto+Service+Inc/data=!4m7!3m6!1s0x8811124073853441:0xf56f6abe5994f5dd!8m2!3d41.6137195!4d-86.7204888!16s%2Fg%2F1t_hzl9s!19sChIJQTSFc0ASEYgR3fWUWb5qb_U?authuser=0&hl=en&rclk=1,auto repair shop,LaPorte County,county,IN,2026-07-27T21:51:41,0x8811124073853441:0xf56f6abe5994f5dd
"CWi - Curtis Wrecking, Inc.",(260) 463-3432,http://www.curtiswrecking.com/,,"700 N Detroit St, LaGrange, IN 46761, United States",700 N Detroit St,LaGrange,IN,46761,4.6,253,Salvage yard,,,"https://www.google.com/maps/place/CWi+-+Curtis+Wrecking,+Inc./data=!4m7!3m6!1s0x881645400c620613:0x815aebf06aa46f1a!8m2!3d41.6502304!4d-85.4176635!16s%2Fg%2F1tggbl51!19sChIJEwZiDEBFFogRGm-kavDrWoE?authuser=0&hl=en&rclk=1",auto repair shop,LaGrange County,county,IN,2026-07-27T21:42:19,0x881645400c620613:0x815aebf06aa46f1a
"Draves Mobile Service, Inc.",(260) 302-6632,,,"50 S 250 W, LaGrange, IN 46761, United States",50 S 250 W,LaGrange,IN,46761,4.4,15,Diesel engine repair service,,,"https://www.google.com/maps/place/Draves+Mobile+Service,+Inc./data=!4m7!3m6!1s0x88165ba037f9094d:0x5100ea5e6c9ad43d!8m2!3d41.6405079!4d-85.4738694!16s%2Fg%2F11h9gdlzv9!19sChIJTQn5N6BbFogRPdSabF7qAFE?authuser=0&hl=en&rclk=1",auto repair shop,LaGrange County,county,IN,2026-07-27T21:42:19,0x88165ba037f9094d:0x5100ea5e6c9ad43d
"HITE AUTO BODY, INC.",(260) 463-5066,https://www.hiteautobody.com/,,"180 US-20, LaGrange, IN 46761, United States",180 US-20,LaGrange,IN,46761,4.7,53,Auto body shop,,,"https://www.google.com/maps/place/HITE+AUTO+BODY,+INC./data=!4m7!3m6!1s0x881645301524f6bd:0x6376de0d83c67062!8m2!3d41.6409676!4d-85.4285972!16s%2Fg%2F1vc82dw1!19sChIJvfYkFTBFFogRYnDGgw3edmM?authuser=0&hl=en&rclk=1",auto repair shop,LaGrange County,county,IN,2026-07-27T21:42:18,0x881645301524f6bd:0x6376de0d83c67062
NAPA Auto Parts - Lagrange,(260) 463-2107,https://www.napaonline.com/en/IN/Lagrange/store/26785?cid=pl_gpc_google_dac_26785_ao,,"806 Detroit St, LaGrange, IN 46761, United States",806 Detroit St,LaGrange,IN,46761,4.3,87,Auto parts store,,,https://www.google.com/maps/place/NAPA+Auto+Parts+-+Lagrange/data=!4m7!3m6!1s0x881645227d3ca7d5:0x3b3f08b0ef5f389c!8m2!3d41.636749!4d-85.418045!16s%2Fg%2F1tc_rmc9!19sChIJ1ac8fSJFFogRnDhf77AIPzs?authuser=0&hl=en&rclk=1,auto repair shop,LaGrange County,county,IN,2026-07-27T21:42:19,0x881645227d3ca7d5:0x3b3f08b0ef5f389c
AAMCO Transmissions & Total Car Care,(765) 575-9016,https://www.aamcolafayettein.com/?utm_source=G&utm_medium=local&utm_campaign=google-local,,"4210 Commerce Dr, Lafayette, IN 47905, United States",4210 Commerce Dr,Lafayette,IN,47905,4.6,270,Auto repair shop,,,https://www.google.com/maps/place/AAMCO+Transmissions+%26+Total+Car+Care/data=!4m7!3m6!1s0x88131ca5b57a8893:0xf5c945bc133505f7!8m2!3d40.4156471!4d-86.8272824!16s%2Fg%2F1tf_1p8c!19sChIJk4h6taUcE4gR9wU1E7xFyfU?authuser=0&hl=en&rclk=1,auto repair shop,Tippecanoe County,county,IN,2026-07-28T01:42:32,0x88131ca5b57a8893:0xf5c945bc133505f7
"American Automotive Services, Inc.",(765) 447-3988,http://www.autorepairlafayetteindiana.com/,,"100 N 36th St, Lafayette, IN 47905, United States",100 N 36th St,Lafayette,IN,47905,4.5,186,Auto repair shop,,,"https://www.google.com/maps/place/American+Automotive+Services,+Inc./data=!4m7!3m6!1s0x88131cc570799d53:0x9489df7fdb3d7ce2!8m2!3d40.4184973!4d-86.8505961!16s%2Fg%2F1vc6d_p4!19sChIJU515cMUcE4gR4nw923_fiZQ?authuser=0&hl=en&rclk=1",auto repair shop,Fayette County,county,IN,2026-07-27T18:57:36,0x88131cc570799d53:0x9489df7fdb3d7ce2
"Auto Specialty of Lafayette, Inc.",(765) 477-7300,https://www.autospecialtyoflafayette.com/?utm_source=google&utm_medium=organic&utm_campaign=gmb,,"313 Teal Rd, Lafayette, IN 47905, United States",313 Teal Rd,Lafayette,IN,47905,4.6,105,Auto repair shop,,,"https://www.google.com/maps/place/Auto+Specialty+of+Lafayette,+Inc./data=!4m7!3m6!1s0x88131d7bc3a6e98b:0xa32f04ef7cc26433!8m2!3d40.3952862!4d-86.8962149!16s%2Fg%2F1tlbprmx!19sChIJi-mmw3sdE4gRM2TCfO8EL6M?authuser=0&hl=en&rclk=1",auto repair shop,Fayette County,county,IN,2026-07-27T18:57:36,0x88131d7bc3a6e98b:0xa32f04ef7cc26433
Banes Automotive & Marine INC,(765) 742-1951,https://www.banesautomotive.com/,,"1934 N 400 E, Lafayette, IN 47905, United States",1934 N 400 E,Lafayette,IN,47905,4.8,77,Auto repair shop,,,https://www.google.com/maps/place/Banes+Automotive+%26+Marine+INC/data=!4m7!3m6!1s0x8813035cde30ea3f:0xff8f9fe3d40f451a!8m2!3d40.4467749!4d-86.8299667!16s%2Fg%2F1tdlhx97!19sChIJP-ow3lwDE4gRGkUP1OOfj_8?authuser=0&hl=en&rclk=1,auto repair shop,Tippecanoe County,county,IN,2026-07-28T01:42:32,0x8813035cde30ea3f:0xff8f9fe3d40f451a
Firestone Complete Auto Care,(765) 746-7072,https://www.firestonecompleteautocare.com/indiana/lafayette/2401-sagamore-pkwy-s/?utm_source=google&utm_medium=organic&utm_campaign=localmaps&cmp=oloc_google_localmaps_maps,,"2401 Sagamore Pkwy S, Lafayette, IN 47905, United States",2401 Sagamore Pkwy S,Lafayette,IN,47905,3.9,335,Tire shop,,,https://www.google.com/maps/place/Firestone+Complete+Auto+Care/data=!4m7!3m6!1s0x88131cf99ca18b99:0x48029c46bbce3b11!8m2!3d40.3924361!4d-86.8531409!16s%2Fg%2F1tcts88q!19sChIJmYuhnPkcE4gRETvOu0acAkg?authuser=0&hl=en&rclk=1,auto repair shop,Tippecanoe County,county,IN,2026-07-28T01:42:32,0x88131cf99ca18b99:0x48029c46bbce3b11
Interstate Automotive Services Inc,(765) 423-1750,,,"3220 Gushwa Dr, Lafayette, IN 47905, United States",3220 Gushwa Dr,Lafayette,IN,47905,4.7,13,Auto repair shop,,,https://www.google.com/maps/place/Interstate+Automotive+Services+Inc/data=!4m7!3m6!1s0x8813030cfbdeeeeb:0xfe5fbd5ed9f25849!8m2!3d40.4635126!4d-86.8454788!16s%2Fg%2F1td7zpk5!19sChIJ6-7e-wwDE4gRSVjy2V69X_4?authuser=0&hl=en&rclk=1,auto repair shop,Tippecanoe County,county,IN,2026-07-28T01:42:32,0x8813030cfbdeeeeb:0xfe5fbd5ed9f25849
Midas,(765) 637-7187,https://www.midas.com/store/in/lafayette/804-north-sagamore-parkway-47904/?shopnum=2845&utm_source=google&utm_medium=organic&utm_campaign=gbp,,"804 Sagamore Pkwy N, Lafayette, IN 47904, United States",804 Sagamore Pkwy N,Lafayette,IN,47904,4.3,929,Auto repair shop,,,https://www.google.com/maps/place/Midas/data=!4m7!3m6!1s0x88131cd43b813027:0xfd5e5df34a4686f4!8m2!3d40.4252533!4d-86.8587889!16s%2Fg%2F1tngqx31!19sChIJJzCBO9QcE4gR9IZGSvNdXv0?authuser=0&hl=en&rclk=1,auto repair shop,Tippecanoe County,county,IN,2026-07-28T01:42:32,0x88131cd43b813027:0xfd5e5df34a4686f4
Taylor Transmission Inc.,(765) 337-0996,http://taylortransmissioninc.net/,,"3463 McCarty Ln, Lafayette, IN 47905, United States",3463 McCarty Ln,Lafayette,IN,47905,4.7,63,Auto repair shop,,,https://www.google.com/maps/place/Taylor+Transmission+Inc./data=!4m7!3m6!1s0x881295bf07055fa7:0x7d89553d0efa98ab!8m2!3d40.402125!4d-86.8537369!16s%2Fg%2F11tds97h26!19sChIJp18FB7-VEogRq5j6Dj1ViX0?authuser=0&hl=en&rclk=1,auto repair shop,Tippecanoe County,county,IN,2026-07-28T01:42:32,0x881295bf07055fa7:0x7d89553d0efa98ab
Tippecanoe Truck Service Inc,(765) 471-8828,https://www.tippecanoetruckservice.com/,,"3312B Imperial Pkwy, Lafayette, IN 47909, United States",3312B Imperial Pkwy,Lafayette,IN,47909,4.4,19,Truck repair shop,,,https://www.google.com/maps/place/Tippecanoe+Truck+Service+Inc/data=!4m7!3m6!1s0x88131c5b4765d9af:0x1d14de84e857acb!8m2!3d40.3788141!4d-86.8494551!16s%2Fg%2F1tlwg7h4!19sChIJr9llR1scE4gRy3qFTuhN0QE?authuser=0&hl=en&rclk=1,auto repair shop,Tippecanoe County,county,IN,2026-07-28T01:42:32,0x88131c5b4765d9af:0x1d14de84e857acb
Tony's Mechanics INC,(765) 412-9416,,,"2250 Concord Rd Ste 1A, Lafayette, IN 47909, United States",2250 Concord Rd Ste 1A,Lafayette,IN,47909,4.4,29,Auto repair shop,,,https://www.google.com/maps/place/Tony%27s+Mechanics+INC/data=!4m7!3m6!1s0x88131d587d181db9:0xab7372b7c11c7d50!8m2!3d40.3938796!4d-86.8587274!16s%2Fg%2F11q_93sff9!19sChIJuR0YfVgdE4gRUH0cwbdyc6s?authuser=0&hl=en&rclk=1,auto repair shop,Tippecanoe County,county,IN,2026-07-28T01:42:32,0x88131d587d181db9:0xab7372b7c11c7d50
Walter's Auto Imports Repair Inc,(765) 474-8645,,,"864 IN-25, Lafayette, IN 47909, United States",864 IN-25,Lafayette,IN,47909,4.1,69,Auto repair shop,,,https://www.google.com/maps/place/Walter%27s+Auto+Imports+Repair+Inc/data=!4m7!3m6!1s0x8812e25e0199f561:0x6fe00a38dc760877!8m2!3d40.3868332!4d-86.9218537!16s%2Fg%2F1tfgkdxd!19sChIJYfWZAV7iEogRdwh23DgK4G8?authuser=0&hl=en&rclk=1,auto repair shop,Benton County,county,IN,2026-07-27T16:21:16,0x8812e25e0199f561:0x6fe00a38dc760877
A G & G Auto Repair Inc,(219) 963-9527,http://a-g-g-auto-repair-inc.jany.io/,,"2900 Dekalb St, Lake Station, IN 46405, United States",2900 Dekalb St,Lake Station,IN,46405,4.5,39,Auto repair shop,,,https://www.google.com/maps/place/A+G+%26+G+Auto+Repair+Inc/data=!4m7!3m6!1s0x8811ea76c1f36729:0x30d1facbbdca1f99!8m2!3d41.5651836!4d-87.2751925!16s%2Fg%2F1tcwx9z1!19sChIJKWfzwXbqEYgRmR_Kvcv60TA?authuser=0&hl=en&rclk=1,auto repair shop,Porter County,county,IN,2026-07-28T00:20:29,0x8811ea76c1f36729:0x30d1facbbdca1f99
Village Motors Inc,(219) 345-5362,,,"3009 IN-10, Lake Village, IN 46349, United States",3009 IN-10,Lake Village,IN,46349,4.0,93,Truck repair shop,,,https://www.google.com/maps/place/Village+Motors+Inc/data=!4m7!3m6!1s0x88121ba49e21fe27:0x791b19a634adc138!8m2!3d41.1445331!4d-87.3330568!16s%2Fg%2F1tk8cqks!19sChIJJ_4hnqQbEogROMGtNKYZG3k?authuser=0&hl=en&rclk=1,auto repair shop,Jasper County,county,IN,2026-07-27T20:40:05,0x88121ba49e21fe27:0x791b19a634adc138
Village Motors Inc,,,,"3009 East St, Lake Village, IN 46349, United States",3009 East St,Lake Village,IN,46349,,,Auto repair shop,,,https://www.google.com/maps/place/Village+Motors+Inc/data=!4m7!3m6!1s0x8812070040c84925:0x2c633e793ecccc7b!8m2!3d41.1355221!4d-87.483967!16s%2Fg%2F11z865dvtp!19sChIJJUnIQAAHEogRe8zMPnk-Yyw?authuser=0&hl=en&rclk=1,auto repair shop,Newton County,county,IN,2026-07-27T23:08:23,0x8812070040c84925:0x2c633e793ecccc7b
Doc Auto Inc.,(574) 784-2224,,,"66080 IN-931, Lakeville, IN 46536, United States",66080 IN-931,Lakeville,IN,46536,5.0,36,Car repair and maintenance service,,,https://www.google.com/maps/place/Doc+Auto+Inc./data=!4m7!3m6!1s0x88114aea9bef9efb:0x7ae70516fb4983e0!8m2!3d41.535451!4d-86.2719216!16s%2Fg%2F1262d5wlc!19sChIJ-57vm-pKEYgR4INJ-xYF53o?authuser=0&hl=en&rclk=1,auto repair shop,Kosciusko County,county,IN,2026-07-27T21:33:33,0x88114aea9bef9efb:0x7ae70516fb4983e0
Garber Automotive Inc,(785) 832-9999,https://www.garberautomotiveinc.com/,,"2216 W 6th St, Lawrence, KS 66049, United States",2216 W 6th St,Lawrence,KS,66049,4.3,139,Auto repair shop,,,https://www.google.com/maps/place/Garber+Automotive+Inc/data=!4m7!3m6!1s0x87bf6f07aa2b0683:0x1bdce5c89d905565!8m2!3d38.9727992!4d-95.2626533!16s%2Fg%2F1td65vb6!19sChIJgwYrqgdvv4cRZVWQncjl3Bs?authuser=0&hl=en&rclk=1,auto repair shop,Lawrence County,county,IN,2026-07-27T22:03:18,0x87bf6f07aa2b0683:0x1bdce5c89d905565
Meineke Car Care Center,(785) 330-5622,https://www.meineke.com/locations/ks/lawrence-1381/?utm_source=google&utm_medium=organic&utm_campaign=gbp_website,,"2535 Iowa St, Lawrence, KS 66046, United States",2535 Iowa St,Lawrence,KS,66046,4.0,530,Auto repair shop,,,https://www.google.com/maps/place/Meineke+Car+Care+Center/data=!4m7!3m6!1s0x87bf68db7865da65:0x1569c61349a294dc!8m2!3d38.936814!4d-95.261409!16s%2Fg%2F1tcwx78h!19sChIJZdpleNtov4cR3JSiSRPGaRU?authuser=0&hl=en&rclk=1,auto repair shop,Lawrence County,county,IN,2026-07-27T22:03:18,0x87bf68db7865da65:0x1569c61349a294dc
Midas,(317) 643-6030,https://www.midas.com/store/in/lawrence/8611-pendleton-pike-46226/?shopnum=2380&utm_source=google&utm_medium=organic&utm_campaign=gbp,,"8611 Pendleton Pike, Lawrence, IN 46226, United States",8611 Pendleton Pike,Lawrence,IN,46226,4.2,233,Auto repair shop,,,https://www.google.com/maps/place/Midas/data=!4m7!3m6!1s0x886b4c061fb81b4b:0x81d24659c2b2b0dc!8m2!3d39.8411912!4d-86.0160751!16s%2Fg%2F1tf666j9!19sChIJSxu4HwZMa4gR3LCywllG0oE?authuser=0&hl=en&rclk=1,auto repair shop,Lawrence County,county,IN,2026-07-27T22:03:18,0x886b4c061fb81b4b:0x81d24659c2b2b0dc
Take 5 Oil Change,(812) 645-6582,https://www.take5.com/locations/oil-change/indiana/lawrenceburg/30263/?utm_source=google&utm_medium=organic&utm_campaign=gbp_website,,"1174 W Eads Pkwy, Lawrenceburg, IN 47025, United States",1174 W Eads Pkwy,Lawrenceburg,IN,47025,4.6,1384,Oil change service,,,https://www.google.com/maps/place/Take+5+Oil+Change/data=!4m7!3m6!1s0x8841d6dacbd153a7:0x9afa859568228b21!8m2!3d39.0793815!4d-84.8856401!16s%2Fg%2F1tdk187_!19sChIJp1PRy9rWQYgRIYsiaJWF-po?authuser=0&hl=en&rclk=1,auto repair shop,Dearborn County,county,IN,2026-07-27T18:06:19,0x8841d6dacbd153a7:0x9afa859568228b21
Valvoline Instant Oil Change,(812) 977-3244,https://store.vioc.com/in/lawrenceburg/897-w-eads-pkwy?utm_source=google&utm_medium=local&utm_campaign=localsearch,,"897 W Eads Pkwy, Lawrenceburg, IN 47025, United States",897 W Eads Pkwy,Lawrenceburg,IN,47025,4.7,130,Oil change service,,,https://www.google.com/maps/place/Valvoline+Instant+Oil+Change/data=!4m7!3m6!1s0x8841d7bafae89f8b:0x48edcd2d216de9f!8m2!3d39.0854126!4d-84.8801971!16s%2Fg%2F11xdvvf364!19sChIJi5_o-rrXQYgRn94W0tLcjgQ?authuser=0&hl=en&rclk=1,auto repair shop,Dearborn County,county,IN,2026-07-27T18:06:19,0x8841d7bafae89f8b:0x48edcd2d216de9f
All Fleet Inc - Mobile Truck Repair,(833) 255-3533,https://www.allfleetinc.com/,,"2065 Indianapolis Ave, Lebanon, IN 46052, United States",2065 Indianapolis Ave,Lebanon,IN,46052,2.5,26,Truck repair shop,,,https://www.google.com/maps/place/All+Fleet+Inc+-+Mobile+Truck+Repair/data=!4m7!3m6!1s0x88134f3f8b9d7927:0x1f2f168a79c7c04d!8m2!3d40.026305!4d-86.4461481!16s%2Fg%2F11ns49blnp!19sChIJJ3mdiz9PE4gRTcDHeYoWLx8?authuser=0&hl=en&rclk=1,auto repair shop,Boone County,county,IN,2026-07-27T16:46:34,0x88134f3f8b9d7927:0x1f2f168a79c7c04d
"BCSSI-Boone County Senior Services, Inc.",(765) 482-5220,http://www.booneseniors.org/,,"515 Crown Pointe Dr #8335, Lebanon, IN 46052, United States",515 Crown Pointe Dr #8335,Lebanon,IN,46052,4.9,37,Non-profit organization,,,"https://www.google.com/maps/place/BCSSI-Boone+County+Senior+Services,+Inc./data=!4m7!3m6!1s0x88134f6f23d364e7:0x27ee2234de1586a6!8m2!3d40.0796546!4d-86.4733657!16s%2Fg%2F1tycx7qx!19sChIJ52TTI29PE4gRpoYV3jQi7ic?authuser=0&hl=en&rclk=1",auto repair shop,Boone County,county,IN,2026-07-27T16:46:34,0x88134f6f23d364e7:0x27ee2234de1586a6
Bob's Towing Recovery Inc,(765) 482-1401,https://www.zoresindy.com/contact-us.php,,"710 Friend Way, Lebanon, IN 46052, United States",710 Friend Way,Lebanon,IN,46052,4.3,71,Towing service,,,https://www.google.com/maps/place/Bob%27s+Towing+Recovery+Inc/data=!4m7!3m6!1s0x88134ed7a78e7f0f:0x19d5fd7cfada8fda!8m2!3d40.049495!4d-86.4921235!16s%2Fg%2F1tdzxb0g!19sChIJD3-Op9dOE4gR2o_a-nz91Rk?authuser=0&hl=en&rclk=1,auto repair shop,Boone County,county,IN,2026-07-27T16:46:34,0x88134ed7a78e7f0f:0x19d5fd7cfada8fda
J & M Auto Sales Inc.,(765) 482-2811,http://jmmotorslebanon.com/,,"400 S Lebanon St, Lebanon, IN 46052, United States",400 S Lebanon St,Lebanon,IN,46052,4.7,331,Used car dealer,,,https://www.google.com/maps/place/J+%26+M+Auto+Sales+Inc./data=!4m7!3m6!1s0x88134efb4d5b620d:0xb77c89b8e769d7bd!8m2!3d40.0445913!4d-86.4696541!16s%2Fg%2F1v940nt1!19sChIJDWJbTftOE4gRvddp57iJfLc?authuser=0&hl=en&rclk=1,auto repair shop,Boone County,county,IN,2026-07-27T16:46:34,0x88134efb4d5b620d:0xb77c89b8e769d7bd
Midas,(765) 232-4118,https://www.midas.com/store/in/lebanon/425-ransdell-rd-46052/?shopnum=2635&utm_source=google&utm_medium=organic&utm_campaign=gbp,,"425 Ransdell Rd, Lebanon, IN 46052, United States",425 Ransdell Rd,Lebanon,IN,46052,4.8,617,Auto repair shop,,,https://www.google.com/maps/place/Midas/data=!4m7!3m6!1s0x88134fedb7fc3653:0xa62aaf4c4cc3f365!8m2!3d40.044545!4d-86.483538!16s%2Fg%2F11j2p4p3yh!19sChIJUzb8t-1PE4gRZfPDTEyvKqY?authuser=0&hl=en&rclk=1,auto repair shop,Boone County,county,IN,2026-07-27T16:46:34,0x88134fedb7fc3653:0xa62aaf4c4cc3f365
Mvs Auto Glass,,,,"1229 S Meridian St, Lebanon, IN 46052, United States",1229 S Meridian St,Lebanon,IN,46052,4.5,8,Auto repair shop,,,https://www.google.com/maps/place/Mvs+Auto+Glass/data=!4m7!3m6!1s0x88134ef1b71aaaab:0x48477facd9eeb0d6!8m2!3d40.0373124!4d-86.4678618!16s%2Fg%2F11fll68h5g!19sChIJq6oat_FOE4gR1rDu2ax_R0g?authuser=0&hl=en&rclk=1,auto repair shop,Boone County,county,IN,2026-07-27T16:46:34,0x88134ef1b71aaaab:0x48477facd9eeb0d6
NAPA Auto Parts - Lebanon Auto Supply,(765) 482-1180,https://www.napaonline.com/en/IN/Lebanon/store/23733?cid=pl_jobber_google_dac_23733_ao,,"1212 W Main St, Lebanon, IN 46052, United States",1212 W Main St,Lebanon,IN,46052,4.7,106,Auto parts store,,,https://www.google.com/maps/place/NAPA+Auto+Parts+-+Lebanon+Auto+Supply/data=!4m7!3m6!1s0x88134ede3eabb92d:0x119eee72d94b335e!8m2!3d40.0477003!4d-86.4810517!16s%2Fg%2F1tf298xb!19sChIJLbmrPt5OE4gRXjNL2XLunhE?authuser=0&hl=en&rclk=1,auto repair shop,Boone County,county,IN,2026-07-27T16:46:34,0x88134ede3eabb92d:0x119eee72d94b335e
O'Reilly Auto Parts,(765) 483-9247,https://locations.oreillyauto.com/en-us/in/lebanon/autoparts-1757.html,,"700 W South St, Lebanon, IN 46052, United States",700 W South St,Lebanon,IN,46052,4.4,226,Auto parts store,,,https://www.google.com/maps/place/O%27Reilly+Auto+Parts/data=!4m7!3m6!1s0x88134ee3e3db2dc1:0x7883188dbf541d43!8m2!3d40.0470421!4d-86.4746565!16s%2Fg%2F1tdvksk2!19sChIJwS3b4-NOE4gRQx1Uv40Yg3g?authuser=0&hl=en&rclk=1,auto repair shop,Boone County,county,IN,2026-07-27T16:46:34,0x88134ee3e3db2dc1:0x7883188dbf541d43
"Superior Auto, Inc",(765) 482-6755,https://www.superior-auto.com/,,"1317 W South St, Lebanon, IN 46052, United States",1317 W South St,Lebanon,IN,46052,4.5,88,Used car dealer,,,"https://www.google.com/maps/place/Superior+Auto,+Inc/data=!4m7!3m6!1s0x88134f1375bcb013:0xc0d08cccc9e521f8!8m2!3d40.046299!4d-86.482902!16s%2Fg%2F1tk_k9r7!19sChIJE7C8dRNPE4gR-CHlycyM0MA?authuser=0&hl=en&rclk=1",auto repair shop,Boone County,county,IN,2026-07-27T16:46:34,0x88134f1375bcb013:0xc0d08cccc9e521f8
Tesla Supercharger,,https://tesla.com/charge,,"1375 S Lebanon St #1375, Lebanon, IN 46052, United States",1375 S Lebanon St #1375,Lebanon,IN,46052,4.6,57,Electric vehicle charging station,,,https://www.google.com/maps/place/Tesla+Supercharger/data=!4m7!3m6!1s0x88134fea0a8d92cd:0xe159456072d95547!8m2!3d40.0352591!4d-86.4691692!16s%2Fg%2F11kh_8ycrl!19sChIJzZKNCupPE4gRR1XZcmBFWeE?authuser=0&hl=en&rclk=1,auto repair shop,Boone County,county,IN,2026-07-27T16:46:34,0x88134fea0a8d92cd:0xe159456072d95547
Tony's Automotive Inc,(765) 483-1475,,,"926 W Pearl St, Lebanon, IN 46052, United States",926 W Pearl St,Lebanon,IN,46052,4.4,17,Tire shop,,,https://www.google.com/maps/place/Tony%27s+Automotive+Inc/data=!4m7!3m6!1s0x88134ee0cab3ed1f:0xb63707b1a8e52d44!8m2!3d40.0460943!4d-86.4779571!16s%2Fg%2F1th0c0zc!19sChIJH-2zyuBOE4gRRC3lqLEHN7Y?authuser=0&hl=en&rclk=1,auto repair shop,Boone County,county,IN,2026-07-27T16:46:34,0x88134ee0cab3ed1f:0xb63707b1a8e52d44
Walmart Auto Care Center,(765) 482-3623,https://www.walmart.com/store/1275-lebanon-in/auto-care-center/?veh=seo_loc,,"2440 N Lebanon St, Lebanon, IN 46052, United States",2440 N Lebanon St,Lebanon,IN,46052,3.3,47,Oil change service,,,https://www.google.com/maps/place/Walmart+Auto+Care+Center/data=!4m7!3m6!1s0x88134f139587a681:0x8d56fe47d2f60731!8m2!3d40.0724698!4d-86.479465!16s%2Fg%2F1tkb5q5z!19sChIJgaaHlRNPE4gRMQf20kf-Vo0?authuser=0&hl=en&rclk=1,auto repair shop,Boone County,county,IN,2026-07-27T16:46:34,0x88134f139587a681:0x8d56fe47d2f60731
Blankenship Auto Care Inc.,(765) 339-7309,,,"8703 Old US Hwy 231, Linden, IN 47955, United States",8703 Old US Hwy 231,Linden,IN,47955,4.2,12,Auto repair shop,,,https://www.google.com/maps/place/Blankenship+Auto+Care+Inc./data=!4m7!3m6!1s0x8812d89c5444748b:0x23c1402bc8c0d993!8m2!3d40.1679267!4d-86.9061557!16s%2Fg%2F1v3dsqvn!19sChIJi3REVJzYEogRk9nAyCtAwSM?authuser=0&hl=en&rclk=1,auto repair shop,Benton County,county,IN,2026-07-27T16:21:16,0x8812d89c5444748b:0x23c1402bc8c0d993
Austin's Garage,,,,"1615 N 3rd St, Logansport, IN 46947, United States",1615 N 3rd St,Logansport,IN,46947,2.6,7,Auto repair shop,,,https://www.google.com/maps/place/Austin%27s+Garage/data=!4m7!3m6!1s0x88138f1b947291b1:0x5417813a6ae6f44b!8m2!3d40.7678725!4d-86.3740822!16s%2Fg%2F11rhdfg8kj!19sChIJsZFylBuPE4gRS_TmajqBF1Q?authuser=0&hl=en&rclk=1,auto repair shop,Cass County,county,IN,2026-07-27T17:10:14,0x88138f1b947291b1:0x5417813a6ae6f44b
GUNTERS INC.,(574) 727-5237,,,"5018 N Co Rd 900 E, Logansport, IN 46947, United States",5018 N Co Rd 900 E,Logansport,IN,46947,5.0,7,Auto body shop,,,https://www.google.com/maps/place/GUNTERS+INC./data=!4m7!3m6!1s0x88147446f76fd6c7:0x9e313136fc4596c0!8m2!3d40.8390295!4d-86.2029412!16s%2Fg%2F11c319hh35!19sChIJx9Zv90Z0FIgRwJZF_DYxMZ4?authuser=0&hl=en&rclk=1,auto repair shop,Cass County,county,IN,2026-07-27T17:10:14,0x88147446f76fd6c7:0x9e313136fc4596c0
"M.H. Eby Inc., Trailers and Truck Bodies",(574) 753-4000,https://www.mheby.com/location/logansport-indiana,,"2909 W County Rd 300 S, Logansport, IN 46947, United States",2909 W County Rd 300 S,Logansport,IN,46947,4.6,44,Trailer dealer,,,"https://www.google.com/maps/place/M.H.+Eby+Inc.,+Trailers+and+Truck+Bodies/data=!4m7!3m6!1s0x88139ab587efc51f:0x653183c0db836e54!8m2!3d40.720133!4d-86.4280238!16s%2Fg%2F1261htn_v!19sChIJH8Xvh7WaE4gRVG6D28CDMWU?authuser=0&hl=en&rclk=1",auto repair shop,Cass County,county,IN,2026-07-27T17:10:14,0x88139ab587efc51f:0x653183c0db836e54
Michelin,,,,"2665 E Market St, Logansport, IN 46947, United States",2665 E Market St,Logansport,IN,46947,4.0,8,Tire shop,,,https://www.google.com/maps/place/Michelin/data=!4m7!3m6!1s0x881388b6107c067d:0x65bd7e9db8192afa!8m2!3d40.7583718!4d-86.331887!16s%2Fg%2F11gbfcz49k!19sChIJfQZ8ELaIE4gR-ioZuJ1-vWU?authuser=0&hl=en&rclk=1,auto repair shop,Cass County,county,IN,2026-07-27T17:10:14,0x881388b6107c067d:0x65bd7e9db8192afa
NAPA Auto Parts - Logansport Auto Parts,(574) 722-6666,https://www.napaonline.com/en/IN/Logansport/store/26163?cid=pl_jobber_google_dac_26163_ao,,"801 E Market St, Logansport, IN 46947, United States",801 E Market St,Logansport,IN,46947,4.5,117,Auto parts store,,,https://www.google.com/maps/place/NAPA+Auto+Parts+-+Logansport+Auto+Parts/data=!4m7!3m6!1s0x88138f699740259f:0xc3161c61b9c083a5!8m2!3d40.7536462!4d-86.3591896!16s%2Fg%2F1tx47nck!19sChIJnyVAl2mPE4gRpYPAuWEcFsM?authuser=0&hl=en&rclk=1,auto repair shop,Cass County,county,IN,2026-07-27T17:10:14,0x88138f699740259f:0xc3161c61b9c083a5
P-Tech Automotive Incorporated,(574) 732-4957,https://m.facebook.com/profile.php?id=61559435514433&name=xhp_nt__fb__action__open_user,,"1879 18th St, Logansport, IN 46947, United States",1879 18th St,Logansport,IN,46947,4.5,10,Auto repair shop,,,https://www.google.com/maps/place/P-Tech+Automotive+Incorporated/data=!4m7!3m6!1s0x8813890017c5d91f:0x5659ac87b5c5d955!8m2!3d40.7408727!4d-86.3456007!16s%2Fg%2F11y48f7j4x!19sChIJH9nFFwCJE4gRVdnFtYesWVY?authuser=0&hl=en&rclk=1,auto repair shop,Cass County,county,IN,2026-07-27T17:10:14,0x8813890017c5d91f:0x5659ac87b5c5d955
RB Tires and Service,,,,"717 Van Buren St, Logansport, IN 46947, United States",717 Van Buren St,Logansport,IN,46947,,,Tire shop,,,https://www.google.com/maps/place/RB+Tires+and+Service/data=!4m7!3m6!1s0x88138fd88e7dda73:0x9c45365fecdd5db3!8m2!3d40.742579!4d-86.3779832!16s%2Fg%2F11wh3s93qb!19sChIJc9p9jtiPE4gRs13d7F82RZw?authuser=0&hl=en&rclk=1,auto repair shop,Cass County,county,IN,2026-07-27T17:10:14,0x88138fd88e7dda73:0x9c45365fecdd5db3
"Superior Auto, Inc",(574) 753-2317,https://www.superior-auto.com/,,"327 S 3rd St, Logansport, IN 46947, United States",327 S 3rd St,Logansport,IN,46947,4.8,222,Used car dealer,,,"https://www.google.com/maps/place/Superior+Auto,+Inc/data=!4m7!3m6!1s0x88138f6fb8692667:0x61f0a1a0cb4be53!8m2!3d40.7529195!4d-86.3674337!16s%2Fg%2F1th0yz73!19sChIJZyZpuG-PE4gRU760DBoKHwY?authuser=0&hl=en&rclk=1",auto repair shop,Cass County,county,IN,2026-07-27T17:10:14,0x88138f6fb8692667:0x61f0a1a0cb4be53
Midwest Canvas Corp,(812) 922-8277,http://midwestcanvascorp.com/,,"12083 Spurgeon Rd, Lynnville, IN 47619, United States",12083 Spurgeon Rd,Lynnville,IN,47619,4.8,45,Truck repair shop,,,https://www.google.com/maps/place/Midwest+Canvas+Corp/data=!4m7!3m6!1s0x886e3eb3698c18d5:0x6525e026b9d8acb8!8m2!3d38.202406!4d-87.287608!16s%2Fg%2F1tjwjhg5!19sChIJ1RiMabM-bogRuKzYuSbgJWU?authuser=0&hl=en&rclk=1,auto repair shop,Pike County,county,IN,2026-07-28T00:15:17,0x886e3eb3698c18d5:0x6525e026b9d8acb8
Caltrider's Garage Inc,(410) 239-3444,,,"2900 Hanover Pike, Manchester, MD 21102, United States",2900 Hanover Pike,Manchester,MD,21102,4.9,8,Auto repair shop,,,https://www.google.com/maps/place/Caltrider%27s+Garage+Inc/data=!4m7!3m6!1s0x89c843ab59a58d9d:0x75bf8714d445c444!8m2!3d39.6536111!4d-76.8809808!16s%2Fg%2F11lgp2946q!19sChIJnY2lWatDyIkRRMRF1BSHv3U?authuser=0&hl=en&rclk=1,auto repair shop,Carroll County,county,IN,2026-07-27T16:58:22,0x89c843ab59a58d9d:0x75bf8714d445c444
Smitty's Automotive Inc.,(410) 374-6926,https://smittyautomotive.com/,,"3397 York St, Manchester, MD 21102, United States",3397 York St,Manchester,MD,21102,5.0,16,Auto repair shop,,,https://www.google.com/maps/place/Smitty%27s+Automotive+Inc./data=!4m7!3m6!1s0x89c843a11ce1fbb1:0xf235bedb8dce8811!8m2!3d39.6673747!4d-76.8779177!16s%2Fg%2F11nccw3dw6!19sChIJsfvhHKFDyIkREYjOjdu-NfI?authuser=0&hl=en&rclk=1,auto repair shop,Carroll County,county,IN,2026-07-27T16:58:22,0x89c843a11ce1fbb1:0xf235bedb8dce8811
Excel Auto Body & Glass Inc,(765) 664-4685,http://excelautobodyandglass.com/,,"501 N Washington St, Marion, IN 46952, United States",501 N Washington St,Marion,IN,46952,4.7,69,Auto body shop,,,https://www.google.com/maps/place/Excel+Auto+Body+%26+Glass+Inc/data=!4m7!3m6!1s0x88145593eae3f88f:0x88ed664d4712d59a!8m2!3d40.567487!4d-85.660082!16s%2Fg%2F1td9fbx0!19sChIJj_jj6pNVFIgRmtUSR01m7Yg?authuser=0&hl=en&rclk=1,auto repair shop,Grant County,county,IN,2026-07-27T19:43:10,0x88145593eae3f88f:0x88ed664d4712d59a
Jiffy Lube,(765) 662-8090,https://indianajiffylube.com/marion-in-oil-change/,,"3075 S Western Ave, Marion, IN 46953, United States",3075 S Western Ave,Marion,IN,46953,4.7,1209,Oil change service,,,https://www.google.com/maps/place/Jiffy+Lube/data=!4m7!3m6!1s0x8814ff381ab0e39b:0xea238015eb3d95d9!8m2!3d40.5330212!4d-85.6730927!16s%2Fg%2F1tf24pjx!19sChIJm-OwGjj_FIgR2ZU96xWAI-o?authuser=0&hl=en&rclk=1,auto repair shop,Grant County,county,IN,2026-07-27T19:43:10,0x8814ff381ab0e39b:0xea238015eb3d95d9
Losures Towing and Recovery Corp.,(765) 662-2200,https://www.facebook.com/losures.towing/,,"9014 E N 00 S, Marion, IN 46952, United States",9014 E N 00 S,Marion,IN,46952,4.6,138,Towing service,,,https://www.google.com/maps/place/Losures+Towing+and+Recovery+Corp./data=!4m7!3m6!1s0x8815a9f98a2d98d1:0xb3b9b69e46cf480c!8m2!3d40.5528085!4d-85.5032537!16s%2Fg%2F11fpgyp2n1!19sChIJ0ZgtivmpFYgRDEjPRp62ubM?authuser=0&hl=en&rclk=1,auto repair shop,Blackford County,county,IN,2026-07-27T16:36:53,0x8815a9f98a2d98d1:0xb3b9b69e46cf480c
M.p Auto & small engine repair,,,,"1720 W 10th St, Marion, IN 46953, United States",1720 W 10th St,Marion,IN,46953,,,Auto repair shop,,,https://www.google.com/maps/place/M.p+Auto+%26+small+engine+repair/data=!4m7!3m6!1s0x8814ff002f640d27:0x7dad95d0784ac5ef!8m2!3d40.5519124!4d-85.6822102!16s%2Fg%2F11ygyc38mk!19sChIJJw1kLwD_FIgR78VKeNCVrX0?authuser=0&hl=en&rclk=1,auto repair shop,Grant County,county,IN,2026-07-27T19:43:10,0x8814ff002f640d27:0x7dad95d0784ac5ef
O'Donnell Auto Repair,,,,"1474 W Winona Ave, Marion, IN 46952, United States",1474 W Winona Ave,Marion,IN,46952,,,Car repair and maintenance service,,,https://www.google.com/maps/place/O%27Donnell+Auto+Repair/data=!4m7!3m6!1s0x8814555a5dd2d875:0x2b692f12cdf2d3cc!8m2!3d40.5669589!4d-85.6773018!16s%2Fg%2F11vc1vd_64!19sChIJddjSXVpVFIgRzNPyzRIvaSs?authuser=0&hl=en&rclk=1,auto repair shop,Grant County,county,IN,2026-07-27T19:43:10,0x8814555a5dd2d875:0x2b692f12cdf2d3cc
Oakes Welding & Repair Inc,(765) 384-5316,,,"2728 N 500 W, Marion, IN 46952, United States",2728 N 500 W,Marion,IN,46952,5.0,10,Auto repair shop,,,https://www.google.com/maps/place/Oakes+Welding+%26+Repair+Inc/data=!4m7!3m6!1s0x88145823fea0b71b:0xf28b68e743ec55a9!8m2!3d40.5921224!4d-85.7687442!16s%2Fg%2F1tjdxhsy!19sChIJG7eg_iNYFIgRqVXsQ-doi_I?authuser=0&hl=en&rclk=1,auto repair shop,Grant County,county,IN,2026-07-27T19:43:10,0x88145823fea0b71b:0xf28b68e743ec55a9
Phils Automatic Transmission Inc,(765) 674-8506,https://www.facebook.com/profile.php?id=61557775237199,,"1529 E 38th St, Marion, IN 46953, United States",1529 E 38th St,Marion,IN,46953,4.6,77,Car repair and maintenance service,,,https://www.google.com/maps/place/Phils+Automatic+Transmission+Inc/data=!4m7!3m6!1s0x8814ffa668fc884f:0xa5b049689aafc8d8!8m2!3d40.5238982!4d-85.6391514!16s%2Fg%2F1trvm0vc!19sChIJT4j8aKb_FIgR2MivmmhJsKU?authuser=0&hl=en&rclk=1,auto repair shop,Grant County,county,IN,2026-07-27T19:43:10,0x8814ffa668fc884f:0xa5b049689aafc8d8
Simple Man Mechanics,,https://www.facebook.com/profile.php?id=61587396070699,,"I servce customers as their locations, Marion, IN 46953, United States",I servce customers as their locations,Marion,IN,46953,5.0,4,Auto repair shop,,,https://www.google.com/maps/place/Simple+Man+Mechanics/data=!4m7!3m6!1s0x8814f91000f31acf:0xf31d000b7a9cf6cb!8m2!3d40.5347721!4d-85.7051116!16s%2Fg%2F11n3wz36kf!19sChIJzxrzABD5FIgRy_acegsAHfM?authuser=0&hl=en&rclk=1,auto repair shop,Grant County,county,IN,2026-07-27T19:43:10,0x8814f91000f31acf:0xf31d000b7a9cf6cb
White Truck & Trailer,,,,"4635N N 500 W, Marion, IN 46952, United States",4635N N 500 W,Marion,IN,46952,,,Truck repair shop,,,https://www.google.com/maps/place/White+Truck+%26+Trailer/data=!4m7!3m6!1s0x8814fede107af353:0x49ff075da82938c3!8m2!3d40.619409!4d-85.775425!16s%2Fg%2F11f_zyjxg1!19sChIJU_N6EN7-FIgRwzgpqF0H_0k?authuser=0&hl=en&rclk=1,auto repair shop,Grant County,county,IN,2026-07-27T19:43:10,0x8814fede107af353:0x49ff075da82938c3
"A-Plus Towing & Services, INC.",(260) 758-8019,,,"2695 S Clark Rd, Markle, IN 46770, United States",2695 S Clark Rd,Markle,IN,46770,4.1,10,Towing service,,,"https://www.google.com/maps/place/A-Plus+Towing+%26+Services,+INC./data=!4m7!3m6!1s0x8815b9f730102e53:0xee71610700b39675!8m2!3d40.7903105!4d-85.3613413!16s%2Fg%2F11rhln920t!19sChIJUy4QMPe5FYgRdZazAAdhce4?authuser=0&hl=en&rclk=1",auto repair shop,Wells County,county,IN,2026-07-28T02:40:47,0x8815b9f730102e53:0xee71610700b39675
Brothers Body And Paint Inc,(765) 342-2442,http://www.brothersbodyandpaint.net/,,"1009 Morton Ave, Martinsville, IN 46151, United States",1009 Morton Ave,Martinsville,IN,46151,4.9,196,Car repair and maintenance service,,,https://www.google.com/maps/place/Brothers+Body+And+Paint+Inc/data=!4m7!3m6!1s0x886c8fbfd033ecdb:0xc04cfe91712a9f7d!8m2!3d39.4093606!4d-86.4393298!16s%2Fg%2F1vc82kdw!19sChIJ2-wz0L-PbIgRfZ8qcZH-TMA?authuser=0&hl=en&rclk=1,auto repair shop,Morgan County,county,IN,2026-07-27T23:03:34,0x886c8fbfd033ecdb:0xc04cfe91712a9f7d
COMPLETE AUTO REPAIR,,,,"W Jackson St, Martinsville, IN 46151, United States",W Jackson St,Martinsville,IN,46151,,,Auto repair shop,,,https://www.google.com/maps/place/COMPLETE+AUTO+REPAIR/data=!4m7!3m6!1s0x886c8fe4127f0109:0xac324983599d9e61!8m2!3d39.4260894!4d-86.4328177!16s%2Fg%2F11zh0_3vh7!19sChIJCQF_EuSPbIgRYZ6dWYNJMqw?authuser=0&hl=en&rclk=1,auto repair shop,Morgan County,county,IN,2026-07-27T23:03:34,0x886c8fe4127f0109:0xac324983599d9e61
Stanley Towing Inc & Woody's Auto Repair Inc,(317) 710-6945,http://stanleytowing.com/,,"340 W Columbus St, Martinsville, IN 46151, United States",340 W Columbus St,Martinsville,IN,46151,4.5,195,Towing service,,,https://www.google.com/maps/place/Stanley+Towing+Inc+%26+Woody%27s+Auto+Repair+Inc/data=!4m7!3m6!1s0x886c9ba2f61774b5:0x6a17a10f1d084b86!8m2!3d39.4253068!4d-86.4331856!16s%2Fg%2F1tk707kv!19sChIJtXQX9qKbbIgRhksIHQ-hF2o?authuser=0&hl=en&rclk=1,auto repair shop,Fountain County,county,IN,2026-07-27T19:11:18,0x886c9ba2f61774b5:0x6a17a10f1d084b86
Kolor Art Rod Shop,,,,"5668 County Rd 375 N, Medaryville, IN 47957, United States",5668 County Rd 375 N,Medaryville,IN,47957,,,Auto body shop,,,https://www.google.com/maps/place/Kolor+Art+Rod+Shop/data=!4m7!3m6!1s0x8812330062ac7f1b:0x7e6d27f7ff49660f!8m2!3d41.0682731!4d-86.9360272!16s%2Fg%2F11nq1g0hwf!19sChIJG3-sYgAzEogRD2ZJ__cnbX4?authuser=0&hl=en&rclk=1,auto repair shop,Pulaski County,county,IN,2026-07-28T00:39:32,0x8812330062ac7f1b:0x7e6d27f7ff49660f
A Auto Tech Inc,(305) 448-4100,http://www.aautotech.com/,,"3051 SW 38th Ct, Miami, FL 33146, United States",3051 SW 38th Ct,Miami,FL,33146,4.8,302,Auto body shop,,,https://www.google.com/maps/place/A+Auto+Tech+Inc/data=!4m7!3m6!1s0x88d9b7ea4be447d9:0xc40d896c2414eca!8m2!3d25.7338563!4d-80.2566882!16s%2Fg%2F1tdvw33k!19sChIJ2UfkS-q32YgRyk5BwpbYQAw?authuser=0&hl=en&rclk=1,auto repair shop,Miami County,county,IN,2026-07-27T22:44:26,0x88d9b7ea4be447d9:0xc40d896c2414eca
"Auto Miami, Inc.",(305) 262-5559,,,"7300 SW 42nd St, Miami, FL 33155, United States",7300 SW 42nd St,Miami,FL,33155,4.9,58,Auto repair shop,,,"https://www.google.com/maps/place/Auto+Miami,+Inc./data=!4m7!3m6!1s0x88d9b864dddf9b93:0x1ecc2cff1ebdd4d1!8m2!3d25.7313737!4d-80.3131274!16s%2Fg%2F1tffd_hp!19sChIJk5vf3WS42YgR0dS9Hv8szB4?authuser=0&hl=en&rclk=1",auto repair shop,Miami County,county,IN,2026-07-27T22:44:26,0x88d9b864dddf9b93:0x1ecc2cff1ebdd4d1
"Dave's Garage, Inc.",(219) 879-0703,http://www.davesgarage.co/,,"7625 US-20, Michigan City, IN 46360, United States",7625 US-20,Michigan City,IN,46360,4.5,160,Towing service,,,"https://www.google.com/maps/place/Dave%27s+Garage,+Inc./data=!4m7!3m6!1s0x881108ef56356e7b:0xed9eef84cbd6eaf5!8m2!3d41.6882674!4d-86.8481125!16s%2Fg%2F1wh4gg24!19sChIJe241Vu8IEYgR9erWy4Tvnu0?authuser=0&hl=en&rclk=1",auto repair shop,St. Joseph County,county,IN,2026-07-28T01:09:38,0x881108ef56356e7b:0xed9eef84cbd6eaf5
L & R Body Co Inc,(219) 872-7525,http://lrbodyshop.com/,,"221 E Harrison St, Michigan City, IN 46360, United States",221 E Harrison St,Michigan City,IN,46360,4.9,69,Auto body shop,,,https://www.google.com/maps/place/L+%26+R+Body+Co+Inc/data=!4m7!3m6!1s0x88110817955f64bf:0xbc1034e921149a32!8m2!3d41.6999077!4d-86.8906864!16s%2Fg%2F1trsym36!19sChIJv2RflRcIEYgRMpoUIek0ELw?authuser=0&hl=en&rclk=1,auto repair shop,LaPorte County,county,IN,2026-07-27T21:51:41,0x88110817955f64bf:0xbc1034e921149a32
Lakeside Autowerks Inc,(219) 809-9724,https://www.lakesideautowerksinc.com/,,"628 Longwood Dr, Michigan City, IN 46360, United States",628 Longwood Dr,Michigan City,IN,46360,4.8,80,Car repair and maintenance service,,,https://www.google.com/maps/place/Lakeside+Autowerks+Inc/data=!4m7!3m6!1s0x8811085761190227:0x400b797e127a357a!8m2!3d41.6878152!4d-86.8657633!16s%2Fg%2F11cmy8qvzp!19sChIJJwIZYVcIEYgRejV6En55C0A?authuser=0&hl=en&rclk=1,auto repair shop,LaPorte County,county,IN,2026-07-27T21:51:41,0x8811085761190227:0x400b797e127a357a
MOORE'S AUTO REPAIR INC,(219) 872-3738,,,"942 Green St, Michigan City, IN 46360, United States",942 Green St,Michigan City,IN,46360,3.9,100,Auto repair shop,,,https://www.google.com/maps/place/MOORE%27S+AUTO+REPAIR+INC/data=!4m7!3m6!1s0x8811a7f0f3c124f9:0x23a0bb04267dd444!8m2!3d41.707654!4d-86.9092009!16s%2Fg%2F1tgkhwyd!19sChIJ-STB8_CnEYgRRNR9JgS7oCM?authuser=0&hl=en&rclk=1,auto repair shop,LaPorte County,county,IN,2026-07-27T21:51:41,0x8811a7f0f3c124f9:0x23a0bb04267dd444
Midas,(219) 809-2542,https://www.midas.com/store/in/michigan-city/3805-south-franklin-46360/?shopnum=2840&utm_source=google&utm_medium=organic&utm_campaign=gbp,,"3805 Franklin St, Michigan City, IN 46360, United States",3805 Franklin St,Michigan City,IN,46360,4.4,576,Auto repair shop,,,https://www.google.com/maps/place/Midas/data=!4m7!3m6!1s0x8811082e6910d6e3:0x9e189f07c9cd2387!8m2!3d41.6849481!4d-86.8946348!16s%2Fg%2F1thqbg58!19sChIJ49YQaS4IEYgRhyPNyQefGJ4?authuser=0&hl=en&rclk=1,auto repair shop,LaPorte County,county,IN,2026-07-27T21:51:41,0x8811082e6910d6e3:0x9e189f07c9cd2387
"Helping Hand Automotive, INC",(574) 607-7008,https://usmapiz.org/details/helping-hand-automotive-inc-ChIJYWA,,"59534 IN-13, Middlebury, IN 46540, United States",59534 IN-13,Middlebury,IN,46540,4.9,17,Auto repair shop,,,"https://www.google.com/maps/place/Helping+Hand+Automotive,+INC/data=!4m7!3m6!1s0x8816f127a2116061:0x13e3c2293f965832!8m2!3d41.6315901!4d-85.7047306!16s%2Fg%2F11fkdw19fn!19sChIJYWARoifxFogRMliWPynC4xM?authuser=0&hl=en&rclk=1",auto repair shop,LaGrange County,county,IN,2026-07-27T21:42:19,0x8816f127a2116061:0x13e3c2293f965832
"Miller's Garage of Middlebury, Inc.",(574) 825-5215,https://lardstowing.com/,,"823 S Main St, Middlebury, IN 46540, United States",823 S Main St,Middlebury,IN,46540,4.1,59,Auto wrecker,,,"https://www.google.com/maps/place/Miller%27s+Garage+of+Middlebury,+Inc./data=!4m7!3m6!1s0x8816f095e2fb1d7d:0x2834a8edbf9c1336!8m2!3d41.656334!4d-85.705989!16s%2Fg%2F1tj2jhpd!19sChIJfR374pXwFogRNhOcv-2oNCg?authuser=0&hl=en&rclk=1",auto repair shop,LaGrange County,county,IN,2026-07-27T21:42:19,0x8816f095e2fb1d7d:0x2834a8edbf9c1336
"Mullet's Garage, Inc.",(574) 825-2685,,,"13893 US-20, Middlebury, IN 46540, United States",13893 US-20,Middlebury,IN,46540,4.4,108,Auto repair shop,,,"https://www.google.com/maps/place/Mullet%27s+Garage,+Inc./data=!4m7!3m6!1s0x8816f0644b5ddfa7:0x63e1e6fdb22676ea!8m2!3d41.6689184!4d-85.7323205!16s%2Fg%2F1tdxr1xg!19sChIJp99dS2TwFogR6nYmsv3m4WM?authuser=0&hl=en&rclk=1",auto repair shop,LaGrange County,county,IN,2026-07-27T21:42:19,0x8816f0644b5ddfa7:0x63e1e6fdb22676ea
Lingle Transmission Inc,(812) 654-2255,,,"900 N Main St, Milan, IN 47031, United States",900 N Main St,Milan,IN,47031,3.8,17,Transmission shop,,,https://www.google.com/maps/place/Lingle+Transmission+Inc/data=!4m7!3m6!1s0x886a649ebdf0f59b:0x547f9503b17fcc29!8m2!3d39.1324728!4d-85.1319317!16s%2Fg%2F1tj8b4yn!19sChIJm_XwvZ5kaogRKcx_sQOVf1Q?authuser=0&hl=en&rclk=1,auto repair shop,Ripley County,county,IN,2026-07-28T01:03:07,0x886a649ebdf0f59b:0x547f9503b17fcc29
Fox & Son's Auto Clinic Inc.,(574) 256-5778,,,"3619 Grape Rd, Mishawaka, IN 46545, United States",3619 Grape Rd,Mishawaka,IN,46545,4.9,66,Auto repair shop,,,https://www.google.com/maps/place/Fox+%26+Son%27s+Auto+Clinic+Inc./data=!4m7!3m6!1s0x8816cdf72ff0304d:0xd8ab113a2b853f6!8m2!3d41.6937319!4d-86.1878312!16s%2Fg%2F1v1vdt5j!19sChIJTTDwL_fNFogR9lO4ohOxig0?authuser=0&hl=en&rclk=1,auto repair shop,St. Joseph County,county,IN,2026-07-28T01:09:38,0x8816cdf72ff0304d:0xd8ab113a2b853f6
"Kyle's Auto Repair, Inc.",(574) 255-6152,https://www.kylesautorepair.com/?utm_source=omg-gbp&utm_medium=webclick,,"1739 Lincolnway E, Mishawaka, IN 46544, United States",1739 Lincolnway E,Mishawaka,IN,46544,4.7,179,Auto repair shop,,,"https://www.google.com/maps/place/Kyle%27s+Auto+Repair,+Inc./data=!4m7!3m6!1s0x8816ce5b8e9e44ed:0x760cd524c556cd53!8m2!3d41.6629293!4d-86.1488252!16s%2Fg%2F1tjmf7w_!19sChIJ7USejlvOFogRU81WxSTVDHY?authuser=0&hl=en&rclk=1",auto repair shop,Elkhart County,county,IN,2026-07-27T18:45:37,0x8816ce5b8e9e44ed:0x760cd524c556cd53
Midas,(574) 400-6418,https://www.midas.com/store/in/mishawaka/215-west-university-drive-46545/?shopnum=2216&utm_source=google&utm_medium=organic&utm_campaign=gbp,,"215 W University Dr, Mishawaka, IN 46545, United States",215 W University Dr,Mishawaka,IN,46545,4.7,1515,Auto repair shop,,,https://www.google.com/maps/place/Midas/data=!4m7!3m6!1s0x8816d2217b1a9f97:0x6d0d61653a6870ae!8m2!3d41.7198639!4d-86.1794213!16s%2Fg%2F1vwlpr55!19sChIJl58aeyHSFogRrnBoOmVhDW0?authuser=0&hl=en&rclk=1,auto repair shop,South Bend,city,IN,2026-07-28T03:07:48,0x8816d2217b1a9f97:0x6d0d61653a6870ae
Gutwein Motor Co Inc Service,(219) 253-6613,https://www.gutweinmotor.com/,,"300 N Market St, Monon, IN 47959, United States",300 N Market St,Monon,IN,47959,5.0,2,Auto repair shop,,,https://www.google.com/maps/place/Gutwein+Motor+Co+Inc+Service/data=!4m7!3m6!1s0x8813b5574031e32d:0xd747ca559a6b696f!8m2!3d40.8613327!4d-86.8793846!16s%2Fg%2F11ll497sfv!19sChIJLeMxQFe1E4gRb2lrmlXKR9c?authuser=0&hl=en&rclk=1,auto repair shop,Pulaski County,county,IN,2026-07-28T00:39:32,0x8813b5574031e32d:0xd747ca559a6b696f
Firestone Complete Auto Care,(734) 430-9317,https://www.firestonecompleteautocare.com/michigan/monroe/325-s-monroe-st/?utm_source=google&utm_medium=organic&utm_campaign=localmaps&cmp=oloc_google_localmaps_maps,,"325 S Monroe St, Monroe, MI 48161, United States",325 S Monroe St,Monroe,MI,48161,4.4,752,Tire shop,,,https://www.google.com/maps/place/Firestone+Complete+Auto+Care/data=!4m7!3m6!1s0x883b6fbdfe7faabd:0x11ddf91774b86f26!8m2!3d41.9132199!4d-83.3998865!16s%2Fg%2F1tdk5vs0!19sChIJvap__r1vO4gRJm-4dBf53RE?authuser=0&hl=en&rclk=1,auto repair shop,Monroe County,county,IN,2026-07-27T22:50:04,0x883b6fbdfe7faabd:0x11ddf91774b86f26
Meineke Car Care Center,(704) 774-8674,https://www.meineke.com/locations/nc/monroe-841/?utm_source=google&utm_medium=organic&utm_campaign=gbp_website,,"1850 W Roosevelt Blvd #74, Monroe, NC 28110, United States",1850 W Roosevelt Blvd #74,Monroe,NC,28110,4.6,790,Auto repair shop,,,https://www.google.com/maps/place/Meineke+Car+Care+Center/data=!4m7!3m6!1s0x885430b7abe11a09:0x397a663e3a38a119!8m2!3d35.002312!4d-80.5523728!16s%2Fg%2F1tslkfb4!19sChIJCRrhq7cwVIgRGaE4Oj5mejk?authuser=0&hl=en&rclk=1,auto repair shop,Monroe County,county,IN,2026-07-27T22:50:04,0x885430b7abe11a09:0x397a663e3a38a119
"Tire Country, Inc.",(704) 283-7933,http://www.tirecountry.business/,,"3024 Old Charlotte Hwy, Monroe, NC 28110, United States",3024 Old Charlotte Hwy,Monroe,NC,28110,4.4,184,Auto repair shop,,,"https://www.google.com/maps/place/Tire+Country,+Inc./data=!4m7!3m6!1s0x8854307e5ddc1c3f:0xf51de80fbb25daa5!8m2!3d35.0206855!4d-80.590967!16s%2Fg%2F1td72q5l!19sChIJPxzcXX4wVIgRpdoluw_oHfU?authuser=0&hl=en&rclk=1",auto repair shop,Monroe County,county,IN,2026-07-27T22:50:04,0x8854307e5ddc1c3f:0xf51de80fbb25daa5
Nolan's Repair Inc,(260) 623-3520,,,"19210 Gromeaux Rd, Monroeville, IN 46773, United States",19210 Gromeaux Rd,Monroeville,IN,46773,5.0,1,Car repair and maintenance service,,,https://www.google.com/maps/place/Nolan%27s+Repair+Inc/data=!4m7!3m6!1s0x883e0306ed3f8a25:0x670247b0d1df1cee!8m2!3d41.0435455!4d-84.8912525!16s%2Fg%2F1thnpfwk!19sChIJJYo_7QYDPogR7hzf0bBHAmc?authuser=0&hl=en&rclk=1,auto repair shop,Noble County,county,IN,2026-07-27T23:16:21,0x883e0306ed3f8a25:0x670247b0d1df1cee
River Region Auto & Service Inc,(334) 262-1721,http://riverregionauto.com/,,"218 N Bainbridge St, Montgomery, AL 36104, United States",218 N Bainbridge St,Montgomery,AL,36104,4.5,81,Auto repair shop,,,https://www.google.com/maps/place/River+Region+Auto+%26+Service+Inc/data=!4m7!3m6!1s0x888e81775c2c3b29:0x5eb7801971806d1!8m2!3d32.3810152!4d-86.3011239!16s%2Fg%2F11b6b5k50d!19sChIJKTssXHeBjogR0QYYlwF46wU?authuser=0&hl=en&rclk=1,auto repair shop,Montgomery County,county,IN,2026-07-27T22:53:53,0x888e81775c2c3b29:0x5eb7801971806d1
Montgomery Village Auto Repair,,,,"19304 Montgomery Village Ave, Montgomery Village, MD 20886, United States",19304 Montgomery Village Ave,Montgomery Village,MD,20886,5.0,7,Auto repair shop,,,https://www.google.com/maps/place/Montgomery+Village+Auto+Repair/data=!4m7!3m6!1s0x89b62cb7f9cbfad7:0x3eb2363007285412!8m2!3d39.172992!4d-77.204588!16s%2Fg%2F1ptxjnnbw!19sChIJ1_rL-bcstokRElQoBzA2sj4?authuser=0&hl=en&rclk=1,auto repair shop,Montgomery County,county,IN,2026-07-27T22:53:53,0x89b62cb7f9cbfad7:0x3eb2363007285412
Hubbard Auto Center INC - Parts,(844) 315-2606,http://www.drivehubbardgm.com/,,"901 W Broadway St, Monticello, IN 47960, United States",901 W Broadway St,Monticello,IN,47960,5.0,4,Auto parts store,,,https://www.google.com/maps/place/Hubbard+Auto+Center+INC+-+Parts/data=!4m7!3m6!1s0x8813afd176606619:0x8d27bd7b78697289!8m2!3d40.7443578!4d-86.7759635!16s%2Fg%2F11b6s02b0f!19sChIJGWZgdtGvE4gRiXJpeHu9J40?authuser=0&hl=en&rclk=1,auto repair shop,White County,county,IN,2026-07-28T02:46:41,0x8813afd176606619:0x8d27bd7b78697289
Hubbard Auto Center INC - Service,(800) 763-1593,http://www.drivehubbardgm.com/,,"901 W Broadway St, Monticello, IN 47960, United States",901 W Broadway St,Monticello,IN,47960,4.4,72,Auto repair shop,,,https://www.google.com/maps/place/Hubbard+Auto+Center+INC+-+Service/data=!4m7!3m6!1s0x8813afd176606619:0x71f156a148204a0f!8m2!3d40.7446013!4d-86.776072!16s%2Fg%2F11b6rx_7qf!19sChIJGWZgdtGvE4gRD0ogSKFW8XE?authuser=0&hl=en&rclk=1,auto repair shop,Pulaski County,county,IN,2026-07-28T00:39:32,0x8813afd176606619:0x71f156a148204a0f
"Hubbard Auto Center, Inc.",(574) 808-4011,https://www.drivehubbardgm.com/,,"901 W Broadway St, Monticello, IN 47960, United States",901 W Broadway St,Monticello,IN,47960,4.5,275,Car dealer,,,"https://www.google.com/maps/place/Hubbard+Auto+Center,+Inc./data=!4m7!3m6!1s0x8813afd176606619:0xc1fe66aa778da542!8m2!3d40.7443145!4d-86.775974!16s%2Fg%2F1vd3wdg4!19sChIJGWZgdtGvE4gRQqWNd6pm_sE?authuser=0&hl=en&rclk=1",auto repair shop,Pulaski County,county,IN,2026-07-28T00:39:32,0x8813afd176606619:0xc1fe66aa778da542
Rothrock Tire & Services Inc,(574) 583-9723,http://www.rothrocktire.com/,,"4751 Luse Rd, Monticello, IN 47960, United States",4751 Luse Rd,Monticello,IN,47960,4.8,251,Tire shop,,,https://www.google.com/maps/place/Rothrock+Tire+%26+Services+Inc/data=!4m7!3m6!1s0x8813afab15753afb:0x3b761df671376099!8m2!3d40.7158013!4d-86.7810115!16s%2Fg%2F1tdps82r!19sChIJ-zp1FauvE4gRmWA3cfYddjs?authuser=0&hl=en&rclk=1,auto repair shop,Pulaski County,county,IN,2026-07-28T00:39:32,0x8813afab15753afb:0x3b761df671376099
Nunley auto repair,,,,"3650 N County Rd 625 E, Mooreland, IN 47360, United States",3650 N County Rd 625 E,Mooreland,IN,47360,,,Auto repair shop,,,https://www.google.com/maps/place/Nunley+auto+repair/data=!4m7!3m6!1s0x881549003cc0b8f7:0x543c21888da0e58a!8m2!3d39.982553!4d-85.2652263!16s%2Fg%2F11yt4rmpm7!19sChIJ97jAPABJFYgRiuWgjYghPFQ?authuser=0&hl=en&rclk=1,auto repair shop,Randolph County,county,IN,2026-07-28T00:52:17,0x881549003cc0b8f7:0x543c21888da0e58a
Indy Auto Services Inc.,(317) 831-1215,https://terrysautorepair.weebly.com/,,"432 N Monroe St, Mooresville, IN 46158, United States",432 N Monroe St,Mooresville,IN,46158,4.4,80,Tire shop,,,https://www.google.com/maps/place/Indy+Auto+Services+Inc./data=!4m7!3m6!1s0x886ca2f3624f958f:0xbb658dad14cea011!8m2!3d39.6181557!4d-86.3835577!16s%2Fg%2F1tczr2v6!19sChIJj5VPYvOibIgREaDOFK2NZbs?authuser=0&hl=en&rclk=1,auto repair shop,Hendricks County,county,IN,2026-07-27T20:20:11,0x886ca2f3624f958f:0xbb658dad14cea011
Midas,(317) 483-1037,https://www.midas.com/store/in/mooresville/125-south-indiana-street-46158/?shopnum=1980&utm_source=google&utm_medium=organic&utm_campaign=gbp,,"125 S Indiana St, Mooresville, IN 46158, United States",125 S Indiana St,Mooresville,IN,46158,4.7,482,Auto repair shop,,,https://www.google.com/maps/place/Midas/data=!4m7!3m6!1s0x886ca3180452aeeb:0xe754b52903f81968!8m2!3d39.6109527!4d-86.3746181!16s%2Fg%2F11hds0d50s!19sChIJ665SBBijbIgRaBn4Aym1VOc?authuser=0&hl=en&rclk=1,auto repair shop,Johnson County,county,IN,2026-07-27T21:10:42,0x886ca3180452aeeb:0xe754b52903f81968
Lake County Auto Service Inc.,(352) 729-2167,https://lakecountyautoservice.com/,,"3316 County Rd 19A, Mt Dora, FL 32757, United States",3316 County Rd 19A,Mt Dora,FL,32757,4.9,211,Auto repair shop,,,https://www.google.com/maps/place/Lake+County+Auto+Service+Inc./data=!4m7!3m6!1s0x88e7a3c62d8a0b45:0x8fce573ead72b280!8m2!3d28.808336!4d-81.6780257!16s%2Fg%2F11sz2vpk20!19sChIJRQuKLcaj54gRgLJyrT5Xzo8?authuser=0&hl=en&rclk=1,auto repair shop,Lake County,county,IN,2026-07-27T21:42:57,0x88e7a3c62d8a0b45:0x8fce573ead72b280
Highvis Automotive,,,,"3210 St Phillips Rd, Mt Vernon, IN 47620, United States",3210 St Phillips Rd,Mt Vernon,IN,47620,,,Auto repair shop,,,https://www.google.com/maps/place/Highvis+Automotive/data=!4m7!3m6!1s0x8871cd00516c619b:0xedf07b7411e6e66!8m2!3d37.9896226!4d-87.7131018!16s%2Fg%2F11yr3cy79z!19sChIJm2FsUQDNcYgRZm4eQbcH3w4?authuser=0&hl=en&rclk=1,auto repair shop,Posey County,county,IN,2026-07-28T00:28:55,0x8871cd00516c619b:0xedf07b7411e6e66
NAPA Auto Parts - Quality Automotive Distributors Corp,(812) 831-3900,https://www.napaonline.com/en/IN/Mount-Vernon/store/93870?cid=pl_jobber_google_dac_93870_ao,,"514 W 4th St, Mt Vernon, IN 47620, United States",514 W 4th St,Mt Vernon,IN,47620,4.5,26,Auto parts store,,,https://www.google.com/maps/place/NAPA+Auto+Parts+-+Quality+Automotive+Distributors+Corp/data=!4m7!3m6!1s0x88704b1b08f594ad:0x897053e779ee9a91!8m2!3d37.930502!4d-87.901032!16s%2Fg%2F11d_q15g50!19sChIJrZT1CBtLcIgRkZrueedTcIk?authuser=0&hl=en&rclk=1,auto repair shop,Posey County,county,IN,2026-07-28T00:28:55,0x88704b1b08f594ad:0x897053e779ee9a91
Automotive West Inc.- Auto Repair Muncie Indiana,(765) 288-4471,https://automotivewestofmuncie.com/,,"3816 W Kilgore Ave, Muncie, IN 47304, United States",3816 W Kilgore Ave,Muncie,IN,47304,4.2,108,Auto repair shop,,,https://www.google.com/maps/place/Automotive+West+Inc.-+Auto+Repair+Muncie+Indiana/data=!4m7!3m6!1s0x88153d2914ebaec5:0xd7e084a274560473!8m2!3d40.181333!4d-85.4310211!16s%2Fg%2F1td4q9kk!19sChIJxa7rFCk9FYgRcwRWdKKE4Nc?authuser=0&hl=en&rclk=1,auto repair shop,Fayette County,county,IN,2026-07-27T18:57:36,0x88153d2914ebaec5:0xd7e084a274560473
JL AUTO SERVICES,,,,"1950 N Elm St, Muncie, IN 47303, United States",1950 N Elm St,Muncie,IN,47303,5.0,7,Auto repair shop,,,https://www.google.com/maps/place/JL+AUTO+SERVICES/data=!4m7!3m6!1s0x88153d000b8c2511:0x932ab9583a618788!8m2!3d40.2113336!4d-85.3794715!16s%2Fg%2F11yxsh_yxr!19sChIJESWMCwA9FYgRiIdhOli5KpM?authuser=0&hl=en&rclk=1,auto repair shop,Delaware County,county,IN,2026-07-27T18:25:53,0x88153d000b8c2511:0x932ab9583a618788
Jiffy Lube,(765) 282-7704,https://indianajiffylube.com/muncie-in-oil-change/,,"1915 W McGalliard Rd, Muncie, IN 47304, United States",1915 W McGalliard Rd,Muncie,IN,47304,4.7,1492,Oil change service,,,https://www.google.com/maps/place/Jiffy+Lube/data=!4m7!3m6!1s0x881517d88807e043:0x56af1957054da781!8m2!3d40.218574!4d-85.4090889!16s%2Fg%2F1txfprwh!19sChIJQ-AHiNgXFYgRgadNBVcZr1Y?authuser=0&hl=en&rclk=1,auto repair shop,Blackford County,county,IN,2026-07-27T16:36:53,0x881517d88807e043:0x56af1957054da781
Meineke Car Care Center,(765) 876-3214,https://www.meineke.com/locations/in/muncie-2919/?utm_source=google&utm_medium=organic&utm_campaign=gbp_website,,"1303 W McGalliard Rd, Muncie, IN 47303, United States",1303 W McGalliard Rd,Muncie,IN,47303,4.3,909,Auto repair shop,,,https://www.google.com/maps/place/Meineke+Car+Care+Center/data=!4m7!3m6!1s0x881521da0c05cab3:0x6902a3f9993ad980!8m2!3d40.2183939!4d-85.4010153!16s%2Fg%2F1tf0r6pm!19sChIJs8oFDNohFYgRgNk6mfmjAmk?authuser=0&hl=en&rclk=1,auto repair shop,Blackford County,county,IN,2026-07-27T16:36:53,0x881521da0c05cab3:0x6902a3f9993ad980
Muncie Auto Group,,,,"3451 N Nebo Rd, Muncie, IN 47304, United States",3451 N Nebo Rd,Muncie,IN,47304,,,Auto repair shop,,,https://www.google.com/maps/place/Muncie+Auto+Group/data=!4m7!3m6!1s0x8815190022ffff73:0x2c505bb2443d9b11!8m2!3d40.2207934!4d-85.4622851!16s%2Fg%2F11vysly2dn!19sChIJc___IgAZFYgREZs9RLJbUCw?authuser=0&hl=en&rclk=1,auto repair shop,Blackford County,county,IN,2026-07-27T16:36:53,0x8815190022ffff73:0x2c505bb2443d9b11
Cox Repair Service,,,,"10533 E 362, Nabb, IN 47147, United States",10533 E 362,Nabb,IN,47147,5.0,2,Auto repair shop,,,https://www.google.com/maps/place/Cox+Repair+Service/data=!4m7!3m6!1s0x886a2b4bcb22bfa9:0x4301aa9d23680717!8m2!3d38.6067683!4d-85.5785155!16s%2Fg%2F11l2x3vpcx!19sChIJqb8iy0sraogRFwdoI52qAUM?authuser=0&hl=en&rclk=1,auto repair shop,Clark County,county,IN,2026-07-27T17:19:52,0x886a2b4bcb22bfa9:0x4301aa9d23680717
Miller's Engine Repair,,,,"30237 Co Rd 56, Nappanee, IN 46550, United States",30237 Co Rd 56,Nappanee,IN,46550,5.0,4,Auto repair shop,,,https://www.google.com/maps/place/Miller%27s+Engine+Repair/data=!4m7!3m6!1s0x8816bbcfd5a87e2b:0x10afe8382db94ff6!8m2!3d41.4432273!4d-86.0453117!16s%2Fg%2F1td18g0d!19sChIJK36o1c-7FogR9k-5LTjorxA?authuser=0&hl=en&rclk=1,auto repair shop,Marshall County,county,IN,2026-07-27T22:27:34,0x8816bbcfd5a87e2b:0x10afe8382db94ff6
Al's Paint & Body Inc,(812) 988-7518,http://als-paint-body-inc.jany.io/,,"1814 N State Rd 135, Nashville, IN 47448, United States",1814 N State Rd 135,Nashville,IN,47448,4.3,58,Auto body shop,,,https://www.google.com/maps/place/Al%27s+Paint+%26+Body+Inc/data=!4m7!3m6!1s0x886b807de3c29ecf:0xaecefed81b55bae7!8m2!3d39.2216796!4d-86.252037!16s%2Fg%2F1tdzm96h!19sChIJz57C432Aa4gR57pVG9j-zq4?authuser=0&hl=en&rclk=1,auto repair shop,Brown County,county,IN,2026-07-27T16:50:40,0x886b807de3c29ecf:0xaecefed81b55bae7
Dyno,,,,"2994 Salt Creek Rd, Nashville, IN 47448, United States",2994 Salt Creek Rd,Nashville,IN,47448,,,Auto repair shop,,,https://www.google.com/maps/place/Dyno/data=!4m7!3m6!1s0x886b830060d7727b:0x4b6b5d2e5e233a59!8m2!3d39.2384558!4d-86.1589182!16s%2Fg%2F11x61gw4h8!19sChIJe3LXYACDa4gRWTojXi5da0s?authuser=0&hl=en&rclk=1,auto repair shop,Brown County,county,IN,2026-07-27T16:50:40,0x886b830060d7727b:0x4b6b5d2e5e233a59
NAPA Auto Parts - Southern Indiana Parts,(812) 988-7472,https://www.napaonline.com/en/IN/Nashville/store/23201?cid=pl_jobber_google_dac_23201_ao,,"2412 IN-46, Nashville, IN 47448, United States",2412 IN-46,Nashville,IN,47448,4.6,79,Auto parts store,,,https://www.google.com/maps/place/NAPA+Auto+Parts+-+Southern+Indiana+Parts/data=!4m7!3m6!1s0x886b833973921399:0x43d1822533c7417c!8m2!3d39.195155!4d-86.202358!16s%2Fg%2F1tcwrwv_!19sChIJmROSczmDa4gRfEHHMyWC0UM?authuser=0&hl=en&rclk=1,auto repair shop,Brown County,county,IN,2026-07-27T16:50:40,0x886b833973921399:0x43d1822533c7417c
The Garage,,,,"003093260003500, Nashville, IN 47448, United States",003093260003500,Nashville,IN,47448,5.0,2,Mechanic,,,https://www.google.com/maps/place/The+Garage/data=!4m7!3m6!1s0x886b83cef10dc819:0xe18eb141328f4ea!8m2!3d39.1899494!4d-86.1729531!16s%2Fg%2F11g0mtfq6q!19sChIJGcgN8c6Da4gR6vQoExTrGA4?authuser=0&hl=en&rclk=1,auto repair shop,Brown County,county,IN,2026-07-27T16:50:40,0x886b83cef10dc819:0xe18eb141328f4ea
Mike Smith Firestone,(812) 945-5231,,,"227 State St, New Albany, IN 47150, United States",227 State St,New Albany,IN,47150,4.3,179,Auto repair shop,,,https://www.google.com/maps/place/Mike+Smith+Firestone/data=!4m7!3m6!1s0x88696cf5e2f81de1:0x2437611fb36070b5!8m2!3d38.284209!4d-85.8236743!16s%2Fg%2F1wyc51yn!19sChIJ4R344vVsaYgRtXBgsx9hNyQ?authuser=0&hl=en&rclk=1,auto repair shop,Floyd County,county,IN,2026-07-27T19:06:09,0x88696cf5e2f81de1:0x2437611fb36070b5
Revamped Automotive,,,,"605 Camp Ave, New Albany, IN 47150, United States",605 Camp Ave,New Albany,IN,47150,5.0,42,Car detailing service,,,https://www.google.com/maps/place/Revamped+Automotive/data=!4m7!3m6!1s0x88696d0c3d6b7557:0x9e3f920081dc790e!8m2!3d38.2832131!4d-85.8458643!16s%2Fg%2F11pxm307rm!19sChIJV3VrPQxtaYgRDnncgQCSP54?authuser=0&hl=en&rclk=1,auto repair shop,Floyd County,county,IN,2026-07-27T19:06:09,0x88696d0c3d6b7557:0x9e3f920081dc790e
Don & Joe's Auto Service Inc.,(765) 529-3555,http://donandjoesautoservice.com/,,"1729 S Main St, New Castle, IN 47362, United States",1729 S Main St,New Castle,IN,47362,4.6,99,Auto repair shop,,,https://www.google.com/maps/place/Don+%26+Joe%27s+Auto+Service+Inc./data=!4m7!3m6!1s0x8815336c06b214e9:0x4e8854224bc5cd41!8m2!3d39.914916!4d-85.371063!16s%2Fg%2F1w0j06bq!19sChIJ6RSyBmwzFYgRQc3FSyJUiE4?authuser=0&hl=en&rclk=1,auto repair shop,Henry County,county,IN,2026-07-27T20:22:38,0x8815336c06b214e9:0x4e8854224bc5cd41
"Henry County Glass & Mirror, Inc.",(765) 529-8455,,,"1018 Woodward Ave, New Castle, IN 47362, United States",1018 Woodward Ave,New Castle,IN,47362,4.9,96,Glass & mirror shop,,,"https://www.google.com/maps/place/Henry+County+Glass+%26+Mirror,+Inc./data=!4m7!3m6!1s0x8815339923fdc525:0x134020be11b87f22!8m2!3d39.9361051!4d-85.3726366!16s%2Fg%2F1tgpbwq0!19sChIJJcX9I5kzFYgRIn-4Eb4gQBM?authuser=0&hl=en&rclk=1",auto repair shop,Henry County,county,IN,2026-07-27T20:22:38,0x8815339923fdc525:0x134020be11b87f22
"Auto Air & Heating, Inc",(317) 861-4898,https://autoairandheatingrepair.com/,,"14 S Westside Dr, New Palestine, IN 46163, United States",14 S Westside Dr,New Palestine,IN,46163,4.7,76,Auto repair shop,,,"https://www.google.com/maps/place/Auto+Air+%26+Heating,+Inc/data=!4m7!3m6!1s0x886b384856549d7b:0xf27ed05e4cad9852!8m2!3d39.721943!4d-85.898067!16s%2Fg%2F1txnq625!19sChIJe51UVkg4a4gRUpitTF7QfvI?authuser=0&hl=en&rclk=1",auto repair shop,Hancock County,county,IN,2026-07-27T20:07:18,0x886b384856549d7b:0xf27ed05e4cad9852
Conrad's Transmission Inc.,(812) 347-2633,https://www.conradstransmission.com/,,"8225 Rooster Church Rd NE, New Salisbury, IN 47161, United States",8225 Rooster Church Rd NE,New Salisbury,IN,47161,4.4,66,Auto repair shop,,,https://www.google.com/maps/place/Conrad%27s+Transmission+Inc./data=!4m7!3m6!1s0x886948bed1f36b43:0x1f52ff9f1cafd6e4!8m2!3d38.3203465!4d-86.1112079!16s%2Fg%2F1td_5y5w!19sChIJQ2vz0b5IaYgR5NavHJ__Uh8?authuser=0&hl=en&rclk=1,auto repair shop,Crawford County,county,IN,2026-07-27T17:48:00,0x886948bed1f36b43:0x1f52ff9f1cafd6e4
Martin's Body Shop Inc,(812) 347-2937,http://www.martinsbodyshop.com/,,"8170 Schmidt Ln NE, New Salisbury, IN 47161, United States",8170 Schmidt Ln NE,New Salisbury,IN,47161,5.0,836,Auto body shop,,,https://www.google.com/maps/place/Martin%27s+Body+Shop+Inc/data=!4m7!3m6!1s0x886948c103134b1b:0x9241f05e81424a73!8m2!3d38.3197681!4d-86.1184354!16s%2Fg%2F1vhlyyb6!19sChIJG0sTA8FIaYgRc0pCgV7wQZI?authuser=0&hl=en&rclk=1,auto repair shop,Crawford County,county,IN,2026-07-27T17:48:00,0x886948c103134b1b:0x9241f05e81424a73
Garber's Automotive Inc,(410) 775-2800,https://www.garbersautomotive.com/,,"507 Church St, New Windsor, MD 21776, United States",507 Church St,New Windsor,MD,21776,4.9,45,Auto repair shop,,,https://www.google.com/maps/place/Garber%27s+Automotive+Inc/data=!4m7!3m6!1s0x89c83681d9111d7b:0x95deed0b5116c440!8m2!3d39.5441946!4d-77.1021755!16s%2Fg%2F1tqcm5l7!19sChIJex0R2YE2yIkRQMQWUQvt3pU?authuser=0&hl=en&rclk=1,auto repair shop,Carroll County,county,IN,2026-07-27T16:58:22,0x89c83681d9111d7b:0x95deed0b5116c440
Advanced Automotive Repair Inc.,(812) 853-3566,,,"2744 IN-261, Newburgh, IN 47630, United States",2744 IN-261,Newburgh,IN,47630,5.0,2,Car repair and maintenance service,,,https://www.google.com/maps/place/Advanced+Automotive+Repair+Inc./data=!4m7!3m6!1s0x886e327f23922ae3:0xe37553a06b964e73!8m2!3d37.9947241!4d-87.3795125!16s%2Fg%2F1tlwgd1h!19sChIJ4yqSI38ybogRc06Wa6BTdeM?authuser=0&hl=en&rclk=1,auto repair shop,Posey County,county,IN,2026-07-28T00:28:55,0x886e327f23922ae3:0xe37553a06b964e73
Checkley's Mobile Mechanic,,,,"8488 Edgewood Dr, Newburgh, IN 47630, United States",8488 Edgewood Dr,Newburgh,IN,47630,3.0,8,Mechanic,,,https://www.google.com/maps/place/Checkley%27s+Mobile+Mechanic/data=!4m7!3m6!1s0x886e2d788ffb0a7f:0x1d44169907a0c908!8m2!3d37.9594043!4d-87.4042875!16s%2Fg%2F11vzqs1f64!19sChIJfwr7j3gtbogRCMmgB5kWRB0?authuser=0&hl=en&rclk=1,auto repair shop,Warrick County,county,IN,2026-07-28T02:23:28,0x886e2d788ffb0a7f:0x1d44169907a0c908
Goodyear Auto Service,(812) 853-7030,https://www.goodyear.com/en-us/goodyearautoservice,,"8000 State St #66, Newburgh, IN 47630, United States",8000 State St #66,Newburgh,IN,47630,4.7,658,Tire shop,,,https://www.google.com/maps/place/Goodyear+Auto+Service/data=!4m7!3m6!1s0x886e2d6eaed20993:0x6de5ffd0e3ca462d!8m2!3d37.9771629!4d-87.3955869!16s%2Fg%2F1vyxk4p1!19sChIJkwnSrm4tbogRLUbK49D_5W0?authuser=0&hl=en&rclk=1,auto repair shop,Warrick County,county,IN,2026-07-28T02:23:28,0x886e2d6eaed20993:0x6de5ffd0e3ca462d
"Sheets Auto Trans, Inc.",(317) 534-7249,https://sheetsautoincrepair.com/,,"56 County Rd 775 S, Nineveh, IN 46164, United States",56 County Rd 775 S,Nineveh,IN,46164,4.9,98,Auto repair shop,,,"https://www.google.com/maps/place/Sheets+Auto+Trans,+Inc./data=!4m7!3m6!1s0x886b7a721b88c203:0x48064b4ac92bb243!8m2!3d39.3638382!4d-86.1030211!16s%2Fg%2F11b7xfmbzx!19sChIJA8KIG3J6a4gRQ7IryUpLBkg?authuser=0&hl=en&rclk=1",auto repair shop,Brown County,county,IN,2026-07-27T16:50:40,0x886b7a721b88c203:0x48064b4ac92bb243
"AVC Auto, Inc",(317) 774-2886,http://www.avcautoinc.com/,,"20228 Hague Rd, Noblesville, IN 46062, United States",20228 Hague Rd,Noblesville,IN,46062,4.8,177,Auto repair shop,,,"https://www.google.com/maps/place/AVC+Auto,+Inc/data=!4m7!3m6!1s0x8814ba74c69ca59f:0x8ca7b9e5a99a26cc!8m2!3d40.0806507!4d-86.0325844!16s%2Fg%2F1td4q9jr!19sChIJn6WcxnS6FIgRzCaaqeW5p4w?authuser=0&hl=en&rclk=1",auto repair shop,Hamilton County,county,IN,2026-07-27T19:58:44,0x8814ba74c69ca59f:0x8ca7b9e5a99a26cc
Firestone Complete Auto Care,(317) 316-8189,https://www.firestonecompleteautocare.com/indiana/noblesville/249-n-10th-st/?utm_source=google&utm_medium=organic&utm_campaign=localmaps&cmp=oloc_google_localmaps_maps,,"249 N 10th St, Noblesville, IN 46060, United States",249 N 10th St,Noblesville,IN,46060,4.4,427,Tire shop,,,https://www.google.com/maps/place/Firestone+Complete+Auto+Care/data=!4m7!3m6!1s0x8814b0cd32695a31:0x4f822b733ae4d5bb!8m2!3d40.0480964!4d-86.0125898!16s%2Fg%2F1tdd18x1!19sChIJMVppMs2wFIgRu9XkOnMrgk8?authuser=0&hl=en&rclk=1,auto repair shop,Hamilton County,county,IN,2026-07-27T19:58:44,0x8814b0cd32695a31:0x4f822b733ae4d5bb
Jiffy Lube,(317) 776-0269,https://indianajiffylube.com/noblesville-in-oil-change/,,"2390 Conner St, Noblesville, IN 46060, United States",2390 Conner St,Noblesville,IN,46060,4.8,1887,Oil change service,,,https://www.google.com/maps/place/Jiffy+Lube/data=!4m7!3m6!1s0x8814b73b542d8987:0x8a24d189ea34f037!8m2!3d40.0459377!4d-85.9970801!16s%2Fg%2F1th5d4_q!19sChIJh4ktVDu3FIgRN_A06onRJIo?authuser=0&hl=en&rclk=1,auto repair shop,Hamilton County,county,IN,2026-07-27T19:58:44,0x8814b73b542d8987:0x8a24d189ea34f037
Meineke Car Care Center,(317) 678-0076,https://www.meineke.com/locations/in/noblesville-1832/?utm_source=google&utm_medium=organic&utm_campaign=gbp_website,,"1395 S 10th St, Noblesville, IN 46060, United States",1395 S 10th St,Noblesville,IN,46060,4.4,863,Auto repair shop,,,https://www.google.com/maps/place/Meineke+Car+Care+Center/data=!4m7!3m6!1s0x8814b6d4cd2171d5:0x641f093a3c64ea2c!8m2!3d40.0324826!4d-86.0123797!16s%2Fg%2F1hc2ylht4!19sChIJ1XEhzdS2FIgRLOpkPDoJH2Q?authuser=0&hl=en&rclk=1,auto repair shop,Hamilton County,county,IN,2026-07-27T19:58:44,0x8814b6d4cd2171d5:0x641f093a3c64ea2c
Midas,(317) 678-0226,https://www.midas.com/store/in/noblesville/16605-mercantile-blvd-46060/?shopnum=2786&utm_source=google&utm_medium=organic&utm_campaign=gbp,,"16605 Mercantile Blvd, Noblesville, IN 46060, United States",16605 Mercantile Blvd,Noblesville,IN,46060,4.8,403,Auto repair shop,,,https://www.google.com/maps/place/Midas/data=!4m7!3m6!1s0x8814b7e8c144418d:0x11806c5f77856f35!8m2!3d40.0300474!4d-85.9943212!16s%2Fg%2F11wbyt5h32!19sChIJjUFEwei3FIgRNW-Fd19sgBE?authuser=0&hl=en&rclk=1,auto repair shop,Hamilton County,county,IN,2026-07-27T19:58:44,0x8814b7e8c144418d:0x11806c5f77856f35
Miller's Auto Body Inc,(765) 534-3075,https://www.millersautobodyinc.com/,,"20583 Cyntheanne Rd, Noblesville, IN 46060, United States",20583 Cyntheanne Rd,Noblesville,IN,46060,4.5,63,Auto body shop,,,https://www.google.com/maps/place/Miller%27s+Auto+Body+Inc/data=!4m7!3m6!1s0x8814c636c87ea0ad:0x89b01139f268c67f!8m2!3d40.0883878!4d-85.8830132!16s%2Fg%2F1tctg6j3!19sChIJraB-yDbGFIgRf8Zo8jkRsIk?authuser=0&hl=en&rclk=1,auto repair shop,Hamilton County,county,IN,2026-07-27T19:58:44,0x8814c636c87ea0ad:0x89b01139f268c67f
Pep Boys Auto Service & Tires,(317) 768-0749,https://www.pepboys.com/stores/in/noblesville/6077-promenade-shops-blvd?Cid=gbp_appt_AN:PB%7CPB:G%7CTT:GBP%7CCG:CONVERSION%7CCD:SERVICE,,"6077 Promenade Shops Blvd, Noblesville, IN 46062, United States",6077 Promenade Shops Blvd,Noblesville,IN,46062,4.6,191,Tire shop,,,https://www.google.com/maps/place/Pep+Boys+Auto+Service+%26+Tires/data=!4m7!3m6!1s0x8814b1dc256a5823:0x894ab0f33c7d7206!8m2!3d40.0438171!4d-86.0661193!16s%2Fg%2F11kblk_p0p!19sChIJI1hqJdyxFIgRBnJ9PPOwSok?authuser=0&hl=en&rclk=1,auto repair shop,Hamilton County,county,IN,2026-07-27T19:58:44,0x8814b1dc256a5823:0x894ab0f33c7d7206
Son-Shine Service - Inc.,(317) 773-0924,,,"122 Cicero Rd, Noblesville, IN 46060, United States",122 Cicero Rd,Noblesville,IN,46060,4.8,103,Auto repair shop,,,https://www.google.com/maps/place/Son-Shine+Service+-+Inc./data=!4m7!3m6!1s0x8814b0cdc9da7f1f:0xd5ca3da98fb14c2d!8m2!3d40.048251!4d-86.0160959!16s%2Fg%2F1tp_6_k7!19sChIJH3_ayc2wFIgRLUyxj6k9ytU?authuser=0&hl=en&rclk=1,auto repair shop,Hamilton County,county,IN,2026-07-27T19:58:44,0x8814b0cdc9da7f1f:0xd5ca3da98fb14c2d
"Story's Collision Center, Inc.",(317) 774-5588,https://storyscollisioncenterin.com/,,"2008 Cherry St, Noblesville, IN 46060, United States",2008 Cherry St,Noblesville,IN,46060,4.8,119,Auto body shop,,,"https://www.google.com/maps/place/Story%27s+Collision+Center,+Inc./data=!4m7!3m6!1s0x8814b724e9ba9b45:0xe72e53a4e3b5309a!8m2!3d40.0441809!4d-85.9983152!16s%2Fg%2F1w0h83bk!19sChIJRZu66SS3FIgRmjC146RTLuc?authuser=0&hl=en&rclk=1",auto repair shop,Hamilton County,county,IN,2026-07-27T19:58:44,0x8814b724e9ba9b45:0xe72e53a4e3b5309a
Charlie's Auto Body,,,,"1421 Buckeye St, North Vernon, IN 47265, United States",1421 Buckeye St,North Vernon,IN,47265,,,Auto repair shop,,,https://www.google.com/maps/place/Charlie%27s+Auto+Body/data=!4m7!3m6!1s0x886bb348a3998d51:0xa5a37d1db71cee35!8m2!3d39.0054619!4d-85.612201!16s%2Fg%2F11fct5hswx!19sChIJUY2Zo0iza4gRNe4ctx19o6U?authuser=0&hl=en&rclk=1,auto repair shop,Jennings County,county,IN,2026-07-27T21:03:16,0x886bb348a3998d51:0xa5a37d1db71cee35
"Ebbing Auto Parts, Inc.",(812) 346-1323,http://www.ebbingautoparts.com/,,"6090 W US-50, North Vernon, IN 47265, United States",6090 W US-50,North Vernon,IN,47265,4.5,109,Used auto parts store,,,"https://www.google.com/maps/place/Ebbing+Auto+Parts,+Inc./data=!4m7!3m6!1s0x886bb6df3ff17e4d:0x5123059403b7dd90!8m2!3d38.9766775!4d-85.7237005!16s%2Fg%2F1th7nn65!19sChIJTX7xP9-2a4gRkN23A5QFI1E?authuser=0&hl=en&rclk=1",auto repair shop,Jennings County,county,IN,2026-07-27T21:03:16,0x886bb6df3ff17e4d:0x5123059403b7dd90
"Martinrea Industries, Inc.",(812) 346-5750,http://www.martinrea.com/,,"505 Industrial Dr, North Vernon, IN 47265, United States",505 Industrial Dr,North Vernon,IN,47265,3.9,33,Auto parts manufacturer,,,"https://www.google.com/maps/place/Martinrea+Industries,+Inc./data=!4m7!3m6!1s0x89e3709c7efcad1f:0xe6b6a9738dca9b03!8m2!3d39.0200462!4d-85.6309356!16s%2Fg%2F1vfwdw80!19sChIJH638fpxw44kRA5vKjXOptuY?authuser=0&hl=en&rclk=1",auto repair shop,Jennings County,county,IN,2026-07-27T21:03:16,0x89e3709c7efcad1f:0xe6b6a9738dca9b03
NAPA Auto Parts - Southern Indiana Parts Group,(812) 953-5981,https://www.napaonline.com/en/IN/North-Vernon/store/40137?cid=pl_jobber_google_dac_40137_ao,,"115 E Walnut St, North Vernon, IN 47265, United States",115 E Walnut St,North Vernon,IN,47265,4.4,41,Auto parts store,,,https://www.google.com/maps/place/NAPA+Auto+Parts+-+Southern+Indiana+Parts+Group/data=!4m7!3m6!1s0x886bb36bee7616b9:0xa9d9fd939b8f48f6!8m2!3d39.004365!4d-85.625319!16s%2Fg%2F1thcnj7l!19sChIJuRZ27muza4gR9kiPm5P92ak?authuser=0&hl=en&rclk=1,auto repair shop,Jennings County,county,IN,2026-07-27T21:03:16,0x886bb36bee7616b9:0xa9d9fd939b8f48f6
"NW Fleet Truck/Trailer Repair, Inc.",(812) 346-0011,https://radiusccc5.com/paswaterauto/contact-us/,,"3410 N IN-3, North Vernon, IN 47265, United States",3410 N IN-3,North Vernon,IN,47265,,,Car repair and maintenance service,,,"https://www.google.com/maps/place/NW+Fleet+Truck%2FTrailer+Repair,+Inc./data=!4m7!3m6!1s0x886bb2fceffcdfa9:0x2e126865b3f84a3f!8m2!3d39.034587!4d-85.635126!16s%2Fg%2F11v0bxxjnd!19sChIJqd_87_yya4gRP0r4s2VoEi4?authuser=0&hl=en&rclk=1",auto repair shop,Jennings County,county,IN,2026-07-27T21:03:16,0x886bb2fceffcdfa9:0x2e126865b3f84a3f
O'Reilly Auto Parts,(812) 346-4980,https://locations.oreillyauto.com/en-us/in/northvernon/autoparts-1740.html,,"2160 N State St #3, North Vernon, IN 47265, United States",2160 N State St #3,North Vernon,IN,47265,4.1,119,Auto parts store,,,https://www.google.com/maps/place/O%27Reilly+Auto+Parts/data=!4m7!3m6!1s0x886bb4d34d6f8c6d:0xe56d679ad6ee38f5!8m2!3d39.0161536!4d-85.639284!16s%2Fg%2F1tp_740w!19sChIJbYxvTdO0a4gR9Tju1ppnbeU?authuser=0&hl=en&rclk=1,auto repair shop,Jennings County,county,IN,2026-07-27T21:03:16,0x886bb4d34d6f8c6d:0xe56d679ad6ee38f5
Reads Auto Transportation,,,,"5820 W County Rd 300 N, North Vernon, IN 47265, United States",5820 W County Rd 300 N,North Vernon,IN,47265,,,Transportation service,,,https://www.google.com/maps/place/Reads+Auto+Transportation/data=!4m7!3m6!1s0x886bb1006a9e01fd:0xf20bab084ca9c5f!8m2!3d39.0283676!4d-85.7199153!16s%2Fg%2F11vr57hd3r!19sChIJ_QGeagCxa4gRX5zKhLC6IA8?authuser=0&hl=en&rclk=1,auto repair shop,Jennings County,county,IN,2026-07-27T21:03:16,0x886bb1006a9e01fd:0xf20bab084ca9c5f
Roark’s garage,,,,"1520 US-50, North Vernon, IN 47265, United States",1520 US-50,North Vernon,IN,47265,,,Auto repair shop,,,https://www.google.com/maps/place/Roark%E2%80%99s+garage/data=!4m7!3m6!1s0x886a4d0016fb1a4b:0x9aaacc0e909e879c!8m2!3d39.0112619!4d-85.5827356!16s%2Fg%2F11y5b1f_f8!19sChIJSxr7FgBNaogRnIeekA7Mqpo?authuser=0&hl=en&rclk=1,auto repair shop,Jennings County,county,IN,2026-07-27T21:03:16,0x886a4d0016fb1a4b:0x9aaacc0e909e879c
Gregory Auto Service,,,,"10227 North St, Oakland City, IN 47660, United States",10227 North St,Oakland City,IN,47660,,,Auto repair shop,,,https://www.google.com/maps/place/Gregory+Auto+Service/data=!4m7!3m6!1s0x886e170071543975:0x6302abf28d336705!8m2!3d38.2843795!4d-87.376796!16s%2Fg%2F11y693f0_q!19sChIJdTlUcQAXbogRBWczjfKrAmM?authuser=0&hl=en&rclk=1,auto repair shop,Pike County,county,IN,2026-07-28T00:15:17,0x886e170071543975:0x6302abf28d336705
Wagler Automotive Services Inc.,(812) 636-8177,,,"6276 County Rd 1000 N, Odon, IN 47562, United States",6276 County Rd 1000 N,Odon,IN,47562,4.4,35,Auto repair shop,,,https://www.google.com/maps/place/Wagler+Automotive+Services+Inc./data=!4m7!3m6!1s0x886dcfec8a2a5371:0x7a3835caaa8da825!8m2!3d38.8020439!4d-87.0505828!16s%2Fg%2F1thxrcx5!19sChIJcVMqiuzPbYgRJaiNqso1OHo?authuser=0&hl=en&rclk=1,auto repair shop,Daviess County,county,IN,2026-07-27T17:56:38,0x886dcfec8a2a5371:0x7a3835caaa8da825
Latinos Auto Repair inc.,(714) 538-4056,,,"748 W Angus Ave # D, Orange, CA 92868, United States",748 W Angus Ave # D,Orange,CA,92868,5.0,21,Auto repair shop,,,https://www.google.com/maps/place/Latinos+Auto+Repair+inc./data=!4m7!3m6!1s0x80dcd766a71bed1d:0x1692395c56a83909!8m2!3d33.7985952!4d-117.860756!16s%2Fg%2F1tksnnw2!19sChIJHe0bp2bX3IARCTmoVlw5khY?authuser=0&hl=en&rclk=1,auto repair shop,Orange County,county,IN,2026-07-27T23:31:24,0x80dcd766a71bed1d:0x1692395c56a83909
Midas,(714) 450-6631,https://www.midas.com/store/ca/orange/1922-east-chapman-avenue-92867/?shopnum=1184&utm_source=google&utm_medium=organic&utm_campaign=gbp,,"1922 E Chapman Ave, Orange, CA 92867, United States",1922 E Chapman Ave,Orange,CA,92867,4.8,385,Auto repair shop,,,https://www.google.com/maps/place/Midas/data=!4m7!3m6!1s0x80dcd9f7a315f5b7:0xcdc3478b768fb429!8m2!3d33.7874151!4d-117.8327979!16s%2Fg%2F1tlgy7jg!19sChIJt_UVo_fZ3IARKbSPdotHw80?authuser=0&hl=en&rclk=1,auto repair shop,Orange County,county,IN,2026-07-27T23:31:24,0x80dcd9f7a315f5b7:0xcdc3478b768fb429
Olive Garage Inc,(714) 637-1880,https://www.olivegarageinc.com/,,"2845 N Orange Olive Rd, Orange, CA 92865, United States",2845 N Orange Olive Rd,Orange,CA,92865,4.9,60,Auto repair shop,,,https://www.google.com/maps/place/Olive+Garage+Inc/data=!4m7!3m6!1s0x80dcd72777bd7087:0xc2ce0bd9717cc506!8m2!3d33.8367355!4d-117.8459214!16s%2Fg%2F1vxvj4mx!19sChIJh3C9dyfX3IARBsV8cdkLzsI?authuser=0&hl=en&rclk=1,auto repair shop,Orange County,county,IN,2026-07-27T23:31:24,0x80dcd72777bd7087:0xc2ce0bd9717cc506
Carl's Automotive Center Inc,(812) 689-3534,,,"930 S Buckeye St, Osgood, IN 47037, United States",930 S Buckeye St,Osgood,IN,47037,4.5,66,Auto repair shop,,,https://www.google.com/maps/place/Carl%27s+Automotive+Center+Inc/data=!4m7!3m6!1s0x886a5d92d8b52d51:0x202fd77bc1b3eef6!8m2!3d39.1203968!4d-85.2854383!16s%2Fg%2F1thzvjrr!19sChIJUS212JJdaogR9u6zwXvXLyA?authuser=0&hl=en&rclk=1,auto repair shop,Dearborn County,county,IN,2026-07-27T18:06:19,0x886a5d92d8b52d51:0x202fd77bc1b3eef6
Dave's Autobody & Repair Inc,(812) 689-3534,,,"930 S Buckeye St, Osgood, IN 47037, United States",930 S Buckeye St,Osgood,IN,47037,4.0,9,Auto body shop,,,https://www.google.com/maps/place/Dave%27s+Autobody+%26+Repair+Inc/data=!4m7!3m6!1s0x886a5de997d9513b:0x1551f1b6f3c0d8f1!8m2!3d39.1205943!4d-85.2857863!16s%2Fg%2F1tdy5654!19sChIJO1HZl-ldaogR8djA87bxURU?authuser=0&hl=en&rclk=1,auto repair shop,Ripley County,county,IN,2026-07-28T01:03:07,0x886a5de997d9513b:0x1551f1b6f3c0d8f1
S&S Auto,,,,"321 W County Rd 600 N, Osgood, IN 47037, United States",321 W County Rd 600 N,Osgood,IN,47037,5.0,1,Auto repair shop,,,https://www.google.com/maps/place/S%26S+Auto/data=!4m7!3m6!1s0x886a610016a95fb1:0x29e0fc3d96d7ce5b!8m2!3d39.1611468!4d-85.2635073!16s%2Fg%2F11z4zjtl2m!19sChIJsV-pFgBhaogRW87Xlj384Ck?authuser=0&hl=en&rclk=1,auto repair shop,Ripley County,county,IN,2026-07-28T01:03:07,0x886a610016a95fb1:0x29e0fc3d96d7ce5b
Simon & Sons Tire,,,,"4177 W County Rd 350 N, Osgood, IN 47037, United States",4177 W County Rd 350 N,Osgood,IN,47037,5.0,3,Tire shop,,,https://www.google.com/maps/place/Simon+%26+Sons+Tire/data=!4m7!3m6!1s0x886a5d39a0cce2d1:0x58a9f01130578a14!8m2!3d39.1256529!4d-85.3363779!16s%2Fg%2F11g0zvl12y!19sChIJ0eLMoDldaogRFIpXMBHwqVg?authuser=0&hl=en&rclk=1,auto repair shop,Ripley County,county,IN,2026-07-28T01:03:07,0x886a5d39a0cce2d1:0x58a9f01130578a14
"Struckman Ford, Inc. Service",(812) 689-4200,,,"811 N Buckeye St, Osgood, IN 47037, United States",811 N Buckeye St,Osgood,IN,47037,,,Auto repair shop,,,"https://www.google.com/maps/place/Struckman+Ford,+Inc.+Service/data=!4m7!3m6!1s0x886a5d85f443bbd3:0x1906b9b800c38064!8m2!3d39.1363569!4d-85.2943525!16s%2Fg%2F11mk5qdx6d!19sChIJ07tD9IVdaogRZIDDALi5Bhk?authuser=0&hl=en&rclk=1",auto repair shop,Ripley County,county,IN,2026-07-28T01:03:07,0x886a5d85f443bbd3:0x1906b9b800c38064
Ti Automotive,,,,"6879 IN-1 #0, Ossian, IN 46777, United States",6879 IN-1 #0,Ossian,IN,46777,,,Auto repair shop,,,https://www.google.com/maps/place/Ti+Automotive/data=!4m7!3m6!1s0x8815933929015555:0x488d228e792f599e!8m2!3d40.8429564!4d-85.1659003!16s%2Fg%2F11fll6p3p2!19sChIJVVUBKTmTFYgRnlkveY4ijUg?authuser=0&hl=en&rclk=1,auto repair shop,Wells County,county,IN,2026-07-28T02:40:47,0x8815933929015555:0x488d228e792f599e
Goodyear Commercial Tire & Service Center,(765) 583-3323,http://www.goodyearctsc.com/,,"7695 S 1150 E, Otterbein, IN 47970, United States",7695 S 1150 E,Otterbein,IN,47970,4.6,85,Tire shop,,,https://www.google.com/maps/place/Goodyear+Commercial+Tire+%26+Service+Center/data=!4m7!3m6!1s0x8812f1208ba0f597:0x52033584c3c3873c!8m2!3d40.4948426!4d-87.1028159!16s%2Fg%2F1tj1spnz!19sChIJl_WgiyDxEogRPIfDw4Q1A1I?authuser=0&hl=en&rclk=1,auto repair shop,Benton County,county,IN,2026-07-27T16:21:16,0x8812f1208ba0f597:0x52033584c3c3873c
J&L AUTO SERVICE INC.,(270) 689-2298,,,"1024 W 4th St, Owensboro, KY 42301, United States",1024 W 4th St,Owensboro,KY,42301,5.0,5,Auto repair shop,,,https://www.google.com/maps/place/J%26L+AUTO+SERVICE+INC./data=!4m7!3m6!1s0x886fbb51525f2db7:0x826d5ba776517de!8m2!3d37.7717442!4d-87.1216929!16s%2Fg%2F11mlw0xxj7!19sChIJty1fUlG7b4gR3hdld7rVJgg?authuser=0&hl=en&rclk=1,auto repair shop,Daviess County,county,IN,2026-07-27T17:56:38,0x886fbb51525f2db7:0x826d5ba776517de
"Mattingly's Automotive Repair, Inc.",(270) 683-4251,http://mattinglysautomotiverepair.com/,,"2405 Veach Rd, Owensboro, KY 42303, United States",2405 Veach Rd,Owensboro,KY,42303,4.2,122,Truck repair shop,,,"https://www.google.com/maps/place/Mattingly%27s+Automotive+Repair,+Inc./data=!4m7!3m6!1s0x886fba8aa6741467:0x4569f519ab903ebc!8m2!3d37.7526386!4d-87.101686!16s%2Fg%2F1tgn5h4h!19sChIJZxR0poq6b4gRvD6Qqxn1aUU?authuser=0&hl=en&rclk=1",auto repair shop,Daviess County,county,IN,2026-07-27T17:56:38,0x886fba8aa6741467:0x4569f519ab903ebc
"R.C. Bratcher, Inc",(270) 684-5256,http://www.rcbratcher.com/,,"2386 Wind Haven Dr, Owensboro, KY 42303, United States",2386 Wind Haven Dr,Owensboro,KY,42303,4.7,39,Auto repair shop,,,"https://www.google.com/maps/place/R.C.+Bratcher,+Inc/data=!4m7!3m6!1s0x886fbaa2e5dcae07:0x6512483cb465906e!8m2!3d37.7653628!4d-87.0783396!16s%2Fg%2F1t_kh8jj!19sChIJB67c5aK6b4gRbpBltDxIEmU?authuser=0&hl=en&rclk=1",auto repair shop,Daviess County,county,IN,2026-07-27T17:56:38,0x886fbaa2e5dcae07:0x6512483cb465906e
GARY'S MOBILE AUTO REPAIR OF THE TREASURE COAST INC.,(772) 382-9794,,,"3246 SW Feroe Ave, Palm City, FL 34990, United States",3246 SW Feroe Ave,Palm City,FL,34990,4.7,37,Mechanic,,,https://www.google.com/maps/place/GARY%27S+MOBILE+AUTO+REPAIR+OF+THE+TREASURE+COAST+INC./data=!4m7!3m6!1s0x88dedda2296c4c79:0x9c761be6115af818!8m2!3d27.1652743!4d-80.2680914!16s%2Fg%2F11t6xpbbnp!19sChIJeUxsKaLd3ogRGPhaEeYbdpw?authuser=0&hl=en&rclk=1,auto repair shop,Martin County,county,IN,2026-07-27T22:32:29,0x88dedda2296c4c79:0x9c761be6115af818
Palm City GOODYEAR Tire & Service,(772) 324-9145,http://www.palmcitygoodyeartireandservice.com/,,"995 SW Martin Downs Blvd, Palm City, FL 34990, United States",995 SW Martin Downs Blvd,Palm City,FL,34990,4.6,234,Tire shop,,,https://www.google.com/maps/place/Palm+City+GOODYEAR+Tire+%26+Service/data=!4m7!3m6!1s0x88dedd2f7661ea2b:0xbd9a09edd74996a!8m2!3d27.1726424!4d-80.2666481!16s%2Fg%2F12647px47!19sChIJK-phdi_d3ogRapl03Z6g2Qs?authuser=0&hl=en&rclk=1,auto repair shop,Martin County,county,IN,2026-07-27T22:32:29,0x88dedd2f7661ea2b:0xbd9a09edd74996a
JT's #1 Auto Service,,,,"2656 Kings Dr NE, Palmyra, IN 47164, United States",2656 Kings Dr NE,Palmyra,IN,47164,,,Auto repair shop,,,https://www.google.com/maps/place/JT%27s+%231+Auto+Service/data=!4m7!3m6!1s0x8869456f9e159ffb:0x25ff488097ac7e07!8m2!3d38.4025279!4d-86.0769384!16s%2Fg%2F11scslqmhh!19sChIJ-58Vnm9FaYgRB36sl4BI_yU?authuser=0&hl=en&rclk=1,auto repair shop,Crawford County,county,IN,2026-07-27T17:48:00,0x8869456f9e159ffb:0x25ff488097ac7e07
MarkFoleys auto body and paint,,,,"12086 Buffalo Trace Rd, Palmyra, IN 47164, United States",12086 Buffalo Trace Rd,Palmyra,IN,47164,3.0,2,Auto machine shop,,,https://www.google.com/maps/place/MarkFoleys+auto+body+and+paint/data=!4m7!3m6!1s0x88694ff139a3bebd:0x8fa36edc5d9b7452!8m2!3d38.377455!4d-86.1291008!16s%2Fg%2F11lrzr5r4n!19sChIJvb6jOfFPaYgRUnSbXdxuo48?authuser=0&hl=en&rclk=1,auto repair shop,Crawford County,county,IN,2026-07-27T17:48:00,0x88694ff139a3bebd:0x8fa36edc5d9b7452
Mark's Garage,,http://www.marks-towing.com/,,"4801 W County Rd 240 S, Paoli, IN 47454, United States",4801 W County Rd 240 S,Paoli,IN,47454,4.5,28,Towing service,,,https://www.google.com/maps/place/Mark%27s+Garage/data=!4m7!3m6!1s0x886e9fb6f8b46d47:0xeb6f31148f34e37b!8m2!3d38.5263286!4d-86.5471656!16s%2Fg%2F1tdqj6xg!19sChIJR220-LafbogRe-M0jxQxb-s?authuser=0&hl=en&rclk=1,auto repair shop,Crawford County,county,IN,2026-07-27T17:48:00,0x886e9fb6f8b46d47:0xeb6f31148f34e37b
Sanchez Auto Inc,(217) 251-2288,,,"1811 Marshall St, Paris, IL 61944, United States",1811 Marshall St,Paris,IL,61944,5.0,25,Auto repair shop,,,https://www.google.com/maps/place/Sanchez+Auto+Inc/data=!4m7!3m6!1s0x8872995ed336f4cd:0x254948a6300a356d!8m2!3d39.5943989!4d-87.6935567!16s%2Fg%2F11w4jw46s_!19sChIJzfQ2016ZcogRbTUKMKZISSU?authuser=0&hl=en&rclk=1,auto repair shop,Spencer County,county,IN,2026-07-28T01:28:54,0x8872995ed336f4cd:0x254948a6300a356d
"Superior Coach Sales, Inc.",(765) 793-2451,https://www.superiorcoach.net/,,"116 W County Rd 1450 N, Perrysville, IN 47974, United States",116 W County Rd 1450 N,Perrysville,IN,47974,4.9,116,Tire shop,,,"https://www.google.com/maps/place/Superior+Coach+Sales,+Inc./data=!4m7!3m6!1s0x8812a8b88235a2b1:0xe89c10a7e3d4e8bc!8m2!3d40.097477!4d-87.473161!16s%2Fg%2F1td_c8p4!19sChIJsaI1grioEogRvOjU46cQnOg?authuser=0&hl=en&rclk=1",auto repair shop,Fountain County,county,IN,2026-07-27T19:11:18,0x8812a8b88235a2b1:0xe89c10a7e3d4e8bc
ChipMonkeys Inc.,(833) 432-4477,http://www.chipmonkeysinc.com/,,"116 Monroe Ave, Peru, IN 46970, United States",116 Monroe Ave,Peru,IN,46970,5.0,9,Car detailing service,,,https://www.google.com/maps/place/ChipMonkeys+Inc./data=!4m7!3m6!1s0x88146f9543aaa7a7:0xa046387ba0bc14e5!8m2!3d40.7687822!4d-86.0727744!16s%2Fg%2F11fl5q16dx!19sChIJp6eqQ5VvFIgR5RS8oHs4RqA?authuser=0&hl=en&rclk=1,auto repair shop,Miami County,county,IN,2026-07-27T22:44:26,0x88146f9543aaa7a7:0xa046387ba0bc14e5
Dillman Enterprises INC,(765) 722-7025,http://www.dillmantrucks.com/,,"3036 E 300 N, Peru, IN 46970, United States",3036 E 300 N,Peru,IN,46970,4.6,25,Truck dealer,,,https://www.google.com/maps/place/Dillman+Enterprises+INC/data=!4m7!3m6!1s0x88146eaa168fa62b:0xa9085453613dfee0!8m2!3d40.8087507!4d-86.0176922!16s%2Fg%2F1ptz098qz!19sChIJK6aPFqpuFIgR4P49YVNUCKk?authuser=0&hl=en&rclk=1,auto repair shop,Miami County,county,IN,2026-07-27T22:44:26,0x88146eaa168fa62b:0xa9085453613dfee0
NAPA Auto Parts - Peru Automotive Supply,(765) 473-5565,https://www.napaonline.com/en/IN/Peru/store/28220?cid=pl_jobber_google_dac_28220_ao,,"64 W Canal St, Peru, IN 46970, United States",64 W Canal St,Peru,IN,46970,4.3,84,Auto parts store,,,https://www.google.com/maps/place/NAPA+Auto+Parts+-+Peru+Automotive+Supply/data=!4m7!3m6!1s0x88146f95f65b1db7:0x7aedf3abdea875d2!8m2!3d40.7504669!4d-86.069343!16s%2Fg%2F1tk9rcg7!19sChIJtx1b9pVvFIgR0nWo3qvz7Xo?authuser=0&hl=en&rclk=1,auto repair shop,Miami County,county,IN,2026-07-27T22:44:26,0x88146f95f65b1db7:0x7aedf3abdea875d2
Olson Paint & Body Inc.,(765) 473-5358,,,"170 W Canal St, Peru, IN 46970, United States",170 W Canal St,Peru,IN,46970,4.7,47,Auto body shop,,,https://www.google.com/maps/place/Olson+Paint+%26+Body+Inc./data=!4m7!3m6!1s0x88146f953c205623:0xd1a7098f2d2b60c5!8m2!3d40.7490615!4d-86.0724639!16s%2Fg%2F1tkq_wc2!19sChIJI1YgPJVvFIgRxWArLY8Jp9E?authuser=0&hl=en&rclk=1,auto repair shop,Miami County,county,IN,2026-07-27T22:44:26,0x88146f953c205623:0xd1a7098f2d2b60c5
Peru Glass & Screen Inc,(765) 472-4670,,,"151 W Canal St, Peru, IN 46970, United States",151 W Canal St,Peru,IN,46970,4.4,71,Auto glass shop,,,https://www.google.com/maps/place/Peru+Glass+%26+Screen+Inc/data=!4m7!3m6!1s0x88146f95133f3fa1:0xa1773de7dd8f08f1!8m2!3d40.7489382!4d-86.071742!16s%2Fg%2F1tf1pfn0!19sChIJoT8_E5VvFIgR8QiP3ec9d6E?authuser=0&hl=en&rclk=1,auto repair shop,Miami County,county,IN,2026-07-27T22:44:26,0x88146f95133f3fa1:0xa1773de7dd8f08f1
JJ CHEVY GUY MUFFLER SHOP,,,,"403 White River Ave, Petersburg, IN 47567, United States",403 White River Ave,Petersburg,IN,47567,5.0,2,Muffler shop,,,https://www.google.com/maps/place/JJ+CHEVY+GUY+MUFFLER+SHOP/data=!4m7!3m6!1s0x886e0d0033273ac1:0x8ff499c7443365ec!8m2!3d38.4991068!4d-87.2830845!16s%2Fg%2F11ys_fqn7l!19sChIJwTonMwANbogR7GUzRMeZ9I8?authuser=0&hl=en&rclk=1,auto repair shop,Pike County,county,IN,2026-07-28T00:15:17,0x886e0d0033273ac1:0x8ff499c7443365ec
NAPA Auto Parts - Ficklin Auto Supply Inc,(812) 354-6000,https://www.napaonline.com/en/IN/Petersburg/store/39630?cid=pl_jobber_google_dac_39630_ao,,"1107 E Main St, Petersburg, IN 47567, United States",1107 E Main St,Petersburg,IN,47567,4.6,33,Auto parts store,,,https://www.google.com/maps/place/NAPA+Auto+Parts+-+Ficklin+Auto+Supply+Inc/data=!4m7!3m6!1s0x886e0dcf4997b405:0xe7ed748889521e6f!8m2!3d38.493233!4d-87.276486!16s%2Fg%2F11b6b5fwjx!19sChIJBbSXSc8NbogRbx5SiYh07ec?authuser=0&hl=en&rclk=1,auto repair shop,Pike County,county,IN,2026-07-28T00:15:17,0x886e0dcf4997b405:0xe7ed748889521e6f
Meineke Car Care Center,(317) 204-2288,https://www.meineke.com/locations/in/plainfield-2610/?utm_source=google&utm_medium=organic&utm_campaign=gbp_website,,"2575 E Main St, Plainfield, IN 46168, United States",2575 E Main St,Plainfield,IN,46168,4.4,640,Auto repair shop,,,https://www.google.com/maps/place/Meineke+Car+Care+Center/data=!4m7!3m6!1s0x886ca44bd475b911:0x28d9cb7d373d86b0!8m2!3d39.7140122!4d-86.359888!16s%2Fg%2F11bw62yg16!19sChIJEbl11EukbIgRsIY9N33L2Sg?authuser=0&hl=en&rclk=1,auto repair shop,Hendricks County,county,IN,2026-07-27T20:20:11,0x886ca44bd475b911:0x28d9cb7d373d86b0
Midas,(317) 279-4546,https://www.midas.com/store/in/plainfield/2608-east-main-street-46168/?shopnum=2219&utm_source=google&utm_medium=organic&utm_campaign=gbp,,"2608 E Main St, Plainfield, IN 46168, United States",2608 E Main St,Plainfield,IN,46168,4.4,584,Auto repair shop,,,https://www.google.com/maps/place/Midas/data=!4m7!3m6!1s0x886ca44ac27a32ed:0x86a2f4c72444b10!8m2!3d39.7173752!4d-86.3598189!16s%2Fg%2F1tm1r69_!19sChIJ7TJ6wkqkbIgREEtEckwvagg?authuser=0&hl=en&rclk=1,auto repair shop,Hendricks County,county,IN,2026-07-27T20:20:11,0x886ca44ac27a32ed:0x86a2f4c72444b10
R & M Automotive Inc.,(317) 837-5656,http://r-mautomotive.com/,,"2670 E Main St B, Plainfield, IN 46168, United States",2670 E Main St B,Plainfield,IN,46168,4.8,116,Auto repair shop,,,https://www.google.com/maps/place/R+%26+M+Automotive+Inc./data=!4m7!3m6!1s0x886ca5cb3aa66835:0xc2bb5867caef81e!8m2!3d39.7198207!4d-86.3561806!16s%2Fg%2F1tgff33k!19sChIJNWimOsulbIgRHviufIa1Kww?authuser=0&hl=en&rclk=1,auto repair shop,Hendricks County,county,IN,2026-07-27T20:20:11,0x886ca5cb3aa66835:0xc2bb5867caef81e
Hunter Body Shop & Auto Parts Inc.,(812) 986-2165,http://shelby47868.wixsite.com/hunterbodyshop,,"9877 Owl Hollow Rd, Poland, IN 47868, United States",9877 Owl Hollow Rd,Poland,IN,47868,4.1,13,Auto body shop,,,https://www.google.com/maps/place/Hunter+Body+Shop+%26+Auto+Parts+Inc./data=!4m7!3m6!1s0x886d02af5d88c073:0x314d6e722cbc0a41!8m2!3d39.435588!4d-86.908548!16s%2Fg%2F1thw2x4t!19sChIJc8CIXa8CbYgRQQq8LHJuTTE?authuser=0&hl=en&rclk=1,auto repair shop,Owen County,county,IN,2026-07-27T23:43:06,0x886d02af5d88c073:0x314d6e722cbc0a41
Smith's Garage & Trucking Inc,(260) 694-6611,,,"125 W Walnut St #0, Poneto, IN 46781, United States",125 W Walnut St #0,Poneto,IN,46781,4.7,14,Tire shop,,,https://www.google.com/maps/place/Smith%27s+Garage+%26+Trucking+Inc/data=!4m7!3m6!1s0x881599076d2173ff:0x2aaef692da7711f9!8m2!3d40.6568675!4d-85.2239689!16s%2Fg%2F1tf1pfq5!19sChIJ_3MhbQeZFYgR-RF32pL2rio?authuser=0&hl=en&rclk=1,auto repair shop,Jay County,county,IN,2026-07-27T20:44:38,0x881599076d2173ff:0x2aaef692da7711f9
Firestone Complete Auto Care,(219) 706-4742,https://www.firestonecompleteautocare.com/indiana/portage/5947-us-highway-6/?utm_source=google&utm_medium=organic&utm_campaign=localmaps&cmp=oloc_google_localmaps_maps,,"5947 US-6, Portage, IN 46368, United States",5947 US-6,Portage,IN,46368,3.8,255,Tire shop,,,https://www.google.com/maps/place/Firestone+Complete+Auto+Care/data=!4m7!3m6!1s0x8811951c43bedea9:0xe998e5f8c75b2677!8m2!3d41.5500335!4d-87.1844558!16s%2Fg%2F11q1k8nv6d!19sChIJqd6-QxyVEYgRdyZbx_jlmOk?authuser=0&hl=en&rclk=1,auto repair shop,Starke County,county,IN,2026-07-28T01:33:01,0x8811951c43bedea9:0xe998e5f8c75b2677
Greg Moser & Engineering Inc,(260) 726-6689,http://www.moserengineering.com/,,"102 E Performance Dr, Portland, IN 47371, United States",102 E Performance Dr,Portland,IN,47371,4.1,39,Auto parts manufacturer,,,https://www.google.com/maps/place/Greg+Moser+%26+Engineering+Inc/data=!4m7!3m6!1s0x88157e6fdb855ae5:0x3824eeb868b68fac!8m2!3d40.4547805!4d-84.9701309!16s%2Fg%2F1w6r8w_n!19sChIJ5VqF229-FYgRrI-2aLjuJDg?authuser=0&hl=en&rclk=1,auto repair shop,Jay County,county,IN,2026-07-27T20:44:38,0x88157e6fdb855ae5:0x3824eeb868b68fac
Norms Kustom Paint Auto Body Repair,,,,"1236 W Water St, Portland, IN 47371, United States",1236 W Water St,Portland,IN,47371,,,Auto repair shop,,,https://www.google.com/maps/place/Norms+Kustom+Paint+Auto+Body+Repair/data=!4m7!3m6!1s0x88157c3a52e7bd13:0xe6261e4aa3d0e1b5!8m2!3d40.4320963!4d-84.9946684!16s%2Fg%2F11l31rffy7!19sChIJE73nUjp8FYgRteHQo0oeJuY?authuser=0&hl=en&rclk=1,auto repair shop,Jay County,county,IN,2026-07-27T20:44:38,0x88157c3a52e7bd13:0xe6261e4aa3d0e1b5
"Superior Auto, Inc",(260) 726-8442,https://www.superior-auto.com/,,"1420 N Meridian St, Portland, IN 47371, United States",1420 N Meridian St,Portland,IN,47371,4.6,57,Used car dealer,,,"https://www.google.com/maps/place/Superior+Auto,+Inc/data=!4m7!3m6!1s0x88157e7f1388b68d:0x342fc98b533f32f7!8m2!3d40.4460492!4d-84.9785523!16s%2Fg%2F1tknl17s!19sChIJjbaIE39-FYgR9zI_U4vJLzQ?authuser=0&hl=en&rclk=1",auto repair shop,Jay County,county,IN,2026-07-27T20:44:38,0x88157e7f1388b68d:0x342fc98b533f32f7
Walmart Auto Care Center,(260) 726-3520,https://www.walmart.com/store/2388-portland-in/auto-care-center/?veh=seo_loc,,"950 W Votaw St, Portland, IN 47371, United States",950 W Votaw St,Portland,IN,47371,3.4,26,Oil change service,,,https://www.google.com/maps/place/Walmart+Auto+Care+Center/data=!4m7!3m6!1s0x88157c28ca33654d:0xbe3c13ee154cd387!8m2!3d40.4404112!4d-84.9917182!16s%2Fg%2F11xmzjj2l!19sChIJTWUzyih8FYgRh9NMFe4TPL4?authuser=0&hl=en&rclk=1,auto repair shop,Jay County,county,IN,2026-07-27T20:44:38,0x88157c28ca33654d:0xbe3c13ee154cd387
Williams Auto Parts Inc,(260) 726-8001,https://www.williamsautopartsinc.com/,,"1127 Detroit Ave, Portland, IN 47371, United States",1127 Detroit Ave,Portland,IN,47371,4.7,188,Salvage yard,,,https://www.google.com/maps/place/Williams+Auto+Parts+Inc/data=!4m7!3m6!1s0x88157db9d6bda67b:0xdf2407d72a714c78!8m2!3d40.4196929!4d-84.9708302!16s%2Fg%2F1tvgvywr!19sChIJe6a91rl9FYgReExxKtcHJN8?authuser=0&hl=en&rclk=1,auto repair shop,Jay County,county,IN,2026-07-27T20:44:38,0x88157db9d6bda67b:0xdf2407d72a714c78
Collins Body Shop Inc,(812) 874-2715,,,"120 S Cale St, Poseyville, IN 47633, United States",120 S Cale St,Poseyville,IN,47633,4.0,39,Auto body shop,,,https://www.google.com/maps/place/Collins+Body+Shop+Inc/data=!4m7!3m6!1s0x8871c686ecbbacbb:0x1f98835ab2ff8b41!8m2!3d38.1665536!4d-87.7829843!16s%2Fg%2F1tj5lxml!19sChIJu6y77IbGcYgRQYv_slqDmB8?authuser=0&hl=en&rclk=1,auto repair shop,Posey County,county,IN,2026-07-28T00:28:55,0x8871c686ecbbacbb:0x1f98835ab2ff8b41
D & A Towing llc.,,,,"229 W Pinkney St, Princeton, IN 47670, United States",229 W Pinkney St,Princeton,IN,47670,5.0,6,Towing service,,,https://www.google.com/maps/place/D+%26+A+Towing+llc./data=!4m7!3m6!1s0x8871e1ef8f96fe1b:0xf93d16f2e1cf0272!8m2!3d38.3495523!4d-87.5699024!16s%2Fg%2F11k5xfc95h!19sChIJG_6Wj-_hcYgRcgLP4fIWPfk?authuser=0&hl=en&rclk=1,auto repair shop,Gibson County,county,IN,2026-07-27T19:31:18,0x8871e1ef8f96fe1b:0xf93d16f2e1cf0272
Firestone,,https://www.firestonecompleteautocare.com/,,"1605 W Broadway St, Princeton, IN 47670, United States",1605 W Broadway St,Princeton,IN,47670,3.3,3,Tire shop,,,https://www.google.com/maps/place/Firestone/data=!4m7!3m6!1s0x8871e10d332dfdd7:0xf54f0966bfc21b7a!8m2!3d38.3550318!4d-87.5873485!16s%2Fg%2F11c1sk2m4_!19sChIJ1_0tMw3hcYgRehvCv2YJT_U?authuser=0&hl=en&rclk=1,auto repair shop,Gibson County,county,IN,2026-07-27T19:31:18,0x8871e10d332dfdd7:0xf54f0966bfc21b7a
INDOT-Princeton Maintenance Unit,,,,"IN-64, Princeton, IN 47670, United States",IN-64,Princeton,IN,47670,3.4,5,Car repair and maintenance service,,,https://www.google.com/maps/place/INDOT-Princeton+Maintenance+Unit/data=!4m7!3m6!1s0x8871e16b2e9e38e3:0xc7bafa06bffb2a25!8m2!3d38.3562162!4d-87.6107616!16s%2Fg%2F12633pjvw!19sChIJ4zieLmvhcYgRJSr7vwb6usc?authuser=0&hl=en&rclk=1,auto repair shop,Gibson County,county,IN,2026-07-27T19:31:18,0x8871e16b2e9e38e3:0xc7bafa06bffb2a25
NAPA Auto Parts - Quality Automotive Distributors Corp,(812) 385-2500,https://www.napaonline.com/en/IN/Princeton/store/26378?cid=pl_jobber_google_dac_26378_ao,,"1504 W Broadway St, Princeton, IN 47670, United States",1504 W Broadway St,Princeton,IN,47670,4.4,50,Auto parts store,,,https://www.google.com/maps/place/NAPA+Auto+Parts+-+Quality+Automotive+Distributors+Corp/data=!4m7!3m6!1s0x8871e17345525517:0x5a00db856916c54f!8m2!3d38.3560091!4d-87.5848089!16s%2Fg%2F1tf7hdzr!19sChIJF1VSRXPhcYgRT8UWaYXbAFo?authuser=0&hl=en&rclk=1,auto repair shop,Gibson County,county,IN,2026-07-27T19:31:18,0x8871e17345525517:0x5a00db856916c54f
Walmart Auto Care Center,(812) 386-6680,https://www.walmart.com/store/1783-princeton-in/auto-care-center/?veh=seo_loc,,"2700 W Broadway St, Princeton, IN 47670, United States",2700 W Broadway St,Princeton,IN,47670,3.8,107,Oil change service,,,https://www.google.com/maps/place/Walmart+Auto+Care+Center/data=!4m7!3m6!1s0x8871e14728e1ccad:0x41c12b3b08fa0ac8!8m2!3d38.3581767!4d-87.6038278!16s%2Fg%2F1hc1f7l9r!19sChIJrczhKEfhcYgRyAr6CDsrwUE?authuser=0&hl=en&rclk=1,auto repair shop,Gibson County,county,IN,2026-07-27T19:31:18,0x8871e14728e1ccad:0x41c12b3b08fa0ac8
Wash N Go Inc,(812) 385-3224,,,"1252 W Broadway St, Princeton, IN 47670, United States",1252 W Broadway St,Princeton,IN,47670,4.0,111,Car wash,,,https://www.google.com/maps/place/Wash+N+Go+Inc/data=!4m7!3m6!1s0x8871e1752f3250cd:0xf7d8c1a8233588ce!8m2!3d38.3558454!4d-87.5817566!16s%2Fg%2F1tdgql12!19sChIJzVAyL3XhcYgRzog1I6jB2Pc?authuser=0&hl=en&rclk=1,auto repair shop,Gibson County,county,IN,2026-07-27T19:31:18,0x8871e1752f3250cd:0xf7d8c1a8233588ce
BJ's AUTO & DIESEL Repair,,,,"Robinson Rd, Pulaski, TN 38478, United States",Robinson Rd,Pulaski,TN,38478,5.0,4,Auto repair shop,,,https://www.google.com/maps/place/BJ%27s+AUTO+%26+DIESEL+Repair/data=!4m7!3m6!1s0x88630747967d05a9:0x1cbe3961c9d967ae!8m2!3d35.2764328!4d-86.9212349!16s%2Fg%2F11vkz369lv!19sChIJqQV9lkcHY4gRrmfZyWE5vhw?authuser=0&hl=en&rclk=1,auto repair shop,Pulaski County,county,IN,2026-07-28T00:39:32,0x88630747967d05a9:0x1cbe3961c9d967ae
McKay Service Center Inc.,(931) 363-3516,,,"435 N 1st St, Pulaski, TN 38478, United States",435 N 1st St,Pulaski,TN,38478,4.4,188,Tire shop,,,https://www.google.com/maps/place/McKay+Service+Center+Inc./data=!4m7!3m6!1s0x886302f3a6999645:0x421a70274d482459!8m2!3d35.203182!4d-87.02904!16s%2Fg%2F1trxffc5!19sChIJRZaZpvMCY4gRWSRITSdwGkI?authuser=0&hl=en&rclk=1,auto repair shop,Pulaski County,county,IN,2026-07-28T00:39:32,0x886302f3a6999645:0x421a70274d482459
Majestic Auto Body,,,,"10379 State Rd 142, Quincy, IN 47456, United States",10379 State Rd 142,Quincy,IN,47456,,,Auto body shop,,,https://www.google.com/maps/place/Majestic+Auto+Body/data=!4m7!3m6!1s0x886cebc005ce488b:0x50f9539ea81da9ad!8m2!3d39.5212339!4d-86.6210288!16s%2Fg%2F11vc8m0d2v!19sChIJi0jOBcDrbIgRrakdqJ5T-VA?authuser=0&hl=en&rclk=1,auto repair shop,Morgan County,county,IN,2026-07-27T23:03:34,0x886cebc005ce488b:0x50f9539ea81da9ad
Beach Automotive Services Inc.,(765) 966-8181,https://www.beach-auto.com/,,"110 E Main St, Richmond, IN 47374, United States",110 E Main St,Richmond,IN,47374,4.4,70,Auto repair shop,,,https://www.google.com/maps/place/Beach+Automotive+Services+Inc./data=!4m7!3m6!1s0x88400055425533e9:0xd298742ef7b0f7cb!8m2!3d39.8294491!4d-84.8992935!16s%2Fg%2F1thx4q_q!19sChIJ6TNVQlUAQIgRy_ew9y50mNI?authuser=0&hl=en&rclk=1,auto repair shop,Wayne County,county,IN,2026-07-28T02:27:59,0x88400055425533e9:0xd298742ef7b0f7cb
Cates Auto Service Inc,(765) 966-1502,https://www.catesautoservice.com/,,"1215 S Q St, Richmond, IN 47374, United States",1215 S Q St,Richmond,IN,47374,4.5,195,Auto repair shop,,,https://www.google.com/maps/place/Cates+Auto+Service+Inc/data=!4m7!3m6!1s0x8840016d276718af:0xea46bf9ab2d2fb1d!8m2!3d39.8065487!4d-84.8855317!16s%2Fg%2F1vlk277s!19sChIJrxhnJ20BQIgRHfvSspq_Ruo?authuser=0&hl=en&rclk=1,auto repair shop,Wayne County,county,IN,2026-07-28T02:27:59,0x8840016d276718af:0xea46bf9ab2d2fb1d
"Dustin's Auto Repair, Inc.",,,,"30 S 12th St, Richmond, IN 47374, United States",30 S 12th St,Richmond,IN,47374,4.7,13,Auto body shop,,,"https://www.google.com/maps/place/Dustin%27s+Auto+Repair,+Inc./data=!4m7!3m6!1s0x884001a5af3cddb9:0xc82cff428f0376d5!8m2!3d39.8283424!4d-84.886444!16s%2Fg%2F11p72k5115!19sChIJud08r6UBQIgR1XYDj0L_LMg?authuser=0&hl=en&rclk=1",auto repair shop,Wayne County,county,IN,2026-07-28T02:27:59,0x884001a5af3cddb9:0xc82cff428f0376d5
Knuckle Busters Automotive Repair Inc.,(765) 488-1470,https://www.knucklebustersautomotive.com/,,"715 Sim Hodgin Pkwy, Richmond, IN 47374, United States",715 Sim Hodgin Pkwy,Richmond,IN,47374,4.5,155,Auto machine shop,,,https://www.google.com/maps/place/Knuckle+Busters+Automotive+Repair+Inc./data=!4m7!3m6!1s0x884000f9f22ab3f5:0xf09235f8bc00af01!8m2!3d39.8376193!4d-84.8938543!16s%2Fg%2F1ptypy859!19sChIJ9bMq8vkAQIgRAa8AvPg1kvA?authuser=0&hl=en&rclk=1,auto repair shop,Wayne County,county,IN,2026-07-28T02:27:59,0x884000f9f22ab3f5:0xf09235f8bc00af01
Slocum's Auto,,,,"919 County Rd 790 N, Ridgeville, IN 47380, United States",919 County Rd 790 N,Ridgeville,IN,47380,4.2,5,Auto repair shop,,,https://www.google.com/maps/place/Slocum%27s+Auto/data=!4m7!3m6!1s0x8815613fe99a7f61:0xac0d742abffa9f6!8m2!3d40.2799079!4d-84.9943119!16s%2Fg%2F11sj4r7l7l!19sChIJYX-a6T9hFYgR9qn_q0LXwAo?authuser=0&hl=en&rclk=1,auto repair shop,Randolph County,county,IN,2026-07-28T00:52:17,0x8815613fe99a7f61:0xac0d742abffa9f6
BLB Truck & Service,,,,"1342 N Lucas St, Rochester, IN 46975, United States",1342 N Lucas St,Rochester,IN,46975,5.0,8,Truck repair shop,,,https://www.google.com/maps/place/BLB+Truck+%26+Service/data=!4m7!3m6!1s0x881407076053b443:0xde5477b15b0af95c!8m2!3d41.074088!4d-86.2062169!16s%2Fg%2F11sqkdjn8q!19sChIJQ7RTYAcHFIgRXPkKW7F3VN4?authuser=0&hl=en&rclk=1,auto repair shop,Fulton County,county,IN,2026-07-27T19:20:34,0x881407076053b443:0xde5477b15b0af95c
Miller's Service Center Inc,(574) 223-3214,,,"1701 Main St, Rochester, IN 46975, United States",1701 Main St,Rochester,IN,46975,5.0,3,Auto repair shop,,,https://www.google.com/maps/place/Miller%27s+Service+Center+Inc/data=!4m7!3m6!1s0x8814087fb4319bf9:0x51ef0aca2eb798a4!8m2!3d41.0554974!4d-86.2171548!16s%2Fg%2F1vg6vbh0!19sChIJ-ZsxtH8IFIgRpJi3LsoK71E?authuser=0&hl=en&rclk=1,auto repair shop,Fulton County,county,IN,2026-07-27T19:20:34,0x8814087fb4319bf9:0x51ef0aca2eb798a4
"Best Auto Repair & Service, Inc",(240) 403-0110,https://bestauto.fmindweb.com/,,"15557 Frederick Rd, Rockville, MD 20855, United States",15557 Frederick Rd,Rockville,MD,20855,4.5,57,Auto repair shop,,,"https://www.google.com/maps/place/Best+Auto+Repair+%26+Service,+Inc/data=!4m7!3m6!1s0x89b7cc28441e9fe1:0xb2a7f2df301a5752!8m2!3d39.111819!4d-77.159942!16s%2Fg%2F1ty754j_!19sChIJ4Z8eRCjMt4kRUlcaMN_yp7I?authuser=0&hl=en&rclk=1",auto repair shop,Montgomery County,county,IN,2026-07-27T22:53:53,0x89b7cc28441e9fe1:0xb2a7f2df301a5752
Grunt Force Auto,,,,"220 S Lincoln Rd, Rockville, IN 47872, United States",220 S Lincoln Rd,Rockville,IN,47872,5.0,2,Repair service,,,https://www.google.com/maps/place/Grunt+Force+Auto/data=!4m7!3m6!1s0x886d474f2c070edb:0x5e9ee9ea105b5d86!8m2!3d39.7606353!4d-87.2365996!16s%2Fg%2F11mdkv6ys7!19sChIJ2w4HLE9HbYgRhl1bEOrpnl4?authuser=0&hl=en&rclk=1,auto repair shop,Parke County,county,IN,2026-07-27T23:54:28,0x886d474f2c070edb:0x5e9ee9ea105b5d86
"Mecca Auto Salvage & Recycling, Inc.",(765) 569-6520,http://www.meccaautosalvage.com/,,"4491 Mecca Rd, Rockville, IN 47872, United States",4491 Mecca Rd,Rockville,IN,47872,4.4,127,Salvage yard,,,"https://www.google.com/maps/place/Mecca+Auto+Salvage+%26+Recycling,+Inc./data=!4m7!3m6!1s0x886d444719939ae1:0x60ee578994c64357!8m2!3d39.7309294!4d-87.3232782!16s%2Fg%2F1v6p9ln4!19sChIJ4ZqTGUdEbYgRV0PGlIlX7mA?authuser=0&hl=en&rclk=1",auto repair shop,Parke County,county,IN,2026-07-27T23:54:28,0x886d444719939ae1:0x60ee578994c64357
NAPA Auto Parts - B H K Auto Parts,(765) 569-2011,https://www.napaonline.com/en/IN/Rockville/store/26774?cid=pl_jobber_google_dac_26774_ao,,"115 S Lincoln Rd, Rockville, IN 47872, United States",115 S Lincoln Rd,Rockville,IN,47872,4.5,49,Auto parts store,,,https://www.google.com/maps/place/NAPA+Auto+Parts+-+B+H+K+Auto+Parts/data=!4m7!3m6!1s0x886d47936d75da6d:0xe725cef595a8888a!8m2!3d39.761466!4d-87.235825!16s%2Fg%2F1td_zbpf!19sChIJbdp1bZNHbYgRioiolfXOJec?authuser=0&hl=en&rclk=1,auto repair shop,Parke County,county,IN,2026-07-27T23:54:28,0x886d47936d75da6d:0xe725cef595a8888a
Credence Automotive Repair,,http://www.credenceautomotiverepair.com/,,"3010 W Walnut St, Rogers, AR 72756, United States",3010 W Walnut St,Rogers,AR,72756,4.7,84,Car repair and maintenance service,,,https://www.google.com/maps/place/Credence+Automotive+Repair/data=!4m7!3m6!1s0x87c9116b819733ed:0xa580ade0c1974f2!8m2!3d36.334117!4d-94.1658023!16s%2Fg%2F11h2fqzs1r!19sChIJ7TOXgWsRyYcR8nQZDN4KWAo?authuser=0&hl=en&rclk=1,auto repair shop,Fayette County,county,IN,2026-07-27T18:57:36,0x87c9116b819733ed:0xa580ade0c1974f2
Wyrick Auto,,,,"9650 N Stuthard St, Rosedale, IN 47874, United States",9650 N Stuthard St,Rosedale,IN,47874,4.3,19,Auto repair shop,,,https://www.google.com/maps/place/Wyrick+Auto/data=!4m7!3m6!1s0x886d6b002a83eb3b:0x99a2a4e29299691e!8m2!3d39.5821234!4d-87.2674821!16s%2Fg%2F11w3nb881n!19sChIJO-uDKgBrbYgRHmmZkuKkopk?authuser=0&hl=en&rclk=1,auto repair shop,Parke County,county,IN,2026-07-27T23:54:28,0x886d6b002a83eb3b:0x99a2a4e29299691e
Lake County Mechanic on Duty. Ltd,(847) 770-7300,https://www.facebook.com/johnlunamechanic/,,"17 W Hawthorne Dr, Round Lake Beach, IL 60073, United States",17 W Hawthorne Dr,Round Lake Beach,IL,60073,4.3,15,Mechanic,,,https://www.google.com/maps/place/Lake+County+Mechanic+on+Duty.+Ltd/data=!4m7!3m6!1s0x880f9ca97198947f:0x6b26bad8cbeccc47!8m2!3d42.374172!4d-88.0836272!16s%2Fg%2F11fxdn6x9m!19sChIJf5SYcamcD4gRR8zsy9i6Jms?authuser=0&hl=en&rclk=1,auto repair shop,Lake County,county,IN,2026-07-27T21:42:57,0x880f9ca97198947f:0x6b26bad8cbeccc47
Bryans Auto Rebuilders,,,,"126 N Marker St, Royal Center, IN 46978, United States",126 N Marker St,Royal Center,IN,46978,,,Auto repair shop,,,https://www.google.com/maps/place/Bryans+Auto+Rebuilders/data=!4m7!3m6!1s0x88139500688a7565:0xad88452950551adc!8m2!3d40.8662173!4d-86.5038!16s%2Fg%2F11wj3tbdp1!19sChIJZXWKaACVE4gR3BpVUClFiK0?authuser=0&hl=en&rclk=1,auto repair shop,Cass County,county,IN,2026-07-27T17:10:14,0x88139500688a7565:0xad88452950551adc
Automotive Specialists Inc,(765) 932-2886,https://www.autospec.us/,,"102 W 16th St, Rushville, IN 46173, United States",102 W 16th St,Rushville,IN,46173,4.9,73,Auto repair shop,,,https://www.google.com/maps/place/Automotive+Specialists+Inc/data=!4m7!3m6!1s0x886adcb7ccb44b7b:0xd2c918ea70b795d9!8m2!3d39.6257305!4d-85.4458297!16s%2Fg%2F1twy_8_3!19sChIJe0u0zLfcaogR2ZW3cOoYydI?authuser=0&hl=en&rclk=1,auto repair shop,Rush County,county,IN,2026-07-28T01:04:48,0x886adcb7ccb44b7b:0xd2c918ea70b795d9
Manley Automotive,,,,"4635 County Rd S 500 W, Russiaville, IN 46979, United States",4635 County Rd S 500 W,Russiaville,IN,46979,3.0,1,Auto repair shop,,,https://www.google.com/maps/place/Manley+Automotive/data=!4m7!3m6!1s0x88149d2cf2f174a3:0x9d6729ddbfa2f07!8m2!3d40.408462!4d-86.2223322!16s%2Fg%2F11hd23t360!19sChIJo3Tx8iydFIgRBy_6251y1gk?authuser=0&hl=en&rclk=1,auto repair shop,White County,county,IN,2026-07-28T02:46:41,0x88149d2cf2f174a3:0x9d6729ddbfa2f07
Hidden Crown Motor Club,,,,"8260 N Brooks Ln, Scipio, IN 47273, United States",8260 N Brooks Ln,Scipio,IN,47273,,,Auto repair shop,,,https://www.google.com/maps/place/Hidden+Crown+Motor+Club/data=!4m7!3m6!1s0x886baf0000f8abfb:0x8f559b175aac6878!8m2!3d39.1050826!4d-85.7391062!16s%2Fg%2F11ntdrvzpg!19sChIJ-6v4AACva4gReGisWhebVY8?authuser=0&hl=en&rclk=1,auto repair shop,Jennings County,county,IN,2026-07-27T21:03:16,0x886baf0000f8abfb:0x8f559b175aac6878
"Scott County Auto Center, Inc.",(812) 752-5177,http://scottcountyautocenter.com/,,"606 IN-56, Scottsburg, IN 47170, United States",606 IN-56,Scottsburg,IN,47170,4.7,77,Auto body shop,,,"https://www.google.com/maps/place/Scott+County+Auto+Center,+Inc./data=!4m7!3m6!1s0x886bd09e8cfb693d:0xb788cf0d28195eeb!8m2!3d38.6854814!4d-85.7637967!16s%2Fg%2F1tdqc9sc!19sChIJPWn7jJ7Qa4gR614ZKA3PiLc?authuser=0&hl=en&rclk=1",auto repair shop,Scott County,county,IN,2026-07-28T01:16:11,0x886bd09e8cfb693d:0xb788cf0d28195eeb
"TC Auto and Performance, INC",(812) 752-1114,http://www.tcautoandperformance.com/,,"3033 S U.S. Hwy 31, Scottsburg, IN 47170, United States",3033 S U.S. Hwy 31,Scottsburg,IN,47170,4.8,470,Auto repair shop,,,"https://www.google.com/maps/place/TC+Auto+and+Performance,+INC/data=!4m7!3m6!1s0x886bdb1cefabfa09:0x6f9f63e2a2360910!8m2!3d38.6481715!4d-85.7743979!16s%2Fg%2F11bwfj6wlm!19sChIJCfqr7xzba4gREAk2ouJjn28?authuser=0&hl=en&rclk=1",auto repair shop,Scott County,county,IN,2026-07-28T01:16:11,0x886bdb1cefabfa09:0x6f9f63e2a2360910
TDS REPAIRS,,,,"1604 Machine Ln, Scottsburg, IN 47170, United States",1604 Machine Ln,Scottsburg,IN,47170,4.3,3,Auto repair shop,,,https://www.google.com/maps/place/TDS+REPAIRS/data=!4m7!3m6!1s0x886bd740774b5993:0xeadf4e4a0126c8bb!8m2!3d38.6407096!4d-85.7457742!16s%2Fg%2F11f3mb9k71!19sChIJk1lLd0DXa4gRu8gmAUpO3-o?authuser=0&hl=en&rclk=1,auto repair shop,Scott County,county,IN,2026-07-28T01:16:11,0x886bd740774b5993:0xeadf4e4a0126c8bb
Walmart Auto Care Center,(812) 752-7786,https://www.walmart.com/store/1142-scottsburg-in/auto-care-center/?veh=seo_loc,,"1618 W McClain Ave, Scottsburg, IN 47170, United States",1618 W McClain Ave,Scottsburg,IN,47170,3.6,88,Oil change service,,,https://www.google.com/maps/place/Walmart+Auto+Care+Center/data=!4m7!3m6!1s0x886bda467a9d5765:0x972c9e9caa71c34b!8m2!3d38.687805!4d-85.7956529!16s%2Fg%2F1tj_5zy_!19sChIJZVedekbaa4gRS8NxqpyeLJc?authuser=0&hl=en&rclk=1,auto repair shop,Scott County,county,IN,2026-07-28T01:16:11,0x886bda467a9d5765:0x972c9e9caa71c34b
"Jim O'Neal Ford, Inc. Service",(812) 246-4441,https://www.jimonealford.com/,,"516 S Indiana Ave, Sellersburg, IN 47172, United States",516 S Indiana Ave,Sellersburg,IN,47172,4.9,23,Auto repair shop,,,"https://www.google.com/maps/place/Jim+O%27Neal+Ford,+Inc.+Service/data=!4m7!3m6!1s0x886971ba9bbd9ecd:0x5b40a34f7fd664a7!8m2!3d38.3929139!4d-85.7572911!16s%2Fg%2F11qqcz_j_g!19sChIJzZ69m7pxaYgRp2TWf0-jQFs?authuser=0&hl=en&rclk=1",auto repair shop,Clark County,county,IN,2026-07-27T17:19:52,0x886971ba9bbd9ecd:0x5b40a34f7fd664a7
LS Automotive,,,,"600 S Albany St, Selma, IN 47383, United States",600 S Albany St,Selma,IN,47383,5.0,2,Auto repair shop,,,https://www.google.com/maps/place/LS+Automotive/data=!4m7!3m6!1s0x8815416d10f35047:0x2cd39a611248bee4!8m2!3d40.1884841!4d-85.2681351!16s%2Fg%2F11w3dzlzgn!19sChIJR1DzEG1BFYgR5L5IEmGa0yw?authuser=0&hl=en&rclk=1,auto repair shop,Randolph County,county,IN,2026-07-28T00:52:17,0x8815416d10f35047:0x2cd39a611248bee4
31 Diesel Truck and Wrecker Service Inc.,(812) 445-3242,https://www.31wrecker.com/,,"11012 County Rd 800 N, Seymour, IN 47274, United States",11012 County Rd 800 N,Seymour,IN,47274,4.2,75,Towing service,,,https://www.google.com/maps/place/31+Diesel+Truck+and+Wrecker+Service+Inc./data=!4m7!3m6!1s0x886bbb0bd9c2bdc3:0xea077d6688745093!8m2!3d38.9983024!4d-85.8340225!16s%2Fg%2F11hytjt42n!19sChIJw73C2Qu7a4gRk1B0iGZ9B-o?authuser=0&hl=en&rclk=1,auto repair shop,Jennings County,county,IN,2026-07-27T21:03:16,0x886bbb0bd9c2bdc3:0xea077d6688745093
Goodwin's Auto Inc.,(463) 235-8243,https://www.facebook.com/profile.php?id=61570374947234&mibextid=ZbWKwL,,"861 West Washington St, Shelbyville, IN 46176, United States",861 West Washington St,Shelbyville,IN,46176,5.0,2,Auto repair shop,,,https://www.google.com/maps/place/Goodwin%27s+Auto+Inc./data=!4m7!3m6!1s0x886b179e41529df1:0x794563fc13523505!8m2!3d39.5213555!4d-85.793071!16s%2Fg%2F11wthfpvxz!19sChIJ8Z1SQZ4Xa4gRBTVSE_xjRXk?authuser=0&hl=en&rclk=1,auto repair shop,Shelby County,county,IN,2026-07-28T01:23:06,0x886b179e41529df1:0x794563fc13523505
Goodyear Auto Service,(317) 398-6657,https://www.goodyear.com/en-us/goodyearautoservice,,"714 S Harrison St, Shelbyville, IN 46176, United States",714 S Harrison St,Shelbyville,IN,46176,4.5,135,Tire shop,,,https://www.google.com/maps/place/Goodyear+Auto+Service/data=!4m7!3m6!1s0x886b1765ffe081bf:0x509917d374076876!8m2!3d39.5185319!4d-85.7765169!16s%2Fg%2F1tkjlyp9!19sChIJv4Hg_2UXa4gRdmgHdNMXmVA?authuser=0&hl=en&rclk=1,auto repair shop,Johnson County,county,IN,2026-07-27T21:10:42,0x886b1765ffe081bf:0x509917d374076876
"Hubler Ford Center, Inc. Service",(317) 392-2557,https://www.hublerford.net/,,"2605 IN-130 #44, Shelbyville, IN 46176, United States",2605 IN-130 #44,Shelbyville,IN,46176,3.7,6,Auto repair shop,,,"https://www.google.com/maps/place/Hubler+Ford+Center,+Inc.+Service/data=!4m7!3m6!1s0x886b19b125127ff3:0xb9dc20808197272e!8m2!3d39.5246315!4d-85.7383815!16s%2Fg%2F11qqc_h0k_!19sChIJ838SJbEZa4gRLieXgYAg3Lk?authuser=0&hl=en&rclk=1",auto repair shop,Shelby County,county,IN,2026-07-28T01:23:06,0x886b19b125127ff3:0xb9dc20808197272e
LMR Tires,,https://www.lmrtires.com/,,"44 4th St, Shelbyville, IN 46176, United States",44 4th St,Shelbyville,IN,46176,,,Tire shop,,,https://www.google.com/maps/place/LMR+Tires/data=!4m7!3m6!1s0x886b1718f1e276df:0x623a3e9397b1c614!8m2!3d39.5140272!4d-85.7761556!16s%2Fg%2F11vrf0gz49!19sChIJ33bi8RgXa4gRFMaxl5M-OmI?authuser=0&hl=en&rclk=1,auto repair shop,Shelby County,county,IN,2026-07-28T01:23:06,0x886b1718f1e276df:0x623a3e9397b1c614
"Lester's Body Shop, Inc.",(317) 398-8549,https://localplacesguide.com/places/indiana/shelbyville/auto-body-shop/lesters-body-shop-inc/,,"500 S Noble St, Shelbyville, IN 46176, United States",500 S Noble St,Shelbyville,IN,46176,4.1,85,Auto body shop,,,"https://www.google.com/maps/place/Lester%27s+Body+Shop,+Inc./data=!4m7!3m6!1s0x886b1764650c8fc1:0x5bcc3e1a532f03cc!8m2!3d39.5204049!4d-85.772318!16s%2Fg%2F1tpn39gt!19sChIJwY8MZWQXa4gRzAMvUxo-zFs?authuser=0&hl=en&rclk=1",auto repair shop,Shelby County,county,IN,2026-07-28T01:23:06,0x886b1764650c8fc1:0x5bcc3e1a532f03cc
Meineke Car Care Center,(317) 983-6447,https://www.meineke.com/locations/in/shelbyville-2975/?utm_source=google&utm_medium=organic&utm_campaign=gbp_website,,"1303 S Harrison St, Shelbyville, IN 46176, United States",1303 S Harrison St,Shelbyville,IN,46176,4.4,170,Auto repair shop,,,https://www.google.com/maps/place/Meineke+Car+Care+Center/data=!4m7!3m6!1s0x886b1710d09c8c0d:0xd3e50892969fa10e!8m2!3d39.5132294!4d-85.774734!16s%2Fg%2F11vr97xwqg!19sChIJDYyc0BAXa4gRDqGflpII5dM?authuser=0&hl=en&rclk=1,auto repair shop,Shelby County,county,IN,2026-07-28T01:23:06,0x886b1710d09c8c0d:0xd3e50892969fa10e
Midas,(317) 395-3049,https://www.midas.com/store/in/shelbyville/1611-e-state-road-44-46176/?shopnum=2194&utm_source=google&utm_medium=organic&utm_campaign=gbp,,"1611 East Dr #44, Shelbyville, IN 46176, United States",1611 East Dr #44,Shelbyville,IN,46176,4.5,437,Auto repair shop,,,https://www.google.com/maps/place/Midas/data=!4m7!3m6!1s0x886b19c44ffc0aa3:0x55ac8611b9e9062b!8m2!3d39.5195699!4d-85.7531222!16s%2Fg%2F1tfgkkhy!19sChIJowr8T8QZa4gRKwbpuRGGrFU?authuser=0&hl=en&rclk=1,auto repair shop,Shelby County,county,IN,2026-07-28T01:23:06,0x886b19c44ffc0aa3:0x55ac8611b9e9062b
"National Automotive Lines, Inc.",(800) 428-4300,http://blueriversupply.com/,,"38 W Franklin St, Shelbyville, IN 46176, United States",38 W Franklin St,Shelbyville,IN,46176,4.2,19,Auto parts store,,,"https://www.google.com/maps/place/National+Automotive+Lines,+Inc./data=!4m7!3m6!1s0x886b177042f70a6b:0x54290bf0020415f1!8m2!3d39.5254909!4d-85.7783969!16s%2Fg%2F1v7pz6nx!19sChIJawr3QnAXa4gR8RUEAvALKVQ?authuser=0&hl=en&rclk=1",auto repair shop,Shelby County,county,IN,2026-07-28T01:23:06,0x886b177042f70a6b:0x54290bf0020415f1
Pilkington North America Inc,(317) 392-7000,https://www.pilkington.com/en/us,,"300 Northridge Dr, Shelbyville, IN 46176, United States",300 Northridge Dr,Shelbyville,IN,46176,4.1,93,Glass manufacturer,,,https://www.google.com/maps/place/Pilkington+North+America+Inc/data=!4m7!3m6!1s0x886b17bc67b48c1d:0x58b30222cb2fad9e!8m2!3d39.5480499!4d-85.7912139!16s%2Fg%2F1wzt33b3!19sChIJHYy0Z7wXa4gRnq0vyyICs1g?authuser=0&hl=en&rclk=1,auto repair shop,Shelby County,county,IN,2026-07-28T01:23:06,0x886b17bc67b48c1d:0x58b30222cb2fad9e
Solenberg & Smith Performance Cycle,,,,"3230 S 550 W, Shelbyville, IN 46176, United States",3230 S 550 W,Shelbyville,IN,46176,4.0,8,Motorcycle repair shop,,,https://www.google.com/maps/place/Solenberg+%26+Smith+Performance+Cycle/data=!4m7!3m6!1s0x886b13000c124bc1:0x1c6e0bdc97a1a25b!8m2!3d39.476464!4d-85.881558!16s%2Fg%2F11vzsktdqb!19sChIJwUsSDAATa4gRW6Khl9wLbhw?authuser=0&hl=en&rclk=1,auto repair shop,Shelby County,county,IN,2026-07-28T01:23:06,0x886b13000c124bc1:0x1c6e0bdc97a1a25b
Valvoline Instant Oil Change,(463) 766-0010,https://store.vioc.com/in/shelbyville/1641-e-state-road-44?utm_source=google&utm_medium=local&utm_campaign=localsearch,,"1641 East Dr #44, Shelbyville, IN 46176, United States",1641 East Dr #44,Shelbyville,IN,46176,4.8,291,Oil change service,,,https://www.google.com/maps/place/Valvoline+Instant+Oil+Change/data=!4m7!3m6!1s0x886b19422c476679:0x313032782695f16b!8m2!3d39.52002!4d-85.75067!16s%2Fg%2F11vm9ftdtl!19sChIJeWZHLEIZa4gRa_GVJngyMDE?authuser=0&hl=en&rclk=1,auto repair shop,Shelby County,county,IN,2026-07-28T01:23:06,0x886b19422c476679:0x313032782695f16b
Walmart Auto Care Center,(317) 398-7119,https://www.walmart.com/store/884-shelbyville-in/auto-care-center/?veh=seo_loc,,"2500 Progress Pkwy, Shelbyville, IN 46176, United States",2500 Progress Pkwy,Shelbyville,IN,46176,3.3,90,Oil change service,,,https://www.google.com/maps/place/Walmart+Auto+Care+Center/data=!4m7!3m6!1s0x886b19c3a3ae41f5:0xe942cc70c1f4d8f5!8m2!3d39.5268209!4d-85.7431098!16s%2Fg%2F11y06sd6s!19sChIJ9UGuo8MZa4gR9dj0wXDMQuk?authuser=0&hl=en&rclk=1,auto repair shop,Shelby County,county,IN,2026-07-28T01:23:06,0x886b19c3a3ae41f5:0xe942cc70c1f4d8f5
Shipshe Automotive Service Inc,(260) 768-7119,http://shipsheautomotiveserviceinc.com/,,"890 IN-5, Shipshewana, IN 46565, United States",890 IN-5,Shipshewana,IN,46565,4.5,202,Auto repair shop,,,https://www.google.com/maps/place/Shipshe+Automotive+Service+Inc/data=!4m7!3m6!1s0x88165822429cb75d:0xbc812fe91c0e896e!8m2!3d41.6529922!4d-85.5807495!16s%2Fg%2F1tfcjc7s!19sChIJXbecQiJYFogRbokOHOkvgbw?authuser=0&hl=en&rclk=1,auto repair shop,LaGrange County,county,IN,2026-07-27T21:42:18,0x88165822429cb75d:0xbc812fe91c0e896e
Hill Street Garage,,,,"525 N Hill St, South Bend, IN 46617, United States",525 N Hill St,South Bend,IN,46617,4.0,1,Auto repair shop,,,https://www.google.com/maps/place/Hill+Street+Garage/data=!4m7!3m6!1s0x8816cd46ee170bcb:0xb336679c4431bf0e!8m2!3d41.6828764!4d-86.243146!16s%2Fg%2F11k5ltrwgw!19sChIJywsX7kbNFogRDr8xRJxnNrM?authuser=0&hl=en&rclk=1,auto repair shop,South Bend,city,IN,2026-07-28T03:07:48,0x8816cd46ee170bcb:0xb336679c4431bf0e
Jiffy Lube,(574) 299-0439,https://www.jiffylube.com/locations/in/south-bend/3723,,"4425 S Michigan St, South Bend, IN 46614, United States",4425 S Michigan St,South Bend,IN,46614,4.7,1366,Oil change service,,,https://www.google.com/maps/place/Jiffy+Lube/data=!4m7!3m6!1s0x8816ccae03f79cab:0xdc15598284b7336a!8m2!3d41.6294676!4d-86.2513879!16s%2Fg%2F1tg35tyq!19sChIJq5z3A67MFogRajO3hIJZFdw?authuser=0&hl=en&rclk=1,auto repair shop,South Bend,city,IN,2026-07-28T03:07:48,0x8816ccae03f79cab:0xdc15598284b7336a
Kaley Motor Services Inc,(574) 287-9355,,,"116 E Tutt St, South Bend, IN 46601, United States",116 E Tutt St,South Bend,IN,46601,4.6,47,Auto machine shop,,,https://www.google.com/maps/place/Kaley+Motor+Services+Inc/data=!4m7!3m6!1s0x8816cd2ee9a2e10d:0x6da04c73ac7397aa!8m2!3d41.6661298!4d-86.2493143!16s%2Fg%2F1tdhfl_1!19sChIJDeGi6S7NFogRqpdzrHNMoG0?authuser=0&hl=en&rclk=1,auto repair shop,South Bend,city,IN,2026-07-28T03:07:48,0x8816cd2ee9a2e10d:0x6da04c73ac7397aa
Karl Weis Auto Body Shop Inc,(574) 272-1100,,,"52073 State Hwy 933, South Bend, IN 46637, United States",52073 State Hwy 933,South Bend,IN,46637,4.8,97,Auto body shop,,,https://www.google.com/maps/place/Karl+Weis+Auto+Body+Shop+Inc/data=!4m7!3m6!1s0x8816d2d688ac8b75:0xb766eb4320500717!8m2!3d41.7366593!4d-86.2521847!16s%2Fg%2F1tf8266r!19sChIJdYusiNbSFogRFwdQIEPrZrc?authuser=0&hl=en&rclk=1,auto repair shop,South Bend,city,IN,2026-07-28T03:07:48,0x8816d2d688ac8b75:0xb766eb4320500717
Midas,(574) 400-8808,https://www.midas.com/store/in/south-bend/525-south-michigan-street-46601/?shopnum=2193&utm_source=google&utm_medium=organic&utm_campaign=gbp,,"525 S Michigan St, South Bend, IN 46601, United States",525 S Michigan St,South Bend,IN,46601,4.7,1160,Auto repair shop,,,https://www.google.com/maps/place/Midas/data=!4m7!3m6!1s0x8816cd31e9a4a0d9:0x64eb485431059508!8m2!3d41.6699907!4d-86.250693!16s%2Fg%2F1tfzy2n1!19sChIJ2aCk6THNFogRCJUFMVRI62Q?authuser=0&hl=en&rclk=1,auto repair shop,St. Joseph County,county,IN,2026-07-28T01:09:38,0x8816cd31e9a4a0d9:0x64eb485431059508
Preferred collision repair inc,(574) 233-2533,,,"1134 E Mishawaka Ave, South Bend, IN 46615, United States",1134 E Mishawaka Ave,South Bend,IN,46615,4.8,30,Auto repair shop,,,https://www.google.com/maps/place/Preferred+collision+repair+inc/data=!4m7!3m6!1s0x8816cd185a62137f:0x2dc7af7a18bab99!8m2!3d41.6667031!4d-86.2336134!16s%2Fg%2F1th24dy7!19sChIJfxNiWhjNFogRmauLofd63AI?authuser=0&hl=en&rclk=1,auto repair shop,South Bend,city,IN,2026-07-28T03:07:48,0x8816cd185a62137f:0x2dc7af7a18bab99
Speedy Auto & Truck Inc,(574) 234-1809,,,"2745 4001 W Sample St, South Bend, IN 46619, United States",2745 4001 W Sample St,South Bend,IN,46619,4.6,36,Auto repair shop,,,https://www.google.com/maps/place/Speedy+Auto+%26+Truck+Inc/data=!4m7!3m6!1s0x88113253bcfd6221:0xeac1232717e031b!8m2!3d41.6650009!4d-86.303678!16s%2Fg%2F119tfyvb6!19sChIJIWL9vFMyEYgRGwN-cTISrA4?authuser=0&hl=en&rclk=1,auto repair shop,St. Joseph County,county,IN,2026-07-28T01:09:38,0x88113253bcfd6221:0xeac1232717e031b
"U.S. Truck & Trailer Service, Inc.",(574) 232-2014,https://www.ustrucktrailer.com/,,"1311 S Olive St #4209, South Bend, IN 46619, United States",1311 S Olive St #4209,South Bend,IN,46619,4.2,56,Truck repair shop,,,"https://www.google.com/maps/place/U.S.+Truck+%26+Trailer+Service,+Inc./data=!4m7!3m6!1s0x8811335406865659:0x9d09693148471ed1!8m2!3d41.6602167!4d-86.2835432!16s%2Fg%2F11ghqc3gxf!19sChIJWVaGBlQzEYgR0R5HSDFpCZ0?authuser=0&hl=en&rclk=1",auto repair shop,St. Joseph County,county,IN,2026-07-28T01:09:38,0x8811335406865659:0x9d09693148471ed1
Crites computer company,,,,"6279 little flat rock rd, Spencer, IN 47460, United States",6279 little flat rock rd,Spencer,IN,47460,,,Auto repair shop,,,https://www.google.com/maps/place/Crites+computer+company/data=!4m7!3m6!1s0x886cf90002137145:0x457fe243263a8f31!8m2!3d39.2867117!4d-86.7625058!16s%2Fg%2F11mcncm1pt!19sChIJRXETAgD5bIgRMY86JkPif0U?authuser=0&hl=en&rclk=1,auto repair shop,Owen County,county,IN,2026-07-27T23:43:06,0x886cf90002137145:0x457fe243263a8f31
Elite Automotive INC,(812) 714-8035,http://eliteautospencer.com/,,"565 5th Ave, Spencer, IN 47460, United States",565 5th Ave,Spencer,IN,47460,4.5,72,Auto repair shop,,,https://www.google.com/maps/place/Elite+Automotive+INC/data=!4m7!3m6!1s0x886cf963d5584223:0xcaceeb49f211d8e!8m2!3d39.2816799!4d-86.7766546!16s%2Fg%2F11h781mhwf!19sChIJI0JY1WP5bIgRjh0hn7TurAw?authuser=0&hl=en&rclk=1,auto repair shop,Owen County,county,IN,2026-07-27T23:43:06,0x886cf963d5584223:0xcaceeb49f211d8e
NAPA Auto Parts - Spencer Automotive Supply,(812) 829-6272,https://www.napaonline.com/en/IN/Spencer/store/24033?cid=pl_jobber_google_dac_24033_ao,,"190 S Main St, Spencer, IN 47460, United States",190 S Main St,Spencer,IN,47460,4.5,80,Auto parts store,,,https://www.google.com/maps/place/NAPA+Auto+Parts+-+Spencer+Automotive+Supply/data=!4m7!3m6!1s0x886cf872c55fff3b:0x7ff83fd3aa1c545!8m2!3d39.284308!4d-86.762102!16s%2Fg%2F1tff3sn7!19sChIJO_9fxXL4bIgRRcWhOv2D_wc?authuser=0&hl=en&rclk=1,auto repair shop,Owen County,county,IN,2026-07-27T23:43:06,0x886cf872c55fff3b:0x7ff83fd3aa1c545
Steve's Automotive Center Inc,(812) 876-7837,https://www.stevesautomotivecenterinc.com/contact,,"2632 Schooling Rd, Spencer, IN 47460, United States",2632 Schooling Rd,Spencer,IN,47460,4.8,16,Auto parts store,,,https://www.google.com/maps/place/Steve%27s+Automotive+Center+Inc/data=!4m7!3m6!1s0x886c58f288c2fb51:0x688d3af7cfb54dbf!8m2!3d39.2507007!4d-86.692349!16s%2Fg%2F1tk68f7q!19sChIJUfvCiPJYbIgRv021z_c6jWg?authuser=0&hl=en&rclk=1,auto repair shop,Greene County,county,IN,2026-07-27T19:50:36,0x886c58f288c2fb51:0x688d3af7cfb54dbf
"Vedder's Transmission Service, Inc.",(812) 829-4754,https://www.vedderstransmissionserviceinc.net/,,"565 IN-46, Spencer, IN 47460, United States",565 IN-46,Spencer,IN,47460,4.7,59,Transmission shop,,,"https://www.google.com/maps/place/Vedder%27s+Transmission+Service,+Inc./data=!4m7!3m6!1s0x886cf8624be625db:0x1899de26b61d000f!8m2!3d39.2903118!4d-86.779592!16s%2Fg%2F1tzzw7qk!19sChIJ2yXmS2L4bIgRDwAdtibemRg?authuser=0&hl=en&rclk=1",auto repair shop,Owen County,county,IN,2026-07-27T23:43:06,0x886cf8624be625db:0x1899de26b61d000f
Saint Joe Service Center,,,,"6592 IN-101, St Joe, IN 46785, United States",6592 IN-101,St Joe,IN,46785,5.0,1,Auto repair shop,,,https://www.google.com/maps/place/Saint+Joe+Service+Center/data=!4m7!3m6!1s0x883df9000ba13465:0xe9310ceef4c4fafb!8m2!3d41.2953528!4d-84.8678371!16s%2Fg%2F11xmd3jp6v!19sChIJZTShCwD5PYgR-_rE9O4MMek?authuser=0&hl=en&rclk=1,auto repair shop,Noble County,county,IN,2026-07-27T23:16:21,0x883df9000ba13465:0xe9310ceef4c4fafb
Pep Boys Auto Service & Tires,(770) 769-2946,https://www.pepboys.com/stores/ga/stockbridge/5270-north-henry-blvd?Cid=gbp_appt_AN:PB%7CPB:G%7CTT:GBP%7CCG:CONVERSION%7CCD:SERVICE,,"5270 N Henry Blvd, Stockbridge, GA 30281, United States",5270 N Henry Blvd,Stockbridge,GA,30281,3.9,815,Tire shop,,,https://www.google.com/maps/place/Pep+Boys+Auto+Service+%26+Tires/data=!4m7!3m6!1s0x88f4563ef94e3209:0xbae4af59b6b3856b!8m2!3d33.548475!4d-84.251924!16s%2Fg%2F1trtw4hw!19sChIJCTJO-T5W9IgRa4Wztlmv5Lo?authuser=0&hl=en&rclk=1,auto repair shop,Henry County,county,IN,2026-07-27T20:22:38,0x88f4563ef94e3209:0xbae4af59b6b3856b
Firestone Complete Auto Care,(404) 795-8093,https://www.firestonecompleteautocare.com/georgia/stone-mountain/5034-memorial-dr/?utm_source=google&utm_medium=organic&utm_campaign=localmaps&cmp=oloc_google_localmaps_maps,,"5034 Memorial Dr, Stone Mountain, GA 30083, United States",5034 Memorial Dr,Stone Mountain,GA,30083,4.1,905,Tire shop,,,https://www.google.com/maps/place/Firestone+Complete+Auto+Care/data=!4m7!3m6!1s0x88f5a9aa879ee99d:0xbb7ab37efc7619d1!8m2!3d33.7931112!4d-84.2285794!16s%2Fg%2F1tf1clq2!19sChIJnemeh6qp9YgR0Rl2_H6zers?authuser=0&hl=en&rclk=1,auto repair shop,DeKalb County,county,IN,2026-07-27T18:18:03,0x88f5a9aa879ee99d:0xbb7ab37efc7619d1
AAMCO Transmissions & Total Car Care,(772) 362-2044,http://www.aamcostuartfl.com/?utm_source=G&utm_medium=local&utm_campaign=google-local,,"2973 SE Federal Hwy, Stuart, FL 34994, United States",2973 SE Federal Hwy,Stuart,FL,34994,4.7,146,Transmission shop,,,https://www.google.com/maps/place/AAMCO+Transmissions+%26+Total+Car+Care/data=!4m7!3m6!1s0x88dedda96cd355dd:0x94b672a4919481ba!8m2!3d27.168599!4d-80.228103!16s%2Fg%2F1tdym0b0!19sChIJ3VXTbKnd3ogRuoGUkaRytpQ?authuser=0&hl=en&rclk=1,auto repair shop,Martin County,county,IN,2026-07-27T22:32:29,0x88dedda96cd355dd:0x94b672a4919481ba
Auto Expressions Inc,(772) 220-5997,,,"735 SE Monterey Rd, Stuart, FL 34994, United States",735 SE Monterey Rd,Stuart,FL,34994,4.5,38,Auto repair shop,,,https://www.google.com/maps/place/Auto+Expressions+Inc/data=!4m7!3m6!1s0x88dedd0fda24f027:0x5b66a0bc0d3e127f!8m2!3d27.1759612!4d-80.2428873!16s%2Fg%2F1tf6sl__!19sChIJJ_Ak2g_d3ogRfxI-DbygZls?authuser=0&hl=en&rclk=1,auto repair shop,Martin County,county,IN,2026-07-27T22:32:29,0x88dedd0fda24f027:0x5b66a0bc0d3e127f
Firestone Complete Auto Care,(772) 266-0765,https://www.firestonecompleteautocare.com/florida/stuart/3060-se-federal-hwy/?utm_source=google&utm_medium=organic&utm_campaign=localmaps&cmp=oloc_google_localmaps_maps,,"3060 SE Federal Hwy, Stuart, FL 34994, United States",3060 SE Federal Hwy,Stuart,FL,34994,3.9,523,Tire shop,,,https://www.google.com/maps/place/Firestone+Complete+Auto+Care/data=!4m7!3m6!1s0x88dedda97ad61b79:0xb3ab7f1a00b93a48!8m2!3d27.1673393!4d-80.2286894!16s%2Fg%2F1tdch5bk!19sChIJeRvWeqnd3ogRSDq5ABp_q7M?authuser=0&hl=en&rclk=1,auto repair shop,Martin County,county,IN,2026-07-27T22:32:29,0x88dedda97ad61b79:0xb3ab7f1a00b93a48
Goodyear Auto Service,(772) 286-8550,https://www.goodyear.com/en-us/goodyearautoservice,,"1955 SE Federal Hwy, Stuart, FL 34994, United States",1955 SE Federal Hwy,Stuart,FL,34994,4.2,188,Tire shop,,,https://www.google.com/maps/place/Goodyear+Auto+Service/data=!4m7!3m6!1s0x88dedd0c13d862e1:0xaa3582e7ce1973ed!8m2!3d27.1803476!4d-80.2384642!16s%2Fg%2F1tdd1hlc!19sChIJ4WLYEwzd3ogR7XMZzueCNao?authuser=0&hl=en&rclk=1,auto repair shop,Martin County,county,IN,2026-07-27T22:32:29,0x88dedd0c13d862e1:0xaa3582e7ce1973ed
KS Auto Service Inc,(269) 651-6131,,,"701 N Centerville St, Sturgis, MI 49091, United States",701 N Centerville St,Sturgis,MI,49091,4.6,68,Auto repair shop,,,https://www.google.com/maps/place/KS+Auto+Service+Inc/data=!4m7!3m6!1s0x88164d6638537b9d:0x8101276d49eca938!8m2!3d41.8059577!4d-85.428009!16s%2Fg%2F11c3j96c_z!19sChIJnXtTOGZNFogROKnsSW0nAYE?authuser=0&hl=en&rclk=1,auto repair shop,LaGrange County,county,IN,2026-07-27T21:42:19,0x88164d6638537b9d:0x8101276d49eca938
Cox Automotive,,,,"2169 IN-63, Sullivan, IN 47882, United States",2169 IN-63,Sullivan,IN,47882,5.0,2,Auto repair shop,,,https://www.google.com/maps/place/Cox+Automotive/data=!4m7!3m6!1s0x887277eda6fbe47f:0xdfc924415e275e1e!8m2!3d39.1166864!4d-87.556747!16s%2Fg%2F1tgf8jqr!19sChIJf-T7pu13cogRHl4nXkEkyd8?authuser=0&hl=en&rclk=1,auto repair shop,Spencer County,county,IN,2026-07-28T01:28:54,0x887277eda6fbe47f:0xdfc924415e275e1e
"Fette's Auto Body, Inc.",(812) 623-4014,http://www.fettesautobody.com/,,"12683 N Dearborn Rd, Sunman, IN 47041, United States",12683 N Dearborn Rd,Sunman,IN,47041,4.7,43,Auto body shop,,,"https://www.google.com/maps/place/Fette%27s+Auto+Body,+Inc./data=!4m7!3m6!1s0x886a876da17a31e1:0x4a7a2836c8b28b15!8m2!3d39.2333651!4d-85.0526936!16s%2Fg%2F1tcv71kp!19sChIJ4TF6oW2HaogRFYuyyDYoeko?authuser=0&hl=en&rclk=1",auto repair shop,Dearborn County,county,IN,2026-07-27T18:06:19,0x886a876da17a31e1:0x4a7a2836c8b28b15
Lewis's Body Shop Inc,(812) 623-2381,,,"9046 E Co Rd 900 N, Sunman, IN 47041, United States",9046 E Co Rd 900 N,Sunman,IN,47041,4.8,34,Auto body shop,,,https://www.google.com/maps/place/Lewis%27s+Body+Shop+Inc/data=!4m7!3m6!1s0x886a7d5d273f1199:0x2e41fd35072e9b47!8m2!3d39.2048039!4d-85.0936634!16s%2Fg%2F1tgdtwt8!19sChIJmRE_J119aogRR5suBzX9QS4?authuser=0&hl=en&rclk=1,auto repair shop,Ripley County,county,IN,2026-07-28T01:03:07,0x886a7d5d273f1199:0x2e41fd35072e9b47
Steve's Truck & Auto Repair,,,,"28222 Legion Rd, Sunman, IN 47041, United States",28222 Legion Rd,Sunman,IN,47041,5.0,8,Auto repair shop,,,https://www.google.com/maps/place/Steve%27s+Truck+%26+Auto+Repair/data=!4m7!3m6!1s0x886a81460cccff25:0x11ca35d8f32341c!8m2!3d39.2810084!4d-85.0114064!16s%2Fg%2F1tmg791w!19sChIJJf_MDEaBaogRHDQyj12jHAE?authuser=0&hl=en&rclk=1,auto repair shop,Dearborn County,county,IN,2026-07-27T18:06:19,0x886a81460cccff25:0x11ca35d8f32341c
"Think Driven, Inc",(815) 895-0055,http://www.thinkdriven.com/,,"121 N Maple St, Sycamore, IL 60178, United States",121 N Maple St,Sycamore,IL,60178,4.7,122,Auto repair shop,,,"https://www.google.com/maps/place/Think+Driven,+Inc/data=!4m7!3m6!1s0x880f2966324527c7:0xbba15278cab55607!8m2!3d41.9895629!4d-88.686164!16s%2Fg%2F11yhjxxgd!19sChIJxydFMmYpD4gRB1a1ynhSobs?authuser=0&hl=en&rclk=1",auto repair shop,DeKalb County,county,IN,2026-07-27T18:18:03,0x880f2966324527c7:0xbba15278cab55607
Armiger Automotive Inc,(410) 795-8500,,,"10 Wise Pursuit Way, Sykesville, MD 21784, United States",10 Wise Pursuit Way,Sykesville,MD,21784,4.9,48,Auto repair shop,,,https://www.google.com/maps/place/Armiger+Automotive+Inc/data=!4m7!3m6!1s0x89c83abb0b912bd5:0xbdf3a725976513d8!8m2!3d39.4270552!4d-76.996242!16s%2Fg%2F1td3403h!19sChIJ1SuRC7s6yIkR2BNllyWn870?authuser=0&hl=en&rclk=1,auto repair shop,Carroll County,county,IN,2026-07-27T16:58:22,0x89c83abb0b912bd5:0xbdf3a725976513d8
J & M Auto Services Inc,(410) 549-4260,,,"5220 Klee Mill Rd S c, Sykesville, MD 21784, United States",5220 Klee Mill Rd S c,Sykesville,MD,21784,4.6,82,Auto repair shop,,,https://www.google.com/maps/place/J+%26+M+Auto+Services+Inc/data=!4m7!3m6!1s0x89c83abd0d44568f:0xa9e7489d231202c1!8m2!3d39.4323883!4d-76.9961547!16s%2Fg%2F1tj80ym2!19sChIJj1ZEDb06yIkRwQISI51I56k?authuser=0&hl=en&rclk=1,auto repair shop,Carroll County,county,IN,2026-07-27T16:58:22,0x89c83abd0d44568f:0xa9e7489d231202c1
Midas,(443) 328-3814,https://www.midas.com/store/md/sykesville/6301-luers-ln-21784/?shopnum=4239&utm_source=google&utm_medium=organic&utm_campaign=gbp,,"6301 Luers Ln, Sykesville, MD 21784, United States",6301 Luers Ln,Sykesville,MD,21784,4.7,168,Auto repair shop,,,https://www.google.com/maps/place/Midas/data=!4m7!3m6!1s0x89c824c984247d67:0xd00955c32ebc11dc!8m2!3d39.4013886!4d-76.9435617!16s%2Fg%2F1tfjx7pf!19sChIJZ30khMkkyIkR3BG8LsNVCdA?authuser=0&hl=en&rclk=1,auto repair shop,Carroll County,county,IN,2026-07-27T16:58:22,0x89c824c984247d67:0xd00955c32ebc11dc
Dean Automotive Inc,(410) 756-6608,,,"107 W Baltimore St, Taneytown, MD 21787, United States",107 W Baltimore St,Taneytown,MD,21787,4.3,48,Auto repair shop,,,https://www.google.com/maps/place/Dean+Automotive+Inc/data=!4m7!3m6!1s0x89c84b469abc1dbb:0x4cc65219ce9ade73!8m2!3d39.6622011!4d-77.1793721!16s%2Fg%2F1tgcsvvy!19sChIJux28mkZLyIkRc96azhlSxkw?authuser=0&hl=en&rclk=1,auto repair shop,Carroll County,county,IN,2026-07-27T16:58:22,0x89c84b469abc1dbb:0x4cc65219ce9ade73
Auto Works & More Inc,(812) 547-3325,,,"310 IN-66, Tell City, IN 47586, United States",310 IN-66,Tell City,IN,47586,4.4,13,Auto body shop,,,https://www.google.com/maps/place/Auto+Works+%26+More+Inc/data=!4m7!3m6!1s0x886efd5f2d31bf89:0xa22ff81d4ae16756!8m2!3d37.9356486!4d-86.7558048!16s%2Fg%2F126235t90!19sChIJib8xLV_9bogRVmfhSh34L6I?authuser=0&hl=en&rclk=1,auto repair shop,Perry County,county,IN,2026-07-28T00:03:10,0x886efd5f2d31bf89:0xa22ff81d4ae16756
Valley Auto Inc,(812) 567-4288,,,"5277 IN-62, Tennyson, IN 47637, United States",5277 IN-62,Tennyson,IN,47637,4.8,4,Car detailing service,,,https://www.google.com/maps/place/Valley+Auto+Inc/data=!4m7!3m6!1s0x886e492fe80facc1:0x94c09a1af67623e3!8m2!3d38.060826!4d-87.145603!16s%2Fg%2F1td4_l_y!19sChIJwawP6C9JbogR4yN29hqawJQ?authuser=0&hl=en&rclk=1,auto repair shop,Spencer County,county,IN,2026-07-28T01:28:54,0x886e492fe80facc1:0x94c09a1af67623e3
25th St Tire And Brake Shop,,,,"2nd Ave, Terre Haute, IN 47807, United States",2nd Ave,Terre Haute,IN,47807,4.3,6,Auto repair shop,,,https://www.google.com/maps/place/25th+St+Tire+And+Brake+Shop/data=!4m7!3m6!1s0x886d6f8ae7bc2ccb:0xe76017fd691f0b8b!8m2!3d39.4790074!4d-87.3791121!16s%2Fg%2F11f8kqgck9!19sChIJyyy854pvbYgRiwsfaf0XYOc?authuser=0&hl=en&rclk=1,auto repair shop,Vigo County,county,IN,2026-07-28T02:10:43,0x886d6f8ae7bc2ccb:0xe76017fd691f0b8b
AAMCO Transmissions & Total Car Care,(800) 462-2626,https://www.aamco.com/?utm_source=G&utm_medium=local&utm_campaign=google-local,,"3020 S 6th St, Terre Haute, IN 47802, United States",3020 S 6th St,Terre Haute,IN,47802,3.9,84,Transmission shop,,,https://www.google.com/maps/place/AAMCO+Transmissions+%26+Total+Car+Care/data=!4m7!3m6!1s0x886d7ae8ec005129:0x14b07d98e4449719!8m2!3d39.43274!4d-87.409311!16s%2Fg%2F1vq75m0p!19sChIJKVEA7Oh6bYgRGZdE5Jh9sBQ?authuser=0&hl=en&rclk=1,auto repair shop,Vermillion County,county,IN,2026-07-28T02:03:21,0x886d7ae8ec005129:0x14b07d98e4449719
"All-Tran Transmission Service, Inc.",(812) 232-0981,https://www.all-tran.com/,,"200 S 9th St, Terre Haute, IN 47807, United States",200 S 9th St,Terre Haute,IN,47807,4.6,157,Transmission shop,,,"https://www.google.com/maps/place/All-Tran+Transmission+Service,+Inc./data=!4m7!3m6!1s0x886d6536e9681291:0x17263c5a73a7db1f!8m2!3d39.46418!4d-87.4039969!16s%2Fg%2F1tklr95k!19sChIJkRJo6TZlbYgRH9unc1o8Jhc?authuser=0&hl=en&rclk=1",auto repair shop,Vermillion County,county,IN,2026-07-28T02:03:21,0x886d6536e9681291:0x17263c5a73a7db1f
Firestone Complete Auto Care,(812) 645-6979,https://www.firestonecompleteautocare.com/indiana/terre-haute/940-wabash-ave/?utm_source=google&utm_medium=organic&utm_campaign=localmaps&cmp=oloc_google_localmaps_maps,,"940 Wabash Ave, Terre Haute, IN 47807, United States",940 Wabash Ave,Terre Haute,IN,47807,4.4,575,Tire shop,,,https://www.google.com/maps/place/Firestone+Complete+Auto+Care/data=!4m7!3m6!1s0x886d65379a7c64fb:0x902fe04b5266b385!8m2!3d39.4672975!4d-87.402969!16s%2Fg%2F1w0r0nl8!19sChIJ-2R8mjdlbYgRhbNmUkvgL5A?authuser=0&hl=en&rclk=1,auto repair shop,Vermillion County,county,IN,2026-07-28T02:03:21,0x886d65379a7c64fb:0x902fe04b5266b385
Midas,(812) 872-5179,https://www.midas.com/store/in/terre-haute/2300-south-3rd-street-47802/?shopnum=2632&utm_source=google&utm_medium=organic&utm_campaign=gbp,,"2300 S 3rd St, Terre Haute, IN 47802, United States",2300 S 3rd St,Terre Haute,IN,47802,4.1,337,Auto repair shop,,,https://www.google.com/maps/place/Midas/data=!4m7!3m6!1s0x886d7adb840877af:0x331d2a3426a77c80!8m2!3d39.4427199!4d-87.4134036!16s%2Fg%2F1tdwl7pj!19sChIJr3cIhNt6bYgRgHynJjQqHTM?authuser=0&hl=en&rclk=1,auto repair shop,Vermillion County,county,IN,2026-07-28T02:03:21,0x886d7adb840877af:0x331d2a3426a77c80
Ppg Collision Repair Center,,,,"1062 8th Ave, Terre Haute, IN 47804, United States",1062 8th Ave,Terre Haute,IN,47804,,,Auto repair shop,,,https://www.google.com/maps/place/Ppg+Collision+Repair+Center/data=!4m7!3m6!1s0x886d651336f2805b:0xddb00b5b4a83a08e!8m2!3d39.484902!4d-87.4013487!16s%2Fg%2F11jk3r64f0!19sChIJW4DyNhNlbYgRjqCDSlsLsN0?authuser=0&hl=en&rclk=1,auto repair shop,Vigo County,county,IN,2026-07-28T02:10:43,0x886d651336f2805b:0xddb00b5b4a83a08e
Scheid Diesel Service Co Inc,(812) 466-7202,https://www.scheiddiesel.com/,,"4960 N 13th St, Terre Haute, IN 47805, United States",4960 N 13th St,Terre Haute,IN,47805,4.0,104,Diesel engine repair service,,,https://www.google.com/maps/place/Scheid+Diesel+Service+Co+Inc/data=!4m7!3m6!1s0x886d65e90c6bb847:0x638deffdaee2e29b!8m2!3d39.5260839!4d-87.3983977!16s%2Fg%2F1trrdyy7!19sChIJR7hrDOllbYgRm-Lirv3vjWM?authuser=0&hl=en&rclk=1,auto repair shop,Parke County,county,IN,2026-07-27T23:54:28,0x886d65e90c6bb847:0x638deffdaee2e29b
"Sir Thomas Automotive Repair, Inc.",(812) 234-6900,https://yourcarsfixed.com/,,"919 W Springhill Dr, Terre Haute, IN 47802, United States",919 W Springhill Dr,Terre Haute,IN,47802,4.7,193,Auto repair shop,,,"https://www.google.com/maps/place/Sir+Thomas+Automotive+Repair,+Inc./data=!4m7!3m6!1s0x886d7ba9266d6f19:0xfd47fd0ac49f5c65!8m2!3d39.4126272!4d-87.4318614!16s%2Fg%2F1tfbtmpd!19sChIJGW9tJql7bYgRZVyfxAr9R_0?authuser=0&hl=en&rclk=1",auto repair shop,Vigo County,county,IN,2026-07-28T02:10:43,0x886d7ba9266d6f19:0xfd47fd0ac49f5c65
Take 5 Oil Change,(930) 666-0145,https://www.take5.com/locations/oil-change/indiana/terre-haute/31434/?utm_source=google&utm_medium=organic&utm_campaign=gbp_website,,"1500 S 3rd St, Terre Haute, IN 47802, United States",1500 S 3rd St,Terre Haute,IN,47802,4.9,9974,Oil change service,,,https://www.google.com/maps/place/Take+5+Oil+Change/data=!4m7!3m6!1s0x886d7b817d7b1b25:0x168006a3a47cefd!8m2!3d39.450762!4d-87.4134999!16s%2Fg%2F11rxx6rg8z!19sChIJJRt7fYF7bYgR_c5HOmoAaAE?authuser=0&hl=en&rclk=1,auto repair shop,Vigo County,county,IN,2026-07-28T02:10:43,0x886d7b817d7b1b25:0x168006a3a47cefd
"A&C AUTOWORKS, INC",(303) 254-7946,http://acawdenver.com/,,"12590 First St, Thornton, CO 80241, United States",12590 First St,Thornton,CO,80241,4.6,179,Auto repair shop,,,"https://www.google.com/maps/place/A%26C+AUTOWORKS,+INC/data=!4m7!3m6!1s0x876c76982c163c63:0xff0d4a73da631b22!8m2!3d39.9247238!4d-104.9622269!16s%2Fg%2F1tf_tbtr!19sChIJYzwWLJh2bIcRIhtj2nNKDf8?authuser=0&hl=en&rclk=1",auto repair shop,Adams County,county,IN,2026-07-27T15:46:12,0x876c76982c163c63:0xff0d4a73da631b22
NAPA Auto Parts - Tipton Automotive Supply,(765) 675-7479,https://www.napaonline.com/en/IN/Tipton/store/27347?cid=pl_jobber_google_dac_27347_ao,,"224 E Jefferson St, Tipton, IN 46072, United States",224 E Jefferson St,Tipton,IN,46072,4.4,73,Auto parts store,,,https://www.google.com/maps/place/NAPA+Auto+Parts+-+Tipton+Automotive+Supply/data=!4m7!3m6!1s0x881496f618bfd2e9:0x8bba9866107b7647!8m2!3d40.2826802!4d-86.0385292!16s%2Fg%2F1tftfxxj!19sChIJ6dK_GPaWFIgRR3Z7EGaYuos?authuser=0&hl=en&rclk=1,auto repair shop,Tipton County,county,IN,2026-07-28T01:50:29,0x881496f618bfd2e9:0x8bba9866107b7647
"Tipton Ford, Inc. Service",(765) 675-8777,https://www.tiptonfordrocks.com/?utm_source=gmbsvc&utm_medium=social&mcmid=gmbsvc,,"965 E Jefferson St, Tipton, IN 46072, United States",965 E Jefferson St,Tipton,IN,46072,4.7,3,Auto repair shop,,,"https://www.google.com/maps/place/Tipton+Ford,+Inc.+Service/data=!4m7!3m6!1s0x8814971cd48fe7df:0x79aff594fd9ac222!8m2!3d40.2827405!4d-86.0230785!16s%2Fg%2F11llrqv3x8!19sChIJ3-eP1ByXFIgRIsKa_ZT1r3k?authuser=0&hl=en&rclk=1",auto repair shop,Tipton County,county,IN,2026-07-28T01:50:29,0x8814971cd48fe7df:0x79aff594fd9ac222
B & E Auto Service Inc,(770) 934-4679,http://beautoservice.com/,,"3687 Lawrenceville Hwy, Tucker, GA 30084, United States",3687 Lawrenceville Hwy,Tucker,GA,30084,4.8,122,Auto repair shop,,,https://www.google.com/maps/place/B+%26+E+Auto+Service+Inc/data=!4m7!3m6!1s0x88f5a7d35f33faf7:0xce1f191b9109b002!8m2!3d33.8459204!4d-84.2289665!16s%2Fg%2F1tf_j7x6!19sChIJ9_ozX9On9YgRArAJkRsZH84?authuser=0&hl=en&rclk=1,auto repair shop,DeKalb County,county,IN,2026-07-27T18:18:03,0x88f5a7d35f33faf7:0xce1f191b9109b002
Goodyear Auto Service,(770) 938-9775,https://www.goodyear.com/en-us/goodyearautoservice,,"3928 Lavista Rd, Tucker, GA 30084, United States",3928 Lavista Rd,Tucker,GA,30084,4.0,354,Tire shop,,,https://www.google.com/maps/place/Goodyear+Auto+Service/data=!4m7!3m6!1s0x88f5a7e300f06e71:0x49cdfa88690d8d6d!8m2!3d33.8448668!4d-84.2573179!16s%2Fg%2F1tp08zr_!19sChIJcW7wAOOn9YgRbY0NaYj6zUk?authuser=0&hl=en&rclk=1,auto repair shop,DeKalb County,county,IN,2026-07-27T18:18:03,0x88f5a7e300f06e71:0x49cdfa88690d8d6d
Aukerman's Service Inc,(937) 968-5911,,,"321 S Orange St, Union City, OH 45390, United States",321 S Orange St,Union City,OH,45390,4.8,104,Auto repair shop,,,https://www.google.com/maps/place/Aukerman%27s+Service+Inc/data=!4m7!3m6!1s0x883fdd7ca729464d:0x2f2a3bb6126f8c37!8m2!3d40.1978632!4d-84.802207!16s%2Fg%2F1tlw9rq0!19sChIJTUYpp3zdP4gRN4xvErY7Ki8?authuser=0&hl=en&rclk=1,auto repair shop,Randolph County,county,IN,2026-07-28T00:52:17,0x883fdd7ca729464d:0x2f2a3bb6126f8c37
Kisers Truck And Auto Repair,,,,"205 S Division St, Union City, OH 45390, United States",205 S Division St,Union City,OH,45390,4.0,2,Auto repair shop,,,https://www.google.com/maps/place/Kisers+Truck+And+Auto+Repair/data=!4m7!3m6!1s0x883fdd6697100001:0x57d170b4e714c694!8m2!3d40.1988515!4d-84.7986526!16s%2Fg%2F11fll6n64d!19sChIJAQAQl2bdP4gRlMYU57Rw0Vc?authuser=0&hl=en&rclk=1,auto repair shop,Randolph County,county,IN,2026-07-28T00:52:17,0x883fdd6697100001:0x57d170b4e714c694
NAPA Auto Parts - Union City Automotive,(765) 964-3191,https://www.napaonline.com/en/IN/Union-City/store/27287?cid=pl_jobber_google_dac_27287_ao,,"308 W Chestnut St, Union City, IN 47390, United States",308 W Chestnut St,Union City,IN,47390,4.4,62,Auto parts store,,,https://www.google.com/maps/place/NAPA+Auto+Parts+-+Union+City+Automotive/data=!4m7!3m6!1s0x883fdd7ea538e205:0xf28345860e77303b!8m2!3d40.197294!4d-84.8104405!16s%2Fg%2F1tf5qxq1!19sChIJBeI4pX7dP4gROzB3DoZFg_I?authuser=0&hl=en&rclk=1,auto repair shop,Randolph County,county,IN,2026-07-28T00:52:17,0x883fdd7ea538e205:0xf28345860e77303b
sanders garage inc,(937) 899-0010,,,"101 Armstrong Wy, Union City, OH 45390, United States",101 Armstrong Wy,Union City,OH,45390,5.0,1,Auto repair shop,,,https://www.google.com/maps/place/sanders+garage+inc/data=!4m7!3m6!1s0x883fddae767512f7:0x7a9b1da9b61b51e8!8m2!3d40.2099959!4d-84.794793!16s%2Fg%2F11nhhn7xvy!19sChIJ9xJ1dq7dP4gR6FEbtqkdm3o?authuser=0&hl=en&rclk=1,auto repair shop,Randolph County,county,IN,2026-07-28T00:52:17,0x883fddae767512f7:0x7a9b1da9b61b51e8
J & A Innovations,,,,"366-286 US-224, Uniondale, IN 46791, United States",366-286 US-224,Uniondale,IN,46791,,,Auto repair shop,,,https://www.google.com/maps/place/J+%26+A+Innovations/data=!4m7!3m6!1s0x8815950022e69833:0x6405ee045b4fae49!8m2!3d40.8294607!4d-85.2341374!16s%2Fg%2F11yg8xx6z_!19sChIJM5jmIgCVFYgRSa5PWwTuBWQ?authuser=0&hl=en&rclk=1,auto repair shop,Wells County,county,IN,2026-07-28T02:40:47,0x8815950022e69833:0x6405ee045b4fae49
Kingston Auto Repair,,,,"8915 N Low Gap Rd, Unionville, IN 47468, United States",8915 N Low Gap Rd,Unionville,IN,47468,,,Auto repair shop,,,https://www.google.com/maps/place/Kingston+Auto+Repair/data=!4m7!3m6!1s0x886c876f5d1bcce5:0x92b5f071e5fd7cdb!8m2!3d39.307964!4d-86.40312!16s%2Fg%2F11f9ycfz7h!19sChIJ5cwbXW-HbIgR23z95XHwtZI?authuser=0&hl=en&rclk=1,auto repair shop,Owen County,county,IN,2026-07-27T23:43:06,0x886c876f5d1bcce5:0x92b5f071e5fd7cdb
"Dave's Automotive, Inc.",(219) 465-1971,http://davesautomotivevalpo.com/,,"1356 Horse Prairie Ave, Valparaiso, IN 46385, United States",1356 Horse Prairie Ave,Valparaiso,IN,46385,4.4,91,Auto repair shop,,,"https://www.google.com/maps/place/Dave%27s+Automotive,+Inc./data=!4m7!3m6!1s0x8811909c8a2bc733:0x1f3b167e400e9a52!8m2!3d41.4559686!4d-87.0668984!16s%2Fg%2F1tlmny4d!19sChIJM8cripyQEYgRUpoOQH4WOx8?authuser=0&hl=en&rclk=1",auto repair shop,Porter County,county,IN,2026-07-28T00:20:29,0x8811909c8a2bc733:0x1f3b167e400e9a52
Green's Towing & Auto Repair Inc,(219) 464-1173,http://www.greenstowing.com/,,"458 S Washington St, Valparaiso, IN 46383, United States",458 S Washington St,Valparaiso,IN,46383,4.4,186,Towing service,,,https://www.google.com/maps/place/Green%27s+Towing+%26+Auto+Repair+Inc/data=!4m7!3m6!1s0x88119a7536118023:0x4da10ce3ddd0e1e2!8m2!3d41.4633119!4d-87.0612036!16s%2Fg%2F1tff3mxw!19sChIJI4ARNnWaEYgR4uHQ3eMMoU0?authuser=0&hl=en&rclk=1,auto repair shop,Porter County,county,IN,2026-07-28T00:20:29,0x88119a7536118023:0x4da10ce3ddd0e1e2
Midas,(219) 263-0980,https://www.midas.com/store/in/valparaiso/2508-calumet-street-46383/?shopnum=2138&utm_source=google&utm_medium=organic&utm_campaign=gbp,,"2508 Calumet Ave, Valparaiso, IN 46383, United States",2508 Calumet Ave,Valparaiso,IN,46383,4.7,811,Auto repair shop,,,https://www.google.com/maps/place/Midas/data=!4m7!3m6!1s0x881199f1807f9ba5:0xbb25a3fbe6038d36!8m2!3d41.4915389!4d-87.0469323!16s%2Fg%2F1tlvq3w2!19sChIJpZt_gPGZEYgRNo0D5vujJbs?authuser=0&hl=en&rclk=1,auto repair shop,Porter County,county,IN,2026-07-28T00:20:29,0x881199f1807f9ba5:0xbb25a3fbe6038d36
Valpo Muffler and Auto Service LTD,(219) 464-3203,https://www.facebook.com/ValpoMuffler?mibextid=ZbWKwL,,"2301 Laporte Ave, Valparaiso, IN 46383, United States",2301 Laporte Ave,Valparaiso,IN,46383,4.7,136,Auto repair shop,,,https://www.google.com/maps/place/Valpo+Muffler+and+Auto+Service+LTD/data=!4m7!3m6!1s0x88119a39f0f3fa9d:0x67252bce832c677c!8m2!3d41.468173!4d-87.0327943!16s%2Fg%2F1vxzb6q7!19sChIJnfrz8DmaEYgRfGcsg84rJWc?authuser=0&hl=en&rclk=1,auto repair shop,LaPorte County,county,IN,2026-07-27T21:51:41,0x88119a39f0f3fa9d:0x67252bce832c677c
Bobs Auto Service,,,,"6312 US-421, Versailles, IN 47042, United States",6312 US-421,Versailles,IN,47042,5.0,5,Auto repair shop,,,https://www.google.com/maps/place/Bobs+Auto+Service/data=!4m7!3m6!1s0x886a4225e18eaaab:0x562a8f21396eb72d!8m2!3d38.9820724!4d-85.3022913!16s%2Fg%2F11h3vb_6f6!19sChIJq6qO4SVCaogRLbduOSGPKlY?authuser=0&hl=en&rclk=1,auto repair shop,Ripley County,county,IN,2026-07-28T01:03:07,0x886a4225e18eaaab:0x562a8f21396eb72d
Coomes Automotive Service Center Inc.,(812) 886-5648,,,"1273 School House Rd, Vincennes, IN 47591, United States",1273 School House Rd,Vincennes,IN,47591,4.7,65,Auto repair shop,,,https://www.google.com/maps/place/Coomes+Automotive+Service+Center+Inc./data=!4m7!3m6!1s0x88720042bf00588b:0xda350bf3a8e72363!8m2!3d38.6579284!4d-87.5608139!16s%2Fg%2F1x5qtjgn!19sChIJi1gAv0IAcogRYyPnqPMLNdo?authuser=0&hl=en&rclk=1,auto repair shop,Knox County,county,IN,2026-07-27T21:20:03,0x88720042bf00588b:0xda350bf3a8e72363
Goodyear Commercial Tire & Service Center,(812) 885-2100,http://www.goodyearctsc.com/,,"1111 Willow St, Vincennes, IN 47591, United States",1111 Willow St,Vincennes,IN,47591,4.6,494,Tire shop,,,https://www.google.com/maps/place/Goodyear+Commercial+Tire+%26+Service+Center/data=!4m7!3m6!1s0x886dff8202ab99e1:0x235d7325f87fb180!8m2!3d38.6652822!4d-87.5342088!16s%2Fg%2F1vh_93g4!19sChIJ4ZmrAoL_bYgRgLF_-CVzXSM?authuser=0&hl=en&rclk=1,auto repair shop,Knox County,county,IN,2026-07-27T21:20:03,0x886dff8202ab99e1:0x235d7325f87fb180
Martin's Auto Care Inc,(812) 882-5588,,,"1510 Washington Ave, Vincennes, IN 47591, United States",1510 Washington Ave,Vincennes,IN,47591,4.2,113,Auto repair shop,,,https://www.google.com/maps/place/Martin%27s+Auto+Care+Inc/data=!4m7!3m6!1s0x886dff116daa6d4b:0xef01559fe979d619!8m2!3d38.6827109!4d-87.5139646!16s%2Fg%2F1tjrqqpm!19sChIJS22qbRH_bYgRGdZ56Z9VAe8?authuser=0&hl=en&rclk=1,auto repair shop,Knox County,county,IN,2026-07-27T21:20:03,0x886dff116daa6d4b:0xef01559fe979d619
Denney Motor Sales Inc,(260) 563-1175,http://www.denneymotorsales.com/,,"50 W Water St, Wabash, IN 46992, United States",50 W Water St,Wabash,IN,46992,4.8,85,Car dealer,,,https://www.google.com/maps/place/Denney+Motor+Sales+Inc/data=!4m7!3m6!1s0x881444245a54111b:0xeecb9d3c31cbe2f0!8m2!3d40.7952761!4d-85.8215367!16s%2Fg%2F1tt8cwft!19sChIJGxFUWiREFIgR8OLLMTydy-4?authuser=0&hl=en&rclk=1,auto repair shop,Miami County,county,IN,2026-07-27T22:44:26,0x881444245a54111b:0xeecb9d3c31cbe2f0
Friermood Tire & Alignment Inc,(260) 563-2758,http://friermoodtire.com/,,"1699 Stitt St, Wabash, IN 46992, United States",1699 Stitt St,Wabash,IN,46992,4.7,216,Tire shop,,,https://www.google.com/maps/place/Friermood+Tire+%26+Alignment+Inc/data=!4m7!3m6!1s0x8814440011765267:0x588e33831240f501!8m2!3d40.8024375!4d-85.848027!16s%2Fg%2F1tgns821!19sChIJZ1J2EQBEFIgRAfVAEoMzjlg?authuser=0&hl=en&rclk=1,auto repair shop,Wabash County,county,IN,2026-07-28T02:12:30,0x8814440011765267:0x588e33831240f501
Walmart Auto Care Center,(260) 569-7640,https://www.walmart.com/store/1667-wabash-in/auto-care-center/?veh=seo_loc,,"1601 No, 1601 Cass St, Wabash, IN 46992, United States","1601 No, 1601 Cass St",Wabash,IN,46992,3.8,84,Oil change service,,,https://www.google.com/maps/place/Walmart+Auto+Care+Center/data=!4m7!3m6!1s0x881446b0c5188531:0x91b56c6d756e04e6!8m2!3d40.8191851!4d-85.8356659!16s%2Fg%2F1v1kqgjy!19sChIJMYUYxbBGFIgR5gRudW1stZE?authuser=0&hl=en&rclk=1,auto repair shop,Wabash County,county,IN,2026-07-28T02:12:30,0x881446b0c5188531:0x91b56c6d756e04e6
B and A auto Repair,,,,"20893 S Lake Dr, Walkerton, IN 46574, United States",20893 S Lake Dr,Walkerton,IN,46574,,,Auto repair shop,,,https://www.google.com/maps/place/B+and+A+auto+Repair/data=!4m7!3m6!1s0x881145c299171501:0x6272eb8cce05d39c!8m2!3d41.4081179!4d-86.4628047!16s%2Fg%2F11rj628ryw!19sChIJARUXmcJFEYgRnNMFzozrcmI?authuser=0&hl=en&rclk=1,auto repair shop,Marshall County,county,IN,2026-07-27T22:27:34,0x881145c299171501:0x6272eb8cce05d39c
"Hamilton Service Center, Inc",(574) 586-7114,,,"100 Roosevelt Rd, Walkerton, IN 46574, United States",100 Roosevelt Rd,Walkerton,IN,46574,4.3,27,Auto repair shop,,,"https://www.google.com/maps/place/Hamilton+Service+Center,+Inc/data=!4m7!3m6!1s0x881146a8405a5145:0xdd0544bcae2ff62a!8m2!3d41.4689912!4d-86.4915783!16s%2Fg%2F1wnbym6l!19sChIJRVFaQKhGEYgRKvYvrrxEBd0?authuser=0&hl=en&rclk=1",auto repair shop,Marshall County,county,IN,2026-07-27T22:27:34,0x881146a8405a5145:0xdd0544bcae2ff62a
John's Garage Inc,(219) 733-2451,,,"6302 US-30, Wanatah, IN 46390, United States",6302 US-30,Wanatah,IN,46390,4.6,106,Tire shop,,,https://www.google.com/maps/place/John%27s+Garage+Inc/data=!4m7!3m6!1s0x881170d489fc2083:0x198555df6cd2e9a9!8m2!3d41.4330764!4d-86.8229331!16s%2Fg%2F1vfzfs3d!19sChIJgyD8idRwEYgRqenSbN9VhRk?authuser=0&hl=en&rclk=1,auto repair shop,Starke County,county,IN,2026-07-28T01:33:01,0x881170d489fc2083:0x198555df6cd2e9a9
Brian's Automotive Inc,(330) 847-9090,https://www.briansautomotiverepair.com/,,"4674 Mahoning Ave NW, Warren, OH 44483, United States",4674 Mahoning Ave NW,Warren,OH,44483,4.8,97,Auto repair shop,,,https://www.google.com/maps/place/Brian%27s+Automotive+Inc/data=!4m7!3m6!1s0x883161afa259de65:0xe00796f106697de5!8m2!3d41.2852719!4d-80.8455556!16s%2Fg%2F1wrgktcr!19sChIJZd5Zoq9hMYgR5X1pBvGWB-A?authuser=0&hl=en&rclk=1,auto repair shop,Warren County,county,IN,2026-07-28T02:18:26,0x883161afa259de65:0xe00796f106697de5
Metro Auto Care Goodyear,(586) 758-2233,http://metroautocaremi.com/,,"7575 E Eight Mile Rd, Warren, MI 48091, United States",7575 E Eight Mile Rd,Warren,MI,48091,4.8,358,Auto repair shop,,,https://www.google.com/maps/place/Metro+Auto+Care+Goodyear/data=!4m7!3m6!1s0x8824d16a64465121:0x72fc2461788b7d21!8m2!3d42.4487073!4d-83.0272226!16s%2Fg%2F11g0t_mc6j!19sChIJIVFGZGrRJIgRIX2LeGEk_HI?authuser=0&hl=en&rclk=1,auto repair shop,Warren County,county,IN,2026-07-28T02:18:26,0x8824d16a64465121:0x72fc2461788b7d21
Monro Auto Service and Tire Centers,(814) 726-7114,https://locations.monro.com/pa/warren/80-hatch-run-road?&utm_source=google&utm_medium=organic&utm_campaign=gbp-listing-store_307,,"80 Hatch Run Rd, Warren, PA 16365, United States",80 Hatch Run Rd,Warren,PA,16365,4.4,306,Tire shop,,,https://www.google.com/maps/place/Monro+Auto+Service+and+Tire+Centers/data=!4m7!3m6!1s0x89cd5b23411ca76f:0x5f91e2c983897c65!8m2!3d41.894756!4d-79.1470334!16s%2Fg%2F1tfvtxvq!19sChIJb6ccQSNbzYkRZXyJg8nikV8?authuser=0&hl=en&rclk=1,auto repair shop,Warren County,county,IN,2026-07-28T02:18:26,0x89cd5b23411ca76f:0x5f91e2c983897c65
REBERS REPAIR & MAINTENANCE INC,(260) 375-2554,,,"342 E 1st St, Warren, IN 46792, United States",342 E 1st St,Warren,IN,46792,4.8,44,Auto repair shop,,,https://www.google.com/maps/place/REBERS+REPAIR+%26+MAINTENANCE+INC/data=!4m7!3m6!1s0x8815a56ec46574a7:0x298abf7df319a1c2!8m2!3d40.680435!4d-85.4239312!16s%2Fg%2F1tl_m9x7!19sChIJp3RlxG6lFYgRwqEZ832_iik?authuser=0&hl=en&rclk=1,auto repair shop,Jay County,county,IN,2026-07-27T20:44:38,0x8815a56ec46574a7:0x298abf7df319a1c2
"Ab & Tom's AutoCare, Inc.",(574) 269-3485,http://abandtoms.com/,,"2314 W Old Rd 30, Warsaw, IN 46580, United States",2314 W Old Rd 30,Warsaw,IN,46580,4.7,211,Auto repair shop,,,"https://www.google.com/maps/place/Ab+%26+Tom%27s+AutoCare,+Inc./data=!4m7!3m6!1s0x88169eff9260df0b:0x43c23166af03c77e!8m2!3d41.2484045!4d-85.8882461!16s%2Fg%2F1v75sj1z!19sChIJC99gkv-eFogRfscDr2YxwkM?authuser=0&hl=en&rclk=1",auto repair shop,Kosciusko County,county,IN,2026-07-27T21:33:33,0x88169eff9260df0b:0x43c23166af03c77e
All Motive Solutions,,,,"2251 Dubois Dr, Warsaw, IN 46580, United States",2251 Dubois Dr,Warsaw,IN,46580,,,Auto repair shop,,,https://www.google.com/maps/place/All+Motive+Solutions/data=!4m7!3m6!1s0x88169d005dec15ff:0x3475e33efc453fc3!8m2!3d41.2477645!4d-85.8267363!16s%2Fg%2F11xg5l91p9!19sChIJ_xXsXQCdFogRwz9F_D7jdTQ?authuser=0&hl=en&rclk=1,auto repair shop,Kosciusko County,county,IN,2026-07-27T21:33:33,0x88169d005dec15ff:0x3475e33efc453fc3
"Crouse Body Shop, Inc & 24 Hour Towing",(574) 269-3339,http://www.crousebodyshop.com/,,"279 E 250 N, Warsaw, IN 46582, United States",279 E 250 N,Warsaw,IN,46582,4.8,639,Auto body shop,,,"https://www.google.com/maps/place/Crouse+Body+Shop,+Inc+%26+24+Hour+Towing/data=!4m7!3m6!1s0x88169c1740fccfc1:0x8a998775c815cfac!8m2!3d41.2701683!4d-85.837677!16s%2Fg%2F1tls3ftn!19sChIJwc_8QBecFogRrM8VyHWHmYo?authuser=0&hl=en&rclk=1",auto repair shop,Marshall County,county,IN,2026-07-27T22:27:34,0x88169c1740fccfc1:0x8a998775c815cfac
Glen's Wrecker Services Inc,(574) 269-3460,,,"449 E 250 N, Warsaw, IN 46580, United States",449 E 250 N,Warsaw,IN,46580,4.2,137,Auto wrecker,,,https://www.google.com/maps/place/Glen%27s+Wrecker+Services+Inc/data=!4m7!3m6!1s0x88169c1690933e01:0x3bfc260318b8d8aa!8m2!3d41.2701692!4d-85.8343223!16s%2Fg%2F1tsykt0p!19sChIJAT6TkBacFogRqti4GAMm_Ds?authuser=0&hl=en&rclk=1,auto repair shop,Kosciusko County,county,IN,2026-07-27T21:33:33,0x88169c1690933e01:0x3bfc260318b8d8aa
Jiffy Lube,(574) 269-3626,https://indianajiffylube.com/warsaw-in-oil-change/,,"314 N Detroit St, Warsaw, IN 46580, United States",314 N Detroit St,Warsaw,IN,46580,4.8,1206,Oil change service,,,https://www.google.com/maps/place/Jiffy+Lube/data=!4m7!3m6!1s0x88169e793f91e6b5:0xbe765f033173ac7d!8m2!3d41.24025!4d-85.852528!16s%2Fg%2F1tj224d8!19sChIJteaRP3meFogRfaxzMQNfdr4?authuser=0&hl=en&rclk=1,auto repair shop,Kosciusko County,county,IN,2026-07-27T21:33:33,0x88169e793f91e6b5:0xbe765f033173ac7d
Meineke Car Care Center,(574) 376-6248,https://www.meineke.com/locations/in/warsaw-3018/,,"3296 Lake City Hwy, Warsaw, IN 46580, United States",3296 Lake City Hwy,Warsaw,IN,46580,4.6,39,Auto repair shop,,,https://www.google.com/maps/place/Meineke+Car+Care+Center/data=!4m7!3m6!1s0x88169d88713292bf:0xc6128b6044da2f79!8m2!3d41.2347045!4d-85.8088206!16s%2Fg%2F11yrxb3nrv!19sChIJv5IycYidFogReS_aRGCLEsY?authuser=0&hl=en&rclk=1,auto repair shop,Kosciusko County,county,IN,2026-07-27T21:33:33,0x88169d88713292bf:0xc6128b6044da2f79
NAPA Auto Parts - Warsaw Automotive Supply Corp,(574) 267-5133,https://wittnapa.com/,,"812 N Detroit St, Warsaw, IN 46580, United States",812 N Detroit St,Warsaw,IN,46580,4.3,184,Auto parts store,,,https://www.google.com/maps/place/NAPA+Auto+Parts+-+Warsaw+Automotive+Supply+Corp/data=!4m7!3m6!1s0x88169e7e23dfc3b9:0xc7caadccdc8f1124!8m2!3d41.2467274!4d-85.8520624!16s%2Fg%2F1thgc1kc!19sChIJucPfI36eFogRJBGP3Mytysc?authuser=0&hl=en&rclk=1,auto repair shop,Kosciusko County,county,IN,2026-07-27T21:33:33,0x88169e7e23dfc3b9:0xc7caadccdc8f1124
R & G Auto & Truck Repair Inc,(574) 267-5859,http://www.rgautotruck.net/,,"475 S Cleveland St, Warsaw, IN 46580, United States",475 S Cleveland St,Warsaw,IN,46580,4.2,65,Auto repair shop,,,https://www.google.com/maps/place/R+%26+G+Auto+%26+Truck+Repair+Inc/data=!4m7!3m6!1s0x88169db83ef91673:0xb8af951078881f28!8m2!3d41.2345247!4d-85.8268527!16s%2Fg%2F1vp6_ssh!19sChIJcxb5PridFogRKB-IeBCVr7g?authuser=0&hl=en&rclk=1,auto repair shop,Kosciusko County,county,IN,2026-07-27T21:33:33,0x88169db83ef91673:0xb8af951078881f28
Walmart Auto Care Center,(574) 269-7718,https://www.walmart.com/store/1304-warsaw-in/auto-care-center/?veh=seo_loc,,"2501 Walton Blvd, Warsaw, IN 46582, United States",2501 Walton Blvd,Warsaw,IN,46582,3.2,92,Oil change service,,,https://www.google.com/maps/place/Walmart+Auto+Care+Center/data=!4m7!3m6!1s0x88169ea38721e367:0x6228d9148b89c9cc!8m2!3d41.2714083!4d-85.8566205!16s%2Fg%2F1wh4gg9m!19sChIJZ-Mhh6OeFogRzMmJixTZKGI?authuser=0&hl=en&rclk=1,auto repair shop,Kosciusko County,county,IN,2026-07-27T21:33:33,0x88169ea38721e367:0x6228d9148b89c9cc
Walts Garage Inc,(724) 225-0178,,,"1067 E National Pike, Washington, PA 15301, United States",1067 E National Pike,Washington,PA,15301,5.0,8,Auto repair shop,,,https://www.google.com/maps/place/Walts+Garage+Inc/data=!4m7!3m6!1s0x8835a97f4be61e73:0xdfd110607fb125!8m2!3d40.1283709!4d-80.14403!16s%2Fg%2F1tjh00gq!19sChIJcx7mS3-pNYgRJbF_YBDR3wA?authuser=0&hl=en&rclk=1,auto repair shop,Washington County,county,IN,2026-07-28T02:24:07,0x8835a97f4be61e73:0xdfd110607fb125
Washington brake and Alignment Inc,(812) 254-4222,http://washingtonbrakeandalignment.com/,,"10 Mill St, Washington, IN 47501, United States",10 Mill St,Washington,IN,47501,4.2,47,Auto repair shop,,,https://www.google.com/maps/place/Washington+brake+and+Alignment+Inc/data=!4m7!3m6!1s0x886ddf1e95dbab33:0xf135f5b53f1bc976!8m2!3d38.6564586!4d-87.1660301!16s%2Fg%2F1tj3lv53!19sChIJM6vblR7fbYgRdskbP7X1NfE?authuser=0&hl=en&rclk=1,auto repair shop,Daviess County,county,IN,2026-07-27T17:56:38,0x886ddf1e95dbab33:0xf135f5b53f1bc976
F & R Automotive Car Care,,,,"34655 E Michigan Ave, Wayne, MI 48184, United States",34655 E Michigan Ave,Wayne,MI,48184,4.6,204,Auto repair shop,,,https://www.google.com/maps/place/F+%26+R+Automotive+Car+Care/data=!4m7!3m6!1s0x883b4e7fc6ca8655:0x1707206e8d64f8a9!8m2!3d42.2799861!4d-83.3802954!16s%2Fg%2F1tlw9rh5!19sChIJVYbKxn9OO4gRqfhkjW4gBxc?authuser=0&hl=en&rclk=1,auto repair shop,Wayne County,county,IN,2026-07-28T02:27:59,0x883b4e7fc6ca8655:0x1707206e8d64f8a9
Greg & Son's Auto Services Inc,(973) 696-2548,http://greg2sons.com/,,"11 Mountainview Blvd, Wayne, NJ 07470, United States",11 Mountainview Blvd,Wayne,NJ,07470,4.7,123,Auto repair shop,,,https://www.google.com/maps/place/Greg+%26+Son%27s+Auto+Services+Inc/data=!4m7!3m6!1s0x89c301805c4421e7:0x5df3fcef5f021892!8m2!3d40.9107277!4d-74.2622026!16s%2Fg%2F1trxfms3!19sChIJ5yFEXIABw4kRkhgCX-_8810?authuser=0&hl=en&rclk=1,auto repair shop,Wayne County,county,IN,2026-07-28T02:27:59,0x89c301805c4421e7:0x5df3fcef5f021892
Henry’s Service Center Inc.,(734) 721-8721,,,"3041 S Wayne Rd, Wayne, MI 48184, United States",3041 S Wayne Rd,Wayne,MI,48184,4.7,176,Auto repair shop,,,https://www.google.com/maps/place/Henry%E2%80%99s+Service+Center+Inc./data=!4m7!3m6!1s0x883b4dd407f3d1c1:0xe25153cd763a8910!8m2!3d42.2868872!4d-83.3836935!16s%2Fg%2F1tlw9rh3!19sChIJwdHzB9RNO4gREIk6ds1TUeI?authuser=0&hl=en&rclk=1,auto repair shop,Wayne County,county,IN,2026-07-28T02:27:59,0x883b4dd407f3d1c1:0xe25153cd763a8910
"Whitewater Motors, Inc.",(812) 637-3211,https://www.whitewatermotors.com/,,"158 Harrison Brookville Rd, West Harrison, IN 47060, United States",158 Harrison Brookville Rd,West Harrison,IN,47060,4.9,1048,Used car dealer,,,"https://www.google.com/maps/place/Whitewater+Motors,+Inc./data=!4m7!3m6!1s0x88402d9b8ee7dd6d:0xbd27e98a14893d41!8m2!3d39.2746822!4d-84.8213612!16s%2Fg%2F11l2gy7094!19sChIJbd3njpstQIgRQT2JFIrpJ70?authuser=0&hl=en&rclk=1",auto repair shop,Dearborn County,county,IN,2026-07-27T18:06:19,0x88402d9b8ee7dd6d:0xbd27e98a14893d41
P.A. Motorsports,,,,"4021 US-52, West Lafayette, IN 47906, United States",4021 US-52,West Lafayette,IN,47906,4.8,45,Auto repair shop,,,https://www.google.com/maps/place/P.A.+Motorsports/data=!4m7!3m6!1s0x8812fc821539bb31:0xc9044facb6a13f4b!8m2!3d40.467053!4d-86.980782!16s%2Fg%2F1hhj8m34y!19sChIJMbs5FYL8EogRSz-htqxPBMk?authuser=0&hl=en&rclk=1,auto repair shop,Benton County,county,IN,2026-07-27T16:21:16,0x8812fc821539bb31:0xc9044facb6a13f4b
Take 5 Oil Change,(765) 340-2223,https://www.take5.com/locations/oil-change/indiana/west-lafayette/31436/?utm_source=google&utm_medium=organic&utm_campaign=gbp_website,,"2678 US-52, West Lafayette, IN 47906, United States",2678 US-52,West Lafayette,IN,47906,5.0,2923,Oil change service,,,https://www.google.com/maps/place/Take+5+Oil+Change/data=!4m7!3m6!1s0x8812fd2322e5f8e5:0x64c7459050f92798!8m2!3d40.467992!4d-86.9564644!16s%2Fg%2F11kk7wbj5s!19sChIJ5fjlIiP9EogRmCf5UJBFx2Q?authuser=0&hl=en&rclk=1,auto repair shop,Tippecanoe County,county,IN,2026-07-28T01:42:32,0x8812fd2322e5f8e5:0x64c7459050f92798
All American Auto Repair Inc,(812) 533-2135,,,"2 E Paris Ave, West Terre Haute, IN 47885, United States",2 E Paris Ave,West Terre Haute,IN,47885,5.0,2,Auto repair shop,,,https://www.google.com/maps/place/All+American+Auto+Repair+Inc/data=!4m7!3m6!1s0x886d64b9e8019595:0x5df0e8a095bd683f!8m2!3d39.4694762!4d-87.4443551!16s%2Fg%2F1v8j15jt!19sChIJlZUB6LlkbYgRP2i9laDo8F0?authuser=0&hl=en&rclk=1,auto repair shop,Vermillion County,county,IN,2026-07-28T02:03:21,0x886d64b9e8019595:0x5df0e8a095bd683f
"Esler's Auto Repair, Inc.",(317) 896-9060,http://www.eslersautorepair.com/,,"1720 W Tournament Trl, Westfield, IN 46074, United States",1720 W Tournament Trl,Westfield,IN,46074,4.9,847,Auto repair shop,,,"https://www.google.com/maps/place/Esler%27s+Auto+Repair,+Inc./data=!4m7!3m6!1s0x8814af8ee52d8b0d:0x8768db1a879b7f9f!8m2!3d40.0433863!4d-86.1899469!16s%2Fg%2F11q9s9h4t0!19sChIJDYst5Y6vFIgRn3-bhxrbaIc?authuser=0&hl=en&rclk=1",auto repair shop,Madison County,county,IN,2026-07-27T22:08:08,0x8814af8ee52d8b0d:0x8768db1a879b7f9f
Firestone Complete Auto Care,(317) 399-4926,https://www.firestonecompleteautocare.com/indiana/westfield/17577-carey-rd/?utm_source=google&utm_medium=organic&utm_campaign=localmaps&cmp=oloc_google_localmaps_maps,,"17577 Carey Rd, Westfield, IN 46074, United States",17577 Carey Rd,Westfield,IN,46074,4.3,343,Tire shop,,,https://www.google.com/maps/place/Firestone+Complete+Auto+Care/data=!4m7!3m6!1s0x8814afecb0024c7f:0x5c2b40267db226d3!8m2!3d40.0416358!4d-86.1083729!16s%2Fg%2F11jk5wmlq5!19sChIJf0wCsOyvFIgR0yayfSZAK1w?authuser=0&hl=en&rclk=1,auto repair shop,Hamilton County,county,IN,2026-07-27T19:58:44,0x8814afecb0024c7f:0x5c2b40267db226d3
B & E Automotive Services Inc,(410) 848-8714,http://b-e-automotive.poi.place/,,"121 John St #2, Westminster, MD 21157, United States",121 John St #2,Westminster,MD,21157,4.8,58,Auto repair shop,,,https://www.google.com/maps/place/B+%26+E+Automotive+Services+Inc/data=!4m7!3m6!1s0x89c847f41ce42267:0xdcea41afabcfba4a!8m2!3d39.5801583!4d-76.9929404!16s%2Fg%2F113hcjmx8!19sChIJZyLkHPRHyIkRSrrPq69B6tw?authuser=0&hl=en&rclk=1,auto repair shop,Carroll County,county,IN,2026-07-27T16:58:22,0x89c847f41ce42267:0xdcea41afabcfba4a
Bowen Auto Inc.,(410) 848-1999,,,"353 E Main St, Westminster, MD 21157, United States",353 E Main St,Westminster,MD,21157,4.9,42,Auto repair shop,,,https://www.google.com/maps/place/Bowen+Auto+Inc./data=!4m7!3m6!1s0x89c8386d83ee863d:0x4b30845f6f9ac84a!8m2!3d39.564407!4d-76.984207!16s%2Fg%2F1tjds93n!19sChIJPYbug204yIkRSsiab1-EMEs?authuser=0&hl=en&rclk=1,auto repair shop,Carroll County,county,IN,2026-07-27T16:58:22,0x89c8386d83ee863d:0x4b30845f6f9ac84a
Firestone Complete Auto Care,(443) 244-9870,https://www.firestonecompleteautocare.com/maryland/westminster/580-village-shopping-center/?utm_source=google&utm_medium=organic&utm_campaign=localmaps&cmp=oloc_google_localmaps_maps,,"580 Village Shopping Center, Westminster, MD 21157, United States",580 Village Shopping Center,Westminster,MD,21157,4.4,528,Tire shop,,,https://www.google.com/maps/place/Firestone+Complete+Auto+Care/data=!4m7!3m6!1s0x89c83871b1953c11:0xa2db47a0aa92f4fa!8m2!3d39.5655651!4d-76.976928!16s%2Fg%2F1tgcsvvl!19sChIJETyVsXE4yIkR-vSSqqBH26I?authuser=0&hl=en&rclk=1,auto repair shop,Carroll County,county,IN,2026-07-27T16:58:22,0x89c83871b1953c11:0xa2db47a0aa92f4fa
Francis Automotive Inc,(410) 840-2697,http://francisautomotivemd.com/,,"25 Washington Rd, Westminster, MD 21157, United States",25 Washington Rd,Westminster,MD,21157,5.0,50,Auto repair shop,,,https://www.google.com/maps/place/Francis+Automotive+Inc/data=!4m7!3m6!1s0x89c8380d52a68b49:0xa8f02475a41909ad!8m2!3d39.5654926!4d-76.9875448!16s%2Fg%2F1tjtk77v!19sChIJSYumUg04yIkRrQkZpHUk8Kg?authuser=0&hl=en&rclk=1,auto repair shop,Carroll County,county,IN,2026-07-27T16:58:22,0x89c8380d52a68b49:0xa8f02475a41909ad
C & D Rigby Auto Repair Inc.,(812) 591-2010,,,"308 E Schott St, Westport, IN 47283, United States",308 E Schott St,Westport,IN,47283,5.0,20,Auto repair shop,,,https://www.google.com/maps/place/C+%26+D+Rigby+Auto+Repair+Inc./data=!4m7!3m6!1s0x886a55d8d3019445:0x84767559f99acede!8m2!3d39.1789241!4d-85.5723256!16s%2Fg%2F11sghs5mld!19sChIJRZQB09hVaogR3s6a-Vl1doQ?authuser=0&hl=en&rclk=1,auto repair shop,Harrison County,county,IN,2026-07-27T20:12:49,0x886a55d8d3019445:0x84767559f99acede
moser tire,,,,"1325 County Rd 950 N, Wheatfield, IN 46392, United States",1325 County Rd 950 N,Wheatfield,IN,46392,,,Auto repair shop,,,https://www.google.com/maps/place/moser+tire/data=!4m7!3m6!1s0x88122f000b648401:0xa83d52cf75d747f3!8m2!3d41.1495947!4d-87.0200128!16s%2Fg%2F11lz_m4j1q!19sChIJAYRkCwAvEogR80fXdc9SPag?authuser=0&hl=en&rclk=1,auto repair shop,Pulaski County,county,IN,2026-07-28T00:39:32,0x88122f000b648401:0xa83d52cf75d747f3
Jiffy Lube,(317) 719-4656,https://www.jiffylube.com/locations/in/whiteland/4098,,"839 US 31 S, Whiteland, IN 46184, United States",839 US 31 S,Whiteland,IN,46184,4.6,1057,Oil change service,,,https://www.google.com/maps/place/Jiffy+Lube/data=!4m7!3m6!1s0x886b5d9502f70323:0xccc586eb055b9f61!8m2!3d39.5623121!4d-86.0909543!16s%2Fg%2F11n__yldpn!19sChIJIwP3ApVda4gRYZ9bBeuGxcw?authuser=0&hl=en&rclk=1,auto repair shop,Johnson County,county,IN,2026-07-27T21:10:42,0x886b5d9502f70323:0xccc586eb055b9f61
Professional Auto Care Center Inc,(317) 535-1700,,,"200 US-31, Whiteland, IN 46184, United States",200 US-31,Whiteland,IN,46184,4.8,62,Auto repair shop,,,https://www.google.com/maps/place/Professional+Auto+Care+Center+Inc/data=!4m7!3m6!1s0x886b687a2bc70103:0x2b842e0d83ba788b!8m2!3d39.5528509!4d-86.0884822!16s%2Fg%2F1tdc1cz9!19sChIJAwHHK3poa4gRi3i6gw0uhCs?authuser=0&hl=en&rclk=1,auto repair shop,Johnson County,county,IN,2026-07-27T21:10:42,0x886b687a2bc70103:0x2b842e0d83ba788b
Dave's Auto,,,,"2800-2998 N 3rd Ave, Williamsport, IN 47993, United States",2800-2998 N 3rd Ave,Williamsport,IN,47993,4.5,6,Auto repair shop,,,https://www.google.com/maps/place/Dave%27s+Auto/data=!4m7!3m6!1s0x881299f650d19465:0x5a54f33642d62818!8m2!3d40.3590226!4d-87.3940398!16s%2Fg%2F11c3170hc5!19sChIJZZTRUPaZEogRGCjWQjbzVFo?authuser=0&hl=en&rclk=1,auto repair shop,Benton County,county,IN,2026-07-27T16:21:16,0x881299f650d19465:0x5a54f33642d62818
Certified Automotive Inc.,(302) 633-1860,https://certifiedautomotiveinc.com/,,"1321 Newport Gap Pike, Wilmington, DE 19804, United States",1321 Newport Gap Pike,Wilmington,DE,19804,4.9,185,Auto repair shop,,,https://www.google.com/maps/place/Certified+Automotive+Inc./data=!4m7!3m6!1s0x89c701f876ff586b:0xde8ea5c4fdbcfee4!8m2!3d39.7281361!4d-75.6208742!16s%2Fg%2F1tmgdd5c!19sChIJa1j_dvgBx4kR5P68_cSljt4?authuser=0&hl=en&rclk=1,auto repair shop,Delaware County,county,IN,2026-07-27T18:25:53,0x89c701f876ff586b:0xde8ea5c4fdbcfee4
"Jim Dobson Ford, Inc. Collision",(574) 946-3117,https://www.jimdobsonford.com/,,"806 N Plymouth Rd, Winamac, IN 46996, United States",806 N Plymouth Rd,Winamac,IN,46996,5.0,1,Auto body shop,,,"https://www.google.com/maps/place/Jim+Dobson+Ford,+Inc.+Collision/data=!4m7!3m6!1s0x8813c3374c2576ab:0xa65cd13693384060!8m2!3d41.0589507!4d-86.6026343!16s%2Fg%2F11pwy86ps8!19sChIJq3YlTDfDE4gRYEA4kzbRXKY?authuser=0&hl=en&rclk=1",auto repair shop,Pulaski County,county,IN,2026-07-28T00:39:32,0x8813c3374c2576ab:0xa65cd13693384060
"Jim Dobson Ford, Inc. Service",(574) 946-3117,https://www.jimdobsonford.com/,,"806 N Plymouth Rd, Winamac, IN 46996, United States",806 N Plymouth Rd,Winamac,IN,46996,,,Auto repair shop,,,"https://www.google.com/maps/place/Jim+Dobson+Ford,+Inc.+Service/data=!4m7!3m6!1s0x8813c3867de6ea6d:0x238921580387b1a2!8m2!3d41.0589507!4d-86.6026343!16s%2Fg%2F11p39l4dv7!19sChIJbermfYbDE4gRorGHA1ghiSM?authuser=0&hl=en&rclk=1",auto repair shop,Pulaski County,county,IN,2026-07-28T00:39:32,0x8813c3867de6ea6d:0x238921580387b1a2
Vander Haag's Inc.,(574) 200-7026,http://www.vanderhaags.com/,,"495 E 150 S, Winamac, IN 46996, United States",495 E 150 S,Winamac,IN,46996,4.6,278,Truck parts supplier,,,https://www.google.com/maps/place/Vander+Haag%27s+Inc./data=!4m7!3m6!1s0x8813c28bdc3889bf:0x2d697046706f46cf!8m2!3d41.0332785!4d-86.5939782!16s%2Fg%2F1thl60p2!19sChIJv4k43IvCE4gRz0ZvcEZwaS0?authuser=0&hl=en&rclk=1,auto repair shop,Pulaski County,county,IN,2026-07-28T00:39:32,0x8813c28bdc3889bf:0x2d697046706f46cf
NAPA Auto Parts - Ridge-Winchester Co Inc,(765) 584-3191,https://www.napaonline.com/en/IN/Winchester/store/23499?cid=pl_jobber_google_dac_23499_ao,,"646 E Washington St, Winchester, IN 47394, United States",646 E Washington St,Winchester,IN,47394,4.1,36,Auto parts store,,,https://www.google.com/maps/place/NAPA+Auto+Parts+-+Ridge-Winchester+Co+Inc/data=!4m7!3m6!1s0x88155fba654ee84b:0x109fbc57c53d9c2d!8m2!3d40.172241!4d-84.970741!16s%2Fg%2F1tjv43bz!19sChIJS-hOZbpfFYgRLZw9xVe8nxA?authuser=0&hl=en&rclk=1,auto repair shop,Randolph County,county,IN,2026-07-28T00:52:17,0x88155fba654ee84b:0x109fbc57c53d9c2d
Rittenhouse Ag & Commercial Tire,,,,"129 Railroad St, Winchester, IN 47394, United States",129 Railroad St,Winchester,IN,47394,5.0,2,Auto repair shop,,,https://www.google.com/maps/place/Rittenhouse+Ag+%26+Commercial+Tire/data=!4m7!3m6!1s0x88155f0019d51249:0x357c2630b6f56e66!8m2!3d40.1754454!4d-84.9799685!16s%2Fg%2F11x5j9b4v_!19sChIJSRLVGQBfFYgRZm71tjAmfDU?authuser=0&hl=en&rclk=1,auto repair shop,Randolph County,county,IN,2026-07-28T00:52:17,0x88155f0019d51249:0x357c2630b6f56e66
Walmart Auto Care Center,(765) 584-2231,https://www.walmart.com/store/1480-winchester-in/auto-care-center/?veh=seo_loc,,"950 E Greenville Pike, Winchester, IN 47394, United States",950 E Greenville Pike,Winchester,IN,47394,4.1,33,Oil change service,,,https://www.google.com/maps/place/Walmart+Auto+Care+Center/data=!4m7!3m6!1s0x88155f9f144a9d91:0x88e817e306994565!8m2!3d40.1629473!4d-84.9651736!16s%2Fg%2F1ts3g6gz!19sChIJkZ1KFJ9fFYgRZUWZBuMX6Ig?authuser=0&hl=en&rclk=1,auto repair shop,Randolph County,county,IN,2026-07-28T00:52:17,0x88155f9f144a9d91:0x88e817e306994565
Buck's Garage Ayrshire IN,,,,"2427 375 S, Winslow, IN 47598, United States",2427 375 S,Winslow,IN,47598,,,Auto machine shop,,,https://www.google.com/maps/place/Buck%27s+Garage+Ayrshire+IN/data=!4m7!3m6!1s0x886e134f85459023:0x7bd91733c6d66f1b!8m2!3d38.3738564!4d-87.2328835!16s%2Fg%2F11z5zn5j8x!19sChIJI5BFhU8TbogRG2_WxjMX2Xs?authuser=0&hl=en&rclk=1,auto repair shop,Pike County,county,IN,2026-07-28T00:15:17,0x886e134f85459023:0x7bd91733c6d66f1b
Firestone Complete Auto Care,(317) 942-0625,https://www.firestonecompleteautocare.com/indiana/zionsville/11035-n-michigan-rd/?utm_source=google&utm_medium=organic&utm_campaign=localmaps&cmp=oloc_google_localmaps_maps,,"11035 N Michigan Rd, Zionsville, IN 46077, United States",11035 N Michigan Rd,Zionsville,IN,46077,4.3,388,Tire shop,,,https://www.google.com/maps/place/Firestone+Complete+Auto+Care/data=!4m7!3m6!1s0x8814aa921b9c2577:0x331433bfd65b3070!8m2!3d39.9473202!4d-86.2388974!16s%2Fg%2F1tl1jhgn!19sChIJdyWcG5KqFIgRcDBb1r8zFDM?authuser=0&hl=en&rclk=1,auto repair shop,Hamilton County,county,IN,2026-07-27T19:58:44,0x8814aa921b9c2577:0x331433bfd65b3070
