name,phone,website,email,address,street,city,state,zip,rating,review_count,category,hours_status,hours_detail,google_maps_url,search_keyword,search_place,search_type,search_state,scraped_at,place_id
A-1 Tire & Auto,,,,"Mound City, KS 66056, United States",,,KS,,5.0,1,,,,https://www.google.com/maps/place/A-1+Tire+%26+Auto/data=!4m7!3m6!1s0x87c769571421727d:0xf24bae87c26d9e94!8m2!3d38.1427199!4d-94.8142514!16s%2Fg%2F11x1n5fn9q!19sChIJfXIhFFdpx4cRlJ5twoeuS_I?authuser=0&hl=en&rclk=1,auto repair shop,Bourbon County,county,KS,2026-07-28T04:05:43,0x87c769571421727d:0xf24bae87c26d9e94
Agee´s Service,,,,"Sabetha, KS 66534, United States",,,KS,,,,Auto repair shop,,,https://www.google.com/maps/place/Agee%C2%B4s+Service/data=!4m7!3m6!1s0x879581469b182ac1:0x1ab705d6ff18f079!8m2!3d39.9026933!4d-95.8003564!16s%2Fg%2F11x1n51f06!19sChIJwSoYm0aBlYcRefAY_9YFtxo?authuser=0&hl=en&rclk=1,auto repair shop,Nemaha County,county,KS,2026-07-28T09:32:10,0x879581469b182ac1:0x1ab705d6ff18f079
Brodie's Auto Service & Repair,,,,"Emporia, KS 66801, United States",,,KS,,,,Auto repair shop,,,https://www.google.com/maps/place/Brodie%27s+Auto+Service+%26+Repair/data=!4m7!3m6!1s0x87b94dd6285a295b:0x80ab7b495a1274bd!8m2!3d38.4053195!4d-96.2025437!16s%2Fg%2F11z5957_0p!19sChIJWylaKNZNuYcRvXQSWkl7q4A?authuser=0&hl=en&rclk=1,auto repair shop,Lyon County,county,KS,2026-07-28T08:08:47,0x87b94dd6285a295b:0x80ab7b495a1274bd
Buenger Automotive,,,,"Osage City, KS 66523, United States",,,KS,,,,Car repair and maintenance service,,,https://www.google.com/maps/place/Buenger+Automotive/data=!4m7!3m6!1s0x87bed0d7efbc8467:0xdaa0c1840ad3f280!8m2!3d38.6347549!4d-95.8240608!16s%2Fg%2F11s0z9gylz!19sChIJZ4S879fQvocRgPLTCoTBoNo?authuser=0&hl=en&rclk=1,auto repair shop,Osage County,county,KS,2026-07-28T10:13:28,0x87bed0d7efbc8467:0xdaa0c1840ad3f280
Coyote 1,,,,"Leavenworth, KS 66048, United States",,,KS,,,,Auto repair shop,,,https://www.google.com/maps/place/Coyote+1/data=!4m7!3m6!1s0x87c07b00711bf579:0xf9626215a2cf6871!8m2!3d39.3358401!4d-94.9661633!16s%2Fg%2F11wy0ct35m!19sChIJefUbcQB7wIcRcWjPohViYvk?authuser=0&hl=en&rclk=1,auto repair shop,Leavenworth County,county,KS,2026-07-28T07:46:48,0x87c07b00711bf579:0xf9626215a2cf6871
Cunningham Auto Service,,,,"Cunningham, KS 67035, United States",,,KS,,5.0,4,,,,https://www.google.com/maps/place/Cunningham+Auto+Service/data=!4m7!3m6!1s0x87a501b02c705d05:0x147ddaa280cd3637!8m2!3d37.6454852!4d-98.4319109!16s%2Fg%2F11ldwpn_jz!19sChIJBV1wLLABpYcRNzbNgKLafRQ?authuser=0&hl=en&rclk=1,auto repair shop,Stanton County,county,KS,2026-07-28T13:17:10,0x87a501b02c705d05:0x147ddaa280cd3637
Hodges Body Shop,,,,"Lyons, KS 67554, United States",,,KS,,3.7,3,Auto body shop,,,https://www.google.com/maps/place/Hodges+Body+Shop/data=!4m7!3m6!1s0x87a49e384c34d2cd:0x1242b5b382c280f9!8m2!3d38.3493958!4d-98.1891995!16s%2Fg%2F1tf71fk6!19sChIJzdI0TDiepIcR-YDCgrO1QhI?authuser=0&hl=en&rclk=1,auto repair shop,Rice County,county,KS,2026-07-28T11:32:10,0x87a49e384c34d2cd:0x1242b5b382c280f9
Leroy Coop,,,,"LeRoy, KS 66857, United States",,,KS,,5.0,1,Auto repair shop,,,https://www.google.com/maps/place/Leroy+Coop/data=!4m7!3m6!1s0x87b8e50012584d6b:0xddc1b9aef6c88be3!8m2!3d38.0843917!4d-95.6337114!16s%2Fg%2F11vpxl1__t!19sChIJa01YEgDluIcR44vI9q65wd0?authuser=0&hl=en&rclk=1,auto repair shop,Woodson County,county,KS,2026-07-28T14:09:35,0x87b8e50012584d6b:0xddc1b9aef6c88be3
Multi-Mile Tires,,,,"Norton, KS 67654, United States",,,KS,,,,Tire shop,,,https://www.google.com/maps/place/Multi-Mile+Tires/data=!4m7!3m6!1s0x879f75869fc4f9a1:0x923a541dd1b4ceac!8m2!3d39.8387586!4d-99.8963459!16s%2Fg%2F11gly37vjh!19sChIJofnEn4Z1n4cRrM600R1UOpI?authuser=0&hl=en&rclk=1,auto repair shop,Norton County,county,KS,2026-07-28T10:03:12,0x879f75869fc4f9a1:0x923a541dd1b4ceac
Premier P D R & Repair,,,,"Cimarron, KS 67835, United States",,,KS,,3.0,2,Auto repair shop,,,https://www.google.com/maps/place/Premier+P+D+R+%26+Repair/data=!4m7!3m6!1s0x87a76bd8499ec8af:0xe9b7ed7a38b85808!8m2!3d37.8064744!4d-100.3474649!16s%2Fg%2F11g1npphbw!19sChIJr8ieSdhrp4cRCFi4OHrtt-k?authuser=0&hl=en&rclk=1,auto repair shop,Comanche County,county,KS,2026-07-28T05:07:18,0x87a76bd8499ec8af:0xe9b7ed7a38b85808
The Body Shop,,,,"Liberal, KS 67901, United States",,,KS,,5.0,1,Auto repair shop,,,https://www.google.com/maps/place/The+Body+Shop/data=!4m7!3m6!1s0x8708135aad605d75:0x2c52c41f842aca07!8m2!3d37.0430812!4d-100.920999!16s%2Fg%2F11fslpfxfy!19sChIJdV1grVoTCIcRB8oqhB_EUiw?authuser=0&hl=en&rclk=1,auto repair shop,Seward County,county,KS,2026-07-28T12:40:30,0x8708135aad605d75:0x2c52c41f842aca07
The Repair Guy,,http://www.therepairguyllc.com/,,,,,KS,,4.9,50,Handyman/Handywoman/Handyperson,,,https://www.google.com/maps/place/The+Repair+Guy/data=!4m7!3m6!1s0xa9990fd4a674c3f:0xca37dab7d50e2dbe!8m2!3d37.864359!4d-95.0692995!16s%2Fg%2F11vxxr9dd5!19sChIJP0xnSv2QmQoRvi0O1bfaN8o?authuser=0&hl=en&rclk=1,auto repair shop,Bourbon County,county,KS,2026-07-28T04:05:43,0xa9990fd4a674c3f:0xca37dab7d50e2dbe
Abilene Auto Repair,,,,"415 NE 14th St, Abilene, KS 67410, United States",415 NE 14th St,Abilene,KS,67410,,,,,,https://www.google.com/maps/place/Abilene+Auto+Repair/data=!4m7!3m6!1s0x87bcf09d11429547:0xbef5c503814627ed!8m2!3d38.9302009!4d-97.2095968!16s%2Fg%2F11fct5r4qq!19sChIJR5VCEZ3wvIcR7SdGgQPF9b4?authuser=0&hl=en&rclk=1,auto repair shop,Dickinson County,county,KS,2026-07-28T05:35:36,0x87bcf09d11429547:0xbef5c503814627ed
Belair Inc,(785) 263-4130,,,"307 W 1st St, Abilene, KS 67410, United States",307 W 1st St,Abilene,KS,67410,4.7,3,Auto body shop,,,https://www.google.com/maps/place/Belair+Inc/data=!4m7!3m6!1s0x87bcf08bf1a67507:0x4923edcb7906e053!8m2!3d38.914946!4d-97.217294!16s%2Fg%2F1tj89ytf!19sChIJB3Wm8YvwvIcRU-AGecvtI0k?authuser=0&hl=en&rclk=1,auto repair shop,Dickinson County,county,KS,2026-07-28T05:35:36,0x87bcf08bf1a67507:0x4923edcb7906e053
GrafLine TradeWorks Company,,,,"100 Opal Rd, Abilene, KS 67410, United States",100 Opal Rd,Abilene,KS,67410,,,Auto repair shop,,,https://www.google.com/maps/place/GrafLine+TradeWorks+Company/data=!4m7!3m6!1s0x87bcf1007de8facb:0xb2ec0315a9272343!8m2!3d38.9146375!4d-97.2470347!16s%2Fg%2F11zch3pynr!19sChIJy_rofQDxvIcRQyMnqRUD7LI?authuser=0&hl=en&rclk=1,auto repair shop,Dickinson County,county,KS,2026-07-28T05:35:36,0x87bcf1007de8facb:0xb2ec0315a9272343
"Holm Automotive Center, INC.",(785) 263-4000,https://www.holmauto.com/,,"2005 N Buckeye Ave, Abilene, KS 67410, United States",2005 N Buckeye Ave,Abilene,KS,67410,4.8,760,Chevrolet dealer,,,"https://www.google.com/maps/place/Holm+Automotive+Center,+INC./data=!4m7!3m6!1s0x87bcfa798fbc2c2f:0xa31b6d5750f05a0d!8m2!3d38.9366874!4d-97.2126846!16s%2Fg%2F1tk1nhsm!19sChIJLyy8j3n6vIcRDVrwUFdtG6M?authuser=0&hl=en&rclk=1",auto repair shop,Dickinson County,county,KS,2026-07-28T05:35:36,0x87bcfa798fbc2c2f:0xa31b6d5750f05a0d
"NAPA Auto Parts - Catlett Automotive (Abilene, KS)",(785) 263-1912,https://www.catlettautomotive.com/,,"330 N Buckeye Ave, Abilene, KS 67410, United States",330 N Buckeye Ave,Abilene,KS,67410,4.7,56,Auto parts store,,,"https://www.google.com/maps/place/NAPA+Auto+Parts+-+Catlett+Automotive+%28Abilene,+KS%29/data=!4m7!3m6!1s0x87bcf08ef854719f:0x109d1468561829c8!8m2!3d38.9181799!4d-97.2142383!16s%2Fg%2F1tdpb3rf!19sChIJn3FU-I7wvIcRyCkYVmgUnRA?authuser=0&hl=en&rclk=1",auto repair shop,Dickinson County,county,KS,2026-07-28T05:35:36,0x87bcf08ef854719f:0x109d1468561829c8
Robson Oil Co Inc,(785) 263-2470,,,"1302 Portland St, Abilene, KS 67410, United States",1302 Portland St,Abilene,KS,67410,5.0,2,Auto repair shop,,,https://www.google.com/maps/place/Robson+Oil+Co+Inc/data=!4m7!3m6!1s0x87bcf00818c0376b:0xc8900d629f6ea472!8m2!3d38.929083!4d-97.2537178!16s%2Fg%2F1tfcj8br!19sChIJazfAGAjwvIcRcqRun2INkMg?authuser=0&hl=en&rclk=1,auto repair shop,Dickinson County,county,KS,2026-07-28T05:35:36,0x87bcf00818c0376b:0xc8900d629f6ea472
Ultimate Finish PDR,,,,"1215 NW 3rd St, Abilene, KS 67410, United States",1215 NW 3rd St,Abilene,KS,67410,,,Auto body shop,,,https://www.google.com/maps/place/Ultimate+Finish+PDR/data=!4m7!3m6!1s0x87bcf1004201e7bb:0xfbcb59592271f1da!8m2!3d38.917049!4d-97.2340481!16s%2Fg%2F11xflybjk5!19sChIJu-cBQgDxvIcR2vFxIllZy_s?authuser=0&hl=en&rclk=1,auto repair shop,Dickinson County,county,KS,2026-07-28T05:35:36,0x87bcf1004201e7bb:0xfbcb59592271f1da
Dunlap Automotive Service Inc.,(816) 253-9085,,,"11230 SE State Hwy Ff, Agency, MO 64401, United States",11230 SE State Hwy Ff,Agency,MO,64401,5.0,33,Auto repair shop,,,https://www.google.com/maps/place/Dunlap+Automotive+Service+Inc./data=!4m7!3m6!1s0x87c0160d873bc0a5:0x421227c5a8c65bcd!8m2!3d39.6483453!4d-94.746001!16s%2Fg%2F1tzzw0bn!19sChIJpcA7hw0WwIcRzVvGqMUnEkI?authuser=0&hl=en&rclk=1,auto repair shop,Doniphan County,county,KS,2026-07-28T05:41:17,0x87c0160d873bc0a5:0x421227c5a8c65bcd
Allen Automotive,,,,"422 S Main St, Allen, KS 66833, United States",422 S Main St,Allen,KS,66833,5.0,3,Auto repair shop,,,https://www.google.com/maps/place/Allen+Automotive/data=!4m7!3m6!1s0x87beb0a0d91d5f21:0xe011673d72ed959f!8m2!3d38.6556454!4d-96.1694541!16s%2Fg%2F11s45zgnv4!19sChIJIV8d2aCwvocRn5Xtcj1nEeA?authuser=0&hl=en&rclk=1,auto repair shop,Mitchell County,county,KS,2026-07-28T08:39:59,0x87beb0a0d91d5f21:0xe011673d72ed959f
Elite Mobile Semi & RV Repair,,https://elitemobilesemiandrv.com/,service@elitemobilesemiandrv.com,"1627 N Andover Rd, Andover, KS 67002, United States",1627 N Andover Rd,Andover,KS,67002,4.9,113,Truck repair shop,,,https://www.google.com/maps/place/Elite+Mobile+Semi+%26+RV+Repair/data=!4m7!3m6!1s0x29834a22287661d9:0xd010c633675d0368!8m2!3d37.7147793!4d-97.1354531!16s%2Fg%2F11kq2m_y2y!19sChIJ2WF2KCJKgykRaANdZzPGENA?authuser=0&hl=en&rclk=1,auto repair shop,Montgomery County,county,KS,2026-07-28T08:54:41,0x29834a22287661d9:0xd010c633675d0368
Ark City Tire & Auto Inc,(620) 442-8473,,,"802 E Madison Ave, Arkansas City, KS 67005, United States",802 E Madison Ave,Arkansas City,KS,67005,4.6,64,Auto repair shop,,,https://www.google.com/maps/place/Ark+City+Tire+%26+Auto+Inc/data=!4m7!3m6!1s0x87b081ba163c8289:0x63da970dd585ad96!8m2!3d37.0567056!4d-97.0298712!16s%2Fg%2F1thkxs7p!19sChIJiYI8FrqBsIcRlq2F1Q2X2mM?authuser=0&hl=en&rclk=1,auto repair shop,Cowley County,county,KS,2026-07-28T05:08:42,0x87b081ba163c8289:0x63da970dd585ad96
Walmart Auto Care Center,(913) 367-5142,https://www.walmart.com/store/1054-atchison-ks/auto-care-center/?veh=seo_loc,,"1920 US-73, Atchison, KS 66002, United States",1920 US-73,Atchison,KS,66002,2.7,42,Oil change service,,,https://www.google.com/maps/place/Walmart+Auto+Care+Center/data=!4m7!3m6!1s0x87bff360efc9229b:0xb17915c4e56c8f17!8m2!3d39.5397197!4d-95.1288708!16s%2Fg%2F1hc39hc6z!19sChIJmyLJ72Dzv4cRF49s5cQVebE?authuser=0&hl=en&rclk=1,auto repair shop,Atchison County,county,KS,2026-07-28T03:33:23,0x87bff360efc9229b:0xb17915c4e56c8f17
NAPA Auto Parts - Kirks Auto Supply Inc,(785) 626-3103,https://www.napaonline.com/en/KS/Atwood/store/29888?cid=pl_jobber_google_dac_29888_ao,,"507 N 4th St, Atwood, KS 67730, United States",507 N 4th St,Atwood,KS,67730,4.6,34,Auto parts store,,,https://www.google.com/maps/place/NAPA+Auto+Parts+-+Kirks+Auto+Supply+Inc/data=!4m7!3m6!1s0x877515ba1abe49f1:0xe8349e34d7f1d098!8m2!3d39.81187!4d-101.042672!16s%2Fg%2F1tdlc6dp!19sChIJ8Um-GroVdYcRmNDx1zSeNOg?authuser=0&hl=en&rclk=1,auto repair shop,Rawlins County,county,KS,2026-07-28T11:03:29,0x877515ba1abe49f1:0xe8349e34d7f1d098
Smitty's Salvage & Repair Inc,(785) 736-2964,,,"1153 26th Rd, Axtell, KS 66403, United States",1153 26th Rd,Axtell,KS,66403,4.6,35,Salvage yard,,,https://www.google.com/maps/place/Smitty%27s+Salvage+%26+Repair+Inc/data=!4m7!3m6!1s0x8795ff27def0e971:0xa487845b24e7bca0!8m2!3d39.8480606!4d-96.3341827!16s%2Fg%2F1tf7y6qr!19sChIJcenw3if_lYcRoLznJFuEh6Q?authuser=0&hl=en&rclk=1,auto repair shop,Nemaha County,county,KS,2026-07-28T09:32:10,0x8795ff27def0e971:0xa487845b24e7bca0
Baldwin Automotive Services Center Inc,(785) 594-9944,,,"131 Baker St, Baldwin City, KS 66006, United States",131 Baker St,Baldwin City,KS,66006,4.8,92,Auto repair shop,,,https://www.google.com/maps/place/Baldwin+Automotive+Services+Center+Inc/data=!4m7!3m6!1s0x87bf5b8482fcbda1:0xf597ff984d309f89!8m2!3d38.7808126!4d-95.1790946!16s%2Fg%2F1v6qj42s!19sChIJob38goRbv4cRiZ8wTZj_l_U?authuser=0&hl=en&rclk=1,auto repair shop,Franklin County,county,KS,2026-07-28T06:20:04,0x87bf5b8482fcbda1:0xf597ff984d309f89
Ross Automotive Inc,(785) 594-2432,http://www.rossautoinc.com/,,"1808 N 100 Rd, Baldwin City, KS 66006, United States",1808 N 100 Rd,Baldwin City,KS,66006,4.9,57,Auto repair shop,,,https://www.google.com/maps/place/Ross+Automotive+Inc/data=!4m7!3m6!1s0x87c0bdba35f13bad:0x6c6f0002ac646403!8m2!3d38.7540221!4d-95.1651152!16s%2Fg%2F1tdzrnss!19sChIJrTvxNbq9wIcRA2RkrAIAb2w?authuser=0&hl=en&rclk=1,auto repair shop,Elk County,county,KS,2026-07-28T06:00:02,0x87c0bdba35f13bad:0x6c6f0002ac646403
"Beloit Auto and Truck Plaza, Inc.",(800) 748-8408,https://www.beloitautoandtruckplazainc.com/,,"3133 US-24, Beloit, KS 67420, United States",3133 US-24,Beloit,KS,67420,4.8,151,Ford dealer,,,"https://www.google.com/maps/place/Beloit+Auto+and+Truck+Plaza,+Inc./data=!4m7!3m6!1s0x87a2bdd4a88a79bb:0x40db7dee275d53b0!8m2!3d39.4597524!4d-98.090302!16s%2Fg%2F1tj4b_9f!19sChIJu3mKqNS9oocRsFNdJ-5920A?authuser=0&hl=en&rclk=1",auto repair shop,Mitchell County,county,KS,2026-07-28T08:39:59,0x87a2bdd4a88a79bb:0x40db7dee275d53b0
"Beloit Auto and Truck Plaza, Inc. Ford",(785) 738-3573,https://www.beloitautoandtruckplazainc.com/?fmccmp=t1-fd,,"3133 US-24, Beloit, KS 67420, United States",3133 US-24,Beloit,KS,67420,5.0,1,Auto repair shop,,,"https://www.google.com/maps/place/Beloit+Auto+and+Truck+Plaza,+Inc.+Ford/data=!4m7!3m6!1s0x87a2bdd3330fffff:0x99e3f15211cef279!8m2!3d39.4597524!4d-98.090302!16s%2Fg%2F11tfn8fmqm!19sChIJ__8PM9O9oocRefLOEVLx45k?authuser=0&hl=en&rclk=1",auto repair shop,Mitchell County,county,KS,2026-07-28T08:39:59,0x87a2bdd3330fffff:0x99e3f15211cef279
"Beloit Auto and Truck Plaza, Inc. Parts",(800) 748-8408,https://www.beloitautoandtruckplazainc.com/,,"3133 US-24, Beloit, KS 67420, United States",3133 US-24,Beloit,KS,67420,4.5,2,Auto parts store,,,"https://www.google.com/maps/place/Beloit+Auto+and+Truck+Plaza,+Inc.+Parts/data=!4m7!3m6!1s0x87a2bd0c285eeedf:0xcaf31fcb2555579f!8m2!3d39.4597524!4d-98.090302!16s%2Fg%2F11ll6r9qrz!19sChIJ3-5eKAy9oocRn1dVJcsf88o?authuser=0&hl=en&rclk=1",auto repair shop,Mitchell County,county,KS,2026-07-28T08:39:59,0x87a2bd0c285eeedf:0xcaf31fcb2555579f
"C & R Body Shop, Inc.",(785) 738-6566,http://crbodyshop.com/,info@crbodyshop.com,"3108 US-24, Beloit, KS 67420, United States",3108 US-24,Beloit,KS,67420,4.9,16,Auto body shop,,,"https://www.google.com/maps/place/C+%26+R+Body+Shop,+Inc./data=!4m7!3m6!1s0x87a2bdce8fdfe6c5:0x23b8fc3fe2f3009a!8m2!3d39.466592!4d-98.0953636!16s%2Fg%2F1wn_6m14!19sChIJxebfj869oocRmgDz4j_8uCM?authuser=0&hl=en&rclk=1",auto repair shop,Mitchell County,county,KS,2026-07-28T08:39:59,0x87a2bdce8fdfe6c5:0x23b8fc3fe2f3009a
Finney Machine Inc.,(785) 738-3084,http://www.finneymachineinc.com/,finneymachine@uscenter.net,"2653 M Rd, Beloit, KS 67420, United States",2653 M Rd,Beloit,KS,67420,4.8,9,Diesel engine repair service,,,https://www.google.com/maps/place/Finney+Machine+Inc./data=!4m7!3m6!1s0x87a295621eaf93b9:0x6ffdb1c40fb45e59!8m2!3d39.3943002!4d-98.18068!16s%2Fg%2F1v1slr0w!19sChIJuZOvHmKVoocRWV60D8Sx_W8?authuser=0&hl=en&rclk=1,auto repair shop,Mitchell County,county,KS,2026-07-28T08:39:59,0x87a295621eaf93b9:0x6ffdb1c40fb45e59
Thompson's Ok Tire Inc,(785) 738-2283,http://www.thompsonsoktire.com/,thompsontire@thompsonsoktire.com,"1221 N Independence Ave, Beloit, KS 67420, United States",1221 N Independence Ave,Beloit,KS,67420,4.6,129,Tire shop,,,https://www.google.com/maps/place/Thompson%27s+Ok+Tire+Inc/data=!4m7!3m6!1s0x87a2bdeb94c519c1:0x3f534383579a2e1e!8m2!3d39.470476!4d-98.1167317!16s%2Fg%2F1tfh54nc!19sChIJwRnFlOu9oocRHi6aV4NDUz8?authuser=0&hl=en&rclk=1,auto repair shop,Mitchell County,county,KS,2026-07-28T08:39:59,0x87a2bdeb94c519c1:0x3f534383579a2e1e
Bahr Tire Inc,(620) 364-5641,,,"2020 S 4th St, Burlington, KS 66839, United States",2020 S 4th St,Burlington,KS,66839,4.8,77,Tire shop,,,https://www.google.com/maps/place/Bahr+Tire+Inc/data=!4m7!3m6!1s0x87b920029df9e1b5:0x2cb6d1b82a6ed437!8m2!3d38.1781089!4d-95.7396449!16s%2Fg%2F1th57hnl!19sChIJteH5nQIguYcRN9RuKrjRtiw?authuser=0&hl=en&rclk=1,auto repair shop,Coffey County,county,KS,2026-07-28T05:01:23,0x87b920029df9e1b5:0x2cb6d1b82a6ed437
Joe's Garage Inc.,(719) 346-7752,,,"1980 Colorado Ave, Burlington, CO 80807, United States",1980 Colorado Ave,Burlington,CO,80807,4.2,33,Auto repair shop,,,https://www.google.com/maps/place/Joe%27s+Garage+Inc./data=!4m7!3m6!1s0x870cb2eb1e11445d:0xfa8f7fe5b0547e71!8m2!3d39.30692!4d-102.2781977!16s%2Fg%2F1tr9nwh4!19sChIJXUQRHuuyDIcRcX5UsOV_j_o?authuser=0&hl=en&rclk=1,auto repair shop,Sherman County,county,KS,2026-07-28T13:08:34,0x870cb2eb1e11445d:0xfa8f7fe5b0547e71
"Lewis Oil Co., Inc.",(620) 364-5412,,,"913 N 4th St, Burlington, KS 66839, United States",913 N 4th St,Burlington,KS,66839,4.7,65,Auto repair shop,,,"https://www.google.com/maps/place/Lewis+Oil+Co.,+Inc./data=!4m7!3m6!1s0x87b9207187d2d83b:0xc5de283fe33b5649!8m2!3d38.2033391!4d-95.7383128!16s%2Fg%2F1vfp44f7!19sChIJO9jSh3EguYcRSVY74z8o3sU?authuser=0&hl=en&rclk=1",auto repair shop,Osage County,county,KS,2026-07-28T10:13:28,0x87b9207187d2d83b:0xc5de283fe33b5649
Allen's Automotive Inc.,(620) 431-6010,http://www.allensautomotiveonline.com/,,"221 E 1st St, Chanute, KS 66720, United States",221 E 1st St,Chanute,KS,66720,4.8,24,Auto parts store,,,https://www.google.com/maps/place/Allen%27s+Automotive+Inc./data=!4m7!3m6!1s0x87b843330cb86e81:0x95722e1ed455d2ea!8m2!3d37.6807136!4d-95.4496994!16s%2Fg%2F1vxdysxt!19sChIJgW64DDNDuIcR6tJV1B4ucpU?authuser=0&hl=en&rclk=1,auto repair shop,Neosho County,county,KS,2026-07-28T09:44:36,0x87b843330cb86e81:0x95722e1ed455d2ea
Steve Faulkner Ford Collision Center,,https://www.stevefaulknerfordks.com/,,"3501 S Santa Fe Ave Ste 102, Chanute, KS 66720, United States",3501 S Santa Fe Ave Ste 102,Chanute,KS,66720,5.0,3,Auto body shop,,,https://www.google.com/maps/place/Steve+Faulkner+Ford+Collision+Center/data=!4m7!3m6!1s0x87b843f10fb6502f:0x62efb43c060d72ef!8m2!3d37.6450646!4d-95.4536196!16s%2Fg%2F11rxyj_lpp!19sChIJL1C2D_FDuIcR73INBjy072I?authuser=0&hl=en&rclk=1,auto repair shop,Woodson County,county,KS,2026-07-28T14:09:35,0x87b843f10fb6502f:0x62efb43c060d72ef
Dave's Repair Services,,,,"219 W Main St, Cherryvale, KS 67335, United States",219 W Main St,Cherryvale,KS,67335,5.0,2,Auto repair shop,,,https://www.google.com/maps/place/Dave%27s+Repair+Services/data=!4m7!3m6!1s0x87b825f227758f71:0xb6eac9cab3f801ff!8m2!3d37.2687338!4d-95.5538571!16s%2Fg%2F1vs1sd31!19sChIJcY91J_IluIcR_wH4s8rJ6rY?authuser=0&hl=en&rclk=1,auto repair shop,Montgomery County,county,KS,2026-07-28T08:54:40,0x87b825f227758f71:0xb6eac9cab3f801ff
"Rusty's Truck Repair, LLC.",,,,"5506 CR 6200, Cherryvale, KS 67335, United States",5506 CR 6200,Cherryvale,KS,67335,5.0,2,Auto repair shop,,,"https://www.google.com/maps/place/Rusty%27s+Truck+Repair,+LLC./data=!4m7!3m6!1s0x87b83b25ffbe735b:0x2816af98a352805f!8m2!3d37.3546039!4d-95.55713!16s%2Fg%2F11sfpjltl0!19sChIJW3O-_yU7uIcRX4BSo5ivFig?authuser=0&hl=en&rclk=1",auto repair shop,Montgomery County,county,KS,2026-07-28T08:54:41,0x87b83b25ffbe735b:0x2816af98a352805f
"SEK Truck, Trailer, and Tractor",,http://melemolebadiole.com/,,"4464 US-169, Cherryvale, KS 67335, United States",4464 US-169,Cherryvale,KS,67335,5.0,4,Auto repair shop,,,"https://www.google.com/maps/place/SEK+Truck,+Trailer,+and+Tractor/data=!4m7!3m6!1s0x87b8297a3df48ff7:0x26e24583436fb128!8m2!3d37.2331417!4d-95.5842904!16s%2Fg%2F11rwpvf61y!19sChIJ94_0PXopuIcRKLFvQ4NF4iY?authuser=0&hl=en&rclk=1",auto repair shop,Neosho County,county,KS,2026-07-28T09:44:36,0x87b8297a3df48ff7:0x26e24583436fb128
"Steve's Truck Repair, Inc.",(620) 587-2331,http://www.stevestruckrepair.com/,,"1204 KS-156, Claflin, KS 67525, United States",1204 KS-156,Claflin,KS,67525,4.6,17,Truck repair shop,,,"https://www.google.com/maps/place/Steve%27s+Truck+Repair,+Inc./data=!4m7!3m6!1s0x87a39d6170af2ca7:0x3148461887c7ed96!8m2!3d38.5382605!4d-98.4874841!16s%2Fg%2F1v9gkhtd!19sChIJpyyvcGGdo4cRlu3HhxhGSDE?authuser=0&hl=en&rclk=1",auto repair shop,Barton County,county,KS,2026-07-28T03:52:01,0x87a39d6170af2ca7:0x3148461887c7ed96
Hundley's Garage,,,,"321 Grant Ave, Clay Center, KS 67432, United States",321 Grant Ave,Clay Center,KS,67432,,,Auto repair shop,,,https://www.google.com/maps/place/Hundley%27s+Garage/data=!4m7!3m6!1s0x87bd0a496a8d3abf:0x564f1979e57ce720!8m2!3d39.3754182!4d-97.1293412!16s%2Fg%2F11nqm0d0qc!19sChIJvzqNakkKvYcRIOd85XkZT1Y?authuser=0&hl=en&rclk=1,auto repair shop,Clay County,county,KS,2026-07-28T04:49:55,0x87bd0a496a8d3abf:0x564f1979e57ce720
Perfection Auto Body Inc,(785) 632-6677,https://www.perfectionautobodyinc.com/,,"905 W Crawford St, Clay Center, KS 67432, United States",905 W Crawford St,Clay Center,KS,67432,4.9,138,Auto body shop,,,https://www.google.com/maps/place/Perfection+Auto+Body+Inc/data=!4m7!3m6!1s0x87bd0bb041f0fdb1:0xff1ef07c6f527438!8m2!3d39.3786735!4d-97.1502685!16s%2Fg%2F1tfstd5_!19sChIJsf3wQbALvYcROHRSb3zwHv8?authuser=0&hl=en&rclk=1,auto repair shop,Mitchell County,county,KS,2026-07-28T08:39:59,0x87bd0bb041f0fdb1:0xff1ef07c6f527438
Wilder Auto Body Inc,(785) 384-9179,http://www.wilderautobody.com/,,"138 E Crawford St, Clay Center, KS 67432, United States",138 E Crawford St,Clay Center,KS,67432,5.0,118,Auto body shop,,,https://www.google.com/maps/place/Wilder+Auto+Body+Inc/data=!4m7!3m6!1s0x87bd0a46116d80b7:0x81a5b29e632a1c29!8m2!3d39.3800624!4d-97.132514!16s%2Fg%2F1tfklprj!19sChIJt4BtEUYKvYcRKRwqY56ypYE?authuser=0&hl=en&rclk=1,auto repair shop,Ottawa County,county,KS,2026-07-28T10:26:39,0x87bd0a46116d80b7:0x81a5b29e632a1c29
Grain,,,,"417 Deer Rd, Clifton, KS 66937, United States",417 Deer Rd,Clifton,KS,66937,5.0,1,Auto repair shop,,,https://www.google.com/maps/place/Grain/data=!4m7!3m6!1s0x87bd650059ddd8cb:0x95009e7ff732e9d4!8m2!3d39.6278431!4d-97.2955411!16s%2Fg%2F11yh206b4z!19sChIJy9jdWQBlvYcR1Oky93-eAJU?authuser=0&hl=en&rclk=1,auto repair shop,Republic County,county,KS,2026-07-28T11:27:53,0x87bd650059ddd8cb:0x95009e7ff732e9d4
CARTERS AUTO REPAIR,,,,"124 W 12th St, Coffeyville, KS 67337, United States",124 W 12th St,Coffeyville,KS,67337,5.0,1,Auto repair shop,,,https://www.google.com/maps/place/CARTERS+AUTO+REPAIR/data=!4m7!3m6!1s0x87b784f7229917bd:0x832c9cdbaa74c3e!8m2!3d37.0320459!4d-95.6163218!16s%2Fg%2F11sdtynlyc!19sChIJvReZIveEt4cRPkynus3JMgg?authuser=0&hl=en&rclk=1,auto repair shop,Montgomery County,county,KS,2026-07-28T08:54:40,0x87b784f7229917bd:0x832c9cdbaa74c3e
Carquest Auto Parts - COLBY AUTOMOTIVE INC.,(785) 462-3349,https://www.carquest.com/locations/ks/colby/5944/,,"590 N Franklin Ave, Colby, KS 67701, United States",590 N Franklin Ave,Colby,KS,67701,4.6,41,Auto parts store,,,https://www.google.com/maps/place/Carquest+Auto+Parts+-+COLBY+AUTOMOTIVE+INC./data=!4m7!3m6!1s0x870acbbdd28d564d:0x757d27dfda2694db!8m2!3d39.3987644!4d-101.0462433!16s%2Fg%2F1wbf_w2q!19sChIJTVaN0r3LCocR25Qm2t8nfXU?authuser=0&hl=en&rclk=1,auto repair shop,Thomas County,county,KS,2026-07-28T13:41:16,0x870acbbdd28d564d:0x757d27dfda2694db
Denny's and Sons Auto Repair,,,,"335 N Lake Ave, Colby, KS 67701, United States",335 N Lake Ave,Colby,KS,67701,4.5,42,Auto repair shop,,,https://www.google.com/maps/place/Denny%27s+and+Sons+Auto+Repair/data=!4m7!3m6!1s0x870acbbee659dd6f:0xac8c015556b46977!8m2!3d39.3964288!4d-101.0444171!16s%2Fg%2F1vljgsrc!19sChIJb91Z5r7LCocRd2m0VlUBjKw?authuser=0&hl=en&rclk=1,auto repair shop,Rawlins County,county,KS,2026-07-28T11:03:29,0x870acbbee659dd6f:0xac8c015556b46977
"Tubbs & Sons Ford Sales, Inc. Lincoln Parts",(785) 460-6746,https://www.lincoln.com/?,,"810 S Range Ave, Colby, KS 67701, United States",810 S Range Ave,Colby,KS,67701,4.9,27,Auto body shop,,,"https://www.google.com/maps/place/Tubbs+%26+Sons+Ford+Sales,+Inc.+Lincoln+Parts/data=!4m7!3m6!1s0x870acb422fb0dd59:0x8d92d035f6933836!8m2!3d39.3878292!4d-101.0555751!16s%2Fg%2F11n07rwtw9!19sChIJWd2wL0LLCocRNjiT9jXQko0?authuser=0&hl=en&rclk=1",auto repair shop,Thomas County,county,KS,2026-07-28T13:41:16,0x870acb422fb0dd59:0x8d92d035f6933836
"Tubbs & Sons Ford Sales, Inc. Lincoln Service",(785) 460-6746,https://www.lincoln.com/?,,"810 S Range Ave, Colby, KS 67701, United States",810 S Range Ave,Colby,KS,67701,,,Auto repair shop,,,"https://www.google.com/maps/place/Tubbs+%26+Sons+Ford+Sales,+Inc.+Lincoln+Service/data=!4m7!3m6!1s0x870acb65f1e7bb87:0x4e71f328dc926b40!8m2!3d39.3878292!4d-101.0555751!16s%2Fg%2F11n06t27zt!19sChIJh7vn8WXLCocRQGuS3CjzcU4?authuser=0&hl=en&rclk=1",auto repair shop,Thomas County,county,KS,2026-07-28T13:41:16,0x870acb65f1e7bb87:0x4e71f328dc926b40
"Tubbs & Sons Ford Sales, Inc. Service",(800) 369-3673,https://www.tubbsandsonsford.com/,,"810 S Range Ave, Colby, KS 67701, United States",810 S Range Ave,Colby,KS,67701,,,Auto repair shop,,,"https://www.google.com/maps/place/Tubbs+%26+Sons+Ford+Sales,+Inc.+Service/data=!4m7!3m6!1s0x870acbd91b18b5f5:0x88e3532dbe395113!8m2!3d39.3878292!4d-101.0555751!16s%2Fg%2F11r0vr5x03!19sChIJ9bUYG9nLCocRE1E5vi1T44g?authuser=0&hl=en&rclk=1",auto repair shop,Thomas County,county,KS,2026-07-28T13:41:16,0x870acbd91b18b5f5:0x88e3532dbe395113
Chevrolet Service,,http://www.chevrolet.com/,,"904 E Maple St, Columbus, KS 66725, United States",904 E Maple St,Columbus,KS,66725,4.9,12,Auto repair shop,,,https://www.google.com/maps/place/Chevrolet+Service/data=!4m7!3m6!1s0x87c80997d79ac16f:0x92f85915547c4f9d!8m2!3d37.1684895!4d-94.8313209!16s%2Fg%2F11fy2xhrq1!19sChIJb8Ga15cJyIcRnU98VBVZ-JI?authuser=0&hl=en&rclk=1,auto repair shop,Cherokee County,county,KS,2026-07-28T04:32:35,0x87c80997d79ac16f:0x92f85915547c4f9d
"Full Service Automotive, Inc.",(620) 429-3228,http://www.fullservicecolumbus.com/,,"706 N Indiana Ave, Columbus, KS 66725, United States",706 N Indiana Ave,Columbus,KS,66725,4.8,30,Auto repair shop,,,"https://www.google.com/maps/place/Full+Service+Automotive,+Inc./data=!4m7!3m6!1s0x87c809c7c474aef3:0x95a5835fb47bc95c!8m2!3d37.1791912!4d-94.8402749!16s%2Fg%2F1tcx217m!19sChIJ8650xMcJyIcRXMl7tF-DpZU?authuser=0&hl=en&rclk=1",auto repair shop,Montgomery County,county,KS,2026-07-28T08:54:40,0x87c809c7c474aef3:0x95a5835fb47bc95c
Concordia Auto Mart Inc,(785) 243-3325,https://www.concordiaautomart.com/,,"212 E 6th, Concordia, KS 66901, United States",212 E 6th,Concordia,KS,66901,5.0,7,Used car dealer,,,https://www.google.com/maps/place/Concordia+Auto+Mart+Inc/data=!4m7!3m6!1s0x87bd5025c5cdb33b:0xee362865fca1783c!8m2!3d39.5711676!4d-97.6569091!16s%2Fg%2F1tpn32bh!19sChIJO7PNxSVQvYcRPHih_GUoNu4?authuser=0&hl=en&rclk=1,auto repair shop,Cloud County,county,KS,2026-07-28T04:54:19,0x87bd5025c5cdb33b:0xee362865fca1783c
"Farm Country Ford, Inc. Service",(785) 243-1220,https://www.farmcountryford.com/,,"1510 East 6th Street, Traffficway, Concordia, KS 66901, United States","1510 East 6th Street, Traffficway",Concordia,KS,66901,,,Auto repair shop,,,"https://www.google.com/maps/place/Farm+Country+Ford,+Inc.+Service/data=!4m7!3m6!1s0x87bd512369c99725:0x946e6e2c33e3e56d!8m2!3d39.5708675!4d-97.6398505!16s%2Fg%2F11mk5pjb2w!19sChIJJZfJaSNRvYcRbeXjMyxubpQ?authuser=0&hl=en&rclk=1",auto repair shop,Cloud County,county,KS,2026-07-28T04:54:19,0x87bd512369c99725:0x946e6e2c33e3e56d
"Rieger Collision, Inc.",(785) 868-2065,http://www.riegercollision.com/,rcinc2007@gmail.com,"368 K Rd, Corning, KS 66417, United States",368 K Rd,Corning,KS,66417,5.0,68,Auto body shop,,,"https://www.google.com/maps/place/Rieger+Collision,+Inc./data=!4m7!3m6!1s0x87b81a630b213b4f:0x6f7578ba8bbb8b8e!8m2!3d39.6054517!4d-96.0509393!16s%2Fg%2F1tdg_th5!19sChIJTzshC2MauIcRjou7i7p4dW8?authuser=0&hl=en&rclk=1",auto repair shop,Nemaha County,county,KS,2026-07-28T09:32:10,0x87b81a630b213b4f:0x6f7578ba8bbb8b8e
Dieker Oil Inc,(620) 273-6325,,,"348 Broadway St, Cottonwood Falls, KS 66845, United States",348 Broadway St,Cottonwood Falls,KS,66845,5.0,68,Auto repair shop,,,https://www.google.com/maps/place/Dieker+Oil+Inc/data=!4m7!3m6!1s0x87bbfa315b53e959:0xde16daba1146fed6!8m2!3d38.3708513!4d-96.5414698!16s%2Fg%2F1v_vtf2y!19sChIJWelTWzH6u4cR1v5GEbraFt4?authuser=0&hl=en&rclk=1,auto repair shop,Morris County,county,KS,2026-07-28T09:12:57,0x87bbfa315b53e959:0xde16daba1146fed6
Moonlite Trucking Inc,(620) 767-5499,,,"1126 Old Hwy 56, Council Grove, KS 66846, United States",1126 Old Hwy 56,Council Grove,KS,66846,4.8,25,Trucking company,,,https://www.google.com/maps/place/Moonlite+Trucking+Inc/data=!4m7!3m6!1s0x87bc1ceac860e7b5:0x7cd20015f70024bb!8m2!3d38.6645507!4d-96.4712753!16s%2Fg%2F1thf91z3!19sChIJtedgyOocvIcRuyQA9xUA0nw?authuser=0&hl=en&rclk=1,auto repair shop,Morris County,county,KS,2026-07-28T09:12:57,0x87bc1ceac860e7b5:0x7cd20015f70024bb
NAPA Auto Parts - Erichsen Agri-Motive LLC,(620) 767-5512,https://www.napaonline.com/en/KS/Council-Grove/store/23536?cid=pl_jobber_google_dac_23536_ao,,"411 E Main St, Council Grove, KS 66846, United States",411 E Main St,Council Grove,KS,66846,4.7,46,Auto parts store,,,https://www.google.com/maps/place/NAPA+Auto+Parts+-+Erichsen+Agri-Motive+LLC/data=!4m7!3m6!1s0x87bc1cbd5031ef33:0xafb8158a34178f21!8m2!3d38.6613273!4d-96.4817766!16s%2Fg%2F1thx4kvs!19sChIJM-8xUL0cvIcRIY8XNIoVuK8?authuser=0&hl=en&rclk=1,auto repair shop,Morris County,county,KS,2026-07-28T09:12:57,0x87bc1cbd5031ef33:0xafb8158a34178f21
Firestone Complete Auto Care,(316) 462-9880,https://www.firestonecompleteautocare.com/kansas/derby/2451-n-rock-rd/?utm_source=google&utm_medium=organic&utm_campaign=localmaps&cmp=oloc_google_localmaps_maps,,"2451 N Rock Rd, Derby, KS 67037, United States",2451 N Rock Rd,Derby,KS,67037,4.5,299,Tire shop,,,https://www.google.com/maps/place/Firestone+Complete+Auto+Care/data=!4m7!3m6!1s0x87baf17c1ebd88cd:0xde56dd85de5cece6!8m2!3d37.5730533!4d-97.2449343!16s%2Fg%2F11j_pzzbkf!19sChIJzYi9HnzxuocR5uxc3oXdVt4?authuser=0&hl=en&rclk=1,auto repair shop,Butler County,county,KS,2026-07-28T04:21:10,0x87baf17c1ebd88cd:0xde56dd85de5cece6
Meineke Car Care Center,(316) 768-4929,https://www.meineke.com/locations/ks/derby-2010/?utm_source=google&utm_medium=organic&utm_campaign=gbp_website,,"1910 N Nelson Dr, Derby, KS 67037, United States",1910 N Nelson Dr,Derby,KS,67037,4.4,741,Auto repair shop,,,https://www.google.com/maps/place/Meineke+Car+Care+Center/data=!4m7!3m6!1s0x87baefe890835c0b:0xfea23b15c1622d1c!8m2!3d37.5669294!4d-97.2767207!16s%2Fg%2F1tdb4t37!19sChIJC1yDkOjvuocRHC1iwRU7ov4?authuser=0&hl=en&rclk=1,auto repair shop,Sumner County,county,KS,2026-07-28T13:31:48,0x87baefe890835c0b:0xfea23b15c1622d1c
"Bretz, Inc. Farm and Auto",(620) 397-5329,http://kansascarsonline.com/,,"640 W Long St, Dighton, KS 67839, United States",640 W Long St,Dighton,KS,67839,4.3,8,Used car dealer,,,"https://www.google.com/maps/place/Bretz,+Inc.+Farm+and+Auto/data=!4m7!3m6!1s0x87a0a2fb4d5ae9cf:0x3ff4a26577928b4d!8m2!3d38.4818973!4d-100.4745773!16s%2Fg%2F1tk8cmdz!19sChIJz-laTfuioIcRTYuSd2Wi9D8?authuser=0&hl=en&rclk=1",auto repair shop,Lane County,county,KS,2026-07-28T07:37:20,0x87a0a2fb4d5ae9cf:0x3ff4a26577928b4d
620 Automotive,,,,"1000 E Wyatt Earp Blvd, Dodge City, KS 67801, United States",1000 E Wyatt Earp Blvd,Dodge City,KS,67801,,,Auto repair shop,,,https://www.google.com/maps/place/620+Automotive/data=!4m7!3m6!1s0x87a71b6fe85c4d7d:0x6edfc7c246c684ee!8m2!3d37.7529545!4d-100.0036613!16s%2Fg%2F11wwsknrpl!19sChIJfU1c6G8bp4cR7oTGRsLH324?authuser=0&hl=en&rclk=1,auto repair shop,Ford County,county,KS,2026-07-28T06:14:52,0x87a71b6fe85c4d7d:0x6edfc7c246c684ee
Dodge City Co-Op Exchange,,,,"800 W Trail St, Dodge City, KS 67801, United States",800 W Trail St,Dodge City,KS,67801,5.0,1,Auto repair shop,,,https://www.google.com/maps/place/Dodge+City+Co-Op+Exchange/data=!4m7!3m6!1s0x87a71b1aaaa14049:0xd593c5de147f40a0!8m2!3d37.7518972!4d-100.023009!16s%2Fg%2F1tc_x2_t!19sChIJSUChqhobp4cRoEB_FN7Fk9U?authuser=0&hl=en&rclk=1,auto repair shop,Ford County,county,KS,2026-07-28T06:14:52,0x87a71b1aaaa14049:0xd593c5de147f40a0
"G&G, Inc. Service & Parts",(866) 684-3268,https://www.buygggmautos.com/service,,"308 S 2nd Ave, Dodge City, KS 67801, United States",308 S 2nd Ave,Dodge City,KS,67801,1.0,1,Auto repair shop,,,"https://www.google.com/maps/place/G%26G,+Inc.+Service+%26+Parts/data=!4m7!3m6!1s0x87a71be7770bdb97:0x8eb6e3292f3e8cf4!8m2!3d37.744003!4d-100.0190512!16s%2Fg%2F11qgw84kq4!19sChIJl9sLd-cbp4cR9Iw-Lynjto4?authuser=0&hl=en&rclk=1",auto repair shop,Ford County,county,KS,2026-07-28T06:14:52,0x87a71be7770bdb97:0x8eb6e3292f3e8cf4
Harry's Machine Works Inc,(620) 227-2201,,,"407 McArtor Rd, Dodge City, KS 67801, United States",407 McArtor Rd,Dodge City,KS,67801,5.0,2,Machine shop,,,https://www.google.com/maps/place/Harry%27s+Machine+Works+Inc/data=!4m7!3m6!1s0x87a71b3afdfab38b:0xdd5e20b68a255848!8m2!3d37.7332984!4d-100.025262!16s%2Fg%2F1tf_ntdm!19sChIJi7P6_Tobp4cRSFglirYgXt0?authuser=0&hl=en&rclk=1,auto repair shop,Ford County,county,KS,2026-07-28T06:14:52,0x87a71b3afdfab38b:0xdd5e20b68a255848
Midas,(620) 682-9523,https://www.midas.com/store/ks/dodge-city/1511-soule-street-67801/?shopnum=5005&utm_source=google&utm_medium=organic&utm_campaign=gbp,,"1511 Soule St, Dodge City, KS 67801, United States",1511 Soule St,Dodge City,KS,67801,4.5,79,Auto repair shop,,,https://www.google.com/maps/place/Midas/data=!4m7!3m6!1s0x87a71b4613256dbb:0x9cce359fe99522ea!8m2!3d37.7733758!4d-100.0351544!16s%2Fg%2F11kqdwr3lm!19sChIJu20lE0Ybp4cR6iKV6Z81zpw?authuser=0&hl=en&rclk=1,auto repair shop,Ford County,county,KS,2026-07-28T06:14:52,0x87a71b4613256dbb:0x9cce359fe99522ea
"NAPA Auto Parts - Catlett Automotive, LLC",(620) 227-8601,https://www.napaonline.com/en/KS/Dodge-City/store/23935?cid=pl_jobber_google_dac_23935_ao,,"110 N 2nd Ave, Dodge City, KS 67801, United States",110 N 2nd Ave,Dodge City,KS,67801,4.3,81,Auto parts store,,,"https://www.google.com/maps/place/NAPA+Auto+Parts+-+Catlett+Automotive,+LLC/data=!4m7!3m6!1s0x87a71b118ad014c1:0xd2b1b5bc13aec6ed!8m2!3d37.750684!4d-100.019099!16s%2Fg%2F1tcx_bfz!19sChIJwRTQihEbp4cR7cauE7y1sdI?authuser=0&hl=en&rclk=1",auto repair shop,Ford County,county,KS,2026-07-28T06:14:52,0x87a71b118ad014c1:0xd2b1b5bc13aec6ed
OK Tire of Dodge City Inc,(620) 225-0204,http://oktiredodge.com/,,"1808 W Wyatt Earp Blvd, Dodge City, KS 67801, United States",1808 W Wyatt Earp Blvd,Dodge City,KS,67801,4.5,215,Auto repair shop,,,https://www.google.com/maps/place/OK+Tire+of+Dodge+City+Inc/data=!4m7!3m6!1s0x87a71afdaf821865:0x6d0c009457e8ac50!8m2!3d37.754447!4d-100.0390944!16s%2Fg%2F1v1slr20!19sChIJZRiCr_0ap4cRUKzoV5QADG0?authuser=0&hl=en&rclk=1,auto repair shop,Gray County,county,KS,2026-07-28T06:44:50,0x87a71afdaf821865:0x6d0c009457e8ac50
Southwest Towing Inc.,(620) 225-3105,http://www.southwesttowing.com/,,"10888 112 Rd, Dodge City, KS 67801, United States",10888 112 Rd,Dodge City,KS,67801,3.4,45,Towing service,,,https://www.google.com/maps/place/Southwest+Towing+Inc./data=!4m7!3m6!1s0x87a71b30ab3813b3:0xb72f15d9a2e4c37c!8m2!3d37.781043!4d-99.9962456!16s%2Fg%2F1tj7wwxs!19sChIJsxM4qzAbp4cRfMPkotkVL7c?authuser=0&hl=en&rclk=1,auto repair shop,Ford County,county,KS,2026-07-28T06:14:52,0x87a71b30ab3813b3:0xb72f15d9a2e4c37c
"USED TRUCK PARTS, INC.",(620) 371-5171,,,"1305 Rath Ave, Dodge City, KS 67801, United States",1305 Rath Ave,Dodge City,KS,67801,4.7,6,Truck parts supplier,,,"https://www.google.com/maps/place/USED+TRUCK+PARTS,+INC./data=!4m7!3m6!1s0x87a71b3c02febcdd:0xa79841ff3b09e30c!8m2!3d37.7306262!4d-100.0172194!16s%2Fg%2F11jh2j38d5!19sChIJ3bz-Ajwbp4cRDOMJO_9BmKc?authuser=0&hl=en&rclk=1",auto repair shop,Ford County,county,KS,2026-07-28T06:14:52,0x87a71b3c02febcdd:0xa79841ff3b09e30c
Walmart Auto Care Center,(620) 225-3346,https://www.walmart.com/store/372-dodge-city-ks/auto-care-center/?veh=seo_loc,,"1905 N 14th Ave, Dodge City, KS 67801, United States",1905 N 14th Ave,Dodge City,KS,67801,3.4,106,Oil change service,,,https://www.google.com/maps/place/Walmart+Auto+Care+Center/data=!4m7!3m6!1s0x87a71bac7f258d4b:0xcbba191f0b5034d8!8m2!3d37.768386!4d-100.0356165!16s%2Fg%2F1wk7rc4k!19sChIJS40lf6wbp4cR2DRQCx8Zuss?authuser=0&hl=en&rclk=1,auto repair shop,Ford County,county,KS,2026-07-28T06:14:52,0x87a71bac7f258d4b:0xcbba191f0b5034d8
Western Brake & Gear Inc.,(620) 225-7070,https://westernbrakeandgear.com/?utm_source=omg-gbp&utm_medium=webclick,,"505 E Trail St, Dodge City, KS 67801, United States",505 E Trail St,Dodge City,KS,67801,4.6,30,Truck parts supplier,,,https://www.google.com/maps/place/Western+Brake+%26+Gear+Inc./data=!4m7!3m6!1s0x87a71b6d193a437b:0x913a89e5850163be!8m2!3d37.7504882!4d-100.0120391!16s%2Fg%2F1tj1n0b8!19sChIJe0M6GW0bp4cRvmMBheWJOpE?authuser=0&hl=en&rclk=1,auto repair shop,Ford County,county,KS,2026-07-28T06:14:52,0x87a71b6d193a437b:0x913a89e5850163be
Drisco Kansas yard,,,,"Butler County, 2249 SW Ohio Street Rd, El Dorado, KS 67042, United States","Butler County, 2249 SW Ohio Street Rd",El Dorado,KS,67042,,,Auto repair shop,,,https://www.google.com/maps/place/Drisco+Kansas+yard/data=!4m7!3m6!1s0x87bbad006af31e9b:0x2c630470478c8c98!8m2!3d37.7933047!4d-96.9725024!16s%2Fg%2F11m5nsvn18!19sChIJmx7zagCtu4cRmIyMR3AEYyw?authuser=0&hl=en&rclk=1,auto repair shop,Butler County,county,KS,2026-07-28T04:21:10,0x87bbad006af31e9b:0x2c630470478c8c98
Superior Auto Care Inc,(316) 435-5092,http://superiorautoeldorado.com/,superiorauto4u@gmail.com,"2135 W 6th Ave, El Dorado, KS 67042, United States",2135 W 6th Ave,El Dorado,KS,67042,4.9,213,Auto repair shop,,,https://www.google.com/maps/place/Superior+Auto+Care+Inc/data=!4m7!3m6!1s0x87bbb33e8b0eab09:0x2d2a8d7a47cade46!8m2!3d37.8243172!4d-96.8781317!16s%2Fg%2F11gns8szqt!19sChIJCasOiz6zu4cRRt7KR3qNKi0?authuser=0&hl=en&rclk=1,auto repair shop,Ness County,county,KS,2026-07-28T09:53:27,0x87bbb33e8b0eab09:0x2d2a8d7a47cade46
A Plus Glass Repair,,,,"543 Morton St, Elkhart, KS 67950, United States",543 Morton St,Elkhart,KS,67950,,,Auto glass shop,,,https://www.google.com/maps/place/A+Plus+Glass+Repair/data=!4m7!3m6!1s0x8708b73d32e3537b:0x20c4b3d472d82f4d!8m2!3d37.0008432!4d-101.8950361!16s%2Fg%2F11k07phb8p!19sChIJe1PjMj23CIcRTS_YctSzxCA?authuser=0&hl=en&rclk=1,auto repair shop,Morton County,county,KS,2026-07-28T09:15:30,0x8708b73d32e3537b:0x20c4b3d472d82f4d
Pit Stop Service Station,,,,"201 E Santa Fe Blvd, Ellinwood, KS 67526, United States",201 E Santa Fe Blvd,Ellinwood,KS,67526,,,Auto repair shop,,,https://www.google.com/maps/place/Pit+Stop+Service+Station/data=!4m7!3m6!1s0x87a3874ebfc1b3f5:0x249a1f33e5ab3565!8m2!3d38.3533731!4d-98.578877!16s%2Fg%2F11rmptnbv3!19sChIJ9bPBv06Ho4cRZTWr5TMfmiQ?authuser=0&hl=en&rclk=1,auto repair shop,Barton County,county,KS,2026-07-28T03:52:01,0x87a3874ebfc1b3f5:0x249a1f33e5ab3565
Weber's Service & Repair Inc,(785) 726-3210,,,"705 W 10th St, Ellis, KS 67637, United States",705 W 10th St,Ellis,KS,67637,5.0,7,Auto repair shop,,,https://www.google.com/maps/place/Weber%27s+Service+%26+Repair+Inc/data=!4m7!3m6!1s0x87a1a0729a66873b:0xfc55d0102ed366ec!8m2!3d38.937573!4d-99.5697328!16s%2Fg%2F1wrgknqf!19sChIJO4dmmnKgoYcR7GbTLhDQVfw?authuser=0&hl=en&rclk=1,auto repair shop,Rooks County,county,KS,2026-07-28T11:43:26,0x87a1a0729a66873b:0xfc55d0102ed366ec
Cliff's Body Shop & Wrecker Service,,,,"1011 Evans St, Ellsworth, KS 67439, United States",1011 Evans St,Ellsworth,KS,67439,,,Auto repair shop,,,https://www.google.com/maps/place/Cliff%27s+Body+Shop+%26+Wrecker+Service/data=!4m7!3m6!1s0x87a31486baa1245f:0xb4f23fc1b1ecbda9!8m2!3d38.7361368!4d-98.2151096!16s%2Fg%2F11z9qp9_8p!19sChIJXyShuoYUo4cRqb3sscE_8rQ?authuser=0&hl=en&rclk=1,auto repair shop,Ellsworth County,county,KS,2026-07-28T06:03:33,0x87a31486baa1245f:0xb4f23fc1b1ecbda9
Auto Discount Corner Inc,(620) 342-1030,,,"617 Graham St, Emporia, KS 66801, United States",617 Graham St,Emporia,KS,66801,4.0,9,Used car dealer,,,https://www.google.com/maps/place/Auto+Discount+Corner+Inc/data=!4m7!3m6!1s0x87b94de227382b19:0x9699d9aec784131c!8m2!3d38.4058504!4d-96.2220999!16s%2Fg%2F1wb8v68_!19sChIJGSs4J-JNuYcRHBOEx67ZmZY?authuser=0&hl=en&rclk=1,auto repair shop,Lyon County,county,KS,2026-07-28T08:08:47,0x87b94de227382b19:0x9699d9aec784131c
Automotive Machine Inc,(620) 343-2096,,,"718 Industrial Rd, Emporia, KS 66801, United States",718 Industrial Rd,Emporia,KS,66801,5.0,10,Auto machine shop,,,https://www.google.com/maps/place/Automotive+Machine+Inc/data=!4m7!3m6!1s0x87b94de061576231:0x6b18e62f29701564!8m2!3d38.406726!4d-96.217369!16s%2Fg%2F1tvym8t6!19sChIJMWJXYeBNuYcRZBVwKS_mGGs?authuser=0&hl=en&rclk=1,auto repair shop,Lyon County,county,KS,2026-07-28T08:08:47,0x87b94de061576231:0x6b18e62f29701564
Flint Hills Towing Inc,(620) 343-2326,http://www.flinthillstowing.net/,,"423 Graham St, Emporia, KS 66801, United States",423 Graham St,Emporia,KS,66801,4.3,127,Towing service,,,https://www.google.com/maps/place/Flint+Hills+Towing+Inc/data=!4m7!3m6!1s0x87b94e09f74d75f5:0xc04380baabbc74b!8m2!3d38.4034861!4d-96.2221903!16s%2Fg%2F1vd71vh4!19sChIJ9XVN9wlOuYcRS8e7qgs4BAw?authuser=0&hl=en&rclk=1,auto repair shop,Lyon County,county,KS,2026-07-28T08:08:47,0x87b94e09f74d75f5:0xc04380baabbc74b
Floyd's Inc,(620) 342-7713,http://www.floydsinc.com/,,"1221 Industrial Rd, Emporia, KS 66801, United States",1221 Industrial Rd,Emporia,KS,66801,4.9,110,Auto repair shop,,,https://www.google.com/maps/place/Floyd%27s+Inc/data=!4m7!3m6!1s0x87b94de7966f2eeb:0xd32a72809b3a216d!8m2!3d38.413311!4d-96.2173538!16s%2Fg%2F1tzzw06p!19sChIJ6y5vludNuYcRbSE6m4ByKtM?authuser=0&hl=en&rclk=1,auto repair shop,Lyon County,county,KS,2026-07-28T08:08:47,0x87b94de7966f2eeb:0xd32a72809b3a216d
"John North Ford, Inc. Collision",(620) 343-1700,https://www.jnford.net/?utm_source=gmbcol&utm_medium=social&mcmid=gmbcol,,"3002 US-50, Emporia, KS 66801, United States",3002 US-50,Emporia,KS,66801,1.0,1,Auto body shop,,,"https://www.google.com/maps/place/John+North+Ford,+Inc.+Collision/data=!4m7!3m6!1s0x87b94d8a316b590b:0xfea24f538e454d2a!8m2!3d38.4115872!4d-96.2222484!16s%2Fg%2F11q_jj11kp!19sChIJC1lrMYpNuYcRKk1FjlNPov4?authuser=0&hl=en&rclk=1",auto repair shop,Lyon County,county,KS,2026-07-28T08:08:47,0x87b94d8a316b590b:0xfea24f538e454d2a
"John North Ford, Inc. Service",(620) 343-1700,https://www.jnford.net/,,"3002 US-50, Emporia, KS 66801, United States",3002 US-50,Emporia,KS,66801,4.4,5,Auto repair shop,,,"https://www.google.com/maps/place/John+North+Ford,+Inc.+Service/data=!4m7!3m6!1s0x87b94de42fe3d2f1:0x23f336a1ac43cb2a!8m2!3d38.4112822!4d-96.2224207!16s%2Fg%2F11f0ktgmxd!19sChIJ8dLjL-RNuYcRKstDrKE28yM?authuser=0&hl=en&rclk=1",auto repair shop,Lyon County,county,KS,2026-07-28T08:08:47,0x87b94de42fe3d2f1:0x23f336a1ac43cb2a
Kelly Tires,,,,"US-50, Emporia, KS 66801, United States",US-50,Emporia,KS,66801,5.0,1,Tire shop,,,https://www.google.com/maps/place/Kelly+Tires/data=!4m7!3m6!1s0x87b94ddf404da471:0x1965c3db2f22a64!8m2!3d38.4058215!4d-96.2122612!16s%2Fg%2F11g0t85wj1!19sChIJcaRNQN9NuYcRZCrysj1clgE?authuser=0&hl=en&rclk=1,auto repair shop,Lyon County,county,KS,2026-07-28T08:08:47,0x87b94ddf404da471:0x1965c3db2f22a64
Lainez Auto Service,,,,"113 S Commercial St, Emporia, KS 66801, United States",113 S Commercial St,Emporia,KS,66801,5.0,2,Auto repair shop,,,https://www.google.com/maps/place/Lainez+Auto+Service/data=!4m7!3m6!1s0x87b94e9a7540c9e1:0x2e4a4a705a0a9b25!8m2!3d38.395926!4d-96.180606!16s%2Fg%2F11bwq68t23!19sChIJ4clAdZpOuYcRJZsKWnBKSi4?authuser=0&hl=en&rclk=1,auto repair shop,Lyon County,county,KS,2026-07-28T08:08:47,0x87b94e9a7540c9e1:0x2e4a4a705a0a9b25
Michelin- UEO,,,,"841 Overlander St, Emporia, KS 66801, United States",841 Overlander St,Emporia,KS,66801,,,Auto repair shop,,,https://www.google.com/maps/place/Michelin-+UEO/data=!4m7!3m6!1s0x87b94ddc3831c703:0x9e351455e5f8122a!8m2!3d38.4078817!4d-96.2359736!16s%2Fg%2F11vj3gx9dr!19sChIJA8cxONxNuYcRKhL45VUUNZ4?authuser=0&hl=en&rclk=1,auto repair shop,Lyon County,county,KS,2026-07-28T08:08:47,0x87b94ddc3831c703:0x9e351455e5f8122a
NAPA Auto Parts -East Central Kansas Auto Supply,(620) 343-6000,https://www.napaonline.com/en/KS/Emporia/store/27553?cid=pl_jobber_google_dac_27553_ao,,"810 Industrial Rd, Emporia, KS 66801, United States",810 Industrial Rd,Emporia,KS,66801,4.2,46,Auto parts store,,,https://www.google.com/maps/place/NAPA+Auto+Parts+-East+Central+Kansas+Auto+Supply/data=!4m7!3m6!1s0x87b94de08be1d99b:0xa711f9037cbb8313!8m2!3d38.407428!4d-96.217272!16s%2Fg%2F1tf65_91!19sChIJm9nhi-BNuYcRE4O7fAP5Eac?authuser=0&hl=en&rclk=1,auto repair shop,Lyon County,county,KS,2026-07-28T08:08:47,0x87b94de08be1d99b:0xa711f9037cbb8313
Walmart Auto Care Center,(620) 343-7813,https://www.walmart.com/store/557-emporia-ks/auto-care-center/?veh=seo_loc,,"2301 Industrial Rd, Emporia, KS 66801, United States",2301 Industrial Rd,Emporia,KS,66801,3.4,82,Oil change service,,,https://www.google.com/maps/place/Walmart+Auto+Care+Center/data=!4m7!3m6!1s0x87b94deaba926ee7:0x4d23dd65318c7b5a!8m2!3d38.4248661!4d-96.2191017!16s%2Fg%2F1tcyxyrd!19sChIJ526SuupNuYcRWnuMMWXdI00?authuser=0&hl=en&rclk=1,auto repair shop,Lyon County,county,KS,2026-07-28T08:08:47,0x87b94deaba926ee7:0x4d23dd65318c7b5a
Williams Towing Inc.,(620) 342-4878,http://williamstowingks.com/,,"3220 W 6th Ave, Emporia, KS 66801, United States",3220 W 6th Ave,Emporia,KS,66801,4.4,162,Towing service,,,https://www.google.com/maps/place/Williams+Towing+Inc./data=!4m7!3m6!1s0x87b94de2bb574d8d:0x67c55888bc33792a!8m2!3d38.4055865!4d-96.2230008!16s%2Fg%2F11gf9kps2s!19sChIJjU1Xu-JNuYcRKnkzvIhYxWc?authuser=0&hl=en&rclk=1,auto repair shop,Lyon County,county,KS,2026-07-28T08:08:47,0x87b94de2bb574d8d:0x67c55888bc33792a
Wolff Diagnostic & Automotive Repair Inc.,(785) 542-5152,http://www.wolffauto.com/,,"208 E 20th St, Eudora, KS 66025, United States",208 E 20th St,Eudora,KS,66025,4.9,251,Auto repair shop,,,https://www.google.com/maps/place/Wolff+Diagnostic+%26+Automotive+Repair+Inc./data=!4m7!3m6!1s0x87bf61a8ae3c5e3f:0xcbdaf4a48ff9709c!8m2!3d38.928205!4d-95.0967393!16s%2Fg%2F1vhlyq1y!19sChIJP148rqhhv4cRnHD5j6T02ss?authuser=0&hl=en&rclk=1,auto repair shop,Douglas County,county,KS,2026-07-28T05:49:31,0x87bf61a8ae3c5e3f:0xcbdaf4a48ff9709c
B Co 101 BSB,,,,"7103 Trooper Dr, Fort Riley, KS 66442, United States",7103 Trooper Dr,Fort Riley,KS,66442,5.0,1,Auto repair shop,,,https://www.google.com/maps/place/B+Co+101+BSB/data=!4m7!3m6!1s0x87bc4b006322cab3:0x4dd6cf135efc5a10!8m2!3d39.1022635!4d-96.8220397!16s%2Fg%2F11wy1qwmg8!19sChIJs8oiYwBLvIcREFr8XhPP1k0?authuser=0&hl=en&rclk=1,auto repair shop,Morris County,county,KS,2026-07-28T09:12:57,0x87bc4b006322cab3:0x4dd6cf135efc5a10
Boxer’s or Bust,,,,"35C5+H48, Fort Riley, KS 66442, United States",35C5+H48,Fort Riley,KS,66442,5.0,1,Auto repair shop,,,https://www.google.com/maps/place/Boxer%E2%80%99s+or+Bust/data=!4m7!3m6!1s0x87bc4dfdfba1233f:0xcba4b53b43b66f38!8m2!3d39.0714375!4d-96.8421875!16s%2Fg%2F11w3838hhr!19sChIJPyOh-_1NvIcROG-2Qzu1pMs?authuser=0&hl=en&rclk=1,auto repair shop,Geary County,county,KS,2026-07-28T06:23:28,0x87bc4dfdfba1233f:0xcba4b53b43b66f38
Firestone Complete Auto Care,(785) 859-4325,https://www.firestonecompleteautocare.com/kansas/fort-riley/640-huebner-rd/?utm_source=google&utm_medium=organic&utm_campaign=localmaps&cmp=oloc_google_localmaps_maps,795900@bfrc.com,"640 Huebner Rd, Fort Riley, KS 66442, United States",640 Huebner Rd,Fort Riley,KS,66442,3.0,160,Tire shop,,,https://www.google.com/maps/place/Firestone+Complete+Auto+Care/data=!4m7!3m6!1s0x87bc4b04694fa823:0x8010beeac2e84b5c!8m2!3d39.077355!4d-96.770482!16s%2Fg%2F1tdv_ddw!19sChIJI6hPaQRLvIcRXEvowuq-EIA?authuser=0&hl=en&rclk=1,auto repair shop,Morris County,county,KS,2026-07-28T09:12:57,0x87bc4b04694fa823:0x8010beeac2e84b5c
Wheels Maintenance,,,,"Apennines Dr, Fort Riley, KS 66442, United States",Apennines Dr,Fort Riley,KS,66442,5.0,1,Auto repair shop,,,https://www.google.com/maps/place/Wheels+Maintenance/data=!4m7!3m6!1s0x87bc4babc3161e27:0x62c60b8d50f966e6!8m2!3d39.103733!4d-96.8205876!16s%2Fg%2F11fw7jcfyv!19sChIJJx4Ww6tLvIcR5mb5UI0LxmI?authuser=0&hl=en&rclk=1,auto repair shop,Morris County,county,KS,2026-07-28T09:12:57,0x87bc4babc3161e27:0x62c60b8d50f966e6
Briggs Ford of Fort Scott Service,,https://www.briggsoffortscottks.com/parts-service-coupons/index.htm,,"1819 S Main St, Fort Scott, KS 66701, United States",1819 S Main St,Fort Scott,KS,66701,,,Auto repair shop,,,https://www.google.com/maps/place/Briggs+Ford+of+Fort+Scott+Service/data=!4m7!3m6!1s0x87c7a11f42d24a55:0xcc8b13472eeb347a!8m2!3d37.8182314!4d-94.7048948!16s%2Fg%2F11p688nht8!19sChIJVUrSQh-hx4cRejTrLkcTi8w?authuser=0&hl=en&rclk=1,auto repair shop,Bourbon County,county,KS,2026-07-28T04:05:43,0x87c7a11f42d24a55:0xcc8b13472eeb347a
Mewhinney Automotive,,,,"2462 Jayhawk Rd, Fort Scott, KS 66701, United States",2462 Jayhawk Rd,Fort Scott,KS,66701,,,Diesel engine repair service,,,https://www.google.com/maps/place/Mewhinney+Automotive/data=!4m7!3m6!1s0x87c7a17031f9f47f:0x15a693fbc7c77eec!8m2!3d37.8040747!4d-94.6571639!16s%2Fg%2F11myxrz_h9!19sChIJf_T5MXChx4cR7H7Hx_uTphU?authuser=0&hl=en&rclk=1,auto repair shop,Bourbon County,county,KS,2026-07-28T04:05:43,0x87c7a17031f9f47f:0x15a693fbc7c77eec
Toyota Service,,,,"1819 S Main St, Fort Scott, KS 66701, United States",1819 S Main St,Fort Scott,KS,66701,,,Auto repair shop,,,https://www.google.com/maps/place/Toyota+Service/data=!4m7!3m6!1s0x87c7a194fb57d229:0xa4dae626c43cdea2!8m2!3d37.8181!4d-94.7052057!16s%2Fg%2F11fy4mct_5!19sChIJKdJX-5Shx4cRot48xCbm2qQ?authuser=0&hl=en&rclk=1,auto repair shop,Bourbon County,county,KS,2026-07-28T04:05:43,0x87c7a194fb57d229:0xa4dae626c43cdea2
Walmart Auto Care Center,(620) 223-3547,https://www.walmart.com/store/39-fort-scott-ks/auto-care-center/?veh=seo_loc,,"2500 S Main St, Fort Scott, KS 66701, United States",2500 S Main St,Fort Scott,KS,66701,3.5,65,Oil change service,,,https://www.google.com/maps/place/Walmart+Auto+Care+Center/data=!4m7!3m6!1s0x87c7a18d2475cf07:0x7dfd659ff749cc8b!8m2!3d37.808097!4d-94.7086778!16s%2Fg%2F11xmwmrbd!19sChIJB891JI2hx4cRi8xJ959l_X0?authuser=0&hl=en&rclk=1,auto repair shop,Bourbon County,county,KS,2026-07-28T04:05:43,0x87c7a18d2475cf07:0x7dfd659ff749cc8b
WILDCAT AUTO REPAIR,,,,"237 N Elm St, Frankfort, KS 66427, United States",237 N Elm St,Frankfort,KS,66427,,,Auto repair shop,,,https://www.google.com/maps/place/WILDCAT+AUTO+REPAIR/data=!4m7!3m6!1s0x87bdfded05469acb:0x5d36c741dd82f043!8m2!3d39.7031916!4d-96.4204465!16s%2Fg%2F11wvh4gdcj!19sChIJy5pGBe39vYcRQ_CC3UHHNl0?authuser=0&hl=en&rclk=1,auto repair shop,Marshall County,county,KS,2026-07-28T08:21:40,0x87bdfded05469acb:0x5d36c741dd82f043
Bills Body Shop,,,,"2260 Ohio St, Fredonia, KS 66736, United States",2260 Ohio St,Fredonia,KS,66736,5.0,1,Auto repair shop,,,https://www.google.com/maps/place/Bills+Body+Shop/data=!4m7!3m6!1s0x87b9a554bc7480f3:0xdad8138b8490519!8m2!3d37.6865524!4d-95.9009209!16s%2Fg%2F11txhl2vrr!19sChIJ84B0vFSluYcRGQVJuDiBrQ0?authuser=0&hl=en&rclk=1,auto repair shop,Wilson County,county,KS,2026-07-28T13:59:01,0x87b9a554bc7480f3:0xdad8138b8490519
City Automotive Inc,(620) 378-3153,,,"329 N 3rd St, Fredonia, KS 66736, United States",329 N 3rd St,Fredonia,KS,66736,4.4,36,Car dealer,,,https://www.google.com/maps/place/City+Automotive+Inc/data=!4m7!3m6!1s0x87b9b66127ace0ab:0x250a33aabb79b7c6!8m2!3d37.5336111!4d-95.8327778!16s%2Fg%2F1tgxjkxx!19sChIJq-CsJ2G2uYcRxrd5u6ozCiU?authuser=0&hl=en&rclk=1,auto repair shop,Woodson County,county,KS,2026-07-28T14:09:35,0x87b9b66127ace0ab:0x250a33aabb79b7c6
Koch Customs,,,,"1111 S Cement Rd, Fredonia, KS 66736, United States",1111 S Cement Rd,Fredonia,KS,66736,,,Auto body shop,,,https://www.google.com/maps/place/Koch+Customs/data=!4m7!3m6!1s0x87b9b7b90f678f5f:0xe703544bfb5f292b!8m2!3d37.5174425!4d-95.825134!16s%2Fg%2F11l5x48mys!19sChIJX49nD7m3uYcRKylf-0tUA-c?authuser=0&hl=en&rclk=1,auto repair shop,Woodson County,county,KS,2026-07-28T14:09:35,0x87b9b7b90f678f5f:0xe703544bfb5f292b
Payne's Inc.,(620) 231-3170,http://www.paynesinc.com/,,"806 W McKay St, Frontenac, KS 66763, United States",806 W McKay St,Frontenac,KS,66763,4.3,47,Truck repair shop,,,https://www.google.com/maps/place/Payne%27s+Inc./data=!4m7!3m6!1s0x87c7c3defb851de9:0xc02ccac421b3414e!8m2!3d37.455403!4d-94.7060717!16s%2Fg%2F1tscpjs2!19sChIJ6R2F-97Dx4cRTkGzIcTKLMA?authuser=0&hl=en&rclk=1,auto repair shop,Crawford County,county,KS,2026-07-28T05:20:14,0x87c7c3defb851de9:0xc02ccac421b3414e
Wiseman's Discount Tire,(620) 231-5291,http://www.wisemansdiscounttire.com/,,"4078 Parkview Dr, Frontenac, KS 66763, United States",4078 Parkview Dr,Frontenac,KS,66763,4.7,398,Tire shop,,,https://www.google.com/maps/place/Wiseman%27s+Discount+Tire/data=!4m7!3m6!1s0x87c7c22257481adb:0xea77586c59d2c99!8m2!3d37.450847!4d-94.704391!16s%2Fg%2F1td0tdv8!19sChIJ2xpIVyLCx4cRmSydxYZ1pw4?authuser=0&hl=en&rclk=1,auto repair shop,Crawford County,county,KS,2026-07-28T05:20:14,0x87c7c22257481adb:0xea77586c59d2c99
Auto Logic,,,,"122 N Anderson St, Garden City, KS 67846, United States",122 N Anderson St,Garden City,KS,67846,5.0,3,Auto repair shop,,,https://www.google.com/maps/place/Auto+Logic/data=!4m7!3m6!1s0x8709ef7ab387192b:0x404c6d49ba6f7966!8m2!3d37.9624923!4d-100.8557423!16s%2Fg%2F11jvpyp5qy!19sChIJKxmHs3rvCYcRZnlvukltTEA?authuser=0&hl=en&rclk=1,auto repair shop,Haskell County,county,KS,2026-07-28T07:02:46,0x8709ef7ab387192b:0x404c6d49ba6f7966
Discount Tire,(620) 765-7268,https://www.discounttire.com/store/ks/garden-city/s/2407,,"1535 Larue Rd, Garden City, KS 67846, United States",1535 Larue Rd,Garden City,KS,67846,4.6,14,Tire shop,,,https://www.google.com/maps/place/Discount+Tire/data=!4m7!3m6!1s0x8709ef10e23a12e1:0x4a62d5cfaf855e0c!8m2!3d37.9802127!4d-100.836631!16s%2Fg%2F11nj11b_1m!19sChIJ4RI64hDvCYcRDF6Fr8_VYko?authuser=0&hl=en&rclk=1,auto repair shop,Haskell County,county,KS,2026-07-28T07:02:46,0x8709ef10e23a12e1:0x4a62d5cfaf855e0c
Leeper Transmission Inc,(620) 275-0256,https://www.leepertransmission.com/,,"1107 E Fulton St, Garden City, KS 67846, United States",1107 E Fulton St,Garden City,KS,67846,4.5,40,Auto repair shop,,,https://www.google.com/maps/place/Leeper+Transmission+Inc/data=!4m7!3m6!1s0x8709ee3913d80169:0xd861270db2dc020c!8m2!3d37.964298!4d-100.860185!16s%2Fg%2F1tf6h2h8!19sChIJaQHYEznuCYcRDALcsg0nYdg?authuser=0&hl=en&rclk=1,auto repair shop,Gray County,county,KS,2026-07-28T06:44:50,0x8709ee3913d80169:0xd861270db2dc020c
"R & R Frame & Axle, Inc.",(620) 276-8585,,,"2680 N Anderson Rd, Garden City, KS 67846, United States",2680 N Anderson Rd,Garden City,KS,67846,4.6,76,Truck repair shop,,,"https://www.google.com/maps/place/R+%26+R+Frame+%26+Axle,+Inc./data=!4m7!3m6!1s0x8709f26ebc353085:0x477a50d3b92cba44!8m2!3d37.9906991!4d-100.9197048!16s%2Fg%2F1wbry72m!19sChIJhTA1vG7yCYcRRLosudNQekc?authuser=0&hl=en&rclk=1",auto repair shop,Finney County,county,KS,2026-07-28T06:05:01,0x8709f26ebc353085:0x477a50d3b92cba44
Robinsons Alignment Inc,(620) 276-3691,http://robinsonsalignment-ks.com/,,"130 Stevens Ave, Garden City, KS 67846, United States",130 Stevens Ave,Garden City,KS,67846,4.3,93,Auto repair shop,,,https://www.google.com/maps/place/Robinsons+Alignment+Inc/data=!4m7!3m6!1s0x8709ee10a08c5a03:0x60d1f08155b5899!8m2!3d37.9697716!4d-100.8745865!16s%2Fg%2F1tfsnfww!19sChIJA1qMoBDuCYcRmVhbFQgfDQY?authuser=0&hl=en&rclk=1,auto repair shop,Haskell County,county,KS,2026-07-28T07:02:46,0x8709ee10a08c5a03:0x60d1f08155b5899
Rupp's Tire Inc.,(620) 275-2426,http://ruppstire.com/?utm_source=NEXT&utm_medium=Google_website,,"407 E Kansas Ave, Garden City, KS 67846, United States",407 E Kansas Ave,Garden City,KS,67846,4.9,154,Tire shop,,,https://www.google.com/maps/place/Rupp%27s+Tire+Inc./data=!4m7!3m6!1s0x8709ee2204d847c5:0xf72e962b47554df!8m2!3d37.9753272!4d-100.8671302!16s%2Fg%2F1tdb98pg!19sChIJxUfYBCLuCYcR31R1tGLpcg8?authuser=0&hl=en&rclk=1,auto repair shop,Haskell County,county,KS,2026-07-28T07:02:46,0x8709ee2204d847c5:0xf72e962b47554df
Smith Auto & Truck Parts Inc,(620) 275-9145,http://www.smithauto-truck.com/,,"402 E Burnside Dr, Garden City, KS 67846, United States",402 E Burnside Dr,Garden City,KS,67846,4.5,161,Used auto parts store,,,https://www.google.com/maps/place/Smith+Auto+%26+Truck+Parts+Inc/data=!4m7!3m6!1s0x8709ee68d252c43f:0xfe6691d16422c8eb!8m2!3d37.9499549!4d-100.8728332!16s%2Fg%2F1tjv3zhv!19sChIJP8RS0mjuCYcR68giZNGRZv4?authuser=0&hl=en&rclk=1,auto repair shop,Haskell County,county,KS,2026-07-28T07:02:46,0x8709ee68d252c43f:0xfe6691d16422c8eb
Bauman Brothers LLC,+1 7858189,http://www.cedarvalleytire.com/,,"24161 NW Kentucky Rd, Garnett, KS 66032, United States",24161 NW Kentucky Rd,Garnett,KS,66032,5.0,18,Car repair and maintenance service,,,https://www.google.com/maps/place/Bauman+Brothers+LLC/data=!4m7!3m6!1s0x87b8beece502d087:0x4310e5691d120a96!8m2!3d38.244895!4d-95.3344101!16s%2Fg%2F11bwh5ycpj!19sChIJh9AC5ey-uIcRlgoSHWnlEEM?authuser=0&hl=en&rclk=1,auto repair shop,Anderson County,county,KS,2026-07-28T03:31:45,0x87b8beece502d087:0x4310e5691d120a96
Quality Automotive Inc,(620) 365-0029,,,"105 S Main St, Gas, KS 66742, United States",105 S Main St,Gas,KS,66742,4.6,49,Auto repair shop,,,https://www.google.com/maps/place/Quality+Automotive+Inc/data=!4m7!3m6!1s0x87b88ba2b768e4e5:0x56a5680f2579d15a!8m2!3d37.9211274!4d-95.3419511!16s%2Fg%2F1tf3zws9!19sChIJ5eRot6KLuIcRWtF5JQ9opVY?authuser=0&hl=en&rclk=1,auto repair shop,Republic County,county,KS,2026-07-28T11:27:53,0x87b88ba2b768e4e5:0x56a5680f2579d15a
Crawford County Fairgrounds,,,,"249 E 47 Hwy, Girard, KS 66743, United States",249 E 47 Hwy,Girard,KS,66743,4.7,33,Fairground,,,https://www.google.com/maps/place/Crawford+County+Fairgrounds/data=!4m7!3m6!1s0x87c7eb7ccfffffff:0x95dd5776d3d98527!8m2!3d37.5084853!4d-94.8073571!16s%2Fg%2F11txv1_npj!19sChIJ____z3zrx4cRJ4XZ03ZX3ZU?authuser=0&hl=en&rclk=1,auto repair shop,Crawford County,county,KS,2026-07-28T05:20:14,0x87c7eb7ccfffffff:0x95dd5776d3d98527
"Diskin's Auto & Towing Service, Inc.",(620) 724-8100,,,"120 E Forest Ave, Girard, KS 66743, United States",120 E Forest Ave,Girard,KS,66743,4.8,28,Auto repair shop,,,"https://www.google.com/maps/place/Diskin%27s+Auto+%26+Towing+Service,+Inc./data=!4m7!3m6!1s0x87c7ece5a27b54c9:0xe6a8daeb2660e351!8m2!3d37.5109448!4d-94.8423677!16s%2Fg%2F12649ckq8!19sChIJyVR7ouXsx4cRUeNgJuvaqOY?authuser=0&hl=en&rclk=1",auto repair shop,Neosho County,county,KS,2026-07-28T09:44:36,0x87c7ece5a27b54c9:0xe6a8daeb2660e351
NAPA Auto Parts - Girard Auto Parts,(620) 724-6166,https://www.napaonline.com/en/KS/Girard/store/23223?cid=pl_jobber_google_dac_23223_ao,,"122 S Ozark St, Girard, KS 66743, United States",122 S Ozark St,Girard,KS,66743,4.7,31,Auto parts store,,,https://www.google.com/maps/place/NAPA+Auto+Parts+-+Girard+Auto+Parts/data=!4m7!3m6!1s0x87c7ecef7fc2b3e1:0x2debe1d7e2ef97a7!8m2!3d37.509881!4d-94.84141!16s%2Fg%2F1tfb2jbb!19sChIJ4bPCf-_sx4cRp5fv4tfh6y0?authuser=0&hl=en&rclk=1,auto repair shop,Crawford County,county,KS,2026-07-28T05:20:14,0x87c7ecef7fc2b3e1:0x2debe1d7e2ef97a7
Bauman's Norwest Recreation Inc,(785) 899-2363,,,"310 E US Hwy 24, Goodland, KS 67735, United States",310 E US Hwy 24,Goodland,KS,67735,4.7,3,Motorcycle repair shop,,,https://www.google.com/maps/place/Bauman%27s+Norwest+Recreation+Inc/data=!4m7!3m6!1s0x870b357a52b48e67:0xe626458b99de0510!8m2!3d39.3372408!4d-101.7085753!16s%2Fg%2F11fylkffj2!19sChIJZ460Uno1C4cREAXemYtFJuY?authuser=0&hl=en&rclk=1,auto repair shop,Sherman County,county,KS,2026-07-28T13:08:34,0x870b357a52b48e67:0xe626458b99de0510
Car Care Center,,,,"1202 Old US Hwy 24, Goodland, KS 67735, United States",1202 Old US Hwy 24,Goodland,KS,67735,5.0,2,Auto repair shop,,,https://www.google.com/maps/place/Car+Care+Center/data=!4m7!3m6!1s0x870b4a5d674ce1ef:0x877abf841b745095!8m2!3d39.3372305!4d-101.7300035!16s%2Fg%2F11s65_9_r_!19sChIJ7-FMZ11KC4cRlVB0G4S_eoc?authuser=0&hl=en&rclk=1,auto repair shop,Sherman County,county,KS,2026-07-28T13:08:34,0x870b4a5d674ce1ef:0x877abf841b745095
"Dan Brenner Ford, Inc. Service",(785) 899-2316,https://www.danbrennerford.com/,,"1520 KS-27, Goodland, KS 67735, United States",1520 KS-27,Goodland,KS,67735,5.0,3,Auto repair shop,,,"https://www.google.com/maps/place/Dan+Brenner+Ford,+Inc.+Service/data=!4m7!3m6!1s0x870b4bf9d3740155:0xa1cfff55f7fa36c9!8m2!3d39.3433563!4d-101.7279144!16s%2Fg%2F11qpw0sm4q!19sChIJVQF00_lLC4cRyTb691X_z6E?authuser=0&hl=en&rclk=1",auto repair shop,Sherman County,county,KS,2026-07-28T13:08:34,0x870b4bf9d3740155:0xa1cfff55f7fa36c9
NAPA Auto Parts - Shores Auto Parts,(785) 890-3647,https://www.napaonline.com/en/KS/Goodland/store/22663?cid=pl_jobber_google_dac_22663_ao,,"1615 Main St, Goodland, KS 67735, United States",1615 Main St,Goodland,KS,67735,4.7,39,Auto parts store,,,https://www.google.com/maps/place/NAPA+Auto+Parts+-+Shores+Auto+Parts/data=!4m7!3m6!1s0x870b4a794da04099:0x48b155b1c66caa55!8m2!3d39.3425415!4d-101.7115183!16s%2Fg%2F11bx8qq_07!19sChIJmUCgTXlKC4cRVapsxrFVsUg?authuser=0&hl=en&rclk=1,auto repair shop,Sherman County,county,KS,2026-07-28T13:08:34,0x870b4a794da04099:0x48b155b1c66caa55
NAPA Auto Parts - Jack's Automotive Repair & Towing,(785) 673-4258,https://www.napaonline.com/en/KS/Grainfield/store/25975?cid=pl_jobber_google_dac_25975_ao,,"154 Main St, Grainfield, KS 67737, United States",154 Main St,Grainfield,KS,67737,4.4,91,Auto parts store,,,https://www.google.com/maps/place/NAPA+Auto+Parts+-+Jack%27s+Automotive+Repair+%26+Towing/data=!4m7!3m6!1s0x87a0723ef368e2e7:0x202513686960dc91!8m2!3d39.111235!4d-100.465737!16s%2Fg%2F1tlvq0pt!19sChIJ5-Jo8z5yoIcRkdxgaWgTJSA?authuser=0&hl=en&rclk=1,auto repair shop,Gove County,county,KS,2026-07-28T06:30:08,0x87a0723ef368e2e7:0x202513686960dc91
Allied Dent GB,,https://www.localhailrepair.com/,,"2207 Washington St, Great Bend, KS 67530, United States",2207 Washington St,Great Bend,KS,67530,,,Auto repair shop,,,https://www.google.com/maps/place/Allied+Dent+GB/data=!4m7!3m6!1s0x87a38ba110fd03dd:0xecda99a5a5f56402!8m2!3d38.3743171!4d-98.7748379!16s%2Fg%2F11vbsdlqzb!19sChIJ3QP9EKGLo4cRAmT1paWZ2uw?authuser=0&hl=en&rclk=1,auto repair shop,Barton County,county,KS,2026-07-28T03:52:01,0x87a38ba110fd03dd:0xecda99a5a5f56402
Automotive Machine Shop Inc,(620) 792-2728,,,"116 S Patton Rd, Great Bend, KS 67530, United States",116 S Patton Rd,Great Bend,KS,67530,3.0,2,Machine shop,,,https://www.google.com/maps/place/Automotive+Machine+Shop+Inc/data=!4m7!3m6!1s0x87a38ae8f42491e7:0xb62e7119728d57f7!8m2!3d38.3509021!4d-98.8106811!16s%2Fg%2F1tddspsq!19sChIJ55Ek9OiKo4cR91eNchlxLrY?authuser=0&hl=en&rclk=1,auto repair shop,Barton County,county,KS,2026-07-28T03:52:01,0x87a38ae8f42491e7:0xb62e7119728d57f7
BARRERA AUTO REPAIR LLC,,,,"2019 Washington St, Great Bend, KS 67530, United States",2019 Washington St,Great Bend,KS,67530,,,Auto repair shop,,,https://www.google.com/maps/place/BARRERA+AUTO+REPAIR+LLC/data=!4m7!3m6!1s0x87a38bb6bec67cfb:0x911681c84eedc8eb!8m2!3d38.3725186!4d-98.7745697!16s%2Fg%2F11z6pw5bpz!19sChIJ-3zGvraLo4cR68jtTsiBFpE?authuser=0&hl=en&rclk=1,auto repair shop,Pawnee County,county,KS,2026-07-28T10:36:16,0x87a38bb6bec67cfb:0x911681c84eedc8eb
Carson's Mechanical Services,,,,"2414 Railroad Ave, Great Bend, KS 67530, United States",2414 Railroad Ave,Great Bend,KS,67530,5.0,5,Truck repair shop,,,https://www.google.com/maps/place/Carson%27s+Mechanical+Services/data=!4m7!3m6!1s0x87a38a4795b602d1:0x16892107990c5edc!8m2!3d38.3547758!4d-98.7715104!16s%2Fg%2F1tdfz6yx!19sChIJ0QK2lUeKo4cR3F4MmQchiRY?authuser=0&hl=en&rclk=1,auto repair shop,Barton County,county,KS,2026-07-28T03:52:01,0x87a38a4795b602d1:0x16892107990c5edc
Diesel Control Technicians Inc.,(620) 792-4333,http://www.dieselfuelinjectionrepair.com/,,"5006 8th St, Great Bend, KS 67530, United States",5006 8th St,Great Bend,KS,67530,5.0,9,Diesel engine repair service,,,https://www.google.com/maps/place/Diesel+Control+Technicians+Inc./data=!4m7!3m6!1s0x87a38afbf4e4c039:0xf269e42fa695d62b!8m2!3d38.3591633!4d-98.8015252!16s%2Fg%2F1260sg8m3!19sChIJOcDk9PuKo4cRK9aVpi_kafI?authuser=0&hl=en&rclk=1,auto repair shop,Barton County,county,KS,2026-07-28T03:52:01,0x87a38afbf4e4c039:0xf269e42fa695d62b
Murphy Truck Repair Inc.,(620) 792-6595,,,"517 Washington St, Great Bend, KS 67530, United States",517 Washington St,Great Bend,KS,67530,5.0,6,Auto repair shop,,,https://www.google.com/maps/place/Murphy+Truck+Repair+Inc./data=!4m7!3m6!1s0x87a38a48bc5d6e93:0x2ea2872965221b7c!8m2!3d38.3566139!4d-98.7745496!16s%2Fg%2F11qb695lb4!19sChIJk25dvEiKo4cRfBsiZSmHoi4?authuser=0&hl=en&rclk=1,auto repair shop,Barton County,county,KS,2026-07-28T03:52:01,0x87a38a48bc5d6e93:0x2ea2872965221b7c
Transmission Exchange Inc,(620) 793-5268,,,"57 SE 16 Rd, Great Bend, KS 67530, United States",57 SE 16 Rd,Great Bend,KS,67530,3.1,18,Transmission shop,,,https://www.google.com/maps/place/Transmission+Exchange+Inc/data=!4m7!3m6!1s0x87a38a1102dd9ec9:0x580d685fa9382a8e!8m2!3d38.3386709!4d-98.7641772!16s%2Fg%2F1tltmwm0!19sChIJyZ7dAhGKo4cRjio4qV9oDVg?authuser=0&hl=en&rclk=1,auto repair shop,Barton County,county,KS,2026-07-28T03:52:01,0x87a38a1102dd9ec9:0x580d685fa9382a8e
Valvoline Instant Oil Change,(620) 282-5000,https://store.vioc.com/ks/great-bend/2805-10th-street?utm_source=google&utm_medium=local&utm_campaign=localsearch,,"2805 10th St, Great Bend, KS 67530, United States",2805 10th St,Great Bend,KS,67530,4.9,106,Oil change service,,,https://www.google.com/maps/place/Valvoline+Instant+Oil+Change/data=!4m7!3m6!1s0x87a38bd367e19b47:0x4e6f441be40b081f!8m2!3d38.3616142!4d-98.7771747!16s%2Fg%2F11xzh_29j0!19sChIJR5vhZ9OLo4cRHwgL5BtEb04?authuser=0&hl=en&rclk=1,auto repair shop,Barton County,county,KS,2026-07-28T03:52:01,0x87a38bd367e19b47:0x4e6f441be40b081f
Walmart Auto Care Center,(620) 792-3741,https://www.walmart.com/store/770-great-bend-ks/auto-care-center/?veh=seo_loc,,"3503 10th St, Great Bend, KS 67530, United States",3503 10th St,Great Bend,KS,67530,3.0,71,Oil change service,,,https://www.google.com/maps/place/Walmart+Auto+Care+Center/data=!4m7!3m6!1s0x87a38a53895c4791:0xa89f4b7847cdd184!8m2!3d38.3590714!4d-98.7870182!16s%2Fg%2F1td0bfpt!19sChIJkUdciVOKo4cRhNHNR3hLn6g?authuser=0&hl=en&rclk=1,auto repair shop,Barton County,county,KS,2026-07-28T03:52:01,0x87a38a53895c4791:0xa89f4b7847cdd184
Doug's Auto Service Inc.,(316) 524-8291,,,"349 N Main St, Haysville, KS 67060, United States",349 N Main St,Haysville,KS,67060,4.8,121,Auto repair shop,,,https://www.google.com/maps/place/Doug%27s+Auto+Service+Inc./data=!4m7!3m6!1s0x87bae8ad67542fc3:0x4e6008e910fc6abd!8m2!3d37.5696062!4d-97.3527433!16s%2Fg%2F1tmy5kwd!19sChIJwy9UZ63ouocRvWr8EOkIYE4?authuser=0&hl=en&rclk=1,auto repair shop,Sumner County,county,KS,2026-07-28T13:31:48,0x87bae8ad67542fc3:0x4e6008e910fc6abd
Skeet's Repair Inc,(620) 327-4249,,,"104 N Weaver Ave, Hesston, KS 67062, United States",104 N Weaver Ave,Hesston,KS,67062,5.0,21,Auto repair shop,,,https://www.google.com/maps/place/Skeet%27s+Repair+Inc/data=!4m7!3m6!1s0x87bb6a717fcc6e65:0xba1faeacd2704798!8m2!3d38.1379664!4d-97.4298379!16s%2Fg%2F1tf8239w!19sChIJZW7Mf3Fqu4cRmEdw0qyuH7o?authuser=0&hl=en&rclk=1,auto repair shop,Harvey County,county,KS,2026-07-28T06:56:36,0x87bb6a717fcc6e65:0xba1faeacd2704798
Grease Rack Inc,(785) 742-4525,,,"2276 US-73, Hiawatha, KS 66434, United States",2276 US-73,Hiawatha,KS,66434,4.3,20,Auto repair shop,,,https://www.google.com/maps/place/Grease+Rack+Inc/data=!4m7!3m6!1s0x87bfd86702d5b589:0xe9a8f591cfcb3970!8m2!3d39.8376339!4d-95.5264147!16s%2Fg%2F1vxdyt0x!19sChIJibXVAmfYv4cRcDnLz5H1qOk?authuser=0&hl=en&rclk=1,auto repair shop,Nemaha County,county,KS,2026-07-28T09:32:10,0x87bfd86702d5b589:0xe9a8f591cfcb3970
Walmart Auto Care Center,(785) 742-3438,https://www.walmart.com/store/342-hiawatha-ks/auto-care-center/?veh=seo_loc,,"701 Hopi Dr, Hiawatha, KS 66434, United States",701 Hopi Dr,Hiawatha,KS,66434,3.3,25,Oil change service,,,https://www.google.com/maps/place/Walmart+Auto+Care+Center/data=!4m7!3m6!1s0x8795629e849d39a3:0x58a23d8f1b298d14!8m2!3d39.8465!4d-95.5599231!16s%2Fg%2F1tgzbvq6!19sChIJozmdhJ5ilYcRFI0pG489olg?authuser=0&hl=en&rclk=1,auto repair shop,Nemaha County,county,KS,2026-07-28T09:32:10,0x8795629e849d39a3:0x58a23d8f1b298d14
"Carquest Auto Parts - HILL CITY AUTOMOTIVE, INC",(785) 421-2161,https://www.carquest.com/locations/ks/hill-city/5314/,,"504 W Main St, Hill City, KS 67642, United States",504 W Main St,Hill City,KS,67642,4.9,31,Auto parts store,,,"https://www.google.com/maps/place/Carquest+Auto+Parts+-+HILL+CITY+AUTOMOTIVE,+INC/data=!4m7!3m6!1s0x87a1cdae40fc3e4d:0x86a4fb02b84528ca!8m2!3d39.364894!4d-99.8477186!16s%2Fg%2F1td4_c46!19sChIJTT78QK7NoYcRyihFuAL7pIY?authuser=0&hl=en&rclk=1",auto repair shop,Graham County,county,KS,2026-07-28T06:37:29,0x87a1cdae40fc3e4d:0x86a4fb02b84528ca
Vincent OK Tire Co Inc,(785) 421-2188,,,"2748 US-24, Hill City, KS 67642, United States",2748 US-24,Hill City,KS,67642,5.0,13,Tire shop,,,https://www.google.com/maps/place/Vincent+OK+Tire+Co+Inc/data=!4m7!3m6!1s0x87a1cdb6637486a9:0x727283779f6ab4d2!8m2!3d39.3648697!4d-99.8367986!16s%2Fg%2F1tf43gdm!19sChIJqYZ0Y7bNoYcR0rRqn3eDcnI?authuser=0&hl=en&rclk=1,auto repair shop,Norton County,county,KS,2026-07-28T10:03:12,0x87a1cdb6637486a9:0x727283779f6ab4d2
Chevrolet Service,,http://www.chevrolet.com/,,"306 New York Ave, Holton, KS 66436, United States",306 New York Ave,Holton,KS,66436,4.8,5,Auto repair shop,,,https://www.google.com/maps/place/Chevrolet+Service/data=!4m7!3m6!1s0x87be4b2e90a112ff:0xd988d4f2cc54b0d6!8m2!3d39.4624043!4d-95.7357928!16s%2Fg%2F11g9qb3b89!19sChIJ_xKhkC5LvocR1rBUzPLUiNk?authuser=0&hl=en&rclk=1,auto repair shop,Nemaha County,county,KS,2026-07-28T09:32:10,0x87be4b2e90a112ff:0xd988d4f2cc54b0d6
"Foster Ford, Inc. Service",(785) 364-4646,https://www.fosterfordinc.com/,,"311 Arizona Ave, Holton, KS 66436, United States",311 Arizona Ave,Holton,KS,66436,,,Auto repair shop,,,"https://www.google.com/maps/place/Foster+Ford,+Inc.+Service/data=!4m7!3m6!1s0x87be4bc2d3773839:0x69860d509c71122f!8m2!3d39.4613051!4d-95.7488666!16s%2Fg%2F11p39ljfjt!19sChIJOTh308JLvocRLxJxnFANhmk?authuser=0&hl=en&rclk=1",auto repair shop,Nemaha County,county,KS,2026-07-28T09:32:10,0x87be4bc2d3773839:0x69860d509c71122f
Bainter Oil Service Inc,(785) 675-3903,,,"929 Main St, Hoxie, KS 67740, United States",929 Main St,Hoxie,KS,67740,4.8,12,Gas station,,,https://www.google.com/maps/place/Bainter+Oil+Service+Inc/data=!4m7!3m6!1s0x87a005528cde6253:0x5fb2dbc1d4a7fdd9!8m2!3d39.3552542!4d-100.4422492!16s%2Fg%2F1tsykppk!19sChIJU2LejFIFoIcR2f2n1MHbsl8?authuser=0&hl=en&rclk=1,auto repair shop,Sheridan County,county,KS,2026-07-28T12:56:29,0x87a005528cde6253:0x5fb2dbc1d4a7fdd9
Brian's Auto & Diesel LLC,,,,"1407 Industrial St, Hugoton, KS 67951, United States",1407 Industrial St,Hugoton,KS,67951,4.3,6,Auto repair shop,,,https://www.google.com/maps/place/Brian%27s+Auto+%26+Diesel+LLC/data=!4m7!3m6!1s0x87085f003550aef9:0x9fab8f37aab4b6ab!8m2!3d37.1660648!4d-101.3376171!16s%2Fg%2F11y8n688vb!19sChIJ-a5QNQBfCIcRq7a0qjePq58?authuser=0&hl=en&rclk=1,auto repair shop,Stevens County,county,KS,2026-07-28T13:23:30,0x87085f003550aef9:0x9fab8f37aab4b6ab
NAPA Auto Parts - Ghumms Auto Center LLC,(620) 544-2975,https://www.napaonline.com/en/KS/Hugoton/store/20509?cid=pl_jobber_google_dac_20509_ao,,"113 W 6th St, Hugoton, KS 67951, United States",113 W 6th St,Hugoton,KS,67951,4.3,44,Auto parts store,,,https://www.google.com/maps/place/NAPA+Auto+Parts+-+Ghumms+Auto+Center+LLC/data=!4m7!3m6!1s0x8708f5fdf1574a4b:0xa698fec60f77caa6!8m2!3d37.176832!4d-101.349222!16s%2Fg%2F1hc6317wx!19sChIJS0pX8f31CIcRpsp3D8b-mKY?authuser=0&hl=en&rclk=1,auto repair shop,Stevens County,county,KS,2026-07-28T13:23:30,0x8708f5fdf1574a4b:0xa698fec60f77caa6
"Bob Goertz Auto Repair, Inc.",(620) 662-3105,http://www.bobgoertzauto.com/,contact@sansoxygen.com,"101 E Sherman St, Hutchinson, KS 67501, United States",101 E Sherman St,Hutchinson,KS,67501,4.6,80,Auto repair shop,,,"https://www.google.com/maps/place/Bob+Goertz+Auto+Repair,+Inc./data=!4m7!3m6!1s0x87a4b7d90319f43b:0x765db5bfc4733de7!8m2!3d38.0519!4d-97.9299!16s%2Fg%2F1tdnlmkh!19sChIJO_QZA9m3pIcR5z1zxL-1XXY?authuser=0&hl=en&rclk=1",auto repair shop,Reno County,county,KS,2026-07-28T11:19:53,0x87a4b7d90319f43b:0x765db5bfc4733de7
Dan's Auto Repair & Sales Inc,(620) 254-9379,https://www.dansautosalesinc.com/,,"914 E 4th Ave, Hutchinson, KS 67501, United States",914 E 4th Ave,Hutchinson,KS,67501,4.1,12,Auto repair shop,,,https://www.google.com/maps/place/Dan%27s+Auto+Repair+%26+Sales+Inc/data=!4m7!3m6!1s0x87a4b62c4fde137b:0x856c66f412f01409!8m2!3d38.0579689!4d-97.9123022!16s%2Fg%2F1v3h_h1x!19sChIJexPeTyy2pIcRCRTwEvRmbIU?authuser=0&hl=en&rclk=1,auto repair shop,Reno County,county,KS,2026-07-28T11:19:53,0x87a4b62c4fde137b:0x856c66f412f01409
Good Vibrations Autusound Inc.,(620) 669-0518,https://goodvibrationsks.com/,goodvibeshutch@gmail.com,"309 N Walnut St, Hutchinson, KS 67501, United States",309 N Walnut St,Hutchinson,KS,67501,4.6,127,Car accessories store,,,https://www.google.com/maps/place/Good+Vibrations+Autusound+Inc./data=!4m7!3m6!1s0x87a4b7dba3685633:0x888094eb3ce06bc2!8m2!3d38.0564904!4d-97.9304098!16s%2Fg%2F1tg_9_9_!19sChIJM1Zoo9u3pIcRwmvgPOuUgIg?authuser=0&hl=en&rclk=1,auto repair shop,Reno County,county,KS,2026-07-28T11:19:53,0x87a4b7dba3685633:0x888094eb3ce06bc2
Meineke Car Care Center,(620) 860-0949,https://www.meineke.com/locations/ks/hutchinson-2272/?utm_source=google&utm_medium=organic&utm_campaign=gbp_website,ryantracy@barrentroy.com,"1223 E 30th Ave, Hutchinson, KS 67502, United States",1223 E 30th Ave,Hutchinson,KS,67502,4.3,713,Auto repair shop,,,https://www.google.com/maps/place/Meineke+Car+Care+Center/data=!4m7!3m6!1s0x87a4b65099d7dbef:0xdb25367d59262f81!8m2!3d38.0861671!4d-97.905388!16s%2Fg%2F1hc4wjy3k!19sChIJ79vXmVC2pIcRgS8mWX02Jds?authuser=0&hl=en&rclk=1,auto repair shop,Reno County,county,KS,2026-07-28T11:19:53,0x87a4b65099d7dbef:0xdb25367d59262f81
Midas,(620) 860-0405,https://www.midas.com/store/ks/hutchinson/1101-north-lorraine-67501/?shopnum=5124&utm_source=google&utm_medium=organic&utm_campaign=gbp,,"1101 N Lorraine St, Hutchinson, KS 67501, United States",1101 N Lorraine St,Hutchinson,KS,67501,4.7,903,Auto repair shop,,,https://www.google.com/maps/place/Midas/data=!4m7!3m6!1s0x87a4b63a0d018127:0x25a29e36ed45fd84!8m2!3d38.0654764!4d-97.9042075!16s%2Fg%2F1tj5lnq6!19sChIJJ4EBDTq2pIcRhP1F7TaeoiU?authuser=0&hl=en&rclk=1,auto repair shop,Reno County,county,KS,2026-07-28T11:19:53,0x87a4b63a0d018127:0x25a29e36ed45fd84
Midwest Ford Service Center,,https://www.midwestsuperstore-hutchinson.com/service/index.htm?utm_source=google&utm_medium=organic&utm_campaign=google_my_business_service_center,mrich@midwestsuperstore.com,"1100 E 30th Ave, Hutchinson, KS 67502, United States",1100 E 30th Ave,Hutchinson,KS,67502,3.3,3,Auto repair shop,,,https://www.google.com/maps/place/Midwest+Ford+Service+Center/data=!4m7!3m6!1s0x87a4b7ceb8bd7cf9:0x151d2e986a24f8e3!8m2!3d38.0877107!4d-97.9086483!16s%2Fg%2F11lktztgdq!19sChIJ-Xy9uM63pIcR4_gkapguHRU?authuser=0&hl=en&rclk=1,auto repair shop,Reno County,county,KS,2026-07-28T11:19:53,0x87a4b7ceb8bd7cf9:0x151d2e986a24f8e3
Midwest Toyota Service Center,,https://www.midwesttoyotadealer.com/,,"1100 E 30th Ave, Hutchinson, KS 67502, United States",1100 E 30th Ave,Hutchinson,KS,67502,3.9,8,Auto repair shop,,,https://www.google.com/maps/place/Midwest+Toyota+Service+Center/data=!4m7!3m6!1s0x87a4b73d52e57be1:0xbb4c5c4b37af8ddd!8m2!3d38.0877107!4d-97.9086483!16s%2Fg%2F11m_xc_vqx!19sChIJ4XvlUj23pIcR3Y2vN0tcTLs?authuser=0&hl=en&rclk=1,auto repair shop,Reno County,county,KS,2026-07-28T11:19:53,0x87a4b73d52e57be1:0xbb4c5c4b37af8ddd
"Mike's Auto Service, Inc.",(620) 663-8411,http://www.mikesautoservicehutchks.com/,,"8300 N Plum St, Hutchinson, KS 67502, United States",8300 N Plum St,Hutchinson,KS,67502,4.4,44,Auto repair shop,,,"https://www.google.com/maps/place/Mike%27s+Auto+Service,+Inc./data=!4m7!3m6!1s0x87a4b0d908420ed9:0xa2cfea78f904c622!8m2!3d38.1460685!4d-97.9216842!16s%2Fg%2F1tgh81pr!19sChIJ2Q5CCNmwpIcRIsYE-Xjqz6I?authuser=0&hl=en&rclk=1",auto repair shop,Reno County,county,KS,2026-07-28T11:19:53,0x87a4b0d908420ed9:0xa2cfea78f904c622
Pinnacle Projects,,https://docs.google.com/forms/d/e/1FAIpQLSfsxB30C0W940Jkv6OwvDLIM_wCj9BWSQRGcHWZq2rxR2DYfQ/viewform,,"1500 E 11th Ave, Hutchinson, KS 67501, United States",1500 E 11th Ave,Hutchinson,KS,67501,5.0,1,Auto repair shop,,,https://www.google.com/maps/place/Pinnacle+Projects/data=!4m7!3m6!1s0x87a4b7a453f591e3:0xa988e440b4e48e86!8m2!3d38.0672338!4d-97.8980997!16s%2Fg%2F11mdbq2r5t!19sChIJ45H1U6S3pIcRho7ktEDkiKk?authuser=0&hl=en&rclk=1,auto repair shop,Reno County,county,KS,2026-07-28T11:19:53,0x87a4b7a453f591e3:0xa988e440b4e48e86
Street Worx Automotive and Decals,,,,"1408 W 30th Ave, Hutchinson, KS 67502, United States",1408 W 30th Ave,Hutchinson,KS,67502,,,Auto machine shop,,,https://www.google.com/maps/place/Street+Worx+Automotive+and+Decals/data=!4m7!3m6!1s0x87a4b76f48a030b9:0x7132ae625e1c9fb3!8m2!3d38.0866751!4d-97.9579923!16s%2Fg%2F11wbd2153g!19sChIJuTCgSG-3pIcRs58cXmKuMnE?authuser=0&hl=en&rclk=1,auto repair shop,Reno County,county,KS,2026-07-28T11:19:53,0x87a4b76f48a030b9:0x7132ae625e1c9fb3
Walmart Auto Care Center,(620) 669-9457,https://www.walmart.com/store/794-hutchinson-ks/auto-care-center/?veh=seo_loc,,"1905 E 17th Ave, Hutchinson, KS 67501, United States",1905 E 17th Ave,Hutchinson,KS,67501,3.0,128,Oil change service,,,https://www.google.com/maps/place/Walmart+Auto+Care+Center/data=!4m7!3m6!1s0x87a4b615292889b1:0x7ab5d003c7eef60c!8m2!3d38.0709979!4d-97.8921173!16s%2Fg%2F1thw2ncd!19sChIJsYkoKRW2pIcRDPbuxwPQtXo?authuser=0&hl=en&rclk=1,auto repair shop,Reno County,county,KS,2026-07-28T11:19:53,0x87a4b615292889b1:0x7ab5d003c7eef60c
"Car Shop, Inc.",(620) 331-3553,http://thecarshopinc.com/,,"3201 W Main St, Independence, KS 67301, United States",3201 W Main St,Independence,KS,67301,4.7,82,Auto repair shop,,,"https://www.google.com/maps/place/Car+Shop,+Inc./data=!4m7!3m6!1s0x87b9d4be59773825:0xa064ef362783f4ef!8m2!3d37.2253052!4d-95.7473029!16s%2Fg%2F1tj_5rpw!19sChIJJTh3Wb7UuYcR7_SDJzbvZKA?authuser=0&hl=en&rclk=1",auto repair shop,Montgomery County,county,KS,2026-07-28T08:54:40,0x87b9d4be59773825:0xa064ef362783f4ef
Red Tiger Tire & Auto Inc.,(620) 714-5022,,,"4410 Co Rd 4300, Independence, KS 67301, United States",4410 Co Rd 4300,Independence,KS,67301,4.6,52,Auto repair shop,,,https://www.google.com/maps/place/Red+Tiger+Tire+%26+Auto+Inc./data=!4m7!3m6!1s0x87b82bfdec30d679:0xec36c4cd13127df!8m2!3d37.2264958!4d-95.6744425!16s%2Fg%2F11j32fd_nl!19sChIJedYw7P0ruIcR3ycx0Uxsww4?authuser=0&hl=en&rclk=1,auto repair shop,Montgomery County,county,KS,2026-07-28T08:54:40,0x87b82bfdec30d679:0xec36c4cd13127df
Rick's Repair-Bow to Stern,,,,"Ricks Boat Repair, 2993 Cr 6200, Independence, KS 67301, United States","Ricks Boat Repair, 2993 Cr 6200",Independence,KS,67301,,,Auto repair shop,,,https://www.google.com/maps/place/Rick%27s+Repair-Bow+to+Stern/data=!4m7!3m6!1s0x87b82b00024363f9:0x6c89a1b2cb5816e5!8m2!3d37.2242358!4d-95.7083131!16s%2Fg%2F11z9xdrjb3!19sChIJ-WNDAgAruIcR5RZYy7KhiWw?authuser=0&hl=en&rclk=1,auto repair shop,Montgomery County,county,KS,2026-07-28T08:54:41,0x87b82b00024363f9:0x6c89a1b2cb5816e5
"Diesel Pickup Specialists, Inc.",(620) 585-2111,http://dieselpickupspecialists.com/,,"104 Industrial Dr, Inman, KS 67546, United States",104 Industrial Dr,Inman,KS,67546,4.8,213,Truck repair shop,,,"https://www.google.com/maps/place/Diesel+Pickup+Specialists,+Inc./data=!4m7!3m6!1s0x87bb52af1e9dd44f:0x673854933b41328d!8m2!3d38.2340255!4d-97.7798653!16s%2Fg%2F1thghk5r!19sChIJT9SdHq9Su4cRjTJBO5NUOGc?authuser=0&hl=en&rclk=1",auto repair shop,McPherson County,county,KS,2026-07-28T08:15:31,0x87bb52af1e9dd44f:0x673854933b41328d
Frank's Body Shop of Iola Inc,(620) 365-2645,https://www.facebook.com/tiddauto/?modal=admin_todo_tour,,"214 West St, Iola, KS 66749, United States",214 West St,Iola,KS,66749,4.4,9,Auto body shop,,,https://www.google.com/maps/place/Frank%27s+Body+Shop+of+Iola+Inc/data=!4m7!3m6!1s0x87b8f4b99ef54c6d:0x39a8923095911020!8m2!3d37.9223903!4d-95.4074733!16s%2Fg%2F1thx4ksl!19sChIJbUz1nrn0uIcRIBCRlTCSqDk?authuser=0&hl=en&rclk=1,auto repair shop,Woodson County,county,KS,2026-07-28T14:09:35,0x87b8f4b99ef54c6d:0x39a8923095911020
Walmart Auto Care Center,(620) 365-7765,https://www.walmart.com/store/1187-iola-ks/auto-care-center/?veh=seo_loc,,"2200 N State St, Iola, KS 66749, United States",2200 N State St,Iola,KS,66749,3.9,50,Oil change service,,,https://www.google.com/maps/place/Walmart+Auto+Care+Center/data=!4m7!3m6!1s0x87b88b461abe5a73:0xeb920d6363485847!8m2!3d37.9434455!4d-95.4118133!16s%2Fg%2F11xc_dg0g!19sChIJc1q-GkaLuIcRR1hIY2MNkus?authuser=0&hl=en&rclk=1,auto repair shop,Allen County,county,KS,2026-07-28T03:22:35,0x87b88b461abe5a73:0xeb920d6363485847
"Superior Tires & Repair, Inc.",(620) 492-6856,,,"608 S Main St, Johnson City, KS 67855, United States",608 S Main St,Johnson City,KS,67855,4.4,31,Tire shop,,,"https://www.google.com/maps/place/Superior+Tires+%26+Repair,+Inc./data=!4m7!3m6!1s0x87093d2a3ceed697:0x3d30b3a8a72c1e4d!8m2!3d37.5646402!4d-101.7514587!16s%2Fg%2F1tgk12by!19sChIJl9buPCo9CYcRTR4sp6izMD0?authuser=0&hl=en&rclk=1",auto repair shop,Stanton County,county,KS,2026-07-28T13:17:10,0x87093d2a3ceed697:0x3d30b3a8a72c1e4d
Firestone Complete Auto Care,(785) 200-8705,https://www.firestonecompleteautocare.com/kansas/junction-city/128-w-8th-st/?utm_source=google&utm_medium=organic&utm_campaign=localmaps&cmp=oloc_google_localmaps_maps,008206@bfrc.com,"128 W 8th St, Junction City, KS 66441, United States",128 W 8th St,Junction City,KS,66441,3.7,541,Tire shop,,,https://www.google.com/maps/place/Firestone+Complete+Auto+Care/data=!4m7!3m6!1s0x87bc4953cf287d49:0x2946825ca0996494!8m2!3d39.0306454!4d-96.8307033!16s%2Fg%2F1tflsjqx!19sChIJSX0oz1NJvIcRlGSZoFyCRik?authuser=0&hl=en&rclk=1,auto repair shop,Morris County,county,KS,2026-07-28T09:12:57,0x87bc4953cf287d49:0x2946825ca0996494
MidWest Coach Works,,https://midwestcoachworks.com/,impallari@gmail.com,"2122 N Spring Valley Rd, Junction City, KS 66441, United States",2122 N Spring Valley Rd,Junction City,KS,66441,4.2,6,Auto repair shop,,,https://www.google.com/maps/place/MidWest+Coach+Works/data=!4m7!3m6!1s0x87bc4d002f4eebd1:0x905bdd0ec3621b28!8m2!3d39.0433013!4d-96.8707248!16s%2Fg%2F11yd516_rz!19sChIJ0etOLwBNvIcRKBtiww7dW5A?authuser=0&hl=en&rclk=1,auto repair shop,Morris County,county,KS,2026-07-28T09:12:57,0x87bc4d002f4eebd1:0x905bdd0ec3621b28
Shawn’s farm,,,,"8857 E Lyons Creek Rd, Junction City, KS 66441, United States",8857 E Lyons Creek Rd,Junction City,KS,66441,,,Auto repair shop,,,https://www.google.com/maps/place/Shawn%E2%80%99s+farm/data=!4m7!3m6!1s0x87bc49001b0c0015:0xb189a5db985588b1!8m2!3d38.9846708!4d-96.8298013!16s%2Fg%2F11x630sz74!19sChIJFQAMGwBJvIcRsYhVmNulibE?authuser=0&hl=en&rclk=1,auto repair shop,Morris County,county,KS,2026-07-28T09:12:57,0x87bc49001b0c0015:0xb189a5db985588b1
Walmart Auto Care Center,(785) 238-8685,https://www.walmart.com/store/43-junction-city-ks/auto-care-center/?veh=seo_loc,,"521 E Chestnut St, Junction City, KS 66441, United States",521 E Chestnut St,Junction City,KS,66441,3.1,171,Oil change service,,,https://www.google.com/maps/place/Walmart+Auto+Care+Center/data=!4m7!3m6!1s0x87bc4947146f4ab7:0xa34ae7dddd86e410!8m2!3d39.0190386!4d-96.8205295!16s%2Fg%2F11_tt0hzy!19sChIJt0pvFEdJvIcREOSG3d3nSqM?authuser=0&hl=en&rclk=1,auto repair shop,Geary County,county,KS,2026-07-28T06:23:28,0x87bc4947146f4ab7:0xa34ae7dddd86e410
Boulevard Goodyear Auto & Truck Repair,(913) 403-0293,,,"1020 Southwest Blvd, Kansas City, KS 66103, United States",1020 Southwest Blvd,Kansas City,KS,66103,4.4,41,Auto repair shop,,,https://www.google.com/maps/place/Boulevard+Goodyear+Auto+%26+Truck+Repair/data=!4m7!3m6!1s0x87c0ef97a3630b51:0xd43c8ea55346a50d!8m2!3d39.0607583!4d-94.622096!16s%2Fg%2F1td_c61f!19sChIJUQtjo5fvwIcRDaVGU6WOPNQ?authuser=0&hl=en&rclk=1,auto repair shop,Kansas City,city,KS,2026-07-28T14:43:12,0x87c0ef97a3630b51:0xd43c8ea55346a50d
Cheyenne Garage,,,,"1004 Cheyenne Ave, Kansas City, KS 66105, United States",1004 Cheyenne Ave,Kansas City,KS,66105,,,Auto repair shop,,,https://www.google.com/maps/place/Cheyenne+Garage/data=!4m7!3m6!1s0x87c0f1f289ca6f75:0x65339b64d69e5c0a!8m2!3d39.0807572!4d-94.6355319!16s%2Fg%2F11p0cg_5dl!19sChIJdW_KifLxwIcRClye1mSbM2U?authuser=0&hl=en&rclk=1,auto repair shop,Cheyenne County,county,KS,2026-07-28T04:43:29,0x87c0f1f289ca6f75:0x65339b64d69e5c0a
Firestone Complete Auto Care,(913) 951-0824,https://www.firestonecompleteautocare.com/kansas/kansas-city/1100-kansas-ave/?utm_source=google&utm_medium=organic&utm_campaign=localmaps&cmp=oloc_google_localmaps_maps,008362@bfrc.com,"1100 Kansas Ave, Kansas City, KS 66105, United States",1100 Kansas Ave,Kansas City,KS,66105,4.0,361,Tire shop,,,https://www.google.com/maps/place/Firestone+Complete+Auto+Care/data=!4m7!3m6!1s0x87c0f18c22e619ad:0xda5640a8b6f9993e!8m2!3d39.0877585!4d-94.6383079!16s%2Fg%2F1tg4lxkv!19sChIJrRnmIozxwIcRPpn5tqhAVto?authuser=0&hl=en&rclk=1,auto repair shop,Kansas City,city,KS,2026-07-28T14:43:11,0x87c0f18c22e619ad:0xda5640a8b6f9993e
Firestone Complete Auto Care,(913) 213-1623,https://www.firestonecompleteautocare.com/kansas/kansas-city/7717-state-ave/?utm_source=google&utm_medium=organic&utm_campaign=localmaps&cmp=oloc_google_localmaps_maps,013706@bfrc.com,"7717 State Ave, Kansas City, KS 66112, United States",7717 State Ave,Kansas City,KS,66112,4.1,448,Tire shop,,,https://www.google.com/maps/place/Firestone+Complete+Auto+Care/data=!4m7!3m6!1s0x87c08cf20b79516b:0x5e2c309b765ba8b0!8m2!3d39.1159454!4d-94.7589881!16s%2Fg%2F1tglzhs2!19sChIJa1F5C_KMwIcRsKhbdpswLF4?authuser=0&hl=en&rclk=1,auto repair shop,Wyandotte County,county,KS,2026-07-28T14:21:30,0x87c08cf20b79516b:0x5e2c309b765ba8b0
George's Imports Ltd,(816) 333-6582,https://kcsaab.net/,,"505 E 135th St, Kansas City, MO 64145, United States",505 E 135th St,Kansas City,MO,64145,4.5,108,Auto repair shop,,,https://www.google.com/maps/place/George%27s+Imports+Ltd/data=!4m7!3m6!1s0x87c0c293df6ee161:0xf0955120c81ff850!8m2!3d38.8822145!4d-94.5897692!16s%2Fg%2F1tdhfj62!19sChIJYeFu35PCwIcRUPgfyCBRlfA?authuser=0&hl=en&rclk=1,auto repair shop,Johnson County,county,KS,2026-07-28T07:22:44,0x87c0c293df6ee161:0xf0955120c81ff850
Zalupa Motors,,,,"241 E D Ave, Kingman, KS 67068, United States",241 E D Ave,Kingman,KS,67068,5.0,1,Auto repair shop,,,https://www.google.com/maps/place/Zalupa+Motors/data=!4m7!3m6!1s0x87a52186cd023a5b:0xee701eda1bc74997!8m2!3d37.6461448!4d-98.1104546!16s%2Fg%2F11l6xh4n68!19sChIJWzoCzYYhpYcRl0nHG9oecO4?authuser=0&hl=en&rclk=1,auto repair shop,Kingman County,county,KS,2026-07-28T07:24:13,0x87a52186cd023a5b:0xee701eda1bc74997
"Integrity Auto Repair, Inc",(303) 621-2845,https://integrityautorepaircolorado.com/,,"32779 N Elbert Rd, Kiowa, CO 80117, United States",32779 N Elbert Rd,Kiowa,CO,80117,4.9,429,Auto repair shop,,,"https://www.google.com/maps/place/Integrity+Auto+Repair,+Inc/data=!4m7!3m6!1s0x876cc2e087a6be5b:0xd2698e0b26c23e5c!8m2!3d39.3454495!4d-104.4748897!16s%2Fg%2F1wd3wjz7!19sChIJW76mh-DCbIcRXD7CJguOadI?authuser=0&hl=en&rclk=1",auto repair shop,Kiowa County,county,KS,2026-07-28T07:26:26,0x876cc2e087a6be5b:0xd2698e0b26c23e5c
Charlie’s Shop,,,,"100 W 13th St, La Harpe, KS 66751, United States",100 W 13th St,La Harpe,KS,66751,,,Auto body shop,,,https://www.google.com/maps/place/Charlie%E2%80%99s+Shop/data=!4m7!3m6!1s0x87b889005b9ea8fd:0xc4145003c6a5293c!8m2!3d37.9100121!4d-95.3000752!16s%2Fg%2F11zd2qb0xf!19sChIJ_aieWwCJuIcRPCmlxgNQFMQ?authuser=0&hl=en&rclk=1,auto repair shop,Allen County,county,KS,2026-07-28T03:22:35,0x87b889005b9ea8fd:0xc4145003c6a5293c
Fist Bump Garage,,,,"639 N 7th St, Lacygne, KS 66040, United States",639 N 7th St,Lacygne,KS,66040,,,Auto repair shop,,,https://www.google.com/maps/place/Fist+Bump+Garage/data=!4m7!3m6!1s0x87c74705fd2782f5:0x4391004fc4513b7e!8m2!3d38.3524159!4d-94.7570854!16s%2Fg%2F11vf1ys7yr!19sChIJ9YIn_QVHx4cRfjtRxE8AkUM?authuser=0&hl=en&rclk=1,auto repair shop,Linn County,county,KS,2026-07-28T07:52:03,0x87c74705fd2782f5:0x4391004fc4513b7e
Main Street Auto Body & Tow Inc.,(913) 727-5808,https://www.carwise.com/auto-body-shops/main-street-auto-body-tow-inc-lansing-ks-66043/472377,,"212 N Main St, Lansing, KS 66043, United States",212 N Main St,Lansing,KS,66043,4.7,87,Auto body shop,,,https://www.google.com/maps/place/Main+Street+Auto+Body+%26+Tow+Inc./data=!4m7!3m6!1s0x87c07d19570e6ccf:0x35c6921b22d5be06!8m2!3d39.2533413!4d-94.8985634!16s%2Fg%2F11r_mmtg1q!19sChIJz2wOVxl9wIcRBr7VIhuSxjU?authuser=0&hl=en&rclk=1,auto repair shop,Leavenworth County,county,KS,2026-07-28T07:46:48,0x87c07d19570e6ccf:0x35c6921b22d5be06
Ace Steering & Brake Service Inc,(785) 843-1300,http://www.acesteering.com/,,"541 Minnesota St, Lawrence, KS 66044, United States",541 Minnesota St,Lawrence,KS,66044,4.9,103,Auto repair shop,,,https://www.google.com/maps/place/Ace+Steering+%26+Brake+Service+Inc/data=!4m7!3m6!1s0x87bf6f161e0cd181:0xd930cabececd265f!8m2!3d38.9740429!4d-95.2537966!16s%2Fg%2F1tmqrwt0!19sChIJgdEMHhZvv4cRXybNzr7KMNk?authuser=0&hl=en&rclk=1,auto repair shop,Douglas County,county,KS,2026-07-28T05:49:31,0x87bf6f161e0cd181:0xd930cabececd265f
Auto Exchange Service Center,,https://www.autoexservice.com/,,"1200 E 25th St, Lawrence, KS 66046, United States",1200 E 25th St,Lawrence,KS,66046,4.6,29,Car repair and maintenance service,,,https://www.google.com/maps/place/Auto+Exchange+Service+Center/data=!4m7!3m6!1s0x87bf67e2a58994c7:0xc0360b3ca600995d!8m2!3d38.9399255!4d-95.2208851!16s%2Fg%2F11fn9pvbv7!19sChIJx5SJpeJnv4cRXZkApjwLNsA?authuser=0&hl=en&rclk=1,auto repair shop,Douglas County,county,KS,2026-07-28T05:49:31,0x87bf67e2a58994c7:0xc0360b3ca600995d
Doug's Automotive & Alignment Inc,(785) 843-3520,http://dougsautomotiveandalignment.com/,,"530 Gateway Dr, Lawrence, KS 66049, United States",530 Gateway Dr,Lawrence,KS,66049,4.7,200,Auto repair shop,,,https://www.google.com/maps/place/Doug%27s+Automotive+%26+Alignment+Inc/data=!4m7!3m6!1s0x87bf6edd707c7dd3:0x6aaea9b22cfa4d9b!8m2!3d38.972173!4d-95.276439!16s%2Fg%2F1tgpnk1j!19sChIJ0318cN1uv4cRm036LLKprmo?authuser=0&hl=en&rclk=1,auto repair shop,Douglas County,county,KS,2026-07-28T05:49:31,0x87bf6edd707c7dd3:0x6aaea9b22cfa4d9b
Firestone Complete Auto Care,(785) 371-0332,https://www.firestonecompleteautocare.com/kansas/lawrence/2425-iowa-st/?utm_source=google&utm_medium=organic&utm_campaign=localmaps&cmp=oloc_google_localmaps_maps,,"2425 Iowa St, Lawrence, KS 66046, United States",2425 Iowa St,Lawrence,KS,66046,3.6,551,Tire shop,,,https://www.google.com/maps/place/Firestone+Complete+Auto+Care/data=!4m7!3m6!1s0x87bf68da5137939d:0xcd0ec639b6b5a8ef!8m2!3d38.9401623!4d-95.2610164!16s%2Fg%2F1tdl6n51!19sChIJnZM3Udpov4cR76i1tjnGDs0?authuser=0&hl=en&rclk=1,auto repair shop,Douglas County,county,KS,2026-07-28T05:49:31,0x87bf68da5137939d:0xcd0ec639b6b5a8ef
Garber Automotive Inc,(785) 832-9999,https://www.garberautomotiveinc.com/,,"2216 W 6th St, Lawrence, KS 66049, United States",2216 W 6th St,Lawrence,KS,66049,4.3,139,Auto repair shop,,,https://www.google.com/maps/place/Garber+Automotive+Inc/data=!4m7!3m6!1s0x87bf6f07aa2b0683:0x1bdce5c89d905565!8m2!3d38.9727992!4d-95.2626533!16s%2Fg%2F1td65vb6!19sChIJgwYrqgdvv4cRZVWQncjl3Bs?authuser=0&hl=en&rclk=1,auto repair shop,Osage County,county,KS,2026-07-28T10:13:28,0x87bf6f07aa2b0683:0x1bdce5c89d905565
Harris Auto Repair Inc.,(785) 838-4488,http://www.harrisautorepairinc.com/,,"811 E 23rd St Ste a, Lawrence, KS 66046, United States",811 E 23rd St Ste a,Lawrence,KS,66046,4.0,131,Auto repair shop,,,https://www.google.com/maps/place/Harris+Auto+Repair+Inc./data=!4m7!3m6!1s0x87bf661d5e084cc7:0x8627711adda1dcfc!8m2!3d38.9422631!4d-95.2259742!16s%2Fg%2F1tznmwdw!19sChIJx0wIXh1mv4cR_Nyh3RpxJ4Y?authuser=0&hl=en&rclk=1,auto repair shop,Douglas County,county,KS,2026-07-28T05:49:31,0x87bf661d5e084cc7:0x8627711adda1dcfc
Hometown Auto Repair,,,,"710 E 22nd St, Lawrence, KS 66046, United States",710 E 22nd St,Lawrence,KS,66046,5.0,4,Auto repair shop,,,https://www.google.com/maps/place/Hometown+Auto+Repair/data=!4m7!3m6!1s0x87bf661ca82f48ef:0xe63573a4f9dd9cb0!8m2!3d38.9441849!4d-95.2252154!16s%2Fg%2F11d_8m0lpl!19sChIJ70gvqBxmv4cRsJzd-aRzNeY?authuser=0&hl=en&rclk=1,auto repair shop,Douglas County,county,KS,2026-07-28T05:49:31,0x87bf661ca82f48ef:0xe63573a4f9dd9cb0
Jiffy Lube Oil Change,(785) 749-1599,https://www.jiffylube.com/locations/ks/lawrence/492,,"914 W 23rd St, Lawrence, KS 66046, United States",914 W 23rd St,Lawrence,KS,66046,4.4,406,Oil change service,,,https://www.google.com/maps/place/Jiffy+Lube+Oil+Change/data=!4m7!3m6!1s0x87bf68b7ff79ec81:0xd1080523542cfeb0!8m2!3d38.9431089!4d-95.2472866!16s%2Fg%2F1v2f10nx!19sChIJgex5_7dov4cRsP4sVCMFCNE?authuser=0&hl=en&rclk=1,auto repair shop,Douglas County,county,KS,2026-07-28T05:49:31,0x87bf68b7ff79ec81:0xd1080523542cfeb0
Jiffy Lube Oil Change,(785) 838-3130,https://www.jiffylube.com/locations/ks/lawrence/2220,,"2415 Iowa St, Lawrence, KS 66046, United States",2415 Iowa St,Lawrence,KS,66046,4.3,371,Oil change service,,,https://www.google.com/maps/place/Jiffy+Lube+Oil+Change/data=!4m7!3m6!1s0x87bf68da5be0267b:0x4c35ee47e5fcacf5!8m2!3d38.9406679!4d-95.2609928!16s%2Fg%2F1vtzhqxm!19sChIJeybgW9pov4cR9az85UfuNUw?authuser=0&hl=en&rclk=1,auto repair shop,Douglas County,county,KS,2026-07-28T05:49:31,0x87bf68da5be0267b:0x4c35ee47e5fcacf5
"Laird Noller Automotive, Inc. Parts",(785) 843-3500,https://www.lairdnollerautomotive.com/?utm_source=gmbpts&utm_medium=social&mcmid=gmbpts,,"935 W 23rd St, Lawrence, KS 66046, United States",935 W 23rd St,Lawrence,KS,66046,5.0,3,Auto parts store,,,"https://www.google.com/maps/place/Laird+Noller+Automotive,+Inc.+Parts/data=!4m7!3m6!1s0x87bf69eb38e2d939:0xa9d7676606950bd5!8m2!3d38.9422309!4d-95.2457568!16s%2Fg%2F11qq3fd9yw!19sChIJOdniOOtpv4cR1QuVBmZn16k?authuser=0&hl=en&rclk=1",auto repair shop,Douglas County,county,KS,2026-07-28T05:49:31,0x87bf69eb38e2d939:0xa9d7676606950bd5
Meineke Car Care Center,(785) 330-5622,https://www.meineke.com/locations/ks/lawrence-1381/?utm_source=google&utm_medium=organic&utm_campaign=gbp_website,brendan.mccc@gmail.com,"2535 Iowa St, Lawrence, KS 66046, United States",2535 Iowa St,Lawrence,KS,66046,4.0,530,Auto repair shop,,,https://www.google.com/maps/place/Meineke+Car+Care+Center/data=!4m7!3m6!1s0x87bf68db7865da65:0x1569c61349a294dc!8m2!3d38.936814!4d-95.261409!16s%2Fg%2F1tcwx78h!19sChIJZdpleNtov4cR3JSiSRPGaRU?authuser=0&hl=en&rclk=1,auto repair shop,Lawrence,city,KS,2026-07-28T15:15:10,0x87bf68db7865da65:0x1569c61349a294dc
Midas,(785) 813-1992,https://www.midas.com/store/ks/lawrence/2801-south-iowa-street-66046/?shopnum=5569&utm_source=google&utm_medium=organic&utm_campaign=gbp,,"2801 Iowa St, Lawrence, KS 66046, United States",2801 Iowa St,Lawrence,KS,66046,4.6,701,Auto repair shop,,,https://www.google.com/maps/place/Midas/data=!4m7!3m6!1s0x87bf68dd7885b023:0xa3a91a96dd619523!8m2!3d38.9326635!4d-95.2613455!16s%2Fg%2F1tggbh96!19sChIJI7CFeN1ov4cRI5Vh3ZYaqaM?authuser=0&hl=en&rclk=1,auto repair shop,Douglas County,county,KS,2026-07-28T05:49:31,0x87bf68dd7885b023:0xa3a91a96dd619523
Pearson Collision Repair Inc,(785) 749-4455,https://www.pearsoncollision.com/,,"646 Connecticut St, Lawrence, KS 66044, United States",646 Connecticut St,Lawrence,KS,66044,4.2,57,Auto repair shop,,,https://www.google.com/maps/place/Pearson+Collision+Repair+Inc/data=!4m7!3m6!1s0x87bf6f5c24810d39:0xe76518ef94b44c2a!8m2!3d38.9714573!4d-95.231999!16s%2Fg%2F1tdmfdcy!19sChIJOQ2BJFxvv4cRKky0lO8YZec?authuser=0&hl=en&rclk=1,auto repair shop,Douglas County,county,KS,2026-07-28T05:49:31,0x87bf6f5c24810d39:0xe76518ef94b44c2a
Walmart Auto Care Center,(785) 832-8655,https://www.walmart.com/store/484-lawrence-ks/auto-care-center/?veh=seo_loc,,"3300 Iowa St, Lawrence, KS 66046, United States",3300 Iowa St,Lawrence,KS,66046,2.8,154,Oil change service,,,https://www.google.com/maps/place/Walmart+Auto+Care+Center/data=!4m7!3m6!1s0x87bf68ef81256e45:0xfe7a331995b882ec!8m2!3d38.923265!4d-95.2572258!16s%2Fg%2F11z9prsbk!19sChIJRW4lge9ov4cR7IK4lRkzev4?authuser=0&hl=en&rclk=1,auto repair shop,Douglas County,county,KS,2026-07-28T05:49:31,0x87bf68ef81256e45:0xfe7a331995b882ec
meyer offroad parts,,,,"734 Nebraska Ave, LeRoy, KS 66857, United States",734 Nebraska Ave,LeRoy,KS,66857,,,Auto repair shop,,,https://www.google.com/maps/place/meyer+offroad+parts/data=!4m7!3m6!1s0x87b8e50010a63ac7:0x6e403e6a9678eb0!8m2!3d38.0845513!4d-95.6286632!16s%2Fg%2F11yzncgc7q!19sChIJxzqmEADluIcRsI5nqeYD5AY?authuser=0&hl=en&rclk=1,auto repair shop,Woodson County,county,KS,2026-07-28T14:09:35,0x87b8e50010a63ac7:0x6e403e6a9678eb0
AMP Mobile Services- Mobile mechanic,,,,"17405 Gatewood St, Leavenworth, KS 66048, United States",17405 Gatewood St,Leavenworth,KS,66048,5.0,4,Truck repair shop,,,https://www.google.com/maps/place/AMP+Mobile+Services-+Mobile+mechanic/data=!4m7!3m6!1s0x87c07f0720455fdd:0x6d6cec7660a43123!8m2!3d39.281682!4d-94.980717!16s%2Fg%2F11k14_tzqg!19sChIJ3V9FIAd_wIcRIzGkYHbsbG0?authuser=0&hl=en&rclk=1,auto repair shop,Leavenworth County,county,KS,2026-07-28T07:46:48,0x87c07f0720455fdd:0x6d6cec7660a43123
Firestone Complete Auto Care,(913) 297-1028,https://www.firestonecompleteautocare.com/kansas/leavenworth/714-delaware-st/?utm_source=google&utm_medium=organic&utm_campaign=localmaps&cmp=oloc_google_localmaps_maps,,"714 Delaware St, Leavenworth, KS 66048, United States",714 Delaware St,Leavenworth,KS,66048,3.9,291,Tire shop,,,https://www.google.com/maps/place/Firestone+Complete+Auto+Care/data=!4m7!3m6!1s0x87c07b6b877bbc87:0x50b64c50c92ddcc3!8m2!3d39.3176613!4d-94.919556!16s%2Fg%2F1tmqgqr3!19sChIJh7x7h2t7wIcRw9wtyVBMtlA?authuser=0&hl=en&rclk=1,auto repair shop,Leavenworth County,county,KS,2026-07-28T07:46:48,0x87c07b6b877bbc87:0x50b64c50c92ddcc3
Hercules Tire Shop II,,,,"501 Olive St, Leavenworth, KS 66048, United States",501 Olive St,Leavenworth,KS,66048,5.0,1,Tire shop,,,https://www.google.com/maps/place/Hercules+Tire+Shop+II/data=!4m7!3m6!1s0x87c07b9fae386e3b:0x65fd8e9a5619a9a1!8m2!3d39.3114484!4d-94.9141276!16s%2Fg%2F11x3b038w5!19sChIJO244rp97wIcRoakZVpqO_WU?authuser=0&hl=en&rclk=1,auto repair shop,Leavenworth County,county,KS,2026-07-28T07:46:48,0x87c07b9fae386e3b:0x65fd8e9a5619a9a1
Jiffy Lube Oil Change,(913) 682-7020,https://www.jiffylube.com/locations/ks/leavenworth/1627,,"3120 S 4th St, Leavenworth, KS 66048, United States",3120 S 4th St,Leavenworth,KS,66048,4.6,767,Oil change service,,,https://www.google.com/maps/place/Jiffy+Lube+Oil+Change/data=!4m7!3m6!1s0x87c07cba48a12a71:0xe91f83f5d3c541ba!8m2!3d39.2865793!4d-94.9057947!16s%2Fg%2F1thgbzqn!19sChIJcSqhSLp8wIcRukHF0_WDH-k?authuser=0&hl=en&rclk=1,auto repair shop,Leavenworth County,county,KS,2026-07-28T07:46:48,0x87c07cba48a12a71:0xe91f83f5d3c541ba
Kansas Department of Transportation,,,,"2401 Spruce St, Leavenworth, KS 66048, United States",2401 Spruce St,Leavenworth,KS,66048,4.1,65,Car inspection station,,,https://www.google.com/maps/place/Kansas+Department+of+Transportation/data=!4m7!3m6!1s0x87c07bed39ee131d:0xfa9218e6874f1bee!8m2!3d39.310781!4d-94.9598739!16s%2Fg%2F11c30wbcmy!19sChIJHRPuOe17wIcR7htPh-YYkvo?authuser=0&hl=en&rclk=1,auto repair shop,Leavenworth County,county,KS,2026-07-28T07:46:48,0x87c07bed39ee131d:0xfa9218e6874f1bee
Ketter Auto Serv.,,,,"1417 Spruce St, Leavenworth, KS 66048, United States",1417 Spruce St,Leavenworth,KS,66048,,,Auto repair shop,,,https://www.google.com/maps/place/Ketter+Auto+Serv./data=!4m7!3m6!1s0x87c07b9ccff93b01:0xf34df521b4033792!8m2!3d39.3100778!4d-94.9383626!16s%2Fg%2F11qg2yn44k!19sChIJATv5z5x7wIcRkjcDtCH1TfM?authuser=0&hl=en&rclk=1,auto repair shop,Leavenworth County,county,KS,2026-07-28T07:46:48,0x87c07b9ccff93b01:0xf34df521b4033792
NAPA Auto Parts,(913) 675-7100,https://www.napaonline.com/en/KS/Leavenworth/store/805248?cid=pl_jobber_google_dac_805248_ao,,"3450 S 4th St, Leavenworth, KS 66048, United States",3450 S 4th St,Leavenworth,KS,66048,4.6,19,Auto parts store,,,https://www.google.com/maps/place/NAPA+Auto+Parts/data=!4m7!3m6!1s0x87c07bfef93c3d09:0x9a07af3deafe6429!8m2!3d39.2833922!4d-94.9074587!16s%2Fg%2F11kqzvq34z!19sChIJCT08-f57wIcRKWT-6j2vB5o?authuser=0&hl=en&rclk=1,auto repair shop,Leavenworth County,county,KS,2026-07-28T07:46:48,0x87c07bfef93c3d09:0x9a07af3deafe6429
Take 5 Oil Change,(913) 828-5510,https://www.take5.com/locations/oil-change/kansas/leavenworth/31368/?utm_source=google&utm_medium=organic&utm_campaign=gbp_website,,"1114 N Main St, Leavenworth, KS 66043, United States",1114 N Main St,Leavenworth,KS,66043,4.7,1059,Oil change service,,,https://www.google.com/maps/place/Take+5+Oil+Change/data=!4m7!3m6!1s0x87c07d7a9d1f2629:0x1f880758f7384fe4!8m2!3d39.266838!4d-94.8994188!16s%2Fg%2F11vbsrj2l5!19sChIJKSYfnXp9wIcR5E8491gHiB8?authuser=0&hl=en&rclk=1,auto repair shop,Leavenworth County,county,KS,2026-07-28T07:46:48,0x87c07d7a9d1f2629:0x1f880758f7384fe4
Walmart Auto Care Center,(913) 250-0848,https://www.walmart.com/store/26-leavenworth-ks/auto-care-center/?veh=seo_loc,,"5000 10th Ave, Leavenworth, KS 66048, United States",5000 10th Ave,Leavenworth,KS,66048,3.4,164,Oil change service,,,https://www.google.com/maps/place/Walmart+Auto+Care+Center/data=!4m7!3m6!1s0x87c07cf75a758b9f:0xe33d32f513a04ccc!8m2!3d39.2687022!4d-94.9302245!16s%2Fg%2F1td_5q10!19sChIJn4t1Wvd8wIcRzEygE_UyPeM?authuser=0&hl=en&rclk=1,auto repair shop,Leavenworth County,county,KS,2026-07-28T07:46:48,0x87c07cf75a758b9f:0xe33d32f513a04ccc
Midas,(913) 624-9533,https://www.midas.com/store/ks/leawood/10342-state-line-road-66206/?shopnum=5248&utm_source=google&utm_medium=organic&utm_campaign=gbp,,"10342 State Line Rd, Leawood, KS 66206, United States",10342 State Line Rd,Leawood,KS,66206,4.7,559,Auto repair shop,,,https://www.google.com/maps/place/Midas/data=!4m7!3m6!1s0x87c0e9074fbf01a3:0xae6d203e3b4966ce!8m2!3d38.9394445!4d-94.609323!16s%2Fg%2F1tfxyk62!19sChIJowG_TwfpwIcRzmZJOz4gba4?authuser=0&hl=en&rclk=1,auto repair shop,Overland Park,city,KS,2026-07-28T14:37:16,0x87c0e9074fbf01a3:0xae6d203e3b4966ce
H & K Auto Repair,,,,"600 Birch St, Lebo, KS 66856, United States",600 Birch St,Lebo,KS,66856,,,Auto repair shop,,,https://www.google.com/maps/place/H+%26+K+Auto+Repair/data=!4m7!3m6!1s0x87b92f91b071d4a3:0x97367955ee0710c9!8m2!3d38.4188385!4d-95.8681851!16s%2Fg%2F11yyydk_ql!19sChIJo9RxsJEvuYcRyRAH7lV5Npc?authuser=0&hl=en&rclk=1,auto repair shop,Osage County,county,KS,2026-07-28T10:13:28,0x87b92f91b071d4a3:0x97367955ee0710c9
Lebo Garage Towing Inc.,(620) 256-6811,,,"2738 Lynx Pl, Lebo, KS 66856, United States",2738 Lynx Pl,Lebo,KS,66856,5.0,3,Towing service,,,https://www.google.com/maps/place/Lebo+Garage+Towing+Inc./data=!4m7!3m6!1s0x87b92f4454d4ff55:0xef4c19f1dbac5f60!8m2!3d38.4255977!4d-95.7294519!16s%2Fg%2F11ghf7wffk!19sChIJVf_UVEQvuYcRYF-s2_EZTO8?authuser=0&hl=en&rclk=1,auto repair shop,Woodson County,county,KS,2026-07-28T14:09:35,0x87b92f4454d4ff55:0xef4c19f1dbac5f60
Ken's REPAIR,,,,"105 5th St, Leoti, KS 67861, United States",105 5th St,Leoti,KS,67861,5.0,1,Auto repair shop,,,https://www.google.com/maps/place/Ken%27s+REPAIR/data=!4m7!3m6!1s0x870bb4d99b49f2e7:0x11b93d8e74809769!8m2!3d38.4808357!4d-101.3568512!16s%2Fg%2F11z9qp5bs3!19sChIJ5_JJm9m0C4cRaZeAdI49uRE?authuser=0&hl=en&rclk=1,auto repair shop,Wichita County,county,KS,2026-07-28T13:55:39,0x870bb4d99b49f2e7:0x11b93d8e74809769
Alpha Body Shop,,,,"601 E Pancake Blvd, Liberal, KS 67901, United States",601 E Pancake Blvd,Liberal,KS,67901,,,Auto repair shop,,,https://www.google.com/maps/place/Alpha+Body+Shop/data=!4m7!3m6!1s0x870813eb8515441b:0x7a25ae215e03fa34!8m2!3d37.0332294!4d-100.9093493!16s%2Fg%2F11lsvh9klg!19sChIJG0QVhesTCIcRNPoDXiGuJXo?authuser=0&hl=en&rclk=1,auto repair shop,Seward County,county,KS,2026-07-28T12:40:30,0x870813eb8515441b:0x7a25ae215e03fa34
Don's Farm Tire Services,,,,"837 US-54, Liberal, KS 67901, United States",837 US-54,Liberal,KS,67901,,,Tire shop,,,https://www.google.com/maps/place/Don%27s+Farm+Tire+Services/data=!4m7!3m6!1s0x8708139dd86a1cfb:0xc230a96eb7c3555f!8m2!3d37.0325219!4d-100.9126867!16s%2Fg%2F1tdpmjnm!19sChIJ-xxq2J0TCIcRX1XDt26pMMI?authuser=0&hl=en&rclk=1,auto repair shop,Seward County,county,KS,2026-07-28T12:40:30,0x8708139dd86a1cfb:0xc230a96eb7c3555f
NAPA Auto Parts - Catlett Automotive,(620) 624-6285,https://www.napaonline.com/en/KS/Liberal/store/23928?cid=pl_jobber_google_dac_23928_ao,,"189 W Pancake Blvd, Liberal, KS 67901, United States",189 W Pancake Blvd,Liberal,KS,67901,4.0,74,Auto parts store,,,https://www.google.com/maps/place/NAPA+Auto+Parts+-+Catlett+Automotive/data=!4m7!3m6!1s0x8708139a273836eb:0xf2783fbb28570fc2!8m2!3d37.0328236!4d-100.9261273!16s%2Fg%2F1txy2t2s!19sChIJ6zY4J5oTCIcRwg9XKLs_ePI?authuser=0&hl=en&rclk=1,auto repair shop,Seward County,county,KS,2026-07-28T12:40:30,0x8708139a273836eb:0xf2783fbb28570fc2
TBS Inc,(620) 624-2676,,,"729 E Pancake Blvd, Liberal, KS 67901, United States",729 E Pancake Blvd,Liberal,KS,67901,3.7,11,Auto body shop,,,https://www.google.com/maps/place/TBS+Inc/data=!4m7!3m6!1s0x87081394b6a1eebd:0x41b6054c44e65e30!8m2!3d37.0376038!4d-100.906415!16s%2Fg%2F1tcyfxy8!19sChIJve6htpQTCIcRMF7mREwFtkE?authuser=0&hl=en&rclk=1,auto repair shop,Seward County,county,KS,2026-07-28T12:40:30,0x87081394b6a1eebd:0x41b6054c44e65e30
Tire Central,,,,"118 S Kansas Ave, Liberal, KS 67901, United States",118 S Kansas Ave,Liberal,KS,67901,,,Tire shop,,,https://www.google.com/maps/place/Tire+Central/data=!4m7!3m6!1s0x870813903e78c57d:0x4e2e4fed1145e9dc!8m2!3d37.0369064!4d-100.9226339!16s%2Fg%2F11jlz_tjhf!19sChIJfcV4PpATCIcR3OlFEe1PLk4?authuser=0&hl=en&rclk=1,auto repair shop,Seward County,county,KS,2026-07-28T12:40:30,0x870813903e78c57d:0x4e2e4fed1145e9dc
Ssd,,,,"MM44+875, Liebenthal, KS 67553, United States",MM44+875,Liebenthal,KS,67553,4.8,9,Car repair and maintenance service,,,https://www.google.com/maps/place/Ssd/data=!4m7!3m6!1s0x87a1670053a81023:0xc4052cc003608969!8m2!3d38.6558078!4d-99.3442379!16s%2Fg%2F11z2w41fn3!19sChIJIxCoUwBnoYcRaYlgA8AsBcQ?authuser=0&hl=en&rclk=1,auto repair shop,Rush County,county,KS,2026-07-28T11:50:38,0x87a1670053a81023:0xc4052cc003608969
"Alan Clark Body Shop, Inc.",(785) 776-5333,https://levanderauto.com/alan-clark-body-shop/,,"2160 Pillsbury Dr, Manhattan, KS 66502, United States",2160 Pillsbury Dr,Manhattan,KS,66502,4.7,260,Auto body shop,,,"https://www.google.com/maps/place/Alan+Clark+Body+Shop,+Inc./data=!4m7!3m6!1s0x87bdd2e474227ae3:0x7c031ef8e4ca34a0!8m2!3d39.1649722!4d-96.5409411!16s%2Fg%2F1wj_tswg!19sChIJ43oidOTSvYcRoDTK5PgeA3w?authuser=0&hl=en&rclk=1",auto repair shop,Pottawatomie County,county,KS,2026-07-28T10:53:30,0x87bdd2e474227ae3:0x7c031ef8e4ca34a0
Firestone Complete Auto Care,(785) 236-8817,https://www.firestonecompleteautocare.com/kansas/manhattan/1000-hostetler-dr/?utm_source=google&utm_medium=organic&utm_campaign=localmaps&cmp=oloc_google_localmaps_maps,655422@bfrc.com,"1000 Hostetler Dr, Manhattan, KS 66502, United States",1000 Hostetler Dr,Manhattan,KS,66502,3.9,840,Tire shop,,,https://www.google.com/maps/place/Firestone+Complete+Auto+Care/data=!4m7!3m6!1s0x87bdd2429bcee851:0xa11ffddb7a466cf0!8m2!3d39.1899914!4d-96.5565372!16s%2Fg%2F1ttq2mj5!19sChIJUejOm0LSvYcR8GxGetv9H6E?authuser=0&hl=en&rclk=1,auto repair shop,Pottawatomie County,county,KS,2026-07-28T10:53:29,0x87bdd2429bcee851:0xa11ffddb7a466cf0
Goodyear Tire & Service,(785) 539-8970,https://www.goodyear.com/,,"412 McCall Rd, Manhattan, KS 66502, United States",412 McCall Rd,Manhattan,KS,66502,5.0,4,Tire shop,,,https://www.google.com/maps/place/Goodyear+Tire+%26+Service/data=!4m7!3m6!1s0x87bdd24323962477:0x662ceea1b749fd75!8m2!3d39.1891068!4d-96.5539691!16s%2Fg%2F11f794lz3d!19sChIJdySWI0PSvYcRdf1Jt6HuLGY?authuser=0&hl=en&rclk=1,auto repair shop,Pottawatomie County,county,KS,2026-07-28T10:53:30,0x87bdd24323962477:0x662ceea1b749fd75
Hot Rod Mike's,,,,"1200 Hostetler Dr, Manhattan, KS 66502, United States",1200 Hostetler Dr,Manhattan,KS,66502,5.0,1,Auto repair shop,,,https://www.google.com/maps/place/Hot+Rod+Mike%27s/data=!4m7!3m6!1s0x87bdd3000a6a68d9:0x64b76129f26f5c59!8m2!3d39.1923516!4d-96.5571758!16s%2Fg%2F11yvw3kzt2!19sChIJ2WhqCgDTvYcRWVxv8ilht2Q?authuser=0&hl=en&rclk=1,auto repair shop,Riley County,county,KS,2026-07-28T11:34:59,0x87bdd3000a6a68d9:0x64b76129f26f5c59
Midas,(785) 236-7487,https://www.midas.com/store/ks/manhattan/330-n-seth-child-road-66502/?shopnum=5986&utm_source=google&utm_medium=organic&utm_campaign=gbp,,"330 Seth Child Rd, Manhattan, KS 66502, United States",330 Seth Child Rd,Manhattan,KS,66502,4.8,2483,Auto repair shop,,,https://www.google.com/maps/place/Midas/data=!4m7!3m6!1s0x87bdcdb7a6365fd9:0x8c153ccdf2b4af40!8m2!3d39.1821016!4d-96.6091322!16s%2Fg%2F1tghdnj3!19sChIJ2V82prfNvYcRQK-08s08FYw?authuser=0&hl=en&rclk=1,auto repair shop,Pottawatomie County,county,KS,2026-07-28T10:53:29,0x87bdcdb7a6365fd9:0x8c153ccdf2b4af40
Power Cat Diesel Inc.,(785) 213-9207,,,"328D Johnson Rd, Manhattan, KS 66502, United States",328D Johnson Rd,Manhattan,KS,66502,5.0,1,Diesel engine repair service,,,https://www.google.com/maps/place/Power+Cat+Diesel+Inc./data=!4m7!3m6!1s0x87bdd3b4132120e7:0xa045eb793aa7a7e0!8m2!3d39.16847!4d-96.5422008!16s%2Fg%2F11wnfhnylh!19sChIJ5yAhE7TTvYcR4KenOnnrRaA?authuser=0&hl=en&rclk=1,auto repair shop,Riley County,county,KS,2026-07-28T11:34:59,0x87bdd3b4132120e7:0xa045eb793aa7a7e0
Precision Automotive Inc.,(785) 537-5050,https://www.precisionautoks.com/,,"1120 Waters St, Manhattan, KS 66503, United States",1120 Waters St,Manhattan,KS,66503,4.7,115,Auto repair shop,,,https://www.google.com/maps/place/Precision+Automotive+Inc./data=!4m7!3m6!1s0x87bdcdb6d138a1b5:0x7a2a4d584e8b4dac!8m2!3d39.1905285!4d-96.6130693!16s%2Fg%2F1thghk6d!19sChIJtaE40bbNvYcRrE2LTlhNKno?authuser=0&hl=en&rclk=1,auto repair shop,Pottawatomie County,county,KS,2026-07-28T10:53:29,0x87bdcdb6d138a1b5:0x7a2a4d584e8b4dac
Quality Collision Repair Inc.,(785) 236-7683,https://www.collisionrepairmanhattanks.com/,qualitycollisionrepairmhk@gmail.com,"5301 Tuttle Creek Blvd, Manhattan, KS 66502, United States",5301 Tuttle Creek Blvd,Manhattan,KS,66502,4.6,54,Auto repair shop,,,https://www.google.com/maps/place/Quality+Collision+Repair+Inc./data=!4m7!3m6!1s0x87bdce460e4199d5:0xac709123c8899ece!8m2!3d39.246752!4d-96.604469!16s%2Fg%2F1tflydmb!19sChIJ1ZlBDkbOvYcRzp6JyCORcKw?authuser=0&hl=en&rclk=1,auto repair shop,Pottawatomie County,county,KS,2026-07-28T10:53:29,0x87bdce460e4199d5:0xac709123c8899ece
Auto Repair Mechanic,,,,"122 W Main St, Mankato, KS 66956, United States",122 W Main St,Mankato,KS,66956,5.0,1,Auto repair shop,,,https://www.google.com/maps/place/Auto+Repair+Mechanic/data=!4m7!3m6!1s0x8798738ceb50a73d:0x676708e767a21f8b!8m2!3d39.786173!4d-98.2109442!16s%2Fg%2F11v0bdbnb1!19sChIJPadQ64xzmIcRix-iZ-cIZ2c?authuser=0&hl=en&rclk=1,auto repair shop,Rooks County,county,KS,2026-07-28T11:43:26,0x8798738ceb50a73d:0x676708e767a21f8b
Leith Inc,(620) 382-3333,,,"126 S Thorp St, Marion, KS 66861, United States",126 S Thorp St,Marion,KS,66861,4.9,11,Tire shop,,,https://www.google.com/maps/place/Leith+Inc/data=!4m7!3m6!1s0x87bb83f7ddbb48b9:0x11880df73bfd02b3!8m2!3d38.3480033!4d-97.0070493!16s%2Fg%2F1tdcmgzy!19sChIJuUi73feDu4cRswL9O_cNiBE?authuser=0&hl=en&rclk=1,auto repair shop,Marion County,county,KS,2026-07-28T08:16:44,0x87bb83f7ddbb48b9:0x11880df73bfd02b3
"Webster Auto Service, Inc.",(620) 382-2108,,,"106 W Main St, Marion, KS 66861, United States",106 W Main St,Marion,KS,66861,4.7,27,Auto repair shop,,,"https://www.google.com/maps/place/Webster+Auto+Service,+Inc./data=!4m7!3m6!1s0x87bb83ef590ee347:0xf3c64da2915f3331!8m2!3d38.3484413!4d-97.0223172!16s%2Fg%2F1tgdp1xc!19sChIJR-MOWe-Du4cRMTNfkaJNxvM?authuser=0&hl=en&rclk=1",auto repair shop,Rush County,county,KS,2026-07-28T11:50:38,0x87bb83ef590ee347:0xf3c64da2915f3331
Phil's Truck Repair,,,,"1116 W 590th Ave, McCune, KS 66753, United States",1116 W 590th Ave,McCune,KS,66753,4.9,12,Truck repair shop,,,https://www.google.com/maps/place/Phil%27s+Truck+Repair/data=!4m7!3m6!1s0x87c7f5b4d70bb7b7:0x2abed562687615bb!8m2!3d37.471287!4d-95.0188!16s%2Fg%2F11c60699xt!19sChIJt7cL17T1x4cRuxV2aGLVvio?authuser=0&hl=en&rclk=1,auto repair shop,Neosho County,county,KS,2026-07-28T09:44:36,0x87c7f5b4d70bb7b7:0x2abed562687615bb
Bill's Auto Repair,,,,"104 E Ave D, McPherson, KS 67460, United States",104 E Ave D,McPherson,KS,67460,4.8,19,Auto repair shop,,,https://www.google.com/maps/place/Bill%27s+Auto+Repair/data=!4m7!3m6!1s0x87bb56583914f3a9:0x9e5e9aaf830fc555!8m2!3d38.3590337!4d-97.6663521!16s%2Fg%2F1tdg3qzr!19sChIJqfMUOVhWu4cRVcUPg6-aXp4?authuser=0&hl=en&rclk=1,auto repair shop,McPherson County,county,KS,2026-07-28T08:15:30,0x87bb56583914f3a9:0x9e5e9aaf830fc555
Chevrolet Service,,,,"610 W Kansas Ave, McPherson, KS 67460, United States",610 W Kansas Ave,McPherson,KS,67460,5.0,1,Auto repair shop,,,https://www.google.com/maps/place/Chevrolet+Service/data=!4m7!3m6!1s0x87bb565d2ff900f5:0x25c40beab53cdc4d!8m2!3d38.3697308!4d-97.6744492!16s%2Fg%2F11f020l7q1!19sChIJ9QD5L11Wu4cRTdw8teoLxCU?authuser=0&hl=en&rclk=1,auto repair shop,McPherson County,county,KS,2026-07-28T08:15:31,0x87bb565d2ff900f5:0x25c40beab53cdc4d
"NAPA Auto Parts - Catlett Automotive, LLC",(620) 241-6770,https://www.napaonline.com/en/KS/Mcpherson/store/23920?cid=pl_jobber_google_dac_23920_ao,,"2206 Plaza E Pl, McPherson, KS 67460, United States",2206 Plaza E Pl,McPherson,KS,67460,4.6,37,Auto parts store,,,"https://www.google.com/maps/place/NAPA+Auto+Parts+-+Catlett+Automotive,+LLC/data=!4m7!3m6!1s0x87bb564597b4964f:0x12b08cffded454d5!8m2!3d38.3690452!4d-97.625679!16s%2Fg%2F1v5fsf3t!19sChIJT5a0l0VWu4cR1VTU3v-MsBI?authuser=0&hl=en&rclk=1",auto repair shop,McPherson County,county,KS,2026-07-28T08:15:31,0x87bb564597b4964f:0x12b08cffded454d5
Walmart Auto Care Centers,(620) 241-0719,https://www.walmart.com/store/993-mcpherson-ks/auto-care-center/?veh=seo_loc,,"205 S, 205 Centennial Dr, McPherson, KS 67460, United States","205 S, 205 Centennial Dr",McPherson,KS,67460,3.5,94,Oil change service,,,https://www.google.com/maps/place/Walmart+Auto+Care+Centers/data=!4m7!3m6!1s0x87bb579eada3065d:0xc0e64b7a3f37b034!8m2!3d38.3676721!4d-97.628198!16s%2Fg%2F1thnp8yr!19sChIJXQajrZ5Xu4cRNLA3P3pL5sA?authuser=0&hl=en&rclk=1,auto repair shop,McPherson County,county,KS,2026-07-28T08:15:31,0x87bb579eada3065d:0xc0e64b7a3f37b034
"DeLissa Ford, Inc. Service",(620) 873-2174,https://www.ford.com/?,,"201 W Carthage St, Meade, KS 67864, United States",201 W Carthage St,Meade,KS,67864,1.0,1,Auto repair shop,,,"https://www.google.com/maps/place/DeLissa+Ford,+Inc.+Service/data=!4m7!3m6!1s0x87a797448779548f:0x7693ccf758a4169a!8m2!3d37.285246!4d-100.3415809!16s%2Fg%2F11n0vhd_l_!19sChIJj1R5h0SXp4cRmhakWPfMk3Y?authuser=0&hl=en&rclk=1",auto repair shop,Meade County,county,KS,2026-07-28T08:22:48,0x87a797448779548f:0x7693ccf758a4169a
Mark’s Truck Repair & Service,,,,"2865 SE, US-160, Medicine Lodge, KS 67104, United States","2865 SE, US-160",Medicine Lodge,KS,67104,4.9,7,Auto repair shop,,,https://www.google.com/maps/place/Mark%E2%80%99s+Truck+Repair+%26+Service/data=!4m7!3m6!1s0x87a59f5250ce7e8b:0x250333a9cc6879d1!8m2!3d37.2768008!4d-98.5510662!16s%2Fg%2F11gyyv262j!19sChIJi37OUFKfpYcR0XlozKkzAyU?authuser=0&hl=en&rclk=1,auto repair shop,Barber County,county,KS,2026-07-28T03:42:08,0x87a59f5250ce7e8b:0x250333a9cc6879d1
3-66 MP,,,,"Apennines Dr, Milford, KS 66514, United States",Apennines Dr,Milford,KS,66514,5.0,1,Auto repair shop,,,https://www.google.com/maps/place/3-66+MP/data=!4m7!3m6!1s0x87bc4b006bc75bd5:0xa6ab419754068031!8m2!3d39.1111242!4d-96.820644!16s%2Fg%2F11y6wy5k78!19sChIJ1VvHawBLvIcRMYAGVJdBq6Y?authuser=0&hl=en&rclk=1,auto repair shop,Morris County,county,KS,2026-07-28T09:12:57,0x87bc4b006bc75bd5:0xa6ab419754068031
"Exact Performance, Inc.",(913) 384-4555,http://www.exactauto.com/,,"6403 Johnson Dr, Mission, KS 66202, United States",6403 Johnson Dr,Mission,KS,66202,4.4,75,Auto repair shop,,,"https://www.google.com/maps/place/Exact+Performance,+Inc./data=!4m7!3m6!1s0x87c0edcc82c12343:0x6f3a4511f550d2a!8m2!3d39.0219508!4d-94.6604126!16s%2Fg%2F1tjkg9tc!19sChIJQyPBgsztwIcRKg1VH1Gk8wY?authuser=0&hl=en&rclk=1",auto repair shop,Sherman County,county,KS,2026-07-28T13:08:34,0x87c0edcc82c12343:0x6f3a4511f550d2a
Goodyear Auto Service,(913) 722-2003,https://www.goodyear.com/en-us/goodyearautoservice,,"5200 Johnson Dr, Mission, KS 66205, United States",5200 Johnson Dr,Mission,KS,66205,4.6,359,Tire shop,,,https://www.google.com/maps/place/Goodyear+Auto+Service/data=!4m7!3m6!1s0x87c0edd5994782b9:0x696345e28afd6633!8m2!3d39.0235623!4d-94.6461307!16s%2Fg%2F1tj9cj7r!19sChIJuYJHmdXtwIcRM2b9iuJFY2k?authuser=0&hl=en&rclk=1,auto repair shop,Johnson County,county,KS,2026-07-28T07:22:44,0x87c0edd5994782b9:0x696345e28afd6633
"Sailors Auto Care Clinic, Inc.",(913) 262-2450,https://sailorsautocare.com/,sailorsauto@gmail.com,"5850 Dearborn St, Mission, KS 66202, United States",5850 Dearborn St,Mission,KS,66202,4.6,174,Auto repair shop,,,"https://www.google.com/maps/place/Sailors+Auto+Care+Clinic,+Inc./data=!4m7!3m6!1s0x87c0edd27e354e85:0xd2a420af4d197ef2!8m2!3d39.022796!4d-94.655223!16s%2Fg%2F1thmlj01!19sChIJhU41ftLtwIcR8n4ZTa8gpNI?authuser=0&hl=en&rclk=1",auto repair shop,Wyandotte County,county,KS,2026-07-28T14:21:30,0x87c0edd27e354e85:0xd2a420af4d197ef2
Dumler's West Side Inc,(785) 798-3114,,,"918 W Sycamore St, Ness City, KS 67560, United States",918 W Sycamore St,Ness City,KS,67560,4.5,8,Mechanic,,,https://www.google.com/maps/place/Dumler%27s+West+Side+Inc/data=!4m7!3m6!1s0x87a0d891cdacfaed:0x455a8283b0164527!8m2!3d38.4531388!4d-99.9165341!16s%2Fg%2F1263pwgyw!19sChIJ7fqszZHYoIcRJ0UWsIOCWkU?authuser=0&hl=en&rclk=1,auto repair shop,Ness County,county,KS,2026-07-28T09:53:27,0x87a0d891cdacfaed:0x455a8283b0164527
Honda Service,,,,"105 Main St, New Strawn, KS 66839, United States",105 Main St,New Strawn,KS,66839,1.0,1,Auto repair shop,,,https://www.google.com/maps/place/Honda+Service/data=!4m7!3m6!1s0x87b920ad6ca12dd9:0x175f2ca0ff293aff!8m2!3d38.2590676!4d-95.7393207!16s%2Fg%2F11g9qgz3cf!19sChIJ2S2hbK0guYcR_zop_6AsXxc?authuser=0&hl=en&rclk=1,auto repair shop,Coffey County,county,KS,2026-07-28T05:01:23,0x87b920ad6ca12dd9:0x175f2ca0ff293aff
"Budde Enterprises., Inc",(316) 283-3366,http://www.buddeenterprises.com/,,"4504 NE 36th St, Newton, KS 67114, United States",4504 NE 36th St,Newton,KS,67114,4.3,19,Metal fabricator,,,"https://www.google.com/maps/place/Budde+Enterprises.,+Inc/data=!4m7!3m6!1s0x87bb12aa3730759b:0x3b6751d9a2735ae0!8m2!3d38.0875841!4d-97.266867!16s%2Fg%2F1td3r_zw!19sChIJm3UwN6oSu4cR4FpzotlRZzs?authuser=0&hl=en&rclk=1",auto repair shop,Harvey County,county,KS,2026-07-28T06:56:37,0x87bb12aa3730759b:0x3b6751d9a2735ae0
Roadsters,,,,"200 Manchester Ave I-135, Newton, KS 67114, United States",200 Manchester Ave I-135,Newton,KS,67114,4.1,3907,,,,https://www.google.com/maps/place/Roadsters/data=!4m7!3m6!1s0x87bb13a63743d705:0x1032c75779522223!8m2!3d38.0446861!4d-97.3198932!16s%2Fg%2F11bbygvkz7!19sChIJBddDN6YTu4cRIyJSeVfHMhA?authuser=0&hl=en&rclk=1,auto repair shop,Harvey County,county,KS,2026-07-28T06:56:37,0x87bb13a63743d705:0x1032c75779522223
Stahl Racing,,,,"4799 S Kansas Rd #3833, Newton, KS 67114, United States",4799 S Kansas Rd #3833,Newton,KS,67114,5.0,14,Auto repair shop,,,https://www.google.com/maps/place/Stahl+Racing/data=!4m7!3m6!1s0x87bb115b413eb0b1:0xab66d66ccde2ed04!8m2!3d37.9940426!4d-97.3374302!16s%2Fg%2F11cms9tp77!19sChIJsbA-QVsRu4cRBO3izWzWZqs?authuser=0&hl=en&rclk=1,auto repair shop,Harvey County,county,KS,2026-07-28T06:56:36,0x87bb115b413eb0b1:0xab66d66ccde2ed04
Valvoline Instant Oil Change,(316) 283-2359,https://store.vioc.com/ks/newton/1315-s-high-street?utm_source=google&utm_medium=local&utm_campaign=localsearch,,"1315 S High St, Newton, KS 67114, United States",1315 S High St,Newton,KS,67114,4.8,37,Oil change service,,,https://www.google.com/maps/place/Valvoline+Instant+Oil+Change/data=!4m7!3m6!1s0x87bb13826faf4429:0x294e99c65d140952!8m2!3d38.02847!4d-97.33523!16s%2Fg%2F11yfq8b6jb!19sChIJKUSvb4ITu4cRUgkUXcaZTik?authuser=0&hl=en&rclk=1,auto repair shop,Harvey County,county,KS,2026-07-28T06:56:37,0x87bb13826faf4429:0x294e99c65d140952
Walmart Auto Care Center,(316) 284-0333,https://www.walmart.com/store/2428-newton-ks/auto-care-center/?veh=seo_loc,,"1701 S Kansas Rd, Newton, KS 67114, United States",1701 S Kansas Rd,Newton,KS,67114,3.1,84,Oil change service,,,https://www.google.com/maps/place/Walmart+Auto+Care+Center/data=!4m7!3m6!1s0x87bb13e5f24577b7:0xaa0c5a02a74ce7bc!8m2!3d38.0239457!4d-97.338891!16s%2Fg%2F1vqth95d!19sChIJt3dF8uUTu4cRvOdMpwJaDKo?authuser=0&hl=en&rclk=1,auto repair shop,Harvey County,county,KS,2026-07-28T06:56:37,0x87bb13e5f24577b7:0xaa0c5a02a74ce7bc
Sledge Hammer Repair Inc,(620) 673-9071,,,"105 N 2nd St, Niotaze, KS 67355, United States",105 N 2nd St,Niotaze,KS,67355,4.8,5,Auto repair shop,,,https://www.google.com/maps/place/Sledge+Hammer+Repair+Inc/data=!4m7!3m6!1s0x87b761305148c3f5:0xafaef89dd480b1aa!8m2!3d37.0680765!4d-96.01288!16s%2Fg%2F1tmbwmv4!19sChIJ9cNIUTBht4cRqrGA1J34rq8?authuser=0&hl=en&rclk=1,auto repair shop,Montgomery County,county,KS,2026-07-28T08:54:41,0x87b761305148c3f5:0xafaef89dd480b1aa
Bump's Auto Body Inc.,(785) 877-3977,,,"607 1/2 W Holme St, Norton, KS 67654, United States",607 1/2 W Holme St,Norton,KS,67654,5.0,2,Auto bodywork mechanic,,,https://www.google.com/maps/place/Bump%27s+Auto+Body+Inc./data=!4m7!3m6!1s0x879f754931b7ceb3:0xe20edfd2a83258a8!8m2!3d39.8389979!4d-99.8961487!16s%2Fg%2F11y3yjs_k9!19sChIJs863MUl1n4cRqFgyqNLfDuI?authuser=0&hl=en&rclk=1,auto repair shop,Norton County,county,KS,2026-07-28T10:03:12,0x879f754931b7ceb3:0xe20edfd2a83258a8
"Carquest Auto Parts - Norton Auto Supply, Inc.",(785) 877-3333,https://www.carquest.com/locations/ks/norton/12160/,,"102 N 2nd Ave, Norton, KS 67654, United States",102 N 2nd Ave,Norton,KS,67654,4.6,35,Auto parts store,,,"https://www.google.com/maps/place/Carquest+Auto+Parts+-+Norton+Auto+Supply,+Inc./data=!4m7!3m6!1s0x879f758def75329d:0xedb7ab227a522029!8m2!3d39.829367!4d-99.8916388!16s%2Fg%2F1vfzfp5h!19sChIJnTJ17411n4cRKSBSeiKrt-0?authuser=0&hl=en&rclk=1",auto repair shop,Norton County,county,KS,2026-07-28T10:03:12,0x879f758def75329d:0xedb7ab227a522029
"Engel's Sales & Service Center, Inc.",(785) 877-3391,https://www.engelssales.com/contact/,,"209 W Lincoln St, Norton, KS 67654, United States",209 W Lincoln St,Norton,KS,67654,,,Motor vehicle dealer,,,"https://www.google.com/maps/place/Engel%27s+Sales+%26+Service+Center,+Inc./data=!4m7!3m6!1s0x879f758e046aaaab:0xb06bbb6e8978665d!8m2!3d39.8304762!4d-99.8910793!16s%2Fg%2F11rxhzwjc8!19sChIJq6pqBI51n4cRXWZ4iW67a7A?authuser=0&hl=en&rclk=1",auto repair shop,Norton County,county,KS,2026-07-28T10:03:12,0x879f758e046aaaab:0xb06bbb6e8978665d
NAPA Auto Parts - Engels Sales & Service Center Inc,(785) 877-5166,https://www.napaonline.com/en/KS/Norton/store/23964?cid=pl_jobber_google_dac_23964_ao,,"209 W Lincoln St, Norton, KS 67654, United States",209 W Lincoln St,Norton,KS,67654,4.6,57,Auto parts store,,,https://www.google.com/maps/place/NAPA+Auto+Parts+-+Engels+Sales+%26+Service+Center+Inc/data=!4m7!3m6!1s0x879f758e0707dfd3:0xb858609e5dc23e8d!8m2!3d39.830476!4d-99.891079!16s%2Fg%2F1tdhmb5h!19sChIJ098HB451n4cRjT7CXZ5gWLg?authuser=0&hl=en&rclk=1,auto repair shop,Norton County,county,KS,2026-07-28T10:03:12,0x879f758e0707dfd3:0xb858609e5dc23e8d
NAPA Auto Parts - Logan County Implement,(785) 672-4666,https://www.napaonline.com/en/KS/Oakley/store/28663?cid=pl_jobber_google_dac_28663_ao,,"3548 US-40, Oakley, KS 67748, United States",3548 US-40,Oakley,KS,67748,4.6,28,Auto parts store,,,https://www.google.com/maps/place/NAPA+Auto+Parts+-+Logan+County+Implement/data=!4m7!3m6!1s0x870a97b391ba4fcd:0xc48be6d63dda131f!8m2!3d39.119834!4d-100.841839!16s%2Fg%2F1tcv1x7n!19sChIJzU-6kbOXCocRHxPaPdbmi8Q?authuser=0&hl=en&rclk=1,auto repair shop,Sherman County,county,KS,2026-07-28T13:08:34,0x870a97b391ba4fcd:0xc48be6d63dda131f
Firestone Farm Tires,,,,"810 N Griffith Ave, Oberlin, KS 67749, United States",810 N Griffith Ave,Oberlin,KS,67749,,,Tire shop,,,https://www.google.com/maps/place/Firestone+Farm+Tires/data=!4m7!3m6!1s0x879fe7551787e4ef:0xffc053e712230283!8m2!3d39.8277706!4d-100.5280716!16s%2Fg%2F11hy_4c4t0!19sChIJ7-SHF1Xnn4cRgwIjEudTwP8?authuser=0&hl=en&rclk=1,auto repair shop,Decatur County,county,KS,2026-07-28T05:25:09,0x879fe7551787e4ef:0xffc053e712230283
NAPA Auto Parts - Oberlin Automotive,(785) 475-2278,https://www.napaonline.com/en/KS/Oberlin/store/28599?cid=pl_jobber_google_dac_28599_ao,,"102 E Frontier Pkwy, Oberlin, KS 67749, United States",102 E Frontier Pkwy,Oberlin,KS,67749,4.6,25,Auto parts store,,,https://www.google.com/maps/place/NAPA+Auto+Parts+-+Oberlin+Automotive/data=!4m7!3m6!1s0x879fe75539e31b37:0xf191527b2bf85be7!8m2!3d39.828466!4d-100.528688!16s%2Fg%2F1tq6kl3q!19sChIJNxvjOVXnn4cR51v4K3tSkfE?authuser=0&hl=en&rclk=1,auto repair shop,Decatur County,county,KS,2026-07-28T05:25:09,0x879fe75539e31b37:0xf191527b2bf85be7
AAMCO Transmissions & Total Car Care,(913) 374-6245,http://www.olatheaamco.com/?utm_source=G&utm_medium=local&utm_campaign=google-local,,"1112 N Rogers Rd, Olathe, KS 66062, United States",1112 N Rogers Rd,Olathe,KS,66062,4.5,272,Transmission shop,,,https://www.google.com/maps/place/AAMCO+Transmissions+%26+Total+Car+Care/data=!4m7!3m6!1s0x87c0958e22fefc45:0x86f116f7494faeed!8m2!3d38.899774!4d-94.783115!16s%2Fg%2F1x5fbwrl!19sChIJRfz-Io6VwIcR7a5PSfcW8YY?authuser=0&hl=en&rclk=1,auto repair shop,Olathe,city,KS,2026-07-28T14:57:00,0x87c0958e22fefc45:0x86f116f7494faeed
Arturo's Auto Repair,,,,"11505 C&D, S Strang Line Rd, Olathe, KS 66062, United States","11505 C&D, S Strang Line Rd",Olathe,KS,66062,3.0,2,Auto repair shop,,,https://www.google.com/maps/place/Arturo%27s+Auto+Repair/data=!4m7!3m6!1s0x87c095003399664d:0x198ac789b9f1e9f7!8m2!3d38.9101553!4d-94.7703465!16s%2Fg%2F11x0qhjp1t!19sChIJTWaZMwCVwIcR9-nxuYnHihk?authuser=0&hl=en&rclk=1,auto repair shop,Olathe,city,KS,2026-07-28T14:57:00,0x87c095003399664d:0x198ac789b9f1e9f7
BF Bodyworks Inc,(913) 764-8555,https://www.bfbodyworks.com/,,"311 N Lindenwood Dr, Olathe, KS 66062, United States",311 N Lindenwood Dr,Olathe,KS,66062,4.7,215,Auto body shop,,,https://www.google.com/maps/place/BF+Bodyworks+Inc/data=!4m7!3m6!1s0x87c0be214b4e9ae5:0xb3735e15cf2cfa14!8m2!3d38.885746!4d-94.7848001!16s%2Fg%2F1tgq752h!19sChIJ5ZpOSyG-wIcRFPoszxVec7M?authuser=0&hl=en&rclk=1,auto repair shop,Sherman County,county,KS,2026-07-28T13:08:34,0x87c0be214b4e9ae5:0xb3735e15cf2cfa14
"Bailey's Auto Service, Inc.",(913) 764-0740,http://baileyautoservice.com/,,"316 N Winchester St, Olathe, KS 66062, United States",316 N Winchester St,Olathe,KS,66062,4.4,149,Auto repair shop,,,"https://www.google.com/maps/place/Bailey%27s+Auto+Service,+Inc./data=!4m7!3m6!1s0x87c0be210e962efd:0x39b83e37f42167a2!8m2!3d38.8863172!4d-94.786936!16s%2Fg%2F1tdb9bw8!19sChIJ_S6WDiG-wIcRomch9Dc-uDk?authuser=0&hl=en&rclk=1",auto repair shop,Franklin County,county,KS,2026-07-28T06:20:04,0x87c0be210e962efd:0x39b83e37f42167a2
Diamonds Auto Care Inc,(913) 393-3400,,,"1250 N Winchester St # D, Olathe, KS 66061, United States",1250 N Winchester St # D,Olathe,KS,66061,4.8,47,Auto repair shop,,,https://www.google.com/maps/place/Diamonds+Auto+Care+Inc/data=!4m7!3m6!1s0x87c09593cefcad65:0x66bd13f087d09921!8m2!3d38.9034863!4d-94.7855266!16s%2Fg%2F1tdp5kl3!19sChIJZa38zpOVwIcRIZnQh_ATvWY?authuser=0&hl=en&rclk=1,auto repair shop,Olathe,city,KS,2026-07-28T14:57:00,0x87c09593cefcad65:0x66bd13f087d09921
Firestone Complete Auto Care,(913) 712-0960,https://www.firestonecompleteautocare.com/kansas/olathe/15050-w-135th-st/?utm_source=google&utm_medium=organic&utm_campaign=localmaps&cmp=oloc_google_localmaps_maps,283444@bfrc.com,"15050 W 135th St, Olathe, KS 66062, United States",15050 W 135th St,Olathe,KS,66062,4.3,423,Tire shop,,,https://www.google.com/maps/place/Firestone+Complete+Auto+Care/data=!4m7!3m6!1s0x87c0bfd09d0485cb:0xdb3b2fbbf4187fa4!8m2!3d38.8843071!4d-94.7590064!16s%2Fg%2F1tkc75y_!19sChIJy4UEndC_wIcRpH8Y9LsvO9s?authuser=0&hl=en&rclk=1,auto repair shop,Olathe,city,KS,2026-07-28T14:57:00,0x87c0bfd09d0485cb:0xdb3b2fbbf4187fa4
Firestone Complete Auto Care,(913) 489-7698,https://www.firestonecompleteautocare.com/kansas/olathe/1200-w-santa-fe-st/?utm_source=google&utm_medium=organic&utm_campaign=localmaps&cmp=oloc_google_localmaps_maps,343718@bfrc.com,"1200 W Santa Fe St, Olathe, KS 66061, United States",1200 W Santa Fe St,Olathe,KS,66061,3.9,321,Tire shop,,,https://www.google.com/maps/place/Firestone+Complete+Auto+Care/data=!4m7!3m6!1s0x87c0bd89110a3ddb:0xb180afcfe793f1e!8m2!3d38.8842258!4d-94.8381505!16s%2Fg%2F1tdz0gxl!19sChIJ2z0KEYm9wIcRHj95_vwKGAs?authuser=0&hl=en&rclk=1,auto repair shop,Olathe,city,KS,2026-07-28T14:57:00,0x87c0bd89110a3ddb:0xb180afcfe793f1e
Jiffy Lube Oil Change,(913) 254-0741,https://www.jiffylube.com/locations/ks/olathe/2908,,"15305 W 135th St, Olathe, KS 66062, United States",15305 W 135th St,Olathe,KS,66062,4.8,1087,Oil change service,,,https://www.google.com/maps/place/Jiffy+Lube+Oil+Change/data=!4m7!3m6!1s0x87c0bfd3d2896c57:0xd0d6122fbc4e6955!8m2!3d38.8831102!4d-94.7645322!16s%2Fg%2F1tfg3m1p!19sChIJV2yJ0tO_wIcRVWlOvC8S1tA?authuser=0&hl=en&rclk=1,auto repair shop,Olathe,city,KS,2026-07-28T14:57:00,0x87c0bfd3d2896c57:0xd0d6122fbc4e6955
Jiffy Lube Oil Change,(913) 780-5060,https://www.jiffylube.com/locations/ks/olathe/3041,,"20015 W 153rd St, Olathe, KS 66062, United States",20015 W 153rd St,Olathe,KS,66062,4.6,410,Oil change service,,,https://www.google.com/maps/place/Jiffy+Lube+Oil+Change/data=!4m7!3m6!1s0x87c0bdd3915946d5:0x75b895af267037e4!8m2!3d38.8507478!4d-94.8166917!16s%2Fg%2F1tjyv3p2!19sChIJ1UZZkdO9wIcR5DdwJq-VuHU?authuser=0&hl=en&rclk=1,auto repair shop,Olathe,city,KS,2026-07-28T14:57:00,0x87c0bdd3915946d5:0x75b895af267037e4
Meineke Car Care Center,(913) 274-1404,https://www.meineke.com/locations/ks/olathe-1380/?utm_source=google&utm_medium=organic&utm_campaign=gbp_website,brendan.mccc@gmail.com,"1306 E Santa Fe St, Olathe, KS 66061, United States",1306 E Santa Fe St,Olathe,KS,66061,4.0,446,Auto repair shop,,,https://www.google.com/maps/place/Meineke+Car+Care+Center/data=!4m7!3m6!1s0x87c0be1b8a317d41:0xc3d9dc14b6d8beaf!8m2!3d38.88409!4d-94.796587!16s%2Fg%2F1tcxdqnp!19sChIJQX0xihu-wIcRr77YthTc2cM?authuser=0&hl=en&rclk=1,auto repair shop,Olathe,city,KS,2026-07-28T14:57:00,0x87c0be1b8a317d41:0xc3d9dc14b6d8beaf
Tom's Automobile Repair Inc,(913) 393-9916,https://www.tomsautomobilerepair.com/,,"15075 W 116th St, Olathe, KS 66062, United States",15075 W 116th St,Olathe,KS,66062,4.5,176,Auto repair shop,,,https://www.google.com/maps/place/Tom%27s+Automobile+Repair+Inc/data=!4m7!3m6!1s0x87c0be26ff8f4b11:0x8052ea3c70fee99d!8m2!3d38.918211!4d-94.7590131!16s%2Fg%2F1tg9nnjb!19sChIJEUuP_ya-wIcRnen-cDzqUoA?authuser=0&hl=en&rclk=1,auto repair shop,Johnson County,county,KS,2026-07-28T07:22:44,0x87c0be26ff8f4b11:0x8052ea3c70fee99d
Tony's Mobile Repair,,,,"493 25th Rd, Olivet, KS 66856, United States",493 25th Rd,Olivet,KS,66856,,,Auto repair shop,,,https://www.google.com/maps/place/Tony%27s+Mobile+Repair/data=!4m7!3m6!1s0x87b92f006a4a0783:0xed0a6adeed024659!8m2!3d38.3896691!4d-95.8779053!16s%2Fg%2F11npcr4dr0!19sChIJgwdKagAvuYcRWUYC7d5qCu0?authuser=0&hl=en&rclk=1,auto repair shop,Coffey County,county,KS,2026-07-28T05:01:23,0x87b92f006a4a0783:0xed0a6adeed024659
AC Automotive,,,,"204 3rd St, Olsburg, KS 66520, United States",204 3rd St,Olsburg,KS,66520,5.0,3,Auto repair shop,,,https://www.google.com/maps/place/AC+Automotive/data=!4m7!3m6!1s0x87bdc3005d9305cf:0x88f37ede77e831d9!8m2!3d39.4298073!4d-96.6131951!16s%2Fg%2F11vpxk0_ww!19sChIJzwWTXQDDvYcR2THod95-84g?authuser=0&hl=en&rclk=1,auto repair shop,Nemaha County,county,KS,2026-07-28T09:32:10,0x87bdc3005d9305cf:0x88f37ede77e831d9
Body Shop Inc,(785) 528-3700,,,"636 Market St, Osage City, KS 66523, United States",636 Market St,Osage City,KS,66523,2.8,6,Auto repair shop,,,https://www.google.com/maps/place/Body+Shop+Inc/data=!4m7!3m6!1s0x87bed0d7ee87fead:0x6622be54630449a1!8m2!3d38.634944!4d-95.82401!16s%2Fg%2F1tf7bm61!19sChIJrf6H7tfQvocRoUkEY1S-ImY?authuser=0&hl=en&rclk=1,auto repair shop,Osage County,county,KS,2026-07-28T10:13:28,0x87bed0d7ee87fead:0x6622be54630449a1
Osborne Automotive,,,,"117 E Jefferson St, Osborne, KS 67473, United States",117 E Jefferson St,Osborne,KS,67473,,,Auto repair shop,,,https://www.google.com/maps/place/Osborne+Automotive/data=!4m7!3m6!1s0x87a26f004254a5ff:0x808cea156d34ebed!8m2!3d39.4426524!4d-98.693561!16s%2Fg%2F11mdw063yt!19sChIJ_6VUQgBvoocR7es0bRXqjIA?authuser=0&hl=en&rclk=1,auto repair shop,Mitchell County,county,KS,2026-07-28T08:39:59,0x87a26f004254a5ff:0x808cea156d34ebed
Rick's Repair,,,,"134 S 1st St, Osborne, KS 67473, United States",134 S 1st St,Osborne,KS,67473,5.0,1,Auto repair shop,,,https://www.google.com/maps/place/Rick%27s+Repair/data=!4m7!3m6!1s0x87a26f1a5d03f02f:0x45636ca8c38c29ea!8m2!3d39.4369287!4d-98.6945518!16s%2Fg%2F11t4kfb9xl!19sChIJL_ADXRpvoocR6imMw6hsY0U?authuser=0&hl=en&rclk=1,auto repair shop,Mitchell County,county,KS,2026-07-28T08:39:59,0x87a26f1a5d03f02f:0x45636ca8c38c29ea
Done Right Auto,,https://www.facebook.com/Team.RocKrusher/,,"2806 Tennessee Terrace, Ottawa, KS 66067, United States",2806 Tennessee Terrace,Ottawa,KS,66067,,,Mechanic,,,https://www.google.com/maps/place/Done+Right+Auto/data=!4m7!3m6!1s0x87bf53a0014afb87:0x1daa5425be45b878!8m2!3d38.5874687!4d-95.1483083!16s%2Fg%2F11t2jnwssz!19sChIJh_tKAaBTv4cReLhFviVUqh0?authuser=0&hl=en&rclk=1,auto repair shop,Ottawa County,county,KS,2026-07-28T10:26:39,0x87bf53a0014afb87:0x1daa5425be45b878
Firestone Complete Auto Care,(785) 521-3565,https://www.firestonecompleteautocare.com/kansas/ottawa/102-s-main-st/?utm_source=google&utm_medium=organic&utm_campaign=localmaps&cmp=oloc_google_localmaps_maps,,"102 S Main St, Ottawa, KS 66067, United States",102 S Main St,Ottawa,KS,66067,4.0,237,Tire shop,,,https://www.google.com/maps/place/Firestone+Complete+Auto+Care/data=!4m7!3m6!1s0x87bf4c2aca83d3e1:0xac1498ebe2748d9b!8m2!3d38.617028!4d-95.2688927!16s%2Fg%2F1q2w38jhg!19sChIJ4dODyipMv4cRm4104uuYFKw?authuser=0&hl=en&rclk=1,auto repair shop,Franklin County,county,KS,2026-07-28T06:20:04,0x87bf4c2aca83d3e1:0xac1498ebe2748d9b
BURNETT AUTOMOTIVE INC,(913) 402-9007,http://www.burnettauto.com/,,"12000 W 135th St, Overland Park, KS 66221, United States",12000 W 135th St,Overland Park,KS,66221,4.9,1074,Tire shop,,,https://www.google.com/maps/place/BURNETT+AUTOMOTIVE+INC/data=!4m7!3m6!1s0x87c0c0064d115395:0x764a2e540542fc79!8m2!3d38.8852397!4d-94.7243359!16s%2Fg%2F11c6pl31_5!19sChIJlVMRTQbAwIcRefxCBVQuSnY?authuser=0&hl=en&rclk=1,auto repair shop,Johnson County,county,KS,2026-07-28T07:22:44,0x87c0c0064d115395:0x764a2e540542fc79
BURNETT AUTOMOTIVE INC,(913) 451-1343,http://www.burnettauto.com/,,"11870 W 112th St, Overland Park, KS 66210, United States",11870 W 112th St,Overland Park,KS,66210,4.9,1223,Tire shop,,,https://www.google.com/maps/place/BURNETT+AUTOMOTIVE+INC/data=!4m7!3m6!1s0x87c0ead22fb5a6ef:0x5229f88e05aa5e89!8m2!3d38.9259532!4d-94.723115!16s%2Fg%2F1td05l57!19sChIJ76a1L9LqwIcRiV6qBY74KVI?authuser=0&hl=en&rclk=1,auto repair shop,Johnson County,county,KS,2026-07-28T07:22:44,0x87c0ead22fb5a6ef:0x5229f88e05aa5e89
BURNETT AUTOMOTIVE INC,(913) 851-9229,http://www.burnettauto.com/,,"14857 Metcalf Ave, Overland Park, KS 66223, United States",14857 Metcalf Ave,Overland Park,KS,66223,4.9,840,Tire shop,,,https://www.google.com/maps/place/BURNETT+AUTOMOTIVE+INC/data=!4m7!3m6!1s0x87c0c1a22f6b10e7:0xdd54ce006f5011f5!8m2!3d38.8591072!4d-94.666502!16s%2Fg%2F1vgx18df!19sChIJ5xBrL6LBwIcR9RFQbwDOVN0?authuser=0&hl=en&rclk=1,auto repair shop,Johnson County,county,KS,2026-07-28T07:22:44,0x87c0c1a22f6b10e7:0xdd54ce006f5011f5
Firestone Complete Auto Care,(913) 498-9137,https://www.firestonecompleteautocare.com/kansas/overland-park/9502-nall-ave/?utm_source=google&utm_medium=organic&utm_campaign=localmaps&cmp=oloc_google_localmaps_maps,023760@bfrc.com,"9502 Nall Ave, Overland Park, KS 66207, United States",9502 Nall Ave,Overland Park,KS,66207,4.2,265,Tire shop,,,https://www.google.com/maps/place/Firestone+Complete+Auto+Care/data=!4m7!3m6!1s0x87c0ebde684d5d8b:0x79ddb3b83dcadfbd!8m2!3d38.956064!4d-94.6513515!16s%2Fg%2F1tdvkpz_!19sChIJi11NaN7rwIcRvd_KPbiz3Xk?authuser=0&hl=en&rclk=1,auto repair shop,Overland Park,city,KS,2026-07-28T14:37:16,0x87c0ebde684d5d8b:0x79ddb3b83dcadfbd
Firestone Complete Auto Care,(913) 624-1484,https://www.firestonecompleteautocare.com/kansas/overland-park/7200-w-79th-st/?utm_source=google&utm_medium=organic&utm_campaign=localmaps&cmp=oloc_google_localmaps_maps,025143@bfrc.com,"7200 W 79th St, Overland Park, KS 66204, United States",7200 W 79th St,Overland Park,KS,66204,3.9,243,Tire shop,,,https://www.google.com/maps/place/Firestone+Complete+Auto+Care/data=!4m7!3m6!1s0x87c0ec724ef542b7:0x53694ced7fcb06eb!8m2!3d38.9861597!4d-94.6692143!16s%2Fg%2F1tr7d9vl!19sChIJt0L1TnLswIcR6wbLf-1MaVM?authuser=0&hl=en&rclk=1,auto repair shop,Overland Park,city,KS,2026-07-28T14:37:16,0x87c0ec724ef542b7:0x53694ced7fcb06eb
Firestone Complete Auto Care,(913) 213-0394,https://www.firestonecompleteautocare.com/kansas/overland-park/8595-w-135th-st/?utm_source=google&utm_medium=organic&utm_campaign=localmaps&cmp=oloc_google_localmaps_maps,322454@bfrc.com,"8595 W 135th St, Overland Park, KS 66223, United States",8595 W 135th St,Overland Park,KS,66223,4.1,353,Tire shop,,,https://www.google.com/maps/place/Firestone+Complete+Auto+Care/data=!4m7!3m6!1s0x87c0c1cd15783ab3:0x564b9b7e78f7dd01!8m2!3d38.8819969!4d-94.6851318!16s%2Fg%2F1vppt0zp!19sChIJszp4Fc3BwIcRAd33eH6bS1Y?authuser=0&hl=en&rclk=1,auto repair shop,Overland Park,city,KS,2026-07-28T14:37:16,0x87c0c1cd15783ab3:0x564b9b7e78f7dd01
Firestone Complete Auto Care,(913) 396-7168,https://www.firestonecompleteautocare.com/kansas/leawood/7050-w-115th-st/?utm_source=google&utm_medium=organic&utm_campaign=localmaps&cmp=oloc_google_localmaps_maps,,"7050 W 115th St, Overland Park, KS 66211, United States",7050 W 115th St,Overland Park,KS,66211,4.1,331,Tire shop,,,https://www.google.com/maps/place/Firestone+Complete+Auto+Care/data=!4m7!3m6!1s0x87c0ea407f79585f:0x65fa26d2a38147db!8m2!3d38.9180361!4d-94.6659046!16s%2Fg%2F1wd3wkwd!19sChIJX1h5f0DqwIcR20eBo9Im-mU?authuser=0&hl=en&rclk=1,auto repair shop,Johnson County,county,KS,2026-07-28T07:22:44,0x87c0ea407f79585f:0x65fa26d2a38147db
Jiffy Lube Oil Change,(913) 814-0500,https://www.jiffylube.com/locations/ks/shawnee-mission/1930,,"8625 W 151st St, Overland Park, KS 66223, United States",8625 W 151st St,Overland Park,KS,66223,4.8,587,Oil change service,,,https://www.google.com/maps/place/Jiffy+Lube+Oil+Change/data=!4m7!3m6!1s0x87c0c1aae83306cd:0x428b385733692bfc!8m2!3d38.8541017!4d-94.6849692!16s%2Fg%2F1tfpkb7q!19sChIJzQYz6KrBwIcR_CtpM1c4i0I?authuser=0&hl=en&rclk=1,auto repair shop,Overland Park,city,KS,2026-07-28T14:37:16,0x87c0c1aae83306cd:0x428b385733692bfc
Meineke Car Care Center,(913) 871-9764,https://www.meineke.com/locations/ks/overland-park-1377/?utm_source=google&utm_medium=organic&utm_campaign=gbp_website,,"7525 Metcalf Ave, Overland Park, KS 66204, United States",7525 Metcalf Ave,Overland Park,KS,66204,4.0,692,Auto repair shop,,,https://www.google.com/maps/place/Meineke+Car+Care+Center/data=!4m7!3m6!1s0x87c0ec6c8fcb43df:0x66e7f91455f0bd84!8m2!3d38.992178!4d-94.667013!16s%2Fg%2F11h1qxqfb!19sChIJ30PLj2zswIcRhL3wVRT552Y?authuser=0&hl=en&rclk=1,auto repair shop,Overland Park,city,KS,2026-07-28T14:37:16,0x87c0ec6c8fcb43df:0x66e7f91455f0bd84
Meineke Car Care Center,(913) 284-0205,https://www.meineke.com/locations/ks/overland-park-1372/?utm_source=google&utm_medium=organic&utm_campaign=gbp_website,brendan.mccc@gmail.com,"7584 W 119th St, Overland Park, KS 66213, United States",7584 W 119th St,Overland Park,KS,66213,3.8,655,Auto repair shop,,,https://www.google.com/maps/place/Meineke+Car+Care+Center/data=!4m7!3m6!1s0x87c0ea69ae7bea7f:0x11326824c1b99793!8m2!3d38.9134409!4d-94.6731052!16s%2Fg%2F1tx47kth!19sChIJf-p7rmnqwIcRk5e5wSRoMhE?authuser=0&hl=en&rclk=1,auto repair shop,Overland Park,city,KS,2026-07-28T14:37:16,0x87c0ea69ae7bea7f:0x11326824c1b99793
Midas,(913) 951-0233,https://www.midas.com/store/ks/overland-park/8665-w-151st-st-66223/?shopnum=5298&utm_source=google&utm_medium=organic&utm_campaign=gbp,,"8665 W 151st St, Overland Park, KS 66223, United States",8665 W 151st St,Overland Park,KS,66223,4.6,470,Auto repair shop,,,https://www.google.com/maps/place/Midas/data=!4m7!3m6!1s0x87c0c1b467932f75:0x877e80f79d660444!8m2!3d38.8539543!4d-94.6854493!16s%2Fg%2F11mbwlbmvv!19sChIJdS-TZ7TBwIcRRARmnfeAfoc?authuser=0&hl=en&rclk=1,auto repair shop,Overland Park,city,KS,2026-07-28T14:37:16,0x87c0c1b467932f75:0x877e80f79d660444
Midas,(913) 717-5305,https://www.midas.com/store/ks/overland-park/7818-metcalf-ave-66204/?shopnum=5296&utm_source=google&utm_medium=organic&utm_campaign=gbp,,"7818 Metcalf Ave, Overland Park, KS 66204, United States",7818 Metcalf Ave,Overland Park,KS,66204,4.7,692,Auto repair shop,,,https://www.google.com/maps/place/Midas/data=!4m7!3m6!1s0x87c0ec72f4ebf91f:0xb1ea270be4d1116e!8m2!3d38.9869186!4d-94.6680941!16s%2Fg%2F1tfkr8_s!19sChIJH_nr9HLswIcRbhHR5Asn6rE?authuser=0&hl=en&rclk=1,auto repair shop,Johnson County,county,KS,2026-07-28T07:22:44,0x87c0ec72f4ebf91f:0xb1ea270be4d1116e
Prymo Automotive Service inc,(913) 401-7061,,,"7903 Metcalf Ave, Overland Park, KS 66204, United States",7903 Metcalf Ave,Overland Park,KS,66204,4.9,47,Auto repair shop,,,https://www.google.com/maps/place/Prymo+Automotive+Service+inc/data=!4m7!3m6!1s0x87c0edd0ead13fbb:0x40c7b524cccd9a11!8m2!3d38.985533!4d-94.667291!16s%2Fg%2F11y49xp1zy!19sChIJuz_R6tDtwIcREZrNzCS1x0A?authuser=0&hl=en&rclk=1,auto repair shop,Johnson County,county,KS,2026-07-28T07:22:44,0x87c0edd0ead13fbb:0x40c7b524cccd9a11
Santa Fe Body Inc,(913) 894-6090,http://www.santafeautobody.com/,info@santafeautobody.com,"8717 Lenexa Dr, Overland Park, KS 66214, United States",8717 Lenexa Dr,Overland Park,KS,66214,4.8,98,Auto body shop,,,https://www.google.com/maps/place/Santa+Fe+Body+Inc/data=!4m7!3m6!1s0x87c0eb50baec0cfb:0x116804e57c447dc4!8m2!3d38.9698977!4d-94.7171565!16s%2Fg%2F1tff_09f!19sChIJ-wzsulDrwIcRxH1EfOUEaBE?authuser=0&hl=en&rclk=1,auto repair shop,Overland Park,city,KS,2026-07-28T14:37:16,0x87c0eb50baec0cfb:0x116804e57c447dc4
Take 5 Oil Change,(913) 945-1775,https://www.take5.com/locations/oil-change/kansas/overland-park/31369/?utm_source=google&utm_medium=organic&utm_campaign=gbp_website,news@drivenbrands.com,"9600 W 135th St, Overland Park, KS 66221, United States",9600 W 135th St,Overland Park,KS,66221,4.6,642,Oil change service,,,https://www.google.com/maps/place/Take+5+Oil+Change/data=!4m7!3m6!1s0x87c0c1e6a53b5297:0x68d836a576efa496!8m2!3d38.8842582!4d-94.697022!16s%2Fg%2F11k4r2c196!19sChIJl1I7pebBwIcRlqTvdqU22Gg?authuser=0&hl=en&rclk=1,auto repair shop,Overland Park,city,KS,2026-07-28T14:37:16,0x87c0c1e6a53b5297:0x68d836a576efa496
Midwest Collision Inc,(913) 294-4016,http://www.midwest-collision.com/,,"31570 Old Kc Rd, Paola, KS 66071, United States",31570 Old Kc Rd,Paola,KS,66071,5.0,180,Auto body shop,,,https://www.google.com/maps/place/Midwest+Collision+Inc/data=!4m7!3m6!1s0x87c0b2aac4ab3e4f:0xa32ed473f3153eed!8m2!3d38.5552074!4d-94.8920006!16s%2Fg%2F1ts3g3v8!19sChIJTz6rxKqywIcR7T4V83PULqM?authuser=0&hl=en&rclk=1,auto repair shop,Miami County,county,KS,2026-07-28T08:23:43,0x87c0b2aac4ab3e4f:0xa32ed473f3153eed
Blackburn's Discount Tire & Automotive Specialties,,,,"1704 24000 Rd, Parsons, KS 67357, United States",1704 24000 Rd,Parsons,KS,67357,5.0,4,Auto repair shop,,,https://www.google.com/maps/place/Blackburn%27s+Discount+Tire+%26+Automotive+Specialties/data=!4m7!3m6!1s0x87b81b002d38ab3b:0x265b32a129c59044!8m2!3d37.3407521!4d-95.2306439!16s%2Fg%2F11ygr01112!19sChIJO6s4LQAbuIcRRJDFKaEyWyY?authuser=0&hl=en&rclk=1,auto repair shop,Labette County,county,KS,2026-07-28T07:34:29,0x87b81b002d38ab3b:0x265b32a129c59044
Cagle's Custom Colors,,,,"17098 Pratt Rd, Parsons, KS 67357, United States",17098 Pratt Rd,Parsons,KS,67357,4.4,5,Auto body shop,,,https://www.google.com/maps/place/Cagle%27s+Custom+Colors/data=!4m7!3m6!1s0x87b811a3c5c5d07b:0xf749821bdcd50553!8m2!3d37.2516931!4d-95.2498009!16s%2Fg%2F11hfpz1r6g!19sChIJe9DFxaMRuIcRUwXV3BuCSfc?authuser=0&hl=en&rclk=1,auto repair shop,Labette County,county,KS,2026-07-28T07:34:29,0x87b811a3c5c5d07b:0xf749821bdcd50553
"Mike Carpino Ford Parsons, Inc. Service",(620) 423-3673,https://www.mikecarpinofordparsons.com/service-center-mike-carpino-ford.htm?utm_source=gmb&utm_medium=search&utm_campaign=gmb_profile,,"2800 N 16th St, Parsons, KS 67357, United States",2800 N 16th St,Parsons,KS,67357,5.0,1,Auto repair shop,,,"https://www.google.com/maps/place/Mike+Carpino+Ford+Parsons,+Inc.+Service/data=!4m7!3m6!1s0x87b81b15199b416f:0xf4c21976d625d5ce!8m2!3d37.3681631!4d-95.2594198!16s%2Fg%2F11llrsb86k!19sChIJb0GbGRUbuIcRztUl1nYZwvQ?authuser=0&hl=en&rclk=1",auto repair shop,Neosho County,county,KS,2026-07-28T09:44:36,0x87b81b15199b416f:0xf4c21976d625d5ce
Walmart Auto Care Center,(620) 421-6381,https://www.walmart.com/store/368-parsons-ks/auto-care-center/?veh=seo_loc,,"3201 N 16th St, Parsons, KS 67357, United States",3201 N 16th St,Parsons,KS,67357,3.3,53,Oil change service,,,https://www.google.com/maps/place/Walmart+Auto+Care+Center/data=!4m7!3m6!1s0x87b8106fa6142a57:0xc487f84bff2697d7!8m2!3d37.3721305!4d-95.255875!16s%2Fg%2F11xg14yvz!19sChIJVyoUpm8QuIcR15cm_0v4h8Q?authuser=0&hl=en&rclk=1,auto repair shop,Labette County,county,KS,2026-07-28T07:34:29,0x87b8106fa6142a57:0xc487f84bff2697d7
Car Care Center Inc,(785) 543-2838,,,"309 D St, Phillipsburg, KS 67661, United States",309 D St,Phillipsburg,KS,67661,5.0,3,Auto repair shop,,,https://www.google.com/maps/place/Car+Care+Center+Inc/data=!4m7!3m6!1s0x879f5032a29ec845:0x8344ab02e25201a7!8m2!3d39.759375!4d-99.3243709!16s%2Fg%2F1tkq_s52!19sChIJRcieojJQn4cRpwFS4gKrRIM?authuser=0&hl=en&rclk=1,auto repair shop,Mitchell County,county,KS,2026-07-28T08:39:59,0x879f5032a29ec845:0x8344ab02e25201a7
Bowes Automotive Products Inc,(620) 404-9330,,,"1251 S 230th St, Pittsburg, KS 66762, United States",1251 S 230th St,Pittsburg,KS,66762,,,Auto repair shop,,,https://www.google.com/maps/place/Bowes+Automotive+Products+Inc/data=!4m7!3m6!1s0x87c7dd02ad099bc5:0xecee8df6c30764f!8m2!3d37.3455579!4d-94.6877988!16s%2Fg%2F1v8gckm2!19sChIJxZsJrQLdx4cRT3YwbN_ozg4?authuser=0&hl=en&rclk=1,auto repair shop,Crawford County,county,KS,2026-07-28T05:20:14,0x87c7dd02ad099bc5:0xecee8df6c30764f
Lamar Automotive Pittsburg Inc.,(620) 670-1717,https://www.lamarautosek.com/,,"769 E 520th Ave, Pittsburg, KS 66762, United States",769 E 520th Ave,Pittsburg,KS,66762,,,Auto body shop,,,https://www.google.com/maps/place/Lamar+Automotive+Pittsburg+Inc./data=!4m7!3m6!1s0x87c7dd82b47d95f9:0x8583e9aca006866e!8m2!3d37.3671581!4d-94.7102654!16s%2Fg%2F11m5qv0vyn!19sChIJ-ZV9tILdx4cRboYGoKzpg4U?authuser=0&hl=en&rclk=1,auto repair shop,Crawford County,county,KS,2026-07-28T05:20:14,0x87c7dd82b47d95f9:0x8583e9aca006866e
"Mike Carpino Ford Pittsburg, Inc. Parts",(620) 231-2450,https://www.mikecarpinofordpittsburg.com/parts-center.htm?utm_source=google&utm_medium=organic&utm_campaign=mike_carpino_ford_pittsburg_gbp&utm_content=parts_department_gbp,,"1097 US-69, Pittsburg, KS 66762, United States",1097 US-69,Pittsburg,KS,66762,3.8,4,Auto parts store,,,"https://www.google.com/maps/place/Mike+Carpino+Ford+Pittsburg,+Inc.+Parts/data=!4m7!3m6!1s0x87c7dd496a1d59e9:0x27f9478879c00c8a!8m2!3d37.3682929!4d-94.7107922!16s%2Fg%2F11gbp4_d98!19sChIJ6Vkdakndx4cRigzAeYhH-Sc?authuser=0&hl=en&rclk=1",auto repair shop,Crawford County,county,KS,2026-07-28T05:20:14,0x87c7dd496a1d59e9:0x27f9478879c00c8a
"Mike Carpino Ford Pittsburg, Inc. Service",(620) 231-2450,https://www.mikecarpinofordpittsburg.com/service-center-mike-carpino-ford.htm?utm_source=google&utm_medium=organic&utm_campaign=mike_carpino_ford_pittsburg_gbp&utm_content=service_department_gbp,,"1097 US-69, Pittsburg, KS 66762, United States",1097 US-69,Pittsburg,KS,66762,4.2,9,Auto repair shop,,,"https://www.google.com/maps/place/Mike+Carpino+Ford+Pittsburg,+Inc.+Service/data=!4m7!3m6!1s0x87c7c301e2bbc42d:0x414da59318f69b0c!8m2!3d37.3684121!4d-94.710663!16s%2Fg%2F11qpw0lm84!19sChIJLcS74gHDx4cRDJv2GJOlTUE?authuser=0&hl=en&rclk=1",auto repair shop,Crawford County,county,KS,2026-07-28T05:20:14,0x87c7c301e2bbc42d:0x414da59318f69b0c
NAPA Auto Parts - Pittsburg Automotive Supply Inc,(620) 231-5850,https://www.napaonline.com/en/KS/Pittsburg/store/27552?cid=pl_jobber_google_dac_27552_ao,,"503 N Locust St, Pittsburg, KS 66762, United States",503 N Locust St,Pittsburg,KS,66762,4.2,65,Auto parts store,,,https://www.google.com/maps/place/NAPA+Auto+Parts+-+Pittsburg+Automotive+Supply+Inc/data=!4m7!3m6!1s0x87c7c2f38a91495f:0x7d9f1b682d0d7c24!8m2!3d37.412361!4d-94.703869!16s%2Fg%2F1tdb4tf6!19sChIJX0mRivPCx4cRJHwNLWgbn30?authuser=0&hl=en&rclk=1,auto repair shop,Crawford County,county,KS,2026-07-28T05:20:14,0x87c7c2f38a91495f:0x7d9f1b682d0d7c24
Nico's Autohaus,,,,"1210 E 4th St, Pittsburg, KS 66762, United States",1210 E 4th St,Pittsburg,KS,66762,5.0,2,Auto repair shop,,,https://www.google.com/maps/place/Nico%27s+Autohaus/data=!4m7!3m6!1s0x87c7c31c4c1affe7:0x786d457708216a4e!8m2!3d37.4107129!4d-94.6843169!16s%2Fg%2F11qmxjg79r!19sChIJ5_8aTBzDx4cRTmohCHdFbXg?authuser=0&hl=en&rclk=1,auto repair shop,Crawford County,county,KS,2026-07-28T05:20:14,0x87c7c31c4c1affe7:0x786d457708216a4e
O’Bryan Diesel Repair,,https://obryandieselrepair.com/,,"2501 N Broadway St, Pittsburg, KS 66762, United States",2501 N Broadway St,Pittsburg,KS,66762,1.0,1,Truck repair shop,,,https://www.google.com/maps/place/O%E2%80%99Bryan+Diesel+Repair/data=!4m7!3m6!1s0x87c7c3007f02496f:0x30eeffa32e144d5f!8m2!3d37.4308404!4d-94.7053639!16s%2Fg%2F11njgbgvg5!19sChIJb0kCfwDDx4cRX00ULqP_7jA?authuser=0&hl=en&rclk=1,auto repair shop,Crawford County,county,KS,2026-07-28T05:20:14,0x87c7c3007f02496f:0x30eeffa32e144d5f
Walmart Auto Care Center,(620) 232-8804,https://www.walmart.com/store/72-pittsburg-ks/auto-care-center/?veh=seo_loc,,"2710 N Broadway St, Pittsburg, KS 66762, United States",2710 N Broadway St,Pittsburg,KS,66762,3.4,63,Oil change service,,,https://www.google.com/maps/place/Walmart+Auto+Care+Center/data=!4m7!3m6!1s0x87c7c24229de5da9:0x2ab83fb833e1403f!8m2!3d37.434703!4d-94.7021053!16s%2Fg%2F1hc27mcs3!19sChIJqV3eKULCx4cRP0DhM7g_uCo?authuser=0&hl=en&rclk=1,auto repair shop,Crawford County,county,KS,2026-07-28T05:20:14,0x87c7c24229de5da9:0x2ab83fb833e1403f
Oilfield Engine Services Inc,(785) 434-2100,,,"900 N Jefferson St, Plainville, KS 67663, United States",900 N Jefferson St,Plainville,KS,67663,5.0,1,Auto repair shop,,,https://www.google.com/maps/place/Oilfield+Engine+Services+Inc/data=!4m7!3m6!1s0x87a18c8b61c24c9f:0x49c6f553165d3547!8m2!3d39.2435846!4d-99.2990688!16s%2Fg%2F1vxw8s9x!19sChIJn0zCYYuMoYcRRzVdFlP1xkk?authuser=0&hl=en&rclk=1,auto repair shop,Rooks County,county,KS,2026-07-28T11:43:26,0x87a18c8b61c24c9f:0x49c6f553165d3547
Chevrolet Service,,https://www.dougrehchevrolet.com/,,"1501 E 1st St, Pratt, KS 67124, United States",1501 E 1st St,Pratt,KS,67124,,,Auto repair shop,,,https://www.google.com/maps/place/Chevrolet+Service/data=!4m7!3m6!1s0x87a5b330aaa6416f:0x4942d74056a1ef24!8m2!3d37.645002!4d-98.7207012!16s%2Fg%2F11g9ntbtgj!19sChIJb0GmqjCzpYcRJO-hVkDXQkk?authuser=0&hl=en&rclk=1,auto repair shop,Pratt County,county,KS,2026-07-28T10:57:01,0x87a5b330aaa6416f:0x4942d74056a1ef24
Morgan Diesel Inc,(620) 672-1007,http://www.morgandiesel.com/,,"30339 US-281, Pratt, KS 67124, United States",30339 US-281,Pratt,KS,67124,4.2,40,Truck repair shop,,,https://www.google.com/maps/place/Morgan+Diesel+Inc/data=!4m7!3m6!1s0x87a44c87bb1af9e9:0xfc76fba1741d6b6e!8m2!3d37.699164!4d-98.7393985!16s%2Fg%2F1tjs5fsc!19sChIJ6fkau4dMpIcRbmsddKH7dvw?authuser=0&hl=en&rclk=1,auto repair shop,Pratt County,county,KS,2026-07-28T10:57:01,0x87a44c87bb1af9e9:0xfc76fba1741d6b6e
Pratt Auto & Equipment Inc,(620) 672-7426,https://locations.bumpertobumper.com/ks/pratt/2670310/,,"1115 E 1st St, Pratt, KS 67124, United States",1115 E 1st St,Pratt,KS,67124,4.9,17,Auto parts store,,,https://www.google.com/maps/place/Pratt+Auto+%26+Equipment+Inc/data=!4m7!3m6!1s0x87a5b3481e15df81:0x4f1fdadb923fcf52!8m2!3d37.6456613!4d-98.7260618!16s%2Fg%2F1td3r_m8!19sChIJgd8VHkizpYcRUs8_ktvaH08?authuser=0&hl=en&rclk=1,auto repair shop,Pratt County,county,KS,2026-07-28T10:57:01,0x87a5b3481e15df81:0x4f1fdadb923fcf52
Southwest Truck Parts Inc,(620) 672-5686,http://swtp.com/,,"1630 E 1st St, Pratt, KS 67124, United States",1630 E 1st St,Pratt,KS,67124,4.3,138,Truck repair shop,,,https://www.google.com/maps/place/Southwest+Truck+Parts+Inc/data=!4m7!3m6!1s0x87a5b3307e7997ed:0xa0f8facbe5b02481!8m2!3d37.6462992!4d-98.718284!16s%2Fg%2F1thtdn00!19sChIJ7Zd5fjCzpYcRgSSw5cv6-KA?authuser=0&hl=en&rclk=1,auto repair shop,Pratt County,county,KS,2026-07-28T10:57:01,0x87a5b3307e7997ed:0xa0f8facbe5b02481
Walmart Auto Care Center,(620) 672-3820,https://www.walmart.com/store/419-pratt-ks/auto-care-center/?veh=seo_loc,,"2003 E 1st St, Pratt, KS 67124, United States",2003 E 1st St,Pratt,KS,67124,3.8,36,Oil change service,,,https://www.google.com/maps/place/Walmart+Auto+Care+Center/data=!4m7!3m6!1s0x87a5b3257c6f7151:0x51c06fce3def6f19!8m2!3d37.643907!4d-98.713535!16s%2Fg%2F11x9wrv8t!19sChIJUXFvfCWzpYcRGW_vPc5vwFE?authuser=0&hl=en&rclk=1,auto repair shop,Pratt County,county,KS,2026-07-28T10:57:01,0x87a5b3257c6f7151:0x51c06fce3def6f19
"Lowe Autobody, Inc",(913) 471-4566,https://www.facebook.com/LoweAutobodyInc/,,"21317 E 400th Rd, Prescott, KS 66767, United States",21317 E 400th Rd,Prescott,KS,66767,4.5,19,Auto body shop,,,"https://www.google.com/maps/place/Lowe+Autobody,+Inc/data=!4m7!3m6!1s0x87c712c20f15bd6d:0x1eacdc0feef4a53c!8m2!3d38.0773693!4d-94.7111634!16s%2Fg%2F1tgnxrc_!19sChIJbb0VD8ISx4cRPKX07g_crB4?authuser=0&hl=en&rclk=1",auto repair shop,Bourbon County,county,KS,2026-07-28T04:05:43,0x87c712c20f15bd6d:0x1eacdc0feef4a53c
Greg'S Electric Motor Service,,,,"408 Vermont Ave, Ransom, KS 67572, United States",408 Vermont Ave,Ransom,KS,67572,,,Auto repair shop,,,https://www.google.com/maps/place/Greg%27S+Electric+Motor+Service/data=!4m7!3m6!1s0x87a0e1913e0c59cd:0x6ab5c79ff74cc341!8m2!3d38.6340817!4d-99.9314607!16s%2Fg%2F11wtw58k36!19sChIJzVkMPpHhoIcRQcNM95_HtWo?authuser=0&hl=en&rclk=1,auto repair shop,Gove County,county,KS,2026-07-28T06:30:08,0x87a0e1913e0c59cd:0x6ab5c79ff74cc341
Total Auto repair,,,,"33992 NW Jewel Rd, Richmond, KS 66080, United States",33992 NW Jewel Rd,Richmond,KS,66080,3.0,2,Auto repair shop,,,https://www.google.com/maps/place/Total+Auto+repair/data=!4m7!3m6!1s0x87b8b727b69460a9:0x3a8b47b5a387570!8m2!3d38.38986!4d-95.3406376!16s%2Fg%2F11vbxqrhcw!19sChIJqWCUtie3uIcRcHU4Wnu0qAM?authuser=0&hl=en&rclk=1,auto repair shop,Anderson County,county,KS,2026-07-28T03:31:45,0x87b8b727b69460a9:0x3a8b47b5a387570
"Auto Body Connection, Inc",(316) 776-0222,https://autobodyconnection.biz/,,"325 N Poston St, Rose Hill, KS 67133, United States",325 N Poston St,Rose Hill,KS,67133,4.9,80,Auto repair shop,,,"https://www.google.com/maps/place/Auto+Body+Connection,+Inc/data=!4m7!3m6!1s0x87baf7a5895da3e7:0x797f6622e4cfcf42!8m2!3d37.5619697!4d-97.1285781!16s%2Fg%2F1tf5qrnd!19sChIJ56NdiaX3uocRQs_P5CJmf3k?authuser=0&hl=en&rclk=1",auto repair shop,Pawnee County,county,KS,2026-07-28T10:36:16,0x87baf7a5895da3e7:0x797f6622e4cfcf42
Aberle Ford Inc Service,(888) 858-5330,https://www.aberleford.com/,,"1025 Main St, Sabetha, KS 66534, United States",1025 Main St,Sabetha,KS,66534,4.0,2,Auto repair shop,,,https://www.google.com/maps/place/Aberle+Ford+Inc+Service/data=!4m7!3m6!1s0x87958190827c473b:0xa3c5fec621e3bc73!8m2!3d39.9031831!4d-95.803373!16s%2Fg%2F11j20tr4w7!19sChIJO0d8gpCBlYcRc7zjIcb-xaM?authuser=0&hl=en&rclk=1,auto repair shop,Nemaha County,county,KS,2026-07-28T09:32:10,0x87958190827c473b:0xa3c5fec621e3bc73
Main Street Auto Supply Inc,(785) 284-2942,,,"810 Main St, Sabetha, KS 66534, United States",810 Main St,Sabetha,KS,66534,4.7,26,Auto parts store,,,https://www.google.com/maps/place/Main+Street+Auto+Supply+Inc/data=!4m7!3m6!1s0x8795814426c0c1dd:0x5a9235f720a0cd99!8m2!3d39.9035161!4d-95.8005075!16s%2Fg%2F1tf822vx!19sChIJ3cHAJkSBlYcRmc2gIPc1klo?authuser=0&hl=en&rclk=1,auto repair shop,Nemaha County,county,KS,2026-07-28T09:32:10,0x8795814426c0c1dd:0x5a9235f720a0cd99
AAMCO Transmissions & Total Car Care,(785) 376-0057,https://aamcowichita.com/aamco-salina?utm_source=G&utm_medium=local&utm_campaign=google-local,,"662 S Broadway Blvd, Salina, KS 67401, United States",662 S Broadway Blvd,Salina,KS,67401,4.5,218,Transmission shop,,,https://www.google.com/maps/place/AAMCO+Transmissions+%26+Total+Car+Care/data=!4m7!3m6!1s0x87bcc9e64ef58e19:0xcde9ebb0be8a0bb8!8m2!3d38.8282582!4d-97.6256764!16s%2Fg%2F11gmgh08s6!19sChIJGY71TubJvIcRuAuKvrDr6c0?authuser=0&hl=en&rclk=1,auto repair shop,Mitchell County,county,KS,2026-07-28T08:39:59,0x87bcc9e64ef58e19:0xcde9ebb0be8a0bb8
"Advanced Engine Machine, Inc.",(785) 825-6684,http://advancedracingengines.com/,,"1206 N 9th St, Salina, KS 67401, United States",1206 N 9th St,Salina,KS,67401,4.8,52,Racing car parts store,,,"https://www.google.com/maps/place/Advanced+Engine+Machine,+Inc./data=!4m7!3m6!1s0x87bccf7e177d6609:0xfb34e4fa199ab932!8m2!3d38.8607286!4d-97.6122919!16s%2Fg%2F1tq8k1xk!19sChIJCWZ9F37PvIcRMrmaGfrkNPs?authuser=0&hl=en&rclk=1",auto repair shop,Saline County,county,KS,2026-07-28T12:04:33,0x87bccf7e177d6609:0xfb34e4fa199ab932
Clare Generator Inc.,(785) 827-3321,,,"801 N Tenth St, Salina, KS 67401, United States",801 N Tenth St,Salina,KS,67401,4.5,52,Auto electrical service,,,https://www.google.com/maps/place/Clare+Generator+Inc./data=!4m7!3m6!1s0x87bccf7d28887435:0x43863d5a9863dee0!8m2!3d38.854816!4d-97.613957!16s%2Fg%2F1tkkvd31!19sChIJNXSIKH3PvIcR4N5jmFo9hkM?authuser=0&hl=en&rclk=1,auto repair shop,Saline County,county,KS,2026-07-28T12:04:33,0x87bccf7d28887435:0x43863d5a9863dee0
"Classics Auto Body, Inc.",(785) 823-8629,,,"2259 S Centennial Rd, Salina, KS 67401, United States",2259 S Centennial Rd,Salina,KS,67401,5.0,6,Auto body shop,,,"https://www.google.com/maps/place/Classics+Auto+Body,+Inc./data=!4m7!3m6!1s0x87bcc8bff8f168eb:0x924eeb18738d0f54!8m2!3d38.8013589!4d-97.6339181!16s%2Fg%2F1vg_dckr!19sChIJ62jx-L_IvIcRVA-NcxjrTpI?authuser=0&hl=en&rclk=1",auto repair shop,Saline County,county,KS,2026-07-28T12:04:33,0x87bcc8bff8f168eb:0x924eeb18738d0f54
"Commercial Tire Centers, Inc.",(785) 404-1821,https://www.commercialtirecenters.com/,,"2324 N 9th St, Salina, KS 67401, United States",2324 N 9th St,Salina,KS,67401,4.8,263,Auto repair shop,,,"https://www.google.com/maps/place/Commercial+Tire+Centers,+Inc./data=!4m7!3m6!1s0x87bcc561faf8b33b:0x149d685dd5309745!8m2!3d38.8807383!4d-97.6117397!16s%2Fg%2F1260rvrpy!19sChIJO7P4-mHFvIcRRZcw1V1onRQ?authuser=0&hl=en&rclk=1",auto repair shop,Ottawa County,county,KS,2026-07-28T10:26:39,0x87bcc561faf8b33b:0x149d685dd5309745
"Commercial Tire Centers, Inc.",(785) 823-2517,https://www.commercialtirecenters.com/,,"2144 W Crawford St, Salina, KS 67401, United States",2144 W Crawford St,Salina,KS,67401,4.8,240,Tire shop,,,"https://www.google.com/maps/place/Commercial+Tire+Centers,+Inc./data=!4m7!3m6!1s0x87bccf2e2e2effad:0x51fd7d4a072686dd!8m2!3d38.8277983!4d-97.644596!16s%2Fg%2F1ydpvcp_1!19sChIJrf8uLi7PvIcR3YYmB0p9_VE?authuser=0&hl=en&rclk=1",auto repair shop,Saline County,county,KS,2026-07-28T12:04:33,0x87bccf2e2e2effad:0x51fd7d4a072686dd
Elm Street Speed Shop,,,,"1123 W Elm St, Salina, KS 67401, United States",1123 W Elm St,Salina,KS,67401,,,Auto repair shop,,,https://www.google.com/maps/place/Elm+Street+Speed+Shop/data=!4m7!3m6!1s0x87bccf001fc97705:0xf444d649becee263!8m2!3d38.8450419!4d-97.6226638!16s%2Fg%2F11x80k0tyy!19sChIJBXfJHwDPvIcRY-LOvknWRPQ?authuser=0&hl=en&rclk=1,auto repair shop,Saline County,county,KS,2026-07-28T12:04:33,0x87bccf001fc97705:0xf444d649becee263
Lagroon Auto Service Inc.,(785) 833-2122,,,"1204 N 9th St, Salina, KS 67401, United States",1204 N 9th St,Salina,KS,67401,4.8,63,Auto repair shop,,,https://www.google.com/maps/place/Lagroon+Auto+Service+Inc./data=!4m7!3m6!1s0x87bccf7e16aa94c3:0xdc40826480ffe070!8m2!3d38.8605457!4d-97.612136!16s%2Fg%2F1pv0g67z7!19sChIJw5SqFn7PvIcRcOD_gGSCQNw?authuser=0&hl=en&rclk=1,auto repair shop,Ottawa County,county,KS,2026-07-28T10:26:39,0x87bccf7e16aa94c3:0xdc40826480ffe070
R&A Auto Electric Inc,(785) 827-0772,,,"732 N Broadway Blvd, Salina, KS 67401, United States",732 N Broadway Blvd,Salina,KS,67401,4.7,36,Auto repair shop,,,https://www.google.com/maps/place/R%26A+Auto+Electric+Inc/data=!4m7!3m6!1s0x87bcc589e7294f21:0xff0e7f2d30eda6a8!8m2!3d38.8532241!4d-97.616272!16s%2Fg%2F1tc_00tr!19sChIJIU8p54nFvIcRqKbtMC1_Dv8?authuser=0&hl=en&rclk=1,auto repair shop,Ottawa County,county,KS,2026-07-28T10:26:39,0x87bcc589e7294f21:0xff0e7f2d30eda6a8
Salina Wrecker Service Inc,(785) 827-8316,https://www.facebook.com/SalinaWreckerINC/,,"850 E North St, Salina, KS 67401, United States",850 E North St,Salina,KS,67401,4.9,328,Towing service,,,https://www.google.com/maps/place/Salina+Wrecker+Service+Inc/data=!4m7!3m6!1s0x87bcc59247cfb833:0xbc04c41cb4954ce0!8m2!3d38.8486214!4d-97.5985272!16s%2Fg%2F1td5gn3_!19sChIJM7jPR5LFvIcR4EyVtBzEBLw?authuser=0&hl=en&rclk=1,auto repair shop,Saline County,county,KS,2026-07-28T12:04:33,0x87bcc59247cfb833:0xbc04c41cb4954ce0
"Sankey Auto Center, Inc.",(785) 827-0000,https://www.sankeycars.com/,,"801 E Crawford St, Salina, KS 67401, United States",801 E Crawford St,Salina,KS,67401,4.5,77,Used car dealer,,,"https://www.google.com/maps/place/Sankey+Auto+Center,+Inc./data=!4m7!3m6!1s0x87bcc5e307720745:0xa3d9f79770ea13c!8m2!3d38.8273557!4d-97.5980436!16s%2Fg%2F1trsyjfl!19sChIJRQdyB-PFvIcRPKEOd3mfPQo?authuser=0&hl=en&rclk=1",auto repair shop,Saline County,county,KS,2026-07-28T12:04:33,0x87bcc5e307720745:0xa3d9f79770ea13c
Sharps Auto Repair,,,,"3565 E Country Club Rd, Salina, KS 67401, United States",3565 E Country Club Rd,Salina,KS,67401,5.0,1,Auto repair shop,,,https://www.google.com/maps/place/Sharps+Auto+Repair/data=!4m7!3m6!1s0x87bcc50075136fa3:0x7a054b5c8c2dec54!8m2!3d38.8422255!4d-97.5446119!16s%2Fg%2F11z5n_bwb9!19sChIJo28TdQDFvIcRVOwtjFxLBXo?authuser=0&hl=en&rclk=1,auto repair shop,Ottawa County,county,KS,2026-07-28T10:26:39,0x87bcc50075136fa3:0x7a054b5c8c2dec54
Walmart Auto Care Center,(785) 825-6130,https://www.walmart.com/store/558-salina-ks/auto-care-center/?veh=seo_loc,,"2900 S 9th St, Salina, KS 67401, United States",2900 S 9th St,Salina,KS,67401,3.3,187,Oil change service,,,https://www.google.com/maps/place/Walmart+Auto+Care+Center/data=!4m7!3m6!1s0x87bcc88172f11677:0x1272db749bce96ea!8m2!3d38.7846297!4d-97.6152075!16s%2Fg%2F1thks6g5!19sChIJdxbxcoHIvIcR6pbOm3TbchI?authuser=0&hl=en&rclk=1,auto repair shop,Saline County,county,KS,2026-07-28T12:04:33,0x87bcc88172f11677:0x1272db749bce96ea
BK Auto Inc.,(620) 872-3722,http://bkautoinc.com/,,"1301 US-83, Scott City, KS 67871, United States",1301 US-83,Scott City,KS,67871,4.5,20,Car dealer,,,https://www.google.com/maps/place/BK+Auto+Inc./data=!4m7!3m6!1s0x870a6b6981c38e61:0xb2581e85f02b0187!8m2!3d38.4634666!4d-100.9076766!16s%2Fg%2F1tfhgw4p!19sChIJYY7DgWlrCocRhwEr8IUeWLI?authuser=0&hl=en&rclk=1,auto repair shop,Scott County,county,KS,2026-07-28T12:13:00,0x870a6b6981c38e61:0xb2581e85f02b0187
NAPA Auto Parts - Scott City Automotive LLC,(620) 872-7278,https://www.napaonline.com/en/KS/Scott-City/store/23809?cid=pl_jobber_google_dac_23809_ao,,"520 Main St, Scott City, KS 67871, United States",520 Main St,Scott City,KS,67871,4.7,44,Auto parts store,,,https://www.google.com/maps/place/NAPA+Auto+Parts+-+Scott+City+Automotive+LLC/data=!4m7!3m6!1s0x870a6b4c0932987f:0x604f7d569d32e87!8m2!3d38.481711!4d-100.906501!16s%2Fg%2F1tjv3zhw!19sChIJf5gyCUxrCocRhy7TadX3BAY?authuser=0&hl=en&rclk=1,auto repair shop,Scott County,county,KS,2026-07-28T12:13:00,0x870a6b4c0932987f:0x604f7d569d32e87
Safemark Inc.,(620) 872-5747,http://safemark-inc.gaaq.net/,,"909 W 5th St, Scott City, KS 67871, United States",909 W 5th St,Scott City,KS,67871,3.9,8,Auto body shop,,,https://www.google.com/maps/place/Safemark+Inc./data=!4m7!3m6!1s0x870a6b36aeb1283d:0xcc0d5f467719df73!8m2!3d38.4820003!4d-100.9195718!16s%2Fg%2F1hbpws129!19sChIJPSixrjZrCocRc98Zd0ZfDcw?authuser=0&hl=en&rclk=1,auto repair shop,Scott County,county,KS,2026-07-28T12:13:00,0x870a6b36aeb1283d:0xcc0d5f467719df73
"Hammes Repair, Inc.",(785) 334-3400,,,"1009 160th Rd, Seneca, KS 66538, United States",1009 160th Rd,Seneca,KS,66538,5.0,15,Diesel engine repair service,,,"https://www.google.com/maps/place/Hammes+Repair,+Inc./data=!4m7!3m6!1s0x87958ad2e09793b5:0x5e43c94567ec39c7!8m2!3d39.8553201!4d-96.0682227!16s%2Fg%2F11f3469fyd!19sChIJtZOX4NKKlYcRxznsZ0XJQ14?authuser=0&hl=en&rclk=1",auto repair shop,Nemaha County,county,KS,2026-07-28T09:32:10,0x87958ad2e09793b5:0x5e43c94567ec39c7
"Honeyman Ford, Inc. Service",(785) 336-2171,https://www.honeymanford.com/,,"208 North St, Seneca, KS 66538, United States",208 North St,Seneca,KS,66538,5.0,22,Auto repair shop,,,"https://www.google.com/maps/place/Honeyman+Ford,+Inc.+Service/data=!4m7!3m6!1s0x87958b87e0ceed33:0x9c07fab3cd184be2!8m2!3d39.8410124!4d-96.0593569!16s%2Fg%2F11r0vr6xz0!19sChIJM-3O4IeLlYcR4ksYzbP6B5w?authuser=0&hl=en&rclk=1",auto repair shop,Nemaha County,county,KS,2026-07-28T09:32:10,0x87958b87e0ceed33:0x9c07fab3cd184be2
"Mr. Tire Service Center - Ag Partners Cooperative, Inc. Seneca, Kansas",(785) 336-2159,https://www.agpartnerscoop.com/,contact@agpartnerscoop.com,"110 S 1st, Seneca, KS 66538, United States",110 S 1st,Seneca,KS,66538,4.6,51,Tire shop,,,"https://www.google.com/maps/place/Mr.+Tire+Service+Center+-+Ag+Partners+Cooperative,+Inc.+Seneca,+Kansas/data=!4m7!3m6!1s0x87958ab0107481fb:0x2c6e495f14680932!8m2!3d39.8335352!4d-96.0561351!16s%2Fg%2F1tmz7fj3!19sChIJ-4F0ELCKlYcRMgloFF9Jbiw?authuser=0&hl=en&rclk=1",auto repair shop,Nemaha County,county,KS,2026-07-28T09:32:10,0x87958ab0107481fb:0x2c6e495f14680932
Nemaha Valley Motors Inc,(785) 336-3481,https://www.nemahavalleymotors.com/,,"703 North St, Seneca, KS 66538, United States",703 North St,Seneca,KS,66538,4.4,56,Car dealer,,,https://www.google.com/maps/place/Nemaha+Valley+Motors+Inc/data=!4m7!3m6!1s0x87958ab506e750d3:0x27d4b0f6a7657ebb!8m2!3d39.8416105!4d-96.0663061!16s%2Fg%2F1tjv3__h!19sChIJ01DnBrWKlYcRu35lp_aw1Cc?authuser=0&hl=en&rclk=1,auto repair shop,Nemaha County,county,KS,2026-07-28T09:32:10,0x87958ab506e750d3:0x27d4b0f6a7657ebb
Thunder Automotive Inc,(785) 336-2420,,,"903 North St, Seneca, KS 66538, United States",903 North St,Seneca,KS,66538,,,Used car dealer,,,https://www.google.com/maps/place/Thunder+Automotive+Inc/data=!4m7!3m6!1s0x8795f525e0c8f663:0x9253eca52ca3e399!8m2!3d39.8416907!4d-96.0686714!16s%2Fg%2F11ywf_9f8x!19sChIJY_bI4CX1lYcRmeOjLKXsU5I?authuser=0&hl=en&rclk=1,auto repair shop,Nemaha County,county,KS,2026-07-28T09:32:10,0x8795f525e0c8f663:0x9253eca52ca3e399
Flint Hills Customs Inc.,(913) 609-5110,https://flinthillscustoms.com/,,"198 Q Rd, Severy, KS 67137, United States",198 Q Rd,Severy,KS,67137,4.3,3,Auto body shop,,,https://www.google.com/maps/place/Flint+Hills+Customs+Inc./data=!4m7!3m6!1s0x87b98f1b7962a70d:0xc230c8f3e51840ad!8m2!3d37.6353656!4d-96.2708944!16s%2Fg%2F11h6m8h3rk!19sChIJDadieRuPuYcRrUAY5fPIMMI?authuser=0&hl=en&rclk=1,auto repair shop,Elk County,county,KS,2026-07-28T06:00:02,0x87b98f1b7962a70d:0xc230c8f3e51840ad
Murphy Autoworks,,,,"US-40, Sharon Springs, KS 67758, United States",US-40,Sharon Springs,KS,67758,5.0,6,Auto body shop,,,https://www.google.com/maps/place/Murphy+Autoworks/data=!4m7!3m6!1s0x870b6df462151421:0xe3a44b3a96876970!8m2!3d38.9015208!4d-101.744033!16s%2Fg%2F1td6gyk7!19sChIJIRQVYvRtC4cRcGmHljpLpOM?authuser=0&hl=en&rclk=1,auto repair shop,Sherman County,county,KS,2026-07-28T13:08:34,0x870b6df462151421:0xe3a44b3a96876970
NAPA Auto Parts - Cole's Auto Supply,(785) 686-2886,https://www.napaonline.com/en/KS/Smith-Center/store/39799?cid=pl_jobber_google_dac_39799_ao,,"720 N Main St, Smith Center, KS 66967, United States",720 N Main St,Smith Center,KS,66967,4.8,52,Auto parts store,,,https://www.google.com/maps/place/NAPA+Auto+Parts+-+Cole%27s+Auto+Supply/data=!4m7!3m6!1s0x879899b176f374b9:0x23d922b0288c8093!8m2!3d39.784605!4d-98.785425!16s%2Fg%2F1tdx962m!19sChIJuXTzdrGZmIcRk4CMKLAi2SM?authuser=0&hl=en&rclk=1,auto repair shop,Smith County,county,KS,2026-07-28T13:09:34,0x879899b176f374b9:0x23d922b0288c8093
"McKenzie Paint & Body, Inc.",(620) 662-3721,http://mckenziepaintbody.com/,,"45 Kansas Ave, South Hutchinson, KS 67505, United States",45 Kansas Ave,South Hutchinson,KS,67505,4.8,62,Auto body shop,,,"https://www.google.com/maps/place/McKenzie+Paint+%26+Body,+Inc./data=!4m7!3m6!1s0x87a4c83d1d24b5b9:0xf910ebd839b3d633!8m2!3d38.036349!4d-97.93531!16s%2Fg%2F1wg5yhv4!19sChIJubUkHT3IpIcRM9azOdjrEPk?authuser=0&hl=en&rclk=1",auto repair shop,Reno County,county,KS,2026-07-28T11:19:53,0x87a4c83d1d24b5b9:0xf910ebd839b3d633
"Red Rock Auto Center, Inc.",(620) 663-9822,http://redrockautocenter.com/,redrock200@gmail.com,"200 N Main St, South Hutchinson, KS 67505, United States",200 N Main St,South Hutchinson,KS,67505,4.8,372,Auto repair shop,,,"https://www.google.com/maps/place/Red+Rock+Auto+Center,+Inc./data=!4m7!3m6!1s0x87a4b7dbf0250bdf:0x2f4ac910950f46c6!8m2!3d38.0306797!4d-97.9400056!16s%2Fg%2F1hc0y5nb1!19sChIJ3wsl8Nu3pIcRxkYPlRDJSi8?authuser=0&hl=en&rclk=1",auto repair shop,Mitchell County,county,KS,2026-07-28T08:39:59,0x87a4b7dbf0250bdf:0x2f4ac910950f46c6
"J & A Service, Inc.",(620) 385-2625,,,"406 N Main St, Spearville, KS 67876, United States",406 N Main St,Spearville,KS,67876,4.7,7,Auto repair shop,,,"https://www.google.com/maps/place/J+%26+A+Service,+Inc./data=!4m7!3m6!1s0x87a6e642ca309db7:0xc9b7239ac856e82b!8m2!3d37.8502002!4d-99.7566919!16s%2Fg%2F11ckv58hxk!19sChIJt50wykLmpocRK-hWyJojt8k?authuser=0&hl=en&rclk=1",auto repair shop,Mitchell County,county,KS,2026-07-28T08:39:59,0x87a6e642ca309db7:0xc9b7239ac856e82b
Andrist AG & Auto INC,(785) 332-5413,https://stfranciskansas.com/directory/andrist-ag-auto-inc/,,"1556 Co Rd 15, St Francis, KS 67756, United States",1556 Co Rd 15,St Francis,KS,67756,,,Auto repair shop,,,https://www.google.com/maps/place/Andrist+AG+%26+Auto+INC/data=!4m7!3m6!1s0x8774950034b1d579:0xf49c5371df517e29!8m2!3d39.7812832!4d-101.7921755!16s%2Fg%2F11nbh7dh4g!19sChIJedWxNACVdIcRKX5R33FTnPQ?authuser=0&hl=en&rclk=1,auto repair shop,Cheyenne County,county,KS,2026-07-28T04:43:29,0x8774950034b1d579:0xf49c5371df517e29
Avenue Auto Sales & Services Inc,(816) 232-2710,,,"4202 St Joseph Ave, St Joseph, MO 64505, United States",4202 St Joseph Ave,St Joseph,MO,64505,4.7,150,Auto repair shop,,,https://www.google.com/maps/place/Avenue+Auto+Sales+%26+Services+Inc/data=!4m7!3m6!1s0x87c01c79f5a3f14b:0xdb7cf158a3d54533!8m2!3d39.803288!4d-94.8428371!16s%2Fg%2F1tpbchkk!19sChIJS_Gj9XkcwIcRM0XVo1jxfNs?authuser=0&hl=en&rclk=1,auto repair shop,Doniphan County,county,KS,2026-07-28T05:41:17,0x87c01c79f5a3f14b:0xdb7cf158a3d54533
B J's Auto Collision & Restoration INC.,(816) 279-2886,http://www.bjsautocollision.com/,,"20261 US-169, St Joseph, MO 64505, United States",20261 US-169,St Joseph,MO,64505,4.5,81,Auto repair shop,,,https://www.google.com/maps/place/B+J%27s+Auto+Collision+%26+Restoration+INC./data=!4m7!3m6!1s0x87c01e5d720e3e81:0x6152ace3723a52e7!8m2!3d39.83246!4d-94.7957142!16s%2Fg%2F1tjfhc8k!19sChIJgT4Ocl0ewIcR51I6cuOsUmE?authuser=0&hl=en&rclk=1,auto repair shop,Doniphan County,county,KS,2026-07-28T05:41:17,0x87c01e5d720e3e81:0x6152ace3723a52e7
Cornett Automotive Inc.,(816) 233-4094,https://cornettautomotive.com/,,"1225 N Fourth St, St Joseph, MO 64501, United States",1225 N Fourth St,St Joseph,MO,64501,4.3,100,Auto repair shop,,,https://www.google.com/maps/place/Cornett+Automotive+Inc./data=!4m7!3m6!1s0x87c01b0b17b81021:0xec710ffcfdee6f4e!8m2!3d39.7759821!4d-94.8551916!16s%2Fg%2F1tdy4_4c!19sChIJIRC4FwsbwIcRTm_u_fwPcew?authuser=0&hl=en&rclk=1,auto repair shop,Doniphan County,county,KS,2026-07-28T05:41:17,0x87c01b0b17b81021:0xec710ffcfdee6f4e
Dave's Diesel Service Inc,(816) 232-4542,https://www.davesdieselservice.com/,,"4702 SE U.S. Hwy 169, St Joseph, MO 64507, United States",4702 SE U.S. Hwy 169,St Joseph,MO,64507,4.6,84,Diesel engine repair service,,,https://www.google.com/maps/place/Dave%27s+Diesel+Service+Inc/data=!4m7!3m6!1s0x87c019d98cdcfab7:0x77b646869d2dd0c5!8m2!3d39.7230524!4d-94.7829262!16s%2Fg%2F1td00_qz!19sChIJt_rcjNkZwIcRxdAtnYZGtnc?authuser=0&hl=en&rclk=1,auto repair shop,Doniphan County,county,KS,2026-07-28T05:41:17,0x87c019d98cdcfab7:0x77b646869d2dd0c5
Firestone Complete Auto Care,(816) 396-8634,https://www.firestonecompleteautocare.com/missouri/saint-joseph/3805-frederick-ave/?utm_source=google&utm_medium=organic&utm_campaign=localmaps&cmp=oloc_google_localmaps_maps,,"3805 Frederick Ave, St Joseph, MO 64506, United States",3805 Frederick Ave,St Joseph,MO,64506,4.0,461,Tire shop,,,https://www.google.com/maps/place/Firestone+Complete+Auto+Care/data=!4m7!3m6!1s0x87c019687e5e6d87:0xd1d480e7f95b7645!8m2!3d39.7771326!4d-94.8005064!16s%2Fg%2F1trxks_7!19sChIJh21efmgZwIcRRXZb-eeA1NE?authuser=0&hl=en&rclk=1,auto repair shop,Doniphan County,county,KS,2026-07-28T05:41:17,0x87c019687e5e6d87:0xd1d480e7f95b7645
H & R Tire & Auto Inc,(816) 233-8000,https://www.stjoetire.com/,,"425 S 7th St, St Joseph, MO 64501, United States",425 S 7th St,St Joseph,MO,64501,4.8,52,Tire shop,,,https://www.google.com/maps/place/H+%26+R+Tire+%26+Auto+Inc/data=!4m7!3m6!1s0x87c01ba9deba5269:0x5d4451a3b6862330!8m2!3d39.7635409!4d-94.8515479!16s%2Fg%2F1thvt6kx!19sChIJaVK63qkbwIcRMCOGtqNRRF0?authuser=0&hl=en&rclk=1,auto repair shop,Doniphan County,county,KS,2026-07-28T05:41:17,0x87c01ba9deba5269:0x5d4451a3b6862330
"Chaneys Auto Repair, Inc.",(785) 437-2457,,,"610 W Bertrand Ave, St Marys, KS 66536, United States",610 W Bertrand Ave,St Marys,KS,66536,5.0,4,Auto repair shop,,,"https://www.google.com/maps/place/Chaneys+Auto+Repair,+Inc./data=!4m7!3m6!1s0x87be6079dea134a9:0x5be5ffc553212444!8m2!3d39.194132!4d-96.071618!16s%2Fg%2F1tf823cd!19sChIJqTSh3nlgvocRRCQhU8X_5Vs?authuser=0&hl=en&rclk=1",auto repair shop,Pottawatomie County,county,KS,2026-07-28T10:53:29,0x87be6079dea134a9:0x5be5ffc553212444
L & L Automotive Inc,(785) 437-3724,,,"410 W Bertrand Ave, St Marys, KS 66536, United States",410 W Bertrand Ave,St Marys,KS,66536,4.6,5,Auto repair shop,,,https://www.google.com/maps/place/L+%26+L+Automotive+Inc/data=!4m7!3m6!1s0x87be6077ed044529:0x7fe8a66f6376da9f!8m2!3d39.193153!4d-96.069106!16s%2Fg%2F1vv2srps!19sChIJKUUE7XdgvocRn9p2Y2-m6H8?authuser=0&hl=en&rclk=1,auto repair shop,Pottawatomie County,county,KS,2026-07-28T10:53:30,0x87be6077ed044529:0x7fe8a66f6376da9f
Bennetts Diesel Service,,,,"17700 230th Rd, Stark, KS 66775, United States",17700 230th Rd,Stark,KS,66775,5.0,1,Auto repair shop,,,https://www.google.com/maps/place/Bennetts+Diesel+Service/data=!4m7!3m6!1s0x87b87ab1c3d62233:0x881ee476dd0572e7!8m2!3d37.7051038!4d-95.2199536!16s%2Fg%2F11h3vc7w2n!19sChIJMyLWw7F6uIcR53IF3XbkHog?authuser=0&hl=en&rclk=1,auto repair shop,Neosho County,county,KS,2026-07-28T09:44:36,0x87b87ab1c3d62233:0x881ee476dd0572e7
Westhusing's Inc,(785) 425-6746,https://westhusings.com/,,"1016 S Cedar St, Stockton, KS 67669, United States",1016 S Cedar St,Stockton,KS,67669,5.0,2,Auto repair shop,,,https://www.google.com/maps/place/Westhusing%27s+Inc/data=!4m7!3m6!1s0x87a1f74a701cdf25:0xfb7b61dca769129!8m2!3d39.4264269!4d-99.2749909!16s%2Fg%2F1tknkyz5!19sChIJJd8ccEr3oYcRKZF2yh22tw8?authuser=0&hl=en&rclk=1,auto repair shop,Rooks County,county,KS,2026-07-28T11:43:26,0x87a1f74a701cdf25:0xfb7b61dca769129
"NAPA Auto Parts - SATC, LLC",(620) 675-2216,https://www.napaonline.com/en/KS/Sublette/store/25026?cid=pl_jobber_google_dac_25026_ao,,"1006 W La Lande Ave, Sublette, KS 67877, United States",1006 W La Lande Ave,Sublette,KS,67877,4.6,21,Auto parts store,,,"https://www.google.com/maps/place/NAPA+Auto+Parts+-+SATC,+LLC/data=!4m7!3m6!1s0x8709cd2a609a5f7f:0xd6b1d2f63ffd63e5!8m2!3d37.4764849!4d-100.8646467!16s%2Fg%2F1tgs1czt!19sChIJf1-aYCrNCYcR5WP9P_bSsdY?authuser=0&hl=en&rclk=1",auto repair shop,Haskell County,county,KS,2026-07-28T07:02:46,0x8709cd2a609a5f7f:0xd6b1d2f63ffd63e5
"NAPA Auto Parts - Catlett Automotive, Inc",(620) 384-6272,https://www.napaonline.com/en/KS/Syracuse/store/40300?cid=pl_jobber_google_dac_40300_ao,,"11 Gates St, Syracuse, KS 67878, United States",11 Gates St,Syracuse,KS,67878,4.4,34,Auto parts store,,,"https://www.google.com/maps/place/NAPA+Auto+Parts+-+Catlett+Automotive,+Inc/data=!4m7!3m6!1s0x87095e7fea547aef:0xd089c96ce85c880d!8m2!3d37.980007!4d-101.751095!16s%2Fg%2F11g6p1kky2!19sChIJ73pU6n9eCYcRDYhc6GzJidA?authuser=0&hl=en&rclk=1",auto repair shop,Hamilton County,county,KS,2026-07-28T06:47:11,0x87095e7fea547aef:0xd089c96ce85c880d
Superior Car Care Center Inc.,(620) 384-5435,,,"5 1/2 S. Main, 5 S MAIN, Syracuse, KS 67878, United States","5 1/2 S. Main, 5 S MAIN",Syracuse,KS,67878,5.0,14,Tire shop,,,https://www.google.com/maps/place/Superior+Car+Care+Center+Inc./data=!4m7!3m6!1s0x87095e8078b04769:0x2ce832a276f4198f!8m2!3d37.978562!4d-101.7532849!16s%2Fg%2F1tf7sldx!19sChIJaUeweIBeCYcRjxn0dqIy6Cw?authuser=0&hl=en&rclk=1,auto repair shop,Ness County,county,KS,2026-07-28T09:53:27,0x87095e8078b04769:0x2ce832a276f4198f
C & S Services Inc,(785) 283-4699,https://cns-auto-care.base44.app/login?from_url=https%3A%2F%2Fcns-auto-care.base44.app%2F,,"105 W 1st St, Tescott, KS 67484, United States",105 W 1st St,Tescott,KS,67484,4.6,34,Car repair and maintenance service,,,https://www.google.com/maps/place/C+%26+S+Services+Inc/data=!4m7!3m6!1s0x87a3297ee43d9817:0xdd5926810330d5f2!8m2!3d39.010109!4d-97.8765726!16s%2Fg%2F1tm69fn2!19sChIJF5g95H4po4cR8tUwA4EmWd0?authuser=0&hl=en&rclk=1,auto repair shop,Mitchell County,county,KS,2026-07-28T08:39:59,0x87a3297ee43d9817:0xdd5926810330d5f2
AAMCO Transmissions & Total Car Care,(785) 380-0390,http://www.aamcotopekaks.com/?utm_source=G&utm_medium=local&utm_campaign=google-local,,"2740 S Kansas Ave, Topeka, KS 66611, United States",2740 S Kansas Ave,Topeka,KS,66611,4.6,232,Transmission shop,,,https://www.google.com/maps/place/AAMCO+Transmissions+%26+Total+Car+Care/data=!4m7!3m6!1s0x87bf1cd0b278f809:0xa12196be85335d7f!8m2!3d39.020499!4d-95.6792!16s%2Fg%2F1td4f1w3!19sChIJCfh4stAcv4cRf10zhb6WIaE?authuser=0&hl=en&rclk=1,auto repair shop,Osage County,county,KS,2026-07-28T10:13:28,0x87bf1cd0b278f809:0xa12196be85335d7f
Alex's Auto Topeka,,http://www.alexsauto.com/used-cars.html,,"316 SE 15th St, Topeka, KS 66607, United States",316 SE 15th St,Topeka,KS,66607,4.0,5,Auto body shop,,,https://www.google.com/maps/place/Alex%27s+Auto+Topeka/data=!4m7!3m6!1s0x87bf0317ce6dcb0b:0xf51b387eb40508de!8m2!3d39.038156!4d-95.6747507!16s%2Fg%2F1q4km5szh!19sChIJC8ttzhcDv4cR3ggFtH44G_U?authuser=0&hl=en&rclk=1,auto repair shop,Topeka,city,KS,2026-07-28T15:01:33,0x87bf0317ce6dcb0b:0xf51b387eb40508de
Auto Worx Inc,(785) 430-5075,,,"7131 SE Forbes Ave, Topeka, KS 66619, United States",7131 SE Forbes Ave,Topeka,KS,66619,5.0,25,Auto repair shop,,,https://www.google.com/maps/place/Auto+Worx+Inc/data=!4m7!3m6!1s0x87bf1c2bb9bd4581:0x63631e18aa7adacc!8m2!3d38.9363397!4d-95.685026!16s%2Fg%2F11fll6hn4y!19sChIJgUW9uSscv4cRzNp6qhgeY2M?authuser=0&hl=en&rclk=1,auto repair shop,Osage County,county,KS,2026-07-28T10:13:28,0x87bf1c2bb9bd4581:0x63631e18aa7adacc
Firestone Complete Auto Care,(785) 274-8276,https://www.firestonecompleteautocare.com/kansas/topeka/5320-sw-21st-st/?utm_source=google&utm_medium=organic&utm_campaign=localmaps&cmp=oloc_google_localmaps_maps,006963@bfrc.com,"5320 SW 21st St, Topeka, KS 66604, United States",5320 SW 21st St,Topeka,KS,66604,4.3,221,Tire shop,,,https://www.google.com/maps/place/Firestone+Complete+Auto+Care/data=!4m7!3m6!1s0x87befd43f07db205:0xf55f839522f06d85!8m2!3d39.0297592!4d-95.7454197!16s%2Fg%2F1tlvq14h!19sChIJBbJ98EP9vocRhW3wIpWDX_U?authuser=0&hl=en&rclk=1,auto repair shop,Shawnee County,county,KS,2026-07-28T12:55:27,0x87befd43f07db205:0xf55f839522f06d85
Firestone Complete Auto Care,(785) 783-0035,https://www.firestonecompleteautocare.com/kansas/topeka/3701-sw-topeka-blvd/?utm_source=google&utm_medium=organic&utm_campaign=localmaps&cmp=oloc_google_localmaps_maps,006424@bfrc.com,"3701 SW Topeka Blvd, Topeka, KS 66609, United States",3701 SW Topeka Blvd,Topeka,KS,66609,4.1,320,Tire shop,,,https://www.google.com/maps/place/Firestone+Complete+Auto+Care/data=!4m7!3m6!1s0x87bf1cd8aa492a79:0x2ea1f45db825b3d7!8m2!3d39.0002475!4d-95.6881614!16s%2Fg%2F11b6367t0p!19sChIJeSpJqtgcv4cR17MluF30oS4?authuser=0&hl=en&rclk=1,auto repair shop,Shawnee County,county,KS,2026-07-28T12:55:27,0x87bf1cd8aa492a79:0x2ea1f45db825b3d7
Frye's Auto Repair Inc,(785) 478-4558,http://fryesauto.mechanicnet.com/,,"1320 SW Auburn Rd, Topeka, KS 66615, United States",1320 SW Auburn Rd,Topeka,KS,66615,4.8,143,Auto repair shop,,,https://www.google.com/maps/place/Frye%27s+Auto+Repair+Inc/data=!4m7!3m6!1s0x87befb7d12f1177d:0x27cc8e06ef8a3add!8m2!3d39.0426958!4d-95.8159045!16s%2Fg%2F1tfjwt74!19sChIJfRfxEn37vocR3TqK7waOzCc?authuser=0&hl=en&rclk=1,auto repair shop,Ottawa County,county,KS,2026-07-28T10:26:39,0x87befb7d12f1177d:0x27cc8e06ef8a3add
Goodyear Auto Service,(785) 272-4281,https://www.goodyear.com/en-us/goodyearautoservice,,"5140 SW 21st St, Topeka, KS 66604, United States",5140 SW 21st St,Topeka,KS,66604,4.2,413,Tire shop,,,https://www.google.com/maps/place/Goodyear+Auto+Service/data=!4m7!3m6!1s0x87befd4377768323:0x4fe9fcdbc70ea5e4!8m2!3d39.0296095!4d-95.7430873!16s%2Fg%2F1tfccptb!19sChIJI4N2d0P9vocR5KUOx9v86U8?authuser=0&hl=en&rclk=1,auto repair shop,Shawnee County,county,KS,2026-07-28T12:55:27,0x87befd4377768323:0x4fe9fcdbc70ea5e4
Goodyear Auto Service,(785) 266-3862,https://www.goodyear.com/en-us/goodyearautoservice,,"420 SW Croix St, Topeka, KS 66611, United States",420 SW Croix St,Topeka,KS,66611,4.1,237,Tire shop,,,https://www.google.com/maps/place/Goodyear+Auto+Service/data=!4m7!3m6!1s0x87bf1cd818250fef:0x70e1662d117cfea1!8m2!3d39.0049807!4d-95.6865514!16s%2Fg%2F1tfvtgb9!19sChIJ7w8lGNgcv4cRof58ES1m4XA?authuser=0&hl=en&rclk=1,auto repair shop,Shawnee County,county,KS,2026-07-28T12:55:27,0x87bf1cd818250fef:0x70e1662d117cfea1
Jiffy Lube Oil Change,(785) 266-7696,https://www.jiffylube.com/locations/ks/topeka/988,,"3301 SW Topeka Blvd, Topeka, KS 66611, United States",3301 SW Topeka Blvd,Topeka,KS,66611,4.5,418,Oil change service,,,https://www.google.com/maps/place/Jiffy+Lube+Oil+Change/data=!4m7!3m6!1s0x87bf1d2828ede201:0x2330713e1a90eb6b!8m2!3d39.0075893!4d-95.6880493!16s%2Fg%2F1tk_psxl!19sChIJAeLtKCgdv4cRa-uQGj5xMCM?authuser=0&hl=en&rclk=1,auto repair shop,Topeka,city,KS,2026-07-28T15:01:33,0x87bf1d2828ede201:0x2330713e1a90eb6b
Midas,(785) 408-7719,https://www.midas.com/store/ks/topeka/5914-southwest-21st-66604/?shopnum=5183&utm_source=google&utm_medium=organic&utm_campaign=gbp,,"5914 SW 21st St, Topeka, KS 66604, United States",5914 SW 21st St,Topeka,KS,66604,4.7,1218,Auto repair shop,,,https://www.google.com/maps/place/Midas/data=!4m7!3m6!1s0x87befd3c5c5beedd:0x9439e8c301089f09!8m2!3d39.0296057!4d-95.7584391!16s%2Fg%2F1td33kp2!19sChIJ3e5bXDz9vocRCZ8IAcPoOZQ?authuser=0&hl=en&rclk=1,auto repair shop,Shawnee County,county,KS,2026-07-28T12:55:27,0x87befd3c5c5beedd:0x9439e8c301089f09
"Performance Auto Care of Topeka, Inc",(785) 215-6360,http://performanceautopeka.com/,performanceautopeka@gmail.com,"5723 SW 21st St, Topeka, KS 66604, United States",5723 SW 21st St,Topeka,KS,66604,4.8,199,Auto repair shop,,,"https://www.google.com/maps/place/Performance+Auto+Care+of+Topeka,+Inc/data=!4m7!3m6!1s0x87befd38b7918eb1:0xea7ecb9f89b399f4!8m2!3d39.027783!4d-95.752277!16s%2Fg%2F11cmhr8xgy!19sChIJsY6Rtzj9vocR9JmziZ_Lfuo?authuser=0&hl=en&rclk=1",auto repair shop,Ottawa County,county,KS,2026-07-28T10:26:39,0x87befd38b7918eb1:0xea7ecb9f89b399f4
CVA Services LLC,,,,"101 W Main St, Toronto, KS 66777, United States",101 W Main St,Toronto,KS,66777,,,Tire shop,,,https://www.google.com/maps/place/CVA+Services+LLC/data=!4m7!3m6!1s0x87b9a736abc37a47:0x8a5900a40ea9bf21!8m2!3d37.7984807!4d-95.9503112!16s%2Fg%2F11njyq5f5n!19sChIJR3rDqzanuYcRIb-pDqQAWYo?authuser=0&hl=en&rclk=1,auto repair shop,Woodson County,county,KS,2026-07-28T14:09:35,0x87b9a736abc37a47:0x8a5900a40ea9bf21
Countryside Automotive Specialists Inc,(316) 302-5090,,,"1742 SW Santa Fe Lake Rd, Towanda, KS 67144, United States",1742 SW Santa Fe Lake Rd,Towanda,KS,67144,5.0,1,Mechanic,,,https://www.google.com/maps/place/Countryside+Automotive+Specialists+Inc/data=!4m7!3m6!1s0x87bbab107ce546a1:0xa3e744edb0852b!8m2!3d37.7995879!4d-97.0434877!16s%2Fg%2F11yrxjb5t9!19sChIJoUblfBCru4cRK4Ww7UTnowA?authuser=0&hl=en&rclk=1,auto repair shop,Ness County,county,KS,2026-07-28T09:53:27,0x87bbab107ce546a1:0xa3e744edb0852b
Ed's Truck Services Inc,(620) 376-2128,,,"322 Broadway Ave, Tribune, KS 67879, United States",322 Broadway Ave,Tribune,KS,67879,4.0,4,Auto repair shop,,,https://www.google.com/maps/place/Ed%27s+Truck+Services+Inc/data=!4m7!3m6!1s0x870b942cd4cbb84b:0xe8ba8f7b813fd7bb!8m2!3d38.4684697!4d-101.7521777!16s%2Fg%2F1tlbk04s!19sChIJS7jL1CyUC4cRu9c_gXuPuug?authuser=0&hl=en&rclk=1,auto repair shop,Greeley County,county,KS,2026-07-28T06:46:01,0x870b942cd4cbb84b:0xe8ba8f7b813fd7bb
Moser's Garage & Auto Supply Inc.,(620) 376-4204,,,"West Hwy 96, Tribune, KS 67879, United States",West Hwy 96,Tribune,KS,67879,4.3,16,Auto repair shop,,,https://www.google.com/maps/place/Moser%27s+Garage+%26+Auto+Supply+Inc./data=!4m7!3m6!1s0x870b93fbce244ed3:0x21010a437a9b1911!8m2!3d38.465505!4d-101.7560158!16s%2Fg%2F1tf2sp54!19sChIJ004kzvuTC4cRERmbekMKASE?authuser=0&hl=en&rclk=1,auto repair shop,Greeley County,county,KS,2026-07-28T06:46:01,0x870b93fbce244ed3:0x21010a437a9b1911
"J & G Auto Repair, Inc.",(785) 985-2115,,,"108 W State St, Troy, KS 66087, United States",108 W State St,Troy,KS,66087,4.9,11,Auto repair shop,,,"https://www.google.com/maps/place/J+%26+G+Auto+Repair,+Inc./data=!4m7!3m6!1s0x87bff8d23fd97b4f:0x11acbddf66e871fb!8m2!3d39.7837778!4d-95.0901022!16s%2Fg%2F1tp8_kgt!19sChIJT3vZP9L4v4cR-3HoZt-9rBE?authuser=0&hl=en&rclk=1",auto repair shop,Nemaha County,county,KS,2026-07-28T09:32:10,0x87bff8d23fd97b4f:0x11acbddf66e871fb
RK Auto and Equipment Repair,,,,"5437 11th Rd, Udall, KS 67146, United States",5437 11th Rd,Udall,KS,67146,,,Auto repair shop,,,https://www.google.com/maps/place/RK+Auto+and+Equipment+Repair/data=!4m7!3m6!1s0x87ba8b00261df5cd:0x46e259870ff3876f!8m2!3d37.4156751!4d-97.1332078!16s%2Fg%2F11n9xm72r7!19sChIJzfUdJgCLuocRb4fzD4dZ4kY?authuser=0&hl=en&rclk=1,auto repair shop,Pawnee County,county,KS,2026-07-28T10:36:16,0x87ba8b00261df5cd:0x46e259870ff3876f
El pelón automotive,,,,"738 S Colorado St, Ulysses, KS 67880, United States",738 S Colorado St,Ulysses,KS,67880,,,Auto repair shop,,,https://www.google.com/maps/place/El+pel%C3%B3n+automotive/data=!4m7!3m6!1s0x87090700396e899b:0x7cf9ea1160ec8758!8m2!3d37.5722635!4d-101.3627659!16s%2Fg%2F11zc_fvh76!19sChIJm4luOQAHCYcRWIfsYBHq-Xw?authuser=0&hl=en&rclk=1,auto repair shop,Stanton County,county,KS,2026-07-28T13:17:10,0x87090700396e899b:0x7cf9ea1160ec8758
Carquest Auto Parts - DREHER AUTOMOTIVE INC,(785) 743-2150,https://www.carquest.com/locations/ks/wakeeney/15465/,,"119 S Main St, WaKeeney, KS 67672, United States",119 S Main St,WaKeeney,KS,67672,4.8,27,Auto parts store,,,https://www.google.com/maps/place/Carquest+Auto+Parts+-+DREHER+AUTOMOTIVE+INC/data=!4m7!3m6!1s0x87a1ad649f8d0b87:0xe9fd174d9501605b!8m2!3d39.022439!4d-99.8843934!16s%2Fg%2F11flr5y1d9!19sChIJhwuNn2StoYcRW2ABlU0X_ek?authuser=0&hl=en&rclk=1,auto repair shop,Trego County,county,KS,2026-07-28T13:43:07,0x87a1ad649f8d0b87:0xe9fd174d9501605b
C J's Auto Inc,(785) 325-3500,,,"101 E 7th St, Washington, KS 66968, United States",101 E 7th St,Washington,KS,66968,5.0,2,Auto repair shop,,,https://www.google.com/maps/place/C+J%27s+Auto+Inc/data=!4m7!3m6!1s0x87962b07359a567d:0xdf6a9cf1643ca211!8m2!3d39.8133544!4d-97.0509525!16s%2Fg%2F1tfv119n!19sChIJfVaaNQcrlocREaI8ZPGcat8?authuser=0&hl=en&rclk=1,auto repair shop,Washington County,county,KS,2026-07-28T13:49:16,0x87962b07359a567d:0xdf6a9cf1643ca211
NAPA Auto Parts,(785) 325-2295,https://www.napaonline.com/en/KS/Washington/store/806078?cid=pl_jobber_google_dac_806078_ao,,"113 E 7th St, Washington, KS 66968, United States",113 E 7th St,Washington,KS,66968,5.0,2,Auto parts store,,,https://www.google.com/maps/place/NAPA+Auto+Parts/data=!4m7!3m6!1s0x87962bb76780f4b1:0x61f50b949be7d5a!8m2!3d39.813314!4d-97.050537!16s%2Fg%2F11y8j1rvwt!19sChIJsfSAZ7crlocRWn2-SblQHwY?authuser=0&hl=en&rclk=1,auto repair shop,Washington County,county,KS,2026-07-28T13:49:16,0x87962bb76780f4b1:0x61f50b949be7d5a
Bernie's Service & Repair Inc.,(785) 989-4612,,,"216 US-36, Wathena, KS 66090, United States",216 US-36,Wathena,KS,66090,4.6,16,Auto parts store,,,https://www.google.com/maps/place/Bernie%27s+Service+%26+Repair+Inc./data=!4m7!3m6!1s0x87c0044fb68ed0b9:0x41fcbacb97830cf3!8m2!3d39.7605693!4d-94.9491149!16s%2Fg%2F1tnssfp_!19sChIJudCOtk8EwIcR8wyDl8u6_EE?authuser=0&hl=en&rclk=1,auto repair shop,Doniphan County,county,KS,2026-07-28T05:41:17,0x87c0044fb68ed0b9:0x41fcbacb97830cf3
Full Throttle Mobile Truck Repair Inc.,(316) 978-1062,https://www.facebook.com/profile.php?id=61560447749833&mibextid=ZbWKwL,,"524 W Harvey Ave, Wellington, KS 67152, United States",524 W Harvey Ave,Wellington,KS,67152,4.1,13,Diesel engine repair service,,,https://www.google.com/maps/place/Full+Throttle+Mobile+Truck+Repair+Inc./data=!4m7!3m6!1s0xa14aca43b16e3455:0x5b52dd863647dc65!8m2!3d37.265426!4d-97.4044575!16s%2Fg%2F11vjrqypw_!19sChIJVTRusUPKSqERZdxHNobdUls?authuser=0&hl=en&rclk=1,auto repair shop,Barber County,county,KS,2026-07-28T03:42:08,0xa14aca43b16e3455:0x5b52dd863647dc65
Farmers Repair Inc,(316) 799-2697,http://www.farmersrepair.com/,,"10137 NW Indianola Rd, Whitewater, KS 67154, United States",10137 NW Indianola Rd,Whitewater,KS,67154,4.1,58,Transmission shop,,,https://www.google.com/maps/place/Farmers+Repair+Inc/data=!4m7!3m6!1s0x87bba79c610af9e9:0x6180a9ae29989be2!8m2!3d37.9728417!4d-97.0796272!16s%2Fg%2F1tf3c1ct!19sChIJ6fkKYZynu4cR4puYKa6pgGE?authuser=0&hl=en&rclk=1,auto repair shop,Comanche County,county,KS,2026-07-28T05:07:18,0x87bba79c610af9e9:0x6180a9ae29989be2
AAMCO Transmissions & Total Car Care,(316) 330-3813,https://aamcowichita.com/wichita-east?utm_source=G&utm_medium=local&utm_campaign=google-local,,"901 S Woodlawn Blvd, Wichita, KS 67218, United States",901 S Woodlawn Blvd,Wichita,KS,67218,4.4,198,Transmission shop,,,https://www.google.com/maps/place/AAMCO+Transmissions+%26+Total+Car+Care/data=!4m7!3m6!1s0x87bafcaa5b8d0051:0x222a3a29ba2457a5!8m2!3d37.671583!4d-97.262526!16s%2Fg%2F11bxf_q93_!19sChIJUQCNW6r8uocRpVckuik6KiI?authuser=0&hl=en&rclk=1,auto repair shop,Sedgwick County,county,KS,2026-07-28T12:24:00,0x87bafcaa5b8d0051:0x222a3a29ba2457a5
Alexander's Automotive Inc,(316) 838-7039,https://alexandersautomotiveict.com/,,"145 N Hillside St, Wichita, KS 67214, United States",145 N Hillside St,Wichita,KS,67214,4.4,237,Auto repair shop,,,https://www.google.com/maps/place/Alexander%27s+Automotive+Inc/data=!4m7!3m6!1s0x87bae6d2f0fcc2c3:0x25a3bcd7fd3900af!8m2!3d37.6879554!4d-97.299376!16s%2Fg%2F1v8l03mk!19sChIJw8L88NLmuocRrwA5_de8oyU?authuser=0&hl=en&rclk=1,auto repair shop,Wichita County,county,KS,2026-07-28T13:55:39,0x87bae6d2f0fcc2c3:0x25a3bcd7fd3900af
Bavarian Automotive Inc. BMW & MINI COOPER SPECIALISTS,(316) 263-3661,http://www.bavarianautomotive.com/,wwbmw@aol.com,"1630 E 2nd St N, Wichita, KS 67214, United States",1630 E 2nd St N,Wichita,KS,67214,4.8,117,Auto repair shop,,,https://www.google.com/maps/place/Bavarian+Automotive+Inc.+BMW+%26+MINI+COOPER+SPECIALISTS/data=!4m7!3m6!1s0x87bae3a2dce37d9b:0x2105822c1008c556!8m2!3d37.6900919!4d-97.3180044!16s%2Fg%2F1tg5_4fj!19sChIJm33j3KLjuocRVsUIECyCBSE?authuser=0&hl=en&rclk=1,auto repair shop,Sumner County,county,KS,2026-07-28T13:31:48,0x87bae3a2dce37d9b:0x2105822c1008c556
Chance Transmissions Inc,(316) 529-1883,https://chancetrans.com/,,"6325 S Seneca St, Wichita, KS 67217, United States",6325 S Seneca St,Wichita,KS,67217,4.6,285,Auto repair shop,,,https://www.google.com/maps/place/Chance+Transmissions+Inc/data=!4m7!3m6!1s0x87bae8aaa08305b1:0xd88fb06eaba033fc!8m2!3d37.579808!4d-97.3528621!16s%2Fg%2F1tdl223c!19sChIJsQWDoKrouocR_DOgq26wj9g?authuser=0&hl=en&rclk=1,auto repair shop,Sherman County,county,KS,2026-07-28T13:08:34,0x87bae8aaa08305b1:0xd88fb06eaba033fc
Firestone Complete Auto Care,(316) 854-2516,https://www.firestonecompleteautocare.com/kansas/wichita/440-s-main-st/?utm_source=google&utm_medium=organic&utm_campaign=localmaps&cmp=oloc_google_localmaps_maps,008303@bfrc.com,"440 S Main St, Wichita, KS 67202, United States",440 S Main St,Wichita,KS,67202,4.5,375,Tire shop,,,https://www.google.com/maps/place/Firestone+Complete+Auto+Care/data=!4m7!3m6!1s0x87bae3e92ad5ff63:0x8af3e38b0102f6ec!8m2!3d37.6813807!4d-97.337757!16s%2Fg%2F1tcvvcjy!19sChIJY__VKunjuocR7PYCAYvj84o?authuser=0&hl=en&rclk=1,auto repair shop,Sedgwick County,county,KS,2026-07-28T12:24:00,0x87bae3e92ad5ff63:0x8af3e38b0102f6ec
German Motor Works INC - BMW-MINI COOPER - MERCEDES BENZ - AUDI - VW - PORSCHE & ALIGNMENT SPECIALIST,(316) 867-2828,http://gmwks.com/,contact@sansoxygen.com,"12627 E Central Ave Ste100, Wichita, KS 67206, United States",12627 E Central Ave Ste100,Wichita,KS,67206,4.9,199,Auto repair shop,,,https://www.google.com/maps/place/German+Motor+Works+INC+-+BMW-MINI+COOPER+-+MERCEDES+BENZ+-+AUDI+-+VW+-+PORSCHE+%26+ALIGNMENT+SPECIALIST/data=!4m7!3m6!1s0x87bafd8ca8ecdeb3:0x250f471750200d11!8m2!3d37.6935317!4d-97.1914686!16s%2Fg%2F11j03kwtgv!19sChIJs97sqIz9uocREQ0gUBdHDyU?authuser=0&hl=en&rclk=1,auto repair shop,Sumner County,county,KS,2026-07-28T13:31:48,0x87bafd8ca8ecdeb3:0x250f471750200d11
Meineke Car Care Center,(316) 202-3723,https://www.meineke.com/locations/ks/wichita-2616/?utm_source=google&utm_medium=organic&utm_campaign=gbp_website,ryantracy@barrentroy.com,"660 N Webb Rd, Wichita, KS 67206, United States",660 N Webb Rd,Wichita,KS,67206,4.5,715,Auto repair shop,,,https://www.google.com/maps/place/Meineke+Car+Care+Center/data=!4m7!3m6!1s0x87bafcf446d29bdd:0x130d5cc24969b22e!8m2!3d37.6972132!4d-97.2258066!16s%2Fg%2F11bzx6fn4g!19sChIJ3ZvSRvT8uocRLrJpScJcDRM?authuser=0&hl=en&rclk=1,auto repair shop,Wichita,city,KS,2026-07-28T14:23:49,0x87bafcf446d29bdd:0x130d5cc24969b22e
Meineke Car Care Center,(316) 633-4838,https://www.meineke.com/locations/ks/wichita-2615/?utm_source=google&utm_medium=organic&utm_campaign=gbp_website,ryantracy@barrentroy.com,"925 E Central Ave, Wichita, KS 67202, United States",925 E Central Ave,Wichita,KS,67202,4.4,574,Auto repair shop,,,https://www.google.com/maps/place/Meineke+Car+Care+Center/data=!4m7!3m6!1s0x87bae3b92fcb056f:0x5d718d7931c28f1c!8m2!3d37.6931309!4d-97.3268147!16s%2Fg%2F11bc9658f5!19sChIJbwXLL7njuocRHI_CMXmNcV0?authuser=0&hl=en&rclk=1,auto repair shop,Wichita,city,KS,2026-07-28T14:23:49,0x87bae3b92fcb056f:0x5d718d7931c28f1c
Meineke Car Care Center,(316) 665-7405,https://www.meineke.com/locations/ks/wichita-2008/?utm_source=google&utm_medium=organic&utm_campaign=gbp_website,ryantracy@barrentroy.com,"1810 W 21st St, Wichita, KS 67203, United States",1810 W 21st St,Wichita,KS,67203,4.6,791,Auto repair shop,,,https://www.google.com/maps/place/Meineke+Car+Care+Center/data=!4m7!3m6!1s0x87bae18ddd8b0741:0x8607d8e5c51cf190!8m2!3d37.723307!4d-97.360398!16s%2Fg%2F1tl9n2db!19sChIJQQeL3Y3huocRkPEcxeXYB4Y?authuser=0&hl=en&rclk=1,auto repair shop,Wichita,city,KS,2026-07-28T14:23:49,0x87bae18ddd8b0741:0x8607d8e5c51cf190
Meineke Car Care Center,(316) 448-0317,https://www.meineke.com/locations/ks/wichita-2009/?utm_source=google&utm_medium=organic&utm_campaign=gbp_website,ryantracy@barrentroy.com,"2344 S Seneca St, Wichita, KS 67213, United States",2344 S Seneca St,Wichita,KS,67213,4.4,687,Auto repair shop,,,https://www.google.com/maps/place/Meineke+Car+Care+Center/data=!4m7!3m6!1s0x87bae6a793d9890b:0xa20353b5e73d220f!8m2!3d37.652365!4d-97.352219!16s%2Fg%2F1hc1z5kj7!19sChIJC4nZk6fmuocRDyI957VTA6I?authuser=0&hl=en&rclk=1,auto repair shop,Wichita,city,KS,2026-07-28T14:23:49,0x87bae6a793d9890b:0xa20353b5e73d220f
Meineke Car Care Center,(316) 247-6061,https://www.meineke.com/locations/ks/wichita-2007/?utm_source=google&utm_medium=organic&utm_campaign=gbp_website,ryantracy@barrentroy.com,"3430 N Woodlawn Blvd, Wichita, KS 67220, United States",3430 N Woodlawn Blvd,Wichita,KS,67220,4.5,1188,Auto repair shop,,,https://www.google.com/maps/place/Meineke+Car+Care+Center/data=!4m7!3m6!1s0x87bafd524fff0cf3:0xb7bcd51e65dde907!8m2!3d37.746271!4d-97.261902!16s%2Fg%2F1tj2nzyc!19sChIJ8wz_T1L9uocRB-ndZR7VvLc?authuser=0&hl=en&rclk=1,auto repair shop,Sedgwick County,county,KS,2026-07-28T12:24:00,0x87bafd524fff0cf3:0xb7bcd51e65dde907
Midas,(316) 789-6310,https://www.midas.com/store/ks/wichita/3330-north-rock-road-67226/?shopnum=5281&utm_source=google&utm_medium=organic&utm_campaign=gbp,,"3330 N Rock Rd, Wichita, KS 67226, United States",3330 N Rock Rd,Wichita,KS,67226,4.7,1361,Auto repair shop,,,https://www.google.com/maps/place/Midas/data=!4m7!3m6!1s0x87bafd429c6f8ddb:0xdbefc17785ca637c!8m2!3d37.7436745!4d-97.2438968!16s%2Fg%2F1td48h9w!19sChIJ241vnEL9uocRfGPKhXfB79s?authuser=0&hl=en&rclk=1,auto repair shop,Wichita,city,KS,2026-07-28T14:23:49,0x87bafd429c6f8ddb:0xdbefc17785ca637c
Midas,(316) 789-6281,https://www.midas.com/store/ks/wichita/2820-south-seneca-67217/?shopnum=5112&utm_source=google&utm_medium=organic&utm_campaign=gbp,,"2820 S Seneca St, Wichita, KS 67217, United States",2820 S Seneca St,Wichita,KS,67217,4.7,1020,Auto repair shop,,,https://www.google.com/maps/place/Midas/data=!4m7!3m6!1s0x87bae6a003b7aed5:0x192a93efadcc26d1!8m2!3d37.6437208!4d-97.3521137!16s%2Fg%2F1tdcxlzj!19sChIJ1a63A6DmuocR0SbMre-TKhk?authuser=0&hl=en&rclk=1,auto repair shop,Sedgwick County,county,KS,2026-07-28T12:24:00,0x87bae6a003b7aed5:0x192a93efadcc26d1
Smart Inc.,(316) 942-2200,https://www.autosmartkansas.com/,,"5751 W Central Ave, Wichita, KS 67212, United States",5751 W Central Ave,Wichita,KS,67212,4.7,476,Auto repair shop,,,https://www.google.com/maps/place/Smart+Inc./data=!4m7!3m6!1s0x87bae0f19554ecd7:0x3d013057e623ed06!8m2!3d37.694163!4d-97.4098527!16s%2Fg%2F1tvym8ty!19sChIJ1-xUlfHguocRBu0j5lcwAT0?authuser=0&hl=en&rclk=1,auto repair shop,Mitchell County,county,KS,2026-07-28T08:39:59,0x87bae0f19554ecd7:0x3d013057e623ed06
World Wide Transmission Inc,(316) 266-4020,https://worldwidetransmissioninc.com/,,"1407 E Central Ave, Wichita, KS 67214, United States",1407 E Central Ave,Wichita,KS,67214,4.7,134,Transmission shop,,,https://www.google.com/maps/place/World+Wide+Transmission+Inc/data=!4m7!3m6!1s0x87bae3bb7c750f57:0xaa2c94bf496383b5!8m2!3d37.693185!4d-97.3215375!16s%2Fg%2F1tg9j1rk!19sChIJVw91fLvjuocRtYNjSb-ULKo?authuser=0&hl=en&rclk=1,auto repair shop,Wichita County,county,KS,2026-07-28T13:55:39,0x87bae3bb7c750f57:0xaa2c94bf496383b5
NAPA Auto Parts - Sievers Auto Parts,(620) 625-3251,https://www.napaonline.com/en/KS/Yates-Center/store/28621?cid=pl_jobber_google_dac_28621_ao,,"806 W Mary St, Yates Center, KS 66783, United States",806 W Mary St,Yates Center,KS,66783,4.7,69,Auto parts store,,,https://www.google.com/maps/place/NAPA+Auto+Parts+-+Sievers+Auto+Parts/data=!4m7!3m6!1s0x87b900329bac2001:0x3de9d38f49381ebf!8m2!3d37.878964!4d-95.741624!16s%2Fg%2F1tf48nxk!19sChIJASCsmzIAuYcRvx44SY_T6T0?authuser=0&hl=en&rclk=1,auto repair shop,Woodson County,county,KS,2026-07-28T14:09:35,0x87b900329bac2001:0x3de9d38f49381ebf
