name,phone,website,email,address,street,city,state,zip,rating,review_count,category,hours_status,hours_detail,google_maps_url,search_keyword,search_place,search_type,search_state,scraped_at,place_id
1200 TX-118,TX,79830,,Alpine,,,"1200 TX-118, ALPINE, TX 79830, UNITED STATES",,4.5,120,Auto repair shop,,,,(432) 837-0890,https://bigbendautomotiverepair.com/,city,"1200 TX-118, ALPINE, TX 79830, UNITED STATES",Big Bend Auto Repair (formerly BAM Automotive),https://www.google.com/maps/place/Big+Bend+Auto+Repair+%28formerly+BAM+Automotive%29/data=!4m7!3m6!1s0x86efda75f5a7300d:0x8682d02a7a811972!8m2!3d30.349298!4d-103.6497029!16s%2Fg%2F1w4vkcst!19sChIJDTCn9XXa74YRchmBeirQgoY?authuser=0&hl=en&rclk=1
2026-07-09T12:30:18,auto repair shop,Baylor County,county,TX,,,UNKNOWN,,4.3,15,Auto body shop,,,0x86548375bad8193d:0xa6d8b9fb206b17ea,,,city,UNKNOWN,,
2026-07-09T12:40:57,auto repair shop,Bee County,county,TX,,,UNKNOWN,,4.7,3,Tire shop,,,0x86680f4667762545:0xa5b5e5f2e820453b,,,city,UNKNOWN,,
2026-07-09T12:48:15,auto repair shop,Bell County,county,TX,,,UNKNOWN,,4.7,60,Auto repair shop,,,0x865ab690f16a79c7:0x2d55297c855ac8c3,,,city,UNKNOWN,,
2026-07-09T12:51:20,auto repair shop,Bexar County,county,TX,,,UNKNOWN,,4.7,122,Auto repair shop,,,0x865c5e363d9313a9:0x8e53cb343a1e9b0b,,,city,UNKNOWN,,
2026-07-09T12:54:52,auto repair shop,Blanco County,county,TX,,,UNKNOWN,,,,Auto repair shop,,,0x865b7978fef19e67:0x4dee81e05b9a8cd9,,,city,UNKNOWN,,
2026-07-09T13:06:22,auto repair shop,Borden County,county,TX,,,UNKNOWN,,4.7,153,Auto body shop,,,0x86f923a410ebb08f:0x5fe9b99da1334578,,,city,UNKNOWN,,
2026-07-09T13:14:25,auto repair shop,Bosque County,county,TX,,,UNKNOWN,,5.0,267,Muffler shop,,,0x864f838bb7b7f391:0xf9c0112495bd8e2,,,city,UNKNOWN,,
2026-07-09T13:21:04,auto repair shop,Bowie County,county,TX,,,UNKNOWN,,4.1,17,Auto body shop,,,0x86527fb09b600a2b:0x38d7c6ad0d61b701,,,city,UNKNOWN,,
2026-07-09T13:21:05,auto repair shop,Bowie County,county,TX,,,UNKNOWN,,4.6,108,Auto repair shop,,,0x8635dfda391b59cf:0x73936a9068387bc0,,,city,UNKNOWN,,
2026-07-09T13:28:09,auto repair shop,Brazoria County,county,TX,,,UNKNOWN,,4.6,522,Mechanic,,,0x863f62a4802525f3:0x387425bed4d5f273,,,city,UNKNOWN,,
2026-07-09T13:36:25,auto repair shop,Brazos County,county,TX,,,UNKNOWN,,4.8,220,Auto repair shop,,,0x864680bebd1d83f3:0x49cd1e941b894a44,,,city,UNKNOWN,,
2026-07-09T13:36:26,auto repair shop,Brazos County,county,TX,,,UNKNOWN,,4.5,752,Brake shop,,,0x864683ed5d87580d:0x2fa892c560fdc7ec,,,city,UNKNOWN,,
TX,"107 S Dowling St, Palestine, TX 75801, United States",+1 903-221-8041,,Dan's Automotive Repair,,,COUNTY,,https://dans-automotive-repair.mybusiness.site/,4.6,21,,,,auto repair shop,Anderson County,city,COUNTY,2026-07-09T11:24:33,https://www.google.com/maps/place/Dan%27s+Automotive+Repair/data=!4m7!3m6!1s0x864865bc3e413913:0x438e8cffe84368c!8m2!3d31.7607945!4d-95.6172521!16s%2Fg%2F11q94pn1tx!19sChIJEzlBPrxlSIYRjDaE_s_oOAQ?authuser=0&hl=en&rclk=1
TX,"701 N Church St, Palestine, TX 75801, United States",+1 903-729-6233,,Ricks Auto Clinic,,,COUNTY,,https://www.facebook.com/AutoClinicPalestine/,4.9,33,,,Open · Closes 5 PM,auto repair shop,Anderson County,city,COUNTY,2026-07-09T11:24:33,https://www.google.com/maps/place/Ricks+Auto+Clinic/data=!4m7!3m6!1s0x864864178650396d:0xfc9f946110d24263!8m2!3d31.7661965!4d-95.6268654!16s%2Fg%2F11fyx9mxnj!19sChIJbTlQhhdkSIYRY0LSEGGUn_w?authuser=0&hl=en&rclk=1
TX,"4201 W Oak St, Palestine, TX 75801, United States",+1 903-729-0410,,West Oak Auto Repair,,,COUNTY,,http://westoakautorepair.com/,4.1,109,,,Open · Closes 5 PM,auto repair shop,Anderson County,city,COUNTY,2026-07-09T11:24:33,https://www.google.com/maps/place/West+Oak+Auto+Repair/data=!4m7!3m6!1s0x864863a710bbc0cd:0x97c255c7b2ccd9b2!8m2!3d31.7325042!4d-95.6741044!16s%2Fg%2F125_vv_sc!19sChIJzcC7EKdjSIYRstnMssdVwpc?authuser=0&hl=en&rclk=1
TX,"1322 W Palestine Ave, Palestine, TX 75801, United States",+1 903-723-5993,,J&R Automotive,,,COUNTY,,http://www.yellowpages.com/palestine-tx/mip/j-r-automotive-6487269,4.4,105,,,Open · Closes 5 PM,auto repair shop,Anderson County,city,COUNTY,2026-07-09T11:24:33,https://www.google.com/maps/place/J%26R+Automotive/data=!4m7!3m6!1s0x864863f61569d2f1:0x1aad4a111da99e9e!8m2!3d31.7602699!4d-95.6469241!16s%2Fg%2F1v_s68d0!19sChIJ8dJpFfZjSIYRnp6pHRFKrRo?authuser=0&hl=en&rclk=1
TX,"508 N Elm St, Palestine, TX 75801, United States",+1 903-729-0121,,Bratz Tire & Auto Service Center,,,COUNTY,,https://bratztire.com/,4.6,120,,,Open · Closes 5 PM,auto repair shop,Anderson County,city,COUNTY,2026-07-09T11:24:33,https://www.google.com/maps/place/Bratz+Tire+%26+Auto+Service+Center/data=!4m7!3m6!1s0x8648641711436703:0xaebdb46f13ad39bc!8m2!3d31.7649814!4d-95.6280932!16s%2Fg%2F1tlbjz9w!19sChIJA2dDERdkSIYRvDmtE2-0va4?authuser=0&hl=en&rclk=1
TX,"1702 W Palestine Ave, Palestine, TX 75801, United States",+1 903-723-3178,,Tyer's Auto Air Inc.,,,COUNTY,,,4.5,46,,,Open · Closes 5 PM,auto repair shop,Anderson County,city,COUNTY,2026-07-09T11:24:33,https://www.google.com/maps/place/Tyer%27s+Auto+Air+Inc./data=!4m7!3m6!1s0x8648638b26c1416f:0xcad165e50b32738f!8m2!3d31.753201!4d-95.648647!16s%2Fg%2F11b76trxlv!19sChIJb0HBJotjSIYRj3MyC-Vl0co?authuser=0&hl=en&rclk=1
TX,"519 W Spring St, Palestine, TX 75801, United States",+1 903-724-9552,,Express Auto Repair,,,COUNTY,,,5.0,2,,,Open · Closes 5 PM,auto repair shop,Anderson County,city,COUNTY,2026-07-09T11:24:33,https://www.google.com/maps/place/Express+Auto+Repair/data=!4m7!3m6!1s0x864865dcdf53ec2b:0xed3b21fc6548c29f!8m2!3d31.7619707!4d-95.6364917!16s%2Fg%2F11n67knhch!19sChIJK-xT39xlSIYRn8JIZfwhO-0?authuser=0&hl=en&rclk=1
TX,"1013 W Oak St, Palestine, TX 75801, United States",,,Palestine Auto Repair,,,COUNTY,,,5.0,1,,,Open · Closes 5 PM,auto repair shop,Anderson County,city,COUNTY,2026-07-09T11:24:33,https://www.google.com/maps/place/Palestine+Auto+Repair/data=!4m7!3m6!1s0x8648658e8f9a09a5:0x9d0c0be0f903695d!8m2!3d31.76109!4d-95.6419902!16s%2Fg%2F11st8qyr3y!19sChIJpQmaj45lSIYRXWkD-eALDJ0?authuser=0&hl=en&rclk=1
TX,"3123B W Oak St, Palestine, TX 75801, United States",+1 903-729-1819,,Mcbride's Transmissions,,,COUNTY,,https://mcbridestransmissions.com/,4.9,25,,,Open · Closes 4:30 PM,auto repair shop,Anderson County,city,COUNTY,2026-07-09T11:24:33,https://www.google.com/maps/place/Mcbride%27s+Transmissions/data=!4m7!3m6!1s0x8648678ba4638629:0x205085d2046a63ca!8m2!3d31.7386609!4d-95.6625467!16s%2Fg%2F11h46bjdqc!19sChIJKYZjpItnSIYRymNqBNKFUCA?authuser=0&hl=en&rclk=1
TX,"601 N Church St, Palestine, TX 75801, United States",+1 903-729-1461,,Palestine Transmission Services,,,COUNTY,,,4.7,90,,,Open · Closes 6 PM,auto repair shop,Anderson County,city,COUNTY,2026-07-09T11:24:33,https://www.google.com/maps/place/Palestine+Transmission+Services/data=!4m7!3m6!1s0x864864179a0912d7:0xfc568e25878d112d!8m2!3d31.7657629!4d-95.6268459!16s%2Fg%2F1v6p97c6!19sChIJ1xIJmhdkSIYRLRGNhyWOVvw?authuser=0&hl=en&rclk=1
TX,"610 E Market St, Palestine, TX 75801, United States",+1 903-729-4665,,Owens Tire Company,,,COUNTY,,http://www.owenstirecompany.com/,4.8,63,,,Open · Closes 5 PM,auto repair shop,Anderson County,city,COUNTY,2026-07-09T11:24:33,https://www.google.com/maps/place/Owens+Tire+Company/data=!4m7!3m6!1s0x86486417b238dac1:0xb178217af5a4c70a!8m2!3d31.7637409!4d-95.62604!16s%2Fg%2F1tcvjh8b!19sChIJwdo4shdkSIYRCsek9XoheLE?authuser=0&hl=en&rclk=1
TX,"1230 N Link St, Palestine, TX 75803, United States",+1 903-723-0473,,Killion's Collision,,,COUNTY,,http://killionscollision.com/,4.6,108,,,Open · Closes 5 PM,auto repair shop,Anderson County,city,COUNTY,2026-07-09T11:24:33,https://www.google.com/maps/place/Killion%27s+Collision/data=!4m7!3m6!1s0x8648641e80a192af:0xc12571157981dfa1!8m2!3d31.7735719!4d-95.6297806!16s%2Fg%2F1tdlvp0n!19sChIJr5KhgB5kSIYRod-BeRVxJcE?authuser=0&hl=en&rclk=1
TX,"705 E Newman St, Palestine, TX 75801, United States",+1 903-723-3086,,Railyard Customs & Collision,,,COUNTY,,https://www.facebook.com/ripleyryanrycc,4.7,52,,,Open · Closes 5 PM,auto repair shop,Anderson County,city,COUNTY,2026-07-09T11:24:33,https://www.google.com/maps/place/Railyard+Customs+%26+Collision/data=!4m7!3m6!1s0x8648642279d0fc81:0x44a2b172f7cce262!8m2!3d31.7703778!4d-95.6243722!16s%2Fg%2F11c56c0cc9!19sChIJgfzQeSJkSIYRYuLM93KxokQ?authuser=0&hl=en&rclk=1
TX,"1203 W Oak St, Palestine, TX 75801, United States",+1 903-723-3532,,L & P Paint & Body Shop Inc.,,,COUNTY,,,4.6,98,,,Open · Closes 5 PM,auto repair shop,Anderson County,city,COUNTY,2026-07-09T11:24:33,https://www.google.com/maps/place/L+%26+P+Paint+%26+Body+Shop+Inc./data=!4m7!3m6!1s0x8648640a44e308bb:0x699fff291707d35!8m2!3d31.7581256!4d-95.644686!16s%2Fg%2F1tm2b1rj!19sChIJuwjjRApkSIYRNX1wkfL_mQY?authuser=0&hl=en&rclk=1
TX,"103 SE Mustang Dr, Andrews, TX 79714, United States",+1 432-223-3135,,Lightning Auto Repair,,,COUNTY,,,4.6,16,,,Open · Closes 5:30 PM,auto repair shop,Andrews County,city,COUNTY,2026-07-09T11:28:33,https://www.google.com/maps/place/Lightning+Auto+Repair/data=!4m7!3m6!1s0x86fb8e625f7b4c0d:0xc290a81aa4b8f7d2!8m2!3d32.3200353!4d-102.5379029!16s%2Fg%2F11h3vbxpmg!19sChIJDUx7X2KO-4YR0ve4pBqokMI?authuser=0&hl=en&rclk=1
TX,"900 S Main St, Andrews, TX 79714, United States",+1 432-266-0408,,Pete’s Automotive & Tires,,,COUNTY,,https://petesautomotivellc.com/,4.9,17,,,Open · Closes 6 PM,auto repair shop,Andrews County,city,COUNTY,2026-07-09T11:28:33,https://www.google.com/maps/place/Pete%E2%80%99s+Automotive+%26+Tires/data=!4m7!3m6!1s0x86fb8f386348b031:0x873aae2cb8b661c3!8m2!3d32.3100386!4d-102.5441055!16s%2Fg%2F11n8sz40pb!19sChIJMbBIYziP-4YRw2G2uCyuOoc?authuser=0&hl=en&rclk=1
TX,"404 NW Mustang Dr, Andrews, TX 79714, United States",+1 432-523-3480,,B&L Auto Diesel,,,COUNTY,,http://www.blautodiesel.com/,4.7,42,,,Open · Closes 5 PM,auto repair shop,Andrews County,city,COUNTY,2026-07-09T11:28:33,https://www.google.com/maps/place/B%26L+Auto+Diesel/data=!4m7!3m6!1s0x86fb8ef96e3c91a9:0x8eb974ca69556ffa!8m2!3d32.3173724!4d-102.5682458!16s%2Fg%2F11bw42cdc1!19sChIJqZE8bvmO-4YR-m9Vacp0uY4?authuser=0&hl=en&rclk=1
TX,"702 E Broadway St, Andrews, TX 79714, United States",+1 432-523-3177,,Sal's Automotive,,,COUNTY,,,4.7,30,,,Open · Closes 6 PM,auto repair shop,Andrews County,city,COUNTY,2026-07-09T11:28:33,https://www.google.com/maps/place/Sal%27s+Automotive/data=!4m7!3m6!1s0x86fb8e866f9dc63d:0xbd849d2612a26d4!8m2!3d32.32012!4d-102.5391873!16s%2Fg%2F1wn_6k8t!19sChIJPcadb4aO-4YR1CYqYdJJ2As?authuser=0&hl=en&rclk=1
TX,"405 S Main St, Andrews, TX 79714, United States",+1 432-523-2277,,Complete Car Pros,,,COUNTY,,,4.9,15,,,Open · Closes 7 PM,auto repair shop,Andrews County,city,COUNTY,2026-07-09T11:28:33,https://www.google.com/maps/place/Complete+Car+Pros/data=!4m7!3m6!1s0x86fb8e89d9203985:0x25dffaaba9cd42cd!8m2!3d32.315251!4d-102.545135!16s%2Fg%2F1tmpkz5p!19sChIJhTkg2YmO-4YRzULNqav63yU?authuser=0&hl=en&rclk=1
TX,"109 SE Ave E, Andrews, TX 79714, United States",+1 432-556-0944,,Ovalle Tire Shop,,,COUNTY,,,4.8,19,,,Open · Closes 5 AM Fri,auto repair shop,Andrews County,city,COUNTY,2026-07-09T11:28:33,https://www.google.com/maps/place/Ovalle+Tire+Shop/data=!4m7!3m6!1s0x86fb8f8d0ddef3b5:0xf1cdd3243d77286e!8m2!3d32.3135548!4d-102.5441711!16s%2Fg%2F11h9bt5vq_!19sChIJtfPeDY2P-4YRbih3PSTTzfE?authuser=0&hl=en&rclk=1
TX,"1005 SW Mustang Dr, Andrews, TX 79714, United States",+1 575-408-1646,,Two Knights Tire and Auto,,,COUNTY,,,4.8,39,,,Open · Closes 6 PM,auto repair shop,Andrews County,city,COUNTY,2026-07-09T11:28:33,https://www.google.com/maps/place/Two+Knights+Tire+and+Auto/data=!4m7!3m6!1s0x86fb8f2bbda8f86b:0x8fae745248e33413!8m2!3d32.30446!4d-102.5590573!16s%2Fg%2F11lxcqjg2w!19sChIJa_iovSuP-4YREzTjSFJ0ro8?authuser=0&hl=en&rclk=1
TX,"302 NW Mustang Dr, Andrews, TX 79714, United States",+1 432-234-8687,,Andrews Truck & Trailer Maintenance,,,COUNTY,,,4.9,39,,,Open · Closes 5 PM,auto repair shop,Andrews County,city,COUNTY,2026-07-09T11:28:33,https://www.google.com/maps/place/Andrews+Truck+%26+Trailer+Maintenance/data=!4m7!3m6!1s0x86fb8f2f630c461d:0x9fed8bf40d1e4401!8m2!3d32.3164955!4d-102.5677676!16s%2Fg%2F11svj6qw5q!19sChIJHUYMYy-P-4YRAUQeDfSL7Z8?authuser=0&hl=en&rclk=1
TX,"1510 SW Mustang Dr, Andrews, TX 79714, United States",+1 432-208-3981,,Joes Diesel Repair,,,COUNTY,,,3.8,17,,,Open · Closes 6 PM,auto repair shop,Andrews County,city,COUNTY,2026-07-09T11:28:33,https://www.google.com/maps/place/Joes+Diesel+Repair/data=!4m7!3m6!1s0x86fb8e0df2075781:0x721dcf23f559ffd5!8m2!3d32.3043495!4d-102.5490302!16s%2Fg%2F11gbxd5bhq!19sChIJgVcH8g2O-4YR1f9Z9SPPHXI?authuser=0&hl=en&rclk=1
TX,"600 S Main St, Andrews, TX 79714, United States",+1 432-523-9242,,"Flores Body Shop Andrews, TX",,,COUNTY,,,4.4,37,,,Open · Closes 6 PM,auto repair shop,Andrews County,city,COUNTY,2026-07-09T11:28:33,"https://www.google.com/maps/place/Flores+Body+Shop+Andrews,+TX/data=!4m7!3m6!1s0x86fb8e624f3ffca9:0x5a5e57539efca524!8m2!3d32.3129208!4d-102.5452651!16s%2Fg%2F1tl1jbh8!19sChIJqfw_T2KO-4YRJKX8nlNXXlo?authuser=0&hl=en&rclk=1"
TX,"2001 SW Mustang Dr, Andrews, TX 79714, United States",+1 432-523-5099,,Andrews Tire Services,,,COUNTY,,https://www.andrewstirepros.com/,4.6,222,,,Open · Closes 5:30 PM,auto repair shop,Andrews County,city,COUNTY,2026-07-09T11:28:33,https://www.google.com/maps/place/Andrews+Tire+Services/data=!4m7!3m6!1s0x86fb8e62708eac37:0xe1fbfdcf7212e3e7!8m2!3d32.3063844!4d-102.5445199!16s%2Fg%2F1tfh_0w2!19sChIJN6yOcGKO-4YR5-MScs_9--E?authuser=0&hl=en&rclk=1
TX,"414 W Broadway St, Andrews, TX 79714, United States",+1 432-523-3055,,Stampede Inc,,,COUNTY,,,4.7,59,,,Open · Closes 5 PM,auto repair shop,Andrews County,city,COUNTY,2026-07-09T11:28:33,https://www.google.com/maps/place/Stampede+Inc/data=!4m7!3m6!1s0x86fb8e8b1793f80d:0x20787695bd21bde1!8m2!3d32.3180098!4d-102.5512066!16s%2Fg%2F11byykzhwf!19sChIJDfiTF4uO-4YR4b0hvZV2eCA?authuser=0&hl=en&rclk=1
TX,"501 S Main St, Andrews, TX 79714, United States",+1 432-276-3003,,Take 5 Oil Change,,,COUNTY,,https://www.take5.com/locations/oil-change/texas/andrews/30513/?utm_source=google&utm_medium=organic&utm_campaign=gbp_website,4.4,402,,,Open · Closes 8 PM,auto repair shop,Andrews County,city,COUNTY,2026-07-09T11:28:33,https://www.google.com/maps/place/Take+5+Oil+Change/data=!4m7!3m6!1s0x86fb8e626590c7a7:0xb27fffaedd80118e!8m2!3d32.3140988!4d-102.5448169!16s%2Fg%2F1tmbwkrr!19sChIJp8eQZWKO-4YRjhGA3a7_f7I?authuser=0&hl=en&rclk=1
TX,"602 W Broadway St, Andrews, TX 79714, United States",+1 432-620-8000,,West Texas Windshields,,,COUNTY,,http://www.westtexaswindshields.com/,4.8,72,,,Open · Closes 5 PM,auto repair shop,Andrews County,city,COUNTY,2026-07-09T11:28:33,https://www.google.com/maps/place/West+Texas+Windshields/data=!4m7!3m6!1s0x86fb8ef4d09d7465:0xd3019c02bf636b29!8m2!3d32.3174047!4d-102.5534143!16s%2Fg%2F1jgm0wd2c!19sChIJZXSd0PSO-4YRKWtjvwKcAdM?authuser=0&hl=en&rclk=1
TX,"901 S Main St, Andrews, TX 79714, United States",+1 432-355-6774,,Andrews Paint & Body,,,COUNTY,,,4.3,26,,,Open · Closes 6 PM,auto repair shop,Andrews County,city,COUNTY,2026-07-09T11:28:33,https://www.google.com/maps/place/Andrews+Paint+%26+Body/data=!4m7!3m6!1s0x86fb8e637a05efbf:0xc2c473fa00b901ca!8m2!3d32.310297!4d-102.5434051!16s%2Fg%2F1ttphbh5!19sChIJv-8FemOO-4YRygG5APpzxMI?authuser=0&hl=en&rclk=1
TX,"1011 S Main St, Andrews, TX 79714, United States",+1 432-523-4831,,Chevrolet Service,,,COUNTY,,https://www.sewellandrews.com/,4.4,7,,,Open · Closes 7 PM,auto repair shop,Andrews County,city,COUNTY,2026-07-09T11:28:33,https://www.google.com/maps/place/Chevrolet+Service/data=!4m7!3m6!1s0x86fb8e64c2280641:0xbd8543fdd85d15b8!8m2!3d32.3079708!4d-102.5424862!16s%2Fg%2F11g9q4pmh2!19sChIJQQYowmSO-4YRuBVd2P1Dhb0?authuser=0&hl=en&rclk=1
TX,"618 N Main St, Andrews, TX 79714, United States",+1 432-305-1968,,Kent Lube Fast Oil Change Center,,,COUNTY,,https://kentlube.com/,5.0,6,,,Open · Closes 6 PM Updated by this business 4 weeks ago,auto repair shop,Andrews County,city,COUNTY,2026-07-09T11:28:33,https://www.google.com/maps/place/Kent+Lube+Fast+Oil+Change+Center/data=!4m7!3m6!1s0x86fb8f698ab0025d:0x5f4b9506e113a072!8m2!3d32.3248228!4d-102.5476327!16s%2Fg%2F11njrmg9r0!19sChIJXQKwimmP-4YRcqAT4QaVS18?authuser=0&hl=en&rclk=1
TX,"111 SW Mustang Dr, Andrews, TX 79714, United States",+1 432-438-9375,,DJM Services,,,COUNTY,,https://sites.google.com/djmservices.org/djmservices?usp=sharing,5.0,1,,,Open · Closes 6 PM,auto repair shop,Andrews County,city,COUNTY,2026-07-09T11:28:33,https://www.google.com/maps/place/DJM+Services/data=!4m7!3m6!1s0x86fb8f341a56ed2b:0xc02ed7b43af0cf02!8m2!3d32.3121669!4d-102.5664003!16s%2Fg%2F11sr__1y3f!19sChIJK-1WGjSP-4YRAs_wOrTXLsA?authuser=0&hl=en&rclk=1
TX,"201 SW 1st St, Andrews, TX 79714, United States",+1 806-337-0157,,Mighty Wash #4 of Andrews,,,COUNTY,,https://www.mymightywash.com/,4.8,826,,,Open · Closes 7 PM,auto repair shop,Andrews County,city,COUNTY,2026-07-09T11:28:33,https://www.google.com/maps/place/Mighty+Wash+%234+of+Andrews/data=!4m7!3m6!1s0x86fb8f4d096ed72f:0x2070b49abaf0f14a!8m2!3d32.3172166!4d-102.5470192!16s%2Fg%2F11h_clymml!19sChIJL9duCU2P-4YRSvHwupq0cCA?authuser=0&hl=en&rclk=1
TX,"511 S Main St, Andrews, TX 79714, United States",+1 512-348-5777,,"Hail Force One, LLC",,,COUNTY,,,,,,,,auto repair shop,Andrews County,city,COUNTY,2026-07-09T11:28:33,"https://www.google.com/maps/place/Hail+Force+One,+LLC/data=!4m7!3m6!1s0x86fb8f7ac5e9ddcf:0xf8a5cda07c5cdc72!8m2!3d32.3138224!4d-102.5447497!16s%2Fg%2F11s1ws5cls!19sChIJz93pxXqP-4YRctxcfKDNpfg?authuser=0&hl=en&rclk=1"
TX,"708 S Main St, Andrews, TX 79714, United States",+1 432-223-3113,,Phonetastic Repair,,,COUNTY,,,4.8,130,,,Open · Closes 7 PM,auto repair shop,Andrews County,city,COUNTY,2026-07-09T11:28:33,https://www.google.com/maps/place/Phonetastic+Repair/data=!4m7!3m6!1s0x86fb8e63a5031f31:0x31fdbaa83a967b7b!8m2!3d32.3114624!4d-102.5447212!16s%2Fg%2F11gc9gf0p8!19sChIJMR8DpWOO-4YRe3uWOqi6_TE?authuser=0&hl=en&rclk=1
TX,"1100 W Broadway St, Andrews, TX 79714, United States",+1 432-524-2024,,The Repair Center,,,COUNTY,,,4.7,23,,,Temporarily closed,auto repair shop,Andrews County,city,COUNTY,2026-07-09T11:28:33,https://www.google.com/maps/place/The+Repair+Center/data=!4m7!3m6!1s0x86fb8ef67c04862f:0x270e24cc2f0ad287!8m2!3d32.316161!4d-102.558872!16s%2Fg%2F1v46_t9y!19sChIJL4YEfPaO-4YRh9IKL8wkDic?authuser=0&hl=en&rclk=1
TX,"720 N Main St, Andrews, TX 79714, United States",+1 432-523-9194,,Alan's Auto Clinic,,,COUNTY,,,5.0,2,,,Temporarily closed,auto repair shop,Andrews County,city,COUNTY,2026-07-09T11:28:33,https://www.google.com/maps/place/Alan%27s+Auto+Clinic/data=!4m7!3m6!1s0x86fb8e9274d15555:0xdbccf547c01737c6!8m2!3d32.326085!4d-102.54847!16s%2Fg%2F11hc_wy3_l!19sChIJVVXRdJKO-4YRxjcXwEf1zNs?authuser=0&hl=en&rclk=1
TX,"1815 Atkinson Dr, Lufkin, TX 75901, United States",+1 936-634-3470,,Auto Repair Carreon,,,COUNTY,,,4.7,41,,,Open · Closes 5 PM,auto repair shop,Angelina County,city,COUNTY,2026-07-09T11:36:36,https://www.google.com/maps/place/Auto+Repair+Carreon/data=!4m7!3m6!1s0x86383d37b8d7998d:0x71b6ba2ed4c7b323!8m2!3d31.3499902!4d-94.7055998!16s%2Fg%2F1tqyfwl6!19sChIJjZnXuDc9OIYRI7PH1C66tnE?authuser=0&hl=en&rclk=1
TX,"712 N Timberland Dr, Lufkin, TX 75901, United States",+1 936-634-8285,,ABC Auto Service,,,COUNTY,,,4.6,47,,,Open · Closes 5:30 PM,auto repair shop,Angelina County,city,COUNTY,2026-07-09T11:36:36,https://www.google.com/maps/place/ABC+Auto+Service/data=!4m7!3m6!1s0x86383d5ae437ea67:0x730e88856a00023d!8m2!3d31.34529!4d-94.7188696!16s%2Fg%2F1thn5wxz!19sChIJZ-o35Fo9OIYRPQIAaoWIDnM?authuser=0&hl=en&rclk=1
TX,"3601 S Medford Dr, Lufkin, TX 75901, United States",+1 936-639-8473,,Angelina Tire & Auto,,,COUNTY,,https://angelinatire.com/,4.6,108,,,Open · Closes 5 PM,auto repair shop,Angelina County,city,COUNTY,2026-07-09T11:36:36,https://www.google.com/maps/place/Angelina+Tire+%26+Auto/data=!4m7!3m6!1s0x86383d763221f12f:0xd5b4af68664f05b3!8m2!3d31.3143501!4d-94.7125879!16s%2Fg%2F1vl9rw61!19sChIJL_EhMnY9OIYRswVPZmivtNU?authuser=0&hl=en&rclk=1
TX,"2609 E Lufkin Ave, Lufkin, TX 75901, United States",+1 936-639-5567,,Brann's Foreign Car Services,,,COUNTY,,https://branns-services.edan.io/,4.7,53,,,Open · Closes 5 PM,auto repair shop,Angelina County,city,COUNTY,2026-07-09T11:36:36,https://www.google.com/maps/place/Brann%27s+Foreign+Car+Services/data=!4m7!3m6!1s0x86383d20201e1baf:0x332dfdd7d642b91b!8m2!3d31.3381526!4d-94.6858663!16s%2Fg%2F12cp5twqy!19sChIJrxseICA9OIYRG7lC1tf9LTM?authuser=0&hl=en&rclk=1
TX,"4785 Old Union Rd, Lufkin, TX 75904, United States",+1 936-875-4240,,Family Auto Repair & Services,,,COUNTY,,http://www.familyautorepaironline.com/,4.1,100,,,Open · Closes 5:30 PM,auto repair shop,Angelina County,city,COUNTY,2026-07-09T11:36:36,https://www.google.com/maps/place/Family+Auto+Repair+%26+Services/data=!4m7!3m6!1s0x863816e1240df3f1:0x904c22194075d2c0!8m2!3d31.30659!4d-94.787488!16s%2Fg%2F1tj52zj0!19sChIJ8fMNJOEWOIYRwNJ1QBkiTJA?authuser=0&hl=en&rclk=1
TX,"1211 N Timberland Dr, Lufkin, TX 75901, United States",+1 936-240-3298,,G&C AUTO SERVICE.,,,COUNTY,,,4.6,18,,,Open · Closes 5 PM,auto repair shop,Angelina County,city,COUNTY,2026-07-09T11:36:36,https://www.google.com/maps/place/G%26C+AUTO+SERVICE./data=!4m7!3m6!1s0x86383d0b14313d35:0x95b0113011af5d36!8m2!3d31.3500336!4d-94.721185!16s%2Fg%2F11g1gmh9vt!19sChIJNT0xFAs9OIYRNl2vETARsJU?authuser=0&hl=en&rclk=1
TX,"2611 S Medford Dr, Lufkin, TX 75901, United States",+1 936-632-1002,,John's Auto Services,,,COUNTY,,,4.8,21,,,Open · Closes 4 PM,auto repair shop,Angelina County,city,COUNTY,2026-07-09T11:36:36,https://www.google.com/maps/place/John%27s+Auto+Services/data=!4m7!3m6!1s0x86383d099bfcb511:0x2f4f704a76974a75!8m2!3d31.3164496!4d-94.7013064!16s%2Fg%2F1tqyfwl4!19sChIJEbX8mwk9OIYRdUqXdkpwTy8?authuser=0&hl=en&rclk=1
TX,"180 Mt Carmel Rd, Lufkin, TX 75904, United States",+1 936-635-4003,,Ramos Automotive,,,COUNTY,,,4.4,89,,,Open · Closes 6 PM,auto repair shop,Angelina County,city,COUNTY,2026-07-09T11:36:36,https://www.google.com/maps/place/Ramos+Automotive/data=!4m7!3m6!1s0x863817122938eeab:0xf8f69f2afa14a43f!8m2!3d31.32864!4d-94.7822149!16s%2Fg%2F1tggp00p!19sChIJq-44KRIXOIYRP6QU-iqf9vg?authuser=0&hl=en&rclk=1
TX,"706 N Timberland Dr, Lufkin, TX 75901, United States",+1 936-637-0910,,USA Transmissions & Complete Auto Repair,,,COUNTY,,,4.1,81,,,Open · Closes 5 PM,auto repair shop,Angelina County,city,COUNTY,2026-07-09T11:36:36,https://www.google.com/maps/place/USA+Transmissions+%26+Complete+Auto+Repair/data=!4m7!3m6!1s0x86383d5b17710d7b:0xc7db883a99837fb6!8m2!3d31.3446985!4d-94.7186902!16s%2Fg%2F1v9gkcm2!19sChIJew1xF1s9OIYRtn-DmTqI28c?authuser=0&hl=en&rclk=1
TX,"301 S Timberland Dr, Lufkin, TX 75901, United States",+1 936-755-3156,,Firestone Complete Auto Care,,,COUNTY,,https://www.firestonecompleteautocare.com/texas/lufkin/301-s-timberland-dr/?utm_source=google&utm_medium=organic&utm_campaign=localmaps&cmp=oloc_google_localmaps_maps,4.1,282,,,Open · Closes 6 PM,auto repair shop,Angelina County,city,COUNTY,2026-07-09T11:36:36,https://www.google.com/maps/place/Firestone+Complete+Auto+Care/data=!4m7!3m6!1s0x86383d66e5a03f5b:0xa8e2de8d61cd3a43!8m2!3d31.3327139!4d-94.7202011!16s%2Fg%2F1tdy9fpf!19sChIJWz-g5WY9OIYRQzrNYY3e4qg?authuser=0&hl=en&rclk=1
TX,"2105 E Denman Ave, Lufkin, TX 75901, United States",+1 936-632-4121,,C & R AutoWerx,,,COUNTY,,http://candrautowerx.com/,4.5,53,,,Open · Closes 5 PM,auto repair shop,Angelina County,city,COUNTY,2026-07-09T11:36:36,https://www.google.com/maps/place/C+%26+R+AutoWerx/data=!4m7!3m6!1s0x86383dd0fc1df3ad:0xea13fa0afadca20d!8m2!3d31.3178966!4d-94.6966988!16s%2Fg%2F11gxg71y6t!19sChIJrfMd_NA9OIYRDaLc-gr6E-o?authuser=0&hl=en&rclk=1
TX,"108 N 4th St, Lufkin, TX 75901, United States",+1 936-240-8410,,Auto International,,,COUNTY,,http://autointernationalinc.com/,4.6,16,,,Open · Closes 5:30 PM,auto repair shop,Angelina County,city,COUNTY,2026-07-09T11:36:36,https://www.google.com/maps/place/Auto+International/data=!4m7!3m6!1s0x86383db2cbcf5eb3:0xe1996ba797b1241a!8m2!3d31.3384273!4d-94.7251796!16s%2Fg%2F11y655827x!19sChIJs17Py7I9OIYRGiSxl6drmeE?authuser=0&hl=en&rclk=1
TX,"1311 N Raguet St, Lufkin, TX 75904, United States",+1 936-671-3159,,Lancon's Mechanic Shop,,,COUNTY,,,4.2,25,,,Open · Closes 5 PM,auto repair shop,Angelina County,city,COUNTY,2026-07-09T11:36:36,https://www.google.com/maps/place/Lancon%27s+Mechanic+Shop/data=!4m7!3m6!1s0x863817f1a5c3b2e3:0xa513ec7311361772!8m2!3d31.3493244!4d-94.7414041!16s%2Fg%2F1tdnx8c1!19sChIJ47LDpfEXOIYRchc2EXPsE6U?authuser=0&hl=en&rclk=1
TX,"901 Pershing Ave, Lufkin, TX 75904, United States",+1 936-632-1664,,We Fix Em,,,COUNTY,,,4.5,50,,,Open · Closes 5 PM,auto repair shop,Angelina County,city,COUNTY,2026-07-09T11:36:36,https://www.google.com/maps/place/We+Fix+Em/data=!4m7!3m6!1s0x863817584c98b4b9:0xbeffd4145e021106!8m2!3d31.3289864!4d-94.7407898!16s%2Fg%2F11gw2rww0d!19sChIJubSYTFgXOIYRBhECXhTU_74?authuser=0&hl=en&rclk=1
TX,"1602 N John Redditt Dr, Lufkin, TX 75904, United States",+1 936-637-4894,,Westside Garage,,,COUNTY,,,4.0,53,,,Open · Closes 5 PM,auto repair shop,Angelina County,city,COUNTY,2026-07-09T11:36:36,https://www.google.com/maps/place/Westside+Garage/data=!4m7!3m6!1s0x86381783880d1a89:0xc2d25b45904e800!8m2!3d31.3496086!4d-94.7641224!16s%2Fg%2F1w9y1gql!19sChIJiRoNiIMXOIYRAOgEWbQlLQw?authuser=0&hl=en&rclk=1
TX,"2200 N Raguet St, Lufkin, TX 75904, United States",+1 936-212-1840,,J AND A AUTOMOTIVE REPAIR,,,COUNTY,,,4.2,10,,,Open · Closes 5 PM,auto repair shop,Angelina County,city,COUNTY,2026-07-09T11:36:36,https://www.google.com/maps/place/J+AND+A+AUTOMOTIVE+REPAIR/data=!4m7!3m6!1s0x8638178adbf41737:0x4c0244194ee75771!8m2!3d31.3553476!4d-94.7497504!16s%2Fg%2F1tgmwnsz!19sChIJNxf024oXOIYRcVfnThlEAkw?authuser=0&hl=en&rclk=1
TX,"908 N Chestnut St, Lufkin, TX 75901, United States",,,Y & C Auto Repair,,,COUNTY,,,5.0,1,,,Open · Closes 6 PM,auto repair shop,Angelina County,city,COUNTY,2026-07-09T11:36:36,https://www.google.com/maps/place/Y+%26+C+Auto+Repair/data=!4m7!3m6!1s0x86383db30050be63:0xe16911a9efb22453!8m2!3d31.3452336!4d-94.7231945!16s%2Fg%2F11nx5d07x8!19sChIJY75QALM9OIYRUySy76kRaeE?authuser=0&hl=en&rclk=1
TX,"1420 E Denman Ave, Lufkin, TX 75901, United States",+1 936-208-7253,,KIN-BK Auto Repair and Transmission Rebuilds,,,COUNTY,,,5.0,10,,,Open · Closes 5:30 PM,auto repair shop,Angelina County,city,COUNTY,2026-07-09T11:36:36,https://www.google.com/maps/place/KIN-BK+Auto+Repair+and+Transmission+Rebuilds/data=!4m7!3m6!1s0x86383dcbcc4a95c7:0x42f49d32ad071ea4!8m2!3d31.3224492!4d-94.7073893!16s%2Fg%2F11tmhy7mj1!19sChIJx5VKzMs9OIYRpB4HrTKd9EI?authuser=0&hl=en&rclk=1
TX,"US-59, Lufkin, TX 75901, United States",,,Chicos auto repair,,,COUNTY,,,5.0,1,,,,auto repair shop,Angelina County,city,COUNTY,2026-07-09T11:36:36,https://www.google.com/maps/place/Chicos+auto+repair/data=!4m7!3m6!1s0x86383d98c26ede1f:0x7b346d9cae263248!8m2!3d31.3126679!4d-94.7206822!16s%2Fg%2F11s3cdbdvp!19sChIJH95uwpg9OIYRSDImrpxtNHs?authuser=0&hl=en&rclk=1
TX,"818 N Raguet St, Lufkin, TX 75904, United States",+1 936-630-2042,,DJ’s Automotive Repair,,,COUNTY,,,5.0,8,,,Open · Closes 5:30 PM Updated by this business 2 weeks ago,auto repair shop,Angelina County,city,COUNTY,2026-07-09T11:36:36,https://www.google.com/maps/place/DJ%E2%80%99s+Automotive+Repair/data=!4m7!3m6!1s0x86383dbdd0760efb:0xe1bbe72e1960dcee!8m2!3d31.345877!4d-94.7368761!16s%2Fg%2F11xr_bhmr5!19sChIJ-w520L09OIYR7txgGS7nu-E?authuser=0&hl=en&rclk=1
TX,"812 Locke St, Lufkin, TX 75901, United States",+1 936-632-2886,,Auto Mechanic Shop Locke St,,,COUNTY,,,4.6,5,,,,auto repair shop,Angelina County,city,COUNTY,2026-07-09T11:36:36,https://www.google.com/maps/place/Auto+Mechanic+Shop+Locke+St/data=!4m7!3m6!1s0x86383d92208278c1:0xd509dd86556b7630!8m2!3d31.3465012!4d-94.7206625!16s%2Fg%2F11wc3tbqvq!19sChIJwXiCIJI9OIYRMHZrVYbdCdU?authuser=0&hl=en&rclk=1
TX,"802 Moore Ave, Lufkin, TX 75904, United States",,,Lester's Auto Repair,,,COUNTY,,http://facebook.com/LestersAutoRepair,4.0,1,,,Open · Closes 6 PM,auto repair shop,Angelina County,city,COUNTY,2026-07-09T11:36:36,https://www.google.com/maps/place/Lester%27s+Auto+Repair/data=!4m7!3m6!1s0x863817df3be9e76f:0x6605721227c39905!8m2!3d31.3382023!4d-94.7371266!16s%2Fg%2F11fj2q61hn!19sChIJb-fpO98XOIYRBZnDJxJyBWY?authuser=0&hl=en&rclk=1
TX,"309 S Timberland Dr, Lufkin, TX 75901, United States",+1 936-699-2471,,Grease Monkey,,,COUNTY,,https://www.greasemonkey.com/locations/tx/lufkin/309-south-timberland-dr,4.8,1280,,,Open · Closes 7 PM Confirmed by this business 12 weeks ago,auto repair shop,Angelina County,city,COUNTY,2026-07-09T11:36:36,https://www.google.com/maps/place/Grease+Monkey/data=!4m7!3m6!1s0x86383d66ea06b86b:0xfca0784b30321b7b!8m2!3d31.3321189!4d-94.7206948!16s%2Fg%2F1tyzzc65!19sChIJa7gG6mY9OIYRexsyMEt4oPw?authuser=0&hl=en&rclk=1
TX,"1112 W Frank Ave, Lufkin, TX 75904, United States",+1 936-632-0255,,Grease Monkey,,,COUNTY,,https://www.greasemonkey.com/locations/tx/lufkin/1112-west-frank-ave,4.8,999,,,Open · Closes 7 PM Confirmed by this business 12 weeks ago,auto repair shop,Angelina County,city,COUNTY,2026-07-09T11:36:36,https://www.google.com/maps/place/Grease+Monkey/data=!4m7!3m6!1s0x863817ed2abb9e15:0xfb5ef39ac230aac2!8m2!3d31.3378351!4d-94.7417224!16s%2Fg%2F11grrk_5b9!19sChIJFZ67Ku0XOIYRwqowwprzXvs?authuser=0&hl=en&rclk=1
TX,"3603 S Medford Dr, Lufkin, TX 75901, United States",+1 936-634-8361,,S & W Expert Collision Repair,,,COUNTY,,http://www.swcollision.com/,4.6,234,,,Open · Closes 5 PM,auto repair shop,Angelina County,city,COUNTY,2026-07-09T11:36:36,https://www.google.com/maps/place/S+%26+W+Expert+Collision+Repair/data=!4m7!3m6!1s0x86383d9dfe28e96f:0x2c6abd5727a8f7fc!8m2!3d31.3143318!4d-94.7131415!16s%2Fg%2F1tgyx29z!19sChIJb-ko_p09OIYR_PeoJ1e9aiw?authuser=0&hl=en&rclk=1
TX,"811 N Raguet St, Lufkin, TX 75904, United States",+1 936-639-0055,,Muffler Shop,,,COUNTY,,,4.7,238,,,Open · Closes 5 PM,auto repair shop,Angelina County,city,COUNTY,2026-07-09T11:36:36,https://www.google.com/maps/place/Muffler+Shop/data=!4m7!3m6!1s0x863817e5aa33c9b5:0xb3d9d41765444ae3!8m2!3d31.3449726!4d-94.7372764!16s%2Fg%2F1tdvkk6x!19sChIJtckzquUXOIYR40pEZRfU2bM?authuser=0&hl=en&rclk=1
TX,"1200 N Raguet St, Lufkin, TX 75904, United States",+1 936-632-1847,,Anthony's Auto Repair,,,COUNTY,,,3.2,13,,,,auto repair shop,Angelina County,city,COUNTY,2026-07-09T11:36:36,https://www.google.com/maps/place/Anthony%27s+Auto+Repair/data=!4m7!3m6!1s0x863817f041b9140b:0x679d884124228d3c!8m2!3d31.3485781!4d-94.7394581!16s%2Fg%2F1tptq_0c!19sChIJCxS5QfAXOIYRPI0iJEGInWc?authuser=0&hl=en&rclk=1
TX,"4003 Ellen Trout Dr, Lufkin, TX 75904, United States",+1 936-632-6744,,C & C Enterprises,,,COUNTY,,,4.6,12,,,,auto repair shop,Angelina County,city,COUNTY,2026-07-09T11:36:36,https://www.google.com/maps/place/C+%26+C+Enterprises/data=!4m7!3m6!1s0x86381818120c8761:0x5abbee1d41896633!8m2!3d31.3683078!4d-94.7477504!16s%2Fg%2F1tx4pr41!19sChIJYYcMEhgYOIYRM2aJQR3uu1o?authuser=0&hl=en&rclk=1
TX,"1006 N Timberland Dr, Lufkin, TX 75901, United States",,,Jose's Auto Repair,,,COUNTY,,,4.0,4,,,Open · Closes 5:30 PM,auto repair shop,Angelina County,city,COUNTY,2026-07-09T11:36:36,https://www.google.com/maps/place/Jose%27s+Auto+Repair/data=!4m7!3m6!1s0x86383d508f6f1abf:0xeed99f3d45f127a3!8m2!3d31.3487853!4d-94.7202441!16s%2Fg%2F1260p34bl!19sChIJvxpvj1A9OIYRoyfxRT2f2e4?authuser=0&hl=en&rclk=1
TX,"1601 S First St, Lufkin, TX 75901, United States",+1 936-637-3699,,Grease Monkey,,,COUNTY,,https://www.greasemonkey.com/locations/tx/lufkin/1601-south-1st-st,4.7,866,,,Open · Closes 7 PM Confirmed by this business 12 weeks ago,auto repair shop,Angelina County,city,COUNTY,2026-07-09T11:36:36,https://www.google.com/maps/place/Grease+Monkey/data=!4m7!3m6!1s0x86383dac35f03521:0xcc76c174889357d8!8m2!3d31.3189669!4d-94.727335!16s%2Fg%2F11ff0wj3m7!19sChIJITXwNaw9OIYR2FeTiHTBdsw?authuser=0&hl=en&rclk=1
TX,"914 S John Redditt Dr, Lufkin, TX 75904, United States",+1 936-262-7276,,Mavis Tires & Brakes,,,COUNTY,,https://www.mavis.com/locations/lufkin-tx?utm_source=yext&utm_medium=organic&utm_campaign=gmb&stnum=1221,4.8,1394,,,Open · Closes 8:30 PM Confirmed by this business 2 weeks ago,auto repair shop,Angelina County,city,COUNTY,2026-07-09T11:36:36,https://www.google.com/maps/place/Mavis+Tires+%26+Brakes/data=!4m7!3m6!1s0x863817b081015f21:0xd3dcb2b7bbdf73a0!8m2!3d31.3233061!4d-94.7560399!16s%2Fg%2F1tqnl_sr!19sChIJIV8BgbAXOIYRoHPfu7ey3NM?authuser=0&hl=en&rclk=1
TX,"4021 Ted Trout Dr, Lufkin, TX 75904, United States",+1 936-875-3331,,Richardson Auto Parts,,,COUNTY,,,4.4,45,,,Open · Closes 5 PM,auto repair shop,Angelina County,city,COUNTY,2026-07-09T11:36:36,https://www.google.com/maps/place/Richardson+Auto+Parts/data=!4m7!3m6!1s0x8638173d146809a9:0x8faf4675c83c88ba!8m2!3d31.325739!4d-94.79219!16s%2Fg%2F1txy2qn7!19sChIJqQloFD0XOIYRuog8yHVGr48?authuser=0&hl=en&rclk=1
TX,"1212 E Lufkin Ave, Lufkin, TX 75901, United States",+1 936-632-8500,,A&A Tire Shop- A&A Auto Sales,,,COUNTY,,,4.8,29,,,Open · Closes 5 PM,auto repair shop,Angelina County,city,COUNTY,2026-07-09T11:36:36,https://www.google.com/maps/place/A%26A+Tire+Shop-+A%26A+Auto+Sales/data=!4m7!3m6!1s0x86383d5b5ddc9381:0xd834fa1d0f2277d3!8m2!3d31.336162!4d-94.716041!16s%2Fg%2F11fx7p56zp!19sChIJgZPcXVs9OIYR03ciDx36NNg?authuser=0&hl=en&rclk=1
TX,"114 W Pecan St, Huntington, TX 75949, United States",+1 936-422-5416,,East TX Auto Repair,,,COUNTY,,,4.2,23,,,Open · Closes 5 PM,auto repair shop,Angelina County,city,COUNTY,2026-07-09T11:36:36,https://www.google.com/maps/place/East+TX+Auto+Repair/data=!4m7!3m6!1s0x86383a1a50c90a35:0x81101d75e200a451!8m2!3d31.2821816!4d-94.5756378!16s%2Fg%2F1w346_37!19sChIJNQrJUBo6OIYRUaQA4nUdEIE?authuser=0&hl=en&rclk=1
TX,"1710 S First St, Lufkin, TX 75901, United States",+1 936-340-2819,,JM Chevrolet Service Center,,,COUNTY,,https://www.jmchevy.net/,4.6,14,,,Open · Closes 6 PM,auto repair shop,Angelina County,city,COUNTY,2026-07-09T11:36:36,https://www.google.com/maps/place/JM+Chevrolet+Service+Center/data=!4m7!3m6!1s0x863817270fa0279d:0x1667a5175f51871b!8m2!3d31.3157845!4d-94.7288828!16s%2Fg%2F11vf79xyyr!19sChIJnSegDycXOIYRG4dRXxelZxY?authuser=0&hl=en&rclk=1
TX,"1702 N Timberland Dr, Lufkin, TX 75901, United States",+1 936-632-1123,,Bryan's Paint and Body,,,COUNTY,,https://www.bryanspaintandbody.com/,4.7,218,,,Open · Closes 5 PM,auto repair shop,Angelina County,city,COUNTY,2026-07-09T11:36:36,https://www.google.com/maps/place/Bryan%27s+Paint+and+Body/data=!4m7!3m6!1s0x86383d526c5f4d7f:0x1d1d99bce9847d28!8m2!3d31.3550179!4d-94.7177497!16s%2Fg%2F1xg5t15m!19sChIJf01fbFI9OIYRKH2E6byZHR0?authuser=0&hl=en&rclk=1
TX,"705 E Denman Ave, Lufkin, TX 75901, United States",+1 936-639-2401,,Cook Tire & Service Center,,,COUNTY,,https://www.cooktire.com/?utm_source=google&utm_medium=organic&utm_campaign=google-maps,4.4,183,,,Open · Closes 5 PM,auto repair shop,Angelina County,city,COUNTY,2026-07-09T11:36:36,https://www.google.com/maps/place/Cook+Tire+%26+Service+Center/data=!4m7!3m6!1s0x86383d643bbc870f:0x4a35e022eb5585f3!8m2!3d31.3299446!4d-94.7204895!16s%2Fg%2F11b6xj9bfj!19sChIJD4e8O2Q9OIYR84VV6yLgNUo?authuser=0&hl=en&rclk=1
TX,"TX-287 Loop, Lufkin, TX 75904, United States",,,Kelley AUTOMOTIVE,,,COUNTY,,,3.7,3,,,,auto repair shop,Angelina County,city,COUNTY,2026-07-09T11:36:36,https://www.google.com/maps/place/Kelley+AUTOMOTIVE/data=!4m7!3m6!1s0x863818177b1a7707:0x415d10d4192be101!8m2!3d31.3700262!4d-94.7453252!16s%2Fg%2F11jzw4hp71!19sChIJB3caexcYOIYRAeErGdQQXUE?authuser=0&hl=en&rclk=1
TX,"1810 N Raguet St, Lufkin, TX 75904, United States",+1 936-635-9369,,Rodriguez Tire Shop,,,COUNTY,,,4.6,37,,,Open · Closes 5 PM Updated by this business 2 weeks ago,auto repair shop,Angelina County,city,COUNTY,2026-07-09T11:36:36,https://www.google.com/maps/place/Rodriguez+Tire+Shop/data=!4m7!3m6!1s0x863817f48f3967c5:0xe4849952065ec8d0!8m2!3d31.3532881!4d-94.7462121!16s%2Fg%2F1th6f6l3!19sChIJxWc5j_QXOIYR0MheBlKZhOQ?authuser=0&hl=en&rclk=1
TX,"690 N Main St, Huntington, TX 75949, United States",+1 936-422-3463,,Everything Auto,,,COUNTY,,,4.5,29,,,Open · Closes 5 PM,auto repair shop,Angelina County,city,COUNTY,2026-07-09T11:36:36,https://www.google.com/maps/place/Everything+Auto/data=!4m7!3m6!1s0x86383a1ae6b03651:0x1348fed57e5a47bc!8m2!3d31.2819793!4d-94.5743237!16s%2Fg%2F11gmywc9j3!19sChIJUTaw5ho6OIYRvEdaftX-SBM?authuser=0&hl=en&rclk=1
TX,"610 S Timberland Dr, Lufkin, TX 75901, United States",+1 903-867-7847,,Take 5 Oil Change,,,COUNTY,,https://www.take5.com/locations/oil-change/texas/lufkin/30887/?utm_source=google&utm_medium=organic&utm_campaign=gbp_website,4.6,711,,,Open · Closes 8 PM,auto repair shop,Angelina County,city,COUNTY,2026-07-09T11:36:36,https://www.google.com/maps/place/Take+5+Oil+Change/data=!4m7!3m6!1s0x86383d614dc3ce8b:0xa64de85477b95014!8m2!3d31.3312465!4d-94.7228493!16s%2Fg%2F11f118s5wf!19sChIJi87DTWE9OIYRFFC5d1ToTaY?authuser=0&hl=en&rclk=1
TX,,+1 281-432-7771,,Scott’s Mobile Service,,,COUNTY,,,4.7,29,,,Open 24 hours,auto repair shop,Angelina County,city,COUNTY,2026-07-09T11:36:36,https://www.google.com/maps/place/Scott%E2%80%99s+Mobile+Service/data=!4m7!3m6!1s0x8638174ed625d625:0xe40906896464336f!8m2!3d31.4121555!4d-94.7015484!16s%2Fg%2F11tjms25g3!19sChIJJdYl1k4XOIYRbzNkZIkGCeQ?authuser=0&hl=en&rclk=1
TX,"251 Garrison Dr, Lufkin, TX 75901, United States",+1 936-639-4360,,Mike's Garage & Wrecker Services,,,COUNTY,,,4.1,10,,,,auto repair shop,Angelina County,city,COUNTY,2026-07-09T11:36:36,https://www.google.com/maps/place/Mike%27s+Garage+%26+Wrecker+Services/data=!4m7!3m6!1s0x86383c547b262877:0x78d44552a1848e50!8m2!3d31.309746!4d-94.6828517!16s%2Fg%2F1tvym471!19sChIJdygme1Q8OIYRUI6EoVJF1Hg?authuser=0&hl=en&rclk=1
TX,"610 N Timberland Dr, Lufkin, TX 75901, United States",+1 936-634-8473,,DuPree Tire,,,COUNTY,,https://www.dupreetire.com/,4.8,171,,,Open · Closes 5:30 PM,auto repair shop,Angelina County,city,COUNTY,2026-07-09T11:36:36,https://www.google.com/maps/place/DuPree+Tire/data=!4m7!3m6!1s0x86383d5b15f0b25f:0xaeb749ffdb94f680!8m2!3d31.343879!4d-94.7183019!16s%2Fg%2F1tdzgcfm!19sChIJX7LwFVs9OIYRgPaU2_9Jt64?authuser=0&hl=en&rclk=1
TX,"606 N Timberland Dr, Lufkin, TX 75901, United States",+1 936-634-0088,,Tigers Commercial Tire Repair,,,COUNTY,,,4.8,5,,,Open · Closes 5:30 PM,auto repair shop,Angelina County,city,COUNTY,2026-07-09T11:36:36,https://www.google.com/maps/place/Tigers+Commercial+Tire+Repair/data=!4m7!3m6!1s0x86383d5b3f93c32b:0xad86a672efd9a8cd!8m2!3d31.3435415!4d-94.718445!16s%2Fg%2F1vn_zb54!19sChIJK8OTP1s9OIYRzajZ73Kmhq0?authuser=0&hl=en&rclk=1
TX,"800 N Medford Dr, Lufkin, TX 75901, United States",+1 936-632-6611,,Lufkin Ford Service,,,COUNTY,,https://www.lufkinfordtexas.com/,4.0,11,,,Open · Closes 6 PM,auto repair shop,Angelina County,city,COUNTY,2026-07-09T11:36:36,https://www.google.com/maps/place/Lufkin+Ford+Service/data=!4m7!3m6!1s0x86383d3d3ceb9bd9:0xfce1c08a9bcbb5e4!8m2!3d31.3431221!4d-94.690175!16s%2Fg%2F11llrtclpf!19sChIJ2ZvrPD09OIYR5LXLm4rA4fw?authuser=0&hl=en&rclk=1
TX,"701 N Timberland Dr, Lufkin, TX 75901, United States",,,AMD Tire Shop LLC,,,COUNTY,,https://amdtireshop.com/,4.6,97,,,Open · Closes 7 PM,auto repair shop,Angelina County,city,COUNTY,2026-07-09T11:36:36,https://www.google.com/maps/place/AMD+Tire+Shop+LLC/data=!4m7!3m6!1s0x86383d45f482e8bb:0xb96c35214b5d4a0a!8m2!3d31.3440659!4d-94.7192248!16s%2Fg%2F11h6nprv7h!19sChIJu-iC9EU9OIYRCkpdSyE1bLk?authuser=0&hl=en&rclk=1
TX,"120 W Maple St, Huntington, TX 75949, United States",+1 936-876-4000,,Woody's Transmission and Automotive Repair Services,,,COUNTY,,,4.2,41,,,Open · Closes 4 PM,auto repair shop,Angelina County,city,COUNTY,2026-07-09T11:36:36,https://www.google.com/maps/place/Woody%27s+Transmission+and+Automotive+Repair+Services/data=!4m7!3m6!1s0x86383a1019ccbf89:0x9b98cda08e149817!8m2!3d31.2860378!4d-94.5733655!16s%2Fg%2F11c37_ksvq!19sChIJib_MGRA6OIYRF5gUjqDNmJs?authuser=0&hl=en&rclk=1
TX,"200 Largent St, Lufkin, TX 75904, United States",+1 936-639-9473,,Classic Collision,,,COUNTY,,https://classiccollision.com/locations/classic-collision-hwy-287/,4.7,168,,,Open · Closes 5 PM Updated by this business 4 weeks ago,auto repair shop,Angelina County,city,COUNTY,2026-07-09T11:36:36,https://www.google.com/maps/place/Classic+Collision/data=!4m7!3m6!1s0x863817a3254ad9bf:0xc1140267ada343b1!8m2!3d31.3313379!4d-94.7593214!16s%2Fg%2F1trcgt0y!19sChIJv9lKJaMXOIYRsUOjrWcCFME?authuser=0&hl=en&rclk=1
TX,"820 Jackson Rd, Lufkin, TX 75904, United States",+1 936-208-3796,,T&X Auto repair,,,COUNTY,,,,,,,Open · Closes 4:30 PM,auto repair shop,Angelina County,city,COUNTY,2026-07-09T11:36:36,https://www.google.com/maps/place/T%26X+Auto+repair/data=!4m7!3m6!1s0x863819169b6149d5:0x71c03ed9015fb127!8m2!3d31.3858017!4d-94.7428649!16s%2Fg%2F11w8dwvl4t!19sChIJ1UlhmxYZOIYRJ7FfAdk-wHE?authuser=0&hl=en&rclk=1
TX,"3006 Ford Chapel Rd, Lufkin, TX 75901, United States",+1 936-465-3662,,NATIONAL COLLISION LLC,,,COUNTY,,https://www.facebook.com/nationalcollisionllc,4.9,61,,,Open · Closes 5 PM,auto repair shop,Angelina County,city,COUNTY,2026-07-09T11:36:36,https://www.google.com/maps/place/NATIONAL+COLLISION+LLC/data=!4m7!3m6!1s0x86383d4b1bb3db2f:0x6a36bc37858b8239!8m2!3d31.3298993!4d-94.6965361!16s%2Fg%2F11p_1s880j!19sChIJL9uzG0s9OIYROYKLhTe8Nmo?authuser=0&hl=en&rclk=1
TX,"1514 E Denman Ave, Lufkin, TX 75901, United States",+1 936-639-3368,,Body Masters Quality Collision Repair,,,COUNTY,,http://www.bodymasters.com/,4.3,41,,,Open · Closes 5 PM,auto repair shop,Angelina County,city,COUNTY,2026-07-09T11:36:36,https://www.google.com/maps/place/Body+Masters+Quality+Collision+Repair/data=!4m7!3m6!1s0x86383d0d2824d3cb:0x1a868e1bbef26167!8m2!3d31.3216987!4d-94.7061116!16s%2Fg%2F1tmqgl63!19sChIJy9MkKA09OIYRZ2HyvhuOhho?authuser=0&hl=en&rclk=1
TX,"1807 S Medford Dr, Lufkin, TX 75901, United States",+1 936-699-1029,,Loving Toyota Service Center,,,COUNTY,,https://www.lovingtoyota.com/service-center-homepage.htm?utm_source=google&utm_medium=organic&utm_campaign=GBP,4.6,50,,,Open · Closes 5:30 PM,auto repair shop,Angelina County,city,COUNTY,2026-07-09T11:36:36,https://www.google.com/maps/place/Loving+Toyota+Service+Center/data=!4m7!3m6!1s0x86383d65639d6c9f:0xc8802ae015120787!8m2!3d31.3226356!4d-94.694694!16s%2Fg%2F11g9qc8sv3!19sChIJn2ydY2U9OIYRhwcSFeAqgMg?authuser=0&hl=en&rclk=1
TX,"1702 N Raguet St, Lufkin, TX 75904, United States",+1 936-212-0129,,L&M Truck and Trailer Care,,,COUNTY,,https://www.lmtruckandtrailercare.com/,5.0,3,,,Open 24 hours,auto repair shop,Angelina County,city,COUNTY,2026-07-09T11:36:36,https://www.google.com/maps/place/L%26M+Truck+and+Trailer+Care/data=!4m7!3m6!1s0x8638178d35c6b179:0x5b99d01f5249a8f4!8m2!3d31.3526585!4d-94.7447981!16s%2Fg%2F11xvdyfl1_!19sChIJebHGNY0XOIYR9KhJUh_QmVs?authuser=0&hl=en&rclk=1
TX,"2934 S John Redditt Dr, Lufkin, TX 75904, United States",+1 936-633-2888,,Classic Collision,,,COUNTY,,https://classiccollision.com/locations/classic-collision-south-john-redditt/,4.9,87,,,Open · Closes 5 PM Updated by this business 4 weeks ago,auto repair shop,Angelina County,city,COUNTY,2026-07-09T11:36:36,https://www.google.com/maps/place/Classic+Collision/data=!4m7!3m6!1s0x8638175658e39389:0x7c3cd279ebaed937!8m2!3d31.3061436!4d-94.7311998!16s%2Fg%2F11y2nkft2_!19sChIJiZPjWFYXOIYRN9mu63nSPHw?authuser=0&hl=en&rclk=1
TX,"1705 S First St, Lufkin, TX 75901, United States",+1 936-639-5588,,Kia Service & Parts,,,COUNTY,,https://www.kimberlyeakinkia.com/service.aspx,4.2,45,,,Open · Closes 5:30 PM,auto repair shop,Angelina County,city,COUNTY,2026-07-09T11:36:36,https://www.google.com/maps/place/Kia+Service+%26+Parts/data=!4m7!3m6!1s0x86383d8f260a1dd5:0x288a803f1e3f158b!8m2!3d31.315437!4d-94.726994!16s%2Fg%2F11k04ldzcz!19sChIJ1R0KJo89OIYRixU_Hj-Aiig?authuser=0&hl=en&rclk=1
TX,"1500 Atkinson Dr, Lufkin, TX 75901, United States",,,Zion Auto Glass,,,COUNTY,,https://zionautoglass.com/,4.9,190,,,,auto repair shop,Angelina County,city,COUNTY,2026-07-09T11:36:36,https://www.google.com/maps/place/Zion+Auto+Glass/data=!4m7!3m6!1s0x8814dbcd68862c1b:0xf8bbf9763c580ec6!8m2!3d31.3477376!4d-94.7106296!16s%2Fg%2F11s0yw2p12!19sChIJGyyGaM3bFIgRxg5YPHb5u_g?authuser=0&hl=en&rclk=1
TX,"104 S Timberland Dr, Lufkin, TX 75901, United States",+1 936-639-3995,,The Tire Store,,,COUNTY,,,4.4,86,,,Open · Closes 5:30 PM,auto repair shop,Angelina County,city,COUNTY,2026-07-09T11:36:36,https://www.google.com/maps/place/The+Tire+Store/data=!4m7!3m6!1s0x86383dacfd0e3d27:0xedf0dd5844fcfb46!8m2!3d31.3361805!4d-94.7182704!16s%2Fg%2F11pq2j95wj!19sChIJJz0O_aw9OIYRRvv8RFjd8O0?authuser=0&hl=en&rclk=1
TX,"1111 Mitchell Ave, Lufkin, TX 75901, United States",+1 936-632-0496,,Weaver's Car Care,,,COUNTY,,,4.2,27,,,Open · Closes 5 PM,auto repair shop,Angelina County,city,COUNTY,2026-07-09T11:36:36,https://www.google.com/maps/place/Weaver%27s+Car+Care/data=!4m7!3m6!1s0x86383d6fb2109f03:0x91ec4ac2952a9c12!8m2!3d31.3273741!4d-94.7154818!16s%2Fg%2F1tr8ly_s!19sChIJA58Qsm89OIYREpwqlcJK7JE?authuser=0&hl=en&rclk=1
TX,"1464 Stubblefield Dr, Lufkin, TX 75904, United States",+1 936-404-5550,,McLeod's Auto Glass,,,COUNTY,,https://mcleodsautoglass.com/,4.9,103,,,Open · Closes 5:30 PM,auto repair shop,Angelina County,city,COUNTY,2026-07-09T11:36:36,https://www.google.com/maps/place/McLeod%27s+Auto+Glass/data=!4m7!3m6!1s0x863819f5b70b3e39:0x20433c974caa2445!8m2!3d31.3812464!4d-94.7750444!16s%2Fg%2F11hzy8b0k8!19sChIJOT4Lt_UZOIYRRSSqTJc8QyA?authuser=0&hl=en&rclk=1
TX,"1433 S Medford Dr, Lufkin, TX 75901, United States",+1 936-634-4488,,Loving Nissan Service Center,,,COUNTY,,https://www.lovingnissan.com/?utm_source=google&utm_medium=organic&utm_campaign=GBP,4.8,117,,,Open · Closes 5:30 PM,auto repair shop,Angelina County,city,COUNTY,2026-07-09T11:36:36,https://www.google.com/maps/place/Loving+Nissan+Service+Center/data=!4m7!3m6!1s0x86383d3e967ee139:0x2f8941a674b4d371!8m2!3d31.3249018!4d-94.6912942!16s%2Fg%2F11hr19m_07!19sChIJOeF-lj49OIYRcdO0dKZBiS8?authuser=0&hl=en&rclk=1
TX,"509 N Timberland Dr, Lufkin, TX 75901, United States",+1 936-632-3267,,Bebo's Tire Center,,,COUNTY,,http://www.bebostirecenter.com/,4.4,124,,,Open · Closes 5:30 PM,auto repair shop,Angelina County,city,COUNTY,2026-07-09T11:36:36,https://www.google.com/maps/place/Bebo%27s+Tire+Center/data=!4m7!3m6!1s0x86383d728f541909:0xb1ccb27b75061659!8m2!3d31.3423222!4d-94.7187601!16s%2Fg%2F1tj2j86c!19sChIJCRlUj3I9OIYRWRYGdXuyzLE?authuser=0&hl=en&rclk=1
TX,"2308 N John Redditt Dr, Lufkin, TX 75904, United States",+1 936-639-4888,,Dynamic Customs & Off-Road Shop,,,COUNTY,,http://www.dynamictx.com/,4.8,92,,,Open · Closes 6 PM,auto repair shop,Angelina County,city,COUNTY,2026-07-09T11:36:36,https://www.google.com/maps/place/Dynamic+Customs+%26+Off-Road+Shop/data=!4m7!3m6!1s0x86383d66ad10b8e9:0x70bc57c5e3adeec2!8m2!3d31.3584347!4d-94.7636915!16s%2Fg%2F1tf02vx6!19sChIJ6bgQrWY9OIYRwu6t48VXvHA?authuser=0&hl=en&rclk=1
TX,"1710 N Raguet St, Lufkin, TX 75904, United States",+1 936-632-2031,,Classic Collision,,,COUNTY,,https://classiccollision.com/locations/classic-collision-raguet/,4.7,97,,,Open · Closes 5 PM Updated by this business 4 weeks ago,auto repair shop,Angelina County,city,COUNTY,2026-07-09T11:36:36,https://www.google.com/maps/place/Classic+Collision/data=!4m7!3m6!1s0x863817f4784a2c75:0xd4d27a77b6ca92b0!8m2!3d31.3527079!4d-94.7452231!16s%2Fg%2F1tn01lx1!19sChIJdSxKePQXOIYRsJLKtnd60tQ?authuser=0&hl=en&rclk=1
TX,"2500 Daniel McCall Dr, Lufkin, TX 75904, United States",+1 936-639-2325,,Walmart Auto Care Center,,,COUNTY,,https://www.walmart.com/store/140-lufkin-tx/auto-care-center/?veh=seo_loc,3.0,100,,,Open · Closes 7 PM,auto repair shop,Angelina County,city,COUNTY,2026-07-09T11:36:36,https://www.google.com/maps/place/Walmart+Auto+Care+Center/data=!4m7!3m6!1s0x863816271754ac9d:0xcda1aee25d60c40b!8m2!3d31.2986083!4d-94.7312913!16s%2Fg%2F11r8p1_bm!19sChIJnaxUFycWOIYRC8RgXeKuoc0?authuser=0&hl=en&rclk=1
TX,"165 Woods Rd, Lufkin, TX 75901, United States",+1 936-639-5431,,LONESTAR Collision Center,,,COUNTY,,,5.0,17,,,Open · Closes 5 PM,auto repair shop,Angelina County,city,COUNTY,2026-07-09T11:36:36,https://www.google.com/maps/place/LONESTAR+Collision+Center/data=!4m7!3m6!1s0x86383c9582d1ae33:0xe450daea9b32c4f4!8m2!3d31.3376259!4d-94.6633568!16s%2Fg%2F11fx95_06c!19sChIJM67RgpU8OIYR9MQym-raUOQ?authuser=0&hl=en&rclk=1
TX,"801 N Timberland Dr, Lufkin, TX 75901, United States",+1 936-632-7779,,Timberland Tire,,,COUNTY,,,4.5,95,,,Open · Closes 5:30 PM,auto repair shop,Angelina County,city,COUNTY,2026-07-09T11:36:36,https://www.google.com/maps/place/Timberland+Tire/data=!4m7!3m6!1s0x86383d19b254d0e9:0xa514ce3075576910!8m2!3d31.3458286!4d-94.7198748!16s%2Fg%2F11ghfr3qqd!19sChIJ6dBUshk9OIYREGlXdTDOFKU?authuser=0&hl=en&rclk=1
TX,"110 Church St, Lufkin, TX 75901, United States",+1 936-639-6544,,Home Run Auto Glass,,,COUNTY,,,4.8,44,,,Open · Closes 3 PM,auto repair shop,Angelina County,city,COUNTY,2026-07-09T11:36:36,https://www.google.com/maps/place/Home+Run+Auto+Glass/data=!4m7!3m6!1s0x86383d67e3a9848b:0x4e09db21a5a09e39!8m2!3d31.3354127!4d-94.7175477!16s%2Fg%2F1vc_qr1p!19sChIJi4Sp42c9OIYROZ6gpSHbCU4?authuser=0&hl=en&rclk=1
TX,"3015 E Denman Ave, Lufkin, TX 75901, United States",+1 936-639-1404,,W&B Service Co,,,COUNTY,,http://www.wbservice.com/,4.7,81,,,Open · Closes 5 PM,auto repair shop,Angelina County,city,COUNTY,2026-07-09T11:36:36,https://www.google.com/maps/place/W%26B+Service+Co/data=!4m7!3m6!1s0x86383c5b5c7315b5:0x370aea40e539f4f5!8m2!3d31.313614!4d-94.6868625!16s%2Fg%2F1263g1jc_!19sChIJtRVzXFs8OIYR9fQ55UDqCjc?authuser=0&hl=en&rclk=1
TX,"285 N Ave A, Aransas Pass, TX 78336, United States",+1 361-230-0057,,My Shop,,,COUNTY,,http://myapshop.com/,4.7,71,,,Open · Closes 5 PM,auto repair shop,Aransas County,city,COUNTY,2026-07-09T11:44:04,https://www.google.com/maps/place/My+Shop/data=!4m7!3m6!1s0x8668534a97286765:0x5f2d5d84ab1482ec!8m2!3d27.9187324!4d-97.1613983!16s%2Fg%2F11mw7hymc6!19sChIJZWcol0pTaIYR7IIUq4RdLV8?authuser=0&hl=en&rclk=1
TX,"1910 W Market St, Rockport, TX 78382, United States",+1 361-230-5512,,Rockport Auto Repair,,,COUNTY,,http://rockportautorepair.com/,5.0,58,,,Open · Closes 5 PM Updated by this business 2 weeks ago,auto repair shop,Aransas County,city,COUNTY,2026-07-09T11:44:04,https://www.google.com/maps/place/Rockport+Auto+Repair/data=!4m7!3m6!1s0x8669b5c38eab747b:0x97ddae7256020b13!8m2!3d28.030805!4d-97.0852707!16s%2Fg%2F11s7bfh09z!19sChIJe3SrjsO1aYYREwsCVnKu3Zc?authuser=0&hl=en&rclk=1
TX,"1354 W Wheeler Ave, Aransas Pass, TX 78336, United States",+1 361-758-7524,,Keith's Car Care Center,,,COUNTY,,,4.3,150,,,Open · Closes 6 PM,auto repair shop,Aransas County,city,COUNTY,2026-07-09T11:44:04,https://www.google.com/maps/place/Keith%27s+Car+Care+Center/data=!4m7!3m6!1s0x86685212b4845761:0xf72e1f9ab9812e57!8m2!3d27.9137495!4d-97.1568185!16s%2Fg%2F1tl1j9xz!19sChIJYVeEtBJSaIYRVy6BuZofLvc?authuser=0&hl=en&rclk=1
TX,"2314 S Church, Rockport, TX 78382, United States",+1 361-790-5055,,Rockport Auto Clinic,,,COUNTY,,https://rockportautoclinic.com/,4.7,134,,,Open · Closes 5 PM,auto repair shop,Aransas County,city,COUNTY,2026-07-09T11:44:04,https://www.google.com/maps/place/Rockport+Auto+Clinic/data=!4m7!3m6!1s0x8669b482a25962bb:0x85279f97471dc51c!8m2!3d28.0025912!4d-97.0667002!16s%2Fg%2F1ptxnjtt1!19sChIJu2JZooK0aYYRHMUdR5efJ4U?authuser=0&hl=en&rclk=1
TX,"336 W Cleveland Blvd, Aransas Pass, TX 78336, United States",+1 361-758-5823,,Grease Monkey,,,COUNTY,,https://www.greasemonkey.com/locations/tx/aransas-pass/336-w.-cleveland-blvd.,4.9,837,,,Open · Closes 7 PM Confirmed by this business 12 weeks ago,auto repair shop,Aransas County,city,COUNTY,2026-07-09T11:44:04,https://www.google.com/maps/place/Grease+Monkey/data=!4m7!3m6!1s0x866853aab5b2e981:0xb6267a02fd380601!8m2!3d27.9112125!4d-97.1441041!16s%2Fg%2F11rgz_dq6m!19sChIJgemytapTaIYRAQY4_QJ6JrY?authuser=0&hl=en&rclk=1
TX,"318 W Market St, Rockport, TX 78382, United States",+1 361-729-1709,,Gordo's Tires & Automotive,,,COUNTY,,http://gordostiresandautomotivellc.com/,4.6,271,,,Open · Closes 5 PM,auto repair shop,Aransas County,city,COUNTY,2026-07-09T11:44:04,https://www.google.com/maps/place/Gordo%27s+Tires+%26+Automotive/data=!4m7!3m6!1s0x8669b3627b6d21a5:0xe32caaafa2623e73!8m2!3d28.0237652!4d-97.0636189!16s%2Fg%2F1pp2vf7hb!19sChIJpSFte2KzaYYRcz5ioq-qLOM?authuser=0&hl=en&rclk=1
TX,"1103 W Palmetto Ave, Rockport, TX 78382, United States",+1 361-230-8795,,Victory Automotive Services,,,COUNTY,,http://victoryauto.services/,4.9,30,,,Open · Closes 5 PM,auto repair shop,Aransas County,city,COUNTY,2026-07-09T11:44:04,https://www.google.com/maps/place/Victory+Automotive+Services/data=!4m7!3m6!1s0x8669b501a5ddc831:0x53a9ac23a2e3b977!8m2!3d28.0605609!4d-97.0446956!16s%2Fg%2F11yj7_jxyj!19sChIJMcjdpQG1aYYRd7njoiOsqVM?authuser=0&hl=en&rclk=1
TX,"1561 W Wheeler Ave, Aransas Pass, TX 78336, United States",+1 361-758-1030,,Wright Brothers Automotive,,,COUNTY,,http://wright-brothers-aransas-pass.lany.io/,4.7,61,,,,auto repair shop,Aransas County,city,COUNTY,2026-07-09T11:44:04,https://www.google.com/maps/place/Wright+Brothers+Automotive/data=!4m7!3m6!1s0x8668521279366def:0xe9932a027770d452!8m2!3d27.914658!4d-97.1603174!16s%2Fg%2F1vyn48y9!19sChIJ7202eRJSaIYRUtRwdwIqk-k?authuser=0&hl=en&rclk=1
TX,"315 E Concho St, Rockport, TX 78382, United States",+1 361-790-7777,,Adam's Automotive,,,COUNTY,,,4.2,95,,,Open · Closes 6 PM,auto repair shop,Aransas County,city,COUNTY,2026-07-09T11:44:04,https://www.google.com/maps/place/Adam%27s+Automotive/data=!4m7!3m6!1s0x8669b48286e1ad41:0x7b4eb4ac50c7e37e!8m2!3d28.0251568!4d-97.0582079!16s%2Fg%2F1vnrr0x6!19sChIJQa3hhoK0aYYRfuPHUKy0Tns?authuser=0&hl=en&rclk=1
TX,"422 W Avenue G, Port Aransas, TX 78373, United States",+1 361-749-4290,,Mrs. Woody's/ Bella Bella Boutique,,,COUNTY,,https://www.mrswoodyjrsauto.com/,4.3,262,,,Open · Closes 5 PM,auto repair shop,Aransas County,city,COUNTY,2026-07-09T11:44:04,https://www.google.com/maps/place/Mrs.+Woody%27s%2F+Bella+Bella+Boutique/data=!4m7!3m6!1s0x8669ab658b3b11d9:0x7780aa1e8f12735f!8m2!3d27.8304943!4d-97.0697455!16s%2Fg%2F1v7pyxqs!19sChIJ2RE7i2WraYYRX3MSjx6qgHc?authuser=0&hl=en&rclk=1
TX,"2491 Main St, Ingleside, TX 78362, United States",+1 361-776-0240,,Quality Automotive Repair,,,COUNTY,,,4.5,110,,,Open · Closes 5:30 PM,auto repair shop,Aransas County,city,COUNTY,2026-07-09T11:44:04,https://www.google.com/maps/place/Quality+Automotive+Repair/data=!4m7!3m6!1s0x8668510595420123:0x28415209d60cffb4!8m2!3d27.8701883!4d-97.2128345!16s%2Fg%2F1xtf1_hw!19sChIJIwFClQVRaIYRtP8M1glSQSg?authuser=0&hl=en&rclk=1
TX,"2721 W Main St, Ingleside, TX 78362, United States",+1 361-776-0944,,JP Auto & Diesel,,,COUNTY,,,4.5,125,,,Open · Closes 5 PM,auto repair shop,Aransas County,city,COUNTY,2026-07-09T11:44:04,https://www.google.com/maps/place/JP+Auto+%26+Diesel/data=!4m7!3m6!1s0x866851a8e7f5d69b:0xd5214734ee2b8a71!8m2!3d27.88106!4d-97.2134036!16s%2Fg%2F1v3h_drh!19sChIJm9b156hRaIYRcYor7jRHIdU?authuser=0&hl=en&rclk=1
TX,"gregory-Portland, Rockport-fulton, Aransas pass, port Aransas,ingleside, Rockport, TX 78382, United States",+1 361-557-8007,,"WHEREVER WHENEVER MOBILE MECHANIC- CONSULTING, DIAGNOSTICS, MAINTENANCE, MODIFICATION, & REPAIR SERVICE",,,COUNTY,,https://www.whereverwhenevermobilemechanicservice.com/,4.0,2,,,Open · Closes 5 PM,auto repair shop,Aransas County,city,COUNTY,2026-07-09T11:44:04,"https://www.google.com/maps/place/WHEREVER+WHENEVER+MOBILE+MECHANIC-+CONSULTING,+DIAGNOSTICS,+MAINTENANCE,+MODIFICATION,+%26+REPAIR+SERVICE/data=!4m7!3m6!1s0x8669b592e996ac79:0xd8cd4b2264f4b723!8m2!3d28.0248512!4d-97.0615154!16s%2Fg%2F11y3x2k4jd!19sChIJeayW6ZK1aYYRI7f0ZCJLzdg?authuser=0&hl=en&rclk=1"
TX,"121 W Market St, Rockport, TX 78382, United States",+1 361-729-3909,,Craig's Tire Services,,,COUNTY,,http://www.craigstireservice.com/,4.8,345,,,Open · Closes 5 PM,auto repair shop,Aransas County,city,COUNTY,2026-07-09T11:44:04,https://www.google.com/maps/place/Craig%27s+Tire+Services/data=!4m7!3m6!1s0x8669b362d3c7685b:0xb6882305f452958e!8m2!3d28.0220772!4d-97.0608342!16s%2Fg%2F1thbx2hq!19sChIJW2jH02KzaYYRjpVS9AUjiLY?authuser=0&hl=en&rclk=1
TX,,+1 361-717-4703,,Hofer's Mobile Mechanics,,,COUNTY,,https://www.hofersmobilemechanics.com/,5.0,54,,,Open 24 hours,auto repair shop,Aransas County,city,COUNTY,2026-07-09T11:44:04,https://www.google.com/maps/place/Hofer%27s+Mobile+Mechanics/data=!4m7!3m6!1s0x811c0d115a50232b:0x92cca93afb0865a4!8m2!3d27.8126261!4d-97.3581427!16s%2Fg%2F11xdwzjb00!19sChIJKyNQWhENHIERpGUI-zqpzJI?authuser=0&hl=en&rclk=1
TX,"4015 Ayers St, Corpus Christi, TX 78415, United States",+1 361-852-2496,,Performance Auto Tech,,,COUNTY,,https://performanceautotechcc.net/,4.8,406,,,Open · Closes 7:30 PM,auto repair shop,Aransas County,city,COUNTY,2026-07-09T11:44:04,https://www.google.com/maps/place/Performance+Auto+Tech/data=!4m7!3m6!1s0x8668f56674815d4f:0xf25f5c515f2d9e19!8m2!3d27.7527687!4d-97.4171434!16s%2Fg%2F1vnnjv5p!19sChIJT12BdGb1aIYRGZ4tX1FcX_I?authuser=0&hl=en&rclk=1
TX,"1000 N Chaparral St, Corpus Christi, TX 78401, United States",+1 361-300-1526,,Ocean Drive Auto Repair,,,COUNTY,,https://www.instagram.com/oceandriveautorepaircc?igsh=bnhlOTM3bDBjanoy&utm_source=qr,5.0,16,,,Open 24 hours,auto repair shop,Aransas County,city,COUNTY,2026-07-09T11:44:04,https://www.google.com/maps/place/Ocean+Drive+Auto+Repair/data=!4m7!3m6!1s0x86685fc8f2610f0d:0xbcdee040b7abe03f!8m2!3d27.800583!4d-97.3940125!16s%2Fg%2F11z0pl08rz!19sChIJDQ9h8shfaIYRP-Crt0Dg3rw?authuser=0&hl=en&rclk=1
TX,"200 Daniel Moore Ave, Portland, TX 78374, United States",+1 361-643-3611,,GP Auto-Tech Center,,,COUNTY,,,4.3,235,,,Open · Closes 6 PM,auto repair shop,Aransas County,city,COUNTY,2026-07-09T11:44:04,https://www.google.com/maps/place/GP+Auto-Tech+Center/data=!4m7!3m6!1s0x86685b0fd08f6113:0x6437985296c7e87e!8m2!3d27.8818189!4d-97.3200209!16s%2Fg%2F1tfp_85f!19sChIJE2GP0A9baIYRfujHllKYN2Q?authuser=0&hl=en&rclk=1
TX,"2732 S Padre Island Dr, Corpus Christi, TX 78415, United States",+1 361-855-6421,,Corpus Auto Service,,,COUNTY,,https://corpusautoservice.com/,4.6,196,,,Open · Closes 5 PM,auto repair shop,Aransas County,city,COUNTY,2026-07-09T11:44:04,https://www.google.com/maps/place/Corpus+Auto+Service/data=!4m7!3m6!1s0x86685ff3eb4b0dd3:0xfa748614d58068b4!8m2!3d27.7329498!4d-97.4205466!16s%2Fg%2F1vgx15g8!19sChIJ0w1L6_NfaIYRtGiA1RSGdPo?authuser=0&hl=en&rclk=1
TX,"2778 Main St, Ingleside, TX 78362, United States",+1 361-238-2083,,GMT Superior Lube,,,COUNTY,,http://gmtlube.com/,4.6,39,,,Open · Closes 5 PM,auto repair shop,Aransas County,city,COUNTY,2026-07-09T11:44:04,https://www.google.com/maps/place/GMT+Superior+Lube/data=!4m7!3m6!1s0x866851a47299c103:0x9bf948e0f6d83729!8m2!3d27.8781143!4d-97.2112764!16s%2Fg%2F11vd9xz3x6!19sChIJA8GZcqRRaIYRKTfY9uBI-Zs?authuser=0&hl=en&rclk=1
TX,"807 Railroad Ave, Portland, TX 78374, United States",+1 361-413-0645,,McWhorter Service Group Inc.,,,COUNTY,,http://mcwhorterservicegroup.com/?utm_source=gmb&utm_medium=referral,4.7,115,,,Open · Closes 5:30 PM,auto repair shop,Aransas County,city,COUNTY,2026-07-09T11:44:04,https://www.google.com/maps/place/McWhorter+Service+Group+Inc./data=!4m7!3m6!1s0x86685bfa997144ff:0xa1c7899a0d5b3fad!8m2!3d27.8765818!4d-97.3210087!16s%2Fg%2F11ng64xr2h!19sChIJ_0RxmfpbaIYRrT9bDZqJx6E?authuser=0&hl=en&rclk=1
TX,"202 W Wilson Ave, Aransas Pass, TX 78336, United States",+1 361-758-7465,,Discount Auto Parts,,,COUNTY,,,4.7,244,,,Open · Closes 7 PM,auto repair shop,Aransas County,city,COUNTY,2026-07-09T11:44:04,https://www.google.com/maps/place/Discount+Auto+Parts/data=!4m7!3m6!1s0x86685267fcf39bb3:0xe6a1e4d8675dd910!8m2!3d27.9044998!4d-97.1465859!16s%2Fg%2F1tgd6zc8!19sChIJs5vz_GdSaIYRENldZ9jkoeY?authuser=0&hl=en&rclk=1
TX,"2324 Monkey Rd, Rockport, TX 78382, United States",+1 361-729-6902,,Jerrys Auto Service,,,COUNTY,,,3.8,10,,,,auto repair shop,Aransas County,city,COUNTY,2026-07-09T11:44:04,https://www.google.com/maps/place/Jerrys+Auto+Service/data=!4m7!3m6!1s0x8669b3370125d75f:0xd2163e17458496df!8m2!3d27.996962!4d-97.0845754!16s%2Fg%2F11hy9nz4j_!19sChIJX9clATezaYYR35aERRc-FtI?authuser=0&hl=en&rclk=1
TX,"110 W Oakes Ave, Port Aransas, TX 78373, United States",+1 361-749-2401,,Discount Auto Parts,,,COUNTY,,,4.7,123,,,Open · Closes 6 PM,auto repair shop,Aransas County,city,COUNTY,2026-07-09T11:44:04,https://www.google.com/maps/place/Discount+Auto+Parts/data=!4m7!3m6!1s0x8669ab62c6cdb1db:0x6a82fdb924720d5f!8m2!3d27.8363804!4d-97.0615951!16s%2Fg%2F11bvtj88nc!19sChIJ27HNxmKraYYRXw1yJLn9gmo?authuser=0&hl=en&rclk=1
TX,"2350 Airline Rd, Corpus Christi, TX 78414, United States",+1 361-993-1390,,TC Auto Service,,,COUNTY,,http://www.tcautoservice.help/,4.8,3219,,,Open · Closes 6 PM,auto repair shop,Aransas County,city,COUNTY,2026-07-09T11:44:04,https://www.google.com/maps/place/TC+Auto+Service/data=!4m7!3m6!1s0x8668f5cd9babd663:0xfee00ebe632284a7!8m2!3d27.6858129!4d-97.3631714!16s%2Fg%2F1wz53420!19sChIJY9arm831aIYRp4QiY74O4P4?authuser=0&hl=en&rclk=1
TX,"751 S Commercial St, Aransas Pass, TX 78336, United States",+1 361-561-7438,,Brizuela New & Used Tires,,,COUNTY,,,4.1,105,,,Open · Closes 6 PM,auto repair shop,Aransas County,city,COUNTY,2026-07-09T11:44:04,https://www.google.com/maps/place/Brizuela+New+%26+Used+Tires/data=!4m7!3m6!1s0x866852437c3bfbeb:0xa1d55c3badcf1a72!8m2!3d27.8979814!4d-97.1487575!16s%2Fg%2F12637zv45!19sChIJ6_s7fENSaIYRchrPrTtc1aE?authuser=0&hl=en&rclk=1
TX,"602 S Staples St, Corpus Christi, TX 78401, United States",+1 361-850-7183,,T & A's Auto Service,,,COUNTY,,,4.6,57,,,Open · Closes 6 PM,auto repair shop,Aransas County,city,COUNTY,2026-07-09T11:44:04,https://www.google.com/maps/place/T+%26+A%27s+Auto+Service/data=!4m7!3m6!1s0x86685f8e581cee0b:0xe9acc8e1c9830fbb!8m2!3d27.7857208!4d-97.401871!16s%2Fg%2F1tjdxb7b!19sChIJC-4cWI5faIYRuw-DyeHIrOk?authuser=0&hl=en&rclk=1
TX,"2929 S Port Ave, Corpus Christi, TX 78405, United States",+1 361-888-8959,,Sergio's Auto Repair,,,COUNTY,,,4.4,91,,,Open · Closes 5 PM,auto repair shop,Aransas County,city,COUNTY,2026-07-09T11:44:04,https://www.google.com/maps/place/Sergio%27s+Auto+Repair/data=!4m7!3m6!1s0x86685fcb95be745d:0xda976fdd616b6f3e!8m2!3d27.7684852!4d-97.4206529!16s%2Fg%2F1thq5qsb!19sChIJXXS-lctfaIYRPm9rYd1vl9o?authuser=0&hl=en&rclk=1
TX,"416 Adolfo Rd, Aransas Pass, TX 78336, United States",+1 361-460-8378,,Bettercaremobilerv repair,,,COUNTY,,http://bancmobilervrepair.com/,4.1,37,,,Open · Closes 5 PM,auto repair shop,Aransas County,city,COUNTY,2026-07-09T11:44:04,https://www.google.com/maps/place/Bettercaremobilerv+repair/data=!4m7!3m6!1s0x86684d769a241635:0xa47df2260e2904f3!8m2!3d27.9384159!4d-97.1277199!16s%2Fg%2F11g__4nc_d!19sChIJNRYkmnZNaIYR8wQpDibyfaQ?authuser=0&hl=en&rclk=1
TX,"404 E Wilson Ave, Aransas Pass, TX 78336, United States",+1 361-229-0681,,Aransas Auto & Marine,,,COUNTY,,,3.6,30,,,Open · Closes 5:30 PM,auto repair shop,Aransas County,city,COUNTY,2026-07-09T11:44:04,https://www.google.com/maps/place/Aransas+Auto+%26+Marine/data=!4m7!3m6!1s0x8668525dc43bd3a1:0x367d474f9b226305!8m2!3d27.9020544!4d-97.1418816!16s%2Fg%2F11f3vkl0fw!19sChIJodM7xF1SaIYRBWMim09HfTY?authuser=0&hl=en&rclk=1
TX,"5721 Ayers St B, Corpus Christi, TX 78415, United States",+1 361-765-4366,,Saenz Auto Repair,,,COUNTY,,,4.9,16,,,,auto repair shop,Aransas County,city,COUNTY,2026-07-09T11:44:04,https://www.google.com/maps/place/Saenz+Auto+Repair/data=!4m7!3m6!1s0x86685fff60a693d3:0xd663fc2cbc87275!8m2!3d27.7255546!4d-97.4340963!16s%2Fg%2F11cjplphq_!19sChIJ05OmYP9faIYRdXLIy8I_Zg0?authuser=0&hl=en&rclk=1
TX,"811 S Commercial St, Aransas Pass, TX 78336, United States",+1 361-966-1099,,Ebenezer General Mechanic,,,COUNTY,,,1.0,1,,,Open · Closes 7 PM Updated by this business 1 week ago,auto repair shop,Aransas County,city,COUNTY,2026-07-09T11:44:04,https://www.google.com/maps/place/Ebenezer+General+Mechanic/data=!4m7!3m6!1s0x8668534bf6b06b09:0xd472e4f0365af852!8m2!3d27.8974753!4d-97.1491895!16s%2Fg%2F11w4fng_7x!19sChIJCWuw9ktTaIYRUvhaNvDkctQ?authuser=0&hl=en&rclk=1
TX,"1512 Kresta Ln, Rockport, TX 78382, United States",+1 361-205-0461,,361mobile car care,,,COUNTY,,,1.0,1,,,Open · Closes 7 PM,auto repair shop,Aransas County,city,COUNTY,2026-07-09T11:44:04,https://www.google.com/maps/place/361mobile+car+care/data=!4m7!3m6!1s0x8669b3b49d8f6b23:0xb6487f36ee2da620!8m2!3d28.0087554!4d-97.0867942!16s%2Fg%2F11kyx622pv!19sChIJI2uPnbSzaYYRIKYt7jZ_SLY?authuser=0&hl=en&rclk=1
TX,"3760 S Alameda St, Corpus Christi, TX 78411, United States",+1 361-852-1221,,Thomas Exxon Auto Service,,,COUNTY,,https://www.thomasexxon.com/,4.7,242,,,Open · Closes 5 PM,auto repair shop,Aransas County,city,COUNTY,2026-07-09T11:44:04,https://www.google.com/maps/place/Thomas+Exxon+Auto+Service/data=!4m7!3m6!1s0x86685f3ff598178d:0x979409683f7dcfde!8m2!3d27.7446182!4d-97.3814078!16s%2Fg%2F11gvxzsx7f!19sChIJjReY9T9faIYR3s99P2gJlJc?authuser=0&hl=en&rclk=1
TX,"1724 Morgan Ave, Corpus Christi, TX 78404, United States",+1 361-299-5525,,Ava Auto Repair,,,COUNTY,,http://avaautorepair.com/,4.8,28,,,Open · Closes 6 PM,auto repair shop,Aransas County,city,COUNTY,2026-07-09T11:44:04,https://www.google.com/maps/place/Ava+Auto+Repair/data=!4m7!3m6!1s0x86685f4dd724b92f:0xd5f2fb2eb4c18535!8m2!3d27.7785721!4d-97.4088024!16s%2Fg%2F11pkct7msn!19sChIJL7kk101faIYRNYXBtC778tU?authuser=0&hl=en&rclk=1
TX,"2426 Gibbs St, Corpus Christi, TX 78415, United States",+1 361-257-1376,,Knuckle Busters Automotive,,,COUNTY,,https://www.facebook.com/K.B.Automotive2426,4.8,22,,,Open · Closes 5 PM,auto repair shop,Aransas County,city,COUNTY,2026-07-09T11:44:04,https://www.google.com/maps/place/Knuckle+Busters+Automotive/data=!4m7!3m6!1s0x86685f8d44e9810d:0x3cdab23cd8743c1f!8m2!3d27.7293313!4d-97.4289179!16s%2Fg%2F11t3c4jrzl!19sChIJDYHpRI1faIYRHzx02Dyy2jw?authuser=0&hl=en&rclk=1
TX,"5733 Ayers St, Corpus Christi, TX 78415, United States",+1 361-855-4949,,Rodriguez Auto Service & Collision,,,COUNTY,,https://www.rodriguezautoservices.com/,4.6,70,,,Open · Closes 5 PM,auto repair shop,Aransas County,city,COUNTY,2026-07-09T11:44:04,https://www.google.com/maps/place/Rodriguez+Auto+Service+%26+Collision/data=!4m7!3m6!1s0x86685fff590aeef9:0xc4066727525e9935!8m2!3d27.725379!4d-97.434248!16s%2Fg%2F1v75sbgs!19sChIJ-e4KWf9faIYRNZleUidnBsQ?authuser=0&hl=en&rclk=1
TX,"3501 S Staples St, Corpus Christi, TX 78411, United States",+1 361-855-7926,,Staples Tire & Automotive,,,COUNTY,,http://staplestire.com/,4.7,370,,,Open · Closes 6 PM,auto repair shop,Aransas County,city,COUNTY,2026-07-09T11:44:04,https://www.google.com/maps/place/Staples+Tire+%26+Automotive/data=!4m7!3m6!1s0x86685f75bd07e657:0x1977c501d504d6b8!8m2!3d27.7474916!4d-97.393879!16s%2Fg%2F1tdx93wp!19sChIJV-YHvXVfaIYRuNYE1QHFdxk?authuser=0&hl=en&rclk=1
TX,"4524 Ayers St, Corpus Christi, TX 78415, United States",+1 361-452-1462,,B & J Auto Repair,,,COUNTY,,http://b-j-auto-repair-corpus-christi.jany.io/,4.6,39,,,Open · Closes 6 PM,auto repair shop,Aransas County,city,COUNTY,2026-07-09T11:44:04,https://www.google.com/maps/place/B+%26+J+Auto+Repair/data=!4m7!3m6!1s0x86685febe4e589a5:0xdaf26d452392bd43!8m2!3d27.7442309!4d-97.421318!16s%2Fg%2F1wf390xr!19sChIJpYnl5OtfaIYRQ72SI0Vt8to?authuser=0&hl=en&rclk=1
TX,"3074 S Padre Island Dr, Corpus Christi, TX 78415, United States",+1 361-855-5362,,Alignments Plus & Auto Repair,,,COUNTY,,,4.5,64,,,Open · Closes 8 PM,auto repair shop,Aransas County,city,COUNTY,2026-07-09T11:44:04,https://www.google.com/maps/place/Alignments+Plus+%26+Auto+Repair/data=!4m7!3m6!1s0x86685f8b71a4f53b:0xea6030489c268f69!8m2!3d27.7311471!4d-97.4143821!16s%2Fg%2F1w0j4mff!19sChIJO_WkcYtfaIYRaY8mnEgwYOo?authuser=0&hl=en&rclk=1
TX,"1312 S Station St, Port Aransas, TX 78373, United States",+1 361-229-1878,,Port A Cart Repair,,,COUNTY,,https://www.portacartrepair.com/,5.0,7,,,Open · Closes 5 PM,auto repair shop,Aransas County,city,COUNTY,2026-07-09T11:44:04,https://www.google.com/maps/place/Port+A+Cart+Repair/data=!4m7!3m6!1s0x8669ab49ad40eaf9:0xc06ad10925d1ffd0!8m2!3d27.8220154!4d-97.0689799!16s%2Fg%2F11rn81fkg7!19sChIJ-epArUmraYYR0P_RJQnRasA?authuser=0&hl=en&rclk=1
TX,"3838 Bratton Road, Corpus Christi, TX 78413, United States",+1 361-855-6721,,Mahaffey's Garage,,,COUNTY,,https://www.facebook.com/Mahaffeys-Garage-671616776253558/,4.9,66,,,Open · Closes 5:30 PM,auto repair shop,Aransas County,city,COUNTY,2026-07-09T11:44:04,https://www.google.com/maps/place/Mahaffey%27s+Garage/data=!4m7!3m6!1s0x8668f53da1ac26d9:0xb9f2bae7d969eb24!8m2!3d27.6942704!4d-97.4180678!16s%2Fg%2F1tf1c59t!19sChIJ2SasoT31aIYRJOtp2ee68rk?authuser=0&hl=en&rclk=1
TX,"1923 S Staples St, Corpus Christi, TX 78404, United States",+1 361-882-9611,,CC Transformations Automotive-Mechanical & Maintenance,,,COUNTY,,https://linktr.ee/Cctrllc,4.6,49,,,Open · Closes 6 PM,auto repair shop,Aransas County,city,COUNTY,2026-07-09T11:44:04,https://www.google.com/maps/place/CC+Transformations+Automotive-Mechanical+%26+Maintenance/data=!4m7!3m6!1s0x86685f997a51f8e9:0x966ff92ccae3db78!8m2!3d27.7678414!4d-97.402881!16s%2Fg%2F11rcvgfmr7!19sChIJ6fhReplfaIYReNvjyiz5b5Y?authuser=0&hl=en&rclk=1
TX,"2501 W Wheeler Ave, Aransas Pass, TX 78336, United States",+1 361-758-1087,,Walmart Auto Care Center,,,COUNTY,,https://www.walmart.com/store/458-aransas-pass-tx/auto-care-center/?veh=seo_loc,3.0,82,,,Open · Closes 7 PM,auto repair shop,Aransas County,city,COUNTY,2026-07-09T11:44:04,https://www.google.com/maps/place/Walmart+Auto+Care+Center/data=!4m7!3m6!1s0x86685201ac6ed355:0xc2810f3f9086589!8m2!3d27.9209944!4d-97.1766479!16s%2Fg%2F1hc3v3l8p!19sChIJVdNurAFSaIYRiWUI-fMQKAw?authuser=0&hl=en&rclk=1
TX,"1225 N Commercial St, Aransas Pass, TX 78336, United States",+1 361-758-8286,,E & J Towing & Recovery,,,COUNTY,,http://www.ejtow.com/,4.2,132,,,Open 24 hours,auto repair shop,Aransas County,city,COUNTY,2026-07-09T11:44:04,https://www.google.com/maps/place/E+%26+J+Towing+%26+Recovery/data=!4m7!3m6!1s0x866852872140569b:0x6d59b24c76b126ca!8m2!3d27.920412!4d-97.1334109!16s%2Fg%2F1tlndwkm!19sChIJm1ZAIYdSaIYRyiaxdkyyWW0?authuser=0&hl=en&rclk=1
TX,"1109 Cline St, Corpus Christi, TX 78418, United States",+1 361-906-7836,,The Mechanic Shop,,,COUNTY,,,4.7,121,,,Open · Closes 5:30 PM,auto repair shop,Aransas County,city,COUNTY,2026-07-09T11:44:04,https://www.google.com/maps/place/The+Mechanic+Shop/data=!4m7!3m6!1s0x8668f7acdc643ac1:0x9c7c374883d41444!8m2!3d27.6656278!4d-97.2786544!16s%2Fg%2F11mw4_vmw6!19sChIJwTpk3Kz3aIYRRBTUg0g3fJw?authuser=0&hl=en&rclk=1
TX,"4742 Kostoryz Rd, Corpus Christi, TX 78415, United States",+1 361-225-3384,,Phillip's Auto Service,,,COUNTY,,,5.0,5,,,Open · Closes 5:30 PM,auto repair shop,Aransas County,city,COUNTY,2026-07-09T11:44:04,https://www.google.com/maps/place/Phillip%27s+Auto+Service/data=!4m7!3m6!1s0x86685fb0eb609db1:0x4f5768cdeed8fc26!8m2!3d27.7334672!4d-97.4095874!16s%2Fg%2F11ssxbjwrd!19sChIJsZ1g67BfaIYRJvzY7s1oV08?authuser=0&hl=en&rclk=1
TX,"4801 Mansheim Blvd, Corpus Christi, TX 78415, United States",,,Santos Auto Repair Shop,,,COUNTY,,,3.8,29,,,Open · Closes 7 PM,auto repair shop,Aransas County,city,COUNTY,2026-07-09T11:44:04,https://www.google.com/maps/place/Santos+Auto+Repair+Shop/data=!4m7!3m6!1s0x86685f8ebb9b6623:0x48c56bf768694c07!8m2!3d27.7334366!4d-97.4104223!16s%2Fg%2F11c51xc1t9!19sChIJI2abu45faIYRB0xpaPdrxUg?authuser=0&hl=en&rclk=1
TX,"2218 Johnson Rd, Aransas Pass, TX 78336, United States",+1 361-746-4717,,Ricks Mobile RV Repair and Roofing Solutions,,,COUNTY,,,4.8,75,,,Open 24 hours,auto repair shop,Aransas County,city,COUNTY,2026-07-09T11:44:04,https://www.google.com/maps/place/Ricks+Mobile+RV+Repair+and+Roofing+Solutions/data=!4m7!3m6!1s0x86684d654511d36b:0x4bab8a4d620373fa!8m2!3d27.9438035!4d-97.1500169!16s%2Fg%2F11j5f7285d!19sChIJa9MRRWVNaIYR-nMDYk2Kq0s?authuser=0&hl=en&rclk=1
TX,"2806 Agnes St, Corpus Christi, TX 78405, United States",+1 361-215-7587,,Oscars Auto Repair,,,COUNTY,,,4.5,16,,,,auto repair shop,Aransas County,city,COUNTY,2026-07-09T11:44:04,https://www.google.com/maps/place/Oscars+Auto+Repair/data=!4m7!3m6!1s0x86685e3977b87123:0x93e211d57a23e714!8m2!3d27.7872555!4d-97.4210946!16s%2Fg%2F11fct5jkw8!19sChIJI3G4dzleaIYRFOcjetUR4pM?authuser=0&hl=en&rclk=1
TX,"1525 S Port Ave, Corpus Christi, TX 78405, United States",+1 361-884-1001,,Flanagan's Muffler Shop at Port & Baldwin,,,COUNTY,,http://flanagans-shop.edan.io/,4.8,215,,,Open · Closes 5 PM,auto repair shop,Aransas County,city,COUNTY,2026-07-09T11:44:04,https://www.google.com/maps/place/Flanagan%27s+Muffler+Shop+at+Port+%26+Baldwin/data=!4m7!3m6!1s0x86685e349223a56b:0x28be3e9209fed47f!8m2!3d27.7748573!4d-97.4206773!16s%2Fg%2F1td2vb8c!19sChIJa6UjkjReaIYRf9T-CZI-vig?authuser=0&hl=en&rclk=1
TX,"4214 Dillon Ln, Corpus Christi, TX 78415, United States",+1 361-852-1622,,Sanford's Auto Service,,,COUNTY,,,4.1,22,,,Open · Closes 5 PM,auto repair shop,Aransas County,city,COUNTY,2026-07-09T11:44:04,https://www.google.com/maps/place/Sanford%27s+Auto+Service/data=!4m7!3m6!1s0x8668f53d9fd2c1c1:0x34ade96d9c8ea3f4!8m2!3d27.7495482!4d-97.4208522!16s%2Fg%2F1tfd2v7w!19sChIJwcHSnz31aIYR9KOOnG3prTQ?authuser=0&hl=en&rclk=1
TX,"603 Banty Ln, Aransas Pass, TX 78336, United States",+1 361-230-3339,,Freedom RV Service,,,COUNTY,,https://www.freedomrvsalesandservice.com/,4.5,160,,,Open · Closes 5 PM,auto repair shop,Aransas County,city,COUNTY,2026-07-09T11:44:04,https://www.google.com/maps/place/Freedom+RV+Service/data=!4m7!3m6!1s0x86684dca7ccbd6f7:0x86bc998e3eb1578f!8m2!3d27.9393929!4d-97.1411394!16s%2Fg%2F11h196wpdq!19sChIJ99bLfMpNaIYRj1exPo6ZvIY?authuser=0&hl=en&rclk=1
TX,"3902 S Port Ave, Corpus Christi, TX 78415, United States",+1 361-232-7766,,M&G Auto Repair,,,COUNTY,,,5.0,8,,,Open · Closes 6 PM,auto repair shop,Aransas County,city,COUNTY,2026-07-09T11:44:04,https://www.google.com/maps/place/M%26G+Auto+Repair/data=!4m7!3m6!1s0x86685f179a0d342b:0x23cd6ff237ac538f!8m2!3d27.7565404!4d-97.4198097!16s%2Fg%2F11pqx_hhkc!19sChIJKzQNmhdfaIYRj1OsN_JvzSM?authuser=0&hl=en&rclk=1
TX,"3831 Morgan Ave, Corpus Christi, TX 78405, United States",+1 361-462-4270,,R.C Auto Service Shop,,,COUNTY,,,5.0,3,,,Open · Closes 6 PM,auto repair shop,Aransas County,city,COUNTY,2026-07-09T11:44:04,https://www.google.com/maps/place/R.C+Auto+Service+Shop/data=!4m7!3m6!1s0x86685fdb4901389f:0xe65fbb585eed62fb!8m2!3d27.7756062!4d-97.434134!16s%2Fg%2F11pv694v1j!19sChIJnzgBSdtfaIYR-2LtXli7X-Y?authuser=0&hl=en&rclk=1
TX,"3209 S Padre Island Dr, Corpus Christi, TX 78415, United States",+1 361-400-5634,,Midas,,,COUNTY,,https://www.midas.com/store/tx/corpus-christi/3209-south-padre-island-drive-78415/?shopnum=5266&utm_source=google&utm_medium=organic&utm_campaign=gbp,3.8,356,,,Open · Closes 6 PM,auto repair shop,Aransas County,city,COUNTY,2026-07-09T11:44:04,https://www.google.com/maps/place/Midas/data=!4m7!3m6!1s0x86685f8a6bbc958d:0xddaf646e4e3082cf!8m2!3d27.7275812!4d-97.4125956!16s%2Fg%2F1vg_d8xb!19sChIJjZW8a4pfaIYRz4IwTm5kr90?authuser=0&hl=en&rclk=1
TX,"812 N Commercial St, Aransas Pass, TX 78336, United States",+1 361-208-6554,,Twisted Coastal RV,,,COUNTY,,http://www.twistedcoastalrv.com/,4.8,151,,,,auto repair shop,Aransas County,city,COUNTY,2026-07-09T11:44:04,https://www.google.com/maps/place/Twisted+Coastal+RV/data=!4m7!3m6!1s0xa788f80bc08e1ecf:0xc0afb266ecb2a805!8m2!3d27.9143851!4d-97.1381498!16s%2Fg%2F11pzrw824d!19sChIJzx6OwAv4iKcRBaiy7Gayr8A?authuser=0&hl=en&rclk=1
TX,"230 NAS Dr, Corpus Christi, TX 78418, United States",+1 361-905-2196,,Advanced Diesel & Automotive L.L.C,,,COUNTY,,https://advancedieselauto.com/,4.7,37,,,Open · Closes 6 PM,auto repair shop,Aransas County,city,COUNTY,2026-07-09T11:44:04,https://www.google.com/maps/place/Advanced+Diesel+%26+Automotive+L.L.C/data=!4m7!3m6!1s0x8668f531eace7c71:0x1b9aab2a10afb2c1!8m2!3d27.6788826!4d-97.2764035!16s%2Fg%2F11t_whvxhs!19sChIJcXzO6jH1aIYRwbKvECqrmhs?authuser=0&hl=en&rclk=1
TX,"4718 Kostoryz Rd, Corpus Christi, TX 78415, United States",+1 361-334-0636,,Oil Town Express Services,,,COUNTY,,https://m.facebook.com/oiltowncc/,4.7,186,,,Open · Closes 6 PM,auto repair shop,Aransas County,city,COUNTY,2026-07-09T11:44:04,https://www.google.com/maps/place/Oil+Town+Express+Services/data=!4m7!3m6!1s0x86685fc98405eb05:0x3a0e97f487154434!8m2!3d27.7341933!4d-97.4091499!16s%2Fg%2F11m49n9d5b!19sChIJBesFhMlfaIYRNEQVh_SXDjo?authuser=0&hl=en&rclk=1
TX,"2252 W Wheeler Ave, Aransas Pass, TX 78336, United States",+1 361-758-7516,,NAPA Auto Parts - Third Coast Distributing Aransas Pass,,,COUNTY,,https://www.napaonline.com/en/TX/Aransas-Pass/store/26604?cid=pl_jobber_google_dac_26604_ao,4.4,67,,,Open · Closes 6 PM,auto repair shop,Aransas County,city,COUNTY,2026-07-09T11:44:04,https://www.google.com/maps/place/NAPA+Auto+Parts+-+Third+Coast+Distributing+Aransas+Pass/data=!4m7!3m6!1s0x86685212b4845761:0xb4e76dd6dba85300!8m2!3d27.922575!4d-97.1717119!16s%2Fg%2F1tlmnrrl!19sChIJYVeEtBJSaIYRAFOo29Zt57Q?authuser=0&hl=en&rclk=1
TX,"457 Banty Ln, Aransas Pass, TX 78336, United States",+1 361-727-6524,,Rock'n 3 Mobile RV Service,,,COUNTY,,http://rockn3rvservice.com/?utm_source=gmb&utm_medium=referral,3.5,13,,,Open · Closes 5 PM,auto repair shop,Aransas County,city,COUNTY,2026-07-09T11:44:04,https://www.google.com/maps/place/Rock%27n+3+Mobile+RV+Service/data=!4m7!3m6!1s0x86684dac3e3fb457:0x6c9e2c2638ab7ce3!8m2!3d27.935057!4d-97.1337714!16s%2Fg%2F11ss8js6sx!19sChIJV7Q_PqxNaIYR43yrOCYsnmw?authuser=0&hl=en&rclk=1
TX,"3422 Ayers St, Corpus Christi, TX 78415, United States",+1 361-883-3556,,Discount Muffler & Auto Center,,,COUNTY,,,4.4,59,,,Open · Closes 5 PM,auto repair shop,Aransas County,city,COUNTY,2026-07-09T11:44:04,https://www.google.com/maps/place/Discount+Muffler+%26+Auto+Center/data=!4m7!3m6!1s0x86685fb9a761686b:0x55bdf9e9e68b0a0a!8m2!3d27.758471!4d-97.412891!16s%2Fg%2F1tftfrb_!19sChIJa2hhp7lfaIYRCgqL5un5vVU?authuser=0&hl=en&rclk=1
TX,"Archer City, TX 76351, United States",,,Hilbers Tire,,,COUNTY,,,4.8,15,,,Open · Closes 5 PM,auto repair shop,Archer County,city,COUNTY,2026-07-09T11:52:04,https://www.google.com/maps/place/Hilbers+Tire/data=!4m7!3m6!1s0x865305f698952c2d:0x4cfb27a05e0b40af!8m2!3d33.5955605!4d-98.6225867!16s%2Fg%2F11lf_gjlqy!19sChIJLSyVmPYFU4YRr0ALXqAn-0w?authuser=0&hl=en&rclk=1
TX,"1329 Midwestern Pkwy, Wichita Falls, TX 76302, United States",+1 940-304-0011,,Falls Town Auto,,,COUNTY,,https://www.wichitafallsautorepairs.com/,4.9,761,,,Open · Closes 5 PM,auto repair shop,Archer County,city,COUNTY,2026-07-09T11:52:04,https://www.google.com/maps/place/Falls+Town+Auto/data=!4m7!3m6!1s0x8653200c1d9928f7:0x964a45d6c7190c9!8m2!3d33.876849!4d-98.4910206!16s%2Fg%2F11cn8xn0n6!19sChIJ9yiZHQwgU4YRyZBxbF2kZAk?authuser=0&hl=en&rclk=1
TX,"2519 E Montgomery Pl, Wichita Falls, TX 76308, United States",+1 940-696-9286,,North Texas Automotive Service,,,COUNTY,,https://nortexauto.com/,4.6,1053,,,Open · Closes 6 PM,auto repair shop,Archer County,city,COUNTY,2026-07-09T11:52:04,https://www.google.com/maps/place/North+Texas+Automotive+Service/data=!4m7!3m6!1s0x865321d14ca6084b:0xa402bd040030e79b!8m2!3d33.8629861!4d-98.534656!16s%2Fg%2F1tdc118g!19sChIJSwimTNEhU4YRm-cwAAS9AqQ?authuser=0&hl=en&rclk=1
TX,"1106 W Main St, Olney, TX 76374, United States",+1 940-564-2883,,Olney Auto Tire & Truck Service,,,COUNTY,,,4.3,33,,,Open · Closes 5 PM Confirmed by this business 12 weeks ago,auto repair shop,Archer County,city,COUNTY,2026-07-09T11:52:04,https://www.google.com/maps/place/Olney+Auto+Tire+%26+Truck+Service/data=!4m7!3m6!1s0x8653a30c172b82b5:0xb4a02198e45233a0!8m2!3d33.3710304!4d-98.7670916!16s%2Fg%2F11hkxn6x6l!19sChIJtYIrFwyjU4YRoDNS5JghoLQ?authuser=0&hl=en&rclk=1
TX,"4714 Kemp Blvd, Wichita Falls, TX 76308, United States",+1 940-692-6362,,Southwest Automotive Wichita Falls,,,COUNTY,,https://www.southwestautomotivewf.com/,4.5,55,,,Open · Closes 5:30 PM,auto repair shop,Archer County,city,COUNTY,2026-07-09T11:52:04,https://www.google.com/maps/place/Southwest+Automotive+Wichita+Falls/data=!4m7!3m6!1s0x865321d62a0bfee1:0xb21db8f91b45f32d!8m2!3d33.8555037!4d-98.5367371!16s%2Fg%2F1vsprxth!19sChIJ4f4LKtYhU4YRLfNFG_m4HbI?authuser=0&hl=en&rclk=1
TX,"5000 Old Jacksboro Hwy, Wichita Falls, TX 76302, United States",+1 940-733-1559,,Billy's Auto Repair,,,COUNTY,,,4.5,186,,,Open · Closes 6 PM,auto repair shop,Archer County,city,COUNTY,2026-07-09T11:52:04,https://www.google.com/maps/place/Billy%27s+Auto+Repair/data=!4m7!3m6!1s0x86532002bc12635b:0x2ebf41a0f48d3450!8m2!3d33.8583076!4d-98.4952307!16s%2Fg%2F11b63rhxz8!19sChIJW2MSvAIgU4YRUDSN9KBBvy4?authuser=0&hl=en&rclk=1
TX,"135 Demoss Rd, Archer City, TX 76351, United States",+1 682-233-3428,,Auto Ricambi LLC,,,COUNTY,,https://autoricambi.us/,5.0,45,,,,auto repair shop,Archer County,city,COUNTY,2026-07-09T11:52:04,https://www.google.com/maps/place/Auto+Ricambi+LLC/data=!4m7!3m6!1s0x865305be2a90c793:0xa53bc57081e5eb21!8m2!3d33.588411!4d-98.6114721!16s%2Fg%2F11xz06p2t1!19sChIJk8eQKr4FU4YRIevlgXDFO6U?authuser=0&hl=en&rclk=1
TX,"213 E Wichita St, Henrietta, TX 76365, United States",+1 940-538-9009,,Skelton’s Shop LLC,,,COUNTY,,https://skeltonsshop.com/,4.8,115,,,Open 24 hours,auto repair shop,Archer County,city,COUNTY,2026-07-09T11:52:04,https://www.google.com/maps/place/Skelton%E2%80%99s+Shop+LLC/data=!4m7!3m6!1s0x8652eb675f133207:0x89a55161130eeb02!8m2!3d33.8170646!4d-98.193606!16s%2Fg%2F11q2xtyl2f!19sChIJBzITX2frUoYRAusOE2FRpYk?authuser=0&hl=en&rclk=1
TX,"402 W Main St, Olney, TX 76374, United States",+1 940-564-3154,,Woodall Service,,,COUNTY,,,4.0,4,,,Open · Closes 5 PM,auto repair shop,Archer County,city,COUNTY,2026-07-09T11:52:04,https://www.google.com/maps/place/Woodall+Service/data=!4m7!3m6!1s0x8653a38dea0fc729:0x6ceb080eccff6d7a!8m2!3d33.3708932!4d-98.7576246!16s%2Fg%2F1tdyr68l!19sChIJKccP6o2jU4YRem3_zA4I62w?authuser=0&hl=en&rclk=1
TX,"2814 Kell W Blvd, Wichita Falls, TX 76309, United States",+1 940-689-8880,,Texoma Fleet And Auto Repair,,,COUNTY,,http://www.texomafleet.com/,4.5,119,,,Open · Closes 6 PM Confirmed by this business 4 weeks ago,auto repair shop,Archer County,city,COUNTY,2026-07-09T11:52:04,https://www.google.com/maps/place/Texoma+Fleet+And+Auto+Repair/data=!4m7!3m6!1s0x865321b40cfb820d:0x4fdb3003a8837760!8m2!3d33.8851647!4d-98.5322877!16s%2Fg%2F1thzv6cc!19sChIJDYL7DLQhU4YRYHeDqAMw208?authuser=0&hl=en&rclk=1
TX,"1841 Martin Luther King Jr Blvd, Wichita Falls, TX 76301, United States",+1 940-337-2832,,Bubba's Complete Auto Repair,,,COUNTY,,,5.0,17,,,Open · Closes 4 PM,auto repair shop,Archer County,city,COUNTY,2026-07-09T11:52:04,https://www.google.com/maps/place/Bubba%27s+Complete+Auto+Repair/data=!4m7!3m6!1s0x8653214f13aded81:0x9e3d290dc60ab349!8m2!3d33.9023505!4d-98.4571128!16s%2Fg%2F11l37zgbgd!19sChIJge2tE08hU4YRSbMKxg0pPZ4?authuser=0&hl=en&rclk=1
TX,"Building in Rear, 3410 Sheppard Access Rd, Wichita Falls, TX 76306, United States",,,Billy's Auto Service & Restorations,,,COUNTY,,http://www.facebook.com/Billys-Auto-Service-Restorations-637482969691180/,4.7,13,,,Open · Closes 5:30 PM,auto repair shop,Archer County,city,COUNTY,2026-07-09T11:52:04,https://www.google.com/maps/place/Billy%27s+Auto+Service+%26+Restorations/data=!4m7!3m6!1s0x865327306b4c301f:0x87eb7aa2804a29bf!8m2!3d33.9572707!4d-98.5157736!16s%2Fg%2F11clghqht5!19sChIJHzBMazAnU4YRvylKgKJ664c?authuser=0&hl=en&rclk=1
TX,"109 Henrietta St, Wichita Falls, TX 76301, United States",+1 940-337-9761,,Tony's Auto Quality Service,,,COUNTY,,http://tonysautoquality.com/,4.8,22,,,Open · Closes 5 PM,auto repair shop,Archer County,city,COUNTY,2026-07-09T11:52:04,https://www.google.com/maps/place/Tony%27s+Auto+Quality+Service/data=!4m7!3m6!1s0x8653207f76f6db8f:0xfc13238aeb79a1!8m2!3d33.9021784!4d-98.4851676!16s%2Fg%2F11byyhjgp2!19sChIJj9v2dn8gU4YRoXnriiMT_AA?authuser=0&hl=en&rclk=1
TX,"2919 Sheppard Access Rd, Wichita Falls, TX 76306, United States",+1 940-855-6210,,M&R Motors,,,COUNTY,,http://mandrmotorandrepair.com/,4.5,29,,,Open · Closes 5 PM,auto repair shop,Archer County,city,COUNTY,2026-07-09T11:52:04,https://www.google.com/maps/place/M%26R+Motors/data=!4m7!3m6!1s0x86532733aff47295:0xf518f96cdb4ee40b!8m2!3d33.9506728!4d-98.5140444!16s%2Fg%2F1thzp9p7!19sChIJlXL0rzMnU4YRC-RO22z5GPU?authuser=0&hl=en&rclk=1
TX,"1016 Central E Fwy Suite B, Wichita Falls, TX 76306, United States",+1 940-257-5188,,JC MOBILE MECHANICS,,,COUNTY,,http://jcmobilemechanics.com/,3.8,509,,,Open 24 hours,auto repair shop,Archer County,city,COUNTY,2026-07-09T11:52:04,https://www.google.com/maps/place/JC+MOBILE+MECHANICS/data=!4m7!3m6!1s0x865321c74a693859:0xe6874d3ff6b1c0db!8m2!3d33.9295252!4d-98.5160242!16s%2Fg%2F11bytmb4mv!19sChIJWThpSschU4YR28Cx9j9Nh-Y?authuser=0&hl=en&rclk=1
TX,"804 NW Access Rd, Iowa Park, TX 76367, United States",+1 940-592-3000,,German Autokraft II Inc.,,,COUNTY,,,4.5,64,,,Open · Closes 5 PM,auto repair shop,Archer County,city,COUNTY,2026-07-09T11:52:04,https://www.google.com/maps/place/German+Autokraft+II+Inc./data=!4m7!3m6!1s0x86533b3d066887dd:0xc6278d242953dfe0!8m2!3d33.9664616!4d-98.6801616!16s%2Fg%2F1thxwmz6!19sChIJ3YdoBj07U4YR4N9TKSSNJ8Y?authuser=0&hl=en&rclk=1
TX,"2484 River Rd, Wichita Falls, TX 76305, United States",+1 940-782-2188,,David's complete auto repair,,,COUNTY,,,4.4,16,,,,auto repair shop,Archer County,city,COUNTY,2026-07-09T11:52:04,https://www.google.com/maps/place/David%27s+complete+auto+repair/data=!4m7!3m6!1s0x8652df1b01cea615:0xc701791f8eededd3!8m2!3d33.9394102!4d-98.4499965!16s%2Fg%2F11sgq8cjhf!19sChIJFabOARvfUoYR0-3tjh95Acc?authuser=0&hl=en&rclk=1
TX,"306 E Washington St, Rockwall, TX 75087, United States",+1 972-722-5704,,Archer Car Care,,,COUNTY,,https://archercarcare.com/,4.7,149,,,Open · Closes 5 PM,auto repair shop,Archer County,city,COUNTY,2026-07-09T11:52:04,https://www.google.com/maps/place/Archer+Car+Care/data=!4m7!3m6!1s0x864c01c9244e2e0f:0x8f577c208c7ad08a!8m2!3d32.9299887!4d-96.4580293!16s%2Fg%2F1v940gdr!19sChIJDy5OJMkBTIYRitB6jCB8V48?authuser=0&hl=en&rclk=1
TX,"110 Flood St, Wichita Falls, TX 76301, United States",+1 940-322-6114,,Tony's Auto Repair,,,COUNTY,,,4.6,32,,,Open · Closes 5:35 PM,auto repair shop,Archer County,city,COUNTY,2026-07-09T11:52:04,https://www.google.com/maps/place/Tony%27s+Auto+Repair/data=!4m7!3m6!1s0x86532082bbb73fdf:0x4d0cb81713e3089a!8m2!3d33.9154251!4d-98.4846277!16s%2Fg%2F1w0sd8lk!19sChIJ3z-3u4IgU4YRmgjjExe4DE0?authuser=0&hl=en&rclk=1
TX,"2749 Harding St, Wichita Falls, TX 76305, United States",+1 940-720-0562,,Professional Auto Care,,,COUNTY,,,4.8,44,,,Open · Closes 5 PM,auto repair shop,Archer County,city,COUNTY,2026-07-09T11:52:04,https://www.google.com/maps/place/Professional+Auto+Care/data=!4m7!3m6!1s0x8652def6d1406589:0x803573832e749fa!8m2!3d33.9139897!4d-98.4260687!16s%2Fg%2F11c1rt7tn8!19sChIJiWVA0fbeUoYR-knnMjhXAwg?authuser=0&hl=en&rclk=1
TX,"4316 Call Field Rd, Wichita Falls, TX 76308, United States",+1 940-767-1399,,Todd's Auto Repair,,,COUNTY,,,4.3,18,,,Open · Closes 5 PM,auto repair shop,Archer County,city,COUNTY,2026-07-09T11:52:04,https://www.google.com/maps/place/Todd%27s+Auto+Repair/data=!4m7!3m6!1s0x8653219fb3535145:0x2f0c082eb7e7e8d0!8m2!3d33.872167!4d-98.5528102!16s%2Fg%2F11vlgvgfwb!19sChIJRVFTs58hU4YR0Ojnty4IDC8?authuser=0&hl=en&rclk=1
TX,"1523 Speedway Ave, Wichita Falls, TX 76301, United States",+1 812-581-2939,,Uncle J's Mobile Auto Repair,,,COUNTY,,https://www.facebook.com/UncleJ.Autos,4.9,70,,,Open · Closes 8 PM,auto repair shop,Archer County,city,COUNTY,2026-07-09T11:52:04,https://www.google.com/maps/place/Uncle+J%27s+Mobile+Auto+Repair/data=!4m7!3m6!1s0x6a72cacf858f56eb:0xca0094cb762f9186!8m2!3d33.8877814!4d-98.4965367!16s%2Fg%2F11k4khys70!19sChIJ61aPhc_KcmoRhpEvdsuUAMo?authuser=0&hl=en&rclk=1
TX,"627 N Main St, Jacksboro, TX 76458, United States",+1 940-567-6411,,T&S Tire and Lube,,,COUNTY,,http://www.jacksborochamber.com/list/member/t-s-tire-and-lube-llc-1141,4.7,52,,,Open · Closes 5 PM,auto repair shop,Archer County,city,COUNTY,2026-07-09T11:52:04,https://www.google.com/maps/place/T%26S+Tire+and+Lube/data=!4m7!3m6!1s0x865241727df550e1:0x8f91136c5b376423!8m2!3d33.2246904!4d-98.1593347!16s%2Fg%2F11hstcl8v0!19sChIJ4VD1fXJBUoYRI2Q3W2wTkY8?authuser=0&hl=en&rclk=1
TX,"1016 Central E Fwy, Wichita Falls, TX 76306, United States",+1 940-696-1290,,Allen's Auto & Diesel Repair,,,COUNTY,,,3.6,58,,,Open · Closes 6 PM,auto repair shop,Archer County,city,COUNTY,2026-07-09T11:52:04,https://www.google.com/maps/place/Allen%27s+Auto+%26+Diesel+Repair/data=!4m7!3m6!1s0x8653219826891573:0xbd72b7504e8b2689!8m2!3d33.9295186!4d-98.5160242!16s%2Fg%2F11hfrd1y1y!19sChIJcxWJJpghU4YRiSaLTlC3cr0?authuser=0&hl=en&rclk=1
TX,"4015 Seymour Hwy, Wichita Falls, TX 76309, United States",+1 940-696-5801,,Rose's Auto & Truck Inc.,,,COUNTY,,http://rosesautotruck.com/,4.5,42,,,Open · Closes 5 PM,auto repair shop,Archer County,city,COUNTY,2026-07-09T11:52:04,https://www.google.com/maps/place/Rose%27s+Auto+%26+Truck+Inc./data=!4m7!3m6!1s0x865321a11c633e7d:0xb793677d9b6cffe7!8m2!3d33.8983239!4d-98.5465824!16s%2Fg%2F1tp1z6zy!19sChIJfT5jHKEhU4YR5_9sm31nk7c?authuser=0&hl=en&rclk=1
TX,"211 N North Rd, Grand Island, NE 68803, United States",+1 940-574-2880,,Archer City Automotive,,,COUNTY,,,4.7,3,,,,auto repair shop,Archer County,city,COUNTY,2026-07-09T11:52:04,https://www.google.com/maps/place/Archer+City+Automotive/data=!4m7!3m6!1s0x865305cfc0ce0551:0x981ec990515f5887!8m2!3d33.5972033!4d-98.6256114!16s%2Fg%2F11bxc632vq!19sChIJUQXOwM8FU4YRh1hfUZDJHpg?authuser=0&hl=en&rclk=1
TX,"404 Indiana Ave, Wichita Falls, TX 76301, United States",+1 940-500-1036,,Ward's Automotive Repair,,,COUNTY,,,4.6,12,,,Open · Closes 5 PM,auto repair shop,Archer County,city,COUNTY,2026-07-09T11:52:04,https://www.google.com/maps/place/Ward%27s+Automotive+Repair/data=!4m7!3m6!1s0x8653209ac9c40ab1:0x27eddba79e63c83c!8m2!3d33.9159334!4d-98.4941427!16s%2Fg%2F1t_wps40!19sChIJsQrEyZogU4YRPMhjnqfb7Sc?authuser=0&hl=en&rclk=1
TX,"1111 Lamar St, Wichita Falls, TX 76301, United States",+1 940-432-3152,,Firestone Complete Auto Care,,,COUNTY,,https://www.firestonecompleteautocare.com/texas/wichita-falls/1111-lamar-st/?utm_source=google&utm_medium=organic&utm_campaign=localmaps&cmp=oloc_google_localmaps_maps,4.3,392,,,Open · Closes 6 PM,auto repair shop,Archer County,city,COUNTY,2026-07-09T11:52:04,https://www.google.com/maps/place/Firestone+Complete+Auto+Care/data=!4m7!3m6!1s0x86532086c4a659e7:0xae9e6b9fa41ba289!8m2!3d33.9082051!4d-98.4902137!16s%2Fg%2F1tj4hggz!19sChIJ51mmxIYgU4YRiaIbpJ9rnq4?authuser=0&hl=en&rclk=1
TX,"2305 Holliday Rd, Wichita Falls, TX 76301, United States",+1 940-237-3362,,Dr Yakamotos Import Auto,,,COUNTY,,,4.7,37,,,Open · Closes 6 PM,auto repair shop,Archer County,city,COUNTY,2026-07-09T11:52:04,https://www.google.com/maps/place/Dr+Yakamotos+Import+Auto/data=!4m7!3m6!1s0x86532070317db197:0x71a145a40da96118!8m2!3d33.8911547!4d-98.4942389!16s%2Fg%2F1262xptbs!19sChIJl7F9MXAgU4YRGGGpDaRFoXE?authuser=0&hl=en&rclk=1
TX,"1125 Central E Fwy, Wichita Falls, TX 76306, United States",+1 940-437-0763,,HE Motors | Body Shop,,,COUNTY,,,4.8,69,,,Open · Closes 5:30 PM,auto repair shop,Archer County,city,COUNTY,2026-07-09T11:52:04,https://www.google.com/maps/place/HE+Motors+%7C+Body+Shop/data=!4m7!3m6!1s0x865320c546e2a6c5:0x8140fff8aa16a9ff!8m2!3d33.9350329!4d-98.5162277!16s%2Fg%2F11g8xg9y20!19sChIJxabiRsUgU4YR_6kWqvj_QIE?authuser=0&hl=en&rclk=1
TX,"1510 Old Burk Hwy, Wichita Falls, TX 76306, United States",+1 940-767-4417,,Reliable Salvage & Auto Repair,,,COUNTY,,,4.3,268,,,Open · Closes 3 PM,auto repair shop,Archer County,city,COUNTY,2026-07-09T11:52:04,https://www.google.com/maps/place/Reliable+Salvage+%26+Auto+Repair/data=!4m7!3m6!1s0x865320b8cf3a5a0d:0x2482637461359624!8m2!3d33.932785!4d-98.5047683!16s%2Fg%2F1v6wprbm!19sChIJDVo6z7ggU4YRJJY1YXRjgiQ?authuser=0&hl=en&rclk=1
TX,"4554 Barnett Rd, Wichita Falls, TX 76310, United States",+1 940-247-4322,,Eagle Auto Body,,,COUNTY,,https://eagleab.com/,4.8,60,,,Open · Closes 5:30 PM,auto repair shop,Archer County,city,COUNTY,2026-07-09T11:52:04,https://www.google.com/maps/place/Eagle+Auto+Body/data=!4m7!3m6!1s0x865323bd881c00c9:0xe9526fa8cbf26adb!8m2!3d33.8610049!4d-98.5785404!16s%2Fg%2F11h_023hsz!19sChIJyQAciL0jU4YR22ryy6hvUuk?authuser=0&hl=en&rclk=1
TX,"4503 Old Jacksboro Hwy, Wichita Falls, TX 76302, United States",+1 940-766-3297,,Alley's Generator Shop,,,COUNTY,,https://www.alleysgenerator.net/,4.4,53,,,Open · Closes 5 PM,auto repair shop,Archer County,city,COUNTY,2026-07-09T11:52:04,https://www.google.com/maps/place/Alley%27s+Generator+Shop/data=!4m7!3m6!1s0x86532004bba6e543:0x6b0322603b23a824!8m2!3d33.8665906!4d-98.4940937!16s%2Fg%2F1vqmjsnz!19sChIJQ-WmuwQgU4YRJKgjO2AiA2s?authuser=0&hl=en&rclk=1
TX,"1013 Old Jacksboro Hwy, Wichita Falls, TX 76301, United States",+1 940-767-4745,,Bartosh's Muffler,,,COUNTY,,http://bartoshs-muffler.keeq.io/,4.6,91,,,Open · Closes 5 PM,auto repair shop,Archer County,city,COUNTY,2026-07-09T11:52:04,https://www.google.com/maps/place/Bartosh%27s+Muffler/data=!4m7!3m6!1s0x8652df8744ea8911:0x125e0b6945439d2a!8m2!3d33.8978161!4d-98.4834014!16s%2Fg%2F1v0ll5qt!19sChIJEYnqRIffUoYRKp1DRWkLXhI?authuser=0&hl=en&rclk=1
TX,"637 Ray Rd, Wichita Falls, TX 76305, United States",+1 940-766-4836,,"Steve's Transmission, Inc.",,,COUNTY,,,4.7,88,,,Open · Closes 6 PM,auto repair shop,Archer County,city,COUNTY,2026-07-09T11:52:04,"https://www.google.com/maps/place/Steve%27s+Transmission,+Inc./data=!4m7!3m6!1s0x8652dd8a2a237a05:0x6212f3544358145f!8m2!3d33.9137102!4d-98.3504546!16s%2Fg%2F11h6rr2sws!19sChIJBXojKordUoYRXxRYQ1TzEmI?authuser=0&hl=en&rclk=1"
TX,"2620 Southwest Pkwy, Wichita Falls, TX 76308, United States",+1 940-692-4741,,Danny Foix Shell Service Center,,,COUNTY,,http://dannyfoixshell.com/,4.6,62,,,,auto repair shop,Archer County,city,COUNTY,2026-07-09T11:52:04,https://www.google.com/maps/place/Danny+Foix+Shell+Service+Center/data=!4m7!3m6!1s0x865321d57ba38487:0x9096eb449b23bc56!8m2!3d33.8581683!4d-98.5304775!16s%2Fg%2F11f0kw36gg!19sChIJh4Sje9UhU4YRVrwjm0TrlpA?authuser=0&hl=en&rclk=1
TX,"3400 McNiel Ave, Wichita Falls, TX 76308, United States",+1 940-432-3139,,Firestone Complete Auto Care,,,COUNTY,,https://www.firestonecompleteautocare.com/texas/wichita-falls/3400-mcniel-ave/?utm_source=google&utm_medium=organic&utm_campaign=localmaps&cmp=oloc_google_localmaps_maps,4.1,543,,,Open · Closes 6 PM,auto repair shop,Archer County,city,COUNTY,2026-07-09T11:52:04,https://www.google.com/maps/place/Firestone+Complete+Auto+Care/data=!4m7!3m6!1s0x865321c05bc1caed:0x66ba14aa05d481c3!8m2!3d33.8778427!4d-98.5482356!16s%2Fg%2F1q2wdnqwc!19sChIJ7crBW8AhU4YRw4HUBaoUumY?authuser=0&hl=en&rclk=1
TX,"2912 Fruitland Rd, Bowie, TX 76230, United States",+1 940-366-0956,,Towing & Roadside Assistance Semis & Cars,,,COUNTY,,http://lwphillipstowing.com/,5.0,131,,,Open 24 hours,auto repair shop,Archer County,city,COUNTY,2026-07-09T11:52:04,https://www.google.com/maps/place/Towing+%26+Roadside+Assistance+Semis+%26+Cars/data=!4m7!3m6!1s0x86527f9109b8e3d3:0x7e856aa7d668a717!8m2!3d33.4945713!4d-97.7988255!16s%2Fg%2F11tm_d94vr!19sChIJ0-O4CZF_UoYRF6do1qdqhX4?authuser=0&hl=en&rclk=1
TX,"905 Sheppard Rd, Burkburnett, TX 76354, United States",+1 940-569-5271,,Lipscomb Chevrolet Service,,,COUNTY,,http://www.lipscombchevrolet.com/,4.6,41,,,Open · Closes 5:30 PM,auto repair shop,Archer County,city,COUNTY,2026-07-09T11:52:04,https://www.google.com/maps/place/Lipscomb+Chevrolet+Service/data=!4m7!3m6!1s0x8653292644be90ed:0xa47158e1e943b8e!8m2!3d34.0807154!4d-98.5593899!16s%2Fg%2F11b6rx_6mf!19sChIJ7ZC-RCYpU4YRjjuUHo4VRwo?authuser=0&hl=en&rclk=1
TX,"411 S Yosemite St, Iowa Park, TX 76367, United States",+1 940-592-5946,,Auto Craft Collision Repair,,,COUNTY,,https://autocraftcollisiontx.com/,4.9,20,,,Open · Closes 5 PM,auto repair shop,Archer County,city,COUNTY,2026-07-09T11:52:04,https://www.google.com/maps/place/Auto+Craft+Collision+Repair/data=!4m7!3m6!1s0x86533b5031ba0ff1:0x1186d67e350ca!8m2!3d33.9467972!4d-98.6688914!16s%2Fg%2F1vbnptz8!19sChIJ8Q-6MVA7U4YRylDjZ20YAQA?authuser=0&hl=en&rclk=1
TX,"3064 Seymour Hwy, Wichita Falls, TX 76301, United States",+1 940-855-3225,,Tnt auto,,,COUNTY,,,4.5,55,,,Open · Closes 5 PM,auto repair shop,Archer County,city,COUNTY,2026-07-09T11:52:04,https://www.google.com/maps/place/Tnt+auto/data=!4m7!3m6!1s0x8653210272946733:0x36f5c077a43b98ec!8m2!3d33.9097565!4d-98.5274266!16s%2Fg%2F1262x6j_6!19sChIJM2eUcgIhU4YR7Jg7pHfA9TY?authuser=0&hl=en&rclk=1
TX,"400 N Scott Ave, Wichita Falls, TX 76306, United States",+1 940-761-4554,,Mel's Tire Shop,,,COUNTY,,,4.1,78,,,Open · Closes 5 PM,auto repair shop,Archer County,city,COUNTY,2026-07-09T11:52:04,https://www.google.com/maps/place/Mel%27s+Tire+Shop/data=!4m7!3m6!1s0x86532096b558c4a7:0x5afbfc4aea711f2!8m2!3d33.9209236!4d-98.4998325!16s%2Fg%2F1txnpwp9!19sChIJp8RYtZYgU4YR8hGnrsS_rwU?authuser=0&hl=en&rclk=1
TX,"1929 Southwest Pkwy, Wichita Falls, TX 76302, United States",+1 940-386-3021,,Texas Tires #24- Wichita Falls,,,COUNTY,,http://www.texastires24.com/,4.5,118,,,Open · Closes 7 PM,auto repair shop,Archer County,city,COUNTY,2026-07-09T11:52:04,https://www.google.com/maps/place/Texas+Tires+%2324-+Wichita+Falls/data=!4m7!3m6!1s0x865321caa8b79aff:0x326f6b2db9b5154f!8m2!3d33.8712337!4d-98.5290374!16s%2Fg%2F11f4_6dsmq!19sChIJ_5q3qMohU4YRTxW1uS1rbzI?authuser=0&hl=en&rclk=1
TX,"1201 Sheppard Access Rd, Wichita Falls, TX 76306, United States",+1 940-766-5324,,Goodyear Commercial Tire & Service Centers,,,COUNTY,,https://www.goodyearctsc.com/locations?pUserLat=33.9346093&pUserLng=-98.539144&onhighway=0&s=None,4.6,44,,,Open · Closes 5 PM,auto repair shop,Archer County,city,COUNTY,2026-07-09T11:52:04,https://www.google.com/maps/place/Goodyear+Commercial+Tire+%26+Service+Centers/data=!4m7!3m6!1s0x865320c72ba5d1b9:0x8c572166ada22a97!8m2!3d33.931282!4d-98.5090731!16s%2Fg%2F11bc7451s6!19sChIJudGlK8cgU4YRlyqirWYhV4w?authuser=0&hl=en&rclk=1
TX,"2635 Old Jacksboro Hwy, Wichita Falls, TX 76302, United States",+1 940-234-0115,,Ramirez Tire Shop,,,COUNTY,,,4.9,61,,,Open · Closes 6 PM,auto repair shop,Archer County,city,COUNTY,2026-07-09T11:52:04,https://www.google.com/maps/place/Ramirez+Tire+Shop/data=!4m7!3m6!1s0x865321078b6b9ba9:0x9bc6f79cbaf6640b!8m2!3d33.885082!4d-98.4883946!16s%2Fg%2F11swdyvbdv!19sChIJqZtriwchU4YRC2T2upz3xps?authuser=0&hl=en&rclk=1
TX,"910 Jacksboro Hwy, Wichita Falls, TX 76301, United States",+1 940-766-6444,,Royal Tire & Brake,,,COUNTY,,https://www.royaltireandbrake.com/,4.7,112,,,Open · Closes 5 PM,auto repair shop,Archer County,city,COUNTY,2026-07-09T11:52:04,https://www.google.com/maps/place/Royal+Tire+%26+Brake/data=!4m7!3m6!1s0x8652df80b2b19193:0x6ba2d5090ebb3ffc!8m2!3d33.8991528!4d-98.4839229!16s%2Fg%2F1vppsyl0!19sChIJk5GxsoDfUoYR_D-7DgnVoms?authuser=0&hl=en&rclk=1
TX,"211 E Omega St, Henrietta, TX 76365, United States",+1 940-594-8242,,Ohana Tires,,,COUNTY,,,5.0,7,,,Open · Closes 5 PM,auto repair shop,Archer County,city,COUNTY,2026-07-09T11:52:04,https://www.google.com/maps/place/Ohana+Tires/data=!4m7!3m6!1s0x8652eb11d71cd6e9:0x79928a9cf84766a7!8m2!3d33.8144262!4d-98.1937426!16s%2Fg%2F11m6mf8y3r!19sChIJ6dYc1xHrUoYRp2ZH-JyKknk?authuser=0&hl=en&rclk=1
TX,"712 N Martin Luther King Jr Blvd, Wichita Falls, TX 76306, United States",+1 940-723-0361,,Colemans Auto And Body,,,COUNTY,,,4.4,5,,,,auto repair shop,Archer County,city,COUNTY,2026-07-09T11:52:04,https://www.google.com/maps/place/Colemans+Auto+And+Body/data=!4m7!3m6!1s0x86532082d9273ef7:0x33c00cfce97b49c1!8m2!3d33.9260264!4d-98.4973533!16s%2Fg%2F11h3vby3cl!19sChIJ9z4n2YIgU4YRwUl76fwMwDM?authuser=0&hl=en&rclk=1
TX,"4712 Fairway Blvd, Wichita Falls, TX 76310, United States",+1 940-691-5823,,Weaver's Fairway Lube Center & UHaul,,,COUNTY,,http://afairwaytogo.com/,4.6,213,,,Open · Closes 5 PM,auto repair shop,Archer County,city,COUNTY,2026-07-09T11:52:04,https://www.google.com/maps/place/Weaver%27s+Fairway+Lube+Center+%26+UHaul/data=!4m7!3m6!1s0x865321e2b32d13c9:0x6d92cc46fb531445!8m2!3d33.8565129!4d-98.5613823!16s%2Fg%2F1tfdz87p!19sChIJyRMts-IhU4YRRRRT-0bMkm0?authuser=0&hl=en&rclk=1
TX,"5110 Professional Dr, Wichita Falls, TX 76302, United States",+1 940-723-6092,,Mr. Mac's Tire Pros,,,COUNTY,,https://www.mrmacsautomotive.com/,4.4,260,,,Open · Closes 5 PM,auto repair shop,Archer County,city,COUNTY,2026-07-09T11:52:04,https://www.google.com/maps/place/Mr.+Mac%27s+Tire+Pros/data=!4m7!3m6!1s0x86531ff386a3f459:0xcefd1258a1938f9c!8m2!3d33.8535194!4d-98.5038681!16s%2Fg%2F11c6_k5gbw!19sChIJWfSjhvMfU4YRnI-ToVgS_c4?authuser=0&hl=en&rclk=1
TX,,+1 956-355-1991,,Mobile Mechanics of Dallas and Fort Worth,,,COUNTY,,http://mobilemechanicsofdallasandfortworth.com/,5.0,4,,,Open 24 hours,auto repair shop,Archer County,city,COUNTY,2026-07-09T11:52:04,https://www.google.com/maps/place/Mobile+Mechanics+of+Dallas+and+Fort+Worth/data=!4m7!3m6!1s0x69cf052d00442145:0x2ae62445fef71d03!8m2!3d32.926447!4d-97.0073665!16s%2Fg%2F11ymr_6w6f!19sChIJRSFEAC0Fz2kRAx33_kUk5io?authuser=0&hl=en&rclk=1
TX,"3915 Old Jacksboro Hwy, Wichita Falls, TX 76302, United States",+1 940-322-1546,,Miller's Muffler Shop,,,COUNTY,,,4.8,212,,,Open · Closes 5 PM Updated by this business 10 weeks ago,auto repair shop,Archer County,city,COUNTY,2026-07-09T11:52:04,https://www.google.com/maps/place/Miller%27s+Muffler+Shop/data=!4m7!3m6!1s0x8653200e36603db5:0x91a8b2cddc313943!8m2!3d33.874434!4d-98.493915!16s%2Fg%2F1w6_p73b!19sChIJtT1gNg4gU4YRQzkx3M2yqJE?authuser=0&hl=en&rclk=1
TX,"810 E Scott Ave, Wichita Falls, TX 76301, United States",+1 940-761-1616,,Southern Tire Mart,,,COUNTY,,https://stmtires.com/locations/store-414/,4.8,129,,,Open · Closes 5 PM,auto repair shop,Archer County,city,COUNTY,2026-07-09T11:52:04,https://www.google.com/maps/place/Southern+Tire+Mart/data=!4m7!3m6!1s0x8652df84902a4601:0x4e6b0b6dab6cd7c3!8m2!3d33.8996595!4d-98.4753493!16s%2Fg%2F1v5_9vnz!19sChIJAUYqkITfUoYRw9dsq20La04?authuser=0&hl=en&rclk=1
TX,,+1 940-468-1113,,Wichita Falls Mobile Mechanics Co.,,,COUNTY,,https://www.wichitafallsmobilemechanics.com/,5.0,12,,,Open · Closes 10 PM,auto repair shop,Archer County,city,COUNTY,2026-07-09T11:52:04,https://www.google.com/maps/place/Wichita+Falls+Mobile+Mechanics+Co./data=!4m7!3m6!1s0x8e3d68864e4cba9f:0xcf2e0f0cb9fa21a4!8m2!3d33.916254!4d-98.5159515!16s%2Fg%2F11yph4tyc1!19sChIJn7pMToZoPY4RpCH6uQwPLs8?authuser=0&hl=en&rclk=1
TX,"702 2nd St, Claude, TX 79019, United States",+1 509-218-1903,,Danny's Auto Repair,,,COUNTY,,,5.0,1,,,,auto repair shop,Armstrong County,city,COUNTY,2026-07-09T11:53:25,https://www.google.com/maps/place/Danny%27s+Auto+Repair/data=!4m7!3m6!1s0x8701218d7a0ca9db:0x7d0dd14a014d1478!8m2!3d35.1052584!4d-101.3503092!16s%2Fg%2F11n9r_zqsc!19sChIJ26kMeo0hAYcReBRNAUrRDX0?authuser=0&hl=en&rclk=1
TX,"211 E 1st St, Claude, TX 79019, United States",+1 806-877-2059,,Keith’s Service Center and Tire Shop,,,COUNTY,,,4.7,70,,,Open · Closes 6 PM,auto repair shop,Armstrong County,city,COUNTY,2026-07-09T11:53:25,https://www.google.com/maps/place/Keith%E2%80%99s+Service+Center+and+Tire+Shop/data=!4m7!3m6!1s0x87012118b8d48227:0x6b58082c36428f6c!8m2!3d35.1092336!4d-101.3565442!16s%2Fg%2F11h7nftkf_!19sChIJJ4LUuBghAYcRbI9CNiwIWGs?authuser=0&hl=en&rclk=1
TX,"I-40 Frontage Rd, Groom, TX 79039, United States",,,Auto Diesel Service,,,COUNTY,,,5.0,5,,,Open · Closes 11 PM,auto repair shop,Armstrong County,city,COUNTY,2026-07-09T11:53:25,https://www.google.com/maps/place/Auto+Diesel+Service/data=!4m7!3m6!1s0x8700c5c542b0da0d:0x5c18a78de1482187!8m2!3d35.1994019!4d-101.0839705!16s%2Fg%2F11k5ls0c6g!19sChIJDdqwQsXFAIcRhyFI4Y2nGFw?authuser=0&hl=en&rclk=1
TX,"107 Goodnight St, Claude, TX 79019, United States",+1 806-877-2060,,Keith's Service Center & Hardware,,,COUNTY,,https://www.facebook.com/KeithsServiceCenterandHardware/?ref=bookmarks,4.7,58,,,Open · Closes 6 PM,auto repair shop,Armstrong County,city,COUNTY,2026-07-09T11:53:25,https://www.google.com/maps/place/Keith%27s+Service+Center+%26+Hardware/data=!4m7!3m6!1s0x870120b0e5480081:0xb477af0ea20fd983!8m2!3d35.1090603!4d-101.3581691!16s%2Fg%2F1tfm7305!19sChIJgQBI5bAgAYcRg9kPog6vd7Q?authuser=0&hl=en&rclk=1
TX,"211 Elsie, Panhandle, TX 79068, United States",+1 806-537-3757,,Eugene's Service Center,,,COUNTY,,,4.9,20,,,Open · Closes 6 PM,auto repair shop,Armstrong County,city,COUNTY,2026-07-09T11:53:25,https://www.google.com/maps/place/Eugene%27s+Service+Center/data=!4m7!3m6!1s0x87012ae54b3d8ef9:0xf7bfc39e317c6de2!8m2!3d35.3439316!4d-101.3785821!16s%2Fg%2F1tfbj56h!19sChIJ-Y49S-UqAYcR4m18MZ7Dv_c?authuser=0&hl=en&rclk=1
TX,"401 E Front St, Groom, TX 79039, United States",+1 806-248-7370,,Pav's Tire Services,,,COUNTY,,http://www.pavstireservice.com/,4.8,65,,,Open · Closes 5 PM,auto repair shop,Armstrong County,city,COUNTY,2026-07-09T11:53:25,https://www.google.com/maps/place/Pav%27s+Tire+Services/data=!4m7!3m6!1s0x8700c5ba29ef5161:0x169c6ad504ff11af!8m2!3d35.200101!4d-101.103822!16s%2Fg%2F1tl4dg_q!19sChIJYVHvKbrFAIcRrxH_BNVqnBY?authuser=0&hl=en&rclk=1
TX,"115 Lake St, Claude, TX 79019, United States",+1 806-226-2046,,Texas Quality Sales & Equipment,,,COUNTY,,,5.0,2,,,,auto repair shop,Armstrong County,city,COUNTY,2026-07-09T11:53:25,https://www.google.com/maps/place/Texas+Quality+Sales+%26+Equipment/data=!4m7!3m6!1s0x870120a58db7b3d3:0x2026c22b56527c98!8m2!3d35.1076631!4d-101.3505962!16s%2Fg%2F1v3knj1r!19sChIJ07O3jaUgAYcRmHxSVivCJiA?authuser=0&hl=en&rclk=1
TX,"500 E Front St, Groom, TX 79039, United States",+1 806-821-0131,,Bohr Enterprises,,,COUNTY,,http://www.bohrenterprises.com/,5.0,101,,,Open · Closes 6 PM,auto repair shop,Armstrong County,city,COUNTY,2026-07-09T11:53:25,https://www.google.com/maps/place/Bohr+Enterprises/data=!4m7!3m6!1s0x8700c5bb1b593d63:0xc75336060e6594e5!8m2!3d35.1994819!4d-101.103043!16s%2Fg%2F11ggfkkp0s!19sChIJYz1ZG7vFAIcR5ZRlDgY2U8c?authuser=0&hl=en&rclk=1
TX,"109 Goodnight St, Claude, TX 79019, United States",+1 806-226-4000,,Ken's Body Shop,,,COUNTY,,,5.0,4,,,,auto repair shop,Armstrong County,city,COUNTY,2026-07-09T11:53:25,https://www.google.com/maps/place/Ken%27s+Body+Shop/data=!4m7!3m6!1s0x870120b0e57d0d53:0x2463afc2724760f7!8m2!3d35.1089117!4d-101.3582724!16s%2Fg%2F1tj_5pn7!19sChIJUw195bAgAYcR92BHcsKvYyQ?authuser=0&hl=en&rclk=1
TX,"104 Eastern Ave, Groom, TX 79039, United States",+1 806-626-2176,,Jesse Wieners-equipment repair and hydraulics,,,COUNTY,,,5.0,3,,,Open · Closes 5 PM,auto repair shop,Armstrong County,city,COUNTY,2026-07-09T11:53:25,https://www.google.com/maps/place/Jesse+Wieners-equipment+repair+and+hydraulics/data=!4m7!3m6!1s0x8700c5000a5edae1:0x909ef718029bc8c4!8m2!3d35.2010517!4d-101.1000491!16s%2Fg%2F11lywf9hk5!19sChIJ4dpeCgDFAIcRxMibAhj3npA?authuser=0&hl=en&rclk=1
TX,"500 E Adams St, Pleasanton, TX 78064, United States",+1 830-276-0276,,Edwin's Repair Shop,,,COUNTY,,https://edwinsrepairshop.com/,4.9,378,,,Open · Closes 5 PM,auto repair shop,Atascosa County,city,COUNTY,2026-07-09T12:03:35,https://www.google.com/maps/place/Edwin%27s+Repair+Shop/data=!4m7!3m6!1s0x865d0800ae5e2fbb:0x2ec25514c4fabd54!8m2!3d28.9637308!4d-98.4791837!16s%2Fg%2F11c5s_qk0l!19sChIJuy9ergAIXYYRVL36xBRVwi4?authuser=0&hl=en&rclk=1
TX,"214 W Ditto Rd, Poteet, TX 78065, United States",+1 830-200-1505,,South Texas Automotive Repair,,,COUNTY,,https://www.southtexasautomotiverepair.com/,4.8,59,,,Open · Closes 6 PM,auto repair shop,Atascosa County,city,COUNTY,2026-07-09T12:03:35,https://www.google.com/maps/place/South+Texas+Automotive+Repair/data=!4m7!3m6!1s0x865daf04d3420fef:0x2f80f31773a748a5!8m2!3d29.071989!4d-98.5962677!16s%2Fg%2F11f8h4vjqg!19sChIJ7w9C0wSvXYYRpUincxfzgC8?authuser=0&hl=en&rclk=1
TX,"926 Austin St, Pleasanton, TX 78064, United States",+1 210-463-7978,,Levi's Full Service Mobile Mechanics,,,COUNTY,,,4.9,99,,,Open 24 hours,auto repair shop,Atascosa County,city,COUNTY,2026-07-09T12:03:35,https://www.google.com/maps/place/Levi%27s+Full+Service+Mobile+Mechanics/data=!4m7!3m6!1s0x865c8b460a520ff5:0x12e8eecad6c39c1!8m2!3d28.973741!4d-98.4710025!16s%2Fg%2F11g6ymb_nb!19sChIJ9Q9SCkaLXIYRwTlsreyOLgE?authuser=0&hl=en&rclk=1
TX,"790 N Bryant St, Pleasanton, TX 78064, United States",+1 830-569-4159,,Pierce's Auto & Truck Repair,,,COUNTY,,http://pierces-repair.keeq.io/,3.8,37,,,Open · Closes 5:30 PM,auto repair shop,Atascosa County,city,COUNTY,2026-07-09T12:03:35,https://www.google.com/maps/place/Pierce%27s+Auto+%26+Truck+Repair/data=!4m7!3m6!1s0x865da80706b82817:0x5bb2e980bfc74625!8m2!3d28.9654941!4d-98.4919455!16s%2Fg%2F1tk8p03q!19sChIJFyi4BgeoXYYRJUbHv4Dpsls?authuser=0&hl=en&rclk=1
TX,"803 Walnut St, Jourdanton, TX 78026, United States",+1 830-769-2613,,E & L Garage,,,COUNTY,,,4.6,32,,,Open · Closes 4:30 PM,auto repair shop,Atascosa County,city,COUNTY,2026-07-09T12:03:35,https://www.google.com/maps/place/E+%26+L+Garage/data=!4m7!3m6!1s0x865da6681604c8a1:0xfc2ec965fa6f1ddc!8m2!3d28.9270651!4d-98.5510062!16s%2Fg%2F1thq5qj9!19sChIJocgEFmimXYYR3B1v-mXJLvw?authuser=0&hl=en&rclk=1
TX,"1604 W Oaklawn Rd, Pleasanton, TX 78064, United States",+1 830-569-2169,,Rm Car Care Service,,,COUNTY,,https://www.pleasantoncollision.com/,4.4,28,,,Open · Closes 5 PM,auto repair shop,Atascosa County,city,COUNTY,2026-07-09T12:03:35,https://www.google.com/maps/place/Rm+Car+Care+Service/data=!4m7!3m6!1s0x865da7e9895fe7f5:0xd7d0748d010652cf!8m2!3d28.9466467!4d-98.5040215!16s%2Fg%2F1v16qqzl!19sChIJ9edfiemnXYYRz1IGAY100Nc?authuser=0&hl=en&rclk=1
TX,"503 Colwell Ave, Pleasanton, TX 78064, United States",+1 210-364-8572,,Califa T.A. Diesel Repair,,,COUNTY,,,5.0,18,,,Open · Closes 6 PM,auto repair shop,Atascosa County,city,COUNTY,2026-07-09T12:03:35,https://www.google.com/maps/place/Califa+T.A.+Diesel+Repair/data=!4m7!3m6!1s0x865d0800b7f3781b:0xfb7283155641088b!8m2!3d28.9628885!4d-98.4795735!16s%2Fg%2F119t8tyw2!19sChIJG3jztwAIXYYRiwhBVhWDcvs?authuser=0&hl=en&rclk=1
TX,"1221 W Oaklawn Rd, Pleasanton, TX 78064, United States",+1 830-281-5025,,Valvoline Express Care @ Pleasanton,,,COUNTY,,https://pistonlubecenters.com/location/valvoline-express-care-pleasanton/,4.5,245,,,Open · Closes 5:30 PM,auto repair shop,Atascosa County,city,COUNTY,2026-07-09T12:03:35,https://www.google.com/maps/place/Valvoline+Express+Care+@+Pleasanton/data=!4m7!3m6!1s0x865da7ef85c6ef43:0x272f28efa7aa0c9a!8m2!3d28.9513085!4d-98.4973788!16s%2Fg%2F11clszqp6c!19sChIJQ-_Ghe-nXYYRmgyqp-8oLyc?authuser=0&hl=en&rclk=1
TX,"600 Martinez St, Pleasanton, TX 78064, United States",+1 830-569-2017,,Jeff's Auto Rebuilders,,,COUNTY,,,4.6,129,,,Open · Closes 5 PM,auto repair shop,Atascosa County,city,COUNTY,2026-07-09T12:03:35,https://www.google.com/maps/place/Jeff%27s+Auto+Rebuilders/data=!4m7!3m6!1s0x865d08030260ea99:0xc92c4055cd1e5b88!8m2!3d28.9535474!4d-98.4816704!16s%2Fg%2F1vxdyq0h!19sChIJmepgAgMIXYYRiFsezVVALMk?authuser=0&hl=en&rclk=1
TX,"1221 W Oaklawn Rd, Pleasanton, TX 78064, United States",+1 830-281-5025,,Atascosa Oil Exchange,,,COUNTY,,,4.4,71,,,Open · Closes 5:30 PM,auto repair shop,Atascosa County,city,COUNTY,2026-07-09T12:03:35,https://www.google.com/maps/place/Atascosa+Oil+Exchange/data=!4m7!3m6!1s0x865da7e57d8cb4d1:0xf84736493d643cca!8m2!3d28.9513104!4d-98.4973988!16s%2Fg%2F1tg_ggvq!19sChIJ0bSMfeWnXYYRyjxkPUk2R_g?authuser=0&hl=en&rclk=1
TX,"238 Ala Blanca Dr, Lytle, TX 78052, United States",,,Rosendo’s Mobile Repairs,,,COUNTY,,,5.0,1,,,,auto repair shop,Atascosa County,city,COUNTY,2026-07-09T12:03:35,https://www.google.com/maps/place/Rosendo%E2%80%99s+Mobile+Repairs/data=!4m7!3m6!1s0x865c4b005091685b:0x182421b475fc3702!8m2!3d29.213776!4d-98.7979892!16s%2Fg%2F11z39gwg8f!19sChIJW2iRUABLXIYRAjf8dbQhJBg?authuser=0&hl=en&rclk=1
TX,"3835 Pleasanton Rd, San Antonio, TX 78221, United States",+1 210-922-0731,,Jerry's Auto Services,,,COUNTY,,,4.1,90,,,Open · Closes 5 PM,auto repair shop,Atascosa County,city,COUNTY,2026-07-09T12:03:35,https://www.google.com/maps/place/Jerry%27s+Auto+Services/data=!4m7!3m6!1s0x865c5818c85748eb:0x815790d3a19461e7!8m2!3d29.3385189!4d-98.5042247!16s%2Fg%2F1tgz5xfd!19sChIJ60hXyBhYXIYR52GUodOQV4E?authuser=0&hl=en&rclk=1
TX,"569 Avenue G, Poteet, TX 78065, United States",+1 210-663-3577,,Hot Shot Automotive and Tire,,,COUNTY,,,4.4,8,,,,auto repair shop,Atascosa County,city,COUNTY,2026-07-09T12:03:35,https://www.google.com/maps/place/Hot+Shot+Automotive+and+Tire/data=!4m7!3m6!1s0x865daf0e5d03f74b:0x6aa36792784fa8ab!8m2!3d29.0383939!4d-98.5832175!16s%2Fg%2F11fsn88czn!19sChIJS_cDXQ6vXYYRq6hPeJJno2o?authuser=0&hl=en&rclk=1
TX,"4615 S Flores Rd, Elmendorf, TX 78112, United States",+1 210-621-1768,,South Texas Auto Rebuilders Elmendorf,,,COUNTY,,,4.5,32,,,Open · Closes 5 PM,auto repair shop,Atascosa County,city,COUNTY,2026-07-09T12:03:35,https://www.google.com/maps/place/South+Texas+Auto+Rebuilders+Elmendorf/data=!4m7!3m6!1s0x865cfe9bfc715ba1:0x3d66abf4119d1c1e!8m2!3d29.217266!4d-98.402427!16s%2Fg%2F11b5wpgzlk!19sChIJoVtx_Jv-XIYRHhydEfSrZj0?authuser=0&hl=en&rclk=1
TX,"415 N Bryant St, Pleasanton, TX 78064, United States",+1 830-569-8106,,Eagle Lube,,,COUNTY,,https://campbell20.github.io/eagle-lube-pleasanton-texas/,4.8,183,,,Open · Closes 5 PM,auto repair shop,Atascosa County,city,COUNTY,2026-07-09T12:03:35,https://www.google.com/maps/place/Eagle+Lube/data=!4m7!3m6!1s0x865da7fd755f94d3:0xbf1cc6f0ba635e00!8m2!3d28.9623143!4d-98.492508!16s%2Fg%2F126368ht0!19sChIJ05Rfdf2nXYYRAF5juvDGHL8?authuser=0&hl=en&rclk=1
TX,"600 N Teel Dr, Devine, TX 78016, United States",+1 830-665-2266,,A T Automotive 2,,,COUNTY,,,4.5,102,,,Open · Closes 6 PM,auto repair shop,Atascosa County,city,COUNTY,2026-07-09T12:03:35,https://www.google.com/maps/place/A+T+Automotive+2/data=!4m7!3m6!1s0x865c34eab8e65163:0x833718636fc4201f!8m2!3d29.1457545!4d-98.9014688!16s%2Fg%2F1tmqrsn7!19sChIJY1HmuOo0XIYRHyDEb2MYN4M?authuser=0&hl=en&rclk=1
TX,"2066 W Oaklawn Rd, Pleasanton, TX 78064, United States",+1 210-764-3894,,Take 5 Oil Change,,,COUNTY,,https://www.take5.com/locations/oil-change/texas/pleasanton/30825/?utm_source=google&utm_medium=organic&utm_campaign=gbp_website,4.4,444,,,Open · Closes 8 PM,auto repair shop,Atascosa County,city,COUNTY,2026-07-09T12:03:35,https://www.google.com/maps/place/Take+5+Oil+Change/data=!4m7!3m6!1s0x865da7980c6d4a8b:0x3ef01af7dcdcbdb7!8m2!3d28.9412225!4d-98.5122946!16s%2Fg%2F11y1qx544h!19sChIJi0ptDJinXYYRt73c3Pca8D4?authuser=0&hl=en&rclk=1
TX,"9150 Somerset Rd, San Antonio, TX 78211, United States",+1 210-924-4939,,Keylich Auto Repair,,,COUNTY,,,4.6,30,,,Open · Closes 4 PM,auto repair shop,Atascosa County,city,COUNTY,2026-07-09T12:03:35,https://www.google.com/maps/place/Keylich+Auto+Repair/data=!4m7!3m6!1s0x865c59ff5d428fa1:0xe0b201a93b3982d8!8m2!3d29.3317356!4d-98.5709326!16s%2Fg%2F1263n0826!19sChIJoY9CXf9ZXIYR2II5O6kBsuA?authuser=0&hl=en&rclk=1
TX,,+1 210-460-8587,,Diaz Mobile Tire Service,,,COUNTY,,https://www.facebook.com/share/U9gK4Q6gkLTYi5db/?mibextid=A7sQZp,4.9,32,,,Open 24 hours,auto repair shop,Atascosa County,city,COUNTY,2026-07-09T12:03:35,https://www.google.com/maps/place/Diaz+Mobile+Tire+Service/data=!4m7!3m6!1s0x63660a484580b2f7:0x9d802b3d2aaf4445!8m2!3d29.3322195!4d-98.5601576!16s%2Fg%2F11vz6pcrf2!19sChIJ97KARUgKZmMRRUSvKj0rgJ0?authuser=0&hl=en&rclk=1
TX,,+1 210-421-4198,,Best Road Service,,,COUNTY,,https://thebestroadservice.com/,4.8,36,,,Open 24 hours,auto repair shop,Atascosa County,city,COUNTY,2026-07-09T12:03:35,https://www.google.com/maps/place/Best+Road+Service/data=!4m7!3m6!1s0xa7668475b54ab01:0x9435c86cbe6979e0!8m2!3d29.3094514!4d-98.583179!16s%2Fg%2F11ykyxn98_!19sChIJAatUW0dodgoR4HlpvmzINZQ?authuser=0&hl=en&rclk=1
TX,"702 2nd St, Pleasanton, TX 78064, United States",+1 830-569-6464,,Nelsons Truck & Tire,,,COUNTY,,https://www.truckandtire.com/,4.4,114,,,Open · Closes 5 PM,auto repair shop,Atascosa County,city,COUNTY,2026-07-09T12:03:35,https://www.google.com/maps/place/Nelsons+Truck+%26+Tire/data=!4m7!3m6!1s0x865d07f961ec88b7:0x75ed549537b04cf7!8m2!3d28.9652109!4d-98.4786209!16s%2Fg%2F1tf4fg7q!19sChIJt4jsYfkHXYYR90ywN5VU7XU?authuser=0&hl=en&rclk=1
TX,"292 Autumn Ln, Poteet, TX 78065, United States",+1 830-318-7856,,S & C Automotive,,,COUNTY,,,,,,,Open · Closes 11 PM,auto repair shop,Atascosa County,city,COUNTY,2026-07-09T12:03:35,https://www.google.com/maps/place/S+%26+C+Automotive/data=!4m7!3m6!1s0x865c536d8ca66363:0x4b3c94779c71504a!8m2!3d29.1479613!4d-98.5849581!16s%2Fg%2F11vjv_cr58!19sChIJY2OmjG1TXIYRSlBxnHeUPEs?authuser=0&hl=en&rclk=1
TX,"1245 W Oaklawn Rd, Pleasanton, TX 78064, United States",+1 830-569-2521,,Beasley Tire Service,,,COUNTY,,https://beasleytire.com/locations/pleasanton,4.5,164,,,Open · Closes 5 PM,auto repair shop,Atascosa County,city,COUNTY,2026-07-09T12:03:35,https://www.google.com/maps/place/Beasley+Tire+Service/data=!4m7!3m6!1s0x865da7ef9de4f8ef:0x2899c4c0c95c87a6!8m2!3d28.9507006!4d-98.4978998!16s%2Fg%2F11cr__ktx6!19sChIJ7_jkne-nXYYRpodcycDEmSg?authuser=0&hl=en&rclk=1
TX,"613 Ave D, Poteet, TX 78065, United States",+1 210-632-1225,,Rivera's Paint & Body,,,COUNTY,,https://riveraspaintandbody.com/,4.9,58,,,,auto repair shop,Atascosa County,city,COUNTY,2026-07-09T12:03:35,https://www.google.com/maps/place/Rivera%27s+Paint+%26+Body/data=!4m7!3m6!1s0x865daead3aa78591:0x39fc170d278515a!8m2!3d29.0418556!4d-98.5725925!16s%2Fg%2F1tlgycdb!19sChIJkYWnOq2uXYYRWlF40nDBnwM?authuser=0&hl=en&rclk=1
TX,"105 Dixon Dr, Devine, TX 78016, United States",+1 830-665-9197,,M & W Truck & Auto Services,,,COUNTY,,,4.4,52,,,Open · Closes 5 PM,auto repair shop,Atascosa County,city,COUNTY,2026-07-09T12:03:35,https://www.google.com/maps/place/M+%26+W+Truck+%26+Auto+Services/data=!4m7!3m6!1s0x865c34e931683b43:0x686c608b96574353!8m2!3d29.1503637!4d-98.8947486!16s%2Fg%2F1vlk1_4t!19sChIJQztoMek0XIYRU0NXlotgbGg?authuser=0&hl=en&rclk=1
TX,"507 Hayden Ave, Devine, TX 78016, United States",+1 210-425-6513,,"Mobile mechanic, 24 road service, headlight restoration, interior and exterior detailing",,,COUNTY,,,4.5,26,,,,auto repair shop,Atascosa County,city,COUNTY,2026-07-09T12:03:35,"https://www.google.com/maps/place/Mobile+mechanic,+24+road+service,+headlight+restoration,+interior+and+exterior+detailing/data=!4m7!3m6!1s0x865c35e7f23f8913:0x5acc935b7ebc73da!8m2!3d29.1367701!4d-98.9022555!16s%2Fg%2F11ljb0_kxx!19sChIJE4k_8uc1XIYR2nO8fluTzFo?authuser=0&hl=en&rclk=1"
TX,"292 Autumn Ln, Poteet, TX 78065, United States",+1 830-387-6432,,Anzalone Automotive,,,COUNTY,,,,,,,Open · Closes 5 PM,auto repair shop,Atascosa County,city,COUNTY,2026-07-09T12:03:35,https://www.google.com/maps/place/Anzalone+Automotive/data=!4m7!3m6!1s0x865c534c62db4f01:0x3d1e9d854d37cab1!8m2!3d29.1479613!4d-98.5849581!16s%2Fg%2F11w23ymdg4!19sChIJAU_bYkxTXIYRsco3TYWdHj0?authuser=0&hl=en&rclk=1
TX,"435 W Chavaneaux Rd, San Antonio, TX 78221, United States",+1 210-986-0361,,CMC Auto,,,COUNTY,,https://cmcautosa.com/,4.8,147,,,Open · Closes 6:30 PM,auto repair shop,Atascosa County,city,COUNTY,2026-07-09T12:03:35,https://www.google.com/maps/place/CMC+Auto/data=!4m7!3m6!1s0x865c5fc1dd65dad5:0xb8f75feaa2922d27!8m2!3d29.3211427!4d-98.5099189!16s%2Fg%2F11j7kp3pzm!19sChIJ1dpl3cFfXIYRJy2Soupf97g?authuser=0&hl=en&rclk=1
TX,"8223 S Presa St, San Antonio, TX 78223, United States",+1 210-535-1158,,Riverside Automotive Center,,,COUNTY,,,4.8,66,,,Open · Closes 6 PM,auto repair shop,Atascosa County,city,COUNTY,2026-07-09T12:03:35,https://www.google.com/maps/place/Riverside+Automotive+Center/data=!4m7!3m6!1s0x865cf78e98ad3e69:0x7d56c220944c8370!8m2!3d29.3425697!4d-98.4563568!16s%2Fg%2F11cks0fjw_!19sChIJaT6tmI73XIYRcINMlCDCVn0?authuser=0&hl=en&rclk=1
TX,"Colwell Ave, Pleasanton, TX 78064, United States",,,Eastside Garage,,,COUNTY,,,3.0,3,,,,auto repair shop,Atascosa County,city,COUNTY,2026-07-09T12:03:35,https://www.google.com/maps/place/Eastside+Garage/data=!4m7!3m6!1s0x865d0800b1d61f89:0x7b4071c43842d50f!8m2!3d28.963768!4d-98.4792183!16s%2Fg%2F11ddwwf3bn!19sChIJiR_WsQAIXYYRD9VCOMRxQHs?authuser=0&hl=en&rclk=1
TX,"623 Gateway Dr, Poteet, TX 78065, United States",+1 210-300-5827,,Rockys auto body & paint,,,COUNTY,,,5.0,22,,,Open · Closes 5:30 PM,auto repair shop,Atascosa County,city,COUNTY,2026-07-09T12:03:35,https://www.google.com/maps/place/Rockys+auto+body+%26+paint/data=!4m7!3m6!1s0x865c5394557d2b91:0x8b57e0e691069a27!8m2!3d29.1522165!4d-98.6011197!16s%2Fg%2F11j6sp24k_!19sChIJkSt9VZRTXIYRJ5oGkebgV4s?authuser=0&hl=en&rclk=1
TX,,+1 210-881-7885,,"Wrench Mobile Mechanic - San Antonio - Bexar County, TX",,,COUNTY,,https://wrench.com/mobile-mechanic-san-antonio-tx/?utm_source=google&utm_medium=gmb&utm_campaign=sanantonio,4.4,113,,,Open · Closes 8 PM,auto repair shop,Atascosa County,city,COUNTY,2026-07-09T12:03:35,"https://www.google.com/maps/place/Wrench+Mobile+Mechanic+-+San+Antonio+-+Bexar+County,+TX/data=!4m7!3m6!1s0x865c539275fea5eb:0x6e76086e6e1668c!8m2!3d29.4457255!4d-98.4205746!16s%2Fg%2F11fjtp1xfs!19sChIJ66X-dZJTXIYRjGbh5oZg5wY?authuser=0&hl=en&rclk=1"
TX,"3215 Zanderson Ave, Jourdanton, TX 78026, United States",+1 830-770-0466,,Proformance Speed Shop,,,COUNTY,,http://www.proformancellc.com/,4.5,8,,,Open · Closes 5 PM,auto repair shop,Atascosa County,city,COUNTY,2026-07-09T12:03:35,https://www.google.com/maps/place/Proformance+Speed+Shop/data=!4m7!3m6!1s0x865da7b943fb27df:0x5f074ca1772e36de!8m2!3d28.9365852!4d-98.5592476!16s%2Fg%2F11vk4mbth4!19sChIJ3yf7Q7mnXYYR3jYud6FMB18?authuser=0&hl=en&rclk=1
TX,"1417 W William Cannon Dr, Austin, TX 78745, United States",+1 512-440-8878,,Austin's Automotive Specialists,,,COUNTY,,https://www.greatwater360autocare.com/shops/austins-automotive-specialists-south-austin,4.8,1307,,,Open · Closes 5:30 PM,auto repair shop,Austin County,city,COUNTY,2026-07-09T12:11:20,https://www.google.com/maps/place/Austin%27s+Automotive+Specialists/data=!4m7!3m6!1s0x865b4ca6dc1073f7:0xdbebe6ae1070fedd!8m2!3d30.200386!4d-97.8003864!16s%2Fg%2F1tgjlq8m!19sChIJ93MQ3KZMW4YR3f5wEK7m69s?authuser=0&hl=en&rclk=1
TX,"4313 Gillis St, Austin, TX 78745, United States",+1 512-200-8690,,Auto Tek,,,COUNTY,,https://www.autotekinc.net/,4.9,1280,,,Open · Closes 5 PM Confirmed by this business 10 weeks ago,auto repair shop,Austin County,city,COUNTY,2026-07-09T12:11:20,https://www.google.com/maps/place/Auto+Tek/data=!4m7!3m6!1s0x8644b4b58fd2beed:0x77e31d4ed38fa29e!8m2!3d30.2257064!4d-97.7822715!16s%2Fg%2F1tfx58jn!19sChIJ7b7Sj7W0RIYRnqKP004d43c?authuser=0&hl=en&rclk=1
TX,"8601 Burnet Rd, Austin, TX 78757, United States",+1 512-690-4774,,Tech One Automotive,,,COUNTY,,http://techoneauto.com/?utm_campaign=gmb,4.8,1362,,,Open · Closes 6 PM,auto repair shop,Austin County,city,COUNTY,2026-07-09T12:11:20,https://www.google.com/maps/place/Tech+One+Automotive/data=!4m7!3m6!1s0x8644cbbd8f6afabf:0x2e057f888cafbf00!8m2!3d30.3678818!4d-97.7273065!16s%2Fg%2F1vc_qrmr!19sChIJv_pqj73LRIYRAL-vjIh_BS4?authuser=0&hl=en&rclk=1
TX,"1700 Fort View Rd, Austin, TX 78704, United States",+1 512-442-1361,,Terry Sayther Automotive,,,COUNTY,,https://www.terrysaytherauto.com/,4.9,1271,,,Open · Closes 6 PM,auto repair shop,Austin County,city,COUNTY,2026-07-09T12:11:20,https://www.google.com/maps/place/Terry+Sayther+Automotive/data=!4m7!3m6!1s0x8644b4caea452909:0x6e17314e888b9f3b!8m2!3d30.2294096!4d-97.7839239!16s%2Fg%2F1vvr6ltv!19sChIJCSlF6sq0RIYRO5-LiE4xF24?authuser=0&hl=en&rclk=1
TX,"3916 Woodbury Dr, Austin, TX 78704, United States",+1 512-447-7801,,Newman's Automotive,,,COUNTY,,https://www.newmansauto.com/,4.6,1450,,,Open · Closes 6 PM,auto repair shop,Austin County,city,COUNTY,2026-07-09T12:11:20,https://www.google.com/maps/place/Newman%27s+Automotive/data=!4m7!3m6!1s0x8644b495d71c5b51:0x78d8391d64c10ad9!8m2!3d30.2233016!4d-97.7612491!16s%2Fg%2F1tj73_67!19sChIJUVsc15W0RIYR2QrBZB052Hg?authuser=0&hl=en&rclk=1
TX,"924 Shady Ln, Austin, TX 78702, United States",+1 512-385-5853,,Juke Auto,,,COUNTY,,https://www.jukeauto.com/,4.6,1080,,,Open · Closes 5:30 PM,auto repair shop,Austin County,city,COUNTY,2026-07-09T12:11:20,https://www.google.com/maps/place/Juke+Auto/data=!4m7!3m6!1s0x8644b6803e867453:0x2913a931163db5cf!8m2!3d30.2589491!4d-97.694212!16s%2Fg%2F1tg_xg_g!19sChIJU3SGPoC2RIYRz7U9FjGpEyk?authuser=0&hl=en&rclk=1
TX,"8225 N Lamar Blvd, Austin, TX 78753, United States",+1 512-837-1417,,Luu Auto Repair,,,COUNTY,,,4.9,180,,,Open · Closes 5:30 PM,auto repair shop,Austin County,city,COUNTY,2026-07-09T12:11:20,https://www.google.com/maps/place/Luu+Auto+Repair/data=!4m7!3m6!1s0x8644cbd212329f89:0x2cd70cb958e279dd!8m2!3d30.3511742!4d-97.7080048!16s%2Fg%2F1twyzyll!19sChIJiZ8yEtLLRIYR3XniWLkM1yw?authuser=0&hl=en&rclk=1
TX,"3512 Guadalupe St, Austin, TX 78705, United States",+1 512-459-9917,,Flamingo Automotive,,,COUNTY,,http://flamingoautomotive.com/,4.7,251,,,Open · Closes 6 PM,auto repair shop,Austin County,city,COUNTY,2026-07-09T12:11:20,https://www.google.com/maps/place/Flamingo+Automotive/data=!4m7!3m6!1s0x8644ca7f007e1c2d:0x4a293c852c09c9d8!8m2!3d30.301954!4d-97.739014!16s%2Fg%2F1th7n8vv!19sChIJLRx-AH_KRIYR2MkJLIU8KUo?authuser=0&hl=en&rclk=1
TX,"4926 N Lamar Blvd, Austin, TX 78751, United States",+1 512-872-5547,,Dave's Ultimate Automotive,,,COUNTY,,https://davesultimateautomotive.com/central-austin/,4.6,756,,,Open · Closes 6 PM,auto repair shop,Austin County,city,COUNTY,2026-07-09T12:11:20,https://www.google.com/maps/place/Dave%27s+Ultimate+Automotive/data=!4m7!3m6!1s0x8644ca6611e74105:0x9f87754e7fb698f2!8m2!3d30.3181679!4d-97.7315495!16s%2Fg%2F1tkbym2w!19sChIJBUHnEWbKRIYR8pi2f051h58?authuser=0&hl=en&rclk=1
TX,"7511 Burleson Rd, Austin, TX 78744, United States",+1 512-785-9085,,MARTINEZ AUTO REPAIR TRANSMISSION SPECIALIST,,,COUNTY,,http://martinezautorepairatx.com/,4.4,284,,,Open · Closes 6 PM,auto repair shop,Austin County,city,COUNTY,2026-07-09T12:11:20,https://www.google.com/maps/place/MARTINEZ+AUTO+REPAIR+TRANSMISSION+SPECIALIST/data=!4m7!3m6!1s0x8644b3e1f0ca5059:0x4f04333c46824893!8m2!3d30.1922134!4d-97.6991937!16s%2Fg%2F11c3xf2xzk!19sChIJWVDK8OGzRIYRk0iCRjwzBE8?authuser=0&hl=en&rclk=1
TX,"5422 Burnet Rd, Austin, TX 78756, United States",+1 512-346-0152,,Arbor Autoworks,,,COUNTY,,https://arborautoworks.com/,4.7,296,,,Open · Closes 6 PM,auto repair shop,Austin County,city,COUNTY,2026-07-09T12:11:20,https://www.google.com/maps/place/Arbor+Autoworks/data=!4m7!3m6!1s0x8644ca58c029203d:0xecdf46a87cde43d1!8m2!3d30.3290081!4d-97.7402856!16s%2Fg%2F1tf87gx9!19sChIJPSApwFjKRIYR0UPefKhG3-w?authuser=0&hl=en&rclk=1
TX,"2417 Buell Ave, Austin, TX 78757, United States",+1 737-260-7824,,Tech One Automotive,,,COUNTY,,http://www.techoneauto.com/,4.7,323,,,Open · Closes 6 PM,auto repair shop,Austin County,city,COUNTY,2026-07-09T12:11:20,https://www.google.com/maps/place/Tech+One+Automotive/data=!4m7!3m6!1s0x8644cbbd9c5bda65:0x887a9e98775e7e03!8m2!3d30.3633728!4d-97.7300226!16s%2Fg%2F1v2gf4d8!19sChIJZdpbnL3LRIYRA35ed5ieeog?authuser=0&hl=en&rclk=1
TX,"5220A Jim Hogg Ave, Austin, TX 78756, United States",+1 512-467-1255,,Century Automotive,,,COUNTY,,,4.9,178,,,Open · Closes 5 PM,auto repair shop,Austin County,city,COUNTY,2026-07-09T12:11:20,https://www.google.com/maps/place/Century+Automotive/data=!4m7!3m6!1s0x8644ca5e54e0c005:0xb40598909d0e8d89!8m2!3d30.3246763!4d-97.7389694!16s%2Fg%2F1tqyfx3_!19sChIJBcDgVF7KRIYRiY0OnZCYBbQ?authuser=0&hl=en&rclk=1
TX,"5905 McCarty Ln, Austin, TX 78749, United States",+1 512-892-2447,,Southwest Automotive,,,COUNTY,,http://swautoatx.com/,4.8,112,,,Open · Closes 5 PM,auto repair shop,Austin County,city,COUNTY,2026-07-09T12:11:20,https://www.google.com/maps/place/Southwest+Automotive/data=!4m7!3m6!1s0x865b4bc590e8e7fb:0xdbd191912bcbfa49!8m2!3d30.2331982!4d-97.8581644!16s%2Fg%2F1tlbpks1!19sChIJ--fokMVLW4YRSfrLK5GR0ds?authuser=0&hl=en&rclk=1
TX,"1607 W Parmer Ln, Austin, TX 78727, United States",+1 512-834-0604,,Austin's Automotive Specialists,,,COUNTY,,https://www.greatwater360autocare.com/shops/austins-automotive-specialists-north-austin-1607,4.6,1474,,,Open · Closes 5:30 PM,auto repair shop,Austin County,city,COUNTY,2026-07-09T12:11:20,https://www.google.com/maps/place/Austin%27s+Automotive+Specialists/data=!4m7!3m6!1s0x8644cea36aa4cd95:0x20cb2fced95e0b17!8m2!3d30.4118918!4d-97.6890258!16s%2Fg%2F1thl5twr!19sChIJlc2kaqPORIYRFwte2c4vyyA?authuser=0&hl=en&rclk=1
TX,"9815 Beck Cir Suite B, Austin, TX 78758, United States",+1 512-339-9239,,All Tech Automotive,,,COUNTY,,https://www.alltechaustin.com/,4.9,38,,,Open · Closes 6 PM,auto repair shop,Austin County,city,COUNTY,2026-07-09T12:11:20,https://www.google.com/maps/place/All+Tech+Automotive/data=!4m7!3m6!1s0x8644cbeeedd0923d:0xb92c4a1e321cf8db!8m2!3d30.3775592!4d-97.7128184!16s%2Fg%2F1263c51fn!19sChIJPZLQ7e7LRIYR2_gcMh5KLLk?authuser=0&hl=en&rclk=1
TX,"904 Prairie Trail, Austin, TX 78758, United States",+1 512-821-1360,,5Star Auto,,,COUNTY,,http://5starautotx.com/,4.9,341,,,Open · Closes 5 PM,auto repair shop,Austin County,city,COUNTY,2026-07-09T12:11:20,https://www.google.com/maps/place/5Star+Auto/data=!4m7!3m6!1s0x8644c95a503e0035:0x9b36da237a833ade!8m2!3d30.3800123!4d-97.6906406!16s%2Fg%2F1v_0k44l!19sChIJNQA-UFrJRIYR3jqDeiPaNps?authuser=0&hl=en&rclk=1
TX,"350 Old W Dr, Round Rock, TX 78681, United States",+1 512-472-4977,,Automotive Specialist,,,COUNTY,,http://www.automotive-specialist.com/,4.9,721,,,Open · Closes 6 PM,auto repair shop,Austin County,city,COUNTY,2026-07-09T12:11:20,https://www.google.com/maps/place/Automotive+Specialist/data=!4m7!3m6!1s0x8644d1e13594043d:0xd22a6c2bbef5fc20!8m2!3d30.4911165!4d-97.6804891!16s%2Fg%2F1tddy4t4!19sChIJPQSUNeHRRIYRIPz1vitsKtI?authuser=0&hl=en&rclk=1
TX,"111 E Oltorf St Ste B, Austin, TX 78704, United States",+1 512-300-7755,,Auto Craft,,,COUNTY,,https://autocraftatx.com/,4.9,145,,,Open · Closes 7 PM Updated by this business 11 weeks ago,auto repair shop,Austin County,city,COUNTY,2026-07-09T12:11:20,https://www.google.com/maps/place/Auto+Craft/data=!4m7!3m6!1s0x8644b567fb717a35:0x9c27d757e780af63!8m2!3d30.2382162!4d-97.7531747!16s%2Fg%2F11v_9vv9r_!19sChIJNXpx-2e1RIYRY6-A51fXJ5w?authuser=0&hl=en&rclk=1
TX,"4918 Hamilton Rd, Austin, TX 78759, United States",+1 512-343-7711,,Auto Techs,,,COUNTY,,http://www.austinautotechs.com/,4.6,292,,,Open · Closes 5 PM,auto repair shop,Austin County,city,COUNTY,2026-07-09T12:11:20,https://www.google.com/maps/place/Auto+Techs/data=!4m7!3m6!1s0x865b32912302e6e5:0x79243e71f671ea8!8m2!3d30.4029099!4d-97.7468075!16s%2Fg%2F1tdgvtl7!19sChIJ5eYCI5EyW4YRqB5nH-dDkgc?authuser=0&hl=en&rclk=1
TX,"1915 S Bell Blvd, Cedar Park, TX 78613, United States",+1 512-250-8381,,Austin's Automotive Specialists,,,COUNTY,,https://www.greatwater360autocare.com/shops/austins-automotive-specialists-cedar-park,4.7,1224,,,Open · Closes 5:30 PM,auto repair shop,Austin County,city,COUNTY,2026-07-09T12:11:20,https://www.google.com/maps/place/Austin%27s+Automotive+Specialists/data=!4m7!3m6!1s0x865b2d67738052db:0x9fdc3d25d00c9263!8m2!3d30.4862454!4d-97.8078006!16s%2Fg%2F1wzt2sy4!19sChIJ21KAc2ctW4YRY5IM0CU93J8?authuser=0&hl=en&rclk=1
TX,"1007 W Anderson Ln., Austin, TX 78757, United States",+1 512-467-7363,,Uptown Auto Repair,,,COUNTY,,,5.0,24,,,Open · Closes 5 PM,auto repair shop,Austin County,city,COUNTY,2026-07-09T12:11:20,https://www.google.com/maps/place/Uptown+Auto+Repair/data=!4m7!3m6!1s0x8644cbf573ca4b8d:0x446dae406d3fda43!8m2!3d30.3483497!4d-97.7158651!16s%2Fg%2F11w8509yc1!19sChIJjUvKc_XLRIYRQ9o_bUCubUQ?authuser=0&hl=en&rclk=1
TX,"7430 Burnet Rd, Austin, TX 78757, United States",+1 512-399-8495,,Big Brand Tire & Service,,,COUNTY,,https://www.bigbrandtire.com/locations/7430-burnet-rd-austin-tx-78757?utm_source=google&utm_medium=organic&utm_campaign=gbp,4.9,783,,,Open · Closes 6 PM,auto repair shop,Austin County,city,COUNTY,2026-07-09T12:11:20,https://www.google.com/maps/place/Big+Brand+Tire+%26+Service/data=!4m7!3m6!1s0x8644cbac223b9c79:0x10be8197ed83a69d!8m2!3d30.3504094!4d-97.7348569!16s%2Fg%2F11b75fh7xc!19sChIJeZw7IqzLRIYRnaaD7ZeBvhA?authuser=0&hl=en&rclk=1
TX,"903 Kramer Ln, Austin, TX 78758, United States",+1 512-837-3714,,Luu Auto Repair & Body Shop,,,COUNTY,,,4.9,133,,,Open · Closes 5:30 PM,auto repair shop,Austin County,city,COUNTY,2026-07-09T12:11:20,https://www.google.com/maps/place/Luu+Auto+Repair+%26+Body+Shop/data=!4m7!3m6!1s0x8644c95a60c2df0d:0xab076dd683d7c4e2!8m2!3d30.3804966!4d-97.6902368!16s%2Fg%2F1tq6dwrz!19sChIJDd_CYFrJRIYR4sTXg9ZtB6s?authuser=0&hl=en&rclk=1
TX,"4431 Lucksinger Ln, Austin, TX 78745, United States",+1 512-444-7005,,G.A. Automotive,,,COUNTY,,https://www.gaautomotive.net/,4.8,158,,,Open · Closes 6 PM,auto repair shop,Austin County,city,COUNTY,2026-07-09T12:11:20,https://www.google.com/maps/place/G.A.+Automotive/data=!4m7!3m6!1s0x8644b499842c74ed:0xc2aae620deb5eb32!8m2!3d30.215171!4d-97.765737!16s%2Fg%2F1tf1c402!19sChIJ7XQshJm0RIYRMuu13iDmqsI?authuser=0&hl=en&rclk=1
TX,"1802 S Congress Ave, Austin, TX 78704, United States",+1 512-447-2886,,Capital City Automotive,,,COUNTY,,http://www.capitalcityautoaustin.com/,4.8,220,,,Open · Closes 5 PM,auto repair shop,Austin County,city,COUNTY,2026-07-09T12:11:20,https://www.google.com/maps/place/Capital+City+Automotive/data=!4m7!3m6!1s0x8644b4fb684a1411:0x9cf77f662b4b3c51!8m2!3d30.2456967!4d-97.7514654!16s%2Fg%2F1tgd6y2l!19sChIJERRKaPu0RIYRUTxLK2Z_95w?authuser=0&hl=en&rclk=1
TX,"601 Ferguson Dr, Austin, TX 78753, United States",+1 512-837-8682,,T&T Auto Repair,,,COUNTY,,http://www.ttautorepair.net/,4.4,125,,,Open · Closes 6 PM,auto repair shop,Austin County,city,COUNTY,2026-07-09T12:11:20,https://www.google.com/maps/place/T%26T+Auto+Repair/data=!4m7!3m6!1s0x8644c944aabd3821:0xe4adaade35f8050d!8m2!3d30.3766561!4d-97.687064!16s%2Fg%2F1hc25br5f!19sChIJITi9qkTJRIYRDQX4Nd6qreQ?authuser=0&hl=en&rclk=1
TX,"9800 Beck Cir, Austin, TX 78758, United States",+1 512-873-8680,,Elite Import Auto Service,,,COUNTY,,http://www.eliteimportauto.com/,4.9,146,,,Open · Closes 6 PM,auto repair shop,Austin County,city,COUNTY,2026-07-09T12:11:20,https://www.google.com/maps/place/Elite+Import+Auto+Service/data=!4m7!3m6!1s0x8644cbeeeb01a7c9:0xe9f4607f086fa2f7!8m2!3d30.3766581!4d-97.713156!16s%2Fg%2F1tfg3gty!19sChIJyacB6-7LRIYR96JvCH9g9Ok?authuser=0&hl=en&rclk=1
TX,"7200 Woodrow Ave, Austin, TX 78757, United States",+1 512-467-0765,,Crestview Auto Repair,,,COUNTY,,,4.6,43,,,Open · Closes 5:30 PM,auto repair shop,Austin County,city,COUNTY,2026-07-09T12:11:20,https://www.google.com/maps/place/Crestview+Auto+Repair/data=!4m7!3m6!1s0x8644ca4b7d1275e5:0xe822756076ffd9d3!8m2!3d30.3434627!4d-97.7252764!16s%2Fg%2F1tcx1xtj!19sChIJ5XUSfUvKRIYR09n_dmB1Iug?authuser=0&hl=en&rclk=1
TX,"8701 Research Blvd Ste h, Austin, TX 78758, United States",+1 512-454-3733,,Excalibur Auto Repair,,,COUNTY,,https://excaliburautorepair.com/,4.7,377,,,Open · Closes 5:30 PM,auto repair shop,Austin County,city,COUNTY,2026-07-09T12:11:20,https://www.google.com/maps/place/Excalibur+Auto+Repair/data=!4m7!3m6!1s0x8644cbc120502e67:0x93432004f1cebb09!8m2!3d30.3651901!4d-97.7172898!16s%2Fg%2F1vjdqg4n!19sChIJZy5QIMHLRIYRCbvO8QQgQ5M?authuser=0&hl=en&rclk=1
TX,"822 Wagon Trail, Austin, TX 78758, United States",+1 512-837-1779,,A-1 Automotive & Repair,,,COUNTY,,,4.3,102,,,Open · Closes 4 PM,auto repair shop,Austin County,city,COUNTY,2026-07-09T12:11:20,https://www.google.com/maps/place/A-1+Automotive+%26+Repair/data=!4m7!3m6!1s0x8644c95ba71902f1:0x157fba8a0b41f393!8m2!3d30.3784122!4d-97.6901036!16s%2Fg%2F11c6s79zqb!19sChIJ8QIZp1vJRIYRk_NBC4q6fxU?authuser=0&hl=en&rclk=1
TX,"4508 Brandt Rd unit k, Austin, TX 78744, United States",+1 512-645-0009,,Crank Auto Repair,,,COUNTY,,https://crankautosales.com/,4.8,391,,,Open · Closes 6 PM,auto repair shop,Austin County,city,COUNTY,2026-07-09T12:11:20,https://www.google.com/maps/place/Crank+Auto+Repair/data=!4m7!3m6!1s0x8644b3277c12e5d3:0xd3691ccba55014cb!8m2!3d30.1604933!4d-97.771286!16s%2Fg%2F11fzb0rsqc!19sChIJ0-USfCezRIYRyxRQpcscadM?authuser=0&hl=en&rclk=1
TX,"6750 Corpus Christi Dr, Austin, TX 78729, United States",+1 512-377-9724,,Sun Auto Service,,,COUNTY,,https://www.sunautoservice.com/locations/tx/austin/auto-repair-6750-corpus-christi-dr?utm_source=local_listing&utm_medium=organic&utm_campaign=store_4023,4.7,859,,,Open · Closes 6 PM,auto repair shop,Austin County,city,COUNTY,2026-07-09T12:11:20,https://www.google.com/maps/place/Sun+Auto+Service/data=!4m7!3m6!1s0x8644cd048ee7a485:0x916dd5dae51dbe07!8m2!3d30.4418533!4d-97.7504719!16s%2Fg%2F1tq4rgvk!19sChIJhaTnjgTNRIYRB74d5drVbZE?authuser=0&hl=en&rclk=1
TX,"1801 S Congress Ave, Austin, TX 78704, United States",+1 512-441-1933,,Hi-Tech Automotive,,,COUNTY,,http://www.hitechaustin.com/,4.6,342,,,Open · Closes 5 PM,auto repair shop,Austin County,city,COUNTY,2026-07-09T12:11:20,https://www.google.com/maps/place/Hi-Tech+Automotive/data=!4m7!3m6!1s0x8644b4fb663958db:0xbf6f738cd0e16fe0!8m2!3d30.2458331!4d-97.7507573!16s%2Fg%2F1tdc5m5k!19sChIJ21g5Zvu0RIYR4G_h0Ixzb78?authuser=0&hl=en&rclk=1
TX,"5209 Manor Rd, Austin, TX 78723, United States",+1 512-550-9850,,APR Engines & Automotive,,,COUNTY,,http://www.autorepairshopaustin.com/,4.8,127,,,Open · Closes 6 PM,auto repair shop,Austin County,city,COUNTY,2026-07-09T12:11:20,https://www.google.com/maps/place/APR+Engines+%26+Automotive/data=!4m7!3m6!1s0x8644b61d1fe04f87:0xe9974958f526179!8m2!3d30.2993034!4d-97.6859506!16s%2Fg%2F11c1nd3_yj!19sChIJh0_gHx22RIYReWFSj5V0mQ4?authuser=0&hl=en&rclk=1
TX,"118 Trademark Dr, Buda, TX 78610, United States",+1 512-312-2177,,Austin's Automotive Specialists,,,COUNTY,,https://www.greatwater360autocare.com/shops/austins-automotive-specialists-buda,4.7,1028,,,Open · Closes 5:30 PM,auto repair shop,Austin County,city,COUNTY,2026-07-09T12:11:20,https://www.google.com/maps/place/Austin%27s+Automotive+Specialists/data=!4m7!3m6!1s0x865b5254f12a0157:0x433780573118a9e8!8m2!3d30.0668601!4d-97.8311233!16s%2Fg%2F1tkb5jbs!19sChIJVwEq8VRSW4YR6KkYMVeAN0M?authuser=0&hl=en&rclk=1
TX,"9807 Beck Cir, Austin, TX 78758, United States",+1 512-904-0130,,Buddha's Garage,,,COUNTY,,https://buddhasgarageatx.com/,4.8,255,,,Open · Closes 6 PM,auto repair shop,Austin County,city,COUNTY,2026-07-09T12:11:20,https://www.google.com/maps/place/Buddha%27s+Garage/data=!4m7!3m6!1s0x8644ca175d8e0d13:0x9ce0d9e509f0481d!8m2!3d30.3769076!4d-97.7123379!16s%2Fg%2F1tfmcmkd!19sChIJEw2OXRfKRIYRHUjwCeXZ4Jw?authuser=0&hl=en&rclk=1
TX,"4538 Doss Rd, Austin, TX 78734, United States",+1 512-545-8271,,AO Amigos Auto Service,,,COUNTY,,https://aoamigosautoservices.com/en,4.8,201,,,Open · Closes 6 PM,auto repair shop,Austin County,city,COUNTY,2026-07-09T12:11:20,https://www.google.com/maps/place/AO+Amigos+Auto+Service/data=!4m7!3m6!1s0x865b30e8ee0625c1:0xd369a511d6a6255d!8m2!3d30.4088208!4d-97.9304391!16s%2Fg%2F11dxnkt45h!19sChIJwSUG7ugwW4YRXSWm1hGladM?authuser=0&hl=en&rclk=1
TX,"105 Maldonado Trail Unit G, Del Valle, TX 78617, United States",+1 512-470-5064,,Jimenez Auto Repair,,,COUNTY,,http://jimenez-auto-repair.com/,5.0,59,,,Open · Closes 6 PM,auto repair shop,Austin County,city,COUNTY,2026-07-09T12:11:20,https://www.google.com/maps/place/Jimenez+Auto+Repair/data=!4m7!3m6!1s0x8644a5b36b917bb9:0x4c656e42db9148ed!8m2!3d30.1008871!4d-97.6058668!16s%2Fg%2F11jvbzz8xd!19sChIJuXuRa7OlRIYR7UiR20JuZUw?authuser=0&hl=en&rclk=1
TX,"1601 Hydro Dr, Austin, TX 78728, United States",+1 512-383-8000,,Amazing Auto Repair,,,COUNTY,,https://www.amazingautoandtransmissionrepair.com/,4.6,518,,,,auto repair shop,Austin County,city,COUNTY,2026-07-09T12:11:20,https://www.google.com/maps/place/Amazing+Auto+Repair/data=!4m7!3m6!1s0x8644ceed51bd9137:0x9dfcd13b6242b90d!8m2!3d30.42824!4d-97.6760366!16s%2Fg%2F1yg4d0s_n!19sChIJN5G9Ue3ORIYRDblCYjvR_J0?authuser=0&hl=en&rclk=1
TX,"3415 Andtree Blvd, Austin, TX 78724, United States",+1 512-861-6574,,Tex Tune Automotive,,,COUNTY,,https://www.textuneauto.com/,5.0,70,,,Open · Closes 6 PM,auto repair shop,Austin County,city,COUNTY,2026-07-09T12:11:20,https://www.google.com/maps/place/Tex+Tune+Automotive/data=!4m7!3m6!1s0x8644c9c8ccd30a17:0xfb695a340dab9e66!8m2!3d30.3223541!4d-97.6605718!16s%2Fg%2F11pv5hhszt!19sChIJFwrTzMjJRIYRZp6rDTRaafs?authuser=0&hl=en&rclk=1
TX,"810 Justin Ln, Austin, TX 78752, United States",+1 512-774-1903,,Davo’s Auto Repair & Service,,,COUNTY,,https://www.facebook.com/Davosauto,4.5,59,,,Open · Closes 6 PM,auto repair shop,Austin County,city,COUNTY,2026-07-09T12:11:20,https://www.google.com/maps/place/Davo%E2%80%99s+Auto+Repair+%26+Service/data=!4m7!3m6!1s0x8644b69a01cd3811:0xea57beed10b5579d!8m2!3d30.3373346!4d-97.7200939!16s%2Fg%2F11hbghh3bp!19sChIJETjNAZq2RIYRnVe1EO2-V-o?authuser=0&hl=en&rclk=1
TX,"1413 W William Cannon Dr, Austin, TX 78745, United States",+1 512-440-7077,,Precision Tune Auto Care,,,COUNTY,,http://www.precisiontune.com/AustinTX_South,4.6,444,,,Open · Closes 5:30 PM,auto repair shop,Austin County,city,COUNTY,2026-07-09T12:11:20,https://www.google.com/maps/place/Precision+Tune+Auto+Care/data=!4m7!3m6!1s0x865b4ca6e609bd3d:0x7016b73409e6491a!8m2!3d30.2002211!4d-97.7997705!16s%2Fg%2F1tf6h1cr!19sChIJPb0J5qZMW4YRGknmCTS3FnA?authuser=0&hl=en&rclk=1
TX,"2601 W Howard Ln, Austin, TX 78728, United States",+1 512-814-8551,,Hulk Automotive Service,,,COUNTY,,http://hulkautomotive.com/,4.7,73,,,Open · Closes 6:30 PM,auto repair shop,Austin County,city,COUNTY,2026-07-09T12:11:20,https://www.google.com/maps/place/Hulk+Automotive+Service/data=!4m7!3m6!1s0x8644cdd56709ddf5:0xd834d944119332a7!8m2!3d30.4365524!4d-97.6908071!16s%2Fg%2F1tgwsng7!19sChIJ9d0JZ9XNRIYRpzKTEUTZNNg?authuser=0&hl=en&rclk=1
TX,"9808 Gray Blvd, Austin, TX 78758, United States",+1 512-837-4632,,Mueller Automotive,,,COUNTY,,http://www.muellerautorepair.com/,5.0,41,,,Open · Closes 5 PM,auto repair shop,Austin County,city,COUNTY,2026-07-09T12:11:20,https://www.google.com/maps/place/Mueller+Automotive/data=!4m7!3m6!1s0x8644cbee89b105ab:0x2d8ae8bc872b63f!8m2!3d30.377766!4d-97.713637!16s%2Fg%2F1td7cjv1!19sChIJqwWxie7LRIYRP7ZyyIuu2AI?authuser=0&hl=en&rclk=1
TX,"1652 Chippeway Ln, Austin, TX 78745, United States",+1 737-235-7155,,Neighborly Auto Repair,,,COUNTY,,,5.0,39,,,Open · Closes 6 PM,auto repair shop,Austin County,city,COUNTY,2026-07-09T12:11:20,https://www.google.com/maps/place/Neighborly+Auto+Repair/data=!4m7!3m6!1s0x865b4d9308b4ae15:0x4955613f741cd2e6!8m2!3d30.2036003!4d-97.7999439!16s%2Fg%2F11wfxf1z5r!19sChIJFa60CJNNW4YR5tIcdD9hVUk?authuser=0&hl=en&rclk=1
TX,"803 W American Blvd, Muleshoe, TX 79347, United States",+1 806-272-5330,,Burton Service Center - Total Automotive Repair,,,COUNTY,,,4.8,27,,,Open · Closes 5 PM,auto repair shop,Bailey County,city,COUNTY,2026-07-09T12:16:08,https://www.google.com/maps/place/Burton+Service+Center+-+Total+Automotive+Repair/data=!4m7!3m6!1s0x87025e6674ac0f61:0xc9f775eee195092d!8m2!3d34.2305657!4d-102.7319912!16s%2Fg%2F1td4q4my!19sChIJYQ-sdGZeAocRLQmV4e5198k?authuser=0&hl=en&rclk=1
TX,"113 E Washington Ave, Morton, TX 79346, United States",+1 806-891-5163,,Westward Auto Repair L.L.C,,,COUNTY,,,4.5,8,,,Open · Closes 6 PM,auto repair shop,Bailey County,city,COUNTY,2026-07-09T12:16:08,https://www.google.com/maps/place/Westward+Auto+Repair+L.L.C/data=!4m7!3m6!1s0x86fd83b32e6a9a17:0x2b5c6c2ebf719f8c!8m2!3d33.7255468!4d-102.7583396!16s%2Fg%2F11b7d_h07t!19sChIJF5pqLrOD_YYRjJ9xvy5sXCs?authuser=0&hl=en&rclk=1
TX,"425 N 1st St, Muleshoe, TX 79347, United States",+1 806-272-4408,,Shipman's Body Shop Inc and Autoplex,,,COUNTY,,,4.8,22,,,Open 24 hours,auto repair shop,Bailey County,city,COUNTY,2026-07-09T12:16:08,https://www.google.com/maps/place/Shipman%27s+Body+Shop+Inc+and+Autoplex/data=!4m7!3m6!1s0x87025e7053148d63:0x5ad1083d716c110c!8m2!3d34.2305872!4d-102.7218021!16s%2Fg%2F1twyz_jz!19sChIJY40UU3BeAocRDBFscT0I0Vo?authuser=0&hl=en&rclk=1
TX,"1300a W American Blvd, Muleshoe, TX 79347, United States",+1 806-315-1036,,Precision Welding & Repair,,,COUNTY,,https://rymaps.xyz/business/precision-welding-repair-k0ipxn,5.0,19,,,Open · Closes 5:30 PM,auto repair shop,Bailey County,city,COUNTY,2026-07-09T12:16:08,https://www.google.com/maps/place/Precision+Welding+%26+Repair/data=!4m7!3m6!1s0x87025f67019de171:0x69e7dffdce103515!8m2!3d34.2339649!4d-102.7363419!16s%2Fg%2F11lspz9k28!19sChIJceGdAWdfAocRFTUQzv3f52k?authuser=0&hl=en&rclk=1
TX,"Farwell, TX 79325, United States",+1 806-881-5543,,Cuevas Automotive Repair & Sales,,,COUNTY,,,4.5,6,,,Open · Closes 5:30 PM,auto repair shop,Bailey County,city,COUNTY,2026-07-09T12:16:08,https://www.google.com/maps/place/Cuevas+Automotive+Repair+%26+Sales/data=!4m7!3m6!1s0x8702e4f8a85e205b:0x7018b4b5637deb57!8m2!3d34.3885116!4d-103.0355096!16s%2Fg%2F11f7ftktck!19sChIJWyBeqPjkAocRV-t9Y7W0GHA?authuser=0&hl=en&rclk=1
TX,"115 Gardner Ave, Bovina, TX 79009, United States",+1 806-251-1555,,Northside Motors,,,COUNTY,,,4.9,20,,,Open · Closes 5 PM,auto repair shop,Bailey County,city,COUNTY,2026-07-09T12:16:08,https://www.google.com/maps/place/Northside+Motors/data=!4m7!3m6!1s0x8702fe0366b67c77:0xd304fff731da6c0e!8m2!3d34.5241198!4d-102.887696!16s%2Fg%2F11f4zfqcs6!19sChIJd3y2ZgP-AocRDmzaMff_BNM?authuser=0&hl=en&rclk=1
TX,"102 W American Blvd, Muleshoe, TX 79347, United States",+1 806-272-4288,,Joe Ed's Auto Supply,,,COUNTY,,,4.1,35,,,Open · Closes 6 PM,auto repair shop,Bailey County,city,COUNTY,2026-07-09T12:16:08,https://www.google.com/maps/place/Joe+Ed%27s+Auto+Supply/data=!4m7!3m6!1s0x87026e0b4e9ba56d:0x8fb3350f55698dac!8m2!3d34.2268479!4d-102.7244!16s%2Fg%2F1tff81h_!19sChIJbaWbTgtuAocRrI1pVQ81s48?authuser=0&hl=en&rclk=1
TX,"413 N 1st St, Muleshoe, TX 79347, United States",+1 806-272-6785,,Stop y go diesel y gas repair,,,COUNTY,,,4.8,4,,,Open · Closes 6 PM,auto repair shop,Bailey County,city,COUNTY,2026-07-09T12:16:08,https://www.google.com/maps/place/Stop+y+go+diesel+y+gas+repair/data=!4m7!3m6!1s0x87025fb1e4dd5945:0x74300d9d6097868b!8m2!3d34.2298232!4d-102.7217026!16s%2Fg%2F11vc8s6x6y!19sChIJRVnd5LFfAocRi4aXYJ0NMHQ?authuser=0&hl=en&rclk=1
TX,"220 E American Blvd, Muleshoe, TX 79347, United States",+1 806-272-4594,,Tireworks Tire Pros,,,COUNTY,,https://tireworksinc.com/,4.7,99,,,Open · Closes 5 PM,auto repair shop,Bailey County,city,COUNTY,2026-07-09T12:16:08,https://www.google.com/maps/place/Tireworks+Tire+Pros/data=!4m7!3m6!1s0x87025e719b09d8b5:0x7a40c4fb4041e327!8m2!3d34.2248617!4d-102.722382!16s%2Fg%2F11c3vtbx2q!19sChIJtdgJm3FeAocRJ-NBQPvEQHo?authuser=0&hl=en&rclk=1
TX,"312 N Main St, Morton, TX 79346, United States",+1 806-620-9450,,Antelope Tire & Supply,,,COUNTY,,,4.6,15,,,Open · Closes 6 PM,auto repair shop,Bailey County,city,COUNTY,2026-07-09T12:16:08,https://www.google.com/maps/place/Antelope+Tire+%26+Supply/data=!4m7!3m6!1s0x86fd83b4af716599:0xfa4a702b12ff4a58!8m2!3d33.7279449!4d-102.7588311!16s%2Fg%2F11gcf2ntp2!19sChIJmWVxr7SD_YYRWEr_EitwSvo?authuser=0&hl=en&rclk=1
TX,"312 N Main St, Morton, TX 79346, United States",,,Newtex Tire and repair,,,COUNTY,,,3.7,3,,,Open · Closes 6 PM,auto repair shop,Bailey County,city,COUNTY,2026-07-09T12:16:08,https://www.google.com/maps/place/Newtex+Tire+and+repair/data=!4m7!3m6!1s0x86fd839ea09fd0c5:0x839110e5df9a4108!8m2!3d33.7279566!4d-102.7587887!16s%2Fg%2F11s0jy6wp9!19sChIJxdCfoJ6D_YYRCEGa3-UQkYM?authuser=0&hl=en&rclk=1
TX,"801 Hereford Ave, Texico, NM 88135, United States",+1 575-482-9087,,Master Tech,,,COUNTY,,,4.8,29,,,Open · Closes 5 PM,auto repair shop,Bailey County,city,COUNTY,2026-07-09T12:16:08,https://www.google.com/maps/place/Master+Tech/data=!4m7!3m6!1s0x8702e448116940af:0x60260f5918e98ebb!8m2!3d34.3898785!4d-103.0516435!16s%2Fg%2F1tj7wv5t!19sChIJr0BpEUjkAocRu47pGFkPJmA?authuser=0&hl=en&rclk=1
TX,"308 S 3rd St, Bovina, TX 79009, United States",,,Bovina Auto Works,,,COUNTY,,https://www.facebook.com/profile.php?id=61576221122675,5.0,2,,,Open · Closes 5 PM,auto repair shop,Bailey County,city,COUNTY,2026-07-09T12:16:08,https://www.google.com/maps/place/Bovina+Auto+Works/data=!4m7!3m6!1s0x8702ff439a48e31b:0xbad674de8b52085c!8m2!3d34.5171192!4d-102.887474!16s%2Fg%2F11ycjgkxrq!19sChIJG-NImkP_AocRXAhSi9501ro?authuser=0&hl=en&rclk=1
TX,"101 1st St, Farwell, TX 79325, United States",+1 806-481-9613,,Tireworks Tire Pros,,,COUNTY,,https://tireworksinc.com/,4.5,136,,,Open · Closes 5 PM,auto repair shop,Bailey County,city,COUNTY,2026-07-09T12:16:08,https://www.google.com/maps/place/Tireworks+Tire+Pros/data=!4m7!3m6!1s0x8702e451150e18f7:0xbea6181e882127c!8m2!3d34.3884206!4d-103.0425146!16s%2Fg%2F1tpbcff3!19sChIJ9xgOFVHkAocRfBKC6IFh6gs?authuser=0&hl=en&rclk=1
TX,"101 E Washington Ave, Morton, TX 79346, United States",+1 432-788-8149,,D&J Tire Sales and Services LLC,,,COUNTY,,,5.0,7,,,Open · Closes 6 PM,auto repair shop,Bailey County,city,COUNTY,2026-07-09T12:16:08,https://www.google.com/maps/place/D%26J+Tire+Sales+and+Services+LLC/data=!4m7!3m6!1s0x86fd83b6ac505f4d:0x696c8fd45add6aaf!8m2!3d33.7254445!4d-102.7589241!16s%2Fg%2F11nnlphw9p!19sChIJTV9QrLaD_YYRr2rdWtSPbGk?authuser=0&hl=en&rclk=1
TX,"1017 Ave A S, Farwell, TX 79325, United States",+1 806-481-3295,,Southwest Argiculture Services,,,COUNTY,,,4.9,11,,,Open · Closes 6 PM,auto repair shop,Bailey County,city,COUNTY,2026-07-09T12:16:08,https://www.google.com/maps/place/Southwest+Argiculture+Services/data=!4m7!3m6!1s0x8702e456bf52a12f:0xb7d300b735a64387!8m2!3d34.3881529!4d-103.0304342!16s%2Fg%2F1tfpvqhn!19sChIJL6FSv1bkAocRh0OmNbcA07c?authuser=0&hl=en&rclk=1
TX,"603 SE 3rd St, Dimmitt, TX 79027, United States",+1 806-647-4121,,"Paxton Tire & Service/BMI-PTS, LLC",,,COUNTY,,https://www.paxtontire.com/,4.6,73,,,Open · Closes 5:30 PM,auto repair shop,Bailey County,city,COUNTY,2026-07-09T12:16:08,"https://www.google.com/maps/place/Paxton+Tire+%26+Service%2FBMI-PTS,+LLC/data=!4m7!3m6!1s0x870233a82f950bc9:0xa4885d04d9dda19d!8m2!3d34.5450738!4d-102.3095357!16s%2Fg%2F1td65s60!19sChIJyQuVL6gzAocRnaHd2QRdiKQ?authuser=0&hl=en&rclk=1"
TX,"1623 W American Blvd, Muleshoe, TX 79347, United States",+1 806-789-5453,,All Star Detailing Inc,,,COUNTY,,,5.0,31,,,Open · Closes 6 PM,auto repair shop,Bailey County,city,COUNTY,2026-07-09T12:16:08,https://www.google.com/maps/place/All+Star+Detailing+Inc/data=!4m7!3m6!1s0x87025f7032f3a767:0x3383b03405c9179c!8m2!3d34.2351317!4d-102.741234!16s%2Fg%2F11ngklvmsc!19sChIJZ6fzMnBfAocRnBfJBTSwgzM?authuser=0&hl=en&rclk=1
TX,"425 N 1st St, Muleshoe, TX 79347, United States",+1 806-410-0444,,Shipman's Wrecking Service Inc,,,COUNTY,,,5.0,8,,,Open 24 hours,auto repair shop,Bailey County,city,COUNTY,2026-07-09T12:16:08,https://www.google.com/maps/place/Shipman%27s+Wrecking+Service+Inc/data=!4m7!3m6!1s0x87025f6bf7dc3909:0x583832a913f60458!8m2!3d34.2306753!4d-102.7219062!16s%2Fg%2F11pzxf87zw!19sChIJCTnc92tfAocRWAT2E6kyOFg?authuser=0&hl=en&rclk=1
TX,"820 N Main St, Morton, TX 79346, United States",+1 806-891-1418,,Alberts Tire Services,,,COUNTY,,,4.0,4,,,Open · Closes 6 PM,auto repair shop,Bailey County,city,COUNTY,2026-07-09T12:16:08,https://www.google.com/maps/place/Alberts+Tire+Services/data=!4m7!3m6!1s0x86fd83b5519f471d:0xabcf494f096c15e7!8m2!3d33.7330046!4d-102.7588318!16s%2Fg%2F1tf_1jg4!19sChIJHUefUbWD_YYR5xVsCU9Jz6s?authuser=0&hl=en&rclk=1
TX,"585 County Rd B, Texico, NM 88135, United States",+1 575-683-5405,,B P Pump Co,,,COUNTY,,,5.0,5,,,,auto repair shop,Bailey County,city,COUNTY,2026-07-09T12:16:08,https://www.google.com/maps/place/B+P+Pump+Co/data=!4m7!3m6!1s0x8702e58c57df4cab:0xc30d4182a32b9784!8m2!3d34.345127!4d-103.0554995!16s%2Fg%2F1tfpk84z!19sChIJq0zfV4zlAocRhJcro4JBDcM?authuser=0&hl=en&rclk=1
TX,"220 W 7th St, Clovis, NM 88101, United States",+1 575-742-1694,,"Blacklock's Auto & Truck Repair Service - Clovis, NM",,,COUNTY,,,4.6,299,,,Open · Closes 5 PM,auto repair shop,Bailey County,city,COUNTY,2026-07-09T12:16:08,"https://www.google.com/maps/place/Blacklock%27s+Auto+%26+Truck+Repair+Service+-+Clovis,+NM/data=!4m7!3m6!1s0x8702ddd8355b2f3f:0x453383ef7ccaaed1!8m2!3d34.4049306!4d-103.2074813!16s%2Fg%2F1vknpvcs!19sChIJPy9bNdjdAocR0a7KfO-DM0U?authuser=0&hl=en&rclk=1"
TX,"2002 W Ash Ave, Muleshoe, TX 79347, United States",+1 806-470-4018,,Tow Pros,,,COUNTY,,http://www.towpros.us/,4.8,37,,,Open 24 hours,auto repair shop,Bailey County,city,COUNTY,2026-07-09T12:16:08,https://www.google.com/maps/place/Tow+Pros/data=!4m7!3m6!1s0x87025f76da472163:0xd864d00018dc904b!8m2!3d34.2383506!4d-102.7462654!16s%2Fg%2F11ff4_tlml!19sChIJYyFH2nZfAocRS5DcGADQZNg?authuser=0&hl=en&rclk=1
TX,"1112 W American Blvd, Muleshoe, TX 79347, United States",+1 806-272-3075,,Triple S Auto Glass,,,COUNTY,,,5.0,17,,,Open · Closes 5 PM,auto repair shop,Bailey County,city,COUNTY,2026-07-09T12:16:08,https://www.google.com/maps/place/Triple+S+Auto+Glass/data=!4m7!3m6!1s0x87025e6759a2ebdf:0xeb6581e899d2dc85!8m2!3d34.2329997!4d-102.7345432!16s%2Fg%2F1tvtbt4t!19sChIJ3-uiWWdeAocRhdzSmeiBZes?authuser=0&hl=en&rclk=1
TX,"Muleshoe, TX 79347, United States",,,B&b Super Lube,,,COUNTY,,,,,,,,auto repair shop,Bailey County,city,COUNTY,2026-07-09T12:16:08,https://www.google.com/maps/place/B%26b+Super+Lube/data=!4m7!3m6!1s0x87025e7094094717:0x41bf7f6dc71fc22a!8m2!3d34.2292126!4d-102.7210347!16s%2Fg%2F11t2884_sn!19sChIJF0cJlHBeAocRKsIfx21_v0E?authuser=0&hl=en&rclk=1
TX,"Julio s shop, 1105 N Thornton St, Clovis, NM 88101, United States",+1 575-749-1915,,Julio's Shop,,,COUNTY,,,4.5,44,,,Open · Closes 6 PM,auto repair shop,Bailey County,city,COUNTY,2026-07-09T12:16:08,https://www.google.com/maps/place/Julio%27s+Shop/data=!4m7!3m6!1s0x8702de78d6c4e3c3:0x6bc0f456b0157cb6!8m2!3d34.4091592!4d-103.2140031!16s%2Fg%2F11gfk1s645!19sChIJw-PE1njeAocRtnwVsFb0wGs?authuser=0&hl=en&rclk=1
TX,"101 1st St, Farwell, TX 79325, United States",+1 806-589-3420,,Intoxalock Ignition Interlock,,,COUNTY,,https://www.intoxalock.com/locations/tx/farwell/101-1st-st-6149?utm_medium=yext&utm_source=GMB&y_source=1_MTUzNzgyMTctNzE1LWxvY2F0aW9uLndlYnNpdGU%3D,4.5,6,,,,auto repair shop,Bailey County,city,COUNTY,2026-07-09T12:16:08,https://www.google.com/maps/place/Intoxalock+Ignition+Interlock/data=!4m7!3m6!1s0x8702e5439e7dbedd:0x2e7cfd5ac0e776d!8m2!3d34.3883883!4d-103.0426833!16s%2Fg%2F11h3bf_6dn!19sChIJ3b59nkPlAocRbXcOrNXP5wI?authuser=0&hl=en&rclk=1
TX,"1017 Ave A S, Farwell, TX 79325, United States",+1 806-481-3295,,NAPA Auto Parts - Blonde Tornado Operations Inc,,,COUNTY,,https://www.napaonline.com/en/TX/Farwell/store/22701?cid=pl_jobber_google_dac_22701_ao,4.6,19,,,Open · Closes 5 PM,auto repair shop,Bailey County,city,COUNTY,2026-07-09T12:16:08,https://www.google.com/maps/place/NAPA+Auto+Parts+-+Blonde+Tornado+Operations+Inc/data=!4m7!3m6!1s0x8702fa34f50bb689:0x5e59f3cf6dfb848b!8m2!3d34.388185!4d-103.030428!16s%2Fg%2F11bbrm4k1m!19sChIJibYL9TT6AocRi4T7bc_zWV4?authuser=0&hl=en&rclk=1
TX,"1405 W American Blvd, Muleshoe, TX 79347, United States",+1 806-541-1002,,Muleshoe Truck Parts LLC,,,COUNTY,,https://rymaps.xyz/business/muleshoe-truck-parts-llc-5u8389,4.8,21,,,Open · Closes 6 PM,auto repair shop,Bailey County,city,COUNTY,2026-07-09T12:16:08,https://www.google.com/maps/place/Muleshoe+Truck+Parts+LLC/data=!4m7!3m6!1s0x87025f57a660f823:0x20fbe1355e0f37f7!8m2!3d34.2337279!4d-102.7381797!16s%2Fg%2F11pc5zq47m!19sChIJI_hgpldfAocR9zcPXjXh-yA?authuser=0&hl=en&rclk=1
TX,"1701 W American Blvd, Muleshoe, TX 79347, United States",+1 806-272-4425,,Carquest Auto Parts - Mohawk Auto Parts,,,COUNTY,,https://www.carquest.com/locations/tx/muleshoe/9159/,4.8,21,,,Open · Closes 5:30 PM,auto repair shop,Bailey County,city,COUNTY,2026-07-09T12:16:08,https://www.google.com/maps/place/Carquest+Auto+Parts+-+Mohawk+Auto+Parts/data=!4m7!3m6!1s0x87025e592c8f0711:0xc1e44fe65ca17663!8m2!3d34.2355613!4d-102.7424926!16s%2Fg%2F1tf_1jjf!19sChIJEQePLFleAocRY3ahXOZP5ME?authuser=0&hl=en&rclk=1
TX,"4900 Mabry Dr, Clovis, NM 88101, United States",+1 575-769-2215,,R & D Service Center Inc,,,COUNTY,,http://randdservicecenter.com/,4.5,164,,,Open · Closes 5:30 PM,auto repair shop,Bailey County,city,COUNTY,2026-07-09T12:16:08,https://www.google.com/maps/place/R+%26+D+Service+Center+Inc/data=!4m7!3m6!1s0x8702e73dc08e80e3:0x123e663c1ddeca96!8m2!3d34.3947478!4d-103.1418961!16s%2Fg%2F1x5fbtkk!19sChIJ44COwD3nAocRlsreHTxmPhI?authuser=0&hl=en&rclk=1
TX,"210 S Main St, Morton, TX 79346, United States",+1 806-266-8811,,Cox True Value Hardware & Auto,,,COUNTY,,https://truevalue.com/?tvstore=9541&utm_source=gbp&utm_medium=organic,4.6,25,,,Open · Closes 6 PM,auto repair shop,Bailey County,city,COUNTY,2026-07-09T12:16:08,https://www.google.com/maps/place/Cox+True+Value+Hardware+%26+Auto/data=!4m7!3m6!1s0x86fd83b2d24a4df3:0xcd25b3e867e46972!8m2!3d33.7237952!4d-102.759511!16s%2Fg%2F1tdyg262!19sChIJ801K0rKD_YYRcmnkZ-izJc0?authuser=0&hl=en&rclk=1
TX,"1005 Ave A S, Farwell, TX 79325, United States",+1 806-481-2453,,Big Mike's Bikes,,,COUNTY,,,3.5,4,,,Temporarily closed,auto repair shop,Bailey County,city,COUNTY,2026-07-09T12:16:08,https://www.google.com/maps/place/Big+Mike%27s+Bikes/data=!4m7!3m6!1s0x8702e501879dbde1:0xe5700ff224eef3c8!8m2!3d34.3885535!4d-103.031409!16s%2Fg%2F1tfq9p98!19sChIJ4b2dhwHlAocRyPPuJPIPcOU?authuser=0&hl=en&rclk=1
TX,"1310 Main St, Bandera, TX 78003, United States",+1 830-796-7201,,Bandera Auto Solutions,,,COUNTY,,https://banderaautosolutions.com/,4.6,44,,,Open · Closes 5:30 PM,auto repair shop,Bandera County,city,COUNTY,2026-07-09T12:17:52,https://www.google.com/maps/place/Bandera+Auto+Solutions/data=!4m7!3m6!1s0x865c0415389e0ca5:0xf479b294fb0f59e7!8m2!3d29.732194!4d-99.080614!16s%2Fg%2F1thw2kls!19sChIJpQyeOBUEXIYR51kP-5SyefQ?authuser=0&hl=en&rclk=1
TX,"775 Houston St, Bandera, TX 78003, United States",+1 830-460-0918,,Texas auto garage,,,COUNTY,,,3.8,14,,,Open · Closes 5 PM,auto repair shop,Bandera County,city,COUNTY,2026-07-09T12:17:52,https://www.google.com/maps/place/Texas+auto+garage/data=!4m7!3m6!1s0x865c05cee11a89c3:0xb967bd67b9399ef!8m2!3d29.7373703!4d-99.0793559!16s%2Fg%2F11jb7n9kb9!19sChIJw4ka4c4FXIYR75mTe9Z7lgs?authuser=0&hl=en&rclk=1
TX,"970 Phils Rd, Pipe Creek, TX 78063, United States",+1 830-535-4013,,Phil's Automotive,,,COUNTY,,,4.3,158,,,Open · Closes 5 PM,auto repair shop,Bandera County,city,COUNTY,2026-07-09T12:17:52,https://www.google.com/maps/place/Phil%27s+Automotive/data=!4m7!3m6!1s0x865c0e8b18da170d:0xa646c28dc6518958!8m2!3d29.7211899!4d-98.9497919!16s%2Fg%2F1thnp5s6!19sChIJDRfaGIsOXIYRWIlRxo3CRqY?authuser=0&hl=en&rclk=1
TX,"775 Houston St, Bandera, TX 78003, United States",+1 830-796-3641,,Tripp's Tire & Bobcat Rental,,,COUNTY,,,4.9,271,,,Open · Closes 5 PM,auto repair shop,Bandera County,city,COUNTY,2026-07-09T12:17:52,https://www.google.com/maps/place/Tripp%27s+Tire+%26+Bobcat+Rental/data=!4m7!3m6!1s0x865c04443cb304b5:0xce3423222942d948!8m2!3d29.7374005!4d-99.0793565!16s%2Fg%2F1vfp8mk1!19sChIJtQSzPEQEXIYRSNlCKSIjNM4?authuser=0&hl=en&rclk=1
TX,"808 Main St, Bandera, TX 78003, United States",,,A Plus Auto Services,,,COUNTY,,,3.0,4,,,,auto repair shop,Bandera County,city,COUNTY,2026-07-09T12:17:52,https://www.google.com/maps/place/A+Plus+Auto+Services/data=!4m7!3m6!1s0x865c04411d782385:0x36096210ef44dabe!8m2!3d29.7289917!4d-99.0757337!16s%2Fg%2F1tdkmnbx!19sChIJhSN4HUEEXIYRvtpE7xBiCTY?authuser=0&hl=en&rclk=1
TX,"1205 Cottonwood St, Bandera, TX 78003, United States",+1 830-584-3103,,Bandera Motorcycle & ATV Repair,,,COUNTY,,,4.9,49,,,Open · Closes 6 PM,auto repair shop,Bandera County,city,COUNTY,2026-07-09T12:17:52,https://www.google.com/maps/place/Bandera+Motorcycle+%26+ATV+Repair/data=!4m7!3m6!1s0x865c04407131416d:0x23d28c7044fcc688!8m2!3d29.731077!4d-99.0774239!16s%2Fg%2F11dxbbp_58!19sChIJbUExcUAEXIYRiMb8RHCM0iM?authuser=0&hl=en&rclk=1
TX,"CARQUESTOFBANDERA@GMAIL.COM, 822 Main St, Bandera, TX 78003, United States",+1 830-796-3736,,"Carquest Auto Parts - Bandera Auto Parts, LLC",,,COUNTY,,https://www.carquest.com/locations/tx/bandera/9291/,4.5,98,,,Open · Closes 6 PM,auto repair shop,Bandera County,city,COUNTY,2026-07-09T12:17:52,"https://www.google.com/maps/place/Carquest+Auto+Parts+-+Bandera+Auto+Parts,+LLC/data=!4m7!3m6!1s0x865c0444223d2343:0xb3a0dcceb20120ea!8m2!3d29.7289113!4d-99.0757107!16s%2Fg%2F1tg9hzsn!19sChIJQyM9IkQEXIYR6iABss7coLM?authuser=0&hl=en&rclk=1"
TX,"166 Shiloh Rd, Bastrop, TX 78602, United States",+1 512-988-9156,,Blue Mule Garage,,,COUNTY,,http://www.bluemulegarage.com/,4.9,299,,,Open · Closes 6 PM,auto repair shop,Bastrop County,city,COUNTY,2026-07-09T12:28:52,https://www.google.com/maps/place/Blue+Mule+Garage/data=!4m7!3m6!1s0x864499146f56f723:0x7b117b370e2cca87!8m2!3d30.0930998!4d-97.3609056!16s%2Fg%2F11rwc6swdw!19sChIJI_dWbxSZRIYRh8osDjd7EXs?authuser=0&hl=en&rclk=1
TX,"612 Old Austin Hwy Suite B, Bastrop, TX 78602, United States",+1 512-321-7874,,Rush Automotive,,,COUNTY,,https://myrushauto.com/bastrop/,4.6,331,,,Open · Closes 5:30 PM,auto repair shop,Bastrop County,city,COUNTY,2026-07-09T12:28:52,https://www.google.com/maps/place/Rush+Automotive/data=!4m7!3m6!1s0x86449a3c88f4e03d:0xc967bbdd8c5ae9f5!8m2!3d30.1105949!4d-97.3382587!16s%2Fg%2F11c6qtrbkg!19sChIJPeD0iDyaRIYR9elajN27Z8k?authuser=0&hl=en&rclk=1
TX,"402 Pine Tree Loop, Bastrop, TX 78602, United States",+1 917-974-4856,,Highline Auto Repair & Maintenance,,,COUNTY,,https://www.highlinerepair.com/,5.0,11,,,Open · Closes 5 PM,auto repair shop,Bastrop County,city,COUNTY,2026-07-09T12:28:52,https://www.google.com/maps/place/Highline+Auto+Repair+%26+Maintenance/data=!4m7!3m6!1s0x86448fbcbd153d41:0x5ba4554b488e11c8!8m2!3d30.1542968!4d-97.2581618!16s%2Fg%2F11z12_sycf!19sChIJQT0VvbyPRIYRyBGOSEtVpFs?authuser=0&hl=en&rclk=1
TX,"116 Ponderosa Rd, Bastrop, TX 78602, United States",+1 512-332-0269,,"Bobby's Automotive, Inc",,,COUNTY,,https://www.bobbysautomotive.net/,4.8,252,,,Open · Closes 5 PM,auto repair shop,Bastrop County,city,COUNTY,2026-07-09T12:28:52,"https://www.google.com/maps/place/Bobby%27s+Automotive,+Inc/data=!4m7!3m6!1s0x8644848ddc897c33:0x15d3150c66600c9b!8m2!3d30.0703737!4d-97.2314857!16s%2Fg%2F11c594dmzz!19sChIJM3yJ3I2ERIYRmwxgZgwV0xU?authuser=0&hl=en&rclk=1"
TX,"167 Ponderosa Rd, Bastrop, TX 78602, United States",+1 737-233-9641,,Bastrop Mobile Services,,,COUNTY,,https://www.bastropmobileservices.com/,4.8,145,,,Open 24 hours,auto repair shop,Bastrop County,city,COUNTY,2026-07-09T12:28:52,https://www.google.com/maps/place/Bastrop+Mobile+Services/data=!4m7!3m6!1s0x864485748313c4c3:0x99993d124cce88a2!8m2!3d30.0663609!4d-97.2321289!16s%2Fg%2F11f6b3pt7r!19sChIJw8QTg3SFRIYRoojOTBI9mZk?authuser=0&hl=en&rclk=1
TX,"301 Industrial Blvd, Bastrop, TX 78602, United States",+1 512-798-3807,,Hartwell Performance Automotive,,,COUNTY,,https://www.hartwellperformance.com/,4.8,16,,,Open · Closes 5 PM,auto repair shop,Bastrop County,city,COUNTY,2026-07-09T12:28:52,https://www.google.com/maps/place/Hartwell+Performance+Automotive/data=!4m7!3m6!1s0x86449bd14660abdf:0x35150f2c37c6a31f!8m2!3d30.1064897!4d-97.2889821!16s%2Fg%2F11yx6mfsdf!19sChIJ36tgRtGbRIYRH6PGNywPFTU?authuser=0&hl=en&rclk=1
TX,"2002 Chestnut St, Bastrop, TX 78602, United States",+1 512-412-6166,,bastrop Texas Mechanic,,,COUNTY,,http://bio.site/Bastroptxmechanic.oxa,4.2,63,,,Open · Closes 7 PM,auto repair shop,Bastrop County,city,COUNTY,2026-07-09T12:28:52,https://www.google.com/maps/place/bastrop+Texas+Mechanic/data=!4m7!3m6!1s0x86449b8eee922f87:0x1a414f40f4d3b044!8m2!3d30.111244!4d-97.3021036!16s%2Fg%2F11h8jcgdjl!19sChIJhy-S7o6bRIYRRLDT9EBPQRo?authuser=0&hl=en&rclk=1
TX,"815 Chestnut St, Bastrop, TX 78602, United States",+1 512-581-0400,,Need For Speed Muffler & Automotive,,,COUNTY,,https://www.facebook.com/needforspeedbastrop,4.3,190,,,Open · Closes 6 PM,auto repair shop,Bastrop County,city,COUNTY,2026-07-09T12:28:52,https://www.google.com/maps/place/Need+For+Speed+Muffler+%26+Automotive/data=!4m7!3m6!1s0x86449a5b6656def3:0xbf2974c254e916b9!8m2!3d30.110377!4d-97.3177988!16s%2Fg%2F1vnnjsw0!19sChIJ895WZluaRIYRuRbpVMJ0Kb8?authuser=0&hl=en&rclk=1
TX,"S Shore Rd, Bastrop, TX 78602, United States",+1 512-934-2233,,House Call Mobile Mechanic,,,COUNTY,,,5.0,60,,,Open · Closes 5 PM,auto repair shop,Bastrop County,city,COUNTY,2026-07-09T12:28:52,https://www.google.com/maps/place/House+Call+Mobile+Mechanic/data=!4m7!3m6!1s0x2ac0a2ef80bf665:0xdc79b1f0c34ae10d!8m2!3d30.1308086!4d-97.2849028!16s%2Fg%2F11w99h4zbh!19sChIJZfYL-C4KrAIRDeFKw_Cxedw?authuser=0&hl=en&rclk=1
TX,"1501 Chestnut St, Bastrop, TX 78602, United States",+1 512-216-2033,,Big Brand Tire & Service,,,COUNTY,,https://www.bigbrandtire.com/locations/1501-chestnut-st-bastrop-tx-78602?utm_source=google&utm_medium=organic&utm_campaign=gbp_website_button,4.6,484,,,Open · Closes 5:30 PM Updated by this business 12 weeks ago,auto repair shop,Bastrop County,city,COUNTY,2026-07-09T12:28:52,https://www.google.com/maps/place/Big+Brand+Tire+%26+Service/data=!4m7!3m6!1s0x86449a58c065786b:0x65ed816389693eb5!8m2!3d30.1102826!4d-97.3099515!16s%2Fg%2F1tdywrp5!19sChIJa3hlwFiaRIYRtT5piWOB7WU?authuser=0&hl=en&rclk=1
TX,"167 Ponderosa Rd, Bastrop, TX 78602, United States",+1 512-988-6426,,Centers Diesel Service,,,COUNTY,,http://www.centersdieselservices.com/,4.9,139,,,Open 24 hours,auto repair shop,Bastrop County,city,COUNTY,2026-07-09T12:28:52,https://www.google.com/maps/place/Centers+Diesel+Service/data=!4m7!3m6!1s0x86448582d66ada19:0xfc761c340913e40d!8m2!3d30.2058837!4d-97.1055609!16s%2Fg%2F11j8k3h749!19sChIJGdpq1oKFRIYRDeQTCTQcdvw?authuser=0&hl=en&rclk=1
TX,"107 Meadowood Dr, Bastrop, TX 78602, United States",+1 512-992-8620,,Bastrop Custom Autowerks,,,COUNTY,,,5.0,41,,,Open · Closes 6 PM,auto repair shop,Bastrop County,city,COUNTY,2026-07-09T12:28:52,https://www.google.com/maps/place/Bastrop+Custom+Autowerks/data=!4m7!3m6!1s0x8644917e38585e9b:0x9cc909994c2fb014!8m2!3d30.1780511!4d-97.3024793!16s%2Fg%2F11w36r682l!19sChIJm15YOH6RRIYRFLAvTJkJyZw?authuser=0&hl=en&rclk=1
TX,,+1 512-920-9143,,Spades Automotive LLC,,,COUNTY,,https://calendly.com/spadesautomotive010/mobile-auto,5.0,46,,,Open · Closes 9 PM,auto repair shop,Bastrop County,city,COUNTY,2026-07-09T12:28:52,https://www.google.com/maps/place/Spades+Automotive+LLC/data=!4m7!3m6!1s0x57f4b5b78c35a49:0xa173736c5f45553f!8m2!3d30.2629635!4d-97.626255!16s%2Fg%2F11n4qprnfs!19sChIJSVrDeFtLfwURP1VFX2xzc6E?authuser=0&hl=en&rclk=1
TX,"2002 Chestnut St, Bastrop, TX 78602, United States",+1 512-321-6958,,"L & M Automotive & Transmissions, Inc",,,COUNTY,,http://autorepairbastrop.com/,,,,,Open · Closes 5:30 PM,auto repair shop,Bastrop County,city,COUNTY,2026-07-09T12:28:52,"https://www.google.com/maps/place/L+%26+M+Automotive+%26+Transmissions,+Inc/data=!4m7!3m6!1s0x86449af15c9b3383:0x51592b6c49cb9916!8m2!3d30.111246!4d-97.3020193!16s%2Fg%2F11vx4mj0j2!19sChIJgzObXPGaRIYRFpnLSWwrWVE?authuser=0&hl=en&rclk=1"
TX,"771 Waugh Way, Bastrop, TX 78602, United States",+1 904-506-8401,,Hampton Mobile Auto Repair,,,COUNTY,,,4.3,6,,,Open 24 hours,auto repair shop,Bastrop County,city,COUNTY,2026-07-09T12:28:52,https://www.google.com/maps/place/Hampton+Mobile+Auto+Repair/data=!4m7!3m6!1s0x86449330e781ec31:0x4d8de24c1b199b68!8m2!3d30.2324911!4d-97.3278804!16s%2Fg%2F11xh5l5g5j!19sChIJMeyB5zCTRIYRaJsZG0zijU0?authuser=0&hl=en&rclk=1
TX,"166 Grey Wolf Ln, Bastrop, TX 78602, United States",+1 512-988-3978,,Big Dawg Mobile Auto,,,COUNTY,,,5.0,4,,,Open · Closes 5:30 PM,auto repair shop,Bastrop County,city,COUNTY,2026-07-09T12:28:52,https://www.google.com/maps/place/Big+Dawg+Mobile+Auto/data=!4m7!3m6!1s0x86448f1817ce8057:0x5924629ee303cc7e!8m2!3d30.1832486!4d-97.2629994!16s%2Fg%2F11wqn01vnd!19sChIJV4DOFxiPRIYRfswD455iJFk?authuser=0&hl=en&rclk=1
TX,,+1 512-579-9113,,Frank's Complete Mobile Auto Care,,,COUNTY,,https://automechanicbastrop.com/,5.0,48,,,Open · Closes 5 PM,auto repair shop,Bastrop County,city,COUNTY,2026-07-09T12:28:52,https://www.google.com/maps/place/Frank%27s+Complete+Mobile+Auto+Care/data=!4m7!3m6!1s0x8560cae94d718799:0xf4e10b5cdcde7b95!8m2!3d30.137934!4d-97.2178955!16s%2Fg%2F11rkdnvsln!19sChIJmYdxTenKYIURlXve3FwL4fQ?authuser=0&hl=en&rclk=1
TX,"116 Blue Oaks Dr, Cedar Creek, TX 78612, United States",+1 512-903-4043,,Alignments By Pete,,,COUNTY,,,4.7,135,,,Open · Closes 5 PM,auto repair shop,Bastrop County,city,COUNTY,2026-07-09T12:28:52,https://www.google.com/maps/place/Alignments+By+Pete/data=!4m7!3m6!1s0x8644995829506293:0x966b53957c32d556!8m2!3d30.1130304!4d-97.4376918!16s%2Fg%2F11gm_g1323!19sChIJk2JQKViZRIYRVtUyfJVTa5Y?authuser=0&hl=en&rclk=1
TX,,+1 512-608-2554,,Pryor Automotive,,,COUNTY,,http://pryorautomotive.net/,5.0,31,,,Open · Closes 6 PM,auto repair shop,Bastrop County,city,COUNTY,2026-07-09T12:28:52,https://www.google.com/maps/place/Pryor+Automotive/data=!4m7!3m6!1s0x86449bcb7b451baf:0x9a9bd06b326da6f1!8m2!3d30.1136135!4d-97.3442375!16s%2Fg%2F11gtxw02tx!19sChIJrxtFe8ubRIYR8aZtMmvQm5o?authuser=0&hl=en&rclk=1
TX,"307 Industrial Blvd, Bastrop, TX 78602, United States",+1 737-204-3234,,Pristine Paintless Dent Repair,,,COUNTY,,http://instagram.com/pristinepdr,4.7,12,,,Open · Closes 5 PM,auto repair shop,Bastrop County,city,COUNTY,2026-07-09T12:28:52,https://www.google.com/maps/place/Pristine+Paintless+Dent+Repair/data=!4m7!3m6!1s0x86449b9de53bf579:0x787738c1fb10c69!8m2!3d30.1070715!4d-97.2887682!16s%2Fg%2F11nfb6x9vl!19sChIJefU75Z2bRIYRaQyxH4xzhwc?authuser=0&hl=en&rclk=1
TX,"535 Union Chapel Rd, Cedar Creek, TX 78612, United States",+1 512-939-5192,,Boss Hogg Kustomz Car Repair,,,COUNTY,,,5.0,7,,,Open · Closes 6 PM,auto repair shop,Bastrop County,city,COUNTY,2026-07-09T12:28:52,https://www.google.com/maps/place/Boss+Hogg+Kustomz+Car+Repair/data=!4m7!3m6!1s0x8644a2b3270eaaab:0x62f927ecf819edf7!8m2!3d30.131207!4d-97.4517635!16s%2Fg%2F11hd6wbgh9!19sChIJq6oOJ7OiRIYR9-0Z-Own-WI?authuser=0&hl=en&rclk=1
TX,"1101 Chestnut St, Bastrop, TX 78602, United States",+1 512-321-2122,,B & B Auto Supply,,,COUNTY,,,4.4,37,,,Open · Closes 6 PM,auto repair shop,Bastrop County,city,COUNTY,2026-07-09T12:28:52,https://www.google.com/maps/place/B+%26+B+Auto+Supply/data=!4m7!3m6!1s0x86449a5bef055555:0x6d3678461027d850!8m2!3d30.1101815!4d-97.3146573!16s%2Fg%2F11pdw1ch9p!19sChIJVVUF71uaRIYRUNgnEEZ4Nm0?authuser=0&hl=en&rclk=1
TX,"598 Mt Olive Rd, Cedar Creek, TX 78612, United States",,,Big Dogs Tires and Lube,,,COUNTY,,,4.6,58,,,Open · Closes 6 PM,auto repair shop,Bastrop County,city,COUNTY,2026-07-09T12:28:52,https://www.google.com/maps/place/Big+Dogs+Tires+and+Lube/data=!4m7!3m6!1s0x8644a293c7ecebc1:0x66579b8ae912574d!8m2!3d30.0996589!4d-97.457138!16s%2Fg%2F11gblf2cn_!19sChIJwevsx5OiRIYRTVcS6YqbV2Y?authuser=0&hl=en&rclk=1
TX,"125 Red Bud Trail S, Elgin, TX 78621, United States",+1 512-501-9459,,Bastrop Car Care,,,COUNTY,,https://www.bastropcarcare.com/,,,,,Open 24 hours,auto repair shop,Bastrop County,city,COUNTY,2026-07-09T12:28:52,https://www.google.com/maps/place/Bastrop+Car+Care/data=!4m7!3m6!1s0x864497b843420719:0xa1268833644df6c2!8m2!3d30.2133183!4d-97.4248469!16s%2Fg%2F11ty79w3zq!19sChIJGQdCQ7iXRIYRwvZNZDOIJqE?authuser=0&hl=en&rclk=1
TX,"201 Hunters Crossing Blvd, Bastrop, TX 78602, United States",+1 512-542-1726,,Auto ER,,,COUNTY,,,,,,,,auto repair shop,Bastrop County,city,COUNTY,2026-07-09T12:28:52,https://www.google.com/maps/place/Auto+ER/data=!4m7!3m6!1s0x8644998eb450e69d:0xbf9671f10239c304!8m2!3d30.107355!4d-97.3572686!16s%2Fg%2F1vqmjrvn!19sChIJneZQtI6ZRIYRBMM5AvFxlr8?authuser=0&hl=en&rclk=1
TX,,+1 830-243-2951,,CS Glass Services,,,COUNTY,,https://www.csglasstx.com/,4.9,28,,,Open · Closes 4 PM,auto repair shop,Bastrop County,city,COUNTY,2026-07-09T12:28:52,https://www.google.com/maps/place/CS+Glass+Services/data=!4m7!3m6!1s0x865cb8056fc0e515:0xb4f0128bb21e4158!8m2!3d30.1294834!4d-97.5547905!16s%2Fg%2F11c6f5bdv6!19sChIJFeXAbwW4XIYRWEEesosS8LQ?authuser=0&hl=en&rclk=1
TX,"Bastrop, TX 78602, United States",,,Rodriguez Tire Shop,,,COUNTY,,,3.7,55,,,,auto repair shop,Bastrop County,city,COUNTY,2026-07-09T12:28:52,https://www.google.com/maps/place/Rodriguez+Tire+Shop/data=!4m7!3m6!1s0x86449a3ca7f10a8b:0x4eb2193892725044!8m2!3d30.1095579!4d-97.3400251!16s%2Fg%2F11g8w1l95y!19sChIJiwrxpzyaRIYRRFBykjgZsk4?authuser=0&hl=en&rclk=1
TX,"2773 N Main St, Bastrop, TX 78602, United States",+1 432-287-2795,,HailCare Auto Hail Repair,,,COUNTY,,https://hailcare.co/,1.0,2,,,,auto repair shop,Bastrop County,city,COUNTY,2026-07-09T12:28:52,https://www.google.com/maps/place/HailCare+Auto+Hail+Repair/data=!4m7!3m6!1s0x86449b7c7d795321:0xc000a77887946585!8m2!3d30.1365254!4d-97.3200065!16s%2Fg%2F11vzv099gq!19sChIJIVN5fXybRIYRhWWUh3inAMA?authuser=0&hl=en&rclk=1
TX,"2773 N Main St, Bastrop, TX 78602, United States",+1 844-348-6963,,Lonestar Towing & Recovery,,,COUNTY,,https://lonestartowingservice.com/?utm_source=omg-gbp&utm_medium=webclick,4.3,215,,,,auto repair shop,Bastrop County,city,COUNTY,2026-07-09T12:28:52,https://www.google.com/maps/place/Lonestar+Towing+%26+Recovery/data=!4m7!3m6!1s0x86449a779d6c9fad:0xf154baf81caba5be!8m2!3d30.1365385!4d-97.3199712!16s%2Fg%2F1txnpvv1!19sChIJrZ9snXeaRIYRvqWrHPi6VPE?authuser=0&hl=en&rclk=1
TX,"101 1st St, Bastrop, TX 78602, United States",+1 512-818-2155,,Freedom Towing & Recovery,,,COUNTY,,,4.5,71,,,,auto repair shop,Bastrop County,city,COUNTY,2026-07-09T12:28:52,https://www.google.com/maps/place/Freedom+Towing+%26+Recovery/data=!4m7!3m6!1s0x864485f0828f32e5:0xe93c0c770c641399!8m2!3d30.0901548!4d-97.2517768!16s%2Fg%2F11vxxb1s0n!19sChIJ5TKPgvCFRIYRmRNkDHcMPOk?authuser=0&hl=en&rclk=1
TX,,+1 512-910-0751,,M Oil - Vehicle Maintenance Delivered,,,COUNTY,,http://www.mobileoiltx.com/,5.0,31,,,Open · Closes 5 PM,auto repair shop,Bastrop County,city,COUNTY,2026-07-09T12:28:52,https://www.google.com/maps/place/M+Oil+-+Vehicle+Maintenance+Delivered/data=!4m7!3m6!1s0x86449b7ff6a1daa5:0x1dc92a46bfcd15fc!8m2!3d30.3422625!4d-97.640753!16s%2Fg%2F11hzwbzhxy!19sChIJpdqh9n-bRIYR_BXNv0YqyR0?authuser=0&hl=en&rclk=1
TX,"323 Webb St, Smithville, TX 78957, United States",+1 512-718-3865,,Lost pines mobile mechanics,,,COUNTY,,,5.0,2,,,,auto repair shop,Bastrop County,city,COUNTY,2026-07-09T12:28:52,https://www.google.com/maps/place/Lost+pines+mobile+mechanics/data=!4m7!3m6!1s0x864481cdc4b1c07f:0x116805e6d9cd28a2!8m2!3d30.0032253!4d-97.1423529!16s%2Fg%2F11h1kxz8_g!19sChIJf8CxxM2BRIYRoijN2eYFaBE?authuser=0&hl=en&rclk=1
TX,"132 Brittany Ln, Bastrop, TX 78602, United States",+1 512-269-6689,,J.Alba Solutions LLC.,,,COUNTY,,https://jalbasolutions.com/,4.8,23,,,Open · Closes 5 PM,auto repair shop,Bastrop County,city,COUNTY,2026-07-09T12:28:52,https://www.google.com/maps/place/J.Alba+Solutions+LLC./data=!4m7!3m6!1s0x86449ba9b62ad6dd:0x2136454e2cd28771!8m2!3d30.0845405!4d-97.333666!16s%2Fg%2F11h40wqn6f!19sChIJ3dYqtqmbRIYRcYfSLE5FNiE?authuser=0&hl=en&rclk=1
TX,"900 Shelby Ln Unit 1, Austin, TX 78745, United States",+1 512-394-5644,,All Ready Automotive Body and Paint,,,COUNTY,,https://www.allreadyautobodypaint.com/,4.9,154,,,Open · Closes 6 PM Updated by this business 3 weeks ago,auto repair shop,Bastrop County,city,COUNTY,2026-07-09T12:28:52,https://www.google.com/maps/place/All+Ready+Automotive+Body+and+Paint/data=!4m7!3m6!1s0x8644b51885411ec5:0x2943d2f90fea7497!8m2!3d30.212557!4d-97.758189!16s%2Fg%2F11h_23x628!19sChIJxR5BhRi1RIYRl3TqD_nSQyk?authuser=0&hl=en&rclk=1
TX,"4614 Leopard St, Corpus Christi, TX 78408, United States",+1 361-438-5716,,"Julian's Auto, Diesel Truck & Hybrid Repair, EV",Julian's Auto,Diesel Truck & Hybrid Repair,EV,,http://juliansautoshop.com/,4.7,78,,,,auto repair shop,Aransas County,city,COUNTY,2026-07-09T11:44:04,"https://www.google.com/maps/place/Julian%27s+Auto,+Diesel+Truck+%26+Hybrid+Repair,+EV/data=!4m7!3m6!1s0x866860a3ad3b086d:0xe83f10c67bbc5f20!8m2!3d27.7974717!4d-97.445632!16s%2Fg%2F1tdj4n0p!19sChIJbQg7raNgaIYRIF-8e8YQP-g?authuser=0&hl=en&rclk=1"
